height,threshold,known_upper_hex,unknown_moment_hex,total_upper_hex,total_upper_decimal
1,0,0x1.19b531acaa041p-6,0x1.00c3bf5947ef5p-516,0x1.19b531acaa042p-6,1.71940789320219681e-02
1,1,0x1.5aa857f5aff0cp-8,0x1.00c3bf5947ef5p-516,0x1.5aa857f5aff0dp-8,5.28957507566453228e-03
1,2,0x1.85b2e5b6238bfp-10,0x1.00c3bf5947ef5p-516,0x1.85b2e5b6238cp-10,1.48658301398855996e-03
1,3,0x1.92c0af6fcdb23p-12,0x1.00c3bf5947ef5p-516,0x1.92c0af6fcdb24p-12,3.84094883873075396e-04
1,4,0x1.80dc54a16edf7p-14,0x1.00c3bf5947ef5p-516,0x1.80dc54a16edf8p-14,9.17579332257375006e-05
1,5,0x1.55c615e5c3e72p-16,0x1.00c3bf5947ef5p-516,0x1.55c615e5c3e73p-16,2.03713042515305403e-05
1,6,0x1.1b59ccee59527p-18,0x1.00c3bf5947ef5p-516,0x1.1b59ccee59528p-18,4.22225569560633849e-06
1,7,0x1.b86ad1e1b1022p-21,0x1.00c3bf5947ef5p-516,0x1.b86ad1e1b1023p-21,8.20341082362778765e-07
1,8,0x1.4206ba264e673p-23,0x1.00c3bf5947ef5p-516,0x1.4206ba264e674p-23,1.49955171122214208e-07
1,9,0x1.bc877468473aap-26,0x1.00c3bf5947ef5p-516,0x1.bc877468473abp-26,2.58750002822488697e-08
1,10,0x1.227ce9238db95p-28,0x1.00c3bf5947ef5p-516,0x1.227ce9238db96p-28,4.22715576739591558e-09
1,11,0x1.686c143faa17ep-31,0x1.00c3bf5947ef5p-516,0x1.686c143faa17fp-31,6.55604133445152641e-10
1,12,0x1.a9970f2c25a12p-34,0x1.00c3bf5947ef5p-516,0x1.a9970f2c25a13p-34,9.67679796447559148e-11
1,13,0x1.df57c6509a9efp-37,0x1.00c3bf5947ef5p-516,0x1.df57c6509a9fp-37,1.36237437628382874e-11
1,14,0x1.02036f1564c26p-39,0x1.00c3bf5947ef5p-516,0x1.02036f1564c27p-39,1.83329556869255855e-12
1,15,0x1.09fd29a46a7bdp-42,0x1.00c3bf5947ef5p-516,0x1.09fd29a46a7bep-42,2.36245615657098911e-13
1,16,0x1.070d0611f3c2bp-45,0x1.00c3bf5947ef5p-516,0x1.070d0611f3c2cp-45,2.92045136821315395e-14
1,17,0x1.f3ec5698284ap-49,0x1.00c3bf5947ef5p-516,0x1.f3ec5698284a1p-49,3.46891401940237186e-15
1,18,0x1.c922c71791315p-52,0x1.00c3bf5947ef5p-516,0x1.c922c71791316p-52,3.96502145702990972e-16
1,19,0x1.92cf7fcf41294p-55,0x1.00c3bf5947ef5p-516,0x1.92cf7fcf41295p-55,4.36728066871847381e-17
1,20,0x1.567a8ecb15989p-58,0x1.00c3bf5947ef5p-516,0x1.567a8ecb1598ap-58,4.64145244256033078e-18
1,21,0x1.194cd515c795bp-61,0x1.00c3bf5947ef5p-516,0x1.194cd515c795cp-61,4.76540950289481837e-19
1,22,0x1.beec2463f4ce3p-65,0x1.00c3bf5947ef5p-516,0x1.beec2463f4ce4p-65,4.73197529136580838e-20
1,23,0x1.57bbca26ef084p-68,0x1.00c3bf5947ef5p-516,0x1.57bbca26ef085p-68,4.54927569938865025e-21
1,24,0x1.0036c87ae0ffbp-71,0x1.00c3bf5947ef5p-516,0x1.0036c87ae0ffcp-71,4.23870501274659669e-22
1,25,0x1.728565c136cd4p-75,0x1.00c3bf5947ef5p-516,0x1.728565c136cd5p-75,3.83109821434559585e-23
1,26,0x1.041f2e086139bp-78,0x1.00c3bf5947ef5p-516,0x1.041f2e086139cp-78,3.36199541688859689e-24
1,27,0x1.62e8c84a23ec1p-82,0x1.00c3bf5947ef5p-516,0x1.62e8c84a23ec2p-82,2.86693454379096453e-25
1,28,0x1.d6ebcfbbd017dp-86,0x1.00c3bf5947ef5p-516,0x1.d6ebcfbbd017ep-86,2.37754416394079450e-26
1,29,0x1.30103fef13f83p-89,0x1.00c3bf5947ef5p-516,0x1.30103fef13f84p-89,1.91891030856058686e-27
1,30,0x1.7e6a01aa7e73dp-93,0x1.00c3bf5947ef5p-516,0x1.7e6a01aa7e73ep-93,1.50835761783322002e-28
1,31,0x1.d4ba111261bcp-97,0x1.00c3bf5947ef5p-516,0x1.d4ba111261bc1p-97,1.15550083090389595e-29
1,32,0x1.18230cda2c726p-100,0x1.00c3bf5947ef5p-516,0x1.18230cda2c727p-100,8.63238516570270264e-31
1,33,0x1.46beff8ee4be5p-104,0x1.00c3bf5947ef5p-516,0x1.46beff8ee4be6p-104,6.29290073180698051e-32
1,34,0x1.741a34a9314bbp-108,0x1.00c3bf5947ef5p-516,0x1.741a34a9314bcp-108,4.47901930710648902e-33
1,35,0x1.9df7effad6e1p-112,0x1.00c3bf5947ef5p-516,0x1.9df7effad6e11p-112,3.11435289404453959e-34
1,36,0x1.c225cefd793a5p-116,0x1.00c3bf5947ef5p-516,0x1.c225cefd793a6p-116,2.11658426496526800e-35
1,37,0x1.deae2447cd34dp-120,0x1.00c3bf5947ef5p-516,0x1.deae2447cd34ep-120,1.40671479814683267e-36
1,38,0x1.f205d0b445704p-124,0x1.00c3bf5947ef5p-516,0x1.f205d0b445705p-124,9.14723264111345366e-38
1,39,0x1.fb2fb225fa81cp-128,0x1.00c3bf5947ef5p-516,0x1.fb2fb225fa81dp-128,5.82221332677984260e-39
1,40,0x1.f9d14620a9d4p-132,0x1.00c3bf5947ef5p-516,0x1.f9d14620a9d41p-132,3.62906241425835139e-40
1,41,0x1.ee36522c8c8cep-136,0x1.00c3bf5947ef5p-516,0x1.ee36522c8c8cfp-136,2.21612411144267583e-41
1,42,0x1.d943d8f9919d6p-140,0x1.00c3bf5947ef5p-516,0x1.d943d8f9919d7p-140,1.32637111818095406e-42
1,43,0x1.bc5ce6f5cf641p-144,0x1.00c3bf5947ef5p-516,0x1.bc5ce6f5cf642p-144,7.78356310267401750e-44
1,44,0x1.993d7389bdf0dp-148,0x1.00c3bf5947ef5p-516,0x1.993d7389bdf0ep-148,4.48021441802211637e-45
1,45,0x1.71d079e22be76p-152,0x1.00c3bf5947ef5p-516,0x1.71d079e22be77p-152,2.53037253156780231e-46
1,46,0x1.4806760bb06f1p-156,0x1.00c3bf5947ef5p-516,0x1.4806760bb06f2p-156,1.40277485137179905e-47
1,47,0x1.1db0bbd525d49p-160,0x1.00c3bf5947ef5p-516,0x1.1db0bbd525d4ap-160,7.63583128520460843e-49
1,48,0x1.e8c9bb5179ab1p-165,0x1.00c3bf5947ef5p-516,0x1.e8c9bb5179ab2p-165,4.08254798709767413e-50
1,49,0x1.9ad3b451b3fd8p-169,0x1.00c3bf5947ef5p-516,0x1.9ad3b451b3fd9p-169,2.14461685138628095e-51
1,50,0x1.535e9c88f6a97p-173,0x1.00c3bf5947ef5p-516,0x1.535e9c88f6a98p-173,1.10724490540117895e-52
1,51,0x1.139b5d9001e7cp-177,0x1.00c3bf5947ef5p-516,0x1.139b5d9001e7dp-177,5.62005910154990225e-54
1,52,0x1.b836ca974a1f2p-182,0x1.00c3bf5947ef5p-516,0x1.b836ca974a1f3p-182,2.80520563374830720e-55
1,53,0x1.59d2a64c9e07cp-186,0x1.00c3bf5947ef5p-516,0x1.59d2a64c9e07dp-186,1.37731896265191094e-56
1,54,0x1.0b4dc1cf5cd1fp-190,0x1.00c3bf5947ef5p-516,0x1.0b4dc1cf5cd2p-190,6.65374099545509519e-58
1,55,0x1.96afc0ac8e9b8p-195,0x1.00c3bf5947ef5p-516,0x1.96afc0ac8e9b9p-195,3.16352064082095882e-59
1,56,0x1.308e31383f4edp-199,0x1.00c3bf5947ef5p-516,0x1.308e31383f4eep-199,1.48066652105328376e-60
1,57,0x1.c125f8912ef12p-204,0x1.00c3bf5947ef5p-516,0x1.c125f8912ef13p-204,6.82386934276378060e-62
1,58,0x1.4630e45e2ea0dp-208,0x1.00c3bf5947ef5p-516,0x1.4630e45e2ea0ep-208,3.09736859249250737e-63
1,59,0x1.d2bc86f8fe128p-213,0x1.00c3bf5947ef5p-516,0x1.d2bc86f8fe129p-213,1.38497732293376495e-64
1,60,0x1.4905a4107b554p-217,0x1.00c3bf5947ef5p-516,0x1.4905a4107b555p-217,6.10205277361867681e-66
1,61,0x1.c92d77591b47bp-222,0x1.00c3bf5947ef5p-516,0x1.c92d77591b47cp-222,2.64963433534273143e-67
1,62,0x1.39196bf8ce299p-226,0x1.00c3bf5947ef5p-516,0x1.39196bf8ce29ap-226,1.13413072589946518e-68
1,63,0x1.a6d421f78029bp-231,0x1.00c3bf5947ef5p-516,0x1.a6d421f78029cp-231,4.78625062373762409e-70
1,64,0x1.198d1a91c4ac7p-235,0x1.00c3bf5947ef5p-516,0x1.198d1a91c4ac8p-235,1.99190405524922854e-71
1,65,0x1.71d4eb67069adp-240,0x1.00c3bf5947ef5p-516,0x1.71d4eb67069aep-240,8.17645835431454752e-73
1,66,0x1.df3e2ff734205p-245,0x1.00c3bf5947ef5p-516,0x1.df3e2ff734206p-245,3.31105810460236326e-74
1,67,0x1.32615924ddbb1p-249,0x1.00c3bf5947ef5p-516,0x1.32615924ddbb2p-249,1.32297581163637338e-75
1,68,0x1.829849e518984p-254,0x1.00c3bf5947ef5p-516,0x1.829849e518985p-254,5.21671644535967132e-77
1,69,0x1.e17d2c51ae6c7p-259,0x1.00c3bf5947ef5p-516,0x1.e17d2c51ae6c8p-259,2.03038075900025908e-78
1,70,0x1.280073498894dp-263,0x1.00c3bf5947ef5p-516,0x1.280073498894ep-263,7.80127284109284286e-80
1,71,0x1.67582c727f741p-268,0x1.00c3bf5947ef5p-516,0x1.67582c727f742p-268,2.95959382187559496e-81
1,72,0x1.aeccb83f04a72p-273,0x1.00c3bf5947ef5p-516,0x1.aeccb83f04a73p-273,1.10878309756582694e-82
1,73,0x1.fe198bf2844fdp-278,0x1.00c3bf5947ef5p-516,0x1.fe198bf2844fep-278,4.10276258442503731e-84
1,74,0x1.2a5290c9ef186p-282,0x1.00c3bf5947ef5p-516,0x1.2a5290c9ef187p-282,1.49964097774437294e-85
1,75,0x1.58bd906cded78p-287,0x1.00c3bf5947ef5p-516,0x1.58bd906cded79p-287,5.41556243891419846e-87
1,76,0x1.89a58cd1a39adp-292,0x1.00c3bf5947ef5p-516,0x1.89a58cd1a39aep-292,1.93244834430599203e-88
1,77,0x1.bc363e9e78955p-297,0x1.00c3bf5947ef5p-516,0x1.bc363e9e78956p-297,6.81461781589796907e-90
1,78,0x1.ef741547a8162p-302,0x1.00c3bf5947ef5p-516,0x1.ef741547a8163p-302,2.37522196514565686e-91
1,79,0x1.1121ddd51f8fep-306,0x1.00c3bf5947ef5p-516,0x1.1121ddd51f8ffp-306,8.18378873061689641e-93
1,80,0x1.29ba0bb7a8531p-311,0x1.00c3bf5947ef5p-516,0x1.29ba0bb7a8532p-311,2.78772048974687560e-94
1,81,0x1.40e5242df9f1dp-316,0x1.00c3bf5947ef5p-516,0x1.40e5242df9f1ep-316,9.38954327409047447e-96
1,82,0x1.56077e6b2a166p-321,0x1.00c3bf5947ef5p-516,0x1.56077e6b2a167p-321,3.12748116957510178e-97
1,83,0x1.688e26b84a945p-326,0x1.00c3bf5947ef5p-516,0x1.688e26b84a946p-326,1.03027534244608783e-98
1,84,0x1.77f59f1ae16efp-331,0x1.00c3bf5947ef5p-516,0x1.77f59f1ae16fp-331,3.35716344742131030e-100
1,85,0x1.83d00210110dbp-336,0x1.00c3bf5947ef5p-516,0x1.83d00210110dcp-336,1.08218953529648528e-101
1,86,0x1.8bca1ffb14af7p-341,0x1.00c3bf5947ef5p-516,0x1.8bca1ffb14af8p-341,3.45140431067743332e-103
1,87,0x1.8faf421a4d85ep-346,0x1.00c3bf5947ef5p-516,0x1.8faf421a4d85fp-346,1.08917823083498562e-104
1,88,0x1.8f6b571e9c641p-351,0x1.00c3bf5947ef5p-516,0x1.8f6b571e9c642p-351,3.40142266117611940e-106
1,89,0x1.8b0b6b71a739p-356,0x1.00c3bf5947ef5p-516,0x1.8b0b6b71a7391p-356,1.05130254799368778e-107
1,90,0x1.82bc6ef8e438p-361,0x1.00c3bf5947ef5p-516,0x1.82bc6ef8e4381p-361,3.21622392092202375e-109
1,91,0x1.76c868c465d35p-366,0x1.00c3bf5947ef5p-516,0x1.76c868c465d36p-366,9.74005321135870803e-111
1,92,0x1.679253e43dc3bp-371,0x1.00c3bf5947ef5p-516,0x1.679253e43dc3cp-371,2.92022972265110594e-112
1,93,0x1.5590f5646adp-376,0x1.00c3bf5947ef5p-516,0x1.5590f5646ad01p-376,8.66875261848746772e-114
1,94,0x1.414908b48dc87p-381,0x1.00c3bf5947ef5p-516,0x1.414908b48dc88p-381,2.54813555273645854e-115
1,95,0x1.2b4724e0fb4dp-386,0x1.00c3bf5947ef5p-516,0x1.2b4724e0fb4d1p-386,7.41747968584557791e-117
1,96,0x1.1419ba2e14ea3p-391,0x1.00c3bf5947ef5p-516,0x1.1419ba2e14ea4p-391,2.13844910575425317e-118
1,97,0x1.f896fb957070bp-397,0x1.00c3bf5947ef5p-516,0x1.f896fb957070cp-397,6.10646965081326005e-120
1,98,0x1.c8bd13d74ebdbp-402,0x1.00c3bf5947ef5p-516,0x1.c8bd13d74ebdcp-402,1.72730678476502112e-121
1,99,0x1.9990cb2a2acd2p-407,0x1.00c3bf5947ef5p-516,0x1.9990cb2a2acd3p-407,4.84033334760899054e-123
1,100,0x1.6bde253f0d8f1p-412,0x1.00c3bf5947ef5p-516,0x1.6bde253f0d8f2p-412,1.34383328372475109e-124
1,101,0x1.404e58152eaa6p-417,0x1.00c3bf5947ef5p-516,0x1.404e58152eaa7p-417,3.69672342539961749e-126
1,102,0x1.1766182f35948p-422,0x1.00c3bf5947ef5p-516,0x1.1766182f35949p-422,1.00768875253071009e-127
1,103,0x1.e30b88beea0a4p-428,0x1.00c3bf5947ef5p-516,0x1.e30b88beea0a5p-428,2.72213419631345252e-129
1,104,0x1.9dd6544002ad1p-433,0x1.00c3bf5947ef5p-516,0x1.9dd6544002ad2p-433,7.28788420047327049e-131
1,105,0x1.5f6919b44e5e6p-438,0x1.00c3bf5947ef5p-516,0x1.5f6919b44e5e7p-438,1.93391208652163045e-132
1,106,0x1.27c9287c2516ep-443,0x1.00c3bf5947ef5p-516,0x1.27c9287c2516fp-443,5.08685359134905782e-134
1,107,0x1.ed9b1bd271494p-449,0x1.00c3bf5947ef5p-516,0x1.ed9b1bd271495p-449,1.32639329480977335e-135
1,108,0x1.9850f8abe6e7ap-454,0x1.00c3bf5947ef5p-516,0x1.9850f8abe6e7bp-454,3.42877284831712883e-137
1,109,0x1.4ee12858721d2p-459,0x1.00c3bf5947ef5p-516,0x1.4ee12858721d3p-459,8.78780913635314179e-139
1,110,0x1.10533772749ddp-464,0x1.00c3bf5947ef5p-516,0x1.10533772749dfp-464,2.23321050579637790e-140
1,111,0x1.b73145fab5644p-470,0x1.00c3bf5947ef5p-516,0x1.b73145fab5685p-470,5.62751889809174308e-142
1,112,0x1.5f348bd56b3bfp-475,0x1.00c3bf5947ef5p-516,0x1.5f348bd56bbc6p-475,1.40628422273553726e-143
1,113,0x1.1686b51db707p-480,0x1.00c3bf5947ef5p-516,0x1.1686b51dc7135p-480,3.48520374262077046e-145
1,114,0x1.b62827a8cd133p-486,0x1.00c3bf5947ef5p-516,0x1.b62827acd0224p-486,8.56666438692750797e-147
1,115,0x1.55d69e740aa6fp-491,0x1.00c3bf5947ef5p-516,0x1.55d69ef46c86bp-491,2.08858889087592356e-148
1,116,0x1.088b4f4af277dp-496,0x1.00c3bf5947ef5p-516,0x1.088b5f572e6d7p-496,5.05103987004398316e-150
1,117,0x1.962e4c24ef957p-502,0x1.00c3bf5947ef5p-516,0x1.96324f33ecfaap-502,1.21182082309583874e-151
1,118,0x1.355653fb71ebep-507,0x1.00c3bf5947ef5p-516,0x1.35d6b5db1e8fep-507,2.88860336100704984e-153
1,119,0x1.d2c11b57e1072p-513,0x1.00c3bf5947ef5p-516,0x1.f2d993430a052p-513,7.26678232899795668e-155
1,120,0x1.4e6422df6f8afp-518,0x1.00c3bf5947ef5p-516,0x1.545cc81123d22p-516,6.19760487909551696e-156
1,121,0x0p+0,0x1.00c3bf5947ef5p-516,0x1.00c3bf5947ef5p-516,4.67538613686152959e-156
1,122,0x0p+0,0x1.00c3bf5947ef5p-516,0x1.00c3bf5947ef5p-516,4.67538613686152959e-156
1,123,0x0p+0,0x1.00c3bf5947ef5p-516,0x1.00c3bf5947ef5p-516,4.67538613686152959e-156
1,124,0x0p+0,0x1.00c3bf5947ef5p-516,0x1.00c3bf5947ef5p-516,4.67538613686152959e-156
1,125,0x0p+0,0x1.00c3bf5947ef5p-516,0x1.00c3bf5947ef5p-516,4.67538613686152959e-156
1,126,0x0p+0,0x1.00c3bf5947ef5p-516,0x1.00c3bf5947ef5p-516,4.67538613686152959e-156
1,127,0x0p+0,0x1.00c3bf5947ef5p-516,0x1.00c3bf5947ef5p-516,4.67538613686152959e-156
1,128,0x0p+0,0x1.00c3bf5947ef5p-516,0x1.00c3bf5947ef5p-516,4.67538613686152959e-156
1,129,0x0p+0,0x1.00c3bf5947ef5p-516,0x1.00c3bf5947ef5p-516,4.67538613686152959e-156
1,130,0x0p+0,0x1.00c3bf5947ef5p-516,0x1.00c3bf5947ef5p-516,4.67538613686152959e-156
1,131,0x0p+0,0x1.00c3bf5947ef5p-516,0x1.00c3bf5947ef5p-516,4.67538613686152959e-156
1,132,0x0p+0,0x1.00c3bf5947ef5p-516,0x1.00c3bf5947ef5p-516,4.67538613686152959e-156
1,133,0x0p+0,0x1.00c3bf5947ef5p-516,0x1.00c3bf5947ef5p-516,4.67538613686152959e-156
1,134,0x0p+0,0x1.00c3bf5947ef5p-516,0x1.00c3bf5947ef5p-516,4.67538613686152959e-156
1,135,0x0p+0,0x1.00c3bf5947ef5p-516,0x1.00c3bf5947ef5p-516,4.67538613686152959e-156
1,136,0x0p+0,0x1.00c3bf5947ef5p-516,0x1.00c3bf5947ef5p-516,4.67538613686152959e-156
1,137,0x0p+0,0x1.00c3bf5947ef5p-516,0x1.00c3bf5947ef5p-516,4.67538613686152959e-156
1,138,0x0p+0,0x1.00c3bf5947ef5p-516,0x1.00c3bf5947ef5p-516,4.67538613686152959e-156
1,139,0x0p+0,0x1.00c3bf5947ef5p-516,0x1.00c3bf5947ef5p-516,4.67538613686152959e-156
1,140,0x0p+0,0x1.00c3bf5947ef5p-516,0x1.00c3bf5947ef5p-516,4.67538613686152959e-156
1,141,0x0p+0,0x1.00c3bf5947ef5p-516,0x1.00c3bf5947ef5p-516,4.67538613686152959e-156
1,142,0x0p+0,0x1.00c3bf5947ef5p-516,0x1.00c3bf5947ef5p-516,4.67538613686152959e-156
1,143,0x0p+0,0x1.00c3bf5947ef5p-516,0x1.00c3bf5947ef5p-516,4.67538613686152959e-156
1,144,0x0p+0,0x1.00c3bf5947ef5p-516,0x1.00c3bf5947ef5p-516,4.67538613686152959e-156
1,145,0x0p+0,0x1.00c3bf5947ef5p-516,0x1.00c3bf5947ef5p-516,4.67538613686152959e-156
1,146,0x0p+0,0x1.00c3bf5947ef5p-516,0x1.00c3bf5947ef5p-516,4.67538613686152959e-156
1,147,0x0p+0,0x1.00c3bf5947ef5p-516,0x1.00c3bf5947ef5p-516,4.67538613686152959e-156
1,148,0x0p+0,0x1.00c3bf5947ef5p-516,0x1.00c3bf5947ef5p-516,4.67538613686152959e-156
1,149,0x0p+0,0x1.00c3bf5947ef5p-516,0x1.00c3bf5947ef5p-516,4.67538613686152959e-156
1,150,0x0p+0,0x1.00c3bf5947ef5p-516,0x1.00c3bf5947ef5p-516,4.67538613686152959e-156
1,151,0x0p+0,0x1.00c3bf5947ef5p-516,0x1.00c3bf5947ef5p-516,4.67538613686152959e-156
1,152,0x0p+0,0x1.00c3bf5947ef5p-516,0x1.00c3bf5947ef5p-516,4.67538613686152959e-156
1,153,0x0p+0,0x1.00c3bf5947ef5p-516,0x1.00c3bf5947ef5p-516,4.67538613686152959e-156
1,154,0x0p+0,0x1.00c3bf5947ef5p-516,0x1.00c3bf5947ef5p-516,4.67538613686152959e-156
1,155,0x0p+0,0x1.00c3bf5947ef5p-516,0x1.00c3bf5947ef5p-516,4.67538613686152959e-156
1,156,0x0p+0,0x1.00c3bf5947ef5p-516,0x1.00c3bf5947ef5p-516,4.67538613686152959e-156
1,157,0x0p+0,0x1.00c3bf5947ef5p-516,0x1.00c3bf5947ef5p-516,4.67538613686152959e-156
1,158,0x0p+0,0x1.00c3bf5947ef5p-516,0x1.00c3bf5947ef5p-516,4.67538613686152959e-156
1,159,0x0p+0,0x1.00c3bf5947ef5p-516,0x1.00c3bf5947ef5p-516,4.67538613686152959e-156
1,160,0x0p+0,0x1.00c3bf5947ef5p-516,0x1.00c3bf5947ef5p-516,4.67538613686152959e-156
1,161,0x0p+0,0x1.00c3bf5947ef5p-516,0x1.00c3bf5947ef5p-516,4.67538613686152959e-156
1,162,0x0p+0,0x1.00c3bf5947ef5p-516,0x1.00c3bf5947ef5p-516,4.67538613686152959e-156
1,163,0x0p+0,0x1.00c3bf5947ef5p-516,0x1.00c3bf5947ef5p-516,4.67538613686152959e-156
1,164,0x0p+0,0x1.00c3bf5947ef5p-516,0x1.00c3bf5947ef5p-516,4.67538613686152959e-156
1,165,0x0p+0,0x1.00c3bf5947ef5p-516,0x1.00c3bf5947ef5p-516,4.67538613686152959e-156
1,166,0x0p+0,0x1.00c3bf5947ef5p-516,0x1.00c3bf5947ef5p-516,4.67538613686152959e-156
1,167,0x0p+0,0x1.00c3bf5947ef5p-516,0x1.00c3bf5947ef5p-516,4.67538613686152959e-156
1,168,0x0p+0,0x1.00c3bf5947ef5p-516,0x1.00c3bf5947ef5p-516,4.67538613686152959e-156
1,169,0x0p+0,0x1.00c3bf5947ef5p-516,0x1.00c3bf5947ef5p-516,4.67538613686152959e-156
1,170,0x0p+0,0x1.00c3bf5947ef5p-516,0x1.00c3bf5947ef5p-516,4.67538613686152959e-156
1,171,0x0p+0,0x1.00c3bf5947ef5p-516,0x1.00c3bf5947ef5p-516,4.67538613686152959e-156
1,172,0x0p+0,0x1.00c3bf5947ef5p-516,0x1.00c3bf5947ef5p-516,4.67538613686152959e-156
1,173,0x0p+0,0x1.00c3bf5947ef5p-516,0x1.00c3bf5947ef5p-516,4.67538613686152959e-156
1,174,0x0p+0,0x1.00c3bf5947ef5p-516,0x1.00c3bf5947ef5p-516,4.67538613686152959e-156
1,175,0x0p+0,0x1.00c3bf5947ef5p-516,0x1.00c3bf5947ef5p-516,4.67538613686152959e-156
1,176,0x0p+0,0x1.00c3bf5947ef5p-516,0x1.00c3bf5947ef5p-516,4.67538613686152959e-156
1,177,0x0p+0,0x1.00c3bf5947ef5p-516,0x1.00c3bf5947ef5p-516,4.67538613686152959e-156
1,178,0x0p+0,0x1.00c3bf5947ef5p-516,0x1.00c3bf5947ef5p-516,4.67538613686152959e-156
1,179,0x0p+0,0x1.00c3bf5947ef5p-516,0x1.00c3bf5947ef5p-516,4.67538613686152959e-156
1,180,0x0p+0,0x1.00c3bf5947ef5p-516,0x1.00c3bf5947ef5p-516,4.67538613686152959e-156
1,181,0x0p+0,0x1.00c3bf5947ef5p-516,0x1.00c3bf5947ef5p-516,4.67538613686152959e-156
1,182,0x0p+0,0x1.00c3bf5947ef5p-516,0x1.00c3bf5947ef5p-516,4.67538613686152959e-156
1,183,0x0p+0,0x1.00c3bf5947ef5p-516,0x1.00c3bf5947ef5p-516,4.67538613686152959e-156
1,184,0x0p+0,0x1.00c3bf5947ef5p-516,0x1.00c3bf5947ef5p-516,4.67538613686152959e-156
1,185,0x0p+0,0x1.00c3bf5947ef5p-516,0x1.00c3bf5947ef5p-516,4.67538613686152959e-156
1,186,0x0p+0,0x1.00c3bf5947ef5p-516,0x1.00c3bf5947ef5p-516,4.67538613686152959e-156
1,187,0x0p+0,0x1.00c3bf5947ef5p-516,0x1.00c3bf5947ef5p-516,4.67538613686152959e-156
1,188,0x0p+0,0x1.00c3bf5947ef5p-516,0x1.00c3bf5947ef5p-516,4.67538613686152959e-156
1,189,0x0p+0,0x1.00c3bf5947ef5p-516,0x1.00c3bf5947ef5p-516,4.67538613686152959e-156
1,190,0x0p+0,0x1.00c3bf5947ef5p-516,0x1.00c3bf5947ef5p-516,4.67538613686152959e-156
1,191,0x0p+0,0x1.00c3bf5947ef5p-516,0x1.00c3bf5947ef5p-516,4.67538613686152959e-156
1,192,0x0p+0,0x1.00c3bf5947ef5p-516,0x1.00c3bf5947ef5p-516,4.67538613686152959e-156
1,193,0x0p+0,0x1.00c3bf5947ef5p-516,0x1.00c3bf5947ef5p-516,4.67538613686152959e-156
1,194,0x0p+0,0x1.00c3bf5947ef5p-516,0x1.00c3bf5947ef5p-516,4.67538613686152959e-156
1,195,0x0p+0,0x1.00c3bf5947ef5p-516,0x1.00c3bf5947ef5p-516,4.67538613686152959e-156
1,196,0x0p+0,0x1.00c3bf5947ef5p-516,0x1.00c3bf5947ef5p-516,4.67538613686152959e-156
1,197,0x0p+0,0x1.00c3bf5947ef5p-516,0x1.00c3bf5947ef5p-516,4.67538613686152959e-156
1,198,0x0p+0,0x1.00c3bf5947ef5p-516,0x1.00c3bf5947ef5p-516,4.67538613686152959e-156
1,199,0x0p+0,0x1.00c3bf5947ef5p-516,0x1.00c3bf5947ef5p-516,4.67538613686152959e-156
1,200,0x0p+0,0x1.00c3bf5947ef5p-516,0x1.00c3bf5947ef5p-516,4.67538613686152959e-156
1,201,0x0p+0,0x1.00c3bf5947ef5p-516,0x1.00c3bf5947ef5p-516,4.67538613686152959e-156
1,202,0x0p+0,0x1.00c3bf5947ef5p-516,0x1.00c3bf5947ef5p-516,4.67538613686152959e-156
1,203,0x0p+0,0x1.00c3bf5947ef5p-516,0x1.00c3bf5947ef5p-516,4.67538613686152959e-156
1,204,0x0p+0,0x1.00c3bf5947ef5p-516,0x1.00c3bf5947ef5p-516,4.67538613686152959e-156
1,205,0x0p+0,0x1.00c3bf5947ef5p-516,0x1.00c3bf5947ef5p-516,4.67538613686152959e-156
1,206,0x0p+0,0x1.00c3bf5947ef5p-516,0x1.00c3bf5947ef5p-516,4.67538613686152959e-156
1,207,0x0p+0,0x1.00c3bf5947ef5p-516,0x1.00c3bf5947ef5p-516,4.67538613686152959e-156
1,208,0x0p+0,0x1.00c3bf5947ef5p-516,0x1.00c3bf5947ef5p-516,4.67538613686152959e-156
1,209,0x0p+0,0x1.00c3bf5947ef5p-516,0x1.00c3bf5947ef5p-516,4.67538613686152959e-156
1,210,0x0p+0,0x1.00c3bf5947ef5p-516,0x1.00c3bf5947ef5p-516,4.67538613686152959e-156
1,211,0x0p+0,0x1.00c3bf5947ef5p-516,0x1.00c3bf5947ef5p-516,4.67538613686152959e-156
1,212,0x0p+0,0x1.00c3bf5947ef5p-516,0x1.00c3bf5947ef5p-516,4.67538613686152959e-156
1,213,0x0p+0,0x1.00c3bf5947ef5p-516,0x1.00c3bf5947ef5p-516,4.67538613686152959e-156
1,214,0x0p+0,0x1.00c3bf5947ef5p-516,0x1.00c3bf5947ef5p-516,4.67538613686152959e-156
1,215,0x0p+0,0x1.00c3bf5947ef5p-516,0x1.00c3bf5947ef5p-516,4.67538613686152959e-156
1,216,0x0p+0,0x1.00c3bf5947ef5p-516,0x1.00c3bf5947ef5p-516,4.67538613686152959e-156
1,217,0x0p+0,0x1.00c3bf5947ef5p-516,0x1.00c3bf5947ef5p-516,4.67538613686152959e-156
1,218,0x0p+0,0x1.00c3bf5947ef5p-516,0x1.00c3bf5947ef5p-516,4.67538613686152959e-156
1,219,0x0p+0,0x1.00c3bf5947ef5p-516,0x1.00c3bf5947ef5p-516,4.67538613686152959e-156
1,220,0x0p+0,0x1.00c3bf5947ef5p-516,0x1.00c3bf5947ef5p-516,4.67538613686152959e-156
1,221,0x0p+0,0x1.00c3bf5947ef5p-516,0x1.00c3bf5947ef5p-516,4.67538613686152959e-156
1,222,0x0p+0,0x1.00c3bf5947ef5p-516,0x1.00c3bf5947ef5p-516,4.67538613686152959e-156
1,223,0x0p+0,0x1.00c3bf5947ef5p-516,0x1.00c3bf5947ef5p-516,4.67538613686152959e-156
1,224,0x0p+0,0x1.00c3bf5947ef5p-516,0x1.00c3bf5947ef5p-516,4.67538613686152959e-156
1,225,0x0p+0,0x1.00c3bf5947ef5p-516,0x1.00c3bf5947ef5p-516,4.67538613686152959e-156
1,226,0x0p+0,0x1.00c3bf5947ef5p-516,0x1.00c3bf5947ef5p-516,4.67538613686152959e-156
1,227,0x0p+0,0x1.00c3bf5947ef5p-516,0x1.00c3bf5947ef5p-516,4.67538613686152959e-156
1,228,0x0p+0,0x1.00c3bf5947ef5p-516,0x1.00c3bf5947ef5p-516,4.67538613686152959e-156
1,229,0x0p+0,0x1.00c3bf5947ef5p-516,0x1.00c3bf5947ef5p-516,4.67538613686152959e-156
1,230,0x0p+0,0x1.00c3bf5947ef5p-516,0x1.00c3bf5947ef5p-516,4.67538613686152959e-156
1,231,0x0p+0,0x1.00c3bf5947ef5p-516,0x1.00c3bf5947ef5p-516,4.67538613686152959e-156
1,232,0x0p+0,0x1.00c3bf5947ef5p-516,0x1.00c3bf5947ef5p-516,4.67538613686152959e-156
1,233,0x0p+0,0x1.00c3bf5947ef5p-516,0x1.00c3bf5947ef5p-516,4.67538613686152959e-156
1,234,0x0p+0,0x1.00c3bf5947ef5p-516,0x1.00c3bf5947ef5p-516,4.67538613686152959e-156
1,235,0x0p+0,0x1.00c3bf5947ef5p-516,0x1.00c3bf5947ef5p-516,4.67538613686152959e-156
1,236,0x0p+0,0x1.00c3bf5947ef5p-516,0x1.00c3bf5947ef5p-516,4.67538613686152959e-156
1,237,0x0p+0,0x1.00c3bf5947ef5p-516,0x1.00c3bf5947ef5p-516,4.67538613686152959e-156
1,238,0x0p+0,0x1.00c3bf5947ef5p-516,0x1.00c3bf5947ef5p-516,4.67538613686152959e-156
1,239,0x0p+0,0x1.00c3bf5947ef5p-516,0x1.00c3bf5947ef5p-516,4.67538613686152959e-156
1,240,0x0p+0,0x1.00c3bf5947ef5p-516,0x1.00c3bf5947ef5p-516,4.67538613686152959e-156
1,241,0x0p+0,0x1.00c3bf5947ef5p-516,0x1.00c3bf5947ef5p-516,4.67538613686152959e-156
1,242,0x0p+0,0x1.00c3bf5947ef5p-516,0x1.00c3bf5947ef5p-516,4.67538613686152959e-156
1,243,0x0p+0,0x1.00c3bf5947ef5p-516,0x1.00c3bf5947ef5p-516,4.67538613686152959e-156
1,244,0x0p+0,0x1.00c3bf5947ef5p-516,0x1.00c3bf5947ef5p-516,4.67538613686152959e-156
1,245,0x0p+0,0x1.00c3bf5947ef5p-516,0x1.00c3bf5947ef5p-516,4.67538613686152959e-156
1,246,0x0p+0,0x1.00c3bf5947ef5p-516,0x1.00c3bf5947ef5p-516,4.67538613686152959e-156
1,247,0x0p+0,0x1.00c3bf5947ef5p-516,0x1.00c3bf5947ef5p-516,4.67538613686152959e-156
1,248,0x0p+0,0x1.00c3bf5947ef5p-516,0x1.00c3bf5947ef5p-516,4.67538613686152959e-156
1,249,0x0p+0,0x1.00c3bf5947ef5p-516,0x1.00c3bf5947ef5p-516,4.67538613686152959e-156
1,250,0x0p+0,0x1.00c3bf5947ef5p-516,0x1.00c3bf5947ef5p-516,4.67538613686152959e-156
1,251,0x0p+0,0x1.00c3bf5947ef5p-516,0x1.00c3bf5947ef5p-516,4.67538613686152959e-156
1,252,0x0p+0,0x1.00c3bf5947ef5p-516,0x1.00c3bf5947ef5p-516,4.67538613686152959e-156
1,253,0x0p+0,0x1.00c3bf5947ef5p-516,0x1.00c3bf5947ef5p-516,4.67538613686152959e-156
1,254,0x0p+0,0x1.00c3bf5947ef5p-516,0x1.00c3bf5947ef5p-516,4.67538613686152959e-156
1,255,0x0p+0,0x1.00c3bf5947ef5p-516,0x1.00c3bf5947ef5p-516,4.67538613686152959e-156
1,256,0x0p+0,0x1.00c3bf5947ef5p-516,0x1.00c3bf5947ef5p-516,4.67538613686152959e-156
1,257,0x0p+0,0x1.00c3bf5947ef5p-516,0x1.00c3bf5947ef5p-516,4.67538613686152959e-156
1,258,0x0p+0,0x1.00c3bf5947ef5p-516,0x1.00c3bf5947ef5p-516,4.67538613686152959e-156
1,259,0x0p+0,0x1.00c3bf5947ef5p-516,0x1.00c3bf5947ef5p-516,4.67538613686152959e-156
1,260,0x0p+0,0x1.00c3bf5947ef5p-516,0x1.00c3bf5947ef5p-516,4.67538613686152959e-156
1,261,0x0p+0,0x1.00c3bf5947ef5p-516,0x1.00c3bf5947ef5p-516,4.67538613686152959e-156
1,262,0x0p+0,0x1.00c3bf5947ef5p-516,0x1.00c3bf5947ef5p-516,4.67538613686152959e-156
1,263,0x0p+0,0x1.00c3bf5947ef5p-516,0x1.00c3bf5947ef5p-516,4.67538613686152959e-156
1,264,0x0p+0,0x1.00c3bf5947ef5p-516,0x1.00c3bf5947ef5p-516,4.67538613686152959e-156
1,265,0x0p+0,0x1.00c3bf5947ef5p-516,0x1.00c3bf5947ef5p-516,4.67538613686152959e-156
1,266,0x0p+0,0x1.00c3bf5947ef5p-516,0x1.00c3bf5947ef5p-516,4.67538613686152959e-156
1,267,0x0p+0,0x1.00c3bf5947ef5p-516,0x1.00c3bf5947ef5p-516,4.67538613686152959e-156
1,268,0x0p+0,0x1.00c3bf5947ef5p-516,0x1.00c3bf5947ef5p-516,4.67538613686152959e-156
1,269,0x0p+0,0x1.00c3bf5947ef5p-516,0x1.00c3bf5947ef5p-516,4.67538613686152959e-156
1,270,0x0p+0,0x1.00c3bf5947ef5p-516,0x1.00c3bf5947ef5p-516,4.67538613686152959e-156
1,271,0x0p+0,0x1.00c3bf5947ef5p-516,0x1.00c3bf5947ef5p-516,4.67538613686152959e-156
1,272,0x0p+0,0x1.00c3bf5947ef5p-516,0x1.00c3bf5947ef5p-516,4.67538613686152959e-156
1,273,0x0p+0,0x1.00c3bf5947ef5p-516,0x1.00c3bf5947ef5p-516,4.67538613686152959e-156
1,274,0x0p+0,0x1.00c3bf5947ef5p-516,0x1.00c3bf5947ef5p-516,4.67538613686152959e-156
1,275,0x0p+0,0x1.00c3bf5947ef5p-516,0x1.00c3bf5947ef5p-516,4.67538613686152959e-156
1,276,0x0p+0,0x1.00c3bf5947ef5p-516,0x1.00c3bf5947ef5p-516,4.67538613686152959e-156
1,277,0x0p+0,0x1.00c3bf5947ef5p-516,0x1.00c3bf5947ef5p-516,4.67538613686152959e-156
1,278,0x0p+0,0x1.00c3bf5947ef5p-516,0x1.00c3bf5947ef5p-516,4.67538613686152959e-156
1,279,0x0p+0,0x1.00c3bf5947ef5p-516,0x1.00c3bf5947ef5p-516,4.67538613686152959e-156
1,280,0x0p+0,0x1.00c3bf5947ef5p-516,0x1.00c3bf5947ef5p-516,4.67538613686152959e-156
2,0,0x1.2294699d4d5fap-5,0x1.872f817a92f34p-515,0x1.2294699d4d5fbp-5,3.54711592466791722e-02
2,1,0x1.6e69c4af4d668p-7,0x1.872f817a92f34p-515,0x1.6e69c4af4d669p-7,1.11820421576382546e-02
2,2,0x1.a9109c660cd13p-9,0x1.872f817a92f34p-515,0x1.a9109c660cd14p-9,3.24298772013665616e-03
2,3,0x1.c9cdb3e2ee4fbp-11,0x1.872f817a92f34p-515,0x1.c9cdb3e2ee4fcp-11,8.73190929602390541e-04
2,4,0x1.ce0cb38a9dc7p-13,0x1.872f817a92f34p-515,0x1.ce0cb38a9dc71p-13,2.20322425167760193e-04
2,5,0x1.b94380f57b529p-15,0x1.872f817a92f34p-515,0x1.b94380f57b52ap-15,5.26027305730404003e-05
2,6,0x1.92d4f91b4be96p-17,0x1.872f817a92f34p-515,0x1.92d4f91b4be97p-17,1.20053269286595756e-05
2,7,0x1.6339b13704c1dp-19,0x1.872f817a92f34p-515,0x1.6339b13704c1ep-19,2.64663517724742872e-06
2,8,0x1.31ac343edc00cp-21,0x1.872f817a92f34p-515,0x1.31ac343edc00dp-21,5.69359720132765745e-07
2,9,0x1.02fd202bc577ep-23,0x1.872f817a92f34p-515,0x1.02fd202bc577fp-23,1.20601045033068603e-07
2,10,0x1.b30da74de9c66p-26,0x1.872f817a92f34p-515,0x1.b30da74de9c67p-26,2.53234369512508334e-08
2,11,0x1.6ba131ad3ef3dp-28,0x1.872f817a92f34p-515,0x1.6ba131ad3ef3ep-28,5.29150804878627112e-09
2,12,0x1.2ec297f109fa2p-30,0x1.872f817a92f34p-515,0x1.2ec297f109fa3p-30,1.10143494000727823e-09
2,13,0x1.f5a9c0222268bp-33,0x1.872f817a92f34p-515,0x1.f5a9c0222268cp-33,2.28129960292821776e-10
2,14,0x1.9cae1202bfd8p-35,0x1.872f817a92f34p-515,0x1.9cae1202bfd81p-35,4.69162799074728781e-11
2,15,0x1.50560586e6221p-37,0x1.872f817a92f34p-515,0x1.50560586e6222p-37,9.55924468355959212e-12
2,16,0x1.0f1d6f012b666p-39,0x1.872f817a92f34p-515,0x1.0f1d6f012b667p-39,1.92638776074215532e-12
2,17,0x1.afde5b21c06ep-42,0x1.872f817a92f34p-515,0x1.afde5b21c06e1p-42,3.83576351180857911e-13
2,18,0x1.53bea023f07c7p-44,0x1.872f817a92f34p-515,0x1.53bea023f07c8p-44,7.54384623765436477e-14
2,19,0x1.0802d9df082eap-46,0x1.872f817a92f34p-515,0x1.0802d9df082ebp-46,1.46555621500214758e-14
2,20,0x1.956e9d674a193p-49,0x1.872f817a92f34p-515,0x1.956e9d674a194p-49,2.81325025279786684e-15
2,21,0x1.33b0bb7032274p-51,0x1.872f817a92f34p-515,0x1.33b0bb7032275p-51,5.33757690964184789e-16
2,22,0x1.cdb04bbb37da5p-54,0x1.872f817a92f34p-515,0x1.cdb04bbb37da6p-54,1.00112768675802241e-16
2,23,0x1.566b59d48522cp-56,0x1.872f817a92f34p-515,0x1.566b59d48522dp-56,1.85625895866050527e-17
2,24,0x1.f60016ebc8391p-59,0x1.872f817a92f34p-515,0x1.f60016ebc8392p-59,3.40168668615159522e-18
2,25,0x1.6b89f60a2c75ep-61,0x1.872f817a92f34p-515,0x1.6b89f60a2c75fp-61,6.15858869636217776e-19
2,26,0x1.03f48f02bac47p-63,0x1.872f817a92f34p-515,0x1.03f48f02bac48p-63,1.10095354993102161e-19
2,27,0x1.6ee04af7081dcp-66,0x1.872f817a92f34p-515,0x1.6ee04af7081ddp-66,1.94222613389636612e-20
2,28,0x1.fea62ff16b7b7p-69,0x1.872f817a92f34p-515,0x1.fea62ff16b7b8p-69,3.37919273965451953e-21
2,29,0x1.5e4ba17f0b006p-71,0x1.872f817a92f34p-515,0x1.5e4ba17f0b007p-71,5.79515181666075435e-22
2,30,0x1.d97adbdccdf68p-74,0x1.872f817a92f34p-515,0x1.d97adbdccdf69p-74,9.79133520133420726e-23
2,31,0x1.3b20f5d9ef1d3p-76,0x1.872f817a92f34p-515,0x1.3b20f5d9ef1d4p-76,1.62917746006561919e-23
2,32,0x1.9cf8334d11504p-79,0x1.872f817a92f34p-515,0x1.9cf8334d11505p-79,2.66875305547253450e-24
2,33,0x1.0a56c514f6e2dp-81,0x1.872f817a92f34p-515,0x1.0a56c514f6e2ep-81,4.30293772361978205e-25
2,34,0x1.5217f63ab4be4p-84,0x1.872f817a92f34p-515,0x1.5217f63ab4be5p-84,6.82774589604580226e-26
2,35,0x1.a657c977441ebp-87,0x1.872f817a92f34p-515,0x1.a657c977441ecp-87,1.06614341282842599e-26
2,36,0x1.0396d11b6b6fep-89,0x1.872f817a92f34p-515,0x1.0396d11b6b6ffp-89,1.63823771739321485e-27
2,37,0x1.3a0947f362ac6p-92,0x1.872f817a92f34p-515,0x1.3a0947f362ac7p-92,2.47730923705938270e-28
2,38,0x1.75e593e383d01p-95,0x1.872f817a92f34p-515,0x1.75e593e383d02p-95,3.68690698156120275e-29
2,39,0x1.b62e276d93513p-98,0x1.872f817a92f34p-515,0x1.b62e276d93514p-98,5.40098905513042680e-30
2,40,0x1.f986ddff4e0a2p-101,0x1.872f817a92f34p-515,0x1.f986ddff4e0a3p-101,7.78887399827732998e-31
2,41,0x1.1f1ef549e137cp-103,0x1.872f817a92f34p-515,0x1.1f1ef549e137dp-103,1.10594959467674726e-31
2,42,0x1.412e43f8becf3p-106,0x1.872f817a92f34p-515,0x1.412e43f8becf4p-106,1.54642893798197049e-32
2,43,0x1.61df55df6b27p-109,0x1.872f817a92f34p-515,0x1.61df55df6b271p-109,2.12979206087148987e-33
2,44,0x1.8018181b94037p-112,0x1.872f817a92f34p-515,0x1.8018181b94038p-112,2.88960298062271479e-34
2,45,0x1.9ac69df0a26ecp-115,0x1.872f817a92f34p-515,0x1.9ac69df0a26edp-115,3.86291750526827120e-35
2,46,0x1.b0f19dc4d95p-118,0x1.872f817a92f34p-515,0x1.b0f19dc4d9501p-118,5.08923007125527420e-36
2,47,0x1.c1c7ccf7849c8p-121,0x1.872f817a92f34p-515,0x1.c1c7ccf7849c9p-121,6.60893003898574739e-37
2,48,0x1.ccacc47428083p-124,0x1.872f817a92f34p-515,0x1.ccacc47428084p-124,8.46126109939509115e-38
2,49,0x1.d142527df0534p-127,0x1.872f817a92f34p-515,0x1.d142527df0535p-127,1.06818244120399132e-38
2,50,0x1.cf6d77c04594dp-130,0x1.872f817a92f34p-515,0x1.cf6d77c04594ep-130,1.32997201126491732e-39
2,51,0x1.c756babc9764cp-133,0x1.872f817a92f34p-515,0x1.c756babc9764dp-133,1.63344778955885237e-40
2,52,0x1.b965ef722cc27p-136,0x1.872f817a92f34p-515,0x1.b965ef722cc28p-136,1.97929791572624323e-41
2,53,0x1.a639fbb31a806p-139,0x1.872f817a92f34p-515,0x1.a639fbb31a807p-139,2.36666136670892870e-42
2,54,0x1.8e9d76f2603f5p-142,0x1.872f817a92f34p-515,0x1.8e9d76f2603f6p-142,2.79289361104586538e-43
2,55,0x1.73793dd0d5fcep-145,0x1.872f817a92f34p-515,0x1.73793dd0d5fcfp-145,3.25340865308594785e-44
2,56,0x1.55c62a03a37cdp-148,0x1.872f817a92f34p-515,0x1.55c62a03a37cep-148,3.74162102709858212e-45
2,57,0x1.367f16a7712a7p-151,0x1.872f817a92f34p-515,0x1.367f16a7712a8p-151,4.24900570061261108e-46
2,58,0x1.16943403878e6p-154,0x1.872f817a92f34p-515,0x1.16943403878e7p-154,4.76528577785529002e-47
2,59,0x1.edc0e6fa1ec95p-158,0x1.872f817a92f34p-515,0x1.edc0e6fa1ec96p-158,5.27874798231860275e-48
2,60,0x1.b0431c037981fp-161,0x1.872f817a92f34p-515,0x1.b0431c037982p-161,5.77667504940310966e-49
2,61,0x1.75e5bb7ecb66ep-164,0x1.872f817a92f34p-515,0x1.75e5bb7ecb66fp-164,6.24587346919122579e-50
2,62,0x1.3f95ffa6c6a3ap-167,0x1.872f817a92f34p-515,0x1.3f95ffa6c6a3bp-167,6.67326563576184736e-51
2,63,0x1.0df7f427c1c51p-170,0x1.872f817a92f34p-515,0x1.0df7f427c1c52p-170,7.04650844495614430e-52
2,64,0x1.c2d5e09417d4dp-174,0x1.872f817a92f34p-515,0x1.c2d5e09417d4ep-174,7.35459657179582413e-53
2,65,0x1.74226cc768d0ap-177,0x1.872f817a92f34p-515,0x1.74226cc768d0bp-177,7.58840854694845185e-54
2,66,0x1.2fb34099319abp-180,0x1.872f817a92f34p-515,0x1.2fb34099319acp-180,7.74115742573292207e-55
2,67,0x1.ea29362a4a09p-184,0x1.872f817a92f34p-515,0x1.ea29362a4a091p-184,7.80871496764178806e-56
2,68,0x1.872da7a5cc61dp-187,0x1.872f817a92f34p-515,0x1.872da7a5cc61ep-187,7.78978810286139571e-57
2,69,0x1.34c549bd039bep-190,0x1.872f817a92f34p-515,0x1.34c549bd039bfp-190,7.68593804872181272e-58
2,70,0x1.e22c9cccaea3p-194,0x1.872f817a92f34p-515,0x1.e22c9cccaea31p-194,7.50144458421618638e-59
2,71,0x1.74738125c4a6bp-197,0x1.872f817a92f34p-515,0x1.74738125c4a6cp-197,7.24302950562525330e-60
2,72,0x1.1ca6739e22e14p-200,0x1.872f817a92f34p-515,0x1.1ca6739e22e15p-200,6.91946310133087989e-61
2,73,0x1.ae890f6defbb7p-204,0x1.872f817a92f34p-515,0x1.ae890f6defbb8p-204,6.54108476590073998e-62
2,74,0x1.4237a36683cbbp-207,0x1.872f817a92f34p-515,0x1.4237a36683cbcp-207,6.11927310549981431e-63
2,75,0x1.dd59ee35348dcp-211,0x1.872f817a92f34p-515,0x1.dd59ee35348ddp-211,5.66590190292574290e-64
2,76,0x1.5dfec08822c59p-214,0x1.872f817a92f34p-515,0x1.5dfec08822c5ap-214,5.19281628592061574e-65
2,77,0x1.fc126a291b99ap-218,0x1.872f817a92f34p-515,0x1.fc126a291b99bp-218,4.71135884145607158e-66
2,78,0x1.6d1985f0caef2p-221,0x1.872f817a92f34p-515,0x1.6d1985f0caef3p-221,4.23196891541616643e-67
2,79,0x1.03c5d6dd61271p-224,0x1.872f817a92f34p-515,0x1.03c5d6dd61272p-224,3.76387071870447770e-68
2,80,0x1.6e0d8d532687bp-228,0x1.872f817a92f34p-515,0x1.6e0d8d532687cp-228,3.31485792963142182e-69
2,81,0x1.fed38eff6e7f1p-232,0x1.872f817a92f34p-515,0x1.fed38eff6e7f2p-232,2.89117496871202744e-70
2,82,0x1.6103b1fb522ecp-235,0x1.872f817a92f34p-515,0x1.6103b1fb522edp-235,2.49748861667777680e-71
2,83,0x1.e3484a4a60052p-239,0x1.872f817a92f34p-515,0x1.e3484a4a60053p-239,2.13693855965943545e-72
2,84,0x1.47b375fcf7ecp-242,0x1.872f817a92f34p-515,0x1.47b375fcf7ec1p-242,1.81125199147470215e-73
2,85,0x1.b845a8081ec82p-246,0x1.872f817a92f34p-515,0x1.b845a8081ec83p-246,1.52090560973721725e-74
2,86,0x1.250713f230806p-249,0x1.872f817a92f34p-515,0x1.250713f230807p-249,1.26531808015851567e-75
2,87,0x1.827d2368b7079p-253,0x1.872f817a92f34p-515,0x1.827d2368b707ap-253,1.04305706486186774e-76
2,88,0x1.f924040db548ap-257,0x1.872f817a92f34p-515,0x1.f924040db548bp-257,8.52046897596092980e-78
2,89,0x1.472522b1ea879p-260,0x1.872f817a92f34p-515,0x1.472522b1ea87ap-260,6.89765597111777662e-79
2,90,0x1.a3f7ba3337ad4p-264,0x1.872f817a92f34p-515,0x1.a3f7ba3337ad5p-264,5.53422808046511348e-80
2,91,0x1.0b2f87f9e3befp-267,0x1.872f817a92f34p-515,0x1.0b2f87f9e3bfp-267,4.40113157152564157e-81
2,92,0x1.50ff346b225cep-271,0x1.872f817a92f34p-515,0x1.50ff346b225cfp-271,3.46942183448080395e-82
2,93,0x1.a55d2029246e3p-275,0x1.872f817a92f34p-515,0x1.a55d2029246e4p-275,2.71124285300082229e-83
2,94,0x1.052968f9192b5p-278,0x1.872f817a92f34p-515,0x1.052968f9192b6p-278,2.10053935864187952e-84
2,95,0x1.40fa53387852ap-282,0x1.872f817a92f34p-515,0x1.40fa53387852bp-282,1.61352722357460096e-85
2,96,0x1.8729176a185fdp-286,0x1.872f817a92f34p-515,0x1.8729176a185fep-286,1.22895585333284916e-86
2,97,0x1.d8b1c043d3f29p-290,0x1.872f817a92f34p-515,0x1.d8b1c043d3f2ap-290,9.28200278192321160e-88
2,98,0x1.1b3cf25338159p-293,0x1.872f817a92f34p-515,0x1.1b3cf2533815ap-293,6.95221085630665536e-89
2,99,0x1.50a26cc1e801p-297,0x1.872f817a92f34p-515,0x1.50a26cc1e8011p-297,5.16428152100995186e-90
2,100,0x1.8cd396e3f9ae5p-301,0x1.872f817a92f34p-515,0x1.8cd396e3f9ae6p-301,3.80480172239729986e-91
2,101,0x1.cffcf6b10cd01p-305,0x1.872f817a92f34p-515,0x1.cffcf6b10cd02p-305,2.78047014428292440e-92
2,102,0x1.0d138ff065df9p-308,0x1.872f817a92f34p-515,0x1.0d138ff065dfap-308,2.01556590417907872e-93
2,103,0x1.359881d5b742cp-312,0x1.872f817a92f34p-515,0x1.359881d5b742dp-312,1.44942701390866812e-94
2,104,0x1.61658c3671e79p-316,0x1.872f817a92f34p-515,0x1.61658c3671e7ap-316,1.03405552322698364e-95
2,105,0x1.9039d820c6b91p-320,0x1.872f817a92f34p-515,0x1.9039d820c6b92p-320,7.31925150724107732e-97
2,106,0x1.c1ba67f930b4cp-324,0x1.872f817a92f34p-515,0x1.c1ba67f930b4dp-324,5.14033603821054820e-98
2,107,0x1.f571e6099297bp-328,0x1.872f817a92f34p-515,0x1.f571e6099297cp-328,3.58215760500979302e-99
2,108,0x1.1568b84fe2e3ep-331,0x1.872f817a92f34p-515,0x1.1568b84fe2e3fp-331,2.47714891036238535e-100
2,109,0x1.309939a2a09c7p-335,0x1.872f817a92f34p-515,0x1.309939a2a09c8p-335,1.69996233252762012e-101
2,110,0x1.4becc7e089e8bp-339,0x1.872f817a92f34p-515,0x1.4becc7e089e8cp-339,1.15779420163909179e-102
2,111,0x1.66fd45c3a214ep-343,0x1.872f817a92f34p-515,0x1.66fd45c3a214fp-343,7.82623855240736506e-104
2,112,0x1.815e93e7914acp-347,0x1.872f817a92f34p-515,0x1.815e93e7914adp-347,5.25084037627235193e-105
2,113,0x1.9aa15e5a5a907p-351,0x1.872f817a92f34p-515,0x1.9aa15e5a5a908p-351,3.49689504438693976e-106
2,114,0x1.b25631bd495b5p-355,0x1.872f817a92f34p-515,0x1.b25631bd495b6p-355,2.31173526322669558e-107
2,115,0x1.c810b90db4ecbp-359,0x1.872f817a92f34p-515,0x1.c810b90db4eccp-359,1.51711549430074143e-108
2,116,0x1.db6b01ce1cb8p-363,0x1.872f817a92f34p-515,0x1.db6b01ce1cb81p-363,9.88432976287663291e-110
2,117,0x1.ec08a2c2e3ca2p-367,0x1.872f817a92f34p-515,0x1.ec08a2c2e3ca3p-367,6.39361534833769781e-111
2,118,0x1.f999a1f0a4db9p-371,0x1.872f817a92f34p-515,0x1.f999a1f0a4dbap-371,4.10618789094899021e-112
2,119,0x1.01ee7c83ac81cp-374,0x1.872f817a92f34p-515,0x1.01ee7c83ac81dp-374,2.61846146769876345e-113
2,120,0x1.05514de1e9117p-378,0x1.872f817a92f34p-515,0x1.05514de1e9118p-378,1.65802214067199246e-114
2,121,0x1.06e674e684a9cp-382,0x1.872f817a92f34p-515,0x1.06e674e684a9dp-382,1.04253979777186681e-115
2,122,0x1.06a8be6645ce1p-386,0x1.872f817a92f34p-515,0x1.06a8be6645ce2p-386,6.50989901467952867e-117
2,123,0x1.049ca5c1e9bf1p-390,0x1.872f817a92f34p-515,0x1.049ca5c1e9bf2p-390,4.03697421337694303e-118
2,124,0x1.00d0117542cc7p-394,0x1.872f817a92f34p-515,0x1.00d0117542cc8p-394,2.48632760686751581e-119
2,125,0x1.f6b37e701a20dp-399,0x1.872f817a92f34p-515,0x1.f6b37e701a20ep-399,1.52090343865794940e-120
2,126,0x1.e8b0cfd2ef2d1p-403,0x1.872f817a92f34p-515,0x1.e8b0cfd2ef2d2p-403,9.24072041956441417e-122
2,127,0x1.d7e34d34068c1p-407,0x1.872f817a92f34p-515,0x1.d7e34d34068c2p-407,5.57687150200397562e-123
2,128,0x1.c4a160ce6ed1ep-411,0x1.872f817a92f34p-515,0x1.c4a160ce6ed1fp-411,3.34330132133992104e-124
2,129,0x1.af49d8cccb52dp-415,0x1.872f817a92f34p-515,0x1.af49d8cccb52ep-415,1.99103858474425743e-125
2,130,0x1.9840f706e7db1p-419,0x1.872f817a92f34p-515,0x1.9840f706e7db2p-419,1.17793697589921561e-126
2,131,0x1.7fed8003f7befp-423,0x1.872f817a92f34p-515,0x1.7fed8003f7bfp-423,6.92343078992747397e-128
2,132,0x1.66b5e6979dd3p-427,0x1.872f817a92f34p-515,0x1.66b5e6979dd31p-427,4.04292826703655042e-129
2,133,0x1.4cfdae0b8461cp-431,0x1.872f817a92f34p-515,0x1.4cfdae0b8461dp-431,2.34565597604476734e-130
2,134,0x1.3323185249f33p-435,0x1.872f817a92f34p-515,0x1.3323185249f34p-435,1.35221013234104096e-131
2,135,0x1.197d3092e9223p-439,0x1.872f817a92f34p-515,0x1.197d3092e9224p-439,7.74557031757574957e-133
2,136,0x1.005a3cd164837p-443,0x1.872f817a92f34p-515,0x1.005a3cd164838p-443,4.40868933401548607e-134
2,137,0x1.cffd37d6b64dap-448,0x1.872f817a92f34p-515,0x1.cffd37d6b64dbp-448,2.49361721011263359e-135
2,138,0x1.a1481fbafe3c9p-452,0x1.872f817a92f34p-515,0x1.a1481fbafe3cap-452,1.40162349604608392e-136
2,139,0x1.74f2df29633aep-456,0x1.872f817a92f34p-515,0x1.74f2df29633afp-456,7.82944774946602871e-138
2,140,0x1.4b456f3ae3791p-460,0x1.872f817a92f34p-515,0x1.4b456f3ae3792p-460,4.34656068548424121e-139
2,141,0x1.2472dbee52bcbp-464,0x1.872f817a92f34p-515,0x1.2472dbee52bcfp-464,2.39823476806596523e-140
2,142,0x1.009a966b6bb18p-468,0x1.872f817a92f34p-515,0x1.009a966b6bb4ap-468,1.31518014899776270e-141
2,143,0x1.bf9467c2fde93p-473,0x1.872f817a92f34p-515,0x1.bf9467c2fe4b1p-473,7.16873414151944574e-143
2,144,0x1.83fef4d8eb5c9p-477,0x1.872f817a92f34p-515,0x1.83fef4d8f1796p-477,3.88400039795088407e-144
2,145,0x1.4e553cc2ea599p-481,0x1.872f817a92f34p-515,0x1.4e553cc34c258p-481,2.09175738815996814e-145
2,146,0x1.1e612940748dp-485,0x1.872f817a92f34p-515,0x1.1e612946914b1p-485,1.11983521086939381e-146
2,147,0x1.e7b586e240f4bp-490,0x1.872f817a92f34p-515,0x1.e7b587a5d8b58p-490,5.95968107069512739e-148
2,148,0x1.9cd9462c012c3p-494,0x1.872f817a92f34p-515,0x1.9cd952657d381p-494,3.15306789635832193e-149
2,149,0x1.5b701cec5591fp-498,0x1.872f817a92f34p-515,0x1.5b70e084164f5p-498,1.65845299769055397e-150
2,150,0x1.22b166283c5b4p-502,0x1.872f817a92f34p-515,0x1.22bd9fa4482fep-502,8.67377333292914432e-152
2,151,0x1.e39f9e395d3e3p-507,0x1.872f817a92f34p-515,0x1.e526cdbad7d13p-507,4.52303220652702609e-153
2,152,0x1.8ffdba00689a8p-511,0x1.872f817a92f34p-515,0x1.a870b21811c9cp-511,2.47314043916645203e-154
2,153,0x1.48eee2f639fcdp-515,0x1.872f817a92f34p-515,0x1.680f323866781p-514,2.62250526437454138e-155
2,154,0x1.0cf6aabc3705dp-519,0x1.872f817a92f34p-515,0x1.97feec265663bp-515,1.48582598883018942e-155
2,155,0x1.b55f664f91cf7p-524,0x1.872f817a92f34p-515,0x1.880a312dbabc3p-515,1.42771801994704305e-155
2,156,0x1.619e91a48c882p-528,0x1.872f817a92f34p-515,0x1.873a8e6f2017bp-515,1.42476426560907203e-155
2,157,0x1.1c4f14d4aadadp-532,0x1.872f817a92f34p-515,0x1.87300fa21d5dap-515,1.42461496285814376e-155
2,158,0x1.c6a15358e284bp-537,0x1.872f817a92f34p-515,0x1.872f88951840bp-515,1.42460745822116714e-155
2,159,0x1.697cb39bcd1afp-541,0x1.872f817a92f34p-515,0x1.872f81d4f2203p-515,1.42460708309829974e-155
2,160,0x1.1dd975a8125e8p-545,0x1.872f817a92f34p-515,0x1.872f817f0a592p-515,1.42460706445113785e-155
2,161,0x1.c19be3d8cf661p-550,0x1.872f817a92f34p-515,0x1.872f817acb26dp-515,1.42460706352928742e-155
2,162,0x1.5fac2d7f32e2dp-554,0x1.872f817a92f34p-515,0x1.872f817a95b2bp-515,1.42460706348396329e-155
2,163,0x1.119585273b074p-558,0x1.872f817a92f34p-515,0x1.872f817a93158p-515,1.42460706348174683e-155
2,164,0x1.a76250ba1b2fap-563,0x1.872f817a92f34p-515,0x1.872f817a92f4fp-515,1.42460706348163897e-155
2,165,0x1.45da703a250fdp-567,0x1.872f817a92f34p-515,0x1.872f817a92f36p-515,1.42460706348163380e-155
2,166,0x1.f2ea112ceacfp-572,0x1.872f817a92f34p-515,0x1.872f817a92f35p-515,1.42460706348163359e-155
2,167,0x1.7becea9f66b81p-576,0x1.872f817a92f34p-515,0x1.872f817a92f35p-515,1.42460706348163359e-155
2,168,0x1.1fcb37a94ec0cp-580,0x1.872f817a92f34p-515,0x1.872f817a92f35p-515,1.42460706348163359e-155
2,169,0x1.b1ba4aff0ed5bp-585,0x1.872f817a92f34p-515,0x1.872f817a92f35p-515,1.42460706348163359e-155
2,170,0x1.45215851c4a2bp-589,0x1.872f817a92f34p-515,0x1.872f817a92f35p-515,1.42460706348163359e-155
2,171,0x1.e4ec9793f1b79p-594,0x1.872f817a92f34p-515,0x1.872f817a92f35p-515,1.42460706348163359e-155
2,172,0x1.67c3afe54b168p-598,0x1.872f817a92f34p-515,0x1.872f817a92f35p-515,1.42460706348163359e-155
2,173,0x1.098a8be7acab5p-602,0x1.872f817a92f34p-515,0x1.872f817a92f35p-515,1.42460706348163359e-155
2,174,0x1.85fe1c4fbac7p-607,0x1.872f817a92f34p-515,0x1.872f817a92f35p-515,1.42460706348163359e-155
2,175,0x1.1ceedfc570e8ep-611,0x1.872f817a92f34p-515,0x1.872f817a92f35p-515,1.42460706348163359e-155
2,176,0x1.9e4005e1ecdcfp-616,0x1.872f817a92f34p-515,0x1.872f817a92f35p-515,1.42460706348163359e-155
2,177,0x1.2b9df87e02b7fp-620,0x1.872f817a92f34p-515,0x1.872f817a92f35p-515,1.42460706348163359e-155
2,178,0x1.af3f2035d03c2p-625,0x1.872f817a92f34p-515,0x1.872f817a92f35p-515,1.42460706348163359e-155
2,179,0x1.34cf417606abp-629,0x1.872f817a92f34p-515,0x1.872f817a92f35p-515,1.42460706348163359e-155
2,180,0x1.b814bb9b92d37p-634,0x1.872f817a92f34p-515,0x1.872f817a92f35p-515,1.42460706348163359e-155
2,181,0x1.3808acee5ea2fp-638,0x1.872f817a92f34p-515,0x1.872f817a92f35p-515,1.42460706348163359e-155
2,182,0x1.b85202334aa1fp-643,0x1.872f817a92f34p-515,0x1.872f817a92f35p-515,1.42460706348163359e-155
2,183,0x1.3529161bf3963p-647,0x1.872f817a92f34p-515,0x1.872f817a92f35p-515,1.42460706348163359e-155
2,184,0x1.b008aa6f00911p-652,0x1.872f817a92f34p-515,0x1.872f817a92f35p-515,1.42460706348163359e-155
2,185,0x1.2c6a02cae2278p-656,0x1.872f817a92f34p-515,0x1.872f817a92f35p-515,1.42460706348163359e-155
2,186,0x1.9fc738a8c6b2dp-661,0x1.872f817a92f34p-515,0x1.872f817a92f35p-515,1.42460706348163359e-155
2,187,0x1.1e58b9b9a9923p-665,0x1.872f817a92f34p-515,0x1.872f817a92f35p-515,1.42460706348163359e-155
2,188,0x1.8889951a402aap-670,0x1.872f817a92f34p-515,0x1.872f817a92f35p-515,1.42460706348163359e-155
2,189,0x1.0bc7c764e8cb3p-674,0x1.872f817a92f34p-515,0x1.872f817a92f35p-515,1.42460706348163359e-155
2,190,0x1.6ba039e5c902ep-679,0x1.872f817a92f34p-515,0x1.872f817a92f35p-515,1.42460706348163359e-155
2,191,0x1.eb75f081ea781p-684,0x1.872f817a92f34p-515,0x1.872f817a92f35p-515,1.42460706348163359e-155
2,192,0x1.4a9150c42a682p-688,0x1.872f817a92f34p-515,0x1.872f817a92f35p-515,1.42460706348163359e-155
2,193,0x1.baa0c2f98c198p-693,0x1.872f817a92f34p-515,0x1.872f817a92f35p-515,1.42460706348163359e-155
2,194,0x1.26f79b56f1d06p-697,0x1.872f817a92f34p-515,0x1.872f817a92f35p-515,1.42460706348163359e-155
2,195,0x1.87526f302ea6bp-702,0x1.872f817a92f34p-515,0x1.872f817a92f35p-515,1.42460706348163359e-155
2,196,0x1.0262eb2a28d38p-706,0x1.872f817a92f34p-515,0x1.872f817a92f35p-515,1.42460706348163359e-155
2,197,0x1.53a9e0a19e02ap-711,0x1.872f817a92f34p-515,0x1.872f817a92f35p-515,1.42460706348163359e-155
2,198,0x1.bc7aa47a8a54ep-716,0x1.872f817a92f34p-515,0x1.872f817a92f35p-515,1.42460706348163359e-155
2,199,0x1.2181332070669p-720,0x1.872f817a92f34p-515,0x1.872f817a92f35p-515,1.42460706348163359e-155
2,200,0x1.776e75d97baadp-725,0x1.872f817a92f34p-515,0x1.872f817a92f35p-515,1.42460706348163359e-155
2,201,0x1.e4ae2a198340cp-730,0x1.872f817a92f34p-515,0x1.872f817a92f35p-515,1.42460706348163359e-155
2,202,0x1.3776e35913a54p-734,0x1.872f817a92f34p-515,0x1.872f817a92f35p-515,1.42460706348163359e-155
2,203,0x1.8e8710e49d6e3p-739,0x1.872f817a92f34p-515,0x1.872f817a92f35p-515,1.42460706348163359e-155
2,204,0x1.fbac3d404a4adp-744,0x1.872f817a92f34p-515,0x1.872f817a92f35p-515,1.42460706348163359e-155
2,205,0x1.41ee738b0f91ap-748,0x1.872f817a92f34p-515,0x1.872f817a92f35p-515,1.42460706348163359e-155
2,206,0x1.96812440b540ap-753,0x1.872f817a92f34p-515,0x1.872f817a92f35p-515,1.42460706348163359e-155
2,207,0x1.ff0e2d994113bp-758,0x1.872f817a92f34p-515,0x1.872f817a92f35p-515,1.42460706348163359e-155
2,208,0x1.3fda37d679195p-762,0x1.872f817a92f34p-515,0x1.872f817a92f35p-515,1.42460706348163359e-155
2,209,0x1.8ea347f82d0b3p-767,0x1.872f817a92f34p-515,0x1.872f817a92f35p-515,1.42460706348163359e-155
2,210,0x1.eeb082244dd4ap-772,0x1.872f817a92f34p-515,0x1.872f817a92f35p-515,1.42460706348163359e-155
2,211,0x1.31a03ef608077p-776,0x1.872f817a92f34p-515,0x1.872f817a92f35p-515,1.42460706348163359e-155
2,212,0x1.7806f0936dc5ep-781,0x1.872f817a92f34p-515,0x1.872f817a92f35p-515,1.42460706348163359e-155
2,213,0x1.ccad88212781cp-786,0x1.872f817a92f34p-515,0x1.872f817a92f35p-515,1.42460706348163359e-155
2,214,0x1.18ff6439e81d4p-790,0x1.872f817a92f34p-515,0x1.872f817a92f35p-515,1.42460706348163359e-155
2,215,0x1.555a31224d5bep-795,0x1.872f817a92f34p-515,0x1.872f817a92f35p-515,1.42460706348163359e-155
2,216,0x1.9cede49978bb8p-800,0x1.872f817a92f34p-515,0x1.872f817a92f35p-515,1.42460706348163359e-155
2,217,0x1.f16d22ca722dfp-805,0x1.872f817a92f34p-515,0x1.872f817a92f35p-515,1.42460706348163359e-155
2,218,0x1.2a5c0085f5202p-809,0x1.872f817a92f34p-515,0x1.872f817a92f35p-515,1.42460706348163359e-155
2,219,0x1.646e73c66aaabp-814,0x1.872f817a92f34p-515,0x1.872f817a92f35p-515,1.42460706348163359e-155
2,220,0x1.a80c5478bf282p-819,0x1.872f817a92f34p-515,0x1.872f817a92f35p-515,1.42460706348163359e-155
2,221,0x1.f66ad4f9caf79p-824,0x1.872f817a92f34p-515,0x1.872f817a92f35p-515,1.42460706348163359e-155
2,222,0x1.286a7cc97858dp-828,0x1.872f817a92f34p-515,0x1.872f817a92f35p-515,1.42460706348163359e-155
2,223,0x1.5c55021249821p-833,0x1.872f817a92f34p-515,0x1.872f817a92f35p-515,1.42460706348163359e-155
2,224,0x1.97ad98d57ccfap-838,0x1.872f817a92f34p-515,0x1.872f817a92f35p-515,1.42460706348163359e-155
2,225,0x1.db345d681eb99p-843,0x1.872f817a92f34p-515,0x1.872f817a92f35p-515,1.42460706348163359e-155
2,226,0x1.13d782ec1da54p-847,0x1.872f817a92f34p-515,0x1.872f817a92f35p-515,1.42460706348163359e-155
2,227,0x1.3ef34aafda7e4p-852,0x1.872f817a92f34p-515,0x1.872f817a92f35p-515,1.42460706348163359e-155
2,228,0x1.6f5252d788132p-857,0x1.872f817a92f34p-515,0x1.872f817a92f35p-515,1.42460706348163359e-155
2,229,0x1.a5582386046d7p-862,0x1.872f817a92f34p-515,0x1.872f817a92f35p-515,1.42460706348163359e-155
2,230,0x1.e1653da792ac9p-867,0x1.872f817a92f34p-515,0x1.872f817a92f35p-515,1.42460706348163359e-155
2,231,0x1.11ea94c98df9bp-871,0x1.872f817a92f34p-515,0x1.872f817a92f35p-515,1.42460706348163359e-155
2,232,0x1.367e2e24e44a4p-876,0x1.872f817a92f34p-515,0x1.872f817a92f35p-515,1.42460706348163359e-155
2,233,0x1.5e92fd54575c9p-881,0x1.872f817a92f34p-515,0x1.872f817a92f35p-515,1.42460706348163359e-155
2,234,0x1.8a48c1dc37b0ap-886,0x1.872f817a92f34p-515,0x1.872f817a92f35p-515,1.42460706348163359e-155
2,235,0x1.b9b836873a68bp-891,0x1.872f817a92f34p-515,0x1.872f817a92f35p-515,1.42460706348163359e-155
2,236,0x1.ecf1deecac2f9p-896,0x1.872f817a92f34p-515,0x1.872f817a92f35p-515,1.42460706348163359e-155
2,237,0x1.11fe6da8d2e07p-900,0x1.872f817a92f34p-515,0x1.872f817a92f35p-515,1.42460706348163359e-155
2,238,0x1.2f6ae53ff3cffp-905,0x1.872f817a92f34p-515,0x1.872f817a92f35p-515,1.42460706348163359e-155
2,239,0x1.4eb6e0cafcceep-910,0x1.872f817a92f34p-515,0x1.872f817a92f35p-515,1.42460706348163359e-155
2,240,0x1.6fd4b10472fe2p-915,0x1.872f817a92f34p-515,0x1.872f817a92f35p-515,1.42460706348163359e-155
2,241,0x1.92b00b04d288p-920,0x1.872f817a92f34p-515,0x1.872f817a92f35p-515,1.42460706348163359e-155
2,242,0x1.b72dbd9cf660ep-925,0x1.872f817a92f34p-515,0x1.872f817a92f35p-515,1.42460706348163359e-155
2,243,0x1.dd2b818936a66p-930,0x1.872f817a92f34p-515,0x1.872f817a92f35p-515,1.42460706348163359e-155
2,244,0x1.023ff3e3abc5bp-934,0x1.872f817a92f34p-515,0x1.872f817a92f35p-515,1.42460706348163359e-155
2,245,0x1.167d3468971abp-939,0x1.872f817a92f34p-515,0x1.872f817a92f35p-515,1.42460706348163359e-155
2,246,0x1.2b31cb6b3dc6bp-944,0x1.872f817a92f34p-515,0x1.872f817a92f35p-515,1.42460706348163359e-155
2,247,0x1.403eba26a78cp-949,0x1.872f817a92f34p-515,0x1.872f817a92f35p-515,1.42460706348163359e-155
2,248,0x1.5581f7aafaaedp-954,0x1.872f817a92f34p-515,0x1.872f817a92f35p-515,1.42460706348163359e-155
2,249,0x1.6ad6c0c1eb4b1p-959,0x1.872f817a92f34p-515,0x1.872f817a92f35p-515,1.42460706348163359e-155
2,250,0x1.8015f95340acbp-964,0x1.872f817a92f34p-515,0x1.872f817a92f35p-515,1.42460706348163359e-155
2,251,0x1.95169e1a7b063p-969,0x1.872f817a92f34p-515,0x1.872f817a92f35p-515,1.42460706348163359e-155
2,252,0x1.a9ae45049540ap-974,0x1.872f817a92f34p-515,0x1.872f817a92f35p-515,1.42460706348163359e-155
2,253,0x1.bdb1aa19724c6p-979,0x1.872f817a92f34p-515,0x1.872f817a92f35p-515,1.42460706348163359e-155
2,254,0x1.d0f5466bc88a2p-984,0x1.872f817a92f34p-515,0x1.872f817a92f35p-515,1.42460706348163359e-155
2,255,0x1.e34dee3024659p-989,0x1.872f817a92f34p-515,0x1.872f817a92f35p-515,1.42460706348163359e-155
2,256,0x1.f49172d35592bp-994,0x1.872f817a92f34p-515,0x1.872f817a92f35p-515,1.42460706348163359e-155
2,257,0x1.024ba2da9889ap-998,0x1.872f817a92f34p-515,0x1.872f817a92f35p-515,1.42460706348163359e-155
2,258,0x1.099c8c0821c1dp-1003,0x1.872f817a92f34p-515,0x1.872f817a92f35p-515,1.42460706348163359e-155
2,259,0x1.1029ba49aa89cp-1008,0x1.872f817a92f34p-515,0x1.872f817a92f35p-515,1.42460706348163359e-155
2,260,0x1.15e327a38ec12p-1013,0x1.872f817a92f34p-515,0x1.872f817a92f35p-515,1.42460706348163359e-155
2,261,0x1.1abac4447dd65p-1018,0x1.872f817a92f34p-515,0x1.872f817a92f35p-515,1.42460706348163359e-155
2,262,0x0.8f52580a79631p-1022,0x1.872f817a92f34p-515,0x1.872f817a92f35p-515,1.42460706348163359e-155
2,263,0x0.04865dac3ed56p-1022,0x1.872f817a92f34p-515,0x1.872f817a92f35p-515,1.42460706348163359e-155
2,264,0x0.0024717f6ea9bp-1022,0x1.872f817a92f34p-515,0x1.872f817a92f35p-515,1.42460706348163359e-155
2,265,0x0.0001247e0d0ccp-1022,0x1.872f817a92f34p-515,0x1.872f817a92f35p-515,1.42460706348163359e-155
2,266,0x0.0000092363c6bp-1022,0x1.872f817a92f34p-515,0x1.872f817a92f35p-515,1.42460706348163359e-155
2,267,0x0.00000048d990dp-1022,0x1.872f817a92f34p-515,0x1.872f817a92f35p-515,1.42460706348163359e-155
2,268,0x0.0000000245d92p-1022,0x1.872f817a92f34p-515,0x1.872f817a92f35p-515,1.42460706348163359e-155
2,269,0x0.0000000014b2bp-1022,0x1.872f817a92f34p-515,0x1.872f817a92f35p-515,1.42460706348163359e-155
2,270,0x0.0000000002e27p-1022,0x1.872f817a92f34p-515,0x1.872f817a92f35p-515,1.42460706348163359e-155
2,271,0x0.0000000001eb6p-1022,0x1.872f817a92f34p-515,0x1.872f817a92f35p-515,1.42460706348163359e-155
2,272,0x0.0000000001847p-1022,0x1.872f817a92f34p-515,0x1.872f817a92f35p-515,1.42460706348163359e-155
2,273,0x0.00000000012cfp-1022,0x1.872f817a92f34p-515,0x1.872f817a92f35p-515,1.42460706348163359e-155
2,274,0x0.0000000000e0dp-1022,0x1.872f817a92f34p-515,0x1.872f817a92f35p-515,1.42460706348163359e-155
2,275,0x0.00000000009ffp-1022,0x1.872f817a92f34p-515,0x1.872f817a92f35p-515,1.42460706348163359e-155
2,276,0x0.00000000006a3p-1022,0x1.872f817a92f34p-515,0x1.872f817a92f35p-515,1.42460706348163359e-155
2,277,0x0.00000000003f7p-1022,0x1.872f817a92f34p-515,0x1.872f817a92f35p-515,1.42460706348163359e-155
2,278,0x0.00000000001f9p-1022,0x1.872f817a92f34p-515,0x1.872f817a92f35p-515,1.42460706348163359e-155
2,279,0x0.00000000000a7p-1022,0x1.872f817a92f34p-515,0x1.872f817a92f35p-515,1.42460706348163359e-155
2,280,0x0p+0,0x1.872f817a92f34p-515,0x1.872f817a92f34p-515,1.42460706348163339e-155
3,0,0x1.c22f6c7e2b381p-5,0x1.d07921f385e8dp-514,0x1.c22f6c7e2b382p-5,5.49542540551106878e-02
3,1,0x1.22fb731e25eedp-6,0x1.d07921f385e8dp-514,0x1.22fb731e25eeep-6,1.77601455876289990e-02
3,2,0x1.5c58be5d7db1fp-8,0x1.d07921f385e8dp-514,0x1.5c58be5d7db2p-8,5.31534812534209533e-03
3,3,0x1.8687e1ac6b28p-10,0x1.d07921f385e8dp-514,0x1.8687e1ac6b281p-10,1.48975672628207123e-03
3,4,0x1.9ec287c886a3fp-12,0x1.d07921f385e8dp-514,0x1.9ec287c886a4p-12,3.95545849217224937e-04
3,5,0x1.a6338bcfd93d6p-14,0x1.d07921f385e8dp-514,0x1.a6338bcfd93d7p-14,1.00660646464925118e-04
3,6,0x1.a0ab06a56eb8fp-16,0x1.d07921f385e8dp-514,0x1.a0ab06a56eb9p-16,2.48353523113298649e-05
3,7,0x1.92d0859b78786p-18,0x1.d07921f385e8dp-514,0x1.92d0859b78787p-18,6.00240437218121390e-06
3,8,0x1.80a8b9e44a78p-20,0x1.d07921f385e8dp-514,0x1.80a8b9e44a781p-20,1.43296676309099136e-06
3,9,0x1.6cdbf2c04cd2p-22,0x1.d07921f385e8dp-514,0x1.6cdbf2c04cd21p-22,3.39801584220427183e-07
3,10,0x1.58b58715a30b8p-24,0x1.d07921f385e8dp-514,0x1.58b58715a30b9p-24,8.02588398745709305e-08
3,11,0x1.448f4746d7d5p-26,0x1.d07921f385e8dp-514,0x1.448f4746d7d51p-26,1.88918598780059802e-08
3,12,0x1.3053a75ef8279p-28,0x1.d07921f385e8dp-514,0x1.3053a75ef827ap-28,4.42853739701077698e-09
3,13,0x1.1bdf485c245ep-30,0x1.d07921f385e8dp-514,0x1.1bdf485c245e1p-30,1.03272103979145785e-09
3,14,0x1.0730a1ac51fabp-32,0x1.d07921f385e8dp-514,0x1.0730a1ac51facp-32,2.39369880488198125e-10
3,15,0x1.e4de176a71c49p-35,0x1.d07921f385e8dp-514,0x1.e4de176a71c4ap-35,5.51230578817841747e-11
3,16,0x1.bbb87efa7fa95p-37,0x1.d07921f385e8dp-514,0x1.bbb87efa7fa96p-37,1.26113004494728388e-11
3,17,0x1.93821f96b0a2ap-39,0x1.d07921f385e8dp-514,0x1.93821f96b0a2bp-39,2.86709887478966018e-12
3,18,0x1.6cbdbc919b9dp-41,0x1.d07921f385e8dp-514,0x1.6cbdbc919b9d1p-41,6.47910451656572732e-13
3,19,0x1.47d0f8560be05p-43,0x1.d07921f385e8dp-514,0x1.47d0f8560be06p-43,1.45579676894970047e-13
3,20,0x1.250224ca1cf8fp-45,0x1.d07921f385e8dp-514,0x1.250224ca1cf9p-45,3.25304643071000728e-14
3,21,0x1.047cb0a43843bp-47,0x1.d07921f385e8dp-514,0x1.047cb0a43843cp-47,7.22996857758053883e-15
3,22,0x1.ccaf003af0a9p-50,0x1.d07921f385e8dp-514,0x1.ccaf003af0a91p-50,1.59831730233949737e-15
3,23,0x1.9534f7e7f7993p-52,0x1.d07921f385e8dp-514,0x1.9534f7e7f7994p-52,3.51460967748535380e-16
3,24,0x1.6284e3fb045e2p-54,0x1.d07921f385e8dp-514,0x1.6284e3fb045e3p-54,7.68740764853269682e-17
3,25,0x1.3486f4058ab03p-56,0x1.d07921f385e8dp-514,0x1.3486f4058ab04p-56,1.67252909099856163e-17
3,26,0x1.0b14eb94e27dp-58,0x1.d07921f385e8dp-514,0x1.0b14eb94e27d1p-58,3.61963225898354610e-18
3,27,0x1.cbf8da4e080a9p-61,0x1.d07921f385e8dp-514,0x1.cbf8da4e080aap-61,7.79223014961835027e-19
3,28,0x1.8a02666fc98a5p-63,0x1.d07921f385e8dp-514,0x1.8a02666fc98a6p-63,1.66869461313005373e-19
3,29,0x1.4fbed856737bap-65,0x1.d07921f385e8dp-514,0x1.4fbed856737bbp-65,3.55484363368704675e-20
3,30,0x1.1c9c512f12a09p-67,0x1.d07921f385e8dp-514,0x1.1c9c512f12a0ap-67,7.53358021873388644e-21
3,31,0x1.e006c6866749dp-70,0x1.d07921f385e8dp-514,0x1.e006c6866749ep-70,1.58827434723604189e-21
3,32,0x1.92b6815d54e0ep-72,0x1.d07921f385e8dp-514,0x1.92b6815d54e0fp-72,3.33116312773563467e-22
3,33,0x1.501a7b0eb2d4bp-74,0x1.d07921f385e8dp-514,0x1.501a7b0eb2d4cp-74,6.95045623879340227e-23
3,34,0x1.170f30099ef55p-76,0x1.d07921f385e8dp-514,0x1.170f30099ef56p-76,1.44270290522397039e-23
3,35,0x1.ccfe4268f80cap-79,0x1.d07921f385e8dp-514,0x1.ccfe4268f80cbp-79,2.97909873633511400e-24
3,36,0x1.7acb9ed2515ebp-81,0x1.d07921f385e8dp-514,0x1.7acb9ed2515ecp-81,6.11976961975085867e-25
3,37,0x1.35a36709a97a5p-83,0x1.d07921f385e8dp-514,0x1.35a36709a97a6p-83,1.25061909767422311e-25
3,38,0x1.f79582cfa4fadp-86,0x1.d07921f385e8dp-514,0x1.f79582cfa4faep-86,2.54244961028086996e-26
3,39,0x1.975fdf8605406p-88,0x1.d07921f385e8dp-514,0x1.975fdf8605407p-88,5.14178912548756738e-27
3,40,0x1.47d433b7574a1p-90,0x1.d07921f385e8dp-514,0x1.47d433b7574a2p-90,1.03444565582091196e-27
3,41,0x1.067066f6fdbd2p-92,0x1.d07921f385e8dp-514,0x1.067066f6fdbd3p-92,2.07027923207747741e-28
3,42,0x1.a1fcc12974194p-95,0x1.d07921f385e8dp-514,0x1.a1fcc12974195p-95,4.12167321916086256e-29
3,43,0x1.4b1ecb6280b51p-97,0x1.d07921f385e8dp-514,0x1.4b1ecb6280b52p-97,8.16274538814625404e-30
3,44,0x1.04ed80b5947b7p-99,0x1.d07921f385e8dp-514,0x1.04ed80b5947b8p-99,1.60809138495454088e-30
3,45,0x1.990fe4860a2cfp-102,0x1.d07921f385e8dp-514,0x1.990fe4860a2dp-102,3.15129964166746670e-31
3,46,0x1.3ef3891735e67p-104,0x1.d07921f385e8dp-514,0x1.3ef3891735e68p-104,6.14277879862131675e-32
3,47,0x1.eebd44ca36d7bp-107,0x1.d07921f385e8dp-514,0x1.eebd44ca36d7cp-107,1.19104161505937585e-32
3,48,0x1.7da898ab2a62ep-109,0x1.d07921f385e8dp-514,0x1.7da898ab2a62fp-109,2.29702402145286926e-33
3,49,0x1.24d87d7e0fe54p-111,0x1.d07921f385e8dp-514,0x1.24d87d7e0fe55p-111,4.40625183627120676e-34
3,50,0x1.befa28d274354p-114,0x1.d07921f385e8dp-514,0x1.befa28d274355p-114,8.40670650206348630e-35
3,51,0x1.53444a3adbcbbp-116,0x1.d07921f385e8dp-514,0x1.53444a3adbcbcp-116,1.59522462819807909e-35
3,52,0x1.001b834ff0d17p-118,0x1.d07921f385e8dp-514,0x1.001b834ff0d18p-118,3.01052887028622647e-36
3,53,0x1.808a88092ba46p-121,0x1.d07921f385e8dp-514,0x1.808a88092ba47p-121,5.65032419577680083e-37
3,54,0x1.1f18802b177abp-123,0x1.d07921f385e8dp-514,0x1.1f18802b177acp-123,1.05462306308752463e-37
3,55,0x1.aa4d284549cep-126,0x1.d07921f385e8dp-514,0x1.aa4d284549ce1p-126,1.95748000949217162e-38
3,56,0x1.3aba4e8f6f458p-128,0x1.d07921f385e8dp-514,0x1.3aba4e8f6f459p-128,3.61289751346281719e-39
3,57,0x1.ce160da3d565fp-131,0x1.d07921f385e8dp-514,0x1.ce160da3d566p-131,6.63061100806546413e-40
3,58,0x1.5149cadae29cp-133,0x1.d07921f385e8dp-514,0x1.5149cadae29c1p-133,1.20996226294424809e-40
3,59,0x1.e99091123c78dp-136,0x1.d07921f385e8dp-514,0x1.e99091123c78ep-136,2.19528410038797465e-41
3,60,0x1.613d5c91b9231p-138,0x1.d07921f385e8dp-514,0x1.613d5c91b9232p-138,3.95995392306046701e-42
3,61,0x1.fac785d13cc4bp-141,0x1.d07921f385e8dp-514,0x1.fac785d13cc4cp-141,7.10149174849457649e-43
3,62,0x1.69643189db3c4p-143,0x1.d07921f385e8dp-514,0x1.69643189db3c5p-143,1.26604296767988767e-43
3,63,0x1.002f994b23d6bp-145,0x1.d07921f385e8dp-514,0x1.002f994b23d6cp-145,2.24370596404423889e-44
3,64,0x1.690b5d89bc567p-148,0x1.d07921f385e8dp-514,0x1.690b5d89bc568p-148,3.95258560707667381e-45
3,65,0x1.f9c2226421bd5p-151,0x1.d07921f385e8dp-514,0x1.f9c2226421bd6p-151,6.92107794269460685e-46
3,66,0x1.6016b1c7b6bc4p-153,0x1.d07921f385e8dp-514,0x1.6016b1c7b6bc5p-153,1.20454415245317096e-46
3,67,0x1.e738ea10c6dafp-156,0x1.d07921f385e8dp-514,0x1.e738ea10c6dbp-156,2.08356900324113842e-47
3,68,0x1.4f08a08d73007p-158,0x1.d07921f385e8dp-514,0x1.4f08a08d73008p-158,3.58186499846682304e-48
3,69,0x1.c9e7f1e987859p-161,0x1.d07921f385e8dp-514,0x1.c9e7f1e98785ap-161,6.11937545493368824e-49
3,70,0x1.36f714420c9cep-163,0x1.d07921f385e8dp-514,0x1.36f714420c9cfp-163,1.03892085829955987e-49
3,71,0x1.a3b27c6ec7af3p-166,0x1.d07921f385e8dp-514,0x1.a3b27c6ec7af4p-166,1.75273733593805264e-50
3,72,0x1.196e4bac80d06p-168,0x1.d07921f385e8dp-514,0x1.196e4bac80d07p-168,2.93827509117221188e-51
3,73,0x1.7706b31f82b33p-171,0x1.d07921f385e8dp-514,0x1.7706b31f82b34p-171,4.89431989458866984e-52
3,74,0x1.f08bd4c6f50eap-174,0x1.d07921f385e8dp-514,0x1.f08bd4c6f50ebp-174,8.10028809596894182e-53
3,75,0x1.469a82ad52077p-176,0x1.d07921f385e8dp-514,0x1.469a82ad52078p-176,1.33199227894956648e-53
3,76,0x1.aadd9d267a8bep-179,0x1.d07921f385e8dp-514,0x1.aadd9d267a8bfp-179,2.17611603401981175e-54
3,77,0x1.15239ab43ebc3p-181,0x1.d07921f385e8dp-514,0x1.15239ab43ebc4p-181,3.53206420453067429e-55
3,78,0x1.6582af3322891p-184,0x1.d07921f385e8dp-514,0x1.6582af3322892p-184,5.69547063130307045e-56
3,79,0x1.ca2ac0df3ff0bp-187,0x1.d07921f385e8dp-514,0x1.ca2ac0df3ff0cp-187,9.12377688000780754e-57
3,80,0x1.23a6b001b9857p-189,0x1.d07921f385e8dp-514,0x1.23a6b001b9858p-189,1.45195951613262973e-57
3,81,0x1.70dbe877a075bp-192,0x1.d07921f385e8dp-514,0x1.70dbe877a075cp-192,2.29541529144309810e-58
3,82,0x1.cf6c4254f396cp-195,0x1.d07921f385e8dp-514,0x1.cf6c4254f396dp-195,3.60485963350629815e-59
3,83,0x1.2130042fb5e3fp-197,0x1.d07921f385e8dp-514,0x1.2130042fb5e4p-197,5.62380821308122049e-60
3,84,0x1.66871dc4b9282p-200,0x1.d07921f385e8dp-514,0x1.66871dc4b9283p-200,8.71532798582260037e-61
3,85,0x1.b98b63c9fe5c1p-203,0x1.d07921f385e8dp-514,0x1.b98b63c9fe5c2p-203,1.34166900190384316e-61
3,86,0x1.0e162e91cfe97p-205,0x1.d07921f385e8dp-514,0x1.0e162e91cfe98p-205,2.05170085137188396e-62
3,87,0x1.483900ac841c4p-208,0x1.d07921f385e8dp-514,0x1.483900ac841c5p-208,3.11666056575573384e-63
3,88,0x1.8c39973562e21p-211,0x1.d07921f385e8dp-514,0x1.8c39973562e22p-211,4.70297622945372572e-64
3,89,0x1.db24ce38b0ef3p-214,0x1.d07921f385e8dp-514,0x1.db24ce38b0ef4p-214,7.04962480164757794e-65
3,90,0x1.1b00d46b65a01p-216,0x1.d07921f385e8dp-514,0x1.1b00d46b65a02p-216,1.04971736316327809e-65
3,91,0x1.4ee46e76e509fp-219,0x1.d07921f385e8dp-514,0x1.4ee46e76e50ap-219,1.55273077265357673e-66
3,92,0x1.89ada9ef354c5p-222,0x1.d07921f385e8dp-514,0x1.89ada9ef354c6p-222,2.28161601114963419e-67
3,93,0x1.cbbbeb94479c5p-225,0x1.d07921f385e8dp-514,0x1.cbbbeb94479c6p-225,3.33056331183030888e-68
3,94,0x1.0aac0cc3804cdp-227,0x1.d07921f385e8dp-514,0x1.0aac0cc3804cep-227,4.82979336603434489e-69
3,95,0x1.33578af7727fcp-230,0x1.d07921f385e8dp-514,0x1.33578af7727fdp-230,6.95797548839795555e-70
3,96,0x1.5fe62cad31306p-233,0x1.d07921f385e8dp-514,0x1.5fe62cad31307p-233,9.95839216151720994e-71
3,97,0x1.904a74c3ab95ep-236,0x1.d07921f385e8dp-514,0x1.904a74c3ab95fp-236,1.41597868090169097e-71
3,98,0x1.c461768d29f8ap-239,0x1.d07921f385e8dp-514,0x1.c461768d29f8bp-239,2.00030008706620963e-72
3,99,0x1.fbf10ed50fa57p-242,0x1.d07921f385e8dp-514,0x1.fbf10ed50fa58p-242,2.80746851522929979e-73
3,100,0x1.1b5355c054d3dp-244,0x1.d07921f385e8dp-514,0x1.1b5355c054d3ep-244,3.91495521432710188e-74
3,101,0x1.3a0b5f158f432p-247,0x1.d07921f385e8dp-514,0x1.3a0b5f158f433p-247,5.42428108325050586e-75
3,102,0x1.59de789d4cb81p-250,0x1.d07921f385e8dp-514,0x1.59de789d4cb82p-250,7.46745805798571924e-76
3,103,0x1.7a7e982aea2c7p-253,0x1.d07921f385e8dp-514,0x1.7a7e982aea2c8p-253,1.02148199384472284e-76
3,104,0x1.9b92c6882ce3dp-256,0x1.d07921f385e8dp-514,0x1.9b92c6882ce3ep-256,1.38844404416400401e-77
3,105,0x1.bcb87fb8de169p-259,0x1.d07921f385e8dp-514,0x1.bcb87fb8de16ap-259,1.87533345483973122e-78
3,106,0x1.dd857c0d4024ep-262,0x1.d07921f385e8dp-514,0x1.dd857c0d4024fp-262,2.51706268765399471e-79
3,107,0x1.fd89d7dec4b71p-265,0x1.d07921f385e8dp-514,0x1.fd89d7dec4b72p-265,3.35728450084662150e-80
3,108,0x1.0e29457f9f338p-267,0x1.d07921f385e8dp-514,0x1.0e29457f9f339p-267,4.45014534871192150e-81
3,109,0x1.1cb60e459c841p-270,0x1.d07921f385e8dp-514,0x1.1cb60e459c842p-270,5.86226827251068171e-82
3,110,0x1.2a32be1c6d531p-273,0x1.d07921f385e8dp-514,0x1.2a32be1c6d532p-273,7.67496238184620161e-83
3,111,0x1.366973d0a7317p-276,0x1.d07921f385e8dp-514,0x1.366973d0a7318p-276,9.98664532752011361e-84
3,112,0x1.41286048bc605p-279,0x1.d07921f385e8dp-514,0x1.41286048bc606p-279,1.29154519904441084e-84
3,113,0x1.4a431ca26d70dp-282,0x1.d07921f385e8dp-514,0x1.4a431ca26d70ep-282,1.66019869723821080e-85
3,114,0x1.5193de4a8a1d4p-285,0x1.d07921f385e8dp-514,0x1.5193de4a8a1d5p-285,2.12121605432785718e-86
3,115,0x1.56fc7d4b8a22dp-288,0x1.d07921f385e8dp-514,0x1.56fc7d4b8a22ep-288,2.69400278314828832e-87
3,116,0x1.5a6742db54b44p-291,0x1.d07921f385e8dp-514,0x1.5a6742db54b45p-291,3.40105298018886686e-88
3,117,0x1.5bc77878cd23p-294,0x1.d07921f385e8dp-514,0x1.5bc77878cd231p-294,4.26820127436842194e-89
3,118,0x1.5b19b28f09e92p-297,0x1.d07921f385e8dp-514,0x1.5b19b28f09e93p-297,5.32483816057843812e-90
3,119,0x1.5863d471c0b7ap-300,0x1.d07921f385e8dp-514,0x1.5863d471c0b7bp-300,6.60407228156937155e-91
3,120,0x1.53b4ce74e88f2p-303,0x1.d07921f385e8dp-514,0x1.53b4ce74e88f3p-303,8.14282156294896377e-92
3,121,0x1.4d2419b911a83p-306,0x1.d07921f385e8dp-514,0x1.4d2419b911a84p-306,9.98181391623112274e-93
3,122,0x1.44d0f7e0fffb1p-309,0x1.d07921f385e8dp-514,0x1.44d0f7e0fffb2p-309,1.21654776688997156e-93
3,123,0x1.3ae17f22d532ep-312,0x1.d07921f385e8dp-514,0x1.3ae17f22d532fp-312,1.47417021216446800e-94
3,124,0x1.2f817ced34dfap-315,0x1.d07921f385e8dp-514,0x1.2f817ced34dfbp-315,1.77614498224003506e-95
3,125,0x1.22e13a94e1bb1p-318,0x1.d07921f385e8dp-514,0x1.22e13a94e1bb2p-318,2.12782044116258041e-96
3,126,0x1.153430279f60cp-321,0x1.d07921f385e8dp-514,0x1.153430279f60dp-321,2.53472413237914931e-97
3,127,0x1.06afb194ce35bp-324,0x1.d07921f385e8dp-514,0x1.06afb194ce35cp-324,3.00247132677511750e-98
3,128,0x1.ef1343c57f219p-328,0x1.d07921f385e8dp-514,0x1.ef1343c57f21ap-328,3.53665482347205992e-99
3,129,0x1.cfee6e6026e82p-331,0x1.d07921f385e8dp-514,0x1.cfee6e6026e83p-331,4.14271647086712428e-100
3,130,0x1.b057b1bef1299p-334,0x1.d07921f385e8dp-514,0x1.b057b1bef129ap-334,4.82580166162496006e-101
3,131,0x1.90b03f362ae03p-337,0x1.d07921f385e8dp-514,0x1.90b03f362ae04p-337,5.59059891104400531e-102
3,132,0x1.7151f9eeaaa25p-340,0x1.d07921f385e8dp-514,0x1.7151f9eeaaa26p-340,6.44116752178078810e-103
3,133,0x1.528e1cfe022a8p-343,0x1.d07921f385e8dp-514,0x1.528e1cfe022a9p-343,7.38075723102253422e-104
3,134,0x1.34ac3beef011dp-346,0x1.d07921f385e8dp-514,0x1.34ac3beef011ep-346,8.41162458520565746e-105
3,135,0x1.17e99d97d135dp-349,0x1.d07921f385e8dp-514,0x1.17e99d97d135ep-349,9.53485154519254836e-106
3,136,0x1.f8f1db786517fp-353,0x1.d07921f385e8dp-514,0x1.f8f1db786518p-353,1.07501724432119104e-106
3,137,0x1.c5047e2a2fcfdp-356,0x1.d07921f385e8dp-514,0x1.c5047e2a2fcfep-356,1.20558158452383663e-107
3,138,0x1.9446aa1d42199p-359,0x1.d07921f385e8dp-514,0x1.9446aa1d4219ap-359,1.34483680766053359e-108
3,139,0x1.66e055b9993bcp-362,0x1.d07921f385e8dp-514,0x1.66e055b9993bdp-362,1.49226651098457069e-109
3,140,0x1.3ce758fb7fe7dp-365,0x1.d07921f385e8dp-514,0x1.3ce758fb7fe7ep-365,1.64717191674374130e-110
3,141,0x1.16612b9e5c69bp-368,0x1.d07921f385e8dp-514,0x1.16612b9e5c69cp-368,1.80866857463892570e-111
3,142,0x1.e689afe017f4fp-372,0x1.d07921f385e8dp-514,0x1.e689afe017f5p-372,1.97568758289114909e-112
3,143,0x1.a6fa17ef7eebdp-375,0x1.d07921f385e8dp-514,0x1.a6fa17ef7eebep-375,2.14698168219624646e-113
3,144,0x1.6dd4690e3b85bp-378,0x1.d07921f385e8dp-514,0x1.6dd4690e3b85cp-378,2.32113643019686435e-114
3,145,0x1.3ac920933faa7p-381,0x1.d07921f385e8dp-514,0x1.3ac920933faa8p-381,2.49658649786562901e-115
3,146,0x1.0d7c57850ce84p-384,0x1.d07921f385e8dp-514,0x1.0d7c57850ce85p-384,2.67163694959874091e-116
3,147,0x1.cb12e8d7e150ep-388,0x1.d07921f385e8dp-514,0x1.cb12e8d7e150fp-388,2.84448918318707172e-117
3,148,0x1.850d0a2c8255bp-391,0x1.d07921f385e8dp-514,0x1.850d0a2c8255cp-391,3.01327102223797267e-118
3,149,0x1.480e689d17474p-394,0x1.d07921f385e8dp-514,0x1.480e689d17475p-394,3.17607028042979524e-119
3,150,0x1.133ea9dfdff43p-397,0x1.d07921f385e8dp-514,0x1.133ea9dfdff44p-397,3.33097096251062159e-120
3,151,0x1.cb94023bdb1b3p-401,0x1.d07921f385e8dp-514,0x1.cb94023bdb1b4p-401,3.47609113889636370e-121
3,152,0x1.7dc92fe7dcddcp-404,0x1.d07921f385e8dp-514,0x1.7dc92fe7dcdddp-404,3.60962143579785020e-122
3,153,0x1.3b9a5c5a47842p-407,0x1.d07921f385e8dp-514,0x1.3b9a5c5a47843p-407,3.72986302632997785e-123
3,154,0x1.039e0063ea945p-410,0x1.d07921f385e8dp-514,0x1.039e0063ea946p-410,3.83526399357434141e-124
3,155,0x1.a90c1e37e7037p-414,0x1.d07921f385e8dp-514,0x1.a90c1e37e7038p-414,3.92445296571851822e-125
3,156,0x1.5a42abe5936a5p-417,0x1.d07921f385e8dp-514,0x1.5a42abe5936a6p-417,3.99626899571547360e-126
3,157,0x1.18b7d09040434p-420,0x1.d07921f385e8dp-514,0x1.18b7d09040435p-420,4.04978677079916709e-127
3,158,0x1.c4fb0a7c3b974p-424,0x1.d07921f385e8dp-514,0x1.c4fb0a7c3b975p-424,4.08433638618444161e-128
3,159,0x1.6bbb3e35e9d33p-427,0x1.d07921f385e8dp-514,0x1.6bbb3e35e9d34p-427,4.09951709605533746e-129
3,160,0x1.22add54c48f83p-430,0x1.d07921f385e8dp-514,0x1.22add54c48f84p-430,4.09520465588198548e-130
3,161,0x1.ce66780b12bedp-434,0x1.d07921f385e8dp-514,0x1.ce66780b12beep-434,4.07155208446285433e-131
3,162,0x1.6e0d7d085b0ap-437,0x1.d07921f385e8dp-514,0x1.6e0d7d085b0a1p-437,4.02898389269410787e-132
3,163,0x1.206c4894ffa45p-440,0x1.d07921f385e8dp-514,0x1.206c4894ffa46p-440,3.96818403963461617e-133
3,164,0x1.c464bc8898768p-444,0x1.d07921f385e8dp-514,0x1.c464bc8898769p-444,3.89007807605889979e-134
3,165,0x1.6125011769a72p-447,0x1.d07921f385e8dp-514,0x1.6125011769a73p-447,3.79581011341415315e-135
3,166,0x1.12655a1c97292p-450,0x1.d07921f385e8dp-514,0x1.12655a1c97293p-450,3.68671540515689745e-136
3,167,0x1.a8744e802b0d1p-454,0x1.d07921f385e8dp-514,0x1.a8744e802b0d2p-454,3.56428944257425100e-137
3,168,0x1.46c8dff4d03ccp-457,0x1.d07921f385e8dp-514,0x1.46c8dff4d03cdp-457,3.43015454498003186e-138
3,169,0x1.f4e2cbb9f324ap-461,0x1.d07921f385e8dp-514,0x1.f4e2cbb9f324cp-461,3.28602496298144147e-139
3,170,0x1.7e215854de902p-464,0x1.d07921f385e8dp-514,0x1.7e215854de90ap-464,3.13367151352090888e-140
3,171,0x1.2236c962841c3p-467,0x1.d07921f385e8dp-514,0x1.2236c962841fep-467,2.97488672862386025e-141
3,172,0x1.b6d50c73ae8eep-471,0x1.d07921f385e8dp-514,0x1.b6d50c73aec9p-471,2.81145142972055452e-142
3,173,0x1.4a4b3eb7ebfe7p-474,0x1.d07921f385e8dp-514,0x1.4a4b3eb7edcfp-474,2.64510354080654342e-143
3,174,0x1.eefc85aa4b1d9p-478,0x1.d07921f385e8dp-514,0x1.eefc85aa68253p-478,2.47750983241967473e-144
3,175,0x1.714105638ee98p-481,0x1.d07921f385e8dp-514,0x1.7141056477262p-481,2.31024115084110860e-145
3,176,0x1.123e186bbe822p-484,0x1.d07921f385e8dp-514,0x1.123e18730066bp-484,2.14475154096892765e-146
3,177,0x1.9590b24273b5cp-488,0x1.d07921f385e8dp-514,0x1.9590b2b691fe5p-488,1.98236153531168431e-147
3,178,0x1.2a92cb116622fp-491,0x1.d07921f385e8dp-514,0x1.2a92ceb25866ep-491,1.82424587961199065e-148
3,179,0x1.b5b2a73170bb7p-495,0x1.d07921f385e8dp-514,0x1.b5b2e14094f9fp-495,1.67142728292606000e-149
3,180,0x1.3f6eab9cf85b4p-498,0x1.d07921f385e8dp-514,0x1.3f707c161a4edp-498,1.52479221695957611e-150
3,181,0x1.d03ab0f51bfaep-502,0x1.d07921f385e8dp-514,0x1.d057b8873b335p-502,1.38529030801707260e-151
3,182,0x1.4fe129cce8541p-505,0x1.d07921f385e8dp-514,0x1.50c9665de2171p-505,1.25593504919710961e-152
3,183,0x1.e3f30d7d50f1p-509,0x1.d07921f385e8dp-514,0x1.f276d68ced205p-509,1.16178622813768086e-153
3,184,0x1.5b28f9266751p-512,0x1.d07921f385e8dp-514,0x1.cf4741a348cb4p-512,1.34972177838372146e-154
3,185,0x1.eff407a6949b6p-516,0x1.d07921f385e8dp-514,0x1.263b11ee9587ep-513,4.28608033240322520e-155
3,186,0x1.60c2dc043f6edp-519,0x1.d07921f385e8dp-514,0x1.db7f38d3a7e45p-514,3.46329917063288289e-155
3,187,0x1.f3b5a24e5b6b5p-523,0x1.d07921f385e8dp-514,0x1.d172fcc4ad169p-514,3.39011572140641001e-155
3,188,0x1.60737f720c3b1p-526,0x1.d07921f385e8dp-514,0x1.d08f292b7d09ap-514,3.38363375697533060e-155
3,189,0x1.ef19722db01d1p-530,0x1.d07921f385e8dp-514,0x1.d07b110cf8169p-514,3.38306205017552626e-155
3,190,0x1.5a4b6143ff6d5p-533,0x1.d07921f385e8dp-514,0x1.d0794d3cf2116p-514,3.38301183665594182e-155
3,191,0x1.e26bacc1b9f5ep-537,0x1.d07921f385e8dp-514,0x1.d07925b85d426p-514,3.38300744471852719e-155
3,192,0x1.4ea46b500083ep-540,0x1.d07921f385e8dp-514,0x1.d07922472f03bp-514,3.38300706216931109e-155
3,193,0x1.ce5b7824611d1p-544,0x1.d07921f385e8dp-514,0x1.d07921fabf56cp-514,3.38300702898585314e-155
3,194,0x1.3e19a83c6bf17p-547,0x1.d07921f385e8dp-514,0x1.d07921f424f5bp-514,3.38300702611925688e-155
3,195,0x1.b3eb853d0c041p-551,0x1.d07921f385e8dp-514,0x1.d07921f393884p-514,3.38300702587263653e-155
3,196,0x1.297a1cd5dc328p-554,0x1.d07921f385e8dp-514,0x1.d07921f387126p-514,3.38300702585150572e-155
3,197,0x1.945cced82c957p-558,0x1.d07921f385e8dp-514,0x1.d07921f386022p-514,3.38300702584970225e-155
3,198,0x1.11b84d4091f2cp-561,0x1.d07921f385e8dp-514,0x1.d07921f385ebp-514,3.38300702584954906e-155
3,199,0x1.7115e17cec63dp-565,0x1.d07921f385e8dp-514,0x1.d07921f385e91p-514,3.38300702584953623e-155
3,200,0x1.efb071122f31dp-569,0x1.d07921f385e8dp-514,0x1.d07921f385e8ep-514,3.38300702584953498e-155
3,201,0x1.4b8942c6afcf7p-572,0x1.d07921f385e8dp-514,0x1.d07921f385e8ep-514,3.38300702584953498e-155
3,202,0x1.b9bb33e99eedcp-576,0x1.d07921f385e8dp-514,0x1.d07921f385e8ep-514,3.38300702584953498e-155
3,203,0x1.251d6ba2bd533p-579,0x1.d07921f385e8dp-514,0x1.d07921f385e8ep-514,3.38300702584953498e-155
3,204,0x1.837815d147524p-583,0x1.d07921f385e8dp-514,0x1.d07921f385e8ep-514,3.38300702584953498e-155
3,205,0x1.fe30b8aa2c875p-587,0x1.d07921f385e8dp-514,0x1.d07921f385e8ep-514,3.38300702584953498e-155
3,206,0x1.4e947ee4dceb2p-590,0x1.d07921f385e8dp-514,0x1.d07921f385e8ep-514,3.38300702584953498e-155
3,207,0x1.b52064e25a16cp-594,0x1.d07921f385e8dp-514,0x1.d07921f385e8ep-514,3.38300702584953498e-155
3,208,0x1.1c72398f1e521p-597,0x1.d07921f385e8dp-514,0x1.d07921f385e8ep-514,3.38300702584953498e-155
3,209,0x1.70c2e73e9a39ep-601,0x1.d07921f385e8dp-514,0x1.d07921f385e8ep-514,3.38300702584953498e-155
3,210,0x1.dc3ba0c983464p-605,0x1.d07921f385e8dp-514,0x1.d07921f385e8ep-514,3.38300702584953498e-155
3,211,0x1.32561ea1a3db6p-608,0x1.d07921f385e8dp-514,0x1.d07921f385e8ep-514,3.38300702584953498e-155
3,212,0x1.88995f6d5d83bp-612,0x1.d07921f385e8dp-514,0x1.d07921f385e8ep-514,3.38300702584953498e-155
3,213,0x1.f53e0fc807843p-616,0x1.d07921f385e8dp-514,0x1.d07921f385e8ep-514,3.38300702584953498e-155
3,214,0x1.3ec3cc2049829p-619,0x1.d07921f385e8dp-514,0x1.d07921f385e8ep-514,3.38300702584953498e-155
3,215,0x1.93e8a2c84edf1p-623,0x1.d07921f385e8dp-514,0x1.d07921f385e8ep-514,3.38300702584953498e-155
3,216,0x1.fddfa30c4c621p-627,0x1.d07921f385e8dp-514,0x1.d07921f385e8ep-514,3.38300702584953498e-155
3,217,0x1.409d87ee9079bp-630,0x1.d07921f385e8dp-514,0x1.d07921f385e8ep-514,3.38300702584953498e-155
3,218,0x1.91b640e3f4d1cp-634,0x1.d07921f385e8dp-514,0x1.d07921f385e8ep-514,3.38300702584953498e-155
3,219,0x1.f573d4204076fp-638,0x1.d07921f385e8dp-514,0x1.d07921f385e8ep-514,3.38300702584953498e-155
3,220,0x1.37d22f3aac8d4p-641,0x1.d07921f385e8dp-514,0x1.d07921f385e8ep-514,3.38300702584953498e-155
3,221,0x1.825fac58e0f2fp-645,0x1.d07921f385e8dp-514,0x1.d07921f385e8ep-514,3.38300702584953498e-155
3,222,0x1.dcfe426055595p-649,0x1.d07921f385e8dp-514,0x1.d07921f385e8ep-514,3.38300702584953498e-155
3,223,0x1.255b27160cf5p-652,0x1.d07921f385e8dp-514,0x1.d07921f385e8ep-514,3.38300702584953498e-155
3,224,0x1.6784e7197e69ep-656,0x1.d07921f385e8dp-514,0x1.d07921f385e8ep-514,3.38300702584953498e-155
3,225,0x1.b7011d71e66d1p-660,0x1.d07921f385e8dp-514,0x1.d07921f385e8ep-514,3.38300702584953498e-155
3,226,0x1.0b0fbad9810c6p-663,0x1.d07921f385e8dp-514,0x1.d07921f385e8ep-514,3.38300702584953498e-155
3,227,0x1.43c0f534af957p-667,0x1.d07921f385e8dp-514,0x1.d07921f385e8ep-514,3.38300702584953498e-155
3,228,0x1.8712195477ad1p-671,0x1.d07921f385e8dp-514,0x1.d07921f385e8ep-514,3.38300702584953498e-155
3,229,0x1.d6b18bc599cd9p-675,0x1.d07921f385e8dp-514,0x1.d07921f385e8ep-514,3.38300702584953498e-155
3,230,0x1.1a40e1282d5b7p-678,0x1.d07921f385e8dp-514,0x1.d07921f385e8ep-514,3.38300702584953498e-155
3,231,0x1.514e47d2c74b3p-682,0x1.d07921f385e8dp-514,0x1.d07921f385e8ep-514,3.38300702584953498e-155
3,232,0x1.91ab0a81da72ep-686,0x1.d07921f385e8dp-514,0x1.d07921f385e8ep-514,3.38300702584953498e-155
3,233,0x1.dc9f9c886283bp-690,0x1.d07921f385e8dp-514,0x1.d07921f385e8ep-514,3.38300702584953498e-155
3,234,0x1.19c9e00c3826cp-693,0x1.d07921f385e8dp-514,0x1.d07921f385e8ep-514,3.38300702584953498e-155
3,235,0x1.4c078809debb9p-697,0x1.d07921f385e8dp-514,0x1.d07921f385e8ep-514,3.38300702584953498e-155
3,236,0x1.85dc89be14699p-701,0x1.d07921f385e8dp-514,0x1.d07921f385e8ep-514,3.38300702584953498e-155
3,237,0x1.c82c62fcb07d8p-705,0x1.d07921f385e8dp-514,0x1.d07921f385e8ep-514,3.38300702584953498e-155
3,238,0x1.09f4e037cb37dp-708,0x1.d07921f385e8dp-514,0x1.d07921f385e8ep-514,3.38300702584953498e-155
3,239,0x1.350acc29917e6p-712,0x1.d07921f385e8dp-514,0x1.d07921f385e8ep-514,3.38300702584953498e-155
3,240,0x1.65def0fcaf10ap-716,0x1.d07921f385e8dp-514,0x1.d07921f385e8ep-514,3.38300702584953498e-155
3,241,0x1.9cfdf0c7aed47p-720,0x1.d07921f385e8dp-514,0x1.d07921f385e8ep-514,3.38300702584953498e-155
3,242,0x1.daf90076b48f4p-724,0x1.d07921f385e8dp-514,0x1.d07921f385e8ep-514,3.38300702584953498e-155
3,243,0x1.10324bfab95a1p-727,0x1.d07921f385e8dp-514,0x1.d07921f385e8ep-514,3.38300702584953498e-155
3,244,0x1.36eb7230d5381p-731,0x1.d07921f385e8dp-514,0x1.d07921f385e8ep-514,3.38300702584953498e-155
3,245,0x1.61f2fde3e838ap-735,0x1.d07921f385e8dp-514,0x1.d07921f385e8ep-514,3.38300702584953498e-155
3,246,0x1.9192e9aa221dfp-739,0x1.d07921f385e8dp-514,0x1.d07921f385e8ep-514,3.38300702584953498e-155
3,247,0x1.c612fd3a84f7ep-743,0x1.d07921f385e8dp-514,0x1.d07921f385e8ep-514,3.38300702584953498e-155
3,248,0x1.ffb78f8dd11bap-747,0x1.d07921f385e8dp-514,0x1.d07921f385e8ep-514,3.38300702584953498e-155
3,249,0x1.1f601846c785dp-750,0x1.d07921f385e8dp-514,0x1.d07921f385e8ep-514,3.38300702584953498e-155
3,250,0x1.41b31f1e55d88p-754,0x1.d07921f385e8dp-514,0x1.d07921f385e8ep-514,3.38300702584953498e-155
3,251,0x1.66edb519a6f6p-758,0x1.d07921f385e8dp-514,0x1.d07921f385e8ep-514,3.38300702584953498e-155
3,252,0x1.8f241a97d5a26p-762,0x1.d07921f385e8dp-514,0x1.d07921f385e8ep-514,3.38300702584953498e-155
3,253,0x1.ba6533abe9bc4p-766,0x1.d07921f385e8dp-514,0x1.d07921f385e8ep-514,3.38300702584953498e-155
3,254,0x1.e8b9c646a176cp-770,0x1.d07921f385e8dp-514,0x1.d07921f385e8ep-514,3.38300702584953498e-155
3,255,0x1.0d11df36844bap-773,0x1.d07921f385e8dp-514,0x1.d07921f385e8ep-514,3.38300702584953498e-155
3,256,0x1.274ebe6053446p-777,0x1.d07921f385e8dp-514,0x1.d07921f385e8ep-514,3.38300702584953498e-155
3,257,0x1.430c99e443173p-781,0x1.d07921f385e8dp-514,0x1.d07921f385e8ep-514,3.38300702584953498e-155
3,258,0x1.60402c3da3fdep-785,0x1.d07921f385e8dp-514,0x1.d07921f385e8ep-514,3.38300702584953498e-155
3,259,0x1.7ed9953f720b3p-789,0x1.d07921f385e8dp-514,0x1.d07921f385e8ep-514,3.38300702584953498e-155
3,260,0x1.9ec42c3480c88p-793,0x1.d07921f385e8dp-514,0x1.d07921f385e8ep-514,3.38300702584953498e-155
3,261,0x1.bfe66200abe2p-797,0x1.d07921f385e8dp-514,0x1.d07921f385e8ep-514,3.38300702584953498e-155
3,262,0x1.e221b50f22812p-801,0x1.d07921f385e8dp-514,0x1.d07921f385e8ep-514,3.38300702584953498e-155
3,263,0x1.02a95c4ad3669p-804,0x1.d07921f385e8dp-514,0x1.d07921f385e8ep-514,3.38300702584953498e-155
3,264,0x1.14a89830d2a05p-808,0x1.d07921f385e8dp-514,0x1.d07921f385e8ep-514,3.38300702584953498e-155
3,265,0x1.26f82101defb1p-812,0x1.d07921f385e8dp-514,0x1.d07921f385e8ep-514,3.38300702584953498e-155
3,266,0x1.397f5de14ec9dp-816,0x1.d07921f385e8dp-514,0x1.d07921f385e8ep-514,3.38300702584953498e-155
3,267,0x1.4c23b8a4a7bfep-820,0x1.d07921f385e8dp-514,0x1.d07921f385e8ep-514,3.38300702584953498e-155
3,268,0x1.5ec8d6c508185p-824,0x1.d07921f385e8dp-514,0x1.d07921f385e8ep-514,3.38300702584953498e-155
3,269,0x1.7150dc684d669p-828,0x1.d07921f385e8dp-514,0x1.d07921f385e8ep-514,3.38300702584953498e-155
3,270,0x1.839cb8c072fcbp-832,0x1.d07921f385e8dp-514,0x1.d07921f385e8ep-514,3.38300702584953498e-155
3,271,0x1.958c7ac1ea006p-836,0x1.d07921f385e8dp-514,0x1.d07921f385e8ep-514,3.38300702584953498e-155
3,272,0x1.a6ffacee7430ap-840,0x1.d07921f385e8dp-514,0x1.d07921f385e8ep-514,3.38300702584953498e-155
3,273,0x1.b7d5b6328981cp-844,0x1.d07921f385e8dp-514,0x1.d07921f385e8ep-514,3.38300702584953498e-155
3,274,0x1.c7ee3615731f6p-848,0x1.d07921f385e8dp-514,0x1.d07921f385e8ep-514,3.38300702584953498e-155
3,275,0x1.d728ebce7ddbcp-852,0x1.d07921f385e8dp-514,0x1.d07921f385e8ep-514,3.38300702584953498e-155
3,276,0x1.e55f778f023c3p-856,0x1.d07921f385e8dp-514,0x1.d07921f385e8ep-514,3.38300702584953498e-155
3,277,0x1.f211c9bbe338ap-860,0x1.d07921f385e8dp-514,0x1.d07921f385e8ep-514,3.38300702584953498e-155
3,278,0x1.f88ecb48c35fep-864,0x1.d07921f385e8dp-514,0x1.d07921f385e8ep-514,3.38300702584953498e-155
3,279,0x1.c8f53f5a0b8c3p-868,0x1.d07921f385e8dp-514,0x1.d07921f385e8ep-514,3.38300702584953498e-155
3,280,0x0p+0,0x1.d07921f385e8dp-514,0x1.d07921f385e8dp-514,3.38300702584953457e-155
4,0,0x1.e99a9670aa838p-5,0x1.fb3c3be10f589p-513,0x1.e99a9670aa839p-5,5.97660959513892157e-02
4,1,0x1.45d85737b3ce2p-6,0x1.fb3c3be10f589p-513,0x1.45d85737b3ce3p-6,1.98880054220439521e-02
4,2,0x1.94def4b7b383bp-8,0x1.fb3c3be10f589p-513,0x1.94def4b7b383cp-8,6.17783999014248283e-03
4,3,0x1.db9201b9c9636p-10,0x1.fb3c3be10f589p-513,0x1.db9201b9c9637p-10,1.81415687115683648e-03
4,4,0x1.0b60bf5c8892cp-11,0x1.fb3c3be10f589p-513,0x1.0b60bf5c8892dp-11,5.09982910049699306e-04
4,5,0x1.23411a66c20c9p-13,0x1.fb3c3be10f589p-513,0x1.23411a66c20cap-13,1.38880877067265520e-04
4,6,0x1.368e7ce18178bp-15,0x1.fb3c3be10f589p-513,0x1.368e7ce18178cp-15,3.70212308205406426e-05
4,7,0x1.46c4fa419b20fp-17,0x1.fb3c3be10f589p-513,0x1.46c4fa419b21p-17,9.73848830484409030e-06
4,8,0x1.551b2fdfbf1f8p-19,0x1.fb3c3be10f589p-513,0x1.551b2fdfbf1f9p-19,2.54143922961816997e-06
4,9,0x1.623a1a6b4d6f6p-21,0x1.fb3c3be10f589p-513,0x1.623a1a6b4d6f7p-21,6.59799139246795191e-07
4,10,0x1.6e4479b79d9f7p-23,0x1.fb3c3be10f589p-513,0x1.6e4479b79d9f8p-23,1.70556587287143819e-07
4,11,0x1.7909f6ae2baebp-25,0x1.fb3c3be10f589p-513,0x1.7909f6ae2baecp-25,4.38931072472464547e-08
4,12,0x1.823fe20984993p-27,0x1.fb3c3be10f589p-513,0x1.823fe20984994p-27,1.12413412077481321e-08
4,13,0x1.89a836996f151p-29,0x1.fb3c3be10f589p-513,0x1.89a836996f152p-29,2.86423225130408129e-09
4,14,0x1.8f2147cce1bcbp-31,0x1.fb3c3be10f589p-513,0x1.8f2147cce1bccp-31,7.26013243976794063e-10
4,15,0x1.92a4251926dbep-33,0x1.fb3c3be10f589p-513,0x1.92a4251926dbfp-33,1.83100014998835390e-10
4,16,0x1.943b46e0a06bdp-35,0x1.fb3c3be10f589p-513,0x1.943b46e0a06bep-35,4.59558066556867083e-11
4,17,0x1.93f91a729d97ap-37,0x1.fb3c3be10f589p-513,0x1.93f91a729d97bp-37,1.14816049236349471e-11
4,18,0x1.91f215db86ee9p-39,0x1.fb3c3be10f589p-513,0x1.91f215db86eeap-39,2.85599558949488037e-12
4,19,0x1.8e3aafe5c00dep-41,0x1.fb3c3be10f589p-513,0x1.8e3aafe5c00dfp-41,7.07397245637980899e-13
4,20,0x1.88e7e41a680f3p-43,0x1.fb3c3be10f589p-513,0x1.88e7e41a680f4p-43,1.74485237071244757e-13
4,21,0x1.82109fb6fb9dcp-45,0x1.fb3c3be10f589p-513,0x1.82109fb6fb9ddp-45,4.28618182117912814e-14
4,22,0x1.79cef030289acp-47,0x1.fb3c3be10f589p-513,0x1.79cef030289adp-47,1.04862882954707131e-14
4,23,0x1.704075bb47e38p-49,0x1.fb3c3be10f589p-513,0x1.704075bb47e39p-49,2.55526014542822053e-15
4,24,0x1.65861c8da63d1p-51,0x1.fb3c3be10f589p-513,0x1.65861c8da63d2p-51,6.20205056043207191e-16
4,25,0x1.59c35d1e2583ap-53,0x1.fb3c3be10f589p-513,0x1.59c35d1e2583bp-53,1.49950858854074340e-16
4,26,0x1.4d1d4bda9802fp-55,0x1.fb3c3be10f589p-513,0x1.4d1d4bda9803p-55,3.61163398112236640e-17
4,27,0x1.3fb9acf5a1187p-57,0x1.fb3c3be10f589p-513,0x1.3fb9acf5a1188p-57,8.66617149684533774e-18
4,28,0x1.31be26f8dd7aap-59,0x1.fb3c3be10f589p-513,0x1.31be26f8dd7abp-59,2.07179367904855980e-18
4,29,0x1.234f9ac5c7fb6p-61,0x1.fb3c3be10f589p-513,0x1.234f9ac5c7fb7p-61,4.93499954226629869e-19
4,30,0x1.14919d0e25c89p-63,0x1.fb3c3be10f589p-513,0x1.14919d0e25c8ap-63,1.17131444044589355e-19
4,31,0x1.05a60a4ae1821p-65,0x1.fb3c3be10f589p-513,0x1.05a60a4ae1822p-65,2.77031225234496535e-20
4,32,0x1.ed595ecdf6854p-68,0x1.fb3c3be10f589p-513,0x1.ed595ecdf6855p-68,6.52942100960056804e-21
4,33,0x1.cf86077bafac1p-70,0x1.fb3c3be10f589p-513,0x1.cf86077bafac2p-70,1.53367078165823160e-21
4,34,0x1.b207e5fd9219fp-72,0x1.fb3c3be10f589p-513,0x1.b207e5fd921ap-72,3.59021906956246439e-22
4,35,0x1.950f6cf3ffa0ep-74,0x1.fb3c3be10f589p-513,0x1.950f6cf3ffa0fp-74,8.37644977199236242e-23
4,36,0x1.78c77aebc9fecp-76,0x1.fb3c3be10f589p-513,0x1.78c77aebc9fedp-76,1.94790290925632564e-23
4,37,0x1.5d5547a9fde1dp-78,0x1.fb3c3be10f589p-513,0x1.5d5547a9fde1ep-78,4.51502481439056259e-24
4,38,0x1.42d86bcc14b55p-80,0x1.fb3c3be10f589p-513,0x1.42d86bcc14b56p-80,1.04316973232715281e-24
4,39,0x1.296affc90ee67p-82,0x1.fb3c3be10f589p-513,0x1.296affc90ee68p-82,2.40252319205139250e-25
4,40,0x1.1121cf0c0acb5p-84,0x1.fb3c3be10f589p-513,0x1.1121cf0c0acb6p-84,5.51585813669082452e-26
4,41,0x1.f41937a332dcbp-87,0x1.fb3c3be10f589p-513,0x1.f41937a332dccp-87,1.26242611046484759e-26
4,42,0x1.c86ce1150a0b3p-89,0x1.fb3c3be10f589p-513,0x1.c86ce1150a0b4p-89,2.88044866242732663e-27
4,43,0x1.9f4bf7634406ep-91,0x1.fb3c3be10f589p-513,0x1.9f4bf7634406fp-91,6.55222730163700499e-28
4,44,0x1.78bbe66409227p-93,0x1.fb3c3be10f589p-513,0x1.78bbe66409228p-93,1.48595355915205676e-28
4,45,0x1.54baf9588bacfp-95,0x1.fb3c3be10f589p-513,0x1.54baf9588badp-95,3.35986082398080140e-29
4,46,0x1.3341303c19526p-97,0x1.fb3c3be10f589p-513,0x1.3341303c19527p-97,7.57441172568398674e-30
4,47,0x1.14411552be9d7p-99,0x1.fb3c3be10f589p-513,0x1.14411552be9d8p-99,1.70254815018869290e-30
4,48,0x1.ef511dea3c0b3p-102,0x1.fb3c3be10f589p-513,0x1.ef511dea3c0b4p-102,3.81578231146143852e-31
4,49,0x1.bac3544c032ddp-104,0x1.fb3c3be10f589p-513,0x1.bac3544c032dep-104,8.52730529632918926e-32
4,50,0x1.8aa6b6295bc8ap-106,0x1.fb3c3be10f589p-513,0x1.8aa6b6295bc8bp-106,1.90017649133476821e-32
4,51,0x1.5ec4628e0329p-108,0x1.fb3c3be10f589p-513,0x1.5ec4628e03291p-108,4.22220573070363301e-33
4,52,0x1.36e1fb74105cfp-110,0x1.fb3c3be10f589p-513,0x1.36e1fb74105dp-110,9.35528725274629860e-34
4,53,0x1.12c2d3a403bf8p-112,0x1.fb3c3be10f589p-513,0x1.12c2d3a403bf9p-112,2.06707233636227214e-34
4,54,0x1.e451f9c25741bp-115,0x1.fb3c3be10f589p-513,0x1.e451f9c25741cp-115,4.55452543513895231e-35
4,55,0x1.a9ac6bdba64a3p-117,0x1.fb3c3be10f589p-513,0x1.a9ac6bdba64a4p-117,1.00075363794907589e-35
4,56,0x1.751971630ca12p-119,0x1.fb3c3be10f589p-513,0x1.751971630ca13p-119,2.19288110502446774e-36
4,57,0x1.461fd2d64424fp-121,0x1.fb3c3be10f589p-513,0x1.461fd2d64425p-121,4.79196606362408549e-37
4,58,0x1.1c49d0b2a5b12p-123,0x1.fb3c3be10f589p-513,0x1.1c49d0b2a5b13p-123,1.04431043290138292e-37
4,59,0x1.ee4c1ea0ef50ep-126,0x1.fb3c3be10f589p-513,0x1.ee4c1ea0ef50fp-126,2.26970208424260592e-38
4,60,0x1.ac909ef1d44ffp-128,0x1.fb3c3be10f589p-513,0x1.ac909ef1d45p-128,4.91968406888716190e-39
4,61,0x1.7293f0939efc3p-130,0x1.fb3c3be10f589p-513,0x1.7293f0939efc4p-130,1.06350638631090481e-39
4,62,0x1.3f94ee643e00fp-132,0x1.fb3c3be10f589p-513,0x1.3f94ee643e01p-132,2.29288669752797124e-40
4,63,0x1.12def5cab145cp-134,0x1.fb3c3be10f589p-513,0x1.12def5cab145dp-134,4.93025565805476463e-41
4,64,0x1.d794385ece5c8p-137,0x1.fb3c3be10f589p-513,0x1.d794385ece5c9p-137,1.05731665230214670e-41
4,65,0x1.93765abd00f71p-139,0x1.fb3c3be10f589p-513,0x1.93765abd00f72p-139,2.26148452924289516e-42
4,66,0x1.5846f7708ca33p-141,0x1.fb3c3be10f589p-513,0x1.5846f7708ca34p-141,4.82435130060204706e-43
4,67,0x1.25011502effb9p-143,0x1.fb3c3be10f589p-513,0x1.25011502effbap-143,1.02646593284778710e-43
4,68,0x1.f16e67f2fc303p-146,0x1.fb3c3be10f589p-513,0x1.f16e67f2fc304p-146,2.17828024955158819e-44
4,69,0x1.a5247101db3b3p-148,0x1.fb3c3be10f589p-513,0x1.a5247101db3b4p-148,4.61051662040346157e-45
4,70,0x1.63a063fb7b59ep-150,0x1.fb3c3be10f589p-513,0x1.63a063fb7b59fp-150,9.73318172284974422e-46
4,71,0x1.2b8616e22bb01p-152,0x1.fb3c3be10f589p-513,0x1.2b8616e22bb02p-152,2.04942491355119110e-46
4,72,0x1.f73cb8b16e01bp-155,0x1.fb3c3be10f589p-513,0x1.f73cb8b16e01cp-155,4.30411075446919909e-47
4,73,0x1.a5a87b9be539cp-157,0x1.fb3c3be10f589p-513,0x1.a5a87b9be539dp-157,9.01594388762555481e-48
4,74,0x1.60646fde31d13p-159,0x1.fb3c3be10f589p-513,0x1.60646fde31d14p-159,1.88372357798989833e-48
4,75,0x1.25bf08e0117dap-161,0x1.fb3c3be10f589p-513,0x1.25bf08e0117dbp-161,3.92557277531900269e-49
4,76,0x1.e875e7f0023a7p-164,0x1.fb3c3be10f589p-513,0x1.e875e7f0023a8p-164,8.15962609165824467e-50
4,77,0x1.9514247b35911p-166,0x1.fb3c3be10f589p-513,0x1.9514247b35912p-166,1.69168750805029024e-50
4,78,0x1.4f116cbad6b2ap-168,0x1.fb3c3be10f589p-513,0x1.4f116cbad6b2bp-168,3.49827383010956031e-51
4,79,0x1.14725ac803a4dp-170,0x1.fb3c3be10f589p-513,0x1.14725ac803a4ep-170,7.21559548699490327e-52
4,80,0x1.c6fe5b2f2e661p-173,0x1.fb3c3be10f589p-513,0x1.c6fe5b2f2e662p-173,1.48448581652950891e-52
4,81,0x1.75783766f2952p-175,0x1.fb3c3be10f589p-513,0x1.75783766f2953p-175,3.04625352415818080e-53
4,82,0x1.31c491e13f509p-177,0x1.fb3c3be10f589p-513,0x1.31c491e13f50ap-177,6.23508851242391295e-54
4,83,0x1.f36571f505249p-180,0x1.fb3c3be10f589p-513,0x1.f36571f50524ap-180,1.27293465334727008e-54
4,84,0x1.96c6c909aa283p-182,0x1.fb3c3be10f589p-513,0x1.96c6c909aa284p-182,2.59212943960738924e-55
4,85,0x1.4a7c831242811p-184,0x1.fb3c3be10f589p-513,0x1.4a7c831242812p-184,5.26495170735633296e-56
4,86,0x1.0bd12d7698bc1p-186,0x1.fb3c3be10f589p-513,0x1.0bd12d7698bc2p-186,1.06664313904066124e-56
4,87,0x1.b0f3be3674868p-189,0x1.fb3c3be10f589p-513,0x1.b0f3be3674869p-189,2.15541413167724850e-57
4,88,0x1.5d0eeafad902bp-191,0x1.fb3c3be10f589p-513,0x1.5d0eeafad902cp-191,4.34438993158930815e-58
4,89,0x1.18b323153c5c4p-193,0x1.fb3c3be10f589p-513,0x1.18b323153c5c5p-193,8.73399429045218785e-59
4,90,0x1.c24cb407391bap-196,0x1.fb3c3be10f589p-513,0x1.c24cb407391bbp-196,1.75138839212453748e-59
4,91,0x1.684287eb60ebfp-198,0x1.fb3c3be10f589p-513,0x1.684287eb60ecp-198,3.50297308981182320e-60
4,92,0x1.1f7bfe5443238p-200,0x1.fb3c3be10f589p-513,0x1.1f7bfe5443239p-200,6.98835741841647097e-61
4,93,0x1.c9a445254a6e6p-203,0x1.fb3c3be10f589p-513,0x1.c9a445254a6e7p-203,1.39058162447195956e-61
4,94,0x1.6b51dad862629p-205,0x1.fb3c3be10f589p-513,0x1.6b51dad86262ap-205,2.75994180589653937e-62
4,95,0x1.1fb219ea29b04p-207,0x1.fb3c3be10f589p-513,0x1.1fb219ea29b05p-207,5.46366816956878360e-63
4,96,0x1.c67392cdc742dp-210,0x1.fb3c3be10f589p-513,0x1.c67392cdc742ep-210,1.07881865354524850e-63
4,97,0x1.66017c027403ap-212,0x1.fb3c3be10f589p-513,0x1.66017c027403bp-212,2.12466769556203663e-64
4,98,0x1.194cc97a43617p-214,0x1.fb3c3be10f589p-513,0x1.194cc97a43618p-214,4.17359800858666556e-65
4,99,0x1.b8ea375bbe30cp-217,0x1.fb3c3be10f589p-513,0x1.b8ea375bbe30dp-217,8.17722142861165808e-66
4,100,0x1.58a788f826ad5p-219,0x1.fb3c3be10f589p-513,0x1.58a788f826ad6p-219,1.59799293184532713e-66
4,101,0x1.0cb5fba7ed3efp-221,0x1.fb3c3be10f589p-513,0x1.0cb5fba7ed3fp-221,3.11470005083827997e-67
4,102,0x1.a1ea0861d5e15p-224,0x1.fb3c3be10f589p-513,0x1.a1ea0861d5e16p-224,6.05519486522564777e-68
4,103,0x1.4422e4bb02b7fp-226,0x1.fb3c3be10f589p-513,0x1.4422e4bb02b8p-226,1.17410973384054111e-68
4,104,0x1.f57e3c02066eep-229,0x1.fb3c3be10f589p-513,0x1.f57e3c02066efp-229,2.27068030117684560e-69
4,105,0x1.82ef2005218cp-231,0x1.fb3c3be10f589p-513,0x1.82ef2005218c1p-231,4.37993859288118038e-70
4,106,0x1.29c37cad9722bp-233,0x1.fb3c3be10f589p-513,0x1.29c37cad9722cp-233,8.42641185879845312e-71
4,107,0x1.c915b2f3fcc78p-236,0x1.fb3c3be10f589p-513,0x1.c915b2f3fcc79p-236,1.61688004500041710e-71
4,108,0x1.5de7a974603b5p-238,0x1.fb3c3be10f589p-513,0x1.5de7a974603b6p-238,3.09436205951582214e-72
4,109,0x1.0b270aee630bep-240,0x1.fb3c3be10f589p-513,0x1.0b270aee630bfp-240,5.90636572415822051e-73
4,110,0x1.96ddd31896485p-243,0x1.fb3c3be10f589p-513,0x1.96ddd31896486p-243,1.12440566190630202e-73
4,111,0x1.35014d248b579p-245,0x1.fb3c3be10f589p-513,0x1.35014d248b57ap-245,2.13489598738761116e-74
4,112,0x1.d41ee112e258p-248,0x1.fb3c3be10f589p-513,0x1.d41ee112e2581p-248,4.04276859443919372e-75
4,113,0x1.61a4c1c00181fp-250,0x1.fb3c3be10f589p-513,0x1.61a4c1c00182p-250,7.63531394329405487e-76
4,114,0x1.0a7364e85210cp-252,0x1.fb3c3be10f589p-513,0x1.0a7364e85210dp-252,1.43819603864625686e-76
4,115,0x1.9070e72b0ccc3p-255,0x1.fb3c3be10f589p-513,0x1.9070e72b0ccc4p-255,2.70177828791986238e-77
4,116,0x1.2c19eb4aae37dp-257,0x1.fb3c3be10f589p-513,0x1.2c19eb4aae37ep-257,5.06196279006345344e-78
4,117,0x1.c09a439b0ad1p-260,0x1.fb3c3be10f589p-513,0x1.c09a439b0ad11p-260,9.45851468927833258e-79
4,118,0x1.4e64b085e1a31p-262,0x1.fb3c3be10f589p-513,0x1.4e64b085e1a32p-262,1.76262027740177774e-79
4,119,0x1.f12daa81fa9bep-265,0x1.fb3c3be10f589p-513,0x1.f12daa81fa9bfp-265,3.27584557911972232e-80
4,120,0x1.709b32d3cd93dp-267,0x1.fb3c3be10f589p-513,0x1.709b32d3cd93ep-267,6.07174998541859793e-81
4,121,0x1.108b23850e3bcp-269,0x1.fb3c3be10f589p-513,0x1.108b23850e3bdp-269,1.12234673372915959e-81
4,122,0x1.91f00242658ep-272,0x1.fb3c3be10f589p-513,0x1.91f00242658e1p-272,2.06899660607952182e-82
4,123,0x1.2793318ab21a7p-274,0x1.fb3c3be10f589p-513,0x1.2793318ab21a8p-274,3.80372301065328125e-83
4,124,0x1.b187de477e64bp-277,0x1.fb3c3be10f589p-513,0x1.b187de477e64cp-277,6.97382633624313242e-84
4,125,0x1.3d11542a1fa9ep-279,0x1.fb3c3be10f589p-513,0x1.3d11542a1fa9fp-279,1.27509702859646708e-84
4,126,0x1.ce826c5214693p-282,0x1.fb3c3be10f589p-513,0x1.ce826c5214694p-282,2.32499424660127546e-85
4,127,0x1.5067aeb27bc36p-284,0x1.fb3c3be10f589p-513,0x1.5067aeb27bc37p-284,4.22769570157067635e-86
4,128,0x1.e80419f854021p-287,0x1.fb3c3be10f589p-513,0x1.e80419f854022p-287,7.66629203514634124e-87
4,129,0x1.60ff74c1e8b94p-289,0x1.fb3c3be10f589p-513,0x1.60ff74c1e8b95p-289,1.38631965042702756e-87
4,130,0x1.fd40995c7847ep-292,0x1.fb3c3be10f589p-513,0x1.fd40995c7847fp-292,2.49996733500370225e-88
4,131,0x1.6e505e33fa5f9p-294,0x1.fb3c3be10f589p-513,0x1.6e505e33fa5fap-294,4.49567339114282022e-89
4,132,0x1.06c2a5f4fc1dcp-296,0x1.fb3c3be10f589p-513,0x1.06c2a5f4fc1ddp-296,8.06196932255613760e-90
4,133,0x1.77e7cda63f53dp-299,0x1.fb3c3be10f589p-513,0x1.77e7cda63f53ep-299,1.44168370612222107e-90
4,134,0x1.0c21713005543p-301,0x1.fb3c3be10f589p-513,0x1.0c21713005544p-301,2.57085613291263905e-91
4,135,0x1.7d6f2636efe67p-304,0x1.fb3c3be10f589p-513,0x1.7d6f2636efe68p-304,4.57152349867489557e-92
4,136,0x1.0e8abded23b13p-306,0x1.fb3c3be10f589p-513,0x1.0e8abded23b14p-306,8.10617535769010475e-93
4,137,0x1.7eb0d50a18342p-309,0x1.fb3c3be10f589p-513,0x1.7eb0d50a18343p-309,1.43330739105823742e-93
4,138,0x1.0de55098e3129p-311,0x1.fb3c3be10f589p-513,0x1.0de55098e312ap-311,2.52712920562776321e-94
4,139,0x1.7b9ba6e1fb42fp-314,0x1.fb3c3be10f589p-513,0x1.7b9ba6e1fb43p-314,4.44300467178241282e-95
4,140,0x1.0a324ee8ae14p-316,0x1.fb3c3be10f589p-513,0x1.0a324ee8ae141p-316,7.78903710783722046e-96
4,141,0x1.7444206958a22p-319,0x1.fb3c3be10f589p-513,0x1.7444206958a23p-319,1.36158553874908067e-96
4,142,0x1.038d7417b2fc1p-321,0x1.fb3c3be10f589p-513,0x1.038d7417b2fc2p-321,2.37332236072625257e-97
4,143,0x1.68e3b61fd047bp-324,0x1.fb3c3be10f589p-513,0x1.68e3b61fd047cp-324,4.12492145569696570e-98
4,144,0x1.f457861f6b69cp-327,0x1.fb3c3be10f589p-513,0x1.f457861f6b69dp-327,7.14855589929745483e-99
4,145,0x1.59d5eb8b208fp-329,0x1.fb3c3be10f589p-513,0x1.59d5eb8b208f1p-329,1.23526799762649569e-99
4,146,0x1.dcb1966d2c21dp-332,0x1.fb3c3be10f589p-513,0x1.dcb1966d2c21ep-332,2.12833941564265202e-100
4,147,0x1.47938c1f7de42p-334,0x1.fb3c3be10f589p-513,0x1.47938c1f7de43p-334,3.65640278877278364e-101
4,148,0x1.c0e56378606eap-337,0x1.fb3c3be10f589p-513,0x1.c0e56378606ebp-337,6.26321440496838188e-102
4,149,0x1.32ac56d812a4p-339,0x1.fb3c3be10f589p-513,0x1.32ac56d812a41p-339,1.06971313781208889e-102
4,150,0x1.a1ca93d011041p-342,0x1.fb3c3be10f589p-513,0x1.a1ca93d011042p-342,1.82163318098783967e-103
4,151,0x1.1bbf93bc99f74p-344,0x1.fb3c3be10f589p-513,0x1.1bbf93bc99f75p-344,3.09296402072411106e-104
4,152,0x1.80493108da2e9p-347,0x1.fb3c3be10f589p-513,0x1.80493108da2eap-347,5.23607663444689142e-105
4,153,0x1.03741d8526801p-349,0x1.fb3c3be10f589p-513,0x1.03741d8526802p-349,8.83794323660343951e-106
4,154,0x1.5d4e4eca878a7p-352,0x1.fb3c3be10f589p-513,0x1.5d4e4eca878a8p-352,1.48733045046465608e-106
4,155,0x1.d4e0deea1bfe3p-355,0x1.fb3c3be10f589p-513,0x1.d4e0deea1bfe4p-355,2.49558175378807807e-107
4,156,0x1.39c11af12ceb5p-357,0x1.fb3c3be10f589p-513,0x1.39c11af12ceb6p-357,4.17485400912874970e-108
4,157,0x1.a2a68054bfddbp-360,0x1.fb3c3be10f589p-513,0x1.a2a68054bfddcp-360,6.96326785856991889e-109
4,158,0x1.16790c656a5e7p-362,0x1.fb3c3be10f589p-513,0x1.16790c656a5e8p-362,1.15793573461649643e-109
4,159,0x1.715a3d999c79dp-365,0x1.fb3c3be10f589p-513,0x1.715a3d999c79ep-365,1.91978530542586859e-110
4,160,0x1.e86b879d9b7bp-368,0x1.fb3c3be10f589p-513,0x1.e86b879d9b7b1p-368,3.17332902100017332e-111
4,161,0x1.41f6d6ae8d578p-370,0x1.fb3c3be10f589p-513,0x1.41f6d6ae8d579p-370,5.22960926089190637e-112
4,162,0x1.a73207c4771e9p-373,0x1.fb3c3be10f589p-513,0x1.a73207c4771eap-373,8.59236311800780221e-113
4,163,0x1.1549c05e70312p-375,0x1.fb3c3be10f589p-513,0x1.1549c05e70313p-375,1.40748209715185470e-113
4,164,0x1.6a45e8564e81dp-378,0x1.fb3c3be10f589p-513,0x1.6a45e8564e81ep-378,2.29856999303306432e-114
4,165,0x1.d7defb3417c6fp-381,0x1.fb3c3be10f589p-513,0x1.d7defb3417c7p-381,3.74244126530836510e-115
4,166,0x1.32615cc4bc2bcp-383,0x1.fb3c3be10f589p-513,0x1.32615cc4bc2bdp-383,6.07480809990757721e-116
4,167,0x1.8ca63aed7cf5p-386,0x1.fb3c3be10f589p-513,0x1.8ca63aed7cf51p-386,9.83079049087900870e-117
4,168,0x1.fff3a336c5603p-389,0x1.fb3c3be10f589p-513,0x1.fff3a336c5604p-389,1.58606403986436469e-117
4,169,0x1.496103bbae4fep-391,0x1.fb3c3be10f589p-513,0x1.496103bbae4ffp-391,2.55110061972039228e-118
4,170,0x1.a689af2aa44b8p-394,0x1.fb3c3be10f589p-513,0x1.a689af2aa44b9p-394,4.09079145153040231e-119
4,171,0x1.0e31cf24a03c7p-396,0x1.fb3c3be10f589p-513,0x1.0e31cf24a03c8p-396,6.53970809756093461e-120
4,172,0x1.587fa072fe342p-399,0x1.fb3c3be10f589p-513,0x1.587fa072fe343p-399,1.04226739723962609e-120
4,173,0x1.b5e439f5664c8p-402,0x1.fb3c3be10f589p-513,0x1.b5e439f5664c9p-402,1.65603038945131577e-121
4,174,0x1.1572df3a4a20fp-404,0x1.fb3c3be10f589p-513,0x1.1572df3a4a21p-404,2.62315836123555597e-122
4,175,0x1.5e816566fb93cp-407,0x1.fb3c3be10f589p-513,0x1.5e816566fb93dp-407,4.14234797801258616e-123
4,176,0x1.b9709e97d2419p-410,0x1.fb3c3be10f589p-513,0x1.b9709e97d241ap-410,6.52128854691828863e-124
4,177,0x1.1521102ff2eecp-412,0x1.fb3c3be10f589p-513,0x1.1521102ff2eedp-412,1.02349101852377645e-124
4,178,0x1.5ae299cec7a89p-415,0x1.fb3c3be10f589p-513,0x1.5ae299cec7a8ap-415,1.60139162987496653e-125
4,179,0x1.b0dd273aed097p-418,0x1.fb3c3be10f589p-513,0x1.b0dd273aed098p-418,2.49788934194580454e-126
4,180,0x1.0d3ed82bf0216p-420,0x1.fb3c3be10f589p-513,0x1.0d3ed82bf0217p-420,3.88427783645858292e-127
4,181,0x1.4dea54eaaa561p-423,0x1.fb3c3be10f589p-513,0x1.4dea54eaaa562p-423,6.02154953641726164e-128
4,182,0x1.9cd7c5e6e3f68p-426,0x1.fb3c3be10f589p-513,0x1.9cd7c5e6e3f69p-426,9.30607746860780181e-129
4,183,0x1.fcdaa2fc0f996p-429,0x1.fb3c3be10f589p-513,0x1.fcdaa2fc0f997p-429,1.43378862247482470e-129
4,184,0x1.38a170012214fp-431,0x1.fb3c3be10f589p-513,0x1.38a170012215p-431,2.20223372371504145e-130
4,185,0x1.7ef71e68750fbp-434,0x1.fb3c3be10f589p-513,0x1.7ef71e68750fcp-434,3.37210702678242107e-131
4,186,0x1.d3ad93df331ddp-437,0x1.fb3c3be10f589p-513,0x1.d3ad93df331dep-437,5.14753022328539370e-132
4,187,0x1.1caf4b213e6e8p-439,0x1.fb3c3be10f589p-513,0x1.1caf4b213e6e9p-439,7.83350503006185779e-133
4,188,0x1.5984b7bb86329p-442,0x1.fb3c3be10f589p-513,0x1.5984b7bb8632ap-442,1.18842879784150460e-133
4,189,0x1.a20f491162736p-445,0x1.fb3c3be10f589p-513,0x1.a20f491162737p-445,1.79742293021636463e-134
4,190,0x1.f845ec1564039p-448,0x1.fb3c3be10f589p-513,0x1.f845ec156403ap-448,2.71011554871525602e-135
4,191,0x1.2f324f5299af4p-450,0x1.fb3c3be10f589p-513,0x1.2f324f5299af5p-450,4.07367335374067176e-136
4,192,0x1.6b797bcab4a06p-453,0x1.fb3c3be10f589p-513,0x1.6b797bcab4a07p-453,6.10444240665250233e-137
4,193,0x1.b26560ab4c4cdp-456,0x1.fb3c3be10f589p-513,0x1.b26560ab4c4cep-456,9.11943297491123367e-138
4,194,0x1.02c7a27734705p-458,0x1.fb3c3be10f589p-513,0x1.02c7a27734706p-458,1.35816467856830006e-138
4,195,0x1.33600141618dap-461,0x1.fb3c3be10f589p-513,0x1.33600141618ddp-461,2.01651103247046429e-139
4,196,0x1.6bf9864a60bbfp-464,0x1.fb3c3be10f589p-513,0x1.6bf9864a60bdp-464,2.98478634875908723e-140
4,197,0x1.adac99ff3e9b9p-467,0x1.fb3c3be10f589p-513,0x1.adac99ff3ea39p-467,4.40444672985595740e-141
4,198,0x1.f9ad882013e9dp-470,0x1.fb3c3be10f589p-513,0x1.f9ad882014294p-470,6.47941818768419535e-142
4,199,0x1.28a6bc3826236p-472,0x1.fb3c3be10f589p-513,0x1.28a6bc3827211p-472,9.50272915060011598e-143
4,200,0x1.5afd8e374ab53p-475,0x1.fb3c3be10f589p-513,0x1.5afd8e3752a23p-475,1.38940743345751936e-143
4,201,0x1.94a180ff4cd84p-478,0x1.fb3c3be10f589p-513,0x1.94a180ff8c3fdp-478,2.02526158459876227e-144
4,202,0x1.d667bd23b55f5p-481,0x1.fb3c3be10f589p-513,0x1.d667bd25b09bap-481,2.94309487088679644e-145
4,203,0x1.109a00ed0bbb9p-483,0x1.fb3c3be10f589p-513,0x1.109a00f4f8ac9p-483,4.26383600964867381e-146
4,204,0x1.3afc09842d8b4p-486,0x1.fb3c3be10f589p-513,0x1.3afc09c39512dp-486,6.15844912810644927e-147
4,205,0x1.6ad96c0e1102bp-489,0x1.fb3c3be10f589p-513,0x1.6ad96e094d3eap-489,8.86785303033376523e-148
4,206,0x1.a0b791f1e2f79p-492,0x1.fb3c3be10f589p-513,0x1.a0b7a1cbc4d6bp-492,1.27304487144124421e-148
4,207,0x1.dd210f31e5916p-495,0x1.fb3c3be10f589p-513,0x1.dd218e00f489bp-495,1.82200633153906663e-149
4,208,0x1.105252abdc2e9p-497,0x1.fb3c3be10f589p-513,0x1.10544de8180fbp-497,2.59983976079457842e-150
4,209,0x1.35ea0908d7bc1p-500,0x1.fb3c3be10f589p-513,0x1.35f9e2eab6c4ap-500,3.69905201919396661e-151
4,210,0x1.5fa15401c3b7p-503,0x1.fb3c3be10f589p-513,0x1.60202310bbfaep-503,5.25254444119362560e-152
4,211,0x1.8dc1d8a2c8cbfp-506,0x1.fb3c3be10f589p-513,0x1.91b8511a8aeabp-506,7.49041136409124388e-153
4,212,0x1.c0944e1526931p-509,0x1.fb3c3be10f589p-513,0x1.e04811d33788bp-509,1.11940726184150639e-153
4,213,0x1.f85f7a0feb697p-512,0x1.fb3c3be10f589p-513,0x1.7afecc00398afp-511,2.20834069156908372e-154
4,214,0x1.1ab38a7703b83p-514,0x1.fb3c3be10f589p-513,0x1.444b008e489a6p-512,9.44799812860307280e-155
4,215,0x1.3bf54bdc5ab56p-517,0x1.fb3c3be10f589p-513,0x1.077dc84f6a82p-512,7.67659443982401459e-155
4,216,0x1.6011fb99e6f53p-520,0x1.fb3c3be10f589p-513,0x1.fdfc5fd843269p-513,7.42900028120415043e-155
4,217,0x1.872327dd61cc7p-523,0x1.fb3c3be10f589p-513,0x1.fb9e04ab06b11p-513,7.39449702468653091e-155
4,218,0x1.b13e433de2f67p-526,0x1.fb3c3be10f589p-513,0x1.fb49c5d32947bp-513,7.38970323573943395e-155
4,219,0x1.de73f2aa9d2c7p-529,0x1.fb3c3be10f589p-513,0x1.fb3e1a5502034p-513,7.38903918816637408e-155
4,220,0x1.0767add0aef1cp-531,0x1.fb3c3be10f589p-513,0x1.fb3c7dbafaccdp-513,7.38894747676860143e-155
4,221,0x1.212abaf6fb419p-534,0x1.fb3c3be10f589p-513,0x1.fb3c44ea65305p-513,7.38893484821302505e-155
4,222,0x1.3c823238b024bp-537,0x1.fb3c3be10f589p-513,0x1.fb3c3d1d918aep-513,7.38893311443798033e-155
4,223,0x1.59696c4ea5e73p-540,0x1.fb3c3be10f589p-513,0x1.fb3c3c0c3c863p-513,7.38893287711324480e-155
4,224,0x1.77d7c23618d45p-543,0x1.fb3c3be10f589p-513,0x1.fb3c3be6eeb7bp-513,7.38893284472354102e-155
4,225,0x1.97c04f5249ea5p-546,0x1.fb3c3be10f589p-513,0x1.fb3c3be1db38cp-513,7.38893284031609204e-155
4,226,0x1.b911be92f0a6ap-549,0x1.fb3c3be10f589p-513,0x1.fb3c3be12ae9cp-513,7.38893283971811311e-155
4,227,0x1.dbb6246a8eedbp-552,0x1.fb3c3be10f589p-513,0x1.fb3c3be113101p-513,7.38893283963722084e-155
4,228,0x1.ff92e73f0a30dp-555,0x1.fb3c3be10f589p-513,0x1.fb3c3be10fd88p-513,7.38893283962630973e-155
4,229,0x1.12445be8dbc75p-557,0x1.fb3c3be10f589p-513,0x1.fb3c3be10f69cp-513,7.38893283962484244e-155
4,230,0x1.2539cd714b6ffp-560,0x1.fb3c3be10f589p-513,0x1.fb3c3be10f5afp-513,7.38893283962464619e-155
4,231,0x1.38958286bd6ddp-563,0x1.fb3c3be10f589p-513,0x1.fb3c3be10f58fp-513,7.38893283962461970e-155
4,232,0x1.4c4104c833ce4p-566,0x1.fb3c3be10f589p-513,0x1.fb3c3be10f58bp-513,7.38893283962461638e-155
4,233,0x1.6023ce28fb7cp-569,0x1.fb3c3be10f589p-513,0x1.fb3c3be10f58ap-513,7.38893283962461556e-155
4,234,0x1.7423738f6fa1fp-572,0x1.fb3c3be10f589p-513,0x1.fb3c3be10f58ap-513,7.38893283962461556e-155
4,235,0x1.8823d8d87b58bp-575,0x1.fb3c3be10f589p-513,0x1.fb3c3be10f58ap-513,7.38893283962461556e-155
4,236,0x1.9c076dd5399f1p-578,0x1.fb3c3be10f589p-513,0x1.fb3c3be10f58ap-513,7.38893283962461556e-155
4,237,0x1.afaf73a444c3bp-581,0x1.fb3c3be10f589p-513,0x1.fb3c3be10f58ap-513,7.38893283962461556e-155
4,238,0x1.c2fc4995aaeb4p-584,0x1.fb3c3be10f589p-513,0x1.fb3c3be10f58ap-513,7.38893283962461556e-155
4,239,0x1.d5cdc0988c0a1p-587,0x1.fb3c3be10f589p-513,0x1.fb3c3be10f58ap-513,7.38893283962461556e-155
4,240,0x1.e80374056d8fcp-590,0x1.fb3c3be10f589p-513,0x1.fb3c3be10f58ap-513,7.38893283962461556e-155
4,241,0x1.f97d26719b372p-593,0x1.fb3c3be10f589p-513,0x1.fb3c3be10f58ap-513,7.38893283962461556e-155
4,242,0x1.050d908bd51fp-595,0x1.fb3c3be10f589p-513,0x1.fb3c3be10f58ap-513,7.38893283962461556e-155
4,243,0x1.0cdf4a24355b3p-598,0x1.fb3c3be10f589p-513,0x1.fb3c3be10f58ap-513,7.38893283962461556e-155
4,244,0x1.1424fba38dd89p-601,0x1.fb3c3be10f589p-513,0x1.fb3c3be10f58ap-513,7.38893283962461556e-155
4,245,0x1.1ad0b2f61aa1dp-604,0x1.fb3c3be10f589p-513,0x1.fb3c3be10f58ap-513,7.38893283962461556e-155
4,246,0x1.20d57d35f8a7dp-607,0x1.fb3c3be10f589p-513,0x1.fb3c3be10f58ap-513,7.38893283962461556e-155
4,247,0x1.262790d488578p-610,0x1.fb3c3be10f589p-513,0x1.fb3c3be10f58ap-513,7.38893283962461556e-155
4,248,0x1.2abc744884779p-613,0x1.fb3c3be10f589p-513,0x1.fb3c3be10f58ap-513,7.38893283962461556e-155
4,249,0x1.2e8b208e370f5p-616,0x1.fb3c3be10f589p-513,0x1.fb3c3be10f58ap-513,7.38893283962461556e-155
4,250,0x1.318c1eda3280ep-619,0x1.fb3c3be10f589p-513,0x1.fb3c3be10f58ap-513,7.38893283962461556e-155
4,251,0x1.33b9a0f5a91d2p-622,0x1.fb3c3be10f589p-513,0x1.fb3c3be10f58ap-513,7.38893283962461556e-155
4,252,0x1.350f93d55c723p-625,0x1.fb3c3be10f589p-513,0x1.fb3c3be10f58ap-513,7.38893283962461556e-155
4,253,0x1.358bac1884bbcp-628,0x1.fb3c3be10f589p-513,0x1.fb3c3be10f58ap-513,7.38893283962461556e-155
4,254,0x1.352d6c3b4a506p-631,0x1.fb3c3be10f589p-513,0x1.fb3c3be10f58ap-513,7.38893283962461556e-155
4,255,0x1.33f62467b529ep-634,0x1.fb3c3be10f589p-513,0x1.fb3c3be10f58ap-513,7.38893283962461556e-155
4,256,0x1.31e8ebef89de1p-637,0x1.fb3c3be10f589p-513,0x1.fb3c3be10f58ap-513,7.38893283962461556e-155
4,257,0x1.2f0a94989ec2bp-640,0x1.fb3c3be10f589p-513,0x1.fb3c3be10f58ap-513,7.38893283962461556e-155
4,258,0x1.2b6198030547bp-643,0x1.fb3c3be10f589p-513,0x1.fb3c3be10f58ap-513,7.38893283962461556e-155
4,259,0x1.26f5ff8c3b236p-646,0x1.fb3c3be10f589p-513,0x1.fb3c3be10f58ap-513,7.38893283962461556e-155
4,260,0x1.21d1472bcf0ep-649,0x1.fb3c3be10f589p-513,0x1.fb3c3be10f58ap-513,7.38893283962461556e-155
4,261,0x1.1bfe3bdbeba22p-652,0x1.fb3c3be10f589p-513,0x1.fb3c3be10f58ap-513,7.38893283962461556e-155
4,262,0x1.1588d6329a27dp-655,0x1.fb3c3be10f589p-513,0x1.fb3c3be10f58ap-513,7.38893283962461556e-155
4,263,0x1.0e7e11dee9f27p-658,0x1.fb3c3be10f589p-513,0x1.fb3c3be10f58ap-513,7.38893283962461556e-155
4,264,0x1.06ebc2c74375fp-661,0x1.fb3c3be10f589p-513,0x1.fb3c3be10f58ap-513,7.38893283962461556e-155
4,265,0x1.fdc0d117d33e6p-665,0x1.fb3c3be10f589p-513,0x1.fb3c3be10f58ap-513,7.38893283962461556e-155
4,266,0x1.ecd60264129f3p-668,0x1.fb3c3be10f589p-513,0x1.fb3c3be10f58ap-513,7.38893283962461556e-155
4,267,0x1.db35b771a2b25p-671,0x1.fb3c3be10f589p-513,0x1.fb3c3be10f58ap-513,7.38893283962461556e-155
4,268,0x1.c8fed6a61aef6p-674,0x1.fb3c3be10f589p-513,0x1.fb3c3be10f58ap-513,7.38893283962461556e-155
4,269,0x1.b65037e8cad05p-677,0x1.fb3c3be10f589p-513,0x1.fb3c3be10f58ap-513,7.38893283962461556e-155
4,270,0x1.a348519bfd0a6p-680,0x1.fb3c3be10f589p-513,0x1.fb3c3be10f58ap-513,7.38893283962461556e-155
4,271,0x1.9004ea3bb2e02p-683,0x1.fb3c3be10f589p-513,0x1.fb3c3be10f58ap-513,7.38893283962461556e-155
4,272,0x1.7ca2cd0dc7d45p-686,0x1.fb3c3be10f589p-513,0x1.fb3c3be10f58ap-513,7.38893283962461556e-155
4,273,0x1.693d70b4c6249p-689,0x1.fb3c3be10f589p-513,0x1.fb3c3be10f58ap-513,7.38893283962461556e-155
4,274,0x1.55ee146dc5c2dp-692,0x1.fb3c3be10f589p-513,0x1.fb3c3be10f58ap-513,7.38893283962461556e-155
4,275,0x1.42c71715ebe0fp-695,0x1.fb3c3be10f589p-513,0x1.fb3c3be10f58ap-513,7.38893283962461556e-155
4,276,0x1.2fb6aa4e1abcap-698,0x1.fb3c3be10f589p-513,0x1.fb3c3be10f58ap-513,7.38893283962461556e-155
4,277,0x1.1bd25a1823997p-701,0x1.fb3c3be10f589p-513,0x1.fb3c3be10f58ap-513,7.38893283962461556e-155
4,278,0x1.015a6a7d5c648p-704,0x1.fb3c3be10f589p-513,0x1.fb3c3be10f58ap-513,7.38893283962461556e-155
4,279,0x1.860e2ce0ffd8dp-708,0x1.fb3c3be10f589p-513,0x1.fb3c3be10f58ap-513,7.38893283962461556e-155
4,280,0x0p+0,0x1.fb3c3be10f589p-513,0x1.fb3c3be10f589p-513,7.38893283962461473e-155
5,0,0x1.06594f0dce7f3p-4,0x1.0b5b865528991p-511,0x1.06594f0dce7f4p-4,6.40500152630066322e-02
5,1,0x1.65872db450d32p-6,0x1.0b5b865528991p-511,0x1.65872db450d33p-6,2.18217798549293455e-02
5,2,0x1.c982ccb4df16dp-8,0x1.0b5b865528991p-511,0x1.c982ccb4df16ep-8,6.98106286733622509e-03
5,3,0x1.168a7b2e147b5p-9,0x1.0b5b865528991p-511,0x1.168a7b2e147b6p-9,2.12509874021634803e-03
5,4,0x1.46da43d10c2acp-11,0x1.0b5b865528991p-511,0x1.46da43d10c2adp-11,6.23421854589597418e-04
5,5,0x1.75d7f4d7a9d76p-13,0x1.0b5b865528991p-511,0x1.75d7f4d7a9d77p-13,1.78262510180031869e-04
5,6,0x1.a49cc6d311fefp-15,0x1.0b5b865528991p-511,0x1.a49cc6d311ffp-15,5.01409064317946988e-05
5,7,0x1.d4852e6ff969bp-17,0x1.0b5b865528991p-511,0x1.d4852e6ff969cp-17,1.39629912325287895e-05
5,8,0x1.03526c2e2294dp-18,0x1.0b5b865528991p-511,0x1.03526c2e2294ep-18,3.86419837473458130e-06
5,9,0x1.1dc45ffaa07f3p-20,0x1.0b5b865528991p-511,0x1.1dc45ffaa07f4p-20,1.06456536622155744e-06
5,10,0x1.39a0a486f2f1ap-22,0x1.0b5b865528991p-511,0x1.39a0a486f2f1bp-22,2.92088380535127110e-07
5,11,0x1.56c93aa8cbc65p-24,0x1.0b5b865528991p-511,0x1.56c93aa8cbc66p-24,7.98110969645881534e-08
5,12,0x1.751374464e825p-26,0x1.0b5b865528991p-511,0x1.751374464e826p-26,2.17158808931787353e-08
5,13,0x1.9458788465f47p-28,0x1.0b5b865528991p-511,0x1.9458788465f48p-28,5.88400273330973689e-09
5,14,0x1.b47ac9aa42dcap-30,0x1.0b5b865528991p-511,0x1.b47ac9aa42dcbp-30,1.58790367882814721e-09
5,15,0x1.d5641b43d7b7fp-32,0x1.0b5b865528991p-511,0x1.d5641b43d7b8p-32,4.26908664877411705e-10
5,16,0x1.f7002ef86a423p-34,0x1.0b5b865528991p-511,0x1.f7002ef86a424p-34,1.14369121709157544e-10
5,17,0x1.0c9c200b86381p-35,0x1.0b5b865528991p-511,0x1.0c9c200b86382p-35,3.05374060153725900e-11
5,18,0x1.1df84449ee15dp-37,0x1.0b5b865528991p-511,0x1.1df84449ee15ep-37,8.12775033421726525e-12
5,19,0x1.2f83eadf5b78cp-39,0x1.0b5b865528991p-511,0x1.2f83eadf5b78dp-39,2.15660593468508833e-12
5,20,0x1.412c3175dbe07p-41,0x1.0b5b865528991p-511,0x1.412c3175dbe08p-41,5.70517197405709442e-13
5,21,0x1.52dc90d4bdab2p-43,0x1.0b5b865528991p-511,0x1.52dc90d4bdab3p-43,1.50484773507195858e-13
5,22,0x1.647f7134c3975p-45,0x1.0b5b865528991p-511,0x1.647f7134c3976p-45,3.95792089256269676e-14
5,23,0x1.75fe948498853p-47,0x1.0b5b865528991p-511,0x1.75fe948498854p-47,1.03804313396101358e-14
5,24,0x1.87435abbb1e83p-49,0x1.0b5b865528991p-511,0x1.87435abbb1e84p-49,2.71493316181610803e-15
5,25,0x1.9836f0b47394bp-51,0x1.0b5b865528991p-511,0x1.9836f0b47394cp-51,7.08139467837102158e-16
5,26,0x1.a8c2794fde76cp-53,0x1.0b5b865528991p-511,0x1.a8c2794fde76dp-53,1.84210140012474444e-16
5,27,0x1.b8cf3a274d613p-55,0x1.0b5b865528991p-511,0x1.b8cf3a274d614p-55,4.77926597063390071e-17
5,28,0x1.c846ce5c32c3ap-57,0x1.0b5b865528991p-511,0x1.c846ce5c32c3bp-57,1.23674016531807034e-17
5,29,0x1.d7135dd156a5bp-59,0x1.0b5b865528991p-511,0x1.d7135dd156a5cp-59,3.19213277159239018e-18
5,30,0x1.e51fd5929a003p-61,0x1.0b5b865528991p-511,0x1.e51fd5929a004p-61,8.21832620352512058e-19
5,31,0x1.f2581e82ff134p-63,0x1.0b5b865528991p-511,0x1.f2581e82ff135p-63,2.11056984831399930e-19
5,32,0x1.fea95078aca8fp-65,0x1.0b5b865528991p-511,0x1.fea95078aca9p-65,5.40683771577559594e-20
5,33,0x1.0500f078acfbp-66,0x1.0b5b865528991p-511,0x1.0500f078acfb1p-66,1.38174192033272278e-20
5,34,0x1.0a28e693405c5p-68,0x1.0b5b865528991p-511,0x1.0a28e693405c6p-68,3.52259520284804798e-21
5,35,0x1.0ec55fbec204p-70,0x1.0b5b865528991p-511,0x1.0ec55fbec2041p-70,8.95906060774945808e-22
5,36,0x1.12d01821b4eebp-72,0x1.0b5b865528991p-511,0x1.12d01821b4eecp-72,2.27319876671688494e-22
5,37,0x1.1643c0c0b1218p-74,0x1.0b5b865528991p-511,0x1.1643c0c0b1219p-74,5.75437829617073044e-23
5,38,0x1.191c0ace6931ap-76,0x1.0b5b865528991p-511,0x1.191c0ace6931bp-76,1.45330225875929625e-23
5,39,0x1.1b55b03794caep-78,0x1.0b5b865528991p-511,0x1.1b55b03794cafp-78,3.66201542715536687e-24
5,40,0x1.1cee7947696e3p-80,0x1.0b5b865528991p-511,0x1.1cee7947696e4p-80,9.20663453892112245e-25
5,41,0x1.1de53f4e4215dp-82,0x1.0b5b865528991p-511,0x1.1de53f4e4215ep-82,2.30944543471828792e-25
5,42,0x1.1e39ec43d645dp-84,0x1.0b5b865528991p-511,0x1.1e39ec43d645ep-84,5.78029331559644285e-26
5,43,0x1.1ded776e3c9ecp-86,0x1.0b5b865528991p-511,0x1.1ded776e3c9edp-86,1.44356549258627512e-26
5,44,0x1.1d01df25802ffp-88,0x1.0b5b865528991p-511,0x1.1d01df25803p-88,3.59729800806456541e-27
5,45,0x1.1b7a1fd84f0fcp-90,0x1.0b5b865528991p-511,0x1.1b7a1fd84f0fdp-90,8.94495844089639995e-28
5,46,0x1.195a28813cbe5p-92,0x1.0b5b865528991p-511,0x1.195a28813cbe6p-92,2.21947735838289873e-28
5,47,0x1.16a6ccc55e139p-94,0x1.0b5b865528991p-511,0x1.16a6ccc55e13ap-94,5.49543308713810659e-29
5,48,0x1.1365b4fcbdfb9p-96,0x1.0b5b865528991p-511,0x1.1365b4fcbdfbap-96,1.35781348606160041e-29
5,49,0x1.0f9d4c6b5483ap-98,0x1.0b5b865528991p-511,0x1.0f9d4c6b5483bp-98,3.34790654344197692e-30
5,50,0x1.0b54adf5bbb26p-100,0x1.0b5b865528991p-511,0x1.0b54adf5bbb27p-100,8.23776565017997271e-31
5,51,0x1.06938f9fd04dbp-102,0x1.0b5b865528991p-511,0x1.06938f9fd04dcp-102,2.02281508501090027e-31
5,52,0x1.01622d24c389p-104,0x1.0b5b865528991p-511,0x1.01622d24c3891p-104,4.95702592415778461e-32
5,53,0x1.f79263efdde1ep-107,0x1.0b5b865528991p-511,0x1.f79263efdde1fp-107,1.21230510104007041e-32
5,54,0x1.eba345f8360f5p-109,0x1.0b5b865528991p-511,0x1.eba345f8360f6p-109,2.95893729569347175e-33
5,55,0x1.df09907800dbep-111,0x1.0b5b865528991p-511,0x1.df09907800dbfp-111,7.20775310462082788e-34
5,56,0x1.d1d82dd58a533p-113,0x1.0b5b865528991p-511,0x1.d1d82dd58a534p-113,1.75231205952151190e-34
5,57,0x1.c42237dc7ef5ap-115,0x1.0b5b865528991p-511,0x1.c42237dc7ef5bp-115,4.25184455102633821e-35
5,58,0x1.b5face5e12ecfp-117,0x1.0b5b865528991p-511,0x1.b5face5e12edp-117,1.02968535309277573e-35
5,59,0x1.a774efc82eae1p-119,0x1.0b5b865528991p-511,0x1.a774efc82eae2p-119,2.48885528576783310e-36
5,60,0x1.98a354116f56ap-121,0x1.0b5b865528991p-511,0x1.98a354116f56bp-121,6.00439577908582324e-37
5,61,0x1.89984a49a05ddp-123,0x1.0b5b865528991p-511,0x1.89984a49a05dep-123,1.44583925660154833e-37
5,62,0x1.7a65990fe3ddep-125,0x1.0b5b865528991p-511,0x1.7a65990fe3ddfp-125,3.47502640064589118e-38
5,63,0x1.6b1c62214d565p-127,0x1.0b5b865528991p-511,0x1.6b1c62214d566p-127,8.33661678057059038e-39
5,64,0x1.5bcd092480a3cp-129,0x1.0b5b865528991p-511,0x1.5bcd092480a3dp-129,1.99627938260781785e-39
5,65,0x1.4c871dc92dcc3p-131,0x1.0b5b865528991p-511,0x1.4c871dc92dcc4p-131,4.77153989660204934e-40
5,66,0x1.3d59494534ac2p-133,0x1.0b5b865528991p-511,0x1.3d59494534ac3p-133,1.13843289608993223e-40
5,67,0x1.2e513f2d03f47p-135,0x1.0b5b865528991p-511,0x1.2e513f2d03f48p-135,2.71127594657025404e-41
5,68,0x1.1f7bb19988a2ep-137,0x1.0b5b865528991p-511,0x1.1f7bb19988a2fp-137,6.44559578946110487e-42
5,69,0x1.10e44883d9173p-139,0x1.0b5b865528991p-511,0x1.10e44883d9174p-139,1.52961105706428905e-42
5,70,0x1.02959c35c5491p-141,0x1.0b5b865528991p-511,0x1.02959c35c5492p-141,3.62353943394109049e-43
5,71,0x1.e932654d51ae7p-144,0x1.0b5b865528991p-511,0x1.e932654d51ae8p-144,8.56888507766280882e-44
5,72,0x1.cdeeff2a943f4p-146,0x1.0b5b865528991p-511,0x1.cdeeff2a943f5p-146,2.02283380536304019e-44
5,73,0x1.b36fce5475dc8p-148,0x1.0b5b865528991p-511,0x1.b36fce5475dc9p-148,4.76700654693761713e-45
5,74,0x1.99c185d41c878p-150,0x1.0b5b865528991p-511,0x1.99c185d41c879p-150,1.12146558811962110e-45
5,75,0x1.80eed17781538p-152,0x1.0b5b865528991p-511,0x1.80eed17781539p-152,2.63381766997517327e-46
5,76,0x1.6900678baddcfp-154,0x1.0b5b865528991p-511,0x1.6900678badddp-154,6.17518261286532386e-47
5,77,0x1.51fd1dc7cf1aep-156,0x1.0b5b865528991p-511,0x1.51fd1dc7cf1afp-156,1.44538298414809838e-47
5,78,0x1.3bea00ecd15cfp-158,0x1.0b5b865528991p-511,0x1.3bea00ecd15dp-158,3.37745598159646587e-48
5,79,0x1.26ca6e9f3fe4p-160,0x1.0b5b865528991p-511,0x1.26ca6e9f3fe41p-160,7.87906314687905165e-49
5,80,0x1.12a03104b3422p-162,0x1.0b5b865528991p-511,0x1.12a03104b3423p-162,1.83502501908088046e-49
5,81,0x1.fed73766015d3p-165,0x1.0b5b865528991p-511,0x1.fed73766015d4p-165,4.26674051939940194e-50
5,82,0x1.da57530acb6f4p-167,0x1.0b5b865528991p-511,0x1.da57530acb6f5p-167,9.90470454442991103e-51
5,83,0x1.b7bc35e5c65f5p-169,0x1.0b5b865528991p-511,0x1.b7bc35e5c65f6p-169,2.29552483872422887e-51
5,84,0x1.96ff291159f3bp-171,0x1.0b5b865528991p-511,0x1.96ff291159f3cp-171,5.31155503610292170e-52
5,85,0x1.78177a67a3c41p-173,0x1.0b5b865528991p-511,0x1.78177a67a3c42p-173,1.22705646271301678e-52
5,86,0x1.5afab81bb1a2ep-175,0x1.0b5b865528991p-511,0x1.5afab81bb1a2fp-175,2.83018255612527134e-53
5,87,0x1.3f9cead1b8ee1p-177,0x1.0b5b865528991p-511,0x1.3f9cead1b8ee2p-177,6.51741207262505008e-54
5,88,0x1.25f0cdc109e85p-179,0x1.0b5b865528991p-511,0x1.25f0cdc109e86p-179,1.49847825674422045e-54
5,89,0x1.0de8047bf9b6p-181,0x1.0b5b865528991p-511,0x1.0de8047bf9b61p-181,3.43988458116702813e-55
5,90,0x1.eee69c16139ffp-184,0x1.0b5b865528991p-511,0x1.eee69c1613ap-184,7.88422491859578655e-56
5,91,0x1.c5056a31f5a2dp-186,0x1.0b5b865528991p-511,0x1.c5056a31f5a2ep-186,1.80426083070148353e-56
5,92,0x1.9e0b79fa1b972p-188,0x1.0b5b865528991p-511,0x1.9e0b79fa1b973p-188,4.12257168420693700e-57
5,93,0x1.79d716feab867p-190,0x1.0b5b865528991p-511,0x1.79d716feab868p-190,9.40522121491272614e-58
5,94,0x1.58461e810c938p-192,0x1.0b5b865528991p-511,0x1.58461e810c939p-192,2.14242175786157805e-58
5,95,0x1.393645761ee59p-194,0x1.0b5b865528991p-511,0x1.393645761ee5ap-194,4.87280761252713808e-59
5,96,0x1.1c8557bd09151p-196,0x1.0b5b865528991p-511,0x1.1c8557bd09152p-196,1.10661107567483459e-59
5,97,0x1.021170a076b14p-198,0x1.0b5b865528991p-511,0x1.021170a076b15p-198,2.50931544273690385e-60
5,98,0x1.d37259930e38ap-201,0x1.0b5b865528991p-511,0x1.d37259930e38bp-201,5.68149966182286215e-61
5,99,0x1.a6b7abb5362b9p-203,0x1.0b5b865528991p-511,0x1.a6b7abb5362bap-203,1.28446154075727534e-61
5,100,0x1.7db30fe975357p-205,0x1.0b5b865528991p-511,0x1.7db30fe975358p-205,2.89956247651172149e-62
5,101,0x1.5826a2e919c63p-207,0x1.0b5b865528991p-511,0x1.5826a2e919c64p-207,6.53581681425822899e-63
5,102,0x1.35d69a77e1fffp-209,0x1.0b5b865528991p-511,0x1.35d69a77e2p-209,1.47104525782338322e-63
5,103,0x1.16896fc6a3706p-211,0x1.0b5b865528991p-511,0x1.16896fc6a3707p-211,3.30608205132384936e-64
5,104,0x1.f41000c7f0dcap-214,0x1.0b5b865528991p-511,0x1.f41000c7f0dcbp-214,7.41933977972895312e-65
5,105,0x1.c03b4cfce15f3p-216,0x1.0b5b865528991p-511,0x1.c03b4cfce15f4p-216,1.66258356896885417e-65
5,106,0x1.9130927b3e006p-218,0x1.0b5b865528991p-511,0x1.9130927b3e007p-218,3.72023858283295641e-66
5,107,0x1.6690cbed02ee8p-220,0x1.0b5b865528991p-511,0x1.6690cbed02ee9p-220,8.31246107624114797e-67
5,108,0x1.400225f90acc9p-222,0x1.0b5b865528991p-511,0x1.400225f90accap-222,1.85465171184145840e-67
5,109,0x1.1d2ff99647f8dp-224,0x1.0b5b865528991p-511,0x1.1d2ff99647f8ep-224,4.13210494585255046e-68
5,110,0x1.fb9578f46f24p-227,0x1.0b5b865528991p-511,0x1.fb9578f46f241p-227,9.19303338911704317e-69
5,111,0x1.c30fd1f7bc9e8p-229,0x1.0b5b865528991p-511,0x1.c30fd1f7bc9e9p-229,2.04233544190653258e-69
5,112,0x1.9043bd6369297p-231,0x1.0b5b865528991p-511,0x1.9043bd6369298p-231,4.53083480246416015e-70
5,113,0x1.62af79f8ade6p-233,0x1.0b5b865528991p-511,0x1.62af79f8ade61p-233,1.00372426667954313e-70
5,114,0x1.39da713432b9fp-235,0x1.0b5b865528991p-511,0x1.39da713432bap-235,2.22043333652779191e-71
5,115,0x1.1554da9262ba8p-237,0x1.0b5b865528991p-511,0x1.1554da9262ba9p-237,4.90512637012082266e-72
5,116,0x1.e96eb19dd0d1fp-240,0x1.0b5b865528991p-511,0x1.e96eb19dd0d2p-240,1.08206609483947331e-72
5,117,0x1.af45259ff0061p-242,0x1.0b5b865528991p-511,0x1.af45259ff0062p-242,2.38369364649402687e-73
5,118,0x1.7b7d9382de052p-244,0x1.0b5b865528991p-511,0x1.7b7d9382de053p-244,5.24375072033837852e-74
5,119,0x1.4d76db70d1f4dp-246,0x1.0b5b865528991p-511,0x1.4d76db70d1f4ep-246,1.15194151205260068e-74
5,120,0x1.249d641c5057ep-248,0x1.0b5b865528991p-511,0x1.249d641c5057fp-248,2.52707081065639902e-75
5,121,0x1.006a44f2d3dc9p-250,0x1.0b5b865528991p-511,0x1.006a44f2d3dcap-250,5.53611037377917822e-76
5,122,0x1.c0c4e71ee0207p-253,0x1.0b5b865528991p-511,0x1.c0c4e71ee0208p-253,1.21113938616318931e-76
5,123,0x1.882bebd4c93e7p-255,0x1.0b5b865528991p-511,0x1.882bebd4c93e8p-255,2.64598418536980044e-77
5,124,0x1.563e35031ef42p-257,0x1.0b5b865528991p-511,0x1.563e35031ef43p-257,5.77278946040406755e-78
5,125,0x1.2a436ef3db1d4p-259,0x1.0b5b865528991p-511,0x1.2a436ef3db1d5p-259,1.25774077036405380e-78
5,126,0x1.0394e307e274cp-261,0x1.0b5b865528991p-511,0x1.0394e307e274dp-261,2.73656049592368126e-79
5,127,0x1.c3382c6d6070fp-264,0x1.0b5b865528991p-511,0x1.c3382c6d6071p-264,5.94605565602140642e-80
5,128,0x1.87a2f23cf4fb3p-266,0x1.0b5b865528991p-511,0x1.87a2f23cf4fb4p-266,1.29022174910828491e-80
5,129,0x1.53765460ef42cp-268,0x1.0b5b865528991p-511,0x1.53765460ef42dp-268,2.79584216435038697e-81
5,130,0x1.25d794816a17dp-270,0x1.0b5b865528991p-511,0x1.25d794816a17ep-270,6.05027672889383159e-82
5,131,0x1.fc058e173a4b3p-273,0x1.0b5b865528991p-511,0x1.fc058e173a4b4p-273,1.30753547713548441e-82
5,132,0x1.b6918b88e438ep-275,0x1.0b5b865528991p-511,0x1.b6918b88e438fp-275,2.82194599100324277e-83
5,133,0x1.7a1a8c9887e81p-277,0x1.0b5b865528991p-511,0x1.7a1a8c9887e82p-277,6.08222065876634667e-84
5,134,0x1.458a2755f98b7p-279,0x1.0b5b865528991p-511,0x1.458a2755f98b8p-279,1.30916731366651973e-84
5,135,0x1.17e8d3848b85ap-281,0x1.0b5b865528991p-511,0x1.17e8d3848b85bp-281,2.81416045955823058e-85
5,136,0x1.e0b5c55811c09p-284,0x1.0b5b865528991p-511,0x1.e0b5c55811c0ap-284,6.04121735230829001e-86
5,137,0x1.9c3b6ce2bff2fp-286,0x1.0b5b865528991p-511,0x1.9c3b6ce2bff3p-286,1.29515907623811752e-86
5,138,0x1.610a643fb7b2ep-288,0x1.0b5b865528991p-511,0x1.610a643fb7b2fp-288,2.77297482246371109e-87
5,139,0x1.2df2c854d1124p-290,0x1.0b5b865528991p-511,0x1.2df2c854d1125p-290,5.92917106661252781e-88
5,140,0x1.01e8c8b34949ap-292,0x1.0b5b865528991p-511,0x1.01e8c8b34949bp-292,1.26610092035879810e-88
5,141,0x1.b8018d557a5a5p-295,0x1.0b5b865528991p-511,0x1.b8018d557a5a6p-295,2.70003860968807286e-89
5,142,0x1.76d7a0f2acddep-297,0x1.0b5b865528991p-511,0x1.76d7a0f2acddfp-297,5.75042463620547963e-90
5,143,0x1.3ee8e43506eb9p-299,0x1.0b5b865528991p-511,0x1.3ee8e43506ebap-299,1.22309193921008429e-90
5,144,0x1.0ef7aabe7ab9ap-301,0x1.0b5b865528991p-511,0x1.0ef7aabe7ab9bp-301,2.59805572983087796e-91
5,145,0x1.cbdcacc160d39p-304,0x1.0b5b865528991p-511,0x1.cbdcacc160d3ap-304,5.51148826495390018e-92
5,146,0x1.85b560681fd9fp-306,0x1.0b5b865528991p-511,0x1.85b560681fdap-306,1.16767301148201597e-92
5,147,0x1.49d37a158628ap-308,0x1.0b5b865528991p-511,0x1.49d37a158628bp-308,2.47062234785894690e-93
5,148,0x1.16c8053c9703bp-310,0x1.0b5b865528991p-511,0x1.16c8053c9703cp-310,5.22065584139074087e-94
5,149,0x1.d6a8cdc6b8012p-313,0x1.0b5b865528991p-511,0x1.d6a8cdc6b8013p-313,1.10173746839572734e-94
5,150,0x1.8cc8e003bba31p-315,0x1.0b5b865528991p-511,0x1.8cc8e003bba32p-315,2.32202174871921546e-95
5,151,0x1.4e1231d88a405p-317,0x1.0b5b865528991p-511,0x1.4e1231d88a406p-317,4.88753951143810738e-96
5,152,0x1.18e7aaea10e51p-319,0x1.0b5b865528991p-511,0x1.18e7aaea10e52p-319,1.02742661739770541e-96
5,153,0x1.d7c9caa900428p-322,0x1.0b5b865528991p-511,0x1.d7c9caa900429p-322,2.15699207801355414e-97
5,154,0x1.8badc0f9a8257p-324,0x1.0b5b865528991p-511,0x1.8badc0f9a8258p-324,4.52255794608846054e-98
5,155,0x1.4b6b233b91425p-326,0x1.0b5b865528991p-511,0x1.4b6b233b91426p-326,9.47017935012316364e-99
5,156,0x1.153c753dd8885p-328,0x1.0b5b865528991p-511,0x1.153c753dd8886p-328,1.98048399886890643e-99
5,157,0x1.cf39c749c0ba6p-331,0x1.0b5b865528991p-511,0x1.cf39c749c0ba7p-331,4.13641508714622939e-100
5,158,0x1.827f1c99858a5p-333,0x1.0b5b865528991p-511,0x1.827f1c99858a6p-333,8.62813790492234455e-101
5,159,0x1.420fd49ce652dp-335,0x1.0b5b865528991p-511,0x1.420fd49ce652ep-335,1.79742490238015413e-101
5,160,0x1.0c06378f46ffcp-337,0x1.0b5b865528991p-511,0x1.0c06378f46ffdp-337,3.73960423126137996e-102
5,161,0x1.bd88aaaebfb6fp-340,0x1.0b5b865528991p-511,0x1.bd88aaaebfb7p-340,7.77037930267344202e-103
5,162,0x1.71d3e33416e5cp-342,0x1.0b5b865528991p-511,0x1.71d3e33416e5dp-342,1.61250450739967212e-103
5,163,0x1.329787f197865p-344,0x1.0b5b865528991p-511,0x1.329787f197866p-344,3.34196755067771203e-104
5,164,0x1.fbaf8c81a6295p-347,0x1.0b5b865528991p-511,0x1.fbaf8c81a6296p-347,6.91745754401996007e-105
5,165,0x1.a3ccd72296344p-349,0x1.0b5b865528991p-511,0x1.a3ccd72296345p-349,1.42999376985656527e-105
5,166,0x1.5aaf236c83468p-351,0x1.0b5b865528991p-511,0x1.5aaf236c83469p-351,2.95233424182600660e-106
5,167,0x1.1defb6adc85f9p-353,0x1.0b5b865528991p-511,0x1.1defb6adc85fap-353,6.08752813990177397e-107
5,168,0x1.d710341851886p-356,0x1.0b5b865528991p-511,0x1.d710341851887p-356,1.25360536988369011e-107
5,169,0x1.8387563af23b5p-358,0x1.0b5b865528991p-511,0x1.8387563af23b6p-358,2.57825229544607823e-108
5,170,0x1.3e6675b09651cp-360,0x1.0b5b865528991p-511,0x1.3e6675b09651dp-360,5.29584143147084764e-109
5,171,0x1.0544e8fde67f1p-362,0x1.0b5b865528991p-511,0x1.0544e8fde67f2p-362,1.08640007481174676e-109
5,172,0x1.ac3b3b43a8409p-365,0x1.0b5b865528991p-511,0x1.ac3b3b43a840ap-365,2.22582029868619321e-110
5,173,0x1.5e7f461591413p-367,0x1.0b5b865528991p-511,0x1.5e7f461591414p-367,4.55445204081019721e-111
5,174,0x1.1e81ffaf74788p-369,0x1.0b5b865528991p-511,0x1.1e81ffaf74789p-369,9.30739394402865403e-112
5,175,0x1.d3cdfd06da7fbp-372,0x1.0b5b865528991p-511,0x1.d3cdfd06da7fcp-372,1.89961755673218849e-112
5,176,0x1.7d6cbd0e76b94p-374,0x1.0b5b865528991p-511,0x1.7d6cbd0e76b95p-374,3.87213542246631145e-113
5,177,0x1.3699462467ca1p-376,0x1.0b5b865528991p-511,0x1.3699462467ca2p-376,7.88281502690562564e-114
5,178,0x1.f9344be6f5c8cp-379,0x1.0b5b865528991p-511,0x1.f9344be6f5c8dp-379,1.60272385832762294e-114
5,179,0x1.9a58c8bd8784dp-381,0x1.0b5b865528991p-511,0x1.9a58c8bd8784ep-381,3.25448857706413367e-115
5,180,0x1.4ce0239089f93p-383,0x1.0b5b865528991p-511,0x1.4ce0239089f94p-383,6.60014661225372297e-116
5,181,0x1.0dafcd5b2b155p-385,0x1.0b5b865528991p-511,0x1.0dafcd5b2b156p-385,1.33681489847753935e-116
5,182,0x1.b46df92c0adb5p-388,0x1.0b5b865528991p-511,0x1.b46df92c0adb6p-388,2.70418188118614116e-117
5,183,0x1.60af1b4381e2fp-390,0x1.0b5b865528991p-511,0x1.60af1b4381e3p-390,5.46320497878923722e-118
5,184,0x1.1ca54153f0948p-392,0x1.0b5b865528991p-511,0x1.1ca54153f0949p-392,1.10231597061928093e-118
5,185,0x1.cae18284d8f02p-395,0x1.0b5b865528991p-511,0x1.cae18284d8f03p-395,2.22132306842661481e-119
5,186,0x1.7169d3401b557p-397,0x1.0b5b865528991p-511,0x1.7169d3401b558p-397,4.47058521052722035e-120
5,187,0x1.2902c5142e3eap-399,0x1.0b5b865528991p-511,0x1.2902c5142e3ebp-399,8.98595077290789034e-121
5,188,0x1.dcfd552948d7cp-402,0x1.0b5b865528991p-511,0x1.dcfd552948d7dp-402,1.80389257198874349e-121
5,189,0x1.7e86fe041d683p-404,0x1.0b5b865528991p-511,0x1.7e86fe041d684p-404,3.61663130220391288e-122
5,190,0x1.3261b9c21c613p-406,0x1.0b5b865528991p-511,0x1.3261b9c21c614p-406,7.24176911545621320e-123
5,191,0x1.ea299ae1bc9ddp-409,0x1.0b5b865528991p-511,0x1.ea299ae1bc9dep-409,1.44821121994348657e-123
5,192,0x1.87979a5218614p-411,0x1.0b5b865528991p-511,0x1.87979a5218615p-411,2.89244991648992966e-124
5,193,0x1.38721a0275d04p-413,0x1.0b5b865528991p-511,0x1.38721a0275d05p-413,5.76960910775941496e-125
5,194,0x1.f1f4ea4e1e414p-416,0x1.0b5b865528991p-511,0x1.f1f4ea4e1e415p-416,1.14940589141209007e-125
5,195,0x1.8c4d0186fddf5p-418,0x1.0b5b865528991p-511,0x1.8c4d0186fddf6p-418,2.28689803416679214e-126
5,196,0x1.3afee1ffba905p-420,0x1.0b5b865528991p-511,0x1.3afee1ffba906p-420,4.54429370563799776e-127
5,197,0x1.f41a9390de4d5p-423,0x1.0b5b865528991p-511,0x1.f41a9390de4d6p-423,9.01845277923372700e-128
5,198,0x1.8c7d4f498f563p-425,0x1.0b5b865528991p-511,0x1.8c7d4f498f564p-425,1.78748974282605174e-128
5,199,0x1.39f10dcc5dd08p-427,0x1.0b5b865528991p-511,0x1.39f10dcc5dd09p-427,3.53834989636896633e-129
5,200,0x1.f08689f324cbbp-430,0x1.0b5b865528991p-511,0x1.f08689f324cbcp-430,6.99525408415816964e-130
5,201,0x1.8825caeb10ec7p-432,0x1.0b5b865528991p-511,0x1.8825caeb10ec8p-432,1.38118387606017840e-130
5,202,0x1.3550f2061f2cbp-434,0x1.0b5b865528991p-511,0x1.3550f2061f2ccp-434,2.72360782244543041e-131
5,203,0x1.e7569b36b2361p-437,0x1.0b5b865528991p-511,0x1.e7569b36b2362p-437,5.36392230719118413e-132
5,204,0x1.7f6b210922913p-439,0x1.0b5b865528991p-511,0x1.7f6b210922914p-439,1.05503039400138533e-132
5,205,0x1.2d45d2a75233ep-441,0x1.0b5b865528991p-511,0x1.2d45d2a75233fp-441,2.07248689082153162e-133
5,206,0x1.d8d8da4257131p-444,0x1.0b5b865528991p-511,0x1.d8d8da4257132p-444,4.06595597280229582e-134
5,207,0x1.729767475061ap-446,0x1.0b5b865528991p-511,0x1.729767475061bp-446,7.96667918008276280e-135
5,208,0x1.2213bee5b1297p-448,0x1.0b5b865528991p-511,0x1.2213bee5b1298p-448,1.55896178543893924e-135
5,209,0x1.c5875aa6a44cdp-451,0x1.0b5b865528991p-511,0x1.c5875aa6a44cep-451,3.04674979903153899e-136
5,210,0x1.6216100a5f95bp-453,0x1.0b5b865528991p-511,0x1.6216100a5f95cp-453,5.94676775954222072e-137
5,211,0x1.1417db68a8164p-455,0x1.0b5b865528991p-511,0x1.1417db68a8165p-455,1.15922490983351469e-137
5,212,0x1.ae018f97ba469p-458,0x1.0b5b865528991p-511,0x1.ae018f97ba46bp-458,2.25681850559629071e-138
5,213,0x1.4e6e1c9f0eaa6p-460,0x1.0b5b865528991p-511,0x1.4e6e1c9f0eaa9p-460,4.38800808826735441e-139
5,214,0x1.03c362993ce81p-462,0x1.0b5b865528991p-511,0x1.03c362993ce8ap-462,8.52078687042156696e-140
5,215,0x1.9303ce280b6d1p-465,0x1.0b5b865528991p-511,0x1.9303ce280b715p-465,1.65246821830173115e-140
5,216,0x1.383afd2939249p-467,0x1.0b5b865528991p-511,0x1.383afd2939355p-467,3.20056963357039871e-141
5,217,0x1.e32b74bd5dfcep-470,0x1.0b5b865528991p-511,0x1.e32b74bd5e82ap-470,6.19101432763258508e-142
5,218,0x1.755d937b9758fp-472,0x1.0b5b865528991p-511,0x1.755d937b996fbp-472,1.19601411081393806e-142
5,219,0x1.2024a4076e669p-474,0x1.0b5b865528991p-511,0x1.2024a40776c18p-474,2.30754594133728438e-143
5,220,0x1.bc2c1a3aaefcbp-477,0x1.0b5b865528991p-511,0x1.bc2c1a3af1d3ap-477,4.44634901805401358e-144
5,221,0x1.55e7416dbcd52p-479,0x1.0b5b865528991p-511,0x1.55e7416ec830bp-479,8.55648626942488021e-145
5,222,0x1.06d75c260d353p-481,0x1.0b5b865528991p-511,0x1.06d75c2a3aa36p-481,1.64446882341636246e-145
5,223,0x1.9399b04a6461dp-484,0x1.0b5b865528991p-511,0x1.9399b06bcfd2bp-484,3.15641185307500082e-146
5,224,0x1.35780593b5a9bp-486,0x1.0b5b865528991p-511,0x1.35780619636cfp-486,6.05060878113584192e-147
5,225,0x1.d9f7dd364e3e1p-489,0x1.0b5b865528991p-511,0x1.d9f7e163bc577p-489,1.15835435411572158e-147
5,226,0x1.6a7bb7e66eeebp-491,0x1.0b5b865528991p-511,0x1.6a7bc89c27541p-491,2.21472823280486917e-148
5,227,0x1.14dc90498c036p-493,0x1.0b5b865528991p-511,0x1.14dcd3206d98cp-493,4.22898806927447782e-149
5,228,0x1.a661299731b0ep-496,0x1.0b5b865528991p-511,0x1.a663404e3e5b4p-496,8.06479715095122364e-150
5,229,0x1.41c597b79495dp-498,0x1.0b5b865528991p-511,0x1.41cdf293c73f2p-498,1.53608158764418391e-150
5,230,0x1.e99e4bb829c9dp-501,0x1.0b5b865528991p-511,0x1.e9e12299bf14p-501,2.92295019005347545e-151
5,231,0x1.740636fdb53cep-503,0x1.0b5b865528991p-511,0x1.751192840a659p-503,5.56494609488389550e-152
5,232,0x1.1a4e09d5cb85dp-505,0x1.0b5b865528991p-511,0x1.1e7b77ef20284p-505,1.06834129894983603e-152
5,233,0x1.abe2dcfee1cb9p-508,0x1.0b5b865528991p-511,0x1.cd4e4dc986decp-508,2.15036024554252163e-153
5,234,0x1.43d8f789e0336p-510,0x1.0b5b865528991p-511,0x1.c986bab4747ffp-510,5.33185458966050863e-154
5,235,0x1.e991e685ebfdbp-513,0x1.0b5b865528991p-511,0x1.85bffff6a3989p-511,2.27100648111238468e-154
5,236,0x1.71907debd5be5p-515,0x1.0b5b865528991p-511,0x1.22748e33e5f5p-511,1.69243324695981554e-154
5,237,0x1.169c17f86fc86p-517,0x1.0b5b865528991p-511,0x1.0fb5f6b50a584p-511,1.58321226148296453e-154
5,238,0x1.a387926284475p-520,0x1.0b5b865528991p-511,0x1.0c2d4a1e59db4p-511,1.56262092773379115e-154
5,239,0x1.3b72d05856e59p-522,0x1.0b5b865528991p-511,0x1.0b82f4af33a4p-511,1.55874395332012118e-154
5,240,0x1.d9c124cf07404p-525,0x1.0b5b865528991p-511,0x1.0b62ed59bbd54p-511,1.55801494767708670e-154
5,241,0x1.6348e70a85abfp-527,0x1.0b5b865528991p-511,0x1.0b5ce99e0fa3ap-511,1.55787804946862695e-154
5,242,0x1.0a16e7b79e8ffp-529,0x1.0b5b865528991p-511,0x1.0b5bc8dae287p-511,1.55785237550195064e-154
5,243,0x1.8e0c6b2d4b499p-532,0x1.0b5b865528991p-511,0x1.0b5b92c58bf29p-511,1.55784756693216484e-154
5,244,0x1.2954dd7367f39p-534,0x1.0b5b865528991p-511,0x1.0b5b88a7d254p-511,1.55784666750496627e-154
5,245,0x1.bb9c4bb977857p-537,0x1.0b5b865528991p-511,0x1.0b5b86c40fac1p-511,1.55784649949205905e-154
5,246,0x1.4a7d68099d462p-539,0x1.0b5b865528991p-511,0x1.0b5b8669d06fap-511,1.55784646814872400e-154
5,247,0x1.ebc7331e936c5p-542,0x1.0b5b865528991p-511,0x1.0b5b865900278p-511,1.55784646230925873e-154
5,248,0x1.6d67a8d6bee09p-544,0x1.0b5b865528991p-511,0x1.0b5b8655df4cfp-511,1.55784646122276904e-154
5,249,0x1.0f255aa8b258p-546,0x1.0b5b865528991p-511,0x1.0b5b86554a7ddp-511,1.55784646102088508e-154
5,250,0x1.91de7b7be5264p-549,0x1.0b5b865528991p-511,0x1.0b5b86552ee0ap-511,1.55784646098342213e-154
5,251,0x1.296970c6849f3p-551,0x1.0b5b865528991p-511,0x1.0b5b865529c29p-511,1.55784646097647949e-154
5,252,0x1.b7a04f58d96e5p-554,0x1.0b5b865528991p-511,0x1.0b5b865528d01p-511,1.55784646097519437e-154
5,253,0x1.447d239281b3ep-556,0x1.0b5b865528991p-511,0x1.0b5b865528a34p-511,1.55784646097495689e-154
5,254,0x1.de5f571e43f2ap-559,0x1.0b5b865528991p-511,0x1.0b5b8655289bp-511,1.55784646097491317e-154
5,255,0x1.60253cfc2d811p-561,0x1.0b5b865528991p-511,0x1.0b5b865528998p-511,1.55784646097490522e-154
5,256,0x1.02e10b0f8a51bp-563,0x1.0b5b865528991p-511,0x1.0b5b865528993p-511,1.55784646097490357e-154
5,257,0x1.7c1e8fb22fe3fp-566,0x1.0b5b865528991p-511,0x1.0b5b865528992p-511,1.55784646097490323e-154
5,258,0x1.16b2281055f5cp-568,0x1.0b5b865528991p-511,0x1.0b5b865528992p-511,1.55784646097490323e-154
5,259,0x1.981ec40b9cd75p-571,0x1.0b5b865528991p-511,0x1.0b5b865528992p-511,1.55784646097490323e-154
5,260,0x1.2a6c2e7e4a391p-573,0x1.0b5b865528991p-511,0x1.0b5b865528992p-511,1.55784646097490323e-154
5,261,0x1.b3d56afe0f5dap-576,0x1.0b5b865528991p-511,0x1.0b5b865528992p-511,1.55784646097490323e-154
5,262,0x1.3dd46ec9e8f0bp-578,0x1.0b5b865528991p-511,0x1.0b5b865528992p-511,1.55784646097490323e-154
5,263,0x1.ceed53ef788cfp-581,0x1.0b5b865528991p-511,0x1.0b5b865528992p-511,1.55784646097490323e-154
5,264,0x1.50ad65c135a56p-583,0x1.0b5b865528991p-511,0x1.0b5b865528992p-511,1.55784646097490323e-154
5,265,0x1.e90e1f47dcd98p-586,0x1.0b5b865528991p-511,0x1.0b5b865528992p-511,1.55784646097490323e-154
5,266,0x1.62b7ec6eb3f3p-588,0x1.0b5b865528991p-511,0x1.0b5b865528992p-511,1.55784646097490323e-154
5,267,0x1.00ef025acb3d1p-590,0x1.0b5b865528991p-511,0x1.0b5b865528992p-511,1.55784646097490323e-154
5,268,0x1.73b4886d729a7p-593,0x1.0b5b865528991p-511,0x1.0b5b865528992p-511,1.55784646097490323e-154
5,269,0x1.0c81dfe3fa15fp-595,0x1.0b5b865528991p-511,0x1.0b5b865528992p-511,1.55784646097490323e-154
5,270,0x1.8364cd7866497p-598,0x1.0b5b865528991p-511,0x1.0b5b865528992p-511,1.55784646097490323e-154
5,271,0x1.1714345aa6a17p-600,0x1.0b5b865528991p-511,0x1.0b5b865528992p-511,1.55784646097490323e-154
5,272,0x1.918c273d516f7p-603,0x1.0b5b865528991p-511,0x1.0b5b865528992p-511,1.55784646097490323e-154
5,273,0x1.207a63bd6faaap-605,0x1.0b5b865528991p-511,0x1.0b5b865528992p-511,1.55784646097490323e-154
5,274,0x1.9de0ba3c4bdfbp-608,0x1.0b5b865528991p-511,0x1.0b5b865528992p-511,1.55784646097490323e-154
5,275,0x1.2850fa349234cp-610,0x1.0b5b865528991p-511,0x1.0b5b865528992p-511,1.55784646097490323e-154
5,276,0x1.a6941e96412a6p-613,0x1.0b5b865528991p-511,0x1.0b5b865528992p-511,1.55784646097490323e-154
5,277,0x1.294ecf5975b1fp-615,0x1.0b5b865528991p-511,0x1.0b5b865528992p-511,1.55784646097490323e-154
5,278,0x1.8c7d4f66d7fbcp-618,0x1.0b5b865528991p-511,0x1.0b5b865528992p-511,1.55784646097490323e-154
5,279,0x1.a0cb0c16ff5f1p-621,0x1.0b5b865528991p-511,0x1.0b5b865528992p-511,1.55784646097490323e-154
5,280,0x0p+0,0x1.0b5b865528991p-511,0x1.0b5b865528991p-511,1.55784646097490290e-154
6,0,0x1.15247aaf2388ep-4,0x1.1547d15eabcfp-510,0x1.15247aaf2388fp-4,6.76617424344121282e-02
6,1,0x1.80dbba7c6f915p-6,0x1.1547d15eabcfp-510,0x1.80dbba7c6f916p-6,2.34898873475169676e-02
6,2,0x1.f82506b38563dp-8,0x1.1547d15eabcfp-510,0x1.f82506b38563ep-8,7.69263661961399996e-03
6,3,0x1.3bc472f8161b5p-9,0x1.1547d15eabcfp-510,0x1.3bc472f8161b6p-9,2.40911391669503937e-03
6,4,0x1.7f1699f40ea0cp-11,0x1.1547d15eabcfp-510,0x1.7f1699f40ea0dp-11,7.30682919772464323e-04
6,5,0x1.c6ff5071a8c9p-13,0x1.1547d15eabcfp-510,0x1.c6ff5071a8c91p-13,2.16959629644273888e-04
6,6,0x1.0ab323907ef82p-14,0x1.1547d15eabcfp-510,0x1.0ab323907ef83p-14,6.35861781645413450e-05
6,7,0x1.364050dd97a29p-16,0x1.1547d15eabcfp-510,0x1.364050dd97a2ap-16,1.84924145883951681e-05
6,8,0x1.67275e99e6ac3p-18,0x1.1547d15eabcfp-510,0x1.67275e99e6ac4p-18,5.35180847718403092e-06
6,9,0x1.9e324d79b7aebp-20,0x1.1547d15eabcfp-510,0x1.9e324d79b7aecp-20,1.54300218329461952e-06
6,10,0x1.dbfb51312a112p-22,0x1.1547d15eabcfp-510,0x1.dbfb51312a113p-22,4.43292509431332513e-07
6,11,0x1.10827cbc98604p-23,0x1.1547d15eabcfp-510,0x1.10827cbc98605p-23,1.26897225077727261e-07
6,12,0x1.36e99ac1f61cap-25,0x1.1547d15eabcfp-510,0x1.36e99ac1f61cbp-25,3.61949808039370105e-08
6,13,0x1.617da91885494p-27,0x1.1547d15eabcfp-510,0x1.617da91885495p-27,1.02879380995552111e-08
6,14,0x1.9094944234e2ep-29,0x1.1547d15eabcfp-510,0x1.9094944234e2fp-29,2.91460591868236513e-09
6,15,0x1.c48e604163353p-31,0x1.1547d15eabcfp-510,0x1.c48e604163354p-31,8.23194852712095916e-10
6,16,0x1.fdd27ac35f64dp-33,0x1.1547d15eabcfp-510,0x1.fdd27ac35f64ep-33,2.31840288378126394e-10
6,17,0x1.1e669e78a8a15p-34,0x1.1547d15eabcfp-510,0x1.1e669e78a8a16p-34,6.51200151834226667e-11
6,18,0x1.40f72acf8a0f6p-36,0x1.1547d15eabcfp-510,0x1.40f72acf8a0f7p-36,1.82447761852385362e-11
6,19,0x1.66d40a83ad65ap-38,0x1.1547d15eabcfp-510,0x1.66d40a83ad65bp-38,5.09925663204272832e-12
6,20,0x1.90379dc8bf32bp-40,0x1.1547d15eabcfp-510,0x1.90379dc8bf32cp-40,1.42185730334648702e-12
6,21,0x1.bd5d74e0ddac5p-42,0x1.1547d15eabcfp-510,0x1.bd5d74e0ddac6p-42,3.95563639330539752e-13
6,22,0x1.ee823a670089cp-44,0x1.1547d15eabcfp-510,0x1.ee823a670089dp-44,1.09802989733769202e-13
6,23,0x1.11f1c320a2b3p-45,0x1.1547d15eabcfp-510,0x1.11f1c320a2b31p-45,3.04139362205077247e-14
6,24,0x1.2edfce6090429p-47,0x1.1547d15eabcfp-510,0x1.2edfce609042ap-47,8.40644894851086347e-15
6,25,0x1.4e2a90f51ae69p-49,0x1.1547d15eabcfp-510,0x1.4e2a90f51ae6ap-49,2.31874432415226039e-15
6,26,0x1.6ff163ba8467bp-51,0x1.1547d15eabcfp-510,0x1.6ff163ba8467cp-51,6.38279234999402369e-16
6,27,0x1.94537c4eb658ep-53,0x1.1547d15eabcfp-510,0x1.94537c4eb658fp-53,1.75348501140734509e-16
6,28,0x1.bb6fc1dfa6475p-55,0x1.1547d15eabcfp-510,0x1.bb6fc1dfa6476p-55,4.80774873066980962e-17
6,29,0x1.e564a01daef49p-57,0x1.1547d15eabcfp-510,0x1.e564a01daef4ap-57,1.31566054756325760e-17
6,30,0x1.0927ebbfc6d9bp-58,0x1.1547d15eabcfp-510,0x1.0927ebbfc6d9cp-58,3.59353309094418638e-18
6,31,0x1.2127252f2f8acp-60,0x1.1547d15eabcfp-510,0x1.2127252f2f8adp-60,9.79688170112449433e-19
6,32,0x1.3abde370efd2dp-62,0x1.1547d15eabcfp-510,0x1.3abde370efd2ep-62,2.66596633589027404e-19
6,33,0x1.55f96707d1a44p-64,0x1.1547d15eabcfp-510,0x1.55f96707d1a45p-64,7.24158596355929521e-20
6,34,0x1.72e62c4190b11p-66,0x1.1547d15eabcfp-510,0x1.72e62c4190b12p-66,1.96352355402817407e-20
6,35,0x1.918fccb339f1dp-68,0x1.1547d15eabcfp-510,0x1.918fccb339f1ep-68,5.31462507572149082e-21
6,36,0x1.b200e0216f771p-70,0x1.1547d15eabcfp-510,0x1.b200e0216f772p-70,1.43599685909596553e-21
6,37,0x1.d442dd1cddfccp-72,0x1.1547d15eabcfp-510,0x1.d442dd1cddfcdp-72,3.87336575011911472e-22
6,38,0x1.f85df998f583dp-74,0x1.1547d15eabcfp-510,0x1.f85df998f583ep-74,1.04300669574234868e-22
6,39,0x1.0f2c85e1750d9p-75,0x1.1547d15eabcfp-510,0x1.0f2c85e1750dap-75,2.80387259351949340e-23
6,40,0x1.231cb5b053b82p-77,0x1.1547d15eabcfp-510,0x1.231cb5b053b83p-77,7.52507263647513450e-24
6,41,0x1.38016a00cfa8dp-79,0x1.1547d15eabcfp-510,0x1.38016a00cfa8ep-79,2.01628843936641775e-24
6,42,0x1.4ddba4269a83p-81,0x1.1547d15eabcfp-510,0x1.4ddba4269a831p-81,5.39376646521720820e-25
6,43,0x1.64ab7b5db40a2p-83,0x1.1547d15eabcfp-510,0x1.64ab7b5db40a3p-83,1.44057805647880382e-25
6,44,0x1.7c7010020b7b7p-85,0x1.1547d15eabcfp-510,0x1.7c7010020b7b8p-85,3.84143953048526916e-26
6,45,0x1.95277fc7e48c3p-87,0x1.1547d15eabcfp-510,0x1.95277fc7e48c4p-87,1.02275322479630574e-26
6,46,0x1.aecedb1944fc9p-89,0x1.1547d15eabcfp-510,0x1.aecedb1944fcap-89,2.71878090447585374e-27
6,47,0x1.c9621bbb0f426p-91,0x1.1547d15eabcfp-510,0x1.c9621bbb0f427p-91,7.21623506594921809e-28
6,48,0x1.e4dc1cda6bbb7p-93,0x1.1547d15eabcfp-510,0x1.e4dc1cda6bbb8p-93,1.91243476387616174e-28
6,49,0x1.009b4a506121fp-94,0x1.1547d15eabcfp-510,0x1.009b4a506122p-94,5.06067292212021846e-29
6,50,0x1.0f3507b4e703dp-96,0x1.1547d15eabcfp-510,0x1.0f3507b4e703ep-96,1.33715448087252131e-29
6,51,0x1.1e36f65a24a3cp-98,0x1.1547d15eabcfp-510,0x1.1e36f65a24a3dp-98,3.52786850931567621e-30
6,52,0x1.2d9c2ef12a4aep-100,0x1.1547d15eabcfp-510,0x1.2d9c2ef12a4afp-100,9.29407850117328545e-31
6,53,0x1.3d5f336d8e617p-102,0x1.1547d15eabcfp-510,0x1.3d5f336d8e618p-102,2.44494401707113261e-31
6,54,0x1.4d79f04db3009p-104,0x1.1547d15eabcfp-510,0x1.4d79f04db300ap-104,6.42252036191765228e-32
6,55,0x1.5de5bedf4a261p-106,0x1.1547d15eabcfp-510,0x1.5de5bedf4a262p-106,1.68469491085567736e-32
6,56,0x1.6e9b6882c9fc5p-108,0x1.1547d15eabcfp-510,0x1.6e9b6882c9fc6p-108,4.41287200838061174e-33
6,57,0x1.7f932aee5a88ep-110,0x1.1547d15eabcfp-510,0x1.7f932aee5a88fp-110,1.15427864908795417e-33
6,58,0x1.90c4bd6e9608fp-112,0x1.1547d15eabcfp-510,0x1.90c4bd6e9609p-112,3.01504720614856354e-34
6,59,0x1.a227572142feap-114,0x1.1547d15eabcfp-510,0x1.a227572142febp-114,7.86459649084276001e-35
6,60,0x1.b3b1b62400414p-116,0x1.1547d15eabcfp-510,0x1.b3b1b62400415p-116,2.04862421494401136e-35
6,61,0x1.c55a27aeb5a41p-118,0x1.1547d15eabcfp-510,0x1.c55a27aeb5a42p-118,5.32912912424410789e-36
6,62,0x1.d716910f84c82p-120,0x1.1547d15eabcfp-510,0x1.d716910f84c83p-120,1.38440365045084022e-36
6,63,0x1.e8dc797bf25acp-122,0x1.1547d15eabcfp-510,0x1.e8dc797bf25adp-122,3.59158507921494778e-37
6,64,0x1.faa114a915e4dp-124,0x1.1547d15eabcfp-510,0x1.faa114a915e4ep-124,9.30530918499250631e-38
6,65,0x1.062ca70d68e97p-125,0x1.1547d15eabcfp-510,0x1.062ca70d68e98p-125,2.40769183095423251e-38
6,66,0x1.0efcea8c35ae6p-127,0x1.1547d15eabcfp-510,0x1.0efcea8c35ae7p-127,6.22157830012793034e-39
6,67,0x1.17bb9499ab20bp-129,0x1.1547d15eabcfp-510,0x1.17bb9499ab20cp-129,1.60558716384314304e-39
6,68,0x1.2062d3a5d769bp-131,0x1.1547d15eabcfp-510,0x1.2062d3a5d769cp-131,4.13813675799016582e-40
6,69,0x1.28eccb7e586c4p-133,0x1.1547d15eabcfp-510,0x1.28eccb7e586c5p-133,1.06516612757681897e-40
6,70,0x1.31539c2d3efedp-135,0x1.1547d15eabcfp-510,0x1.31539c2d3efeep-135,2.73826366876823272e-41
6,71,0x1.399168f4deae7p-137,0x1.1547d15eabcfp-510,0x1.399168f4deae8p-137,7.03043788375519533e-42
6,72,0x1.41a05f5c847ebp-139,0x1.1547d15eabcfp-510,0x1.41a05f5c847ecp-139,1.80277863046830420e-42
6,73,0x1.497abe41df705p-141,0x1.1547d15eabcfp-510,0x1.497abe41df706p-141,4.61699069166582633e-43
6,74,0x1.511adce2d157ep-143,0x1.1547d15eabcfp-510,0x1.511adce2d157fp-143,1.18096156215834594e-43
6,75,0x1.587b31d3656d6p-145,0x1.1547d15eabcfp-510,0x1.587b31d3656d7p-145,3.01700635768543164e-44
6,76,0x1.5f9659d3cc1a9p-147,0x1.1547d15eabcfp-510,0x1.5f9659d3cc1aap-147,7.69810554680561009e-45
6,77,0x1.66671e7a78481p-149,0x1.1547d15eabcfp-510,0x1.66671e7a78482p-149,1.96183322499992120e-45
6,78,0x1.6ce87ca6d11c7p-151,0x1.1547d15eabcfp-510,0x1.6ce87ca6d11c8p-151,4.99360579163391483e-46
6,79,0x1.7315aab15ae43p-153,0x1.1547d15eabcfp-510,0x1.7315aab15ae44p-153,1.26953205640270770e-46
6,80,0x1.78ea1e4ec1562p-155,0x1.1547d15eabcfp-510,0x1.78ea1e4ec1563p-155,3.22369229129120823e-47
6,81,0x1.7e61921bcb527p-157,0x1.1547d15eabcfp-510,0x1.7e61921bcb528p-157,8.17611844221484058e-48
6,82,0x1.83780ac8f2debp-159,0x1.1547d15eabcfp-510,0x1.83780ac8f2decp-159,2.07122648221608270e-48
6,83,0x1.8829dbdd21a3dp-161,0x1.1547d15eabcfp-510,0x1.8829dbdd21a3ep-161,5.24080396533998757e-49
6,84,0x1.8c73ac07e8a16p-163,0x1.1547d15eabcfp-510,0x1.8c73ac07e8a17p-163,1.32452812147606878e-49
6,85,0x1.905278fc6efa7p-165,0x1.1547d15eabcfp-510,0x1.905278fc6efa8p-165,3.34364668180127789e-50
6,86,0x1.93c39acf45496p-167,0x1.1547d15eabcfp-510,0x1.93c39acf45497p-167,8.43098739677219309e-51
6,87,0x1.96c4c6d246b6p-169,0x1.1547d15eabcfp-510,0x1.96c4c6d246b61p-169,2.12343147723009517e-51
6,88,0x1.995411eab4528p-171,0x1.1547d15eabcfp-510,0x1.995411eab4529p-171,5.34198485377134980e-52
6,89,0x1.9b6ff25ebfc71p-173,0x1.1547d15eabcfp-510,0x1.9b6ff25ebfc72p-173,1.34237679997415088e-52
6,90,0x1.9d174118c573dp-175,0x1.1547d15eabcfp-510,0x1.9d174118c573ep-175,3.36942935584635906e-53
6,91,0x1.9e493a5f8183ap-177,0x1.1547d15eabcfp-510,0x1.9e493a5f8183bp-177,8.44794560377404054e-54
6,92,0x1.9f057e03944ep-179,0x1.1547d15eabcfp-510,0x1.9f057e03944e1p-179,2.11573542856500948e-54
6,93,0x1.9f4c0f03aebc9p-181,0x1.1547d15eabcfp-510,0x1.9f4c0f03aebcap-181,5.29285165808453679e-55
6,94,0x1.9f1d52a9bc9c9p-183,0x1.1547d15eabcfp-510,0x1.9f1d52a9bc9cap-183,1.32263123998015272e-55
6,95,0x1.9e7a0f2456c36p-185,0x1.1547d15eabcfp-510,0x1.9e7a0f2456c37p-185,3.30149813576561236e-56
6,96,0x1.9d6369a0afbd7p-187,0x1.1547d15eabcfp-510,0x1.9d6369a0afbd8p-187,8.23207006846143966e-57
6,97,0x1.9bdae3ea093fp-189,0x1.1547d15eabcfp-510,0x1.9bdae3ea093f1p-189,2.05038416591686942e-57
6,98,0x1.99e259948d44p-191,0x1.1547d15eabcfp-510,0x1.99e259948d441p-191,5.10143102095283969e-58
6,99,0x1.977bfcba21e2bp-193,0x1.1547d15eabcfp-510,0x1.977bfcba21e2cp-193,1.26789059016616029e-58
6,100,0x1.94aa5250794a2p-195,0x1.1547d15eabcfp-510,0x1.94aa5250794a3p-195,3.14779807444224309e-59
6,101,0x1.91702e2036b87p-197,0x1.1547d15eabcfp-510,0x1.91702e2036b88p-197,7.80673773598840658e-60
6,102,0x1.8dd0ae6584b5ep-199,0x1.1547d15eabcfp-510,0x1.8dd0ae6584b5fp-199,1.93407017591193817e-60
6,103,0x1.89cf3722e7e24p-201,0x1.1547d15eabcfp-510,0x1.89cf3722e7e25p-201,4.78648853704844060e-61
6,104,0x1.856f6d2f736fbp-203,0x1.1547d15eabcfp-510,0x1.856f6d2f736fcp-203,1.18333084540429101e-61
6,105,0x1.80b53109c8ef6p-205,0x1.1547d15eabcfp-510,0x1.80b53109c8ef7p-205,2.92241502615597111e-62
6,106,0x1.7ba499797c628p-207,0x1.1547d15eabcfp-510,0x1.7ba499797c629p-207,7.20985102158209367e-63
6,107,0x1.7641ee088f67cp-209,0x1.1547d15eabcfp-510,0x1.7641ee088f67dp-209,1.77689390489146633e-63
6,108,0x1.7091a15ebbb99p-211,0x1.1547d15eabcfp-510,0x1.7091a15ebbb9ap-211,4.37471332550569762e-64
6,109,0x1.6a984b8836352p-213,0x1.1547d15eabcfp-510,0x1.6a984b8836353p-213,1.07595139413190766e-64
6,110,0x1.645aa4317130fp-215,0x1.1547d15eabcfp-510,0x1.645aa4317131p-215,2.64358140086818540e-65
6,111,0x1.5ddd7ce13017dp-217,0x1.1547d15eabcfp-510,0x1.5ddd7ce13017ep-217,6.48861051324667154e-66
6,112,0x1.5725bb39f7cffp-219,0x1.1547d15eabcfp-510,0x1.5725bb39f7dp-219,1.59100550316010958e-66
6,113,0x1.5038534b91056p-221,0x1.1547d15eabcfp-510,0x1.5038534b91057p-221,3.89721678067701567e-67
6,114,0x1.491a41fcebe84p-223,0x1.1547d15eabcfp-510,0x1.491a41fcebe85p-223,9.53679120791289727e-68
6,115,0x1.41d08796422a7p-225,0x1.1547d15eabcfp-510,0x1.41d08796422a8p-225,2.33139956702607010e-68
6,116,0x1.3a602272d532fp-227,0x1.1547d15eabcfp-510,0x1.3a602272d533p-227,5.69376774092812060e-69
6,117,0x1.32ce09e11d5d9p-229,0x1.1547d15eabcfp-510,0x1.32ce09e11d5dap-229,1.38916307749801272e-69
6,118,0x1.2b1f2937ad3f1p-231,0x1.1547d15eabcfp-510,0x1.2b1f2937ad3f2p-231,3.38593790760790022e-70
6,119,0x1.23585b2472e18p-233,0x1.1547d15eabcfp-510,0x1.23585b2472e19p-233,8.24477529861542286e-71
6,120,0x1.1b7e653b627e1p-235,0x1.1547d15eabcfp-510,0x1.1b7e653b627e2p-235,2.00564707770038442e-71
6,121,0x1.1395f3c8f3e66p-237,0x1.1547d15eabcfp-510,0x1.1395f3c8f3e67p-237,4.87425023590017994e-72
6,122,0x1.0ba395ec374b3p-239,0x1.1547d15eabcfp-510,0x1.0ba395ec374b4p-239,1.18342429240044403e-72
6,123,0x1.03abb9fba0b0ap-241,0x1.1547d15eabcfp-510,0x1.03abb9fba0b0bp-241,2.87047789419973922e-73
6,124,0x1.f765546e09efap-244,0x1.1547d15eabcfp-510,0x1.f765546e09efbp-244,6.95585783606193784e-74
6,125,0x1.e779139141f48p-246,0x1.1547d15eabcfp-510,0x1.e779139141f49p-246,1.68395944156753224e-74
6,126,0x1.d79aa42cc8dfbp-248,0x1.1547d15eabcfp-510,0x1.d79aa42cc8dfcp-248,4.07285221915485483e-75
6,127,0x1.c7d1a0c8404bap-250,0x1.1547d15eabcfp-510,0x1.c7d1a0c8404bbp-250,9.84132125507181640e-76
6,128,0x1.b825478d45a3fp-252,0x1.1547d15eabcfp-510,0x1.b825478d45a4p-252,2.37573236837456354e-76
6,129,0x1.a89c76ce84bbfp-254,0x1.1547d15eabcfp-510,0x1.a89c76ce84bcp-254,5.72970904472164906e-77
6,130,0x1.993daa2d9379bp-256,0x1.1547d15eabcfp-510,0x1.993daa2d9379cp-256,1.38057546941536081e-77
6,131,0x1.8a0ef85c8cd75p-258,0x1.1547d15eabcfp-510,0x1.8a0ef85c8cd76p-258,3.32339397424748093e-78
6,132,0x1.7b16117778d52p-260,0x1.1547d15eabcfp-510,0x1.7b16117778d53p-260,7.99280360066397082e-79
6,133,0x1.6c583df0babfdp-262,0x1.1547d15eabcfp-510,0x1.6c583df0babfep-262,1.92049694783814376e-79
6,134,0x1.5dda5e0afeae5p-264,0x1.1547d15eabcfp-510,0x1.5dda5e0afeae6p-264,4.61027443810333792e-80
6,135,0x1.4fa0e9da735cfp-266,0x1.1547d15eabcfp-510,0x1.4fa0e9da735dp-266,1.10570712581779728e-80
6,136,0x1.41aff1c6871fcp-268,0x1.1547d15eabcfp-510,0x1.41aff1c6871fdp-268,2.64944610366647070e-81
6,137,0x1.340b1f84dd7acp-270,0x1.1547d15eabcfp-510,0x1.340b1f84dd7adp-270,6.34268558938860291e-82
6,138,0x1.26b5b785c6b99p-272,0x1.1547d15eabcfp-510,0x1.26b5b785c6b9ap-272,1.51703583025120874e-82
6,139,0x1.19b29aca2c132p-274,0x1.1547d15eabcfp-510,0x1.19b29aca2c133p-274,3.62513750453342710e-83
6,140,0x1.0d04491a9ff4bp-276,0x1.1547d15eabcfp-510,0x1.0d04491a9ff4cp-276,8.65486977590242725e-84
6,141,0x1.00ace397138e9p-278,0x1.1547d15eabcfp-510,0x1.00ace397138eap-278,2.06445489740580340e-84
6,142,0x1.e95c5f2d2db18p-281,0x1.1547d15eabcfp-510,0x1.e95c5f2d2db19p-281,4.91994734461374617e-85
6,143,0x1.d213339cfdce3p-283,0x1.1547d15eabcfp-510,0x1.d213339cfdce4p-283,1.17145895311038193e-85
6,144,0x1.bb807370abe9dp-285,0x1.1547d15eabcfp-510,0x1.bb807370abe9ep-285,2.78680524686369778e-86
6,145,0x1.a5a5aa5c20a61p-287,0x1.1547d15eabcfp-510,0x1.a5a5aa5c20a62p-287,6.62369655729452533e-87
6,146,0x1.9083c8684faedp-289,0x1.1547d15eabcfp-510,0x1.9083c8684faeep-289,1.57293157854167524e-87
6,147,0x1.7c1b29d2e7a3bp-291,0x1.1547d15eabcfp-510,0x1.7c1b29d2e7a3cp-291,3.73195281131201248e-88
6,148,0x1.686b9f29a792fp-293,0x1.1547d15eabcfp-510,0x1.686b9f29a793p-293,8.84668708769741217e-89
6,149,0x1.557475921da86p-295,0x1.1547d15eabcfp-510,0x1.557475921da87p-295,2.09529263936914898e-89
6,150,0x1.43347f2f3cd1fp-297,0x1.1547d15eabcfp-510,0x1.43347f2f3cd2p-297,4.95826211215499423e-90
6,151,0x1.31aa1b96f1fe7p-299,0x1.1547d15eabcfp-510,0x1.31aa1b96f1fe8p-299,1.17229337378640873e-90
6,152,0x1.20d3404aaa2fep-301,0x1.1547d15eabcfp-510,0x1.20d3404aaa2ffp-301,2.76927714993986004e-91
6,153,0x1.10ad81268ecfbp-303,0x1.1547d15eabcfp-510,0x1.10ad81268ecfcp-303,6.53613559639422143e-92
6,154,0x1.013618bc1a5ecp-305,0x1.1547d15eabcfp-510,0x1.013618bc1a5edp-305,1.54135056797840616e-92
6,155,0x1.e4d3e11b16647p-308,0x1.1547d15eabcfp-510,0x1.e4d3e11b16648p-308,3.63168985907669172e-93
6,156,0x1.c88b524141ebcp-310,0x1.1547d15eabcfp-510,0x1.c88b524141ebdp-310,8.54956919087327486e-94
6,157,0x1.ad8b43bff6873p-312,0x1.1547d15eabcfp-510,0x1.ad8b43bff6874p-312,2.01098599994807533e-94
6,158,0x1.93cc0186b112ep-314,0x1.1547d15eabcfp-510,0x1.93cc0186b112fp-314,4.72611597702121113e-95
6,159,0x1.7b45736fb6e55p-316,0x1.1547d15eabcfp-510,0x1.7b45736fb6e56p-316,1.10976590181504312e-95
6,160,0x1.63ef2b84c2093p-318,0x1.1547d15eabcfp-510,0x1.63ef2b84c2094p-318,2.60370156019479563e-96
6,161,0x1.4dc073ad9d44p-320,0x1.1547d15eabcfp-510,0x1.4dc073ad9d441p-320,6.10358494940395415e-97
6,162,0x1.38b05ac02e4afp-322,0x1.1547d15eabcfp-510,0x1.38b05ac02e4bp-322,1.42959781063465603e-97
6,163,0x1.24b5c0eb0a6a9p-324,0x1.1547d15eabcfp-510,0x1.24b5c0eb0a6aap-324,3.34563810666990802e-98
6,164,0x1.11c763753e5fbp-326,0x1.1547d15eabcfp-510,0x1.11c763753e5fcp-326,7.82314466330625162e-99
6,165,0x1.ffb7cf9ed5638p-329,0x1.1547d15eabcfp-510,0x1.ffb7cf9ed5639p-329,1.82777261051270309e-99
6,166,0x1.ddd3cbe7716e1p-331,0x1.1547d15eabcfp-510,0x1.ddd3cbe7716e2p-331,4.26680166789586674e-100
6,167,0x1.bdcfe426f23cap-333,0x1.1547d15eabcfp-510,0x1.bdcfe426f23cbp-333,9.95229649789912885e-101
6,168,0x1.9f994b24e315cp-335,0x1.1547d15eabcfp-510,0x1.9f994b24e315dp-335,2.31945406005124689e-101
6,169,0x1.831d4ea1f77b1p-337,0x1.1547d15eabcfp-510,0x1.831d4ea1f77b2p-337,5.40120814047970305e-102
6,170,0x1.6849668e39fcbp-339,0x1.1547d15eabcfp-510,0x1.6849668e39fccp-339,1.25672357022396328e-102
6,171,0x1.4f0b42e75191ep-341,0x1.1547d15eabcfp-510,0x1.4f0b42e75191fp-341,2.92168468977348164e-103
6,172,0x1.3750d846a858p-343,0x1.1547d15eabcfp-510,0x1.3750d846a8581p-343,6.78691929307242171e-104
6,173,0x1.21086b28b6b44p-345,0x1.1547d15eabcfp-510,0x1.21086b28b6b45p-345,1.57528373410628354e-104
6,174,0x1.0c2099f7fc345p-347,0x1.1547d15eabcfp-510,0x1.0c2099f7fc346p-347,3.65336155407989974e-105
6,175,0x1.f110cbce92319p-350,0x1.1547d15eabcfp-510,0x1.f110cbce9231ap-350,8.46594161830691040e-106
6,176,0x1.cc5e754fd15dbp-352,0x1.1547d15eabcfp-510,0x1.cc5e754fd15dcp-352,1.96023261793319618e-106
6,177,0x1.aa09ea11fe4cdp-354,0x1.1547d15eabcfp-510,0x1.aa09ea11fe4cep-354,4.53513948399372499e-107
6,178,0x1.89f3d11c10a19p-356,0x1.1547d15eabcfp-510,0x1.89f3d11c10a1ap-356,1.04839596160426096e-107
6,179,0x1.6bfdc815b143bp-358,0x1.1547d15eabcfp-510,0x1.6bfdc815b143cp-358,2.42165700556830302e-108
6,180,0x1.500a6aa7a7a5dp-360,0x1.1547d15eabcfp-510,0x1.500a6aa7a7a5ep-360,5.58924907151480781e-109
6,181,0x1.35fd5822756d2p-362,0x1.1547d15eabcfp-510,0x1.35fd5822756d3p-362,1.28898767446917939e-109
6,182,0x1.1dbb378907de5p-364,0x1.1547d15eabcfp-510,0x1.1dbb378907de6p-364,2.97029411426737030e-110
6,183,0x1.0729ba1d4fec4p-366,0x1.1547d15eabcfp-510,0x1.0729ba1d4fec5p-366,6.83921794986504075e-111
6,184,0x1.e45f3918923ddp-369,0x1.1547d15eabcfp-510,0x1.e45f3918923dep-369,1.57351407962729950e-111
6,185,0x1.bd694dad02303p-371,0x1.1547d15eabcfp-510,0x1.bd694dad02304p-371,3.61736985081437785e-112
6,186,0x1.9943562324fc5p-373,0x1.1547d15eabcfp-510,0x1.9943562324fc6p-373,8.30948619338237474e-113
6,187,0x1.77c1063c86ae3p-375,0x1.1547d15eabcfp-510,0x1.77c1063c86ae4p-375,1.90728360143628728e-113
6,188,0x1.58b81adc29c05p-377,0x1.1547d15eabcfp-510,0x1.58b81adc29c06p-377,4.37438588955404985e-114
6,189,0x1.3c0051e42fcc4p-379,0x1.1547d15eabcfp-510,0x1.3c0051e42fcc5p-379,1.00249098988714041e-114
6,190,0x1.217360978ac17p-381,0x1.1547d15eabcfp-510,0x1.217360978ac18p-381,2.29565319580133189e-115
6,191,0x1.08ece8aef0fa6p-383,0x1.1547d15eabcfp-510,0x1.08ece8aef0fa7p-383,5.25285407077944534e-116
6,192,0x1.e494d89bd5317p-386,0x1.1547d15eabcfp-510,0x1.e494d89bd5318p-386,1.20101512232160204e-116
6,193,0x1.bad68204ae9c9p-388,0x1.1547d15eabcfp-510,0x1.bad68204ae9cap-388,2.74388888653786567e-117
6,194,0x1.946103ec8d80ep-390,0x1.1547d15eabcfp-510,0x1.946103ec8d80fp-390,6.26397885901884673e-118
6,195,0x1.70fa02f2e239bp-392,0x1.1547d15eabcfp-510,0x1.70fa02f2e239cp-392,1.42889582695201923e-118
6,196,0x1.506a740a1e3d5p-394,0x1.1547d15eabcfp-510,0x1.506a740a1e3d6p-394,3.25700308844487411e-119
6,197,0x1.327e7db48d9bp-396,0x1.1547d15eabcfp-510,0x1.327e7db48d9b1p-396,7.41829122084974520e-120
6,198,0x1.170558b1bc19ep-398,0x1.1547d15eabcfp-510,0x1.170558b1bc19fp-398,1.68833440912951202e-120
6,199,0x1.fba260a5b9537p-401,0x1.1547d15eabcfp-510,0x1.fba260a5b9538p-401,3.83957116483382881e-121
6,200,0x1.cd6e054fb51c1p-403,0x1.1547d15eabcfp-510,0x1.cd6e054fb51c2p-403,8.72524019012546508e-122
6,201,0x1.a31d01642518bp-405,0x1.1547d15eabcfp-510,0x1.a31d01642518cp-405,1.98126805002646069e-122
6,202,0x1.7c63dd8a67b03p-407,0x1.1547d15eabcfp-510,0x1.7c63dd8a67b04p-407,4.49553107488872179e-123
6,203,0x1.58fc0a74ef817p-409,0x1.1547d15eabcfp-510,0x1.58fc0a74ef818p-409,1.01927514593243958e-123
6,204,0x1.38a3a32c867f2p-411,0x1.1547d15eabcfp-510,0x1.38a3a32c867f3p-411,2.30927290236875719e-124
6,205,0x1.1b1d3078b48cbp-413,0x1.1547d15eabcfp-510,0x1.1b1d3078b48ccp-413,5.22797140211092244e-125
6,206,0x1.002f6d963916cp-415,0x1.1547d15eabcfp-510,0x1.002f6d963916dp-415,1.18267654117860888e-125
6,207,0x1.cf4a1ccb246d3p-418,0x1.1547d15eabcfp-510,0x1.cf4a1ccb246d4p-418,2.67346379029095138e-126
6,208,0x1.a2990e6a15585p-420,0x1.1547d15eabcfp-510,0x1.a2990e6a15586p-420,6.03891443807686782e-127
6,209,0x1.79efac8770ef3p-422,0x1.1547d15eabcfp-510,0x1.79efac8770ef4p-422,1.36307699087279896e-127
6,210,0x1.54f89e2a6e8ffp-424,0x1.1547d15eabcfp-510,0x1.54f89e2a6e9p-424,3.07439400499820223e-128
6,211,0x1.3364cf517c1f3p-426,0x1.1547d15eabcfp-510,0x1.3364cf517c1f4p-426,6.92910223578946277e-129
6,212,0x1.14eb0f42d84d6p-428,0x1.1547d15eabcfp-510,0x1.14eb0f42d84d7p-428,1.56053456689280442e-129
6,213,0x1.f28f65a55d29dp-431,0x1.1547d15eabcfp-510,0x1.f28f65a55d29ep-431,3.51195919502481572e-130
6,214,0x1.c0787553d4465p-433,0x1.1547d15eabcfp-510,0x1.c0787553d4466p-433,7.89779455006646100e-131
6,215,0x1.931dfb23c1524p-435,0x1.1547d15eabcfp-510,0x1.931dfb23c1525p-435,1.77477440257365187e-131
6,216,0x1.6a15ad853ff58p-437,0x1.1547d15eabcfp-510,0x1.6a15ad853ff59p-437,3.98530971847951909e-132
6,217,0x1.44fdb0580fc49p-439,0x1.1547d15eabcfp-510,0x1.44fdb0580fc4ap-439,8.94258825740771880e-133
6,218,0x1.237c0159cc4ap-441,0x1.1547d15eabcfp-510,0x1.237c0159cc4a1p-441,2.00515180237301116e-133
6,219,0x1.053dec4de9d37p-443,0x1.1547d15eabcfp-510,0x1.053dec4de9d38p-443,4.49277601474441137e-134
6,220,0x1.d3ef0d6b86d0ap-446,0x1.1547d15eabcfp-510,0x1.d3ef0d6b86d0bp-446,1.00592681120738686e-134
6,221,0x1.a2c665d1514a1p-448,0x1.1547d15eabcfp-510,0x1.a2c665d1514a2p-448,2.25062280580104954e-135
6,222,0x1.768254ad095d9p-450,0x1.1547d15eabcfp-510,0x1.768254ad095dap-450,5.03181153107333029e-136
6,223,0x1.4eae1d76a6f15p-452,0x1.1547d15eabcfp-510,0x1.4eae1d76a6f16p-452,1.12416984827376517e-136
6,224,0x1.2adf040c32149p-454,0x1.1547d15eabcfp-510,0x1.2adf040c3214ap-454,2.50972424356939772e-137
6,225,0x1.0ab38966a5a46p-456,0x1.1547d15eabcfp-510,0x1.0ab38966a5a47p-456,5.59895748143961639e-138
6,226,0x1.dba5696379a8dp-459,0x1.1547d15eabcfp-510,0x1.dba5696379a9p-459,1.24817649812874199e-138
6,227,0x1.a7d6d07fe1e94p-461,0x1.1547d15eabcfp-510,0x1.a7d6d07fe1e9ep-461,2.78056512758783848e-139
6,228,0x1.796783a4d4ce4p-463,0x1.1547d15eabcfp-510,0x1.796783a4d4d08p-463,6.18983320896210171e-140
6,229,0x1.4fd10b585f5bfp-465,0x1.1547d15eabcfp-510,0x1.4fd10b585f64bp-465,1.37693736269225290e-140
6,230,0x1.2a9927d0aab1ap-467,0x1.1547d15eabcfp-510,0x1.2a9927d0aad46p-467,3.06083090516782541e-141
6,231,0x1.0950cf186bff8p-469,0x1.1547d15eabcfp-510,0x1.0950cf186c8a3p-469,6.79915517214255581e-142
6,232,0x1.d7267b42d5ec5p-472,0x1.1547d15eabcfp-510,0x1.d7267b42da418p-472,1.50925134014424937e-142
6,233,0x1.a20a3080a6266p-474,0x1.1547d15eabcfp-510,0x1.a20a3080b77afp-474,3.34780168754842680e-143
6,234,0x1.72a73d26742abp-476,0x1.1547d15eabcfp-510,0x1.72a73d26b97cbp-476,7.42078659744187699e-144
6,235,0x1.4867d9b6b096ep-478,0x1.1547d15eabcfp-510,0x1.4867d9b7c5decp-478,1.64373857995637889e-144
6,236,0x1.22c498b476cc5p-480,0x1.1547d15eabcfp-510,0x1.22c498b8cbebap-480,3.63838505017833253e-145
6,237,0x1.0143229624aeap-482,0x1.1547d15eabcfp-510,0x1.014322a7792bcp-482,8.04781870016652779e-146
6,238,0x1.c6ea1665f836bp-485,0x1.1547d15eabcfp-510,0x1.c6ea16f09c1f7p-485,1.77886026384984974e-146
6,239,0x1.91ed7e01b9cedp-487,0x1.1547d15eabcfp-510,0x1.91ed802c4971ap-487,3.92916370977704435e-147
6,240,0x1.62dd0d13a0235p-489,0x1.1547d15eabcfp-510,0x1.62dd15bddeae5p-489,8.67268604353383606e-148
6,241,0x1.39173d280a345p-491,0x1.1547d15eabcfp-510,0x1.39175fd104603p-491,1.91294803032736178e-148
6,242,0x1.140ac713ca9bcp-493,0x1.1547d15eabcfp-510,0x1.140b51b7b34b2p-493,4.21648756178730072e-149
6,243,0x1.e66a3b0b36fb5p-496,0x1.1547d15eabcfp-510,0x1.e66e902a7c761p-496,9.28761538045248096e-150
6,244,0x1.ac42117f175ddp-498,0x1.1547d15eabcfp-510,0x1.ac5365fc2d48ap-498,2.04454372691094727e-150
6,245,0x1.78cac207fcd83p-500,0x1.1547d15eabcfp-510,0x1.791013fc54833p-500,4.49962060229070217e-151
6,246,0x1.4b47cacc054a4p-502,0x1.1547d15eabcfp-510,0x1.4c5d129d63f62p-502,9.91552286625959706e-152
6,247,0x1.231059a00eda8p-504,0x1.1547d15eabcfp-510,0x1.276578e58989dp-504,2.20316682286661436e-152
6,248,0x1.ff1abcd8a1c65p-507,0x1.1547d15eabcfp-510,0x1.10e1db823ba03p-506,5.08812210603578317e-153
6,249,0x1.c06f94296592ap-509,0x1.1547d15eabcfp-510,0x1.2589be6c5dbd2p-508,1.36831680191879758e-153
6,250,0x1.892deca231b51p-511,0x1.1547d15eabcfp-510,0x1.d9dec7afc4a99p-510,5.52232136108273216e-154
6,251,0x1.587e663ddf19dp-513,0x1.1547d15eabcfp-510,0x1.40579e2667b25p-510,3.73315891057680231e-154
6,252,0x1.2da0ed5f48572p-515,0x1.1547d15eabcfp-510,0x1.1eb4d8c9a611dp-510,3.34117854144802057e-154
6,253,0x1.07ea59ded8217p-517,0x1.1547d15eabcfp-510,0x1.1757a612697f5p-510,3.25536036616253266e-154
6,254,0x1.cd848fd29f09bp-520,0x1.1547d15eabcfp-510,0x1.15bb3282a076dp-510,3.23658471204098144e-154
6,255,0x1.93424b698d92ap-522,0x1.1547d15eabcfp-510,0x1.156105836267fp-510,3.23247972170866048e-154
6,256,0x1.601ce2dfafdadp-524,0x1.1547d15eabcfp-510,0x1.154d51d2374ddp-510,3.23158284885547487e-154
6,257,0x1.333e4650daca3p-526,0x1.1547d15eabcfp-510,0x1.1549049cf21ffp-510,3.23138703126267254e-154
6,258,0x1.0be87d77f7018p-528,0x1.1547d15eabcfp-510,0x1.15481458cb2d1p-510,3.23134430695537829e-154
6,259,0x1.d2e628c8252dfp-531,0x1.1547d15eabcfp-510,0x1.1547dff5dd155p-510,3.23133499156096981e-154
6,260,0x1.969194b062999p-533,0x1.1547d15eabcfp-510,0x1.1547d48bcef87p-510,3.23133296186609405e-154
6,261,0x1.61caf96d4749cp-535,0x1.1547d15eabcfp-510,0x1.1547d20f914bcp-510,3.23133251992544924e-154
6,262,0x1.33a890b425bdfp-537,0x1.1547d15eabcfp-510,0x1.1547d18520e12p-510,3.23133242376395526e-154
6,263,0x1.0b5bb86decc73p-539,0x1.1547d15eabcfp-510,0x1.1547d16706acdp-510,3.23133240285449098e-154
6,264,0x1.d05be2407daa6p-542,0x1.1547d15eabcfp-510,0x1.1547d1607c2afp-510,3.23133239831100245e-154
6,265,0x1.92fc59c34e11cp-544,0x1.1547d15eabcfp-510,0x1.1547d15f108e2p-510,3.23133239732440214e-154
6,266,0x1.5d7ccdfa2df91p-546,0x1.1547d15eabcfp-510,0x1.1547d15ec1a6ep-510,3.23133239711031151e-154
6,267,0x1.2ee2fa2bc7fd9p-548,0x1.1547d15eabcfp-510,0x1.1547d15eb08aap-510,3.23133239706388550e-154
6,268,0x1.0652865eded29p-550,0x1.1547d15eabcfp-510,0x1.1547d15eacd56p-510,3.23133239705382446e-154
6,269,0x1.c6133140cba0cp-553,0x1.1547d15eabcfp-510,0x1.1547d15eac07dp-510,3.23133239705164571e-154
6,270,0x1.88bb844d7e96fp-555,0x1.1547d15eabcfp-510,0x1.1547d15eabdb5p-510,3.23133239705117406e-154
6,271,0x1.53726aaf7fc52p-557,0x1.1547d15eabcfp-510,0x1.1547d15eabd1bp-510,3.23133239705107205e-154
6,272,0x1.253037351dd67p-559,0x1.1547d15eabcfp-510,0x1.1547d15eabcfap-510,3.23133239705105019e-154
6,273,0x1.fa165223897abp-562,0x1.1547d15eabcfp-510,0x1.1547d15eabcf3p-510,3.23133239705104555e-154
6,274,0x1.b45b9fa8c77aap-564,0x1.1547d15eabcfp-510,0x1.1547d15eabcf1p-510,3.23133239705104422e-154
6,275,0x1.77813fe0fc828p-566,0x1.1547d15eabcfp-510,0x1.1547d15eabcf1p-510,3.23133239705104422e-154
6,276,0x1.4156afd2bf028p-568,0x1.1547d15eabcfp-510,0x1.1547d15eabcf1p-510,3.23133239705104422e-154
6,277,0x1.0dcc13082eb5fp-570,0x1.1547d15eabcfp-510,0x1.1547d15eabcf1p-510,3.23133239705104422e-154
6,278,0x1.a737c0fab29bep-573,0x1.1547d15eabcfp-510,0x1.1547d15eabcf1p-510,3.23133239705104422e-154
6,279,0x1.fd0e176c15f1fp-576,0x1.1547d15eabcfp-510,0x1.1547d15eabcf1p-510,3.23133239705104422e-154
6,280,0x0p+0,0x1.1547d15eabcfp-510,0x1.1547d15eabcfp-510,3.23133239705104356e-154
7,0,0x1.1c1d611f29f9p-4,0x1.1d4c4d74edf42p-509,0x1.1c1d611f29f91p-4,6.93639558618299873e-02
7,1,0x1.8eaa787fffec2p-6,0x1.1d4c4d74edf42p-509,0x1.8eaa787fffec3p-6,2.43326355703164070e-02
7,2,0x1.08c28a0d6815ap-7,0x1.1d4c4d74edf42p-509,0x1.08c28a0d6815bp-7,8.07983151281692867e-03
7,3,0x1.51a9136ac84afp-9,0x1.1d4c4d74edf42p-509,0x1.51a9136ac84bp-9,2.57614480996489620e-03
7,4,0x1.a2e7906da27f2p-11,0x1.1d4c4d74edf42p-509,0x1.a2e7906da27f3p-11,7.98997016049128573e-04
7,5,0x1.feff4efd90765p-13,0x1.1d4c4d74edf42p-509,0x1.feff4efd90766p-13,2.43662499928072585e-04
7,6,0x1.34d1fe15c4495p-14,0x1.1d4c4d74edf42p-509,0x1.34d1fe15c4496p-14,7.36284931373169316e-05
7,7,0x1.738d7adc74603p-16,0x1.1d4c4d74edf42p-509,0x1.738d7adc74604p-16,2.21462640739907842e-05
7,8,0x1.bddf6ebf23902p-18,0x1.1d4c4d74edf42p-509,0x1.bddf6ebf23903p-18,6.64402222051567193e-06
7,9,0x1.0af4658b5f13ap-19,0x1.1d4c4d74edf42p-509,0x1.0af4658b5f13bp-19,1.98896731767712350e-06
7,10,0x1.3ee5ca9d0357dp-21,0x1.1d4c4d74edf42p-509,0x1.3ee5ca9d0357ep-21,5.93993110366348677e-07
7,11,0x1.7be6421104ac9p-23,0x1.1d4c4d74edf42p-509,0x1.7be6421104acap-23,1.76904464883005903e-07
7,12,0x1.c33bcf6c9adf5p-25,0x1.1d4c4d74edf42p-509,0x1.c33bcf6c9adf6p-25,5.25305086971140293e-08
7,13,0x1.0b2f62727ceb8p-26,0x1.1d4c4d74edf42p-509,0x1.0b2f62727ceb9p-26,1.55522194653366967e-08
7,14,0x1.3b81cf1d73e1bp-28,0x1.1d4c4d74edf42p-509,0x1.3b81cf1d73e1cp-28,4.59123208674793537e-09
7,15,0x1.7390c1cd657f7p-30,0x1.1d4c4d74edf42p-509,0x1.7390c1cd657f8p-30,1.35174725870046349e-09
7,16,0x1.b47bd40bec397p-32,0x1.1d4c4d74edf42p-509,0x1.b47bd40bec398p-32,3.96979616492838132e-10
7,17,0x1.ff899df2b25b5p-34,0x1.1d4c4d74edf42p-509,0x1.ff899df2b25b6p-34,1.16310176587315665e-10
7,18,0x1.2b15b253af3d7p-35,0x1.1d4c4d74edf42p-509,0x1.2b15b253af3d8p-35,3.40019997000172154e-11
7,19,0x1.5d00c7a3c86dfp-37,0x1.1d4c4d74edf42p-509,0x1.5d00c7a3c86ep-37,9.91926317116300166e-12
7,20,0x1.96706408e863ep-39,0x1.1d4c4d74edf42p-509,0x1.96706408e863fp-39,2.88792297744927147e-12
7,21,0x1.d86bd5b5eb86dp-41,0x1.1d4c4d74edf42p-509,0x1.d86bd5b5eb86ep-41,8.39188682482736834e-13
7,22,0x1.120d3d5acd16ep-42,0x1.1d4c4d74edf42p-509,0x1.120d3d5acd16fp-42,2.43406821319338094e-13
7,23,0x1.3d638bf25d337p-44,0x1.1d4c4d74edf42p-509,0x1.3d638bf25d338p-44,7.04744827312761695e-14
7,24,0x1.6ef1bb496a212p-46,0x1.1d4c4d74edf42p-509,0x1.6ef1bb496a213p-46,2.03694985334237349e-14
7,25,0x1.a786287be1eb7p-48,0x1.1d4c4d74edf42p-509,0x1.a786287be1eb8p-48,5.87757697006384261e-15
7,26,0x1.e806ca7c87c1ap-50,0x1.1d4c4d74edf42p-509,0x1.e806ca7c87c1bp-50,1.69318214725952151e-15
7,27,0x1.18b9c0cdf30fp-51,0x1.1d4c4d74edf42p-509,0x1.18b9c0cdf30f1p-51,4.86981285527799756e-16
7,28,0x1.42744bc9e3ep-53,0x1.1d4c4d74edf42p-509,0x1.42744bc9e3e01p-53,1.39842252987001243e-16
7,29,0x1.71d0b9193bc2fp-55,0x1.1d4c4d74edf42p-509,0x1.71d0b9193bc3p-55,4.00954578111235167e-17
7,30,0x1.a77dbd62f664ep-57,0x1.1d4c4d74edf42p-509,0x1.a77dbd62f664fp-57,1.14787511922854498e-17
7,31,0x1.e43c9e47c9283p-59,0x1.1d4c4d74edf42p-509,0x1.e43c9e47c9284p-59,3.28131612435589242e-18
7,32,0x1.14716f2ca1d33p-60,0x1.1d4c4d74edf42p-509,0x1.14716f2ca1d34p-60,9.36625663895129841e-19
7,33,0x1.3b2e038921cebp-62,0x1.1d4c4d74edf42p-509,0x1.3b2e038921cecp-62,2.66967625315305371e-19
7,34,0x1.66d5c90a24c8ep-64,0x1.1d4c4d74edf42p-509,0x1.66d5c90a24c8fp-64,7.59862878437928811e-20
7,35,0x1.97f779719e2d9p-66,0x1.1d4c4d74edf42p-509,0x1.97f779719e2dap-66,2.15975771001428411e-20
7,36,0x1.cf2fe12495754p-68,0x1.1d4c4d74edf42p-509,0x1.cf2fe12495755p-68,6.13022928808989065e-21
7,37,0x1.0695831e11beep-69,0x1.1d4c4d74edf42p-509,0x1.0695831e11befp-69,1.73763536311826018e-21
7,38,0x1.2952b0baf726fp-71,0x1.1d4c4d74edf42p-509,0x1.2952b0baf727p-71,4.91879657737249093e-22
7,39,0x1.503694bc5bc73p-73,0x1.1d4c4d74edf42p-509,0x1.503694bc5bc74p-73,1.39054523268846382e-22
7,40,0x1.7bb1d86a30919p-75,0x1.1d4c4d74edf42p-509,0x1.7bb1d86a3091ap-75,3.92595126927301802e-23
7,41,0x1.ac3f6b8aecf22p-77,0x1.1d4c4d74edf42p-509,0x1.ac3f6b8aecf23p-77,1.10699444853436097e-23
7,42,0x1.e265469b36dd9p-79,0x1.1d4c4d74edf42p-509,0x1.e265469b36ddap-79,3.11740855490997087e-24
7,43,0x1.0f5a9b66b54aep-80,0x1.1d4c4d74edf42p-509,0x1.0f5a9b66b54afp-80,8.76791848144219146e-25
7,44,0x1.30e6d9f0439fep-82,0x1.1d4c4d74edf42p-509,0x1.30e6d9f0439ffp-82,2.46297682684288656e-25
7,45,0x1.562d5fe92229p-84,0x1.1d4c4d74edf42p-509,0x1.562d5fe922291p-84,6.91021442622382138e-26
7,46,0x1.7f8b68319e68ep-86,0x1.1d4c4d74edf42p-509,0x1.7f8b68319e68fp-86,1.93640516932356690e-26
7,47,0x1.ad65e12b188f3p-88,0x1.1d4c4d74edf42p-509,0x1.ad65e12b188f4p-88,5.41976430374676001e-27
7,48,0x1.e029eb222ef62p-90,0x1.1d4c4d74edf42p-509,0x1.e029eb222ef63p-90,1.51512962330936441e-27
7,49,0x1.0c26adb433724p-91,0x1.1d4c4d74edf42p-509,0x1.0c26adb433725p-91,4.23067820049221676e-28
7,50,0x1.2b27a1fcd670dp-93,0x1.1d4c4d74edf42p-509,0x1.2b27a1fcd670ep-93,1.17995769272494233e-28
7,51,0x1.4d5c3fc071bdap-95,0x1.1d4c4d74edf42p-509,0x1.4d5c3fc071bdbp-95,3.28718682137517332e-29
7,52,0x1.730e20c285666p-97,0x1.1d4c4d74edf42p-509,0x1.730e20c285667p-97,9.14721659375238847e-30
7,53,0x1.9c8c553f2c64cp-99,0x1.1d4c4d74edf42p-509,0x1.9c8c553f2c64dp-99,2.54252443265064201e-30
7,54,0x1.ca2bafc3f35a9p-101,0x1.1d4c4d74edf42p-509,0x1.ca2bafc3f35aap-101,7.05923660685208848e-31
7,55,0x1.fc4712abb4d2dp-103,0x1.1d4c4d74edf42p-509,0x1.fc4712abb4d2ep-103,1.95781421013021760e-31
7,56,0x1.199fdf86325f8p-104,0x1.1d4c4d74edf42p-509,0x1.199fdf86325f9p-104,5.42389066210249640e-32
7,57,0x1.37bed26fd72b5p-106,0x1.1d4c4d74edf42p-509,0x1.37bed26fd72b6p-106,1.50099949504758118e-32
7,58,0x1.58b7da1488552p-108,0x1.1d4c4d74edf42p-509,0x1.58b7da1488553p-108,4.14939405408828317e-33
7,59,0x1.7cc6176ae289bp-110,0x1.1d4c4d74edf42p-509,0x1.7cc6176ae289cp-110,1.14584945857429653e-33
7,60,0x1.a4287d861af07p-112,0x1.1d4c4d74edf42p-509,0x1.a4287d861af08p-112,3.16091871879227171e-34
7,61,0x1.cf21facd156bap-114,0x1.1d4c4d74edf42p-509,0x1.cf21facd156bbp-114,8.71055858437820069e-35
7,62,0x1.fdf9a2150e271p-116,0x1.1d4c4d74edf42p-509,0x1.fdf9a2150e272p-116,2.39789153481377539e-35
7,63,0x1.187d69b8579afp-117,0x1.1d4c4d74edf42p-509,0x1.187d69b8579bp-117,6.59428572684573419e-36
7,64,0x1.343ab24085574p-119,0x1.1d4c4d74edf42p-509,0x1.343ab24085575p-119,1.81160890115596597e-36
7,65,0x1.525ee4094b377p-121,0x1.1d4c4d74edf42p-509,0x1.525ee4094b378p-121,4.97191009513105624e-37
7,66,0x1.73169a667acafp-123,0x1.1d4c4d74edf42p-509,0x1.73169a667acbp-123,1.36316310193939014e-37
7,67,0x1.9690e55c8d9abp-125,0x1.1d4c4d74edf42p-509,0x1.9690e55c8d9acp-125,3.73371903107010719e-38
7,68,0x1.bcff5baf13f08p-127,0x1.1d4c4d74edf42p-509,0x1.bcff5baf13f09p-127,1.02166413836011751e-38
7,69,0x1.e6962c192b78dp-129,0x1.1d4c4d74edf42p-509,0x1.e6962c192b78ep-129,2.79287017429508202e-39
7,70,0x1.09c616c699eefp-130,0x1.1d4c4d74edf42p-509,0x1.09c616c699efp-130,7.62733356690680930e-40
7,71,0x1.220d772bcc5bdp-132,0x1.1d4c4d74edf42p-509,0x1.220d772bcc5bep-132,2.08102534385687158e-40
7,72,0x1.3c3f60ffa14c2p-134,0x1.1d4c4d74edf42p-509,0x1.3c3f60ffa14c3p-134,5.67241266630546002e-41
7,73,0x1.587b66de8c177p-136,0x1.1d4c4d74edf42p-509,0x1.587b66de8c178p-136,1.54471088452250826e-41
7,74,0x1.76e289b178384p-138,0x1.1d4c4d74edf42p-509,0x1.76e289b178385p-138,4.20260522904875197e-42
7,75,0x1.97973d44b9779p-140,0x1.1d4c4d74edf42p-509,0x1.97973d44b977ap-140,1.14231266434116440e-42
7,76,0x1.babd6bedd3fd2p-142,0x1.1d4c4d74edf42p-509,0x1.babd6bedd3fd3p-142,3.10205390682177034e-43
7,77,0x1.e07a792b35499p-144,0x1.1d4c4d74edf42p-509,0x1.e07a792b3549ap-144,8.41617075025587285e-44
7,78,0x1.047aa19463897p-145,0x1.1d4c4d74edf42p-509,0x1.047aa19463898p-145,2.28130538711760071e-44
7,79,0x1.1a2b118a17547p-147,0x1.1d4c4d74edf42p-509,0x1.1a2b118a17548p-147,6.17815494251465861e-45
7,80,0x1.31637615c849bp-149,0x1.1d4c4d74edf42p-509,0x1.31637615c849cp-149,1.67164244108908213e-45
7,81,0x1.4a3974b8e9138p-151,0x1.1d4c4d74edf42p-509,0x1.4a3974b8e9139p-151,4.51897457869609115e-46
7,82,0x1.64c36cf9c9cc4p-153,0x1.1d4c4d74edf42p-509,0x1.64c36cf9c9cc5p-153,1.22053705748597880e-46
7,83,0x1.811875c43f0ccp-155,0x1.1d4c4d74edf42p-509,0x1.811875c43f0cdp-155,3.29366332150334813e-47
7,84,0x1.9f5059fe81f21p-157,0x1.1d4c4d74edf42p-509,0x1.9f5059fe81f22p-157,8.88029011124940273e-48
7,85,0x1.bf839448aabaap-159,0x1.1d4c4d74edf42p-509,0x1.bf839448aababp-159,2.39219915342168735e-48
7,86,0x1.e1cb49dd8c29fp-161,0x1.1d4c4d74edf42p-509,0x1.e1cb49dd8c2ap-161,6.43861128455135549e-49
7,87,0x1.0320a246165f7p-162,0x1.1d4c4d74edf42p-509,0x1.0320a246165f8p-162,1.73146693384745051e-49
7,88,0x1.167ff5e0d2451p-164,0x1.1d4c4d74edf42p-509,0x1.167ff5e0d2452p-164,4.65227849351315298e-50
7,89,0x1.2b111e4de18f2p-166,0x1.1d4c4d74edf42p-509,0x1.2b111e4de18f3p-166,1.24896151953258974e-50
7,90,0x1.40e1e07ec86abp-168,0x1.1d4c4d74edf42p-509,0x1.40e1e07ec86acp-168,3.35016786117935607e-51
7,91,0x1.580042cfc0df5p-170,0x1.1d4c4d74edf42p-509,0x1.580042cfc0df6p-170,8.97884555719566211e-52
7,92,0x1.707a878b034edp-172,0x1.1d4c4d74edf42p-509,0x1.707a878b034eep-172,2.40443525541445895e-52
7,93,0x1.8a5f26e508b7cp-174,0x1.1d4c4d74edf42p-509,0x1.8a5f26e508b7dp-174,6.43348833192445075e-53
7,94,0x1.a5bcc8700f398p-176,0x1.1d4c4d74edf42p-509,0x1.a5bcc8700f399p-176,1.71997822420574520e-53
7,95,0x1.c2a23c05b029p-178,0x1.1d4c4d74edf42p-509,0x1.c2a23c05b0291p-178,4.59456606428123321e-54
7,96,0x1.e11e7225e68c1p-180,0x1.1d4c4d74edf42p-509,0x1.e11e7225e68c2p-180,1.22634667919745782e-54
7,97,0x1.00a039e5be59ep-181,0x1.1d4c4d74edf42p-509,0x1.00a039e5be59fp-181,3.27062895282453114e-55
7,98,0x1.118bacdb3bb25p-183,0x1.1d4c4d74edf42p-509,0x1.118bacdb3bb26p-183,8.71566585537216224e-56
7,99,0x1.23592196de199p-185,0x1.1d4c4d74edf42p-509,0x1.23592196de19ap-185,2.32072205505284770e-56
7,100,0x1.3610261cef34p-187,0x1.1d4c4d74edf42p-509,0x1.3610261cef341p-187,6.17448733964775902e-57
7,101,0x1.49b841add8f25p-189,0x1.1d4c4d74edf42p-509,0x1.49b841add8f26p-189,1.64148084419993242e-57
7,102,0x1.5e58ef60fe581p-191,0x1.1d4c4d74edf42p-509,0x1.5e58ef60fe582p-191,4.36043447827395469e-58
7,103,0x1.73f998812ed82p-193,0x1.1d4c4d74edf42p-509,0x1.73f998812ed83p-193,1.15740300198497349e-58
7,104,0x1.8aa18ead20538p-195,0x1.1d4c4d74edf42p-509,0x1.8aa18ead20539p-195,3.06974407575210700e-59
7,105,0x1.a25805bebdce5p-197,0x1.1d4c4d74edf42p-509,0x1.a25805bebdce6p-197,8.13550029117511853e-60
7,106,0x1.bb240d7c7c0d7p-199,0x1.1d4c4d74edf42p-509,0x1.bb240d7c7c0d8p-199,2.15443137516690570e-60
7,107,0x1.d50c8b184880bp-201,0x1.1d4c4d74edf42p-509,0x1.d50c8b184880cp-201,5.70097475977409510e-61
7,108,0x1.f01832800a1c9p-203,0x1.1d4c4d74edf42p-509,0x1.f01832800a1cap-203,1.50742372108290453e-61
7,109,0x1.0626bfc207062p-204,0x1.1d4c4d74edf42p-509,0x1.0626bfc207063p-204,3.98284165071557067e-62
7,110,0x1.14d9576c0da7ap-206,0x1.1d4c4d74edf42p-509,0x1.14d9576c0da7bp-206,1.05153533673519881e-62
7,111,0x1.2426db7a23943p-208,0x1.1d4c4d74edf42p-509,0x1.2426db7a23944p-208,2.77414708032682802e-63
7,112,0x1.3412206d8075ep-210,0x1.1d4c4d74edf42p-509,0x1.3412206d8075fp-210,7.31326805321163083e-64
7,113,0x1.449dd065127d1p-212,0x1.1d4c4d74edf42p-509,0x1.449dd065127d2p-212,1.92651099861723664e-64
7,114,0x1.55cc676e9e137p-214,0x1.1d4c4d74edf42p-509,0x1.55cc676e9e138p-214,5.07120370034045850e-65
7,115,0x1.67a02fd3aee9bp-216,0x1.1d4c4d74edf42p-509,0x1.67a02fd3aee9cp-216,1.33392596884687928e-65
7,116,0x1.7a1b3e65bb845p-218,0x1.1d4c4d74edf42p-509,0x1.7a1b3e65bb846p-218,3.50618665465828495e-66
7,117,0x1.8d3f6eccff8e7p-220,0x1.1d4c4d74edf42p-509,0x1.8d3f6eccff8e8p-220,9.20921203359780250e-67
7,118,0x1.a10e5fddb1379p-222,0x1.1d4c4d74edf42p-509,0x1.a10e5fddb137ap-222,2.41710505917266960e-67
7,119,0x1.b5896ff7528eep-224,0x1.1d4c4d74edf42p-509,0x1.b5896ff7528efp-224,6.33950949125532300e-68
7,120,0x1.cab1b971f893dp-226,0x1.1d4c4d74edf42p-509,0x1.cab1b971f893ep-226,1.66151511831668149e-68
7,121,0x1.e0880f1d76ba4p-228,0x1.1d4c4d74edf42p-509,0x1.e0880f1d76ba5p-228,4.35153887593128771e-69
7,122,0x1.f70cf8d66e433p-230,0x1.1d4c4d74edf42p-509,0x1.f70cf8d66e434p-230,1.13886636141617990e-69
7,123,0x1.0720581aa6935p-231,0x1.1d4c4d74edf42p-509,0x1.0720581aa6936p-231,2.97848466465824117e-70
7,124,0x1.13118eada7e39p-233,0x1.1d4c4d74edf42p-509,0x1.13118eada7e3ap-233,7.78416504835527521e-71
7,125,0x1.1f59e9f0cdc7bp-235,0x1.1d4c4d74edf42p-509,0x1.1f59e9f0cdc7cp-235,2.03293787864514984e-71
7,126,0x1.2bf907f7430efp-237,0x1.1d4c4d74edf42p-509,0x1.2bf907f7430fp-237,5.30558048464125249e-72
7,127,0x1.38ee59ba8ac7dp-239,0x1.1d4c4d74edf42p-509,0x1.38ee59ba8ac7ep-239,1.38369297989727721e-72
7,128,0x1.463921d15cc79p-241,0x1.1d4c4d74edf42p-509,0x1.463921d15cc7ap-241,3.60616742693478107e-73
7,129,0x1.53d8733f956acp-243,0x1.1d4c4d74edf42p-509,0x1.53d8733f956adp-243,9.39188190251192568e-74
7,130,0x1.61cb306123bf7p-245,0x1.1d4c4d74edf42p-509,0x1.61cb306123bf8p-245,2.44433766964337357e-74
7,131,0x1.701009f1d2c74p-247,0x1.1d4c4d74edf42p-509,0x1.701009f1d2c75p-247,6.35730219857336328e-75
7,132,0x1.7ea57e33b97b3p-249,0x1.1d4c4d74edf42p-509,0x1.7ea57e33b97b4p-249,1.65229964957368370e-75
7,133,0x1.8d89d8360947cp-251,0x1.1d4c4d74edf42p-509,0x1.8d89d8360947dp-251,4.29151138462590678e-76
7,134,0x1.9cbb2f3ddc655p-253,0x1.1d4c4d74edf42p-509,0x1.9cbb2f3ddc656p-253,1.11388003791646805e-76
7,135,0x1.ac3766528c4aap-255,0x1.1d4c4d74edf42p-509,0x1.ac3766528c4abp-255,2.88917894704130814e-77
7,136,0x1.bbfc2beefce29p-257,0x1.1d4c4d74edf42p-509,0x1.bbfc2beefce2ap-257,7.48892517144534749e-78
7,137,0x1.cc06f9d92b41ap-259,0x1.1d4c4d74edf42p-509,0x1.cc06f9d92b41bp-259,1.93987933101759345e-78
7,138,0x1.dc5515212e1d5p-261,0x1.1d4c4d74edf42p-509,0x1.dc5515212e1d6p-261,5.02158995907243700e-79
7,139,0x1.ece38e48b3be9p-263,0x1.1d4c4d74edf42p-509,0x1.ece38e48b3beap-263,1.29903306015552290e-79
7,140,0x1.fdaf4193e4bd5p-265,0x1.1d4c4d74edf42p-509,0x1.fdaf4193e4bd6p-265,3.35824742664806263e-80
7,141,0x1.075a6bc235ecdp-266,0x1.1d4c4d74edf42p-509,0x1.075a6bc235ecep-266,8.67600510848345455e-81
7,142,0x1.0ff862bf9da77p-268,0x1.1d4c4d74edf42p-509,0x1.0ff862bf9da78p-268,2.23997209505670390e-81
7,143,0x1.18afa74ebef0dp-270,0x1.1d4c4d74edf42p-509,0x1.18afa74ebef0ep-270,5.77939241802155145e-82
7,144,0x1.217e42547b61dp-272,0x1.1d4c4d74edf42p-509,0x1.217e42547b61ep-272,1.49018291678064154e-82
7,145,0x1.2a6224a1f360ap-274,0x1.1d4c4d74edf42p-509,0x1.2a6224a1f360bp-274,3.83986397094617559e-83
7,146,0x1.3359279e2febdp-276,0x1.1d4c4d74edf42p-509,0x1.3359279e2febep-276,9.88808045214970568e-84
7,147,0x1.3c610e0561012p-278,0x1.1d4c4d74edf42p-509,0x1.3c610e0561013p-278,2.54465584578448498e-84
7,148,0x1.457784bd76b0dp-280,0x1.1d4c4d74edf42p-509,0x1.457784bd76b0ep-280,6.54437286205725037e-85
7,149,0x1.4e9a23bfc3657p-282,0x1.1d4c4d74edf42p-509,0x1.4e9a23bfc3658p-282,1.68201525431988701e-85
7,150,0x1.57c66f173e5a2p-284,0x1.1d4c4d74edf42p-509,0x1.57c66f173e5a3p-284,4.32031809800337920e-86
7,151,0x1.60f9d7f2e5d89p-286,0x1.1d4c4d74edf42p-509,0x1.60f9d7f2e5d8ap-286,1.10898683920984451e-86
7,152,0x1.6a31bdcba9876p-288,0x1.1d4c4d74edf42p-509,0x1.6a31bdcba9877p-288,2.84487309214512650e-87
7,153,0x1.736b6f9d2e468p-290,0x1.1d4c4d74edf42p-509,0x1.736b6f9d2e469p-290,7.29333553573531136e-88
7,154,0x1.7ca42d30a6b24p-292,0x1.1d4c4d74edf42p-509,0x1.7ca42d30a6b25p-292,1.86860378985687892e-88
7,155,0x1.85d92878e581fp-294,0x1.1d4c4d74edf42p-509,0x1.85d92878e582p-294,4.78450403351568401e-89
7,156,0x1.8f0786feb9f92p-296,0x1.1d4c4d74edf42p-509,0x1.8f0786feb9f93p-296,1.22429539857907279e-89
7,157,0x1.982c635c92549p-298,0x1.1d4c4d74edf42p-509,0x1.982c635c9254ap-298,3.13087707366103023e-90
7,158,0x1.a144cec84cbf5p-300,0x1.1d4c4d74edf42p-509,0x1.a144cec84cbf6p-300,8.00160719685473700e-91
7,159,0x1.aa4dd2aa0d326p-302,0x1.1d4c4d74edf42p-509,0x1.aa4dd2aa0d327p-302,2.04371695280872818e-91
7,160,0x1.b344723edd735p-304,0x1.1d4c4d74edf42p-509,0x1.b344723edd736p-304,5.21671922150515852e-92
7,161,0x1.bc25ac45cc91bp-306,0x1.1d4c4d74edf42p-509,0x1.bc25ac45cc91cp-306,1.33078608423094145e-92
7,162,0x1.c4ee7cb634d1ep-308,0x1.1d4c4d74edf42p-509,0x1.c4ee7cb634d1fp-308,3.39276658768603561e-93
7,163,0x1.cd9bde7dc1cafp-310,0x1.1d4c4d74edf42p-509,0x1.cd9bde7dc1cbp-310,8.64441320914394467e-94
7,164,0x1.d62acd44c506ap-312,0x1.1d4c4d74edf42p-509,0x1.d62acd44c506bp-312,2.20117063794836823e-94
7,165,0x1.de9847375d703p-314,0x1.1d4c4d74edf42p-509,0x1.de9847375d704p-314,5.60156532583650164e-95
7,166,0x1.e6e14ed1edcaap-316,0x1.1d4c4d74edf42p-509,0x1.e6e14ed1edcabp-316,1.42463443352071073e-95
7,167,0x1.ef02ecaf571d5p-318,0x1.1d4c4d74edf42p-509,0x1.ef02ecaf571d6p-318,3.62106762369035749e-96
7,168,0x1.f6fa3157680d2p-320,0x1.1d4c4d74edf42p-509,0x1.f6fa3157680d3p-320,9.19834767347749459e-97
7,169,0x1.fec4370bee431p-322,0x1.1d4c4d74edf42p-509,0x1.fec4370bee432p-322,2.33519851728564541e-97
7,170,0x1.032f11c96b05cp-323,0x1.1d4c4d74edf42p-509,0x1.032f11c96b05dp-323,5.92487779791634048e-98
7,171,0x1.06e294fde26edp-325,0x1.1d4c4d74edf42p-509,0x1.06e294fde26eep-325,1.50237169289060747e-98
7,172,0x1.0a7b462fceb9ep-327,0x1.1d4c4d74edf42p-509,0x1.0a7b462fceb9fp-327,3.80731299879357438e-99
7,173,0x1.0df7cecc305b9p-329,0x1.1d4c4d74edf42p-509,0x1.0df7cecc305bap-329,9.64281309909098393e-100
7,174,0x1.1156e177f23p-331,0x1.1d4c4d74edf42p-509,0x1.1156e177f2301p-331,2.44080830042355978e-100
7,175,0x1.14973ae1efe3fp-333,0x1.1d4c4d74edf42p-509,0x1.14973ae1efe4p-333,6.17460411934538154e-101
7,176,0x1.17b7a28eec901p-335,0x1.1d4c4d74edf42p-509,0x1.17b7a28eec902p-335,1.56110046228295363e-101
7,177,0x1.1ab6eb9ec3fffp-337,0x1.1d4c4d74edf42p-509,0x1.1ab6eb9ec4p-337,3.94456965696041710e-102
7,178,0x1.1d93f58a2798ap-339,0x1.1d4c4d74edf42p-509,0x1.1d93f58a2798bp-339,9.96130412800621681e-103
7,179,0x1.204dacd83ee9cp-341,0x1.1d4c4d74edf42p-509,0x1.204dacd83ee9dp-341,2.51409280686671432e-103
7,180,0x1.22e30bcb8bce5p-343,0x1.1d4c4d74edf42p-509,0x1.22e30bcb8bce6p-343,6.34155383179513927e-104
7,181,0x1.25531b057aa2cp-345,0x1.1d4c4d74edf42p-509,0x1.25531b057aa2dp-345,1.59867455891867388e-104
7,182,0x1.279cf2201060ap-347,0x1.1d4c4d74edf42p-509,0x1.279cf2201060bp-347,4.02786745047945733e-105
7,183,0x1.29bfb83d32252p-349,0x1.1d4c4d74edf42p-509,0x1.29bfb83d32253p-349,1.01424230396735259e-105
7,184,0x1.2bbaa48b0c4b6p-351,0x1.1d4c4d74edf42p-509,0x1.2bbaa48b0c4b7p-351,2.55246871338656611e-106
7,185,0x1.2d8cfebd29f05p-353,0x1.1d4c4d74edf42p-509,0x1.2d8cfebd29f06p-353,6.41995517175819555e-107
7,186,0x1.2f361f79d966dp-355,0x1.1d4c4d74edf42p-509,0x1.2f361f79d966ep-355,1.61382754995186041e-107
7,187,0x1.30b570bb85982p-357,0x1.1d4c4d74edf42p-509,0x1.30b570bb85983p-357,4.05449258252937581e-108
7,188,0x1.320a6e25b8ab7p-359,0x1.1d4c4d74edf42p-509,0x1.320a6e25b8ab8p-359,1.01805405782532956e-108
7,189,0x1.3334a54d8889dp-361,0x1.1d4c4d74edf42p-509,0x1.3334a54d8889ep-361,2.55482286898210740e-109
7,190,0x1.3433b5f53a8d4p-363,0x1.1d4c4d74edf42p-509,0x1.3433b5f53a8d5p-363,6.40777206154446746e-110
7,191,0x1.3507523af83dfp-365,0x1.1d4c4d74edf42p-509,0x1.3507523af83ep-365,1.60623945528023018e-110
7,192,0x1.35af3eba7c0ecp-367,0x1.1d4c4d74edf42p-509,0x1.35af3eba7c0edp-367,4.02412225600247322e-111
7,193,0x1.362b52a1a9b07p-369,0x1.1d4c4d74edf42p-509,0x1.362b52a1a9b08p-369,1.00760507451705848e-111
7,194,0x1.367b77b8127b9p-371,0x1.1d4c4d74edf42p-509,0x1.367b77b8127bap-371,2.52155522412657222e-112
7,195,0x1.369faa5973389p-373,0x1.1d4c4d74edf42p-509,0x1.369faa597338ap-373,6.30675893054816020e-113
7,196,0x1.3697f96344e89p-375,0x1.1d4c4d74edf42p-509,0x1.3697f96344e8ap-375,1.57653723293816262e-113
7,197,0x1.3664861586b9p-377,0x1.1d4c4d74edf42p-509,0x1.3664861586b91p-377,3.93879272813781666e-114
7,198,0x1.360583e6f337fp-379,0x1.1d4c4d74edf42p-509,0x1.360583e6f338p-379,9.83520808470385392e-115
7,199,0x1.357b384cde9a7p-381,0x1.1d4c4d74edf42p-509,0x1.357b384cde9a8p-381,2.45451753047641159e-115
7,200,0x1.34c5fa770751dp-383,0x1.1d4c4d74edf42p-509,0x1.34c5fa770751ep-383,6.12225633541664635e-116
7,201,0x1.33e632ffacd5p-385,0x1.1d4c4d74edf42p-509,0x1.33e632ffacd51p-385,1.52623105692988178e-116
7,202,0x1.32dc5b904b36dp-387,0x1.1d4c4d74edf42p-509,0x1.32dc5b904b36ep-387,3.80270894468480857e-117
7,203,0x1.31a8fe7b63c0ep-389,0x1.1d4c4d74edf42p-509,0x1.31a8fe7b63c0fp-389,9.46957568067644764e-118
7,204,0x1.304cb64bc440fp-391,0x1.1d4c4d74edf42p-509,0x1.304cb64bc441p-391,2.35685677980239294e-118
7,205,0x1.2ec82d49c7513p-393,0x1.1d4c4d74edf42p-509,0x1.2ec82d49c7514p-393,5.86275448422857087e-119
7,206,0x1.2d1c1cf70ffc7p-395,0x1.1d4c4d74edf42p-509,0x1.2d1c1cf70ffc8p-395,1.45759430336019615e-119
7,207,0x1.2b494d814aa17p-397,0x1.1d4c4d74edf42p-509,0x1.2b494d814aa18p-397,3.62191830057398537e-120
7,208,0x1.2950952c8372ep-399,0x1.1d4c4d74edf42p-509,0x1.2950952c8372fp-399,8.99514686349098725e-121
7,209,0x1.2732d7b5a9185p-401,0x1.1d4c4d74edf42p-509,0x1.2732d7b5a9186p-401,2.23278071679529352e-121
7,210,0x1.24f105add73dep-403,0x1.1d4c4d74edf42p-509,0x1.24f105add73dfp-403,5.53927176245294179e-122
7,211,0x1.228c1bcf0947cp-405,0x1.1d4c4d74edf42p-509,0x1.228c1bcf0947dp-405,1.37349990509945419e-122
7,212,0x1.2005224ad93b6p-407,0x1.1d4c4d74edf42p-509,0x1.2005224ad93b7p-407,3.40388224612569392e-123
7,213,0x1.1d5d2c13f1e31p-409,0x1.1d4c4d74edf42p-509,0x1.1d5d2c13f1e32p-409,8.43122970866520100e-124
7,214,0x1.1a955622dd924p-411,0x1.1d4c4d74edf42p-509,0x1.1a955622dd925p-411,2.08726879001558725e-124
7,215,0x1.17aec6b6dc459p-413,0x1.1d4c4d74edf42p-509,0x1.17aec6b6dc45ap-413,5.16460914039254720e-125
7,216,0x1.14aaac936cc1p-415,0x1.1d4c4d74edf42p-509,0x1.14aaac936cc11p-415,1.27722884328244258e-125
7,217,0x1.118a3e3b3452bp-417,0x1.1d4c4d74edf42p-509,0x1.118a3e3b3452cp-417,3.15698635323255962e-126
7,218,0x1.0e4eb928f019bp-419,0x1.1d4c4d74edf42p-509,0x1.0e4eb928f019cp-419,7.79919839392991581e-127
7,219,0x1.0af9610719745p-421,0x1.1d4c4d74edf42p-509,0x1.0af9610719746p-421,1.92575507527486390e-127
7,220,0x1.078b7ee6e4ebap-423,0x1.1d4c4d74edf42p-509,0x1.078b7ee6e4ebbp-423,4.75254780038552888e-128
7,221,0x1.04066077408efp-425,0x1.1d4c4d74edf42p-509,0x1.04066077408fp-425,1.17226778762672442e-128
7,222,0x1.006b573c72fc4p-427,0x1.1d4c4d74edf42p-509,0x1.006b573c72fc5p-427,2.89003163191657267e-129
7,223,0x1.f9776f91f1512p-430,0x1.1d4c4d74edf42p-509,0x1.f9776f91f1513p-430,7.12121858647867002e-130
7,224,0x1.f1f1b1f0709c3p-432,0x1.1d4c4d74edf42p-509,0x1.f1f1b1f0709c4p-432,1.75380990051965979e-130
7,225,0x1.ea48265744d67p-434,0x1.1d4c4d74edf42p-509,0x1.ea48265744d68p-434,4.31705636937389023e-131
7,226,0x1.e27d7f159466ap-436,0x1.1d4c4d74edf42p-509,0x1.e27d7f159466bp-436,1.06211230475107374e-131
7,227,0x1.da946e8e008bbp-438,0x1.1d4c4d74edf42p-509,0x1.da946e8e008bcp-438,2.61174753665310156e-132
7,228,0x1.d28fa5c5e26aap-440,0x1.1d4c4d74edf42p-509,0x1.d28fa5c5e26abp-440,6.41904603661809943e-133
7,229,0x1.ca71d2fd85cbcp-442,0x1.1d4c4d74edf42p-509,0x1.ca71d2fd85cbdp-442,1.57684438921136674e-133
7,230,0x1.c23da05249e3fp-444,0x1.1d4c4d74edf42p-509,0x1.c23da05249e4p-444,3.87156662570995074e-134
7,231,0x1.b9f5b26b8144cp-446,0x1.1d4c4d74edf42p-509,0x1.b9f5b26b8144dp-446,9.50089878411815544e-135
7,232,0x1.b19ca732da7b9p-448,0x1.1d4c4d74edf42p-509,0x1.b19ca732da7bap-448,2.33036095944276899e-135
7,233,0x1.a93514990bfbap-450,0x1.1d4c4d74edf42p-509,0x1.a93514990bfbbp-450,5.71298053483896566e-136
7,234,0x1.a0c187676d2f7p-452,0x1.1d4c4d74edf42p-509,0x1.a0c187676d2f8p-452,1.39985749467208760e-136
7,235,0x1.9844821f15fc2p-454,0x1.1d4c4d74edf42p-509,0x1.9844821f15fc3p-454,3.42836403255103620e-137
7,236,0x1.8fc07be60e069p-456,0x1.1d4c4d74edf42p-509,0x1.8fc07be60e06bp-456,8.39213648261314055e-138
7,237,0x1.8737df83041d6p-458,0x1.1d4c4d74edf42p-509,0x1.8737df83041d9p-458,2.05324668999896766e-138
7,238,0x1.7ead0a67f5931p-460,0x1.1d4c4d74edf42p-509,0x1.7ead0a67f593bp-460,5.02103428612795857e-139
7,239,0x1.76224bcc1cbc5p-462,0x1.1d4c4d74edf42p-509,0x1.76224bcc1cbeap-462,1.22723908783186694e-139
7,240,0x1.6d99e3d56d5b2p-464,0x1.1d4c4d74edf42p-509,0x1.6d99e3d56d642p-464,2.99812391891455992e-140
7,241,0x1.651602d1d5843p-466,0x1.1d4c4d74edf42p-509,0x1.651602d1d5a7fp-466,7.32073784458621910e-141
7,242,0x1.5c98c8806982p-468,0x1.1d4c4d74edf42p-509,0x1.5c98c8806a10bp-468,1.78667463464533708e-141
7,243,0x1.5424436a91dp-470,0x1.1d4c4d74edf42p-509,0x1.5424436a940abp-470,4.35834787086869104e-142
7,244,0x1.4bba704d42c59p-472,0x1.1d4c4d74edf42p-509,0x1.4bba704d4bbp-472,1.06263611801141556e-142
7,245,0x1.435d399237024p-474,0x1.1d4c4d74edf42p-509,0x1.435d39925aabep-474,2.58960767108896343e-143
7,246,0x1.3b0e76d917509p-476,0x1.1d4c4d74edf42p-509,0x1.3b0e76d9a5f6cp-476,6.30769294699576007e-144
7,247,0x1.32cfec906d03cp-478,0x1.1d4c4d74edf42p-509,0x1.32cfec92a79c7p-478,1.53565881538601922e-144
7,248,0x1.2aa34b9e2eb53p-480,0x1.1d4c4d74edf42p-509,0x1.2aa34ba71917bp-480,3.73686148345613149e-145
7,249,0x1.228a3117aacc9p-482,0x1.1d4c4d74edf42p-509,0x1.228a313b54565p-482,9.08882577375627543e-146
7,250,0x1.1a86260887881p-484,0x1.1d4c4d74edf42p-509,0x1.1a8626972daeep-484,2.20951787940716294e-146
7,251,0x1.12989f4884ee3p-486,0x1.1d4c4d74edf42p-509,0x1.1298a1831d893p-486,5.36879334972587960e-147
7,252,0x1.0ac2fd5fa2e24p-488,0x1.1d4c4d74edf42p-509,0x1.0ac3064a054dfp-488,1.30390458906419368e-147
7,253,0x1.03068c7843d64p-490,0x1.1d4c4d74edf42p-509,0x1.0306b021cd84fp-490,3.16523331418928353e-148
7,254,0x1.f6c908bdb766ap-493,0x1.1d4c4d74edf42p-509,0x1.f6ca260a04dbap-493,7.67995181690694216e-149
7,255,0x1.e7bc111d64fbcp-495,0x1.1d4c4d74edf42p-509,0x1.e7c0864e9acf8p-495,1.86256433996287949e-149
7,256,0x1.d8e8509675cf9p-497,0x1.1d4c4d74edf42p-509,0x1.d8fa255b4d1e8p-497,4.51535950384526627e-150
7,257,0x1.ca4fbd8aecb56p-499,0x1.1d4c4d74edf42p-509,0x1.ca97109e49f0fp-499,1.09450278457821078e-150
7,258,0x1.bbf42699b4d19p-501,0x1.1d4c4d74edf42p-509,0x1.bd1172e729bf9p-501,2.65557598590839493e-151
7,259,0x1.add733164ca98p-503,0x1.1d4c4d74edf42p-509,0x1.b24c644c20616p-503,6.47829097322484928e-152
7,260,0x1.9ffa639523b17p-505,0x1.1d4c4d74edf42p-509,0x1.b1cf286c7290cp-505,1.61774845236538135e-152
7,261,0x1.925f128b7620ap-507,0x1.1d4c4d74edf42p-509,0x1.d9b225e8b19dbp-507,4.41623169704497117e-153
7,262,0x1.8506750157f1p-509,0x1.1d4c4d74edf42p-509,0x1.5129613b22f2ap-508,1.57166649480968467e-153
7,263,0x1.77f19b5465c51p-511,0x1.1d4c4d74edf42p-509,0x1.7b48b44a07657p-509,8.84009160409324049e-154
7,264,0x1.6b217208b4368p-513,0x1.1d4c4d74edf42p-509,0x1.33fe649579379p-509,7.17850663717564480e-154
7,265,0x1.5e96c2a26794p-515,0x1.1d4c4d74edf42p-509,0x1.22c6a87f77928p-509,6.77720796376475088e-154
7,266,0x1.5252347697d08p-517,0x1.1d4c4d74edf42p-509,0x1.1e9e9fa9648cp-509,6.68033379416116559e-154
7,267,0x1.46544d36c4895p-519,0x1.1d4c4d74edf42p-509,0x1.1d9de2883ba55p-509,6.65695921708522494e-154
7,268,0x1.3a9d705b81651p-521,0x1.1d4c4d74edf42p-509,0x1.1d5ff74bf3ac4p-509,6.65132186151110551e-154
7,269,0x1.2f2dda5422cebp-523,0x1.1d4c4d74edf42p-509,0x1.1d510a2c5744cp-509,6.64996291180731705e-154
7,270,0x1.24058c53fed4fp-525,0x1.1d4c4d74edf42p-509,0x1.1d4d717a7a483p-509,6.64963547462748783e-154
7,271,0x1.1924011a4f7a5p-527,0x1.1d4c4d74edf42p-509,0x1.1d4c93bdee3acp-509,6.64955661594393614e-154
7,272,0x1.0e872008f96bep-529,0x1.1d4c4d74edf42p-509,0x1.1d4c5e5d5ff4cp-509,6.64953763281214637e-154
7,273,0x1.04279350baa41p-531,0x1.1d4c4d74edf42p-509,0x1.1d4c51858c417p-509,6.64953306528331471e-154
7,274,0x1.f3d8a4304cf47p-534,0x1.1d4c4d74edf42p-509,0x1.1d4c4e6eda465p-509,6.64953196683034052e-154
7,275,0x1.df0332ac313acp-536,0x1.1d4c4d74edf42p-509,0x1.1d4c4db0ce5a8p-509,6.64953170281304707e-154
7,276,0x1.c7b035891cb47p-538,0x1.1d4c4d74edf42p-509,0x1.1d4c4d832b75ep-509,6.64953163941399242e-154
7,277,0x1.a75de2fe23902p-540,0x1.1d4c4d74edf42p-509,0x1.1d4c4d783caffp-509,6.64953162422600999e-154
7,278,0x1.6be0c51b718b4p-542,0x1.1d4c4d74edf42p-509,0x1.1d4c4d75a3e49p-509,6.64953162061839856e-154
7,279,0x1.d7e288a4008b1p-545,0x1.1d4c4d74edf42p-509,0x1.1d4c4d750b726p-509,6.64953161979112615e-154
7,280,0x0p+0,0x1.1d4c4d74edf42p-509,0x1.1d4c4d74edf42p-509,6.64953161963107686e-154
8,0,0x1.21dca63093e61p-4,0x1.276eb90c44d2cp-508,0x1.21dca63093e62p-4,7.07670680796979312e-02
8,1,0x1.9a34059a4aa27p-6,0x1.276eb90c44d2cp-508,0x1.9a34059a4aa28p-6,2.50368170465355144e-02
8,2,0x1.1387eaf3147c3p-7,0x1.276eb90c44d2cp-508,0x1.1387eaf3147c4p-7,8.40853664536556772e-03
8,3,0x1.64968ce96ce44p-9,0x1.276eb90c44d2cp-508,0x1.64968ce96ce45p-9,2.72055120577777360e-03
8,4,0x1.c2839b4e34383p-11,0x1.276eb90c44d2cp-508,0x1.c2839b4e34384p-11,8.59287430808306375e-04
8,5,0x1.18c8a298db248p-12,0x1.276eb90c44d2cp-508,0x1.18c8a298db249p-12,2.67776232752568526e-04
8,6,0x1.5bd3e89d7d212p-14,0x1.276eb90c44d2cp-508,0x1.5bd3e89d7d213p-14,8.29286022606195793e-05
8,7,0x1.ade54b780320dp-16,0x1.276eb90c44d2cp-508,0x1.ade54b780320ep-16,2.56237794645110042e-05
8,8,0x1.096d96f8df4bp-17,0x1.276eb90c44d2cp-508,0x1.096d96f8df4b1p-17,7.91037335700693076e-06
8,9,0x1.477536504d3c1p-19,0x1.276eb90c44d2cp-508,0x1.477536504d3c2p-19,2.43975117810788453e-06
8,10,0x1.93606b21611c2p-21,0x1.276eb90c44d2cp-508,0x1.93606b21611c3p-21,7.51347531899797123e-07
8,11,0x1.efe074d148177p-23,0x1.276eb90c44d2cp-508,0x1.efe074d148178p-23,2.30910620882030198e-07
8,12,0x1.30119f0a460fdp-24,0x1.276eb90c44d2cp-508,0x1.30119f0a460fep-24,7.07965421047573836e-08
8,13,0x1.73fab0304a678p-26,0x1.276eb90c44d2cp-508,0x1.73fab0304a679p-26,2.16520421047009066e-08
8,14,0x1.c5f1921ee6689p-28,0x1.276eb90c44d2cp-508,0x1.c5f1921ee668ap-28,6.60574930770946481e-09
8,15,0x1.14569ebcca1c9p-29,0x1.276eb90c44d2cp-508,0x1.14569ebcca1cap-29,2.01062619192382348e-09
8,16,0x1.4fb4342523caep-31,0x1.276eb90c44d2cp-508,0x1.4fb4342523cafp-31,6.10641874428868959e-10
8,17,0x1.96fbd08e94412p-33,0x1.276eb90c44d2cp-508,0x1.96fbd08e94413p-33,1.85074737181140691e-10
8,18,0x1.ec71c3515b67fp-35,0x1.276eb90c44d2cp-508,0x1.ec71c3515b68p-35,5.59844450621228123e-11
8,19,0x1.2961f06329fcdp-36,0x1.276eb90c44d2cp-508,0x1.2961f06329fcep-36,1.69042422311355766e-11
8,20,0x1.668dd47bbd74ep-38,0x1.276eb90c44d2cp-508,0x1.668dd47bbd74fp-38,5.09535913534995051e-12
8,21,0x1.af99b599076ddp-40,0x1.276eb90c44d2cp-508,0x1.af99b599076dep-40,1.53335274153242803e-12
8,22,0x1.035bb3da67587p-41,0x1.276eb90c44d2cp-508,0x1.035bb3da67588p-41,4.60712735679032894e-13
8,23,0x1.373dd1e077e3dp-43,0x1.276eb90c44d2cp-508,0x1.373dd1e077e3ep-43,1.38218984576118848e-13
8,24,0x1.74f740c886985p-45,0x1.276eb90c44d2cp-508,0x1.74f740c886986p-45,4.14075254378828245e-14
8,25,0x1.be4f4612a563fp-47,0x1.276eb90c44d2cp-508,0x1.be4f4612a564p-47,1.23875815987335987e-14
8,26,0x1.0aadb56143c9ap-48,0x1.276eb90c44d2cp-508,0x1.0aadb56143c9bp-48,3.70090831436706212e-15
8,27,0x1.3e461f2976fb8p-50,0x1.276eb90c44d2cp-508,0x1.3e461f2976fb9p-50,1.10423445732322414e-15
8,28,0x1.7b5e09c6d6a7bp-52,0x1.276eb90c44d2cp-508,0x1.7b5e09c6d6a7cp-52,3.29048712479490137e-16
8,29,0x1.c3a0007b92c38p-54,0x1.276eb90c44d2cp-508,0x1.c3a0007b92c39p-54,9.79305628269006120e-17
8,30,0x1.0c7ede25e295ap-55,0x1.276eb90c44d2cp-508,0x1.0c7ede25e295bp-55,2.91103488113072115e-17
8,31,0x1.3eddb599a4477p-57,0x1.276eb90c44d2cp-508,0x1.3eddb599a4478p-57,8.64288166449467595e-18
8,32,0x1.7a3e5463e5cfdp-59,0x1.276eb90c44d2cp-508,0x1.7a3e5463e5cfep-59,2.56307748457710223e-18
8,33,0x1.c029b2d4333ecp-61,0x1.276eb90c44d2cp-508,0x1.c029b2d4333edp-61,7.59217458599670078e-19
8,34,0x1.093440d1c714cp-62,0x1.276eb90c44d2cp-508,0x1.093440d1c714dp-62,2.24636622361478504e-19
8,35,0x1.39867cb123761p-64,0x1.276eb90c44d2cp-508,0x1.39867cb123762p-64,6.63915732261427795e-20
8,36,0x1.723f0bf86e185p-66,0x1.276eb90c44d2cp-508,0x1.723f0bf86e186p-66,1.96006746695396882e-20
8,37,0x1.b4c23f26260cep-68,0x1.276eb90c44d2cp-508,0x1.b4c23f26260cfp-68,5.78045427093977259e-21
8,38,0x1.015649dbe7dbcp-69,0x1.276eb90c44d2cp-508,0x1.015649dbe7dbdp-69,1.70291384515906347e-21
8,39,0x1.2eed8e131dd7bp-71,0x1.276eb90c44d2cp-508,0x1.2eed8e131dd7cp-71,5.01152253053951923e-22
8,40,0x1.643a8c3e2c919p-73,0x1.276eb90c44d2cp-508,0x1.643a8c3e2c91ap-73,1.47332738145128374e-22
8,41,0x1.a27b740feac89p-75,0x1.276eb90c44d2cp-508,0x1.a27b740feac8ap-75,4.32700494240897548e-23
8,42,0x1.eb1f41391b91fp-77,0x1.276eb90c44d2cp-508,0x1.eb1f41391b92p-77,1.26952084499001933e-23
8,43,0x1.1fe66a658c63bp-78,0x1.276eb90c44d2cp-508,0x1.1fe66a658c63cp-78,3.72102107498636461e-24
8,44,0x1.5135843be3034p-80,0x1.276eb90c44d2cp-508,0x1.5135843be3035p-80,1.08958120192750180e-24
8,45,0x1.8a94edfd5acf2p-82,0x1.276eb90c44d2cp-508,0x1.8a94edfd5acf3p-82,3.18740604481865259e-25
8,46,0x1.cd46706e8d974p-84,0x1.276eb90c44d2cp-508,0x1.cd46706e8d975p-84,9.31537753113088509e-26
8,47,0x1.0d5dc346cc75p-85,0x1.276eb90c44d2cp-508,0x1.0d5dc346cc751p-85,2.71990415918379227e-26
8,48,0x1.3a4e08805d2c6p-87,0x1.276eb90c44d2cp-508,0x1.3a4e08805d2c7p-87,7.93416904411516205e-27
8,49,0x1.6e66f67bb3f4fp-89,0x1.276eb90c44d2cp-508,0x1.6e66f67bb3f5p-89,2.31232296009271124e-27
8,50,0x1.aabec565101aap-91,0x1.276eb90c44d2cp-508,0x1.aabec565101abp-91,6.73285208760887672e-28
8,51,0x1.f093d1f6394c3p-93,0x1.276eb90c44d2cp-508,0x1.f093d1f6394c4p-93,1.95865257517959977e-28
8,52,0x1.20a90cd96769bp-94,0x1.276eb90c44d2cp-508,0x1.20a90cd96769cp-94,5.69282167069111217e-29
8,53,0x1.4f4cb601d1b53p-96,0x1.276eb90c44d2cp-508,0x1.4f4cb601d1b54p-96,1.65315491975703272e-29
8,54,0x1.85223302299f4p-98,0x1.276eb90c44d2cp-508,0x1.85223302299f5p-98,4.79644182362191236e-30
8,55,0x1.c33828a451fb5p-100,0x1.276eb90c44d2cp-508,0x1.c33828a451fb6p-100,1.39042703432218813e-30
8,56,0x1.0561802488241p-101,0x1.276eb90c44d2cp-508,0x1.0561802488242p-101,4.02720982522901423e-31
8,57,0x1.2e90f219f0e4bp-103,0x1.276eb90c44d2cp-508,0x1.2e90f219f0e4cp-103,1.16544258703473037e-31
8,58,0x1.5df22d31f74b9p-105,0x1.276eb90c44d2cp-508,0x1.5df22d31f74bap-105,3.36985742204329392e-32
8,59,0x1.94684831ae4bp-107,0x1.276eb90c44d2cp-508,0x1.94684831ae4b1p-107,9.73575285206577498e-33
8,60,0x1.d2f536389a86dp-109,0x1.276eb90c44d2cp-508,0x1.d2f536389a86ep-109,2.81040038325528698e-33
8,61,0x1.0d5edea5b6404p-110,0x1.276eb90c44d2cp-508,0x1.0d5edea5b6405p-110,8.10607617903224301e-34
8,62,0x1.3686f3a741a5dp-112,0x1.276eb90c44d2cp-508,0x1.3686f3a741a5ep-112,2.33614666813901147e-34
8,63,0x1.65aefd9c9b845p-114,0x1.276eb90c44d2cp-508,0x1.65aefd9c9b846p-114,6.72728001596431519e-35
8,64,0x1.9bac06dcf6c18p-116,0x1.276eb90c44d2cp-508,0x1.9bac06dcf6c19p-116,1.93567234622583604e-35
8,65,0x1.d96f1d0a5ead1p-118,0x1.276eb90c44d2cp-508,0x1.d96f1d0a5ead2p-118,5.56519035831170085e-36
8,66,0x1.1004656f7477ep-119,0x1.276eb90c44d2cp-508,0x1.1004656f7477fp-119,1.59877324965315675e-36
8,67,0x1.38567cc43f7d6p-121,0x1.276eb90c44d2cp-508,0x1.38567cc43f7d7p-121,4.58939209976321546e-37
8,68,0x1.665ba26514445p-123,0x1.276eb90c44d2cp-508,0x1.665ba26514446p-123,1.31639919348905493e-37
8,69,0x1.9ad7e71be99edp-125,0x1.276eb90c44d2cp-508,0x1.9ad7e71be99eep-125,3.77300047449865944e-38
8,70,0x1.d6a84e8cb812ap-127,0x1.276eb90c44d2cp-508,0x1.d6a84e8cb812bp-127,1.08057650775401842e-38
8,71,0x1.0d62e6757ca4ap-128,0x1.276eb90c44d2cp-508,0x1.0d62e6757ca4bp-128,3.09240339801521729e-39
8,72,0x1.34244d4e1caa3p-130,0x1.276eb90c44d2cp-508,0x1.34244d4e1caa4p-130,8.84323609714415899e-40
8,73,0x1.6035f35cf0aa4p-132,0x1.276eb90c44d2cp-508,0x1.6035f35cf0aa5p-132,2.52698816323759887e-40
8,74,0x1.9248f91f68481p-134,0x1.276eb90c44d2cp-508,0x1.9248f91f68482p-134,7.21563423516460337e-41
8,75,0x1.cb244f4d3e8f3p-136,0x1.276eb90c44d2cp-508,0x1.cb244f4d3e8f4p-136,2.05886319475419068e-41
8,76,0x1.05d39ed92517ap-137,0x1.276eb90c44d2cp-508,0x1.05d39ed92517bp-137,5.87035635470081960e-42
8,77,0x1.2a661800b9b88p-139,0x1.276eb90c44d2cp-508,0x1.2a661800b9b89p-139,1.67258314182837412e-42
8,78,0x1.53d5e7d058bb1p-141,0x1.276eb90c44d2cp-508,0x1.53d5e7d058bb2p-141,4.76211060190112936e-43
8,79,0x1.82c03908a8c96p-143,0x1.276eb90c44d2cp-508,0x1.82c03908a8c97p-143,1.35488350145397817e-43
8,80,0x1.b7d4f2243889fp-145,0x1.276eb90c44d2cp-508,0x1.b7d4f224388ap-145,3.85209783516968407e-44
8,81,0x1.f3d8ce0533b89p-147,0x1.276eb90c44d2cp-508,0x1.f3d8ce0533b8ap-147,1.09442919441889739e-44
8,82,0x1.1bd3d64a77263p-148,0x1.276eb90c44d2cp-508,0x1.1bd3d64a77264p-148,3.10724237394837759e-45
8,83,0x1.421b905a5c522p-150,0x1.276eb90c44d2cp-508,0x1.421b905a5c523p-150,8.81580049379332568e-46
8,84,0x1.6d4ca0ab92561p-152,0x1.276eb90c44d2cp-508,0x1.6d4ca0ab92562p-152,2.49947942104157463e-46
8,85,0x1.9dffe20ce3f16p-154,0x1.276eb90c44d2cp-508,0x1.9dffe20ce3f17p-154,7.08174955863770170e-47
8,86,0x1.d4dfb42118617p-156,0x1.276eb90c44d2cp-508,0x1.d4dfb42118618p-156,2.00510313471557038e-47
8,87,0x1.0954ee6575108p-157,0x1.276eb90c44d2cp-508,0x1.0954ee6575109p-157,5.67335497318723870e-48
8,88,0x1.2c18ccc933d4fp-159,0x1.276eb90c44d2cp-508,0x1.2c18ccc933d5p-159,1.60417667307165820e-48
8,89,0x1.5330f2b2c913p-161,0x1.276eb90c44d2cp-508,0x1.5330f2b2c9131p-161,4.53289139054784711e-49
8,90,0x1.7f1ffbb9140bap-163,0x1.276eb90c44d2cp-508,0x1.7f1ffbb9140bbp-163,1.28000350640372829e-49
8,91,0x1.b077001c9a908p-165,0x1.276eb90c44d2cp-508,0x1.b077001c9a909p-165,3.61211492902305824e-50
8,92,0x1.e7d715334ecbdp-167,0x1.276eb90c44d2cp-508,0x1.e7d715334ecbep-167,1.01865779935305161e-50
8,93,0x1.12f97959f40b5p-168,0x1.276eb90c44d2cp-508,0x1.12f97959f40b6p-168,2.87086781623907569e-51
8,94,0x1.35c8600d5e888p-170,0x1.276eb90c44d2cp-508,0x1.35c8600d5e889p-170,8.08570615391383374e-52
8,95,0x1.5cc606d13d90bp-172,0x1.276eb90c44d2cp-508,0x1.5cc606d13d90cp-172,2.27585354882909368e-52
8,96,0x1.886bfe47e8bb1p-174,0x1.276eb90c44d2cp-508,0x1.886bfe47e8bb2p-174,6.40168010777396477e-53
8,97,0x1.b940cd6c325eap-176,0x1.276eb90c44d2cp-508,0x1.b940cd6c325ebp-176,1.79956940629771247e-53
8,98,0x1.efd93b3dafdb3p-178,0x1.276eb90c44d2cp-508,0x1.efd93b3dafdb4p-178,5.05556691452119789e-54
8,99,0x1.166cdb4d3bb9fp-179,0x1.276eb90c44d2cp-508,0x1.166cdb4d3bbap-179,1.41938229719575263e-54
8,100,0x1.387bef638a439p-181,0x1.276eb90c44d2cp-508,0x1.387bef638a43ap-181,3.98252741098054954e-55
8,101,0x1.5e7e17aa242eap-183,0x1.276eb90c44d2cp-508,0x1.5e7e17aa242ebp-183,1.11673368815256725e-55
8,102,0x1.88e1e921ef301p-185,0x1.276eb90c44d2cp-508,0x1.88e1e921ef302p-185,3.12948937369973076e-56
8,103,0x1.b8214dc143b66p-187,0x1.276eb90c44d2cp-508,0x1.b8214dc143b67p-187,8.76459613150405287e-57
8,104,0x1.ecc298823c835p-189,0x1.276eb90c44d2cp-508,0x1.ecc298823c836p-189,2.45316310163461396e-57
8,105,0x1.13acd8c364f35p-190,0x1.276eb90c44d2cp-508,0x1.13acd8c364f36p-190,6.86212349081498409e-58
8,106,0x1.3444ae1b0e6ep-192,0x1.276eb90c44d2cp-508,0x1.3444ae1b0e6e1p-192,1.91835822633805539e-58
8,107,0x1.58824cabf875dp-194,0x1.276eb90c44d2cp-508,0x1.58824cabf875ep-194,5.35971165237232514e-59
8,108,0x1.80c813aa7f319p-196,0x1.276eb90c44d2cp-508,0x1.80c813aa7f31ap-196,1.49656341548948497e-59
8,109,0x1.ad821174412e7p-198,0x1.276eb90c44d2cp-508,0x1.ad821174412e8p-198,4.17630521330620160e-60
8,110,0x1.df26e55aafa07p-200,0x1.276eb90c44d2cp-508,0x1.df26e55aafa08p-200,1.16475383805205271e-60
8,111,0x1.0b1c5a167b866p-201,0x1.276eb90c44d2cp-508,0x1.0b1c5a167b867p-201,3.24655131999051224e-61
8,112,0x1.29a31872100b7p-203,0x1.276eb90c44d2cp-508,0x1.29a31872100b8p-203,9.04394613905354718e-62
8,113,0x1.4b75dd7555d57p-205,0x1.276eb90c44d2cp-508,0x1.4b75dd7555d58p-205,2.51792382586675241e-62
8,114,0x1.70ea49c83408bp-207,0x1.276eb90c44d2cp-508,0x1.70ea49c83408cp-207,7.00611832635281460e-63
8,115,0x1.9a5e1629eab91p-209,0x1.276eb90c44d2cp-508,0x1.9a5e1629eab92p-209,1.94833632043315843e-63
8,116,0x1.c837c7e216f94p-211,0x1.276eb90c44d2cp-508,0x1.c837c7e216f95p-211,5.41505989586724036e-64
8,117,0x1.fae7736d06d9fp-213,0x1.276eb90c44d2cp-508,0x1.fae7736d06dap-213,1.50416945928719147e-64
8,118,0x1.1973c73033f49p-214,0x1.276eb90c44d2cp-508,0x1.1973c73033f4ap-214,4.17585778780606975e-65
8,119,0x1.385ee8ca00dc7p-216,0x1.276eb90c44d2cp-508,0x1.385ee8ca00dc8p-216,1.15864746854269400e-65
8,120,0x1.5a7e1654b8ep-218,0x1.276eb90c44d2cp-508,0x1.5a7e1654b8e01p-218,3.21303054231722710e-66
8,121,0x1.8020e60edff73p-220,0x1.276eb90c44d2cp-508,0x1.8020e60edff74p-220,8.90507395912565638e-67
8,122,0x1.a99e199012d3bp-222,0x1.276eb90c44d2cp-508,0x1.a99e199012d3cp-222,2.46672396330588868e-67
8,123,0x1.d754353d419bdp-224,0x1.276eb90c44d2cp-508,0x1.d754353d419bep-224,6.82912575577565000e-68
8,124,0x1.04d5117a70f97p-225,0x1.276eb90c44d2cp-508,0x1.04d5117a70f98p-225,1.88961086688426609e-68
8,125,0x1.2087f055b531fp-227,0x1.276eb90c44d2cp-508,0x1.2087f055b532p-227,5.22568847923050914e-69
8,126,0x1.3eff9ddcf5dc5p-229,0x1.276eb90c44d2cp-508,0x1.3eff9ddcf5dc6p-229,1.44437403286021517e-69
8,127,0x1.607e4cd536f5bp-231,0x1.276eb90c44d2cp-508,0x1.607e4cd536f5cp-231,3.99008343057431177e-70
8,128,0x1.854be7abeaf8fp-233,0x1.276eb90c44d2cp-508,0x1.854be7abeaf9p-233,1.10167006397411651e-70
8,129,0x1.adb683a0c2ed6p-235,0x1.276eb90c44d2cp-508,0x1.adb683a0c2ed7p-235,3.04011135534666628e-71
8,130,0x1.da12dbfecfbc1p-237,0x1.276eb90c44d2cp-508,0x1.da12dbfecfbc2p-237,8.38488087787281433e-72
8,131,0x1.055e6aeff4377p-238,0x1.276eb90c44d2cp-508,0x1.055e6aeff4378p-238,2.31139858222175997e-72
8,132,0x1.200c067d75b52p-240,0x1.276eb90c44d2cp-508,0x1.200c067d75b53p-240,6.36831288195639892e-73
8,133,0x1.3d4835019a356p-242,0x1.276eb90c44d2cp-508,0x1.3d4835019a357p-242,1.75366485721729913e-73
8,134,0x1.5d4d6192c19c7p-244,0x1.276eb90c44d2cp-508,0x1.5d4d6192c19c8p-244,4.82661325001572315e-74
8,135,0x1.805ac39a47a2ap-246,0x1.276eb90c44d2cp-508,0x1.805ac39a47a2bp-246,1.32774026167513310e-74
8,136,0x1.a6b4ba0ecf2fdp-248,0x1.276eb90c44d2cp-508,0x1.a6b4ba0ecf2fep-248,3.65055995449855938e-75
8,137,0x1.d0a52ca1d361ep-250,0x1.276eb90c44d2cp-508,0x1.d0a52ca1d361fp-250,1.00318859289685865e-75
8,138,0x1.fe7bf332e5a88p-252,0x1.276eb90c44d2cp-508,0x1.fe7bf332e5a89p-252,2.75539213770903244e-76
8,139,0x1.1847a1ef1616cp-253,0x1.276eb90c44d2cp-508,0x1.1847a1ef1616dp-253,7.56419913138609255e-77
8,140,0x1.339e13ff734b3p-255,0x1.276eb90c44d2cp-508,0x1.339e13ff734b4p-255,2.07549727887550851e-77
8,141,0x1.51737c40fb055p-257,0x1.276eb90c44d2cp-508,0x1.51737c40fb056p-257,5.69196231594894806e-78
8,142,0x1.71fdf0f3cf6bep-259,0x1.276eb90c44d2cp-508,0x1.71fdf0f3cf6bfp-259,1.56021138299865464e-78
8,143,0x1.9577b82b79e4bp-261,0x1.276eb90c44d2cp-508,0x1.9577b82b79e4cp-261,4.27452026760851877e-79
8,144,0x1.bc1f921448c03p-263,0x1.276eb90c44d2cp-508,0x1.bc1f921448c04p-263,1.17050899488847307e-79
8,145,0x1.e63907a8c07b9p-265,0x1.276eb90c44d2cp-508,0x1.e63907a8c07bap-265,3.20366044921041161e-80
8,146,0x1.0a065f0690211p-266,0x1.276eb90c44d2cp-508,0x1.0a065f0690212p-266,8.76402194249738591e-81
8,147,0x1.22f46764439c5p-268,0x1.276eb90c44d2cp-508,0x1.22f46764439c6p-268,2.39632974035533965e-81
8,148,0x1.3e10928a675e9p-270,0x1.276eb90c44d2cp-508,0x1.3e10928a675eap-270,6.54902618362932187e-82
8,149,0x1.5b87f03fd4b28p-272,0x1.276eb90c44d2cp-508,0x1.5b87f03fd4b29p-272,1.78893588637135924e-82
8,150,0x1.7b8ade8c841bfp-274,0x1.276eb90c44d2cp-508,0x1.7b8ade8c841cp-274,4.88429165471086606e-83
8,151,0x1.9e4d40b6151cep-276,0x1.276eb90c44d2cp-508,0x1.9e4d40b6151cfp-276,1.33290138351495122e-83
8,152,0x1.c406b94106c31p-278,0x1.276eb90c44d2cp-508,0x1.c406b94106c32p-278,3.63567379248204106e-84
8,153,0x1.ecf2e7169cf2fp-280,0x1.276eb90c44d2cp-508,0x1.ecf2e7169cf3p-280,9.91204115429539279e-85
8,154,0x1.0ca8d2f802267p-281,0x1.276eb90c44d2cp-508,0x1.0ca8d2f802268p-281,2.70105486190056547e-85
8,155,0x1.24b3a913e8751p-283,0x1.276eb90c44d2cp-508,0x1.24b3a913e8752p-283,7.35693049416409380e-86
8,156,0x1.3ebe8809b8c21p-285,0x1.276eb90c44d2cp-508,0x1.3ebe8809b8c22p-285,2.00287408632744943e-86
8,157,0x1.5af08b834f6c3p-287,0x1.276eb90c44d2cp-508,0x1.5af08b834f6c4p-287,5.45010900667823140e-87
8,158,0x1.7973801197695p-289,0x1.276eb90c44d2cp-508,0x1.7973801197696p-289,1.48235446917429939e-87
8,159,0x1.9a740c8c000cdp-291,0x1.276eb90c44d2cp-508,0x1.9a740c8c000cep-291,4.02990738719023322e-88
8,160,0x1.be21dd78f69a8p-293,0x1.276eb90c44d2cp-508,0x1.be21dd78f69a9p-293,1.09505254407716246e-88
8,161,0x1.e4afd290ee63dp-295,0x1.276eb90c44d2cp-508,0x1.e4afd290ee63ep-295,2.97421604456907362e-89
8,162,0x1.072a1736c4f6ap-296,0x1.276eb90c44d2cp-508,0x1.072a1736c4f6bp-296,8.07436699001647283e-90
8,163,0x1.1da4643b39d0ap-298,0x1.276eb90c44d2cp-508,0x1.1da4643b39d0bp-298,2.19100630253592112e-90
8,164,0x1.35e5a08eb20afp-300,0x1.276eb90c44d2cp-508,0x1.35e5a08eb20bp-300,5.94262986381142047e-91
8,165,0x1.500e9c3d5a195p-302,0x1.276eb90c44d2cp-508,0x1.500e9c3d5a196p-302,1.61106989629392008e-91
8,166,0x1.6c4243add6da7p-304,0x1.276eb90c44d2cp-508,0x1.6c4243add6da8p-304,4.36567557776036916e-92
8,167,0x1.8aa5bd69c7529p-306,0x1.276eb90c44d2cp-508,0x1.8aa5bd69c752ap-306,1.18247136097136261e-92
8,168,0x1.ab60892ff3e43p-308,0x1.276eb90c44d2cp-508,0x1.ab60892ff3e44p-308,3.20134597167568159e-93
8,169,0x1.ce9ca0584f77ep-310,0x1.276eb90c44d2cp-508,0x1.ce9ca0584f77fp-310,8.66319530765336965e-94
8,170,0x1.f4869791b683dp-312,0x1.276eb90c44d2cp-508,0x1.f4869791b683ep-312,2.34329956991766210e-94
8,171,0x1.0ea6e1008ae03p-313,0x1.276eb90c44d2cp-508,0x1.0ea6e1008ae04p-313,6.33552231844854615e-95
8,172,0x1.24922ae4ab126p-315,0x1.276eb90c44d2cp-508,0x1.24922ae4ab127p-315,1.71215322283481995e-95
8,173,0x1.3c1fc9018a2ddp-317,0x1.276eb90c44d2cp-508,0x1.3c1fc9018a2dep-317,4.62497190324244956e-96
8,174,0x1.556bf3156410ap-319,0x1.276eb90c44d2cp-508,0x1.556bf3156410bp-319,1.24877015347971687e-96
8,175,0x1.70948d85c9391p-321,0x1.276eb90c44d2cp-508,0x1.70948d85c9392p-321,3.37026094253635969e-97
8,176,0x1.8db93e9637c4ap-323,0x1.276eb90c44d2cp-508,0x1.8db93e9637c4bp-323,9.09186145744813214e-98
8,177,0x1.acfb846281f6dp-325,0x1.276eb90c44d2cp-508,0x1.acfb846281f6ep-325,2.45160787879170035e-98
8,178,0x1.ce7ecb9f54376p-327,0x1.276eb90c44d2cp-508,0x1.ce7ecb9f54377p-327,6.60782862720288734e-99
8,179,0x1.f2688722dc701p-329,0x1.276eb90c44d2cp-508,0x1.f2688722dc702p-329,1.78023255107108799e-99
8,180,0x1.0c70241b9ec5fp-330,0x1.276eb90c44d2cp-508,0x1.0c70241b9ec6p-330,4.79408293110552644e-100
8,181,0x1.2107ebdc0e2b6p-332,0x1.276eb90c44d2cp-508,0x1.2107ebdc0e2b7p-332,1.29046376240496465e-100
8,182,0x1.3711a7fe164bdp-334,0x1.276eb90c44d2cp-508,0x1.3711a7fe164bep-334,3.47214755943659666e-101
8,183,0x1.4ea49bc59cc04p-336,0x1.276eb90c44d2cp-508,0x1.4ea49bc59cc05p-336,9.33820145854901652e-102
8,184,0x1.67d94e5057fddp-338,0x1.276eb90c44d2cp-508,0x1.67d94e5057fdep-338,2.51039245432682412e-102
8,185,0x1.82c998bd1aa7ep-340,0x1.276eb90c44d2cp-508,0x1.82c998bd1aa7fp-340,6.74580719884935983e-103
8,186,0x1.9f90b4b8a86a8p-342,0x1.276eb90c44d2cp-508,0x1.9f90b4b8a86a9p-342,1.81192722197961564e-103
8,187,0x1.be4b4b6f51f8dp-344,0x1.276eb90c44d2cp-508,0x1.be4b4b6f51f8ep-344,4.86477424362562690e-104
8,188,0x1.df1784e24bc65p-346,0x1.276eb90c44d2cp-508,0x1.df1784e24bc66p-346,1.30557052677692422e-104
8,189,0x1.010a8bcfb2a2dp-347,0x1.276eb90c44d2cp-508,0x1.010a8bcfb2a2ep-347,3.50230748532183042e-105
8,190,0x1.13b2ac6cba3b7p-349,0x1.276eb90c44d2cp-508,0x1.13b2ac6cba3b8p-349,9.39128617090715826e-106
8,191,0x1.2795a66fba17p-351,0x1.276eb90c44d2cp-508,0x1.2795a66fba171p-351,2.51717446416761421e-106
8,192,0x1.3cc5dbf7fbed5p-353,0x1.276eb90c44d2cp-508,0x1.3cc5dbf7fbed6p-353,6.74403117127371765e-107
8,193,0x1.535697b31da8p-355,0x1.276eb90c44d2cp-508,0x1.535697b31da81p-355,1.80611081284130251e-107
8,194,0x1.6b5c159ed8f67p-357,0x1.276eb90c44d2cp-508,0x1.6b5c159ed8f68p-357,4.83490947172677452e-108
8,195,0x1.84eb8bf449579p-359,0x1.276eb90c44d2cp-508,0x1.84eb8bf44957ap-359,1.29375483203575784e-108
8,196,0x1.a01b343aba7ddp-361,0x1.276eb90c44d2cp-508,0x1.a01b343aba7dep-361,3.46047611046560127e-109
8,197,0x1.bd02547fd1f27p-363,0x1.276eb90c44d2cp-508,0x1.bd02547fd1f28p-363,9.25210392648927584e-110
8,198,0x1.dbb948b2ae4cap-365,0x1.276eb90c44d2cp-508,0x1.dbb948b2ae4cbp-365,2.47267173898566826e-110
8,199,0x1.fc598c1f5bb19p-367,0x1.276eb90c44d2cp-508,0x1.fc598c1f5bb1ap-367,6.60563052068126466e-111
8,200,0x1.0f7ee183e070bp-368,0x1.276eb90c44d2cp-508,0x1.0f7ee183e070cp-368,1.76394269297102418e-111
8,201,0x1.21e0e22b75c55p-370,0x1.276eb90c44d2cp-508,0x1.21e0e22b75c56p-370,4.70844575183320156e-112
8,202,0x1.356151b5b0363p-372,0x1.276eb90c44d2cp-508,0x1.356151b5b0364p-372,1.25630213446214806e-112
8,203,0x1.4a0f5cfa6afb4p-374,0x1.276eb90c44d2cp-508,0x1.4a0f5cfa6afb5p-374,3.35069245803901262e-113
8,204,0x1.5ffad8f0bdf1fp-376,0x1.276eb90c44d2cp-508,0x1.5ffad8f0bdf2p-376,8.93304444939622422e-114
8,205,0x1.773447ab57d3fp-378,0x1.276eb90c44d2cp-508,0x1.773447ab57d4p-378,2.38061620972233781e-114
8,206,0x1.8fccdd585c433p-380,0x1.276eb90c44d2cp-508,0x1.8fccdd585c434p-380,6.34168617053275300e-115
8,207,0x1.a9d68542707a4p-382,0x1.276eb90c44d2cp-508,0x1.a9d68542707a5p-382,1.68867500345549854e-115
8,208,0x1.c563e6d07e2a7p-384,0x1.276eb90c44d2cp-508,0x1.c563e6d07e2a8p-384,4.49483617382677661e-116
8,209,0x1.e2886a81909abp-386,0x1.276eb90c44d2cp-508,0x1.e2886a81909acp-386,1.19593786302180433e-116
8,210,0x1.00ac1f7106147p-387,0x1.276eb90c44d2cp-508,0x1.00ac1f7106148p-387,3.18075931457862201e-117
8,211,0x1.10f42ebbae8e8p-389,0x1.276eb90c44d2cp-508,0x1.10f42ebbae8e9p-389,8.45631061214660852e-118
8,212,0x1.222747cf8ae2fp-391,0x1.276eb90c44d2cp-508,0x1.222747cf8ae3p-391,2.24729172770441345e-118
8,213,0x1.3450b9af28453p-393,0x1.276eb90c44d2cp-508,0x1.3450b9af28454p-393,5.96989733512127790e-119
8,214,0x1.477c400f037e2p-395,0x1.276eb90c44d2cp-508,0x1.477c400f037e3p-395,1.58527141019755057e-119
8,215,0x1.5bb605a8759b2p-397,0x1.276eb90c44d2cp-508,0x1.5bb605a8759b3p-397,4.20794656127200991e-120
8,216,0x1.710aa67f96f07p-399,0x1.276eb90c44d2cp-508,0x1.710aa67f96f08p-399,1.11652150645965521e-120
8,217,0x1.8787321a3c57p-401,0x1.276eb90c44d2cp-508,0x1.8787321a3c571p-401,2.96138395792515563e-121
8,218,0x1.9f392da6218b9p-403,0x1.276eb90c44d2cp-508,0x1.9f392da6218bap-403,7.85151659619608119e-122
8,219,0x1.b82e960c430e8p-405,0x1.276eb90c44d2cp-508,0x1.b82e960c430e9p-405,2.08086568039944894e-122
8,220,0x1.d275e1ef59cap-407,0x1.276eb90c44d2cp-508,0x1.d275e1ef59ca1p-407,5.51272912164484222e-123
8,221,0x1.ee1e03935b1dbp-409,0x1.276eb90c44d2cp-508,0x1.ee1e03935b1dcp-409,1.45989565779657454e-123
8,222,0x1.059b3555e855fp-410,0x1.276eb90c44d2cp-508,0x1.059b3555e856p-410,3.86464834143650162e-124
8,223,0x1.14e78307672acp-412,0x1.276eb90c44d2cp-508,0x1.14e78307672adp-412,1.02266075157846702e-124
8,224,0x1.24fc22a51e3d7p-414,0x1.276eb90c44d2cp-508,0x1.24fc22a51e3d8p-414,2.70512335064800051e-125
8,225,0x1.35e18d0c91533p-416,0x1.276eb90c44d2cp-508,0x1.35e18d0c91534p-416,7.15281296769935960e-126
8,226,0x1.47a07cdb48afp-418,0x1.276eb90c44d2cp-508,0x1.47a07cdb48af1p-418,1.89060763122205865e-126
8,227,0x1.5a41ef05dfa0fp-420,0x1.276eb90c44d2cp-508,0x1.5a41ef05dfa1p-420,4.99529466758890723e-127
8,228,0x1.6dcf235b71f12p-422,0x1.276eb90c44d2cp-508,0x1.6dcf235b71f13p-422,1.31933902561070626e-127
8,229,0x1.82519cf428ff1p-424,0x1.276eb90c44d2cp-508,0x1.82519cf428ff2p-424,3.48327463954077361e-128
8,230,0x1.97d32289a58eap-426,0x1.276eb90c44d2cp-508,0x1.97d32289a58ebp-426,9.19296180992017550e-129
8,231,0x1.ae5dbeb8004dp-428,0x1.276eb90c44d2cp-508,0x1.ae5dbeb8004d1p-428,2.42526967950215549e-129
8,232,0x1.c5fbc0261893dp-430,0x1.276eb90c44d2cp-508,0x1.c5fbc0261893ep-430,6.39590306330635737e-130
8,233,0x1.deb7b993e727dp-432,0x1.276eb90c44d2cp-508,0x1.deb7b993e727ep-432,1.68609240009655699e-130
8,234,0x1.f89c81cd89c23p-434,0x1.276eb90c44d2cp-508,0x1.f89c81cd89c24p-434,4.44323144614041052e-131
8,235,0x1.09da99c0de65cp-435,0x1.276eb90c44d2cp-508,0x1.09da99c0de65dp-435,1.17045567201221820e-131
8,236,0x1.1806967d3be7bp-437,0x1.276eb90c44d2cp-508,0x1.1806967d3be7cp-437,3.08212234073539186e-132
8,237,0x1.26d807db3205fp-439,0x1.276eb90c44d2cp-508,0x1.26d807db3206p-439,8.11304791616121953e-133
8,238,0x1.3654dff0f35b7p-441,0x1.276eb90c44d2cp-508,0x1.3654dff0f35b8p-441,2.13480330435396722e-133
8,239,0x1.468331d73dd83p-443,0x1.276eb90c44d2cp-508,0x1.468331d73dd84p-443,5.61528418110378330e-134
8,240,0x1.5769314390f05p-445,0x1.276eb90c44d2cp-508,0x1.5769314390f06p-445,1.47647483753500252e-134
8,241,0x1.690d32104ffe1p-447,0x1.276eb90c44d2cp-508,0x1.690d32104ffe2p-447,3.88079927814770359e-135
8,242,0x1.7b75a7b237441p-449,0x1.276eb90c44d2cp-508,0x1.7b75a7b237442p-449,1.01966500562184466e-135
8,243,0x1.8ea9249a8ddedp-451,0x1.276eb90c44d2cp-508,0x1.8ea9249a8ddeep-451,2.67815329083646149e-136
8,244,0x1.a2ae5985831ffp-453,0x1.276eb90c44d2cp-508,0x1.a2ae5985832p-453,7.03161861483164943e-137
8,245,0x1.b78c14b42aab3p-455,0x1.276eb90c44d2cp-508,0x1.b78c14b42aab5p-455,1.84551473249568666e-137
8,246,0x1.cd4941119006fp-457,0x1.276eb90c44d2cp-508,0x1.cd49411190072p-457,4.84197374986269924e-138
8,247,0x1.e3ece542602dbp-459,0x1.276eb90c44d2cp-508,0x1.e3ece542602e5p-459,1.26990261820053818e-138
8,248,0x1.fb7e229eae20cp-461,0x1.276eb90c44d2cp-508,0x1.fb7e229eae232p-461,3.32936834955825963e-139
8,249,0x1.0a021a0aaff36p-462,0x1.276eb90c44d2cp-508,0x1.0a021a0aaff81p-462,8.72563572984549025e-140
8,250,0x1.16c3367c6afddp-464,0x1.276eb90c44d2cp-508,0x1.16c3367c6b105p-464,2.28600131258963033e-140
8,251,0x1.24061bda355f4p-466,0x1.276eb90c44d2cp-508,0x1.24061bda35a93p-466,5.98687783412258062e-141
8,252,0x1.31ce8a35374e7p-468,0x1.276eb90c44d2cp-508,0x1.31ce8a353875fp-468,1.56736158063276658e-141
8,253,0x1.40204bbd27b27p-470,0x1.276eb90c44d2cp-508,0x1.40204bbd2c504p-470,4.10188265358362715e-142
8,254,0x1.4eff33f7518f3p-472,0x1.276eb90c44d2cp-508,0x1.4eff33f764063p-472,1.07310656606205136e-142
8,255,0x1.5e6f1ee96ce57p-474,0x1.276eb90c44d2cp-508,0x1.5e6f1ee9b6c13p-474,2.80639247360772426e-143
8,256,0x1.6e73f03831eb7p-476,0x1.276eb90c44d2cp-508,0x1.6e73f039595a4p-476,7.33669124793359723e-144
8,257,0x1.7f119239939c6p-478,0x1.276eb90c44d2cp-508,0x1.7f11923e31575p-478,1.91733810978608007e-144
8,258,0x1.904bf4fa94234p-480,0x1.276eb90c44d2cp-508,0x1.904bf50d0b0eep-480,5.00892045003507772e-145
8,259,0x1.a2270d38aacd7p-482,0x1.276eb90c44d2cp-508,0x1.a2270d82867bcp-482,1.30808773648567641e-145
8,260,0x1.b4a6d34eb480ep-484,0x1.276eb90c44d2cp-508,0x1.b4a6d476233ap-484,3.41489431960829471e-146
8,261,0x1.c7cf42155b09fp-486,0x1.276eb90c44d2cp-508,0x1.c7cf46b315ee3p-486,8.91180507824630585e-147
8,262,0x1.dba455b69bb04p-488,0x1.276eb90c44d2cp-508,0x1.dba4682d87411p-488,2.32489071597093799e-147
8,263,0x1.f02a0a7304418p-490,0x1.276eb90c44d2cp-508,0x1.f02a544eb284ap-490,6.06301426700678493e-148
8,264,0x1.02b22da995ce4p-491,0x1.276eb90c44d2cp-508,0x1.02b2c160f2547p-491,1.58061346299900394e-148
8,265,0x1.0daba058508efp-493,0x1.276eb90c44d2cp-508,0x1.0dadef35c2a79p-493,4.11926750590698281e-149
8,266,0x1.190357246ce06p-495,0x1.276eb90c44d2cp-508,0x1.190c929a35429p-495,1.07323394012605151e-149
8,267,0x1.24bb47ddc7c26p-497,0x1.276eb90c44d2cp-508,0x1.24e035b4e94b1p-497,2.79599059680363374e-150
8,268,0x1.30d55faca1a75p-499,0x1.276eb90c44d2cp-508,0x1.3169170927c9dp-499,7.28913801495154296e-151
8,269,0x1.3d537428e0817p-501,0x1.276eb90c44d2cp-508,0x1.3fa2519af90b2p-501,1.90715176929228435e-151
8,270,0x1.4a370f3c4c865p-503,0x1.276eb90c44d2cp-508,0x1.53728504aeacfp-503,5.06342787682649906e-152
8,271,0x1.5780b629b3e73p-505,0x1.276eb90c44d2cp-508,0x1.7c6e8d4b3c819p-505,1.41869515681271618e-152
8,272,0x1.652d5cda06de3p-507,0x1.276eb90c44d2cp-508,0x1.f8e4b9602947ap-507,4.70708426244769512e-153
8,273,0x1.732d88da9fc3ep-509,0x1.276eb90c44d2cp-508,0x1.e1057d7994b4cp-508,2.24226365133106044e-153
8,274,0x1.81472d56d4cc1p-511,0x1.276eb90c44d2cp-508,0x1.57979eb71f6c5p-508,1.60164261819003563e-153
8,275,0x1.8eb253ac31f2ap-513,0x1.276eb90c44d2cp-508,0x1.33e44ba9a6626p-508,1.43522612500247734e-153
8,276,0x1.98e098f41e8b1p-515,0x1.276eb90c44d2cp-508,0x1.2aa07a3e2d0fep-508,1.39203807045960910e-153
8,277,0x1.97ee89648129bp-517,0x1.276eb90c44d2cp-508,0x1.283ab050f7136p-508,1.38086168904625719e-153
8,278,0x1.75b69ae9317c8p-519,0x1.276eb90c44d2cp-508,0x1.279d6fdfa1f9p-508,1.37799831751840818e-153
8,279,0x1.fea687dc1ba9fp-522,0x1.276eb90c44d2cp-508,0x1.2776b3a664434p-508,1.37729299358995972e-153
8,280,0x0p+0,0x1.276eb90c44d2cp-508,0x1.276eb90c44d2cp-508,1.37714770682000521e-153
9,0,0x1.2658260f72914p-4,0x1.bfc57ff30fd76p-497,0x1.2658260f72915p-4,7.18614088756662356e-02
9,1,0x1.a357af521056bp-6,0x1.bfc57ff30fd76p-497,0x1.a357af521056cp-6,2.55946361651288451e-02
9,2,0x1.1c378658c24d5p-7,0x1.bfc57ff30fd76p-497,0x1.1c378658c24d6p-7,8.67361125848946021e-03
9,3,0x1.742990bf688f5p-9,0x1.bfc57ff30fd76p-497,0x1.742990bf688f6p-9,2.83937351169171858e-03
9,4,0x1.dd1c74d327b0bp-11,0x1.bfc57ff30fd76p-497,0x1.dd1c74d327b0cp-11,9.10017314158158199e-04
9,5,0x1.2e9588ebda9b2p-12,0x1.bfc57ff30fd76p-497,0x1.2e9588ebda9b3p-12,2.88566704276373143e-04
9,6,0x1.7e59f105e0c6ep-14,0x1.bfc57ff30fd76p-497,0x1.7e59f105e0c6fp-14,9.11596617623620708e-05
9,7,0x1.e2fbdd93b97e1p-16,0x1.bfc57ff30fd76p-497,0x1.e2fbdd93b97e2p-16,2.87880807964476331e-05
9,8,0x1.313b137dba789p-17,0x1.bfc57ff30fd76p-497,0x1.313b137dba78ap-17,9.09658569577303505e-06
9,9,0x1.81dc48dcddd59p-19,0x1.bfc57ff30fd76p-497,0x1.81dc48dcddd5ap-19,2.87488465605291883e-06
9,10,0x1.e779c88a22e0dp-21,0x1.bfc57ff30fd76p-497,0x1.e779c88a22e0ep-21,9.07994278224882192e-07
9,11,0x1.338209cc04eadp-22,0x1.bfc57ff30fd76p-497,0x1.338209cc04eaep-22,2.86389106874907424e-07
9,12,0x1.83438ec2a6bc2p-24,0x1.bfc57ff30fd76p-497,0x1.83438ec2a6bc3p-24,9.01669024257382853e-08
9,13,0x1.e6bac4d89bc5fp-26,0x1.bfc57ff30fd76p-497,0x1.e6bac4d89bc6p-26,2.83313895420595277e-08
9,14,0x1.313f4db702645p-27,0x1.bfc57ff30fd76p-497,0x1.313f4db702646p-27,8.88386507242000540e-09
9,15,0x1.7e1a5b8960d71p-29,0x1.bfc57ff30fd76p-497,0x1.7e1a5b8960d72p-29,2.78016493567111624e-09
9,16,0x1.dd661c7239d6dp-31,0x1.bfc57ff30fd76p-497,0x1.dd661c7239d6ep-31,8.68383488622366765e-10
9,17,0x1.29b14ec102537p-32,0x1.bfc57ff30fd76p-497,0x1.29b14ec102538p-32,2.70749849678199935e-10
9,18,0x1.72a2035f3bd71p-34,0x1.bfc57ff30fd76p-497,0x1.72a2035f3bd72p-34,8.42721565169861388e-11
9,19,0x1.ccb3dbf807b83p-36,0x1.bfc57ff30fd76p-497,0x1.ccb3dbf807b84p-36,2.61879094528327403e-11
9,20,0x1.1de52fab97c7dp-37,0x1.bfc57ff30fd76p-497,0x1.1de52fab97c7ep-37,8.12563196861956972e-12
9,21,0x1.6252782d8589dp-39,0x1.bfc57ff30fd76p-497,0x1.6252782d8589ep-39,2.51761027149646841e-12
9,22,0x1.b686fcad2d9bap-41,0x1.bfc57ff30fd76p-497,0x1.b686fcad2d9bbp-41,7.78980956250070506e-13
9,23,0x1.0f04f927816a4p-42,0x1.bfc57ff30fd76p-497,0x1.0f04f927816a5p-42,2.40713606197208876e-13
9,24,0x1.4e9377f0bb3p-44,0x1.bfc57ff30fd76p-497,0x1.4e9377f0bb301p-44,7.42908065941785770e-14
9,25,0x1.9c8bb34e5c26cp-46,0x1.bfc57ff30fd76p-497,0x1.9c8bb34e5c26dp-46,2.29008870058422631e-14
9,26,0x1.fc1a4f9d52bacp-48,0x1.bfc57ff30fd76p-497,0x1.fc1a4f9d52badp-48,7.05134252822935383e-15
9,27,0x1.388cfbe1865f4p-49,0x1.bfc57ff30fd76p-497,0x1.388cfbe1865f5p-49,2.16875627455638372e-15
9,28,0x1.801bcc377c90bp-51,0x1.bfc57ff30fd76p-497,0x1.801bcc377c90cp-51,6.66322179463917887e-16
9,29,0x1.d78ef929714b7p-53,0x1.bfc57ff30fd76p-497,0x1.d78ef929714b8p-53,2.04505895468334486e-16
9,30,0x1.212a7d6577a5fp-54,0x1.bfc57ff30fd76p-497,0x1.212a7d6577a6p-54,6.27028758551882200e-17
9,31,0x1.624a67f241403p-56,0x1.bfc57ff30fd76p-497,0x1.624a67f241404p-56,1.92061345448884819e-17
9,32,0x1.b1a9da7a59507p-58,0x1.bfc57ff30fd76p-497,0x1.b1a9da7a59508p-58,5.87723622425919233e-18
9,33,0x1.092896fc67c59p-59,0x1.bfc57ff30fd76p-497,0x1.092896fc67c5ap-59,1.79678425094538270e-18
9,34,0x1.43f4c62d4907ep-61,0x1.bfc57ff30fd76p-497,0x1.43f4c62d4907fp-61,5.48803063234666168e-19
9,35,0x1.8b6eaf04b1db9p-63,0x1.bfc57ff30fd76p-497,0x1.8b6eaf04b1dbap-63,1.67472117846992048e-19
9,36,0x1.e23f8aa1762fbp-65,0x1.bfc57ff30fd76p-497,0x1.e23f8aa1762fcp-65,5.10600152313578617e-20
9,37,0x1.25cde3af4ecc9p-66,0x1.bfc57ff30fd76p-497,0x1.25cde3af4eccap-66,1.55538677753013247e-20
9,38,0x1.65af5e43c65c5p-68,0x1.bfc57ff30fd76p-497,0x1.65af5e43c65c6p-68,4.73392198346644324e-21
9,39,0x1.b315de318a47bp-70,0x1.bfc57ff30fd76p-497,0x1.b315de318a47cp-70,1.43957690238657683e-21
9,40,0x1.086561fc01d2dp-71,0x1.bfc57ff30fd76p-497,0x1.086561fc01d2ep-71,4.37406534104162032e-22
9,41,0x1.411355d51c701p-73,0x1.bfc57ff30fd76p-497,0x1.411355d51c702p-73,1.32793726149314331e-22
9,42,0x1.8596b88b10614p-75,0x1.bfc57ff30fd76p-497,0x1.8596b88b10615p-75,4.02825329607730422e-23
9,43,0x1.d857c5441437p-77,0x1.bfc57ff30fd76p-497,0x1.d857c54414371p-77,1.22097765978891178e-23
9,44,0x1.1e1c6df2e24cep-78,0x1.bfc57ff30fd76p-497,0x1.1e1c6df2e24cfp-78,3.69789868465918277e-24
9,45,0x1.5a570c3753ad2p-80,0x1.bfc57ff30fd76p-497,0x1.5a570c3753ad3p-80,1.11908499333501394e-24
9,46,0x1.a2ecad6b38b09p-82,0x1.bfc57ff30fd76p-497,0x1.a2ecad6b38b0ap-82,3.38404533230247980e-25
9,47,0x1.fa55c7e6ac3a1p-84,0x1.bfc57ff30fd76p-497,0x1.fa55c7e6ac3a2p-84,1.02253555388369436e-25
9,48,0x1.31c30bf8f8d4bp-85,0x1.bfc57ff30fd76p-497,0x1.31c30bf8f8d4cp-85,3.08740621247165570e-26
9,49,0x1.7102059308c08p-87,0x1.bfc57ff30fd76p-497,0x1.7102059308c09p-87,9.31506893123841488e-27
9,50,0x1.bd0240e6a8d3p-89,0x1.bfc57ff30fd76p-497,0x1.bd0240e6a8d31p-89,2.80840037613364985e-27
9,51,0x1.0c22eb9ec7778p-90,0x1.bfc57ff30fd76p-497,0x1.0c22eb9ec7779p-90,8.46089317454289019e-28
9,52,0x1.42e4ffcfa228dp-92,0x1.bfc57ff30fd76p-497,0x1.42e4ffcfa228ep-92,2.54718869938604384e-28
9,53,0x1.848f094063aadp-94,0x1.bfc57ff30fd76p-497,0x1.848f094063aaep-94,7.66296988395398287e-29
9,54,0x1.d33f5f767111fp-96,0x1.bfc57ff30fd76p-497,0x1.d33f5f767112p-96,2.30370828479132687e-29
9,55,0x1.18bd8bedcf744p-97,0x1.bfc57ff30fd76p-497,0x1.18bd8bedcf745p-97,6.92078559407796823e-30
9,56,0x1.5120800fc3c1p-99,0x1.bfc57ff30fd76p-497,0x1.5120800fc3c11p-99,2.07770526685812566e-30
9,57,0x1.949001b123847p-101,0x1.bfc57ff30fd76p-497,0x1.949001b123848p-101,6.23327266278440027e-31
9,58,0x1.e528c9d1a84f1p-103,0x1.bfc57ff30fd76p-497,0x1.e528c9d1a84f2p-103,1.86876576101645710e-31
9,59,0x1.22b632ca31e4p-104,0x1.bfc57ff30fd76p-497,0x1.22b632ca31e41p-104,5.59890392270909345e-32
9,60,0x1.5c29c60a88b43p-106,0x1.bfc57ff30fd76p-497,0x1.5c29c60a88b44p-106,1.67634472567673589e-32
9,61,0x1.a0b1da2c21d68p-108,0x1.bfc57ff30fd76p-497,0x1.a0b1da2c21d69p-108,5.01578042735024635e-33
9,62,0x1.f2643d8a52415p-110,0x1.bfc57ff30fd76p-497,0x1.f2643d8a52416p-110,1.49979255811994124e-33
9,63,0x1.29dc6010a5ffep-111,0x1.bfc57ff30fd76p-497,0x1.29dc6010a5fffp-111,4.48171181739496555e-34
9,64,0x1.63cd602120f37p-113,0x1.bfc57ff30fd76p-497,0x1.63cd602120f38p-113,1.33837930436558511e-34
9,65,0x1.a8bee3cd92cc2p-115,0x1.bfc57ff30fd76p-497,0x1.a8bee3cd92cc3p-115,3.99428902382764177e-35
9,66,0x1.fabadf002d9cbp-117,0x1.bfc57ff30fd76p-497,0x1.fabadf002d9ccp-117,1.19131642301833410e-35
9,67,0x1.2e14d36097ddep-118,0x1.bfc57ff30fd76p-497,0x1.2e14d36097ddfp-118,3.55094920839178528e-36
9,68,0x1.67f14b416d2d5p-120,0x1.bfc57ff30fd76p-497,0x1.67f14b416d2d6p-120,1.05777609876132903e-36
9,69,0x1.ac9fc917e95a8p-122,0x1.bfc57ff30fd76p-497,0x1.ac9fc917e95a9p-122,3.14903300801527613e-37
9,70,0x1.fe19efe2dfe97p-124,0x1.bfc57ff30fd76p-497,0x1.fe19efe2dfe98p-124,9.36908150059033719e-38
9,71,0x1.2f59b9d3fd407p-125,0x1.bfc57ff30fd76p-497,0x1.2f59b9d3fd408p-125,2.78583429206899455e-38
9,72,0x1.6894dfd3b3c2fp-127,0x1.bfc57ff30fd76p-497,0x1.6894dfd3b3c3p-127,8.27854616536771853e-39
9,73,0x1.ac5b219f7dff9p-129,0x1.bfc57ff30fd76p-497,0x1.ac5b219f7dffap-129,2.45864275753289411e-39
9,74,0x1.fc91eac3b406bp-131,0x1.bfc57ff30fd76p-497,0x1.fc91eac3b406cp-131,7.29762144099071629e-40
9,75,0x1.2db9ec6e65c59p-132,0x1.bfc57ff30fd76p-497,0x1.2db9ec6e65c5ap-132,2.16477977730936663e-40
9,76,0x1.65cfa8cfd77a3p-134,0x1.bfc57ff30fd76p-497,0x1.65cfa8cfd77a4p-134,6.41792310399510079e-41
9,77,0x1.a813c419bf38p-136,0x1.bfc57ff30fd76p-497,0x1.a813c419bf381p-136,1.90162798252695202e-41
9,78,0x1.f6542ba0b025dp-138,0x1.bfc57ff30fd76p-497,0x1.f6542ba0b025ep-138,5.63130050401615618e-42
9,79,0x1.2957594bb8e5dp-139,0x1.bfc57ff30fd76p-497,0x1.2957594bb8e5ep-139,1.66665510305019081e-42
9,80,0x1.5fcf46a04df42p-141,0x1.bfc57ff30fd76p-497,0x1.5fcf46a04df43p-141,4.92990352295643272e-43
9,81,0x1.a00601f2888bfp-143,0x1.bfc57ff30fd76p-497,0x1.a00601f2888cp-143,1.45743261432833203e-43
9,82,0x1.ebaf5c49fff29p-145,0x1.bfc57ff30fd76p-497,0x1.ebaf5c49fff2ap-145,4.30623398869475124e-44
9,83,0x1.2264ba399df8ap-146,0x1.bfc57ff30fd76p-497,0x1.2264ba399df8bp-146,1.27164974610348492e-44
9,84,0x1.56d48957a36bep-148,0x1.bfc57ff30fd76p-497,0x1.56d48957a36bfp-148,3.75318329499903546e-45
9,85,0x1.948402b48594ep-150,0x1.bfc57ff30fd76p-497,0x1.948402b48594fp-150,1.10712340224612017e-45
9,86,0x1.dd0ae8001f994p-152,0x1.bfc57ff30fd76p-497,0x1.dd0ae8001f995p-152,3.26405794123931629e-46
9,87,0x1.1922c24c99c7cp-153,0x1.bfc57ff30fd76p-497,0x1.1922c24c99c7dp-153,9.61804523819302298e-47
9,88,0x1.4b2ff5404b9f9p-155,0x1.bfc57ff30fd76p-497,0x1.4b2ff5404b9fap-155,2.83259463696584238e-47
9,89,0x1.85f17d9be4111p-157,0x1.bfc57ff30fd76p-497,0x1.85f17d9be4112p-157,8.33781401886152769e-48
9,90,0x1.cae1c217163d5p-159,0x1.bfc57ff30fd76p-497,0x1.cae1c217163d6p-159,2.45296652488064749e-48
9,91,0x1.0ddcf04f61de1p-160,0x1.bfc57ff30fd76p-497,0x1.0ddcf04f61de2p-160,7.21280414790567409e-49
9,92,0x1.3d3de90b6f2f1p-162,0x1.bfc57ff30fd76p-497,0x1.3d3de90b6f2f2p-162,2.11978196777881331e-49
9,93,0x1.74bf13a130dp-164,0x1.bfc57ff30fd76p-497,0x1.74bf13a130d01p-164,6.22664628599236699e-50
9,94,0x1.b5bcced32832fp-166,0x1.bfc57ff30fd76p-497,0x1.b5bcced32833p-166,1.82807722634847088e-50
9,95,0x1.00e6352859367p-167,0x1.bfc57ff30fd76p-497,0x1.00e6352859368p-167,5.36430660752199633e-51
9,96,0x1.2d629d6d25cabp-169,0x1.bfc57ff30fd76p-497,0x1.2d629d6d25cacp-169,1.57330423012023853e-51
9,97,0x1.61658bd28dc19p-171,0x1.bfc57ff30fd76p-497,0x1.61658bd28dc1ap-171,4.61204167122058361e-52
9,98,0x1.9e2d3bd88f9a5p-173,0x1.bfc57ff30fd76p-497,0x1.9e2d3bd88f9a6p-173,1.35131451734135392e-52
9,99,0x1.e52b36eaa8a0cp-175,0x1.bfc57ff30fd76p-497,0x1.e52b36eaa8a0dp-175,3.95734272770892159e-53
9,100,0x1.1c0632df49b24p-176,0x1.bfc57ff30fd76p-497,0x1.1c0632df49b25p-176,1.15834029437032117e-53
9,101,0x1.4c612f26f0b0dp-178,0x1.bfc57ff30fd76p-497,0x1.4c612f26f0b0ep-178,3.38887227636627727e-54
9,102,0x1.84c70ed88be28p-180,0x1.bfc57ff30fd76p-497,0x1.84c70ed88be29p-180,9.90973443909034277e-55
9,103,0x1.c6863200f462fp-182,0x1.bfc57ff30fd76p-497,0x1.c6863200f463p-182,2.89639530889874502e-55
9,104,0x1.0990fc106a4efp-183,0x1.bfc57ff30fd76p-497,0x1.0990fc106a4fp-183,8.46143195978997781e-56
9,105,0x1.362d78ccd716ap-185,0x1.bfc57ff30fd76p-497,0x1.362d78ccd716bp-185,2.47070732313857230e-56
9,106,0x1.6a1c269312372p-187,0x1.bfc57ff30fd76p-497,0x1.6a1c269312373p-187,7.21093067439749078e-57
9,107,0x1.a68957dfb41b1p-189,0x1.bfc57ff30fd76p-497,0x1.a68957dfb41b2p-189,2.10356086151791018e-57
9,108,0x1.ecd055f8b236fp-191,0x1.bfc57ff30fd76p-497,0x1.ecd055f8b237p-191,6.13357576020011472e-58
9,109,0x1.1f41454aa00e3p-192,0x1.bfc57ff30fd76p-497,0x1.1f41454aa00e4p-192,1.78759202684081823e-58
9,110,0x1.4eb7dd0a8b89p-194,0x1.bfc57ff30fd76p-497,0x1.4eb7dd0a8b891p-194,5.20739143874813302e-59
9,111,0x1.85d7baddbdc4bp-196,0x1.bfc57ff30fd76p-497,0x1.85d7baddbdc4cp-196,1.51624815473729416e-59
9,112,0x1.c5d5f978728cdp-198,0x1.bfc57ff30fd76p-497,0x1.c5d5f978728cep-198,4.41285523858068556e-60
9,113,0x1.080b9eb7de42bp-199,0x1.bfc57ff30fd76p-497,0x1.080b9eb7de42cp-199,1.28371757792235029e-60
9,114,0x1.331b6b3b1c375p-201,0x1.bfc57ff30fd76p-497,0x1.331b6b3b1c376p-201,3.73268009009500884e-61
9,115,0x1.650775ae11739p-203,0x1.bfc57ff30fd76p-497,0x1.650775ae1173ap-203,1.08486220173347999e-61
9,116,0x1.9ee0eb6481ae4p-205,0x1.bfc57ff30fd76p-497,0x1.9ee0eb6481ae5p-205,3.15160621980810669e-62
9,117,0x1.e1e26ff33131dp-207,0x1.bfc57ff30fd76p-497,0x1.e1e26ff33131ep-207,9.15153422427789921e-63
9,118,0x1.17bb200a4e569p-208,0x1.bfc57ff30fd76p-497,0x1.17bb200a4e56ap-208,2.65620425890945223e-63
9,119,0x1.449e9b8aa4a21p-210,0x1.bfc57ff30fd76p-497,0x1.449e9b8aa4a22p-210,7.70611757974397376e-64
9,120,0x1.788b6b4a72672p-212,0x1.bfc57ff30fd76p-497,0x1.788b6b4a72673p-212,2.23469050900822976e-64
9,121,0x1.b4953a607e24dp-214,0x1.bfc57ff30fd76p-497,0x1.b4953a607e24ep-214,6.47750423843584820e-65
9,122,0x1.f9f8dd0c86564p-216,0x1.bfc57ff30fd76p-497,0x1.f9f8dd0c86565p-216,1.87675491048140068e-65
9,123,0x1.251127574601ep-217,0x1.bfc57ff30fd76p-497,0x1.251127574601fp-217,5.43522971619534169e-66
9,124,0x1.5359c4a54372bp-219,0x1.bfc57ff30fd76p-497,0x1.5359c4a54372cp-219,1.57340192941019719e-66
9,125,0x1.88c62a500d77ep-221,0x1.bfc57ff30fd76p-497,0x1.88c62a500d77fp-221,4.55275014067470159e-67
9,126,0x1.c6699772d7719p-223,0x1.bfc57ff30fd76p-497,0x1.c6699772d771ap-223,1.31680431108149851e-67
9,127,0x1.06bfdd71221a4p-224,0x1.bfc57ff30fd76p-497,0x1.06bfdd71221a5p-224,3.80699984443547504e-68
9,128,0x1.2fb93ed6548b9p-226,0x1.bfc57ff30fd76p-497,0x1.2fb93ed6548bap-226,1.10016943469400887e-68
9,129,0x1.5ef04e333055cp-228,0x1.bfc57ff30fd76p-497,0x1.5ef04e333055dp-228,3.17798818229380526e-69
9,130,0x1.955295aa164a2p-230,0x1.bfc57ff30fd76p-497,0x1.955295aa164a3p-230,9.17617838640469530e-70
9,131,0x1.d3f0129ce3d08p-232,0x1.bfc57ff30fd76p-497,0x1.d3f0129ce3d09p-232,2.64843400052999720e-70
9,132,0x1.0e000a30177eap-233,0x1.bfc57ff30fd76p-497,0x1.0e000a30177ebp-233,7.64073362196320106e-71
9,133,0x1.37736347af183p-235,0x1.bfc57ff30fd76p-497,0x1.37736347af184p-235,2.20343585369880087e-71
9,134,0x1.671dbeff237b9p-237,0x1.bfc57ff30fd76p-497,0x1.671dbeff237bap-237,6.35164261642694431e-72
9,135,0x1.9de7f12176ecdp-239,0x1.bfc57ff30fd76p-497,0x1.9de7f12176ecep-239,1.83017583696436042e-72
9,136,0x1.dcdc089857807p-241,0x1.bfc57ff30fd76p-497,0x1.dcdc089857808p-241,5.27134601243597498e-73
9,137,0x1.1294f75a57b4bp-242,0x1.bfc57ff30fd76p-497,0x1.1294f75a57b4cp-242,1.51765476133268228e-73
9,138,0x1.3c16535b83e97p-244,0x1.bfc57ff30fd76p-497,0x1.3c16535b83e98p-244,4.36765187005349169e-74
9,139,0x1.6bb82159bbbc4p-246,0x1.bfc57ff30fd76p-497,0x1.6bb82159bbbc5p-246,1.25645633059826551e-74
9,140,0x1.a25c52d028cap-248,0x1.bfc57ff30fd76p-497,0x1.a25c52d028ca1p-248,3.61303299200807229e-75
9,141,0x1.e10496b40eba9p-250,0x1.bfc57ff30fd76p-497,0x1.e10496b40ebaap-250,1.03853796861022449e-75
9,142,0x1.146b58d0374dap-251,0x1.bfc57ff30fd76p-497,0x1.146b58d0374dbp-251,2.98400484172495815e-76
9,143,0x1.3d90b517f5cf7p-253,0x1.bfc57ff30fd76p-497,0x1.3d90b517f5cf8p-253,8.57045981510523673e-77
9,144,0x1.6cb10e5bb401dp-255,0x1.bfc57ff30fd76p-497,0x1.6cb10e5bb401ep-255,2.46057683363967977e-77
9,145,0x1.a2a585ff0ee2fp-257,0x1.bfc57ff30fd76p-497,0x1.a2a585ff0ee3p-257,7.06152811375046174e-78
9,146,0x1.e06543a2da314p-259,0x1.bfc57ff30fd76p-497,0x1.e06543a2da315p-259,2.02577004772486814e-78
9,147,0x1.1384c03fba9d8p-260,0x1.bfc57ff30fd76p-497,0x1.1384c03fba9d9p-260,5.80914236118679010e-79
9,148,0x1.3be90d3bf15abp-262,0x1.bfc57ff30fd76p-497,0x1.3be90d3bf15acp-262,1.66519476416277184e-79
9,149,0x1.6a1560187a6d6p-264,0x1.bfc57ff30fd76p-497,0x1.6a1560187a6d7p-264,4.77144487897310945e-80
9,150,0x1.9ed864cdc3b34p-266,0x1.bfc57ff30fd76p-497,0x1.9ed864cdc3b35p-266,1.36668160732014777e-80
9,151,0x1.db1ce9630abc3p-268,0x1.bfc57ff30fd76p-497,0x1.db1ce9630abc4p-268,3.91307392095517226e-81
9,152,0x1.0ff6cc5e2556fp-269,0x1.bfc57ff30fd76p-497,0x1.0ff6cc5e2557p-269,1.11996051202696980e-81
9,153,0x1.373c984778912p-271,0x1.bfc57ff30fd76p-497,0x1.373c984778913p-271,3.20421765995699848e-82
9,154,0x1.640ba0f661d4cp-273,0x1.bfc57ff30fd76p-497,0x1.640ba0f661d4dp-273,9.16382164419812823e-83
9,155,0x1.9726c6da7ad15p-275,0x1.bfc57ff30fd76p-497,0x1.9726c6da7ad16p-275,2.61979456066858663e-83
9,156,0x1.d16b082a53743p-277,0x1.bfc57ff30fd76p-497,0x1.d16b082a53744p-277,7.48677012082565881e-84
9,157,0x1.09e974a6144edp-278,0x1.bfc57ff30fd76p-497,0x1.09e974a6144eep-278,2.13874532055464480e-84
9,158,0x1.2fbd25fb8da69p-280,0x1.bfc57ff30fd76p-497,0x1.2fbd25fb8da6ap-280,6.10747374306608310e-85
9,159,0x1.5ad16159a867bp-282,0x1.bfc57ff30fd76p-497,0x1.5ad16159a867cp-282,1.74342292047455121e-85
9,160,0x1.8bdc3800a1fdcp-284,0x1.bfc57ff30fd76p-497,0x1.8bdc3800a1fddp-284,4.97488605684866616e-86
9,161,0x1.c3abc12169c4bp-286,0x1.bfc57ff30fd76p-497,0x1.c3abc12169c4cp-286,1.41906863402774762e-86
9,162,0x1.019497e22afedp-287,0x1.bfc57ff30fd76p-497,0x1.019497e22afeep-287,4.04635669551691473e-87
9,163,0x1.25ae25aaa2f1cp-289,0x1.bfc57ff30fd76p-497,0x1.25ae25aaa2f1dp-289,1.15336308502270822e-87
9,164,0x1.4eb7ab65cd15cp-291,0x1.bfc57ff30fd76p-497,0x1.4eb7ab65cd15dp-291,3.28631858209054564e-88
9,165,0x1.7d59b9e63f66ep-293,0x1.bfc57ff30fd76p-497,0x1.7d59b9e63f66fp-293,9.36042606218527009e-89
9,166,0x1.b252c85b857a5p-295,0x1.bfc57ff30fd76p-497,0x1.b252c85b857a6p-295,2.66516752010468686e-89
9,167,0x1.ee79f92420fb5p-297,0x1.bfc57ff30fd76p-497,0x1.ee79f92420fb6p-297,7.58572233729797147e-90
9,168,0x1.19611add7e8b9p-298,0x1.bfc57ff30fd76p-497,0x1.19611add7e8bap-298,2.15830837864399162e-90
9,169,0x1.401ed61227e73p-300,0x1.bfc57ff30fd76p-497,0x1.401ed61227e74p-300,6.13867667444558762e-91
9,170,0x1.6c10dcb8b1e45p-302,0x1.bfc57ff30fd76p-497,0x1.6c10dcb8b1e46p-302,1.74534509106770370e-91
9,171,0x1.9de5a72452912p-304,0x1.bfc57ff30fd76p-497,0x1.9de5a72452913p-304,4.96059438171192726e-92
9,172,0x1.d661ededa37d3p-306,0x1.bfc57ff30fd76p-497,0x1.d661ededa37d4p-306,1.40939443196820136e-92
9,173,0x1.0b31b6560096dp-307,0x1.bfc57ff30fd76p-497,0x1.0b31b6560096ep-307,4.00293348575382699e-93
9,174,0x1.2f71fcefd4277p-309,0x1.bfc57ff30fd76p-497,0x1.2f71fcefd4278p-309,1.13650602052056890e-93
9,175,0x1.587e7f01868c2p-311,0x1.bfc57ff30fd76p-497,0x1.587e7f01868c3p-311,3.22562000296614243e-94
9,176,0x1.86f5aa6d66379p-313,0x1.bfc57ff30fd76p-497,0x1.86f5aa6d6637ap-313,9.15173231836324724e-95
9,177,0x1.bb89d2ae0e69dp-315,0x1.bfc57ff30fd76p-497,0x1.bb89d2ae0e69ep-315,2.59562887971274585e-95
9,178,0x1.f7039ef291707p-317,0x1.bfc57ff30fd76p-497,0x1.f7039ef291708p-317,7.35921695154374213e-96
9,179,0x1.1d2261032c6c1p-318,0x1.bfc57ff30fd76p-497,0x1.1d2261032c6c2p-318,2.08579136949181992e-96
9,180,0x1.43258240f5b4cp-320,0x1.bfc57ff30fd76p-497,0x1.43258240f5b4dp-320,5.90963834375304866e-97
9,181,0x1.6e19d559e4e37p-322,0x1.bfc57ff30fd76p-497,0x1.6e19d559e4e38p-322,1.67379490417814514e-97
9,182,0x1.9e9fa05e4cfbdp-324,0x1.bfc57ff30fd76p-497,0x1.9e9fa05e4cfbep-324,4.73909479236935559e-98
9,183,0x1.d56aec414ff23p-326,0x1.bfc57ff30fd76p-497,0x1.d56aec414ff24p-326,1.34134618790017656e-98
9,184,0x1.09a2f19a3dd61p-327,0x1.bfc57ff30fd76p-497,0x1.09a2f19a3dd62p-327,3.79523961364828026e-99
9,185,0x1.2c89bac89c58bp-329,0x1.bfc57ff30fd76p-497,0x1.2c89bac89c58cp-329,1.07347234953165351e-99
9,186,0x1.53e926a27c68fp-331,0x1.bfc57ff30fd76p-497,0x1.53e926a27c69p-331,3.03526325449383907e-100
9,187,0x1.80500c49a6891p-333,0x1.bfc57ff30fd76p-497,0x1.80500c49a6892p-333,8.57938586166069011e-101
9,188,0x1.b25e9afb5667p-335,0x1.bfc57ff30fd76p-497,0x1.b25e9afb56671p-335,2.42421348376535113e-101
9,189,0x1.eac865fc0fe4p-337,0x1.bfc57ff30fd76p-497,0x1.eac865fc0fe41p-337,6.84763866334266337e-102
9,190,0x1.152b564071634p-338,0x1.bfc57ff30fd76p-497,0x1.152b564071635p-338,1.93359984027586043e-102
9,191,0x1.38f5721ece8fdp-340,0x1.bfc57ff30fd76p-497,0x1.38f5721ece8fep-340,5.45818986601980533e-103
9,192,0x1.6140c6fb0f4f2p-342,0x1.bfc57ff30fd76p-497,0x1.6140c6fb0f4f3p-342,1.54023653531646132e-103
9,193,0x1.8e9aae1d4a6cbp-344,0x1.bfc57ff30fd76p-497,0x1.8e9aae1d4a6ccp-344,4.34493633979247074e-104
9,194,0x1.c1a15aaa65327p-346,0x1.bfc57ff30fd76p-497,0x1.c1a15aaa65328p-346,1.22528493848487649e-104
9,195,0x1.fb05cd30f3dffp-348,0x1.bfc57ff30fd76p-497,0x1.fb05cd30f3ep-348,3.45421141392786285e-105
9,196,0x1.1dc6ffa89511fp-349,0x1.bfc57ff30fd76p-497,0x1.1dc6ffa89512p-349,9.73462744548481580e-106
9,197,0x1.420ba6ccd178bp-351,0x1.bfc57ff30fd76p-497,0x1.420ba6ccd178cp-351,2.74251372982762399e-106
9,198,0x1.6acc932b6c724p-353,0x1.bfc57ff30fd76p-497,0x1.6acc932b6c725p-353,7.72392042816920625e-107
9,199,0x1.98940263eb1ffp-355,0x1.bfc57ff30fd76p-497,0x1.98940263eb2p-355,2.17463675382146940e-107
9,200,0x1.cbfc6078c6ac2p-357,0x1.bfc57ff30fd76p-497,0x1.cbfc6078c6ac3p-357,6.12062894899803559e-108
9,201,0x1.02d90f494c25ep-358,0x1.bfc57ff30fd76p-497,0x1.02d90f494c25fp-358,1.72213112213260594e-108
9,202,0x1.233adecfad25bp-360,0x1.bfc57ff30fd76p-497,0x1.233adecfad25cp-360,4.84392767112001997e-109
9,203,0x1.478f092a6109ap-362,0x1.bfc57ff30fd76p-497,0x1.478f092a6109bp-362,1.36204290325625155e-109
9,204,0x1.704d645727672p-364,0x1.bfc57ff30fd76p-497,0x1.704d645727673p-364,3.82865345423922849e-110
9,205,0x1.9dfb96cfd72d1p-366,0x1.bfc57ff30fd76p-497,0x1.9dfb96cfd72d2p-366,1.07588013240394456e-110
9,206,0x1.d12ea331f5d62p-368,0x1.bfc57ff30fd76p-497,0x1.d12ea331f5d63p-368,3.02234959528484150e-111
9,207,0x1.05464f64bd46cp-369,0x1.bfc57ff30fd76p-497,0x1.05464f64bd46dp-369,8.48767824124538759e-112
9,208,0x1.25674bbec44f6p-371,0x1.bfc57ff30fd76p-497,0x1.25674bbec44f7p-371,2.38285125334855613e-112
9,209,0x1.4961570925bb7p-373,0x1.bfc57ff30fd76p-497,0x1.4961570925bb8p-373,6.68758301631891584e-113
9,210,0x1.71a7351966642p-375,0x1.bfc57ff30fd76p-497,0x1.71a7351966643p-375,1.87631640956191600e-113
9,211,0x1.9eb8a720d780fp-377,0x1.bfc57ff30fd76p-497,0x1.9eb8a720d781p-377,5.26269269270415321e-114
9,212,0x1.d123d8c4a65c9p-379,0x1.bfc57ff30fd76p-497,0x1.d123d8c4a65cap-379,1.47562291641715035e-114
9,213,0x1.04c37a0306d0bp-380,0x1.bfc57ff30fd76p-497,0x1.04c37a0306d0cp-380,4.13626750378715230e-115
9,214,0x1.2448effbac0b4p-382,0x1.bfc57ff30fd76p-497,0x1.2448effbac0b5p-382,1.15906579094344902e-115
9,215,0x1.4784174fbb0aap-384,0x1.bfc57ff30fd76p-497,0x1.4784174fbb0abp-384,3.24693949148173892e-116
9,216,0x1.6ee19f6e49a2ap-386,0x1.bfc57ff30fd76p-497,0x1.6ee19f6e49a2bp-386,9.09300292485528141e-117
9,217,0x1.9ada4bc7a4489p-388,0x1.bfc57ff30fd76p-497,0x1.9ada4bc7a448ap-388,2.54570386728422759e-117
9,218,0x1.cbf440ee51f81p-390,0x1.bfc57ff30fd76p-497,0x1.cbf440ee51f82p-390,7.12485835969140276e-118
9,219,0x1.01623a39963d6p-391,0x1.bfc57ff30fd76p-497,0x1.01623a39963d7p-391,1.99348407856560121e-118
9,220,0x1.1ff8217dc82edp-393,0x1.bfc57ff30fd76p-497,0x1.1ff8217dc82eep-393,5.57593716008951795e-119
9,221,0x1.42179833b5f7fp-395,0x1.bfc57ff30fd76p-497,0x1.42179833b5f8p-395,1.55916439817381367e-119
9,222,0x1.68266b1de4ba1p-397,0x1.bfc57ff30fd76p-497,0x1.68266b1de4ba2p-397,4.35848205266254866e-120
9,223,0x1.929582770951ep-399,0x1.bfc57ff30fd76p-497,0x1.929582770951fp-399,1.21800283484147694e-120
9,224,0x1.c1e20e8ebf7d5p-401,0x1.bfc57ff30fd76p-497,0x1.c1e20e8ebf7d6p-401,3.40276055183943035e-121
9,225,0x1.f696d321dda65p-403,0x1.bfc57ff30fd76p-497,0x1.f696d321dda66p-403,9.50352887749438494e-122
9,226,0x1.18a6ca3b330c2p-404,0x1.bfc57ff30fd76p-497,0x1.18a6ca3b330c3p-404,2.65343950204351134e-122
9,227,0x1.395854c65cd05p-406,0x1.bfc57ff30fd76p-497,0x1.395854c65cd06p-406,7.40635670321534187e-123
9,228,0x1.5dbe5b840263cp-408,0x1.bfc57ff30fd76p-497,0x1.5dbe5b840263dp-408,2.06667202049552247e-123
9,229,0x1.86414b63bf4ffp-410,0x1.bfc57ff30fd76p-497,0x1.86414b63bf5p-410,5.76514654898060193e-124
9,230,0x1.b354b844cc004p-412,0x1.bfc57ff30fd76p-497,0x1.b354b844cc005p-412,1.60776049215043705e-124
9,231,0x1.e578842d2c0b7p-414,0x1.bfc57ff30fd76p-497,0x1.e578842d2c0b8p-414,4.48234120991028712e-125
9,232,0x1.0e9d11ffe5acdp-415,0x1.bfc57ff30fd76p-497,0x1.0e9d11ffe5acep-415,1.24928458766340673e-125
9,233,0x1.2d9b024455de5p-417,0x1.bfc57ff30fd76p-497,0x1.2d9b024455de6p-417,3.48089645418883218e-126
9,234,0x1.500c897cc79d3p-419,0x1.bfc57ff30fd76p-497,0x1.500c897cc79d4p-419,9.69604056636429650e-127
9,235,0x1.7651361d62993p-421,0x1.bfc57ff30fd76p-497,0x1.7651361d62994p-421,2.70004921805006430e-127
9,236,0x1.a0d29b61bcff6p-423,0x1.bfc57ff30fd76p-497,0x1.a0d29b61bcff7p-423,7.51663071013819248e-128
9,237,0x1.d0055581ce338p-425,0x1.bfc57ff30fd76p-497,0x1.d0055581ce339p-425,2.09194065275784566e-128
9,238,0x1.023513b1eedc8p-426,0x1.bfc57ff30fd76p-497,0x1.023513b1eedc9p-426,5.82036809866256682e-129
9,239,0x1.1f479a19719fdp-428,0x1.bfc57ff30fd76p-497,0x1.1f479a19719fep-428,1.61892534324204625e-129
9,240,0x1.3f88abbc43555p-430,0x1.bfc57ff30fd76p-497,0x1.3f88abbc43556p-430,4.50172331809592589e-130
9,241,0x1.634ecf4b3b803p-432,0x1.bfc57ff30fd76p-497,0x1.634ecf4b3b804p-432,1.25143043018044493e-130
9,242,0x1.8af9735e4a921p-434,0x1.bfc57ff30fd76p-497,0x1.8af9735e4a922p-434,3.47785028774821709e-131
9,243,0x1.b6f1d1606b746p-436,0x1.bfc57ff30fd76p-497,0x1.b6f1d1606b747p-436,9.66254738855568218e-132
9,244,0x1.e7abe645a5da9p-438,0x1.bfc57ff30fd76p-497,0x1.e7abe645a5daap-438,2.68379471881018660e-132
9,245,0x1.0ed3c18732f4ap-439,0x1.bfc57ff30fd76p-497,0x1.0ed3c18732f4bp-439,7.45219435074111933e-133
9,246,0x1.2cb8bba487633p-441,0x1.bfc57ff30fd76p-497,0x1.2cb8bba487634p-441,2.06869559331524211e-133
9,247,0x1.4dd26bfa16a9ep-443,0x1.bfc57ff30fd76p-497,0x1.4dd26bfa16a9fp-443,5.74099089898486193e-134
9,248,0x1.727632aca9742p-445,0x1.bfc57ff30fd76p-497,0x1.727632aca9745p-445,1.59277816018405432e-134
9,249,0x1.9b02095966d59p-447,0x1.bfc57ff30fd76p-497,0x1.9b02095966d61p-447,4.41776083515997135e-135
9,250,0x1.c7dd5956b9e72p-449,0x1.bfc57ff30fd76p-497,0x1.c7dd5956b9e8fp-449,1.22497688129815008e-135
9,251,0x1.f979e60dfcf97p-451,0x1.bfc57ff30fd76p-497,0x1.f979e60dfd008p-451,3.39572626258201929e-136
9,252,0x1.182a669ecd697p-452,0x1.bfc57ff30fd76p-497,0x1.182a669ecd778p-452,9.41058990466820459e-137
9,253,0x1.367bcf8dacbfep-454,0x1.bfc57ff30fd76p-497,0x1.367bcf8dacf7fp-454,2.60723824811077399e-137
9,254,0x1.57fcc83ce5b43p-456,0x1.bfc57ff30fd76p-497,0x1.57fcc83ce6942p-456,7.22145293720451232e-138
9,255,0x1.7d0064a15df9bp-458,0x1.bfc57ff30fd76p-497,0x1.7d0064a161795p-458,1.99962586895941045e-138
9,256,0x1.a5e1e8e58aa8fp-460,0x1.bfc57ff30fd76p-497,0x1.a5e1e8e598a73p-460,5.53545722277621718e-139
9,257,0x1.d30590ddc0c83p-462,0x1.bfc57ff30fd76p-497,0x1.d30590ddf8c0fp-462,1.53193076200730262e-139
9,258,0x1.026cb4e10e79ep-463,0x1.bfc57ff30fd76p-497,0x1.026cb4e17e6b5p-463,4.23843916314567621e-140
9,259,0x1.1deb1fe498adfp-465,0x1.bfc57ff30fd76p-497,0x1.1deb1fe658738p-465,1.17234177302868559e-140
9,260,0x1.3c4050b0906p-467,0x1.bfc57ff30fd76p-497,0x1.3c4050b78f761p-467,3.24178557289288718e-141
9,261,0x1.5db4fcf4df425p-469,0x1.bfc57ff30fd76p-497,0x1.5db4fd10db9a6p-469,8.96182330746758220e-142
9,262,0x1.8298e2fca1d03p-471,0x1.bfc57ff30fd76p-497,0x1.8298e36c93304p-471,2.47679922956995588e-142
9,263,0x1.ab4371adced5ep-473,0x1.bfc57ff30fd76p-497,0x1.ab43736d9455ep-473,6.84333592465249461e-143
9,264,0x1.d8147f8c43e91p-475,0x1.bfc57ff30fd76p-497,0x1.d814868b59e8fp-475,1.89028748782444573e-143
9,265,0x1.04ba88ee55c13p-476,0x1.bfc57ff30fd76p-497,0x1.04ba96ec81c0ep-476,5.22000853874174138e-144
9,266,0x1.1fec1a4eb6ff2p-478,0x1.bfc57ff30fd76p-497,0x1.1fec524766fd9p-478,1.44111508059855914e-144
9,267,0x1.3dddf125f2eddp-480,0x1.bfc57ff30fd76p-497,0x1.3dded108b2e76p-480,3.97751817788881102e-145
9,268,0x1.5ed4f9dc9dd6p-482,0x1.bfc57ff30fd76p-497,0x1.5ed879679dbc3p-482,1.09753445275549853e-145
9,269,0x1.831c7bcb4fe39p-484,0x1.bfc57ff30fd76p-497,0x1.832a79f74f7c2p-484,3.02788418194952154e-146
9,270,0x1.ab063c5f43ddep-486,0x1.bfc57ff30fd76p-497,0x1.ab3e350f423ffp-486,8.35328107499956309e-147
9,271,0x1.d6e9800777b27p-488,0x1.bfc57ff30fd76p-497,0x1.d7c962c7713a7p-488,2.30604517461967029e-147
9,272,0x1.038ef61d96963p-489,0x1.bfc57ff30fd76p-497,0x1.054ebb9d89a61p-489,6.38622349934532503e-148
9,273,0x1.1df403abf5597p-491,0x1.bfc57ff30fd76p-497,0x1.24f319abc198ep-491,1.78988483531746528e-148
9,274,0x1.3a9a8863aa35p-493,0x1.bfc57ff30fd76p-497,0x1.5696e062db328p-493,5.23294348884975329e-149
9,275,0x1.58dc21adceeb1p-495,0x1.bfc57ff30fd76p-497,0x1.c8cd81aa92e0fp-495,1.74437920232795956e-149
9,276,0x1.760f3ab21b35fp-497,0x1.bfc57ff30fd76p-497,0x1.9aea5d529586bp-496,7.84575413751720738e-150
9,277,0x1.896f4fb7ec1fp-499,0x1.bfc57ff30fd76p-497,0x1.1110a9f0856fap-496,5.21372801516646320e-150
9,278,0x1.79c633032f4f7p-501,0x1.bfc57ff30fd76p-497,0x1.d761e32342cc6p-497,4.50013484259785895e-150
9,279,0x1.0c3683ada5676p-503,0x1.bfc57ff30fd76p-497,0x1.c3f65a01c66d1p-497,4.31473780778127759e-150
9,280,0x0p+0,0x1.bfc57ff30fd76p-497,0x1.bfc57ff30fd76p-497,4.27472933687344078e-150
10,0,0x1.2925a7ca4bf88p-4,0x1.612975908f24ep-482,0x1.2925a7ca4bf89p-4,7.25456766419921989e-02
10,1,0x1.a936fbaeaed8fp-6,0x1.612975908f24ep-482,0x1.a936fbaeaed9p-6,2.59530504069807599e-02
10,2,0x1.21f80dab8385fp-7,0x1.612975908f24ep-482,0x1.21f80dab8386p-7,8.84915034751204699e-03
10,3,0x1.7ed1e4307f5b2p-9,0x1.612975908f24ep-482,0x1.7ed1e4307f5b3p-9,2.92068396106400776e-03
10,4,0x1.eff53f73fcd07p-11,0x1.612975908f24ep-482,0x1.eff53f73fcd08p-11,9.45964812216011121e-04
10,5,0x1.3e9b00ca3b209p-12,0x1.612975908f24ep-482,0x1.3e9b00ca3b20ap-12,3.03845864108948636e-04
10,6,0x1.98b0f90405d97p-14,0x1.612975908f24ep-482,0x1.98b0f90405d98p-14,9.74395989604609275e-05
10,7,0x1.0686f070c464dp-15,0x1.612975908f24ep-482,0x1.0686f070c464ep-15,3.12956698335196693e-05
10,8,0x1.51feaed216fefp-17,0x1.612975908f24ep-482,0x1.51feaed216ffp-17,1.00730316356309197e-05
10,9,0x1.b3c8be17a55e1p-19,0x1.612975908f24ep-482,0x1.b3c8be17a55e2p-19,3.24684493675329810e-06
10,10,0x1.190ba0288c311p-20,0x1.612975908f24ep-482,0x1.190ba0288c312p-20,1.04697574888570890e-06
10,11,0x1.6a536e19e69ap-22,0x1.612975908f24ep-482,0x1.6a536e19e69a1p-22,3.37442288883593084e-07
10,12,0x1.d29bd583d4ceap-24,0x1.612975908f24ep-482,0x1.d29bd583d4cebp-24,1.08640810179018149e-07
10,13,0x1.2c0786754da5ep-25,0x1.612975908f24ep-482,0x1.2c0786754da5fp-25,3.49280186253083745e-08
10,14,0x1.813c5f83af3adp-27,0x1.612975908f24ep-482,0x1.813c5f83af3aep-27,1.12118383530168885e-08
10,15,0x1.edd898aab5159p-29,0x1.612975908f24ep-482,0x1.edd898aab515ap-29,3.59320314245188730e-09
10,16,0x1.3c08ae5ad884bp-30,0x1.612975908f24ep-482,0x1.3c08ae5ad884cp-30,1.14972466851805460e-09
10,17,0x1.93dc425253c3fp-32,0x1.612975908f24ep-482,0x1.93dc425253c4p-32,3.67308882220788474e-10
10,18,0x1.01a961c15767bp-33,0x1.612975908f24ep-482,0x1.01a961c15767cp-33,1.17170951796918475e-10
10,19,0x1.484e391c1ba46p-35,0x1.612975908f24ep-482,0x1.484e391c1ba47p-35,3.73240208007635600e-11
10,20,0x1.a1c01c203bad3p-37,0x1.612975908f24ep-482,0x1.a1c01c203bad4p-37,1.18731813122206222e-11
10,21,0x1.09708c4368afp-38,0x1.612975908f24ep-482,0x1.09708c4368af1p-38,3.77212416322483869e-12
10,22,0x1.50e8e135b9d13p-40,0x1.612975908f24ep-482,0x1.50e8e135b9d14p-40,1.19694365149971282e-12
10,23,0x1.ab206eba82041p-42,0x1.612975908f24ep-482,0x1.ab206eba82042p-42,3.79364708166047871e-13
10,24,0x1.0e73a44ff9749p-43,0x1.612975908f24ep-482,0x1.0e73a44ff974ap-43,1.20104693283386726e-13
10,25,0x1.5621f85d29feap-45,0x1.612975908f24ep-482,0x1.5621f85d29febp-45,3.79843596557069182e-14
10,26,0x1.b06010182f9dbp-47,0x1.612975908f24ep-482,0x1.b06010182f9dcp-47,1.20008238230835115e-14
10,27,0x1.10f20e7b3fa53p-48,0x1.612975908f24ep-482,0x1.10f20e7b3fa54p-48,3.78788019657678730e-15
10,28,0x1.584876e96c971p-50,0x1.612975908f24ep-482,0x1.584876e96c972p-50,1.19447182856625549e-15
10,29,0x1.b1dfc3bd62cbbp-52,0x1.612975908f24ep-482,0x1.b1dfc3bd62cbcp-52,3.76325776532463396e-16
10,30,0x1.11269cc4bfa37p-53,0x1.612975908f24ep-482,0x1.11269cc4bfa38p-53,1.18460289146644690e-16
10,31,0x1.57a3bcce59ebap-55,0x1.612975908f24ep-482,0x1.57a3bcce59ebbp-55,3.72574800548780623e-17
10,32,0x1.aff652a3c8d8fp-57,0x1.612975908f24ep-482,0x1.aff652a3c8d9p-57,1.17083588506727244e-17
10,33,0x1.0f464e29bc28dp-58,0x1.612975908f24ep-482,0x1.0f464e29bc28ep-58,3.67645679217409209e-18
10,34,0x1.5474e213ba418p-60,0x1.612975908f24ep-482,0x1.5474e213ba419p-60,1.15351174339284879e-18
10,35,0x1.aaf42d2a11113p-62,0x1.612975908f24ep-482,0x1.aaf42d2a11114p-62,3.61643947543375962e-19
10,36,0x1.0b83203b06a1fp-63,0x1.612975908f24ep-482,0x1.0b83203b06a2p-63,1.13295828064114562e-19
10,37,0x1.4efa5bebb8838p-65,0x1.612975908f24ep-482,0x1.4efa5bebb8839p-65,3.54671716304724729e-20
10,38,0x1.a327b2b0ed12bp-67,0x1.612975908f24ep-482,0x1.a327b2b0ed12cp-67,1.10949423313647646e-20
10,39,0x1.060e699f890b1p-68,0x1.612975908f24ep-482,0x1.060e699f890b2p-68,3.46828624129058994e-21
10,40,0x1.477270cf8bbc9p-70,0x1.612975908f24ep-482,0x1.477270cf8bbcap-70,1.08343135217164008e-21
10,41,0x1.98df9f1292d4dp-72,0x1.612975908f24ep-482,0x1.98df9f1292d4ep-72,3.38212249561241532e-22
10,42,0x1.fe33f6e1ede93p-74,0x1.612975908f24ep-482,0x1.fe33f6e1ede94p-74,1.05507504596350152e-22
10,43,0x1.3e1c3015a64f8p-75,0x1.612975908f24ep-482,0x1.3e1c3015a64f9p-75,3.28918143229932786e-23
10,44,0x1.8c6bc12421dbap-77,0x1.612975908f24ep-482,0x1.8c6bc12421dbbp-77,1.02472405000495370e-23
10,45,0x1.edb09cfdb336fp-79,0x1.612975908f24ep-482,0x1.edb09cfdb337p-79,3.19039617316383491e-24
10,46,0x1.33376189fc45p-80,0x1.612975908f24ep-482,0x1.33376189fc451p-80,9.92669506850935473e-25
10,47,0x1.7e1c9a382a9b1p-82,0x1.612975908f24ep-482,0x1.7e1c9a382a9b2p-82,3.08667395895745899e-25
10,48,0x1.daf840462b1acp-84,0x1.612975908f24ep-482,0x1.daf840462b1adp-84,9.59193732474806983e-26
10,49,0x1.2703e26e52f0cp-85,0x1.612975908f24ep-482,0x1.2703e26e52f0dp-85,2.97889199446255268e-26
10,50,0x1.6e426bf8819dep-87,0x1.612975908f24ep-482,0x1.6e426bf8819dfp-87,9.24568861322812015e-27
10,51,0x1.c66f9108df213p-89,0x1.612975908f24ep-482,0x1.c66f9108df214p-89,2.86789313535692250e-27
10,52,0x1.19c0c04ed25dbp-90,0x1.612975908f24ep-482,0x1.19c0c04ed25dcp-90,8.89055499472535545e-28
10,53,0x1.5d2c0b194f04cp-92,0x1.612975908f24ep-482,0x1.5d2c0b194f04dp-92,2.75448174987909470e-28
10,54,0x1.b078f0d371a46p-94,0x1.612975908f24ep-482,0x1.b078f0d371a47p-94,8.52901471104402878e-29
10,55,0x1.0bab42987cfep-95,0x1.612975908f24ep-482,0x1.0bab42987cfe1p-95,2.63941997178574621e-29
10,56,0x1.4b25aa972a991p-97,0x1.612975908f24ep-482,0x1.4b25aa972a992p-97,8.16340712778870206e-30
10,57,0x1.9972f3b653d6cp-99,0x1.612975908f24ep-482,0x1.9972f3b653d6dp-99,2.52342447997149051e-30
10,58,0x1.f9fbff32afba1p-101,0x1.612975908f24ep-482,0x1.f9fbff32afba2p-101,7.79592348508575012e-31
10,59,0x1.3877bd972ca7dp-102,0x1.612975908f24ep-482,0x1.3877bd972ca7ep-102,2.40716388284474285e-31
10,60,0x1.81b706a8d2c8ep-104,0x1.612975908f24ep-482,0x1.81b706a8d2c8fp-104,7.42859963276894907e-32
10,61,0x1.dbe01ab9fc341p-106,0x1.612975908f24ep-482,0x1.dbe01ab9fc342p-106,2.29125674426663599e-32
10,62,0x1.256600faa9579p-107,0x1.612975908f24ep-482,0x1.256600faa957ap-107,7.06331081490256438e-33
10,63,0x1.69984c9e252fep-109,0x1.612975908f24ep-482,0x1.69984c9e252ffp-109,2.17627025756788894e-33
10,64,0x1.bd68aea177e7bp-111,0x1.612975908f24ep-482,0x1.bd68aea177e7cp-111,6.70176848615870572e-34
10,65,0x1.122eb589fc657p-112,0x1.612975908f24ep-482,0x1.122eb589fc658p-112,2.06271955176144293e-34
10,66,0x1.5162bae7c903fp-114,0x1.612975908f24ep-482,0x1.5162bae7c904p-114,6.34551908175491781e-35
10,67,0x1.9ef239598a01ep-116,0x1.612975908f24ep-482,0x1.9ef239598a01fp-116,1.95106759761939161e-35
10,68,0x1.fe141c4a3fe39p-118,0x1.612975908f24ep-482,0x1.fe141c4a3fe3ap-118,5.99594461843184447e-36
10,69,0x1.395a7770c4b97p-119,0x1.612975908f24ep-482,0x1.395a7770c4b98p-119,1.84172566949510493e-36
10,70,0x1.80cf307d39c83p-121,0x1.612975908f24ep-482,0x1.80cf307d39c84p-121,5.65426497290874971e-37
10,71,0x1.d853a3457708fp-123,0x1.612975908f24ep-482,0x1.d853a3457709p-123,1.73505431072921844e-37
10,72,0x1.21bb77274cf97p-124,0x1.612975908f24ep-482,0x1.21bb77274cf98p-124,5.32154166387716310e-38
10,73,0x1.63479fb07c6d1p-126,0x1.612975908f24ep-482,0x1.63479fb07c6d2p-126,1.63136474547417335e-38
10,74,0x1.b3725ad6a7dbep-128,0x1.612975908f24ep-482,0x1.b3725ad6a7dbfp-128,4.99868295186974255e-39
10,75,0x1.0ab95808ca386p-129,0x1.612975908f24ep-482,0x1.0ab95808ca387p-129,1.53092067722971405e-39
10,76,0x1.469910247bb57p-131,0x1.612975908f24ep-482,0x1.469910247bb58p-131,4.68645006659906175e-40
10,77,0x1.8fb9684864003p-133,0x1.612975908f24ep-482,0x1.8fb9684864004p-133,1.43394041381260282e-40
10,78,0x1.e8fee0cd4d557p-135,0x1.612975908f24ep-482,0x1.e8fee0cd4d558p-135,4.38546437217647238e-41
10,79,0x1.2af6b020920b3p-136,0x1.612975908f24ep-482,0x1.2af6b020920b4p-136,1.34059925947194623e-41
10,80,0x1.6d65056359228p-138,0x1.612975908f24ep-482,0x1.6d65056359229p-138,4.09621528577477809e-42
10,81,0x1.be6217cc7e0d4p-140,0x1.612975908f24ep-482,0x1.be6217cc7e0d5p-140,1.25103211705190165e-42
10,82,0x1.1089b0d9d9426p-141,0x1.612975908f24ep-482,0x1.1089b0d9d9427p-141,3.81906877375930798e-43
10,83,0x1.4ca50aa5d27bbp-143,0x1.612975908f24ep-482,0x1.4ca50aa5d27bcp-143,1.16533624619491720e-43
10,84,0x1.95d39c89b6f31p-145,0x1.612975908f24ep-482,0x1.95d39c89b6f32p-145,3.55427626020634920e-44
10,85,0x1.eee3a0ff9486bp-147,0x1.612975908f24ep-482,0x1.eee3a0ff9486cp-147,1.08357412732031929e-44
10,86,0x1.2d9dacf25b08bp-148,0x1.612975908f24ep-482,0x1.2d9dacf25b08cp-148,3.30198379533062216e-45
10,87,0x1.6f7c67c64aaf3p-150,0x1.612975908f24ep-482,0x1.6f7c67c64aaf4p-150,1.00577638529508777e-45
10,88,0x1.bf8c0d0a2a8d9p-152,0x1.612975908f24ep-482,0x1.bf8c0d0a2a8dap-152,3.06224134505626623e-46
10,89,0x1.1068624f80239p-153,0x1.612975908f24ep-482,0x1.1068624f8023ap-153,9.31944731165063824e-47
10,90,0x1.4b7850d572ec6p-155,0x1.612975908f24ep-482,0x1.4b7850d572ec7p-155,2.83501207729594017e-47
10,91,0x1.932a91577938cp-157,0x1.612975908f24ep-482,0x1.932a91577938dp-157,8.62054884895931748e-48
10,92,0x1.ea29c4265d18dp-159,0x1.612975908f24ep-482,0x1.ea29c4265d18ep-159,2.62018153505586728e-48
10,93,0x1.29d758d62b1bfp-160,0x1.612975908f24ep-482,0x1.29d758d62b1cp-160,7.96059446670824927e-49
10,94,0x1.69cec03a77bc7p-162,0x1.612975908f24ep-482,0x1.69cec03a77bc8p-162,2.41756660093935431e-49
10,95,0x1.b7546bba29bc1p-164,0x1.612975908f24ep-482,0x1.b7546bba29bc2p-164,7.33890688816135675e-50
10,96,0x1.0a9f06fa8840dp-165,0x1.612975908f24ep-482,0x1.0a9f06fa8840ep-165,2.22692417172559033e-50
10,97,0x1.437b8d87e5138p-167,0x1.612975908f24ep-482,0x1.437b8d87e5139p-167,6.75463244806983696e-51
10,98,0x1.884fa3f3c6958p-169,0x1.612975908f24ep-482,0x1.884fa3f3c6959p-169,2.04795947525495154e-51
10,99,0x1.db97951e96123p-171,0x1.612975908f24ep-482,0x1.db97951e96124p-171,6.20676675984234631e-52
10,100,0x1.20290c3fc7ba2p-172,0x1.612975908f24ep-482,0x1.20290c3fc7ba3p-172,1.88033397470277781e-52
10,101,0x1.5d0d5a2fe1809p-174,0x1.612975908f24ep-482,0x1.5d0d5a2fe180ap-174,5.69417900553427976e-53
10,102,0x1.a6a4b242bbb06p-176,0x1.612975908f24ep-482,0x1.a6a4b242bbb07p-176,1.72367281735799548e-53
10,103,0x1.ff8c477f35d69p-178,0x1.612975908f24ep-482,0x1.ff8c477f35d6ap-178,5.21563473101643484e-54
10,104,0x1.3574a11826b41p-179,0x1.612975908f24ep-482,0x1.3574a11826b42p-179,1.57757179615569269e-54
10,105,0x1.7642019b03bcdp-181,0x1.612975908f24ep-482,0x1.7642019b03bcep-181,4.76981706240036677e-55
10,106,0x1.c474665567beep-183,0x1.612975908f24ep-482,0x1.c474665567befp-183,1.44160380239292831e-55
10,107,0x1.1163b76c8ee26p-184,0x1.612975908f24ep-482,0x1.1163b76c8ee27p-184,4.35534629043457238e-56
10,108,0x1.4a41d0d2f992ep-186,0x1.612975908f24ep-482,0x1.4a41d0d2f992fp-186,1.31532475724986972e-56
10,109,0x1.8ecd377c37bc6p-188,0x1.612975908f24ep-482,0x1.8ecd377c37bc7p-188,3.97079779708621132e-57
10,110,0x1.e163d95bfae95p-190,0x1.612975908f24ep-482,0x1.e163d95bfae96p-190,1.19827901793601073e-57
10,111,0x1.226e7184119f9p-191,0x1.612975908f24ep-482,0x1.226e7184119fap-191,3.61471832287109169e-58
10,112,0x1.5e50595756754p-193,0x1.612975908f24ep-482,0x1.5e50595756755p-193,1.09000426148819428e-58
10,113,0x1.a662bb4023c13p-195,0x1.612975908f24ep-482,0x1.a662bb4023c14p-195,3.28564059474483439e-59
10,114,0x1.fd18ae53fb585p-197,0x1.612975908f24ep-482,0x1.fd18ae53fb586p-197,9.90035855485026731e-60
10,115,0x1.32b0d9a7d467dp-198,0x1.612975908f24ep-482,0x1.32b0d9a7d467ep-198,2.98209635259772884e-60
10,116,0x1.71610966367acp-200,0x1.612975908f24ep-482,0x1.71610966367adp-200,8.97910730245048586e-61
10,117,0x1.bcb7f8d6b924fp-202,0x1.612975908f24ep-482,0x1.bcb7f8d6b925p-202,2.70262782773550692e-61
10,118,0x1.0b9d808122cc7p-203,0x1.612975908f24ep-482,0x1.0b9d808122cc8p-203,8.13170771485934987e-62
10,119,0x1.41f73883f546ap-205,0x1.612975908f24ep-482,0x1.41f73883f546bp-205,2.44579773932415310e-62
10,120,0x1.83371b999259dp-207,0x1.612975908f24ep-482,0x1.83371b999259ep-207,7.35365755992755011e-63
10,121,0x1.d185a25ab2c36p-209,0x1.612975908f24ep-482,0x1.d185a25ab2c37p-209,2.21019788480615429e-63
10,122,0x1.17bba44d7b2aep-210,0x1.612975908f24ep-482,0x1.17bba44d7b2afp-210,6.64055855630858557e-64
10,123,0x1.5010b39058607p-212,0x1.612975908f24ep-482,0x1.5010b39058608p-212,1.99445640795049052e-64
10,124,0x1.939983580ee76p-214,0x1.612975908f24ep-482,0x1.939983580ee77p-214,5.98813737108482120e-65
10,125,0x1.e48935ec1b67p-216,0x1.612975908f24ep-482,0x1.e48935ec1b671p-216,1.79724383368042691e-65
10,126,0x1.22c00f9fd456ep-217,0x1.612975908f24ep-482,0x1.22c00f9fd456fp-217,5.39226286309160976e-66
10,127,0x1.5cd05690cd783p-219,0x1.612975908f24ep-482,0x1.5cd05690cd784p-219,1.61727796234747490e-66
10,128,0x1.a25421a26df7dp-221,0x1.612975908f24ep-482,0x1.a25421a26df7ep-221,4.84895986843823479e-67
10,129,0x1.f5866400136ffp-223,0x1.612975908f24ep-482,0x1.f5866400137p-223,1.45332771789461670e-67
10,130,0x1.2c87f05ccf6b5p-224,0x1.612975908f24ep-482,0x1.2c87f05ccf6b6p-224,4.35441982783166533e-68
10,131,0x1.680e02f8d383ap-226,0x1.612975908f24ep-482,0x1.680e02f8d383bp-226,1.30421604459648460e-68
10,132,0x1.af38d8af21f3dp-228,0x1.612975908f24ep-482,0x1.af38d8af21f3ep-228,3.90500855390101343e-69
10,133,0x1.022425e249277p-229,0x1.612975908f24ep-482,0x1.022425e249278p-229,1.16882194597982933e-69
10,134,0x1.34f50a48a8d06p-231,0x1.612975908f24ep-482,0x1.34f50a48a8d07p-231,3.49727143144087208e-70
10,135,0x1.71a73e704bcbep-233,0x1.612975908f24ep-482,0x1.71a73e704bcbfp-233,1.04608175732135449e-70
10,136,0x1.ba2076a87894fp-235,0x1.612975908f24ep-482,0x1.ba2076a87895p-235,3.12793633495820467e-71
10,137,0x1.0851427715ae3p-236,0x1.612975908f24ep-482,0x1.0851427715ae4p-236,9.34989739976561429e-72
10,138,0x1.3bee4ce305603p-238,0x1.612975908f24ep-482,0x1.3bee4ce305604p-238,2.79391453671088906e-72
10,139,0x1.797fdb070c0c7p-240,0x1.612975908f24ep-482,0x1.797fdb070c0c8p-240,8.34598081896735174e-73
10,140,0x1.c2eb717fac443p-242,0x1.612975908f24ep-482,0x1.c2eb717fac444p-242,2.49229986510129487e-73
10,141,0x1.0d38f8204cac7p-243,0x1.612975908f24ep-482,0x1.0d38f8204cac8p-243,7.44016384202180429e-74
10,142,0x1.416046692301fp-245,0x1.612975908f24ep-482,0x1.416046692302p-245,2.22036635834913970e-74
10,143,0x1.7f82751cde642p-247,0x1.612975908f24ep-482,0x1.7f82751cde643p-247,6.62410708754077220e-75
10,144,0x1.c9826f8e2dd8bp-249,0x1.612975908f24ep-482,0x1.c9826f8e2dd8cp-249,1.97556464225484799e-75
10,145,0x1.10cea5241f97fp-250,0x1.612975908f24ep-482,0x1.10cea5241f98p-250,5.89002256436964833e-76
10,146,0x1.453d719f7eb53p-252,0x1.612975908f24ep-482,0x1.453d719f7eb54p-252,1.75551724399984598e-76
10,147,0x1.83a0c49071018p-254,0x1.612975908f24ep-482,0x1.83a0c49071019p-254,5.23065740453984841e-77
10,148,0x1.cdd69a9999137p-256,0x1.612975908f24ep-482,0x1.cdd69a9999138p-256,1.55801303665880283e-77
10,149,0x1.130abef8f9c71p-257,0x1.612975908f24ep-482,0x1.130abef8f9c72p-257,4.63927513450574899e-78
10,150,0x1.477e5d559bb53p-259,0x1.612975908f24ep-482,0x1.477e5d559bb54p-259,1.38100099174757550e-78
10,151,0x1.85d3c05895e81p-261,0x1.612975908f24ep-482,0x1.85d3c05895e82p-261,4.10963501813721426e-79
10,152,0x1.cfe1bca98c082p-263,0x1.612975908f24ep-482,0x1.cfe1bca98c083p-263,1.22258339995370943e-79
10,153,0x1.13eadb6fa61eap-264,0x1.612975908f24ep-482,0x1.13eadb6fa61ebp-264,3.63596995118659988e-80
10,154,0x1.4821ade10bf37p-266,0x1.612975908f24ep-482,0x1.4821ade10bf38p-266,1.08100870343052367e-80
10,155,0x1.861b952f9cd92p-268,0x1.612975908f24ep-482,0x1.861b952f9cd93p-268,3.21296333479090086e-81
10,156,0x1.cfa627e5fa0d5p-270,0x1.612975908f24ep-482,0x1.cfa627e5fa0d6p-270,9.54664066853412214e-82
10,157,0x1.13719ab51152dp-271,0x1.612975908f24ep-482,0x1.13719ab51152ep-271,2.83572530551423009e-82
10,158,0x1.472bfa0368678p-273,0x1.612975908f24ep-482,0x1.472bfa0368679p-273,8.42067798994673714e-83
10,159,0x1.847f7161d4bc7p-275,0x1.612975908f24ep-482,0x1.847f7161d4bc8p-275,2.49976865189853275e-83
10,160,0x1.cd2e6c57af6a1p-277,0x1.612975908f24ep-482,0x1.cd2e6c57af6a2p-277,7.41861721973768301e-84
10,161,0x1.11a6741774968p-278,0x1.612975908f24ep-482,0x1.11a6741774969p-278,2.20098470277065307e-84
10,162,0x1.44a785c69073dp-280,0x1.612975908f24ep-482,0x1.44a785c69073ep-280,6.52803571673027147e-85
10,163,0x1.810d2911e384p-282,0x1.612975908f24ep-482,0x1.810d2911e3841p-282,1.93561943086712519e-85
10,164,0x1.c88cdfd5776d3p-284,0x1.612975908f24ep-482,0x1.c88cdfd5776d4p-284,5.73759500120870731e-86
10,165,0x1.0e95684d5f9e5p-285,0x1.612975908f24ep-482,0x1.0e95684d5f9e6p-285,1.70024997681366120e-86
10,166,0x1.40a3deca67846p-287,0x1.612975908f24ep-482,0x1.40a3deca67847p-287,5.03696738972487964e-87
10,167,0x1.7bd8b755bdb03p-289,0x1.612975908f24ep-482,0x1.7bd8b755bdb04p-289,1.49176176319661362e-87
10,168,0x1.c1dafd9bc0876p-291,0x1.612975908f24ep-482,0x1.c1dafd9bc0877p-291,4.41676472564480715e-88
10,169,0x1.0a4e9ca9fd694p-292,0x1.612975908f24ep-482,0x1.0a4e9ca9fd695p-292,1.30732633638843698e-88
10,170,0x1.3b355e40d204ep-294,0x1.612975908f24ep-482,0x1.3b355e40d204fp-294,3.86846959383315889e-89
10,171,0x1.74fba166877f3p-296,0x1.612975908f24ep-482,0x1.74fba166877f4p-296,1.14438004488947237e-89
10,172,0x1.b938a3fb24568p-298,0x1.612975908f24ep-482,0x1.b938a3fb24569p-298,3.38436932138921276e-90
10,173,0x1.04e5e32d126e4p-299,0x1.612975908f24ep-482,0x1.04e5e32d126e5p-299,1.00060363713132015e-90
10,174,0x1.34749563c8501p-301,0x1.612975908f24ep-482,0x1.34749563c8502p-301,2.95749298945589856e-91
10,175,0x1.6c9441b86505bp-303,0x1.612975908f24ep-482,0x1.6c9441b86505cp-303,8.73902838831128941e-92
10,176,0x1.aecb372fca5cep-305,0x1.612975908f24ep-482,0x1.aecb372fca5cfp-305,2.58155161333709417e-92
10,177,0x1.fce467694dc57p-307,0x1.612975908f24ep-482,0x1.fce467694dc58p-307,7.62389949937073155e-93
10,178,0x1.2c7da98c440fbp-308,0x1.612975908f24ep-482,0x1.2c7da98c440fcp-308,2.25088158901709751e-93
10,179,0x1.62c5012be065bp-310,0x1.612975908f24ep-482,0x1.62c5012be065cp-310,6.64366483799523521e-94
10,180,0x1.a2bcb0cf6ffecp-312,0x1.612975908f24ep-482,0x1.a2bcb0cf6ffedp-312,1.96039145308097806e-94
10,181,0x1.ee1a358432ba8p-314,0x1.612975908f24ep-482,0x1.ee1a358432ba9p-314,5.78306856252075971e-95
10,182,0x1.236fa53825f7ep-315,0x1.612975908f24ep-482,0x1.236fa53825f7fp-315,1.70551195943498434e-95
10,183,0x1.57b384aa6a21ep-317,0x1.612975908f24ep-482,0x1.57b384aa6a21fp-317,5.02843119608801430e-96
10,184,0x1.953aa35049079p-319,0x1.612975908f24ep-482,0x1.953aa3504907ap-319,1.48214943948209115e-96
10,185,0x1.dda4448c87cb7p-321,0x1.612975908f24ep-482,0x1.dda4448c87cb8p-321,4.36750725979353453e-97
10,186,0x1.196bc34399c0bp-322,0x1.612975908f24ep-482,0x1.196bc34399c0cp-322,1.28664238193861102e-97
10,187,0x1.4b87d5663fedcp-324,0x1.612975908f24ep-482,0x1.4b87d5663feddp-324,3.78935295586104418e-98
10,188,0x1.867538fcf043dp-326,0x1.612975908f24ep-482,0x1.867538fcf043ep-326,1.11572114365522378e-98
10,189,0x1.cbbc718791873p-328,0x1.612975908f24ep-482,0x1.cbbc718791874p-328,3.28420358742596737e-99
10,190,0x1.0e94b96459311p-329,0x1.612975908f24ep-482,0x1.0e94b96459312p-329,9.66470683062248088e-100
10,191,0x1.3e6b89a969759p-331,0x1.612975908f24ep-482,0x1.3e6b89a96975ap-331,2.84336034643150112e-100
10,192,0x1.769e354084b6p-333,0x1.612975908f24ep-482,0x1.769e354084b61p-333,8.36296192612464700e-101
10,193,0x1.b89e35a0418efp-335,0x1.612975908f24ep-482,0x1.b89e35a0418fp-335,2.45908605939730262e-101
10,194,0x1.030e0698480e5p-336,0x1.612975908f24ep-482,0x1.030e0698480e6p-336,7.22891495320373758e-102
10,195,0x1.3088f3a6b4ac4p-338,0x1.612975908f24ep-482,0x1.3088f3a6b4ac5p-338,2.12450945083803984e-102
10,196,0x1.65e7fe9ad22bfp-340,0x1.612975908f24ep-482,0x1.65e7fe9ad22cp-340,6.24210062679228561e-103
10,197,0x1.a48585325d976p-342,0x1.612975908f24ep-482,0x1.a48585325d977p-342,1.83353746428765649e-103
10,198,0x1.edf6937816fb9p-344,0x1.612975908f24ep-482,0x1.edf6937816fbap-344,5.38438506411157824e-104
10,199,0x1.220a5b2303309p-345,0x1.612975908f24ep-482,0x1.220a5b230330ap-345,1.58077516983536272e-104
10,200,0x1.5484b6c92aa2fp-347,0x1.612975908f24ep-482,0x1.5484b6c92aa3p-347,4.63972394233210925e-105
10,201,0x1.8fadc138282bep-349,0x1.612975908f24ep-482,0x1.8fadc138282bfp-349,1.36145278344136979e-105
10,202,0x1.d4ff47d1d199fp-351,0x1.612975908f24ep-482,0x1.d4ff47d1d19ap-351,3.99394239704412220e-106
10,203,0x1.13194615c7bb3p-352,0x1.612975908f24ep-482,0x1.13194615c7bb4p-352,1.17135932591232804e-106
10,204,0x1.42a565d025d0ap-354,0x1.612975908f24ep-482,0x1.42a565d025d0bp-354,3.43453517897462229e-107
10,205,0x1.7a50c06272dcdp-356,0x1.612975908f24ep-482,0x1.7a50c06272dcep-356,1.00678245715656586e-107
10,206,0x1.bb7a532627969p-358,0x1.612975908f24ep-482,0x1.bb7a53262796ap-358,2.95048561783141692e-108
10,207,0x1.03ddd3966c03ap-359,0x1.612975908f24ep-482,0x1.03ddd3966c03bp-359,8.64454033264127170e-109
10,208,0x1.30793b9fb18bep-361,0x1.612975908f24ep-482,0x1.30793b9fb18bfp-361,2.53210198540966752e-109
10,209,0x1.64a5f3fecc31fp-363,0x1.612975908f24ep-482,0x1.64a5f3fecc32p-363,7.41500949177623057e-110
10,210,0x1.a1a8c96471b2cp-365,0x1.612975908f24ep-482,0x1.a1a8c96471b2dp-365,2.17086990253181088e-110
10,211,0x1.e8fc5734d9ac9p-367,0x1.612975908f24ep-482,0x1.e8fc5734d9acap-367,6.35400847491040628e-111
10,212,0x1.1e2ceb103584ep-368,0x1.612975908f24ep-482,0x1.1e2ceb103584fp-368,1.85931949380751171e-111
10,213,0x1.4ee1aba4e8621p-370,0x1.612975908f24ep-482,0x1.4ee1aba4e8622p-370,5.43942293558185061e-112
10,214,0x1.87c7d3194d2a5p-372,0x1.612975908f24ep-482,0x1.87c7d3194d2a6p-372,1.59090605857901758e-112
10,215,0x1.ca3c0a6b456fbp-374,0x1.612975908f24ep-482,0x1.ca3c0a6b456fcp-374,4.65189038038053793e-113
10,216,0x1.0bea1ffeba3d3p-375,0x1.612975908f24ep-482,0x1.0bea1ffeba3d4p-375,1.35990309412173389e-113
10,217,0x1.3934797eb1925p-377,0x1.612975908f24ep-482,0x1.3934797eb1926p-377,3.97448009758531149e-114
10,218,0x1.6e0ffe210cbe2p-379,0x1.612975908f24ep-482,0x1.6e0ffe210cbe3p-379,1.16130657671258061e-114
10,219,0x1.abbc8885d2d05p-381,0x1.612975908f24ep-482,0x1.abbc8885d2d06p-381,3.39240703918582028e-115
10,220,0x1.f3ae22bf41c23p-383,0x1.612975908f24ep-482,0x1.f3ae22bf41c24p-383,9.90749476387761171e-116
10,221,0x1.23cab7e773a53p-384,0x1.612975908f24ep-482,0x1.23cab7e773a54p-384,2.89277652830270408e-116
10,222,0x1.54b4b607607c2p-386,0x1.612975908f24ep-482,0x1.54b4b607607c3p-386,8.44425551049701421e-117
10,223,0x1.8db95d3b1578bp-388,0x1.612975908f24ep-482,0x1.8db95d3b1578cp-388,2.46435688328483450e-117
10,224,0x1.d02c5e8592ee2p-390,0x1.612975908f24ep-482,0x1.d02c5e8592ee3p-390,7.19021534247007907e-118
10,225,0x1.0ecc301e8dfdp-391,0x1.612975908f24ep-482,0x1.0ecc301e8dfd1p-391,2.09737726423050386e-118
10,226,0x1.3be3e37ce994fp-393,0x1.612975908f24ep-482,0x1.3be3e37ce995p-393,6.11656897771855654e-119
10,227,0x1.706770d151002p-395,0x1.612975908f24ep-482,0x1.706770d151003p-395,1.78334825541526344e-119
10,228,0x1.ad8bd7fd97b0bp-397,0x1.612975908f24ep-482,0x1.ad8bd7fd97b0cp-397,5.19830434679863784e-120
10,229,0x1.f4b7c1cec2126p-399,0x1.612975908f24ep-482,0x1.f4b7c1cec2127p-399,1.51490289675883194e-120
10,230,0x1.23c5b1477d68ap-400,0x1.612975908f24ep-482,0x1.23c5b1477d68bp-400,4.41372970053873734e-121
10,231,0x1.53f4cc9a782c8p-402,0x1.612975908f24ep-482,0x1.53f4cc9a782c9p-402,1.28565606790524085e-121
10,232,0x1.8c013e1ebc99dp-404,0x1.612975908f24ep-482,0x1.8c013e1ebc99ep-404,3.74405565511035302e-122
10,233,0x1.cd2fc65eb591ap-406,0x1.612975908f24ep-482,0x1.cd2fc65eb591bp-406,1.09008030902656252e-122
10,234,0x1.0c7c743735888p-407,0x1.612975908f24ep-482,0x1.0c7c743735889p-407,3.17302638914585188e-123
10,235,0x1.3888883762314p-409,0x1.612975908f24ep-482,0x1.3888883762315p-409,9.23396332592942578e-124
10,236,0x1.6bb8ff4fa5e01p-411,0x1.612975908f24ep-482,0x1.6bb8ff4fa5e02p-411,2.68659472872715082e-124
10,237,0x1.a732d46d9dc12p-413,0x1.612975908f24ep-482,0x1.a732d46d9dc13p-413,7.81476639841616976e-125
10,238,0x1.ec4965f79a40fp-415,0x1.612975908f24ep-482,0x1.ec4965f79a41p-415,2.27263634353183403e-125
10,239,0x1.1e42dbb9ea4b5p-416,0x1.612975908f24ep-482,0x1.1e42dbb9ea4b6p-416,6.60760804478265272e-126
10,240,0x1.4cd7691deb647p-418,0x1.612975908f24ep-482,0x1.4cd7691deb648p-418,1.92069873111507992e-126
10,241,0x1.82e9b8856a11cp-420,0x1.612975908f24ep-482,0x1.82e9b8856a11dp-420,5.58181124336179022e-127
10,242,0x1.c1aa9467e4214p-422,0x1.612975908f24ep-482,0x1.c1aa9467e4215p-422,1.62178108682274875e-127
10,243,0x1.053d5230733cep-423,0x1.612975908f24ep-482,0x1.053d5230733cfp-423,4.71097469548015166e-128
10,244,0x1.2f78ed1ac4bc7p-425,0x1.612975908f24ep-482,0x1.2f78ed1ac4bc8p-425,1.36814154500633188e-128
10,245,0x1.60740117e7166p-427,0x1.612975908f24ep-482,0x1.60740117e7167p-427,3.97240273551655709e-129
10,246,0x1.993f517428c5bp-429,0x1.612975908f24ep-482,0x1.993f517428c5dp-429,1.15312863419853428e-129
10,247,0x1.db162f96f86e7p-431,0x1.612975908f24ep-482,0x1.db162f96f86ebp-431,3.34660721373210916e-130
10,248,0x1.13b28512c595bp-432,0x1.612975908f24ep-482,0x1.13b28512c5962p-432,9.71034116076908889e-131
10,249,0x1.3fe87de56c989p-434,0x1.612975908f24ep-482,0x1.3fe87de56c9ap-434,2.81687288543112803e-131
10,250,0x1.7320400ab9c17p-436,0x1.612975908f24ep-482,0x1.7320400ab9c7p-436,8.16964676859156148e-132
10,251,0x1.ae72bd485ee38p-438,0x1.612975908f24ep-482,0x1.ae72bd485ef9ap-438,2.36887874207272495e-132
10,252,0x1.f32461652706fp-440,0x1.612975908f24ep-482,0x1.f3246165275f5p-440,6.86730211871283132e-133
10,253,0x1.2155dbdd22ef5p-441,0x1.612975908f24ep-482,0x1.2155dbdd239ffp-441,1.99036854005079390e-133
10,254,0x1.4f5c88dc22a15p-443,0x1.612975908f24ep-482,0x1.4f5c88dc2563bp-443,5.76746691024967172e-134
10,255,0x1.849faa58c2686p-445,0x1.612975908f24ep-482,0x1.849faa58cd71cp-445,1.67086452626494640e-134
10,256,0x1.c23f0d7064649p-447,0x1.612975908f24ep-482,0x1.c23f0d709089dp-447,4.83951816542045180e-135
10,257,0x1.04c3568639635p-448,0x1.612975908f24ep-482,0x1.04c3568691adcp-448,1.40141903169178054e-135
10,258,0x1.2dfab27c4d5c5p-450,0x1.612975908f24ep-482,0x1.2dfab27dae85dp-450,4.05731886154707818e-136
10,259,0x1.5da252eee54b7p-452,0x1.612975908f24ep-482,0x1.5da252f469f15p-452,1.17439921046413170e-136
10,260,0x1.94b8a810c1ap-454,0x1.612975908f24ep-482,0x1.94b8a826d4377p-454,3.39858457196891810e-137
10,261,0x1.d462f09a5b2b1p-456,0x1.612975908f24ep-482,0x1.d462f0f2a5888p-456,9.83300751264261250e-138
10,262,0x1.0ef9894cb610fp-457,0x1.612975908f24ep-482,0x1.0ef989fd4acbdp-457,2.84433574696862958e-138
10,263,0x1.39772979659bep-459,0x1.612975908f24ep-482,0x1.39772c3bb8871p-459,8.22586921326710031e-139
10,264,0x1.6a8a86154fdedp-461,0x1.612975908f24ep-482,0x1.6a8a911e9b8b6p-461,2.37842517748946293e-139
10,265,0x1.a335c4ac3c48cp-463,0x1.612975908f24ep-482,0x1.a335f0d16afaep-463,6.87550191603999572e-140
10,266,0x1.e4a21700a478cp-465,0x1.612975908f24ep-482,0x1.e4a2c7955f411p-465,1.98713601725591847e-140
10,267,0x1.1812c4f8071fap-466,0x1.612975908f24ep-482,0x1.181426217cb04p-466,5.74198624527385135e-141
10,268,0x1.43a4ce4a0c34bp-468,0x1.612975908f24ep-482,0x1.43aa52efe277p-468,1.65889249721245542e-141
10,269,0x1.75e944e62312fp-470,0x1.612975908f24ep-482,0x1.75ff577d7c1bfp-470,4.79215315027558339e-142
10,270,0x1.afe3533c09386p-472,0x1.612975908f24ep-482,0x1.b03b9d996d5c4p-472,1.38458580682644689e-142
10,271,0x1.f2b9a5184862dp-474,0x1.612975908f24ep-482,0x1.f41ace8dd8f2p-474,4.00500477700783499e-143
10,272,0x1.1fd97e2909e2fp-475,0x1.612975908f24ep-482,0x1.229bd1142b015p-475,1.16364536715170268e-143
10,273,0x1.4c0e5dc10de3p-477,0x1.612975908f24ep-482,0x1.5717a96d925c3p-477,3.43449776109456123e-144
10,274,0x1.7e7293de98b4bp-479,0x1.612975908f24ep-482,0x1.aa97c290aa996p-479,1.06759282323595223e-144
10,275,0x1.b69d76f5e6d1ep-481,0x1.612975908f24ep-482,0x1.339918df17323p-480,3.84898017189354518e-145
10,276,0x1.f111a010d456bp-483,0x1.612975908f24ep-482,0x1.2cd922cc7ca83p-481,1.88225959338774283e-145
10,277,0x1.105e618cf5cbfp-484,0x1.612975908f24ep-482,0x1.a5410df3cc97fp-482,1.31779023549702867e-145
10,278,0x1.0f371feddda03p-486,0x1.612975908f24ep-482,0x1.721ce78f6cfefp-482,1.15780749542933482e-145
10,279,0x1.8cbcc975a6c9cp-489,0x1.612975908f24ep-482,0x1.6442ef237a728p-482,1.11447663978877927e-145
10,280,0x0p+0,0x1.612975908f24ep-482,0x1.612975908f24ep-482,1.10478057851036867e-145
11,0,0x1.2b6353e52b3d9p-4,0x1.72ad1fd089947p-470,0x1.2b6353e52b3dap-4,7.30927731662655289e-02
11,1,0x1.adf4a4ec7aa93p-6,0x1.72ad1fd089947p-470,0x1.adf4a4ec7aa94p-6,2.62424097617591362e-02
11,2,0x1.26aa53cd64c33p-7,0x1.72ad1fd089947p-470,0x1.26aa53cd64c34p-7,8.99247257146926909e-03
11,3,0x1.87a2342e50075p-9,0x1.72ad1fd089947p-470,0x1.87a2342e50076p-9,2.98792731260282950e-03
11,4,0x1.ffc4e69207b2dp-11,0x1.72ad1fd089947p-470,0x1.ffc4e69207b2ep-11,9.76122175646886850e-04
11,5,0x1.4c428291a358ap-12,0x1.72ad1fd089947p-470,0x1.4c428291a358bp-12,3.16867642234119104e-04
11,6,0x1.af86dd8826f59p-14,0x1.72ad1fd089947p-470,0x1.af86dd8826f5ap-14,1.02884010745927205e-04
11,7,0x1.1919bea668521p-15,0x1.72ad1fd089947p-470,0x1.1919bea668522p-15,3.35097986863353237e-05
11,8,0x1.6f7db247afb1fp-17,0x1.72ad1fd089947p-470,0x1.6f7db247afb2p-17,1.09520853038814711e-05
11,9,0x1.e1a6de1d2a58p-19,0x1.72ad1fd089947p-470,0x1.e1a6de1d2a581p-19,3.58858575440619553e-06
11,10,0x1.3c0e0dc848166p-20,0x1.72ad1fd089947p-470,0x1.3c0e0dc848167p-20,1.17739624456305422e-06
11,11,0x1.9ee74ab9d835fp-22,0x1.72ad1fd089947p-470,0x1.9ee74ab9d836p-22,3.86408980914941468e-07
11,12,0x1.1037d8eba4741p-23,0x1.72ad1fd089947p-470,0x1.1037d8eba4742p-23,1.26761455877599708e-07
11,13,0x1.64e59299be4bcp-25,0x1.72ad1fd089947p-470,0x1.64e59299be4bdp-25,4.15482521286491012e-08
11,14,0x1.d365d9a47faffp-27,0x1.72ad1fd089947p-470,0x1.d365d9a47fbp-27,1.36030678466229545e-08
11,15,0x1.31ad895ef063ep-28,0x1.72ad1fd089947p-470,0x1.31ad895ef063fp-28,4.44819855857216198e-09
11,16,0x1.8f4f640b78fadp-30,0x1.72ad1fd089947p-470,0x1.8f4f640b78faep-30,1.45268175515493636e-09
11,17,0x1.0478ca7d4b1cbp-31,0x1.72ad1fd089947p-470,0x1.0478ca7d4b1ccp-31,4.73795516415447615e-10
11,18,0x1.53609bdc7805fp-33,0x1.72ad1fd089947p-470,0x1.53609bdc7806p-33,1.54330963711468790e-10
11,19,0x1.b9a233fc16caap-35,0x1.72ad1fd089947p-470,0x1.b9a233fc16cabp-35,5.02079280663473683e-11
11,20,0x1.1f0126a987f34p-36,0x1.72ad1fd089947p-470,0x1.1f0126a987f35p-36,1.63143167917964303e-11
11,21,0x1.749a26958ed17p-38,0x1.72ad1fd089947p-470,0x1.749a26958ed18p-38,5.29499503796172543e-12
11,22,0x1.e332d0fb327fp-40,0x1.72ad1fd089947p-470,0x1.e332d0fb327f1p-40,1.71666592514671355e-12
11,23,0x1.38fbf7500d0bcp-41,0x1.72ad1fd089947p-470,0x1.38fbf7500d0bdp-41,5.55971699686899188e-13
11,24,0x1.950f0b2cfc0d3p-43,0x1.72ad1fd089947p-470,0x1.950f0b2cfc0d4p-43,1.79882226571046213e-13
11,25,0x1.05dcb72eb81bfp-44,0x1.72ad1fd089947p-470,0x1.05dcb72eb81cp-44,5.81450821142311728e-14
11,26,0x1.524583cf1d918p-46,0x1.72ad1fd089947p-470,0x1.524583cf1d919p-46,1.87778427527492482e-14
11,27,0x1.b499795454aaep-48,0x1.72ad1fd089947p-470,0x1.b499795454aafp-48,6.05903532333001932e-15
11,28,0x1.198580516f21cp-49,0x1.72ad1fd089947p-470,0x1.198580516f21dp-49,1.95344774542895991e-15
11,29,0x1.6ac39bd02c35ap-51,0x1.72ad1fd089947p-470,0x1.6ac39bd02c35bp-51,6.29295394041711229e-16
11,30,0x1.d317fbc5abceap-53,0x1.72ad1fd089947p-470,0x1.d317fbc5abcebp-53,2.02569595424214690e-16
11,31,0x1.2c7dc61d675dcp-54,0x1.72ad1fd089947p-470,0x1.2c7dc61d675ddp-54,6.51586649746170830e-17
11,32,0x1.8258f962b4e72p-56,0x1.72ad1fd089947p-470,0x1.8258f962b4e73p-56,2.09439429407207520e-17
11,33,0x1.f063860f3d5d3p-58,0x1.72ad1fd089947p-470,0x1.f063860f3d5d4p-58,6.72732220863231896e-18
11,34,0x1.3eab96776f689p-59,0x1.72ad1fd089947p-470,0x1.3eab96776f68ap-59,2.15939370800280475e-18
11,35,0x1.98e35d06dede9p-61,0x1.72ad1fd089947p-470,0x1.98e35d06dedeap-61,6.92683449639312351e-19
11,36,0x1.06279f328736fp-62,0x1.72ad1fd089947p-470,0x1.06279f328737p-62,2.22053729934040595e-19
11,37,0x1.4ff1d0183a468p-64,0x1.72ad1fd089947p-470,0x1.4ff1d0183a469p-64,7.11390322502164306e-20
11,38,0x1.ae3d3bdd67819p-66,0x1.72ad1fd089947p-470,0x1.ae3d3bdd6781ap-66,2.27766733202500596e-20
11,39,0x1.13558ebdd1bd2p-67,0x1.72ad1fd089947p-470,0x1.13558ebdd1bd3p-67,7.28803583730031129e-21
11,40,0x1.6031efbaac837p-69,0x1.72ad1fd089947p-470,0x1.6031efbaac838p-69,2.33063143172497386e-21
11,41,0x1.c2400ee2f824cp-71,0x1.72ad1fd089947p-470,0x1.c2400ee2f824dp-71,7.44876517394589047e-22
11,42,0x1.1fa362ae70f6cp-72,0x1.72ad1fd089947p-470,0x1.1fa362ae70f6dp-72,2.37928762742885768e-22
11,43,0x1.6f4dc2b27f6dbp-74,0x1.72ad1fd089947p-470,0x1.6f4dc2b27f6dcp-74,7.59566356626124689e-23
11,44,0x1.d4c650e812471p-76,0x1.72ad1fd089947p-470,0x1.d4c650e812472p-76,2.42350825227375266e-23
11,45,0x1.2af9e803c620ep-77,0x1.72ad1fd089947p-470,0x1.2af9e803c620fp-77,7.72835354285095532e-24
11,46,0x1.7d28b9d73adddp-79,0x1.72ad1fd089947p-470,0x1.7d28b9d73addep-79,2.46318285932304794e-24
11,47,0x1.e5ad011b7d1e7p-81,0x1.72ad1fd089947p-470,0x1.e5ad011b7d1e8p-81,7.84651570729725789e-25
11,48,0x1.3543c336f22e9p-82,0x1.72ad1fd089947p-470,0x1.3543c336f22eap-82,2.49822033115136319e-25
11,49,0x1.89a8e216c599ap-84,0x1.72ad1fd089947p-470,0x1.89a8e216c599bp-84,7.94989432749270669e-26
11,50,0x1.f4d4bbf98e2f5p-86,0x1.72ad1fd089947p-470,0x1.f4d4bbf98e2f6p-86,2.52855034055874279e-26
11,51,0x1.3e6e0ebaf201bp-87,0x1.72ad1fd089947p-470,0x1.3e6e0ebaf201cp-87,8.03830108286373271e-27
11,52,0x1.94b7970593c91p-89,0x1.72ad1fd089947p-470,0x1.94b7970593c92p-89,2.55412428684506539e-27
11,53,0x1.0111420942559p-90,0x1.72ad1fd089947p-470,0x1.011142094255ap-90,8.11161731271004445e-28
11,54,0x1.4668cb90ca0cap-92,0x1.72ad1fd089947p-470,0x1.4668cb90ca0cbp-92,2.57491580176370930e-28
11,55,0x1.9e4200a97f1bbp-94,0x1.72ad1fd089947p-470,0x1.9e4200a97f1bcp-94,8.16979502333285292e-29
11,56,0x1.06c026f2b775fp-95,0x1.72ad1fd089947p-470,0x1.06c026f2b776p-95,2.59092089584580515e-29
11,57,0x1.4d272e7f77ad1p-97,0x1.72ad1fd089947p-470,0x1.4d272e7f77ad2p-97,8.21285684892118961e-30
11,58,0x1.a63967f86064cp-99,0x1.72ad1fd089947p-470,0x1.a63967f86064dp-99,2.60215779929848048e-30
11,59,0x1.0b6ead9a4c514p-100,0x1.72ad1fd089947p-470,0x1.0b6ead9a4c515p-100,8.24089511839989100e-31
11,60,0x1.529fd09fd9fb5p-102,0x1.72ad1fd089947p-470,0x1.529fd09fd9fb6p-102,2.60866654069983238e-31
11,61,0x1.ac93694832449p-104,0x1.72ad1fd089947p-470,0x1.ac9369483244ap-104,8.25407015243397096e-32
11,62,0x1.0f1736dc6c709p-105,0x1.72ad1fd089947p-470,0x1.0f1736dc6c70ap-105,2.61050829959071581e-32
11,63,0x1.56ccc796358d5p-107,0x1.72ad1fd089947p-470,0x1.56ccc796358d6p-107,8.25260789665540961e-33
11,64,0x1.b14a098c1f3e5p-109,0x1.72ad1fd089947p-470,0x1.b14a098c1f3e6p-109,2.60776456442397956e-33
11,65,0x1.11b6eb5a76f9fp-110,0x1.72ad1fd089947p-470,0x1.11b6eb5a76fap-110,8.23679698518294567e-34
11,66,0x1.59aba8a480004p-112,0x1.72ad1fd089947p-470,0x1.59aba8a480005p-112,2.60053612418392258e-34
11,67,0x1.b45bb212d9f05p-114,0x1.72ad1fd089947p-470,0x1.b45bb212d9f06p-114,8.20698532008438249e-35
11,68,0x1.134db3e6c67bbp-115,0x1.72ad1fd089947p-470,0x1.134db3e6c67bcp-115,2.58894191968507418e-35
11,69,0x1.5b3d7938a677p-117,0x1.72ad1fd089947p-470,0x1.5b3d7938a6771p-117,8.16357624597745798e-36
11,70,0x1.b5cb15f971ae1p-119,0x1.72ad1fd089947p-470,0x1.b5cb15f971ae2p-119,2.57311777870824798e-36
11,71,0x1.13de24882817fp-120,0x1.72ad1fd089947p-470,0x1.13de24882818p-120,8.10702439354044971e-37
11,72,0x1.5b868f5fb552fp-122,0x1.72ad1fd089947p-470,0x1.5b868f5fb553p-122,2.55321505751309961e-37
11,73,0x1.b59f044da8397p-124,0x1.72ad1fd089947p-470,0x1.b59f044da8398p-124,8.03783126080183924e-38
11,74,0x1.136d5bee2b633p-125,0x1.72ad1fd089947p-470,0x1.136d5bee2b634p-125,2.52939920976537433e-38
11,75,0x1.5a8e646a98d77p-127,0x1.72ad1fd089947p-470,0x1.5a8e646a98d78p-127,7.95654059644493853e-39
11,76,0x1.b3e229bcda4a8p-129,0x1.72ad1fd089947p-470,0x1.b3e229bcda4a9p-129,2.50184830247883001e-39
11,77,0x1.1202d91f035c4p-130,0x1.72ad1fd089947p-470,0x1.1202d91f035c5p-130,7.86373364488450854e-40
11,78,0x1.585f5bfdb11cep-132,0x1.72ad1fd089947p-470,0x1.585f5bfdb11cfp-132,2.47075149717387966e-40
11,79,0x1.b0a2c494ddaffp-134,0x1.72ad1fd089947p-470,0x1.b0a2c494ddbp-134,7.76002430850185796e-41
11,80,0x1.0fa84918db87p-135,0x1.72ad1fd089947p-470,0x1.0fa84918db871p-135,2.43630751308817300e-41
11,81,0x1.550681b17a981p-137,0x1.72ad1fd089947p-470,0x1.550681b17a982p-137,7.64605427815086542e-42
11,82,0x1.abf24dc3a1f43p-139,0x1.72ad1fd089947p-470,0x1.abf24dc3a1f44p-139,2.39872308793726121e-42
11,83,0x1.0c694e10789cep-140,0x1.72ad1fd089947p-470,0x1.0c694e10789cfp-140,7.52248817886444986e-43
11,84,0x1.50933f5588197p-142,0x1.72ad1fd089947p-470,0x1.50933f5588198p-142,2.35821145041524884e-43
11,85,0x1.a5e51966d0117p-144,0x1.72ad1fd089947p-470,0x1.a5e51966d0118p-144,7.39000877359910684e-44
11,86,0x1.085341e4e8ecfp-145,0x1.72ad1fd089947p-470,0x1.085341e4e8edp-145,2.31499081734578380e-44
11,87,0x1.4b170dcf59cc6p-147,0x1.72ad1fd089947p-470,0x1.4b170dcf59cc7p-147,7.24931226385458369e-45
11,88,0x1.9e91f15d9e472p-149,0x1.72ad1fd089947p-470,0x1.9e91f15d9e473p-149,2.26928292714260693e-45
11,89,0x1.0374f54bbbd68p-150,0x1.72ad1fd089947p-470,0x1.0374f54bbbd69p-150,7.10110372209343604e-46
11,90,0x1.44a52274137adp-152,0x1.72ad1fd089947p-470,0x1.44a52274137aep-152,2.22131162001564426e-46
11,91,0x1.9611ac2c64101p-154,0x1.72ad1fd089947p-470,0x1.9611ac2c64102p-154,6.94609268706008224e-47
11,92,0x1.fbbcda4532795p-156,0x1.72ad1fd089947p-470,0x1.fbbcda4532796p-156,2.17130147416287857e-47
11,93,0x1.3d521a9e93d03p-157,0x1.72ad1fd089947p-470,0x1.3d521a9e93d04p-157,6.78498894936192179e-48
11,94,0x1.8c7ec25b0698p-159,0x1.72ad1fd089947p-470,0x1.8c7ec25b06981p-159,2.11947650602033054e-48
11,95,0x1.ef413e740fcb5p-161,0x1.72ad1fd089947p-470,0x1.ef413e740fcb6p-161,6.61849855102742555e-49
11,96,0x1.3533a722d9887p-162,0x1.72ad1fd089947p-470,0x1.3533a722d9888p-162,2.06605894150374838e-49
11,97,0x1.81f4e44cfaf04p-164,0x1.72ad1fd089947p-470,0x1.81f4e44cfaf05p-164,6.44732001920204325e-50
11,98,0x1.e19a5fa361f57p-166,0x1.72ad1fd089947p-470,0x1.e19a5fa361f58p-166,2.01126806406741718e-50
11,99,0x1.2c60391bf64c2p-167,0x1.72ad1fd089947p-470,0x1.2c60391bf64c3p-167,6.27214085068968382e-51
11,100,0x1.76909263627c3p-169,0x1.72ad1fd089947p-470,0x1.76909263627c4p-169,1.95531914433033708e-51
11,101,0x1.d2ec61c1101efp-171,0x1.72ad1fd089947p-470,0x1.d2ec61c1101fp-171,6.09363426070614846e-52
11,102,0x1.22eeb16b2da99p-172,0x1.72ad1fd089947p-470,0x1.22eeb16b2da9ap-172,1.89842245498222083e-52
11,103,0x1.6a6eb907f25b1p-174,0x1.72ad1fd089947p-470,0x1.6a6eb907f25b2p-174,5.91245620598764958e-53
11,104,0x1.c35bc84654f62p-176,0x1.72ad1fd089947p-470,0x1.c35bc84654f63p-176,1.84078237368350368e-53
11,105,0x1.18f61415a1c9ap-177,0x1.72ad1fd089947p-470,0x1.18f61415a1c9bp-177,5.72924268931313579e-54
11,106,0x1.5dac520a6cf31p-179,0x1.72ad1fd089947p-470,0x1.5dac520a6cf32p-179,1.78259657572021638e-54
11,107,0x1.b30d0191cdb7p-181,0x1.72ad1fd089947p-470,0x1.b30d0191cdb71p-181,5.54460734955807650e-55
11,108,0x1.0e8d4082a09eap-182,0x1.72ad1fd089947p-470,0x1.0e8d4082a09ebp-182,1.72405531727030117e-55
11,109,0x1.50660c8336276p-184,0x1.72ad1fd089947p-470,0x1.50660c8336277p-184,5.35913933861967553e-56
11,110,0x1.a223fae96784ep-186,0x1.72ad1fd089947p-470,0x1.a223fae96784fp-186,1.66534080928629441e-56
11,111,0x1.03caaf6ff88d8p-187,0x1.72ad1fd089947p-470,0x1.03caaf6ff88d9p-187,5.17340148395071015e-57
11,112,0x1.42b7fc34e9c68p-189,0x1.72ad1fd089947p-470,0x1.42b7fc34e9c69p-189,1.60662668120490561e-57
11,113,0x1.90c3be4716e59p-191,0x1.72ad1fd089947p-470,0x1.90c3be4716e5ap-191,4.98792873302079242e-58
11,114,0x1.f1886e890c329p-193,0x1.72ad1fd089947p-470,0x1.f1886e890c32ap-193,1.54807753296083460e-58
11,115,0x1.34bd512deb777p-194,0x1.72ad1fd089947p-470,0x1.34bd512deb778p-194,4.80322687380452922e-59
11,116,0x1.7f0e1acbb7931p-196,0x1.72ad1fd089947p-470,0x1.7f0e1acbb7932p-196,1.48984857311206690e-59
11,117,0x1.db1dae78a10dep-198,0x1.72ad1fd089947p-470,0x1.db1dae78a10dfp-198,4.61977152338311270e-60
11,118,0x1.26901832c99c2p-199,0x1.72ad1fd089947p-470,0x1.26901832c99c3p-199,1.43208534028076322e-60
11,119,0x1.6d23586d68dp-201,0x1.72ad1fd089947p-470,0x1.6d23586d68d01p-201,4.43800737494368009e-61
11,120,0x1.c47d137bdfca9p-203,0x1.72ad1fd089947p-470,0x1.c47d137bdfcaap-203,1.37492350457873046e-61
11,121,0x1.18490444202b1p-204,0x1.72ad1fd089947p-470,0x1.18490444202b2p-204,4.25834769187834004e-62
11,122,0x1.5b21f7339699bp-206,0x1.72ad1fd089947p-470,0x1.5b21f7339699cp-206,1.31848874522001211e-62
11,123,0x1.adcc3bfeec3afp-208,0x1.72ad1fd089947p-470,0x1.adcc3bfeec3bp-208,4.08117403632058408e-63
11,124,0x1.09ff415f796ddp-209,0x1.72ad1fd089947p-470,0x1.09ff415f796dep-209,1.26289670012669948e-63
11,125,0x1.49267a13e987p-211,0x1.72ad1fd089947p-470,0x1.49267a13e9871p-211,3.90683621830964049e-64
11,126,0x1.972e31f4e85bfp-213,0x1.72ad1fd089947p-470,0x1.972e31f4e85cp-213,1.20825298300586622e-64
11,127,0x1.f790a0d6cb72dp-215,0x1.72ad1fd089947p-470,0x1.f790a0d6cb72ep-215,3.73565245084540205e-65
11,128,0x1.374b3d49a7788p-216,0x1.72ad1fd089947p-470,0x1.374b3d49a7789p-216,1.15465326311479859e-65
11,129,0x1.80c33b173657ep-218,0x1.72ad1fd089947p-470,0x1.80c33b173657fp-218,3.56790969537533019e-66
11,130,0x1.db6fd828d98cfp-220,0x1.72ad1fd089947p-470,0x1.db6fd828d98dp-220,1.10218340273687395e-66
11,131,0x1.25a857cd8b345p-221,0x1.72ad1fd089947p-470,0x1.25a857cd8b346p-221,3.40386418173791939e-67
11,132,0x1.6aa8b6f6d34c5p-223,0x1.72ad1fd089947p-470,0x1.6aa8b6f6d34c6p-223,1.05091964725765877e-67
11,133,0x1.bfbfec765062ap-225,0x1.72ad1fd089947p-470,0x1.bfbfec765062bp-225,3.24374208626556311e-68
11,134,0x1.14538767676dep-226,0x1.72ad1fd089947p-470,0x1.14538767676dfp-226,1.00092886265799991e-68
11,135,0x1.54f90a255bba9p-228,0x1.72ad1fd089947p-470,0x1.54f90a255bbaap-228,3.08774035160661091e-69
11,136,0x1.a4a0dae857501p-230,0x1.72ad1fd089947p-470,0x1.a4a0dae857502p-230,9.52268815223986067e-70
11,137,0x1.036026ad74bc9p-231,0x1.72ad1fd089947p-470,0x1.036026ad74bcap-231,2.93602763185733131e-70
11,138,0x1.3fcb958f32f91p-233,0x1.72ad1fd089947p-470,0x1.3fcb958f32f92p-233,9.04988488307601630e-71
11,139,0x1.8a2ed4011d7a4p-235,0x1.72ad1fd089947p-470,0x1.8a2ed4011d7a5p-235,2.78874534677957257e-71
11,140,0x1.e5be584e3aca5p-237,0x1.72ad1fd089947p-470,0x1.e5be584e3aca6p-237,8.59128431054272608e-72
11,141,0x1.2b34b8fd876b9p-238,0x1.72ad1fd089947p-470,0x1.2b34b8fd876bap-238,2.64600882920628994e-72
11,142,0x1.70824323f722bp-240,0x1.72ad1fd089947p-470,0x1.70824323f722cp-240,8.14721134137164892e-73
11,143,0x1.c5be6364d318ap-242,0x1.72ad1fd089947p-470,0x1.c5be6364d318bp-242,2.50790855019344862e-73
11,144,0x1.1745df9d5fb3cp-243,0x1.72ad1fd089947p-470,0x1.1745df9d5fb3dp-243,7.71791427700182800e-74
11,145,0x1.57afe23dddadap-245,0x1.72ad1fd089947p-470,0x1.57afe23dddadbp-245,2.37451140704051020e-74
11,146,0x1.a6d9067736cd9p-247,0x1.72ad1fd089947p-470,0x1.a6d9067736cdap-247,7.30356896906522470e-75
11,147,0x1.040d95581f92ap-248,0x1.72ad1fd089947p-470,0x1.040d95581f92bp-248,2.24586205996465592e-75
11,148,0x1.3fc8d80620774p-250,0x1.72ad1fd089947p-470,0x1.3fc8d80620775p-250,6.90428310711764566e-76
11,149,0x1.8922679b570e6p-252,0x1.72ad1fd089947p-470,0x1.8922679b570e7p-252,2.12198430395649043e-76
11,150,0x1.e32f4782e09dfp-254,0x1.72ad1fd089947p-470,0x1.e32f4782e09ep-254,6.52010059726852221e-77
11,151,0x1.28dadf479d9abp-255,0x1.72ad1fd089947p-470,0x1.28dadf479d9acp-255,2.00288246315194094e-77
11,152,0x1.6caa6fff3b1a8p-257,0x1.72ad1fd089947p-470,0x1.6caa6fff3b1a9p-257,6.15100599300137454e-78
11,153,0x1.bfda6abae8a5fp-259,0x1.72ad1fd089947p-470,0x1.bfda6abae8a6p-259,1.88854279591653397e-78
11,154,0x1.12f075a47be3ap-260,0x1.72ad1fd089947p-470,0x1.12f075a47be3bp-260,5.79692894226032166e-79
11,155,0x1.517d098addbd3p-262,0x1.72ad1fd089947p-470,0x1.517d098addbd4p-262,1.77893489973361137e-79
11,156,0x1.9e29fc0f9b6c5p-264,0x1.72ad1fd089947p-470,0x1.9e29fc0f9b6c6p-264,5.45774861776219062e-80
11,157,0x1.fc22209ffd527p-266,0x1.72ad1fd089947p-470,0x1.fc22209ffd528p-266,1.67401310591084129e-80
11,158,0x1.37a26365e91fdp-267,0x1.72ad1fd089947p-470,0x1.37a26365e91fep-267,5.13329810042798599e-81
11,159,0x1.7e26ce9eb0be3p-269,0x1.72ad1fd089947p-470,0x1.7e26ce9eb0be4p-269,1.57371785505412928e-81
11,160,0x1.d482aa94f5e3fp-271,0x1.72ad1fd089947p-470,0x1.d482aa94f5e4p-271,4.82336868879496319e-82
11,161,0x1.1f1f3b9534ddap-272,0x1.72ad1fd089947p-470,0x1.1f1f3b9534ddbp-272,1.47797704519269843e-82
11,162,0x1.5fd57f552a1c9p-274,0x1.72ad1fd089947p-470,0x1.5fd57f552a1cap-274,4.52771411021710534e-83
11,163,0x1.af06af82fa7d5p-276,0x1.72ad1fd089947p-470,0x1.af06af82fa7d6p-276,1.38670734536876569e-83
11,164,0x1.07f52c01af3fdp-277,0x1.72ad1fd089947p-470,0x1.07f52c01af3fep-277,4.24605461257201011e-84
11,165,0x1.4336d6f95a862p-279,0x1.72ad1fd089947p-470,0x1.4336d6f95a863p-279,1.29981546841366252e-84
11,166,0x1.8badaca13a11bp-281,0x1.72ad1fd089947p-470,0x1.8badaca13a11cp-281,3.97808091803651414e-85
11,167,0x1.e445f2ba585e5p-283,0x1.72ad1fd089947p-470,0x1.e445f2ba585e6p-283,1.21719939751859478e-85
11,168,0x1.28482df38591dp-284,0x1.72ad1fd089947p-470,0x1.28482df38591ep-284,3.72345802323928495e-86
11,169,0x1.6a72f3fa4eb06p-286,0x1.72ad1fd089947p-470,0x1.6a72f3fa4eb07p-286,1.13874956206101969e-86
11,170,0x1.bb49c50009871p-288,0x1.72ad1fd089947p-470,0x1.bb49c50009872p-288,3.48182883274418696e-87
11,171,0x1.0f03d0240d8ep-289,0x1.72ad1fd089947p-470,0x1.0f03d0240d8e1p-289,1.06434995896232295e-87
11,172,0x1.4b4e29cd3e085p-291,0x1.72ad1fd089947p-470,0x1.4b4e29cd3e086p-291,3.25281761532664995e-88
11,173,0x1.94e9de065a9eap-293,0x1.72ad1fd089947p-470,0x1.94e9de065a9ebp-293,9.93879216626587142e-89
11,174,0x1.eec2be942e533p-295,0x1.72ad1fd089947p-470,0x1.eec2be942e534p-295,3.03603327487915189e-89
11,175,0x1.2e33bf8e2303bp-296,0x1.72ad1fd089947p-470,0x1.2e33bf8e2303cp-296,9.27211599235338806e-90
11,176,0x1.7116780870adap-298,0x1.72ad1fd089947p-470,0x1.7116780870adbp-298,2.83107243000431934e-90
11,177,0x1.c2ac6564bcad1p-300,0x1.72ad1fd089947p-470,0x1.c2ac6564bcad2p-300,8.64217949851990178e-91
11,178,0x1.13156aff1128ep-301,0x1.72ad1fd089947p-470,0x1.13156aff1128fp-301,2.63752229841235943e-91
11,179,0x1.4fbc8c552618bp-303,0x1.72ad1fd089947p-470,0x1.4fbc8c552618cp-303,8.04766571415185831e-92
11,180,0x1.99ab6634d778p-305,0x1.72ad1fd089947p-470,0x1.99ab6634d7781p-305,2.45496338414301221e-92
11,181,0x1.f3c53036ba17bp-307,0x1.72ad1fd089947p-470,0x1.f3c53036ba17cp-307,7.48724045274378276e-93
11,182,0x1.30c6605c6e949p-308,0x1.72ad1fd089947p-470,0x1.30c6605c6e94ap-308,2.28297196735914173e-93
11,183,0x1.73a363cea6718p-310,0x1.72ad1fd089947p-470,0x1.73a363cea6719p-310,6.95955987442964908e-94
11,184,0x1.c511a99d989a3p-312,0x1.72ad1fd089947p-470,0x1.c511a99d989a4p-312,2.12112239802745357e-94
11,185,0x1.141c0a8ea939ep-313,0x1.72ad1fd089947p-470,0x1.141c0a8ea939fp-313,6.46327743211487491e-95
11,186,0x1.507575ff7a691p-315,0x1.72ad1fd089947p-470,0x1.507575ff7a692p-315,1.96898919619931541e-95
11,187,0x1.99e86b5c68ebbp-317,0x1.72ad1fd089947p-470,0x1.99e86b5c68ebcp-317,5.99705021181457568e-96
11,188,0x1.f347dc4dbb559p-319,0x1.72ad1fd089947p-470,0x1.f347dc4dbb55ap-319,1.82614896284028041e-96
11,189,0x1.3000c18cf9a21p-320,0x1.72ad1fd089947p-470,0x1.3000c18cf9a22p-320,5.55954468144881718e-97
11,190,0x1.721f663ddb6d9p-322,0x1.72ad1fd089947p-470,0x1.721f663ddb6dap-322,1.69218210623830359e-97
11,191,0x1.c2865a7aaf56fp-324,0x1.72ad1fd089947p-470,0x1.c2865a7aaf57p-324,5.14944186552162962e-98
11,192,0x1.122303b9a6e23p-325,0x1.72ad1fd089947p-470,0x1.122303b9a6e24p-325,1.56667438994264194e-98
11,193,0x1.4d8afd1b3652cp-327,0x1.72ad1fd089947p-470,0x1.4d8afd1b3652dp-327,4.76544196580240881e-99
11,194,0x1.95bc217cb457ep-329,0x1.72ad1fd089947p-470,0x1.95bc217cb457fp-329,1.44921830897029915e-99
11,195,0x1.ed7221e578377p-331,0x1.72ad1fd089947p-470,0x1.ed7221e578378p-331,4.40626845037433481e-100
11,196,0x1.2bfe9f057737bp-332,0x1.72ad1fd089947p-470,0x1.2bfe9f057737cp-332,1.33941430165628384e-100
11,197,0x1.6cb0cc308dba1p-334,0x1.72ad1fd089947p-470,0x1.6cb0cc308dba2p-334,4.07067163524608910e-101
11,198,0x1.bb3e8d0922697p-336,0x1.72ad1fd089947p-470,0x1.bb3e8d0922698p-336,1.23687180503972706e-101
11,199,0x1.0d4d511806c28p-337,0x1.72ad1fd089947p-470,0x1.0d4d511806c29p-337,3.75743178414252368e-102
11,200,0x1.472ba54ac8645p-339,0x1.72ad1fd089947p-470,0x1.472ba54ac8646p-339,1.14121016206974770e-102
11,201,0x1.8d63dedabdc1cp-341,0x1.72ad1fd089947p-470,0x1.8d63dedabdc1dp-341,3.46536175316258390e-103
11,202,0x1.e29450525ab7dp-343,0x1.72ad1fd089947p-470,0x1.e29450525ab7ep-343,1.05205938919545643e-103
11,203,0x1.24f439feb2aafp-344,0x1.72ad1fd089947p-470,0x1.24f439feb2abp-344,3.19330920770679792e-104
11,204,0x1.639b39304b2a4p-346,0x1.72ad1fd089947p-470,0x1.639b39304b2a5p-346,9.69060813085530172e-105
11,205,0x1.af91658fb8c57p-348,0x1.72ad1fd089947p-470,0x1.af91658fb8c58p-348,2.94015843949968771e-105
11,206,0x1.05d2d91b52999p-349,0x1.72ad1fd089947p-470,0x1.05d2d91b5299ap-349,8.91867585305768014e-106
11,207,0x1.3d9ee1e62b2c7p-351,0x1.72ad1fd089947p-470,0x1.3d9ee1e62b2c8p-351,2.70483181166357165e-106
11,208,0x1.813aa84ead228p-353,0x1.72ad1fd089947p-470,0x1.813aa84ead229p-353,8.20145083788616665e-107
11,209,0x1.d321fef4c0f4bp-355,0x1.72ad1fd089947p-470,0x1.d321fef4c0f4cp-355,2.48629085968688710e-107
11,210,0x1.1b2ac3eccf9b5p-356,0x1.72ad1fd089947p-470,0x1.1b2ac3eccf9b6p-356,7.53571209853409579e-108
11,211,0x1.573b2180a8ca8p-358,0x1.72ad1fd089947p-470,0x1.573b2180a8ca9p-358,2.28353707579832677e-108
11,212,0x1.9ff365951c2ddp-360,0x1.72ad1fd089947p-470,0x1.9ff365951c2dep-360,6.91836589400761570e-109
11,213,0x1.f7f9b52aaa96dp-362,0x1.72ad1fd089947p-470,0x1.f7f9b52aaa96ep-362,2.09561240372119660e-109
11,214,0x1.31409b1a3f2f5p-363,0x1.72ad1fd089947p-470,0x1.31409b1a3f2f6p-363,6.34644686707513613e-110
11,215,0x1.71b397c0b965p-365,0x1.72ad1fd089947p-470,0x1.71b397c0b9651p-365,1.92159947009293853e-110
11,216,0x1.bfab1142c4a29p-367,0x1.72ad1fd089947p-470,0x1.bfab1142c4a2ap-367,5.81711839005483549e-111
11,217,0x1.0efc05b71d432p-368,0x1.72ad1fd089947p-470,0x1.0efc05b71d433p-368,1.76062157798707554e-111
11,218,0x1.480063a0e95e9p-370,0x1.72ad1fd089947p-470,0x1.480063a0e95eap-370,5.32767219742162374e-112
11,219,0x1.8cefb968f96c3p-372,0x1.72ad1fd089947p-470,0x1.8cefb968f96c4p-372,1.61184248702241958e-112
11,220,0x1.e0438ef689e87p-374,0x1.72ad1fd089947p-470,0x1.e0438ef689e88p-374,4.87552738100778009e-113
11,221,0x1.227c0e49e7557p-375,0x1.72ad1fd089947p-470,0x1.227c0e49e7558p-375,1.47446600348298343e-113
11,222,0x1.5f5389a78ce29p-377,0x1.72ad1fd089947p-470,0x1.5f5389a78ce2ap-377,4.45822882012322659e-114
11,223,0x1.a8d3eca2abd5dp-379,0x1.72ad1fd089947p-470,0x1.a8d3eca2abd5ep-379,1.34773540274408053e-114
11,224,0x1.00cd950b2213dp-380,0x1.72ad1fd089947p-470,0x1.00cd950b2213ep-380,4.07344511522383391e-115
11,225,0x1.3668654c1b183p-382,0x1.72ad1fd089947p-470,0x1.3668654c1b184p-382,1.23093270510916023e-115
11,226,0x1.7720ff509b58p-384,0x1.72ad1fd089947p-470,0x1.7720ff509b581p-384,3.71896608994554661e-116
11,227,0x1.c541b0a7b6318p-386,0x1.72ad1fd089947p-470,0x1.c541b0a7b6319p-386,1.12337782493228673e-116
11,228,0x1.11c66445a1cfcp-387,0x1.72ad1fd089947p-470,0x1.11c66445a1cfdp-387,3.39269992237474414e-117
11,229,0x1.4aaa7f97c24c1p-389,0x1.72ad1fd089947p-470,0x1.4aaa7f97c24c2p-389,1.02442761165074741e-117
11,230,0x1.8f4d659bd3603p-391,0x1.72ad1fd089947p-470,0x1.8f4d659bd3604p-391,3.09266996245505160e-118
11,231,0x1.e217d15250e7dp-393,0x1.72ad1fd089947p-470,0x1.e217d15250e7ep-393,9.33474800084987900e-119
11,232,0x1.22f815c62215cp-394,0x1.72ad1fd089947p-470,0x1.22f815c62215dp-394,2.81701128842529041e-119
11,233,0x1.5f29fe73cd602p-396,0x1.72ad1fd089947p-470,0x1.5f29fe73cd603p-396,8.49946886106879115e-120
11,234,0x1.a7bb3f0ba3b4ap-398,0x1.72ad1fd089947p-470,0x1.a7bb3f0ba3b4bp-398,2.56396705121908780e-120
11,235,0x1.ff32a629d1637p-400,0x1.72ad1fd089947p-470,0x1.ff32a629d1638p-400,7.73304942525568066e-121
11,236,0x1.344d1ef37c223p-401,0x1.72ad1fd089947p-470,0x1.344d1ef37c224p-401,2.33188465184500830e-121
11,237,0x1.73cce01085ce4p-403,0x1.72ad1fd089947p-470,0x1.73cce01085ce5p-403,7.03042388819935406e-122
11,238,0x1.c04b2b9188cb8p-405,0x1.72ad1fd089947p-470,0x1.c04b2b9188cb9p-405,2.11921179293658895e-122
11,239,0x1.0e362e24dba6ap-406,0x1.72ad1fd089947p-470,0x1.0e362e24dba6bp-406,6.38683727150262757e-123
11,240,0x1.45aeb77b434e3p-408,0x1.72ad1fd089947p-470,0x1.45aeb77b434e4p-408,1.92449244195526990e-123
11,241,0x1.8877b767ef767p-410,0x1.72ad1fd089947p-470,0x1.8877b767ef768p-410,5.79783255929657646e-124
11,242,0x1.d8dc2d14d1492p-412,0x1.72ad1fd089947p-470,0x1.d8dc2d14d1493p-412,1.74636273993371715e-124
11,243,0x1.1ccea523fe784p-413,0x1.72ad1fd089947p-470,0x1.1ccea523fe785p-413,5.25923771122650278e-125
11,244,0x1.57050c99367e7p-415,0x1.72ad1fd089947p-470,0x1.57050c99367e8p-415,1.58354688622020389e-125
11,245,0x1.9d0dead43dc75p-417,0x1.72ad1fd089947p-470,0x1.9d0dead43dc77p-417,4.76715264377061319e-126
11,246,0x1.f14bf3ba0d20fp-419,0x1.72ad1fd089947p-470,0x1.f14bf3ba0d213p-419,1.43485302639469511e-126
11,247,0x1.2b4e268579785p-420,0x1.72ad1fd089947p-470,0x1.2b4e26857978cp-420,4.31793626084395306e-127
11,248,0x1.68377981e5d87p-422,0x1.72ad1fd089947p-470,0x1.68377981e5d9fp-422,1.29916916742660612e-127
11,249,0x1.b171f88ac8749p-424,0x1.72ad1fd089947p-470,0x1.b171f88ac87a7p-424,3.90819360507389065e-128
11,250,0x1.04bb9873fb349p-425,0x1.72ad1fd089947p-470,0x1.04bb9873fb403p-425,1.17545914120166329e-128
11,251,0x1.399f9627772bap-427,0x1.72ad1fd089947p-470,0x1.399f9627775ap-427,3.53476319215170687e-129
11,252,0x1.792cc42bd4aa9p-429,0x1.72ad1fd089947p-470,0x1.792cc42bd563fp-429,1.06275863479807816e-129
11,253,0x1.c585c009f868dp-431,0x1.72ad1fd089947p-470,0x1.c585c009fb4e4p-431,3.19470458222556816e-130
11,254,0x1.109cf7f0f48c7p-432,0x1.72ad1fd089947p-470,0x1.109cf7f0fa573p-432,9.60171303316490754e-131
11,255,0x1.47ad82b8fa46p-434,0x1.72ad1fd089947p-470,0x1.47ad82b91170ep-434,2.88528623449825702e-131
11,256,0x1.89cb5d9a4a3abp-436,0x1.72ad1fd089947p-470,0x1.89cb5d9aa6e6p-436,8.66864978702373355e-132
11,257,0x1.d92acf6d210a9p-438,0x1.72ad1fd089947p-470,0x1.d92acf6e93b7cp-438,2.60397368408677106e-132
11,258,0x1.1c37f9583931dp-439,0x1.72ad1fd089947p-470,0x1.1c37f95b1e8c2p-439,7.82067985975990064e-133
11,259,0x1.55625d7b58bap-441,0x1.72ad1fd089947p-470,0x1.55625d86ee231p-441,2.34841807541757421e-133
11,260,0x1.99f9a4b5f429bp-443,0x1.72ad1fd089947p-470,0x1.99f9a4e449cdcp-443,7.05065578157939528e-134
11,261,0x1.ec42b3769571fp-445,0x1.72ad1fd089947p-470,0x1.ec42b42fec01fp-445,2.11644509935585409e-134
11,262,0x1.277a88e42f398p-446,0x1.72ad1fd089947p-470,0x1.277a8a56dc596p-446,6.35196518484353372e-135
11,263,0x1.62a8b33067681p-448,0x1.72ad1fd089947p-470,0x1.62a8b8fb1be76p-448,1.90604456803758393e-135
11,264,0x1.a99e295c8c179p-450,0x1.72ad1fd089947p-470,0x1.a99e40875e14bp-450,5.71850029901087205e-136
11,265,0x1.feaf440f75df5p-452,0x1.72ad1fd089947p-470,0x1.feafa0babdd38p-452,1.71536279440937083e-136
11,266,0x1.3252c504fbee4p-453,0x1.72ad1fd089947p-470,0x1.32537e5b8bd69p-453,5.14465275701220016e-137
11,267,0x1.6f6b41ec563a2p-455,0x1.72ad1fd089947p-470,0x1.6f6e274695db4p-455,1.54271946555635886e-137
11,268,0x1.b89f6ae9c9c1fp-457,0x1.72ad1fd089947p-470,0x1.b8ab0052c8465p-457,4.62555133091119273e-138
11,269,0x1.0828828a1ad59p-458,0x1.72ad1fd089947p-470,0x1.083fad5c17de4p-458,1.38686741425620603e-138
11,270,0x1.3cab9dc2caf3bp-460,0x1.72ad1fd089947p-470,0x1.3d08490abf162p-460,4.15973466214053686e-139
11,271,0x1.7b8831e60bef8p-462,0x1.72ad1fd089947p-470,0x1.7cfadf05dc792p-462,1.24969541410774827e-139
11,272,0x1.c6b529d0328cfp-464,0x1.72ad1fd089947p-470,0x1.cc7fde4f74b35p-464,3.77634093520976506e-140
11,273,0x1.102ff7bd8e056p-465,0x1.72ad1fd089947p-470,0x1.1bc560bc12521p-465,1.16353666380962943e-140
11,274,0x1.45467bd96bfefp-467,0x1.72ad1fd089947p-470,0x1.739c1fd37d319p-467,3.80924835823128153e-141
11,275,0x1.82d945f6e2fb2p-469,0x1.72ad1fd089947p-470,0x1.1e17eaef93e2cp-468,1.46632401156139944e-141
11,276,0x1.c610ede8b23cbp-471,0x1.72ad1fd089947p-470,0x1.2adacb6271597p-469,7.65864799383858550e-142
11,277,0x1.0117123746c3ap-472,0x1.72ad1fd089947p-470,0x1.b2f2e45e5b457p-470,5.57314325760115242e-142
11,278,0x1.07826205d0239p-474,0x1.72ad1fd089947p-470,0x1.832545f0e696cp-470,4.96062501159563590e-142
11,279,0x1.8aad8fac917e1p-477,0x1.72ad1fd089947p-470,0x1.75c27aefe2b78p-470,4.78910690398468294e-142
11,280,0x0p+0,0x1.72ad1fd089947p-470,0x1.72ad1fd089947p-470,4.74959799904113290e-142
12,0,0x1.2d1d48013e74p-4,0x1.92b48a5cdd944p-460,0x1.2d1d48013e741p-4,7.35142529191792488e-02
12,1,0x1.b1a5a054c1e4cp-6,0x1.92b48a5cdd944p-460,0x1.b1a5a054c1e4dp-6,2.64677110417593127e-02
12,2,0x1.2a5df0c079bf4p-7,0x1.92b48a5cdd944p-460,0x1.2a5df0c079bf5p-7,9.10543685399820869e-03
12,3,0x1.8ead36a53111bp-9,0x1.92b48a5cdd944p-460,0x1.8ead36a53111cp-9,3.04166118675842749e-03
12,4,0x1.064c7216fd8fp-10,0x1.92b48a5cdd944p-460,0x1.064c7216fd8f1p-10,1.00058981274525290e-03
12,5,0x1.5785be15c87f6p-12,0x1.92b48a5cdd944p-460,0x1.5785be15c87f7p-12,3.27608520239163826e-04
12,6,0x1.c2b2c162afce7p-14,0x1.92b48a5cdd944p-460,0x1.c2b2c162afce8p-14,1.07454839546317440e-04
12,7,0x1.28fcd6925b16fp-15,0x1.92b48a5cdd944p-460,0x1.28fcd6925b17p-15,3.54036866550858044e-05
12,8,0x1.8937c764221e5p-17,0x1.92b48a5cdd944p-460,0x1.8937c764221e6p-17,1.17188062136599953e-05
12,9,0x1.053cac37db459p-18,0x1.92b48a5cdd944p-460,0x1.053cac37db45ap-18,3.89273468913178812e-06
12,10,0x1.5bddb25dc7508p-20,0x1.92b48a5cdd944p-460,0x1.5bddb25dc7509p-20,1.29590184578333668e-06
12,11,0x1.cfb2e60692b01p-22,0x1.92b48a5cdd944p-460,0x1.cfb2e60692b02p-22,4.31853181136088169e-07
12,12,0x1.351da3d6f19c9p-23,0x1.92b48a5cdd944p-460,0x1.351da3d6f19cap-23,1.43943252621342337e-07
12,13,0x1.9bffa3d36e759p-25,0x1.92b48a5cdd944p-460,0x1.9bffa3d36e75ap-25,4.79629488586117031e-08
12,14,0x1.1261a438315f5p-26,0x1.92b48a5cdd944p-460,0x1.1261a438315f6p-26,1.59711001930270462e-08
12,15,0x1.6d25f4a417e58p-28,0x1.92b48a5cdd944p-460,0x1.6d25f4a417e59p-28,5.31360658606364281e-09
12,16,0x1.e576bcba40599p-30,0x1.92b48a5cdd944p-460,0x1.e576bcba4059ap-30,1.76610707877913356e-09
12,17,0x1.425f9eccd8819p-31,0x1.92b48a5cdd944p-460,0x1.425f9eccd881ap-31,5.86394011131103473e-10
12,18,0x1.abafb74a56c29p-33,0x1.92b48a5cdd944p-460,0x1.abafb74a56c2ap-33,1.94489253107959756e-10
12,19,0x1.1b65b52fb7a09p-34,0x1.92b48a5cdd944p-460,0x1.1b65b52fb7a0ap-34,6.44370847874126212e-11
12,20,0x1.772de5d9f4414p-36,0x1.92b48a5cdd944p-460,0x1.772de5d9f4415p-36,2.13264734443199192e-11
12,21,0x1.f02def0c29c47p-38,0x1.92b48a5cdd944p-460,0x1.f02def0c29c48p-38,7.05113377571203794e-12
12,22,0x1.47c7a2f6ecd0bp-39,0x1.92b48a5cdd944p-460,0x1.47c7a2f6ecd0cp-39,2.32901577413506280e-12
12,23,0x1.b0a923b1e8b6dp-41,0x1.92b48a5cdd944p-460,0x1.b0a923b1e8b6ep-41,7.68559795204421807e-13
12,24,0x1.1d4b4e76984c5p-42,0x1.92b48a5cdd944p-460,0x1.1d4b4e76984c6p-42,2.53392121511412930e-13
12,25,0x1.77ebc49e0591fp-44,0x1.92b48a5cdd944p-460,0x1.77ebc49e0592p-44,8.34712230205452297e-14
12,26,0x1.eeee99940899dp-46,0x1.92b48a5cdd944p-460,0x1.eeee99940899ep-46,2.74742468174946954e-14
12,27,0x1.458e60fed2ea3p-47,0x1.92b48a5cdd944p-460,0x1.458e60fed2ea4p-47,9.03599882508091693e-15
12,28,0x1.abf816f4fdc7bp-49,0x1.92b48a5cdd944p-460,0x1.abf816f4fdc7cp-49,2.96963218110444047e-15
12,29,0x1.1919387d9b0fdp-50,0x1.92b48a5cdd944p-460,0x1.1919387d9b0fep-50,9.75256397267834935e-16
12,30,0x1.71023d8dc0c9cp-52,0x1.92b48a5cdd944p-460,0x1.71023d8dc0c9dp-52,3.20064072238039236e-16
12,31,0x1.e4178f691c00bp-54,0x1.92b48a5cdd944p-460,0x1.e4178f691c00cp-54,1.04970726560201038e-16
12,32,0x1.3d54bcbac05f8p-55,0x1.92b48a5cdd944p-460,0x1.3d54bcbac05f9p-55,3.44050964783385033e-17
12,33,0x1.9fc6b19fcd7ffp-57,0x1.92b48a5cdd944p-460,0x1.9fc6b19fcd8p-57,1.12696350686411050e-17
12,34,0x1.1037e95097ebfp-58,0x1.92b48a5cdd944p-460,0x1.1037e95097ecp-58,3.68924731058044921e-18
12,35,0x1.643fc7b0be427p-60,0x1.92b48a5cdd944p-460,0x1.643fc7b0be428p-60,1.20701903869945120e-18
12,36,0x1.d1f4e7be7c147p-62,0x1.92b48a5cdd944p-460,0x1.d1f4e7be7c148p-62,3.94680643973143934e-19
12,37,0x1.308ea6b246143p-63,0x1.92b48a5cdd944p-460,0x1.308ea6b246144p-63,1.28985004526737665e-19
12,38,0x1.8dea1eafc8b77p-65,0x1.92b48a5cdd944p-460,0x1.8dea1eafc8b78p-65,4.21308397161306937e-20
12,39,0x1.03cf00d1bcb8fp-66,0x1.92b48a5cdd944p-460,0x1.03cf00d1bcb9p-66,1.37541530921925090e-20
12,40,0x1.53190da5e92fcp-68,0x1.92b48a5cdd944p-460,0x1.53190da5e92fdp-68,4.48792286840444036e-21
12,41,0x1.ba5cf83d6cf1bp-70,0x1.92b48a5cdd944p-460,0x1.ba5cf83d6cf1cp-70,1.46365692803864204e-21
12,42,0x1.20656c2bd622cp-71,0x1.92b48a5cdd944p-460,0x1.20656c2bd622dp-71,4.77111460658534555e-22
12,43,0x1.77daf58b43722p-73,0x1.92b48a5cdd944p-460,0x1.77daf58b43723p-73,1.55450112449364891e-22
12,44,0x1.e99afee633765p-75,0x1.92b48a5cdd944p-460,0x1.e99afee633766p-75,5.06240172070218866e-23
12,45,0x1.3ebe06dc13cc5p-76,0x1.92b48a5cdd944p-460,0x1.3ebe06dc13cc6p-76,1.64785902802524606e-23
12,46,0x1.9ed30e407ee78p-78,0x1.92b48a5cdd944p-460,0x1.9ed30e407ee79p-78,5.36148017581536663e-24
12,47,0x1.0dd0327a2924p-79,0x1.92b48a5cdd944p-460,0x1.0dd0327a29241p-79,1.74362739168887345e-24
12,48,0x1.5ed511c0c04a7p-81,0x1.92b48a5cdd944p-460,0x1.5ed511c0c04a8p-81,5.66800153488533072e-25
12,49,0x1.c7faec95f83d5p-83,0x1.92b48a5cdd944p-460,0x1.c7faec95f83d6p-83,1.84168925005580292e-25
12,50,0x1.283178935b9f5p-84,0x1.92b48a5cdd944p-460,0x1.283178935b9f6p-84,5.98157496906887509e-26
12,51,0x1.80a2c3e4fd02bp-86,0x1.92b48a5cdd944p-460,0x1.80a2c3e4fd02cp-86,1.94191453849953690e-26
12,52,0x1.f34710540468ep-88,0x1.92b48a5cdd944p-460,0x1.f34710540468fp-88,6.30176918224692338e-27
12,53,0x1.43e902533d332p-89,0x1.92b48a5cdd944p-460,0x1.43e902533d333p-89,2.04416069646128464e-27
12,54,0x1.a41b4db7b9fd6p-91,0x1.92b48a5cdd944p-460,0x1.a41b4db7b9fd7p-91,6.62811431717975675e-28
12,55,0x1.1053741d58004p-92,0x1.92b48a5cdd944p-460,0x1.1053741d58005p-92,2.14827327395676235e-28
12,56,0x1.60eb5061ceb1bp-94,0x1.92b48a5cdd944p-460,0x1.60eb5061ceb1cp-94,6.96010389651849462e-29
12,57,0x1.c92edd8be23d7p-96,0x1.92b48a5cdd944p-460,0x1.c92edd8be23d8p-96,2.25408655561217087e-29
12,58,0x1.28026ca67a4d9p-97,0x1.92b48a5cdd944p-460,0x1.28026ca67a4dap-97,7.29719683599062621e-30
12,59,0x1.7f29b96082854p-99,0x1.92b48a5cdd944p-460,0x1.7f29b96082855p-99,2.36142421170600551e-30
12,60,0x1.efc9a8f99abffp-101,0x1.92b48a5cdd944p-460,0x1.efc9a8f99acp-101,7.63881955307234777e-31
12,61,0x1.40a326b535656p-102,0x1.92b48a5cdd944p-460,0x1.40a326b535657p-102,2.47009998172820509e-31
12,62,0x1.9e927509d447fp-104,0x1.92b48a5cdd944p-460,0x1.9e927509d448p-104,7.98436818347039680e-32
12,63,0x1.0be9febe95a05p-105,0x1.92b48a5cdd944p-460,0x1.0be9febe95a06p-105,2.57991839297245527e-32
12,64,0x1.5a25e5dbf2c53p-107,0x1.92b48a5cdd944p-460,0x1.5a25e5dbf2c54p-107,8.33321090967807393e-33
12,65,0x1.bf10add8b0f23p-109,0x1.92b48a5cdd944p-460,0x1.bf10add8b0f24p-109,2.69067551453317299e-33
12,66,0x1.20992cd594ec1p-110,0x1.92b48a5cdd944p-460,0x1.20992cd594ec2p-110,8.68469040021273380e-34
12,67,0x1.74788e1935ac8p-112,0x1.92b48a5cdd944p-460,0x1.74788e1935ac9p-112,2.80215974559514146e-34
12,68,0x1.e08c99e3f1c7dp-114,0x1.92b48a5cdd944p-460,0x1.e08c99e3f1c7ep-114,9.03812635426603664e-35
12,69,0x1.35e2c7d037003p-115,0x1.92b48a5cdd944p-460,0x1.35e2c7d037004p-115,2.91415263589342221e-35
12,70,0x1.8f86bb83eb641p-117,0x1.92b48a5cdd944p-460,0x1.8f86bb83eb642p-117,9.39281814386569720e-36
12,71,0x1.0175cd992d269p-118,0x1.92b48a5cdd944p-460,0x1.0175cd992d26ap-118,3.02642973553313173e-36
12,72,0x1.4bb57872222e4p-120,0x1.92b48a5cdd944p-460,0x1.4bb57872222e5p-120,9.74804754384011114e-37
12,73,0x1.ab39dfeba16fbp-122,0x1.92b48a5cdd944p-460,0x1.ab39dfeba16fcp-122,3.13876147088090191e-37
12,74,0x1.130833c4dc685p-123,0x1.92b48a5cdd944p-460,0x1.130833c4dc686p-123,1.01030815386024486e-37
12,75,0x1.61fe41d5a4c2fp-125,0x1.92b48a5cdd944p-460,0x1.61fe41d5a4c3p-125,3.25091404289624031e-38
12,76,0x1.c7796655d2abdp-127,0x1.92b48a5cdd944p-460,0x1.c7796655d2abep-127,1.04571751938349423e-38
12,77,0x1.24ed9bc78bd8cp-128,0x1.92b48a5cdd944p-460,0x1.24ed9bc78bd8dp-128,3.36265034401296824e-39
12,78,0x1.78a8a09b43431p-130,0x1.92b48a5cdd944p-460,0x1.78a8a09b43432p-130,1.08095745804354085e-39
12,79,0x1.e42adc243182cp-132,0x1.92b48a5cdd944p-460,0x1.e42adc243182dp-132,3.47373088947926286e-40
12,80,0x1.3714fe75d3cd2p-133,0x1.92b48a5cdd944p-460,0x1.3714fe75d3cd3p-133,1.11595197375189461e-40
12,81,0x1.8f9eae70e2d07p-135,0x1.92b48a5cdd944p-460,0x1.8f9eae70e2d08p-135,3.58391475890372535e-41
12,82,0x1.00990fcbba361p-136,0x1.92b48a5cdd944p-460,0x1.00990fcbba362p-136,1.15062476608109745e-41
12,83,0x1.496c4f86410fp-138,0x1.92b48a5cdd944p-460,0x1.496c4f86410f1p-138,3.69296054362581829e-42
12,84,0x1.a6c949a803fbdp-140,0x1.92b48a5cdd944p-460,0x1.a6c949a803fbep-140,1.18489953024071612e-42
12,85,0x1.0f38c9a603f09p-141,0x1.92b48a5cdd944p-460,0x1.0f38c9a603f0ap-141,3.80062729543002708e-43
12,86,0x1.5be09efc0e9d9p-143,0x1.92b48a5cdd944p-460,0x1.5be09efc0e9dap-143,1.21870025676094997e-43
12,87,0x1.be104081aa1f4p-145,0x1.92b48a5cdd944p-460,0x1.be104081aa1f5p-145,3.90667547205317509e-44
12,88,0x1.1de52b1c9b886p-146,0x1.92b48a5cdd944p-460,0x1.1de52b1c9b887p-146,1.25195152943738379e-44
12,89,0x1.6e5e3d4d477b6p-148,0x1.92b48a5cdd944p-460,0x1.6e5e3d4d477b7p-148,4.01086787489525839e-45
12,90,0x1.d55a7fc6ac1d3p-150,0x1.92b48a5cdd944p-460,0x1.d55a7fc6ac1d4p-150,1.28457882008307694e-45
12,91,0x1.2c8e3fd3e852fp-151,0x1.92b48a5cdd944p-460,0x1.2c8e3fd3e853p-151,4.11297057433721484e-46
12,92,0x1.80d0e1e8df3afp-153,0x1.92b48a5cdd944p-460,0x1.80d0e1e8df3bp-153,1.31650877863732500e-46
12,93,0x1.ec8e443479fc7p-155,0x1.92b48a5cdd944p-460,0x1.ec8e443479fc8p-155,4.21275381809561164e-47
12,94,0x1.3b23af41b13e9p-156,0x1.92b48a5cdd944p-460,0x1.3b23af41b13eap-156,1.34766951719425351e-47
12,95,0x1.9323d3b66fc74p-158,0x1.92b48a5cdd944p-460,0x1.9323d3b66fc75p-158,4.30999291810585076e-48
12,96,0x1.01c8a71c9f4acp-159,0x1.92b48a5cdd944p-460,0x1.01c8a71c9f4adp-159,1.37799088653955487e-48
12,97,0x1.4994ddacadeafp-161,0x1.92b48a5cdd944p-460,0x1.4994ddacadebp-161,4.40446911152280565e-49
12,98,0x1.a542131fdbcb7p-163,0x1.92b48a5cdd944p-460,0x1.a542131fdbcb8p-163,1.40740474381988028e-49
12,99,0x1.0d248bb7898e6p-164,0x1.92b48a5cdd944p-460,0x1.0d248bb7898e7p-164,4.49597039155998404e-50
12,100,0x1.57d10e261bdp-166,0x1.92b48a5cdd944p-460,0x1.57d10e261bd01p-166,1.43584521001706240e-50
12,101,0x1.b716852d642c1p-168,0x1.92b48a5cdd944p-460,0x1.b716852d642c2p-168,4.58429230405600576e-51
12,102,0x1.184d849e8bbcep-169,0x1.92b48a5cdd944p-460,0x1.184d849e8bbcfp-169,1.46324891595755798e-51
12,103,0x1.65c7851b562bdp-171,0x1.92b48a5cdd944p-460,0x1.65c7851b562bep-171,4.66923870585857590e-52
12,104,0x1.c88c1f370b4f3p-173,0x1.92b48a5cdd944p-460,0x1.c88c1f370b4f4p-173,1.48955523565631962e-52
12,105,0x1.233659ff7ba22p-174,0x1.92b48a5cdd944p-460,0x1.233659ff7ba23p-174,4.75062248134921513e-53
12,106,0x1.7367ab1a0b89fp-176,0x1.92b48a5cdd944p-460,0x1.7367ab1a0b8ap-176,1.51470650587295633e-53
12,107,0x1.d98e12aa988b5p-178,0x1.92b48a5cdd944p-460,0x1.d98e12aa988b6p-178,4.82826621369545585e-54
12,108,0x1.2dd20307f1046p-179,0x1.92b48a5cdd944p-460,0x1.2dd20307f1047p-179,1.53864823084565537e-54
12,109,0x1.80a12f601109ap-181,0x1.92b48a5cdd944p-460,0x1.80a12f601109bp-181,4.90200280770698569e-55
12,110,0x1.ea07f8644cf7bp-183,0x1.92b48a5cdd944p-460,0x1.ea07f8644cf7cp-183,1.56132927126402750e-55
12,111,0x1.3813c10ab07edp-184,0x1.92b48a5cdd944p-460,0x1.3813c10ab07eep-184,4.97167606148738930e-56
12,112,0x1.8d6429d00d7f4p-186,0x1.92b48a5cdd944p-460,0x1.8d6429d00d7f5p-186,1.58270201664486902e-56
12,113,0x1.f9e5fb1968a5p-188,0x1.92b48a5cdd944p-460,0x1.f9e5fb1968a51p-188,5.03714118440772599e-57
12,114,0x1.41ef39f45fa6ep-189,0x1.92b48a5cdd944p-460,0x1.41ef39f45fa6fp-189,1.60272254038386278e-57
12,115,0x1.99a13be6428a7p-191,0x1.92b48a5cdd944p-460,0x1.99a13be6428a8p-191,5.09826525928084527e-58
12,116,0x1.048a802b79c6fp-192,0x1.92b48a5cdd944p-460,0x1.048a802b79c7p-192,1.62135073686986413e-58
12,117,0x1.4b5891c16cf79p-194,0x1.92b48a5cdd944p-460,0x1.4b5891c16cf7ap-194,5.15492764698149094e-59
12,118,0x1.a549b04c875cbp-196,0x1.92b48a5cdd944p-460,0x1.a549b04c875ccp-196,1.63855044016574697e-59
12,119,0x1.0bc167ce5eccfp-197,0x1.92b48a5cdd944p-460,0x1.0bc167ce5ecdp-197,5.20702033213291358e-60
12,120,0x1.544482aafc882p-199,0x1.92b48a5cdd944p-460,0x1.544482aafc883p-199,1.65428952388003115e-60
12,121,0x1.b04f98b1fbad7p-201,0x1.92b48a5cdd944p-460,0x1.b04f98b1fbad8p-201,5.25444820886229716e-61
12,122,0x1.128f1b9206b7dp-202,0x1.92b48a5cdd944p-460,0x1.128f1b9206b7ep-202,1.66853998197437097e-61
12,123,0x1.5ca873c5cc5f8p-204,0x1.92b48a5cdd944p-460,0x1.5ca873c5cc5f9p-204,5.29712930601113455e-62
12,124,0x1.baa5e991eb636p-206,0x1.92b48a5cdd944p-460,0x1.baa5e991eb637p-206,1.68127799037342939e-62
12,125,0x1.18eb96f564e1cp-207,0x1.92b48a5cdd944p-460,0x1.18eb96f564e1dp-207,5.33499495156954048e-63
12,126,0x1.647a8dd43c727p-209,0x1.92b48a5cdd944p-460,0x1.647a8dd43c728p-209,1.69248394936385851e-63
12,127,0x1.c440939d9d753p-211,0x1.92b48a5cdd944p-460,0x1.c440939d9d754p-211,5.36798987648003853e-64
12,128,0x1.1ecf795367ca9p-212,0x1.92b48a5cdd944p-460,0x1.1ecf795367caap-212,1.70214250688732852e-64
12,129,0x1.6bb1ce13cf981p-214,0x1.92b48a5cdd944p-460,0x1.6bb1ce13cf982p-214,5.39607225832554378e-65
12,130,0x1.cd149a8626991p-216,0x1.92b48a5cdd944p-460,0x1.cd149a8626992p-216,1.71024256294738370e-65
12,131,0x1.243413a8ae281p-217,0x1.92b48a5cdd944p-460,0x1.243413a8ae282p-217,5.41921370577407227e-66
12,132,0x1.724616d6671ffp-219,0x1.92b48a5cdd944p-460,0x1.724616d6672p-219,1.71677725546061768e-66
12,133,0x1.d51828ed992d3p-221,0x1.92b48a5cdd944p-460,0x1.d51828ed992d4p-221,5.43739918499514116e-67
12,134,0x1.29137483d665dp-222,0x1.92b48a5cdd944p-460,0x1.29137483d665ep-222,1.72174392798891435e-67
12,135,0x1.78303dbffc38cp-224,0x1.92b48a5cdd944p-460,0x1.78303dbffc38dp-224,5.45062688958830471e-68
12,136,0x1.dc42a151d49a7p-226,0x1.92b48a5cdd944p-460,0x1.dc42a151d49a8p-226,1.72514407988923520e-68
12,137,0x1.2d687205f36f5p-227,0x1.92b48a5cdd944p-460,0x1.2d687205f36f6p-227,5.45890805587225811e-69
12,138,0x1.7d6a178a81b28p-229,0x1.92b48a5cdd944p-460,0x1.7d6a178a81b29p-229,1.72698329951099776e-69
12,139,0x1.e28cabce8bd63p-231,0x1.92b48a5cdd944p-460,0x1.e28cabce8bd64p-231,5.46226672566672911e-70
12,140,0x1.312eb1dfe3d45p-232,0x1.92b48a5cdd944p-460,0x1.312eb1dfe3d46p-232,1.72727118115808509e-70
12,141,0x1.81ee813ab6ddcp-234,0x1.92b48a5cdd944p-460,0x1.81ee813ab6dddp-234,5.46073945896164464e-71
12,142,0x1.e7f0409fa1f3bp-236,0x1.92b48a5cdd944p-460,0x1.e7f0409fa1f3cp-236,1.72602122661132841e-71
12,143,0x1.3462af408e3f9p-237,0x1.92b48a5cdd944p-460,0x1.3462af408e3fap-237,5.45437499910652673e-72
12,144,0x1.85b966b9dcb8bp-239,0x1.92b48a5cdd944p-460,0x1.85b966b9dcb8cp-239,1.72325073207815363e-72
12,145,0x1.ec68af587d78bp-241,0x1.92b48a5cdd944p-460,0x1.ec68af587d78cp-241,5.44323389336419264e-73
12,146,0x1.3701beaf3d175p-242,0x1.92b48a5cdd944p-460,0x1.3701beaf3d176p-242,1.71898066149952246e-73
12,147,0x1.88c7c6d145c39p-244,0x1.92b48a5cdd944p-460,0x1.88c7c6d145c3ap-244,5.42738807185826226e-74
12,148,0x1.eff2a2d03a163p-246,0x1.92b48a5cdd944p-460,0x1.eff2a2d03a164p-246,1.71323550719832793e-74
12,149,0x1.390a0fd45abd1p-247,0x1.92b48a5cdd944p-460,0x1.390a0fd45abd2p-247,5.40692038810306822e-75
12,150,0x1.8b17b48d783ecp-249,0x1.92b48a5cdd944p-460,0x1.8b17b48d783edp-249,1.70604313889932340e-75
12,151,0x1.f28c21cd7d4c1p-251,0x1.92b48a5cdd944p-460,0x1.f28c21cd7d4c2p-251,5.38192412443640797e-76
12,152,0x1.3a7aad398b33dp-252,0x1.92b48a5cdd944p-460,0x1.3a7aad398b33ep-252,1.69743464218795441e-76
12,153,0x1.8ca85616ee35cp-254,0x1.92b48a5cdd944p-460,0x1.8ca85616ee35dp-254,5.35250246577825178e-77
12,154,0x1.f4348c86fa025p-256,0x1.92b48a5cdd944p-460,0x1.f4348c86fa026p-256,1.68744414750443674e-77
12,155,0x1.3b537a1074ea7p-257,0x1.92b48a5cdd944p-460,0x1.3b537a1074ea8p-257,5.31876794521780908e-78
12,156,0x1.8d79e11647946p-259,0x1.92b48a5cdd944p-460,0x1.8d79e11647947p-259,1.67610865078925079e-78
12,157,0x1.f4ec97173c3a9p-261,0x1.92b48a5cdd944p-460,0x1.f4ec97173c3aap-261,5.28084186498175862e-79
12,158,0x1.3b952e1563179p-262,0x1.92b48a5cdd944p-460,0x1.3b952e156317ap-262,1.66346782690858272e-79
12,159,0x1.8d8d94c0e68bap-264,0x1.92b48a5cdd944p-460,0x1.8d8d94c0e68bbp-264,5.23885369636131879e-80
12,160,0x1.f4b6410b090fdp-266,0x1.92b48a5cdd944p-460,0x1.f4b6410b090fep-266,1.64956383699253981e-80
12,161,0x1.3b414fa8357bbp-267,0x1.92b48a5cdd944p-460,0x1.3b414fa8357bcp-267,5.19294046217712589e-81
12,162,0x1.8ce5b1b1576e9p-269,0x1.92b48a5cdd944p-460,0x1.8ce5b1b1576eap-269,1.63444113081489733e-81
12,163,0x1.f394ca395fadp-271,0x1.92b48a5cdd944p-460,0x1.f394ca395fad1p-271,5.14324610533870308e-82
12,164,0x1.3a5a2c3abdb5p-272,0x1.92b48a5cdd944p-460,0x1.3a5a2c3abdb51p-272,1.61814624533263772e-82
12,165,0x1.8b856fb48322dp-274,0x1.92b48a5cdd944p-460,0x1.8b856fb48322ep-274,5.08992084700809640e-83
12,166,0x1.f18ca51ae229ep-276,0x1.92b48a5cdd944p-460,0x1.f18ca51ae229fp-276,1.60072760048589711e-83
12,167,0x1.38e2cf37ae33cp-277,0x1.92b48a5cdd944p-460,0x1.38e2cf37ae33dp-277,5.03312053781195713e-84
12,168,0x1.8970f1b97143p-279,0x1.92b48a5cdd944p-460,0x1.8970f1b971431p-279,1.58223529333427227e-84
12,169,0x1.eea366dc1425dp-281,0x1.92b48a5cdd944p-460,0x1.eea366dc1425ep-281,4.97300600546063164e-85
12,170,0x1.36def788935fbp-282,0x1.92b48a5cdd944p-460,0x1.36def788935fcp-282,1.56272089157568769e-85
12,171,0x1.86ad381546aacp-284,0x1.92b48a5cdd944p-460,0x1.86ad381546aadp-284,4.90974240202737885e-86
12,172,0x1.eadfb56a69fc1p-286,0x1.92b48a5cdd944p-460,0x1.eadfb56a69fc2p-286,1.54223722745833031e-86
12,173,0x1.34530be3f1b59p-287,0x1.92b48a5cdd944p-460,0x1.34530be3f1b5ap-287,4.84349855401998196e-87
12,174,0x1.8340115032f89p-289,0x1.92b48a5cdd944p-460,0x1.8340115032f8ap-289,1.52083819305532343e-87
12,175,0x1.e64933bf933ecp-291,0x1.92b48a5cdd944p-460,0x1.e64933bf933edp-291,4.77444631824375083e-88
12,176,0x1.31440e0e926bep-292,0x1.92b48a5cdd944p-460,0x1.31440e0e926bfp-292,1.49857853782685465e-88
12,177,0x1.7f3009b224e69p-294,0x1.92b48a5cdd944p-460,0x1.7f3009b224e6ap-294,4.70275994630248589e-89
12,178,0x1.e0e86cb0c2903p-296,0x1.92b48a5cdd944p-460,0x1.e0e86cb0c2904p-296,1.47551366934587451e-89
12,179,0x1.2db78d3c4794ep-297,0x1.92b48a5cdd944p-460,0x1.2db78d3c4794fp-297,4.62861546042627878e-90
12,180,0x1.7a8459c766caap-299,0x1.92b48a5cdd944p-460,0x1.7a8459c766cabp-299,1.45169945801058843e-90
12,181,0x1.dac6bc88f9a21p-301,0x1.92b48a5cdd944p-460,0x1.dac6bc88f9a22p-301,4.55219004314500047e-91
12,182,0x1.29b397bd0580dp-302,0x1.92b48a5cdd944p-460,0x1.29b397bd0580ep-302,1.42719204651223500e-91
12,183,0x1.7544d415bb362p-304,0x1.92b48a5cdd944p-460,0x1.7544d415bb363p-304,4.47366144314611236e-92
12,184,0x1.d3ee39b59fe35p-306,0x1.92b48a5cdd944p-460,0x1.d3ee39b59fe36p-306,1.40204766476935223e-92
12,185,0x1.253eac2321f71p-307,0x1.92b48a5cdd944p-460,0x1.253eac2321f72p-307,4.39320739947258837e-93
12,186,0x1.6f79d23a3f562p-309,0x1.92b48a5cdd944p-460,0x1.6f79d23a3f563p-309,1.37632245097999141e-93
12,187,0x1.cc699ccbf22fdp-311,0x1.92b48a5cdd944p-460,0x1.cc699ccbf22fep-311,4.31100508602780723e-94
12,188,0x1.205faa0ee4d29p-312,0x1.92b48a5cdd944p-460,0x1.205faa0ee4d2ap-312,1.35007227938325517e-94
12,189,0x1.692c21a74c80dp-314,0x1.92b48a5cdd944p-460,0x1.692c21a74c80ep-314,4.22723057815881253e-95
12,190,0x1.c444282c3dfa1p-316,0x1.92b48a5cdd944p-460,0x1.c444282c3dfa2p-316,1.32335259526050572e-95
12,191,0x1.1b1dc2ca64961p-317,0x1.92b48a5cdd944p-460,0x1.1b1dc2ca64962p-317,4.14205834289762477e-96
12,192,0x1.6264f037dae3ap-319,0x1.92b48a5cdd944p-460,0x1.6264f037dae3bp-319,1.29621825764397490e-96
12,193,0x1.bb898f856daeap-321,0x1.92b48a5cdd944p-460,0x1.bb898f856daebp-321,4.05566075424473901e-97
12,194,0x1.158069defa0bp-322,0x1.92b48a5cdd944p-460,0x1.158069defa0b1p-322,1.26872339014005909e-97
12,195,0x1.5b2db8cb968dap-324,0x1.92b48a5cdd944p-460,0x1.5b2db8cb968dbp-324,3.96820763468287340e-98
12,196,0x1.b245df7845e59p-326,0x1.92b48a5cdd944p-460,0x1.b245df7845e5ap-326,1.24092124021319871e-98
12,197,0x1.0f8f45cb767e3p-327,0x1.92b48a5cdd944p-460,0x1.0f8f45cb767e4p-327,3.87986582392030853e-99
12,198,0x1.5390301c00575p-329,0x1.92b48a5cdd944p-460,0x1.5390301c00576p-329,1.21286404721535175e-99
12,199,0x1.a8856595eae27p-331,0x1.92b48a5cdd944p-460,0x1.a8856595eae28p-331,3.79079877567382860e-100
12,200,0x1.095220ffc784fp-332,0x1.92b48a5cdd944p-460,0x1.095220ffc785p-332,1.18460291938850744e-100
12,201,0x1.4b9631f7a8cc8p-334,0x1.92b48a5cdd944p-460,0x1.4b9631f7a8cc9p-334,3.70116618311487034e-101
12,202,0x1.9e5498f0f4465p-336,0x1.92b48a5cdd944p-460,0x1.9e5498f0f4466p-336,1.15618772000959932e-101
12,203,0x1.02d0db3fe1a5bp-337,0x1.92b48a5cdd944p-460,0x1.02d0db3fe1a5cp-337,3.61112363342876831e-102
12,204,0x1.4349af0ce82a8p-339,0x1.92b48a5cdd944p-460,0x1.4349af0ce82a9p-339,1.12766696279112679e-102
12,205,0x1.93c0037392d87p-341,0x1.92b48a5cdd944p-460,0x1.93c0037392d88p-341,3.52082229176142950e-103
12,206,0x1.f826b7196f033p-343,0x1.92b48a5cdd944p-460,0x1.f826b7196f034p-343,1.09908771659913696e-103
12,207,0x1.3ab49b697efc4p-344,0x1.92b48a5cdd944p-460,0x1.3ab49b697efc5p-344,3.43040861466254399e-104
12,208,0x1.88d42c2832872p-346,0x1.92b48a5cdd944p-460,0x1.88d42c2832873p-346,1.07049551949775836e-104
12,209,0x1.ea43055d7bb0fp-348,0x1.92b48a5cdd944p-460,0x1.ea43055d7bb1p-348,3.34002409298065740e-105
12,210,0x1.31e0ddd05b143p-349,0x1.92b48a5cdd944p-460,0x1.31e0ddd05b144p-349,1.04193430208137315e-105
12,211,0x1.7d9d829ca99ccp-351,0x1.92b48a5cdd944p-460,0x1.7d9d829ca99cdp-351,3.24980502401342752e-106
12,212,0x1.dc063cf427f4bp-353,0x1.92b48a5cdd944p-460,0x1.dc063cf427f4cp-353,1.01344632001084233e-106
12,213,0x1.28d8400266c29p-354,0x1.92b48a5cdd944p-460,0x1.28d8400266c2ap-354,3.15988231257697235e-107
12,214,0x1.72284b82855c3p-356,0x1.92b48a5cdd944p-460,0x1.72284b82855c4p-356,9.85072095626124892e-108
12,215,0x1.cd7fbbc1d7879p-358,0x1.92b48a5cdd944p-460,0x1.cd7fbbc1d787ap-358,3.07038130053007853e-108
12,216,0x1.1fa46012de8cfp-359,0x1.92b48a5cdd944p-460,0x1.1fa46012de8dp-359,9.56850368468462775e-109
12,217,0x1.66808ea97135ap-361,0x1.92b48a5cdd944p-460,0x1.66808ea97135bp-361,2.98142162416511786e-109
12,218,0x1.bebe8bca90bf3p-363,0x1.92b48a5cdd944p-460,0x1.bebe8bca90bf4p-363,9.28818054509057690e-110
12,219,0x1.164ea2db3d5f3p-364,0x1.92b48a5cdd944p-460,0x1.164ea2db3d5f4p-364,2.89311709876751854e-110
12,220,0x1.5ab2066b26ac5p-366,0x1.92b48a5cdd944p-460,0x1.5ab2066b26ac6p-366,9.01010213846594116e-111
12,221,0x1.afd14eef5c2ccp-368,0x1.92b48a5cdd944p-460,0x1.afd14eef5c2cdp-368,2.80557562954650284e-111
12,222,0x1.0ce0279e6f8f2p-369,0x1.92b48a5cdd944p-460,0x1.0ce0279e6f8f3p-369,8.73460026606293494e-112
12,223,0x1.4ec8109adabe1p-371,0x1.92b48a5cdd944p-460,0x1.4ec8109adabe2p-371,2.71889914804433337e-112
12,224,0x1.a0c62c99e3908p-373,0x1.92b48a5cdd944p-460,0x1.a0c62c99e3909p-373,8.46198776746247558e-113
12,225,0x1.0361bce6b8932p-374,0x1.92b48a5cdd944p-460,0x1.0361bce6b8933p-374,2.63318357305493494e-113
12,226,0x1.42cda104cc563p-376,0x1.92b48a5cdd944p-460,0x1.42cda104cc564p-376,8.19255843451372221e-114
12,227,0x1.91aac1640fa16p-378,0x1.92b48a5cdd944p-460,0x1.91aac1640fa17p-378,2.54851879500965471e-114
12,228,0x1.f3b7ad4b35d1fp-380,0x1.92b48a5cdd944p-460,0x1.f3b7ad4b35d2p-380,7.92658699776298363e-115
12,229,0x1.36cd35857d583p-381,0x1.92b48a5cdd944p-460,0x1.36cd35857d584p-381,2.46498868272459927e-115
12,230,0x1.828c10c31193ap-383,0x1.92b48a5cdd944p-460,0x1.828c10c31193bp-383,7.66432918179276623e-116
12,231,0x1.e0ad0b3250345p-385,0x1.92b48a5cdd944p-460,0x1.e0ad0b3250346p-385,2.38267111135726671e-116
12,232,0x1.2ad0cbbb4a063p-386,0x1.92b48a5cdd944p-460,0x1.2ad0cbbb4a064p-386,7.40602182574497211e-117
12,233,0x1.737678b74de12p-388,0x1.92b48a5cdd944p-460,0x1.737678b74de13p-388,2.30163801037363900e-117
12,234,0x1.cdb2dfece3a65p-390,0x1.92b48a5cdd944p-460,0x1.cdb2dfece3a66p-390,7.15188306519299564e-118
12,235,0x1.1ee1d8508d051p-391,0x1.92b48a5cdd944p-460,0x1.1ee1d8508d052p-391,2.22195543029463172e-118
12,236,0x1.6475a77d0fdc6p-393,0x1.92b48a5cdd944p-460,0x1.6475a77d0fdc7p-393,6.90211257142423463e-119
12,237,0x1.bad796aad97e9p-395,0x1.92b48a5cdd944p-460,0x1.bad796aad97eap-395,2.14368362696890424e-119
12,238,0x1.13093fd851904p-396,0x1.92b48a5cdd944p-460,0x1.13093fd851905p-396,6.65689184413546725e-120
12,239,0x1.55949334d2966p-398,0x1.92b48a5cdd944p-460,0x1.55949334d2967p-398,2.06687716209909947e-120
12,240,0x1.a828afaef0127p-400,0x1.92b48a5cdd944p-460,0x1.a828afaef0128p-400,6.41638455351085217e-121
12,241,0x1.074f5133c944dp-401,0x1.92b48a5cdd944p-460,0x1.074f5133c944ep-401,1.99158501874264217e-121
12,242,0x1.46dd73754cbe4p-403,0x1.92b48a5cdd944p-460,0x1.46dd73754cbe5p-403,6.18073692762592886e-122
12,243,0x1.95b2b8fddc4acp-405,0x1.92b48a5cdd944p-460,0x1.95b2b8fddc4adp-405,1.91785073050855213e-122
12,244,0x1.f77782e6a8483p-407,0x1.92b48a5cdd944p-460,0x1.f77782e6a8485p-407,5.95007818114225960e-123
12,245,0x1.3859bcb550225p-408,0x1.92b48a5cdd944p-460,0x1.3859bcb550228p-408,1.84571252317388833e-123
12,246,0x1.838149574fc01p-410,0x1.92b48a5cdd944p-460,0x1.838149574fc08p-410,5.72452098128328677e-124
12,247,0x1.e0ab5245d7dabp-412,0x1.92b48a5cdd944p-460,0x1.e0ab5245d7dc5p-412,1.77520346746158023e-124
12,248,0x1.2a121d77f4f4bp-413,0x1.92b48a5cdd944p-460,0x1.2a121d77f4f7ep-413,5.50416194712605546e-125
12,249,0x1.719efd5c660a1p-415,0x1.92b48a5cdd944p-460,0x1.719efd5c6616bp-415,1.70635164173689160e-125
12,250,0x1.ca4705de60ce5p-417,0x1.92b48a5cdd944p-460,0x1.ca4705de6100bp-417,5.28908217832649383e-126
12,251,0x1.1c0e7d22774bdp-418,0x1.92b48a5cdd944p-460,0x1.1c0e7d2277b09p-418,1.63918030340432368e-126
12,252,0x1.601576c356616p-420,0x1.92b48a5cdd944p-460,0x1.601576c357f42p-420,5.07934780947119748e-127
12,253,0x1.b456571c526f5p-422,0x1.92b48a5cdd944p-460,0x1.b456571c58ba3p-422,1.57370806782159820e-127
12,254,0x1.0e55fc60a0414p-423,0x1.92b48a5cdd944p-460,0x1.0e55fc60acd6fp-423,4.87501058637373575e-128
12,255,0x1.4eed5d7544c09p-425,0x1.92b48a5cdd944p-460,0x1.4eed5d7577173p-425,1.50994909359847212e-128
12,256,0x1.9ee3c5aa1667dp-427,0x1.92b48a5cdd944p-460,0x1.9ee3c5aadfc22p-427,4.67610846096349113e-129
12,257,0x1.00eef6fa70bf1p-428,0x1.92b48a5cdd944p-460,0x1.00eef6fc0373bp-428,1.44791327339724452e-129
12,258,0x1.3e2e62704eb1p-430,0x1.92b48a5cdd944p-460,0x1.3e2e627699834p-430,4.48266620362728520e-130
12,259,0x1.89f89bc468fcdp-432,0x1.92b48a5cdd944p-460,0x1.89f89bdd94458p-432,1.38760643150269811e-130
12,260,0x1.e7be0df2b72e5p-434,0x1.92b48a5cdd944p-460,0x1.e7be0e576450fp-434,4.29469605317190997e-131
12,261,0x1.2ddf443b496c9p-435,0x1.92b48a5cdd944p-460,0x1.2ddf4504a3b1dp-435,1.32903055070667345e-131
12,262,0x1.759cf459c75e5p-437,0x1.92b48a5cdd944p-460,0x1.759cf77f30732p-437,4.11219863789227189e-132
12,263,0x1.ce561157becc9p-439,0x1.92b48a5cdd944p-460,0x1.ce561ded631f8p-439,1.27218426509215348e-132
12,264,0x1.1e05d38f8deddp-440,0x1.92b48a5cdd944p-460,0x1.1e05ecbad693bp-440,3.93516654933091488e-133
12,265,0x1.61d7be3e64b2dp-442,0x1.92b48a5cdd944p-460,0x1.61d822eb874a1p-442,1.21706601137802718e-133
12,266,0x1.b5ae2de482aeap-444,0x1.92b48a5cdd944p-460,0x1.b5afc0990d0b9p-444,3.76361459160195952e-134
12,267,0x1.0ea6d88717cbp-445,0x1.92b48a5cdd944p-460,0x1.0ea9fdf02c84dp-445,1.16370395346909021e-134
12,268,0x1.4eae47483d602p-447,0x1.92b48a5cdd944p-460,0x1.4ebadcec90472p-447,3.59787875675965921e-135
12,269,0x1.9dcb502e52233p-449,0x1.92b48a5cdd944p-460,0x1.9dfda6bf9dbefp-449,1.11245563050123625e-135
12,270,0x1.ff85860c7cd96p-451,0x1.92b48a5cdd944p-460,0x1.00277028d5a42p-450,3.44162241414312919e-136
12,271,0x1.3c181fec9f776p-452,0x1.92b48a5cdd944p-460,0x1.3daad476fc55p-452,1.06702479737801863e-136
12,272,0x1.86836e89bd7a5p-454,0x1.92b48a5cdd944p-460,0x1.8cce40b330f0bp-454,3.33211420212985603e-137
12,273,0x1.e21002b3e7a55p-456,0x1.92b48a5cdd944p-460,0x1.fb3b4b59b57eap-456,1.06484974092678912e-137
12,274,0x1.28ef6d25d9f66p-457,0x1.92b48a5cdd944p-460,0x1.5b45fe7175a8fp-457,3.64521838904960433e-138
12,275,0x1.6bdaf00823d43p-459,0x1.92b48a5cdd944p-460,0x1.1a9a9a9b494f3p-458,1.48320166631555260e-138
12,276,0x1.b78c502f21a0dp-461,0x1.92b48a5cdd944p-460,0x1.373d593a37326p-459,8.16745843661081113e-139
12,277,0x1.ff3d677daf0e3p-463,0x1.92b48a5cdd944p-460,0x1.d29c374c93761p-460,6.12232351642113127e-139
12,278,0x1.0c3ec85d458cdp-464,0x1.92b48a5cdd944p-460,0x1.a37876e2b1ed2p-460,5.50381109385491285e-139
12,279,0x1.9993acc14d21cp-467,0x1.92b48a5cdd944p-460,0x1.95e7b1b6602e9p-460,5.32582006599163205e-139
12,280,0x0p+0,0x1.92b48a5cdd944p-460,0x1.92b48a5cdd944p-460,5.28383571285806057e-139
13,0,0x1.2e582ad6fbac8p-4,0x1.31e167a4e085dp-451,0x1.2e582ad6fbac9p-4,7.38145516804521590e-02
13,1,0x1.b44feea6ae2d9p-6,0x1.31e167a4e085dp-451,0x1.b44feea6ae2dap-6,2.66303854539014853e-02
13,2,0x1.2d148a1736cd1p-7,0x1.31e167a4e085dp-451,0x1.2d148a1736cd2p-7,9.18823950489980681e-03
13,3,0x1.93ed1733f0918p-9,0x1.31e167a4e085dp-451,0x1.93ed1733f0919p-9,3.08171184767148639e-03
13,4,0x1.0b2abc15a3156p-10,0x1.31e167a4e085dp-451,0x1.0b2abc15a3157p-10,1.01916096665196298e-03
13,5,0x1.603cf243c0736p-12,0x1.31e167a4e085dp-451,0x1.603cf243c0737p-12,3.35920402207634734e-04
13,6,0x1.d1d6d0ec62e73p-14,0x1.31e167a4e085dp-451,0x1.d1d6d0ec62e74p-14,1.11064702372038100e-04
13,7,0x1.35cd55b6fa3bfp-15,0x1.31e167a4e085dp-451,0x1.35cd55b6fa3cp-15,3.69312869493219724e-05
13,8,0x1.9e6c38e001309p-17,0x1.31e167a4e085dp-451,0x1.9e6c38e00130ap-17,1.23507601870270069e-05
13,9,0x1.166f30e5f8aafp-18,0x1.31e167a4e085dp-451,0x1.166f30e5f8abp-18,4.14899498044306303e-06
13,10,0x1.7745077b413a7p-20,0x1.31e167a4e085dp-451,0x1.7745077b413a8p-20,1.39798836934597024e-06
13,11,0x1.faae00fdb9273p-22,0x1.31e167a4e085dp-451,0x1.faae00fdb9274p-22,4.71882245152336075e-07
13,12,0x1.5658f159fe2b1p-23,0x1.31e167a4e085dp-451,0x1.5658f159fe2b2p-23,1.59417946232555273e-07
13,13,0x1.cebc7fdf1ae6ep-25,0x1.31e167a4e085dp-451,0x1.cebc7fdf1ae6fp-25,5.38695983314316668e-08
13,14,0x1.38ac86b75a672p-26,0x1.31e167a4e085dp-451,0x1.38ac86b75a673p-26,1.82000181292202891e-08
13,15,0x1.a65b55d5e9b3dp-28,0x1.31e167a4e085dp-451,0x1.a65b55d5e9b3ep-28,6.14610003681842914e-09
13,16,0x1.1d1296d15f29p-29,0x1.31e167a4e085dp-451,0x1.1d1296d15f291p-29,2.07417625495790264e-09
13,17,0x1.8086eb7e4110dp-31,0x1.31e167a4e085dp-451,0x1.8086eb7e4110ep-31,6.99450594476300955e-10
13,18,0x1.031ed94962f06p-32,0x1.31e167a4e085dp-451,0x1.031ed94962f07p-32,2.35668724627795846e-10
13,19,0x1.5ceb2107c6194p-34,0x1.31e167a4e085dp-451,0x1.5ceb2107c6195p-34,7.93348755799786579e-11
13,20,0x1.d56aac667f03fp-36,0x1.31e167a4e085dp-451,0x1.d56aac667f04p-36,2.66832497073304266e-11
13,21,0x1.3b7c1fd774491p-37,0x1.31e167a4e085dp-451,0x1.3b7c1fd774492p-37,8.96661904518323427e-12
13,22,0x1.a7b1a796a90f7p-39,0x1.31e167a4e085dp-451,0x1.a7b1a796a90f8p-39,3.01052667913262887e-12
13,23,0x1.1c45304f55bfbp-40,0x1.31e167a4e085dp-451,0x1.1c45304f55bfcp-40,1.00993087102312606e-12
13,24,0x1.7d24f46ab934ap-42,0x1.31e167a4e085dp-451,0x1.7d24f46ab934bp-42,3.38524190462537064e-13
13,25,0x1.fea29b8465a88p-44,0x1.31e167a4e085dp-451,0x1.fea29b8465a89p-44,1.13383788026008458e-13
13,26,0x1.55ce512121706p-45,0x1.31e167a4e085dp-451,0x1.55ce512121707p-45,3.79480808373081638e-14
13,27,0x1.c944697f42ef7p-47,0x1.31e167a4e085dp-451,0x1.c944697f42ef8p-47,1.26917153108814822e-14
13,28,0x1.31a86c8f1589bp-48,0x1.31e167a4e085dp-451,0x1.31a86c8f1589cp-48,4.24185556787828432e-15
13,29,0x1.985d8371a4dbfp-50,0x1.31e167a4e085dp-451,0x1.985d8371a4dcp-50,1.41680170000586928e-15
13,30,0x1.109f4d70518ffp-51,0x1.31e167a4e085dp-451,0x1.109f4d70519p-51,4.72924261161099738e-16
13,31,0x1.6bc8c908e8bd4p-53,0x1.31e167a4e085dp-451,0x1.6bc8c908e8bd5p-53,1.57766298960517786e-16
13,32,0x1.e5269190026b8p-55,0x1.31e167a4e085dp-451,0x1.e5269190026b9p-55,5.26001398045617198e-17
13,33,0x1.435305cf7339ep-56,0x1.31e167a4e085dp-451,0x1.435305cf7339fp-56,1.75274458255069201e-17
13,34,0x1.aeb8ed679cbefp-58,0x1.31e167a4e085dp-451,0x1.aeb8ed679cbfp-58,5.83737665015164541e-18
13,35,0x1.1ebfa8ed82c9bp-59,0x1.31e167a4e085dp-451,0x1.1ebfa8ed82c9cp-59,1.94308457794451179e-18
13,36,0x1.7d9b96a494e32p-61,0x1.31e167a4e085dp-451,0x1.7d9b96a494e33p-61,6.46468703794957822e-19
13,37,0x1.fb9974a8a1331p-63,0x1.31e167a4e085dp-451,0x1.fb9974a8a1332p-63,2.14976723285648233e-19
13,38,0x1.516f225ba868fp-64,0x1.31e167a4e085dp-451,0x1.516f225ba869p-64,7.14544538709780341e-20
13,39,0x1.c06bd1f5db1a5p-66,0x1.31e167a4e085dp-451,0x1.c06bd1f5db1a6p-66,2.37392192091460352e-20
13,40,0x1.29d28af1c6ad1p-67,0x1.31e167a4e085dp-451,0x1.29d28af1c6ad2p-67,7.88329415199500466e-21
13,41,0x1.8b6d9145ebdfbp-69,0x1.31e167a4e085dp-451,0x1.8b6d9145ebdfcp-69,2.61672298846659981e-21
13,42,0x1.0665dce81b249p-70,0x1.31e167a4e085dp-451,0x1.0665dce81b24ap-70,8.68201829296146522e-22
13,43,0x1.5c18cdc1f45f8p-72,0x1.31e167a4e085dp-451,0x1.5c18cdc1f45f9p-72,2.87938998377348855e-22
13,44,0x1.cd9823617cd85p-74,0x1.31e167a4e085dp-451,0x1.cd9823617cd86p-74,9.54554618610673984e-23
13,45,0x1.31ecbd7c392c1p-75,0x1.31e167a4e085dp-451,0x1.31ecbd7c392c2p-75,3.16318794494913955e-23
13,46,0x1.9558983928393p-77,0x1.31e167a4e085dp-451,0x1.9558983928394p-77,1.04779503983539554e-23
13,47,0x1.0c6f17c5923d4p-78,0x1.31e167a4e085dp-451,0x1.0c6f17c5923d5p-78,3.46942757109005159e-24
13,48,0x1.63653f72f26b1p-80,0x1.31e167a4e085dp-451,0x1.63653f72f26b2p-80,1.14834479256439705e-24
13,49,0x1.d659dbadc9477p-82,0x1.31e167a4e085dp-451,0x1.d659dbadc9478p-82,3.79946518697940733e-25
13,50,0x1.3721054756005p-83,0x1.31e167a4e085dp-451,0x1.3721054756006p-83,1.25663997012126213e-25
13,51,0x1.9b7638acb526dp-85,0x1.31e167a4e085dp-451,0x1.9b7638acb526ep-85,4.15470246163827421e-26
13,52,0x1.0ffa028851135p-86,0x1.31e167a4e085dp-451,0x1.0ffa028851136p-86,1.37313092976866508e-26
13,53,0x1.676ce48cb0ac8p-88,0x1.31e167a4e085dp-451,0x1.676ce48cb0ac9p-88,4.53658586774595794e-27
13,54,0x1.dad3155c9c3afp-90,0x1.31e167a4e085dp-451,0x1.dad3155c9c3bp-90,1.49828208062721657e-27
13,55,0x1.398744f1ad575p-91,0x1.31e167a4e085dp-451,0x1.398744f1ad576p-91,4.94660588171988029e-28
13,56,0x1.9de7f4492565cp-93,0x1.31e167a4e085dp-451,0x1.9de7f4492565dp-93,1.63257159023100483e-28
13,57,0x1.111e1e5b3f64cp-94,0x1.31e167a4e085dp-451,0x1.111e1e5b3f64dp-94,5.38629592912436054e-29
13,58,0x1.6850afddd677bp-96,0x1.31e167a4e085dp-451,0x1.6850afddd677cp-96,1.77649101143177537e-29
13,59,0x1.db31ee1f3c285p-98,0x1.31e167a4e085dp-451,0x1.db31ee1f3c286p-98,5.85723108089179789e-30
13,60,0x1.393fb1e50df53p-99,0x1.31e167a4e085dp-451,0x1.393fb1e50df54p-99,1.93054483127081126e-30
13,61,0x1.9cdaae70623e4p-101,0x1.31e167a4e085dp-451,0x1.9cdaae70623e5p-101,6.36102650485806267e-31
13,62,0x1.0ffa9f3f57ef8p-102,0x1.31e167a4e085dp-451,0x1.0ffa9f3f57ef9p-102,2.09524994300711276e-31
13,63,0x1.663be6bd1dab1p-104,0x1.31e167a4e085dp-451,0x1.663be6bd1dab2p-104,6.89933567559457923e-32
13,64,0x1.d7b2404ec405fp-106,0x1.31e167a4e085dp-451,0x1.d7b2404ec406p-106,2.27113504200916744e-32
13,65,0x1.3673966fb1b54p-107,0x1.31e167a4e085dp-451,0x1.3673966fb1b55p-107,7.47384834409907662e-33
13,66,0x1.98873b2626979p-109,0x1.31e167a4e085dp-451,0x1.98873b262697ap-109,2.45873994582112998e-33
13,67,0x1.0cb68864958c1p-110,0x1.31e167a4e085dp-451,0x1.0cb68864958c2p-110,8.08628826785790909e-34
13,68,0x1.6163f999564c5p-112,0x1.31e167a4e085dp-451,0x1.6163f999564c6p-112,2.65861483845291125e-34
13,69,0x1.d09d15437ee94p-114,0x1.31e167a4e085dp-451,0x1.d09d15437ee95p-114,8.73841070119189145e-35
13,70,0x1.3154bfff1a278p-115,0x1.31e167a4e085dp-451,0x1.3154bfff1a279p-115,2.87131943882288416e-35
13,71,0x1.91316199e8de1p-117,0x1.31e167a4e085dp-451,0x1.91316199e8de2p-117,9.43199964562329478e-36
13,72,0x1.077fe137fb2cbp-118,0x1.31e167a4e085dp-451,0x1.077fe137fb2ccp-118,3.09742209328757201e-36
13,73,0x1.5a074e6ba9035p-120,0x1.31e167a4e085dp-451,0x1.5a074e6ba9036p-120,1.01688648601939436e-36
13,74,0x1.c646dc11284e9p-122,0x1.31e167a4e085dp-451,0x1.c646dc11284eap-122,3.33749879230301521e-37
13,75,0x1.2a1c34f6b306cp-123,0x1.31e167a4e085dp-451,0x1.2a1c34f6b306dp-123,1.09508386321528069e-37
13,76,0x1.8726075700997p-125,0x1.31e167a4e085dp-451,0x1.8726075700998p-125,3.59213211145601117e-38
13,77,0x1.008a6cd94d649p-126,0x1.31e167a4e085dp-451,0x1.008a6cd94d64ap-126,1.17797723091508967e-38
13,78,0x1.506b78fd497c1p-128,0x1.31e167a4e085dp-451,0x1.506b78fd497c2p-128,3.86191007736047642e-39
13,79,0x1.b90cf6b4d9dc7p-130,0x1.31e167a4e085dp-451,0x1.b90cf6b4d9dc8p-130,1.26575325949765854e-39
13,80,0x1.210888a6e2a7dp-131,0x1.31e167a4e085dp-451,0x1.210888a6e2a7ep-131,4.14742495921974979e-40
13,81,0x1.7ab8eb3174dcbp-133,0x1.31e167a4e085dp-451,0x1.7ab8eb3174dccp-133,1.35859976118903899e-40
13,82,0x1.f01c43789955cp-135,0x1.31e167a4e085dp-451,0x1.f01c43789955dp-135,4.44927198719632007e-41
13,83,0x1.44db2b6be3f4p-136,0x1.31e167a4e085dp-451,0x1.44db2b6be3f41p-136,1.45670527337402922e-41
13,84,0x1.a952f7d488c7ap-138,0x1.31e167a4e085dp-451,0x1.a952f7d488c7bp-138,4.76804799909728969e-42
13,85,0x1.165c04377c3c4p-139,0x1.31e167a4e085dp-451,0x1.165c04377c3c5p-139,1.56025861952293880e-42
13,86,0x1.6c4232e7a0771p-141,0x1.31e167a4e085dp-451,0x1.6c4232e7a0772p-141,5.10435001726825701e-43
13,87,0x1.dc8b150077f4fp-143,0x1.31e167a4e085dp-451,0x1.dc8b150077f5p-143,1.66944844839443349e-43
13,88,0x1.37a4115eb1329p-144,0x1.31e167a4e085dp-451,0x1.37a4115eb132ap-144,5.45877375798483210e-44
13,89,0x1.977fcf32dc1f5p-146,0x1.31e167a4e085dp-451,0x1.977fcf32dc1f6p-146,1.78446275230190561e-44
13,90,0x1.0a5acad99f2bp-147,0x1.31e167a4e085dp-451,0x1.0a5acad99f2b1p-147,5.83191207603365291e-45
13,91,0x1.5c1bface2af7bp-149,0x1.31e167a4e085dp-451,0x1.5c1bface2af7cp-149,1.90548836535862303e-45
13,92,0x1.c6d85a77f3bb2p-151,0x1.31e167a4e085dp-451,0x1.c6d85a77f3bb3p-151,6.22435334758004943e-46
13,93,0x1.2914ba0f015dcp-152,0x1.31e167a4e085dp-451,0x1.2914ba0f015ddp-152,2.03271044274506322e-46
13,94,0x1.83fb117ab3899p-154,0x1.31e167a4e085dp-451,0x1.83fb117ab389ap-154,6.63667979482288310e-47
13,95,0x1.fa92299bc5469p-156,0x1.31e167a4e085dp-451,0x1.fa92299bc546ap-156,2.16631192216853613e-47
13,96,0x1.4aa0097eeb2a7p-157,0x1.31e167a4e085dp-451,0x1.4aa0097eeb2a8p-157,7.06946575633528609e-48
13,97,0x1.af7a1c5191f3dp-159,0x1.31e167a4e085dp-451,0x1.af7a1c5191f3ep-159,2.30647296881008513e-48
13,98,0x1.197aaad9669e9p-160,0x1.31e167a4e085dp-451,0x1.197aaad9669eap-160,7.52327590738012360e-49
13,99,0x1.6f2a7aeb2619ep-162,0x1.31e167a4e085dp-451,0x1.6f2a7aeb2619fp-162,2.45337040517528143e-49
13,100,0x1.ded3291471db9p-164,0x1.31e167a4e085dp-451,0x1.ded3291471dbap-164,7.99866343486733449e-50
13,101,0x1.3825bf16a463dp-165,0x1.31e167a4e085dp-451,0x1.3825bf16a463ep-165,2.60717712738306770e-50
13,102,0x1.96e2b7fcfe2aep-167,0x1.31e167a4e085dp-451,0x1.96e2b7fcfe2afp-167,8.49616817198539137e-51
13,103,0x1.0920abb4873acp-168,0x1.31e167a4e085dp-451,0x1.0920abb4873adp-168,2.76806150953965475e-51
13,104,0x1.596fc1dad173p-170,0x1.31e167a4e085dp-451,0x1.596fc1dad1731p-170,9.01631469788655217e-52
13,105,0x1.c1f8253116309p-172,0x1.31e167a4e085dp-451,0x1.c1f825311630ap-172,2.93618679795145284e-52
13,106,0x1.25004f1100142p-173,0x1.31e167a4e085dp-451,0x1.25004f1100143p-173,9.55961040813476221e-53
13,107,0x1.7d7e9de6e9acfp-175,0x1.31e167a4e085dp-451,0x1.7d7e9de6e9adp-175,3.11171049703190619e-53
13,108,0x1.f09ab03689135p-177,0x1.31e167a4e085dp-451,0x1.f09ab03689136p-177,1.01265435619320481e-53
13,109,0x1.4326c56a1f11fp-178,0x1.31e167a4e085dp-451,0x1.4326c56a1f12p-178,3.29478374885051379e-54
13,110,0x1.a4788ea538c5dp-180,0x1.31e167a4e085dp-451,0x1.a4788ea538c5ep-180,1.07175813124240843e-54
13,111,0x1.117d4cec4d5b1p-181,0x1.31e167a4e085dp-451,0x1.117d4cec4d5b2p-181,3.48555070835828423e-55
13,112,0x1.63b27dedc8e5cp-183,0x1.31e167a4e085dp-451,0x1.63b27dedc8e5dp-183,1.13331677266434228e-55
13,113,0x1.ce83f2ee71861p-185,0x1.31e167a4e085dp-451,0x1.ce83f2ee71862p-185,3.68414791640141107e-56
13,114,0x1.2ca41dcb0811fp-186,0x1.31e167a4e085dp-451,0x1.2ca41dcb0812p-186,1.19737218018812581e-56
13,115,0x1.86c1ea7f9c8a4p-188,0x1.31e167a4e085dp-451,0x1.86c1ea7f9c8a5p-188,3.89070367270388165e-57
13,116,0x1.fbc71c788502bp-190,0x1.31e167a4e085dp-451,0x1.fbc71c788502cp-190,1.26396354854806470e-57
13,117,0x1.49d9e48aa3e93p-191,0x1.31e167a4e085dp-451,0x1.49d9e48aa3e94p-191,4.10533741105887515e-58
13,118,0x1.ac73577b8f27cp-193,0x1.31e167a4e085dp-451,0x1.ac73577b8f27dp-193,1.33312717052175703e-58
13,119,0x1.16340e0d7de5ep-194,0x1.31e167a4e085dp-451,0x1.16340e0d7de5fp-194,4.32815907901895081e-59
13,120,0x1.693686d81b731p-196,0x1.31e167a4e085dp-451,0x1.693686d81b732p-196,1.40489624175778143e-59
13,121,0x1.d4e4c1109a745p-198,0x1.31e167a4e085dp-451,0x1.d4e4c1109a746p-198,4.55926852441426429e-60
13,122,0x1.3046458f0d361p-199,0x1.31e167a4e085dp-451,0x1.3046458f0d362p-199,1.47930066813465774e-60
13,123,0x1.8ad1932fb3515p-201,0x1.31e167a4e085dp-451,0x1.8ad1932fb3516p-201,4.79875489105791317e-61
13,124,0x1.0019d33162855p-202,0x1.31e167a4e085dp-451,0x1.0019d33162856p-202,1.55636687640037355e-61
13,125,0x1.4c2ca8e9bf1cp-204,0x1.31e167a4e085dp-451,0x1.4c2ca8e9bf1c1p-204,5.04669602601562011e-62
13,126,0x1.aec21c2b6591dp-206,0x1.31e167a4e085dp-451,0x1.aec21c2b6591ep-206,1.63611762884598739e-62
13,127,0x1.173e6d5590b2bp-207,0x1.31e167a4e085dp-451,0x1.173e6d5590b2cp-207,5.30315790082585213e-63
13,128,0x1.69f935e00295p-209,0x1.31e167a4e085dp-451,0x1.69f935e002951p-209,1.71857184276778701e-63
13,129,0x1.d51e925959066p-211,0x1.31e167a4e085dp-451,0x1.d51e925959067p-211,5.56819404905239614e-64
13,130,0x1.2fee2a49bb874p-212,0x1.31e167a4e085dp-451,0x1.2fee2a49bb875p-212,1.80374441546958193e-64
13,131,0x1.89bd54d3d0e8dp-214,0x1.31e167a4e085dp-451,0x1.89bd54d3d0e8ep-214,5.84184502253862466e-65
13,132,0x1.fdfc9ccef97e8p-216,0x1.31e167a4e085dp-451,0x1.fdfc9ccef97e9p-216,1.89164605555074832e-65
13,133,0x1.4a367e0905eep-217,0x1.31e167a4e085dp-451,0x1.4a367e0905ee1p-217,6.12413786870714343e-66
13,134,0x1.ab89b8ea0bc39p-219,0x1.31e167a4e085dp-451,0x1.ab89b8ea0bc3ap-219,1.98228312121601530e-66
13,135,0x1.14b8785937317p-220,0x1.31e167a4e085dp-451,0x1.14b8785937318p-220,6.41508563121347724e-67
13,136,0x1.66243b882f53fp-222,0x1.31e167a4e085dp-451,0x1.66243b882f54p-222,2.07565746633008656e-67
13,137,0x1.cf6e3f7bb6923p-224,0x1.31e167a4e085dp-451,0x1.cf6e3f7bb6924p-224,6.71468687621494562e-68
13,138,0x1.2bc793fc7cdbdp-225,0x1.31e167a4e085dp-451,0x1.2bc793fc7cdbep-225,2.17176629492357796e-68
13,139,0x1.83c37a96c2b2p-227,0x1.31e167a4e085dp-451,0x1.83c37a96c2b21p-227,7.02292524645973258e-69
13,140,0x1.f579cf090956p-229,0x1.31e167a4e085dp-451,0x1.f579cf0909561p-229,2.27060202483728432e-69
13,141,0x1.4434cbce9514cp-230,0x1.31e167a4e085dp-451,0x1.4434cbce9514dp-230,7.33976904533301872e-70
13,142,0x1.a31f7d7919d1fp-232,0x1.31e167a4e085dp-451,0x1.a31f7d7919d2p-232,2.37215216116838726e-70
13,143,0x1.0edd1af2cb097p-233,0x1.31e167a4e085dp-451,0x1.0edd1af2cb098p-233,7.66517085291950158e-71
13,144,0x1.5e0892c9d966cp-235,0x1.31e167a4e085dp-451,0x1.5e0892c9d966dp-235,2.47639918015668203e-71
13,145,0x1.c442966891f11p-237,0x1.31e167a4e085dp-451,0x1.c442966891f12p-237,7.99906717605375294e-72
13,146,0x1.241e046bc6e34p-238,0x1.31e167a4e085dp-451,0x1.241e046bc6e35p-238,2.58332042411909957e-72
13,147,0x1.794a8f648ea57p-240,0x1.31e167a4e085dp-451,0x1.794a8f648ea58p-240,8.34137813423306379e-73
13,148,0x1.e7360d2952ad5p-242,0x1.31e167a4e085dp-451,0x1.e7360d2952ad6p-242,2.69288800800894793e-73
13,149,0x1.3a8540f34a5dep-243,0x1.31e167a4e085dp-451,0x1.3a8540f34a5dfp-243,8.69200718316106546e-74
13,150,0x1.960186baad43dp-245,0x1.31e167a4e085dp-451,0x1.960186baad43ep-245,2.80506873814102748e-74
13,151,0x1.06010273568b6p-246,0x1.31e167a4e085dp-451,0x1.06010273568b7p-246,9.05084087757617868e-75
13,152,0x1.5217afcc3fb8dp-248,0x1.31e167a4e085dp-451,0x1.5217afcc3fb8ep-248,2.91982404358684998e-75
13,153,0x1.b433480a34f81p-250,0x1.31e167a4e085dp-451,0x1.b433480a34f82p-250,9.41774867489432062e-76
13,154,0x1.1956b1442d19fp-251,0x1.31e167a4e085dp-451,0x1.1956b1442d1ap-251,3.03710992070318202e-76
13,155,0x1.6ad9626ddd189p-253,0x1.31e167a4e085dp-451,0x1.6ad9626ddd18ap-253,9.79258278106687133e-77
13,156,0x1.d3e498aa6ea69p-255,0x1.31e167a4e085dp-451,0x1.d3e498aa6ea6ap-255,3.15687689121527396e-77
13,157,0x1.2d9ed9d9db477p-256,0x1.31e167a4e085dp-451,0x1.2d9ed9d9db478p-256,1.01751780399154881e-77
13,158,0x1.84cd8ceffed63p-258,0x1.31e167a4e085dp-451,0x1.84cd8ceffed64p-258,3.27906997423129673e-78
13,159,0x1.f51920a6eff6ep-260,0x1.31e167a4e085dp-451,0x1.f51920a6eff6fp-260,1.05653518670627950e-78
13,160,0x1.42db8b564099cp-261,0x1.31e167a4e085dp-451,0x1.42db8b564099dp-261,3.40362867251812234e-79
13,161,0x1.9ff6770f23dcfp-263,0x1.31e167a4e085dp-451,0x1.9ff6770f23ddp-263,1.09629042294250340e-79
13,162,0x1.0be9ac13a56fp-264,0x1.31e167a4e085dp-451,0x1.0be9ac13a56f1p-264,3.53048697332042736e-80
13,163,0x1.590e11a44d663p-266,0x1.31e167a4e085dp-451,0x1.590e11a44d664p-266,1.13676176710818464e-80
13,164,0x1.bc556de8692cfp-268,0x1.31e167a4e085dp-451,0x1.bc556de8692dp-268,3.65957336395455321e-81
13,165,0x1.1e0a3ae60743cp-269,0x1.31e167a4e085dp-451,0x1.1e0a3ae60743dp-269,1.17792573861748501e-81
13,166,0x1.7036ea94e2037p-271,0x1.31e167a4e085dp-451,0x1.7036ea94e2038p-271,3.79081086235838227e-82
13,167,0x1.d9eab68d79d79p-273,0x1.31e167a4e085dp-451,0x1.d9eab68d79d7ap-273,1.21975713393254350e-82
13,168,0x1.30ee2f148e871p-274,0x1.31e167a4e085dp-451,0x1.30ee2f148e872p-274,3.92411706272553249e-83
13,169,0x1.8855bbb7b36d4p-276,0x1.31e167a4e085dp-451,0x1.8855bbb7b36d5p-276,1.26222904338924686e-83
13,170,0x1.f8b5818fb6bf4p-278,0x1.31e167a4e085dp-451,0x1.f8b5818fb6bf5p-278,4.05940419629964795e-84
13,171,0x1.4494ca422cf9ap-279,0x1.31e167a4e085dp-451,0x1.4494ca422cf9bp-279,1.30531287282269244e-84
13,172,0x1.a169490886de5p-281,0x1.31e167a4e085dp-451,0x1.a169490886de6p-281,4.19657920734976332e-85
13,173,0x1.0c59efd06ee15p-282,0x1.31e167a4e085dp-451,0x1.0c59efd06ee16p-282,1.34897836999039329e-85
13,174,0x1.58fc967f2cdf5p-284,0x1.31e167a4e085dp-451,0x1.58fc967f2cdf6p-284,4.33554384429482619e-86
13,175,0x1.bb6f6c8827471p-286,0x1.31e167a4e085dp-451,0x1.bb6f6c8827472p-286,1.39319365577439730e-86
13,176,0x1.1cf15bb3196dp-287,0x1.31e167a4e085dp-451,0x1.1cf15bb3196d1p-287,4.47619476589026578e-87
13,177,0x1.6e23602481715p-289,0x1.31e167a4e085dp-451,0x1.6e23602481716p-289,1.43792526012622461e-87
13,178,0x1.d6650ed74fb1dp-291,0x1.31e167a4e085dp-451,0x1.d6650ed74fb1ep-291,4.61842366233556374e-88
13,179,0x1.2e1ede4cd0dfap-292,0x1.31e167a4e085dp-451,0x1.2e1ede4cd0dfbp-292,1.48313816270149264e-88
13,180,0x1.84063087000fep-294,0x1.31e167a4e085dp-451,0x1.84063087000ffp-294,4.76211739110691656e-89
13,181,0x1.f24620e866989p-296,0x1.31e167a4e085dp-451,0x1.f24620e86698ap-296,1.52879583811409504e-89
13,182,0x1.3fdfb4493ecf8p-297,0x1.31e167a4e085dp-451,0x1.3fdfb4493ecf9p-297,4.90715812726751027e-90
13,183,0x1.9aa149923f583p-299,0x1.31e167a4e085dp-451,0x1.9aa149923f584p-299,1.57486030572258518e-90
13,184,0x1.0786cb6da917fp-300,0x1.31e167a4e085dp-451,0x1.0786cb6da918p-300,5.05342352795326599e-91
13,185,0x1.52307a26b8ed7p-302,0x1.31e167a4e085dp-451,0x1.52307a26b8ed8p-302,1.62129218384567448e-91
13,186,0x1.b1f022597d963p-304,0x1.31e167a4e085dp-451,0x1.b1f022597d964p-304,5.20078691068100135e-92
13,187,0x1.165ab20a7399bp-305,0x1.31e167a4e085dp-451,0x1.165ab20a7399cp-305,1.66805074828686232e-92
13,188,0x1.650d2a0473108p-307,0x1.31e167a4e085dp-451,0x1.650d2a0473109p-307,5.34911744507528677e-93
13,189,0x1.c9ed64ab6e6afp-309,0x1.31e167a4e085dp-451,0x1.c9ed64ab6e6bp-309,1.71509399503289878e-93
13,190,0x1.259b3c50bf4f6p-310,0x1.31e167a4e085dp-451,0x1.259b3c50bf4f7p-310,5.49828035756167757e-94
13,191,0x1.78711a44470fdp-312,0x1.31e167a4e085dp-451,0x1.78711a44470fep-312,1.76237870697505264e-94
13,192,0x1.e292ebb42ab97p-314,0x1.31e167a4e085dp-451,0x1.e292ebb42ab98p-314,5.64813714852623494e-95
13,193,0x1.35445ff80f80cp-315,0x1.31e167a4e085dp-451,0x1.35445ff80f80dp-315,1.80986052448806736e-95
13,194,0x1.8c56fd080fa9ap-317,0x1.31e167a4e085dp-451,0x1.8c56fd080fa9bp-317,5.79854582139409355e-96
13,195,0x1.fbd9c3b6b9741p-319,0x1.31e167a4e085dp-451,0x1.fbd9c3b6b9742p-319,1.85749401968710680e-96
13,196,0x1.45519078afbe9p-320,0x1.31e167a4e085dp-451,0x1.45519078afbeap-320,5.94936112303951105e-97
13,197,0x1.a0b8e0911d46fp-322,0x1.31e167a4e085dp-451,0x1.a0b8e0911d47p-322,1.90523277416941505e-97
13,198,0x1.0add1572e3b97p-323,0x1.31e167a4e085dp-451,0x1.0add1572e3b98p-323,6.10043479489521066e-98
13,199,0x1.55bdbfd161572p-325,0x1.31e167a4e085dp-451,0x1.55bdbfd161573p-325,1.95302946003508750e-98
13,200,0x1.b5903086c0f21p-327,0x1.31e167a4e085dp-451,0x1.b5903086c0f22p-327,6.25161583409164731e-99
13,201,0x1.1815c9b095d95p-328,0x1.31e167a4e085dp-451,0x1.1815c9b095d96p-328,2.00083592396922306e-99
13,202,0x1.6683600661605p-330,0x1.31e167a4e085dp-451,0x1.6683600661606p-330,6.40275076391877861e-100
13,203,0x1.cad5b8274ea93p-332,0x1.31e167a4e085dp-451,0x1.cad5b8274ea94p-332,2.04860327415675808e-100
13,204,0x1.2592532de4c7bp-333,0x1.31e167a4e085dp-451,0x1.2592532de4c7cp-333,6.55368391287114826e-101
13,205,0x1.779c655b96804p-335,0x1.31e167a4e085dp-451,0x1.779c655b96805p-335,2.09628196979009284e-101
13,206,0x1.e081a5654fbb3p-337,0x1.31e167a4e085dp-451,0x1.e081a5654fbb4p-337,6.70425770150500523e-102
13,207,0x1.334da435a35fcp-338,0x1.31e167a4e085dp-451,0x1.334da435a35fdp-338,2.14382191292202648e-102
13,208,0x1.8902494a5f2adp-340,0x1.31e167a4e085dp-451,0x1.8902494a5f2aep-340,6.85431293630577025e-103
13,209,0x1.f68b8cf0ebc84p-342,0x1.31e167a4e085dp-451,0x1.f68b8cf0ebc85p-342,2.19117254240652388e-103
13,210,0x1.41424f8072caep-343,0x1.31e167a4e085dp-451,0x1.41424f8072cafp-343,7.00368910974412495e-104
13,211,0x1.9aae0e321d333p-345,0x1.31e167a4e085dp-451,0x1.9aae0e321d334p-345,2.23828292966286030e-104
13,212,0x1.06753795eba51p-346,0x1.31e167a4e085dp-451,0x1.06753795eba52p-346,7.15222470567244238e-105
13,213,0x1.4f6a8b8454113p-348,0x1.31e167a4e085dp-451,0x1.4f6a8b8454114p-348,2.28510187599262887e-105
13,214,0x1.ac9843c13d3c3p-350,0x1.31e167a4e085dp-451,0x1.ac9843c13d3c4p-350,7.29975750919727156e-106
13,215,0x1.11ca5f022e781p-351,0x1.31e167a4e085dp-451,0x1.11ca5f022e782p-351,2.33157801117337427e-106
13,216,0x1.5dc03654da9b1p-353,0x1.31e167a4e085dp-451,0x1.5dc03654da9b2p-353,7.44612492014540199e-107
13,217,0x1.beb90c131ae52p-355,0x1.31e167a4e085dp-451,0x1.beb90c131ae53p-355,2.37765989304843943e-107
13,218,0x1.1d4031d92fcd2p-356,0x1.31e167a4e085dp-451,0x1.1d4031d92fcd3p-356,7.59116426923308265e-108
13,219,0x1.6c3cda1068271p-358,0x1.31e167a4e085dp-451,0x1.6c3cda1068272p-358,2.42329610782849501e-108
13,220,0x1.d108217dc8a45p-360,0x1.31e167a4e085dp-451,0x1.d108217dc8a46p-360,7.73471313603609662e-109
13,221,0x1.28d16527c0cb1p-361,0x1.31e167a4e085dp-451,0x1.28d16527c0cb2p-361,2.46843537081946143e-109
13,222,0x1.7ad9b1d5cbbb5p-363,0x1.31e167a4e085dp-451,0x1.7ad9b1d5cbbb6p-363,7.87660966785109250e-110
13,223,0x1.e37cdd096f219p-365,0x1.31e167a4e085dp-451,0x1.e37cdd096f21ap-365,2.51302662728942991e-110
13,224,0x1.34787220fb0b1p-366,0x1.31e167a4e085dp-451,0x1.34787220fb0b2p-366,8.01669289854288631e-111
13,225,0x1.898faf3c94d2dp-368,0x1.31e167a4e085dp-451,0x1.898faf3c94d2ep-368,2.55701915318635007e-111
13,226,0x1.f60e3d89af0bap-370,0x1.31e167a4e085dp-451,0x1.f60e3d89af0bbp-370,8.15480306646787952e-112
13,227,0x1.402f9ab7f43aap-371,0x1.31e167a4e085dp-451,0x1.402f9ab7f43abp-371,2.60036265542096069e-112
13,228,0x1.985780496d75ap-373,0x1.31e167a4e085dp-451,0x1.985780496d75bp-373,8.29078193057063938e-113
13,229,0x1.045977a819f04p-374,0x1.31e167a4e085dp-451,0x1.045977a819f05p-374,2.64300737143015458e-113
13,230,0x1.4bf0ee97ee4dfp-376,0x1.31e167a4e085dp-451,0x1.4bf0ee97ee4ep-376,8.42447308375778802e-114
13,231,0x1.a72995d6db22bp-378,0x1.31e167a4e085dp-451,0x1.a72995d6db22cp-378,2.68490416773948252e-114
13,232,0x1.0db0aa373cfa7p-379,0x1.31e167a4e085dp-451,0x1.0db0aa373cfa8p-379,8.55572226266717424e-115
13,233,0x1.57b650747c56ep-381,0x1.31e167a4e085dp-451,0x1.57b650747c56fp-381,2.72600463724663082e-115
13,234,0x1.b5fe2a69e16e9p-383,0x1.31e167a4e085dp-451,0x1.b5fe2a69e16eap-383,8.68437765296205145e-116
13,235,0x1.1707c6bdd7f49p-384,0x1.31e167a4e085dp-451,0x1.1707c6bdd7f4ap-384,2.76626119495469559e-116
13,236,0x1.63797baa66c31p-386,0x1.31e167a4e085dp-451,0x1.63797baa66c32p-386,8.81029018929500419e-117
13,237,0x1.c4cd49692c56cp-388,0x1.31e167a4e085dp-451,0x1.c4cd49692c56dp-388,2.80562717188858017e-117
13,238,0x1.2059c1694b75p-389,0x1.31e167a4e085dp-451,0x1.2059c1694b751p-389,8.93331384911435774e-118
13,239,0x1.6f340a2979f84p-391,0x1.31e167a4e085dp-451,0x1.6f340a2979f85p-391,2.84405690693362681e-118
13,240,0x1.d38ed6aca5415p-393,0x1.31e167a4e085dp-451,0x1.d38ed6aca5416p-393,9.05330593950363215e-119
13,241,0x1.29a1771d2b7adp-394,0x1.31e167a4e085dp-451,0x1.29a1771d2b7aep-394,2.88150583634706152e-119
13,242,0x1.7adf7a9ed9e0ap-396,0x1.31e167a4e085dp-451,0x1.7adf7a9ed9e0bp-396,9.17012737626743476e-120
13,243,0x1.e23a965aa6525p-398,0x1.31e167a4e085dp-451,0x1.e23a965aa6527p-398,2.91793058069800002e-120
13,244,0x1.32d9b2763468fp-399,0x1.31e167a4e085dp-451,0x1.32d9b27634691p-399,9.28364295451560506e-121
13,245,0x1.867536d6f49b4p-401,0x1.31e167a4e085dp-451,0x1.867536d6f49bap-401,2.95328902900237541e-121
13,246,0x1.f0c83507654ffp-403,0x1.31e167a4e085dp-451,0x1.f0c8350765513p-403,9.39372161002055527e-122
13,247,0x1.3bfd30f47ead3p-404,0x1.31e167a4e085dp-451,0x1.3bfd30f47eafap-404,2.98754041982986053e-122
13,248,0x1.91ee9a4dbffccp-406,0x1.31e167a4e085dp-451,0x1.91ee9a4dc0066p-406,9.50023667065895651e-123
13,249,0x1.ff2f500aab769p-408,0x1.31e167a4e085dp-451,0x1.ff2f500aab9cep-408,3.02064541917099232e-123
13,250,0x1.4506a8455707dp-409,0x1.31e167a4e085dp-451,0x1.4506a84557546p-409,9.60306609728448569e-124
13,251,0x1.9d44f8e391378p-411,0x1.31e167a4e085dp-451,0x1.9d44f8e392697p-411,3.05256619486423405e-124
13,252,0x1.06b3beffc1acp-412,0x1.31e167a4e085dp-451,0x1.06b3beffc40fdp-412,9.70209271342755341e-125
13,253,0x1.4df0cba4e17abp-414,0x1.31e167a4e085dp-451,0x1.4df0cba4eb09dp-414,3.08326648740279910e-125
13,254,0x1.a871a5ac92185p-416,0x1.31e167a4e085dp-451,0x1.a871a5acb8549p-416,9.79720442333493391e-126
13,255,0x1.0db42bb093667p-417,0x1.31e167a4e085dp-451,0x1.0db42bb0dfdeep-417,3.11271167703649793e-126
13,256,0x1.56b6514f68943p-419,0x1.31e167a4e085dp-451,0x1.56b651509a75ap-419,9.88829441870951922e-127
13,257,0x1.b36df9d052498p-421,0x1.31e167a4e085dp-451,0x1.b36df9d519cf3p-421,3.14086884790902122e-127
13,258,0x1.1494bf9b857a8p-422,0x1.31e167a4e085dp-451,0x1.1494bfa51485dp-422,9.97526138272870097e-128
13,259,0x1.5f51f7f7d2987p-424,0x1.31e167a4e085dp-451,0x1.5f51f81e0ec57p-424,3.16770685817902728e-128
13,260,0x1.be335b661b97fp-426,0x1.31e167a4e085dp-451,0x1.be335bff0c4bdp-426,1.00580097822321401e-128
13,261,0x1.1b5155d04eae7p-427,0x1.31e167a4e085dp-451,0x1.1b51570230162p-427,3.19319650768132325e-129
13,262,0x1.67be8bf9b2a17p-429,0x1.31e167a4e085dp-451,0x1.67be90c138401p-429,1.01364511680413995e-129
13,263,0x1.c8bb434c50ad1p-431,0x1.31e167a4e085dp-451,0x1.c8bb566a67277p-431,3.21731172687291013e-130
13,264,0x1.21e5d546f2c99p-432,0x1.31e167a4e085dp-451,0x1.21e5fb831fbe4p-432,1.02105157566371517e-130
13,265,0x1.6ff6e562a2086p-434,0x1.31e167a4e085dp-451,0x1.6ff77e5355daep-434,3.24004109544339952e-131
13,266,0x1.d2ff283d91fdbp-436,0x1.31e167a4e085dp-451,0x1.d3018c0061478p-436,1.02802677269173342e-131
13,267,0x1.284e01612e897p-437,0x1.31e167a4e085dp-451,0x1.2852c8e6cd1dp-437,3.26150347371004513e-132
13,268,0x1.77f52d0b6aa1p-439,0x1.31e167a4e085dp-451,0x1.78084b21e4ef2p-439,1.03470655555358837e-132
13,269,0x1.dcf5bfcc7dc21p-441,0x1.31e167a4e085dp-451,0x1.dd42382666fa4p-441,3.28311256216886835e-133
13,270,0x1.2e80695154ef3p-442,0x1.31e167a4e085dp-451,0x1.2f195a05275f8p-442,1.04252504619214216e-133
13,271,0x1.7fa069566dceap-444,0x1.31e167a4e085dp-451,0x1.82042c25b78fcp-444,3.31930837725491499e-134
13,272,0x1.e6508dbb43adcp-446,0x1.31e167a4e085dp-451,0x1.efdf98f86ab2p-446,1.06598920115775088e-134
13,273,0x1.33f85370d7c8ep-447,0x1.31e167a4e085dp-451,0x1.471669eb25d15p-447,3.51573385921313413e-135
13,274,0x1.852f7711535b1p-449,0x1.31e167a4e085dp-451,0x1.d1a7d0fa8b7c9p-449,1.25128647048688079e-135
13,275,0x1.e8f509cc3cb0dp-451,0x1.31e167a4e085dp-451,0x1.8d6b38b88e9b6p-450,5.33962098251166549e-136
13,276,0x1.2e825763a0071p-452,0x1.31e167a4e085dp-451,0x1.c9229356b0897p-451,3.07097670226885879e-136
13,277,0x1.67c2d1b0dc862p-454,0x1.31e167a4e085dp-451,0x1.5ed9c1dafc16ap-451,2.35697095878722063e-136
13,278,0x1.80f8a74f3e227p-456,0x1.31e167a4e085dp-451,0x1.3de92cdf5a76fp-451,2.13568564275199603e-136
13,279,0x1.2aa04c19f87ddp-458,0x1.31e167a4e085dp-451,0x1.3436a83d1476ep-451,2.07054013869747742e-136
13,280,0x0p+0,0x1.31e167a4e085dp-451,0x1.31e167a4e085dp-451,2.05486722031054685e-136
14,0,0x1.2f520f54c30d9p-4,0x1.9504860d1e3fap-444,0x1.2f520f54c30dap-4,7.40528677817481606e-02
14,1,0x1.b67143ad2344ap-6,0x1.9504860d1e3fap-444,0x1.b67143ad2344bp-6,2.67604027654225023e-02
14,2,0x1.2f44481d3f088p-7,0x1.9504860d1e3fap-444,0x1.2f44481d3f089p-7,9.25496598437571157e-03
14,3,0x1.9832373858c6ap-9,0x1.9504860d1e3fap-444,0x1.9832373858c6bp-9,3.11428951333563497e-03
14,4,0x1.0f2b16353b496p-10,0x1.9504860d1e3fap-444,0x1.0f2b16353b497p-10,1.03442500158771266e-03
14,5,0x1.677bdb084d25p-12,0x1.9504860d1e3fap-444,0x1.677bdb084d251p-12,3.42830477637866510e-04
14,6,0x1.de951aa69776ep-14,0x1.9504860d1e3fap-444,0x1.de951aa69776fp-14,1.14102944829023423e-04
14,7,0x1.40badd997a0fep-15,0x1.9504860d1e3fap-444,0x1.40badd997a0ffp-15,3.82339887428657170e-05
14,8,0x1.b0c211b47a295p-17,0x1.9504860d1e3fap-444,0x1.b0c211b47a296p-17,1.28971958952156630e-05
14,9,0x1.2585833287f6dp-18,0x1.9504860d1e3fap-444,0x1.2585833287f6ep-18,4.37381167953097961e-06
14,10,0x1.8facd1c647437p-20,0x1.9504860d1e3fap-444,0x1.8facd1c647438p-20,1.48890568280676788e-06
14,11,0x1.10c72d04c7857p-21,0x1.9504860d1e3fap-444,0x1.10c72d04c7858p-21,5.08088675663585043e-07
14,12,0x1.74e30be0c9b1dp-23,0x1.9504860d1e3fap-444,0x1.74e30be0c9b1ep-23,1.73638993871901581e-07
14,13,0x1.fe20061f4f927p-25,0x1.9504860d1e3fap-444,0x1.fe20061f4f928p-25,5.93863769223686802e-08
14,14,0x1.5d082b96111eep-26,0x1.9504860d1e3fap-444,0x1.5d082b96111efp-26,2.03163313605247917e-08
14,15,0x1.dd96036a952e9p-28,0x1.9504860d1e3fap-444,0x1.dd96036a952eap-28,6.94979083533971723e-09
14,16,0x1.46a3b0cc401e3p-29,0x1.9504860d1e3fap-444,0x1.46a3b0cc401e4p-29,2.37661454936570377e-09
14,17,0x1.be94de2e54e21p-31,0x1.9504860d1e3fap-444,0x1.be94de2e54e22p-31,8.12327043991443076e-10
14,18,0x1.3118a7f0ccc33p-32,0x1.9504860d1e3fap-444,0x1.3118a7f0ccc34p-32,2.77483479813384487e-10
14,19,0x1.a0960b6867239p-34,0x1.9504860d1e3fap-444,0x1.a0960b686723ap-34,9.47207153261789929e-11
14,20,0x1.1c337fd4b2256p-35,0x1.9504860d1e3fap-444,0x1.1c337fd4b2257p-35,3.23099322138061250e-11
14,21,0x1.837b88223c099p-37,0x1.9504860d1e3fap-444,0x1.837b88223c09ap-37,1.10129163313629594e-11
14,22,0x1.07f368b9925e5p-38,0x1.9504860d1e3fap-444,0x1.07f368b9925e6p-38,3.75096670843789882e-12
14,23,0x1.675679b8a5f21p-40,0x1.9504860d1e3fap-444,0x1.675679b8a5f22p-40,1.27662429896477814e-12
14,24,0x1.e8d7de814496ap-42,0x1.9504860d1e3fap-444,0x1.e8d7de814496bp-42,4.34180015412746720e-13
14,25,0x1.4c4772d53b316p-43,0x1.9504860d1e3fap-444,0x1.4c4772d53b317p-43,1.47561561175246518e-13
14,26,0x1.c369bd109fd25p-45,0x1.9504860d1e3fap-444,0x1.c369bd109fd26p-45,5.01169151903034278e-14
14,27,0x1.326ea0fd41c91p-46,0x1.9504860d1e3fap-444,0x1.326ea0fd41c92p-46,1.70104010877881763e-14
14,28,0x1.9fc59aa9239f6p-48,0x1.9504860d1e3fap-444,0x1.9fc59aa9239f7p-48,5.76999408231907807e-15
14,29,0x1.19e52bd69f198p-49,0x1.9504860d1e3fap-444,0x1.19e52bd69f199p-49,1.95604088600286740e-15
14,30,0x1.7e08d81b292c3p-51,0x1.9504860d1e3fap-444,0x1.7e08d81b292c4p-51,6.62724298212522701e-16
14,31,0x1.02bb60b400a7cp-52,0x1.9504860d1e3fap-444,0x1.02bb60b400a7dp-52,2.24414188900889485e-16
14,32,0x1.5e445e1777fa5p-54,0x1.9504860d1e3fap-444,0x1.5e445e1777fa6p-54,7.59520616376342978e-17
14,33,0x1.d9f23cf025201p-56,0x1.9504860d1e3fap-444,0x1.d9f23cf025202p-56,2.56926772793782320e-17
14,34,0x1.407e0053f3d9ep-57,0x1.9504860d1e3fap-444,0x1.407e0053f3d9fp-57,8.68695828443594099e-18
14,35,0x1.b13e4567f9155p-59,0x1.9504860d1e3fap-444,0x1.b13e4567f9156p-59,2.93577043205133801e-18
14,36,0x1.24b28c3f42362p-60,0x1.9504860d1e3fap-444,0x1.24b28c3f42363p-60,9.91697543382914135e-19
14,37,0x1.8b511116e6759p-62,0x1.9504860d1e3fap-444,0x1.8b511116e675ap-62,3.34846241559932296e-19
14,38,0x1.0ad7dac85f03bp-63,0x1.9504860d1e3fap-444,0x1.0ad7dac85f03cp-63,1.13012483498279462e-19
14,39,0x1.681857224e721p-65,0x1.9504860d1e3fap-444,0x1.681857224e722p-65,3.81265495663788048e-20
14,40,0x1.e5bd428dc606fp-67,0x1.9504860d1e3fap-444,0x1.e5bd428dc607p-67,1.28574121296614770e-20
14,41,0x1.477ba6ffd81e4p-68,0x1.9504860d1e3fap-444,0x1.477ba6ffd81e5p-68,4.33420164109496756e-21
14,42,0x1.b967def0aee77p-70,0x1.9504860d1e3fap-444,0x1.b967def0aee78p-70,1.46048909994400541e-21
14,43,0x1.295e4b21d5639p-71,0x1.9504860d1e3fap-444,0x1.295e4b21d563ap-71,4.91954641221260348e-22
14,44,0x1.9084bd0614f1fp-73,0x1.9504860d1e3fap-444,0x1.9084bd0614f2p-73,1.65650572919896437e-22
14,45,0x1.0da0c39d0b6c1p-74,0x1.9504860d1e3fap-444,0x1.0da0c39d0b6c2p-74,5.57577604121329690e-23
14,46,0x1.6ae5f969eadadp-76,0x1.9504860d1e3fap-444,0x1.6ae5f969eadaep-76,1.87614042934685224e-23
14,47,0x1.e843d5d8ccf13p-78,0x1.9504860d1e3fap-444,0x1.e843d5d8ccf14p-78,6.31067698013869998e-24
14,48,0x1.485c05d81bb3dp-79,0x1.9504860d1e3fap-444,0x1.485c05d81bb3ep-79,2.12197330245202573e-24
14,49,0x1.b97facbbd98b8p-81,0x1.9504860d1e3fap-444,0x1.b97facbbd98b9p-81,7.13279666942997278e-25
14,50,0x1.28b6be6315df6p-82,0x1.9504860d1e3fap-444,0x1.28b6be6315df7p-82,2.39683533256713263e-25
14,51,0x1.8eb10207cec71p-84,0x1.9504860d1e3fap-444,0x1.8eb10207cec72p-84,8.05150945483404740e-26
14,52,0x1.0bc63be99f709p-85,0x1.9504860d1e3fap-444,0x1.0bc63be99f70ap-85,2.70382998364097105e-26
14,53,0x1.67949a0179553p-87,0x1.9504860d1e3fap-444,0x1.67949a0179554p-87,9.07708732678562356e-27
14,54,0x1.e2b6e521270cfp-89,0x1.9504860d1e3fap-444,0x1.e2b6e521270dp-89,3.04635636129912957e-27
14,55,0x1.43e8c8b327899p-90,0x1.9504860d1e3fap-444,0x1.43e8c8b32789ap-90,1.02207757367190120e-27
14,56,0x1.b2914f3cc2c53p-92,0x1.9504860d1e3fap-444,0x1.b2914f3cc2c54p-92,3.42813402397887138e-28
14,57,0x1.236e00b276725p-93,0x1.9504860d1e3fap-444,0x1.236e00b276726p-93,1.14948747740400802e-28
14,58,0x1.86c38edf4936dp-95,0x1.9504860d1e3fap-444,0x1.86c38edf4936ep-95,3.85322953675657535e-29
14,59,0x1.05e739d5e659p-96,0x1.9504860d1e3fap-444,0x1.05e739d5e6591p-96,1.29128260087620242e-29
14,60,0x1.5ef9447837b2dp-98,0x1.9504860d1e3fap-444,0x1.5ef9447837b2ep-98,4.32608486703167963e-30
14,61,0x1.d634706f75e8ep-100,0x1.9504860d1e3fap-444,0x1.d634706f75e8fp-100,1.44893053209789526e-30
14,62,0x1.3ae229cac181ep-101,0x1.9504860d1e3fap-444,0x1.3ae229cac181fp-101,4.85154772578852466e-31
14,63,0x1.a59f7422d4305p-103,0x1.9504860d1e3fap-444,0x1.a59f7422d4306p-103,1.62403220514039570e-31
14,64,0x1.1a3243d774a29p-104,0x1.9504860d1e3fap-444,0x1.1a3243d774a2ap-104,5.43490396195591919e-32
14,65,0x1.79a7233b16f0bp-106,0x1.9504860d1e3fap-444,0x1.79a7233b16f0cp-106,1.81833248184214608e-32
14,66,0x1.f943f73ac9d31p-108,0x1.9504860d1e3fap-444,0x1.f943f73ac9d32p-108,6.08191212074611144e-33
14,67,0x1.51e95e4ace052p-109,0x1.9504860d1e3fap-444,0x1.51e95e4ace053p-109,2.03373143572917246e-33
14,68,0x1.c3dc45ec75247p-111,0x1.9504860d1e3fap-444,0x1.c3dc45ec75248p-111,6.79884027997153308e-34
14,69,0x1.2e0a3d26b7883p-112,0x1.9504860d1e3fap-444,0x1.2e0a3d26b7884p-112,2.27229637467487352e-34
14,70,0x1.93afd3a3e1a11p-114,0x1.9504860d1e3fap-444,0x1.93afd3a3e1a12p-114,7.59250528131187168e-35
14,71,0x1.0db3f6878f866p-115,0x1.9504860d1e3fap-444,0x1.0db3f6878f867p-115,2.53627463974768014e-35
14,72,0x1.68498e9c74c8bp-117,0x1.9504860d1e3fap-444,0x1.68498e9c74c8cp-117,8.47031447638359481e-36
14,73,0x1.e12d713cec332p-119,0x1.9504860d1e3fap-444,0x1.e12d713cec333p-119,2.82810721859257895e-36
14,74,0x1.413cb309518dap-120,0x1.9504860d1e3fap-444,0x1.413cb309518dbp-120,9.44031011025936231e-37
14,75,0x1.acd0ec89cf2dap-122,0x1.9504860d1e3fap-444,0x1.acd0ec89cf2dbp-122,3.15044321256237862e-37
14,76,0x1.1e247cd060f7cp-123,0x1.9504860d1e3fap-444,0x1.1e247cd060f7dp-123,1.05112164677882656e-37
14,77,0x1.7dc95794a1f11p-125,0x1.9504860d1e3fap-444,0x1.7dc95794a1f12p-125,3.50615519765296810e-38
14,78,0x1.fd479e7e73cc9p-127,0x1.9504860d1e3fap-444,0x1.fd479e7e73ccap-127,1.16924899106600201e-38
14,79,0x1.53983baf8493ep-128,0x1.9504860d1e3fap-444,0x1.53983baf8493fp-128,3.89835552009573639e-39
14,80,0x1.c4c9abc7fe1abp-130,0x1.9504860d1e3fap-444,0x1.c4c9abc7fe1acp-130,1.29943719356105063e-39
14,81,0x1.2dc928e03585ep-131,0x1.9504860d1e3fap-444,0x1.2dc928e03585fp-131,4.33041356821169078e-40
14,82,0x1.92314241cd0bbp-133,0x1.9504860d1e3fap-444,0x1.92314241cd0bcp-133,1.44279453864571706e-40
14,83,0x1.0bf127678be9dp-134,0x1.9504860d1e3fap-444,0x1.0bf127678be9ep-134,4.80597406282696750e-41
14,84,0x1.64ed812bb0d62p-136,0x1.9504860d1e3fap-444,0x1.64ed812bb0d63p-136,1.60051939547508684e-41
14,85,0x1.db5c4efd3fb1bp-138,0x1.9504860d1e3fap-444,0x1.db5c4efd3fb1cp-138,5.32897640917928939e-42
14,86,0x1.3c79ba2849723p-139,0x1.9504860d1e3fap-444,0x1.3c79ba2849724p-139,1.77390651057091278e-42
14,87,0x1.a54ce2e43006fp-141,0x1.9504860d1e3fap-444,0x1.a54ce2e43007p-141,5.90367515380058475e-43
14,88,0x1.185ca6f2c308bp-142,0x1.9504860d1e3fap-444,0x1.185ca6f2c308cp-142,1.96435365677258252e-43
14,89,0x1.75102fa6a8e69p-144,0x1.9504860d1e3fap-444,0x1.75102fa6a8e6ap-144,6.53466159033476850e-44
14,90,0x1.f04f461593c85p-146,0x1.9504860d1e3fap-444,0x1.f04f461593c86p-146,2.17336865251106361e-44
14,91,0x1.4a10da30b9301p-147,0x1.9504860d1e3fap-444,0x1.4a10da30b9302p-147,7.22688655863174689e-45
14,92,0x1.b6ebd6075c8ffp-149,0x1.9504860d1e3fap-444,0x1.b6ebd6075c9p-149,2.40257676547653880e-45
14,93,0x1.23c6fb679cde5p-150,0x1.9504860d1e3fap-444,0x1.23c6fb679cde6p-150,7.98568448174224717e-46
14,94,0x1.83d7c57904545p-152,0x1.9504860d1e3fap-444,0x1.83d7c57904546p-152,2.65372851482343390e-46
14,95,0x1.01b71ed688681p-153,0x1.9504860d1e3fap-444,0x1.01b71ed688682p-153,8.81679868561363224e-47
14,96,0x1.566cc6e1336d1p-155,0x1.9504860d1e3fap-444,0x1.566cc6e1336d2p-155,2.92870788609424272e-47
14,97,0x1.c6e299eb59bb1p-157,0x1.9504860d1e3fap-444,0x1.c6e299eb59bb2p-157,9.72640804634705789e-48
14,98,0x1.2e14248f98f96p-158,0x1.9504860d1e3fap-444,0x1.2e14248f98f97p-158,3.22954097304293939e-48
14,99,0x1.91204397be6b5p-160,0x1.9504860d1e3fap-444,0x1.91204397be6b6p-160,1.07211550098116412e-48
14,100,0x1.0a457fa417a93p-161,0x1.9504860d1e3fap-444,0x1.0a457fa417a94p-161,3.55840506049822127e-49
14,101,0x1.616fe0bce8b96p-163,0x1.9504860d1e3fap-444,0x1.616fe0bce8b97p-163,1.18081750282158682e-49
14,102,0x1.d50b42a258b62p-165,0x1.9504860d1e3fap-444,0x1.d50b42a258b63p-165,3.91763816232269984e-50
14,103,0x1.372be64785e9cp-166,0x1.9504860d1e3fap-444,0x1.372be64785e9dp-166,1.29951274578989208e-50
14,104,0x1.9ccabd1aef633p-168,0x1.9504860d1e3fap-444,0x1.9ccabd1aef634p-168,4.30974902839435488e-51
14,105,0x1.11bf12f2b1437p-169,0x1.9504860d1e3fap-444,0x1.11bf12f2b1438p-169,1.42902279621187132e-51
14,106,0x1.6b011c2e0f4f3p-171,0x1.9504860d1e3fap-444,0x1.6b011c2e0f4f4p-171,4.73742763435863124e-52
14,107,0x1.e14607d6598abp-173,0x1.9504860d1e3fap-444,0x1.e14607d6598acp-173,1.57022824619716972e-52
14,108,0x1.3efa20ed9c8e1p-174,0x1.9504860d1e3fap-444,0x1.3efa20ed9c8e2p-174,5.20355616767037380e-53
14,109,0x1.a6bdc52e72081p-176,0x1.9504860d1e3fap-444,0x1.a6bdc52e72082p-176,1.72407226777700875e-53
14,110,0x1.1813d3135d60fp-177,0x1.9504860d1e3fap-444,0x1.1813d3135d61p-177,5.71122052316202985e-54
14,111,0x1.730c557bb1899p-179,0x1.9504860d1e3fap-444,0x1.730c557bb189ap-179,1.89156433022213212e-54
14,112,0x1.eb79abd40c28fp-181,0x1.9504860d1e3fap-444,0x1.eb79abd40c29p-181,6.26372232103604579e-55
14,113,0x1.456f10434487ep-182,0x1.9504860d1e3fap-444,0x1.456f10434487fp-182,2.07378408455917758e-55
14,114,0x1.aee5bb53fae87p-184,0x1.9504860d1e3fap-444,0x1.aee5bb53fae88p-184,6.86459145978164185e-56
14,115,0x1.1d37950e05105p-185,0x1.9504860d1e3fap-444,0x1.1d37950e05106p-185,2.27188541916825009e-56
14,116,0x1.7982878a4f65ep-187,0x1.9504860d1e3fap-444,0x1.7982878a4f65fp-187,7.51759921605754134e-57
14,117,0x1.f393bc296b1b5p-189,0x1.9504860d1e3fap-444,0x1.f393bc296b1b6p-189,2.48710069018967156e-57
14,118,0x1.4a7f710dbba3ap-190,0x1.9504860d1e3fap-444,0x1.4a7f710dbba3bp-190,8.22677190306028500e-58
14,119,0x1.b534f678c247fp-192,0x1.9504860d1e3fap-444,0x1.b534f678c248p-192,2.72074513029225863e-58
14,120,0x1.212220c0edfd7p-193,0x1.9504860d1e3fap-444,0x1.212220c0edfd8p-193,8.99640509830861866e-59
14,121,0x1.7e59e60e14c4fp-195,0x1.9504860d1e3fap-444,0x1.7e59e60e14c5p-195,2.97422143915868382e-59
14,122,0x1.f988acd720abep-197,0x1.9504860d1e3fap-444,0x1.f988acd720abfp-197,9.83107845111885453e-60
14,123,0x1.4e248e34e0322p-198,0x1.9504860d1e3fap-444,0x1.4e248e34e0323p-198,3.24902455882497048e-60
14,124,0x1.b9a3cff933ff9p-200,0x1.9504860d1e3fap-444,0x1.b9a3cff933ffap-200,1.07356710793184459e-60
14,125,0x1.23cf3408a9c9ap-201,0x1.9504860d1e3fap-444,0x1.23cf3408a9c9bp-201,3.54674663676958019e-61
14,126,0x1.818ddc58422b2p-203,0x1.9504860d1e3fap-444,0x1.818ddc58422b3p-203,1.17153775639451964e-61
14,127,0x1.fd53cfbf09659p-205,0x1.9504860d1e3fap-444,0x1.fd53cfbf0965ap-205,3.86908217938308927e-62
14,128,0x1.505c368f4f5e9p-206,0x1.9504860d1e3fap-444,0x1.505c368f4f5eap-206,1.27757245498050230e-62
14,129,0x1.bc30903f43bf7p-208,0x1.9504860d1e3fap-444,0x1.bc30903f43bf8p-208,4.21783339816079599e-63
14,130,0x1.253e721dd42d5p-209,0x1.9504860d1e3fap-444,0x1.253e721dd42d6p-209,1.39225879588109968e-63
14,131,0x1.831ef2658c7b9p-211,0x1.9504860d1e3fap-444,0x1.831ef2658c7bap-211,4.59491575064775459e-64
14,132,0x1.fef72a9ba5706p-213,0x1.9504860d1e3fap-444,0x1.fef72a9ba5707p-213,1.51622108219959067e-64
14,133,0x1.51289cf3eb478p-214,0x1.9504860d1e3fap-444,0x1.51289cf3eb479p-214,5.00236367782750599e-65
14,134,0x1.bcdf3f300de2dp-216,0x1.9504860d1e3fap-444,0x1.bcdf3f300de2ep-216,1.65012217349829406e-65
14,135,0x1.257340ae102e9p-217,0x1.9504860d1e3fap-444,0x1.257340ae102eap-217,5.44233653928237241e-66
14,136,0x1.83129a45186f6p-219,0x1.9504860d1e3fap-444,0x1.83129a45186f7p-219,1.79466539405080816e-66
14,137,0x1.fe7b2e5f4120bp-221,0x1.9504860d1e3fap-444,0x1.fe7b2e5f4120cp-221,5.91712474706387709e-67
14,138,0x1.5090248785341p-222,0x1.9504860d1e3fap-444,0x1.5090248785342p-222,1.95059650403150533e-67
14,139,0x1.bbb95b171fd51p-224,0x1.9504860d1e3fap-444,0x1.bbb95b171fd52p-224,6.42915609879610785e-68
14,140,0x1.24749483c62d4p-225,0x1.9504860d1e3fap-444,0x1.24749483c62d5p-225,2.11870573373888489e-68
14,141,0x1.8172e853a6547p-227,0x1.9504860d1e3fap-444,0x1.8172e853a6548p-227,6.98100231009314419e-69
14,142,0x1.fbee53593e227p-229,0x1.9504860d1e3fap-444,0x1.fbee53593e228p-229,2.29982988080513802e-69
14,143,0x1.4e9d1b8eb2b36p-230,0x1.9504860d1e3fap-444,0x1.4e9d1b8eb2b37p-230,7.57538574590193866e-70
14,144,0x1.b8cd792508511p-232,0x1.9504860d1e3fap-444,0x1.b8cd792508512p-232,2.49485447019193329e-70
14,145,0x1.224cafd18c4e3p-233,0x1.9504860d1e3fap-444,0x1.224cafd18c4e4p-233,8.21518634988751656e-71
14,146,0x1.7e4e391918958p-235,0x1.9504860d1e3fap-444,0x1.7e4e391918959p-235,2.70471597661148759e-71
14,147,0x1.f7649de7d1a71p-237,0x1.9504860d1e3fap-444,0x1.f7649de7d1a72p-237,8.90344877045339306e-72
14,148,0x1.4b5d674cf6801p-238,0x1.9504860d1e3fap-444,0x1.4b5d674cf6802p-238,2.93040410884209730e-72
14,149,0x1.b42ed2e81eb0ep-240,0x1.9504860d1e3fap-444,0x1.b42ed2e81eb0fp-240,9.64338968144146214e-73
14,150,0x1.1f08d468a66ap-241,0x1.9504860d1e3fap-444,0x1.1f08d468a66a1p-241,3.17296415522972264e-73
14,151,0x1.79b6c7d4f0007p-243,0x1.9504860d1e3fap-444,0x1.79b6c7d4f0008p-243,1.04384052949789927e-73
14,152,0x1.f0f70fc9462b7p-245,0x1.9504860d1e3fap-444,0x1.f0f70fc9462b8p-245,3.43349938948023284e-74
14,153,0x1.46e223a93976bp-246,0x1.9504860d1e3fap-444,0x1.46e223a93976cp-246,1.12920790633368120e-74
14,154,0x1.adf4c45f25da5p-248,0x1.9504860d1e3fap-444,0x1.adf4c45f25da6p-248,3.71317353565246268e-75
14,155,0x1.1ab8ec4410de1p-249,0x1.9504860d1e3fap-444,0x1.1ab8ec4410de2p-249,1.22081895660342429e-75
14,156,0x1.73c238eeb9bd4p-251,0x1.9504860d1e3fap-444,0x1.73c238eeb9bd5p-251,4.01321329105888223e-76
14,157,0x1.e8c30a4f158d9p-253,0x1.9504860d1e3fap-444,0x1.e8c30a4f158dap-253,1.31907185777701598e-76
14,158,0x1.413f396ac3c8bp-254,0x1.9504860d1e3fap-444,0x1.413f396ac3c8cp-254,4.33491090556952018e-77
14,159,0x1.a63a3e640c8f9p-256,0x1.9504860d1e3fap-444,0x1.a63a3e640c8fap-256,1.42438593120795250e-77
14,160,0x1.156f2ae23e725p-257,0x1.9504860d1e3fap-444,0x1.156f2ae23e726p-257,4.67962681559547683e-78
14,161,0x1.6c891b90dae31p-259,0x1.9504860d1e3fap-444,0x1.6c891b90dae32p-259,1.53720248349094526e-78
14,162,0x1.dee9a5c620c9fp-261,0x1.9504860d1e3fap-444,0x1.dee9a5c620cap-261,5.04879233080132627e-79
14,163,0x1.3a8aede91682ep-262,0x1.9504860d1e3fap-444,0x1.3a8aede91682fp-262,1.65798566415780648e-79
14,164,0x1.9d1d31314c34dp-264,0x1.9504860d1e3fap-444,0x1.9d1d31314c34ep-264,5.44391237136176035e-80
14,165,0x1.0f3fa9e710df2p-265,0x1.9504860d1e3fap-444,0x1.0f3fa9e710df3p-265,1.78722333898285708e-80
14,166,0x1.642665aed5465p-267,0x1.9504860d1e3fap-444,0x1.642665aed5466p-267,5.86656825333551435e-81
14,167,0x1.d38f025a6cefbp-269,0x1.9504860d1e3fap-444,0x1.d38f025a6cefcp-269,1.92542797809121157e-81
14,168,0x1.32dd6efcb7bbep-270,0x1.9504860d1e3fap-444,0x1.32dd6efcb7bbfp-270,6.31842051948171134e-82
14,169,0x1.92bdf2af34e3bp-272,0x1.9504860d1e3fap-444,0x1.92bdf2af34e3cp-272,2.07313755798424321e-82
14,170,0x1.0840036e5f48bp-273,0x1.9504860d1e3fap-444,0x1.0840036e5f48cp-273,6.80121181258814755e-83
14,171,0x1.5ab6ed9d41b1ap-275,0x1.9504860d1e3fap-444,0x1.5ab6ed9d41b1bp-275,2.23091647651416930e-83
14,172,0x1.c6d99693f22cbp-277,0x1.9504860d1e3fap-444,0x1.c6d99693f22ccp-277,7.31676978811966964e-84
14,173,0x1.2a505de094617p-278,0x1.9504860d1e3fap-444,0x1.2a505de094618p-278,2.39935647975687824e-84
14,174,0x1.873ea409d0eb3p-280,0x1.9504860d1e3fap-444,0x1.873ea409d0eb4p-280,7.86701006272932765e-85
14,175,0x1.0086ec5707b01p-281,0x1.9504860d1e3fap-444,0x1.0086ec5707b02p-281,2.57907759964626441e-85
14,176,0x1.5058e4335daedp-283,0x1.9504860d1e3fap-444,0x1.5058e4335daeep-283,8.45393919490046014e-86
14,177,0x1.b8f17f481f5dcp-285,0x1.9504860d1e3fap-444,0x1.b8f17f481f5ddp-285,2.77072910114664053e-86
14,178,0x1.20fe5b8517b5cp-286,0x1.9504860d1e3fap-444,0x1.20fe5b8517b5dp-286,9.07965769371297876e-87
14,179,0x1.7ac299ced04dcp-288,0x1.9504860d1e3fap-444,0x1.7ac299ced04ddp-288,2.97499043765215955e-87
14,180,0x1.f057a1421b2f5p-290,0x1.9504860d1e3fap-444,0x1.f057a1421b2f6p-290,9.74636305144518590e-88
14,181,0x1.452b522eedd03p-291,0x1.9504860d1e3fap-444,0x1.452b522eedd04p-291,3.19257221321155008e-88
14,182,0x1.a9ffd48480769p-293,0x1.9504860d1e3fap-444,0x1.a9ffd4848076ap-293,1.04563527954366988e-88
14,183,0x1.1702989a16c9bp-294,0x1.9504860d1e3fap-444,0x1.1702989a16c9cp-294,3.42421715008709842e-89
14,184,0x1.6d6dc980a308cp-296,0x1.9504860d1e3fap-444,0x1.6d6dc980a308dp-296,1.12120275543537832e-89
14,185,0x1.de8ce7821684dp-298,0x1.9504860d1e3fap-444,0x1.de8ce7821684ep-298,3.67070106006455358e-90
14,186,0x1.394d9b4692662p-299,0x1.9504860d1e3fap-444,0x1.394d9b4692663p-299,1.20158941337036999e-90
14,187,0x1.9a2e068ed0e6dp-301,0x1.9504860d1e3fap-444,0x1.9a2e068ed0e6ep-301,3.93283381783924503e-91
14,188,0x1.0c786b4e19c1ap-302,0x1.9504860d1e3fap-444,0x1.0c786b4e19c1bp-302,1.28705685951580073e-91
14,189,0x1.5f643f2c79917p-304,0x1.9504860d1e3fap-444,0x1.5f643f2c79918p-304,4.21146033471120740e-92
14,190,0x1.cbdd2d15b586bp-306,0x1.9504860d1e3fap-444,0x1.cbdd2d15b586cp-306,1.37787793339471648e-92
14,191,0x1.2cdf090002857p-307,0x1.9504860d1e3fap-444,0x1.2cdf090002858p-307,4.50746153072931445e-93
14,192,0x1.89a545a25400cp-309,0x1.9504860d1e3fap-444,0x1.89a545a25400dp-309,1.47433701483020397e-93
14,193,0x1.017aec737ba24p-310,0x1.9504860d1e3fap-444,0x1.017aec737ba25p-310,4.82175530333270237e-94
14,194,0x1.50c99d28645bfp-312,0x1.9504860d1e3fap-444,0x1.50c99d28645cp-312,1.57673032946210114e-94
14,195,0x1.b877481f18265p-314,0x1.9504860d1e3fap-444,0x1.b877481f18266p-314,5.15529749044423282e-95
14,196,0x1.1ffe5f02804c5p-315,0x1.9504860d1e3fap-444,0x1.1ffe5f02804c6p-315,1.68536625217552146e-95
14,197,0x1.788df69644771p-317,0x1.9504860d1e3fap-444,0x1.788df69644772p-317,5.50908282588193298e-96
14,198,0x1.ec493ad2c1229p-319,0x1.9504860d1e3fap-444,0x1.ec493ad2c122ap-319,1.80056560775142591e-96
14,199,0x1.41c0a7b148e3dp-320,0x1.9504860d1e3fap-444,0x1.41c0a7b148e3ep-320,5.88414588486075564e-97
14,200,0x1.a488cd0446ba5p-322,0x1.9504860d1e3fap-444,0x1.a488cd0446ba6p-322,1.92266196802089763e-97
14,201,0x1.12c97a3db7995p-323,0x1.9504860d1e3fap-444,0x1.12c97a3db7996p-323,6.28156201727072096e-98
14,202,0x1.670f361a0e5bep-325,0x1.9504860d1e3fap-444,0x1.670f361a0e5bfp-325,2.05200194477758249e-98
14,203,0x1.d51e2fa5276c1p-327,0x1.9504860d1e3fap-444,0x1.d51e2fa5276c2p-327,6.70244826632715916e-99
14,204,0x1.326addb1b00dap-328,0x1.9504860d1e3fap-444,0x1.326addb1b00dbp-328,2.18894547767404718e-99
14,205,0x1.903d89db65005p-330,0x1.9504860d1e3fap-444,0x1.903d89db65006p-330,7.14796427010451802e-100
14,206,0x1.055cfbdd4d8e9p-331,0x1.9504860d1e3fap-444,0x1.055cfbdd4d8eap-331,2.33386611630219689e-100
14,207,0x1.554e6bb5fd814p-333,0x1.9504860d1e3fap-444,0x1.554e6bb5fd815p-333,7.61931314338139061e-101
14,208,0x1.bda58fa3509b7p-335,0x1.9504860d1e3fap-444,0x1.bda58fa3509b8p-335,2.48715129563067212e-101
14,209,0x1.22e81f8e05087p-336,0x1.9504860d1e3fap-444,0x1.22e81f8e05088p-336,8.11774233714214249e-102
14,210,0x1.7bbf1480c9122p-338,0x1.9504860d1e3fap-444,0x1.7bbf1480c9123p-338,2.64920260394792542e-102
14,211,0x1.efa8014920403p-340,0x1.9504860d1e3fap-444,0x1.efa8014920404p-340,8.64454447300321071e-103
14,212,0x1.436eed45c0a9dp-341,0x1.9504860d1e3fap-444,0x1.436eed45c0a9ep-341,2.82043604243436281e-103
14,213,0x1.a60d62652e03fp-343,0x1.9504860d1e3fap-444,0x1.a60d62652e04p-343,9.20105814975425620e-104
14,214,0x1.1356646bb5e2p-344,0x1.9504860d1e3fap-444,0x1.1356646bb5e21p-344,3.00128227546468157e-104
14,215,0x1.67346bd7d7b5bp-346,0x1.9504860d1e3fap-444,0x1.67346bd7d7b5cp-346,9.78866871913797980e-105
14,216,0x1.d48fc9ecc1605p-348,0x1.9504860d1e3fap-444,0x1.d48fc9ecc1606p-348,3.19218687071815965e-105
14,217,0x1.3191b330b0341p-349,0x1.9504860d1e3fap-444,0x1.3191b330b0342p-349,1.04088090279167766e-105
14,218,0x1.8e807f40ecccfp-351,0x1.9504860d1e3fap-444,0x1.8e807f40eccdp-351,3.39361052815467539e-106
14,219,0x1.03d17e09414bfp-352,0x1.9504860d1e3fap-444,0x1.03d17e09414cp-352,1.10629601232181504e-106
14,220,0x1.52c1ac3c067adp-354,0x1.9504860d1e3fap-444,0x1.52c1ac3c067aep-354,3.60602929689489832e-107
14,221,0x1.b9a02afb34ee7p-356,0x1.9504860d1e3fap-444,0x1.b9a02afb34ee8p-356,1.17526519180842420e-107
14,222,0x1.1fd51d3ca2fcbp-357,0x1.9504860d1e3fap-444,0x1.1fd51d3ca2fccp-357,3.82993477902414067e-108
14,223,0x1.77264386cbe4ep-359,0x1.9504860d1e3fap-444,0x1.77264386cbe4fp-359,1.24794638141031652e-108
14,224,0x1.e8e5d5cf07325p-361,0x1.9504860d1e3fap-444,0x1.e8e5d5cf07326p-361,4.06583431932400616e-109
14,225,0x1.3e87d6b9113b3p-362,0x1.9504860d1e3fap-444,0x1.3e87d6b9113b4p-362,1.32450252779447240e-109
14,226,0x1.9f03d8469d584p-364,0x1.9504860d1e3fap-444,0x1.9f03d8469d585p-364,4.31425117991949057e-110
14,227,0x1.0e54c77d18cccp-365,0x1.9504860d1e3fap-444,0x1.0e54c77d18ccdp-365,1.40510163685847011e-110
14,228,0x1.60225dd0d7dc9p-367,0x1.9504860d1e3fap-444,0x1.60225dd0d7dcap-367,4.57572469881969752e-111
14,229,0x1.caa36c73c900fp-369,0x1.9504860d1e3fap-444,0x1.caa36c73c901p-369,1.48991682119583749e-111
14,230,0x1.2aa4aa41f4437p-370,0x1.9504860d1e3fap-444,0x1.2aa4aa41f4438p-370,4.85081043131481574e-112
14,231,0x1.84e131867b11cp-372,0x1.9504860d1e3fap-444,0x1.84e131867b11dp-372,1.57912634197565570e-112
14,232,0x1.fa52dd25a10b7p-374,0x1.9504860d1e3fap-444,0x1.fa52dd25a10b8p-374,5.14008027318753661e-113
14,233,0x1.4994ad472d1a1p-375,0x1.9504860d1e3fap-444,0x1.4994ad472d1a2p-375,1.67291364490520463e-113
14,234,0x1.ad04c9a86c255p-377,0x1.9504860d1e3fap-444,0x1.ad04c9a86c256p-377,5.44412256468579740e-114
14,235,0x1.17328dce8e1b5p-378,0x1.9504860d1e3fap-444,0x1.17328dce8e1b6p-378,1.77146738994250587e-114
14,236,0x1.6b5a29b902c7ap-380,0x1.9504860d1e3fap-444,0x1.6b5a29b902c7bp-380,5.76354217420385811e-115
14,237,0x1.d8d1c46040ae1p-382,0x1.9504860d1e3fap-444,0x1.d8d1c46040ae2p-382,1.87498147442453188e-115
14,238,0x1.33993368f8ad9p-383,0x1.9504860d1e3fap-444,0x1.33993368f8adap-383,6.09896056061203379e-116
14,239,0x1.902ddc34f76a6p-385,0x1.9504860d1e3fap-444,0x1.902ddc34f76a7p-385,1.98365504927630066e-116
14,240,0x1.04488a0841968p-386,0x1.9504860d1e3fap-444,0x1.04488a0841969p-386,6.45101581317966812e-117
14,241,0x1.528c42a929b27p-388,0x1.9504860d1e3fap-444,0x1.528c42a929b28p-388,2.09769252796736366e-117
14,242,0x1.b84c0949591e5p-390,0x1.9504860d1e3fap-444,0x1.b84c0949591e6p-390,6.82036266803411938e-118
14,243,0x1.1e4816ac7d5cfp-391,0x1.9504860d1e3fap-444,0x1.1e4816ac7d5d1p-391,2.21730358788237774e-118
14,244,0x1.743d7fa0afd83p-393,0x1.9504860d1e3fap-444,0x1.743d7fa0afd87p-393,7.20767250010822035e-119
14,245,0x1.e3f4a1fca6ab1p-395,0x1.9504860d1e3fap-444,0x1.e3f4a1fca6abfp-395,2.34270316377534420e-119
14,246,0x1.3a909a8b026ddp-396,0x1.9504860d1e3fap-444,0x1.3a909a8b026f7p-396,7.61363328953319297e-120
14,247,0x1.98e1ac1e1939dp-398,0x1.9504860d1e3fap-444,0x1.98e1ac1e19403p-398,2.47411143297897865e-120
14,248,0x1.09b5b41c519c7p-399,0x1.9504860d1e3fap-444,0x1.09b5b41c51a93p-399,8.03894956144881305e-121
14,249,0x1.594d97162b82cp-401,0x1.9504860d1e3fap-444,0x1.594d97162bb57p-401,2.61175379204685133e-121
14,250,0x1.c0b0a474bb82ep-403,0x1.9504860d1e3fap-444,0x1.c0b0a474bc4d7p-403,8.48434229821158775e-122
14,251,0x1.237c09792a758p-404,0x1.9504860d1e3fap-444,0x1.237c09792c0a9p-404,2.75586082450914457e-122
14,252,0x1.7aad13779c997p-406,0x1.9504860d1e3fap-444,0x1.7aad1377a2ed9p-406,8.95054882301767401e-123
14,253,0x1.ebe57bf99422bp-408,0x1.9504860d1e3fap-444,0x1.ebe57bf9ad731p-408,2.90666825944488106e-123
14,254,0x1.3f7338f2c6167p-409,0x1.9504860d1e3fap-444,0x1.3f7338f2f8b71p-409,9.43832265410991260e-124
14,255,0x1.9edfb2f5f6d8bp-411,0x1.9504860d1e3fap-444,0x1.9edfb2f6c15bp-411,3.06441692071408069e-124
14,256,0x1.0d5f4c896d795p-412,0x1.9504860d1e3fap-444,0x1.0d5f4c8b027dep-412,9.94843333013548639e-125
14,257,0x1.5dc3485b989e2p-414,0x1.9504860d1e3fap-444,0x1.5dc34861ecb05p-414,3.22935266808267528e-125
14,258,0x1.c618caef4f775p-416,0x1.9504860d1e3fap-444,0x1.c618cb089fbfcp-416,1.04816662210825835e-125
14,259,0x1.26bee857ea8fp-417,0x1.9504860d1e3fap-444,0x1.26bee88a8b1fdp-417,3.40172634537032914e-126
14,260,0x1.7e966c9c02329p-419,0x1.9504860d1e3fap-444,0x1.7e966d668475ap-419,1.10388224787038490e-126
14,261,0x1.f08e781d215c5p-421,0x1.9504860d1e3fap-444,0x1.f08e7b472a688p-421,3.58179389074551409e-127
14,262,0x1.4234402af13ffp-422,0x1.9504860d1e3fap-444,0x1.4234467f03583p-422,1.16207206855186048e-127
14,263,0x1.a21919042564fp-424,0x1.9504860d1e3fap-444,0x1.a21932546dc5dp-424,3.76981817477520037e-128
14,264,0x1.0f3cd7176ca73p-425,0x1.9504860d1e3fap-444,0x1.0f3d09b7fd68ep-425,1.22282159195201224e-128
14,265,0x1.5fe3ca39a3a44p-427,0x1.9504860d1e3fap-444,0x1.5fe494bbe6aaep-427,3.96608834310835922e-129
14,266,0x1.c879eab382812p-429,0x1.9504860d1e3fap-444,0x1.c87d14bc8e9b7p-429,1.28623945968651762e-129
14,267,0x1.280ae1669beap-430,0x1.9504860d1e3fap-444,0x1.28113578b41e9p-430,4.17111561833710866e-130
14,268,0x1.7ff2d23b7ea01p-432,0x1.9504860d1e3fap-444,0x1.800c2283df72p-432,1.35265405568477058e-130
14,269,0x1.f1e60d085dd67p-434,0x1.9504860d1e3fap-444,0x1.f24b4e29e11e1p-434,4.38760694300349778e-131
14,270,0x1.42c98780908fbp-435,0x1.9504860d1e3fap-444,0x1.439409c3971eep-435,1.42459453816593432e-131
14,271,0x1.a26f164d4fb27p-437,0x1.9504860d1e3fap-444,0x1.a5991f5969efp-437,4.64034862766033947e-132
14,272,0x1.0f18af3a4263p-438,0x1.9504860d1e3fap-444,0x1.156cc15276dc1p-438,1.52674762963628127e-132
14,273,0x1.5eef50e7ccadap-440,0x1.9504860d1e3fap-444,0x1.783f99489e91bp-440,5.17650504983495725e-133
14,274,0x1.c52ca280110bdp-442,0x1.9504860d1e3fap-444,0x1.1536e201ac4dfp-441,1.90698690658442980e-133
14,275,0x1.22c3ee4400ddap-443,0x1.9504860d1e3fap-444,0x1.ed46314a8ffd8p-443,8.48321252597979061e-134
14,276,0x1.6f2745309b70fp-445,0x1.9504860d1e3fap-444,0x1.264c1452b5fc2p-443,5.06125319256590801e-134
14,277,0x1.bce60974fb538p-447,0x1.9504860d1e3fap-444,0x1.cca1473bbdaa2p-444,3.96090268882603916e-134
14,278,0x1.e3f373836fe0bp-449,0x1.9504860d1e3fap-444,0x1.a42421a939bebp-444,3.61274382974224701e-134
14,279,0x1.7c787b250f582p-451,0x1.9504860d1e3fap-444,0x1.97fd7703685e6p-444,3.50825846583438684e-134
14,280,0x0p+0,0x1.9504860d1e3fap-444,0x1.9504860d1e3fap-444,3.48269892034979805e-134
15,0,0x1.30146d4c2b1bcp-4,0x1.12a0cf4914312p-437,0x1.30146d4c2b1bdp-4,7.42382306513666573e-02
15,1,0x1.b81c8dc32b98bp-6,0x1.12a0cf4914312p-437,0x1.b81c8dc32b98cp-6,2.68622764967232780e-02
15,2,0x1.30fe9849b1ae3p-7,0x1.12a0cf4914312p-437,0x1.30fe9849b1ae4p-7,9.30769382411029272e-03
15,3,0x1.9b9a514154dcp-9,0x1.12a0cf4914312p-437,0x1.9b9a514154dc1p-9,3.14028016934184183e-03
15,4,0x1.1265063ac337cp-10,0x1.12a0cf4914312p-437,0x1.1265063ac337dp-10,1.04673243066885570e-03
15,5,0x1.6d64d0048c95fp-12,0x1.12a0cf4914312p-437,0x1.6d64d0048c96p-12,3.48466681575084966e-04
15,6,0x1.e91b11e75cfecp-14,0x1.12a0cf4914312p-437,0x1.e91b11e75cfedp-14,1.16611896023688120e-04
15,7,0x1.49df72d519298p-15,0x1.12a0cf4914312p-437,0x1.49df72d519299p-15,3.93239076082230841e-05
15,8,0x1.c04f60bf622f3p-17,0x1.12a0cf4914312p-437,0x1.c04f60bf622f4p-17,1.33606812358229616e-05
15,9,0x1.32806d17ad1a5p-18,0x1.12a0cf4914312p-437,0x1.32806d17ad1a6p-18,4.56723071067360538e-06
15,10,0x1.a4fb59a8a1d35p-20,0x1.12a0cf4914312p-437,0x1.a4fb59a8a1d36p-20,1.56827955258445763e-06
15,11,0x1.22012a0fcf17dp-21,0x1.12a0cf4914312p-437,0x1.22012a0fcf17ep-21,5.40175564701534722e-07
15,12,0x1.905e2db45d88bp-23,0x1.12a0cf4914312p-437,0x1.905e2db45d88cp-23,1.86435824677404713e-07
15,13,0x1.14b76207f7574p-24,0x1.12a0cf4914312p-437,0x1.14b76207f7575p-24,6.44280434553858865e-08
15,14,0x1.7ec813e440029p-26,0x1.12a0cf4914312p-437,0x1.7ec813e44002ap-26,2.22808188713245760e-08
15,15,0x1.08d512a4d318ep-27,0x1.12a0cf4914312p-437,0x1.08d512a4d318fp-27,7.70763481654328103e-09
15,16,0x1.6e7520c9f05c7p-29,0x1.12a0cf4914312p-437,0x1.6e7520c9f05c8p-29,2.66632946708521255e-09
15,17,0x1.faf86873e0d9dp-31,0x1.12a0cf4914312p-437,0x1.faf86873e0d9ep-31,9.22173683322305568e-10
15,18,0x1.5e8c702ff3d03p-32,0x1.12a0cf4914312p-437,0x1.5e8c702ff3d04p-32,3.18822082447296046e-10
15,19,0x1.e48b03d20872bp-34,0x1.12a0cf4914312p-437,0x1.e48b03d20872cp-34,1.10172328969681439e-10
15,20,0x1.4eb0b4d698679p-35,0x1.12a0cf4914312p-437,0x1.4eb0b4d69867ap-35,3.80498772043335676e-11
15,21,0x1.ce1585c317615p-37,0x1.12a0cf4914312p-437,0x1.ce1585c317616p-37,1.31332192352515082e-11
15,22,0x1.3ec89d5b3781bp-38,0x1.12a0cf4914312p-437,0x1.3ec89d5b3781cp-38,4.53018815089235971e-12
15,23,0x1.b7911844a6778p-40,0x1.12a0cf4914312p-437,0x1.b7911844a6779p-40,1.56165489980541840e-12
15,24,0x1.2edd69e7d176cp-41,0x1.12a0cf4914312p-437,0x1.2edd69e7d176dp-41,5.37996131627050590e-13
15,25,0x1.a117d823e51c1p-43,0x1.12a0cf4914312p-437,0x1.a117d823e51c2p-43,1.85226563770488124e-13
15,26,0x1.1f07259c2c89cp-44,0x1.12a0cf4914312p-437,0x1.1f07259c2c89dp-44,6.37330005734714845e-14
15,27,0x1.8acfe7632a6ddp-46,0x1.12a0cf4914312p-437,0x1.8acfe7632a6dep-46,2.19164755477792066e-14
15,28,0x1.0f61cbec23c49p-47,0x1.12a0cf4914312p-437,0x1.0f61cbec23c4ap-47,7.53236411741308610e-15
15,29,0x1.74e069c8a61afp-49,0x1.12a0cf4914312p-437,0x1.74e069c8a61bp-49,2.58735126471325961e-15
15,30,0x1.0007d808f2f6ap-50,0x1.12a0cf4914312p-437,0x1.0007d808f2f6bp-50,8.88284724185631324e-16
15,31,0x1.5f6c55de354bap-52,0x1.12a0cf4914312p-437,0x1.5f6c55de354bbp-52,3.04811024720670546e-16
15,32,0x1.e21fda8a99e47p-54,0x1.12a0cf4914312p-437,0x1.e21fda8a99e48p-54,1.04544070541839442e-16
15,33,0x1.4a90848d863f7p-55,0x1.12a0cf4914312p-437,0x1.4a90848d863f8p-55,3.58398773544857106e-17
15,34,0x1.c5185603cb663p-57,0x1.12a0cf4914312p-437,0x1.c5185603cb664p-57,1.22811662771368326e-17
15,35,0x1.36636f6895c89p-58,0x1.12a0cf4914312p-437,0x1.36636f6895c8ap-58,4.20654747348762897e-18
15,36,0x1.a914a71c6a54fp-60,0x1.12a0cf4914312p-437,0x1.a914a71c6a55p-60,1.44022934756440722e-18
15,37,0x1.22f5b6052a751p-61,0x1.12a0cf4914312p-437,0x1.22f5b6052a752p-61,4.92905088519449544e-19
15,38,0x1.8e28980fb8f3fp-63,0x1.12a0cf4914312p-437,0x1.8e28980fb8f4p-63,1.68626713626478437e-19
15,39,0x1.1052ec3a3c315p-64,0x1.12a0cf4914312p-437,0x1.1052ec3a3c316p-64,5.76668325156796264e-20
15,40,0x1.74616a881cab4p-66,0x1.12a0cf4914312p-437,0x1.74616a881cab5p-66,1.97136612091286976e-20
15,41,0x1.fd04e3fbdd9f9p-68,0x1.12a0cf4914312p-437,0x1.fd04e3fbdd9fap-68,6.73681174475693730e-21
15,42,0x1.5bc6fedae23ffp-69,0x1.12a0cf4914312p-437,0x1.5bc6fedae24p-69,2.30139729426755922e-21
15,43,0x1.db1071f354b1bp-71,0x1.12a0cf4914312p-437,0x1.db1071f354b1cp-71,7.85927856017251766e-22
15,44,0x1.445cd88218fc1p-72,0x1.12a0cf4914312p-437,0x1.445cd88218fc2p-72,2.68306519217412419e-22
15,45,0x1.bacadcce188cbp-74,0x1.12a0cf4914312p-437,0x1.bacadcce188ccp-74,9.15673287255573772e-23
15,46,0x1.2e22f9fa8f706p-75,0x1.12a0cf4914312p-437,0x1.2e22f9fa8f707p-75,3.12401950114428110e-23
15,47,0x1.9c32113875796p-77,0x1.12a0cf4914312p-437,0x1.9c32113875797p-77,1.06550058887200248e-23
15,48,0x1.19169a61c291cp-78,0x1.12a0cf4914312p-437,0x1.19169a61c291dp-78,3.63298103960163270e-24
15,49,0x1.7f40769e8c85ap-80,0x1.12a0cf4914312p-437,0x1.7f40769e8c85bp-80,1.23835338651328886e-24
15,50,0x1.0532ba2578f72p-81,0x1.12a0cf4914312p-437,0x1.0532ba2578f73p-81,4.21988375170549590e-25
15,51,0x1.63edad42275bbp-83,0x1.12a0cf4914312p-437,0x1.63edad42275bcp-83,1.43758345989456528e-25
15,52,0x1.e4e1391918d8ep-85,0x1.12a0cf4914312p-437,0x1.e4e1391918d8fp-85,4.89603456255423880e-26
15,53,0x1.4a2f29bd7b74p-86,0x1.12a0cf4914312p-437,0x1.4a2f29bd7b741p-86,1.66700435893575783e-26
15,54,0x1.c1905699340e1p-88,0x1.12a0cf4914312p-437,0x1.c1905699340e2p-88,5.67429316950964289e-27
15,55,0x1.31f8b4b179625p-89,0x1.12a0cf4914312p-437,0x1.31f8b4b179626p-89,1.93095168088258933e-27
15,56,0x1.a06090f8a5537p-91,0x1.12a0cf4914312p-437,0x1.a06090f8a5538p-91,6.56927408879236642e-28
15,57,0x1.1b3cd414dd663p-92,0x1.12a0cf4914312p-437,0x1.1b3cd414dd664p-92,2.23435078290443959e-28
15,58,0x1.813e24a182223p-94,0x1.12a0cf4914312p-437,0x1.813e24a182224p-94,7.59757354222239169e-29
15,59,0x1.05ed226f5b8b4p-95,0x1.12a0cf4914312p-437,0x1.05ed226f5b8b5p-95,2.58279279242147291e-29
15,60,0x1.641436a76d8d6p-97,0x1.12a0cf4914312p-437,0x1.641436a76d8d7p-97,8.77802405908377197e-30
15,61,0x1.e3f52eb120b3dp-99,0x1.12a0cf4914312p-437,0x1.e3f52eb120b3ep-99,2.98261987338526593e-30
15,62,0x1.48cd3251d9f92p-100,0x1.12a0cf4914312p-437,0x1.48cd3251d9f93p-100,1.01319799857810778e-30
15,63,0x1.beab87a9b1fabp-102,0x1.12a0cf4914312p-437,0x1.beab87a9b1facp-102,3.44102081195095382e-31
15,64,0x1.2f531704f5a55p-103,0x1.12a0cf4914312p-437,0x1.2f531704f5a56p-103,1.16836374445413988e-31
15,65,0x1.9bde09351dffcp-105,0x1.12a0cf4914312p-437,0x1.9bde09351dffdp-105,3.96613810050292467e-32
15,66,0x1.178fb91a7864cp-106,0x1.12a0cf4914312p-437,0x1.178fb91a7864dp-106,1.34603926653480996e-32
15,67,0x1.7b6d57bcc3b69p-108,0x1.12a0cf4914312p-437,0x1.7b6d57bcc3b6ap-108,4.56718782594507229e-33
15,68,0x1.016cf7b79c348p-109,0x1.12a0cf4914312p-437,0x1.016cf7b79c349p-109,1.54932430361824669e-33
15,69,0x1.5d3a47e961451p-111,0x1.12a0cf4914312p-437,0x1.5d3a47e961452p-111,5.25459380771366326e-34
15,70,0x1.d9a9d2948836bp-113,0x1.12a0cf4914312p-437,0x1.d9a9d2948836cp-113,1.78172356793164250e-34
15,71,0x1.412617b150ee9p-114,0x1.12a0cf4914312p-437,0x1.412617b150eeap-114,6.04013758436102694e-35
15,72,0x1.b3640017ae3c9p-116,0x1.12a0cf4914312p-437,0x1.b3640017ae3cap-116,2.04719688699066129e-35
15,73,0x1.27129cf6424aep-117,0x1.12a0cf4914312p-437,0x1.27129cf6424afp-117,6.93712601612010822e-36
15,74,0x1.8fde4f5c2d241p-119,0x1.12a0cf4914312p-437,0x1.8fde4f5c2d242p-119,2.35021521718390600e-36
15,75,0x1.0ee26b2d958dp-120,0x1.12a0cf4914312p-437,0x1.0ee26b2d958d1p-120,7.96057845602079994e-37
15,76,0x1.6eefba510a9efp-122,0x1.12a0cf4914312p-437,0x1.6eefba510a9fp-122,2.69582317793496729e-37
15,77,0x1.f0f1e2a9c36fbp-124,0x1.12a0cf4914312p-437,0x1.f0f1e2a9c36fcp-124,9.12743564542526967e-38
15,78,0x1.507082f0f6466p-125,0x1.12a0cf4914312p-437,0x1.507082f0f6467p-125,3.08970882264377249e-38
15,79,0x1.c775228b9859fp-127,0x1.12a0cf4914312p-437,0x1.c775228b985ap-127,1.04567927129390300e-38
15,80,0x1.343a5010c6b61p-128,0x1.12a0cf4914312p-437,0x1.343a5010c6b62p-128,3.53828143649584489e-39
15,81,0x1.a11962acc73b5p-130,0x1.12a0cf4914312p-437,0x1.a11962acc73b6p-130,1.19701589003315388e-39
15,82,0x1.1a2842b47655ap-131,0x1.12a0cf4914312p-437,0x1.1a2842b47655bp-131,4.04875823224141919e-40
15,83,0x1.7dab922757463p-133,0x1.12a0cf4914312p-437,0x1.7dab922757464p-133,1.36917469073007426e-40
15,84,0x1.021704f9f7197p-134,0x1.12a0cf4914312p-437,0x1.021704f9f7198p-134,4.62926090382397593e-41
15,85,0x1.5cfad3930508fp-136,0x1.12a0cf4914312p-437,0x1.5cfad3930509p-136,1.56487950407388756e-41
15,86,0x1.d7c9a70d53a0fp-138,0x1.12a0cf4914312p-437,0x1.d7c9a70d53a1p-138,5.28892309496893938e-42
15,87,0x1.3ed886e8f7a7ap-139,0x1.12a0cf4914312p-437,0x1.3ed886e8f7a7bp-139,1.78719256758672193e-42
15,88,0x1.aee3048d79afbp-141,0x1.12a0cf4914312p-437,0x1.aee3048d79afcp-141,6.03800994627376669e-43
15,89,0x1.23184d4dd430fp-142,0x1.12a0cf4914312p-437,0x1.23184d4dd431p-142,2.03955438886592198e-43
15,90,0x1.893cfa687751bp-144,0x1.12a0cf4914312p-437,0x1.893cfa687751cp-144,6.88805100077580600e-44
15,91,0x1.099007b3133b4p-145,0x1.12a0cf4914312p-437,0x1.099007b3133b5p-145,2.32582805040084517e-44
15,92,0x1.669d8b8ae755fp-147,0x1.12a0cf4914312p-437,0x1.669d8b8ae756p-147,7.85198787528501596e-45
15,93,0x1.e42fa24670c51p-149,0x1.12a0cf4914312p-437,0x1.e42fa24670c52p-149,2.65034842249873482e-45
15,94,0x1.46cddb1de7f4p-150,0x1.12a0cf4914312p-437,0x1.46cddb1de7f41p-150,8.94433824389490020e-46
15,95,0x1.b913eae5bdf81p-152,0x1.12a0cf4914312p-437,0x1.b913eae5bdf82p-152,3.01797679683658956e-46
15,96,0x1.299a1d28ca95p-153,0x1.12a0cf4914312p-437,0x1.299a1d28ca951p-153,1.01813778320405334e-46
15,97,0x1.9185c9f3ddd59p-155,0x1.12a0cf4914312p-437,0x1.9185c9f3ddd5ap-155,3.43416150336537547e-47
15,98,0x1.0ed18368d7f01p-156,0x1.12a0cf4914312p-437,0x1.0ed18368d7f02p-156,1.15813422853529459e-47
15,99,0x1.6d424bc88dfc4p-158,0x1.12a0cf4914312p-437,0x1.6d424bc88dfc5p-158,3.90500512808855002e-48
15,100,0x1.ec8c4e39c349dp-160,0x1.12a0cf4914312p-437,0x1.ec8c4e39c349ep-160,1.31646509585427235e-48
15,101,0x1.4c0a872ec927ap-161,0x1.12a0cf4914312p-437,0x1.4c0a872ec927bp-161,4.43733900900571839e-49
15,102,0x1.bf99e0d54d7b9p-163,0x1.12a0cf4914312p-437,0x1.bf99e0d54d7bap-163,1.49541548669038516e-49
15,103,0x1.2da379357ff75p-164,0x1.12a0cf4914312p-437,0x1.2da379357ff76p-164,5.03880575267205992e-50
15,104,0x1.967af7dde87f4p-166,0x1.12a0cf4914312p-437,0x1.967af7dde87f5p-166,1.69754112581308107e-50
15,105,0x1.11d5dec4f9p-167,0x1.12a0cf4914312p-437,0x1.11d5dec4f9001p-167,5.71795058482318240e-51
15,106,0x1.70e3fded2d3a9p-169,0x1.12a0cf4914312p-437,0x1.70e3fded2d3aap-169,1.92569874964613175e-51
15,107,0x1.f0dc193ddb185p-171,0x1.12a0cf4914312p-437,0x1.f0dc193ddb186p-171,6.48432242583736128e-52
15,108,0x1.4e8e559ac33fdp-172,0x1.12a0cf4914312p-437,0x1.4e8e559ac33fep-172,2.18307972062754086e-52
15,109,0x1.c2778cb20376cp-174,0x1.12a0cf4914312p-437,0x1.c2778cb20376dp-174,7.34858566597165648e-53
15,110,0x1.2f381f0323db2p-175,0x1.12a0cf4914312p-437,0x1.2f381f0323db3p-175,2.47324718999099599e-53
15,111,0x1.9824299a4faeap-177,0x1.12a0cf4914312p-437,0x1.9824299a4faebp-177,8.32264370687442289e-54
15,112,0x1.12a3fcd8c9564p-178,0x1.12a0cf4914312p-437,0x1.12a3fcd8c9565p-178,2.80017716164066475e-54
15,113,0x1.718e38d32fa96p-180,0x1.12a0cf4914312p-437,0x1.718e38d32fa97p-180,9.41977543544399866e-55
15,114,0x1.f131b31335c61p-182,0x1.12a0cf4914312p-437,0x1.f131b31335c62p-182,3.16830384261804610e-55
15,115,0x1.4e67e7741b5bfp-183,0x1.12a0cf4914312p-437,0x1.4e67e7741b5cp-183,1.06547859043161526e-55
15,116,0x1.c1c359da2eaf7p-185,0x1.12a0cf4914312p-437,0x1.c1c359da2eaf8p-185,3.58256970132731753e-56
15,117,0x1.2e68f4eb95f5bp-186,0x1.12a0cf4914312p-437,0x1.2e68f4eb95f5cp-186,1.20441726108135575e-56
15,118,0x1.969a85b99a3f3p-188,0x1.12a0cf4914312p-437,0x1.969a85b99a3f4p-188,4.04848069342178790e-57
15,119,0x1.114e62a26d50ap-189,0x1.12a0cf4914312p-437,0x1.114e62a26d50bp-189,1.36063088938198657e-57
15,120,0x1.6f5c060fb4e28p-191,0x1.12a0cf4914312p-437,0x1.6f5c060fb4e29p-191,4.57216715730096036e-58
15,121,0x1.edb44b1b0acefp-193,0x1.12a0cf4914312p-437,0x1.edb44b1b0acfp-193,1.53616461065455778e-58
15,122,0x1.4bb374869572fp-194,0x1.12a0cf4914312p-437,0x1.4bb374869573p-194,5.16045092678585160e-59
15,123,0x1.bda5b403627ddp-196,0x1.12a0cf4914312p-437,0x1.bda5b403627dep-196,1.73329363733839168e-59
15,124,0x1.2b52cb17fd9efp-197,0x1.12a0cf4914312p-437,0x1.2b52cb17fd9fp-197,5.82091925800888470e-60
15,125,0x1.9206f4174b5e7p-199,0x1.12a0cf4914312p-437,0x1.9206f4174b5e8p-199,1.95454779019252394e-60
15,126,0x1.0df1fdc675723p-200,0x1.12a0cf4914312p-437,0x1.0df1fdc675724p-200,6.56200622117155697e-61
15,127,0x1.6a762cfd7c50ap-202,0x1.12a0cf4914312p-437,0x1.6a762cfd7c50bp-202,2.20273849976876710e-61
15,128,0x1.e69d30933e10fp-204,0x1.12a0cf4914312p-437,0x1.e69d30933e11p-204,7.39308226590983296e-62
15,129,0x1.469925bfc7a41p-205,0x1.12a0cf4914312p-437,0x1.469925bfc7a42p-205,2.48098851202704656e-62
15,130,0x1.b656bfb3fa4b4p-207,0x1.12a0cf4914312p-437,0x1.b656bfb3fa4b5p-207,8.32455273190284564e-63
15,131,0x1.261cc88c7a8aap-208,0x1.12a0cf4914312p-437,0x1.261cc88c7a8abp-208,2.79276455265674004e-63
15,132,0x1.8a9ff2721805fp-210,0x1.12a0cf4914312p-437,0x1.8a9ff2721806p-210,9.36796614443293199e-64
15,133,0x1.08b4a68269c55p-211,0x1.12a0cf4914312p-437,0x1.08b4a68269c56p-211,3.14191322705836860e-64
15,134,0x1.6311260a97b44p-213,0x1.12a0cf4914312p-437,0x1.6311260a97b45p-213,1.05361332082450678e-64
15,135,0x1.dc35032ad67f1p-215,0x1.12a0cf4914312p-437,0x1.dc35032ad67f2p-215,3.53270045715586221e-65
15,136,0x1.3f4b28bd04535p-216,0x1.12a0cf4914312p-437,0x1.3f4b28bd04536p-216,1.18432574926749000e-65
15,137,0x1.ac1bb914553e9p-218,0x1.12a0cf4914312p-437,0x1.ac1bb914553eap-218,3.96985478238673390e-66
15,138,0x1.1ef69fa9a0c1dp-219,0x1.12a0cf4914312p-437,0x1.1ef69fa9a0c1ep-219,1.33050788870683208e-66
15,139,0x1.80a721f77945dp-221,0x1.12a0cf4914312p-437,0x1.80a721f77945ep-221,4.45861488050186465e-67
15,140,0x1.01c3752a3c14cp-222,0x1.12a0cf4914312p-437,0x1.01c3752a3c14dp-222,1.49390309984700512e-67
15,141,0x1.596ad6a5a88f7p-224,0x1.12a0cf4914312p-437,0x1.596ad6a5a88f8p-224,5.00478169435330088e-68
15,142,0x1.ced09efa41959p-226,0x1.12a0cf4914312p-437,0x1.ced09efa4195ap-226,1.67644137639280387e-68
15,143,0x1.3603991b986d9p-227,0x1.12a0cf4914312p-437,0x1.3603991b986dap-227,5.61477558382205768e-69
15,144,0x1.9f441f1cea4b7p-229,0x1.12a0cf4914312p-437,0x1.9f441f1cea4b8p-229,1.88025826580764698e-69
15,145,0x1.1616a3634630cp-230,0x1.12a0cf4914312p-437,0x1.1616a3634630dp-230,6.29569895761635031e-70
15,146,0x1.7466af46d5283p-232,0x1.12a0cf4914312p-437,0x1.7466af46d5284p-232,2.10771559935070490e-70
15,147,0x1.f2a202d9884ffp-234,0x1.12a0cf4914312p-437,0x1.f2a202d9885p-234,7.05540487804001445e-71
15,148,0x1.4dc833470b53p-235,0x1.12a0cf4914312p-437,0x1.4dc833470b531p-235,2.36142419374222223e-71
15,149,0x1.becdeaf3fac27p-237,0x1.12a0cf4914312p-437,0x1.becdeaf3fac28p-237,7.90257217319267078e-72
15,150,0x1.2b02596dba691p-238,0x1.12a0cf4914312p-437,0x1.2b02596dba692p-238,2.64426870038373696e-72
15,151,0x1.9026cd65f21fp-240,0x1.12a0cf4914312p-437,0x1.9026cd65f21f1p-240,8.84678763562773734e-73
15,152,0x1.0bb7d3d8706ecp-241,0x1.12a0cf4914312p-437,0x1.0bb7d3d8706edp-241,2.95943479268629471e-73
15,153,0x1.662eb2e6f05d9p-243,0x1.12a0cf4914312p-437,0x1.662eb2e6f05dap-243,9.89863593449158995e-74
15,154,0x1.df273e5cfb3ffp-245,0x1.12a0cf4914312p-437,0x1.df273e5cfb4p-245,3.31043889780775568e-74
15,155,0x1.4072e1bf85753p-246,0x1.12a0cf4914312p-437,0x1.4072e1bf85754p-246,1.10697979198333229e-74
15,156,0x1.ac90ac5558013p-248,0x1.12a0cf4914312p-437,0x1.ac90ac5558014p-248,3.70116069604943749e-75
15,157,0x1.1e8af299c62a2p-249,0x1.12a0cf4914312p-437,0x1.1e8af299c62a3p-249,1.23731580533680696e-75
15,158,0x1.7f1f229c46fabp-251,0x1.12a0cf4914312p-437,0x1.7f1f229c46facp-251,4.13587862939486011e-76
15,159,0x1.0017f61061164p-252,0x1.12a0cf4914312p-437,0x1.0017f61061165p-252,1.38229217597674162e-76
15,160,0x1.5652a43121614p-254,0x1.12a0cf4914312p-437,0x1.5652a43121615p-254,4.61930868027896741e-77
15,161,0x1.c987542ad6475p-256,0x1.12a0cf4914312p-437,0x1.c987542ad6476p-256,1.54347435568284504e-77
15,162,0x1.31b6f24676a87p-257,0x1.12a0cf4914312p-437,0x1.31b6f24676a88p-257,5.15664670274651990e-78
15,163,0x1.987f7c9a215c7p-259,0x1.12a0cf4914312p-437,0x1.987f7c9a215c8p-259,1.72258668919381980e-78
15,164,0x1.10e28cfedf76bp-260,0x1.12a0cf4914312p-437,0x1.10e28cfedf76cp-260,5.75361461079572737e-79
15,165,0x1.6c8a4cf9bb7b2p-262,0x1.12a0cf4914312p-437,0x1.6c8a4cf9bb7b3p-262,1.92152766864338322e-79
15,166,0x1.e6eb8ef102f09p-264,0x1.12a0cf4914312p-437,0x1.e6eb8ef102f0ap-264,6.41651075300996111e-80
15,167,0x1.4526f46c03a07p-265,0x1.12a0cf4914312p-437,0x1.4526f46c03a08p-265,2.14238656690996788e-80
15,168,0x1.b233dbf0234f2p-267,0x1.12a0cf4914312p-437,0x1.b233dbf0234f3p-267,7.15226482867159782e-81
15,169,0x1.21e0c1cf2dcb4p-268,0x1.12a0cf4914312p-437,0x1.21e0c1cf2dcb5p-268,2.38746156655031549e-81
15,170,0x1.8300fa1c26d1dp-270,0x1.12a0cf4914312p-437,0x1.8300fa1c26d1ep-270,7.96849772854171144e-82
15,171,0x1.024e131aa66f9p-271,0x1.12a0cf4914312p-437,0x1.024e131aa66fap-271,2.65927951015391589e-82
15,172,0x1.58c4d137da444p-273,0x1.12a0cf4914312p-437,0x1.58c4d137da445p-273,8.87358671350794981e-83
15,173,0x1.cc1eb4dbed381p-275,0x1.12a0cf4914312p-437,0x1.cc1eb4dbed382p-275,2.96061740778376922e-83
15,174,0x1.32fee353e15b2p-276,0x1.12a0cf4914312p-437,0x1.32fee353e15b3p-276,9.87673637647810587e-84
15,175,0x1.999c6eb4f916dp-278,0x1.12a0cf4914312p-437,0x1.999c6eb4f916ep-278,3.29452584770131592e-84
15,176,0x1.113b1416e5fd5p-279,0x1.12a0cf4914312p-437,0x1.113b1416e5fd6p-279,1.09880558673713034e-84
15,177,0x1.6c794604f7df8p-281,0x1.12a0cf4914312p-437,0x1.6c794604f7df9p-281,3.66435446785603990e-85
15,178,0x1.e6211369529c7p-283,0x1.12a0cf4914312p-437,0x1.e6211369529c8p-283,1.22186428979801229e-85
15,179,0x1.44285b7307be4p-284,0x1.12a0cf4914312p-437,0x1.44285b7307be5p-284,4.07377965770134534e-86
15,180,0x1.b0414b7f16347p-286,0x1.12a0cf4914312p-437,0x1.b0414b7f16348p-286,1.35806750830022588e-86
15,181,0x1.202a99c7755c9p-287,0x1.12a0cf4914312p-437,0x1.202a99c7755cap-287,4.52683467282753498e-87
15,182,0x1.802c2831dedd9p-289,0x1.12a0cf4914312p-437,0x1.802c2831deddap-289,1.50875092158312687e-87
15,183,0x1.000d6fc63f191p-290,0x1.12a0cf4914312p-437,0x1.000d6fc63f192p-290,5.02794235873529542e-88
15,184,0x1.5547dcbb0fc77p-292,0x1.12a0cf4914312p-437,0x1.5547dcbb0fc78p-292,1.67537891229318737e-88
15,185,0x1.c6d34bcc672edp-294,0x1.12a0cf4914312p-437,0x1.c6d34bcc672eep-294,5.58195069486426214e-89
15,186,0x1.2f09e4857eb23p-295,0x1.12a0cf4914312p-437,0x1.2f09e4857eb24p-295,1.85955627889867424e-89
15,187,0x1.93c49b8e83491p-297,0x1.12a0cf4914312p-437,0x1.93c49b8e83492p-297,6.19417138580202342e-90
15,188,0x1.0cf592e46b429p-298,0x1.12a0cf4914312p-437,0x1.0cf592e46b42ap-298,2.06304094966828307e-90
15,189,0x1.664792d73485ap-300,0x1.12a0cf4914312p-437,0x1.664792d73485bp-300,6.87042174348974641e-91
15,190,0x1.dd35861cf750ap-302,0x1.12a0cf4914312p-437,0x1.dd35861cf750bp-302,2.28775777802072188e-91
15,191,0x1.3dc5d0ae9e67p-303,0x1.12a0cf4914312p-437,0x1.3dc5d0ae9e671p-303,7.61707012228167794e-92
15,192,0x1.a7294ba257965p-305,0x1.12a0cf4914312p-437,0x1.a7294ba257966p-305,2.53581350504754631e-92
15,193,0x1.19b831b202669p-306,0x1.12a0cf4914312p-437,0x1.19b831b20266ap-306,8.44108518797302003e-93
15,194,0x1.77115537f31eap-308,0x1.12a0cf4914312p-437,0x1.77115537f31ebp-308,2.80951298130121641e-93
15,195,0x1.f34aaf6f8c1ddp-310,0x1.12a0cf4914312p-437,0x1.f34aaf6f8c1dep-310,9.35008932245808656e-94
15,196,0x1.4c4b03576663fp-311,0x1.12a0cf4914312p-437,0x1.4c4b03576664p-311,3.11137674665282832e-94
15,197,0x1.ba40a6ff05209p-313,0x1.12a0cf4914312p-437,0x1.ba40a6ff0520ap-313,1.03524164876003033e-94
15,198,0x1.26446a8b1ccf9p-314,0x1.12a0cf4914312p-437,0x1.26446a8b1ccfap-314,3.44416007417998994e-95
15,199,0x1.878edb3b5bd28p-316,0x1.12a0cf4914312p-437,0x1.878edb3b5bd29p-316,1.14571748952598797e-95
15,200,0x1.047ab02e1bbdp-317,0x1.12a0cf4914312p-437,0x1.047ab02e1bbd1p-317,3.81087359167368403e-96
15,201,0x1.5a86180bdcdadp-319,0x1.12a0cf4914312p-437,0x1.5a86180bdcdaep-319,1.26743148553264314e-96
15,202,0x1.ccf11bccc3f52p-321,0x1.12a0cf4914312p-437,0x1.ccf11bccc3f53p-321,4.21480560248076106e-97
15,203,0x1.3289638fec184p-322,0x1.12a0cf4914312p-437,0x1.3289638fec185p-322,1.40147022001312523e-97
15,204,0x1.97a9f11bdc9f3p-324,0x1.12a0cf4914312p-437,0x1.97a9f11bdc9f4p-324,4.65954623605507879e-98
15,205,0x1.0f0c2d81bc169p-325,0x1.12a0cf4914312p-437,0x1.0f0c2d81bc16ap-325,1.54901977118552122e-98
15,206,0x1.6863cefba241ap-327,0x1.12a0cf4914312p-437,0x1.6863cefba241bp-327,5.14901356780387805e-99
15,207,0x1.df2154b9be4a9p-329,0x1.12a0cf4914312p-437,0x1.df2154b9be4aap-329,1.71137430096097989e-99
15,208,0x1.3e7672d48d807p-330,0x1.12a0cf4914312p-437,0x1.3e7672d48d808p-330,5.68748185762326219e-100
15,209,0x1.a74cacea79e39p-332,0x1.12a0cf4914312p-437,0x1.a74cacea79e3ap-332,1.88994533848527787e-100
15,210,0x1.194b686d9b3a3p-333,0x1.12a0cf4914312p-437,0x1.194b686d9b3a4p-333,6.27961206694462862e-101
15,211,0x1.75d13aef2dcfcp-335,0x1.12a0cf4914312p-437,0x1.75d13aef2dcfdp-335,2.08627181078044851e-101
15,212,0x1.f0b87576678e6p-337,0x1.12a0cf4914312p-437,0x1.f0b87576678e7p-337,6.93048482520372848e-102
15,213,0x1.49fb4628f8e7ap-338,0x1.12a0cf4914312p-437,0x1.49fb4628f8e7bp-338,2.30203087636867440e-102
15,214,0x1.b661a2db33109p-340,0x1.12a0cf4914312p-437,0x1.b661a2db3310ap-340,7.64563602842884914e-103
15,215,0x1.232a53b315632p-341,0x1.12a0cf4914312p-437,0x1.232a53b315633p-341,2.53904962160189682e-103
15,216,0x1.82bbee664a011p-343,0x1.12a0cf4914312p-437,0x1.82bbee664a012p-343,8.43109526516442628e-104
15,217,0x1.00cf2af6857bp-344,0x1.12a0cf4914312p-437,0x1.00cf2af6857b1p-344,2.79931768350011247e-104
15,218,0x1.550809ef8b93ep-346,0x1.12a0cf4914312p-437,0x1.550809ef8b93fp-346,9.29342727823849019e-105
15,219,0x1.c4d4182f69747p-348,0x1.12a0cf4914312p-437,0x1.c4d4182f69748p-348,3.08500086723284606e-105
15,220,0x1.2c9b5d74e626p-349,0x1.12a0cf4914312p-437,0x1.2c9b5d74e6261p-349,1.02397766849963389e-105
15,221,0x1.8f12274583681p-351,0x1.12a0cf4914312p-437,0x1.8f12274583682p-351,3.39845583097541248e-106
15,222,0x1.08ddddb56c322p-352,0x1.12a0cf4914312p-437,0x1.08ddddb56c323p-352,1.12779161935903366e-106
15,223,0x1.5f8d8e7e6cfcdp-354,0x1.12a0cf4914312p-437,0x1.5f8d8e7e6cfcep-354,3.74224591574568314e-107
15,224,0x1.d29034124d9ebp-356,0x1.12a0cf4914312p-437,0x1.d29034124d9ecp-356,1.24162985687951454e-107
15,225,0x1.35918f213b6fep-357,0x1.12a0cf4914312p-437,0x1.35918f213b6ffp-357,4.11915820299924817e-108
15,226,0x1.9ac2f8805edc1p-359,0x1.12a0cf4914312p-437,0x1.9ac2f8805edc2p-359,1.36641126176518183e-108
15,227,0x1.107d477e0c9d3p-360,0x1.12a0cf4914312p-437,0x1.107d477e0c9d4p-360,4.53222188823828984e-109
15,228,0x1.697d6b8ffa1d1p-362,0x1.12a0cf4914312p-437,0x1.697d6b8ffa1d2p-362,1.50313434830749913e-109
15,229,0x1.df832dc6591a7p-364,0x1.12a0cf4914312p-437,0x1.df832dc6591a8p-364,4.98472806469571311e-110
15,230,0x1.3e00ab8257e96p-365,0x1.12a0cf4914312p-437,0x1.3e00ab8257e97p-365,1.65288375524557766e-110
15,231,0x1.a5be7138a8e93p-367,0x1.12a0cf4914312p-437,0x1.a5be7138a8e94p-367,5.48025101730427397e-111
15,232,0x1.17a30825d00fp-368,0x1.12a0cf4914312p-437,0x1.17a30825d00f1p-368,1.81683723082930515e-111
15,233,0x1.72ca2150448f4p-370,0x1.12a0cf4914312p-437,0x1.72ca2150448f5p-370,6.02267113366714528e-112
15,234,0x1.eb9b77905c097p-372,0x1.12a0cf4914312p-437,0x1.eb9b77905c098p-372,1.99627314690542380e-112
15,235,0x1.45dd4a966f5eep-373,0x1.12a0cf4914312p-437,0x1.45dd4a966f5efp-373,6.61619954563301285e-113
15,236,0x1.aff5c0d7bc145p-375,0x1.12a0cf4914312p-437,0x1.aff5c0d7bc146p-375,2.19257857908674841e-113
15,237,0x1.1e45823349fa7p-376,0x1.12a0cf4914312p-437,0x1.1e45823349fa8p-376,7.26540462236247862e-114
15,238,0x1.7b6736a14351cp-378,0x1.12a0cf4914312p-437,0x1.7b6736a14351dp-378,2.40725799243281247e-114
15,239,0x1.f6c8e5dc4f9ffp-380,0x1.12a0cf4914312p-437,0x1.f6c8e5dc4fap-380,7.97524044347176121e-115
15,240,0x1.4d1cf2d9fe0d1p-381,0x1.12a0cf4914312p-437,0x1.4d1cf2d9fe0d2p-381,2.64194257457309539e-115
15,241,0x1.b95b57b4e6a8fp-383,0x1.12a0cf4914312p-437,0x1.b95b57b4e6a9p-383,8.75107738897743721e-116
15,242,0x1.245befec7d0b4p-384,0x1.12a0cf4914312p-437,0x1.245befec7d0b6p-384,2.89840026085029750e-116
15,243,0x1.8349543c4a871p-386,0x1.12a0cf4914312p-437,0x1.8349543c4a874p-386,9.59873499136561173e-117
15,244,0x1.007e6914c682bp-387,0x1.12a0cf4914312p-437,0x1.007e6914c683p-387,3.17854649885320170e-117
15,245,0x1.53b62fbb90084p-389,0x1.12a0cf4914312p-437,0x1.53b62fbb90096p-389,1.05245172041791771e-117
15,246,0x1.c1e303ebcae47p-391,0x1.12a0cf4914312p-437,0x1.c1e303ebcae8dp-391,3.48445580265846592e-118
15,247,0x1.29de75d635bf9p-392,0x1.12a0cf4914312p-437,0x1.29de75d635c83p-392,1.15352502511072348e-118
15,248,0x1.8a665c657218fp-394,0x1.12a0cf4914312p-437,0x1.8a665c65723b5p-394,3.81837415021445815e-119
15,249,0x1.05151caf6c27dp-395,0x1.12a0cf4914312p-437,0x1.05151caf6c6c9p-395,1.26383232296624781e-119
15,250,0x1.59a0a4fc7d786p-397,0x1.12a0cf4914312p-437,0x1.59a0a4fc7e8b1p-397,4.18273228058130268e-120
15,251,0x1.c9820a165679dp-399,0x1.12a0cf4914312p-437,0x1.c9820a165ac46p-399,1.38417316542070979e-120
15,252,0x1.2ec632745a8f5p-400,0x1.12a0cf4914312p-437,0x1.2ec6327463246p-400,4.58015995121805991e-121
15,253,0x1.90b57ef46e889p-402,0x1.12a0cf4914312p-437,0x1.90b57ef490dccp-402,1.51541241344508431e-121
15,254,0x1.0922ea9d354ebp-403,0x1.12a0cf4914312p-437,0x1.0922ea9d79f6fp-403,5.01350121927221535e-122
15,255,0x1.5ed51ecf2d8dap-405,0x1.12a0cf4914312p-437,0x1.5ed51ed0402e8p-405,1.65848523985616051e-122
15,256,0x1.d02f39af04f91p-407,0x1.12a0cf4914312p-437,0x1.d02f39b34f7c6p-407,5.48583081586242272e-123
15,257,0x1.330d4b25f0568p-408,0x1.12a0cf4914312p-437,0x1.330d4b2e855d1p-408,1.81440248944828323e-123
15,258,0x1.962f4982fcf11p-410,0x1.12a0cf4914312p-437,0x1.962f49a5510b1p-410,6.00047169840778496e-124
15,259,0x1.0ca3184dfe7b2p-411,0x1.12a0cf4914312p-437,0x1.0ca31892a6afp-411,1.98425643367591765e-124
15,260,0x1.634d9e7cd430bp-413,0x1.12a0cf4914312p-437,0x1.634d9f8f75001p-413,6.56101399135985608e-125
15,261,0x1.d5e2fca55e907p-415,0x1.12a0cf4914312p-437,0x1.d5e300efe1cdap-415,2.16922707950707686e-125
15,262,0x1.36aef571bf8bcp-416,0x1.12a0cf4914312p-437,0x1.36aefe06c6062p-416,7.17133674987525073e-126
15,263,0x1.9acdb1786af37p-418,0x1.12a0cf4914312p-437,0x1.9acdd3cc84dcap-418,2.37059041783935690e-126
15,264,0x1.0f91d729e0a6dp-419,0x1.12a0cf4914312p-437,0x1.0f921bd214792p-419,7.83564627506513466e-127
15,265,0x1.6705540cef17bp-421,0x1.12a0cf4914312p-437,0x1.670666adbe60dp-421,2.58974233399450736e-127
15,266,0x1.da9728139527dp-423,0x1.12a0cf4914312p-437,0x1.da9b7296d24c3p-423,8.55866853249728061e-128
15,267,0x1.39a7105a72233p-424,0x1.12a0cf4914312p-437,0x1.39afa560ec6bep-424,2.82837618462477918e-128
15,268,0x1.9e8a84d1d0e08p-426,0x1.12a0cf4914312p-437,0x1.9eacd8ebba031p-426,9.34738065419670278e-129
15,269,0x1.11e957cbbea9p-427,0x1.12a0cf4914312p-437,0x1.122dffff90ee2p-427,3.09020409165027578e-129
15,270,0x1.69edd238cf2f5p-429,0x1.12a0cf4914312p-437,0x1.6b00730818439p-429,1.02282331676618102e-129
15,271,0x1.de1f8f187f0abp-431,0x1.12a0cf4914312p-437,0x1.e26a1255a35b8p-431,3.39822487413334342e-130
15,272,0x1.3baae748a724fp-432,0x1.12a0cf4914312p-437,0x1.443fedc2efc69p-432,1.14204053775741473e-130
15,273,0x1.a06105ad352d2p-434,0x1.12a0cf4914312p-437,0x1.c2b51f9657b35p-434,3.96859439140415003e-131
15,274,0x1.11e230371388ap-435,0x1.12a0cf4914312p-437,0x1.568a64095894fp-435,1.50807854336241162e-131
15,275,0x1.65e54acc9b30dp-437,0x1.12a0cf4914312p-437,0x1.3c430d0ad7b11p-436,6.96191674304682701e-132
15,276,0x1.cbd3643b89a8ep-439,0x1.12a0cf4914312p-437,0x1.8595a857f69b7p-437,4.28798947493765507e-132
15,277,0x1.1b156a97a7aa6p-440,0x1.12a0cf4914312p-437,0x1.36037c9c09268p-437,3.41218605754104662e-132
15,278,0x1.38424f7493673p-442,0x1.12a0cf4914312p-437,0x1.1c62e1c4b8cc7p-437,3.13011674196286440e-132
15,279,0x1.f09a95b8aed7fp-445,0x1.12a0cf4914312p-437,0x1.149169deccep-437,3.04406479685915099e-132
15,280,0x0p+0,0x1.12a0cf4914312p-437,0x1.12a0cf4914312p-437,3.02271360889664901e-132
16,0,0x1.30a7f0bc31461p-4,0x1.af320c0e5537dp-432,0x1.30a7f0bc31462p-4,7.43789104190724359e-02
16,1,0x1.b96358bac61c3p-6,0x1.af320c0e5537dp-432,0x1.b96358bac61c4p-6,2.69401899814469964e-02
16,2,0x1.3253e0b38c204p-7,0x1.af320c0e5537dp-432,0x1.3253e0b38c205p-7,9.34837791200583169e-03
16,3,0x1.9e41eba178aadp-9,0x1.af320c0e5537dp-432,0x1.9e41eba178aaep-9,3.16053391792200152e-03
16,4,0x1.14efb50b754bbp-10,0x1.af320c0e5537dp-432,0x1.14efb50b754bcp-10,1.05642836102974504e-03
16,5,0x1.721adc22514e2p-12,0x1.af320c0e5537dp-432,0x1.721adc22514e3p-12,3.52959557990152422e-04
16,6,0x1.f199a541fbb21p-14,0x1.af320c0e5537dp-432,0x1.f199a541fbb22p-14,1.18637127371573381e-04
16,7,0x1.5159d4095ea7dp-15,0x1.af320c0e5537dp-432,0x1.5159d4095ea7ep-15,4.02153601255132931e-05
16,8,0x1.cd34a3170bd14p-17,0x1.af320c0e5537dp-432,0x1.cd34a3170bd15p-17,1.37449983822189427e-05
16,9,0x1.3d6af060c816p-18,0x1.af320c0e5537dp-432,0x1.3d6af060c8161p-18,4.72989276614795764e-06
16,10,0x1.b7294c2c0102dp-20,0x1.af320c0e5537dp-432,0x1.b7294c2c0102ep-20,1.63600339941981646e-06
16,11,0x1.30eb9ce123b9dp-21,0x1.af320c0e5537dp-432,0x1.30eb9ce123b9ep-21,5.67958434187726955e-07
16,12,0x1.a884f85ab6094p-23,0x1.af320c0e5537dp-432,0x1.a884f85ab6095p-23,1.97682257083472412e-07
16,13,0x1.2808c383d9bb2p-24,0x1.af320c0e5537dp-432,0x1.2808c383d9bb3p-24,6.89258410881203946e-08
16,14,0x1.9d58ed14d7b7dp-26,0x1.af320c0e5537dp-432,0x1.9d58ed14d7b7ep-26,2.40599834112989792e-08
16,15,0x1.20c604bfa16cdp-27,0x1.af320c0e5537dp-432,0x1.20c604bfa16cep-27,8.40441527419107026e-09
16,16,0x1.939f769c3fe14p-29,0x1.af320c0e5537dp-432,0x1.939f769c3fe15p-29,2.93674313870947816e-09
16,17,0x1.1a1827dd81294p-30,0x1.af320c0e5537dp-432,0x1.1a1827dd81295p-30,1.02625329707906589e-09
16,18,0x1.8a4356d2a07d3p-32,0x1.af320c0e5537dp-432,0x1.8a4356d2a07d4p-32,3.58580149222872565e-10
16,19,0x1.1370a3d220b9dp-33,0x1.af320c0e5537dp-432,0x1.1370a3d220b9ep-33,1.25255610195023211e-10
16,20,0x1.80b5627820adcp-35,0x1.af320c0e5537dp-432,0x1.80b5627820addp-35,4.37362966490006966e-11
16,21,0x1.0c8a51ebfed75p-36,0x1.af320c0e5537dp-432,0x1.0c8a51ebfed76p-36,1.52647494660607464e-11
16,22,0x1.76b6ce3694a9p-38,0x1.af320c0e5537dp-432,0x1.76b6ce3694a91p-38,5.32500740837079987e-12
16,23,0x1.054b9ec7c011fp-39,0x1.af320c0e5537dp-432,0x1.054b9ec7c012p-39,1.85661542349689085e-12
16,24,0x1.6c3756b48cbefp-41,0x1.af320c0e5537dp-432,0x1.6c3756b48cbfp-41,6.46977878857529444e-13
16,25,0x1.fb66b4fb1de9dp-43,0x1.af320c0e5537dp-432,0x1.fb66b4fb1de9ep-43,2.25331397562983098e-13
16,26,0x1.613fb97d4258dp-44,0x1.af320c0e5537dp-432,0x1.613fb97d4258ep-44,7.84370177902015827e-14
16,27,0x1.eb9993a1235c4p-46,0x1.af320c0e5537dp-432,0x1.eb9993a1235c5p-46,2.72892768880302354e-14
16,28,0x1.55e4a0b14a4acp-47,0x1.af320c0e5537dp-432,0x1.55e4a0b14a4adp-47,9.48943915039994852e-15
16,29,0x1.db511f6338b4dp-49,0x1.af320c0e5537dp-432,0x1.db511f6338b4ep-49,3.29817343704494192e-15
16,30,0x1.4a3f0cba36479p-50,0x1.af320c0e5537dp-432,0x1.4a3f0cba3647ap-50,1.14577197713798080e-15
16,31,0x1.cab15a24a681fp-52,0x1.af320c0e5537dp-432,0x1.cab15a24a682p-52,3.97852568360209309e-16
16,32,0x1.3e68301830ccbp-53,0x1.af320c0e5537dp-432,0x1.3e68301830cccp-53,1.38087017455853259e-16
16,33,0x1.b9dcd22186f2p-55,0x1.af320c0e5537dp-432,0x1.b9dcd22186f21p-55,4.79068370633299973e-17
16,34,0x1.3277629df2782p-56,0x1.af320c0e5537dp-432,0x1.3277629df2783p-56,1.66135740432638186e-17
16,35,0x1.a8f2b665c4dcdp-58,0x1.af320c0e5537dp-432,0x1.a8f2b665c4dcep-58,5.75912060642660566e-18
16,36,0x1.26814a96ca83fp-59,0x1.af320c0e5537dp-432,0x1.26814a96ca84p-59,1.99564380583543025e-18
16,37,0x1.980e310f90833p-61,0x1.af320c0e5537dp-432,0x1.980e310f90834p-61,6.91272797380041133e-19
16,38,0x1.1a97adefeb5d7p-62,0x1.af320c0e5537dp-432,0x1.1a97adefeb5d8p-62,2.39365156301122046e-19
16,39,0x1.87466ae85a78bp-64,0x1.af320c0e5537dp-432,0x1.87466ae85a78cp-64,8.28557186741712337e-20
16,40,0x1.0ec9964155a13p-65,0x1.af320c0e5537dp-432,0x1.0ec9964155a14p-65,2.86707363717829099e-20
16,41,0x1.76aedcf2d00acp-67,0x1.af320c0e5537dp-432,0x1.76aedcf2d00adp-67,9.91777798974086506e-21
16,42,0x1.0323976800a91p-68,0x1.af320c0e5537dp-432,0x1.0323976800a92p-68,3.42967649226042857e-21
16,43,0x1.6657bdb55e6aep-70,0x1.af320c0e5537dp-432,0x1.6657bdb55e6afp-70,1.18565666365132719e-21
16,44,0x1.ef603e2d999d5p-72,0x1.af320c0e5537dp-432,0x1.ef603e2d999d6p-72,4.09765380741730484e-22
16,45,0x1.564e70c121f4bp-73,0x1.af320c0e5537dp-432,0x1.564e70c121f4cp-73,1.41574612123469619e-22
16,46,0x1.d8ef821666645p-75,0x1.af320c0e5537dp-432,0x1.d8ef821666646p-75,4.89003927137645430e-23
16,47,0x1.469ded05baaffp-76,0x1.af320c0e5537dp-432,0x1.469ded05babp-76,1.68856978559597278e-23
16,48,0x1.c302f5d04df9bp-78,0x1.af320c0e5537dp-432,0x1.c302f5d04df9cp-78,5.82918783148295059e-24
16,49,0x1.374f160690ccfp-79,0x1.af320c0e5537dp-432,0x1.374f160690cdp-79,2.01178680682731044e-24
16,50,0x1.ada5dcfee849dp-81,0x1.af320c0e5537dp-432,0x1.ada5dcfee849ep-81,6.94133624800241878e-25
16,51,0x1.286907b781828p-82,0x1.af320c0e5537dp-432,0x1.286907b781829p-82,2.39438312513451517e-25
16,52,0x1.98e1262326495p-84,0x1.af320c0e5537dp-432,0x1.98e1262326496p-84,8.25725550518369911e-26
16,53,0x1.19f1565b94503p-85,0x1.af320c0e5537dp-432,0x1.19f1565b94504p-85,2.84689398332218194e-26
16,54,0x1.84bbbd6bdf7d3p-87,0x1.af320c0e5537dp-432,0x1.84bbbd6bdf7d4p-87,9.81300958534477965e-27
16,55,0x1.0bec443d2eb9dp-88,0x1.af320c0e5537dp-432,0x1.0bec443d2eb9ep-88,3.38166262780840924e-27
16,56,0x1.713ad27b9585dp-90,0x1.af320c0e5537dp-432,0x1.713ad27b9585ep-90,1.16508373567735894e-27
16,57,0x1.fcb9de2023ea2p-92,0x1.af320c0e5537dp-432,0x1.fcb9de2023ea3p-92,4.01314088854839731e-28
16,58,0x1.5e62138e8356ep-93,0x1.af320c0e5537dp-432,0x1.5e62138e8356fp-93,1.38201769023873067e-28
16,59,0x1.e28aed22e562bp-95,0x1.af320c0e5537dp-432,0x1.e28aed22e562cp-95,4.75823820090977924e-29
16,60,0x1.4c33e009389c9p-96,0x1.af320c0e5537dp-432,0x1.4c33e009389cap-96,1.63788545720209984e-29
16,61,0x1.c94e3b626fda6p-98,0x1.af320c0e5537dp-432,0x1.c94e3b626fda7p-98,5.63672663372204643e-30
16,62,0x1.3ab17411aafaap-99,0x1.af320c0e5537dp-432,0x1.3ab17411aafabp-99,1.93944644319998390e-30
16,63,0x1.b104ce953dbc5p-101,0x1.af320c0e5537dp-432,0x1.b104ce953dbc6p-101,6.67171063602404302e-31
16,64,0x1.29db0e7a85101p-102,0x1.af320c0e5537dp-432,0x1.29db0e7a85102p-102,2.29459676741090010e-31
16,65,0x1.99ae5e712a9e9p-104,0x1.af320c0e5537dp-432,0x1.99ae5e712a9eap-104,7.89017153166054731e-32
16,66,0x1.19b011ff1198bp-105,0x1.af320c0e5537dp-432,0x1.19b011ff1198cp-105,2.71255460037566812e-32
16,67,0x1.834980c8280ccp-107,0x1.af320c0e5537dp-432,0x1.834980c8280cdp-107,9.32359829996650227e-33
16,68,0x1.0a2f2294ddeaep-108,0x1.af320c0e5537dp-432,0x1.0a2f2294ddeafp-108,3.20407481354380262e-33
16,69,0x1.6dd3d08eb6c17p-110,0x1.af320c0e5537dp-432,0x1.6dd3d08eb6c18p-110,1.10087179097822955e-33
16,70,0x1.f6ac7ed9316fdp-112,0x1.af320c0e5537dp-432,0x1.f6ac7ed9316fep-112,3.78169743751378640e-34
16,71,0x1.594a108c69665p-113,0x1.af320c0e5537dp-432,0x1.594a108c69666p-113,1.29883404541867366e-34
16,72,0x1.da45b435dba3fp-115,0x1.af320c0e5537dp-432,0x1.da45b435dba4p-115,4.46003509693380615e-35
16,73,0x1.45a84a4e9c4c8p-116,0x1.af320c0e5537dp-432,0x1.45a84a4e9c4c9p-116,1.53123366001087061e-35
16,74,0x1.bf23d6932d8d2p-118,0x1.af320c0e5537dp-432,0x1.bf23d6932d8d3p-118,5.25610535684603236e-36
16,75,0x1.32e9e9d7835f2p-119,0x1.af320c0e5537dp-432,0x1.32e9e9d7835f3p-119,1.80387674607157185e-36
16,76,0x1.a5400a7cdd18fp-121,0x1.af320c0e5537dp-432,0x1.a5400a7cdd19p-121,6.18971479248318734e-37
16,77,0x1.2109d66d130d3p-122,0x1.af320c0e5537dp-432,0x1.2109d66d130d4p-122,2.12351899649972870e-37
16,78,0x1.8c92c8f0d89cdp-124,0x1.af320c0e5537dp-432,0x1.8c92c8f0d89cep-124,7.28390259760178793e-38
16,79,0x1.100288da1d364p-125,0x1.af320c0e5537dp-432,0x1.100288da1d365p-125,2.49801641902963334e-38
16,80,0x1.7513fd2f92c15p-127,0x1.af320c0e5537dp-432,0x1.7513fd2f92c16p-127,8.56545269289506314e-39
16,81,0x1.ff9c3ecd948f5p-129,0x1.af320c0e5537dp-432,0x1.ff9c3ecd948f6p-129,2.93649929987622736e-39
16,82,0x1.5ebb1f7cbe63dp-130,0x1.af320c0e5537dp-432,0x1.5ebb1f7cbe63ep-130,1.00654846057682387e-39
16,83,0x1.e0ccdf86a3babp-132,0x1.af320c0e5537dp-432,0x1.e0ccdf86a3bacp-132,3.44957287448338074e-40
16,84,0x1.497f4d1db2bfdp-133,0x1.af320c0e5537dp-432,0x1.497f4d1db2bfep-133,1.18201348883577636e-40
16,85,0x1.c38a2e2f75bc8p-135,0x1.af320c0e5537dp-432,0x1.c38a2e2f75bc9p-135,4.04954868739435153e-41
16,86,0x1.35575dd87275cp-136,0x1.af320c0e5537dp-432,0x1.35575dd87275dp-136,1.38713425477377391e-41
16,87,0x1.a7c710c9daac2p-138,0x1.af320c0e5537dp-432,0x1.a7c710c9daac3p-138,4.75071119988845288e-42
16,88,0x1.2239f72e0e33cp-139,0x1.af320c0e5537dp-432,0x1.2239f72e0e33dp-139,1.62677539098077773e-42
16,89,0x1.8d7632bc36a5fp-141,0x1.af320c0e5537dp-432,0x1.8d7632bc36a6p-141,5.56962486174058691e-43
16,90,0x1.101d9d845c76fp-142,0x1.af320c0e5537dp-432,0x1.101d9d845c77p-142,1.90657645592905203e-43
16,91,0x1.748a1bba611e6p-144,0x1.af320c0e5537dp-432,0x1.748a1bba611e7p-144,6.52548761333207279e-44
16,92,0x1.fdf186dad3e67p-146,0x1.af320c0e5537dp-432,0x1.fdf186dad3e68p-146,2.23307185298399128e-44
16,93,0x1.5cf54422b921bp-147,0x1.af320c0e5537dp-432,0x1.5cf54422b921cp-147,7.64053763890920430e-45
16,94,0x1.dd83ae6cb0acap-149,0x1.af320c0e5537dp-432,0x1.dd83ae6cb0acbp-149,2.61382878026632448e-45
16,95,0x1.46aa270780784p-150,0x1.af320c0e5537dp-432,0x1.46aa270780785p-150,8.94052116524469095e-46
16,96,0x1.bede9dc6d35edp-152,0x1.af320c0e5537dp-432,0x1.bede9dc6d35eep-152,3.05760584570346918e-46
16,97,0x1.319b52175ffe2p-153,0x1.af320c0e5537dp-432,0x1.319b52175ffe3p-153,1.04552302083657100e-46
16,98,0x1.a1ef6577213aep-155,0x1.af320c0e5537dp-432,0x1.a1ef6577213afp-155,3.57453535556456514e-47
16,99,0x1.1dbb73937fd04p-156,0x1.af320c0e5537dp-432,0x1.1dbb73937fd05p-156,1.22191204325388329e-47
16,100,0x1.86a34d05d791dp-158,0x1.af320c0e5537dp-432,0x1.86a34d05d791ep-158,4.17633271029872371e-48
16,101,0x1.0afd667dba516p-159,0x1.af320c0e5537dp-432,0x1.0afd667dba517p-159,1.42720207208872626e-48
16,102,0x1.6ce7e301ffb3fp-161,0x1.af320c0e5537dp-432,0x1.6ce7e301ffb4p-161,4.87653682549539540e-49
16,103,0x1.f2a87a4c0afcdp-163,0x1.af320c0e5537dp-432,0x1.f2a87a4c0afcep-163,1.66599476890738066e-49
16,104,0x1.54ab0ada78ed2p-164,0x1.af320c0e5537dp-432,0x1.54ab0ada78ed3p-164,5.69078604606235364e-50
16,105,0x1.d16694764a033p-166,0x1.af320c0e5537dp-432,0x1.d16694764a034p-166,1.94360402286441250e-50
16,106,0x1.3ddb08b4a2f4bp-167,0x1.af320c0e5537dp-432,0x1.3ddb08b4a2f4cp-167,6.63713464708670551e-51
16,107,0x1.b21c50fffedaap-169,0x1.af320c0e5537dp-432,0x1.b21c50fffedabp-169,2.26616312745088509e-51
16,108,0x1.28668b6e0c662p-170,0x1.af320c0e5537dp-432,0x1.28668b6e0c663p-170,7.73641572525830946e-52
16,109,0x1.94b18288f8923p-172,0x1.af320c0e5537dp-432,0x1.94b18288f8924p-172,2.64074763850879091e-52
16,110,0x1.143cb4f33989fp-173,0x1.af320c0e5537dp-432,0x1.143cb4f3398ap-173,9.01265709142871633e-53
16,111,0x1.790ea37d28bf7p-175,0x1.af320c0e5537dp-432,0x1.790ea37d28bf8p-175,3.07551614415824634e-53
16,112,0x1.014d211291579p-176,0x1.af320c0e5537dp-432,0x1.014d21129157ap-176,1.04935576905244505e-53
16,113,0x1.5f1cdebc621edp-178,0x1.af320c0e5537dp-432,0x1.5f1cdebc621eep-178,3.57987148572412447e-54
16,114,0x1.df0fd5df6cfd9p-180,0x1.af320c0e5537dp-432,0x1.df0fd5df6cfdap-180,1.22110331139253751e-54
16,115,0x1.46c6166926dcfp-181,0x1.af320c0e5537dp-432,0x1.46c6166926ddp-181,4.16464531863466172e-55
16,116,0x1.bdbb6271ff62bp-183,0x1.af320c0e5537dp-432,0x1.bdbb6271ff62cp-183,1.42018399476731348e-55
16,117,0x1.2ff4e90c7691p-184,0x1.af320c0e5537dp-432,0x1.2ff4e90c76911p-184,4.84230929900627094e-56
16,118,0x1.9e7f327cbbd8bp-186,0x1.af320c0e5537dp-432,0x1.9e7f327cbbd8cp-186,1.65082900356493819e-56
16,119,0x1.1a94b53947727p-187,0x1.af320c0e5537dp-432,0x1.1a94b53947728p-187,5.62721663132150681e-57
16,120,0x1.813ea20d87ae5p-189,0x1.af320c0e5537dp-432,0x1.813ea20d87ae6p-189,1.91790672506196182e-57
16,121,0x1.06919bd748252p-190,0x1.af320c0e5537dp-432,0x1.06919bd748253p-190,6.53587822211726092e-58
16,122,0x1.65de20fe13409p-192,0x1.af320c0e5537dp-432,0x1.65de20fe1340ap-192,2.22701610808110770e-58
16,123,0x1.e7b1027352ecbp-194,0x1.af320c0e5537dp-432,0x1.e7b1027352eccp-194,7.58727826165677702e-59
16,124,0x1.4c4333b6a3924p-195,0x1.af320c0e5537dp-432,0x1.4c4333b6a3925p-195,2.58459332814219282e-59
16,125,0x1.c4ae1a47fae98p-197,0x1.af320c0e5537dp-432,0x1.c4ae1a47fae99p-197,8.80323470886385607e-60
16,126,0x1.345472843369ap-198,0x1.af320c0e5537dp-432,0x1.345472843369bp-198,2.99803360383206828e-60
16,127,0x1.a3f753b95e585p-200,0x1.af320c0e5537dp-432,0x1.a3f753b95e586p-200,1.02088108941369437e-60
16,128,0x1.1df987acc5316p-201,0x1.af320c0e5537dp-432,0x1.1df987acc5317p-201,3.47583025780234354e-61
16,129,0x1.856b04d462d25p-203,0x1.af320c0e5537dp-432,0x1.856b04d462d26p-203,1.18327852910447588e-61
16,130,0x1.091b2c6974d83p-204,0x1.af320c0e5537dp-432,0x1.091b2c6974d84p-204,4.02773339707411993e-62
16,131,0x1.68e9002b813bbp-206,0x1.af320c0e5537dp-432,0x1.68e9002b813bcp-206,1.37081874537099344e-62
16,132,0x1.eb4649d57cdd3p-208,0x1.af320c0e5537dp-432,0x1.eb4649d57cdd4p-208,4.66493090533649147e-63
16,133,0x1.4e528e98e47f6p-209,0x1.af320c0e5537dp-432,0x1.4e528e98e47f7p-209,1.58729091858216563e-63
16,134,0x1.c6f877110150bp-211,0x1.af320c0e5537dp-432,0x1.c6f877110150cp-211,5.40025479933273347e-64
16,135,0x1.358a67ea924b9p-212,0x1.af320c0e5537dp-432,0x1.358a67ea924bap-212,1.83704012153099590e-64
16,136,0x1.a5247678fe8a1p-214,0x1.af320c0e5537dp-432,0x1.a5247678fe8a2p-214,6.24841640747119962e-65
16,137,0x1.1e74aaa24206bp-215,0x1.af320c0e5537dp-432,0x1.1e74aaa24206cp-215,2.12504670133118745e-65
16,138,0x1.85a3d3071e5f5p-217,0x1.af320c0e5537dp-432,0x1.85a3d3071e5f6p-217,7.22627428735890893e-66
16,139,0x1.08f6d2eef3ce7p-218,0x1.af320c0e5537dp-432,0x1.08f6d2eef3ce8p-218,2.45701669368674924e-66
16,140,0x1.6851ff7e454a1p-220,0x1.af320c0e5537dp-432,0x1.6851ff7e454a2p-220,8.35313931663302773e-67
16,141,0x1.e9ef6205f962cp-222,0x1.af320c0e5537dp-432,0x1.e9ef6205f962dp-222,2.83948476139083077e-67
16,142,0x1.4d0c485d3bd56p-223,0x1.af320c0e5537dp-432,0x1.4d0c485d3bd57p-223,9.65112197566776398e-68
16,143,0x1.c4bebdcc29ea5p-225,0x1.af320c0e5537dp-432,0x1.c4bebdcc29ea6p-225,3.27993134513538138e-68
16,144,0x1.33b1c52b664c7p-226,0x1.af320c0e5537dp-432,0x1.33b1c52b664c8p-226,1.11455274997663011e-68
16,145,0x1.a22e6bbffd36dp-228,0x1.af320c0e5537dp-432,0x1.a22e6bbffd36ep-228,3.78691593603275806e-69
16,146,0x1.1c234945f9abdp-229,0x1.af320c0e5537dp-432,0x1.1c234945f9abep-229,1.28653053216280547e-69
16,147,0x1.8213872b28168p-231,0x1.af320c0e5537dp-432,0x1.8213872b28169p-231,4.37022862878381006e-70
16,148,0x1.0643545050fa9p-232,0x1.af320c0e5537dp-432,0x1.0643545050faap-232,1.48435600626476905e-70
16,149,0x1.64457ddeecfd9p-234,0x1.af320c0e5537dp-432,0x1.64457ddeecfdap-234,5.04106239566820957e-71
16,150,0x1.e3ec04ccf5ebbp-236,0x1.af320c0e5537dp-432,0x1.e3ec04ccf5ebcp-236,1.71181322756583649e-71
16,151,0x1.489df9be50d4fp-237,0x1.af320c0e5537dp-432,0x1.489df9be50d5p-237,5.81220883839976151e-72
16,152,0x1.be41f85b9465fp-239,0x1.af320c0e5537dp-432,0x1.be41f85b9466p-239,1.97322582051794261e-72
16,153,0x1.2ef8ca2a3e391p-240,0x1.af320c0e5537dp-432,0x1.2ef8ca2a3e392p-240,6.69828053176559272e-73
16,154,0x1.9b56cdb83ee8dp-242,0x1.af320c0e5537dp-432,0x1.9b56cdb83ee8ep-242,2.27353190287461088e-73
16,155,0x1.1733cd707e365p-243,0x1.af320c0e5537dp-432,0x1.1733cd707e366p-243,7.71596347476589838e-74
16,156,0x1.7afba89798689p-245,0x1.af320c0e5537dp-432,0x1.7afba8979868ap-245,2.61836913909116898e-74
16,157,0x1.012eda5a8c35fp-246,0x1.af320c0e5537dp-432,0x1.012eda5a8c36p-246,8.88430361718344245e-75
16,158,0x1.5d04665e8fdbep-248,0x1.af320c0e5537dp-432,0x1.5d04665e8fdbfp-248,3.01417125584032034e-75
16,159,0x1.d99753eb69823p-250,0x1.af320c0e5537dp-432,0x1.d99753eb69824p-250,1.02250319382899102e-75
16,160,0x1.41477eeb060b3p-251,0x1.af320c0e5537dp-432,0x1.41477eeb060b4p-251,3.46827752312441949e-76
16,161,0x1.b3db83553febbp-253,0x1.af320c0e5537dp-432,0x1.b3db83553febcp-253,1.17629331266143775e-76
16,162,0x1.279de5dac7ad3p-254,0x1.af320c0e5537dp-432,0x1.279de5dac7ad4p-254,3.98905689634282984e-77
16,163,0x1.90f4bb6ebbd17p-256,0x1.af320c0e5537dp-432,0x1.90f4bb6ebbd18p-256,1.35262635530481897e-77
16,164,0x1.0fe2ec69d5d3ep-257,0x1.af320c0e5537dp-432,0x1.0fe2ec69d5d3fp-257,4.58604873036403043e-78
16,165,0x1.70b0b83881ffbp-259,0x1.af320c0e5537dp-432,0x1.70b0b83881ffcp-259,1.55472249526336544e-78
16,166,0x1.f3e847fa613f7p-261,0x1.af320c0e5537dp-432,0x1.f3e847fa613f8p-261,5.27012221903117615e-79
16,167,0x1.52e050128a82p-262,0x1.af320c0e5537dp-432,0x1.52e050128a821p-262,1.78625010427837153e-79
16,168,0x1.cb6282d7cbb5bp-264,0x1.af320c0e5537dp-432,0x1.cb6282d7cbb5cp-264,6.05365698580491012e-80
16,169,0x1.37574baee07abp-265,0x1.af320c0e5537dp-432,0x1.37574baee07acp-265,2.05138652181336741e-80
16,170,0x1.a5f8022a04c7bp-267,0x1.af320c0e5537dp-432,0x1.a5f8022a04c7cp-267,6.95074755700456885e-81
16,171,0x1.1dec3f2ef09a7p-268,0x1.af320c0e5537dp-432,0x1.1dec3f2ef09a8p-268,2.35488684867104212e-81
16,172,0x1.8370179c59dafp-270,0x1.af320c0e5537dp-432,0x1.8370179c59dbp-270,7.97743479234907429e-82
16,173,0x1.0678647a2ff05p-271,0x1.af320c0e5537dp-432,0x1.0678647a2ff06p-271,2.70216179619904830e-82
16,174,0x1.6395b9683c9ep-273,0x1.af320c0e5537dp-432,0x1.6395b9683c9e1p-273,9.15196773268905341e-83
16,175,0x1.e1aeedb2e20b9p-275,0x1.af320c0e5537dp-432,0x1.e1aeedb2e20bap-275,3.09936575156277020e-83
16,176,0x1.46374fc7b5c43p-276,0x1.af320c0e5537dp-432,0x1.46374fc7b5c44p-276,1.04950997569454922e-83
16,177,0x1.b9cf1fbe45b9fp-278,0x1.af320c0e5537dp-432,0x1.b9cf1fbe45bap-278,3.55349636428034575e-84
16,178,0x1.2b268442f9dadp-279,0x1.af320c0e5537dp-432,0x1.2b268442f9daep-279,1.20304234248866409e-84
16,179,0x1.95120b43dde51p-281,0x1.af320c0e5537dp-432,0x1.95120b43dde52p-281,4.07250712148590463e-85
16,180,0x1.123812df0b415p-282,0x1.af320c0e5537dp-432,0x1.123812df0b416p-282,1.37847489256819717e-85
16,181,0x1.733c94996500cp-284,0x1.af320c0e5537dp-432,0x1.733c94996500dp-284,4.66543456127992093e-86
16,182,0x1.f6873a6012b23p-286,0x1.af320c0e5537dp-432,0x1.f6873a6012b24p-286,1.57885316610792591e-86
16,183,0x1.54179a093d215p-287,0x1.af320c0e5537dp-432,0x1.54179a093d216p-287,5.34254197734752648e-87
16,184,0x1.cc46fe9dc887dp-289,0x1.af320c0e5537dp-432,0x1.cc46fe9dc887ep-289,1.80763551742578431e-87
16,185,0x1.376fb848b9327p-290,0x1.af320c0e5537dp-432,0x1.376fb848b9328p-290,6.11548169634688737e-88
16,186,0x1.a5694d5f3d0e8p-292,0x1.af320c0e5537dp-432,0x1.a5694d5f3d0e9p-292,2.06874763994947849e-88
16,187,0x1.1d151192ca198p-293,0x1.af320c0e5537dp-432,0x1.1d151192ca199p-293,6.99747826525220034e-89
16,188,0x1.81acd5a617253p-295,0x1.af320c0e5537dp-432,0x1.81acd5a617254p-295,2.36664410632935703e-89
16,189,0x1.04db175e7b90cp-296,0x1.af320c0e5537dp-432,0x1.04db175e7b90dp-296,8.00353517206738398e-90
16,190,0x1.60d4cf9a196a1p-298,0x1.af320c0e5537dp-432,0x1.60d4cf9a196a2p-298,2.70637780252034311e-90
16,191,0x1.dd30ad4c4b3b9p-300,0x1.af320c0e5537dp-432,0x1.dd30ad4c4b3bap-300,9.15066804365570949e-91
16,192,0x1.42a8b52d4dc93p-301,0x1.af320c0e5537dp-432,0x1.42a8b52d4dc94p-301,3.09367824180335174e-91
16,193,0x1.b44c8d641f1ep-303,0x1.af320c0e5537dp-432,0x1.b44c8d641f1e1p-303,1.04581676228038050e-91
16,194,0x1.26f3fe43ca27cp-304,0x1.af320c0e5537dp-432,0x1.26f3fe43ca27dp-304,3.53503986457173119e-92
16,195,0x1.8ec234aee13c6p-306,0x1.af320c0e5537dp-432,0x1.8ec234aee13c7p-306,1.19478962274509617e-92
16,196,0x1.0d85e0489d108p-307,0x1.af320c0e5537dp-432,0x1.0d85e0489d109p-307,4.03782156373475093e-93
16,197,0x1.6c4f273670a1bp-309,0x1.af320c0e5537dp-432,0x1.6c4f273670a1cp-309,1.36446218431500929e-93
16,198,0x1.ec62222f06ff1p-311,0x1.af320c0e5537dp-432,0x1.ec62222f06ff2p-311,4.61035882541851807e-94
16,199,0x1.4cb5b34d9c4fbp-312,0x1.af320c0e5537dp-432,0x1.4cb5b34d9c4fcp-312,1.55763945007161226e-94
16,200,0x1.c1971a42f5881p-314,0x1.af320c0e5537dp-432,0x1.c1971a42f5882p-314,5.26209004208390504e-95
16,201,0x1.2fbca1f7fc989p-315,0x1.af320c0e5537dp-432,0x1.2fbca1f7fc98ap-315,1.77749701506992798e-95
16,202,0x1.9a5cc1621482fp-317,0x1.af320c0e5537dp-432,0x1.9a5cc1621483p-317,6.00369874224500315e-96
16,203,0x1.152eeba911f4fp-318,0x1.af320c0e5537dp-432,0x1.152eeba911f5p-318,2.02762878714999667e-96
16,204,0x1.766ae8646e9eap-320,0x1.af320c0e5537dp-432,0x1.766ae8646e9ebp-320,6.84727368989537479e-97
16,205,0x1.f9b6e264facf9p-322,0x1.af320c0e5537dp-432,0x1.f9b6e264facfap-322,2.31210069460765146e-97
16,206,0x1.557eb6c2e311dp-323,0x1.af320c0e5537dp-432,0x1.557eb6c2e311ep-323,7.80648904001752189e-98
16,207,0x1.cd297170d68edp-325,0x1.af320c0e5537dp-432,0x1.cd297170d68eep-325,2.63551111215536309e-98
16,208,0x1.375a4e88beb7dp-326,0x1.af320c0e5537dp-432,0x1.375a4e88beb7ep-326,8.89680699691708973e-99
16,209,0x1.a4615d05c10a1p-328,0x1.af320c0e5537dp-432,0x1.a4615d05c10a2p-328,3.00305882358074019e-99
16,210,0x1.1bc4759e86a8bp-329,0x1.af320c0e5537dp-432,0x1.1bc4759e86a8cp-329,1.01357057126532084e-99
16,211,0x1.7f10d304f5443p-331,0x1.af320c0e5537dp-432,0x1.7f10d304f5444p-331,3.42061943654833074e-100
16,212,0x1.02884433664dep-332,0x1.af320c0e5537dp-432,0x1.02884433664dfp-332,1.15429354869220592e-100
16,213,0x1.5cefe6bea445ep-334,0x1.af320c0e5537dp-432,0x1.5cefe6bea445fp-334,3.89483127322053135e-101
16,214,0x1.d6e9b01610f2p-336,0x1.af320c0e5537dp-432,0x1.d6e9b01610f21p-336,1.31408066911631904e-101
16,215,0x1.3dbc27d20c8dep-337,0x1.af320c0e5537dp-432,0x1.3dbc27d20c8dfp-337,4.43319188104952215e-102
16,216,0x1.acba18ec828adp-339,0x1.af320c0e5537dp-432,0x1.acba18ec828aep-339,1.49545132425711968e-102
16,217,0x1.21383f7f00925p-340,0x1.af320c0e5537dp-432,0x1.21383f7f00926p-340,5.04416644260815154e-103
16,218,0x1.862e6d7b98ab9p-342,0x1.af320c0e5537dp-432,0x1.862e6d7b98abap-342,1.70124959027494156e-103
16,219,0x1.072b94195935bp-343,0x1.af320c0e5537dp-432,0x1.072b94195935cp-343,5.73730951322290744e-104
16,220,0x1.62f9cd8eec18ep-345,0x1.af320c0e5537dp-432,0x1.62f9cd8eec18fp-345,1.93468501760655064e-104
16,221,0x1.dec3e4a0f01e1p-347,0x1.af320c0e5537dp-432,0x1.dec3e4a0f01e2p-347,6.52340168215939649e-105
16,222,0x1.42d5577e8df23p-348,0x1.af320c0e5537dp-432,0x1.42d5577e8df24p-348,2.19937841400577079e-105
16,223,0x1.b35677fdbcc57p-350,0x1.af320c0e5537dp-432,0x1.b35677fdbcc58p-350,7.41460293908153970e-106
16,224,0x1.257fb91f5d86bp-351,0x1.af320c0e5537dp-432,0x1.257fb91f5d86cp-351,2.49941321607929785e-106
16,225,0x1.8bb6386fde0d7p-353,0x1.af320c0e5537dp-432,0x1.8bb6386fde0d8p-353,8.42462473455843561e-107
16,226,0x1.0abcc7ea619d5p-354,0x1.af320c0e5537dp-432,0x1.0abcc7ea619d6p-354,2.83939311368795686e-107
16,227,0x1.67918098541d5p-356,0x1.af320c0e5537dp-432,0x1.67918098541d6p-356,9.56892295385296339e-108
16,228,0x1.e4aa3feec9cc1p-358,0x1.af320c0e5537dp-432,0x1.e4aa3feec9cc2p-358,3.22450666846229671e-108
16,229,0x1.469d2afd10347p-359,0x1.af320c0e5537dp-432,0x1.469d2afd10348p-359,1.08649142796628480e-108
16,230,0x1.b82b92d4eb7dbp-361,0x1.af320c0e5537dp-432,0x1.b82b92d4eb7dcp-361,3.66059975321231034e-109
16,231,0x1.28941650129d3p-362,0x1.af320c0e5537dp-432,0x1.28941650129d4p-362,1.23322187047436393e-109
16,232,0x1.8f9fc7eecd385p-364,0x1.af320c0e5537dp-432,0x1.8f9fc7eecd386p-364,4.15425673414305637e-110
16,233,0x1.0d36b21216204p-365,0x1.af320c0e5537dp-432,0x1.0d36b21216205p-365,1.39929312725773855e-110
16,234,0x1.6ab0b043f88f5p-367,0x1.af320c0e5537dp-432,0x1.6ab0b043f88f6p-367,4.71289142356667185e-111
16,235,0x1.e895262a03eep-369,0x1.af320c0e5537dp-432,0x1.e895262a03ee1p-369,1.58719264769377016e-111
16,236,0x1.490f1bca257bp-370,0x1.af320c0e5537dp-432,0x1.490f1bca257b1p-370,5.34484894838729054e-112
16,237,0x1.bb341ecef3279p-372,0x1.af320c0e5537dp-432,0x1.bb341ecef327ap-372,1.79971991432009218e-112
16,238,0x1.2a7250dd41a9dp-373,0x1.af320c0e5537dp-432,0x1.2a7250dd41a9ep-373,6.05951981030548934e-113
16,239,0x1.91e7c2700233cp-375,0x1.af320c0e5537dp-432,0x1.91e7c2700233dp-375,2.04002460498109297e-113
16,240,0x1.0e978d44429dcp-376,0x1.af320c0e5537dp-432,0x1.0e978d44429ddp-376,6.86746755886366026e-114
16,241,0x1.6c55a0868eb2ep-378,0x1.af320c0e5537dp-432,0x1.6c55a0868eb2fp-378,2.31164930321387983e-114
16,242,0x1.ea832059fbd5ap-380,0x1.af320c0e5537dp-432,0x1.ea832059fbd5dp-380,7.78057165969227917e-115
16,243,0x1.4a2ac2cc660a8p-381,0x1.af320c0e5537dp-432,0x1.4a2ac2cc660acp-381,2.61857728482868178e-115
16,244,0x1.bc705920b681bp-383,0x1.af320c0e5537dp-432,0x1.bc705920b6829p-383,8.81218731935441458e-116
16,245,0x1.2b1b17e294847p-384,0x1.af320c0e5537dp-432,0x1.2b1b17e294863p-384,2.96528596828970284e-116
16,246,0x1.928fc6ee58d5p-386,0x1.af320c0e5537dp-432,0x1.928fc6ee58dbdp-386,9.97732422691973538e-117
16,247,0x1.0ee0e8bfdbad8p-387,0x1.af320c0e5537dp-432,0x1.0ee0e8bfdbbb1p-387,3.35680668271057807e-117
16,248,0x1.6c830b3d988d1p-389,0x1.af320c0e5537dp-432,0x1.6c830b3d98c3p-389,1.12928463929504366e-117
16,249,0x1.ea78b06a9aa62p-391,0x1.af320c0e5537dp-432,0x1.ea78b06a9b7ddp-391,3.79879148074192022e-118
16,250,0x1.49f3b8069ed7ep-392,0x1.af320c0e5537dp-432,0x1.49f3b806a0872p-392,1.27776955112740740e-118
16,251,0x1.bbe5d7c1a952bp-394,0x1.af320c0e5537dp-432,0x1.bbe5d7c1b00f9p-394,4.29758780512756146e-119
16,252,0x1.2a92adb716c01p-395,0x1.af320c0e5537dp-432,0x1.2a92adb72439bp-395,1.44531405403625001e-119
16,253,0x1.919e3bdcf880bp-397,0x1.af320c0e5537dp-432,0x1.919e3bdd2e67p-397,4.86032190813685837e-120
16,254,0x1.0e1785330082fp-398,0x1.af320c0e5537dp-432,0x1.0e1785336c4f8p-398,1.63430565026604993e-120
16,255,0x1.6b3fee23eda49p-400,0x1.af320c0e5537dp-432,0x1.6b3fee259cd6bp-400,5.49499202387421143e-121
16,256,0x1.e8800a1edc99p-402,0x1.af320c0e5537dp-432,0x1.e8800a2599614p-402,1.84742358397785639e-121
16,257,0x1.487160546449ap-403,0x1.af320c0e5537dp-432,0x1.48716061ddda1p-403,6.21057241053496454e-122
16,258,0x1.b99f4286a9cdbp-405,0x1.af320c0e5537dp-432,0x1.b99f42bc900f4p-405,2.08767360915310417e-122
16,259,0x1.28e0b60f12d29p-406,0x1.af320c0e5537dp-432,0x1.28e0b67adf55ap-406,7.01712956333216231e-123
16,260,0x1.8f1e0921b3491p-408,0x1.af320c0e5537dp-432,0x1.8f1e0ad0e5553p-408,2.35842686846740644e-123
16,261,0x1.0c432396f1716p-409,0x1.af320c0e5537dp-432,0x1.0c4326f555899p-409,7.92595264575463174e-124
16,262,0x1.689745a0d0fbep-411,0x1.af320c0e5537dp-432,0x1.6897531a615c6p-411,2.66346402002428634e-124
16,263,0x1.e4a8b072162d7p-413,0x1.af320c0e5537dp-432,0x1.e4a8e65857af5p-413,8.94970649036087975e-125
16,264,0x1.45aea4a6cb185p-414,0x1.af320c0e5537dp-432,0x1.45af10734e1bfp-414,3.00703197485821648e-125
16,265,0x1.b5abde58fa45bp-416,0x1.af320c0e5537dp-432,0x1.b5ad8d8b06541p-416,1.01026776774187104e-125
16,266,0x1.260fc779e981cp-417,0x1.af320c0e5537dp-432,0x1.261325de019e8p-417,3.39398288580986180e-126
16,267,0x1.8b1d90bbaa307p-419,0x1.af320c0e5537dp-432,0x1.8b2b0a4c0aa33p-419,1.14018089268472815e-126
16,268,0x1.096d02335a25ep-420,0x1.af320c0e5537dp-432,0x1.0987f5541b0b4p-420,3.83069195338255852e-127
16,269,0x1.649301fe96103p-422,0x1.af320c0e5537dp-432,0x1.64fece8199a59p-422,1.28755090911944807e-127
16,270,0x1.def5ad95cd4f7p-424,0x1.af320c0e5537dp-432,0x1.e0a4dfa1dba4bp-424,4.33376574188235337e-128
16,271,0x1.419a07c321759p-425,0x1.af320c0e5537dp-432,0x1.44f86bdb3e201p-425,1.46506089621575144e-128
16,272,0x1.afacece930635p-427,0x1.af320c0e5537dp-432,0x1.bd267d49a30d2p-427,5.01716754908674564e-129
16,273,0x1.21612953c14a5p-428,0x1.af320c0e5537dp-432,0x1.3c544a14a69dep-428,1.78263015815149773e-129
16,274,0x1.82e024bf399dbp-430,0x1.af320c0e5537dp-432,0x1.eeaca7c2ceebbp-430,6.96917492606159531e-130
16,275,0x1.00c686c8a22a3p-431,0x1.af320c0e5537dp-432,0x1.d85f8ccfccc63p-431,3.32749332151965337e-130
16,276,0x1.4ee1587ca87f4p-433,0x1.af320c0e5537dp-432,0x1.2b515c2654bbdp-431,2.10845562842413450e-130
16,277,0x1.a207c94f9f419p-435,0x1.af320c0e5537dp-432,0x1.e373053849201p-432,1.70275765796658492e-130
16,278,0x1.d2aa09bc8635ep-437,0x1.af320c0e5537dp-432,0x1.bdc75c5c39699p-432,1.57007816132562090e-130
16,279,0x1.76b7bfcc61264p-439,0x1.af320c0e5537dp-432,0x1.b21f7b8dedfa3p-432,1.52902533835311680e-130
16,280,0x0p+0,0x1.af320c0e5537dp-432,0x1.af320c0e5537dp-432,1.51871444660133698e-130
17,0,0x1.311d5cfc62c47p-4,0x1.aec5e46eb88eep-427,0x1.311d5cfc62c48p-4,7.44908935795801641e-02
17,1,0x1.ba68dae1a4aafp-6,0x1.aec5e46eb88eep-427,0x1.ba68dae1a4abp-6,2.70025384439331329e-02
17,2,0x1.3366a8bd6aa5bp-7,0x1.aec5e46eb88eep-427,0x1.3366a8bd6aa5cp-7,9.38113440755222044e-03
17,3,0x1.a068eaddcb89dp-9,0x1.aec5e46eb88eep-427,0x1.a068eaddcb89ep-9,3.17695490857434950e-03
17,4,0x1.17035c51097fp-10,0x1.aec5e46eb88eep-427,0x1.17035c51097f1p-10,1.06435061412346274e-03
17,5,0x1.75fcae7cb426ap-12,0x1.aec5e46eb88eep-427,0x1.75fcae7cb426bp-12,3.56661832296578912e-04
17,6,0x1.f8aa0bd54de5dp-14,0x1.aec5e46eb88eep-427,0x1.f8aa0bd54de5ep-14,1.20321331753875269e-04
17,7,0x1.57a174f8e21dep-15,0x1.aec5e46eb88eep-427,0x1.57a174f8e21dfp-15,4.09639705543673167e-05
17,8,0x1.d825990329a11p-17,0x1.aec5e46eb88eep-427,0x1.d825990329a12p-17,1.40710731158624022e-05
17,9,0x1.46c79aa49dd34p-18,0x1.aec5e46eb88eep-427,0x1.46c79aa49dd35p-18,4.86939703547096203e-06
17,10,0x1.c6ed827c17ac7p-20,0x1.aec5e46eb88eep-427,0x1.c6ed827c17ac8p-20,1.69473801660934862e-06
17,11,0x1.3e01992b54968p-21,0x1.aec5e46eb88eep-427,0x1.3e01992b54969p-21,5.92332786745244633e-07
17,12,0x1.bdf5b54fb56bep-23,0x1.aec5e46eb88eep-427,0x1.bdf5b54fb56bfp-23,2.07666213550524677e-07
17,13,0x1.39644531c0f5ap-24,0x1.aec5e46eb88eep-427,0x1.39644531c0f5bp-24,7.29671867615542937e-08
17,14,0x1.b92666c81f67dp-26,0x1.aec5e46eb88eep-427,0x1.b92666c81f67ep-26,2.56783099510197966e-08
17,15,0x1.36d2892406fc3p-27,0x1.aec5e46eb88eep-427,0x1.36d2892406fc4p-27,9.04612258022811666e-09
17,16,0x1.b64842d2952a1p-29,0x1.aec5e46eb88eep-427,0x1.b64842d2952a2p-29,3.18892321688896923e-09
17,17,0x1.351cef09a15bbp-30,0x1.aec5e46eb88eep-427,0x1.351cef09a15bcp-30,1.12454662457674902e-09
17,18,0x1.b412bccf859d5p-32,0x1.aec5e46eb88eep-427,0x1.b412bccf859d6p-32,3.96606259093109498e-10
17,19,0x1.33918dcf3e972p-33,0x1.aec5e46eb88eep-427,0x1.33918dcf3e973p-33,1.39865992465271249e-10
17,20,0x1.b1c6fc456c851p-35,0x1.aec5e46eb88eep-427,0x1.b1c6fc456c852p-35,4.93147680177606873e-11
17,21,0x1.31cbc3531ec75p-36,0x1.aec5e46eb88eep-427,0x1.31cbc3531ec76p-36,1.73824872245074263e-11
17,22,0x1.aefd630e88ccdp-38,0x1.aec5e46eb88eep-427,0x1.aefd630e88ccep-38,6.12473332831248050e-12
17,23,0x1.2f97f4954f193p-39,0x1.aec5e46eb88eep-427,0x1.2f97f4954f194p-39,2.15716209903888446e-12
17,24,0x1.ab84fe94e50c1p-41,0x1.aec5e46eb88eep-427,0x1.ab84fe94e50c2p-41,7.59427204867859279e-13
17,25,0x1.2ce0b84292f65p-42,0x1.aec5e46eb88eep-427,0x1.2ce0b84292f66p-42,2.67233179216673916e-13
17,26,0x1.a74ddd7b759a5p-44,0x1.aec5e46eb88eep-427,0x1.a74ddd7b759a6p-44,9.39924051482101027e-14
17,27,0x1.29a2770aac03dp-45,0x1.aec5e46eb88eep-427,0x1.29a2770aac03ep-45,3.30440817966065925e-14
17,28,0x1.a25b0396e1d99p-47,0x1.aec5e46eb88eep-427,0x1.a25b0396e1d9ap-47,1.16116983672656306e-14
17,29,0x1.25e37e37bd4dbp-48,0x1.aec5e46eb88eep-427,0x1.25e37e37bd4dcp-48,4.07852424999179179e-15
17,30,0x1.9cb98617190dbp-50,0x1.aec5e46eb88eep-427,0x1.9cb98617190dcp-50,1.43192646040622178e-15
17,31,0x1.21af0da30d3c3p-51,0x1.aec5e46eb88eep-427,0x1.21af0da30d3c4p-51,5.02521291649738790e-16
17,32,0x1.967b188aa2657p-53,0x1.aec5e46eb88eep-427,0x1.967b188aa2658p-53,1.76282965318962334e-16
17,33,0x1.1d12601561a0cp-54,0x1.aec5e46eb88eep-427,0x1.1d12601561a0dp-54,6.18150883384271522e-17
17,34,0x1.8fb2dcee3126bp-56,0x1.aec5e46eb88eep-427,0x1.8fb2dcee3126cp-56,2.16677090566132447e-17
17,35,0x1.181afc3482c45p-57,0x1.aec5e46eb88eep-427,0x1.181afc3482c46p-57,7.59227237407007652e-18
17,36,0x1.8873a533a33ebp-59,0x1.aec5e46eb88eep-427,0x1.8873a533a33ecp-59,2.65935642870010625e-18
17,37,0x1.12d5d30f46b24p-60,0x1.aec5e46eb88eep-427,0x1.12d5d30f46b25p-60,9.31178053247617540e-19
17,38,0x1.80cf171640f6bp-62,0x1.aec5e46eb88eep-427,0x1.80cf171640f6cp-62,3.25945855684405892e-19
17,39,0x1.0d4ed9a9faafcp-63,0x1.aec5e46eb88eep-427,0x1.0d4ed9a9faafdp-63,1.14056378201773286e-19
17,40,0x1.78d553d09236dp-65,0x1.aec5e46eb88eep-427,0x1.78d553d09236ep-65,3.98987786661901349e-20
17,41,0x1.0790e824425a1p-66,0x1.aec5e46eb88eep-427,0x1.0790e824425a2p-66,1.39530700950658249e-20
17,42,0x1.7094e7efad229p-68,0x1.aec5e46eb88eep-427,0x1.7094e7efad22ap-68,4.87813770652810415e-21
17,43,0x1.01a5bd64e4c7fp-69,0x1.aec5e46eb88eep-427,0x1.01a5bd64e4c8p-69,1.70496761336105914e-21
17,44,0x1.681adf1443588p-71,0x1.aec5e46eb88eep-427,0x1.681adf1443589p-71,5.95743693409617395e-22
17,45,0x1.f72c277e598ffp-73,0x1.aec5e46eb88eep-427,0x1.f72c277e599p-73,2.08107259130344534e-22
17,46,0x1.5f72e6cc85758p-74,0x1.aec5e46eb88eep-427,0x1.5f72e6cc85759p-74,7.26779154911128253e-23
17,47,0x1.ead37748700ddp-76,0x1.aec5e46eb88eep-427,0x1.ead37748700dep-76,2.53751114677565450e-23
17,48,0x1.56a775448abb7p-77,0x1.aec5e46eb88eep-427,0x1.56a775448abb8p-77,8.85740174133899742e-24
17,49,0x1.de4f6d6810d25p-79,0x1.aec5e46eb88eep-427,0x1.de4f6d6810d26p-79,3.09100762868559852e-24
17,50,0x1.4dc1ee3f10c39p-80,0x1.aec5e46eb88eep-427,0x1.4dc1ee3f10c3ap-80,1.07842878009975128e-24
17,51,0x1.d1aca12127619p-82,0x1.aec5e46eb88eep-427,0x1.d1aca1212761ap-82,3.76168731007342746e-25
17,52,0x1.44cac4036a119p-83,0x1.aec5e46eb88eep-427,0x1.44cac4036a11ap-83,1.31182465676470654e-25
17,53,0x1.c4f66906b44a1p-85,0x1.aec5e46eb88eep-427,0x1.c4f66906b44a2p-85,4.57375282422741454e-26
17,54,0x1.3bc993a51058dp-86,0x1.aec5e46eb88eep-427,0x1.3bc993a51058ep-86,1.59431898511446576e-26
17,55,0x1.b836ffc335341p-88,0x1.aec5e46eb88eep-427,0x1.b836ffc335342p-88,5.55629243638267225e-27
17,56,0x1.32c53cde4a21p-89,0x1.aec5e46eb88eep-427,0x1.32c53cde4a211p-89,1.93599378233467859e-27
17,57,0x1.ab77a2fcde202p-91,0x1.aec5e46eb88eep-427,0x1.ab77a2fcde203p-91,6.74424530969266345e-28
17,58,0x1.29c3f60e416cp-92,0x1.aec5e46eb88eep-427,0x1.29c3f60e416c1p-92,2.34895540780871801e-28
17,59,0x1.9ec0ad38b423bp-94,0x1.aec5e46eb88eep-427,0x1.9ec0ad38b423cp-94,8.17955363795901972e-29
17,60,0x1.20cb5d002142cp-95,0x1.aec5e46eb88eep-427,0x1.20cb5d002142dp-95,2.84773252753097035e-29
17,61,0x1.9219aba32cee3p-97,0x1.aec5e46eb88eep-427,0x1.9219aba32cee4p-97,9.91253709708518519e-30
17,62,0x1.17e08516f7845p-98,0x1.aec5e46eb88eep-427,0x1.17e08516f7846p-98,3.44975074777958889e-30
17,63,0x1.8589708c14f74p-100,0x1.aec5e46eb88eep-427,0x1.8589708c14f75p-100,1.20035316684517019e-30
17,64,0x1.0f0803641571fp-101,0x1.aec5e46eb88eep-427,0x1.0f0803641572p-101,4.17589839912666208e-31
17,65,0x1.791623416fe69p-103,0x1.aec5e46eb88eep-427,0x1.791623416fe6ap-103,1.45248426941590563e-31
17,66,0x1.0645f9151f9f7p-104,0x1.aec5e46eb88eep-427,0x1.0645f9151f9f8p-104,5.05120063611974823e-32
17,67,0x1.6cc54dd32fcd2p-106,0x1.aec5e46eb88eep-427,0x1.6cc54dd32fcd3p-106,1.75630712526035744e-32
17,68,0x1.fb3c3920afebfp-108,0x1.aec5e46eb88eep-427,0x1.fb3c3920afecp-108,6.10562219041750126e-33
17,69,0x1.609be92bf3427p-109,0x1.aec5e46eb88eep-427,0x1.609be92bf3428p-109,2.12218838475048637e-33
17,70,0x1.ea27830515785p-111,0x1.aec5e46eb88eep-427,0x1.ea27830515786p-111,7.37502286302585299e-34
17,71,0x1.549e67d29b4f9p-112,0x1.aec5e46eb88eep-427,0x1.549e67d29b4fap-112,2.56253082833447919e-34
17,72,0x1.d953c0254e058p-114,0x1.aec5e46eb88eep-427,0x1.d953c0254e059p-114,8.90229426708575347e-35
17,73,0x1.48d0bf95471c4p-115,0x1.aec5e46eb88eep-427,0x1.48d0bf95471c5p-115,3.09216538066699911e-35
17,74,0x1.c8c636c6181a9p-117,0x1.aec5e46eb88eep-427,0x1.c8c636c6181aap-117,1.07387115568775521e-35
17,75,0x1.3d36724f63403p-118,0x1.aec5e46eb88eep-427,0x1.3d36724f63404p-118,3.72881715387303903e-36
17,76,0x1.b8838efec7e9fp-120,0x1.aec5e46eb88eep-427,0x1.b8838efec7eap-120,1.29455400428233825e-36
17,77,0x1.31d295f124dcbp-121,0x1.aec5e46eb88eep-427,0x1.31d295f124dccp-121,4.49365923953278923e-37
17,78,0x1.a88fdd9dd32ap-123,0x1.aec5e46eb88eep-427,0x1.a88fdd9dd32a1p-123,1.55959438624144425e-37
17,79,0x1.26a7dbe6338ap-124,0x1.aec5e46eb88eep-427,0x1.26a7dbe6338a1p-124,5.41197046536820529e-38
17,80,0x1.98eeae3b61e63p-126,0x1.aec5e46eb88eep-427,0x1.98eeae3b61e64p-126,1.87772524481381958e-38
17,81,0x1.1bb897f2c7a45p-127,0x1.aec5e46eb88eep-427,0x1.1bb897f2c7a46p-127,6.51391627514422683e-39
17,82,0x1.89a30c971586ap-129,0x1.aec5e46eb88eep-427,0x1.89a30c971586bp-129,2.25936506343742995e-39
17,83,0x1.1106c69996786p-130,0x1.aec5e46eb88eep-427,0x1.1106c69996787p-130,7.83547535730653199e-40
17,84,0x1.7aaf8d5824ca1p-132,0x1.aec5e46eb88eep-427,0x1.7aaf8d5824ca2p-132,2.71693701441319416e-40
17,85,0x1.06941319255d3p-133,0x1.aec5e46eb88eep-427,0x1.06941319255d4p-133,9.41953873122083531e-41
17,86,0x1.6c1656424632bp-135,0x1.aec5e46eb88eep-427,0x1.6c1656424632cp-135,3.26524742079111892e-41
17,87,0x1.f8c3ba1876381p-137,0x1.aec5e46eb88eep-427,0x1.f8c3ba1876382p-137,1.13172128072218112e-41
17,88,0x1.5dd925ee4d8f3p-138,0x1.aec5e46eb88eep-427,0x1.5dd925ee4d8f4p-138,3.92193435594486560e-42
17,89,0x1.e4e27b6dd8071p-140,0x1.aec5e46eb88eep-427,0x1.e4e27b6dd8072p-140,1.35893635941762022e-42
17,90,0x1.4ff95b1298709p-141,0x1.aec5e46eb88eep-427,0x1.4ff95b129870ap-141,4.70799914584129602e-43
17,91,0x1.d1861a0ffe8e6p-143,0x1.aec5e46eb88eep-427,0x1.d1861a0ffe8e7p-143,1.63084458836732754e-43
17,92,0x1.4277fb6536e9cp-144,0x1.aec5e46eb88eep-427,0x1.4277fb6536e9dp-144,5.64843582138731097e-44
17,93,0x1.beafccaa1b649p-146,0x1.aec5e46eb88eep-427,0x1.beafccaa1b64ap-146,1.95606690662803829e-44
17,94,0x1.3555ba2005013p-147,0x1.aec5e46eb88eep-427,0x1.3555ba2005014p-147,6.77297625164668079e-45
17,95,0x1.ac6059ad482dfp-149,0x1.aec5e46eb88eep-427,0x1.ac6059ad482ep-149,2.34485604350312904e-45
17,96,0x1.2892fe2d8b278p-150,0x1.aec5e46eb88eep-427,0x1.2892fe2d8b279p-150,8.11697184243063806e-46
17,97,0x1.9a981fd1ad9fbp-152,0x1.aec5e46eb88eep-427,0x1.9a981fd1ad9fcp-152,2.80939976413651346e-46
17,98,0x1.1c2fe80464907p-153,0x1.aec5e46eb88eep-427,0x1.1c2fe80464908p-153,9.72243638980446499e-47
17,99,0x1.89571e2805eafp-155,0x1.aec5e46eb88eep-427,0x1.89571e2805ebp-155,3.36417946662021260e-47
17,100,0x1.102c57360ab36p-156,0x1.aec5e46eb88eep-427,0x1.102c57360ab37p-156,1.16392790291725490e-47
17,101,0x1.789cfbc1d8ad1p-158,0x1.aec5e46eb88eep-427,0x1.789cfbc1d8ad2p-158,4.02639405777109610e-48
17,102,0x1.0487efb531d63p-159,0x1.aec5e46eb88eep-427,0x1.0487efb531d64p-159,1.39267613285716960e-48
17,103,0x1.68690ef5eb38fp-161,0x1.aec5e46eb88eep-427,0x1.68690ef5eb39p-161,4.81646078462543188e-49
17,104,0x1.f2843daea5621p-163,0x1.aec5e46eb88eep-427,0x1.f2843daea5622p-163,1.66552185690575085e-49
17,105,0x1.58ba6445aa257p-164,0x1.aec5e46eb88eep-427,0x1.58ba6445aa258p-164,5.75860675184312979e-50
17,106,0x1.dcb4402913fefp-166,0x1.aec5e46eb88eep-427,0x1.dcb4402913ffp-166,1.99080922868215053e-50
17,107,0x1.498fc4e7bf13dp-167,0x1.aec5e46eb88eep-427,0x1.498fc4e7bf13ep-167,6.88156726328058422e-51
17,108,0x1.c79e031135849p-169,0x1.aec5e46eb88eep-427,0x1.c79e03113584ap-169,2.37843293975093446e-51
17,109,0x1.3ae7bcfb91999p-170,0x1.aec5e46eb88eep-427,0x1.3ae7bcfb9199ap-170,8.21940994931919647e-52
17,110,0x1.b33f506f2d46bp-172,0x1.aec5e46eb88eep-427,0x1.b33f506f2d46cp-172,2.84012128892629180e-52
17,111,0x1.2cc0a16915cb6p-173,0x1.aec5e46eb88eep-427,0x1.2cc0a16915cb7p-173,9.81250695054781118e-53
17,112,0x1.9f95a830ebca5p-175,0x1.aec5e46eb88eep-427,0x1.9f95a830ebca6p-175,3.38977003978484320e-53
17,113,0x1.1f189570020aap-176,0x1.aec5e46eb88eep-427,0x1.1f189570020abp-176,1.17086813052630173e-53
17,114,0x1.8c9e47cf75461p-178,0x1.aec5e46eb88eep-427,0x1.8c9e47cf75462p-178,4.04383602455085556e-54
17,115,0x1.11ed8fe94c962p-179,0x1.aec5e46eb88eep-427,0x1.11ed8fe94c963p-179,1.39645582288170673e-54
17,116,0x1.7a5631882ebe5p-181,0x1.aec5e46eb88eep-427,0x1.7a5631882ebe6p-181,4.82180100621833092e-55
17,117,0x1.053d603da4d93p-182,0x1.aec5e46eb88eep-427,0x1.053d603da4d94p-182,1.66471572888676341e-55
17,118,0x1.68ba332dea929p-184,0x1.aec5e46eb88eep-427,0x1.68ba332dea92ap-184,5.74671812950703234e-56
17,119,0x1.f20b6626f436dp-186,0x1.aec5e46eb88eep-427,0x1.f20b6626f436ep-186,1.98357677023391840e-56
17,120,0x1.57c6ec9542983p-187,0x1.aec5e46eb88eep-427,0x1.57c6ec9542984p-187,6.84585541948442767e-57
17,121,0x1.da882d6e0de13p-189,0x1.aec5e46eb88eep-427,0x1.da882d6e0de14p-189,2.36241562591952707e-57
17,122,0x1.4778d59fadad3p-190,0x1.aec5e46eb88eep-427,0x1.4778d59fadad4p-190,8.15145327623763508e-58
17,123,0x1.c3ebfe7d89be3p-192,0x1.aec5e46eb88eep-427,0x1.c3ebfe7d89be4p-192,2.81231658917795238e-58
17,124,0x1.37cc43e8a5fdap-193,0x1.aec5e46eb88eep-427,0x1.37cc43e8a5fdbp-193,9.70161582519419386e-59
17,125,0x1.ae3194dd3929fp-195,0x1.aec5e46eb88eep-427,0x1.ae3194dd392ap-195,3.34637728624358025e-59
17,126,0x1.28bd701822d4bp-196,0x1.aec5e46eb88eep-427,0x1.28bd701822d4cp-196,1.15413593858340212e-59
17,127,0x1.995386b837689p-198,0x1.aec5e46eb88eep-427,0x1.995386b83768ap-198,3.98006821760981347e-60
17,128,0x1.1a487add9ac75p-199,0x1.aec5e46eb88eep-427,0x1.1a487add9ac76p-199,1.37238452983914572e-60
17,129,0x1.854c4babe1253p-201,0x1.aec5e46eb88eep-427,0x1.854c4babe1254p-201,4.73165544175400180e-61
17,130,0x1.0c697196b84a7p-202,0x1.aec5e46eb88eep-427,0x1.0c697196b84a8p-202,1.63118289938819534e-61
17,131,0x1.72164321cb1d8p-204,0x1.aec5e46eb88eep-427,0x1.72164321cb1d9p-204,5.62269730895783534e-62
17,132,0x1.fe38a549c4751p-206,0x1.aec5e46eb88eep-427,0x1.fe38a549c4752p-206,1.93793626181021045e-62
17,133,0x1.5fabba392034cp-207,0x1.aec5e46eb88eep-427,0x1.5fabba392034dp-207,6.67862800662472750e-63
17,134,0x1.e4ba22e965317p-209,0x1.aec5e46eb88eep-427,0x1.e4ba22e965318p-209,2.30137948538724546e-63
17,135,0x1.4e06f143c579dp-210,0x1.aec5e46eb88eep-427,0x1.4e06f143c579ep-210,7.92944284127147478e-64
17,136,0x1.cc4f3474de83cp-212,0x1.aec5e46eb88eep-427,0x1.cc4f3474de83dp-212,2.73181189773697905e-64
17,137,0x1.3d2220db99c9ap-213,0x1.aec5e46eb88eep-427,0x1.3d2220db99c9bp-213,9.41050270716996542e-65
17,138,0x1.b4efaacd24077p-215,0x1.aec5e46eb88eep-427,0x1.b4efaacd24078p-215,3.24137288078441680e-65
17,139,0x1.2cf77e941d517p-216,0x1.aec5e46eb88eep-427,0x1.2cf77e941d518p-216,1.11634781367148856e-65
17,140,0x1.9e9355aacd6a1p-218,0x1.aec5e46eb88eep-427,0x1.9e9355aacd6a2p-218,3.84436522673862036e-66
17,141,0x1.1d81414cc3965p-219,0x1.aec5e46eb88eep-427,0x1.1d81414cc3966p-219,1.32374567618606602e-66
17,142,0x1.893209797d71ap-221,0x1.aec5e46eb88eep-427,0x1.893209797d71bp-221,4.55763439933794461e-67
17,143,0x1.0eb9a5282791cp-222,0x1.aec5e46eb88eep-427,0x1.0eb9a5282791dp-222,1.56902420193686887e-67
17,144,0x1.74c3a4b562633p-224,0x1.aec5e46eb88eep-427,0x1.74c3a4b562634p-224,5.40101321133160303e-68
17,145,0x1.009aef2c4d7c1p-225,0x1.aec5e46eb88eep-427,0x1.009aef2c4d7c2p-225,1.85898755979750834e-68
17,146,0x1.614014d0ac0cp-227,0x1.aec5e46eb88eep-427,0x1.614014d0ac0c1p-227,6.39784302160483189e-69
17,147,0x1.e63ee120200cfp-229,0x1.aec5e46eb88eep-427,0x1.e63ee120200dp-229,2.20164215606669907e-69
17,148,0x1.4e9f5aa6bf2dbp-230,0x1.aec5e46eb88eep-427,0x1.4e9f5aa6bf2dcp-230,7.57558441023010954e-70
17,149,0x1.cc8313738eec9p-232,0x1.aec5e46eb88eep-427,0x1.cc8313738eecap-232,2.60640564050497223e-70
17,150,0x1.3cd98e82d7426p-233,0x1.aec5e46eb88eep-427,0x1.3cd98e82d7427p-233,8.96653244961278498e-71
17,151,0x1.b3f759e65086ep-235,0x1.aec5e46eb88eep-427,0x1.b3f759e65086fp-235,3.08435166942934652e-71
17,152,0x1.2be6e3bfae4eep-236,0x1.aec5e46eb88eep-427,0x1.2be6e3bfae4efp-236,1.06086542041700907e-71
17,153,0x1.9c90c1ac87e17p-238,0x1.aec5e46eb88eep-427,0x1.9c90c1ac87e18p-238,3.64849644684790254e-72
17,154,0x1.1bbfac05a6fdfp-239,0x1.aec5e46eb88eep-427,0x1.1bbfac05a6fep-239,1.25465690168820176e-72
17,155,0x1.864484ef059b3p-241,0x1.aec5e46eb88eep-427,0x1.864484ef059b4p-241,4.31413406262244650e-73
17,156,0x1.0c5c5a2cd762bp-242,0x1.aec5e46eb88eep-427,0x1.0c5c5a2cd762cp-242,1.48326955449268979e-73
17,157,0x1.71080ea0ae9d5p-244,0x1.aec5e46eb88eep-427,0x1.71080ea0ae9d6p-244,5.09922880751018789e-74
17,158,0x1.fb6b099065b3dp-246,0x1.aec5e46eb88eep-427,0x1.fb6b099065b3ep-246,1.75285934653409741e-74
17,159,0x1.5cd0fddca8eb3p-247,0x1.aec5e46eb88eep-427,0x1.5cd0fddca8eb4p-247,6.02487399482159930e-75
17,160,0x1.df87d0bddf46fp-249,0x1.aec5e46eb88eep-427,0x1.df87d0bddf47p-249,2.07065323742708180e-75
17,161,0x1.499528d470452p-250,0x1.aec5e46eb88eep-427,0x1.499528d470453p-250,7.11582838764586547e-76
17,162,0x1.c500d2b2422c1p-252,0x1.aec5e46eb88eep-427,0x1.c500d2b2422c2p-252,2.44513257530435409e-76
17,163,0x1.374a9f54c099fp-253,0x1.aec5e46eb88eep-427,0x1.374a9f54c09ap-253,8.40114315422656753e-77
17,164,0x1.abc82b48b40bcp-255,0x1.aec5e46eb88eep-427,0x1.abc82b48b40bdp-255,2.88624740903502730e-77
17,165,0x1.25e7ace80e9e8p-256,0x1.aec5e46eb88eep-427,0x1.25e7ace80e9e9p-256,9.91489439273679079e-78
17,166,0x1.93d04c2a08a5dp-258,0x1.aec5e46eb88eep-427,0x1.93d04c2a08a5ep-258,3.40566684705005113e-78
17,167,0x1.1562da9d0f416p-259,0x1.aec5e46eb88eep-427,0x1.1562da9d0f417p-259,1.16970387274066561e-78
17,168,0x1.7d0bff11e55afp-261,0x1.aec5e46eb88eep-427,0x1.7d0bff11e55bp-261,4.01707143228339471e-79
17,169,0x1.05b2f07795a8dp-262,0x1.aec5e46eb88eep-427,0x1.05b2f07795a8ep-262,1.37944123350757418e-79
17,170,0x1.676e679f11ce4p-264,0x1.aec5e46eb88eep-427,0x1.676e679f11ce5p-264,4.73649447619132055e-80
17,171,0x1.ed9ded23aa417p-266,0x1.aec5e46eb88eep-427,0x1.ed9ded23aa418p-266,1.62618970776689265e-80
17,172,0x1.52eb04b75af6ep-267,0x1.aec5e46eb88eep-427,0x1.52eb04b75af6fp-267,5.58272042459171503e-81
17,173,0x1.d15c6be7b2487p-269,0x1.aec5e46eb88eep-427,0x1.d15c6be7b2488p-269,1.91637812645445765e-81
17,174,0x1.3f75b18719ecp-270,0x1.aec5e46eb88eep-427,0x1.3f75b18719ec1p-270,6.57774963889640207e-82
17,175,0x1.b690724d93c47p-272,0x1.aec5e46eb88eep-427,0x1.b690724d93c48p-272,2.25753470331966623e-82
17,176,0x1.2d02a6241aaf9p-273,0x1.aec5e46eb88eep-427,0x1.2d02a6241aafap-273,7.74734049676616004e-83
17,177,0x1.9d299912aec6bp-275,0x1.aec5e46eb88eep-427,0x1.9d299912aec6cp-275,2.65847215145436057e-83
17,178,0x1.1b8677db4a146p-276,0x1.aec5e46eb88eep-427,0x1.1b8677db4a147p-276,9.12164147931968404e-84
17,179,0x1.8517fcd4d278ep-278,0x1.aec5e46eb88eep-427,0x1.8517fcd4d278fp-278,3.12950349522318066e-84
17,180,0x1.0af619303c9a5p-279,0x1.aec5e46eb88eep-427,0x1.0af619303c9a6p-279,1.07359279559134760e-84
17,181,0x1.6e4c3ddde8fa8p-281,0x1.aec5e46eb88eep-427,0x1.6e4c3ddde8fa9p-281,3.68269359036323184e-85
17,182,0x1.f68db32a9699dp-283,0x1.aec5e46eb88eep-427,0x1.f68db32a9699ep-283,1.26314607462259591e-85
17,183,0x1.58b77f8f3bacp-284,0x1.aec5e46eb88eep-427,0x1.58b77f8f3bac1p-284,4.33215217131850622e-86
17,184,0x1.d8dcc9c55efa7p-286,0x1.aec5e46eb88eep-427,0x1.d8dcc9c55efa8p-286,1.48564862837767886e-86
17,185,0x1.444b67752573ap-287,0x1.aec5e46eb88eep-427,0x1.444b67752573bp-287,5.09437517892103289e-87
17,186,0x1.bcc585256625fp-289,0x1.aec5e46eb88eep-427,0x1.bcc585256626p-289,1.74674013837865737e-87
17,187,0x1.30fa1c0b93b2fp-290,0x1.aec5e46eb88eep-427,0x1.30fa1c0b93b3p-290,5.98864220326476570e-88
17,188,0x1.a234a9917253fp-292,0x1.aec5e46eb88eep-427,0x1.a234a9917254p-292,2.05301092991581896e-88
17,189,0x1.1eb6433b439d3p-293,0x1.aec5e46eb88eep-427,0x1.1eb6433b439d4p-293,7.03747912904325464e-89
17,190,0x1.8917ae51244f1p-295,0x1.aec5e46eb88eep-427,0x1.8917ae51244f2p-295,2.41215980094686026e-89
17,191,0x1.0d7300973921bp-296,0x1.aec5e46eb88eep-427,0x1.0d7300973921cp-296,8.26719652027390138e-90
17,192,0x1.715cbb067f5b3p-298,0x1.aec5e46eb88eep-427,0x1.715cbb067f5b4p-298,2.83317766193093930e-90
17,193,0x1.fa47e6c2fc135p-300,0x1.aec5e46eb88eep-427,0x1.fa47e6c2fc136p-300,9.70851595880408671e-91
17,194,0x1.5af2a4bbff5dcp-301,0x1.aec5e46eb88eep-427,0x1.5af2a4bbff5ddp-301,3.32656114479913162e-91
17,195,0x1.db7a68bb9955bp-303,0x1.aec5e46eb88eep-427,0x1.db7a68bb9955cp-303,1.13972984915663212e-91
17,196,0x1.45c8eab056181p-304,0x1.aec5e46eb88eep-427,0x1.45c8eab056182p-304,3.90456099923008173e-92
17,197,0x1.be66a6f0c1bd9p-306,0x1.aec5e46eb88eep-427,0x1.be66a6f0c1bdap-306,1.33753915858725109e-92
17,198,0x1.31cfb2e85642dp-307,0x1.aec5e46eb88eep-427,0x1.31cfb2e85642ep-307,4.58147085756583553e-93
17,199,0x1.a2f6aa8d88ea9p-309,0x1.aec5e46eb88eep-427,0x1.a2f6aa8d88eaap-309,1.56916135869576318e-93
17,200,0x1.1ef7c68f0663bp-310,0x1.aec5e46eb88eep-427,0x1.1ef7c68f0663cp-310,5.37396283196939667e-94
17,201,0x1.891560d014807p-312,0x1.aec5e46eb88eep-427,0x1.891560d014808p-312,1.84028976714652885e-94
17,202,0x1.0d328e2b4c9abp-313,0x1.aec5e46eb88eep-427,0x1.0d328e2b4c9acp-313,6.30147742710480899e-95
17,203,0x1.70ae959317e1cp-315,0x1.aec5e46eb88eep-427,0x1.70ae959317e1dp-315,2.15756207567558996e-95
17,204,0x1.f8e41b64422a7p-317,0x1.aec5e46eb88eep-427,0x1.f8e41b64422a8p-317,7.38667642980180483e-96
17,205,0x1.59aeeda9c77b3p-318,0x1.aec5e46eb88eep-427,0x1.59aeeda9c77b4p-318,2.52871468303704035e-96
17,206,0x1.d951c0f76c34dp-320,0x1.aec5e46eb88eep-427,0x1.d951c0f76c34ep-320,8.65596879812664566e-97
17,207,0x1.4403e11705f35p-321,0x1.aec5e46eb88eep-427,0x1.4403e11705f36p-321,2.96276187890600053e-97
17,208,0x1.bb946a4316635p-323,0x1.aec5e46eb88eep-427,0x1.bb946a4316636p-323,1.01401211439619065e-97
17,209,0x1.2f9bb527e556fp-324,0x1.aec5e46eb88eep-427,0x1.2f9bb527e557p-324,3.47020382172828536e-98
17,210,0x1.9f939295d8b01p-326,0x1.aec5e46eb88eep-427,0x1.9f939295d8b02p-326,1.18749662177496369e-98
17,211,0x1.1c657678f5311p-327,0x1.aec5e46eb88eep-427,0x1.1c657678f5312p-327,4.06326787000163065e-99
17,212,0x1.8537cad9dde96p-329,0x1.aec5e46eb88eep-427,0x1.8537cad9dde97p-329,1.39022248984609693e-99
17,213,0x1.0a50f2ed3cce2p-330,0x1.aec5e46eb88eep-427,0x1.0a50f2ed3cce3p-330,4.75618853795741235e-100
17,214,0x1.6c6ab105280f4p-332,0x1.aec5e46eb88eep-427,0x1.6c6ab105280f5p-332,1.62704596086550329e-100
17,215,0x1.f29d673a5ca6fp-334,0x1.aec5e46eb88eep-427,0x1.f29d673a5ca7p-334,5.56553216750817734e-101
17,216,0x1.5516e782a3fd1p-335,0x1.aec5e46eb88eep-427,0x1.5516e782a3fd2p-335,1.90361798625879510e-101
17,217,0x1.d29fed86a7bb1p-337,0x1.aec5e46eb88eep-427,0x1.d29fed86a7bb2p-337,6.51057335521640444e-102
17,218,0x1.3f280c9bd128bp-338,0x1.aec5e46eb88eep-427,0x1.3f280c9bd128cp-338,2.22651238709459226e-102
17,219,0x1.b48d5357e7c39p-340,0x1.aec5e46eb88eep-427,0x1.b48d5357e7c3ap-340,7.61373126498451574e-103
17,220,0x1.2a8ab1ea0c533p-341,0x1.aec5e46eb88eep-427,0x1.2a8ab1ea0c534p-341,2.60337438335138722e-103
17,221,0x1.984ac558d90fbp-343,0x1.aec5e46eb88eep-427,0x1.984ac558d90fcp-343,8.90107521606108768e-104
17,222,0x1.172c53d5dfba7p-344,0x1.aec5e46eb88eep-427,0x1.172c53d5dfba8p-344,3.04309268251789640e-104
17,223,0x1.7dbeb64d1f6a9p-346,0x1.aec5e46eb88eep-427,0x1.7dbeb64d1f6aap-346,1.04029103869681142e-104
17,224,0x1.04fb512a1901bp-347,0x1.aec5e46eb88eep-427,0x1.04fb512a1901cp-347,3.55599881063789798e-105
17,225,0x1.64d0d337b3362p-349,0x1.aec5e46eb88eep-427,0x1.64d0d337b3363p-349,1.21544561479670746e-105
17,226,0x1.e7cdc57f97445p-351,0x1.aec5e46eb88eep-427,0x1.e7cdc57f97446p-351,4.15409793643439983e-106
17,227,0x1.4d69f7a7e57dap-352,0x1.aec5e46eb88eep-427,0x1.4d69f7a7e57dbp-352,1.41966314608831050e-106
17,228,0x1.c7be268fadc2fp-354,0x1.aec5e46eb88eep-427,0x1.c7be268fadc3p-354,4.85133609286779187e-107
17,229,0x1.3774223317acbp-355,0x1.aec5e46eb88eep-427,0x1.3774223317accp-355,1.65769640035823494e-107
17,230,0x1.a9a96e6bfe90cp-357,0x1.aec5e46eb88eep-427,0x1.a9a96e6bfe90dp-357,5.66390945330205685e-108
17,231,0x1.22da69208a9f8p-358,0x1.aec5e46eb88eep-427,0x1.22da69208a9f9p-358,1.93506422308612825e-108
17,232,0x1.8d72c9a25a19bp-360,0x1.aec5e46eb88eep-427,0x1.8d72c9a25a19cp-360,6.61062218617964671e-109
17,233,0x1.0f88ef4bfbf7ap-361,0x1.aec5e46eb88eep-427,0x1.0f88ef4bfbf7bp-361,2.25817325241193525e-109
17,234,0x1.72fed8d7d5cb7p-363,0x1.aec5e46eb88eep-427,0x1.72fed8d7d5cb8p-363,7.71330040972978389e-110
17,235,0x1.fad9b2864f1edp-365,0x1.aec5e46eb88eep-427,0x1.fad9b2864f1eep-365,2.63445869664914543e-110
17,236,0x1.5a33a18fa53e5p-366,0x1.aec5e46eb88eep-427,0x1.5a33a18fa53e6p-366,8.99727091624244117e-111
17,237,0x1.d8e8854358d87p-368,0x1.aec5e46eb88eep-427,0x1.d8e8854358d88p-368,3.07254711740953475e-111
17,238,0x1.42f87f4c5d0bbp-369,0x1.aec5e46eb88eep-427,0x1.42f87f4c5d0bcp-369,1.04919146561793216e-111
17,239,0x1.b91c675c92fb9p-371,0x1.aec5e46eb88eep-427,0x1.b91c675c92fbap-371,3.58244460933859507e-112
17,240,0x1.2d36150f6fa59p-372,0x1.aec5e46eb88eep-427,0x1.2d36150f6fa5ap-372,1.22313064914830642e-112
17,241,0x1.9b552e77ca975p-374,0x1.aec5e46eb88eep-427,0x1.9b552e77ca977p-374,4.17575428260359542e-113
17,242,0x1.18d63f3a05143p-375,0x1.aec5e46eb88eep-427,0x1.18d63f3a05146p-375,1.42549544742552366e-113
17,243,0x1.7f7461a0b8935p-377,0x1.aec5e46eb88eep-427,0x1.7f7461a0b893dp-377,4.86592754656926461e-114
17,244,0x1.05c405d1ac4bbp-378,0x1.aec5e46eb88eep-427,0x1.05c405d1ac4c9p-378,1.66086539151517692e-114
17,245,0x1.655d262547a85p-380,0x1.aec5e46eb88eep-427,0x1.655d262547abcp-380,5.66855437393223962e-115
17,246,0x1.e7d71e55a00bdp-382,0x1.aec5e46eb88eep-427,0x1.e7d71e55a0195p-382,1.93454738139538775e-115
17,247,0x1.4cf42d02d54a7p-383,0x1.aec5e46eb88eep-427,0x1.4cf42d02d5657p-383,6.60169850701166448e-116
17,248,0x1.c67425f49ff0fp-385,0x1.aec5e46eb88eep-427,0x1.c67425f4a05cbp-385,2.25268958769677389e-116
17,249,0x1.361fa0e6066c9p-386,0x1.aec5e46eb88eep-427,0x1.361fa0e60744p-386,7.68628446685926543e-117
17,250,0x1.a73b9b9e44eb9p-388,0x1.aec5e46eb88eep-427,0x1.a73b9b9e48493p-388,2.62241293927898975e-117
17,251,0x1.20c714be1fbbfp-389,0x1.aec5e46eb88eep-427,0x1.20c714be26771p-389,8.94654425848404944e-118
17,252,0x1.8a0be9e8dfac4p-391,0x1.aec5e46eb88eep-427,0x1.8a0be9e8fa98bp-391,3.05196287375883141e-118
17,253,0x1.0cd372e4357d2p-392,0x1.aec5e46eb88eep-427,0x1.0cd372e46b55fp-392,1.04105328515289226e-118
17,254,0x1.6ec555785cf49p-394,0x1.aec5e46eb88eep-427,0x1.6ec5557934579p-394,3.55088443012286849e-119
17,255,0x1.f45dd9abdf3c1p-396,0x1.aec5e46eb88eep-427,0x1.f45dd9af3cc7fp-396,1.21107228791625938e-119
17,256,0x1.5549e663a0737p-397,0x1.aec5e46eb88eep-427,0x1.5549e66a5b8b1p-397,4.13022422576967399e-120
17,257,0x1.d189d70587c1cp-399,0x1.aec5e46eb88eep-427,0x1.d189d72074201p-399,1.40846905800119555e-120
17,258,0x1.3d7d52671a4d4p-400,0x1.aec5e46eb88eep-427,0x1.3d7d529cf309ep-400,4.80276340907456768e-121
17,259,0x1.b104004eecfcbp-402,0x1.aec5e46eb88eep-427,0x1.b10401264feefp-402,1.63759069952430637e-121
17,260,0x1.2744e7d71b8b9p-403,0x1.aec5e46eb88eep-427,0x1.2744e985e1701p-403,5.58328648060823851e-122
17,261,0x1.92a7ab40c0df8p-405,0x1.aec5e46eb88eep-427,0x1.92a7b1fbd8715p-405,1.90346524432575040e-122
17,262,0x1.128778fc69e54p-406,0x1.aec5e46eb88eep-427,0x1.128786729908cp-406,6.48889353311612368e-123
17,263,0x1.765243281e5bfp-408,0x1.aec5e46eb88eep-427,0x1.76527900dae9dp-408,2.21190943293364989e-123
17,264,0x1.fe5a8b18ed32cp-410,0x1.aec5e46eb88eep-427,0x1.fe5b627bdf6a3p-410,7.53938400839777370e-124
17,265,0x1.5be32252f0f58p-411,0x1.aec5e46eb88eep-427,0x1.5be4d118d5645p-411,2.56967692831281455e-124
17,266,0x1.da3fa4861bc9bp-413,0x1.aec5e46eb88eep-427,0x1.da465f9dad84ap-413,8.75793995636552870e-125
17,267,0x1.433b2780e57bap-414,0x1.aec5e46eb88eep-427,0x1.43489db008f17p-414,2.98487108445755452e-125
17,268,0x1.b8928433f0689p-416,0x1.aec5e46eb88eep-427,0x1.b8c85cf07e3fbp-416,1.01743423751395414e-125
17,269,0x1.2c3a7bc1a9b8fp-417,0x1.aec5e46eb88eep-427,0x1.2ca62d3ac5672p-417,3.46985870879361439e-126
17,270,0x1.9920cd9fdb325p-419,0x1.aec5e46eb88eep-427,0x1.9acf938449eafp-419,1.18531492026793193e-126
17,271,0x1.16b292e258387p-420,0x1.aec5e46eb88eep-427,0x1.1a101eab35a9ap-420,4.06918961269203333e-127
17,272,0x1.7b8006fa0dbbp-422,0x1.aec5e46eb88eep-427,0x1.88f6361d837f8p-422,1.41726857716589641e-127
17,273,0x1.020fea67e622cp-423,0x1.aec5e46eb88eep-427,0x1.1cfc48aed1abcp-423,5.13918921999838998e-128
17,274,0x1.5de6f3a8453b1p-425,0x1.aec5e46eb88eep-427,0x1.c9986cc3f35edp-425,2.06297296518530750e-128
17,275,0x1.d6e1ac68f9216p-427,0x1.aec5e46eb88eep-427,0x1.c2d3c86bd8d83p-426,1.01623012897085781e-128
17,276,0x1.3714505fae068p-428,0x1.aec5e46eb88eep-427,0x1.2528064f47c92p-426,6.60816962122791015e-129
17,277,0x1.88f8b973575c9p-430,0x1.aec5e46eb88eep-427,0x1.dfe4fb9d237a8p-427,5.40875894516726345e-129
17,278,0x1.bb3f6c61baedbp-432,0x1.aec5e46eb88eep-427,0x1.bc9fdfd1c6666p-427,5.01124094751429573e-129
17,279,0x1.66eb56f290badp-434,0x1.aec5e46eb88eep-427,0x1.b193bb1c9db06p-427,4.88672833497530088e-129
17,280,0x0p+0,0x1.aec5e46eb88eep-427,0x1.aec5e46eb88eep-427,4.85512457730271657e-129
18,0,0x1.3179fd6e62ba6p-4,0x1.26c847b377969p-422,0x1.3179fd6e62ba7p-4,7.45792293220533947e-02
18,1,0x1.bb3838b564b59p-6,0x1.26c847b377969p-422,0x1.bb3838b564b5ap-6,2.70519784731491977e-02
18,2,0x1.3441df6745d1fp-7,0x1.26c847b377969p-422,0x1.3441df6745d2p-7,9.40726669663988213e-03
18,3,0x1.a22382b82af93p-9,0x1.26c847b377969p-422,0x1.a22382b82af94p-9,3.19014521308775591e-03
18,4,0x1.18b1ad460b9b3p-10,0x1.26c847b377969p-422,0x1.18b1ad460b9b4p-10,1.07076282575811494e-03
18,5,0x1.7927c70f222e9p-12,0x1.26c847b377969p-422,0x1.7927c70f222eap-12,3.59683400298167950e-04
18,6,0x1.fe7b2dda17143p-14,0x1.26c847b377969p-422,0x1.fe7b2dda17144p-14,1.21708194826768373e-04
18,7,0x1.5cd9dd21968f6p-15,0x1.26c847b377969p-422,0x1.5cd9dd21968f7p-15,4.15862834983338287e-05
18,8,0x1.e1554dd72d88fp-17,0x1.26c847b377969p-422,0x1.e1554dd72d89p-17,1.43448477686154371e-05
18,9,0x1.4eb8d6299b5a1p-18,0x1.26c847b377969p-422,0x1.4eb8d6299b5a2p-18,4.98774674327404095e-06
18,10,0x1.d47296106fcafp-20,0x1.26c847b377969p-422,0x1.d47296106fcbp-20,1.74510330817871735e-06
18,11,0x1.495a11920e01fp-21,0x1.26c847b377969p-422,0x1.495a11920e02p-21,6.13465589666652768e-07
18,12,0x1.d0c26b9ca8068p-23,0x1.26c847b377969p-422,0x1.d0c26b9ca8069p-23,2.16420485883893347e-07
18,13,0x1.48c969fcb8d7p-24,0x1.26c847b377969p-422,0x1.48c969fcb8d71p-24,7.65516360956845997e-08
18,14,0x1.d218fae4fe7a2p-26,0x1.26c847b377969p-422,0x1.d218fae4fe7a3p-26,2.71304497929740899e-08
18,15,0x1.4ad730d62c7ccp-27,0x1.26c847b377969p-422,0x1.4ad730d62c7cdp-27,9.62872840864662566e-09
18,16,0x1.d61f97a42b4fdp-29,0x1.26c847b377969p-422,0x1.d61f97a42b4fep-29,3.42059798722326046e-09
18,17,0x1.4e3b1d7403843p-30,0x1.26c847b377969p-422,0x1.4e3b1d7403844p-30,1.21592499697668383e-09
18,18,0x1.db681ba3c76e1p-32,0x1.26c847b377969p-422,0x1.db681ba3c76e2p-32,4.32379849143485664e-10
18,19,0x1.5227c356b4e0dp-33,0x1.26c847b377969p-422,0x1.5227c356b4e0ep-33,1.53775237950858662e-10
18,20,0x1.e10c84d279a34p-35,0x1.26c847b377969p-422,0x1.e10c84d279a35p-35,5.46889284243494208e-11
18,21,0x1.561d4415a4ce2p-36,0x1.26c847b377969p-422,0x1.561d4415a4ce3p-36,1.94469475978692993e-11
18,22,0x1.e6800f93c0977p-38,0x1.26c847b377969p-422,0x1.e6800f93c0978p-38,6.91358419670336831e-12
18,23,0x1.59cf1c0b2ca4bp-39,0x1.26c847b377969p-422,0x1.59cf1c0b2ca4cp-39,2.45712088302340156e-12
18,24,0x1.eb70dd2f1c073p-41,0x1.26c847b377969p-422,0x1.eb70dd2f1c074p-41,8.72974359467674377e-13
18,25,0x1.5d1265f0423b8p-42,0x1.26c847b377969p-422,0x1.5d1265f0423b9p-42,3.10038100044912437e-13
18,26,0x1.efb33fe37ae75p-44,0x1.26c847b377969p-422,0x1.efb33fe37ae76p-44,1.10067553651967093e-13
18,27,0x1.5fd1cdc8639fep-45,0x1.26c847b377969p-422,0x1.5fd1cdc8639ffp-45,3.90598160755353767e-14
18,28,0x1.f333b9a97a8a7p-47,0x1.26c847b377969p-422,0x1.f333b9a97a8a8p-47,1.38556402942050747e-14
18,29,0x1.620570e27673fp-48,0x1.26c847b377969p-422,0x1.620570e27674p-48,4.91303183875752331e-15
18,30,0x1.f5ed94ae9cd0fp-50,0x1.26c847b377969p-422,0x1.f5ed94ae9cd1p-50,1.74141274302854305e-15
18,31,0x1.63ad7218517f1p-51,0x1.26c847b377969p-422,0x1.63ad7218517f2p-51,6.17002147640099109e-16
18,32,0x1.f7e4ac7462ccbp-53,0x1.26c847b377969p-422,0x1.f7e4ac7462cccp-53,2.18528865337060277e-16
18,33,0x1.64ce7062c394dp-54,0x1.26c847b377969p-422,0x1.64ce7062c394ep-54,7.73700553215113828e-17
18,34,0x1.f9216fc41b967p-56,0x1.26c847b377969p-422,0x1.f9216fc41b968p-56,2.73831853277801929e-17
18,35,0x1.656f4b72acecbp-57,0x1.26c847b377969p-422,0x1.656f4b72aceccp-57,9.68828817611749344e-18
18,36,0x1.f9ae688dc92c7p-59,0x1.26c847b377969p-422,0x1.f9ae688dc92c8p-59,3.42662965917287462e-18
18,37,0x1.6597ca3c73df5p-60,0x1.26c847b377969p-422,0x1.6597ca3c73df6p-60,1.21157197240261332e-18
18,38,0x1.f996c78b33e69p-62,0x1.26c847b377969p-422,0x1.f996c78b33e6ap-62,4.28250525773612901e-19
18,39,0x1.654fd58dbe691p-63,0x1.26c847b377969p-422,0x1.654fd58dbe692p-63,1.51327455680030409e-19
18,40,0x1.f8e597133ebfcp-65,0x1.26c847b377969p-422,0x1.f8e597133ebfdp-65,5.34580319322692073e-20
18,41,0x1.649f101e60f0cp-66,0x1.26c847b377969p-422,0x1.649f101e60f0dp-66,1.88793765263124312e-20
18,42,0x1.f7a5555b68686p-68,0x1.26c847b377969p-422,0x1.f7a5555b68687p-68,6.66569710761509167e-21
18,43,0x1.638ca72f1aaf8p-69,0x1.26c847b377969p-422,0x1.638ca72f1aaf9p-69,2.35282873610057534e-21
18,44,0x1.f5dfcbc36d6b1p-71,0x1.26c847b377969p-422,0x1.f5dfcbc36d6b2p-71,8.30281221212637295e-22
18,45,0x1.621f439aac905p-72,0x1.26c847b377969p-422,0x1.621f439aac906p-72,2.92922956530984360e-22
18,46,0x1.f39e080265e7fp-74,0x1.26c847b377969p-422,0x1.f39e080265e8p-74,1.03318438072675198e-22
18,47,0x1.605d0c33a6f79p-75,0x1.26c847b377969p-422,0x1.605d0c33a6f7ap-75,3.64335286041893048e-23
18,48,0x1.f0e8667d4c25fp-77,0x1.26c847b377969p-422,0x1.f0e8667d4c26p-77,1.28447659329708346e-23
18,49,0x1.5e4bb04f66f6fp-78,0x1.26c847b377969p-422,0x1.5e4bb04f66f7p-78,4.52746527829349548e-24
18,50,0x1.edc6a3f1b91ecp-80,0x1.26c847b377969p-422,0x1.edc6a3f1b91edp-80,1.59547610844052817e-24
18,51,0x1.5bf07544e549cp-81,0x1.26c847b377969p-422,0x1.5bf07544e549dp-81,5.62126239305862917e-25
18,52,0x1.ea3ff0ff483c5p-83,0x1.26c847b377969p-422,0x1.ea3ff0ff483c6p-83,1.98010305635797302e-25
18,53,0x1.59504413d3ba3p-84,0x1.26c847b377969p-422,0x1.59504413d3ba4p-84,6.97355138013749549e-26
18,54,0x1.e65b04c5d1d9ep-86,0x1.26c847b377969p-422,0x1.e65b04c5d1d9fp-86,2.45546798583681416e-26
18,55,0x1.566fb5dc55aacp-87,0x1.26c847b377969p-422,0x1.566fb5dc55aadp-87,8.64430924198539751e-27
18,56,0x1.e21e2d5e39c8fp-89,0x1.26c847b377969p-422,0x1.e21e2d5e39c9p-89,3.04259157641701882e-27
18,57,0x1.53531ea36aa91p-90,0x1.26c847b377969p-422,0x1.53531ea36aa92p-90,1.07071991664886333e-27
18,58,0x1.dd8f5dd08db0fp-92,0x1.26c847b377969p-422,0x1.dd8f5dd08db1p-92,3.76728433814616206e-28
18,59,0x1.4ffe96513c30fp-93,0x1.26c847b377969p-422,0x1.4ffe96513c31p-93,1.32526455278708951e-28
18,60,0x1.d8b4399b296c2p-95,0x1.26c847b377969p-422,0x1.d8b4399b296c3p-95,4.66122135620646113e-29
18,61,0x1.4c76000d1c22ep-96,0x1.26c847b377969p-422,0x1.4c76000d1c22fp-96,1.63915897952063216e-29
18,62,0x1.d3921e10f4ab5p-98,0x1.26c847b377969p-422,0x1.d3921e10f4ab6p-98,5.76325471691157822e-30
18,63,0x1.48bd10308a82dp-99,0x1.26c847b377969p-422,0x1.48bd10308a82ep-99,2.02600760158639578e-30
18,64,0x1.ce2e29e4c160bp-101,0x1.26c847b377969p-422,0x1.ce2e29e4c160cp-101,7.12101544788259765e-31
18,65,0x1.44d7510e913a5p-102,0x1.26c847b377969p-422,0x1.44d7510e913a6p-102,2.50248465702599993e-31
18,66,0x1.c88d433643873p-104,0x1.26c847b377969p-422,0x1.c88d433643874p-104,8.79286795924975945e-32
18,67,0x1.40c826c847be8p-105,0x1.26c847b377969p-422,0x1.40c826c847be9p-105,3.08901677341823308e-32
18,68,0x1.c2b41c6bbd89fp-107,0x1.26c847b377969p-422,0x1.c2b41c6bbd8ap-107,1.08502934960054856e-32
18,69,0x1.3c92d25f79c6bp-108,0x1.26c847b377969p-422,0x1.3c92d25f79c6cp-108,3.81061516658242670e-33
18,70,0x1.bca738179c381p-110,0x1.26c847b377969p-422,0x1.bca738179c382p-110,1.33807955011328809e-33
18,71,0x1.383a742feca98p-111,0x1.26c847b377969p-422,0x1.383a742feca99p-111,4.69788984833530213e-34
18,72,0x1.b66aec1d84bc6p-113,0x1.26c847b377969p-422,0x1.b66aec1d84bc7p-113,1.64914396448131767e-34
18,73,0x1.33c20defdf314p-114,0x1.26c847b377969p-422,0x1.33c20defdf315p-114,5.78828511996546766e-35
18,74,0x1.b003643ff56dbp-116,0x1.26c847b377969p-422,0x1.b003643ff56dcp-116,2.03131653209179222e-35
18,75,0x1.2f2c8451a0641p-117,0x1.26c847b377969p-422,0x1.2f2c8451a0642p-117,7.12758399487484841e-36
18,76,0x1.a974a436ee0f5p-119,0x1.26c847b377969p-422,0x1.a974a436ee0f6p-119,2.50060345215792813e-36
18,77,0x1.2a7ca05a93a04p-120,0x1.26c847b377969p-422,0x1.2a7ca05a93a05p-120,8.77173932066808083e-37
18,78,0x1.a2c2896916e9dp-122,0x1.26c847b377969p-422,0x1.a2c2896916e9ep-122,3.07656192272827445e-37
18,79,0x1.25b5107f926bdp-123,0x1.26c847b377969p-422,0x1.25b5107f926bep-123,1.07891016236064073e-37
18,80,0x1.9bf0cc5b5b1f5p-125,0x1.26c847b377969p-422,0x1.9bf0cc5b5b1f6p-125,3.78307710635354337e-38
18,81,0x1.20d869932b5efp-126,0x1.26c847b377969p-422,0x1.20d869932b5fp-126,1.32631285176513733e-38
18,82,0x1.950301e6a1077p-128,0x1.26c847b377969p-422,0x1.950301e6a1078p-128,4.64930685061596786e-39
18,83,0x1.1be9278f92bf8p-129,0x1.26c847b377969p-422,0x1.1be9278f92bf9p-129,1.62956784375287634e-39
18,84,0x1.8dfc9c3ffa9ebp-131,0x1.26c847b377969p-422,0x1.8dfc9c3ffa9ecp-131,5.71082992094110173e-40
18,85,0x1.16e9ae440a309p-132,0x1.26c847b377969p-422,0x1.16e9ae440a30ap-132,2.00110131102282681e-40
18,86,0x1.86e0ebdd192fbp-134,0x1.26c847b377969p-422,0x1.86e0ebdd192fcp-134,7.01104103049749263e-41
18,87,0x1.11dc49ebedc6ap-135,0x1.26c847b377969p-422,0x1.11dc49ebedc6bp-135,2.45606593426392841e-41
18,88,0x1.7fb3203cd494cp-137,0x1.26c847b377969p-422,0x1.7fb3203cd494dp-137,8.60284504488903290e-42
18,89,0x1.0cc32fb458f9dp-138,0x1.26c847b377969p-422,0x1.0cc32fb458f9ep-138,3.01293123021228546e-42
18,90,0x1.7876489a0c309p-140,0x1.26c847b377969p-422,0x1.7876489a0c30ap-140,1.05507137195232255e-42
18,91,0x1.07a07e345f3bap-141,0x1.26c847b377969p-422,0x1.07a07e345f3bbp-141,3.69420006178771594e-43
18,92,0x1.712d548df23a9p-143,0x1.26c847b377969p-422,0x1.712d548df23aap-143,1.29331815821331295e-43
18,93,0x1.02763ddb118f2p-144,0x1.26c847b377969p-422,0x1.02763ddb118f3p-144,4.52727796766679415e-44
18,94,0x1.69db14a5dd33bp-146,0x1.26c847b377969p-422,0x1.69db14a5dd33cp-146,1.58458735675899704e-44
18,95,0x1.fa8cc2abdf65p-148,0x1.26c847b377969p-422,0x1.fa8cc2abdf651p-148,5.54552750415888673e-45
18,96,0x1.62823aeff6e94p-149,0x1.26c847b377969p-422,0x1.62823aeff6e95p-149,1.94051763067576444e-45
18,97,0x1.f0258be3cd859p-151,0x1.26c847b377969p-422,0x1.f0258be3cd85ap-151,6.78954649282341963e-46
18,98,0x1.5b255b8181d83p-152,0x1.26c847b377969p-422,0x1.5b255b8181d84p-152,2.37526882387226061e-46
18,99,0x1.e5ba67f133b93p-154,0x1.26c847b377969p-422,0x1.e5ba67f133b94p-154,8.30871714620700977e-47
18,100,0x1.53c6ecf8ebccdp-155,0x1.26c847b377969p-422,0x1.53c6ecf8ebccep-155,2.90606117649991947e-47
18,101,0x1.db4ebe16bbccdp-157,0x1.26c847b377969p-422,0x1.db4ebe16bbccep-157,1.01630827816970041e-47
18,102,0x1.4c6948fd7965cp-158,0x1.26c847b377969p-422,0x1.4c6948fd7965dp-158,3.55382844667605854e-48
18,103,0x1.d0e5ccfa191ebp-160,0x1.26c847b377969p-422,0x1.d0e5ccfa191ecp-160,1.24256205664598020e-48
18,104,0x1.450eacbdfcd27p-161,0x1.26c847b377969p-422,0x1.450eacbdfcd28p-161,4.34400871284559326e-49
18,105,0x1.c682ab5731687p-163,0x1.26c847b377969p-422,0x1.c682ab5731688p-163,1.51849928690124640e-49
18,106,0x1.3db9396fbf2fap-164,0x1.26c847b377969p-422,0x1.3db9396fbf2fbp-164,5.30750153539853772e-50
18,107,0x1.bc2848b43baa3p-166,0x1.26c847b377969p-422,0x1.bc2848b43baa4p-166,1.85488768104168971e-50
18,108,0x1.366af4ce84c21p-167,0x1.26c847b377969p-422,0x1.366af4ce84c22p-167,6.48182606059356219e-51
18,109,0x1.b1d96e17f611p-169,0x1.26c847b377969p-422,0x1.b1d96e17f6111p-169,2.26479920926810664e-51
18,110,0x1.2f25c99e5ea7p-170,0x1.26c847b377969p-422,0x1.2f25c99e5ea71p-170,7.91252175611263049e-52
18,111,0x1.a798bec2ce127p-172,0x1.26c847b377969p-422,0x1.a798bec2ce128p-172,2.76409718322483865e-52
18,112,0x1.27eb882fcf24ep-173,0x1.26c847b377969p-422,0x1.27eb882fcf24fp-173,9.65484201760743589e-53
18,113,0x1.9d68b8eb9a7f7p-175,0x1.26c847b377969p-422,0x1.9d68b8eb9a7f8p-175,3.37202507801969677e-53
18,114,0x1.20bde6e69f08fp-176,0x1.26c847b377969p-422,0x1.20bde6e69f09p-176,1.17758011694782963e-53
18,115,0x1.934bb68054e3cp-178,0x1.26c847b377969p-422,0x1.934bb68054e3dp-178,4.11191809723491893e-54
18,116,0x1.199e82c3a17fap-179,0x1.26c847b377969p-422,0x1.199e82c3a17fbp-179,1.43566477485864726e-54
18,117,0x1.8943edeb14757p-181,0x1.26c847b377969p-422,0x1.8943edeb14758p-181,5.01206277257364808e-55
18,118,0x1.128edff187ea5p-182,0x1.26c847b377969p-422,0x1.128edff187ea6p-182,1.74958518233678017e-55
18,119,0x1.7f5372db6876ep-184,0x1.26c847b377969p-422,0x1.7f5372db6876fp-184,6.10673504252324056e-56
18,120,0x1.0b906a54cf669p-185,0x1.26c847b377969p-422,0x1.0b906a54cf66ap-185,2.13127119621423210e-56
18,121,0x1.757c3714110cfp-187,0x1.26c847b377969p-422,0x1.757c3714110dp-187,7.43745344535295149e-57
18,122,0x1.04a4761ebddp-188,0x1.26c847b377969p-422,0x1.04a4761ebdd01p-188,2.59517089212617026e-57
18,123,0x1.6bc00b3cfba9bp-190,0x1.26c847b377969p-422,0x1.6bc00b3cfba9cp-190,9.05449149781726423e-58
18,124,0x1.fb9880c6a64d9p-192,0x1.26c847b377969p-422,0x1.fb9880c6a64dap-192,3.15877588920678343e-58
18,125,0x1.62209fb9526ebp-193,0x1.26c847b377969p-422,0x1.62209fb9526ecp-193,1.10187022598252184e-58
18,126,0x1.ee11df640ce1bp-195,0x1.26c847b377969p-422,0x1.ee11df640ce1cp-195,3.84325500824812328e-59
18,127,0x1.589f85815c335p-196,0x1.26c847b377969p-422,0x1.589f85815c336p-196,1.34037188035432399e-59
18,128,0x1.e0b72962335c7p-198,0x1.26c847b377969p-422,0x1.e0b72962335c8p-198,4.67421835399733669e-60
18,129,0x1.4f3e2effdc189p-199,0x1.26c847b377969p-422,0x1.4f3e2effdc18ap-199,1.62986071676633487e-60
18,130,0x1.d38a55768e6a1p-201,0x1.26c847b377969p-422,0x1.d38a55768e6a2p-201,5.68263836746472138e-61
18,131,0x1.45fdf0f29403dp-202,0x1.26c847b377969p-422,0x1.45fdf0f29403ep-202,1.98110638082254282e-61
18,132,0x1.c68d30ff0706cp-204,0x1.26c847b377969p-422,0x1.c68d30ff0706dp-204,6.90595973815899296e-62
18,133,0x1.3ce0034d843cep-205,0x1.26c847b377969p-422,0x1.3ce0034d843cfp-205,2.40712680638643780e-62
18,134,0x1.b9c1614511d8fp-207,0x1.26c847b377969p-422,0x1.b9c1614511d9p-207,8.38943647451380598e-63
18,135,0x1.33e582207b7b7p-208,0x1.26c847b377969p-422,0x1.33e582207b7b8p-208,2.92365223423017677e-63
18,136,0x1.ad2864c3bcd83p-210,0x1.26c847b377969p-422,0x1.ad2864c3bcd84p-210,1.01877421131533815e-63
18,137,0x1.2b0f6e7e85e47p-211,0x1.26c847b377969p-422,0x1.2b0f6e7e85e48p-211,3.54968393313681506e-64
18,138,0x1.a0c39470101efp-213,0x1.26c847b377969p-422,0x1.a0c39470101fp-213,1.23669082546980326e-64
18,139,0x1.225eaf66c6359p-214,0x1.26c847b377969p-422,0x1.225eaf66c635ap-214,4.30816674081496231e-65
18,140,0x1.949425031b784p-216,0x1.26c847b377969p-422,0x1.949425031b785p-216,1.50066576449635266e-65
18,141,0x1.19d412ae42e1p-217,0x1.26c847b377969p-422,0x1.19d412ae42e11p-217,5.22679835988653486e-66
18,142,0x1.889b284508f23p-219,0x1.26c847b377969p-422,0x1.889b284508f24p-219,1.82032112332930277e-66
18,143,0x1.11704dea305c3p-220,0x1.26c847b377969p-422,0x1.11704dea305c4p-220,6.33900291656260874e-67
18,144,0x1.7cd98e588cf3fp-222,0x1.26c847b377969p-422,0x1.7cd98e588cf4p-222,2.20726644614040818e-67
18,145,0x1.0933ff5a42e82p-223,0x1.26c847b377969p-422,0x1.0933ff5a42e83p-223,7.68510176397691528e-68
18,146,0x1.715027060e7f1p-225,0x1.26c847b377969p-422,0x1.715027060e7f2p-225,2.67550469762999757e-68
18,147,0x1.011faed293cc2p-226,0x1.26c847b377969p-422,0x1.011faed293cc3p-226,9.31372106460603498e-69
18,148,0x1.65ffa305e548bp-228,0x1.26c847b377969p-422,0x1.65ffa305e548cp-228,3.24192026278338756e-69
18,149,0x1.f2679d495180cp-230,0x1.26c847b377969p-422,0x1.f2679d495180dp-230,1.12834835269121210e-69
18,150,0x1.5ae895490fb8cp-231,0x1.26c847b377969p-422,0x1.5ae895490fb8dp-231,3.92686537312591536e-70
18,151,0x1.e2e1790e5f324p-233,0x1.26c847b377969p-422,0x1.e2e1790e5f325p-233,1.36650410509829272e-70
18,152,0x1.500b743fc820ep-234,0x1.26c847b377969p-422,0x1.500b743fc820fp-234,4.75486460133110129e-71
18,153,0x1.d3ad84f80891p-236,0x1.26c847b377969p-422,0x1.d3ad84f808911p-236,1.65435162554930714e-71
18,154,0x1.45689b1d6679ap-237,0x1.26c847b377969p-422,0x1.45689b1d6679bp-237,5.75546094494451187e-72
18,155,0x1.c4cc2f6837aebp-239,0x1.26c847b377969p-422,0x1.c4cc2f6837aecp-239,2.00214342702483716e-72
18,156,0x1.3b004b1902a4cp-240,0x1.26c847b377969p-422,0x1.3b004b1902a4dp-240,6.96423165706120158e-73
18,157,0x1.b63dc2e1e791fp-242,0x1.26c847b377969p-422,0x1.b63dc2e1e792p-242,2.42222422098276918e-73
18,158,0x1.30d2acaa5261fp-243,0x1.26c847b377969p-422,0x1.30d2acaa5262p-243,8.42400752373206878e-74
18,159,0x1.a80267c65563bp-245,0x1.26c847b377969p-422,0x1.a80267c65563cp-245,2.92945329008005749e-74
18,160,0x1.26dfd0c245b71p-246,0x1.26c847b377969p-422,0x1.26dfd0c245b72p-246,1.01863359094700271e-74
18,161,0x1.9a1a260bd83b3p-248,0x1.26c847b377969p-422,0x1.9a1a260bd83b4p-248,3.54171123209872601e-75
18,162,0x1.1d27b1feec5e3p-249,0x1.26c847b377969p-422,0x1.1d27b1feec5e4p-249,1.23132358017071241e-75
18,163,0x1.8c84e6edbf5fdp-251,0x1.26c847b377969p-422,0x1.8c84e6edbf5fep-251,4.28050775428703927e-76
18,164,0x1.13aa35da37025p-252,0x1.26c847b377969p-422,0x1.13aa35da37026p-252,1.48793025304099577e-76
18,165,0x1.7f427694a234dp-254,0x1.26c847b377969p-422,0x1.7f427694a234ep-254,5.17171046102931305e-77
18,166,0x1.0a672dd32f2bfp-255,0x1.26c847b377969p-422,0x1.0a672dd32f2cp-255,1.79742311155614906e-77
18,167,0x1.725285b698a39p-257,0x1.26c847b377969p-422,0x1.725285b698a3ap-257,6.24641847367538747e-78
18,168,0x1.015e589149151p-258,0x1.26c847b377969p-422,0x1.015e589149152p-258,2.17058406543444371e-78
18,169,0x1.65b4ab2edebe1p-260,0x1.26c847b377969p-422,0x1.65b4ab2edebe2p-260,7.54200937074894821e-79
18,170,0x1.f11ec602f5a8bp-262,0x1.26c847b377969p-422,0x1.f11ec602f5a8cp-262,2.62036982198966853e-79
18,171,0x1.5968658c71bc2p-263,0x1.26c847b377969p-422,0x1.5968658c71bc3p-263,9.10339348389433176e-80
18,172,0x1.dff3d2d999325p-265,0x1.26c847b377969p-422,0x1.dff3d2d999326p-265,3.16234599021189756e-80
18,173,0x1.4d6d1c9740495p-266,0x1.26c847b377969p-422,0x1.4d6d1c9740496p-266,1.09845162014607005e-80
18,174,0x1.cf3af1103b576p-268,0x1.26c847b377969p-422,0x1.cf3af1103b577p-268,3.81520694701548526e-81
18,175,0x1.41c222cb93192p-269,0x1.26c847b377969p-422,0x1.41c222cb93193p-269,1.32501568216981860e-81
18,176,0x1.bef31cf9c3dfcp-271,0x1.26c847b377969p-422,0x1.bef31cf9c3dfdp-271,4.60139823797953072e-82
18,177,0x1.3666b6cb5e322p-272,0x1.26c847b377969p-422,0x1.3666b6cb5e323p-272,1.59780819038933174e-82
18,178,0x1.af1b37d546d2dp-274,0x1.26c847b377969p-422,0x1.af1b37d546d2ep-274,5.54786153241168444e-83
18,179,0x1.2b5a04c535e4cp-275,0x1.26c847b377969p-422,0x1.2b5a04c535e4dp-275,1.92616222769471910e-83
18,180,0x1.9fb209c235636p-277,0x1.26c847b377969p-422,0x1.9fb209c235637p-277,6.68692602269332118e-84
18,181,0x1.209b27d0ad152p-278,0x1.26c847b377969p-422,0x1.209b27d0ad153p-278,2.32127562238440503e-84
18,182,0x1.90b643a571761p-280,0x1.26c847b377969p-422,0x1.90b643a571762p-280,8.05737476882882699e-85
18,183,0x1.16292b3fec715p-281,0x1.26c847b377969p-422,0x1.16292b3fec716p-281,2.79657972746394310e-85
18,184,0x1.822680ff065b4p-283,0x1.26c847b377969p-422,0x1.822680ff065b5p-283,9.70571998136747269e-86
18,185,0x1.0c030be65c29bp-284,0x1.26c847b377969p-422,0x1.0c030be65c29cp-284,3.36818039940688498e-86
18,186,0x1.740149b056e8ep-286,0x1.26c847b377969p-422,0x1.740149b056e8fp-286,1.16877277762103182e-86
18,187,0x1.0227b95442d14p-287,0x1.26c847b377969p-422,0x1.0227b95442d15p-287,4.05538517174911954e-87
18,188,0x1.664513b29e043p-289,0x1.26c847b377969p-422,0x1.664513b29e044p-289,1.40702407213482151e-87
18,189,0x1.f12c2e0e8a6p-291,0x1.26c847b377969p-422,0x1.f12c2e0e8a601p-291,4.88133330532148633e-88
18,190,0x1.58f044bdaaf04p-292,0x1.26c847b377969p-422,0x1.58f044bdaaf05p-292,1.69333557634769120e-88
18,191,0x1.de99fb1f76451p-294,0x1.26c847b377969p-422,0x1.de99fb1f76452p-294,5.87374859405463040e-89
18,192,0x1.4c0133dece5a9p-295,0x1.26c847b377969p-422,0x1.4c0133dece5aap-295,2.03730261508402364e-89
18,193,0x1.cc967755ab5c1p-297,0x1.26c847b377969p-422,0x1.cc967755ab5c2p-297,7.06583860927601323e-90
18,194,0x1.3f762afff82a9p-298,0x1.26c847b377969p-422,0x1.3f762afff82aap-298,2.45041690888049044e-90
18,195,0x1.bb1f2ea3341cfp-300,0x1.26c847b377969p-422,0x1.bb1f2ea3341dp-300,8.49736859035799219e-91
18,196,0x1.334d685f1083bp-301,0x1.26c847b377969p-422,0x1.334d685f1083cp-301,2.94643764695516549e-91
18,197,0x1.aa319d7979283p-303,0x1.26c847b377969p-422,0x1.aa319d7979284p-303,1.02159435708134046e-91
18,198,0x1.27851ff5a0081p-304,0x1.26c847b377969p-422,0x1.27851ff5a0082p-304,3.54183445729926187e-92
18,199,0x1.99cb32bad98f4p-306,0x1.26c847b377969p-422,0x1.99cb32bad98f5p-306,1.22785387269886473e-92
18,200,0x1.1c1b7cd0e48dep-307,0x1.26c847b377969p-422,0x1.1c1b7cd0e48dfp-307,4.25631606953395883e-93
18,201,0x1.89e95196551eep-309,0x1.26c847b377969p-422,0x1.89e95196551efp-309,1.47533255417010878e-93
18,202,0x1.110ea25a7805ep-310,0x1.26c847b377969p-422,0x1.110ea25a7805fp-310,5.11346108799701184e-94
18,203,0x1.7a89534d83877p-312,0x1.26c847b377969p-422,0x1.7a89534d83878p-312,1.77218504131262940e-94
18,204,0x1.065cad91b6ee9p-313,0x1.26c847b377969p-422,0x1.065cad91b6eeap-313,6.14147040791047381e-95
18,205,0x1.6ba888e51ddffp-315,0x1.26c847b377969p-422,0x1.6ba888e51dep-315,2.12816330773599596e-95
18,206,0x1.f8076c6c363bdp-317,0x1.26c847b377969p-422,0x1.f8076c6c363bep-317,7.37406450848144552e-96
18,207,0x1.5d443cc069f29p-318,0x1.26c847b377969p-422,0x1.5d443cc069f2ap-318,2.55492649682036040e-96
18,208,0x1.e4039fc58c4abp-320,0x1.26c847b377969p-422,0x1.e4039fc58c4acp-320,8.85155325245590710e-97
18,209,0x1.4f59b427df508p-321,0x1.26c847b377969p-422,0x1.4f59b427df509p-321,3.06641027851871554e-97
18,210,0x1.d0aa1636f924bp-323,0x1.26c847b377969p-422,0x1.d0aa1636f924cp-323,1.06221110411591217e-97
18,211,0x1.41e630bb66be2p-324,0x1.26c847b377969p-422,0x1.41e630bb66be3p-324,3.67926705252091706e-98
18,212,0x1.bdf6ec96b1f1bp-326,0x1.26c847b377969p-422,0x1.bdf6ec96b1f1cp-326,1.27432963703952097e-98
18,213,0x1.34e6f1d09b81dp-327,0x1.26c847b377969p-422,0x1.34e6f1d09b81ep-327,4.41339045808268542e-99
18,214,0x1.abe63d6b04956p-329,0x1.26c847b377969p-422,0x1.abe63d6b04957p-329,1.52838621868608579e-99
18,215,0x1.285935bd7cc2ap-330,0x1.26c847b377969p-422,0x1.285935bd7cc2bp-330,5.29254018423533987e-100
18,216,0x1.9a7422b06b529p-332,0x1.26c847b377969p-422,0x1.9a7422b06b52ap-332,1.83259121713633824e-100
18,217,0x1.1c3a3b1003245p-333,0x1.26c847b377969p-422,0x1.1c3a3b1003246p-333,6.34508607991180002e-101
18,218,0x1.899cb784ef29bp-335,0x1.26c847b377969p-422,0x1.899cb784ef29cp-335,2.19674684278513632e-101
18,219,0x1.108741b313aa9p-336,0x1.26c847b377969p-422,0x1.108741b313aaap-336,7.60489412903219707e-102
18,220,0x1.795c19b987741p-338,0x1.26c847b377969p-422,0x1.795c19b987742p-338,2.63255283362949055e-102
18,221,0x1.053d8c014d7dfp-339,0x1.26c847b377969p-422,0x1.053d8c014d7ep-339,9.11238108405283129e-103
18,222,0x1.69ae6b4a2b44dp-341,0x1.26c847b377969p-422,0x1.69ae6b4a2b44ep-341,3.15397028879492001e-103
18,223,0x1.f4b4bf8c67fccp-343,0x1.26c847b377969p-422,0x1.f4b4bf8c67fcdp-343,1.09157695650368824e-103
18,224,0x1.5a8fd3bd4dc7ap-344,0x1.26c847b377969p-422,0x1.5a8fd3bd4dc7bp-344,3.77765460835337910e-104
18,225,0x1.dfb60e5c735dfp-346,0x1.26c847b377969p-422,0x1.dfb60e5c735ep-346,1.30725813743964961e-104
18,226,0x1.4bfc816b83237p-347,0x1.26c847b377969p-422,0x1.4bfc816b83238p-347,4.52347054350501069e-105
18,227,0x1.cb79a34c664bdp-349,0x1.26c847b377969p-422,0x1.cb79a34c664bep-349,1.56514138208627336e-105
18,228,0x1.3df0aab00e6d1p-350,0x1.26c847b377969p-422,0x1.3df0aab00e6d2p-350,5.41510478575018288e-106
18,229,0x1.b7fa29557652p-352,0x1.26c847b377969p-422,0x1.b7fa295576521p-352,1.87340521918339524e-106
18,230,0x1.30688f031bf72p-353,0x1.26c847b377969p-422,0x1.30688f031bf73p-353,6.48079439617033169e-107
18,231,0x1.a5325910257f3p-355,0x1.26c847b377969p-422,0x1.a5325910257f4p-355,2.24179813996155763e-107
18,232,0x1.236077fe6cef1p-356,0x1.26c847b377969p-422,0x1.236077fe6cef2p-356,7.75419277837566398e-108
18,233,0x1.931cfa1611cfbp-358,0x1.26c847b377969p-422,0x1.931cfa1611cfcp-358,2.68193715360886648e-108
18,234,0x1.16d4ba4d3a5dbp-359,0x1.26c847b377969p-422,0x1.16d4ba4d3a5dcp-359,9.27539892795813015e-109
18,235,0x1.81b4e446eca21p-361,0x1.26c847b377969p-422,0x1.81b4e446eca22p-361,3.20766259350536527e-109
18,236,0x1.0ac1b68816487p-362,0x1.26c847b377969p-422,0x1.0ac1b68816488p-362,1.10921804618604282e-109
18,237,0x1.70f500f1b2fdbp-364,0x1.26c847b377969p-422,0x1.70f500f1b2fdcp-364,3.83545967551996944e-110
18,238,0x1.fe47b3fb2280fp-366,0x1.26c847b377969p-422,0x1.fe47b3fb2281p-366,1.32614265780929942e-110
18,239,0x1.60d84be33f28ap-367,0x1.26c847b377969p-422,0x1.60d84be33f28bp-367,4.58495925238067020e-111
18,240,0x1.e7ef3ed0d4e98p-369,0x1.26c847b377969p-422,0x1.e7ef3ed0d4e9ap-369,1.58508737792961461e-111
18,241,0x1.5159d45b4a98ap-370,0x1.26c847b377969p-422,0x1.5159d45b4a98cp-370,5.47953250702109812e-112
18,242,0x1.d2731f281dc43p-372,0x1.26c847b377969p-422,0x1.d2731f281dc49p-372,1.89411551011333243e-112
18,243,0x1.4274bde8f56f2p-373,0x1.26c847b377969p-422,0x1.4274bde8f56fcp-373,6.54699704759829638e-113
18,244,0x1.bdcc83e055879p-375,0x1.26c847b377969p-422,0x1.bdcc83e05589fp-375,2.26282329407641663e-113
18,245,0x1.3424412fe602p-376,0x1.26c847b377969p-422,0x1.3424412fe606bp-376,7.82045508394598726e-114
18,246,0x1.a9f4ba281ca9cp-378,0x1.26c847b377969p-422,0x1.a9f4ba281cbc4p-378,2.70262866440427227e-114
18,247,0x1.2663ac970fda2p-379,0x1.26c847b377969p-422,0x1.2663ac970fff1p-379,9.33928816969359503e-115
18,248,0x1.96e52e65490a7p-381,0x1.26c847b377969p-422,0x1.96e52e65499dep-381,3.22711390921463081e-115
18,249,0x1.192e64e22db2dp-382,0x1.26c847b377969p-422,0x1.192e64e22ed9bp-382,1.11503374924517938e-115
18,250,0x1.84976cff6e8a5p-384,0x1.26c847b377969p-422,0x1.84976cff73258p-384,3.85243219941809139e-116
18,251,0x1.0c7fe5b6f5a39p-385,0x1.26c847b377969p-422,0x1.0c7fe5b6fed9ep-385,1.33093040117526789e-116
18,252,0x1.7305230e72f11p-387,0x1.26c847b377969p-422,0x1.7305230e97ca3p-387,4.59778978728175800e-117
18,253,0x1.0053c20f0776p-388,0x1.26c847b377969p-422,0x1.0053c20f51282p-388,1.58824090290097997e-117
18,254,0x1.62281eee8d28fp-390,0x1.26c847b377969p-422,0x1.62281eefb3f14p-390,5.48601783361816893e-118
18,255,0x1.e94b492efe5adp-392,0x1.26c847b377969p-422,0x1.e94b4933997cp-392,1.89483632033191854e-118
18,256,0x1.51fa50bac6e4fp-393,0x1.26c847b377969p-422,0x1.51fa50c3fd274p-393,6.54425037935073049e-119
18,257,0x1.d2e29ffd243bp-395,0x1.26c847b377969p-422,0x1.d2e2a021fd44p-395,2.26007008410660149e-119
18,258,0x1.4275caad2e76ep-396,0x1.26c847b377969p-422,0x1.4275caf6e088ep-396,7.80472803428183143e-120
18,259,0x1.bd653e5806d4dp-398,0x1.26c847b377969p-422,0x1.bd653f7ecf1c9p-398,2.69505470725696435e-120
18,260,0x1.3394c15646a98p-399,0x1.26c847b377969p-422,0x1.3394c3a3d738fp-399,9.30575094246306922e-121
18,261,0x1.a8cb0a8eec4bdp-401,0x1.26c847b377969p-422,0x1.a8cb13c52e898p-401,3.21299020412240096e-121
18,262,0x1.25518b3bf7629p-402,0x1.26c847b377969p-422,0x1.25519da87bdddp-402,1.10928130812843611e-121
18,263,0x1.950c1971337e1p-404,0x1.26c847b377969p-422,0x1.950c6323456bp-404,3.82955837748213441e-122
18,264,0x1.17a69cc22d16bp-405,0x1.26c847b377969p-422,0x1.17a7302650f08p-405,1.32199981761505501e-122
18,265,0x1.82209e9a20d25p-407,0x1.26c847b377969p-422,0x1.8222ec2ab0395p-407,4.56344227017197666e-123
18,266,0x1.0a8e6aaef7d54p-408,0x1.26c847b377969p-422,0x1.0a9305d016a33p-408,1.57521592365377711e-123
18,267,0x1.70007ede9a649p-410,0x1.26c847b377969p-422,0x1.7012eb63159c2p-410,5.43746957990459405e-124
18,268,0x1.fc0540333f173p-412,0x1.26c847b377969p-422,0x1.fc4ef2452bf52p-412,1.87728017720824750e-124
18,269,0x1.5ea06ca9227dfp-413,0x1.26c847b377969p-422,0x1.5f33d0ccfc39dp-413,6.48528858799646141e-125
18,270,0x1.e3edc0ee6cd18p-415,0x1.26c847b377969p-422,0x1.e63b517dd3c0cp-415,2.24468350107043563e-125
18,271,0x1.4ddf15458370cp-416,0x1.26c847b377969p-422,0x1.527a3664514f3p-416,7.81288631782925138e-126
18,272,0x1.cc6ed746c435bp-418,0x1.26c847b377969p-422,0x1.dedb5bc1fbaf3p-418,2.76329701948975387e-126
18,273,0x1.3d10d38c52c1dp-419,0x1.26c847b377969p-422,0x1.61e9dc82c1b4bp-419,1.02114874116520560e-126
18,274,0x1.b345852b1db99p-421,0x1.26c847b377969p-422,0x1.2354d4826cc28p-420,4.20290045013220902e-127
18,275,0x1.286e902937825p-422,0x1.26c847b377969p-422,0x1.279b6bee578c8p-421,2.13229232658708870e-127
18,276,0x1.8c276cda9597ep-424,0x1.26c847b377969p-422,0x1.89d222ea1cfc9p-422,1.42036697010150182e-127
18,277,0x1.f9aa5fd0df261p-426,0x1.26c847b377969p-422,0x1.4662edb08589p-422,1.17715586550604313e-127
18,278,0x1.1fc05dc1613b9p-427,0x1.26c847b377969p-422,0x1.2fc64aa182a08p-422,1.09560319038823049e-127
18,279,0x1.d56af836ed6a7p-430,0x1.26c847b377969p-422,0x1.289db2abae841p-422,1.06978486538236542e-127
18,280,0x0p+0,0x1.26c847b377969p-422,0x1.26c847b377969p-422,1.06317151551141073e-127
19,0,0x1.31c2a54686a0bp-4,0x1.251c56a08a81bp-418,0x1.31c2a54686a0cp-4,7.46485191415688365e-02
19,1,0x1.bbdbb2fbe9ed2p-6,0x1.251c56a08a81bp-418,0x1.bbdbb2fbe9ed3p-6,2.70909545794485000e-02
19,2,0x1.34efb2f0a585ep-7,0x1.251c56a08a81bp-418,0x1.34efb2f0a585fp-7,9.42798840814534737e-03
19,3,0x1.a384c8ef243f6p-9,0x1.251c56a08a81bp-418,0x1.a384c8ef243f7p-9,3.20067360696229706e-03
19,4,0x1.1a0baab92de2ep-10,0x1.251c56a08a81bp-418,0x1.1a0baab92de2fp-10,1.07591847908662295e-03
19,5,0x1.7bb921481471ep-12,0x1.251c56a08a81bp-418,0x1.7bb921481471fp-12,3.62132228933652615e-04
19,6,0x1.019e3007f1067p-13,0x1.251c56a08a81bp-418,0x1.019e3007f1068p-13,1.22841797063458257e-04
19,7,0x1.6128219873b95p-15,0x1.251c56a08a81bp-418,0x1.6128219873b96p-15,4.20995667728053558e-05
19,8,0x1.e8fb70ff46018p-17,0x1.251c56a08a81bp-418,0x1.e8fb70ff46019p-17,1.45728049561339314e-05
19,9,0x1.55668b77e9022p-18,0x1.251c56a08a81bp-418,0x1.55668b77e9023p-18,5.08726485995775380e-06
19,10,0x1.dfeeaa0ab8a05p-20,0x1.251c56a08a81bp-418,0x1.dfeeaa0ab8a06p-20,1.78788707454939846e-06
19,11,0x1.53172e59cf275p-21,0x1.251c56a08a81bp-418,0x1.53172e59cf276p-21,6.31605369983878014e-07
19,12,0x1.e111b2bd65a74p-23,0x1.251c56a08a81bp-418,0x1.e111b2bd65a75p-23,2.24015272037777608e-07
19,13,0x1.5649b8ae72f9p-24,0x1.251c56a08a81bp-418,0x1.5649b8ae72f91p-24,7.96951293631375081e-08
19,14,0x1.e8377f49e0823p-26,0x1.251c56a08a81bp-418,0x1.e8377f49e0824p-26,2.84179571328930634e-08
19,15,0x1.5cc9441821ca1p-27,0x1.251c56a08a81bp-418,0x1.5cc9441821ca2p-27,1.01510142932539738e-08
19,16,0x1.f2fc851a675b7p-29,0x1.251c56a08a81bp-418,0x1.f2fc851a675b8p-29,3.63060394005683230e-09
19,17,0x1.65411f284eb7bp-30,0x1.251c56a08a81bp-418,0x1.65411f284eb7cp-30,1.29968386927421175e-09
19,18,0x1.ffdd46168ad43p-32,0x1.251c56a08a81bp-418,0x1.ffdd46168ad44p-32,4.65537914996148383e-10
19,19,0x1.6ed2bbdb03af9p-33,0x1.251c56a08a81bp-418,0x1.6ed2bbdb03afap-33,1.66811868870277119e-10
19,20,0x1.06ecc35c7ec1fp-34,0x1.251c56a08a81bp-418,0x1.06ecc35c7ec2p-34,5.97821908688746612e-11
19,21,0x1.78eadbee197abp-36,0x1.251c56a08a81bp-418,0x1.78eadbee197acp-36,2.14252746881494744e-11
19,22,0x1.0e2455b6b7b34p-37,0x1.251c56a08a81bp-418,0x1.0e2455b6b7b35p-37,7.67789552150721741e-12
19,23,0x1.83296bbf34d47p-39,0x1.251c56a08a81bp-418,0x1.83296bbf34d48p-39,2.75095004793412060e-12
19,24,0x1.155eed15c523dp-40,0x1.251c56a08a81bp-418,0x1.155eed15c523ep-40,9.85419053487410742e-13
19,25,0x1.8d51341d35868p-42,0x1.251c56a08a81bp-418,0x1.8d51341d35869p-42,3.52888564101786134e-13
19,26,0x1.1c7a6b91c7bbdp-43,0x1.251c56a08a81bp-418,0x1.1c7a6b91c7bbep-43,1.26333700780459845e-13
19,27,0x1.973c9a0afe59ap-45,0x1.251c56a08a81bp-418,0x1.973c9a0afe59bp-45,4.52123589132805289e-14
19,28,0x1.23626097652fep-46,0x1.251c56a08a81bp-418,0x1.23626097652ffp-46,1.61750771869645846e-14
19,29,0x1.a0d5c7d08a72dp-48,0x1.251c56a08a81bp-418,0x1.a0d5c7d08a72ep-48,5.78474879357782992e-15
19,30,0x1.2a0b6512af104p-49,0x1.251c56a08a81bp-418,0x1.2a0b6512af105p-49,2.06809924048020286e-15
19,31,0x1.aa112fbf6cc33p-51,0x1.251c56a08a81bp-418,0x1.aa112fbf6cc34p-51,7.39108661119453714e-16
19,32,0x1.306fde5c8b3e3p-52,0x1.251c56a08a81bp-418,0x1.306fde5c8b3e4p-52,2.64056993906999831e-16
19,33,0x1.b2e9be057adf1p-54,0x1.251c56a08a81bp-418,0x1.b2e9be057adf2p-54,9.43067359765444921e-17
19,34,0x1.368dc5013f0dfp-55,0x1.251c56a08a81bp-418,0x1.368dc5013f0ep-55,3.36703090870474841e-17
19,35,0x1.bb5e43b652a9dp-57,0x1.251c56a08a81bp-418,0x1.bb5e43b652a9ep-57,1.20175197025162590e-17
19,36,0x1.3c6527c1fb251p-58,0x1.251c56a08a81bp-418,0x1.3c6527c1fb252p-58,4.28795369850489005e-18
19,37,0x1.c36fc30850dd7p-60,0x1.251c56a08a81bp-418,0x1.c36fc30850dd8p-60,1.52952659255774603e-18
19,38,0x1.41f734896ba01p-61,0x1.251c56a08a81bp-418,0x1.41f734896ba02p-61,5.45431019072076603e-19
19,39,0x1.cb2059e40d22dp-63,0x1.251c56a08a81bp-418,0x1.cb2059e40d22ep-63,1.94447581859909484e-19
19,40,0x1.47459e4a9f8ecp-64,0x1.251c56a08a81bp-418,0x1.47459e4a9f8edp-64,6.93025303677176434e-20
19,41,0x1.d27298b58a2a3p-66,0x1.251c56a08a81bp-418,0x1.d27298b58a2a4p-66,2.46935325936997455e-20
19,42,0x1.4c524173c9982p-67,0x1.251c56a08a81bp-418,0x1.4c524173c9983p-67,8.79647186501339043e-21
19,43,0x1.d96920ff71a93p-69,0x1.251c56a08a81bp-418,0x1.d96920ff71a94p-69,3.13276895621475225e-21
19,44,0x1.511ef12b4b6d3p-70,0x1.251c56a08a81bp-418,0x1.511ef12b4b6d4p-70,1.11543938256257906e-21
19,45,0x1.e00671e1b1c23p-72,0x1.251c56a08a81bp-418,0x1.e00671e1b1c24p-72,3.97067518459168212e-22
19,46,0x1.55ad5e2d4a5a7p-73,0x1.251c56a08a81bp-418,0x1.55ad5e2d4a5a8p-73,1.41314385354351001e-22
19,47,0x1.e64cd0e686361p-75,0x1.251c56a08a81bp-418,0x1.e64cd0e686362p-75,5.02822479549924248e-23
19,48,0x1.59ff0d11b881dp-76,0x1.251c56a08a81bp-418,0x1.59ff0d11b881ep-76,1.78875891078654754e-23
19,49,0x1.ec3e435dc2536p-78,0x1.251c56a08a81bp-418,0x1.ec3e435dc2537p-78,6.36209444472285193e-24
19,50,0x1.5e155550f0b98p-79,0x1.251c56a08a81bp-418,0x1.5e155550f0b99p-79,2.26236051480219315e-24
19,51,0x1.f1dc90c35d057p-81,0x1.251c56a08a81bp-418,0x1.f1dc90c35d058p-81,8.04338769424708419e-25
19,52,0x1.61f164d504765p-82,0x1.251c56a08a81bp-418,0x1.61f164d504766p-82,2.85912833896263281e-25
19,53,0x1.f729498dc68e9p-84,0x1.251c56a08a81bp-418,0x1.f729498dc68eap-84,1.01612610995792689e-25
19,54,0x1.6594458e64b91p-85,0x1.251c56a08a81bp-418,0x1.6594458e64b92p-85,3.61062708002980431e-26
19,55,0x1.fc25cfa6b278fp-87,0x1.251c56a08a81bp-418,0x1.fc25cfa6b279p-87,1.28274513412771204e-26
19,56,0x1.68fee396a34e4p-88,0x1.251c56a08a81bp-418,0x1.68fee396a34e5p-88,4.55640581288051976e-27
19,57,0x1.0069af83fba7bp-89,0x1.251c56a08a81bp-418,0x1.0069af83fba7cp-89,1.61819248527139939e-27
19,58,0x1.6c321319a4ebbp-91,0x1.251c56a08a81bp-418,0x1.6c321319a4ebcp-91,5.74599347611931416e-28
19,59,0x1.02998adb188e9p-92,0x1.251c56a08a81bp-418,0x1.02998adb188eap-92,2.03999252613825021e-28
19,60,0x1.6f2e95a6c1ccap-94,0x1.251c56a08a81bp-418,0x1.6f2e95a6c1ccbp-94,7.24138755057891977e-29
19,61,0x1.04a2fd6253e31p-95,0x1.251c56a08a81bp-418,0x1.04a2fd6253e32p-95,2.57007607998897881e-29
19,62,0x1.71f51ec821e5cp-97,0x1.251c56a08a81bp-418,0x1.71f51ec821e5dp-97,9.12015653396245491e-30
19,63,0x1.06868226f8f5cp-98,0x1.251c56a08a81bp-418,0x1.06868226f8f5dp-98,3.23587567497718300e-30
19,64,0x1.748657dfa28cbp-100,0x1.251c56a08a81bp-418,0x1.748657dfa28ccp-100,1.14793060102330300e-30
19,65,0x1.08448e3702c3ap-101,0x1.251c56a08a81bp-418,0x1.08448e3702c3bp-101,4.07169007823666805e-31
19,66,0x1.76e2e358bdca5p-103,0x1.251c56a08a81bp-418,0x1.76e2e358bdca6p-103,1.44400943069461215e-31
19,67,0x1.09dd92acb0b0fp-104,0x1.251c56a08a81bp-418,0x1.09dd92acb0b1p-104,5.12038364850663887e-32
19,68,0x1.790b5f4552698p-106,0x1.251c56a08a81bp-418,0x1.790b5f4552699p-106,1.81540285898283882e-32
19,69,0x1.0b51fe58d36b9p-107,0x1.251c56a08a81bp-418,0x1.0b51fe58d36bap-107,6.43550182510868420e-33
19,70,0x1.7b00677c3ae23p-109,0x1.251c56a08a81bp-418,0x1.7b00677c3ae24p-109,2.28103278150506895e-33
19,71,0x1.0ca23f1b9e3f9p-110,0x1.251c56a08a81bp-418,0x1.0ca23f1b9e3fap-110,8.08390362832380303e-34
19,72,0x1.7cc2974f056e4p-112,0x1.251c56a08a81bp-418,0x1.7cc2974f056e5p-112,2.86452077818552922e-34
19,73,0x1.0dcec2fa2730bp-113,0x1.251c56a08a81bp-418,0x1.0dcec2fa2730cp-113,1.01490362628136364e-34
19,74,0x1.7e528ae96626ep-115,0x1.251c56a08a81bp-418,0x1.7e528ae96626fp-115,3.59534287324043365e-35
19,75,0x1.0ed7f8fcadbfcp-116,0x1.251c56a08a81bp-418,0x1.0ed7f8fcadbfdp-116,1.27350068916590186e-35
19,76,0x1.7fb0e069ff9a4p-118,0x1.251c56a08a81bp-418,0x1.7fb0e069ff9a5p-118,4.51026513960856497e-36
19,77,0x1.0fbe51dfaca19p-119,0x1.251c56a08a81bp-418,0x1.0fbe51dfaca1ap-119,1.59716437412157092e-36
19,78,0x1.80de38c14d5e4p-121,0x1.251c56a08a81bp-418,0x1.80de38c14d5e5p-121,5.65512778396945699e-37
19,79,0x1.1082409fdadd6p-122,0x1.251c56a08a81bp-418,0x1.1082409fdadd7p-122,2.00207845807884570e-37
19,80,0x1.81db386106457p-124,0x1.251c56a08a81bp-418,0x1.81db386106458p-124,7.08706148434787381e-38
19,81,0x1.11243ae7a7fa2p-125,0x1.251c56a08a81bp-418,0x1.11243ae7a7fa3p-125,2.50840873611343706e-38
19,82,0x1.82a887c43e243p-127,0x1.251c56a08a81bp-418,0x1.82a887c43e244p-127,8.87723970270720726e-39
19,83,0x1.11a4b9636f588p-128,0x1.251c56a08a81bp-418,0x1.11a4b9636f589p-128,3.14127279379536458e-39
19,84,0x1.8346d3d6e5405p-130,0x1.251c56a08a81bp-418,0x1.8346d3d6e5406p-130,1.11142953537184653e-39
19,85,0x1.1204380091de3p-131,0x1.251c56a08a81bp-418,0x1.1204380091de4p-131,3.93194364886719266e-40
19,86,0x1.83b6ce41f0f0ap-133,0x1.251c56a08a81bp-418,0x1.83b6ce41f0f0bp-133,1.39085606795415317e-40
19,87,0x1.1243361ad0b1dp-134,0x1.251c56a08a81bp-418,0x1.1243361ad0b1ep-134,4.91934313192353073e-41
19,88,0x1.83f92da06f3d4p-136,0x1.251c56a08a81bp-418,0x1.83f92da06f3d5p-136,1.73973268159538530e-41
19,89,0x1.1262369a9dddfp-137,0x1.251c56a08a81bp-418,0x1.1262369a9ddep-137,6.15189410147065155e-42
19,90,0x1.840eada0f8618p-139,0x1.251c56a08a81bp-418,0x1.840eada0f8619p-139,2.17513660087606888e-42
19,91,0x1.1261c00696b3fp-140,0x1.251c56a08a81bp-418,0x1.1261c00696b4p-140,7.68981691776310452e-43
19,92,0x1.83f80f165028ep-142,0x1.251c56a08a81bp-418,0x1.83f80f165028fp-142,2.71830168088231607e-43
19,93,0x1.12425c89f7831p-143,0x1.251c56a08a81bp-418,0x1.12425c89f7832p-143,9.60797575409221969e-44
19,94,0x1.83b617f98c4dbp-145,0x1.251c56a08a81bp-418,0x1.83b617f98c4dcp-145,3.39562033720386506e-44
19,95,0x1.120499f18a4c5p-146,0x1.251c56a08a81bp-418,0x1.120499f18a4c6p-146,1.19994051922466021e-44
19,96,0x1.8349935fb37d3p-148,0x1.251c56a08a81bp-418,0x1.8349935fb37d4p-148,4.23988473338712683e-45
19,97,0x1.11a909a05529fp-149,0x1.251c56a08a81bp-418,0x1.11a909a0552ap-149,1.49796782238548140e-45
19,98,0x1.82b351647c41ep-151,0x1.251c56a08a81bp-418,0x1.82b351647c41fp-151,5.29182384506293252e-46
19,99,0x1.1130407d1d12fp-152,0x1.251c56a08a81bp-418,0x1.1130407d1d13p-152,1.86923146058711224e-46
19,100,0x1.81f4270b96b19p-154,0x1.251c56a08a81bp-418,0x1.81f4270b96b1ap-154,6.60200630168924247e-47
19,101,0x1.109ad6d9ab921p-155,0x1.251c56a08a81bp-418,0x1.109ad6d9ab922p-155,2.33154751500025998e-47
19,102,0x1.810cee19bb5bap-157,0x1.251c56a08a81bp-418,0x1.810cee19bb5bbp-157,8.23319527776800069e-48
19,103,0x1.0fe96854a7503p-158,0x1.251c56a08a81bp-418,0x1.0fe96854a7504p-158,2.90702449949860222e-48
19,104,0x1.7ffe84e693098p-160,0x1.251c56a08a81bp-418,0x1.7ffe84e693099p-160,1.02632618780990716e-48
19,105,0x1.0f1c93b6b6723p-161,0x1.251c56a08a81bp-418,0x1.0f1c93b6b6724p-161,3.62308797153220357e-49
19,106,0x1.7ec9ce286ad55p-163,0x1.251c56a08a81bp-418,0x1.7ec9ce286ad56p-163,1.27887883117559988e-49
19,107,0x1.0e34facb8d3b1p-164,0x1.251c56a08a81bp-418,0x1.0e34facb8d3b2p-164,4.51374753295322241e-50
19,108,0x1.7d6fb0ba8dccbp-166,0x1.251c56a08a81bp-418,0x1.7d6fb0ba8dcccp-166,1.59295227527079634e-50
19,109,0x1.0d3342377a4e3p-167,0x1.251c56a08a81bp-418,0x1.0d3342377a4e4p-167,5.62116306551249118e-51
19,110,0x1.7bf1175f06e5p-169,0x1.251c56a08a81bp-418,0x1.7bf1175f06e51p-169,1.98338854624801453e-51
19,111,0x1.0c181149f368bp-170,0x1.251c56a08a81bp-418,0x1.0c181149f368cp-170,6.99758026455980622e-52
19,112,0x1.7a4ef07c7b58cp-172,0x1.251c56a08a81bp-418,0x1.7a4ef07c7b58dp-172,2.46857721240297081e-52
19,113,0x1.0ae411cd990bep-173,0x1.251c56a08a81bp-418,0x1.0ae411cd990bfp-173,8.70772180202239940e-53
19,114,0x1.788a2dd8bd015p-175,0x1.251c56a08a81bp-418,0x1.788a2dd8bd016p-175,3.07129573972010765e-53
19,115,0x1.0997efd61cce9p-176,0x1.251c56a08a81bp-418,0x1.0997efd61cceap-176,1.08317404635245206e-53
19,116,0x1.76a3c450a6341p-178,0x1.251c56a08a81bp-418,0x1.76a3c450a6342p-178,3.81974718981122031e-54
19,117,0x1.0834598c6ca1ap-179,0x1.251c56a08a81bp-418,0x1.0834598c6ca1bp-179,1.34688652204051173e-54
19,118,0x1.749cab8dc40d1p-181,0x1.251c56a08a81bp-418,0x1.749cab8dc40d2p-181,4.74884121252659958e-55
19,119,0x1.06b9fef97cff8p-182,0x1.251c56a08a81bp-418,0x1.06b9fef97cff9p-182,1.67419014652562376e-55
19,120,0x1.7275ddba48f83p-184,0x1.251c56a08a81bp-418,0x1.7275ddba48f84p-184,5.90177489807746920e-56
19,121,0x1.052991d0047e7p-185,0x1.251c56a08a81bp-418,0x1.052991d0047e8p-185,2.08027838469578729e-56
19,122,0x1.70305733b7339p-187,0x1.251c56a08a81bp-418,0x1.70305733b733ap-187,7.33198309742026164e-57
19,123,0x1.0383c5357489p-188,0x1.251c56a08a81bp-418,0x1.0383c53574891p-188,2.58394258665816737e-57
19,124,0x1.6dcd163caa0f4p-190,0x1.251c56a08a81bp-418,0x1.6dcd163caa0f5p-190,9.10554384759533429e-58
19,125,0x1.01c94d8a74d7bp-191,0x1.251c56a08a81bp-418,0x1.01c94d8a74d7cp-191,3.20841665738615040e-58
19,126,0x1.6b4d1aae1c3b4p-193,0x1.251c56a08a81bp-418,0x1.6b4d1aae1c3b5p-193,1.13041442280317233e-58
19,127,0x1.fff5c06643657p-195,0x1.251c56a08a81bp-418,0x1.fff5c06643658p-195,3.98241837062351238e-59
19,128,0x1.68b165a881fa7p-196,0x1.251c56a08a81bp-418,0x1.68b165a881fa8p-196,1.40287361544586452e-59
19,129,0x1.fc3266be8f86fp-198,0x1.251c56a08a81bp-418,0x1.fc3266be8f87p-198,4.94143273435451998e-60
19,130,0x1.65faf94506ecfp-199,0x1.251c56a08a81bp-418,0x1.65faf94506edp-199,1.74040413056324849e-60
19,131,0x1.f849fba5a718fp-201,0x1.251c56a08a81bp-418,0x1.f849fba5a719p-201,6.12929321691678827e-61
19,132,0x1.632ad84738b9bp-202,0x1.251c56a08a81bp-418,0x1.632ad84738b9cp-202,2.15841008196153721e-61
19,133,0x1.f43ded5d4c215p-204,0x1.251c56a08a81bp-418,0x1.f43ded5d4c216p-204,7.60012940891413406e-62
19,134,0x1.604205cf619a4p-205,0x1.251c56a08a81bp-418,0x1.604205cf619a5p-205,2.67591101151589060e-62
19,135,0x1.f00faa73f8281p-207,0x1.251c56a08a81bp-418,0x1.f00faa73f8282p-207,9.42076535980578135e-63
19,136,0x1.5d41850dd0407p-208,0x1.251c56a08a81bp-418,0x1.5d41850dd0408p-208,3.31638340557135132e-63
19,137,0x1.ebc0a15922f67p-210,0x1.251c56a08a81bp-418,0x1.ebc0a15922f68p-210,1.16736720421405025e-63
19,138,0x1.5a2a58f7452d2p-211,0x1.251c56a08a81bp-418,0x1.5a2a58f7452d3p-211,4.10879649620288422e-64
19,139,0x1.e7523ff34d2b7p-213,0x1.251c56a08a81bp-418,0x1.e7523ff34d2b8p-213,1.44606009595526093e-64
19,140,0x1.56fd83fab8629p-214,0x1.251c56a08a81bp-418,0x1.56fd83fab862ap-214,5.08888684877667969e-65
19,141,0x1.e2c5f33813759p-216,0x1.251c56a08a81bp-418,0x1.e2c5f3381375ap-216,1.79070548038720102e-65
19,142,0x1.53bc07b8a5d8dp-217,0x1.251c56a08a81bp-418,0x1.53bc07b8a5d8ep-217,6.30072635179471698e-66
19,143,0x1.de1d26c688ab5p-219,0x1.251c56a08a81bp-418,0x1.de1d26c688ab6p-219,2.21677864769333425e-66
19,144,0x1.5066e4bc0a6e7p-220,0x1.251c56a08a81bp-418,0x1.5066e4bc0a6e8p-220,7.79865062107803997e-67
19,145,0x1.d95944840ededp-222,0x1.251c56a08a81bp-418,0x1.d95944840edeep-222,2.74335611849338598e-67
19,146,0x1.4cff1a3536f3dp-223,0x1.251c56a08a81bp-418,0x1.4cff1a3536f3ep-223,9.64963001879099240e-68
19,147,0x1.d47bb43be1a92p-225,0x1.251c56a08a81bp-418,0x1.d47bb43be1a93p-225,3.39394694734832718e-68
19,148,0x1.4985a5b69ae94p-226,0x1.251c56a08a81bp-418,0x1.4985a5b69ae95p-226,1.19361840930137364e-68
19,149,0x1.cf85db417e93bp-228,0x1.251c56a08a81bp-418,0x1.cf85db417e93cp-228,4.19751441825412159e-69
19,150,0x1.45fb82f3a4bb7p-229,0x1.251c56a08a81bp-418,0x1.45fb82f3a4bb8p-229,1.47599630285261639e-69
19,151,0x1.ca791c161319ep-231,0x1.251c56a08a81bp-418,0x1.ca791c161319fp-231,5.18973140291969297e-70
19,152,0x1.4261ab81d1be2p-232,0x1.251c56a08a81bp-418,0x1.4261ab81d1be3p-232,1.82461475963229316e-70
19,153,0x1.c556d61113132p-234,0x1.251c56a08a81bp-418,0x1.c556d61113133p-234,6.41452241305675651e-71
19,154,0x1.3eb9169c04cd4p-235,0x1.251c56a08a81bp-418,0x1.3eb9169c04cd5p-235,2.25488532366820503e-71
19,155,0x1.c020650c15839p-237,0x1.251c56a08a81bp-418,0x1.c020650c1583ap-237,7.92595732376971335e-72
19,156,0x1.3b02b8e83734bp-238,0x1.251c56a08a81bp-418,0x1.3b02b8e83734cp-238,2.78577656986746739e-72
19,157,0x1.bad7211211839p-240,0x1.251c56a08a81bp-418,0x1.bad721121183ap-240,9.79057636222504761e-73
19,158,0x1.373f843f949a9p-241,0x1.251c56a08a81bp-418,0x1.373f843f949aap-241,3.44062867852128560e-73
19,159,0x1.b57c5e1210db3p-243,0x1.251c56a08a81bp-418,0x1.b57c5e1210db4p-243,1.20902438371271279e-73
19,160,0x1.337067790fc0dp-244,0x1.251c56a08a81bp-418,0x1.337067790fc0ep-244,4.24815312888611756e-74
19,161,0x1.b0116b9569e63p-246,0x1.251c56a08a81bp-418,0x1.b0116b9569e64p-246,1.49256499538808311e-74
19,162,0x1.2f964e367b3c2p-247,0x1.251c56a08a81bp-418,0x1.2f964e367b3c3p-247,5.24365926778793961e-75
19,163,0x1.aa9794798eb63p-249,0x1.251c56a08a81bp-418,0x1.aa9794798eb64p-249,1.84206068007750214e-75
19,164,0x1.2bb220b42ecf5p-250,0x1.251c56a08a81bp-418,0x1.2bb220b42ecf6p-250,6.47055885887760241e-76
19,165,0x1.a5101ead7c15fp-252,0x1.251c56a08a81bp-418,0x1.a5101ead7c16p-252,2.27273172803496076e-76
19,166,0x1.27c4c39b3fba9p-253,0x1.251c56a08a81bp-418,0x1.27c4c39b3fbaap-253,7.98221114633008950e-77
19,167,0x1.9f7c4af2cf943p-255,0x1.251c56a08a81bp-418,0x1.9f7c4af2cf944p-255,2.80328357111675959e-77
19,168,0x1.23cf17d64fea1p-256,0x1.251c56a08a81bp-418,0x1.23cf17d64fea2p-256,9.84418493222816302e-78
19,169,0x1.99dd54a288e21p-258,0x1.251c56a08a81bp-418,0x1.99dd54a288e22p-258,3.45669876405526751e-78
19,170,0x1.1fd1fa68f6275p-259,0x1.251c56a08a81bp-418,0x1.1fd1fa68f6276p-259,1.21370312289778667e-78
19,171,0x1.9434717577e3p-261,0x1.251c56a08a81bp-418,0x1.9434717577e31p-261,4.26120760414793978e-79
19,172,0x1.1bce4449bf2b2p-262,0x1.251c56a08a81bp-418,0x1.1bce4449bf2b3p-262,1.49596808887068043e-79
19,173,0x1.8e82d150561fbp-264,0x1.251c56a08a81bp-418,0x1.8e82d150561fcp-264,5.25147738970601716e-80
19,174,0x1.17c4ca3ec5daep-265,0x1.251c56a08a81bp-418,0x1.17c4ca3ec5dafp-265,1.84336070616443500e-80
19,175,0x1.88c99e1387d33p-267,0x1.251c56a08a81bp-418,0x1.88c99e1387d34p-267,6.47006921045020670e-81
19,176,0x1.13b65cbcdf18p-268,0x1.251c56a08a81bp-418,0x1.13b65cbcdf181p-268,2.27079234073964753e-81
19,177,0x1.8309fb6e7e84bp-270,0x1.251c56a08a81bp-418,0x1.8309fb6e7e84cp-270,7.96922201906655913e-82
19,178,0x1.0fa3c7c954266p-271,0x1.251c56a08a81bp-418,0x1.0fa3c7c954267p-271,2.79656269100937964e-82
19,179,0x1.7d4506b6b4d61p-273,0x1.251c56a08a81bp-418,0x1.7d4506b6b4d62p-273,9.81303698274750135e-83
19,180,0x1.0b8dd2de24fb4p-274,0x1.251c56a08a81bp-418,0x1.0b8dd2de24fb5p-274,3.44312404325894008e-83
19,181,0x1.777bd6c239633p-276,0x1.251c56a08a81bp-418,0x1.777bd6c239634p-276,1.20801512808664918e-83
19,182,0x1.077540d0cab0ep-277,0x1.251c56a08a81bp-418,0x1.077540d0cab0fp-277,4.23801666150782466e-84
19,183,0x1.71af7bc5bc84dp-279,0x1.251c56a08a81bp-418,0x1.71af7bc5bc84ep-279,1.48670102380837725e-84
19,184,0x1.035acfbb70cfdp-280,0x1.251c56a08a81bp-418,0x1.035acfbb70cfep-280,5.21501336060570318e-85
19,185,0x1.6be0ff3613455p-282,0x1.251c56a08a81bp-418,0x1.6be0ff3613456p-282,1.82918707378935971e-85
19,186,0x1.fe7e71d13687p-284,0x1.251c56a08a81bp-418,0x1.fe7e71d136871p-284,6.41551971181916871e-86
19,187,0x1.661163ad20136p-285,0x1.251c56a08a81bp-418,0x1.661163ad20137p-285,2.24996981951635178e-86
19,188,0x1.f64661825afafp-287,0x1.251c56a08a81bp-418,0x1.f64661825afbp-287,7.89028657257020310e-87
19,189,0x1.6041a4d2108f7p-288,0x1.251c56a08a81bp-418,0x1.6041a4d2108f8p-288,2.76681551277145338e-87
19,190,0x1.ee0ecd798d1a9p-290,0x1.251c56a08a81bp-418,0x1.ee0ecd798d1aap-290,9.70150411748344523e-88
19,191,0x1.5a72b744de4b5p-291,0x1.251c56a08a81bp-418,0x1.5a72b744de4b6p-291,3.40149229555269912e-88
19,192,0x1.e5d90aa8c9e54p-293,0x1.251c56a08a81bp-418,0x1.e5d90aa8c9e55p-293,1.19253617644183696e-88
19,193,0x1.54a5888cff618p-294,0x1.251c56a08a81bp-418,0x1.54a5888cff619p-294,4.18066517733273875e-89
19,194,0x1.dda663ee886aap-296,0x1.251c56a08a81bp-418,0x1.dda663ee886abp-296,1.46551769300757737e-89
19,195,0x1.4edaff0b327f4p-297,0x1.251c56a08a81bp-418,0x1.4edaff0b327f5p-297,5.13698975571681467e-90
19,196,0x1.d5781a03cb169p-299,0x1.251c56a08a81bp-418,0x1.d5781a03cb16ap-299,1.80052181365140421e-90
19,197,0x1.4913f9ee513c5p-300,0x1.251c56a08a81bp-418,0x1.4913f9ee513c6p-300,6.31044850935532817e-91
19,198,0x1.cd4f636e68a45p-302,0x1.251c56a08a81bp-418,0x1.cd4f636e68a46p-302,2.21153754994656643e-91
19,199,0x1.4351512b12bddp-303,0x1.251c56a08a81bp-418,0x1.4351512b12bdep-303,7.74998309180372288e-92
19,200,0x1.c52d6c776cep-305,0x1.251c56a08a81bp-418,0x1.c52d6c776ce01p-305,2.71568651275234231e-92
19,201,0x1.3d93d576a7c8ep-306,0x1.251c56a08a81bp-418,0x1.3d93d576a7c8fp-306,9.51548774343757136e-93
19,202,0x1.bd13572570a71p-308,0x1.251c56a08a81bp-418,0x1.bd13572570a72p-308,3.33391947431448204e-93
19,203,0x1.37dc504418f2bp-309,0x1.251c56a08a81bp-418,0x1.37dc504418f2cp-309,1.16802431669289187e-93
19,204,0x1.b5023b3ac78d9p-311,0x1.251c56a08a81bp-418,0x1.b5023b3ac78dap-311,4.09186674753083529e-94
19,205,0x1.322b83c44eeccp-312,0x1.251c56a08a81bp-418,0x1.322b83c44eecdp-312,1.43338875285004489e-94
19,206,0x1.acfb263761203p-314,0x1.251c56a08a81bp-418,0x1.acfb263761204p-314,5.02087611805076714e-95
19,207,0x1.2c822ae8ac9bfp-315,0x1.251c56a08a81bp-418,0x1.2c822ae8ac9cp-315,1.75860423181387461e-95
19,208,0x1.a4ff1b5e3ad05p-317,0x1.251c56a08a81bp-418,0x1.a4ff1b5e3ad06p-317,6.15927941441610900e-96
19,209,0x1.26e0f96822227p-318,0x1.251c56a08a81bp-418,0x1.26e0f96822228p-318,2.15707364357736129e-96
19,210,0x1.9d0f13be3f75p-320,0x1.251c56a08a81bp-418,0x1.9d0f13be3f751p-320,7.55393774159343078e-97
19,211,0x1.21489bc69fe3ep-321,0x1.251c56a08a81bp-418,0x1.21489bc69fe3fp-321,2.64518030487748827e-97
19,212,0x1.952bfe3e70acdp-323,0x1.251c56a08a81bp-418,0x1.952bfe3e70acep-323,9.26212627599745181e-98
19,213,0x1.1bb9b75ed036cp-324,0x1.251c56a08a81bp-418,0x1.1bb9b75ed036dp-324,3.24294616804688564e-98
19,214,0x1.8d56bfad36721p-326,0x1.251c56a08a81bp-418,0x1.8d56bfad36722p-326,1.13538327405403385e-98
19,215,0x1.1634ea6dfe657p-327,0x1.251c56a08a81bp-418,0x1.1634ea6dfe658p-327,3.97483440856411672e-99
19,216,0x1.859032d2b0b97p-329,0x1.251c56a08a81bp-418,0x1.859032d2b0b98p-329,1.39145597500109980e-99
19,217,0x1.10bacc2211782p-330,0x1.251c56a08a81bp-418,0x1.10bacc2211783p-330,4.87072785014611643e-100
19,218,0x1.7dd92885e731bp-332,0x1.251c56a08a81bp-418,0x1.7dd92885e731cp-332,1.70487407512126220e-100
19,219,0x1.0b4beca9815ecp-333,0x1.251c56a08a81bp-418,0x1.0b4beca9815edp-333,5.96712149589914106e-101
19,220,0x1.763267c4b311bp-335,0x1.251c56a08a81bp-418,0x1.763267c4b311cp-335,2.08839030198832070e-101
19,221,0x1.05e8d5452d008p-336,0x1.251c56a08a81bp-418,0x1.05e8d5452d009p-336,7.30857570823568329e-102
19,222,0x1.6e9cadce3f212p-338,0x1.251c56a08a81bp-418,0x1.6e9cadce3f213p-338,2.55757400162547264e-102
19,223,0x1.0092085bf7defp-339,0x1.251c56a08a81bp-418,0x1.0092085bf7dfp-339,8.94948663193465286e-103
19,224,0x1.6718ae3ffa1eap-341,0x1.251c56a08a81bp-418,0x1.6718ae3ffa1ebp-341,3.13142904328815679e-103
19,225,0x1.f69003202c419p-343,0x1.251c56a08a81bp-418,0x1.f69003202c41ap-343,1.09562426632873894e-103
19,226,0x1.5fa71334d8393p-344,0x1.251c56a08a81bp-418,0x1.5fa71334d8394p-344,3.83314638130895102e-104
19,227,0x1.ec166babdc28dp-346,0x1.251c56a08a81bp-418,0x1.ec166babdc28ep-346,1.34098505936327022e-104
19,228,0x1.58487d66c0629p-347,0x1.251c56a08a81bp-418,0x1.58487d66c062ap-347,4.69102042771014356e-105
19,229,0x1.e1b82718ecd44p-349,0x1.251c56a08a81bp-418,0x1.e1b82718ecd45p-349,1.64091330550872468e-105
19,230,0x1.50fd845202bfp-350,0x1.251c56a08a81bp-418,0x1.50fd845202bf1p-350,5.73956466057109638e-106
19,231,0x1.d776052df1901p-352,0x1.251c56a08a81bp-418,0x1.d776052df1902p-352,2.00746207452436776e-106
19,232,0x1.49c6b65ab5f49p-353,0x1.251c56a08a81bp-418,0x1.49c6b65ab5f4ap-353,7.02086950488455300e-107
19,233,0x1.cd50c8f04131dp-355,0x1.251c56a08a81bp-418,0x1.cd50c8f04131ep-355,2.45532894241400532e-107
19,234,0x1.42a498f3d9798p-356,0x1.251c56a08a81bp-418,0x1.42a498f3d9799p-356,8.58625475957496719e-108
19,235,0x1.c34928dc7cd05p-358,0x1.251c56a08a81bp-418,0x1.c34928dc7cd06p-358,3.00243238518000569e-108
19,236,0x1.3b97a8c81baf1p-359,0x1.251c56a08a81bp-418,0x1.3b97a8c81baf2p-359,1.04982800513162774e-108
19,237,0x1.b95fcf2150f1bp-361,0x1.251c56a08a81bp-418,0x1.b95fcf2150f1cp-361,3.67061298680627293e-109
19,238,0x1.34a059e4232d9p-362,0x1.251c56a08a81bp-418,0x1.34a059e4232dap-362,1.28331903903236978e-109
19,239,0x1.af9559dc43905p-364,0x1.251c56a08a81bp-418,0x1.af9559dc43906p-364,4.48648631611334733e-110
19,240,0x1.2dbf17e23b2ccp-365,0x1.251c56a08a81bp-418,0x1.2dbf17e23b2cep-365,1.56838903909074609e-110
19,241,0x1.a5ea5b5861fa7p-367,0x1.251c56a08a81bp-418,0x1.a5ea5b5861faap-367,5.48248006860356461e-111
19,242,0x1.26f4461743b7fp-368,0x1.251c56a08a81bp-418,0x1.26f4461743b85p-368,1.91635607121441534e-111
19,243,0x1.9c5f5a4ea2f44p-370,0x1.251c56a08a81bp-418,0x1.9c5f5a4ea2f57p-370,6.69809503075878234e-112
19,244,0x1.20403fc0c71b4p-371,0x1.251c56a08a81bp-418,0x1.20403fc0c71dap-371,2.34100545120397185e-112
19,245,0x1.92f4d227d22c3p-373,0x1.251c56a08a81bp-418,0x1.92f4d227d2357p-373,8.18143786305175979e-113
19,246,0x1.19a3583416998p-374,0x1.251c56a08a81bp-418,0x1.19a3583416abep-374,2.85912410880163965e-113
19,247,0x1.89ab333fdb4fap-376,0x1.251c56a08a81bp-418,0x1.89ab333fdb98fp-376,9.99108392583540266e-114
19,248,0x1.131ddb0e51594p-377,0x1.251c56a08a81bp-418,0x1.131ddb0e51ebep-377,3.49114994814043696e-114
19,249,0x1.8082e32a4c2e7p-379,0x1.251c56a08a81bp-418,0x1.8082e32a4e78cp-379,1.21983407662744840e-114
19,250,0x1.0cb00c6538f78p-380,0x1.251c56a08a81bp-418,0x1.0cb00c653d8cp-380,4.26196079649832672e-115
19,251,0x1.777c3cf7e5811p-382,0x1.251c56a08a81bp-418,0x1.777c3cf7f7d2ep-382,1.48899979005760917e-115
19,252,0x1.065a28f8b6f44p-383,0x1.251c56a08a81bp-418,0x1.065a28f8db97ep-383,5.20183275965735537e-116
19,253,0x1.6e97917d0ef8dp-385,0x1.251c56a08a81bp-418,0x1.6e97917da1871p-385,1.81716667158397828e-116
19,254,0x1.001c6664ee02ep-386,0x1.251c56a08a81bp-418,0x1.001c6666131f4p-386,6.34760413306810148e-117
19,255,0x1.65d52798e1fd7p-388,0x1.251c56a08a81bp-418,0x1.65d5279d766eep-388,2.21718363518487814e-117
19,256,0x1.f3ede6a8e45efp-390,0x1.251c56a08a81bp-418,0x1.f3ede6bb36247p-390,7.74408869060398882e-118
19,257,0x1.5d353c7b86f7ap-391,0x1.251c56a08a81bp-418,0x1.5d353ca02a828p-391,2.70467981652263240e-118
19,258,0x1.e7d3ef60d0141p-393,0x1.251c56a08a81bp-418,0x1.e7d3eff35e3f7p-393,9.44579152169176685e-119
19,259,0x1.54b803e3900d9p-394,0x1.251c56a08a81bp-418,0x1.54b80508ac644p-394,3.29866243486228983e-119
19,260,0x1.dbeb297dbed44p-396,0x1.251c56a08a81bp-418,0x1.dbeb2e12302edp-396,1.15189925018746902e-119
19,261,0x1.4c5da81725e2cp-397,0x1.251c56a08a81bp-418,0x1.4c5db1400897dp-397,4.02224321768822500e-120
19,262,0x1.d033c97f8c5d5p-399,0x1.251c56a08a81bp-418,0x1.d033ee2317317p-399,1.40442829154954627e-120
19,263,0x1.442647f4d5641p-400,0x1.251c56a08a81bp-418,0x1.4426913beb0c4p-400,4.90352812620419189e-121
19,264,0x1.c4adede8f83a9p-402,0x1.251c56a08a81bp-418,0x1.c4af13054edb3p-402,1.71197260653965524e-121
19,265,0x1.3c11e79d5f4e5p-403,0x1.251c56a08a81bp-418,0x1.3c1431d60c8f7p-403,5.97677996194134482e-122
19,266,0x1.b959656de6407p-405,0x1.251c56a08a81bp-418,0x1.b9628e509b44dp-405,2.08655263742416633e-122
19,267,0x1.342004d265943p-406,0x1.251c56a08a81bp-418,0x1.34325697cf9cfp-406,7.28466670077563792e-123
19,268,0x1.ae3421cfdd8afp-408,0x1.251c56a08a81bp-418,0x1.ae7d68e585adap-408,2.54381047951665040e-123
19,269,0x1.2c4cc064979ffp-409,0x1.251c56a08a81bp-418,0x1.2cdf4e8fe7e54p-409,8.88943181906155600e-124
19,270,0x1.a32feda82a817p-411,0x1.251c56a08a81bp-418,0x1.a57a26556b968p-411,3.11319159205144934e-124
19,271,0x1.247e6a704392fp-412,0x1.251c56a08a81bp-418,0x1.2912dbcac5bdp-412,1.09714992339794673e-124
19,272,0x1.97f11ed1c69a7p-414,0x1.251c56a08a81bp-418,0x1.aa42e43bcf42ap-414,3.93566142296022675e-125
19,273,0x1.1c13e55f56d0dp-415,0x1.251c56a08a81bp-418,0x1.40b7703368211p-415,1.48058455102851661e-125
19,274,0x1.8a4c078f830c5p-417,0x1.251c56a08a81bp-418,0x1.0e6d196fe426ap-416,6.24209759914498902e-126
19,275,0x1.0f66613ff76e1p-418,0x1.251c56a08a81bp-418,0x1.1a415bf040f7fp-417,3.25757154232736094e-126
19,276,0x1.6e5bd01a0f642p-420,0x1.251c56a08a81bp-418,0x1.80b34aa70e5adp-418,2.21995636147171473e-126
19,277,0x1.d7e8943cf8e79p-422,0x1.251c56a08a81bp-418,0x1.429adfe45a104p-418,1.86162804465223091e-126
19,278,0x1.0ea74dcbd78bfp-423,0x1.251c56a08a81bp-418,0x1.2d91910ee93e2p-418,1.74023538571584207e-126
19,279,0x1.bc544cbb70d36p-426,0x1.251c56a08a81bp-418,0x1.26d8aaed45f29p-418,1.70144382513024938e-126
19,280,0x0p+0,0x1.251c56a08a81bp-418,0x1.251c56a08a81bp-418,1.69142799776757983e-126
20,0,0x1.31fce31c493bbp-4,0x1.bbf04231b2e58p-415,0x1.31fce31c493bcp-4,7.47040626052485890e-02
20,1,0x1.bc5f44e0068a8p-6,0x1.bbf04231b2e58p-415,0x1.bc5f44e0068a9p-6,2.71223232849499320e-02
20,2,0x1.357c3fb45addcp-7,0x1.bbf04231b2e58p-415,0x1.357c3fb45adddp-7,9.44474325725413490e-03
20,3,0x1.a4a3f156d581dp-9,0x1.bbf04231b2e58p-415,0x1.a4a3f156d581ep-9,3.20923157725429200e-03
20,4,0x1.1b269096850ddp-10,0x1.bbf04231b2e58p-415,0x1.1b269096850dep-10,1.08013398642463994e-03
20,5,0x1.7dd617a30de7p-12,0x1.bbf04231b2e58p-415,0x1.7dd617a30de71p-12,3.64147470637266621e-04
20,6,0x1.039687c6c5cf3p-13,0x1.bbf04231b2e58p-415,0x1.039687c6c5cf4p-13,1.23781208650731674e-04
20,7,0x1.64c0643a62547p-15,0x1.bbf04231b2e58p-415,0x1.64c0643a62548p-15,4.25280963610255602e-05
20,8,0x1.ef6b221d2b237p-17,0x1.bbf04231b2e58p-415,0x1.ef6b221d2b238p-17,1.47646215345682749e-05
20,9,0x1.5b111114efb3bp-18,0x1.bbf04231b2e58p-415,0x1.5b111114efb3cp-18,5.17169634844835048e-06
20,10,0x1.e9c2702af8233p-20,0x1.bbf04231b2e58p-415,0x1.e9c2702af8234p-20,1.82449640350619011e-06
20,11,0x1.5b7f682fc1442p-21,0x1.bbf04231b2e58p-415,0x1.5b7f682fc1443p-21,6.47264874559788285e-07
20,12,0x1.ef46ec6c5c347p-23,0x1.bbf04231b2e58p-415,0x1.ef46ec6c5c348p-23,2.30631346364034597e-07
20,13,0x1.6228af4640f97p-24,0x1.bbf04231b2e58p-415,0x1.6228af4640f98p-24,8.24590503414019830e-08
20,14,0x1.fbd9875f666a7p-26,0x1.bbf04231b2e58p-415,0x1.fbd9875f666a8p-26,2.95607444057712726e-08
20,15,0x1.6cde39fed952fp-27,0x1.bbf04231b2e58p-415,0x1.6cde39fed953p-27,1.06190585194026374e-08
20,16,0x1.068d4a79aaf62p-28,0x1.bbf04231b2e58p-415,0x1.068d4a79aaf63p-28,3.82063324872226452e-09
20,17,0x1.7a4addb4a1a17p-30,0x1.bbf04231b2e58p-415,0x1.7a4addb4a1a18p-30,1.37621989946219942e-09
20,18,0x1.10c0f2c8f32fep-31,0x1.bbf04231b2e58p-415,0x1.10c0f2c8f32ffp-31,4.96136098453468595e-10
20,19,0x1.898a4dd92fca5p-33,0x1.bbf04231b2e58p-415,0x1.898a4dd92fca6p-33,1.78961386323905039e-10
20,20,0x1.1c0229022412ap-34,0x1.bbf04231b2e58p-415,0x1.1c0229022412bp-34,6.45760424590570782e-11
20,21,0x1.9a000c90657b7p-36,0x1.bbf04231b2e58p-415,0x1.9a000c90657b8p-36,2.33058126305062282e-11
20,22,0x1.27f54f809cee7p-37,0x1.bbf04231b2e58p-415,0x1.27f54f809cee8p-37,8.41163922474007005e-12
20,23,0x1.ab40fdfced86fp-39,0x1.bbf04231b2e58p-415,0x1.ab40fdfced87p-39,3.03582137596909931e-12
20,24,0x1.345bef6cfeef9p-40,0x1.bbf04231b2e58p-415,0x1.345bef6cfeefap-40,1.09551167105779433e-12
20,25,0x1.bd04848894182p-42,0x1.bbf04231b2e58p-415,0x1.bd04848894183p-42,3.95255070718353417e-13
20,26,0x1.410c02919b8fep-43,0x1.bbf04231b2e58p-415,0x1.410c02919b8ffp-43,1.42573470450311780e-13
20,27,0x1.cf1a3ff056c0ep-45,0x1.bbf04231b2e58p-415,0x1.cf1a3ff056c0fp-45,5.14147100593192568e-14
20,28,0x1.4de9df5a759p-46,0x1.bbf04231b2e58p-415,0x1.4de9df5a75901p-46,1.85359263688984020e-14
20,29,0x1.e162cb0b1462dp-48,0x1.bbf04231b2e58p-415,0x1.e162cb0b1462ep-48,6.68057152229086403e-15
20,30,0x1.5ae3dcf3082afp-49,0x1.bbf04231b2e58p-415,0x1.5ae3dcf3082bp-49,2.40703353200244624e-15
20,31,0x1.f3ca7b5594f4ap-51,0x1.bbf04231b2e58p-415,0x1.f3ca7b5594f4bp-51,8.66999084387037479e-16
20,32,0x1.67ef28d2422eep-52,0x1.bbf04231b2e58p-415,0x1.67ef28d2422efp-52,3.12193167701115179e-16
20,33,0x1.0322c89cf68bfp-53,0x1.bbf04231b2e58p-415,0x1.0322c89cf68cp-53,1.12382270856291995e-16
20,34,0x1.75057d1fced83p-55,0x1.bbf04231b2e58p-415,0x1.75057d1fced84p-55,4.04430656167848890e-17
20,35,0x1.0c66be00774cbp-56,0x1.bbf04231b2e58p-415,0x1.0c66be00774ccp-56,1.45500656172829044e-17
20,36,0x1.82238052fe96dp-58,0x1.bbf04231b2e58p-415,0x1.82238052fe96ep-58,5.23315490363669422e-18
20,37,0x1.15af76a341341p-59,0x1.bbf04231b2e58p-415,0x1.15af76a341342p-59,1.88166948939791053e-18
20,38,0x1.8f47a3a9568p-61,0x1.bbf04231b2e58p-415,0x1.8f47a3a956801p-61,6.76406361046864414e-19
20,39,0x1.1efc436aa24b9p-62,0x1.bbf04231b2e58p-415,0x1.1efc436aa24bap-62,2.43086092310526622e-19
20,40,0x1.9c715f1be2cbdp-64,0x1.bbf04231b2e58p-415,0x1.9c715f1be2cbep-64,8.73381722899367029e-20
20,41,0x1.284cfc8b6240bp-65,0x1.bbf04231b2e58p-415,0x1.284cfc8b6240cp-65,3.13720599192793169e-20
20,42,0x1.a9a0b0b228ac4p-67,0x1.bbf04231b2e58p-415,0x1.a9a0b0b228ac5p-67,1.12662713098912778e-20
20,43,0x1.31a1b8cef62cp-68,0x1.bbf04231b2e58p-415,0x1.31a1b8cef62c1p-68,4.04500221594059231e-21
20,44,0x1.b6d5cb23800f5p-70,0x1.bbf04231b2e58p-415,0x1.b6d5cb23800f6p-70,1.45198364955112496e-21
20,45,0x1.3afaa097b7af3p-71,0x1.bbf04231b2e58p-415,0x1.3afaa097b7af4p-71,5.21089065745531052e-22
20,46,0x1.c410e4c9945f4p-73,0x1.bbf04231b2e58p-415,0x1.c410e4c9945f5p-73,1.86970111682737955e-22
20,47,0x1.4457d393c234p-74,0x1.bbf04231b2e58p-415,0x1.4457d393c2341p-74,6.70725752769890215e-23
20,48,0x1.d1521c0202025p-76,0x1.bbf04231b2e58p-415,0x1.d1521c0202026p-76,2.40565184147372741e-23
20,49,0x1.4db95aa1d0b72p-77,0x1.bbf04231b2e58p-415,0x1.4db95aa1d0b73p-77,8.62656422367225077e-24
20,50,0x1.de99695162ac7p-79,0x1.bbf04231b2e58p-415,0x1.de99695162ac8p-79,3.09287524814258880e-24
20,51,0x1.571f2164eda1bp-80,0x1.bbf04231b2e58p-415,0x1.571f2164eda1cp-80,1.10868569532302608e-24
20,52,0x1.ebe69a039bd55p-82,0x1.bbf04231b2e58p-415,0x1.ebe69a039bd56p-82,3.97354291773751487e-25
20,53,0x1.6088f479daf1bp-83,0x1.bbf04231b2e58p-415,0x1.6088f479daf1cp-83,1.42387744648430792e-25
20,54,0x1.f9394fc6edfedp-85,0x1.bbf04231b2e58p-415,0x1.f9394fc6edfeep-85,5.10145743653218901e-26
20,55,0x1.69f6824d5486cp-86,0x1.bbf04231b2e58p-415,0x1.69f6824d5486dp-86,1.82744576809615091e-26
20,56,0x1.0348817e7a099p-87,0x1.bbf04231b2e58p-415,0x1.0348817e7a09ap-87,6.54522880991230157e-27
20,57,0x1.73675d4d1da33p-89,0x1.bbf04231b2e58p-415,0x1.73675d4d1da34p-89,2.34388729731661405e-27
20,58,0x1.09f6832b781d2p-90,0x1.bbf04231b2e58p-415,0x1.09f6832b781d3p-90,8.39231059234930620e-28
20,59,0x1.7cdafeac539d7p-92,0x1.bbf04231b2e58p-415,0x1.7cdafeac539d8p-92,3.00441973865132295e-28
20,60,0x1.10a645724256ep-93,0x1.bbf04231b2e58p-415,0x1.10a645724256fp-93,1.07541264571535939e-28
20,61,0x1.8650c946da16bp-95,0x1.bbf04231b2e58p-415,0x1.8650c946da16cp-95,3.84880868562511985e-29
20,62,0x1.1757520d4c704p-96,0x1.bbf04231b2e58p-415,0x1.1757520d4c705p-96,1.37725793543321333e-29
20,63,0x1.8fc80c6501903p-98,0x1.bbf04231b2e58p-415,0x1.8fc80c6501904p-98,4.92768668686590309e-30
20,64,0x1.1e0925c9d993cp-99,0x1.bbf04231b2e58p-415,0x1.1e0925c9d993dp-99,1.76283130583316741e-30
20,65,0x1.994006417882fp-101,0x1.bbf04231b2e58p-415,0x1.994006417883p-101,6.30549610864241826e-31
20,66,0x1.24bb32378eb78p-102,0x1.bbf04231b2e58p-415,0x1.24bb32378eb79p-102,2.25511940458304962e-31
20,67,0x1.a2b7e64715b55p-104,0x1.bbf04231b2e58p-415,0x1.a2b7e64715b56p-104,8.06422222990199588e-32
20,68,0x1.2b6cdf247890fp-105,0x1.bbf04231b2e58p-415,0x1.2b6cdf247891p-105,2.88336056317369446e-32
20,69,0x1.ac2ecf06e85b1p-107,0x1.bbf04231b2e58p-415,0x1.ac2ecf06e85b2p-107,1.03081270713855346e-32
20,70,0x1.321d8be820961p-108,0x1.bbf04231b2e58p-415,0x1.321d8be820962p-108,3.68473028889863775e-33
20,71,0x1.b5a3d7ec798cfp-110,0x1.bbf04231b2e58p-415,0x1.b5a3d7ec798dp-110,1.31697501067517527e-33
20,72,0x1.38cc9082e5872p-111,0x1.bbf04231b2e58p-415,0x1.38cc9082e5873p-111,4.70647745999301718e-34
20,73,0x1.bf160eb87258bp-113,0x1.bbf04231b2e58p-415,0x1.bf160eb87258cp-113,1.68175122527764049e-34
20,74,0x1.3f793e97aa698p-114,0x1.bbf04231b2e58p-415,0x1.3f793e97aa699p-114,6.00863080577552962e-35
20,75,0x1.c88478ca4cc4ep-116,0x1.bbf04231b2e58p-415,0x1.c88478ca4cc4fp-116,2.14653481927269044e-35
20,76,0x1.4622e245da044p-117,0x1.bbf04231b2e58p-415,0x1.4622e245da045p-117,7.66742674563761770e-36
20,77,0x1.d1ee144132e5dp-119,0x1.bbf04231b2e58p-415,0x1.d1ee144132e5ep-119,2.73849039418600489e-36
20,78,0x1.4cc8c2e92f8b5p-120,0x1.bbf04231b2e58p-415,0x1.4cc8c2e92f8b6p-120,9.77964938692663935e-37
20,79,0x1.db51d8fb3b969p-122,0x1.bbf04231b2e58p-415,0x1.db51d8fb3b96ap-122,3.49209776445390708e-37
20,80,0x1.536a23c3f79e3p-123,0x1.bbf04231b2e58p-415,0x1.536a23c3f79e4p-123,1.24681235803292423e-37
20,81,0x1.e4aeb9791e4dbp-125,0x1.bbf04231b2e58p-415,0x1.e4aeb9791e4dcp-125,4.45110594824589659e-38
20,82,0x1.5a064497b82c2p-126,0x1.bbf04231b2e58p-415,0x1.5a064497b82c3p-126,1.58886650919434388e-38
20,83,0x1.ee03a3ab687b9p-128,0x1.bbf04231b2e58p-415,0x1.ee03a3ab687bap-128,5.67100508114694930e-39
20,84,0x1.609c622f76a31p-129,0x1.bbf04231b2e58p-415,0x1.609c622f76a32p-129,2.02388715563375255e-39
20,85,0x1.f74f81ad4b533p-131,0x1.bbf04231b2e58p-415,0x1.f74f81ad4b534p-131,7.22215252245247226e-40
20,86,0x1.672bb6de33c0ap-132,0x1.bbf04231b2e58p-415,0x1.672bb6de33c0bp-132,2.57692381772107295e-40
20,87,0x1.00489d38241cbp-133,0x1.bbf04231b2e58p-415,0x1.00489d38241ccp-133,9.19372502379112531e-41
20,88,0x1.6db37af3ad729p-135,0x1.bbf04231b2e58p-415,0x1.6db37af3ad72ap-135,3.27972084870665207e-41
20,89,0x1.04e3d92daa7cep-136,0x1.bbf04231b2e58p-415,0x1.04e3d92daa7cfp-136,1.16987136665872599e-41
20,90,0x1.7432e52908b63p-138,0x1.bbf04231b2e58p-415,0x1.7432e52908b64p-138,4.17249295813933168e-42
20,91,0x1.0978e5efc21fep-139,0x1.bbf04231b2e58p-415,0x1.0978e5efc21ffp-139,1.48802347292690102e-42
20,92,0x1.7aa92b06ac511p-141,0x1.bbf04231b2e58p-415,0x1.7aa92b06ac512p-141,5.30616815442544948e-43
20,93,0x1.0e073401e73c9p-142,0x1.bbf04231b2e58p-415,0x1.0e073401e73cap-142,1.89195007075836159e-43
20,94,0x1.811581444e72fp-144,0x1.bbf04231b2e58p-415,0x1.811581444e73p-144,6.74522028785134117e-44
20,95,0x1.128e33749f1dap-145,0x1.bbf04231b2e58p-415,0x1.128e33749f1dbp-145,2.40458851372261155e-44
20,96,0x1.87771c23ffa0dp-147,0x1.bbf04231b2e58p-415,0x1.87771c23ffa0ep-147,8.57124509515724358e-45
20,97,0x1.170d54243eceep-148,0x1.bbf04231b2e58p-415,0x1.170d54243ecefp-148,3.05496273718361811e-45
20,98,0x1.8dcd2fc8d17abp-150,0x1.bbf04231b2e58p-415,0x1.8dcd2fc8d17acp-150,1.08874735469823006e-45
20,99,0x1.1b8405f4c5913p-151,0x1.bbf04231b2e58p-415,0x1.1b8405f4c5914p-151,3.87978649686981835e-46
20,100,0x1.9416f08995ee7p-153,0x1.bbf04231b2e58p-415,0x1.9416f08995ee8p-153,1.38244664764145211e-46
20,101,0x1.1ff1b90b19309p-154,0x1.bbf04231b2e58p-415,0x1.1ff1b90b1930ap-154,4.92548592544440541e-47
20,102,0x1.9a53934018b05p-156,0x1.bbf04231b2e58p-415,0x1.9a53934018b06p-156,1.75472975504925217e-47
20,103,0x1.2455de03e19bbp-157,0x1.bbf04231b2e58p-415,0x1.2455de03e19bcp-157,6.25075032986273840e-48
20,104,0x1.a0824d952028ap-159,0x1.bbf04231b2e58p-415,0x1.a0824d952028bp-159,2.22646109357510867e-48
20,105,0x1.28afe628344c6p-160,0x1.bbf04231b2e58p-415,0x1.28afe628344c7p-160,7.92974825968415379e-49
20,106,0x1.a6a2564972d3ap-162,0x1.bbf04231b2e58p-415,0x1.a6a2564972d3bp-162,2.82400396407297810e-49
20,107,0x1.2cff43a035c92p-163,0x1.bbf04231b2e58p-415,0x1.2cff43a035c93p-163,1.00561811905598711e-49
20,108,0x1.acb2e57c11515p-165,0x1.bbf04231b2e58p-415,0x1.acb2e57c11516p-165,3.58065956793463180e-50
20,109,0x1.314369a3cfb87p-166,0x1.bbf04231b2e58p-415,0x1.314369a3cfb88p-166,1.27483915241376453e-50
20,110,0x1.b2b334edcb839p-168,0x1.bbf04231b2e58p-415,0x1.b2b334edcb83ap-168,4.53848003900986427e-51
20,111,0x1.357bcca993a9cp-169,0x1.bbf04231b2e58p-415,0x1.357bcca993a9dp-169,1.61557973069556968e-51
20,112,0x1.b8a280424f44bp-171,0x1.bbf04231b2e58p-415,0x1.b8a280424f44cp-171,5.75055206135733036e-52
20,113,0x1.39a7e293dde85p-172,0x1.bbf04231b2e58p-415,0x1.39a7e293dde86p-172,2.04669960000442406e-52
20,114,0x1.be80053ec917cp-174,0x1.bbf04231b2e58p-415,0x1.be80053ec917dp-174,7.28387241805566603e-53
20,115,0x1.3dc722dc47bd8p-175,0x1.bbf04231b2e58p-415,0x1.3dc722dc47bd9p-175,2.59199673999542985e-53
20,116,0x1.c44b04062a4f5p-177,0x1.bbf04231b2e58p-415,0x1.c44b04062a4f6p-177,9.22296790781119320e-54
20,117,0x1.41d906bd757b1p-178,0x1.bbf04231b2e58p-415,0x1.41d906bd757b2p-178,3.28149159443796974e-54
20,118,0x1.ca02bf53245e8p-180,0x1.bbf04231b2e58p-415,0x1.ca02bf53245e9p-180,1.16744510748293634e-54
20,119,0x1.45dd095b4a4bap-181,0x1.bbf04231b2e58p-415,0x1.45dd095b4a4bbp-181,4.15304307952687682e-55
20,120,0x1.cfa67cafe6035p-183,0x1.bbf04231b2e58p-415,0x1.cfa67cafe6036p-183,1.47727521273207151e-55
20,121,0x1.49d2a7e989d26p-184,0x1.bbf04231b2e58p-415,0x1.49d2a7e989d27p-184,5.25438153691844183e-56
20,122,0x1.d53584aba47fdp-186,0x1.bbf04231b2e58p-415,0x1.d53584aba47fep-186,1.86873287792884128e-56
20,123,0x1.4db961d0ee2a9p-187,0x1.bbf04231b2e58p-415,0x1.4db961d0ee2aap-187,6.64566552515019155e-57
20,124,0x1.daaf230df95e1p-189,0x1.bbf04231b2e58p-415,0x1.daaf230df95e2p-189,2.36317326775061724e-57
20,125,0x1.5190b8d2b7af7p-190,0x1.bbf04231b2e58p-415,0x1.5190b8d2b7af8p-190,8.40269657894850635e-58
20,126,0x1.e012a7081ba74p-192,0x1.bbf04231b2e58p-415,0x1.e012a7081ba75p-192,2.98750074974064046e-58
20,127,0x1.5558312abb10cp-193,0x1.bbf04231b2e58p-415,0x1.5558312abb10dp-193,1.06209601996515821e-58
20,128,0x1.e55f6363fa77bp-195,0x1.bbf04231b2e58p-415,0x1.e55f6363fa77cp-195,3.77560146191817079e-59
20,129,0x1.590f51aff1874p-196,0x1.bbf04231b2e58p-415,0x1.590f51aff1875p-196,1.34207041083404100e-59
20,130,0x1.ea94aeb13dee5p-198,0x1.bbf04231b2e58p-415,0x1.ea94aeb13dee6p-198,4.77014336701567497e-60
20,131,0x1.5cb5a3f38e77cp-199,0x1.bbf04231b2e58p-415,0x1.5cb5a3f38e77dp-199,1.69533183678274279e-60
20,132,0x1.efb1e37032e7bp-201,0x1.bbf04231b2e58p-415,0x1.efb1e37032e7cp-201,6.02483748194115758e-61
20,133,0x1.604ab45e9d806p-202,0x1.bbf04231b2e58p-415,0x1.604ab45e9d807p-202,2.14093490749762147e-61
20,134,0x1.f4b6603aa574dp-204,0x1.bbf04231b2e58p-415,0x1.f4b6603aa574ep-204,7.60727771326376533e-62
20,135,0x1.63ce124e2b9cdp-205,0x1.bbf04231b2e58p-415,0x1.63ce124e2b9cep-205,2.70285613335486128e-62
20,136,0x1.f9a187eaaddbdp-207,0x1.bbf04231b2e58p-415,0x1.f9a187eaaddbep-207,9.60250645320359884e-63
20,137,0x1.673f502dfdf91p-208,0x1.bbf04231b2e58p-415,0x1.673f502dfdf92p-208,3.41125723790251798e-63
20,138,0x1.fe72c1bf73929p-210,0x1.bbf04231b2e58p-415,0x1.fe72c1bf7392ap-210,1.21174902941099013e-63
20,139,0x1.6a9e0391d8e3ep-211,0x1.bbf04231b2e58p-415,0x1.6a9e0391d8e3fp-211,4.30407073362791849e-64
20,140,0x1.0194bcbff4defp-212,0x1.bbf04231b2e58p-415,0x1.0194bcbff4dfp-212,1.52867367743093705e-64
20,141,0x1.6de9c54d59651p-214,0x1.bbf04231b2e58p-415,0x1.6de9c54d59652p-214,5.42898947626871884e-65
20,142,0x1.03e28fcdc4635p-215,0x1.bbf04231b2e58p-415,0x1.03e28fcdc4636p-215,1.92793413117667860e-65
20,143,0x1.7122318a63f3p-217,0x1.bbf04231b2e58p-415,0x1.7122318a63f31p-217,6.84596251221719434e-66
20,144,0x1.062294a484443p-218,0x1.bbf04231b2e58p-415,0x1.062294a484444p-218,2.43078263324364555e-66
20,145,0x1.7446e7de2adaap-220,0x1.bbf04231b2e58p-415,0x1.7446e7de2adabp-220,8.63032529604563867e-67
20,146,0x1.085488518f69fp-221,0x1.bbf04231b2e58p-415,0x1.085488518f6ap-221,3.06392257002720149e-67
20,147,0x1.77578b5ccf15bp-223,0x1.bbf04231b2e58p-415,0x1.77578b5ccf15cp-223,1.08767245677773568e-67
20,148,0x1.0a782a61a32abp-224,0x1.bbf04231b2e58p-415,0x1.0a782a61a32acp-224,3.86089814518747863e-68
20,149,0x1.7a53c2ab9e6acp-226,0x1.bbf04231b2e58p-415,0x1.7a53c2ab9e6adp-226,1.37040384481923810e-68
20,150,0x1.0c8d3ced48eadp-227,0x1.bbf04231b2e58p-415,0x1.0c8d3ced48eaep-227,4.86383622033399131e-69
20,151,0x1.7d3b3811f1d39p-229,0x1.bbf04231b2e58p-415,0x1.7d3b3811f1d3ap-229,1.72615426388175356e-69
20,152,0x1.0e9384a4482e8p-230,0x1.bbf04231b2e58p-415,0x1.0e9384a4482e9p-230,6.12562905066291140e-70
20,153,0x1.800d9988af52bp-232,0x1.bbf04231b2e58p-415,0x1.800d9988af52cp-232,2.17366365005649580e-70
20,154,0x1.108ac8d82357ep-233,0x1.bbf04231b2e58p-415,0x1.108ac8d82357fp-233,7.71266887139521010e-71
20,155,0x1.82ca98c872acdp-235,0x1.bbf04231b2e58p-415,0x1.82ca98c872acep-235,2.73645213480942698e-71
20,156,0x1.1272d385a1a8cp-236,0x1.bbf04231b2e58p-415,0x1.1272d385a1a8dp-236,9.70827305672793536e-72
20,157,0x1.8571eb566089bp-238,0x1.bbf04231b2e58p-415,0x1.8571eb566089cp-238,3.44403214221064192e-72
20,158,0x1.144b715d68fabp-239,0x1.bbf04231b2e58p-415,0x1.144b715d68facp-239,1.22169732487701068e-72
20,159,0x1.88034a8fa7c81p-241,0x1.bbf04231b2e58p-415,0x1.88034a8fa7c82p-241,4.33342605334760693e-73
20,160,0x1.161471cbaa08ap-242,0x1.bbf04231b2e58p-415,0x1.161471cbaa08bp-242,1.53698851499298206e-73
20,161,0x1.8a7e73b3b4fe7p-244,0x1.bbf04231b2e58p-415,0x1.8a7e73b3b4fe8p-244,5.45106603493229216e-74
20,162,0x1.17cda6fee224fp-245,0x1.bbf04231b2e58p-415,0x1.17cda6fee225p-245,1.93314297198842215e-74
20,163,0x1.8ce327ed1c6c9p-247,0x1.bbf04231b2e58p-415,0x1.8ce327ed1c6cap-247,6.85517172355825906e-75
20,164,0x1.1976e5edb565bp-248,0x1.bbf04231b2e58p-415,0x1.1976e5edb565cp-248,2.43077439732837776e-75
20,165,0x1.8f312c593ea43p-250,0x1.bbf04231b2e58p-415,0x1.8f312c593ea44p-250,8.61872528567067699e-76
20,166,0x1.1b10065be47e7p-251,0x1.bbf04231b2e58p-415,0x1.1b10065be47e8p-251,3.05572037449186123e-76
20,167,0x1.91684a0eacb4dp-253,0x1.bbf04231b2e58p-415,0x1.91684a0eacb4ep-253,1.08331931036104054e-76
20,168,0x1.1c98e2de61917p-254,0x1.bbf04231b2e58p-415,0x1.1c98e2de61918p-254,3.84035857954306988e-77
20,169,0x1.93884e22507a9p-256,0x1.bbf04231b2e58p-415,0x1.93884e22507aap-256,1.36131804240408980e-77
20,170,0x1.1e1158de8780dp-257,0x1.bbf04231b2e58p-415,0x1.1e1158de8780ep-257,4.82525276033418834e-78
20,171,0x1.959109ab5e3d4p-259,0x1.bbf04231b2e58p-415,0x1.959109ab5e3d5p-259,1.71022515569770795e-78
20,172,0x1.1f79489c775a4p-260,0x1.bbf04231b2e58p-415,0x1.1f79489c775a5p-260,6.06121065155215364e-79
20,173,0x1.978251c614c83p-262,0x1.bbf04231b2e58p-415,0x1.978251c614c84p-262,2.14802058850504689e-79
20,174,0x1.20d095309f95fp-263,0x1.bbf04231b2e58p-415,0x1.20d095309f96p-263,7.61185635586868210e-80
20,175,0x1.995bff9551588p-265,0x1.bbf04231b2e58p-415,0x1.995bff9551589p-265,2.69721718383240987e-80
20,176,0x1.2217248c711eap-266,0x1.bbf04231b2e58p-415,0x1.2217248c711ebp-266,9.55684510432567162e-81
20,177,0x1.9b1df042fd187p-268,0x1.bbf04231b2e58p-415,0x1.9b1df042fd188p-268,3.38599706000287458e-81
20,178,0x1.234cdf7a461c8p-269,0x1.bbf04231b2e58p-415,0x1.234cdf7a461c9p-269,1.19958799428473676e-81
20,179,0x1.9cc804ff59d7dp-271,0x1.bbf04231b2e58p-415,0x1.9cc804ff59d7ep-271,4.24963129751187333e-82
20,180,0x1.2471b19c7ead3p-272,0x1.bbf04231b2e58p-415,0x1.2471b19c7ead4p-272,1.50537293078506883e-82
20,181,0x1.9e5a22ff33f5bp-274,0x1.bbf04231b2e58p-415,0x1.9e5a22ff33f5cp-274,5.33225319775652010e-83
20,182,0x1.2585896bd7c4ap-275,0x1.bbf04231b2e58p-415,0x1.2585896bd7c4bp-275,1.88864935570509320e-83
20,183,0x1.9fd43378ffa33p-277,0x1.bbf04231b2e58p-415,0x1.9fd43378ffa34p-277,6.68907269907144688e-84
20,184,0x1.2688583500b25p-278,0x1.bbf04231b2e58p-415,0x1.2688583500b26p-278,2.36894296802939333e-84
20,185,0x1.a13623a0e7d23p-280,0x1.bbf04231b2e58p-415,0x1.a13623a0e7d24p-280,8.38914111796215479e-85
20,186,0x1.277a121573aaep-281,0x1.bbf04231b2e58p-415,0x1.277a121573aafp-281,2.97067195743658475e-85
20,187,0x1.a27fe4a3d51e5p-283,0x1.bbf04231b2e58p-415,0x1.a27fe4a3d51e6p-283,1.05188022567642187e-85
20,188,0x1.285aadf796047p-284,0x1.bbf04231b2e58p-415,0x1.285aadf796048p-284,3.72436620857476481e-86
20,189,0x1.a3b16ba17362dp-286,0x1.bbf04231b2e58p-415,0x1.a3b16ba17362ep-286,1.31859993736618303e-86
20,190,0x1.292a258e24d11p-287,0x1.bbf04231b2e58p-415,0x1.292a258e24d12p-287,4.66818870555019541e-87
20,191,0x1.a4cab1a53ca3ap-289,0x1.bbf04231b2e58p-415,0x1.a4cab1a53ca3bp-289,1.65256491507523249e-87
20,192,0x1.29e8754ef2a7cp-290,0x1.bbf04231b2e58p-415,0x1.29e8754ef2a7dp-290,5.84983364938004504e-88
20,193,0x1.a5cbb39e902ep-292,0x1.bbf04231b2e58p-415,0x1.a5cbb39e902e1p-292,2.07063456131658287e-88
20,194,0x1.2a959c6cfb73cp-293,0x1.bbf04231b2e58p-415,0x1.2a959c6cfb73dp-293,7.32889407908800100e-89
20,195,0x1.a6b47257dcd65p-295,0x1.bbf04231b2e58p-415,0x1.a6b47257dcd66p-295,2.59387214223141072e-89
20,196,0x1.2b319cd1d3563p-296,0x1.bbf04231b2e58p-415,0x1.2b319cd1d3564p-296,9.17981452597029066e-90
20,197,0x1.a784f26ce5883p-298,0x1.bbf04231b2e58p-415,0x1.a784f26ce5884p-298,3.24858741633358699e-90
20,198,0x1.2bbc7b16758bdp-299,0x1.bbf04231b2e58p-415,0x1.2bbc7b16758bep-299,1.14955725136587759e-90
20,199,0x1.a83d3c402725cp-301,0x1.bbf04231b2e58p-415,0x1.a83d3c402725dp-301,4.06763649881692439e-91
20,200,0x1.2c363e7b788aep-302,0x1.bbf04231b2e58p-415,0x1.2c363e7b788afp-302,1.43922678890943735e-91
20,201,0x1.a8dd5bef673a1p-304,0x1.bbf04231b2e58p-415,0x1.a8dd5bef673a2p-304,5.09204210009918288e-92
20,202,0x1.2c9ef0e0ac76bp-305,0x1.bbf04231b2e58p-415,0x1.2c9ef0e0ac76cp-305,1.80148427012967092e-92
20,203,0x1.a965614772a97p-307,0x1.bbf04231b2e58p-415,0x1.a965614772a98p-307,6.37301269653461664e-93
20,204,0x1.2cf69ebc29345p-308,0x1.bbf04231b2e58p-415,0x1.2cf69ebc29346p-308,2.25442087085837655e-93
20,205,0x1.a9d55fb713f49p-310,0x1.bbf04231b2e58p-415,0x1.a9d55fb713f4ap-310,7.97445835739659761e-94
20,206,0x1.2d3d5710d15fdp-311,0x1.bbf04231b2e58p-415,0x1.2d3d5710d15fep-311,2.82061271628640781e-94
20,207,0x1.aa2d6e4148827p-313,0x1.bbf04231b2e58p-415,0x1.aa2d6e4148828p-313,9.97612477138090408e-95
20,208,0x1.2d732b644f849p-314,0x1.bbf04231b2e58p-415,0x1.2d732b644f84ap-314,3.52822694833142113e-95
20,209,0x1.aa6da76ebc975p-316,0x1.bbf04231b2e58p-415,0x1.aa6da76ebc976p-316,1.24774966121325193e-95
20,210,0x1.2d982fb492f03p-317,0x1.bbf04231b2e58p-415,0x1.2d982fb492f04p-317,4.41239917503912080e-96
20,211,0x1.aa96293e957c8p-319,0x1.bbf04231b2e58p-415,0x1.aa96293e957c9p-319,1.56026581500560061e-96
20,212,0x1.2dac7a6cd18dep-320,0x1.bbf04231b2e58p-415,0x1.2dac7a6cd18dfp-320,5.51694855354610995e-97
20,213,0x1.aaa7151691af6p-322,0x1.bbf04231b2e58p-415,0x1.aaa7151691af7p-322,1.95063446863010615e-97
20,214,0x1.2db0245a1449cp-323,0x1.bbf04231b2e58p-415,0x1.2db0245a1449dp-323,6.89651285212117705e-98
20,215,0x1.aaa08fb286c09p-325,0x1.bbf04231b2e58p-415,0x1.aaa08fb286c0ap-325,2.43814750987316006e-98
20,216,0x1.2da3489f535d2p-326,0x1.bbf04231b2e58p-415,0x1.2da3489f535d3p-326,8.61920582142237473e-99
20,217,0x1.aa82c113448a9p-328,0x1.bbf04231b2e58p-415,0x1.aa82c113448aap-328,3.04685262075013314e-99
20,218,0x1.2d8604a9281p-329,0x1.bbf04231b2e58p-415,0x1.2d8604a928101p-329,1.07699240164121284e-99
20,219,0x1.aa4dd46ce5ad1p-331,0x1.bbf04231b2e58p-415,0x1.aa4dd46ce5ad2p-331,3.80671970851056937e-100
20,220,0x1.2d587821196f1p-332,0x1.bbf04231b2e58p-415,0x1.2d587821196f2p-332,1.34544610085589840e-100
20,221,0x1.aa01f81494f78p-334,0x1.bbf04231b2e58p-415,0x1.aa01f81494f79p-334,4.75509199367779420e-101
20,222,0x1.2d1ac4e089712p-335,0x1.bbf04231b2e58p-415,0x1.2d1ac4e089713p-335,1.68046251507950831e-101
20,223,0x1.a99f5d6dcf9c3p-337,0x1.bbf04231b2e58p-415,0x1.a99f5d6dcf9c4p-337,5.93849088229100064e-102
20,224,0x1.2ccd0ee3480bp-338,0x1.bbf04231b2e58p-415,0x1.2ccd0ee3480b1p-338,2.09846044866418016e-102
20,225,0x1.a92638d72be15p-340,0x1.bbf04231b2e58p-415,0x1.a92638d72be16p-340,7.41486045560784905e-103
20,226,0x1.2c6f7c39d1bbfp-341,0x1.bbf04231b2e58p-415,0x1.2c6f7c39d1bcp-341,2.61988812368606782e-103
20,227,0x1.a896c196ac28cp-343,0x1.bbf04231b2e58p-415,0x1.a896c196ac28dp-343,9.25635813483542562e-104
20,228,0x1.2c0234fb3eff4p-344,0x1.bbf04231b2e58p-415,0x1.2c0234fb3eff5p-344,3.27020712854185915e-104
20,229,0x1.a7f131c5a5f43p-346,0x1.bbf04231b2e58p-415,0x1.a7f131c5a5f44p-346,1.15528237829459169e-104
20,230,0x1.2b856336ea1fcp-347,0x1.bbf04231b2e58p-415,0x1.2b856336ea1fdp-347,4.08111546066352530e-105
20,231,0x1.a735c63c44a8bp-349,0x1.bbf04231b2e58p-415,0x1.a735c63c44a8cp-349,1.44160913814950243e-105
20,232,0x1.2af932e5d0dc7p-350,0x1.bbf04231b2e58p-415,0x1.2af932e5d0dc8p-350,5.09206748185817345e-106
20,233,0x1.a664be7cafcp-352,0x1.bbf04231b2e58p-415,0x1.a664be7cafc01p-352,1.79853469423975417e-106
20,234,0x1.2a5dd1dbb74cep-353,0x1.bbf04231b2e58p-415,0x1.2a5dd1dbb74cfp-353,6.35216252031105310e-107
20,235,0x1.a57e5c9ddbf43p-355,0x1.bbf04231b2e58p-415,0x1.a57e5c9ddbf44p-355,2.24337853084568304e-107
20,236,0x1.29b36fb811506p-356,0x1.bbf04231b2e58p-415,0x1.29b36fb811507p-356,7.92249110231325755e-108
20,237,0x1.a482e5360f0c3p-358,0x1.bbf04231b2e58p-415,0x1.a482e5360f0c4p-358,2.79768792216360724e-108
20,238,0x1.28fa3dd6b7f5fp-359,0x1.bbf04231b2e58p-415,0x1.28fa3dd6b7f6p-359,9.87904917416386631e-109
20,239,0x1.a3729f451dbcbp-361,0x1.bbf04231b2e58p-415,0x1.a3729f451dbccp-361,3.48826492907109989e-109
20,240,0x1.28326f40700f9p-362,0x1.bbf04231b2e58p-415,0x1.28326f40700fbp-362,1.23163571639952401e-109
20,241,0x1.a24dd41e6b077p-364,0x1.bbf04231b2e58p-415,0x1.a24dd41e6b07bp-364,4.34844167295997864e-110
20,242,0x1.275c389b472efp-365,0x1.bbf04231b2e58p-415,0x1.275c389b472f7p-365,1.53519535512938938e-110
20,243,0x1.a114cf52b084fp-367,0x1.bbf04231b2e58p-415,0x1.a114cf52b086cp-367,5.41966362440006161e-111
20,244,0x1.2677d01acc4ecp-368,0x1.bbf04231b2e58p-415,0x1.2677d01acc524p-368,1.91319732637890621e-111
20,245,0x1.9fc7de9996d15p-370,0x1.bbf04231b2e58p-415,0x1.9fc7de9996df4p-370,6.75345495103414884e-112
20,246,0x1.25856d702915bp-371,0x1.bbf04231b2e58p-415,0x1.25856d7029318p-371,2.38380715686646888e-112
20,247,0x1.9e6751bb2537fp-373,0x1.bbf04231b2e58p-415,0x1.9e6751bb25a7p-373,8.41385768635648158e-113
20,248,0x1.248549ba20dcdp-374,0x1.bbf04231b2e58p-415,0x1.248549ba21baep-374,2.96960164696066938e-113
20,249,0x1.9cf37a790fa56p-376,0x1.bbf04231b2e58p-415,0x1.9cf37a79131d5p-376,1.04804584182991575e-113
20,250,0x1.23779f74fa14p-377,0x1.bbf04231b2e58p-415,0x1.23779f750103dp-377,3.69863498090246589e-114
20,251,0x1.9b6cac77e8b6dp-379,0x1.bbf04231b2e58p-415,0x1.9b6cac780475ep-379,1.30521433545356655e-114
20,252,0x1.225caa6a54dccp-380,0x1.bbf04231b2e58p-415,0x1.225caa6a8c5aep-380,4.60576128245916861e-115
20,253,0x1.99d33d2836b91p-382,0x1.bbf04231b2e58p-415,0x1.99d33d2914b14p-382,1.62517562375987334e-115
20,254,0x1.2134a7a0e436bp-383,0x1.bbf04231b2e58p-415,0x1.2134a7a2a027p-383,5.73427501757270780e-116
20,255,0x1.982783af373dbp-385,0x1.bbf04231b2e58p-415,0x1.982783b626fedp-385,2.02318751924164611e-116
20,256,0x1.1fffd54b9d2e1p-386,0x1.bbf04231b2e58p-415,0x1.1fffd5597cb03p-386,7.13794528778682639e-117
20,257,0x1.9669d8cda62a1p-388,0x1.bbf04231b2e58p-415,0x1.9669d90524326p-388,2.51819761464617913e-117
20,258,0x1.1ebe72b524c92p-389,0x1.bbf04231b2e58p-415,0x1.1ebe732420d9cp-389,8.88353824616216557e-118
20,259,0x1.949a96b83dc43p-391,0x1.bbf04231b2e58p-415,0x1.949a98742e067p-391,3.13373149666327489e-118
20,260,0x1.1d70c0101bca9p-392,0x1.bbf04231b2e58p-415,0x1.1d70c387fc4fp-392,1.10539450884091620e-118
20,261,0x1.92ba188951931p-394,0x1.bbf04231b2e58p-415,0x1.92ba2668d3a4bp-394,3.89899474872383201e-119
20,262,0x1.1c16fd84e6979p-395,0x1.bbf04231b2e58p-415,0x1.1c171943eabacp-395,1.37520690618814988e-119
20,263,0x1.90c8b6d57deb9p-397,0x1.bbf04231b2e58p-415,0x1.90c925d18e781p-397,4.85024872007962190e-120
20,264,0x1.1ab164dff529dp-398,0x1.bbf04231b2e58p-415,0x1.1ab242d81642cp-398,1.71057426787754013e-120
20,265,0x1.8ec6b02bcdff4p-400,0x1.bbf04231b2e58p-415,0x1.8eca280c5262bp-400,6.03261588146305762e-121
20,266,0x1.193ffde9f5f0cp-401,0x1.bbf04231b2e58p-415,0x1.1946edaafeb7ap-401,2.12748297651595610e-121
20,267,0x1.8cb3878977ea1p-403,0x1.bbf04231b2e58p-415,0x1.8ccf468d9b055p-403,7.50332969218468669e-122
20,268,0x1.17c1753e60963p-404,0x1.bbf04231b2e58p-415,0x1.17f8f346a6ccap-404,2.64701927025616452e-122
20,269,0x1.8a89c71bd7d3dp-406,0x1.bbf04231b2e58p-415,0x1.8b67bf3cf0ad5p-406,9.34596691881261927e-123
20,270,0x1.162b70416b87p-407,0x1.bbf04231b2e58p-415,0x1.17e760839d39fp-407,3.30796281883379130e-123
20,271,0x1.8823886966a87p-409,0x1.bbf04231b2e58p-415,0x1.8f1349722d741p-409,1.17908930432025215e-123
20,272,0x1.143a0a82a4621p-410,0x1.bbf04231b2e58p-415,0x1.22198c9431f95p-410,4.28557642008365087e-124
20,273,0x1.84920e9685db7p-412,0x1.bbf04231b2e58p-415,0x1.bc1016dcbc383p-412,1.64000911535478286e-124
20,274,0x1.1052378b13c44p-413,0x1.bbf04231b2e58p-415,0x1.7f4e4817807dbp-413,7.07810828074316620e-125
20,275,0x1.7a721a2862311p-415,0x1.bbf04231b2e58p-415,0x1.9b312e2d0a8b5p-414,3.79652796717830828e-125
20,276,0x1.01b4e28733b3ap-416,0x1.bbf04231b2e58p-415,0x1.1e6559baa65fbp-414,2.64428722468327032e-125
20,277,0x1.4e9f7ee3600ebp-418,0x1.bbf04231b2e58p-415,0x1.e5c4320e1ee76p-415,2.24253534042750686e-125
20,278,0x1.8279856fb8ceep-420,0x1.bbf04231b2e58p-415,0x1.c8040e5d30acp-415,2.10519226933169780e-125
20,279,0x1.3efdf632b3937p-422,0x1.bbf04231b2e58p-415,0x1.be6e3e1e184cbp-415,2.06094225520344634e-125
20,280,0x0p+0,0x1.bbf04231b2e58p-415,0x1.bbf04231b2e58p-415,2.04943738541637617e-125
21,0,0x1.322b6e541983dp-4,0x1.0a1bfbef96947p-411,0x1.322b6e541983ep-4,7.47484502513495463e-02
21,1,0x1.bcc8d162ad2b9p-6,0x1.0a1bfbef96947p-411,0x1.bcc8d162ad2bap-6,2.71474880962212298e-02
21,2,0x1.35ed817fc6ccdp-7,0x1.0a1bfbef96947p-411,0x1.35ed817fc6ccep-7,9.45824454497881315e-03
21,3,0x1.a58c83a51a749p-9,0x1.0a1bfbef96947p-411,0x1.a58c83a51a74ap-9,3.21616274827799409e-03
21,4,0x1.1c0cfb99747f5p-10,0x1.0a1bfbef96947p-411,0x1.1c0cfb99747f6p-10,1.08356748238635841e-03
21,5,0x1.7f916e4194f59p-12,0x1.0a1bfbef96947p-411,0x1.7f916e4194f5ap-12,3.65799034715443721e-04
21,6,0x1.05369e4ae4d27p-13,0x1.0a1bfbef96947p-411,0x1.05369e4ae4d28p-13,1.24556232858988010e-04
21,7,0x1.67bd046cf2d4ep-15,0x1.0a1bfbef96947p-411,0x1.67bd046cf2d4fp-15,4.28841529821153363e-05
21,8,0x1.f4ce6ff814997p-17,0x1.0a1bfbef96947p-411,0x1.f4ce6ff814998p-17,1.49251936677793879e-05
21,9,0x1.5fd8d735fdbfep-18,0x1.0a1bfbef96947p-411,0x1.5fd8d735fdbffp-18,5.24292936709188416e-06
21,10,0x1.f21e38cc2020dp-20,0x1.0a1bfbef96947p-411,0x1.f21e38cc2020ep-20,1.85563435464730678e-06
21,11,0x1.62b559e893935p-21,0x1.0a1bfbef96947p-411,0x1.62b559e893936p-21,6.60695886509240217e-07
21,12,0x1.fb916d47ab968p-23,0x1.0a1bfbef96947p-411,0x1.fb916d47ab969p-23,2.36354802609369423e-07
21,13,0x1.6c84c99e925dp-24,0x1.0a1bfbef96947p-411,0x1.6c84c99e925d1p-24,8.48711238867168666e-08
21,14,0x1.0691841a4c1b9p-25,0x1.0a1bfbef96947p-411,0x1.0691841a4c1bap-25,3.05669873461124101e-08
21,15,0x1.7b2830909503dp-27,0x1.0a1bfbef96947p-411,0x1.7b2830909503ep-27,1.10349207837029575e-08
21,16,0x1.1242dbca45bb2p-28,0x1.0a1bfbef96947p-411,0x1.1242dbca45bb3p-28,3.99102524142913888e-09
21,17,0x1.8d54b22be8823p-30,0x1.0a1bfbef96947p-411,0x1.8d54b22be8824p-30,1.44548118871748746e-09
21,18,0x1.201e27401b83bp-31,0x1.0a1bfbef96947p-411,0x1.201e27401b83cp-31,5.24083200459930515e-10
21,19,0x1.a22b7f2e59193p-33,0x1.0a1bfbef96947p-411,0x1.a22b7f2e59194p-33,1.90161658510428192e-10
21,20,0x1.2fa046c68af57p-34,0x1.0a1bfbef96947p-411,0x1.2fa046c68af58p-34,6.90365777584947751e-11
21,21,0x1.b911db5ef0d12p-36,0x1.0a1bfbef96947p-411,0x1.b911db5ef0d13p-36,2.50719127497922560e-11
21,22,0x1.406ddf46ac0f6p-37,0x1.0a1bfbef96947p-411,0x1.406ddf46ac0f7p-37,9.10714527925469448e-12
21,23,0x1.d19bf81909b1dp-39,0x1.0a1bfbef96947p-411,0x1.d19bf81909b1ep-39,3.30835273432271657e-12
21,24,0x1.52477268f4cb9p-40,0x1.0a1bfbef96947p-411,0x1.52477268f4cbap-40,1.20180874854665395e-12
21,25,0x1.eb7f4a1dd0561p-42,0x1.0a1bfbef96947p-411,0x1.eb7f4a1dd0562p-42,4.36537228300999327e-13
21,26,0x1.6501753327bafp-43,0x1.0a1bfbef96947p-411,0x1.6501753327bbp-43,1.58542376816853755e-13
21,27,0x1.0344a58421a83p-44,0x1.0a1bfbef96947p-411,0x1.0344a58421a84p-44,5.75690940642569996e-14
21,28,0x1.787ed9945b78ep-46,0x1.0a1bfbef96947p-411,0x1.787ed9945b78fp-46,2.08996990547223077e-14
21,29,0x1.114c783709a33p-47,0x1.0a1bfbef96947p-411,0x1.114c783709a34p-47,7.58556299260656801e-15
21,30,0x1.8cad1b44efef5p-49,0x1.0a1bfbef96947p-411,0x1.8cad1b44efef6p-49,2.75249404759123605e-15
21,31,0x1.1fccee1fe4c14p-50,0x1.0a1bfbef96947p-411,0x1.1fccee1fe4c15p-50,9.98508596961052383e-16
21,32,0x1.a1814e46dbca5p-52,0x1.0a1bfbef96947p-411,0x1.a1814e46dbca6p-52,3.62127949726653488e-16
21,33,0x1.2ec0608ca0845p-53,0x1.0a1bfbef96947p-411,0x1.2ec0608ca0846p-53,1.31297521997828292e-16
21,34,0x1.b6f5e8dae53b9p-55,0x1.0a1bfbef96947p-411,0x1.b6f5e8dae53bap-55,4.75922019172866036e-17
21,35,0x1.3e2456da55375p-56,0x1.0a1bfbef96947p-411,0x1.3e2456da55376p-56,1.72465096820490602e-17
21,36,0x1.cd091d0bcdfcep-58,0x1.0a1bfbef96947p-411,0x1.cd091d0bcdfcfp-58,6.24819748157570373e-18
21,37,0x1.4df885b668838p-59,0x1.0a1bfbef96947p-411,0x1.4df885b668839p-59,2.26307410237846910e-18
21,38,0x1.e3bba1f66a56dp-61,0x1.0a1bfbef96947p-411,0x1.e3bba1f66a56ep-61,8.19475475878086028e-19
21,39,0x1.5e3e14021fbdfp-62,0x1.0a1bfbef96947p-411,0x1.5e3e14021fbep-62,2.96666930932093931e-19
21,40,0x1.fb0fd39c737abp-64,0x1.0a1bfbef96947p-411,0x1.fb0fd39c737acp-64,1.07374517526131764e-19
21,41,0x1.6ef7154666003p-65,0x1.0a1bfbef96947p-411,0x1.6ef7154666004p-65,3.88539485141409763e-20
21,42,0x1.09848a5a557dcp-66,0x1.0a1bfbef96947p-411,0x1.09848a5a557ddp-66,1.40563919096695273e-20
21,43,0x1.80262c97320edp-68,0x1.0a1bfbef96947p-411,0x1.80262c97320eep-68,5.08417124248210202e-21
21,44,0x1.15d5b0e1454c3p-69,0x1.0a1bfbef96947p-411,0x1.15d5b0e1454c4p-69,1.83855601868191032e-21
21,45,0x1.91ce4d51d7fe7p-71,0x1.0a1bfbef96947p-411,0x1.91ce4d51d7fe8p-71,6.64732046889540771e-22
21,46,0x1.227d8411fce4fp-72,0x1.0a1bfbef96947p-411,0x1.227d8411fce5p-72,2.40287941384953437e-22
21,47,0x1.a3f2916285849p-74,0x1.0a1bfbef96947p-411,0x1.a3f291628584ap-74,8.68431139618276078e-23
21,48,0x1.2f7e3b5eb0718p-75,0x1.0a1bfbef96947p-411,0x1.2f7e3b5eb0719p-75,3.13804503643178097e-23
21,49,0x1.b6961eafdd547p-77,0x1.0a1bfbef96947p-411,0x1.b6961eafdd548p-77,1.13371928675756622e-23
21,50,0x1.3cda10398f72dp-78,0x1.0a1bfbef96947p-411,0x1.3cda10398f72ep-78,4.09521366161671664e-24
21,51,0x1.c9bc16ead8605p-80,0x1.0a1bfbef96947p-411,0x1.c9bc16ead8606p-80,1.47902066389405955e-24
21,52,0x1.4a933557bda68p-81,0x1.0a1bfbef96947p-411,0x1.4a933557bda69p-81,5.34072769609116699e-25
21,53,0x1.dd678e4dd7e9fp-83,0x1.0a1bfbef96947p-411,0x1.dd678e4dd7eap-83,1.92822148079750677e-25
21,54,0x1.58abd1e9f88c2p-84,0x1.0a1bfbef96947p-411,0x1.58abd1e9f88c3p-84,6.96057888194715136e-26
21,55,0x1.f19b86d773887p-86,0x1.0a1bfbef96947p-411,0x1.f19b86d773888p-86,2.51227599115424538e-26
21,56,0x1.6725ff58c35cfp-87,0x1.0a1bfbef96947p-411,0x1.6725ff58c35dp-87,9.06618091684872039e-27
21,57,0x1.032d77277e3aap-88,0x1.0a1bfbef96947p-411,0x1.032d77277e3abp-88,3.27128121080943864e-27
21,58,0x1.7603c8873ccacp-90,0x1.0a1bfbef96947p-411,0x1.7603c8873ccadp-90,1.18018254715062889e-27
21,59,0x1.0dd44ef6ffdd5p-91,0x1.0a1bfbef96947p-411,0x1.0dd44ef6ffdd6p-91,4.25715618892591117e-28
21,60,0x1.854729f45c139p-93,0x1.0a1bfbef96947p-411,0x1.854729f45c13ap-93,1.53543091390970454e-28
21,61,0x1.18c3ad7760f0ep-94,0x1.0a1bfbef96947p-411,0x1.18c3ad7760f0fp-94,5.53710079073607203e-29
21,62,0x1.94f2124de420dp-96,0x1.0a1bfbef96947p-411,0x1.94f2124de420ep-96,1.99653591320810890e-29
21,63,0x1.23fcebc2dfd0ep-97,0x1.0a1bfbef96947p-411,0x1.23fcebc2dfd0fp-97,7.19805925767005896e-30
21,64,0x1.a506633152c55p-99,0x1.0a1bfbef96947p-411,0x1.a506633152c56p-99,2.59476659385809950e-30
21,65,0x1.2f8159fdeead1p-100,0x1.0a1bfbef96947p-411,0x1.2f8159fdeead2p-100,9.35247849456485959e-31
21,66,0x1.b585f1f293467p-102,0x1.0a1bfbef96947p-411,0x1.b585f1f293468p-102,3.37055630675353544e-31
21,67,0x1.3b523fdf401fbp-103,0x1.0a1bfbef96947p-411,0x1.3b523fdf401fcp-103,1.21457341789758427e-31
21,68,0x1.c672885238992p-105,0x1.0a1bfbef96947p-411,0x1.c672885238993p-105,4.37616920774737883e-32
21,69,0x1.4770dd2792aap-106,0x1.0a1bfbef96947p-411,0x1.4770dd2792aa1p-106,1.57657046328582705e-32
21,70,0x1.d7cde5186d515p-108,0x1.0a1bfbef96947p-411,0x1.d7cde5186d516p-108,5.67913740564943812e-33
21,71,0x1.53de6a045c433p-109,0x1.0a1bfbef96947p-411,0x1.53de6a045c434p-109,2.04551096587968889e-33
21,72,0x1.e999bc90bedd9p-111,0x1.0a1bfbef96947p-411,0x1.e999bc90beddap-111,7.36669006494616281e-34
21,73,0x1.609c175c3e523p-112,0x1.0a1bfbef96947p-411,0x1.609c175c3e524p-112,2.65274078313456096e-34
21,74,0x1.fbd7b8e6f2145p-114,0x1.0a1bfbef96947p-411,0x1.fbd7b8e6f2146p-114,9.55145894351885953e-35
21,75,0x1.6dab0f064659bp-115,0x1.0a1bfbef96947p-411,0x1.6dab0f064659cp-115,3.43872720824987828e-35
21,76,0x1.0744bd339a4f6p-116,0x1.0a1bfbef96947p-411,0x1.0744bd339a4f7p-116,1.23788259435995248e-35
21,77,0x1.7b0c73ee0cf55p-118,0x1.0a1bfbef96947p-411,0x1.7b0c73ee0cf56p-118,4.45569539649679597e-36
21,78,0x1.10d84bd27c1a3p-119,0x1.0a1bfbef96947p-411,0x1.10d84bd27c1a4p-119,1.60363823388146948e-36
21,79,0x1.88c162272d3c1p-121,0x1.0a1bfbef96947p-411,0x1.88c162272d3c2p-121,5.77102198242459191e-37
21,80,0x1.1aa74ec605749p-122,0x1.0a1bfbef96947p-411,0x1.1aa74ec60574ap-122,2.07661028909711889e-37
21,81,0x1.96caeef2976d1p-124,0x1.0a1bfbef96947p-411,0x1.96caeef2976d2p-124,7.47160204465377500e-38
21,82,0x1.24b287afb0f0dp-125,0x1.0a1bfbef96947p-411,0x1.24b287afb0f0ep-125,2.68800093835507145e-38
21,83,0x1.a52a28b81760cp-127,0x1.0a1bfbef96947p-411,0x1.a52a28b81760dp-127,9.66946692580610990e-39
21,84,0x1.2efab3545db9ap-128,0x1.0a1bfbef96947p-411,0x1.2efab3545db9bp-128,3.47803177945754415e-39
21,85,0x1.b3e016f625381p-130,0x1.0a1bfbef96947p-411,0x1.b3e016f625382p-130,1.25090090824333449e-39
21,86,0x1.3980898dec733p-131,0x1.0a1bfbef96947p-411,0x1.3980898dec734p-131,4.49853450004446610e-40
21,87,0x1.c2edba29cd5bbp-133,0x1.0a1bfbef96947p-411,0x1.c2edba29cd5bcp-133,1.61762709850998553e-40
21,88,0x1.4444bd37d451dp-134,0x1.0a1bfbef96947p-411,0x1.4444bd37d451ep-134,5.81628119333319156e-41
21,89,0x1.d2540bb035996p-136,0x1.0a1bfbef96947p-411,0x1.d2540bb035997p-136,2.09108843313586988e-41
21,90,0x1.4f47fc17ac60ep-137,0x1.0a1bfbef96947p-411,0x1.4f47fc17ac60fp-137,7.51726427505160238e-42
21,91,0x1.e213fda3042cbp-139,0x1.0a1bfbef96947p-411,0x1.e213fda3042ccp-139,2.70214114286596599e-42
21,92,0x1.5a8aeec279ee3p-140,0x1.0a1bfbef96947p-411,0x1.5a8aeec279ee4p-140,9.71219522594475218e-43
21,93,0x1.f22e7ab0b534dp-142,0x1.0a1bfbef96947p-411,0x1.f22e7ab0b534ep-142,3.49050527214625808e-43
21,94,0x1.660e387f705c1p-143,0x1.0a1bfbef96947p-411,0x1.660e387f705c2p-143,1.25435672945209114e-43
21,95,0x1.015232f8ddaa7p-144,0x1.0a1bfbef96947p-411,0x1.015232f8ddaa8p-144,4.50729560797455603e-44
21,96,0x1.71d27728afc15p-146,0x1.0a1bfbef96947p-411,0x1.71d27728afc16p-146,1.61947244953961472e-44
21,97,0x1.09bb4d5d90663p-147,0x1.0a1bfbef96947p-411,0x1.09bb4d5d90664p-147,5.81827112533726805e-45
21,98,0x1.7dd8430a7699ap-149,0x1.0a1bfbef96947p-411,0x1.7dd8430a7699bp-149,2.09015036704237546e-45
21,99,0x1.1252f6379f03bp-150,0x1.0a1bfbef96947p-411,0x1.1252f6379f03cp-150,7.50800580636716166e-46
21,100,0x1.8a202ec126177p-152,0x1.0a1bfbef96947p-411,0x1.8a202ec126178p-152,2.69671756329087904e-46
21,101,0x1.1b1993268049bp-153,0x1.0a1bfbef96947p-411,0x1.1b1993268049cp-153,9.68524065781599253e-47
21,102,0x1.96aac71668407p-155,0x1.0a1bfbef96947p-411,0x1.96aac71668408p-155,3.47816151849547987e-47
21,103,0x1.240f859f143d9p-156,0x1.0a1bfbef96947p-411,0x1.240f859f143dap-156,1.24897496344999894e-47
21,104,0x1.a37892ddb9aedp-158,0x1.0a1bfbef96947p-411,0x1.a37892ddb9aeep-158,4.48458904659877943e-48
21,105,0x1.2d352ad2689b5p-159,0x1.0a1bfbef96947p-411,0x1.2d352ad2689b6p-159,1.61011453993817440e-48
21,106,0x1.b08a12d08e2c1p-161,0x1.0a1bfbef96947p-411,0x1.b08a12d08e2c2p-161,5.78037954653950537e-49
21,107,0x1.368adb9447017p-162,0x1.0a1bfbef96947p-411,0x1.368adb9447018p-162,2.07501700621888159e-49
21,108,0x1.bddfc16a3ef51p-164,0x1.0a1bfbef96947p-411,0x1.bddfc16a3ef52p-164,7.44822757937297674e-50
21,109,0x1.4010ec41ab5cbp-165,0x1.0a1bfbef96947p-411,0x1.4010ec41ab5ccp-165,2.67331684471784410e-50
21,110,0x1.cb7a12c3eaa7bp-167,0x1.0a1bfbef96947p-411,0x1.cb7a12c3eaa7cp-167,9.59432427087923723e-51
21,111,0x1.49c7aca73ccddp-168,0x1.0a1bfbef96947p-411,0x1.49c7aca73ccdep-168,3.44306362463952991e-51
21,112,0x1.d9597470695adp-170,0x1.0a1bfbef96947p-411,0x1.d9597470695aep-170,1.23549966795291289e-51
21,113,0x1.53af67e7dfe3dp-171,0x1.0a1bfbef96947p-411,0x1.53af67e7dfe3ep-171,4.43309843543357181e-52
21,114,0x1.e77e4d58731ddp-173,0x1.0a1bfbef96947p-411,0x1.e77e4d58731dep-173,1.59052132518221328e-52
21,115,0x1.5dc8646376183p-174,0x1.0a1bfbef96947p-411,0x1.5dc8646376184p-174,5.70609787238970188e-53
21,116,0x1.f5e8fd97135f7p-176,0x1.0a1bfbef96947p-411,0x1.f5e8fd97135f8p-176,2.04694771572898076e-53
21,117,0x1.6812e39ddc5edp-177,0x1.0a1bfbef96947p-411,0x1.6812e39ddc5eep-177,7.34247213231096445e-54
21,118,0x1.024cef2b408bap-178,0x1.0a1bfbef96947p-411,0x1.024cef2b408bbp-178,2.63357744709436892e-54
21,119,0x1.728f22263897ep-180,0x1.0a1bfbef96947p-411,0x1.728f22263897fp-180,9.44535565483624829e-55
21,120,0x1.09c8a0d6b867ep-181,0x1.0a1bfbef96947p-411,0x1.09c8a0d6b867fp-181,3.38734295423308568e-55
21,121,0x1.7d3d577ea43e1p-183,0x1.0a1bfbef96947p-411,0x1.7d3d577ea43e2p-183,1.21469949790319707e-55
21,122,0x1.1167b93e7a06ep-184,0x1.0a1bfbef96947p-411,0x1.1167b93e7a06fp-184,4.35559565346177930e-56
21,123,0x1.881db6044168dp-186,0x1.0a1bfbef96947p-411,0x1.881db6044168ep-186,1.56169230296496969e-56
21,124,0x1.192a5a277bd52p-187,0x1.0a1bfbef96947p-411,0x1.192a5a277bd53p-187,5.59902981497376783e-57
21,125,0x1.93306ad7c608dp-189,0x1.0a1bfbef96947p-411,0x1.93306ad7c608ep-189,2.00724169414345277e-57
21,126,0x1.2110a19ab8b35p-190,0x1.0a1bfbef96947p-411,0x1.2110a19ab8b36p-190,7.19542279604078435e-58
21,127,0x1.9e759dc68885fp-192,0x1.0a1bfbef96947p-411,0x1.9e759dc68886p-192,2.57918741916717526e-58
21,128,0x1.291aa9d525e7p-193,0x1.0a1bfbef96947p-411,0x1.291aa9d525e71p-193,9.24441844542207795e-59
21,129,0x1.a9ed713417e9bp-195,0x1.0a1bfbef96947p-411,0x1.a9ed713417e9cp-195,3.31319174158470647e-59
21,130,0x1.314889380f362p-196,0x1.0a1bfbef96947p-411,0x1.314889380f363p-196,1.18736432032247070e-59
21,131,0x1.b5980204694f3p-198,0x1.0a1bfbef96947p-411,0x1.b5980204694f4p-198,4.25492622389714110e-60
21,132,0x1.399a5239dfc43p-199,0x1.0a1bfbef96947p-411,0x1.399a5239dfc44p-199,1.52465243939911691e-60
21,133,0x1.c1756786a3897p-201,0x1.0a1bfbef96947p-411,0x1.c1756786a3898p-201,5.46286680192569040e-61
21,134,0x1.421013575ddcep-202,0x1.0a1bfbef96947p-411,0x1.421013575ddcfp-202,1.95722821727550598e-61
21,135,0x1.cd85b360917fap-204,0x1.0a1bfbef96947p-411,0x1.cd85b360917fbp-204,7.01186554415410405e-62
21,136,0x1.4aa9d7055f84ep-205,0x1.0a1bfbef96947p-411,0x1.4aa9d7055f84fp-205,2.51186965525800472e-62
21,137,0x1.d9c8f17ac3513p-207,0x1.0a1bfbef96947p-411,0x1.d9c8f17ac3514p-207,8.99771388845131961e-63
21,138,0x1.5367a3a2fd521p-208,0x1.0a1bfbef96947p-411,0x1.5367a3a2fd522p-208,3.22284165760762468e-63
21,139,0x1.e63f27ed65d1ap-210,0x1.0a1bfbef96947p-411,0x1.e63f27ed65d1bp-210,1.15429712735507362e-63
21,140,0x1.5c497b6c48da2p-211,0x1.0a1bfbef96947p-411,0x1.5c497b6c48da3p-211,4.13397897359717357e-64
21,141,0x1.f2e856edd7ab9p-213,0x1.0a1bfbef96947p-411,0x1.f2e856edd7abap-213,1.48044084090201572e-64
21,142,0x1.654f5c6d8ba1fp-214,0x1.0a1bfbef96947p-411,0x1.654f5c6d8ba2p-214,5.30134585946158977e-65
21,143,0x1.ffc478bd02fb1p-216,0x1.0a1bfbef96947p-411,0x1.ffc478bd02fb2p-216,1.89825103750751385e-65
21,144,0x1.6e79407713651p-217,0x1.0a1bfbef96947p-411,0x1.6e79407713652p-217,6.79663139609431181e-66
21,145,0x1.0669c0cb41034p-218,0x1.0a1bfbef96947p-411,0x1.0669c0cb41035p-218,2.43336069329207225e-66
21,146,0x1.77c71d1190296p-220,0x1.0a1bfbef96947p-411,0x1.77c71d1190297p-220,8.71148299969547284e-67
21,147,0x1.0d0aafd04aa61p-221,0x1.0a1bfbef96947p-411,0x1.0d0aafd04aa62p-221,3.11853530031096387e-67
21,148,0x1.8138e373088efp-223,0x1.0a1bfbef96947p-411,0x1.8138e373088fp-223,1.11630361721647247e-67
21,149,0x1.13c4fd6e78783p-224,0x1.0a1bfbef96947p-411,0x1.13c4fd6e78784p-224,3.99564803169607293e-68
21,150,0x1.8ace8074686c5p-226,0x1.0a1bfbef96947p-411,0x1.8ace8074686c6p-226,1.43009691940882448e-68
21,151,0x1.1a989a8d33a0ep-227,0x1.0a1bfbef96947p-411,0x1.1a989a8d33a0fp-227,5.11819933083319462e-69
21,152,0x1.9487dc87adb69p-229,0x1.0a1bfbef96947p-411,0x1.9487dc87adb6ap-229,1.83165013807873355e-69
21,153,0x1.218574f3bae48p-230,0x1.0a1bfbef96947p-411,0x1.218574f3bae49p-230,6.55453030584260494e-70
21,154,0x1.9e64dbaeb77c9p-232,0x1.0a1bfbef96947p-411,0x1.9e64dbaeb77cap-232,2.34538679294640410e-70
21,155,0x1.288b7742dd14fp-233,0x1.0a1bfbef96947p-411,0x1.288b7742dd15p-233,8.39192011699312765e-71
21,156,0x1.a8655d72ba92cp-235,0x1.0a1bfbef96947p-411,0x1.a8655d72ba92dp-235,3.00249499246405020e-71
21,157,0x1.2faa88ef29dfp-236,0x1.0a1bfbef96947p-411,0x1.2faa88ef29df1p-236,1.07418094498695472e-71
21,158,0x1.b2893cdc5f579p-238,0x1.0a1bfbef96947p-411,0x1.b2893cdc5f57ap-238,3.84279231751755420e-72
21,159,0x1.36e28e3b9b603p-239,0x1.0a1bfbef96947p-411,0x1.36e28e3b9b604p-239,1.37464581771068707e-72
21,160,0x1.bcd0506c8be43p-241,0x1.0a1bfbef96947p-411,0x1.bcd0506c8be44p-241,4.91710249406182648e-73
21,161,0x1.3e336834babb7p-242,0x1.0a1bfbef96947p-411,0x1.3e336834babb8p-242,1.75874292430366031e-73
21,162,0x1.c73a6a15ddbd3p-244,0x1.0a1bfbef96947p-411,0x1.c73a6a15ddbd4p-244,6.29028368667879532e-74
21,163,0x1.459cf4ac41dd1p-245,0x1.0a1bfbef96947p-411,0x1.459cf4ac41dd2p-245,2.24963975039448729e-74
21,164,0x1.d1c75736d5f5fp-247,0x1.0a1bfbef96947p-411,0x1.d1c75736d5f6p-247,8.04508628527293058e-75
21,165,0x1.4d1f0e353c696p-248,0x1.0a1bfbef96947p-411,0x1.4d1f0e353c697p-248,2.87689178717058786e-75
21,166,0x1.dc76e094ba935p-250,0x1.0a1bfbef96947p-411,0x1.dc76e094ba936p-250,1.02870664022039316e-75
21,167,0x1.54b98c20a9c47p-251,0x1.0a1bfbef96947p-411,0x1.54b98c20a9c48p-251,3.67819594446806404e-76
21,168,0x1.e748ca572fd23p-253,0x1.0a1bfbef96947p-411,0x1.e748ca572fd24p-253,1.31508427270838434e-76
21,169,0x1.5c6c427aa20b5p-254,0x1.0a1bfbef96947p-411,0x1.5c6c427aa20b6p-254,4.70162312690841591e-77
21,170,0x1.f23cd4048bbe5p-256,0x1.0a1bfbef96947p-411,0x1.f23cd4048bbe6p-256,1.68080624281511636e-77
21,171,0x1.64370207ff933p-257,0x1.0a1bfbef96947p-411,0x1.64370207ff934p-257,6.00846035180424088e-78
21,172,0x1.fd52b87ee6679p-259,0x1.0a1bfbef96947p-411,0x1.fd52b87ee667ap-259,2.14775409163142620e-78
21,173,0x1.6c1998448e989p-260,0x1.0a1bfbef96947p-411,0x1.6c1998448e98ap-260,7.67682811366222514e-79
21,174,0x1.04451700f46e1p-261,0x1.0a1bfbef96947p-411,0x1.04451700f46e2p-261,2.74381661743630511e-79
21,175,0x1.7413cf61c4824p-263,0x1.0a1bfbef96947p-411,0x1.7413cf61c4825p-263,9.80628355833038930e-80
21,176,0x1.09f17310ae6f7p-264,0x1.0a1bfbef96947p-411,0x1.09f17310ae6f8p-264,3.50453181938206723e-80
21,177,0x1.7c256e460016fp-266,0x1.0a1bfbef96947p-411,0x1.7c256e460017p-266,1.25236769818406035e-80
21,178,0x1.0fae46e43f919p-267,0x1.0a1bfbef96947p-411,0x1.0fae46e43f91ap-267,4.47517569763321039e-81
21,179,0x1.844e388c53d87p-269,0x1.0a1bfbef96947p-411,0x1.844e388c53d88p-269,1.59906014621555106e-81
21,180,0x1.157b669d0addp-270,0x1.0a1bfbef96947p-411,0x1.157b669d0add1p-270,5.71341901066897502e-82
21,181,0x1.8c8dee84db979p-272,0x1.0a1bfbef96947p-411,0x1.8c8dee84db97ap-272,2.04128671822403394e-82
21,182,0x1.1b58a408a604ep-273,0x1.0a1bfbef96947p-411,0x1.1b58a408a604fp-273,7.29270577427803563e-83
21,183,0x1.94e44d359e3a5p-275,0x1.0a1bfbef96947p-411,0x1.94e44d359e3a6p-275,2.60525484259670342e-83
21,184,0x1.2145cea1aaddfp-276,0x1.0a1bfbef96947p-411,0x1.2145cea1aadep-276,9.30654875601498228e-84
21,185,0x1.9d510e5bfc983p-278,0x1.0a1bfbef96947p-411,0x1.9d510e5bfc984p-278,3.32432989328747025e-84
21,186,0x1.2742b390ecd63p-279,0x1.0a1bfbef96947p-411,0x1.2742b390ecd64p-279,1.18739898257303146e-84
21,187,0x1.a5d3e86eae12p-281,0x1.0a1bfbef96947p-411,0x1.a5d3e86eae121p-281,4.24098186554994227e-85
21,188,0x1.2d4f1daf12e14p-282,0x1.0a1bfbef96947p-411,0x1.2d4f1daf12e15p-282,1.51465397467280985e-85
21,189,0x1.ae6c8ea04b935p-284,0x1.0a1bfbef96947p-411,0x1.ae6c8ea04b936p-284,5.40925925774212699e-86
21,190,0x1.336ad58696409p-285,0x1.0a1bfbef96947p-411,0x1.336ad5869640ap-285,1.93169966066325734e-86
21,191,0x1.b71ab0e269625p-287,0x1.0a1bfbef96947p-411,0x1.b71ab0e269626p-287,6.89793235494565594e-87
21,192,0x1.3995a1562671fp-288,0x1.0a1bfbef96947p-411,0x1.3995a1562672p-288,2.46306493704064813e-87
21,193,0x1.bfddfbe9401ddp-290,0x1.0a1bfbef96947p-411,0x1.bfddfbe9401dep-290,8.79448630877443904e-88
21,194,0x1.3fcf451372691p-291,0x1.0a1bfbef96947p-411,0x1.3fcf451372692p-291,3.13995090397027306e-88
21,195,0x1.c8b6192fe5333p-293,0x1.0a1bfbef96947p-411,0x1.c8b6192fe5334p-293,1.12101928274809376e-88
21,196,0x1.4617826e57489p-294,0x1.0a1bfbef96947p-411,0x1.4617826e5748ap-294,4.00203822806547139e-89
21,197,0x1.d1a2aefd12b32p-296,0x1.0a1bfbef96947p-411,0x1.d1a2aefd12b33p-296,1.42865506556831512e-89
21,198,0x1.4c6e18d4747fep-297,0x1.0a1bfbef96947p-411,0x1.4c6e18d4747ffp-297,5.09978208283220308e-90
21,199,0x1.daa360687eadap-299,0x1.0a1bfbef96947p-411,0x1.daa360687eadbp-299,1.82034627815355385e-90
21,200,0x1.52d2c57525518p-300,0x1.0a1bfbef96947p-411,0x1.52d2c57525519p-300,6.49732567548893220e-91
21,201,0x1.e3b7cd60c1c07p-302,0x1.0a1bfbef96947p-411,0x1.e3b7cd60c1c08p-302,2.31896168235409512e-91
21,202,0x1.59454345df86dp-303,0x1.0a1bfbef96947p-411,0x1.59454345df86ep-303,8.27619843177760779e-92
21,203,0x1.ecdf92b1cca1fp-305,0x1.0a1bfbef96947p-411,0x1.ecdf92b1cca2p-305,2.95356598386617446e-92
21,204,0x1.5fc54b06f7197p-306,0x1.0a1bfbef96947p-411,0x1.5fc54b06f7198p-306,1.05400093212884852e-92
21,205,0x1.f61a4a0bec272p-308,0x1.0a1bfbef96947p-411,0x1.f61a4a0bec273p-308,3.76109168392624583e-93
21,206,0x1.66529348c66c2p-309,0x1.0a1bfbef96947p-411,0x1.66529348c66c3p-309,1.34204020475335209e-93
21,207,0x1.ff678a0b5b3a5p-311,0x1.0a1bfbef96947p-411,0x1.ff678a0b5b3a6p-311,4.78846024380756910e-94
21,208,0x1.6cecd0713aa25p-312,0x1.0a1bfbef96947p-411,0x1.6cecd0713aa26p-312,1.70846100393005344e-94
21,209,0x1.0463732031093p-313,0x1.0a1bfbef96947p-411,0x1.0463732031094p-313,6.09527284226338879e-95
21,210,0x1.7393b4c1c38d7p-315,0x1.0a1bfbef96947p-411,0x1.7393b4c1c38d8p-315,2.17450393326624612e-95
21,211,0x1.091bf79c00e07p-316,0x1.0a1bfbef96947p-411,0x1.091bf79c00e08p-316,7.75722308091888550e-96
21,212,0x1.7a46f05da6906p-318,0x1.0a1bfbef96947p-411,0x1.7a46f05da6907p-318,2.76714215452489943e-96
21,213,0x1.0ddd1942959f7p-319,0x1.0a1bfbef96947p-411,0x1.0ddd1942959f8p-319,9.87042458848395640e-97
21,214,0x1.81063150b3b14p-321,0x1.0a1bfbef96947p-411,0x1.81063150b3b15p-321,3.52062235598591696e-97
21,215,0x1.12a69d65405f2p-322,0x1.0a1bfbef96947p-411,0x1.12a69d65405f3p-322,1.25568978468248828e-97
21,216,0x1.87d123965c12fp-324,0x1.0a1bfbef96947p-411,0x1.87d123965c13p-324,4.47841832706012863e-98
21,217,0x1.177847e2500bdp-325,0x1.0a1bfbef96947p-411,0x1.177847e2500bep-325,1.59715255604176022e-98
21,218,0x1.8ea7712128e41p-327,0x1.0a1bfbef96947p-411,0x1.8ea7712128e42p-327,5.69570719323322635e-99
21,219,0x1.1c51db2a7a7cfp-328,0x1.0a1bfbef96947p-411,0x1.1c51db2a7a7dp-328,2.03108681165345265e-99
21,220,0x1.9588c1e291c93p-330,0x1.0a1bfbef96947p-411,0x1.9588c1e291c94p-330,7.24250760926556607e-100
21,221,0x1.2133184688a7bp-331,0x1.0a1bfbef96947p-411,0x1.2133184688a7cp-331,2.58243346859141141e-100
21,222,0x1.9c74bbd331a54p-333,0x1.0a1bfbef96947p-411,0x1.9c74bbd331a55p-333,9.20765619435374450e-101
21,223,0x1.261bbedd452b8p-334,0x1.0a1bfbef96947p-411,0x1.261bbedd452b9p-334,3.28283370388313248e-101
21,224,0x1.a36b02fb588bdp-336,0x1.0a1bfbef96947p-411,0x1.a36b02fb588bep-336,1.17038452627737095e-101
21,225,0x1.2b0b8d39ac451p-337,0x1.0a1bfbef96947p-411,0x1.2b0b8d39ac452p-337,4.17242194564291796e-102
21,226,0x1.aa6b397bf9a04p-339,0x1.0a1bfbef96947p-411,0x1.aa6b397bf9a05p-339,1.48740040361921704e-102
21,227,0x1.300240515c50ap-340,0x1.0a1bfbef96947p-411,0x1.300240515c50bp-340,5.30209683655263346e-103
21,228,0x1.b174ff97f3833p-342,0x1.0a1bfbef96947p-411,0x1.b174ff97f3834p-342,1.88993802754527557e-103
21,229,0x1.34ff93cb45cbbp-343,0x1.0a1bfbef96947p-411,0x1.34ff93cb45cbcp-343,6.73639710862863119e-104
21,230,0x1.b887f3bdb1d0fp-345,0x1.0a1bfbef96947p-411,0x1.b887f3bdb1d1p-345,2.40097737508471318e-104
21,231,0x1.3a03420699cedp-346,0x1.0a1bfbef96947p-411,0x1.3a03420699ceep-346,8.55714289607174832e-105
21,232,0x1.bfa3b2912638bp-348,0x1.0a1bfbef96947p-411,0x1.bfa3b2912638cp-348,3.04964923693109892e-105
21,233,0x1.3f0d0421f5e0ep-349,0x1.0a1bfbef96947p-411,0x1.3f0d0421f5e0fp-349,1.08680454559195020e-105
21,234,0x1.c6c7d6f61783bp-351,0x1.0a1bfbef96947p-411,0x1.c6c7d6f61783cp-351,3.87287526430064909e-106
21,235,0x1.441c9202cc01ep-352,0x1.0a1bfbef96947p-411,0x1.441c9202cc01fp-352,1.38005418904139099e-106
21,236,0x1.cdf3fa1ac4d72p-354,0x1.0a1bfbef96947p-411,0x1.cdf3fa1ac4d73p-354,4.91744367795548080e-107
21,237,0x1.4931a25d059b2p-355,0x1.0a1bfbef96947p-411,0x1.4931a25d059b3p-355,1.75211792056139106e-107
21,238,0x1.d527b382db7fbp-357,0x1.0a1bfbef96947p-411,0x1.d527b382db7fcp-357,6.24263594252726827e-108
21,239,0x1.4e4beabae02b2p-358,0x1.0a1bfbef96947p-411,0x1.4e4beabae02b4p-358,2.22409576007708994e-108
21,240,0x1.dc629912bd4bdp-360,0x1.0a1bfbef96947p-411,0x1.dc629912bd4cp-360,7.92355011508469677e-109
21,241,0x1.536b1f850234ap-361,0x1.0a1bfbef96947p-411,0x1.536b1f850234fp-361,2.82271509332440977e-109
21,242,0x1.e3a43f1b159e1p-363,0x1.0a1bfbef96947p-411,0x1.e3a43f1b159f3p-363,1.00553049722310338e-109
21,243,0x1.588ef40ac731fp-364,0x1.0a1bfbef96947p-411,0x1.588ef40ac7341p-364,3.58182587352753846e-110
21,244,0x1.eaec3864bb231p-366,0x1.0a1bfbef96947p-411,0x1.eaec3864bb2b7p-366,1.27583574968865640e-110
21,245,0x1.5db71a8ac0ef9p-367,0x1.0a1bfbef96947p-411,0x1.5db71a8ac1004p-367,4.54429164004897366e-111
21,246,0x1.f23a163cdc371p-369,0x1.0a1bfbef96947p-411,0x1.f23a163cdc79ap-369,1.61852275021772773e-111
21,247,0x1.62e3443b6cf3ap-370,0x1.0a1bfbef96947p-411,0x1.62e3443b6d78cp-370,5.76438075760384843e-112
21,248,0x1.f98d688173898p-372,0x1.0a1bfbef96947p-411,0x1.f98d6881759dcp-372,2.05290004112209868e-112
21,249,0x1.681321541c242p-373,0x1.0a1bfbef96947p-411,0x1.68132154204cap-373,7.31078971988585697e-113
21,250,0x1.0072ded7012cfp-374,0x1.0a1bfbef96947p-411,0x1.0072ded7097dep-374,2.60340766904246679e-113
21,251,0x1.6d46611609c66p-376,0x1.0a1bfbef96947p-411,0x1.6d4661162b09fp-376,9.27046498858951140e-114
21,252,0x1.04215174446a1p-377,0x1.0a1bfbef96947p-411,0x1.0421517486f12p-377,3.30097594346953505e-114
21,253,0x1.727cb1d596bf3p-379,0x1.0a1bfbef96947p-411,0x1.727cb1d6a0db4p-379,1.17534335292428636e-114
21,254,0x1.07d1d2074adcfp-380,0x1.0a1bfbef96947p-411,0x1.07d1d2095f14fp-380,4.18474267908000527e-115
21,255,0x1.77b5c10361007p-382,0x1.0a1bfbef96947p-411,0x1.77b5c10bb1e06p-382,1.48989073289772208e-115
21,256,0x1.0b8425e0aeb2bp-383,0x1.0a1bfbef96947p-411,0x1.0b8425f150728p-383,5.30422317333212646e-116
21,257,0x1.7cf13b33320b8p-385,0x1.0a1bfbef96947p-411,0x1.7cf13b75b90a9p-385,1.88829967797902341e-116
21,258,0x1.0f3811b4934cfp-386,0x1.0a1bfbef96947p-411,0x1.0f381239a14afp-386,6.72205193822144465e-117
21,259,0x1.822ecc1222625p-388,0x1.0a1bfbef96947p-411,0x1.822ece265a5a4p-388,2.39284562736534850e-117
21,260,0x1.12ed597c3fd0dp-389,0x1.0a1bfbef96947p-411,0x1.12ed5da4afc0ap-389,8.51744712907949238e-118
21,261,0x1.876e1de2c6007p-391,0x1.0a1bfbef96947p-411,0x1.876e2e8485bf8p-391,3.03170038364564956e-118
21,262,0x1.16a3bf7120706p-392,0x1.0a1bfbef96947p-411,0x1.16a3e0b49fee6p-392,1.07905958230214690e-118
21,263,0x1.8caed594d0a5fp-394,0x1.0a1bfbef96947p-411,0x1.8caf5aa2ce9ddp-394,3.84049758421291551e-119
21,264,0x1.1a5afcaacf4b2p-395,0x1.0a1bfbef96947p-411,0x1.1a5c06c6cb3acp-395,1.36682879142471665e-119
21,265,0x1.91f07719b2673p-397,0x1.0a1bfbef96947p-411,0x1.91f49f89a225ap-397,4.86440577897378667e-120
21,266,0x1.1e128d98fe08ep-398,0x1.0a1bfbef96947p-411,0x1.1e1ade78dd85ap-398,1.73119959980929685e-120
21,267,0x1.9731a6b046fb7p-400,0x1.0a1bfbef96947p-411,0x1.9752ea2fc4ee5p-400,6.16171557529878876e-121
21,268,0x1.21c85378e98fcp-401,0x1.0a1bfbef96947p-411,0x1.220ada77e5757p-401,2.19378093350536787e-121
21,269,0x1.9c6b2a43320eap-403,0x1.0a1bfbef96947p-411,0x1.9d75463f21a54p-403,7.81813724269067753e-122
21,270,0x1.256f8dead346p-404,0x1.0a1bfbef96947p-411,0x1.2783c5e2b2734p-404,2.79396480967076964e-122
21,271,0x1.a16fa8f730909p-406,0x1.0a1bfbef96947p-411,0x1.a9c088d6ad454p-406,1.00632574077414095e-122
21,272,0x1.28b8060a14ad7p-407,0x1.0a1bfbef96947p-411,0x1.3959c5c90e16cp-407,3.70324489586973771e-123
21,273,0x1.a526e9fc26467p-409,0x1.0a1bfbef96947p-411,0x1.e7ade8f80bebap-409,1.44087452233767854e-123
21,274,0x1.29c17aa87415bp-410,0x1.0a1bfbef96947p-411,0x1.aecf78a03f5ffp-410,6.36426164596744476e-124
21,275,0x1.a14c4efe16333p-412,0x1.0a1bfbef96947p-411,0x1.dac2236ea1ae1p-411,3.50674697861238519e-124
21,276,0x1.1e69b80f93fefp-413,0x1.0a1bfbef96947p-411,0x1.51b669f37b944p-411,2.49447423340241584e-124
21,277,0x1.7689c11c82fafp-415,0x1.0a1bfbef96947p-411,0x1.218498015ec43p-411,2.13849039221843311e-124
21,278,0x1.b3305f58f65c2p-417,0x1.0a1bfbef96947p-411,0x1.10e8bd6cfa6dfp-411,2.01581140637898795e-124
21,279,0x1.68efeaa153249p-419,0x1.0a1bfbef96947p-411,0x1.0b84ebda37e7ap-411,1.97599941871804004e-124
21,280,0x0p+0,0x1.0a1bfbef96947p-411,0x1.0a1bfbef96947p-411,1.96558527743932400e-124
22,0,0x1.3250a4994b0c4p-4,0x1.04ad73904e1a6p-408,0x1.3250a4994b0c5p-4,7.47839383736304680e-02
22,1,0x1.bd1d820081313p-6,0x1.04ad73904e1a6p-408,0x1.bd1d820081314p-6,2.71676797438145795e-02
22,2,0x1.3648c29013821p-7,0x1.04ad73904e1a6p-408,0x1.3648c29013822p-7,9.46912288796048288e-03
22,3,0x1.a648cad5a2623p-9,0x1.04ad73904e1a6p-408,0x1.a648cad5a2624p-9,3.22177387244406040e-03
22,4,0x1.1cc880ccf8cdep-10,0x1.04ad73904e1a6p-408,0x1.1cc880ccf8cdfp-10,1.08636175286207898e-03
22,5,0x1.80fc51356b8d9p-12,0x1.04ad73904e1a6p-408,0x1.80fc51356b8dap-12,3.67150892396928713e-04
22,6,0x1.068d528d641f3p-13,0x1.04ad73904e1a6p-408,0x1.068d528d641f4p-13,1.25194569062361490e-04
22,7,0x1.6a36f837bc109p-15,0x1.04ad73904e1a6p-408,0x1.6a36f837bc10ap-15,4.31793600322878652e-05
22,8,0x1.f94e0607c6494p-17,0x1.04ad73904e1a6p-408,0x1.f94e0607c6495p-17,1.50592559431831251e-05
22,9,0x1.63de0c8b9e448p-18,0x1.04ad73904e1a6p-408,0x1.63de0c8b9e449p-18,5.30283717702871520e-06
22,10,0x1.f9337880da34dp-20,0x1.04ad73904e1a6p-408,0x1.f9337880da34ep-20,1.88202059822115004e-06
22,11,0x1.68dddb1962b5dp-21,0x1.04ad73904e1a6p-408,0x1.68dddb1962b5ep-21,6.72166467528610722e-07
22,12,0x1.031321af347e8p-22,0x1.04ad73904e1a6p-408,0x1.031321af347e9p-22,2.41282147106783650e-07
22,13,0x1.7582bf25681e9p-24,0x1.04ad73904e1a6p-408,0x1.7582bf25681eap-24,8.69647434815589884e-08
22,14,0x1.0e222e41b8cabp-25,0x1.04ad73904e1a6p-408,0x1.0e222e41b8cacp-25,3.14476804716540528e-08
22,15,0x1.87c4dfb457e45p-27,0x1.04ad73904e1a6p-408,0x1.87c4dfb457e46p-27,1.14019796735159171e-08
22,16,0x1.1caf4e70738b1p-28,0x1.04ad73904e1a6p-408,0x1.1caf4e70738b2p-28,4.14270894017200258e-09
22,17,0x1.9e6cd9d796a91p-30,0x1.04ad73904e1a6p-408,0x1.9e6cd9d796a92p-30,1.50767009111333611e-09
22,18,0x1.2e08617719c7ep-31,0x1.04ad73904e1a6p-408,0x1.2e08617719c7fp-31,5.49394348493468713e-10
22,19,0x1.b8abb50367a29p-33,0x1.04ad73904e1a6p-408,0x1.b8abb50367a2ap-33,2.00393847441666235e-10
22,20,0x1.41b450162e266p-34,0x1.04ad73904e1a6p-408,0x1.41b450162e267p-34,7.31470997891784358e-11
22,21,0x1.d5f36cd7c8a41p-36,0x1.04ad73904e1a6p-408,0x1.d5f36cd7c8a42p-36,2.67136146908872420e-11
22,22,0x1.575fd9bfa2653p-37,0x1.04ad73904e1a6p-408,0x1.575fd9bfa2654p-37,9.75928788675231446e-12
22,23,0x1.f5e2a24c6acc6p-39,0x1.04ad73904e1a6p-408,0x1.f5e2a24c6acc7p-39,3.56610946268636376e-12
22,24,0x1.6ed253a716e08p-40,0x1.04ad73904e1a6p-408,0x1.6ed253a716e09p-40,1.30321207670218931e-12
22,25,0x1.0c1bf371e86edp-41,0x1.04ad73904e1a6p-408,0x1.0c1bf371e86eep-41,4.76257581683342928e-13
22,26,0x1.87e66bf5d615cp-43,0x1.04ad73904e1a6p-408,0x1.87e66bf5d615dp-43,1.74038599018283892e-13
22,27,0x1.1e64b41413fc9p-44,0x1.04ad73904e1a6p-408,0x1.1e64b41413fcap-44,6.35921033118109078e-14
22,28,0x1.a2854cfa8a0e1p-46,0x1.04ad73904e1a6p-408,0x1.a2854cfa8a0e2p-46,2.32325661959228113e-14
22,29,0x1.31bf954c5b0cbp-47,0x1.04ad73904e1a6p-408,0x1.31bf954c5b0ccp-47,8.48622205453571088e-15
22,30,0x1.bea323437abe9p-49,0x1.04ad73904e1a6p-408,0x1.bea323437abeap-49,3.09916853867350169e-15
22,31,0x1.462765ee749c3p-50,0x1.04ad73904e1a6p-408,0x1.462765ee749c4p-50,1.13157365110288799e-15
22,32,0x1.dc3c812c81dafp-52,0x1.04ad73904e1a6p-408,0x1.dc3c812c81dbp-52,4.13069184791576218e-16
22,33,0x1.5b9c237908adfp-53,0x1.04ad73904e1a6p-408,0x1.5b9c237908aep-53,1.50751770559755988e-16
22,34,0x1.fb545cacfc0a7p-55,0x1.04ad73904e1a6p-408,0x1.fb545cacfc0a8p-55,5.50047788479188230e-17
22,35,0x1.7221ba628fb17p-56,0x1.04ad73904e1a6p-408,0x1.7221ba628fb18p-56,2.00648823868593583e-17
22,36,0x1.0df9410975baep-57,0x1.04ad73904e1a6p-408,0x1.0df9410975bafp-57,7.31765040910148177e-18
22,37,0x1.89bf0fc28eea3p-59,0x1.04ad73904e1a6p-408,0x1.89bf0fc28eea4p-59,2.66812894361654908e-18
22,38,0x1.1f1131b66f087p-60,0x1.04ad73904e1a6p-408,0x1.1f1131b66f088p-60,9.72621386657374206e-19
22,39,0x1.a27d45b9b6c43p-62,0x1.04ad73904e1a6p-408,0x1.a27d45b9b6c44p-62,3.54474263438829439e-19
22,40,0x1.30f9193cd8c91p-63,0x1.04ad73904e1a6p-408,0x1.30f9193cd8c92p-63,1.29161107022408102e-19
22,41,0x1.bc672f0ecec5cp-65,0x1.04ad73904e1a6p-408,0x1.bc672f0ecec5dp-65,4.70530044002052048e-20
22,42,0x1.43b91b1de248ep-66,0x1.04ad73904e1a6p-408,0x1.43b91b1de248fp-66,1.71377566307501151e-20
22,43,0x1.d788e85308272p-68,0x1.04ad73904e1a6p-408,0x1.d788e85308273p-68,6.24071104893377892e-21
22,44,0x1.575a27c8b7044p-69,0x1.04ad73904e1a6p-408,0x1.575a27c8b7045p-69,2.27211406348002481e-21
22,45,0x1.f3ef8e564b3bfp-71,0x1.04ad73904e1a6p-408,0x1.f3ef8e564b3cp-71,8.27074345721110258e-22
22,46,0x1.6be5d114b0e3fp-72,0x1.04ad73904e1a6p-408,0x1.6be5d114b0e4p-72,3.01009140235082957e-22
22,47,0x1.08d48585013a5p-73,0x1.04ad73904e1a6p-408,0x1.08d48585013a6p-73,1.09531187956209438e-22
22,48,0x1.81662c7f9c838p-75,0x1.04ad73904e1a6p-408,0x1.81662c7f9c839p-75,3.98493346572542433e-23
22,49,0x1.1861f9992adb9p-76,0x1.04ad73904e1a6p-408,0x1.1861f9992adbap-76,1.44954466120253662e-23
22,50,0x1.97e5bfa07ea03p-78,0x1.04ad73904e1a6p-408,0x1.97e5bfa07ea04p-78,5.27195104513012145e-24
22,51,0x1.28a7b835b33e7p-79,0x1.04ad73904e1a6p-408,0x1.28a7b835b33e8p-79,1.91708900369175169e-24
22,52,0x1.af6f740298a89p-81,0x1.04ad73904e1a6p-408,0x1.af6f740298a8ap-81,6.97021423062358965e-25
22,53,0x1.39ad9a0493a39p-82,0x1.04ad73904e1a6p-408,0x1.39ad9a0493a3ap-82,2.53387176617523898e-25
22,54,0x1.c80e9043cfb55p-84,0x1.04ad73904e1a6p-408,0x1.c80e9043cfb56p-84,9.20999552350618859e-26
22,55,0x1.4b7bb81829573p-85,0x1.04ad73904e1a6p-408,0x1.4b7bb81829574p-85,3.34712574203793980e-26
22,56,0x1.e1ceb4db95ea6p-87,0x1.04ad73904e1a6p-408,0x1.e1ceb4db95ea7p-87,1.21625298853449548e-26
22,57,0x1.5e1a6a9af591cp-88,0x1.04ad73904e1a6p-408,0x1.5e1a6a9af591dp-88,4.41892349964444811e-27
22,58,0x1.fcbbdb5d6fe2p-90,0x1.04ad73904e1a6p-408,0x1.fcbbdb5d6fe21p-90,1.60528087440653878e-27
22,59,0x1.719248edfe1a6p-91,0x1.04ad73904e1a6p-408,0x1.719248edfe1a7p-91,5.83080898240790069e-28
22,60,0x1.0c712bafaabefp-92,0x1.04ad73904e1a6p-408,0x1.0c712bafaabfp-92,2.11763456586670490e-28
22,61,0x1.85ec2ab5a3449p-94,0x1.04ad73904e1a6p-408,0x1.85ec2ab5a344ap-94,7.68986593437878305e-29
22,62,0x1.1b276c363b233p-95,0x1.04ad73904e1a6p-408,0x1.1b276c363b234p-95,2.79211395948397803e-29
22,63,0x1.9b31297be8af7p-97,0x1.04ad73904e1a6p-408,0x1.9b31297be8af8p-97,1.01366663843498079e-29
22,64,0x1.2a87364e2eb1dp-98,0x1.04ad73904e1a6p-408,0x1.2a87364e2eb1ep-98,3.67964381720819142e-30
22,65,0x1.b16aa2abc887cp-100,0x1.04ad73904e1a6p-408,0x1.b16aa2abc887dp-100,1.33556784281464015e-30
22,66,0x1.3a9741c4601dcp-101,0x1.04ad73904e1a6p-408,0x1.3a9741c4601ddp-101,4.84703946399474776e-31
22,67,0x1.c8a239bda241fp-103,0x1.04ad73904e1a6p-408,0x1.c8a239bda242p-103,1.75888900806371381e-31
22,68,0x1.4b5e78ba49603p-104,0x1.04ad73904e1a6p-408,0x1.4b5e78ba49604p-104,6.38193536861338005e-32
22,69,0x1.e0e1da7b32b1cp-106,0x1.04ad73904e1a6p-408,0x1.e0e1da7b32b1dp-106,2.31536376439427264e-32
22,70,0x1.5ce3f943ef666p-107,0x1.04ad73904e1a6p-408,0x1.5ce3f943ef667p-107,8.39923380113175133e-33
22,71,0x1.fa33bb4b62675p-109,0x1.04ad73904e1a6p-408,0x1.fa33bb4b62676p-109,3.04659292908076059e-33
22,72,0x1.6f2f1707aadadp-110,0x1.04ad73904e1a6p-408,0x1.6f2f1707aadaep-110,1.10495399231292069e-33
22,73,0x1.0a512fbe6c2cdp-111,0x1.04ad73904e1a6p-408,0x1.0a512fbe6c2cep-111,4.00709487924821128e-34
22,74,0x1.82475cdb17b17p-113,0x1.04ad73904e1a6p-408,0x1.82475cdb17b18p-113,1.45301920303532250e-34
22,75,0x1.181c4cc54a9bbp-114,0x1.04ad73904e1a6p-408,0x1.181c4cc54a9bcp-114,5.26829383889947702e-35
22,76,0x1.96348e5ae8a71p-116,0x1.04ad73904e1a6p-408,0x1.96348e5ae8a72p-116,1.90996812837386545e-35
22,77,0x1.2680c6ac4d06dp-117,0x1.04ad73904e1a6p-408,0x1.2680c6ac4d06ep-117,6.92373299680480029e-36
22,78,0x1.aafea97ce0ae8p-119,0x1.04ad73904e1a6p-408,0x1.aafea97ce0ae9p-119,2.50964972144941453e-36
22,79,0x1.3584593423036p-120,0x1.04ad73904e1a6p-408,0x1.3584593423037p-120,9.09588671727247530e-37
22,80,0x1.c0ade81c18c5fp-122,0x1.04ad73904e1a6p-408,0x1.c0ade81c18c6p-122,3.29637505921668254e-37
22,81,0x1.452ceb0283a55p-123,0x1.04ad73904e1a6p-408,0x1.452ceb0283a56p-123,1.19450599184603717e-37
22,82,0x1.d74ac180337d1p-125,0x1.04ad73904e1a6p-408,0x1.d74ac180337d2p-125,4.32813360408758158e-38
22,83,0x1.55808eb539d34p-126,0x1.04ad73904e1a6p-408,0x1.55808eb539d35p-126,1.56810109571670840e-38
22,84,0x1.eeddebe05707bp-128,0x1.04ad73904e1a6p-408,0x1.eeddebe05707cp-128,5.68079318713768294e-39
22,85,0x1.668583f285a9bp-129,0x1.04ad73904e1a6p-408,0x1.668583f285a9cp-129,2.05781274576849788e-39
22,86,0x1.03b82ef16a8b4p-130,0x1.04ad73904e1a6p-408,0x1.03b82ef16a8b5p-130,7.45358314030684742e-40
22,87,0x1.78423877749bdp-132,0x1.04ad73904e1a6p-408,0x1.78423877749bep-132,2.69952359537891467e-40
22,88,0x1.1085a80d2f16fp-133,0x1.04ad73904e1a6p-408,0x1.1085a80d2f17p-133,9.77625072476387332e-41
22,89,0x1.8abd4924c5f8cp-135,0x1.04ad73904e1a6p-408,0x1.8abd4924c5f8dp-135,3.54014535226806451e-41
22,90,0x1.1ddc1f40c3fc5p-136,0x1.04ad73904e1a6p-408,0x1.1ddc1f40c3fc6p-136,1.28183990865751325e-41
22,91,0x1.9dfd830adf6f5p-138,0x1.04ad73904e1a6p-408,0x1.9dfd830adf6f6p-138,4.64099155783719759e-42
22,92,0x1.2bc074faa944dp-139,0x1.04ad73904e1a6p-408,0x1.2bc074faa944ep-139,1.68016686377286313e-42
22,93,0x1.b209e47540e72p-141,0x1.04ad73904e1a6p-408,0x1.b209e47540e73p-141,6.08217682832409824e-43
22,94,0x1.3a37acd79dda4p-142,0x1.04ad73904e1a6p-408,0x1.3a37acd79dda5p-142,2.20156236874159101e-43
22,95,0x1.c6e99df5d3045p-144,0x1.04ad73904e1a6p-408,0x1.c6e99df5d3046p-144,7.96835351104457262e-44
22,96,0x1.4946ee5faa036p-145,0x1.04ad73904e1a6p-408,0x1.4946ee5faa037p-145,2.88384662028719594e-44
22,97,0x1.dca4137058e77p-147,0x1.04ad73904e1a6p-408,0x1.dca4137058e78p-147,1.04361904920506221e-44
22,98,0x1.58f385c357f83p-148,0x1.04ad73904e1a6p-408,0x1.58f385c357f84p-148,3.77640367689010428e-45
22,99,0x1.f340dd263d293p-150,0x1.04ad73904e1a6p-408,0x1.f340dd263d294p-150,1.36641208389850627e-45
22,100,0x1.6942e4993cd27p-151,0x1.04ad73904e1a6p-408,0x1.6942e4993cd28p-151,4.94370025198656614e-46
22,101,0x1.0563e46171bf1p-152,0x1.04ad73904e1a6p-408,0x1.0563e46171bf2p-152,1.78850434980975907e-46
22,102,0x1.7a3aa29bea8a7p-154,0x1.04ad73904e1a6p-408,0x1.7a3aa29bea8a8p-154,6.46987033842645709e-47
22,103,0x1.11a06d344e016p-155,0x1.04ad73904e1a6p-408,0x1.11a06d344e017p-155,2.34028703198485379e-47
22,104,0x1.8be07e685ba8dp-157,0x1.04ad73904e1a6p-408,0x1.8be07e685ba8ep-157,8.46468707928169862e-48
22,105,0x1.1e5a26df255a5p-158,0x1.04ad73904e1a6p-408,0x1.1e5a26df255a6p-158,3.06140774495506142e-48
22,106,0x1.9e3a5e3ce2902p-160,0x1.04ad73904e1a6p-408,0x1.9e3a5e3ce2903p-160,1.10713398154871632e-48
22,107,0x1.2b954b7ee6724p-161,0x1.04ad73904e1a6p-408,0x1.2b954b7ee6725p-161,4.00357679927786015e-49
22,108,0x1.b14e50b8a0755p-163,0x1.04ad73904e1a6p-408,0x1.b14e50b8a0756p-163,1.44765596191563208e-49
22,109,0x1.395632018f68ep-164,0x1.04ad73904e1a6p-408,0x1.395632018f68fp-164,5.23422047224908426e-50
22,110,0x1.c5228d9b836a5p-166,0x1.04ad73904e1a6p-408,0x1.c5228d9b836a6p-166,1.89237994599076700e-50
22,111,0x1.47a14eae1eda5p-167,0x1.04ad73904e1a6p-408,0x1.47a14eae1eda6p-167,6.84123583950024754e-51
22,112,0x1.d9bd7686c6d4fp-169,0x1.04ad73904e1a6p-408,0x1.d9bd7686c6d5p-169,2.47303865982019830e-51
22,113,0x1.567b33acde85fp-170,0x1.04ad73904e1a6p-408,0x1.567b33acde86p-170,8.93917791261025138e-52
22,114,0x1.ef2597bdee474p-172,0x1.04ad73904e1a6p-408,0x1.ef2597bdee475p-172,3.23098393074695377e-52
22,115,0x1.65e8919000e88p-173,0x1.04ad73904e1a6p-408,0x1.65e8919000e89p-173,1.16773087282677963e-52
22,116,0x1.02b0d47417eebp-174,0x1.04ad73904e1a6p-408,0x1.02b0d47417eecp-174,4.22008963296603047e-53
22,117,0x1.75ee37dc8926cp-176,0x1.04ad73904e1a6p-408,0x1.75ee37dc8926dp-176,1.52500663911832488e-53
22,118,0x1.0e3c46e9205f5p-177,0x1.04ad73904e1a6p-408,0x1.0e3c46e9205f6p-177,5.51052698451013530e-54
22,119,0x1.86911593730e7p-179,0x1.04ad73904e1a6p-408,0x1.86911593730e8p-179,1.99106786252745514e-54
22,120,0x1.1a38ab983a213p-180,0x1.04ad73904e1a6p-408,0x1.1a38ab983a214p-180,7.19367326447156312e-55
22,121,0x1.97d639bb0f9d3p-182,0x1.04ad73904e1a6p-408,0x1.97d639bb0f9d4p-182,2.59888614582447663e-55
22,122,0x1.26a9a1b08e3ffp-183,0x1.04ad73904e1a6p-408,0x1.26a9a1b08e4p-183,9.38849283826128570e-56
22,123,0x1.a9c2d3e8891f5p-185,0x1.04ad73904e1a6p-408,0x1.a9c2d3e8891f6p-185,3.39138239200824791e-56
22,124,0x1.3392df978c93dp-186,0x1.04ad73904e1a6p-408,0x1.3392df978c93ep-186,1.22498303042098929e-56
22,125,0x1.bc5c34c980ff8p-188,0x1.04ad73904e1a6p-408,0x1.bc5c34c980ff9p-188,4.42441630707681029e-57
22,126,0x1.40f8334a4024cp-189,0x1.04ad73904e1a6p-408,0x1.40f8334a4024dp-189,1.59791864419728615e-57
22,127,0x1.cfa7ceadb84a9p-191,0x1.04ad73904e1a6p-408,0x1.cfa7ceadb84aap-191,5.77067048815644013e-58
22,128,0x1.4edd82bea5993p-192,0x1.04ad73904e1a6p-408,0x1.4edd82bea5994p-192,2.08387173016638604e-58
22,129,0x1.e3ab3610b313ap-194,0x1.04ad73904e1a6p-408,0x1.e3ab3610b313bp-194,7.52469573186023470e-59
22,130,0x1.5d46cc44f832ap-195,0x1.04ad73904e1a6p-408,0x1.5d46cc44f832bp-195,2.71694166781749752e-59
22,131,0x1.f86c222346021p-197,0x1.04ad73904e1a6p-408,0x1.f86c222346022p-197,9.80946336309079315e-60
22,132,0x1.6c3826e8e9321p-198,0x1.04ad73904e1a6p-408,0x1.6c3826e8e9322p-198,3.54147271943858313e-60
22,133,0x1.06f836aa7e439p-199,0x1.04ad73904e1a6p-408,0x1.06f836aa7e43ap-199,1.27848729663756220e-60
22,134,0x1.7bb5c2d2b51a6p-201,0x1.04ad73904e1a6p-408,0x1.7bb5c2d2b51a7p-201,4.61511944558048047e-61
22,135,0x1.121f0aeea2d04p-202,0x1.04ad73904e1a6p-408,0x1.121f0aeea2d05p-202,1.66587968013871045e-61
22,136,0x1.8bc3e9a809a78p-204,0x1.04ad73904e1a6p-408,0x1.8bc3e9a809a79p-204,6.01282570599446720e-62
22,137,0x1.1dad9f222a121p-205,0x1.04ad73904e1a6p-408,0x1.1dad9f222a122p-205,2.17014143293291126e-62
22,138,0x1.9c66feecaee6bp-207,0x1.04ad73904e1a6p-408,0x1.9c66feecaee6cp-207,7.83198847552892661e-63
22,139,0x1.29a716f5cf979p-208,0x1.04ad73904e1a6p-408,0x1.29a716f5cf97ap-208,2.82638132148538717e-63
22,140,0x1.ada38062e55ebp-210,0x1.04ad73904e1a6p-408,0x1.ada38062e55ecp-210,1.01991579274011674e-63
22,141,0x1.360ea8caf72fbp-211,0x1.04ad73904e1a6p-408,0x1.360ea8caf72fcp-211,3.68021218323305087e-64
22,142,0x1.bf7e066b6ade6p-213,0x1.04ad73904e1a6p-408,0x1.bf7e066b6ade7p-213,1.32787291007681677e-64
22,143,0x1.42e79df76ea5cp-214,0x1.04ad73904e1a6p-408,0x1.42e79df76ea5dp-214,4.79088120039103347e-65
22,144,0x1.d1fb446516f3bp-216,0x1.04ad73904e1a6p-408,0x1.d1fb446516f3cp-216,1.72842149180081553e-65
22,145,0x1.50355308e04f9p-217,0x1.04ad73904e1a6p-408,0x1.50355308e04fap-217,6.23532943906393172e-66
22,146,0x1.e520090bffe0dp-219,0x1.04ad73904e1a6p-408,0x1.e520090bffe0ep-219,2.24928643235888683e-66
22,147,0x1.5dfb3807eb9e7p-220,0x1.04ad73904e1a6p-408,0x1.5dfb3807eb9e8p-220,8.11345549091706579e-67
22,148,0x1.f8f13ed81849fp-222,0x1.04ad73904e1a6p-408,0x1.f8f13ed8184ap-222,2.92646144789130170e-67
22,149,0x1.6c3cd0bad85cbp-223,0x1.04ad73904e1a6p-408,0x1.6c3cd0bad85ccp-223,1.05549390447923871e-67
22,150,0x1.06b9f62d9ac85p-224,0x1.04ad73904e1a6p-408,0x1.06b9f62d9ac86p-224,3.80666572529906228e-68
22,151,0x1.7afdb4e7d9332p-226,0x1.04ad73904e1a6p-408,0x1.7afdb4e7d9333p-226,1.37280849877767766e-68
22,152,0x1.11569a4f374a7p-227,0x1.04ad73904e1a6p-408,0x1.11569a4f374a8p-227,4.95052770597443117e-69
22,153,0x1.8a419096d1b55p-229,0x1.04ad73904e1a6p-408,0x1.8a419096d1b56p-229,1.78512841485621093e-69
22,154,0x1.1c512bbf60f5p-230,0x1.04ad73904e1a6p-408,0x1.1c512bbf60f51p-230,6.43671044206994479e-70
22,155,0x1.9a0c245293fbfp-232,0x1.04ad73904e1a6p-408,0x1.9a0c245293fcp-232,2.32078620392577485e-70
22,156,0x1.27ac59047948cp-233,0x1.04ad73904e1a6p-408,0x1.27ac59047948dp-233,8.36725597798047600e-71
22,157,0x1.aa614569899bbp-235,0x1.04ad73904e1a6p-408,0x1.aa614569899bcp-235,3.01653135334079775e-71
22,158,0x1.336adf6a44e1ap-236,0x1.04ad73904e1a6p-408,0x1.336adf6a44e1bp-236,1.08745076778423098e-71
22,159,0x1.bb44de2dbb94fp-238,0x1.04ad73904e1a6p-408,0x1.bb44de2dbb95p-238,3.92002143264744537e-72
22,160,0x1.3f8f8b2ef6004p-239,0x1.04ad73904e1a6p-408,0x1.3f8f8b2ef6005p-239,1.41300747268930149e-72
22,161,0x1.ccbaee342c863p-241,0x1.04ad73904e1a6p-408,0x1.ccbaee342c864p-241,5.09304786106235396e-73
22,162,0x1.4c1d37afb7c0dp-242,0x1.04ad73904e1a6p-408,0x1.4c1d37afb7c0ep-242,1.83564391326292229e-73
22,163,0x1.dec78a937858cp-244,0x1.04ad73904e1a6p-408,0x1.dec78a937858dp-244,6.61571216350069074e-74
22,164,0x1.5916cf94b0c5cp-245,0x1.04ad73904e1a6p-408,0x1.5916cf94b0c5dp-245,2.38419814137541246e-74
22,165,0x1.f16ede21ac477p-247,0x1.04ad73904e1a6p-408,0x1.f16ede21ac478p-247,8.59183179498120352e-75
22,166,0x1.667f4cfc7419dp-248,0x1.04ad73904e1a6p-408,0x1.667f4cfc7419ep-248,3.09604283700788932e-75
22,167,0x1.025a94d8a508fp-249,0x1.04ad73904e1a6p-408,0x1.025a94d8a509p-249,1.11559362740365144e-75
22,168,0x1.7459b9a6d6cb5p-251,0x1.04ad73904e1a6p-408,0x1.7459b9a6d6cb6p-251,4.01960198147933278e-76
22,169,0x1.0c4f6226b4716p-252,0x1.04ad73904e1a6p-408,0x1.0c4f6226b4717p-252,1.44823198407586736e-76
22,170,0x1.82a92f1f20bdbp-254,0x1.04ad73904e1a6p-408,0x1.82a92f1f20bdcp-254,5.21760701949798397e-77
22,171,0x1.16980dba731fdp-255,0x1.04ad73904e1a6p-408,0x1.16980dba731fep-255,1.87967530662427201e-77
22,172,0x1.9170d6e58eef3p-257,0x1.04ad73904e1a6p-408,0x1.9170d6e58eef4p-257,6.77130904859707195e-78
22,173,0x1.2136d9aa4ca49p-258,0x1.04ad73904e1a6p-408,0x1.2136d9aa4ca4ap-258,2.43916317148573822e-78
22,174,0x1.a0b3ea981d6eep-260,0x1.04ad73904e1a6p-408,0x1.a0b3ea981d6efp-260,8.78592676790091371e-79
22,175,0x1.2c2e13803d2dcp-261,0x1.04ad73904e1a6p-408,0x1.2c2e13803d2ddp-261,3.16455682110515389e-79
22,176,0x1.b075b41a8f225p-263,0x1.04ad73904e1a6p-408,0x1.b075b41a8f226p-263,1.13976914926989042e-79
22,177,0x1.37801455d86d9p-264,0x1.04ad73904e1a6p-408,0x1.37801455d86dap-264,4.10487241310246436e-80
22,178,0x1.c0b98dbda9311p-266,0x1.04ad73904e1a6p-408,0x1.c0b98dbda9312p-266,1.47829558262543569e-80
22,179,0x1.432f40efbc7bp-267,0x1.04ad73904e1a6p-408,0x1.432f40efbc7b1p-267,5.32355603605296863e-81
22,180,0x1.d182e2659810bp-269,0x1.04ad73904e1a6p-408,0x1.d182e2659810cp-269,1.91699684451512800e-81
22,181,0x1.4f3e09d869861p-270,0x1.04ad73904e1a6p-408,0x1.4f3e09d869862p-270,6.90271695953672460e-82
22,182,0x1.e2d52daf73f88p-272,0x1.04ad73904e1a6p-408,0x1.e2d52daf73f89p-272,2.48540927527869904e-82
22,183,0x1.5baeeb7a7705cp-273,0x1.04ad73904e1a6p-408,0x1.5baeeb7a7705dp-273,8.94859854930207289e-83
22,184,0x1.f4b3fc15da549p-275,0x1.04ad73904e1a6p-408,0x1.f4b3fc15da54ap-275,3.22174732960872968e-83
22,185,0x1.68846e3a1f1eep-276,0x1.04ad73904e1a6p-408,0x1.68846e3a1f1efp-276,1.15986474964238826e-83
22,186,0x1.0391758a48ef5p-277,0x1.04ad73904e1a6p-408,0x1.0391758a48ef6p-277,4.17544455223262696e-84
22,187,0x1.75c1268e18d5cp-279,0x1.04ad73904e1a6p-408,0x1.75c1268e18d5dp-279,1.50306467581039554e-84
22,188,0x1.0d12d4a597791p-280,0x1.04ad73904e1a6p-408,0x1.0d12d4a597792p-280,5.41043606117778066e-85
22,189,0x1.8367b517b9a8dp-282,0x1.04ad73904e1a6p-408,0x1.8367b517b9a8ep-282,1.94745126832229188e-85
22,190,0x1.16dffb4f56babp-283,0x1.04ad73904e1a6p-408,0x1.16dffb4f56bacp-283,7.00939821473639851e-86
22,191,0x1.917ac6ba570a6p-285,0x1.04ad73904e1a6p-408,0x1.917ac6ba570a7p-285,2.52275309505742091e-86
22,192,0x1.20fad22cfae14p-286,0x1.04ad73904e1a6p-408,0x1.20fad22cfae15p-286,9.07922366839593358e-87
22,193,0x1.9ffd14b1e03f1p-288,0x1.04ad73904e1a6p-408,0x1.9ffd14b1e03f2p-288,3.26740304529375517e-87
22,194,0x1.2b654aa6a0f8dp-289,0x1.04ad73904e1a6p-408,0x1.2b654aa6a0f8ep-289,1.17580906301314902e-87
22,195,0x1.aef164a8a9015p-291,0x1.04ad73904e1a6p-408,0x1.aef164a8a9016p-291,4.23107836276205619e-88
22,196,0x1.36215ef62c5e8p-292,0x1.04ad73904e1a6p-408,0x1.36215ef62c5e9p-292,1.52245890034453132e-88
22,197,0x1.be5a88cc5d6dap-294,0x1.04ad73904e1a6p-408,0x1.be5a88cc5d6dbp-294,5.47797946455022167e-89
22,198,0x1.41311235c9a22p-295,0x1.04ad73904e1a6p-408,0x1.41311235c9a23p-295,1.97094999699121255e-89
22,199,0x1.ce3b5fe21772bp-297,0x1.04ad73904e1a6p-408,0x1.ce3b5fe21772cp-297,7.09106173720521466e-90
22,200,0x1.4c96706dd16c9p-298,0x1.04ad73904e1a6p-408,0x1.4c96706dd16cap-298,2.55109980332575817e-90
22,201,0x1.de96d5598e3a1p-300,0x1.04ad73904e1a6p-408,0x1.de96d5598e3a2p-300,9.17749640516422429e-91
22,202,0x1.58538ea206014p-301,0x1.04ad73904e1a6p-408,0x1.58538ea206015p-301,3.30142667263063412e-91
22,203,0x1.ef6fe15f57d71p-303,0x1.04ad73904e1a6p-408,0x1.ef6fe15f57d72p-303,1.18757163061514854e-91
22,204,0x1.646a8ade25f5dp-304,0x1.04ad73904e1a6p-408,0x1.646a8ade25f5ep-304,4.27168053540528415e-92
22,205,0x1.0064c4771ac25p-305,0x1.04ad73904e1a6p-408,0x1.0064c4771ac26p-305,1.53645051066736040e-92
22,206,0x1.70dd8c41cea11p-307,0x1.04ad73904e1a6p-408,0x1.70dd8c41cea12p-307,5.52610726862540258e-93
22,207,0x1.09536eefb1672p-308,0x1.04ad73904e1a6p-408,0x1.09536eefb1673p-308,1.98747207387778293e-93
22,208,0x1.7daec30ba8d61p-310,0x1.04ad73904e1a6p-408,0x1.7daec30ba8d62p-310,7.14765880578989183e-94
22,209,0x1.12857f7ceff18p-311,0x1.04ad73904e1a6p-408,0x1.12857f7ceff19p-311,2.57044141136086851e-94
22,210,0x1.8ae068a3da863p-313,0x1.04ad73904e1a6p-408,0x1.8ae068a3da864p-313,9.24342212850209472e-95
22,211,0x1.1bfc8c0057bd2p-314,0x1.04ad73904e1a6p-408,0x1.1bfc8c0057bd3p-314,3.32383233693713703e-95
22,212,0x1.9874bfa5b7cd3p-316,0x1.04ad73904e1a6p-408,0x1.9874bfa5b7cd4p-316,1.19516189248010272e-95
22,213,0x1.25ba30e0003a5p-317,0x1.04ad73904e1a6p-408,0x1.25ba30e0003a6p-317,4.29730060584629852e-96
22,214,0x1.a66e13e8adf3bp-319,0x1.04ad73904e1a6p-408,0x1.a66e13e8adf3cp-319,1.54506289196517676e-96
22,215,0x1.2fc0110c9dd67p-320,0x1.04ad73904e1a6p-408,0x1.2fc0110c9dd68p-320,5.55492347922852971e-97
22,216,0x1.b4ceba886310ep-322,0x1.04ad73904e1a6p-408,0x1.b4ceba886310fp-322,1.99706201403772225e-97
22,217,0x1.3a0fd606f7286p-323,0x1.04ad73904e1a6p-408,0x1.3a0fd606f7287p-323,7.17937491087561453e-98
22,218,0x1.c39911ec04cfbp-325,0x1.04ad73904e1a6p-408,0x1.c39911ec04cfcp-325,2.58085369797986727e-98
22,219,0x1.44ab2fe4c479p-326,0x1.04ad73904e1a6p-408,0x1.44ab2fe4c4791p-326,9.27730574820414375e-99
22,220,0x1.d2cf81ccc0f5dp-328,0x1.04ad73904e1a6p-408,0x1.d2cf81ccc0f5ep-328,3.33474125366027456e-99
22,221,0x1.4f93d554f5fdfp-329,0x1.04ad73904e1a6p-408,0x1.4f93d554f5fep-329,1.19862756721049551e-99
22,222,0x1.e2747b3b6265bp-331,0x1.04ad73904e1a6p-408,0x1.e2747b3b6265cp-331,4.30812490624736143e-100
22,223,0x1.5acb83a35cdd1p-332,0x1.04ad73904e1a6p-408,0x1.5acb83a35cdd2p-332,1.54836830669972470e-100
22,224,0x1.f28a78a50d1a1p-334,0x1.04ad73904e1a6p-408,0x1.f28a78a50d1a2p-334,5.56470670523542316e-101
22,225,0x1.6653febbb34a7p-335,0x1.04ad73904e1a6p-408,0x1.6653febbb34a8p-335,1.99982669298408762e-101
22,226,0x1.0189feeb89ffp-336,0x1.04ad73904e1a6p-408,0x1.0189feeb89ff1p-336,7.18661822181649634e-102
22,227,0x1.722f112bfff05p-338,0x1.04ad73904e1a6p-408,0x1.722f112bfff06p-338,2.58249194094028954e-102
22,228,0x1.0a09cc00f1924p-339,0x1.04ad73904e1a6p-408,0x1.0a09cc00f1925p-339,9.27973593685798596e-103
22,229,0x1.7e5e8c2650febp-341,0x1.04ad73904e1a6p-408,0x1.7e5e8c2650fecp-341,3.33437590368233004e-103
22,230,0x1.12c5eedd7cadcp-342,0x1.04ad73904e1a6p-408,0x1.12c5eedd7caddp-342,1.19805250427341848e-103
22,231,0x1.8ae44781cb1e1p-344,0x1.04ad73904e1a6p-408,0x1.8ae44781cb1e2p-344,4.30446865497502558e-104
22,232,0x1.1bbfb77ef5dcdp-345,0x1.04ad73904e1a6p-408,0x1.1bbfb77ef5dcep-345,1.54648498421557589e-104
22,233,0x1.97c221bb08a6ep-347,0x1.04ad73904e1a6p-408,0x1.97c221bb08a6fp-347,5.55589946110696829e-105
22,234,0x1.24f87a96370a4p-348,0x1.04ad73904e1a6p-408,0x1.24f87a96370a5p-348,1.99593141840164448e-105
22,235,0x1.a4f9fff3c5841p-350,0x1.04ad73904e1a6p-408,0x1.a4f9fff3c5842p-350,7.17000517442468438e-106
22,236,0x1.2e719186ada18p-351,0x1.04ad73904e1a6p-408,0x1.2e719186ada19p-351,2.57558563357749173e-106
22,237,0x1.b28dcdf1d409bp-353,0x1.04ad73904e1a6p-408,0x1.b28dcdf1d409cp-353,9.25156577750019240e-107
22,238,0x1.382c5a655c13fp-354,0x1.04ad73904e1a6p-408,0x1.382c5a655c14p-354,3.32305295018133724e-107
22,239,0x1.c07f7e1d576ddp-356,0x1.04ad73904e1a6p-408,0x1.c07f7e1d576dfp-356,1.19355409338745528e-107
22,240,0x1.422a37f75637ap-357,0x1.04ad73904e1a6p-408,0x1.422a37f75637dp-357,4.28676648816756661e-108
22,241,0x1.ced1097e40259p-359,0x1.04ad73904e1a6p-408,0x1.ced1097e40262p-359,1.53957366241629683e-108
22,242,0x1.4c6c91afb61d5p-360,0x1.04ad73904e1a6p-408,0x1.4c6c91afb61e6p-360,5.52909554345641085e-109
22,243,0x1.dd846fb906d23p-362,0x1.04ad73904e1a6p-408,0x1.dd846fb906d65p-362,1.98559532519591723e-109
22,244,0x1.56f4d3ad06d42p-363,0x1.04ad73904e1a6p-408,0x1.56f4d3ad06dc5p-363,7.13034368220272962e-110
22,245,0x1.ec9bb70aa254dp-365,0x1.04ad73904e1a6p-408,0x1.ec9bb70aa2757p-365,2.56043236737647742e-110
22,246,0x1.61c46eb622d05p-366,0x1.04ad73904e1a6p-408,0x1.61c46eb623119p-366,9.19389048519839600e-111
22,247,0x1.fc18ec43b589ap-368,0x1.04ad73904e1a6p-408,0x1.fc18ec43b68e6p-368,3.30117512950704823e-111
22,248,0x1.6cdcd836836bep-369,0x1.04ad73904e1a6p-408,0x1.6cdcd83685755p-369,1.18528031436222208e-111
22,249,0x1.05ff116178901p-370,0x1.04ad73904e1a6p-408,0x1.05ff11617ca2dp-370,4.25556173202665689e-112
22,250,0x1.783f8a39fe973p-372,0x1.04ad73904e1a6p-408,0x1.783f8a3a0ee21p-372,1.52783368866270258e-112
22,251,0x1.0e26ba3751e4p-373,0x1.04ad73904e1a6p-408,0x1.0e26ba377279cp-373,5.48502586580263988e-113
22,252,0x1.83ee0367eb9d7p-375,0x1.04ad73904e1a6p-408,0x1.83ee03686df44p-375,1.96908623163634158e-113
22,253,0x1.168480d6b178ep-376,0x1.04ad73904e1a6p-408,0x1.168480d7b6266p-376,7.06861446582622847e-114
22,254,0x1.8fe9c6fd8937dp-378,0x1.04ad73904e1a6p-408,0x1.8fe9c7019bedbp-378,2.53739105853909206e-114
22,255,0x1.1f1978aea04adp-379,0x1.04ad73904e1a6p-408,0x1.1f1978b6c5b68p-379,9.10802284938722870e-115
22,256,0x1.9c345cc69d302p-381,0x1.04ad73904e1a6p-408,0x1.9c345ce732deap-381,3.26922235677645123e-115
22,257,0x1.27e6b862d1a0cp-382,0x1.04ad73904e1a6p-408,0x1.27e6b8a3fcfdbp-382,1.17340652266205782e-115
22,258,0x1.a8cf510cd9171p-384,0x1.04ad73904e1a6p-408,0x1.a8cf5211868abp-384,4.21149484806979537e-116
22,259,0x1.30ed59b3b380fp-385,0x1.04ad73904e1a6p-408,0x1.30ed5bbd0e682p-385,1.51149892610998115e-116
22,260,0x1.b5bc34483afd1p-387,0x1.04ad73904e1a6p-408,0x1.b5bc3c6da699ap-387,5.42454455120157388e-117
22,261,0x1.3a2e78efe0131p-388,0x1.04ad73904e1a6p-408,0x1.3a2e893ab74c2p-388,1.94671652264180487e-117
22,262,0x1.c2fc99108fe7p-390,0x1.04ad73904e1a6p-408,0x1.c2fcda3beccb2p-390,6.98596536012916299e-118
22,263,0x1.43ab311d9d4d4p-391,0x1.04ad73904e1a6p-408,0x1.43abb37457157p-391,2.50688912606282818e-118
22,264,0x1.d09205c44875dp-393,0x1.04ad73904e1a6p-408,0x1.d0940f1f2f968p-393,8.99561192127634841e-119
22,265,0x1.4d648137aac1dp-394,0x1.04ad73904e1a6p-408,0x1.4d6893ed79032p-394,3.22788772327756019e-119
22,266,0x1.de7d911c9e742p-396,0x1.04ad73904e1a6p-408,0x1.de8ddbf3d7791p-396,1.15827805221314588e-119
22,267,0x1.575a94820e2c8p-397,0x1.04ad73904e1a6p-408,0x1.577b2a3080365p-397,4.15675681003041955e-120
22,268,0x1.ecbd400d5996ep-399,0x1.04ad73904e1a6p-408,0x1.ed3f96c721bep-399,1.49230448774314412e-120
22,269,0x1.6187f72ecc35cp-400,0x1.04ad73904e1a6p-408,0x1.628ca4a25c83fp-400,5.36337925770089750e-121
22,270,0x1.fb3abad16a027p-402,0x1.04ad73904e1a6p-408,0x1.ff4d709fab3afp-402,1.93365813142523853e-121
22,271,0x1.6bc2c1d9db3f4p-403,0x1.04ad73904e1a6p-408,0x1.73e82d765db02p-403,7.03244054322037426e-122
22,272,0x1.04af765ac0dd3p-404,0x1.04ad73904e1a6p-408,0x1.14fa4d93c5beep-404,2.61870551919339616e-122
22,273,0x1.750190bd8c793p-406,0x1.04ad73904e1a6p-408,0x1.b62ceda19fffdp-406,1.03569024800313547e-122
22,274,0x1.09ce0ef9d0424p-407,0x1.04ad73904e1a6p-408,0x1.8c24c8c1f74f8p-407,4.68171034089080160e-123
22,275,0x1.7758978da5829p-409,0x1.04ad73904e1a6p-408,0x1.c059bf5720dbbp-408,2.64935121939057787e-123
22,276,0x1.036fab95d19c4p-410,0x1.04ad73904e1a6p-408,0x1.45895e75c2818p-408,1.92363036473806185e-123
22,277,0x1.5564f5b07393ap-412,0x1.04ad73904e1a6p-408,0x1.1a03c2eb5553bp-408,1.66645480333091249e-123
22,278,0x1.8ec98dc57a525p-414,0x1.04ad73904e1a6p-408,0x1.0ae899c76403cp-408,1.57719127308603062e-123
22,279,0x1.4c2531748debep-416,0x1.04ad73904e1a6p-408,0x1.05f998c1c2a86p-408,1.54803805095151617e-123
22,280,0x0p+0,0x1.04ad73904e1a6p-408,0x1.04ad73904e1a6p-408,1.54037132514524453e-123
23,0,0x1.326eb53d803c5p-4,0x1.ac7607c33101p-406,0x1.326eb53d803c6p-4,7.48126105973049016e-02
23,1,0x1.bd622496b8009p-6,0x1.ac7607c33101p-406,0x1.bd622496b800ap-6,2.71840436279262923e-02
23,2,0x1.3692fb114b3f7p-7,0x1.ac7607c33101p-406,0x1.3692fb114b3f8p-7,9.47797068746501770e-03
23,3,0x1.a6e28dc982ef7p-9,0x1.ac7607c33101p-406,0x1.a6e28dc982ef8p-9,3.22635632324430252e-03
23,4,0x1.1d6258b9029f5p-10,0x1.ac7607c33101p-406,0x1.1d6258b9029f6p-10,1.08865419884074171e-03
23,5,0x1.8227873514085p-12,0x1.ac7607c33101p-406,0x1.8227873514086p-12,3.68265539980157700e-04
23,6,0x1.07a96d79a9bfap-13,0x1.ac7607c33101p-406,0x1.07a96d79a9bfbp-13,1.25723756174894594e-04
23,7,0x1.6c4792dbd460dp-15,0x1.ac7607c33101p-406,0x1.6c4792dbd460ep-15,4.34255104823194187e-05
23,8,0x1.fd1423eaa1408p-17,0x1.ac7607c33101p-406,0x1.fd1423eaa1409p-17,1.51717267347171461e-05
23,9,0x1.67430fa17ea18p-18,0x1.ac7607c33101p-406,0x1.67430fa17ea19p-18,5.35342033591370803e-06
23,10,0x1.ff38c369a162ep-20,0x1.ac7607c33101p-406,0x1.ff38c369a162fp-20,1.90444935768816846e-06
23,11,0x1.6e23396031d38p-21,0x1.ac7607c33101p-406,0x1.6e23396031d39p-21,6.81984413852214026e-07
23,12,0x1.07a2b523c9c7dp-22,0x1.ac7607c33101p-406,0x1.07a2b523c9c7ep-22,2.45529763841967680e-07
23,13,0x1.7d51b59c1ca8cp-24,0x1.ac7607c33101p-406,0x1.7d51b59c1ca8dp-24,8.87827895106323272e-08
23,14,0x1.14c087234ae7dp-25,0x1.ac7607c33101p-406,0x1.14c087234ae7ep-25,3.22181803686691403e-08
23,15,0x1.92e31a79d3079p-27,0x1.ac7607c33101p-406,0x1.92e31a79d307ap-27,1.17255585134207458e-08
23,16,0x1.25f1d58a2f6eap-28,0x1.ac7607c33101p-406,0x1.25f1d58a2f6ebp-28,4.27745784121441832e-09
23,17,0x1.adbac9703f231p-30,0x1.ac7607c33101p-406,0x1.adbac9703f232p-30,1.56334730930037787e-09
23,18,0x1.3a96b9cb51d3bp-31,0x1.ac7607c33101p-406,0x1.3a96b9cb51d3cp-31,5.72233643642487222e-10
23,19,0x1.cd228d80e1b2fp-33,0x1.ac7607c33101p-406,0x1.cd228d80e1b3p-33,2.09699906768583805e-10
23,20,0x1.5246edb047d76p-34,0x1.ac7607c33101p-406,0x1.5246edb047d77p-34,7.69152994371670975e-11
23,21,0x1.f0a343f604879p-36,0x1.ac7607c33101p-406,0x1.f0a343f60487ap-36,2.82305879723403720e-11
23,22,0x1.6cbed1b3a0038p-37,0x1.ac7607c33101p-406,0x1.6cbed1b3a0039p-37,1.03666874137332349e-11
23,23,0x1.0bf88413fe437p-38,0x1.ac7607c33101p-406,0x1.0bf88413fe438p-38,3.80809361433655447e-12
23,24,0x1.89d499e0feb4bp-40,0x1.ac7607c33101p-406,0x1.89d499e0feb4cp-40,1.39916690857500600e-12
23,25,0x1.216f98b8f1d4p-41,0x1.ac7607c33101p-406,0x1.216f98b8f1d41p-41,5.14141483360037188e-13
23,26,0x1.a97199bd483a2p-43,0x1.ac7607c33101p-406,0x1.a97199bd483a3p-43,1.88934979717645902e-13
23,27,0x1.38ac633d2193cp-44,0x1.ac7607c33101p-406,0x1.38ac633d2193dp-44,6.94274391896550746e-14
23,28,0x1.cb8df45892219p-46,0x1.ac7607c33101p-406,0x1.cb8df4589221ap-46,2.55103998855068429e-14
23,29,0x1.51adbc850788dp-47,0x1.ac7607c33101p-406,0x1.51adbc850788ep-47,9.37246552122671957e-15
23,30,0x1.f02da33158bd3p-49,0x1.ac7607c33101p-406,0x1.f02da33158bd4p-49,3.44292838248762278e-15
23,31,0x1.6c7a08368760fp-50,0x1.ac7607c33101p-406,0x1.6c7a08368761p-50,1.26453253361692607e-15
23,32,0x1.0baf22b495a8dp-51,0x1.ac7607c33101p-406,0x1.0baf22b495a8ep-51,4.64357932856480813e-16
23,33,0x1.891dda7e69eb4p-53,0x1.ac7607c33101p-406,0x1.891dda7e69eb5p-53,1.70487155296369106e-16
23,34,0x1.209ab8a6c3423p-54,0x1.ac7607c33101p-406,0x1.209ab8a6c3424p-54,6.25810991693308201e-17
23,35,0x1.a7aaeb668ed53p-56,0x1.ac7607c33101p-406,0x1.a7aaeb668ed54p-56,2.29670695671532578e-17
23,36,0x1.36e7b23ecf636p-57,0x1.ac7607c33101p-406,0x1.36e7b23ecf637p-57,8.42709863366435179e-18
23,37,0x1.c837450d5f7d9p-59,0x1.ac7607c33101p-406,0x1.c837450d5f7dap-59,3.09143916929588022e-18
23,38,0x1.4ea6ff3f49186p-60,0x1.ac7607c33101p-406,0x1.4ea6ff3f49187p-60,1.13384620521010949e-18
23,39,0x1.eadca16dabe64p-62,0x1.ac7607c33101p-406,0x1.eadca16dabe65p-62,4.15776149506877189e-19
23,40,0x1.67ebfc42bdba6p-63,0x1.ac7607c33101p-406,0x1.67ebfc42bdba7p-63,1.52432819116660681e-19
23,41,0x1.07dbf7d656f79p-64,0x1.ac7607c33101p-406,0x1.07dbf7d656f7ap-64,5.58743696415110610e-20
23,42,0x1.82cc282bca13bp-66,0x1.ac7607c33101p-406,0x1.82cc282bca13cp-66,2.04768885136677468e-20
23,43,0x1.1b747d318c999p-67,0x1.ac7607c33101p-406,0x1.1b747d318c99ap-67,7.50299231143505538e-21
23,44,0x1.9f5eeed306494p-69,0x1.ac7607c33101p-406,0x1.9f5eeed306495p-69,2.74869359181855425e-21
23,45,0x1.3049149631042p-70,0x1.ac7607c33101p-406,0x1.3049149631043p-70,1.00679616711267841e-21
23,46,0x1.bdbd85270a251p-72,0x1.ac7607c33101p-406,0x1.bdbd85270a252p-72,3.68707745143517357e-22
23,47,0x1.466c2c38941afp-73,0x1.ac7607c33101p-406,0x1.466c2c38941bp-73,1.35005202330411175e-22
23,48,0x1.de02d3685f424p-75,0x1.ac7607c33101p-406,0x1.de02d3685f425p-75,4.94251829361551165e-23
23,49,0x1.5df161847bb1ep-76,0x1.ac7607c33101p-406,0x1.5df161847bb1fp-76,1.80916236014745676e-23
23,50,0x1.0025b55177339p-77,0x1.ac7607c33101p-406,0x1.0025b5517733ap-77,6.62125246310094990e-24
23,51,0x1.76ed7cfd03bp-79,0x1.ac7607c33101p-406,0x1.76ed7cfd03b01p-79,2.42291339821020870e-24
23,52,0x1.125ac17f41949p-80,0x1.ac7607c33101p-406,0x1.125ac17f4194ap-80,8.86487249219997547e-25
23,53,0x1.917673a246a7bp-82,0x1.ac7607c33101p-406,0x1.917673a246a7cp-82,3.24298987990481193e-25
23,54,0x1.25b080793c477p-83,0x1.ac7607c33101p-406,0x1.25b080793c478p-83,1.18620228375816003e-25
23,55,0x1.ada36ca116417p-85,0x1.ac7607c33101p-406,0x1.ada36ca116418p-85,4.33823895611256438e-26
23,56,0x1.3a37bfe826871p-86,0x1.ac7607c33101p-406,0x1.3a37bfe826872p-86,1.58639434284184907e-26
23,57,0x1.cb8cca559f52dp-88,0x1.ac7607c33101p-406,0x1.cb8cca559f52ep-88,5.80033598906377422e-27
23,58,0x1.50023039579b7p-89,0x1.ac7607c33101p-406,0x1.50023039579b8p-89,2.12051206084226707e-27
23,59,0x1.eb4c35e41f22bp-91,0x1.ac7607c33101p-406,0x1.eb4c35e41f22cp-91,7.75131092470551150e-28
23,60,0x1.67226d94cce35p-92,0x1.ac7607c33101p-406,0x1.67226d94cce36p-92,2.83307154599651090e-28
23,61,0x1.067e566d5d0d7p-93,0x1.ac7607c33101p-406,0x1.067e566d5d0d8p-93,1.03535432487142563e-28
23,62,0x1.7fac0a1c70227p-95,0x1.ac7607c33101p-406,0x1.7fac0a1c70228p-95,3.78329830410142487e-29
23,63,0x1.185d483aeae52p-96,0x1.ac7607c33101p-406,0x1.185d483aeae53p-96,1.38230313297733400e-29
23,64,0x1.99b399374a75fp-98,0x1.ac7607c33101p-406,0x1.99b399374a76p-98,5.04996157565218030e-30
23,65,0x1.2b51db1f2477p-99,0x1.ac7607c33101p-406,0x1.2b51db1f24771p-99,1.84470038095935211e-30
23,66,0x1.b54ebbbdea9b5p-101,0x1.ac7607c33101p-406,0x1.b54ebbbdea9b6p-101,6.73778967771664002e-31
23,67,0x1.3f6bbce7d1709p-102,0x1.ac7607c33101p-406,0x1.3f6bbce7d170ap-102,2.46072872890334335e-31
23,68,0x1.d2942ceb5e3a5p-104,0x1.ac7607c33101p-406,0x1.d2942ceb5e3a6p-104,8.98598102396266988e-32
23,69,0x1.54bb67d307682p-105,0x1.ac7607c33101p-406,0x1.54bb67d307683p-105,3.28113031926805594e-32
23,70,0x1.f19bd000a48dbp-107,0x1.ac7607c33101p-406,0x1.f19bd000a48dcp-107,1.19794923175110580e-32
23,71,0x1.6b522c7010c6ep-108,0x1.ac7607c33101p-406,0x1.6b522c7010c6fp-108,4.37331734472597893e-33
23,72,0x1.093f5f481fc11p-109,0x1.ac7607c33101p-406,0x1.093f5f481fc12p-109,1.59640060832308146e-33
23,73,0x1.83423bf51cc71p-111,0x1.ac7607c33101p-406,0x1.83423bf51cc72p-111,5.82682171315109529e-34
23,74,0x1.1aababb693937p-112,0x1.ac7607c33101p-406,0x1.1aababb693938p-112,2.12657715442125394e-34
23,75,0x1.9c9eb307eadc7p-114,0x1.ac7607c33101p-406,0x1.9c9eb307eadc8p-114,7.76051814669129543e-35
23,76,0x1.2d20a71e3552fp-115,0x1.ac7607c33101p-406,0x1.2d20a71e3553p-115,2.83178987138800582e-35
23,77,0x1.b77ba4fa0ab8bp-117,0x1.ac7607c33101p-406,0x1.b77ba4fa0ab8cp-117,1.03321953487451481e-35
23,78,0x1.40acddd5d28dbp-118,0x1.ac7607c33101p-406,0x1.40acddd5d28dcp-118,3.76951956504641932e-36
23,79,0x1.d3ee277afbbc7p-120,0x1.ac7607c33101p-406,0x1.d3ee277afbbc8p-120,1.37512353095825095e-36
23,80,0x1.555f97283700bp-121,0x1.ac7607c33101p-406,0x1.555f97283700cp-121,5.01603129355591359e-37
23,81,0x1.f20c5ec3a61a1p-123,0x1.ac7607c33101p-406,0x1.f20c5ec3a61a2p-123,1.82954058674258416e-37
23,82,0x1.6b48de1b299d9p-124,0x1.ac7607c33101p-406,0x1.6b48de1b299dap-124,6.67248501511747092e-38
23,83,0x1.08f6c51fbdb23p-125,0x1.ac7607c33101p-406,0x1.08f6c51fbdb24p-125,2.43330953873410658e-38
23,84,0x1.82798a90f2431p-127,0x1.ac7607c33101p-406,0x1.82798a90f2432p-127,8.87302557770351881e-39
23,85,0x1.19d508dc100a7p-128,0x1.ac7607c33101p-406,0x1.19d508dc100a8p-128,3.23527460475372592e-39
23,86,0x1.9b034ac803d65p-130,0x1.ac7607c33101p-406,0x1.9b034ac803d66p-130,1.17954905965899458e-39
23,87,0x1.2badc98474311p-131,0x1.ac7607c33101p-406,0x1.2badc98474312p-131,4.30018069431994820e-40
23,88,0x1.b4f8ad3ca56ccp-133,0x1.ac7607c33101p-406,0x1.b4f8ad3ca56cdp-133,1.56755799681203187e-40
23,89,0x1.3e8e782fdf868p-134,0x1.ac7607c33101p-406,0x1.3e8e782fdf869p-134,5.71382738239866238e-41
23,90,0x1.d06d2af0a4075p-136,0x1.ac7607c33101p-406,0x1.d06d2af0a4076p-136,2.08256016706135435e-41
23,91,0x1.52852f88a3bccp-137,0x1.ac7607c33101p-406,0x1.52852f88a3bcdp-137,7.58988665050855685e-42
23,92,0x1.ed75321d3b9edp-139,0x1.ac7607c33101p-406,0x1.ed75321d3b9eep-139,2.76592660659374981e-42
23,93,0x1.67a0bb831e1a2p-140,0x1.ac7607c33101p-406,0x1.67a0bb831e1a3p-140,1.00789193928054100e-42
23,94,0x1.061318a9c2e1cp-141,0x1.ac7607c33101p-406,0x1.061318a9c2e1dp-141,3.67244727623447388e-43
23,95,0x1.7df0a1641ab75p-143,0x1.ac7607c33101p-406,0x1.7df0a1641ab76p-143,1.33802970775028185e-43
23,96,0x1.164b5187ec626p-144,0x1.ac7607c33101p-406,0x1.164b5187ec627p-144,4.87466566307689520e-44
23,97,0x1.9585281a15511p-146,0x1.ac7607c33101p-406,0x1.9585281a15512p-146,1.77579610580508808e-44
23,98,0x1.276f0ce24f329p-147,0x1.ac7607c33101p-406,0x1.276f0ce24f32ap-147,6.46860807374202002e-45
23,99,0x1.ae6f60ec95259p-149,0x1.ac7607c33101p-406,0x1.ae6f60ec9525ap-149,2.35612502484095991e-45
23,100,0x1.398aa630a2af4p-150,0x1.ac7607c33101p-406,0x1.398aa630a2af5p-150,8.58135469298541611e-46
23,101,0x1.c8c13084f5a7fp-152,0x1.ac7607c33101p-406,0x1.c8c13084f5a8p-152,3.12524211352264972e-46
23,102,0x1.4cab11ad0726bp-153,0x1.ac7607c33101p-406,0x1.4cab11ad0726cp-153,1.13810422775243961e-46
23,103,0x1.e48d5854031e7p-155,0x1.ac7607c33101p-406,0x1.e48d5854031e8p-155,4.14430025815671571e-47
23,104,0x1.60dde31ac9cf3p-156,0x1.ac7607c33101p-406,0x1.60dde31ac9cf4p-156,1.50900766024908239e-47
23,105,0x1.00f3c02bf454dp-157,0x1.ac7607c33101p-406,0x1.00f3c02bf454ep-157,5.49418113222771696e-48
23,106,0x1.763154d2864a7p-159,0x1.ac7607c33101p-406,0x1.763154d2864a8p-159,2.00025808953623519e-48
23,107,0x1.107220a30277cp-160,0x1.ac7607c33101p-406,0x1.107220a30277dp-160,7.28183547709867749e-49
23,108,0x1.8cb44f163703ap-162,0x1.ac7607c33101p-406,0x1.8cb44f163703bp-162,2.65074334572852969e-49
23,109,0x1.20cc978e29c89p-163,0x1.ac7607c33101p-406,0x1.20cc978e29c8ap-163,9.64865345986132414e-50
23,110,0x1.a4766fafd7c04p-165,0x1.ac7607c33101p-406,0x1.a4766fafd7c05p-165,3.51186784583008039e-50
23,111,0x1.320e720f19f1p-166,0x1.ac7607c33101p-406,0x1.320e720f19f11p-166,1.27815128092735919e-50
23,112,0x1.bd8811dd50e43p-168,0x1.ac7607c33101p-406,0x1.bd8811dd50e44p-168,4.65156613599427137e-51
23,113,0x1.44438620386bfp-169,0x1.ac7607c33101p-406,0x1.44438620386cp-169,1.69273583746941077e-51
23,114,0x1.d7fa568c759a3p-171,0x1.ac7607c33101p-406,0x1.d7fa568c759a4p-171,6.15959877914182668e-52
23,115,0x1.5778388445727p-172,0x1.ac7607c33101p-406,0x1.5778388445728p-172,2.24124379625994382e-52
23,116,0x1.f3df2ce9f4048p-174,0x1.ac7607c33101p-406,0x1.f3df2ce9f4049p-174,8.15453888366583492e-53
23,117,0x1.6bb982f1b1164p-175,0x1.ac7607c33101p-406,0x1.6bb982f1b1165p-175,2.96676763976926117e-53
23,118,0x1.08a4ada315e8ep-176,0x1.ac7607c33101p-406,0x1.08a4ada315e8fp-176,1.07929871341435426e-53
23,119,0x1.8114fa7bbf621p-178,0x1.ac7607c33101p-406,0x1.8114fa7bbf622p-178,3.92621398403484784e-54
23,120,0x1.182644297b1ep-179,0x1.ac7607c33101p-406,0x1.182644297b1e1p-179,1.42817237319976996e-54
23,121,0x1.9798d63baa355p-181,0x1.ac7607c33101p-406,0x1.9798d63baa356p-181,5.19471611096396494e-55
23,122,0x1.287ea25ec0971p-182,0x1.ac7607c33101p-406,0x1.287ea25ec0972p-182,1.88937301047736522e-55
23,123,0x1.af53f63c0056fp-184,0x1.ac7607c33101p-406,0x1.af53f63c0057p-184,6.87145109592359678e-56
23,124,0x1.39b88a93bbb15p-185,0x1.ac7607c33101p-406,0x1.39b88a93bbb16p-185,2.49893085808930488e-56
23,125,0x1.c855eaa8921cfp-187,0x1.ac7607c33101p-406,0x1.c855eaa8921dp-187,9.08730715008336370e-57
23,126,0x1.4bdf3e4163dp-188,0x1.ac7607c33101p-406,0x1.4bdf3e4163d01p-188,3.30439167710911865e-57
23,127,0x1.e2aefb454dd49p-190,0x1.ac7607c33101p-406,0x1.e2aefb454dd4ap-190,1.20149877168283009e-57
23,128,0x1.5efe8369bb508p-191,0x1.ac7607c33101p-406,0x1.5efe8369bb509p-191,4.36848444726843172e-58
23,129,0x1.fe702f2e8006bp-193,0x1.ac7607c33101p-406,0x1.fe702f2e8006cp-193,1.58823242052896692e-58
23,130,0x1.7322aa2d808d5p-194,0x1.ac7607c33101p-406,0x1.7322aa2d808d6p-194,5.77395330411482609e-59
23,131,0x1.0dd5aa727f37fp-195,0x1.ac7607c33101p-406,0x1.0dd5aa727f38p-195,2.09898129732437660e-59
23,132,0x1.8858929876fd2p-197,0x1.ac7607c33101p-406,0x1.8858929876fd3p-197,7.62992209532680884e-60
23,133,0x1.1d3985546bc45p-198,0x1.ac7607c33101p-406,0x1.1d3985546bc46p-198,2.77337126227260133e-60
23,134,0x1.9eadb2a62634dp-200,0x1.ac7607c33101p-406,0x1.9eadb2a62634ep-200,1.00802761164707895e-60
23,135,0x1.2d6d63929a1d7p-201,0x1.ac7607c33101p-406,0x1.2d6d63929a1d8p-201,3.66364589228468255e-61
23,136,0x1.b6301c80fa99ap-203,0x1.ac7607c33101p-406,0x1.b6301c80fa99bp-203,1.33146983089242362e-61
23,137,0x1.3e7b713816aa6p-204,0x1.ac7607c33101p-406,0x1.3e7b713816aa7p-204,4.83867083380755784e-62
23,138,0x1.ceee84fdc2103p-206,0x1.ac7607c33101p-406,0x1.ceee84fdc2104p-206,1.75831979135834001e-62
23,139,0x1.506e4fb0b59d7p-207,0x1.ac7607c33101p-406,0x1.506e4fb0b59d8p-207,6.38920487146679950e-63
23,140,0x1.e8f84a558d9dcp-209,0x1.ac7607c33101p-406,0x1.e8f84a558d9ddp-209,2.32152333076495253e-63
23,141,0x1.63511aa13d82ap-210,0x1.ac7607c33101p-406,0x1.63511aa13d82bp-210,8.43483716287010984e-64
23,142,0x1.022ebd90080efp-211,0x1.ac7607c33101p-406,0x1.022ebd90080fp-211,3.06448772390975848e-64
23,143,0x1.772f6ceded44cp-213,0x1.ac7607c33101p-406,0x1.772f6ceded44dp-213,1.11331156700812815e-64
23,144,0x1.10976ec850f21p-214,0x1.ac7607c33101p-406,0x1.10976ec850f22p-214,4.04439278047551602e-65
23,145,0x1.8c1565f0e93adp-216,0x1.ac7607c33101p-406,0x1.8c1565f0e93aep-216,1.46915567614872690e-65
23,146,0x1.1fbefb7c1054ep-217,0x1.ac7607c33101p-406,0x1.1fbefb7c1054fp-217,5.33654662606283018e-66
23,147,0x1.a20faee22652bp-219,0x1.ac7607c33101p-406,0x1.a20faee22652cp-219,1.93834425666843199e-66
23,148,0x1.2fae89c6f9e64p-220,0x1.ac7607c33101p-406,0x1.2fae89c6f9e65p-220,7.04011476643671257e-67
23,149,0x1.b92b8072761d9p-222,0x1.ac7607c33101p-406,0x1.b92b8072761dap-222,2.55685970784818783e-67
23,150,0x1.406fa74146adcp-223,0x1.ac7607c33101p-406,0x1.406fa74146addp-223,9.28565408688310161e-68
23,151,0x1.d176a89b6253ep-225,0x1.ac7607c33101p-406,0x1.d176a89b6253fp-225,3.37207053729687625e-68
23,152,0x1.520c4d2ee8bdp-226,0x1.ac7607c33101p-406,0x1.520c4d2ee8bd1p-226,1.22450187147184335e-68
23,153,0x1.eaff90a592a51p-228,0x1.ac7607c33101p-406,0x1.eaff90a592a52p-228,4.44632304105954543e-69
23,154,0x1.648ee4d5ef9ddp-229,0x1.ac7607c33101p-406,0x1.648ee4d5ef9dep-229,1.61443822213422325e-69
23,155,0x1.02eaa1b3c21bep-230,0x1.ac7607c33101p-406,0x1.02eaa1b3c21bfp-230,5.86166250697970711e-70
23,156,0x1.78024bfd63eb1p-232,0x1.ac7607c33101p-406,0x1.78024bfd63eb2p-232,2.12813536331500038e-70
23,157,0x1.1103b9df336cbp-233,0x1.ac7607c33101p-406,0x1.1103b9df336ccp-233,7.72603810404014340e-71
23,158,0x1.8c71d995e9a65p-235,0x1.ac7607c33101p-406,0x1.8c71d995e9a66p-235,2.80474704238511415e-71
23,159,0x1.1fd341a1808e2p-236,0x1.ac7607c33101p-406,0x1.1fd341a1808e3p-236,1.01814563472727065e-71
23,160,0x1.a1e9628d823cbp-238,0x1.ac7607c33101p-406,0x1.a1e9628d823ccp-238,3.69577527019087373e-72
23,161,0x1.2f61c49e44ee3p-239,0x1.ac7607c33101p-406,0x1.2f61c49e44ee4p-239,1.34146932750856686e-72
23,162,0x1.b8753ecfd0be4p-241,0x1.ac7607c33101p-406,0x1.b8753ecfd0be5p-241,4.86895288362122640e-73
23,163,0x1.3fb82ce9b9b64p-242,0x1.ac7607c33101p-406,0x1.3fb82ce9b9b65p-242,1.76713659759647106e-73
23,164,0x1.d0224e744c7bdp-244,0x1.ac7607c33101p-406,0x1.d0224e744c7bep-244,6.41334326273359932e-74
23,165,0x1.50dfc6c3193d6p-245,0x1.ac7607c33101p-406,0x1.50dfc6c3193d7p-245,2.32744139146564549e-74
23,166,0x1.e8fdff1bd858fp-247,0x1.ac7607c33101p-406,0x1.e8fdff1bd859p-247,8.44603767186060435e-75
23,167,0x1.62e244710c9bcp-248,0x1.ac7607c33101p-406,0x1.62e244710c9bdp-248,3.06483680511698323e-75
23,168,0x1.018b28bf9f989p-249,0x1.ac7607c33101p-406,0x1.018b28bf9f98ap-249,1.11209492902132658e-75
23,169,0x1.75c9c24136d6cp-251,0x1.ac7607c33101p-406,0x1.75c9c24136d6dp-251,4.03512151395839866e-76
23,170,0x1.0f3cef9810213p-252,0x1.ac7607c33101p-406,0x1.0f3cef9810214p-252,1.46403584595459932e-76
23,171,0x1.89a0caabf8a3fp-254,0x1.ac7607c33101p-406,0x1.89a0caabf8a4p-254,5.31162274230007811e-77
23,172,0x1.1d9bf046f08bep-255,0x1.ac7607c33101p-406,0x1.1d9bf046f08bfp-255,1.92700674335326136e-77
23,173,0x1.9e725a9d8f553p-257,0x1.ac7607c33101p-406,0x1.9e725a9d8f554p-257,6.99068655604753869e-78
23,174,0x1.2cb0197822b6p-258,0x1.ac7607c33101p-406,0x1.2cb0197822b61p-258,2.53592899285869645e-78
23,175,0x1.b449e5e5b94bdp-260,0x1.ac7607c33101p-406,0x1.b449e5e5b94bep-260,9.19888291687984676e-79
23,176,0x1.3c81af84ac3cap-261,0x1.ac7607c33101p-406,0x1.3c81af84ac3cbp-261,3.33667506356555085e-79
23,177,0x1.cb335bcf1240dp-263,0x1.ac7607c33101p-406,0x1.cb335bcf1240ep-263,1.21024595698058812e-79
23,178,0x1.4d194fc02f61p-264,0x1.ac7607c33101p-406,0x1.4d194fc02f611p-264,4.38949281926079023e-80
23,179,0x1.e33b2bdf61d8dp-266,0x1.ac7607c33101p-406,0x1.e33b2bdf61d8ep-266,1.59197447223700525e-80
23,180,0x1.5e7ff3e3c94e4p-267,0x1.ac7607c33101p-406,0x1.5e7ff3e3c94e5p-267,5.77349754849962837e-81
23,181,0x1.fc6e4ac21f207p-269,0x1.ac7607c33101p-406,0x1.fc6e4ac21f208p-269,2.09374157482256828e-81
23,182,0x1.70bef5973cfbep-270,0x1.ac7607c33101p-406,0x1.70bef5973cfbfp-270,7.59256374348684612e-82
23,183,0x1.0b6d1baf3a173p-271,0x1.ac7607c33101p-406,0x1.0b6d1baf3a174p-271,2.75318356876812714e-82
23,184,0x1.83e0121957d74p-273,0x1.ac7607c33101p-406,0x1.83e0121957d75p-273,9.98305160804783291e-83
23,185,0x1.1946800d0ad87p-274,0x1.ac7607c33101p-406,0x1.1946800d0ad88p-274,3.61970318935985084e-83
23,186,0x1.97ed6e0883a32p-276,0x1.ac7607c33101p-406,0x1.97ed6e0883a33p-276,1.31239380864370426e-83
23,187,0x1.27caa4252581ap-277,0x1.ac7607c33101p-406,0x1.27caa4252581bp-277,4.75813789503747413e-84
23,188,0x1.acf1994c7f113p-279,0x1.ac7607c33101p-406,0x1.acf1994c7f114p-279,1.72500986883637886e-84
23,189,0x1.370126ea46296p-280,0x1.ac7607c33101p-406,0x1.370126ea46297p-280,6.25356865070234110e-85
23,190,0x1.c2f793223d58fp-282,0x1.ac7607c33101p-406,0x1.c2f793223d59p-282,2.26697173898608987e-85
23,191,0x1.46f1f78012d6fp-283,0x1.ac7607c33101p-406,0x1.46f1f78012d7p-283,8.21762283733515561e-86
23,192,0x1.da0ace4af3505p-285,0x1.ac7607c33101p-406,0x1.da0ace4af3506p-285,2.97871042144093898e-86
23,193,0x1.57a5583d2b82p-286,0x1.ac7607c33101p-406,0x1.57a5583d2b821p-286,1.07967342876390595e-86
23,194,0x1.f237355f5f40bp-288,0x1.ac7607c33101p-406,0x1.f237355f5f40cp-288,3.91325957077652466e-87
23,195,0x1.6923e1c7395c3p-289,0x1.ac7607c33101p-406,0x1.6923e1c7395c4p-289,1.41829665473878134e-87
23,196,0x1.05c497a42fed8p-290,0x1.ac7607c33101p-406,0x1.05c497a42fed9p-290,5.14017311239644740e-88
23,197,0x1.7b768649c3258p-292,0x1.ac7607c33101p-406,0x1.7b768649c3259p-292,1.86281926771430211e-88
23,198,0x1.1306d1eefa753p-293,0x1.ac7607c33101p-406,0x1.1306d1eefa754p-293,6.75065742643451965e-89
23,199,0x1.8ea694c8910dp-295,0x1.ac7607c33101p-406,0x1.8ea694c8910d1p-295,2.44626698047344125e-89
23,200,0x1.20e90056e6349p-296,0x1.ac7607c33101p-406,0x1.20e90056e634ap-296,8.86429365957595373e-90
23,201,0x1.a2bdbc8e6ff72p-298,0x1.ac7607c33101p-406,0x1.a2bdbc8e6ff73p-298,3.21193669424172553e-90
23,202,0x1.2f721ef5426e4p-299,0x1.ac7607c33101p-406,0x1.2f721ef5426e5p-299,1.16378415596697317e-90
23,203,0x1.b7c610b928e92p-301,0x1.ac7607c33101p-406,0x1.b7c610b928e93p-301,4.21658234556749697e-91
23,204,0x1.3ea971c26b038p-302,0x1.ac7607c33101p-406,0x1.3ea971c26b039p-302,1.52767676958605287e-91
23,205,0x1.cdca0be386badp-304,0x1.ac7607c33101p-406,0x1.cdca0be386baep-304,5.53458632718513136e-92
23,206,0x1.4e968737ebedfp-305,0x1.ac7607c33101p-406,0x1.4e968737ebeep-305,2.00503389666212990e-92
23,207,0x1.e4d493ee49767p-307,0x1.ac7607c33101p-406,0x1.e4d493ee49768p-307,7.26342059709698029e-93
23,208,0x1.5f413b08d3de9p-308,0x1.ac7607c33101p-406,0x1.5f413b08d3deap-308,2.63113811938118987e-93
23,209,0x1.fcf0fde8ec591p-310,0x1.ac7607c33101p-406,0x1.fcf0fde8ec592p-310,9.53079519300573576e-94
23,210,0x1.70b1b8f0d9b89p-311,0x1.ac7607c33101p-406,0x1.70b1b8f0d9b8ap-311,3.45221410076616380e-94
23,211,0x1.0b15890d9467cp-312,0x1.ac7607c33101p-406,0x1.0b15890d9467dp-312,1.25040142108523879e-94
23,212,0x1.82f07f9afccp-314,0x1.ac7607c33101p-406,0x1.82f07f9afcc01p-314,4.52881315051321282e-95
23,213,0x1.18478818134d1p-315,0x1.ac7607c33101p-406,0x1.18478818134d2p-315,1.64022191887671119e-95
23,214,0x1.960663a04b34dp-317,0x1.ac7607c33101p-406,0x1.960663a04b34ep-317,5.94024201174688162e-96
23,215,0x1.2614d9c227716p-318,0x1.ac7607c33101p-406,0x1.2614d9c227717p-318,2.15124087529662291e-96
23,216,0x1.a9fc929f7f4d7p-320,0x1.ac7607c33101p-406,0x1.a9fc929f7f4d8p-320,7.79035722723999989e-97
23,217,0x1.34841bcb5efbfp-321,0x1.ac7607c33101p-406,0x1.34841bcb5efcp-321,2.82103963311997026e-97
23,218,0x1.bedc966e26965p-323,0x1.ac7607c33101p-406,0x1.bedc966e26966p-323,1.02151450979216368e-97
23,219,0x1.439c2e4faaa81p-324,0x1.ac7607c33101p-406,0x1.439c2e4faaa82p-324,3.69882243020975504e-98
23,220,0x1.d4b058640c1bap-326,0x1.ac7607c33101p-406,0x1.d4b058640c1bbp-326,1.33926361135169416e-98
23,221,0x1.536436253ad4ep-327,0x1.ac7607c33101p-406,0x1.536436253ad4fp-327,4.84900186779210996e-99
23,222,0x1.eb8224c1a1f27p-329,0x1.ac7607c33101p-406,0x1.eb8224c1a1f28p-329,1.75558710455511409e-99
23,223,0x1.63e39f4db7817p-330,0x1.ac7607c33101p-406,0x1.63e39f4db7818p-330,6.35588766572921876e-100
23,224,0x1.01ae5719159e7p-331,0x1.ac7607c33101p-406,0x1.01ae5719159e8p-331,2.30098556908983612e-100
23,225,0x1.75221f7b5d5acp-333,0x1.ac7607c33101p-406,0x1.75221f7b5d5adp-333,8.32981736375802052e-101
23,226,0x1.0e2588b536139p-334,0x1.ac7607c33101p-406,0x1.0e2588b53613ap-334,3.01537282529423691e-101
23,227,0x1.8727b8aa8d1e3p-336,0x1.ac7607c33101p-406,0x1.8727b8aa8d1e4p-336,1.09151713297609990e-101
23,228,0x1.1b2c6c7255014p-337,0x1.ac7607c33101p-406,0x1.1b2c6c7255015p-337,3.95097380450536487e-102
23,229,0x1.99fcbbd05de0fp-339,0x1.ac7607c33101p-406,0x1.99fcbbd05de1p-339,1.43008498179953908e-102
23,230,0x1.28c9005d651abp-340,0x1.ac7607c33101p-406,0x1.28c9005d651acp-340,5.17611233331665481e-103
23,231,0x1.ada9cb9ec6053p-342,0x1.ac7607c33101p-406,0x1.ada9cb9ec6054p-342,1.87339665370732800e-103
23,232,0x1.37017d4fb1b35p-343,0x1.ac7607c33101p-406,0x1.37017d4fb1b36p-343,6.78016145683430073e-104
23,233,0x1.c237df5ef21fdp-345,0x1.ac7607c33101p-406,0x1.c237df5ef21fep-345,2.45377438305548412e-104
23,234,0x1.45dc58fb4c90bp-346,0x1.ac7607c33101p-406,0x1.45dc58fb4c90cp-346,8.88001224636014666e-105
23,235,0x1.d7b045e2644b9p-348,0x1.ac7607c33101p-406,0x1.d7b045e2644bap-348,3.21348955601795643e-105
23,236,0x1.55604807cf8b9p-349,0x1.ac7607c33101p-406,0x1.55604807cf8bap-349,1.16285257623959470e-105
23,237,0x1.ee1ca88b7a397p-351,0x1.ac7607c33101p-406,0x1.ee1ca88b7a398p-351,4.20781765180068856e-106
23,238,0x1.6594403fe2fcfp-352,0x1.ac7607c33101p-406,0x1.6594403fe2fdp-352,1.52255747029338680e-106
23,239,0x1.02c38736fda44p-353,0x1.ac7607c33101p-406,0x1.02c38736fda46p-353,5.50902895826158185e-107
23,240,0x1.767f7acffc7f9p-355,0x1.ac7607c33101p-406,0x1.767f7acffc7fdp-355,1.99324663339136671e-107
23,241,0x1.0efcefc42a0ap-356,0x1.ac7607c33101p-406,0x1.0efcefc42a0a8p-356,7.21160102467740582e-108
23,242,0x1.88297696cc234p-358,0x1.ac7607c33101p-406,0x1.88297696cc25p-358,2.60907797039068224e-108
23,243,0x1.1bbff40b141e5p-359,0x1.ac7607c33101p-406,0x1.1bbff40b1421cp-359,9.43902599811152137e-109
23,244,0x1.9a99fa87d0ba9p-361,0x1.ac7607c33101p-406,0x1.9a99fa87d0c8p-361,3.41469650002134294e-109
23,245,0x1.29122dfe73719p-362,0x1.ac7607c33101p-406,0x1.29122dfe738c6p-362,1.23526996930756183e-109
23,246,0x1.add918208e94bp-364,0x1.ac7607c33101p-406,0x1.add918208effep-364,4.46844635060736000e-110
23,247,0x1.36f96d298908p-365,0x1.ac7607c33101p-406,0x1.36f96d2989de5p-365,1.61635275154822327e-110
23,248,0x1.c1ef2df0e66bdp-367,0x1.ac7607c33101p-406,0x1.c1ef2df0e9c4dp-367,5.84656420199401093e-111
23,249,0x1.457bb881764b8p-368,0x1.ac7607c33101p-406,0x1.457bb8817cfd7p-368,2.11470756870898607e-111
23,250,0x1.d6e4ea370c4f7p-370,0x1.ac7607c33101p-406,0x1.d6e4ea372716ep-370,7.64865336445065690e-112
23,251,0x1.549f5044a12cp-371,0x1.ac7607c33101p-406,0x1.549f5044d6badp-371,2.76633482555945997e-112
23,252,0x1.ecc34d8f9a052p-373,0x1.ac7607c33101p-406,0x1.ecc34d9070403p-373,1.00048286847090104e-112
23,253,0x1.646aafe87454cp-374,0x1.ac7607c33101p-406,0x1.646aafea20cadp-374,3.61825989231809349e-113
23,254,0x1.01c9d6dd04adfp-375,0x1.ac7607c33101p-406,0x1.01c9d6e05d9a1p-375,1.30850410874602810e-113
23,255,0x1.74e490156c529p-377,0x1.ac7607c33101p-406,0x1.74e49022d002ep-377,4.73190149864420164e-114
23,256,0x1.0dafdc383b449p-378,0x1.ac7607c33101p-406,0x1.0dafdc5302a52p-378,1.71112451918801718e-114
23,257,0x1.8613e8aea7efp-380,0x1.ac7607c33101p-406,0x1.8613e919c571p-380,6.18746691538438334e-115
23,258,0x1.1a18bb238fd9bp-381,0x1.ac7607c33101p-406,0x1.1a18bbf9caddap-381,2.23732753032507813e-115
23,259,0x1.97fff2ce6271bp-383,0x1.ac7607c33101p-406,0x1.97fff6274e814p-383,8.08968662743464464e-116
23,260,0x1.2709a69e7f036p-384,0x1.ac7607c33101p-406,0x1.2709ad5057228p-384,2.92495616509057005e-116
23,261,0x1.aab02a12ddd45p-386,0x1.ac7607c33101p-406,0x1.aab044da3e509p-386,1.05753000399070910e-116
23,262,0x1.348800484e267p-387,0x1.ac7607c33101p-406,0x1.348835d70f1eep-387,3.82342017822590262e-117
23,263,0x1.be2c48ad6be6p-389,0x1.ac7607c33101p-406,0x1.be2d1ee86fc7bp-389,1.38228683956342882e-117
23,264,0x1.42994e67ab1bp-390,0x1.ac7607c33101p-406,0x1.429afaddb2de4p-390,4.99727610637812108e-118
23,265,0x1.d27c1e7fea229p-392,0x1.ac7607c33101p-406,0x1.d282d058092f6p-392,1.80660669416351247e-118
23,266,0x1.5142ed6862fbcp-393,0x1.ac7607c33101p-406,0x1.51505118a1156p-393,6.53139226169377767e-119
23,267,0x1.e7a66baaacf7bp-395,0x1.ac7607c33101p-406,0x1.e7dbfa6ba55dep-395,2.36159992688673091e-119
23,268,0x1.6087f38696bf3p-396,0x1.ac7607c33101p-406,0x1.60f31108878b8p-396,8.54268310875323700e-120
23,269,0x1.fda930eec8535p-398,0x1.ac7607c33101p-406,0x1.ff55a6f68b846p-398,3.09404711882394952e-120
23,270,0x1.705b595c23349p-399,0x1.ac7607c33101p-406,0x1.73b4456ba996ap-399,1.12457704588571223e-120
23,271,0x1.0a24385922e94p-400,0x1.ac7607c33101p-406,0x1.10d610782fad5p-400,4.12727819860065856e-121
23,272,0x1.8049a81aba26dp-402,0x1.ac7607c33101p-406,0x1.9b110896ed36fp-402,1.55458295788669607e-121
23,273,0x1.14f29ca2741f5p-403,0x1.ac7607c33101p-406,0x1.4a815d9ada3f8p-403,6.24957171085201741e-122
23,274,0x1.8d86f9055f22ep-405,0x1.ac7607c33101p-406,0x1.31e0fe737bd1cp-404,2.89195333921150520e-122
23,275,0x1.1a971077bffe6p-406,0x1.ac7607c33101p-406,0x1.63868c1d787fcp-405,1.68067073871256943e-122
23,276,0x1.891c4a84dc3bbp-408,0x1.ac7607c33101p-406,0x1.075e8d323408p-405,1.24502195358538428e-122
23,277,0x1.0417af87d5d4fp-409,0x1.ac7607c33101p-406,0x1.ccf8fdb42bbbbp-406,1.08957449089050948e-122
23,278,0x1.313dbb017e142p-411,0x1.ac7607c33101p-406,0x1.b5fff59b3cf1bp-406,1.03527505159609960e-122
23,279,0x1.fe587aa164a95p-414,0x1.ac7607c33101p-406,0x1.ae74603dd265cp-406,1.01744078284221477e-122
23,280,0x0p+0,0x1.ac7607c33101p-406,0x1.ac7607c33101p-406,1.01272877263406780e-122
24,0,0x1.3286fe7d17f5cp-4,0x1.2e0f097dd6ce3p-403,0x1.3286fe7d17f5dp-4,7.48357716524856303e-02
24,1,0x1.bd99bf2d1042dp-6,0x1.2e0f097dd6ce3p-403,0x1.bd99bf2d1042ep-6,2.71973006204044229e-02
24,2,0x1.36cf505e1a01dp-7,0x1.2e0f097dd6ce3p-403,0x1.36cf505e1a01ep-7,9.48516296575979342e-03
24,3,0x1.a760076cf8115p-9,0x1.2e0f097dd6ce3p-403,0x1.a760076cf8116p-9,3.23009577412859249e-03
24,4,0x1.1de06e81814e9p-10,0x1.2e0f097dd6ce3p-403,0x1.1de06e81814eap-10,1.09053301309929929e-03
24,5,0x1.831dea72152fp-12,0x1.2e0f097dd6ce3p-403,0x1.831dea72152f1p-12,3.69183405500891090e-04
24,6,0x1.089493ba270ffp-13,0x1.2e0f097dd6ce3p-403,0x1.089493ba271p-13,1.26161756104255229e-04
24,7,0x1.6dff7d49b0b1p-15,0x1.2e0f097dd6ce3p-403,0x1.6dff7d49b0b11p-15,4.36303622115744486e-05
24,8,0x1.001e6975fa373p-16,0x1.2e0f097dd6ce3p-403,0x1.001e6975fa374p-16,1.52658698978932447e-05
24,9,0x1.6a1ee27763f89p-18,0x1.2e0f097dd6ce3p-403,0x1.6a1ee27763f8ap-18,5.39601807449098244e-06
24,10,0x1.022979a18c3dbp-19,0x1.2e0f097dd6ce3p-403,0x1.022979a18c3dcp-19,1.92345687890408056e-06
24,11,0x1.72a24073424d5p-21,0x1.2e0f097dd6ce3p-403,0x1.72a24073424d6p-21,6.90359242134674161e-07
24,12,0x1.0b8d612b06076p-22,0x1.2e0f097dd6ce3p-403,0x1.0b8d612b06077p-22,2.49177463275326915e-07
24,13,0x1.8412354817097p-24,0x1.2e0f097dd6ce3p-403,0x1.8412354817098p-24,9.03548499366078715e-08
24,14,0x1.1a83f58d803ecp-25,0x1.2e0f097dd6ce3p-403,0x1.1a83f58d803edp-25,3.28891288474475355e-08
24,15,0x1.9ca35deddadb6p-27,0x1.2e0f097dd6ce3p-403,0x1.9ca35deddadb7p-27,1.20093508156319231e-08
24,16,0x1.2e200107c34fp-28,0x1.2e0f097dd6ce3p-403,0x1.2e200107c34f1p-28,4.39649761714820428e-09
24,17,0x1.bb5967e919b58p-30,0x1.2e0f097dd6ce3p-403,0x1.bb5967e919b59p-30,1.61289514580545644e-09
24,18,0x1.45d8685e0bb08p-31,0x1.2e0f097dd6ce3p-403,0x1.45d8685e0bb09p-31,5.92709225237960397e-10
24,19,0x1.df9e39113e013p-33,0x1.2e0f097dd6ce3p-403,0x1.df9e39113e014p-33,2.18105041439545021e-10
24,20,0x1.615b7d0f27e26p-34,0x1.2e0f097dd6ce3p-403,0x1.615b7d0f27e27p-34,8.03441655539219989e-11
24,21,0x1.048d402147676p-35,0x1.2e0f097dd6ce3p-403,0x1.048d402147677p-35,2.96213056340182367e-11
24,22,0x1.807c12ddf4105p-37,0x1.2e0f097dd6ce3p-403,0x1.807c12ddf4106p-37,1.09277113690397752e-11
24,23,0x1.1bd11033a6fafp-38,0x1.2e0f097dd6ce3p-403,0x1.1bd11033a6fbp-38,4.03327722820762423e-12
24,24,0x1.a326f360a346ap-40,0x1.2e0f097dd6ce3p-403,0x1.a326f360a346bp-40,1.48912758087435212e-12
24,25,0x1.3594588f1f69cp-41,0x1.2e0f097dd6ce3p-403,0x1.3594588f1f69dp-41,5.49923620070941312e-13
24,26,0x1.c95c978b4e09dp-43,0x1.2e0f097dd6ce3p-403,0x1.c95c978b4e09ep-43,2.03109390364437129e-13
24,27,0x1.51dd4f829dfcp-44,0x1.2e0f097dd6ce3p-403,0x1.51dd4f829dfc1p-44,7.50209881949456079e-14
24,28,0x1.f32d5a8078379p-46,0x1.2e0f097dd6ce3p-403,0x1.f32d5a807837ap-46,2.77098989419855237e-14
24,29,0x1.70bc736ecd639p-47,0x1.2e0f097dd6ce3p-403,0x1.70bc736ecd63ap-47,1.02344837150956659e-14
24,30,0x1.105b84731c1dbp-48,0x1.2e0f097dd6ce3p-403,0x1.105b84731c1dcp-48,3.77971945091421950e-15
24,31,0x1.924b1f535822cp-50,0x1.2e0f097dd6ce3p-403,0x1.924b1f535822dp-50,1.39573577258358676e-15
24,32,0x1.291199a062f33p-51,0x1.2e0f097dd6ce3p-403,0x1.291199a062f34p-51,5.15332135305795268e-16
24,33,0x1.b6aa899a3d774p-53,0x1.2e0f097dd6ce3p-403,0x1.b6aa899a3d775p-53,1.90241122398491381e-16
24,34,0x1.43d2fb930ef3ep-54,0x1.2e0f097dd6ce3p-403,0x1.43d2fb930ef3fp-54,7.02181696515073898e-17
24,35,0x1.de03074b7bbf1p-56,0x1.2e0f097dd6ce3p-403,0x1.de03074b7bbf2p-56,2.59130732312782561e-17
24,36,0x1.60be8cc4bd9bfp-57,0x1.2e0f097dd6ce3p-403,0x1.60be8cc4bd9cp-57,9.56115437086428899e-18
24,37,0x1.0441c0592b8b4p-58,0x1.2e0f097dd6ce3p-403,0x1.0441c0592b8b5p-58,3.52713790862654124e-18
24,38,0x1.7ff7af6fdf8d5p-60,0x1.2e0f097dd6ce3p-403,0x1.7ff7af6fdf8d6p-60,1.30093256285497059e-18
24,39,0x1.1b3086c2c59acp-61,0x1.2e0f097dd6ce3p-403,0x1.1b3086c2c59adp-61,4.79741768986904744e-19
24,40,0x1.a1a60b4a6d38cp-63,0x1.2e0f097dd6ce3p-403,0x1.a1a60b4a6d38dp-63,1.76881066430515854e-19
24,41,0x1.33eb5962ec138p-64,0x1.2e0f097dd6ce3p-403,0x1.33eb5962ec139p-64,6.52044549688007108e-20
24,42,0x1.c5f56990aa0ddp-66,0x1.2e0f097dd6ce3p-403,0x1.c5f56990aa0dep-66,2.40323704064607419e-20
24,43,0x1.4e929f22b32f1p-67,0x1.2e0f097dd6ce3p-403,0x1.4e929f22b32f2p-67,8.85606670748127350e-21
24,44,0x1.ed15a4cf96334p-69,0x1.2e0f097dd6ce3p-403,0x1.ed15a4cf96335p-69,3.26295981483277558e-21
24,45,0x1.6b499e3ec325ep-70,0x1.2e0f097dd6ce3p-403,0x1.6b499e3ec325fp-70,1.20201774165234381e-21
24,46,0x1.0b9d5518c4c5bp-71,0x1.2e0f097dd6ce3p-403,0x1.0b9d5518c4c5cp-71,4.42731183967440263e-22
24,47,0x1.8a3682d60ac2p-73,0x1.2e0f097dd6ce3p-403,0x1.8a3682d60ac21p-73,1.63042648070061351e-22
24,48,0x1.224e452010aa1p-74,0x1.2e0f097dd6ce3p-403,0x1.224e452010aa2p-74,6.00338204291589816e-23
24,49,0x1.ab826fb98826ap-76,0x1.2e0f097dd6ce3p-403,0x1.ab826fb98826bp-76,2.21017240237092839e-23
24,50,0x1.3abbcb9f5ac12p-77,0x1.2e0f097dd6ce3p-403,0x1.3abbcb9f5ac13p-77,8.13567225021033267e-24
24,51,0x1.cf59983f375d5p-79,0x1.2e0f097dd6ce3p-403,0x1.cf59983f375d6p-79,2.99432906053444434e-24
24,52,0x1.550647bc8cb9dp-80,0x1.2e0f097dd6ce3p-403,0x1.550647bc8cb9ep-80,1.10190969284529677e-24
24,53,0x1.f5eb620518febp-82,0x1.2e0f097dd6ce3p-403,0x1.f5eb620518fecp-82,4.05447314479715533e-25
24,54,0x1.715069111c2ebp-83,0x1.2e0f097dd6ce3p-403,0x1.715069111c2ecp-83,1.49164778370802388e-25
24,55,0x1.0fb546dfe3602p-84,0x1.2e0f097dd6ce3p-403,0x1.0fb546dfe3603p-84,5.48710163835677051e-26
24,56,0x1.8fbf4ed0558f5p-86,0x1.2e0f097dd6ce3p-403,0x1.8fbf4ed0558f6p-86,2.01820808998953112e-26
24,57,0x1.2606b32f6d697p-87,0x1.2e0f097dd6ce3p-403,0x1.2606b32f6d698p-87,7.42226406165101062e-27
24,58,0x1.b07aab3421f83p-89,0x1.2e0f097dd6ce3p-403,0x1.b07aab3421f84p-89,2.72932730695613644e-27
24,59,0x1.3e06fafee6a51p-90,0x1.2e0f097dd6ce3p-403,0x1.3e06fafee6a52p-90,1.00351711215468552e-27
24,60,0x1.d3aceaddc7085p-92,0x1.2e0f097dd6ce3p-403,0x1.d3aceaddc7086p-92,3.68930885759378144e-28
24,61,0x1.57d520200ca55p-93,0x1.2e0f097dd6ce3p-403,0x1.57d520200ca56p-93,1.35618017054399284e-28
24,62,0x1.f9835ff2ce291p-95,0x1.2e0f097dd6ce3p-403,0x1.f9835ff2ce292p-95,4.98474483738137566e-29
24,63,0x1.739240ed54b07p-96,0x1.2e0f097dd6ce3p-403,0x1.739240ed54b08p-96,1.83198796627014647e-29
24,64,0x1.1117386aa6839p-97,0x1.2e0f097dd6ce3p-403,0x1.1117386aa683ap-97,6.73220563867031491e-30
24,65,0x1.9161ba954b2bap-99,0x1.2e0f097dd6ce3p-403,0x1.9161ba954b2bbp-99,2.47370604089303111e-30
24,66,0x1.26f0e53524ea1p-100,0x1.2e0f097dd6ce3p-403,0x1.26f0e53524ea2p-100,9.08857118045637615e-31
24,67,0x1.b1694de93fd13p-102,0x1.2e0f097dd6ce3p-403,0x1.b1694de93fd14p-102,3.33887955090302398e-31
24,68,0x1.3e6a4af89f17fp-103,0x1.2e0f097dd6ce3p-403,0x1.3e6a4af89f18p-103,1.22649076177526355e-31
24,69,0x1.d3d146b65f831p-105,0x1.2e0f097dd6ce3p-403,0x1.d3d146b65f832p-105,4.50491851661508752e-32
24,70,0x1.57a0d93e9e333p-106,0x1.2e0f097dd6ce3p-403,0x1.57a0d93e9e334p-106,1.65451015346276876e-32
24,71,0x1.f8c4a5b90d43ap-108,0x1.2e0f097dd6ce3p-403,0x1.f8c4a5b90d43bp-108,6.07592563901213713e-33
24,72,0x1.72b3f915b61eap-109,0x1.2e0f097dd6ce3p-403,0x1.72b3f915b61ebp-109,2.23108764280081343e-33
24,73,0x1.1038a6a0c2281p-110,0x1.2e0f097dd6ce3p-403,0x1.1038a6a0c2282p-110,8.19186154381845151e-34
24,74,0x1.8fc52d9df58b4p-112,0x1.2e0f097dd6ce3p-403,0x1.8fc52d9df58b5p-112,3.00753692051558775e-34
24,75,0x1.258418536e09fp-113,0x1.2e0f097dd6ce3p-403,0x1.258418536e0ap-113,1.10408446524789300e-34
24,76,0x1.aef8369cff867p-115,0x1.2e0f097dd6ce3p-403,0x1.aef8369cff868p-115,4.05281848466803447e-35
24,77,0x1.3c5ec35558311p-116,0x1.2e0f097dd6ce3p-403,0x1.3c5ec35558312p-116,1.48756538124963271e-35
24,78,0x1.d0733533abdb9p-118,0x1.2e0f097dd6ce3p-403,0x1.d0733533abdbap-118,5.45958387145675117e-36
24,79,0x1.54e47f7a17b0cp-119,0x1.2e0f097dd6ce3p-403,0x1.54e47f7a17b0dp-119,2.00358645220483509e-36
24,80,0x1.f45ed2d20a7e7p-121,0x1.2e0f097dd6ce3p-403,0x1.f45ed2d20a7e8p-121,7.35228229562330558e-37
24,81,0x1.6f32fd66a9a99p-122,0x1.2e0f097dd6ce3p-403,0x1.6f32fd66a9a9ap-122,2.69775350406361672e-37
24,82,0x1.0d733544ae79cp-123,0x1.2e0f097dd6ce3p-403,0x1.0d733544ae79dp-123,9.89803093522341402e-38
24,83,0x1.8b69e4a85fd61p-125,0x1.2e0f097dd6ce3p-403,0x1.8b69e4a85fd62p-125,3.63130083028287487e-38
24,84,0x1.221c1a6f10315p-126,0x1.2e0f097dd6ce3p-403,0x1.221c1a6f10316p-126,1.33211877174551490e-38
24,85,0x1.a9aaf39d1b2e1p-128,0x1.2e0f097dd6ce3p-403,0x1.a9aaf39d1b2e2p-128,4.88642646897646943e-39
24,86,0x1.3842bb1f57863p-129,0x1.2e0f097dd6ce3p-403,0x1.3842bb1f57864p-129,1.79228833465745388e-39
24,87,0x1.ca1a21477dfd5p-131,0x1.2e0f097dd6ce3p-403,0x1.ca1a21477dfd6p-131,6.57344233080049096e-40
24,88,0x1.50015822afdbp-132,0x1.2e0f097dd6ce3p-403,0x1.50015822afdb1p-132,2.41071944887710115e-40
24,89,0x1.ecddc12b6dbe5p-134,0x1.2e0f097dd6ce3p-403,0x1.ecddc12b6dbe6p-134,8.84035442577613960e-41
24,90,0x1.6973eaf7b4df1p-135,0x1.2e0f097dd6ce3p-403,0x1.6973eaf7b4df2p-135,3.24162085933268405e-41
24,91,0x1.090f54a876ca6p-136,0x1.2e0f097dd6ce3p-403,0x1.090f54a876ca7p-136,1.18856963374920884e-41
24,92,0x1.84b8417a1efa9p-138,0x1.2e0f097dd6ce3p-403,0x1.84b8417a1efaap-138,4.35769909973547650e-42
24,93,0x1.1d042d468a2e7p-139,0x1.2e0f097dd6ce3p-403,0x1.1d042d468a2e8p-139,1.59757170283252096e-42
24,94,0x1.a1ee1b35bf756p-141,0x1.2e0f097dd6ce3p-403,0x1.a1ee1b35bf757p-141,5.85644811095910957e-43
24,95,0x1.3264959954bb4p-142,0x1.2e0f097dd6ce3p-403,0x1.3264959954bb5p-142,2.14673955519178304e-43
24,96,0x1.c13748792a477p-144,0x1.2e0f097dd6ce3p-403,0x1.c13748792a478p-144,7.86857025414308109e-44
24,97,0x1.49493a26e6df4p-145,0x1.2e0f097dd6ce3p-403,0x1.49493a26e6df5p-145,2.88392516993838515e-44
24,98,0x1.e2b7cb41c22abp-147,0x1.2e0f097dd6ce3p-403,0x1.e2b7cb41c22acp-147,1.05692486768118979e-44
24,99,0x1.61cc60c802b47p-148,0x1.2e0f097dd6ce3p-403,0x1.61cc60c802b48p-148,3.87325849226077052e-45
24,100,0x1.034afd0e20dfap-149,0x1.2e0f097dd6ce3p-403,0x1.034afd0e20dfbp-149,1.41932334356759716e-45
24,101,0x1.7c0a0209ff235p-151,0x1.2e0f097dd6ce3p-403,0x1.7c0a0209ff236p-151,5.20066599867076492e-46
24,102,0x1.167d528b2a329p-152,0x1.2e0f097dd6ce3p-403,0x1.167d528b2a32ap-152,1.90550276272129852e-46
24,103,0x1.981fe411473fap-154,0x1.2e0f097dd6ce3p-403,0x1.981fe411473fbp-154,6.98125413203641550e-47
24,104,0x1.2b089e6fae128p-155,0x1.2e0f097dd6ce3p-403,0x1.2b089e6fae129p-155,2.55758922798260746e-47
24,105,0x1.b62db71252166p-157,0x1.2e0f097dd6ce3p-403,0x1.b62db71252167p-157,9.36918584942169254e-48
24,106,0x1.4103fe1c107a4p-158,0x1.2e0f097dd6ce3p-403,0x1.4103fe1c107a5p-158,3.43199662717118258e-48
24,107,0x1.d65533781c059p-160,0x1.2e0f097dd6ce3p-403,0x1.d65533781c05ap-160,1.25708895422631998e-48
24,108,0x1.588809e96d0b8p-161,0x1.2e0f097dd6ce3p-403,0x1.588809e96d0b9p-161,4.60425685379614304e-49
24,109,0x1.f8ba39d0674a5p-163,0x1.2e0f097dd6ce3p-403,0x1.f8ba39d0674a6p-163,1.68627212792056162e-49
24,110,0x1.71aeec6366cc3p-164,0x1.2e0f097dd6ce3p-403,0x1.71aeec6366cc4p-164,6.17547789654739038e-50
24,111,0x1.0ec17a4bab373p-165,0x1.2e0f097dd6ce3p-403,0x1.0ec17a4bab374p-165,2.26145772920001506e-50
24,112,0x1.8c947ade5267bp-167,0x1.2e0f097dd6ce3p-403,0x1.8c947ade5267cp-167,8.28097678325866977e-51
24,113,0x1.226bfdfea8cf6p-168,0x1.2e0f097dd6ce3p-403,0x1.226bfdfea8cf7p-168,3.03214553421458422e-51
24,114,0x1.a9564f7d487f7p-170,0x1.2e0f097dd6ce3p-403,0x1.a9564f7d487f8p-170,1.11018176319514195e-51
24,115,0x1.37723de1cc2dap-171,0x1.2e0f097dd6ce3p-403,0x1.37723de1cc2dbp-171,4.06456330135543346e-52
24,116,0x1.c813e4bcb8e8ap-173,0x1.2e0f097dd6ce3p-403,0x1.c813e4bcb8e8bp-173,1.48802295615470253e-52
24,117,0x1.4deb2da6b25bcp-174,0x1.2e0f097dd6ce3p-403,0x1.4deb2da6b25bdp-174,5.44730239708782227e-53
24,118,0x1.e8eeb29730a5dp-176,0x1.2e0f097dd6ce3p-403,0x1.e8eeb29730a5ep-176,1.99402053520750048e-53
24,119,0x1.65ef34028e679p-177,0x1.2e0f097dd6ce3p-403,0x1.65ef34028e67ap-177,7.29884642839558165e-54
24,120,0x1.060526ad95febp-178,0x1.2e0f097dd6ce3p-403,0x1.060526ad95fecp-178,2.67150167043129978e-54
24,121,0x1.7f98411b5dcc1p-180,0x1.2e0f097dd6ce3p-403,0x1.7f98411b5dcc2p-180,9.77762692715250683e-55
24,122,0x1.18c64325025e8p-181,0x1.2e0f097dd6ce3p-403,0x1.18c64325025e9p-181,3.57839619468897453e-55
24,123,0x1.9b01e6412e59ep-183,0x1.2e0f097dd6ce3p-403,0x1.9b01e6412e59fp-183,1.30954519134063229e-55
24,124,0x1.2ccec70ca9946p-184,0x1.2e0f097dd6ce3p-403,0x1.2ccec70ca9947p-184,4.79214353111376264e-56
24,125,0x1.b8496f05d8241p-186,0x1.2e0f097dd6ce3p-403,0x1.b8496f05d8242p-186,1.75354354957260771e-56
24,126,0x1.42340cb8b7af5p-187,0x1.2e0f097dd6ce3p-403,0x1.42340cb8b7af6p-187,6.41624376778645987e-57
24,127,0x1.d78dfbc686bf7p-189,0x1.2e0f097dd6ce3p-403,0x1.d78dfbc686bf8p-189,2.34759329881493476e-57
24,128,0x1.590cc3c294c8bp-190,0x1.2e0f097dd6ce3p-403,0x1.590cc3c294c8cp-190,8.58900225293808748e-58
24,129,0x1.f8f09dbb72631p-192,0x1.2e0f097dd6ce3p-403,0x1.f8f09dbb72632p-192,3.14224875443426272e-58
24,130,0x1.717105702517bp-193,0x1.2e0f097dd6ce3p-403,0x1.717105702517cp-193,1.14952001587174745e-58
24,131,0x1.0e4a3a519e173p-194,0x1.2e0f097dd6ce3p-403,0x1.0e4a3a519e174p-194,4.20504625769796629e-59
24,132,0x1.8b7a6a45fc989p-196,0x1.2e0f097dd6ce3p-403,0x1.8b7a6a45fc98ap-196,1.53816673858426777e-59
24,133,0x1.214f6710409a3p-197,0x1.2e0f097dd6ce3p-403,0x1.214f6710409a4p-197,5.62619245433088615e-60
24,134,0x1.a74420d4e6e4dp-199,0x1.2e0f097dd6ce3p-403,0x1.a74420d4e6e4ep-199,2.05780591290612361e-60
24,135,0x1.359ba370b355bp-200,0x1.2e0f097dd6ce3p-403,0x1.359ba370b355cp-200,7.52615266296478410e-61
24,136,0x1.c4eb05d3ff29cp-202,0x1.2e0f097dd6ce3p-403,0x1.c4eb05d3ff29dp-202,2.75245702398577204e-61
24,137,0x1.4b43f6d50ffdp-203,0x1.2e0f097dd6ce3p-403,0x1.4b43f6d50ffd1p-203,1.00657723382700299e-61
24,138,0x1.e48dbd997afd3p-205,0x1.2e0f097dd6ce3p-403,0x1.e48dbd997afd4p-205,3.68088979268847148e-62
24,139,0x1.625eb42e5ea17p-206,0x1.2e0f097dd6ce3p-403,0x1.625eb42e5ea18p-206,1.34597749695226192e-62
24,140,0x1.032667829e3bep-207,0x1.2e0f097dd6ce3p-403,0x1.032667829e3bfp-207,4.92155308435079379e-63
24,141,0x1.7b038d8cf7bc9p-209,0x1.2e0f097dd6ce3p-403,0x1.7b038d8cf7bcap-209,1.79947598061219466e-63
24,142,0x1.15255ff89f157p-210,0x1.2e0f097dd6ce3p-403,0x1.15255ff89f158p-210,6.57914644299539105e-64
24,143,0x1.954ba8cbefc59p-212,0x1.2e0f097dd6ce3p-403,0x1.954ba8cbefc5ap-212,2.40531956170945520e-64
24,144,0x1.2856199e7b2a5p-213,0x1.2e0f097dd6ce3p-403,0x1.2856199e7b2a6p-213,8.79338025626017400e-65
24,145,0x1.b151b566dc1e3p-215,0x1.2e0f097dd6ce3p-403,0x1.b151b566dc1e4p-215,3.21454029246817682e-65
24,146,0x1.3ccc0444f3241p-216,0x1.2e0f097dd6ce3p-403,0x1.3ccc0444f3242p-216,1.17506515890435415e-65
24,147,0x1.cf32038a0bf58p-218,0x1.2e0f097dd6ce3p-403,0x1.cf32038a0bf59p-218,4.29521775602187357e-66
24,148,0x1.529bbee058918p-219,0x1.2e0f097dd6ce3p-403,0x1.529bbee058919p-219,1.56996036320317233e-66
24,149,0x1.ef0a9c6e24911p-221,0x1.2e0f097dd6ce3p-403,0x1.ef0a9c6e24912p-221,5.73815871591770971e-67
24,150,0x1.69db293ba469dp-222,0x1.2e0f097dd6ce3p-403,0x1.69db293ba469ep-222,2.09718572508000511e-67
24,151,0x1.087dae0877c7fp-223,0x1.2e0f097dd6ce3p-403,0x1.087dae0877c8p-223,7.66446413687793155e-68
24,152,0x1.82a176a902083p-225,0x1.2e0f097dd6ce3p-403,0x1.82a176a902084p-225,2.80096295512626124e-68
24,153,0x1.1a93062f0a127p-226,0x1.2e0f097dd6ce3p-403,0x1.1a93062f0a128p-226,1.02356091816493644e-68
24,154,0x1.9d0741bd61831p-228,0x1.2e0f097dd6ce3p-403,0x1.9d0741bd61832p-228,3.74025215961588083e-69
24,155,0x1.2dd740edb4e39p-229,0x1.2e0f097dd6ce3p-403,0x1.2dd740edb4e3ap-229,1.36668686497221990e-69
24,156,0x1.b926a12556512p-231,0x1.2e0f097dd6ce3p-403,0x1.b926a12556513p-231,4.99365117881146959e-70
24,157,0x1.425d5cf6ca76ep-232,0x1.2e0f097dd6ce3p-403,0x1.425d5cf6ca76fp-232,1.82451954215352838e-70
24,158,0x1.d71b3da241d47p-234,0x1.2e0f097dd6ce3p-403,0x1.d71b3da241d48p-234,6.66591945900115885e-71
24,159,0x1.58397d65563fdp-235,0x1.2e0f097dd6ce3p-403,0x1.58397d65563fep-235,2.43530252632504699e-71
24,160,0x1.f702693f8d196p-237,0x1.2e0f097dd6ce3p-403,0x1.f702693f8d197p-237,8.89666380314106521e-72
24,161,0x1.6f80fa98e1304p-238,0x1.2e0f097dd6ce3p-403,0x1.6f80fa98e1305p-238,3.24999676627093287e-72
24,162,0x1.0c7d9be8414a3p-239,0x1.2e0f097dd6ce3p-403,0x1.0c7d9be8414a4p-239,1.18719006566693753e-72
24,163,0x1.884a73ffa961cp-241,0x1.2e0f097dd6ce3p-403,0x1.884a73ffa961dp-241,4.33649888266602075e-73
24,164,0x1.1e934c6417e05p-242,0x1.2e0f097dd6ce3p-403,0x1.1e934c6417e06p-242,1.58394452689992878e-73
24,165,0x1.a2ade2dbead22p-244,0x1.2e0f097dd6ce3p-403,0x1.a2ade2dbead23p-244,5.78525521875795355e-74
24,166,0x1.31d3b93ecc32p-245,0x1.2e0f097dd6ce3p-403,0x1.31d3b93ecc321p-245,2.11293913001061188e-74
24,167,0x1.bec4ae117a6d7p-247,0x1.2e0f097dd6ce3p-403,0x1.bec4ae117a6d8p-247,7.71673236079932856e-75
24,168,0x1.46515f77b8f47p-248,0x1.2e0f097dd6ce3p-403,0x1.46515f77b8f48p-248,2.81813606715556834e-75
24,169,0x1.dca9bf099fdbap-250,0x1.2e0f097dd6ce3p-403,0x1.dca9bf099fdbbp-250,1.02913565683112078e-75
24,170,0x1.5c1fd50dca962p-251,0x1.2e0f097dd6ce3p-403,0x1.5c1fd50dca963p-251,3.75807564863754755e-76
24,171,0x1.fc7997bbce30ep-253,0x1.2e0f097dd6ce3p-403,0x1.fc7997bbce30fp-253,1.37227361253254481e-76
24,172,0x1.7353d8ffacaf4p-254,0x1.2e0f097dd6ce3p-403,0x1.7353d8ffacaf5p-254,5.01069865196586682e-77
24,173,0x1.0f2934f54be9fp-255,0x1.2e0f097dd6ce3p-403,0x1.0f2934f54beap-255,1.82952483866969976e-77
24,174,0x1.8c03642b8d6e5p-257,0x1.2e0f097dd6ce3p-403,0x1.8c03642b8d6e6p-257,6.67976006461712212e-78
24,175,0x1.212a17d27f9bap-258,0x1.2e0f097dd6ce3p-403,0x1.212a17d27f9bbp-258,2.43874289361628194e-78
24,176,0x1.a645bb1a275e9p-260,0x1.2e0f097dd6ce3p-403,0x1.a645bb1a275eap-260,8.90335816261285651e-79
24,177,0x1.3450628e8a5afp-261,0x1.2e0f097dd6ce3p-403,0x1.3450628e8a5bp-261,3.25030725733466123e-79
24,178,0x1.c23380c1576fp-263,0x1.2e0f097dd6ce3p-403,0x1.c23380c1576f1p-263,1.18652749741736292e-79
24,179,0x1.48ae01f2d553p-264,0x1.2e0f097dd6ce3p-403,0x1.48ae01f2d5531p-264,4.33125829874127479e-80
24,180,0x1.dfe6ca4b22049p-266,0x1.2e0f097dd6ce3p-403,0x1.dfe6ca4b2204ap-266,1.58100526935628797e-80
24,181,0x1.5e55efd4e5ac9p-267,0x1.2e0f097dd6ce3p-403,0x1.5e55efd4e5acap-267,5.77079406076433491e-81
24,182,0x1.ff7b33eeae07bp-269,0x1.2e0f097dd6ce3p-403,0x1.ff7b33eeae07cp-269,2.10630339826426988e-81
24,183,0x1.755c4238c56ebp-270,0x1.2e0f097dd6ce3p-403,0x1.755c4238c56ecp-270,7.68757634320576456e-82
24,184,0x1.1086fb74b47a1p-271,0x1.2e0f097dd6ce3p-403,0x1.1086fb74b47a2p-271,2.80569967947525738e-82
24,185,0x1.8dd63b44638a7p-273,0x1.2e0f097dd6ce3p-403,0x1.8dd63b44638a8p-273,1.02394402730421635e-82
24,186,0x1.225f00539d9c4p-274,0x1.2e0f097dd6ce3p-403,0x1.225f00539d9c5p-274,3.73675488262441282e-83
24,187,0x1.a7da5a0eb6ca7p-276,0x1.2e0f097dd6ce3p-403,0x1.a7da5a0eb6ca8p-276,1.36362962560242570e-83
24,188,0x1.35560594b8685p-277,0x1.2e0f097dd6ce3p-403,0x1.35560594b8686p-277,4.97601559728418426e-84
24,189,0x1.c3806c55f8169p-279,0x1.2e0f097dd6ce3p-403,0x1.c3806c55f816ap-279,1.81572715698063931e-84
24,190,0x1.497d5b5e5ff9bp-280,0x1.2e0f097dd6ce3p-403,0x1.497d5b5e5ff9cp-280,6.62526202884863730e-85
24,191,0x1.e0e1a128d7667p-282,0x1.2e0f097dd6ce3p-403,0x1.e0e1a128d7668p-282,2.41734816585735535e-85
24,192,0x1.5ee75287d3373p-283,0x1.2e0f097dd6ce3p-403,0x1.5ee75287d3374p-283,8.81980715398768721e-86
24,193,0x1.000c4e4792426p-284,0x1.2e0f097dd6ce3p-403,0x1.000c4e4792427p-284,3.21782759563931161e-86
24,194,0x1.75a74add9783fp-286,0x1.2e0f097dd6ce3p-403,0x1.75a74add9784p-286,1.17395192764156408e-86
24,195,0x1.10a0c61f80ce3p-287,0x1.2e0f097dd6ce3p-403,0x1.10a0c61f80ce4p-287,4.28274062958545777e-87
24,196,0x1.8dd1c22889b2dp-289,0x1.2e0f097dd6ce3p-403,0x1.8dd1c22889b2ep-289,1.56234597127606754e-87
24,197,0x1.223d1eb62cd9ep-290,0x1.2e0f097dd6ce3p-403,0x1.223d1eb62cd9fp-290,5.69923660149440781e-88
24,198,0x1.a77c64018e00bp-292,0x1.2e0f097dd6ce3p-403,0x1.a77c64018e00cp-292,2.07893186910527176e-88
24,199,0x1.34f119e08080dp-293,0x1.2e0f097dd6ce3p-403,0x1.34f119e08080ep-293,7.58312088471326923e-89
24,200,0x1.c2be1a7c4c947p-295,0x1.2e0f097dd6ce3p-403,0x1.c2be1a7c4c948p-295,2.76592188892267246e-89
24,201,0x1.48cd60c64c8e5p-296,0x1.2e0f097dd6ce3p-403,0x1.48cd60c64c8e6p-296,1.00882563481080667e-89
24,202,0x1.dfaf1fb3e99fcp-298,0x1.2e0f097dd6ce3p-403,0x1.dfaf1fb3e99fdp-298,3.67939682850532832e-90
24,203,0x1.5de3909e07742p-299,0x1.2e0f097dd6ce3p-403,0x1.5de3909e07743p-299,1.34190424799412767e-90
24,204,0x1.fe69104530d41p-301,0x1.2e0f097dd6ce3p-403,0x1.fe69104530d42p-301,4.89385230746709596e-91
24,205,0x1.74464814a6b65p-302,0x1.2e0f097dd6ce3p-403,0x1.74464814a6b66p-302,1.78469775260642368e-91
24,206,0x1.0f837f611d14cp-303,0x1.2e0f097dd6ce3p-403,0x1.0f837f611d14dp-303,6.50823215746891802e-92
24,207,0x1.8c09356a4779dp-305,0x1.2e0f097dd6ce3p-403,0x1.8c09356a4779ep-305,2.37326367033006588e-92
24,208,0x1.20d2c41611878p-306,0x1.2e0f097dd6ce3p-403,0x1.20d2c41611879p-306,8.65393430745475241e-93
24,209,0x1.a541254cc68e3p-308,0x1.2e0f097dd6ce3p-403,0x1.a541254cc68e4p-308,3.15548338687183748e-93
24,210,0x1.333174c0099fdp-309,0x1.2e0f097dd6ce3p-403,0x1.333174c0099fep-309,1.15054326660150563e-93
24,211,0x1.c0041279d95d7p-311,0x1.2e0f097dd6ce3p-403,0x1.c0041279d95d8p-311,4.19493095591581360e-94
24,212,0x1.46af8b32b3c8fp-312,0x1.2e0f097dd6ce3p-403,0x1.46af8b32b3c9p-312,1.52943680017666419e-94
24,213,0x1.dc693632af10dp-314,0x1.2e0f097dd6ce3p-403,0x1.dc693632af10ep-314,5.57600508844149365e-95
24,214,0x1.5b5de885c3dd3p-315,0x1.2e0f097dd6ce3p-403,0x1.5b5de885c3dd4p-315,2.03282383870087266e-95
24,215,0x1.fa89198b9c92dp-317,0x1.2e0f097dd6ce3p-403,0x1.fa89198b9c92ep-317,7.41073590222598577e-96
24,216,0x1.714e61a34f649p-318,0x1.2e0f097dd6ce3p-403,0x1.714e61a34f64ap-318,2.70151874699755701e-96
24,217,0x1.0d3ed3d16bcc8p-319,0x1.2e0f097dd6ce3p-403,0x1.0d3ed3d16bcc9p-319,9.84781183194889903e-97
24,218,0x1.8893cc7d94557p-321,0x1.2e0f097dd6ce3p-403,0x1.8893cc7d94558p-321,3.58968758889799444e-97
24,219,0x1.1e312064e5ab8p-322,0x1.2e0f097dd6ce3p-403,0x1.1e312064e5ab9p-322,1.30845493524104623e-97
24,220,0x1.a1420df48535bp-324,0x1.2e0f097dd6ce3p-403,0x1.a1420df48535cp-324,4.76920661987894572e-98
24,221,0x1.3029e7568fbd5p-325,0x1.2e0f097dd6ce3p-403,0x1.3029e7568fbd6p-325,1.73827629100405672e-98
24,222,0x1.bb6e2873db993p-327,0x1.2e0f097dd6ce3p-403,0x1.bb6e2873db994p-327,6.33544059062457309e-99
24,223,0x1.43386cc40e73dp-328,0x1.2e0f097dd6ce3p-403,0x1.43386cc40e73ep-328,2.30898033011252845e-99
24,224,0x1.d72e4b52dcbb1p-330,0x1.2e0f097dd6ce3p-403,0x1.d72e4b52dcbb2p-330,8.41490243017609661e-100
24,225,0x1.576ccf385b5c3p-331,0x1.2e0f097dd6ce3p-403,0x1.576ccf385b5c4p-331,3.06664443015537544e-100
24,226,0x1.f499e2ff6b879p-333,0x1.2e0f097dd6ce3p-403,0x1.f499e2ff6b87ap-333,1.11754056284510320e-100
24,227,0x1.6cd813650f893p-334,0x1.2e0f097dd6ce3p-403,0x1.6cd813650f894p-334,4.07238422162701873e-101
24,228,0x1.09e4d4ff3c11cp-335,0x1.2e0f097dd6ce3p-403,0x1.09e4d4ff3c11dp-335,1.48395188784945630e-101
24,229,0x1.838c30763c1c3p-337,0x1.2e0f097dd6ce3p-403,0x1.838c30763c1c4p-337,5.40725142651173133e-102
24,230,0x1.1a6bdd662b89cp-338,0x1.2e0f097dd6ce3p-403,0x1.1a6bdd662b89dp-338,1.97023949393770190e-102
24,231,0x1.9b9c1d08714d4p-340,0x1.2e0f097dd6ce3p-403,0x1.9b9c1d08714d5p-340,7.17872363451004578e-103
24,232,0x1.2befd15404b28p-341,0x1.2e0f097dd6ce3p-403,0x1.2befd15404b29p-341,2.61553929663323037e-103
24,233,0x1.b51bdcc8f0915p-343,0x1.2e0f097dd6ce3p-403,0x1.b51bdcc8f0916p-343,9.52930240753252996e-104
24,234,0x1.3e7f3aaa8270dp-344,0x1.2e0f097dd6ce3p-403,0x1.3e7f3aaa8270ep-344,3.47173731327318843e-104
24,235,0x1.d0208ec8669f5p-346,0x1.2e0f097dd6ce3p-403,0x1.d0208ec8669f6p-346,1.26479032801953602e-104
24,236,0x1.522970efcb075p-347,0x1.2e0f097dd6ce3p-403,0x1.522970efcb076p-347,4.60761504783458089e-105
24,237,0x1.ecc07c88eefb9p-349,0x1.2e0f097dd6ce3p-403,0x1.ecc07c88eefbap-349,1.67849424188761388e-105
24,238,0x1.66fea43843db1p-350,0x1.2e0f097dd6ce3p-403,0x1.66fea43843db3p-350,6.11433994730572656e-106
24,239,0x1.058994e845ccap-351,0x1.2e0f097dd6ce3p-403,0x1.058994e845cccp-351,2.22723173353247785e-106
24,240,0x1.7d0fe89ea9c51p-353,0x1.2e0f097dd6ce3p-403,0x1.7d0fe89ea9c57p-353,8.11273651244715264e-107
24,241,0x1.1598b2a4d4a04p-354,0x1.2e0f097dd6ce3p-403,0x1.1598b2a4d4a0ep-354,2.95498661515917328e-107
24,242,0x1.946f42515f0dfp-356,0x1.2e0f097dd6ce3p-403,0x1.946f42515f106p-356,1.07629144305985843e-107
24,243,0x1.269aacfdde05dp-357,0x1.2e0f097dd6ce3p-403,0x1.269aacfdde0aap-357,3.92004019195064393e-108
24,244,0x1.ad2fb23c3361bp-359,0x1.2e0f097dd6ce3p-403,0x1.ad2fb23c3374ap-359,1.42770162996085989e-108
24,245,0x1.389d50d33ba47p-360,0x1.2e0f097dd6ce3p-403,0x1.389d50d33bca4p-360,5.19960956379063857e-109
24,246,0x1.c765435640702p-362,0x1.2e0f097dd6ce3p-403,0x1.c765435641073p-362,1.89360937538129270e-109
24,247,0x1.4baf2c0550994p-363,0x1.2e0f097dd6ce3p-403,0x1.4baf2c0551c76p-363,6.89598770441801316e-110
24,248,0x1.e325189bd0759p-365,0x1.2e0f097dd6ce3p-403,0x1.e325189bd52dep-365,2.51124464092159259e-110
24,249,0x1.5fdf97960286ap-366,0x1.2e0f097dd6ce3p-403,0x1.5fdf97960bf73p-366,9.14467062253539651e-111
24,250,0x1.0042bdde50771p-367,0x1.2e0f097dd6ce3p-403,0x1.0042bdde63581p-367,3.32991885477270856e-111
24,251,0x1.753ec24c44fb3p-369,0x1.2e0f097dd6ce3p-403,0x1.753ec24c907fp-369,1.21251134402293552e-111
24,252,0x1.0fcef64396a81p-370,0x1.2e0f097dd6ce3p-403,0x1.0fcef6442dafap-370,4.41493775919638428e-112
24,253,0x1.8bddbbe06f9cap-372,0x1.2e0f097dd6ce3p-403,0x1.8bddbbe2cbbacp-372,1.60749641503427005e-112
24,254,0x1.2043988ce761dp-373,0x1.2e0f097dd6ce3p-403,0x1.204398919f9ep-373,5.85277907584619710e-113
24,255,0x1.a3ce80b75c34fp-375,0x1.2e0f097dd6ce3p-403,0x1.a3ce80ca3d259p-375,2.13088973483685160e-113
24,256,0x1.31adb37075625p-376,0x1.2e0f097dd6ce3p-403,0x1.31adb39637439p-376,7.75794308551673346e-114
24,257,0x1.bd24062ec9376p-378,0x1.2e0f097dd6ce3p-403,0x1.bd2406c5d0bc3p-378,2.82435319489000018e-114
24,258,0x1.441b0a2dae46cp-379,0x1.2e0f097dd6ce3p-403,0x1.441b0b5bbd505p-379,1.02820158588282116e-114
24,259,0x1.d7f247624880bp-381,0x1.2e0f097dd6ce3p-403,0x1.d7f24c1a84a6bp-381,3.74303968968781138e-115
24,260,0x1.579a1d9b40199p-382,0x1.2e0f097dd6ce3p-403,0x1.579a270bb8659p-382,1.36256608268686093e-115
24,261,0x1.f44e518b9dea1p-384,0x1.2e0f097dd6ce3p-403,0x1.f44e774d7f19ep-384,4.95995631999568804e-116
24,262,0x1.6c3a33b7e3455p-385,0x1.2e0f097dd6ce3p-403,0x1.6c3a7f3ba5a4dp-385,1.80545070008816380e-116
24,263,0x1.092724dbcfe5cp-386,0x1.2e0f097dd6ce3p-403,0x1.0927bbe354a4cp-386,6.57176272071603286e-117
24,264,0x1.820b51fc4b763p-388,0x1.2e0f097dd6ce3p-403,0x1.820dae1a5e71fp-388,2.39204387539455171e-117
24,265,0x1.1904a009a4cedp-389,0x1.2e0f097dd6ce3p-403,0x1.19095845cac64p-389,8.70671752004354956e-118
24,266,0x1.991dd99acc253p-391,0x1.2e0f097dd6ce3p-403,0x1.9930ba8b6402bp-391,3.16925445453985600e-118
24,267,0x1.29cad414c259p-392,0x1.2e0f097dd6ce3p-403,0x1.29f095f5f213fp-392,1.15379921496909419e-118
24,268,0x1.b17fa9a5852e9p-394,0x1.2e0f097dd6ce3p-403,0x1.b216b12a441ap-394,4.20262040196624148e-119
24,269,0x1.3b7f6d4a1033fp-395,0x1.2e0f097dd6ce3p-403,0x1.3cad7c538e0adp-395,1.53295427084459572e-119
24,270,0x1.cb29372de262fp-397,0x1.2e0f097dd6ce3p-403,0x1.cfe17353d9be4p-397,5.61381411449974405e-120
24,271,0x1.4e00f6d41d6a3p-398,0x1.2e0f097dd6ce3p-403,0x1.57716f200c20bp-398,2.07814840558368456e-120
24,272,0x1.e58828e01b6d1p-400,0x1.2e0f097dd6ce3p-403,0x1.05a50507eb238p-399,7.91595932473743361e-121
24,273,0x1.603d9ea6a052bp-401,0x1.2e0f097dd6ce3p-403,0x1.abc1610616065p-401,3.23539463306034120e-121
24,274,0x1.fcdf55533ce1fp-403,0x1.2e0f097dd6ce3p-403,0x1.95772f6889d82p-402,1.53340105182802065e-121
24,275,0x1.6bf71e999862bp-404,0x1.2e0f097dd6ce3p-403,0x1.e40a98caa2ff9p-403,9.15280658458913072e-122
24,276,0x1.fd2bb7ee35a2fp-406,0x1.2e0f097dd6ce3p-403,0x1.6db4807b9d82ap-403,6.91516873681466273e-122
24,277,0x1.528d9fa7fb89fp-407,0x1.2e0f097dd6ce3p-403,0x1.4337e3785686ep-403,6.11178043024328672e-122
24,278,0x1.8ef6a7e2fd5f3p-409,0x1.2e0f097dd6ce3p-403,0x1.344ae41d62c3cp-403,5.82954692587566734e-122
24,279,0x1.4e9a22e37de66p-411,0x1.2e0f097dd6ce3p-403,0x1.2f5da3a0ba4c2p-403,5.73638603112351004e-122
24,280,0x0p+0,0x1.2e0f097dd6ce3p-403,0x1.2e0f097dd6ce3p-403,5.71167103922515833e-122
