height,threshold,known_upper_hex,unknown_moment_hex,total_upper_hex,total_upper_decimal
1,0,0x1.8bd61e7a41077p-6,0x1.1c4cdfe2c949cp-643,0x1.8bd61e7a41078p-6,2.41599366791125092e-02
1,1,0x1.6df3fb57f26cbp-8,0x1.1c4cdfe2c949cp-643,0x1.6df3fb57f26ccp-8,5.58400045697178202e-03
1,2,0x1.27b41e91a99bap-10,0x1.1c4cdfe2c949cp-643,0x1.27b41e91a99bbp-10,1.12801968172392022e-03
1,3,0x1.a7aed508997cfp-13,0x1.1c4cdfe2c949cp-643,0x1.a7aed508997dp-13,2.02027768199274180e-04
1,4,0x1.104fb2da23e7fp-15,0x1.1c4cdfe2c949cp-643,0x1.104fb2da23e8p-15,3.24620393296034052e-05
1,5,0x1.3d2bd7bee0151p-18,0x1.1c4cdfe2c949cp-643,0x1.3d2bd7bee0152p-18,4.72622008274054858e-06
1,6,0x1.518a7efa1e48bp-21,0x1.1c4cdfe2c949cp-643,0x1.518a7efa1e48cp-21,6.28719106345687348e-07
1,7,0x1.4a90de9cc7a4cp-24,0x1.1c4cdfe2c949cp-643,0x1.4a90de9cc7a4dp-24,7.69658705210265830e-08
1,8,0x1.2bbe64081433p-27,0x1.1c4cdfe2c949cp-643,0x1.2bbe640814331p-27,8.72369022866613412e-09
1,9,0x1.f9fda4250c381p-31,0x1.1c4cdfe2c949cp-643,0x1.f9fda4250c382p-31,9.20391877843254624e-10
1,10,0x1.8f63bac2acaebp-34,0x1.1c4cdfe2c949cp-643,0x1.8f63bac2acaecp-34,9.08106741208649774e-11
1,11,0x1.28059fe4517f3p-37,0x1.1c4cdfe2c949cp-643,0x1.28059fe4517f4p-37,8.41345044495639518e-12
1,12,0x1.9d8e96619332ap-41,0x1.1c4cdfe2c949cp-643,0x1.9d8e96619332bp-41,7.34624773695959240e-13
1,13,0x1.11237052bf9dap-44,0x1.1c4cdfe2c949cp-643,0x1.11237052bf9dbp-44,6.06489153712907881e-14
1,14,0x1.5621e3828987ap-48,0x1.1c4cdfe2c949cp-643,0x1.5621e3828987bp-48,4.74804054095476510e-15
1,15,0x1.9775802c7cf3fp-52,0x1.1c4cdfe2c949cp-643,0x1.9775802c7cf4p-52,3.53414335146470532e-16
1,16,0x1.ce7a0d0d232bep-56,0x1.1c4cdfe2c949cp-643,0x1.ce7a0d0d232bfp-56,2.50709154851035656e-17
1,17,0x1.f55e812fe6c72p-60,0x1.1c4cdfe2c949cp-643,0x1.f55e812fe6c73p-60,1.69870478475621256e-18
1,18,0x1.0416b7df62b95p-63,0x1.1c4cdfe2c949cp-643,0x1.0416b7df62b96p-63,1.10151867338839756e-19
1,19,0x1.02b91f018ca7p-67,0x1.1c4cdfe2c949cp-643,0x1.02b91f018ca71p-67,6.84834421214793323e-21
1,20,0x1.ee5823c5eb799p-72,0x1.1c4cdfe2c949cp-643,0x1.ee5823c5eb79ap-72,4.08912017457068448e-22
1,21,0x1.c64697cc55d75p-76,0x1.1c4cdfe2c949cp-643,0x1.c64697cc55d76p-76,2.34855060162672202e-23
1,22,0x1.921ff840bba78p-80,0x1.1c4cdfe2c949cp-643,0x1.921ff840bba79p-80,1.29933557046982405e-24
1,23,0x1.57592c56ac475p-84,0x1.1c4cdfe2c949cp-643,0x1.57592c56ac476p-84,6.93386436149672153e-26
1,24,0x1.1b20ca9e604b7p-88,0x1.1c4cdfe2c949cp-643,0x1.1b20ca9e604b8p-88,3.57357892358503420e-27
1,25,0x1.c37b68d9829dep-93,0x1.1c4cdfe2c949cp-643,0x1.c37b68d9829dfp-93,1.78078276674738546e-28
1,26,0x1.5c6f1f7c6c49ep-97,0x1.1c4cdfe2c949cp-643,0x1.5c6f1f7c6c49fp-97,8.58956309919698441e-30
1,27,0x1.048db07b77c45p-101,0x1.1c4cdfe2c949cp-643,0x1.048db07b77c46p-101,4.01446190393135942e-31
1,28,0x1.79ef1d694fbfap-106,0x1.1c4cdfe2c949cp-643,0x1.79ef1d694fbfbp-106,1.81968622378894873e-32
1,29,0x1.0a142fc5653f6p-110,0x1.1c4cdfe2c949cp-643,0x1.0a142fc5653f7p-110,8.00701925546350343e-34
1,30,0x1.6c01cf83f0ca8p-115,0x1.1c4cdfe2c949cp-643,0x1.6c01cf83f0ca9p-115,3.42310606079151196e-35
1,31,0x1.e435c4fd086f5p-120,0x1.1c4cdfe2c949cp-643,0x1.e435c4fd086f6p-120,1.42296540792281826e-36
1,32,0x1.39636776ab1fbp-124,0x1.1c4cdfe2c949cp-643,0x1.39636776ab1fcp-124,5.75603395780858555e-38
1,33,0x1.8b07a338d6ef4p-129,0x1.1c4cdfe2c949cp-643,0x1.8b07a338d6ef5p-129,2.26736005200213026e-39
1,34,0x1.e53953e8b751bp-134,0x1.1c4cdfe2c949cp-643,0x1.e53953e8b751cp-134,8.70327753231175649e-41
1,35,0x1.22958ba559138p-138,0x1.1c4cdfe2c949cp-643,0x1.22958ba559139p-138,3.25756112060699360e-42
1,36,0x1.53958e593bddap-143,0x1.1c4cdfe2c949cp-643,0x1.53958e593bddbp-143,1.18964705654199185e-43
1,37,0x1.836e5bd963b27p-148,0x1.1c4cdfe2c949cp-643,0x1.836e5bd963b28p-148,4.24145773482434503e-45
1,38,0x1.afc62dd21ea43p-153,0x1.1c4cdfe2c949cp-643,0x1.afc62dd21ea44p-153,1.47715926428298026e-46
1,39,0x1.d64a78950dc4dp-158,0x1.1c4cdfe2c949cp-643,0x1.d64a78950dc4ep-158,5.02790771006532780e-48
1,40,0x1.f4e51723df04bp-163,0x1.1c4cdfe2c949cp-643,0x1.f4e51723df04cp-163,1.67346771291287029e-49
1,41,0x1.04f694636d9b2p-167,0x1.1c4cdfe2c949cp-643,0x1.04f694636d9b3p-167,5.44916590788301572e-51
1,42,0x1.0a26a8982096ap-172,0x1.1c4cdfe2c949cp-643,0x1.0a26a8982096bp-172,1.73671637500279968e-52
1,43,0x1.09cd4ca54d83ep-177,0x1.1c4cdfe2c949cp-643,0x1.09cd4ca54d83fp-177,5.42012080302285870e-54
1,44,0x1.040cbce505f39p-182,0x1.1c4cdfe2c949cp-643,0x1.040cbce505f3ap-182,1.65713265940669734e-55
1,45,0x1.f2b1303eda6c3p-188,0x1.1c4cdfe2c949cp-643,0x1.f2b1303eda6c4p-188,4.96539011394860497e-57
1,46,0x1.d4cfea4ae9679p-193,0x1.1c4cdfe2c949cp-643,0x1.d4cfea4ae967ap-193,1.45871264435684008e-58
1,47,0x1.b04429546c6e2p-198,0x1.1c4cdfe2c949cp-643,0x1.b04429546c6e3p-198,4.20312423901001294e-60
1,48,0x1.8710c1f180fc5p-203,0x1.1c4cdfe2c949cp-643,0x1.8710c1f180fc6p-203,1.18828433990384716e-61
1,49,0x1.5b40f28376c8p-208,0x1.1c4cdfe2c949cp-643,0x1.5b40f28376c81p-208,3.29737103771046494e-63
1,50,0x1.2ec155de3a939p-213,0x1.1c4cdfe2c949cp-643,0x1.2ec155de3a93ap-213,8.98385208934651598e-65
1,51,0x1.03412c622ab2fp-218,0x1.1c4cdfe2c949cp-643,0x1.03412c622ab3p-218,2.40407173916820558e-66
1,52,0x1.b43bc64308bf3p-224,0x1.1c4cdfe2c949cp-643,0x1.b43bc64308bf4p-224,6.32062483995284155e-68
1,53,0x1.68b260dc472b5p-229,0x1.1c4cdfe2c949cp-643,0x1.68b260dc472b6p-229,1.63317718964469393e-69
1,54,0x1.253197ee8a7ccp-234,0x1.1c4cdfe2c949cp-643,0x1.253197ee8a7cdp-234,4.14854418345021468e-71
1,55,0x1.d4b7712ec4c6ap-240,0x1.1c4cdfe2c949cp-643,0x1.d4b7712ec4c6bp-240,1.03626631931616924e-72
1,56,0x1.7086e593b5a94p-245,0x1.1c4cdfe2c949cp-643,0x1.7086e593b5a95p-245,2.54612862066304017e-74
1,57,0x1.1d164ed2a48dep-250,0x1.1c4cdfe2c949cp-643,0x1.1d164ed2a48dfp-250,6.15515149002426110e-76
1,58,0x1.b2169051945efp-256,0x1.1c4cdfe2c949cp-643,0x1.b2169051945fp-256,1.46439778968595548e-77
1,59,0x1.455382df0ed45p-261,0x1.1c4cdfe2c949cp-643,0x1.455382df0ed46p-261,3.42965336190359783e-79
1,60,0x1.e0237ab13e725p-267,0x1.1c4cdfe2c949cp-643,0x1.e0237ab13e726p-267,7.90893135205111270e-81
1,61,0x1.5cf325b294871p-272,0x1.1c4cdfe2c949cp-643,0x1.5cf325b294872p-272,1.79623916029051014e-82
1,62,0x1.f3a6d40a4af77p-278,0x1.1c4cdfe2c949cp-643,0x1.f3a6d40a4af78p-278,4.01872775206567688e-84
1,63,0x1.60771442997b1p-283,0x1.1c4cdfe2c949cp-643,0x1.60771442997b2p-283,8.85905601957931264e-86
1,64,0x1.ea13561d3d95bp-289,0x1.1c4cdfe2c949cp-643,0x1.ea13561d3d95cp-289,1.92466127625528549e-87
1,65,0x1.4fd84a63b843cp-294,0x1.1c4cdfe2c949cp-643,0x1.4fd84a63b843dp-294,4.12173482692343050e-89
1,66,0x1.c5d4101c368dp-300,0x1.1c4cdfe2c949cp-643,0x1.c5d4101c368d1p-300,8.70267925613379439e-91
1,67,0x1.2e604dfc80b2fp-305,0x1.1c4cdfe2c949cp-643,0x1.2e604dfc80b3p-305,1.81200314731222317e-92
1,68,0x1.8d6b99e033444p-311,0x1.1c4cdfe2c949cp-643,0x1.8d6b99e033445p-311,3.72118659921322577e-94
1,69,0x1.01a4e794bc8d5p-316,0x1.1c4cdfe2c949cp-643,0x1.01a4e794bc8d6p-316,7.53879103409974660e-96
1,70,0x1.499b91d268322p-322,0x1.1c4cdfe2c949cp-643,0x1.499b91d268323p-322,1.50694975240366424e-97
1,71,0x1.a02110f36603p-328,0x1.1c4cdfe2c949cp-643,0x1.a02110f366031p-328,2.97268992889740927e-99
1,72,0x1.0345f388aa483p-333,0x1.1c4cdfe2c949cp-643,0x1.0345f388aa484p-333,5.78800883866609275e-101
1,73,0x1.3ef2868b05852p-339,0x1.1c4cdfe2c949cp-643,0x1.3ef2868b05853p-339,1.11252690798378402e-102
1,74,0x1.8364f377fc71bp-345,0x1.1c4cdfe2c949cp-643,0x1.8364f377fc71cp-345,2.11137221392130062e-104
1,75,0x1.d0a778b1e595ep-351,0x1.1c4cdfe2c949cp-643,0x1.d0a778b1e595fp-351,3.95695772191932896e-106
1,76,0x1.13395dd438f0ap-356,0x1.1c4cdfe2c949cp-643,0x1.13395dd438f0bp-356,7.32433195978506911e-108
1,77,0x1.4211afa10ab4ap-362,0x1.1c4cdfe2c949cp-643,0x1.4211afa10ab4bp-362,1.33921604929605312e-109
1,78,0x1.7459c1ee550a5p-368,0x1.1c4cdfe2c949cp-643,0x1.7459c1ee550a6p-368,2.41921076474611392e-111
1,79,0x1.a95c9b24b9e02p-374,0x1.1c4cdfe2c949cp-643,0x1.a95c9b24b9e03p-374,4.31817344712029030e-113
1,80,0x1.e03546786f65ep-380,0x1.1c4cdfe2c949cp-643,0x1.e03546786f65fp-380,7.61712652634662347e-115
1,81,0x1.0be9f48aa47e7p-385,0x1.1c4cdfe2c949cp-643,0x1.0be9f48aa47e8p-385,1.32802707868322661e-116
1,82,0x1.2782ea04c551p-391,0x1.1c4cdfe2c949cp-643,0x1.2782ea04c5511p-391,2.28878998774459263e-118
1,83,0x1.424025b2ff4a6p-397,0x1.1c4cdfe2c949cp-643,0x1.424025b2ff4a7p-397,3.89982803827021668e-120
1,84,0x1.5b76bf7a4e0fep-403,0x1.1c4cdfe2c949cp-643,0x1.5b76bf7a4e0ffp-403,6.57024283160398890e-122
1,85,0x1.727d7e43893f8p-409,0x1.1c4cdfe2c949cp-643,0x1.727d7e43893f9p-409,1.09463301359414511e-123
1,86,0x1.86b45e6650b3p-415,0x1.1c4cdfe2c949cp-643,0x1.86b45e6650b31p-415,1.80368344921846129e-125
1,87,0x1.978beb1fc7b1ap-421,0x1.1c4cdfe2c949cp-643,0x1.978beb1fc7b1bp-421,2.93974112620650557e-127
1,88,0x1.a48bf0580893dp-427,0x1.1c4cdfe2c949cp-643,0x1.a48bf0580893ep-427,4.73986584344943837e-129
1,89,0x1.ad5913e1962e3p-433,0x1.1c4cdfe2c949cp-643,0x1.ad5913e1962e4p-433,7.56103616847381376e-131
1,90,0x1.b1b8f8df2df04p-439,0x1.1c4cdfe2c949cp-643,0x1.b1b8f8df2df05p-439,1.19344920127239485e-132
1,91,0x1.b194ab41b388ap-445,0x1.1c4cdfe2c949cp-643,0x1.b194ab41b388bp-445,1.86415467625410930e-134
1,92,0x1.acf931bd11c3ep-451,0x1.1c4cdfe2c949cp-643,0x1.acf931bd11c3fp-451,2.88179025675406230e-136
1,93,0x1.a4164712ac656p-457,0x1.1c4cdfe2c949cp-643,0x1.a4164712ac657p-457,4.40951963766529338e-138
1,94,0x1.973b5cefbb4e4p-463,0x1.1c4cdfe2c949cp-643,0x1.973b5cefbb4e5p-463,6.67903653050225777e-140
1,95,0x1.86d327e8bd7dp-469,0x1.1c4cdfe2c949cp-643,0x1.86d327e8bd7d1p-469,1.00155363935537823e-141
1,96,0x1.735e0ae94d5bbp-475,0x1.1c4cdfe2c949cp-643,0x1.735e0ae94d5bcp-475,1.48701660306766783e-143
1,97,0x1.5d6bc7204401bp-481,0x1.1c4cdfe2c949cp-643,0x1.5d6bc7204401cp-481,2.18615591112914684e-145
1,98,0x1.4594db488b89ep-487,0x1.1c4cdfe2c949cp-643,0x1.4594db488b89fp-487,3.18281816011523740e-147
1,99,0x1.2c73fa5c85b43p-493,0x1.1c4cdfe2c949cp-643,0x1.2c73fa5c85b44p-493,4.58932457124524336e-149
1,100,0x1.129ff7411a1cp-499,0x1.1c4cdfe2c949cp-643,0x1.129ff7411a1c1p-499,6.55438664959945248e-151
1,101,0x1.f14ce4c8e3b5ep-506,0x1.1c4cdfe2c949cp-643,0x1.f14ce4c8e3b5fp-506,9.27258893803348073e-153
1,102,0x1.be0f035f1c01cp-512,0x1.1c4cdfe2c949cp-643,0x1.be0f035f1c01dp-512,1.29955365701730714e-154
1,103,0x1.8c64e958234bep-518,0x1.1c4cdfe2c949cp-643,0x1.8c64e958234bfp-518,1.80446954327882841e-156
1,104,0x1.5d0780ead2aa3p-524,0x1.1c4cdfe2c949cp-643,0x1.5d0780ead2aa4p-524,2.48258545461265300e-158
1,105,0x1.30881583f7ad2p-530,0x1.1c4cdfe2c949cp-643,0x1.30881583f7ad3p-530,3.38450115080907554e-160
1,106,0x1.075074cbf69f2p-536,0x1.1c4cdfe2c949cp-643,0x1.075074cbf69f3p-536,4.57253222322368733e-162
1,107,0x1.c3499c186fa6bp-543,0x1.1c4cdfe2c949cp-643,0x1.c3499c186fa6cp-543,6.12245681027568283e-164
1,108,0x1.7f4de68cfe567p-549,0x1.1c4cdfe2c949cp-643,0x1.7f4de68cfe568p-549,8.12523827273616878e-166
1,109,0x1.42b530835d2a1p-555,0x1.1c4cdfe2c949cp-643,0x1.42b530835d2a2p-555,1.06886256133377788e-167
1,110,0x1.0d5459b5e4cd3p-561,0x1.1c4cdfe2c949cp-643,0x1.0d5459b5e4cd4p-561,1.39385110000773849e-169
1,111,0x1.bdafde54faf86p-568,0x1.1c4cdfe2c949cp-643,0x1.bdafde54faf87p-568,1.80199030774977745e-171
1,112,0x1.6d9c878f5ac68p-574,0x1.1c4cdfe2c949cp-643,0x1.6d9c878f5ac69p-574,2.30973579081573638e-173
1,113,0x1.2961dcaf1eb98p-580,0x1.1c4cdfe2c949cp-643,0x1.2961dcaf1eb99p-580,2.93546986999832374e-175
1,114,0x1.dfb541a09a4f2p-587,0x1.1c4cdfe2c949cp-643,0x1.dfb541a09a4f3p-587,3.69938533541792773e-177
1,115,0x1.7fafa9a167a92p-593,0x1.1c4cdfe2c949cp-643,0x1.7fafa9a167a97p-593,4.62326476111167293e-179
1,116,0x1.30597dc883c42p-599,0x1.1c4cdfe2c949cp-643,0x1.30597dc883d5fp-599,5.73014131292340442e-181
1,117,0x1.dee126514207fp-606,0x1.1c4cdfe2c949cp-643,0x1.dee126514aea6p-606,7.04383055530471958e-183
1,118,0x1.75af6abeb63c2p-612,0x1.1c4cdfe2c949cp-643,0x1.75af6ac0eed5fp-612,8.58832780299337166e-185
1,119,0x1.213f7fa007f21p-618,0x1.1c4cdfe2c949cp-643,0x1.213f802e2e621p-618,1.03870722761727808e-186
1,120,0x1.bc33084f25506p-625,0x1.1c4cdfe2c949cp-643,0x1.bc334f625d492p-625,1.24621139895445406e-188
1,121,0x1.525f0d136b6c4p-631,0x1.1c4cdfe2c949cp-643,0x1.5270d1e16998ep-631,1.48359499174777362e-190
1,122,0x1.ff40fb4b2272cp-638,0x1.1c4cdfe2c949cp-643,0x1.0411b1251c5e9p-637,1.78131845337844955e-192
1,123,0x1.76a8c7c9a015ap-644,0x1.1c4cdfe2c949cp-643,0x1.d7a143c79954ap-643,5.04747516029909098e-194
1,124,0x0p+0,0x1.1c4cdfe2c949cp-643,0x1.1c4cdfe2c949cp-643,3.04263689569431194e-194
1,125,0x0p+0,0x1.1c4cdfe2c949cp-643,0x1.1c4cdfe2c949cp-643,3.04263689569431194e-194
1,126,0x0p+0,0x1.1c4cdfe2c949cp-643,0x1.1c4cdfe2c949cp-643,3.04263689569431194e-194
1,127,0x0p+0,0x1.1c4cdfe2c949cp-643,0x1.1c4cdfe2c949cp-643,3.04263689569431194e-194
1,128,0x0p+0,0x1.1c4cdfe2c949cp-643,0x1.1c4cdfe2c949cp-643,3.04263689569431194e-194
1,129,0x0p+0,0x1.1c4cdfe2c949cp-643,0x1.1c4cdfe2c949cp-643,3.04263689569431194e-194
1,130,0x0p+0,0x1.1c4cdfe2c949cp-643,0x1.1c4cdfe2c949cp-643,3.04263689569431194e-194
1,131,0x0p+0,0x1.1c4cdfe2c949cp-643,0x1.1c4cdfe2c949cp-643,3.04263689569431194e-194
1,132,0x0p+0,0x1.1c4cdfe2c949cp-643,0x1.1c4cdfe2c949cp-643,3.04263689569431194e-194
1,133,0x0p+0,0x1.1c4cdfe2c949cp-643,0x1.1c4cdfe2c949cp-643,3.04263689569431194e-194
1,134,0x0p+0,0x1.1c4cdfe2c949cp-643,0x1.1c4cdfe2c949cp-643,3.04263689569431194e-194
1,135,0x0p+0,0x1.1c4cdfe2c949cp-643,0x1.1c4cdfe2c949cp-643,3.04263689569431194e-194
1,136,0x0p+0,0x1.1c4cdfe2c949cp-643,0x1.1c4cdfe2c949cp-643,3.04263689569431194e-194
1,137,0x0p+0,0x1.1c4cdfe2c949cp-643,0x1.1c4cdfe2c949cp-643,3.04263689569431194e-194
1,138,0x0p+0,0x1.1c4cdfe2c949cp-643,0x1.1c4cdfe2c949cp-643,3.04263689569431194e-194
1,139,0x0p+0,0x1.1c4cdfe2c949cp-643,0x1.1c4cdfe2c949cp-643,3.04263689569431194e-194
1,140,0x0p+0,0x1.1c4cdfe2c949cp-643,0x1.1c4cdfe2c949cp-643,3.04263689569431194e-194
1,141,0x0p+0,0x1.1c4cdfe2c949cp-643,0x1.1c4cdfe2c949cp-643,3.04263689569431194e-194
1,142,0x0p+0,0x1.1c4cdfe2c949cp-643,0x1.1c4cdfe2c949cp-643,3.04263689569431194e-194
1,143,0x0p+0,0x1.1c4cdfe2c949cp-643,0x1.1c4cdfe2c949cp-643,3.04263689569431194e-194
1,144,0x0p+0,0x1.1c4cdfe2c949cp-643,0x1.1c4cdfe2c949cp-643,3.04263689569431194e-194
1,145,0x0p+0,0x1.1c4cdfe2c949cp-643,0x1.1c4cdfe2c949cp-643,3.04263689569431194e-194
1,146,0x0p+0,0x1.1c4cdfe2c949cp-643,0x1.1c4cdfe2c949cp-643,3.04263689569431194e-194
1,147,0x0p+0,0x1.1c4cdfe2c949cp-643,0x1.1c4cdfe2c949cp-643,3.04263689569431194e-194
1,148,0x0p+0,0x1.1c4cdfe2c949cp-643,0x1.1c4cdfe2c949cp-643,3.04263689569431194e-194
1,149,0x0p+0,0x1.1c4cdfe2c949cp-643,0x1.1c4cdfe2c949cp-643,3.04263689569431194e-194
1,150,0x0p+0,0x1.1c4cdfe2c949cp-643,0x1.1c4cdfe2c949cp-643,3.04263689569431194e-194
1,151,0x0p+0,0x1.1c4cdfe2c949cp-643,0x1.1c4cdfe2c949cp-643,3.04263689569431194e-194
1,152,0x0p+0,0x1.1c4cdfe2c949cp-643,0x1.1c4cdfe2c949cp-643,3.04263689569431194e-194
1,153,0x0p+0,0x1.1c4cdfe2c949cp-643,0x1.1c4cdfe2c949cp-643,3.04263689569431194e-194
1,154,0x0p+0,0x1.1c4cdfe2c949cp-643,0x1.1c4cdfe2c949cp-643,3.04263689569431194e-194
1,155,0x0p+0,0x1.1c4cdfe2c949cp-643,0x1.1c4cdfe2c949cp-643,3.04263689569431194e-194
1,156,0x0p+0,0x1.1c4cdfe2c949cp-643,0x1.1c4cdfe2c949cp-643,3.04263689569431194e-194
1,157,0x0p+0,0x1.1c4cdfe2c949cp-643,0x1.1c4cdfe2c949cp-643,3.04263689569431194e-194
1,158,0x0p+0,0x1.1c4cdfe2c949cp-643,0x1.1c4cdfe2c949cp-643,3.04263689569431194e-194
1,159,0x0p+0,0x1.1c4cdfe2c949cp-643,0x1.1c4cdfe2c949cp-643,3.04263689569431194e-194
1,160,0x0p+0,0x1.1c4cdfe2c949cp-643,0x1.1c4cdfe2c949cp-643,3.04263689569431194e-194
1,161,0x0p+0,0x1.1c4cdfe2c949cp-643,0x1.1c4cdfe2c949cp-643,3.04263689569431194e-194
1,162,0x0p+0,0x1.1c4cdfe2c949cp-643,0x1.1c4cdfe2c949cp-643,3.04263689569431194e-194
1,163,0x0p+0,0x1.1c4cdfe2c949cp-643,0x1.1c4cdfe2c949cp-643,3.04263689569431194e-194
1,164,0x0p+0,0x1.1c4cdfe2c949cp-643,0x1.1c4cdfe2c949cp-643,3.04263689569431194e-194
1,165,0x0p+0,0x1.1c4cdfe2c949cp-643,0x1.1c4cdfe2c949cp-643,3.04263689569431194e-194
1,166,0x0p+0,0x1.1c4cdfe2c949cp-643,0x1.1c4cdfe2c949cp-643,3.04263689569431194e-194
1,167,0x0p+0,0x1.1c4cdfe2c949cp-643,0x1.1c4cdfe2c949cp-643,3.04263689569431194e-194
1,168,0x0p+0,0x1.1c4cdfe2c949cp-643,0x1.1c4cdfe2c949cp-643,3.04263689569431194e-194
1,169,0x0p+0,0x1.1c4cdfe2c949cp-643,0x1.1c4cdfe2c949cp-643,3.04263689569431194e-194
1,170,0x0p+0,0x1.1c4cdfe2c949cp-643,0x1.1c4cdfe2c949cp-643,3.04263689569431194e-194
1,171,0x0p+0,0x1.1c4cdfe2c949cp-643,0x1.1c4cdfe2c949cp-643,3.04263689569431194e-194
1,172,0x0p+0,0x1.1c4cdfe2c949cp-643,0x1.1c4cdfe2c949cp-643,3.04263689569431194e-194
1,173,0x0p+0,0x1.1c4cdfe2c949cp-643,0x1.1c4cdfe2c949cp-643,3.04263689569431194e-194
1,174,0x0p+0,0x1.1c4cdfe2c949cp-643,0x1.1c4cdfe2c949cp-643,3.04263689569431194e-194
1,175,0x0p+0,0x1.1c4cdfe2c949cp-643,0x1.1c4cdfe2c949cp-643,3.04263689569431194e-194
1,176,0x0p+0,0x1.1c4cdfe2c949cp-643,0x1.1c4cdfe2c949cp-643,3.04263689569431194e-194
1,177,0x0p+0,0x1.1c4cdfe2c949cp-643,0x1.1c4cdfe2c949cp-643,3.04263689569431194e-194
1,178,0x0p+0,0x1.1c4cdfe2c949cp-643,0x1.1c4cdfe2c949cp-643,3.04263689569431194e-194
1,179,0x0p+0,0x1.1c4cdfe2c949cp-643,0x1.1c4cdfe2c949cp-643,3.04263689569431194e-194
1,180,0x0p+0,0x1.1c4cdfe2c949cp-643,0x1.1c4cdfe2c949cp-643,3.04263689569431194e-194
1,181,0x0p+0,0x1.1c4cdfe2c949cp-643,0x1.1c4cdfe2c949cp-643,3.04263689569431194e-194
1,182,0x0p+0,0x1.1c4cdfe2c949cp-643,0x1.1c4cdfe2c949cp-643,3.04263689569431194e-194
1,183,0x0p+0,0x1.1c4cdfe2c949cp-643,0x1.1c4cdfe2c949cp-643,3.04263689569431194e-194
1,184,0x0p+0,0x1.1c4cdfe2c949cp-643,0x1.1c4cdfe2c949cp-643,3.04263689569431194e-194
1,185,0x0p+0,0x1.1c4cdfe2c949cp-643,0x1.1c4cdfe2c949cp-643,3.04263689569431194e-194
1,186,0x0p+0,0x1.1c4cdfe2c949cp-643,0x1.1c4cdfe2c949cp-643,3.04263689569431194e-194
1,187,0x0p+0,0x1.1c4cdfe2c949cp-643,0x1.1c4cdfe2c949cp-643,3.04263689569431194e-194
1,188,0x0p+0,0x1.1c4cdfe2c949cp-643,0x1.1c4cdfe2c949cp-643,3.04263689569431194e-194
1,189,0x0p+0,0x1.1c4cdfe2c949cp-643,0x1.1c4cdfe2c949cp-643,3.04263689569431194e-194
1,190,0x0p+0,0x1.1c4cdfe2c949cp-643,0x1.1c4cdfe2c949cp-643,3.04263689569431194e-194
1,191,0x0p+0,0x1.1c4cdfe2c949cp-643,0x1.1c4cdfe2c949cp-643,3.04263689569431194e-194
1,192,0x0p+0,0x1.1c4cdfe2c949cp-643,0x1.1c4cdfe2c949cp-643,3.04263689569431194e-194
1,193,0x0p+0,0x1.1c4cdfe2c949cp-643,0x1.1c4cdfe2c949cp-643,3.04263689569431194e-194
1,194,0x0p+0,0x1.1c4cdfe2c949cp-643,0x1.1c4cdfe2c949cp-643,3.04263689569431194e-194
1,195,0x0p+0,0x1.1c4cdfe2c949cp-643,0x1.1c4cdfe2c949cp-643,3.04263689569431194e-194
1,196,0x0p+0,0x1.1c4cdfe2c949cp-643,0x1.1c4cdfe2c949cp-643,3.04263689569431194e-194
1,197,0x0p+0,0x1.1c4cdfe2c949cp-643,0x1.1c4cdfe2c949cp-643,3.04263689569431194e-194
1,198,0x0p+0,0x1.1c4cdfe2c949cp-643,0x1.1c4cdfe2c949cp-643,3.04263689569431194e-194
1,199,0x0p+0,0x1.1c4cdfe2c949cp-643,0x1.1c4cdfe2c949cp-643,3.04263689569431194e-194
1,200,0x0p+0,0x1.1c4cdfe2c949cp-643,0x1.1c4cdfe2c949cp-643,3.04263689569431194e-194
1,201,0x0p+0,0x1.1c4cdfe2c949cp-643,0x1.1c4cdfe2c949cp-643,3.04263689569431194e-194
1,202,0x0p+0,0x1.1c4cdfe2c949cp-643,0x1.1c4cdfe2c949cp-643,3.04263689569431194e-194
1,203,0x0p+0,0x1.1c4cdfe2c949cp-643,0x1.1c4cdfe2c949cp-643,3.04263689569431194e-194
1,204,0x0p+0,0x1.1c4cdfe2c949cp-643,0x1.1c4cdfe2c949cp-643,3.04263689569431194e-194
1,205,0x0p+0,0x1.1c4cdfe2c949cp-643,0x1.1c4cdfe2c949cp-643,3.04263689569431194e-194
1,206,0x0p+0,0x1.1c4cdfe2c949cp-643,0x1.1c4cdfe2c949cp-643,3.04263689569431194e-194
1,207,0x0p+0,0x1.1c4cdfe2c949cp-643,0x1.1c4cdfe2c949cp-643,3.04263689569431194e-194
1,208,0x0p+0,0x1.1c4cdfe2c949cp-643,0x1.1c4cdfe2c949cp-643,3.04263689569431194e-194
1,209,0x0p+0,0x1.1c4cdfe2c949cp-643,0x1.1c4cdfe2c949cp-643,3.04263689569431194e-194
1,210,0x0p+0,0x1.1c4cdfe2c949cp-643,0x1.1c4cdfe2c949cp-643,3.04263689569431194e-194
1,211,0x0p+0,0x1.1c4cdfe2c949cp-643,0x1.1c4cdfe2c949cp-643,3.04263689569431194e-194
1,212,0x0p+0,0x1.1c4cdfe2c949cp-643,0x1.1c4cdfe2c949cp-643,3.04263689569431194e-194
1,213,0x0p+0,0x1.1c4cdfe2c949cp-643,0x1.1c4cdfe2c949cp-643,3.04263689569431194e-194
1,214,0x0p+0,0x1.1c4cdfe2c949cp-643,0x1.1c4cdfe2c949cp-643,3.04263689569431194e-194
1,215,0x0p+0,0x1.1c4cdfe2c949cp-643,0x1.1c4cdfe2c949cp-643,3.04263689569431194e-194
1,216,0x0p+0,0x1.1c4cdfe2c949cp-643,0x1.1c4cdfe2c949cp-643,3.04263689569431194e-194
1,217,0x0p+0,0x1.1c4cdfe2c949cp-643,0x1.1c4cdfe2c949cp-643,3.04263689569431194e-194
1,218,0x0p+0,0x1.1c4cdfe2c949cp-643,0x1.1c4cdfe2c949cp-643,3.04263689569431194e-194
1,219,0x0p+0,0x1.1c4cdfe2c949cp-643,0x1.1c4cdfe2c949cp-643,3.04263689569431194e-194
1,220,0x0p+0,0x1.1c4cdfe2c949cp-643,0x1.1c4cdfe2c949cp-643,3.04263689569431194e-194
1,221,0x0p+0,0x1.1c4cdfe2c949cp-643,0x1.1c4cdfe2c949cp-643,3.04263689569431194e-194
1,222,0x0p+0,0x1.1c4cdfe2c949cp-643,0x1.1c4cdfe2c949cp-643,3.04263689569431194e-194
1,223,0x0p+0,0x1.1c4cdfe2c949cp-643,0x1.1c4cdfe2c949cp-643,3.04263689569431194e-194
1,224,0x0p+0,0x1.1c4cdfe2c949cp-643,0x1.1c4cdfe2c949cp-643,3.04263689569431194e-194
1,225,0x0p+0,0x1.1c4cdfe2c949cp-643,0x1.1c4cdfe2c949cp-643,3.04263689569431194e-194
1,226,0x0p+0,0x1.1c4cdfe2c949cp-643,0x1.1c4cdfe2c949cp-643,3.04263689569431194e-194
1,227,0x0p+0,0x1.1c4cdfe2c949cp-643,0x1.1c4cdfe2c949cp-643,3.04263689569431194e-194
1,228,0x0p+0,0x1.1c4cdfe2c949cp-643,0x1.1c4cdfe2c949cp-643,3.04263689569431194e-194
1,229,0x0p+0,0x1.1c4cdfe2c949cp-643,0x1.1c4cdfe2c949cp-643,3.04263689569431194e-194
1,230,0x0p+0,0x1.1c4cdfe2c949cp-643,0x1.1c4cdfe2c949cp-643,3.04263689569431194e-194
1,231,0x0p+0,0x1.1c4cdfe2c949cp-643,0x1.1c4cdfe2c949cp-643,3.04263689569431194e-194
1,232,0x0p+0,0x1.1c4cdfe2c949cp-643,0x1.1c4cdfe2c949cp-643,3.04263689569431194e-194
1,233,0x0p+0,0x1.1c4cdfe2c949cp-643,0x1.1c4cdfe2c949cp-643,3.04263689569431194e-194
1,234,0x0p+0,0x1.1c4cdfe2c949cp-643,0x1.1c4cdfe2c949cp-643,3.04263689569431194e-194
1,235,0x0p+0,0x1.1c4cdfe2c949cp-643,0x1.1c4cdfe2c949cp-643,3.04263689569431194e-194
1,236,0x0p+0,0x1.1c4cdfe2c949cp-643,0x1.1c4cdfe2c949cp-643,3.04263689569431194e-194
1,237,0x0p+0,0x1.1c4cdfe2c949cp-643,0x1.1c4cdfe2c949cp-643,3.04263689569431194e-194
1,238,0x0p+0,0x1.1c4cdfe2c949cp-643,0x1.1c4cdfe2c949cp-643,3.04263689569431194e-194
1,239,0x0p+0,0x1.1c4cdfe2c949cp-643,0x1.1c4cdfe2c949cp-643,3.04263689569431194e-194
1,240,0x0p+0,0x1.1c4cdfe2c949cp-643,0x1.1c4cdfe2c949cp-643,3.04263689569431194e-194
1,241,0x0p+0,0x1.1c4cdfe2c949cp-643,0x1.1c4cdfe2c949cp-643,3.04263689569431194e-194
1,242,0x0p+0,0x1.1c4cdfe2c949cp-643,0x1.1c4cdfe2c949cp-643,3.04263689569431194e-194
1,243,0x0p+0,0x1.1c4cdfe2c949cp-643,0x1.1c4cdfe2c949cp-643,3.04263689569431194e-194
1,244,0x0p+0,0x1.1c4cdfe2c949cp-643,0x1.1c4cdfe2c949cp-643,3.04263689569431194e-194
1,245,0x0p+0,0x1.1c4cdfe2c949cp-643,0x1.1c4cdfe2c949cp-643,3.04263689569431194e-194
1,246,0x0p+0,0x1.1c4cdfe2c949cp-643,0x1.1c4cdfe2c949cp-643,3.04263689569431194e-194
1,247,0x0p+0,0x1.1c4cdfe2c949cp-643,0x1.1c4cdfe2c949cp-643,3.04263689569431194e-194
1,248,0x0p+0,0x1.1c4cdfe2c949cp-643,0x1.1c4cdfe2c949cp-643,3.04263689569431194e-194
1,249,0x0p+0,0x1.1c4cdfe2c949cp-643,0x1.1c4cdfe2c949cp-643,3.04263689569431194e-194
1,250,0x0p+0,0x1.1c4cdfe2c949cp-643,0x1.1c4cdfe2c949cp-643,3.04263689569431194e-194
1,251,0x0p+0,0x1.1c4cdfe2c949cp-643,0x1.1c4cdfe2c949cp-643,3.04263689569431194e-194
1,252,0x0p+0,0x1.1c4cdfe2c949cp-643,0x1.1c4cdfe2c949cp-643,3.04263689569431194e-194
1,253,0x0p+0,0x1.1c4cdfe2c949cp-643,0x1.1c4cdfe2c949cp-643,3.04263689569431194e-194
1,254,0x0p+0,0x1.1c4cdfe2c949cp-643,0x1.1c4cdfe2c949cp-643,3.04263689569431194e-194
1,255,0x0p+0,0x1.1c4cdfe2c949cp-643,0x1.1c4cdfe2c949cp-643,3.04263689569431194e-194
1,256,0x0p+0,0x1.1c4cdfe2c949cp-643,0x1.1c4cdfe2c949cp-643,3.04263689569431194e-194
1,257,0x0p+0,0x1.1c4cdfe2c949cp-643,0x1.1c4cdfe2c949cp-643,3.04263689569431194e-194
1,258,0x0p+0,0x1.1c4cdfe2c949cp-643,0x1.1c4cdfe2c949cp-643,3.04263689569431194e-194
1,259,0x0p+0,0x1.1c4cdfe2c949cp-643,0x1.1c4cdfe2c949cp-643,3.04263689569431194e-194
1,260,0x0p+0,0x1.1c4cdfe2c949cp-643,0x1.1c4cdfe2c949cp-643,3.04263689569431194e-194
1,261,0x0p+0,0x1.1c4cdfe2c949cp-643,0x1.1c4cdfe2c949cp-643,3.04263689569431194e-194
1,262,0x0p+0,0x1.1c4cdfe2c949cp-643,0x1.1c4cdfe2c949cp-643,3.04263689569431194e-194
1,263,0x0p+0,0x1.1c4cdfe2c949cp-643,0x1.1c4cdfe2c949cp-643,3.04263689569431194e-194
1,264,0x0p+0,0x1.1c4cdfe2c949cp-643,0x1.1c4cdfe2c949cp-643,3.04263689569431194e-194
1,265,0x0p+0,0x1.1c4cdfe2c949cp-643,0x1.1c4cdfe2c949cp-643,3.04263689569431194e-194
1,266,0x0p+0,0x1.1c4cdfe2c949cp-643,0x1.1c4cdfe2c949cp-643,3.04263689569431194e-194
1,267,0x0p+0,0x1.1c4cdfe2c949cp-643,0x1.1c4cdfe2c949cp-643,3.04263689569431194e-194
1,268,0x0p+0,0x1.1c4cdfe2c949cp-643,0x1.1c4cdfe2c949cp-643,3.04263689569431194e-194
1,269,0x0p+0,0x1.1c4cdfe2c949cp-643,0x1.1c4cdfe2c949cp-643,3.04263689569431194e-194
1,270,0x0p+0,0x1.1c4cdfe2c949cp-643,0x1.1c4cdfe2c949cp-643,3.04263689569431194e-194
1,271,0x0p+0,0x1.1c4cdfe2c949cp-643,0x1.1c4cdfe2c949cp-643,3.04263689569431194e-194
1,272,0x0p+0,0x1.1c4cdfe2c949cp-643,0x1.1c4cdfe2c949cp-643,3.04263689569431194e-194
1,273,0x0p+0,0x1.1c4cdfe2c949cp-643,0x1.1c4cdfe2c949cp-643,3.04263689569431194e-194
1,274,0x0p+0,0x1.1c4cdfe2c949cp-643,0x1.1c4cdfe2c949cp-643,3.04263689569431194e-194
1,275,0x0p+0,0x1.1c4cdfe2c949cp-643,0x1.1c4cdfe2c949cp-643,3.04263689569431194e-194
1,276,0x0p+0,0x1.1c4cdfe2c949cp-643,0x1.1c4cdfe2c949cp-643,3.04263689569431194e-194
1,277,0x0p+0,0x1.1c4cdfe2c949cp-643,0x1.1c4cdfe2c949cp-643,3.04263689569431194e-194
1,278,0x0p+0,0x1.1c4cdfe2c949cp-643,0x1.1c4cdfe2c949cp-643,3.04263689569431194e-194
1,279,0x0p+0,0x1.1c4cdfe2c949cp-643,0x1.1c4cdfe2c949cp-643,3.04263689569431194e-194
1,280,0x0p+0,0x1.1c4cdfe2c949cp-643,0x1.1c4cdfe2c949cp-643,3.04263689569431194e-194
1,281,0x0p+0,0x1.1c4cdfe2c949cp-643,0x1.1c4cdfe2c949cp-643,3.04263689569431194e-194
1,282,0x0p+0,0x1.1c4cdfe2c949cp-643,0x1.1c4cdfe2c949cp-643,3.04263689569431194e-194
1,283,0x0p+0,0x1.1c4cdfe2c949cp-643,0x1.1c4cdfe2c949cp-643,3.04263689569431194e-194
1,284,0x0p+0,0x1.1c4cdfe2c949cp-643,0x1.1c4cdfe2c949cp-643,3.04263689569431194e-194
1,285,0x0p+0,0x1.1c4cdfe2c949cp-643,0x1.1c4cdfe2c949cp-643,3.04263689569431194e-194
1,286,0x0p+0,0x1.1c4cdfe2c949cp-643,0x1.1c4cdfe2c949cp-643,3.04263689569431194e-194
1,287,0x0p+0,0x1.1c4cdfe2c949cp-643,0x1.1c4cdfe2c949cp-643,3.04263689569431194e-194
1,288,0x0p+0,0x1.1c4cdfe2c949cp-643,0x1.1c4cdfe2c949cp-643,3.04263689569431194e-194
1,289,0x0p+0,0x1.1c4cdfe2c949cp-643,0x1.1c4cdfe2c949cp-643,3.04263689569431194e-194
1,290,0x0p+0,0x1.1c4cdfe2c949cp-643,0x1.1c4cdfe2c949cp-643,3.04263689569431194e-194
1,291,0x0p+0,0x1.1c4cdfe2c949cp-643,0x1.1c4cdfe2c949cp-643,3.04263689569431194e-194
1,292,0x0p+0,0x1.1c4cdfe2c949cp-643,0x1.1c4cdfe2c949cp-643,3.04263689569431194e-194
1,293,0x0p+0,0x1.1c4cdfe2c949cp-643,0x1.1c4cdfe2c949cp-643,3.04263689569431194e-194
1,294,0x0p+0,0x1.1c4cdfe2c949cp-643,0x1.1c4cdfe2c949cp-643,3.04263689569431194e-194
1,295,0x0p+0,0x1.1c4cdfe2c949cp-643,0x1.1c4cdfe2c949cp-643,3.04263689569431194e-194
1,296,0x0p+0,0x1.1c4cdfe2c949cp-643,0x1.1c4cdfe2c949cp-643,3.04263689569431194e-194
1,297,0x0p+0,0x1.1c4cdfe2c949cp-643,0x1.1c4cdfe2c949cp-643,3.04263689569431194e-194
1,298,0x0p+0,0x1.1c4cdfe2c949cp-643,0x1.1c4cdfe2c949cp-643,3.04263689569431194e-194
1,299,0x0p+0,0x1.1c4cdfe2c949cp-643,0x1.1c4cdfe2c949cp-643,3.04263689569431194e-194
1,300,0x0p+0,0x1.1c4cdfe2c949cp-643,0x1.1c4cdfe2c949cp-643,3.04263689569431194e-194
1,301,0x0p+0,0x1.1c4cdfe2c949cp-643,0x1.1c4cdfe2c949cp-643,3.04263689569431194e-194
1,302,0x0p+0,0x1.1c4cdfe2c949cp-643,0x1.1c4cdfe2c949cp-643,3.04263689569431194e-194
1,303,0x0p+0,0x1.1c4cdfe2c949cp-643,0x1.1c4cdfe2c949cp-643,3.04263689569431194e-194
1,304,0x0p+0,0x1.1c4cdfe2c949cp-643,0x1.1c4cdfe2c949cp-643,3.04263689569431194e-194
1,305,0x0p+0,0x1.1c4cdfe2c949cp-643,0x1.1c4cdfe2c949cp-643,3.04263689569431194e-194
1,306,0x0p+0,0x1.1c4cdfe2c949cp-643,0x1.1c4cdfe2c949cp-643,3.04263689569431194e-194
1,307,0x0p+0,0x1.1c4cdfe2c949cp-643,0x1.1c4cdfe2c949cp-643,3.04263689569431194e-194
1,308,0x0p+0,0x1.1c4cdfe2c949cp-643,0x1.1c4cdfe2c949cp-643,3.04263689569431194e-194
1,309,0x0p+0,0x1.1c4cdfe2c949cp-643,0x1.1c4cdfe2c949cp-643,3.04263689569431194e-194
1,310,0x0p+0,0x1.1c4cdfe2c949cp-643,0x1.1c4cdfe2c949cp-643,3.04263689569431194e-194
1,311,0x0p+0,0x1.1c4cdfe2c949cp-643,0x1.1c4cdfe2c949cp-643,3.04263689569431194e-194
1,312,0x0p+0,0x1.1c4cdfe2c949cp-643,0x1.1c4cdfe2c949cp-643,3.04263689569431194e-194
1,313,0x0p+0,0x1.1c4cdfe2c949cp-643,0x1.1c4cdfe2c949cp-643,3.04263689569431194e-194
1,314,0x0p+0,0x1.1c4cdfe2c949cp-643,0x1.1c4cdfe2c949cp-643,3.04263689569431194e-194
1,315,0x0p+0,0x1.1c4cdfe2c949cp-643,0x1.1c4cdfe2c949cp-643,3.04263689569431194e-194
1,316,0x0p+0,0x1.1c4cdfe2c949cp-643,0x1.1c4cdfe2c949cp-643,3.04263689569431194e-194
1,317,0x0p+0,0x1.1c4cdfe2c949cp-643,0x1.1c4cdfe2c949cp-643,3.04263689569431194e-194
1,318,0x0p+0,0x1.1c4cdfe2c949cp-643,0x1.1c4cdfe2c949cp-643,3.04263689569431194e-194
1,319,0x0p+0,0x1.1c4cdfe2c949cp-643,0x1.1c4cdfe2c949cp-643,3.04263689569431194e-194
1,320,0x0p+0,0x1.1c4cdfe2c949cp-643,0x1.1c4cdfe2c949cp-643,3.04263689569431194e-194
1,321,0x0p+0,0x1.1c4cdfe2c949cp-643,0x1.1c4cdfe2c949cp-643,3.04263689569431194e-194
1,322,0x0p+0,0x1.1c4cdfe2c949cp-643,0x1.1c4cdfe2c949cp-643,3.04263689569431194e-194
1,323,0x0p+0,0x1.1c4cdfe2c949cp-643,0x1.1c4cdfe2c949cp-643,3.04263689569431194e-194
1,324,0x0p+0,0x1.1c4cdfe2c949cp-643,0x1.1c4cdfe2c949cp-643,3.04263689569431194e-194
1,325,0x0p+0,0x1.1c4cdfe2c949cp-643,0x1.1c4cdfe2c949cp-643,3.04263689569431194e-194
1,326,0x0p+0,0x1.1c4cdfe2c949cp-643,0x1.1c4cdfe2c949cp-643,3.04263689569431194e-194
1,327,0x0p+0,0x1.1c4cdfe2c949cp-643,0x1.1c4cdfe2c949cp-643,3.04263689569431194e-194
1,328,0x0p+0,0x1.1c4cdfe2c949cp-643,0x1.1c4cdfe2c949cp-643,3.04263689569431194e-194
1,329,0x0p+0,0x1.1c4cdfe2c949cp-643,0x1.1c4cdfe2c949cp-643,3.04263689569431194e-194
1,330,0x0p+0,0x1.1c4cdfe2c949cp-643,0x1.1c4cdfe2c949cp-643,3.04263689569431194e-194
1,331,0x0p+0,0x1.1c4cdfe2c949cp-643,0x1.1c4cdfe2c949cp-643,3.04263689569431194e-194
1,332,0x0p+0,0x1.1c4cdfe2c949cp-643,0x1.1c4cdfe2c949cp-643,3.04263689569431194e-194
1,333,0x0p+0,0x1.1c4cdfe2c949cp-643,0x1.1c4cdfe2c949cp-643,3.04263689569431194e-194
1,334,0x0p+0,0x1.1c4cdfe2c949cp-643,0x1.1c4cdfe2c949cp-643,3.04263689569431194e-194
1,335,0x0p+0,0x1.1c4cdfe2c949cp-643,0x1.1c4cdfe2c949cp-643,3.04263689569431194e-194
1,336,0x0p+0,0x1.1c4cdfe2c949cp-643,0x1.1c4cdfe2c949cp-643,3.04263689569431194e-194
1,337,0x0p+0,0x1.1c4cdfe2c949cp-643,0x1.1c4cdfe2c949cp-643,3.04263689569431194e-194
1,338,0x0p+0,0x1.1c4cdfe2c949cp-643,0x1.1c4cdfe2c949cp-643,3.04263689569431194e-194
1,339,0x0p+0,0x1.1c4cdfe2c949cp-643,0x1.1c4cdfe2c949cp-643,3.04263689569431194e-194
1,340,0x0p+0,0x1.1c4cdfe2c949cp-643,0x1.1c4cdfe2c949cp-643,3.04263689569431194e-194
1,341,0x0p+0,0x1.1c4cdfe2c949cp-643,0x1.1c4cdfe2c949cp-643,3.04263689569431194e-194
1,342,0x0p+0,0x1.1c4cdfe2c949cp-643,0x1.1c4cdfe2c949cp-643,3.04263689569431194e-194
1,343,0x0p+0,0x1.1c4cdfe2c949cp-643,0x1.1c4cdfe2c949cp-643,3.04263689569431194e-194
1,344,0x0p+0,0x1.1c4cdfe2c949cp-643,0x1.1c4cdfe2c949cp-643,3.04263689569431194e-194
1,345,0x0p+0,0x1.1c4cdfe2c949cp-643,0x1.1c4cdfe2c949cp-643,3.04263689569431194e-194
1,346,0x0p+0,0x1.1c4cdfe2c949cp-643,0x1.1c4cdfe2c949cp-643,3.04263689569431194e-194
1,347,0x0p+0,0x1.1c4cdfe2c949cp-643,0x1.1c4cdfe2c949cp-643,3.04263689569431194e-194
1,348,0x0p+0,0x1.1c4cdfe2c949cp-643,0x1.1c4cdfe2c949cp-643,3.04263689569431194e-194
1,349,0x0p+0,0x1.1c4cdfe2c949cp-643,0x1.1c4cdfe2c949cp-643,3.04263689569431194e-194
1,350,0x0p+0,0x1.1c4cdfe2c949cp-643,0x1.1c4cdfe2c949cp-643,3.04263689569431194e-194
1,351,0x0p+0,0x1.1c4cdfe2c949cp-643,0x1.1c4cdfe2c949cp-643,3.04263689569431194e-194
1,352,0x0p+0,0x1.1c4cdfe2c949cp-643,0x1.1c4cdfe2c949cp-643,3.04263689569431194e-194
1,353,0x0p+0,0x1.1c4cdfe2c949cp-643,0x1.1c4cdfe2c949cp-643,3.04263689569431194e-194
1,354,0x0p+0,0x1.1c4cdfe2c949cp-643,0x1.1c4cdfe2c949cp-643,3.04263689569431194e-194
1,355,0x0p+0,0x1.1c4cdfe2c949cp-643,0x1.1c4cdfe2c949cp-643,3.04263689569431194e-194
1,356,0x0p+0,0x1.1c4cdfe2c949cp-643,0x1.1c4cdfe2c949cp-643,3.04263689569431194e-194
1,357,0x0p+0,0x1.1c4cdfe2c949cp-643,0x1.1c4cdfe2c949cp-643,3.04263689569431194e-194
1,358,0x0p+0,0x1.1c4cdfe2c949cp-643,0x1.1c4cdfe2c949cp-643,3.04263689569431194e-194
1,359,0x0p+0,0x1.1c4cdfe2c949cp-643,0x1.1c4cdfe2c949cp-643,3.04263689569431194e-194
1,360,0x0p+0,0x1.1c4cdfe2c949cp-643,0x1.1c4cdfe2c949cp-643,3.04263689569431194e-194
1,361,0x0p+0,0x1.1c4cdfe2c949cp-643,0x1.1c4cdfe2c949cp-643,3.04263689569431194e-194
1,362,0x0p+0,0x1.1c4cdfe2c949cp-643,0x1.1c4cdfe2c949cp-643,3.04263689569431194e-194
1,363,0x0p+0,0x1.1c4cdfe2c949cp-643,0x1.1c4cdfe2c949cp-643,3.04263689569431194e-194
1,364,0x0p+0,0x1.1c4cdfe2c949cp-643,0x1.1c4cdfe2c949cp-643,3.04263689569431194e-194
1,365,0x0p+0,0x1.1c4cdfe2c949cp-643,0x1.1c4cdfe2c949cp-643,3.04263689569431194e-194
1,366,0x0p+0,0x1.1c4cdfe2c949cp-643,0x1.1c4cdfe2c949cp-643,3.04263689569431194e-194
1,367,0x0p+0,0x1.1c4cdfe2c949cp-643,0x1.1c4cdfe2c949cp-643,3.04263689569431194e-194
1,368,0x0p+0,0x1.1c4cdfe2c949cp-643,0x1.1c4cdfe2c949cp-643,3.04263689569431194e-194
1,369,0x0p+0,0x1.1c4cdfe2c949cp-643,0x1.1c4cdfe2c949cp-643,3.04263689569431194e-194
1,370,0x0p+0,0x1.1c4cdfe2c949cp-643,0x1.1c4cdfe2c949cp-643,3.04263689569431194e-194
1,371,0x0p+0,0x1.1c4cdfe2c949cp-643,0x1.1c4cdfe2c949cp-643,3.04263689569431194e-194
1,372,0x0p+0,0x1.1c4cdfe2c949cp-643,0x1.1c4cdfe2c949cp-643,3.04263689569431194e-194
1,373,0x0p+0,0x1.1c4cdfe2c949cp-643,0x1.1c4cdfe2c949cp-643,3.04263689569431194e-194
1,374,0x0p+0,0x1.1c4cdfe2c949cp-643,0x1.1c4cdfe2c949cp-643,3.04263689569431194e-194
1,375,0x0p+0,0x1.1c4cdfe2c949cp-643,0x1.1c4cdfe2c949cp-643,3.04263689569431194e-194
1,376,0x0p+0,0x1.1c4cdfe2c949cp-643,0x1.1c4cdfe2c949cp-643,3.04263689569431194e-194
1,377,0x0p+0,0x1.1c4cdfe2c949cp-643,0x1.1c4cdfe2c949cp-643,3.04263689569431194e-194
1,378,0x0p+0,0x1.1c4cdfe2c949cp-643,0x1.1c4cdfe2c949cp-643,3.04263689569431194e-194
1,379,0x0p+0,0x1.1c4cdfe2c949cp-643,0x1.1c4cdfe2c949cp-643,3.04263689569431194e-194
1,380,0x0p+0,0x1.1c4cdfe2c949cp-643,0x1.1c4cdfe2c949cp-643,3.04263689569431194e-194
1,381,0x0p+0,0x1.1c4cdfe2c949cp-643,0x1.1c4cdfe2c949cp-643,3.04263689569431194e-194
1,382,0x0p+0,0x1.1c4cdfe2c949cp-643,0x1.1c4cdfe2c949cp-643,3.04263689569431194e-194
1,383,0x0p+0,0x1.1c4cdfe2c949cp-643,0x1.1c4cdfe2c949cp-643,3.04263689569431194e-194
1,384,0x0p+0,0x1.1c4cdfe2c949cp-643,0x1.1c4cdfe2c949cp-643,3.04263689569431194e-194
1,385,0x0p+0,0x1.1c4cdfe2c949cp-643,0x1.1c4cdfe2c949cp-643,3.04263689569431194e-194
1,386,0x0p+0,0x1.1c4cdfe2c949cp-643,0x1.1c4cdfe2c949cp-643,3.04263689569431194e-194
1,387,0x0p+0,0x1.1c4cdfe2c949cp-643,0x1.1c4cdfe2c949cp-643,3.04263689569431194e-194
1,388,0x0p+0,0x1.1c4cdfe2c949cp-643,0x1.1c4cdfe2c949cp-643,3.04263689569431194e-194
1,389,0x0p+0,0x1.1c4cdfe2c949cp-643,0x1.1c4cdfe2c949cp-643,3.04263689569431194e-194
1,390,0x0p+0,0x1.1c4cdfe2c949cp-643,0x1.1c4cdfe2c949cp-643,3.04263689569431194e-194
1,391,0x0p+0,0x1.1c4cdfe2c949cp-643,0x1.1c4cdfe2c949cp-643,3.04263689569431194e-194
1,392,0x0p+0,0x1.1c4cdfe2c949cp-643,0x1.1c4cdfe2c949cp-643,3.04263689569431194e-194
1,393,0x0p+0,0x1.1c4cdfe2c949cp-643,0x1.1c4cdfe2c949cp-643,3.04263689569431194e-194
1,394,0x0p+0,0x1.1c4cdfe2c949cp-643,0x1.1c4cdfe2c949cp-643,3.04263689569431194e-194
1,395,0x0p+0,0x1.1c4cdfe2c949cp-643,0x1.1c4cdfe2c949cp-643,3.04263689569431194e-194
1,396,0x0p+0,0x1.1c4cdfe2c949cp-643,0x1.1c4cdfe2c949cp-643,3.04263689569431194e-194
1,397,0x0p+0,0x1.1c4cdfe2c949cp-643,0x1.1c4cdfe2c949cp-643,3.04263689569431194e-194
1,398,0x0p+0,0x1.1c4cdfe2c949cp-643,0x1.1c4cdfe2c949cp-643,3.04263689569431194e-194
1,399,0x0p+0,0x1.1c4cdfe2c949cp-643,0x1.1c4cdfe2c949cp-643,3.04263689569431194e-194
1,400,0x0p+0,0x1.1c4cdfe2c949cp-643,0x1.1c4cdfe2c949cp-643,3.04263689569431194e-194
1,401,0x0p+0,0x1.1c4cdfe2c949cp-643,0x1.1c4cdfe2c949cp-643,3.04263689569431194e-194
1,402,0x0p+0,0x1.1c4cdfe2c949cp-643,0x1.1c4cdfe2c949cp-643,3.04263689569431194e-194
1,403,0x0p+0,0x1.1c4cdfe2c949cp-643,0x1.1c4cdfe2c949cp-643,3.04263689569431194e-194
1,404,0x0p+0,0x1.1c4cdfe2c949cp-643,0x1.1c4cdfe2c949cp-643,3.04263689569431194e-194
1,405,0x0p+0,0x1.1c4cdfe2c949cp-643,0x1.1c4cdfe2c949cp-643,3.04263689569431194e-194
1,406,0x0p+0,0x1.1c4cdfe2c949cp-643,0x1.1c4cdfe2c949cp-643,3.04263689569431194e-194
1,407,0x0p+0,0x1.1c4cdfe2c949cp-643,0x1.1c4cdfe2c949cp-643,3.04263689569431194e-194
1,408,0x0p+0,0x1.1c4cdfe2c949cp-643,0x1.1c4cdfe2c949cp-643,3.04263689569431194e-194
1,409,0x0p+0,0x1.1c4cdfe2c949cp-643,0x1.1c4cdfe2c949cp-643,3.04263689569431194e-194
1,410,0x0p+0,0x1.1c4cdfe2c949cp-643,0x1.1c4cdfe2c949cp-643,3.04263689569431194e-194
1,411,0x0p+0,0x1.1c4cdfe2c949cp-643,0x1.1c4cdfe2c949cp-643,3.04263689569431194e-194
1,412,0x0p+0,0x1.1c4cdfe2c949cp-643,0x1.1c4cdfe2c949cp-643,3.04263689569431194e-194
1,413,0x0p+0,0x1.1c4cdfe2c949cp-643,0x1.1c4cdfe2c949cp-643,3.04263689569431194e-194
1,414,0x0p+0,0x1.1c4cdfe2c949cp-643,0x1.1c4cdfe2c949cp-643,3.04263689569431194e-194
1,415,0x0p+0,0x1.1c4cdfe2c949cp-643,0x1.1c4cdfe2c949cp-643,3.04263689569431194e-194
1,416,0x0p+0,0x1.1c4cdfe2c949cp-643,0x1.1c4cdfe2c949cp-643,3.04263689569431194e-194
1,417,0x0p+0,0x1.1c4cdfe2c949cp-643,0x1.1c4cdfe2c949cp-643,3.04263689569431194e-194
1,418,0x0p+0,0x1.1c4cdfe2c949cp-643,0x1.1c4cdfe2c949cp-643,3.04263689569431194e-194
1,419,0x0p+0,0x1.1c4cdfe2c949cp-643,0x1.1c4cdfe2c949cp-643,3.04263689569431194e-194
1,420,0x0p+0,0x1.1c4cdfe2c949cp-643,0x1.1c4cdfe2c949cp-643,3.04263689569431194e-194
1,421,0x0p+0,0x1.1c4cdfe2c949cp-643,0x1.1c4cdfe2c949cp-643,3.04263689569431194e-194
1,422,0x0p+0,0x1.1c4cdfe2c949cp-643,0x1.1c4cdfe2c949cp-643,3.04263689569431194e-194
1,423,0x0p+0,0x1.1c4cdfe2c949cp-643,0x1.1c4cdfe2c949cp-643,3.04263689569431194e-194
1,424,0x0p+0,0x1.1c4cdfe2c949cp-643,0x1.1c4cdfe2c949cp-643,3.04263689569431194e-194
1,425,0x0p+0,0x1.1c4cdfe2c949cp-643,0x1.1c4cdfe2c949cp-643,3.04263689569431194e-194
1,426,0x0p+0,0x1.1c4cdfe2c949cp-643,0x1.1c4cdfe2c949cp-643,3.04263689569431194e-194
1,427,0x0p+0,0x1.1c4cdfe2c949cp-643,0x1.1c4cdfe2c949cp-643,3.04263689569431194e-194
1,428,0x0p+0,0x1.1c4cdfe2c949cp-643,0x1.1c4cdfe2c949cp-643,3.04263689569431194e-194
1,429,0x0p+0,0x1.1c4cdfe2c949cp-643,0x1.1c4cdfe2c949cp-643,3.04263689569431194e-194
1,430,0x0p+0,0x1.1c4cdfe2c949cp-643,0x1.1c4cdfe2c949cp-643,3.04263689569431194e-194
1,431,0x0p+0,0x1.1c4cdfe2c949cp-643,0x1.1c4cdfe2c949cp-643,3.04263689569431194e-194
1,432,0x0p+0,0x1.1c4cdfe2c949cp-643,0x1.1c4cdfe2c949cp-643,3.04263689569431194e-194
1,433,0x0p+0,0x1.1c4cdfe2c949cp-643,0x1.1c4cdfe2c949cp-643,3.04263689569431194e-194
1,434,0x0p+0,0x1.1c4cdfe2c949cp-643,0x1.1c4cdfe2c949cp-643,3.04263689569431194e-194
1,435,0x0p+0,0x1.1c4cdfe2c949cp-643,0x1.1c4cdfe2c949cp-643,3.04263689569431194e-194
1,436,0x0p+0,0x1.1c4cdfe2c949cp-643,0x1.1c4cdfe2c949cp-643,3.04263689569431194e-194
1,437,0x0p+0,0x1.1c4cdfe2c949cp-643,0x1.1c4cdfe2c949cp-643,3.04263689569431194e-194
1,438,0x0p+0,0x1.1c4cdfe2c949cp-643,0x1.1c4cdfe2c949cp-643,3.04263689569431194e-194
1,439,0x0p+0,0x1.1c4cdfe2c949cp-643,0x1.1c4cdfe2c949cp-643,3.04263689569431194e-194
1,440,0x0p+0,0x1.1c4cdfe2c949cp-643,0x1.1c4cdfe2c949cp-643,3.04263689569431194e-194
1,441,0x0p+0,0x1.1c4cdfe2c949cp-643,0x1.1c4cdfe2c949cp-643,3.04263689569431194e-194
1,442,0x0p+0,0x1.1c4cdfe2c949cp-643,0x1.1c4cdfe2c949cp-643,3.04263689569431194e-194
1,443,0x0p+0,0x1.1c4cdfe2c949cp-643,0x1.1c4cdfe2c949cp-643,3.04263689569431194e-194
1,444,0x0p+0,0x1.1c4cdfe2c949cp-643,0x1.1c4cdfe2c949cp-643,3.04263689569431194e-194
1,445,0x0p+0,0x1.1c4cdfe2c949cp-643,0x1.1c4cdfe2c949cp-643,3.04263689569431194e-194
1,446,0x0p+0,0x1.1c4cdfe2c949cp-643,0x1.1c4cdfe2c949cp-643,3.04263689569431194e-194
1,447,0x0p+0,0x1.1c4cdfe2c949cp-643,0x1.1c4cdfe2c949cp-643,3.04263689569431194e-194
1,448,0x0p+0,0x1.1c4cdfe2c949cp-643,0x1.1c4cdfe2c949cp-643,3.04263689569431194e-194
1,449,0x0p+0,0x1.1c4cdfe2c949cp-643,0x1.1c4cdfe2c949cp-643,3.04263689569431194e-194
1,450,0x0p+0,0x1.1c4cdfe2c949cp-643,0x1.1c4cdfe2c949cp-643,3.04263689569431194e-194
1,451,0x0p+0,0x1.1c4cdfe2c949cp-643,0x1.1c4cdfe2c949cp-643,3.04263689569431194e-194
1,452,0x0p+0,0x1.1c4cdfe2c949cp-643,0x1.1c4cdfe2c949cp-643,3.04263689569431194e-194
1,453,0x0p+0,0x1.1c4cdfe2c949cp-643,0x1.1c4cdfe2c949cp-643,3.04263689569431194e-194
1,454,0x0p+0,0x1.1c4cdfe2c949cp-643,0x1.1c4cdfe2c949cp-643,3.04263689569431194e-194
1,455,0x0p+0,0x1.1c4cdfe2c949cp-643,0x1.1c4cdfe2c949cp-643,3.04263689569431194e-194
1,456,0x0p+0,0x1.1c4cdfe2c949cp-643,0x1.1c4cdfe2c949cp-643,3.04263689569431194e-194
1,457,0x0p+0,0x1.1c4cdfe2c949cp-643,0x1.1c4cdfe2c949cp-643,3.04263689569431194e-194
1,458,0x0p+0,0x1.1c4cdfe2c949cp-643,0x1.1c4cdfe2c949cp-643,3.04263689569431194e-194
1,459,0x0p+0,0x1.1c4cdfe2c949cp-643,0x1.1c4cdfe2c949cp-643,3.04263689569431194e-194
1,460,0x0p+0,0x1.1c4cdfe2c949cp-643,0x1.1c4cdfe2c949cp-643,3.04263689569431194e-194
1,461,0x0p+0,0x1.1c4cdfe2c949cp-643,0x1.1c4cdfe2c949cp-643,3.04263689569431194e-194
1,462,0x0p+0,0x1.1c4cdfe2c949cp-643,0x1.1c4cdfe2c949cp-643,3.04263689569431194e-194
1,463,0x0p+0,0x1.1c4cdfe2c949cp-643,0x1.1c4cdfe2c949cp-643,3.04263689569431194e-194
1,464,0x0p+0,0x1.1c4cdfe2c949cp-643,0x1.1c4cdfe2c949cp-643,3.04263689569431194e-194
1,465,0x0p+0,0x1.1c4cdfe2c949cp-643,0x1.1c4cdfe2c949cp-643,3.04263689569431194e-194
1,466,0x0p+0,0x1.1c4cdfe2c949cp-643,0x1.1c4cdfe2c949cp-643,3.04263689569431194e-194
1,467,0x0p+0,0x1.1c4cdfe2c949cp-643,0x1.1c4cdfe2c949cp-643,3.04263689569431194e-194
1,468,0x0p+0,0x1.1c4cdfe2c949cp-643,0x1.1c4cdfe2c949cp-643,3.04263689569431194e-194
1,469,0x0p+0,0x1.1c4cdfe2c949cp-643,0x1.1c4cdfe2c949cp-643,3.04263689569431194e-194
1,470,0x0p+0,0x1.1c4cdfe2c949cp-643,0x1.1c4cdfe2c949cp-643,3.04263689569431194e-194
1,471,0x0p+0,0x1.1c4cdfe2c949cp-643,0x1.1c4cdfe2c949cp-643,3.04263689569431194e-194
1,472,0x0p+0,0x1.1c4cdfe2c949cp-643,0x1.1c4cdfe2c949cp-643,3.04263689569431194e-194
1,473,0x0p+0,0x1.1c4cdfe2c949cp-643,0x1.1c4cdfe2c949cp-643,3.04263689569431194e-194
1,474,0x0p+0,0x1.1c4cdfe2c949cp-643,0x1.1c4cdfe2c949cp-643,3.04263689569431194e-194
1,475,0x0p+0,0x1.1c4cdfe2c949cp-643,0x1.1c4cdfe2c949cp-643,3.04263689569431194e-194
1,476,0x0p+0,0x1.1c4cdfe2c949cp-643,0x1.1c4cdfe2c949cp-643,3.04263689569431194e-194
1,477,0x0p+0,0x1.1c4cdfe2c949cp-643,0x1.1c4cdfe2c949cp-643,3.04263689569431194e-194
1,478,0x0p+0,0x1.1c4cdfe2c949cp-643,0x1.1c4cdfe2c949cp-643,3.04263689569431194e-194
1,479,0x0p+0,0x1.1c4cdfe2c949cp-643,0x1.1c4cdfe2c949cp-643,3.04263689569431194e-194
1,480,0x0p+0,0x1.1c4cdfe2c949cp-643,0x1.1c4cdfe2c949cp-643,3.04263689569431194e-194
2,0,0x1.a180a3f99c08p-5,0x1.addcc8a3c6a83p-642,0x1.a180a3f99c081p-5,5.09646608960574524e-02
2,1,0x1.98528226c56bbp-7,0x1.addcc8a3c6a83p-642,0x1.98528226c56bcp-7,1.24610076432348713e-02
2,2,0x1.63fe84c0fefe6p-9,0x1.addcc8a3c6a83p-642,0x1.63fe84c0fefe7p-9,2.71602030306715729e-03
2,3,0x1.1ade32efee23bp-11,0x1.addcc8a3c6a83p-642,0x1.1ade32efee23cp-11,5.39527825814074390e-04
2,4,0x1.a267de81a7167p-14,0x1.addcc8a3c6a83p-642,0x1.a267de81a7168p-14,9.97557017634091931e-05
2,5,0x1.25b70afe15862p-16,0x1.addcc8a3c6a83p-642,0x1.25b70afe15863p-16,1.75067789246131113e-05
2,6,0x1.8e0b647c70adfp-19,0x1.addcc8a3c6a83p-642,0x1.8e0b647c70aep-19,2.96566264365700995e-06
2,7,0x1.07993452da605p-21,0x1.addcc8a3c6a83p-642,0x1.07993452da606p-21,4.90990382890136641e-07
2,8,0x1.579e25b3754b7p-24,0x1.addcc8a3c6a83p-642,0x1.579e25b3754b8p-24,8.00047448770461090e-08
2,9,0x1.b9d00bb8982bfp-27,0x1.addcc8a3c6a83p-642,0x1.b9d00bb8982cp-27,1.28584412988672441e-08
2,10,0x1.17e1b77a06241p-29,0x1.addcc8a3c6a83p-642,0x1.17e1b77a06242p-29,2.03640742897983684e-09
2,11,0x1.5cab998ede9c9p-32,0x1.addcc8a3c6a83p-642,0x1.5cab998ede9cap-32,3.17113801302563818e-10
2,12,0x1.aa47e4e47e095p-35,0x1.addcc8a3c6a83p-642,0x1.aa47e4e47e096p-35,4.84625202685845632e-11
2,13,0x1.fee2178e06b1ep-38,0x1.addcc8a3c6a83p-642,0x1.fee2178e06b1fp-38,7.26008653256211023e-12
2,14,0x1.2bfa9d227c6ffp-40,0x1.addcc8a3c6a83p-642,0x1.2bfa9d227c7p-40,1.06573935520306974e-12
2,15,0x1.59369984be5a2p-43,0x1.addcc8a3c6a83p-642,0x1.59369984be5a3p-43,1.53305492747994663e-13
2,16,0x1.855ec7315e2b8p-46,0x1.addcc8a3c6a83p-642,0x1.855ec7315e2b9p-46,2.16143895527030467e-14
2,17,0x1.ae7bb10ce3293p-49,0x1.addcc8a3c6a83p-642,0x1.ae7bb10ce3294p-49,2.98707704629454141e-15
2,18,0x1.d27776588fb5cp-52,0x1.addcc8a3c6a83p-642,0x1.d27776588fb5dp-52,4.04595323881001014e-16
2,19,0x1.ef3eda93c372bp-55,0x1.addcc8a3c6a83p-642,0x1.ef3eda93c372cp-55,5.36946271650434679e-17
2,20,0x1.0178843c5aeb6p-57,0x1.addcc8a3c6a83p-642,0x1.0178843c5aeb7p-57,6.97875914385762086e-18
2,21,0x1.060bc69c3e3dp-60,0x1.addcc8a3c6a83p-642,0x1.060bc69c3e3d1p-60,8.87846380423443082e-19
2,22,0x1.04ed943c5725ap-63,0x1.addcc8a3c6a83p-642,0x1.04ed943c5725bp-63,1.10507324704198761e-19
2,23,0x1.fc29011fe8c0fp-67,0x1.addcc8a3c6a83p-642,0x1.fc29011fe8c1p-67,1.34508877925419684e-20
2,24,0x1.e3becbb5a261ap-70,0x1.addcc8a3c6a83p-642,0x1.e3becbb5a261bp-70,1.60057892059789709e-21
2,25,0x1.c21a31f53c1b3p-73,0x1.addcc8a3c6a83p-642,0x1.c21a31f53c1b4p-73,1.86157958368891628e-22
2,26,0x1.994e5203e0669p-76,0x1.addcc8a3c6a83p-642,0x1.994e5203e066ap-76,2.11606210814820423e-23
2,27,0x1.6bc7829dfee4ap-79,0x1.addcc8a3c6a83p-642,0x1.6bc7829dfee4bp-79,2.35086886450398025e-24
2,28,0x1.3c08673fb4611p-82,0x1.addcc8a3c6a83p-642,0x1.3c08673fb4612p-82,2.55289283344287552e-25
2,29,0x1.0c6b6739292f8p-85,0x1.addcc8a3c6a83p-642,0x1.0c6b6739292f9p-85,2.71034475917828753e-26
2,30,0x1.bde28badc2511p-89,0x1.addcc8a3c6a83p-642,0x1.bde28badc2512p-89,2.81392960330392919e-27
2,31,0x1.6a43c9949e14fp-92,0x1.addcc8a3c6a83p-642,0x1.6a43c9949e15p-92,2.85776533817498862e-28
2,32,0x1.2000820ac0138p-95,0x1.addcc8a3c6a83p-642,0x1.2000820ac0139p-95,2.83991882534009776e-29
2,33,0x1.c03d9ac71c7b9p-99,0x1.addcc8a3c6a83p-642,0x1.c03d9ac71c7bap-99,2.76249624508846463e-30
2,34,0x1.558fce4188abcp-102,0x1.addcc8a3c6a83p-642,0x1.558fce4188abdp-102,2.63129593913898496e-31
2,35,0x1.fde746d74e265p-106,0x1.addcc8a3c6a83p-642,0x1.fde746d74e266p-106,2.45509568593076470e-32
2,36,0x1.74f6aeac00585p-109,0x1.addcc8a3c6a83p-642,0x1.74f6aeac00586p-109,2.24469303363499655e-33
2,37,0x1.0b6b5cbde90c3p-112,0x1.addcc8a3c6a83p-642,0x1.0b6b5cbde90c4p-112,2.01183984031437580e-34
2,38,0x1.780e7d7af5293p-116,0x1.addcc8a3c6a83p-642,0x1.780e7d7af5294p-116,1.76820964579621068e-35
2,39,0x1.0361e70180072p-119,0x1.addcc8a3c6a83p-642,0x1.0361e70180073p-119,1.52451291241871553e-36
2,40,0x1.5f209414a1384p-123,0x1.addcc8a3c6a83p-642,0x1.5f209414a1385p-123,1.28983784374284205e-37
2,41,0x1.d298973af47dfp-127,0x1.addcc8a3c6a83p-642,0x1.d298973af47ep-127,1.07125201135613172e-38
2,42,0x1.306d1a588ed5cp-130,0x1.addcc8a3c6a83p-642,0x1.306d1a588ed5dp-130,8.73660299465262085e-40
2,43,0x1.8632b763386b6p-134,0x1.addcc8a3c6a83p-642,0x1.8632b763386b7p-134,6.99883537161985631e-41
2,44,0x1.eb6befc540d2dp-138,0x1.addcc8a3c6a83p-642,0x1.eb6befc540d2ep-138,5.50902697401983294e-42
2,45,0x1.30269ba267ed3p-141,0x1.addcc8a3c6a83p-642,0x1.30269ba267ed4p-141,4.26206066188562151e-43
2,46,0x1.7225cbb163b15p-145,0x1.addcc8a3c6a83p-642,0x1.7225cbb163b16p-145,3.24179574128124732e-44
2,47,0x1.bb00185753ba2p-149,0x1.addcc8a3c6a83p-642,0x1.bb00185753ba3p-149,2.42490523500240102e-45
2,48,0x1.04c62793c0d03p-152,0x1.addcc8a3c6a83p-642,0x1.04c62793c0d04p-152,1.78428839721174039e-46
2,49,0x1.2e15f205d980fp-156,0x1.addcc8a3c6a83p-642,0x1.2e15f205d981p-156,1.29184650101259944e-47
2,50,0x1.586a576cccbd1p-160,0x1.addcc8a3c6a83p-642,0x1.586a576cccbd2p-160,9.20541317376594216e-49
2,51,0x1.82921cc930966p-164,0x1.addcc8a3c6a83p-642,0x1.82921cc930967p-164,6.45757914499360909e-50
2,52,0x1.ab3ded9431be1p-168,0x1.addcc8a3c6a83p-642,0x1.ab3ded9431be2p-168,4.46061363336485409e-51
2,53,0x1.d111eda6eea98p-172,0x1.addcc8a3c6a83p-642,0x1.d111eda6eea99p-172,3.03472356121945662e-52
2,54,0x1.f2b97fce2d7ep-176,0x1.addcc8a3c6a83p-642,0x1.f2b97fce2d7e1p-176,2.03395618904856239e-53
2,55,0x1.077dd2180c109p-179,0x1.addcc8a3c6a83p-642,0x1.077dd2180c10ap-179,1.34325170124223714e-54
2,56,0x1.12671890f6f05p-183,0x1.addcc8a3c6a83p-642,0x1.12671890f6f06p-183,8.74297502793612455e-56
2,57,0x1.19b31d2d848e3p-187,0x1.addcc8a3c6a83p-642,0x1.19b31d2d848e4p-187,5.60966820045098492e-57
2,58,0x1.1d221e042ef87p-191,0x1.addcc8a3c6a83p-642,0x1.1d221e042ef88p-191,3.54877739725815753e-58
2,59,0x1.1c9d847082089p-195,0x1.addcc8a3c6a83p-642,0x1.1c9d84708208ap-195,2.21395671672735032e-59
2,60,0x1.18387f35dff08p-199,0x1.addcc8a3c6a83p-642,0x1.18387f35dff09p-199,1.36235753261519506e-60
2,61,0x1.102dc8321bdffp-203,0x1.addcc8a3c6a83p-642,0x1.102dc8321bep-203,8.27037624367408533e-62
2,62,0x1.04dae120f1907p-207,0x1.addcc8a3c6a83p-642,0x1.04dae120f1908p-207,4.95393260479230634e-63
2,63,0x1.ed7294e136cc4p-212,0x1.addcc8a3c6a83p-642,0x1.ed7294e136cc5p-212,2.92847810311628814e-64
2,64,0x1.ccacbad1a9e55p-216,0x1.addcc8a3c6a83p-642,0x1.ccacbad1a9e56p-216,1.70873752577931737e-65
2,65,0x1.a89509b5e8e2bp-220,0x1.addcc8a3c6a83p-642,0x1.a89509b5e8e2cp-220,9.84289269614676131e-67
2,66,0x1.82611a0797f49p-224,0x1.addcc8a3c6a83p-642,0x1.82611a0797f4ap-224,5.59828315931664712e-68
2,67,0x1.5b3b5d2649b55p-228,0x1.addcc8a3c6a83p-642,0x1.5b3b5d2649b56p-228,3.14442056267568775e-69
2,68,0x1.3435ac8b1b0dp-232,0x1.addcc8a3c6a83p-642,0x1.3435ac8b1b0d1p-232,1.74440487916095572e-70
2,69,0x1.0e3eff3cdd5d4p-236,0x1.addcc8a3c6a83p-642,0x1.0e3eff3cdd5d5p-236,9.55961637492260246e-72
2,70,0x1.d4392f6739bbcp-241,0x1.addcc8a3c6a83p-642,0x1.d4392f6739bbdp-241,5.17587971502882422e-73
2,71,0x1.90cd4d67428fbp-245,0x1.addcc8a3c6a83p-642,0x1.90cd4d67428fcp-245,2.76911464312619213e-74
2,72,0x1.53102f0682111p-249,0x1.addcc8a3c6a83p-642,0x1.53102f0682112p-249,1.46410354880153513e-75
2,73,0x1.1b82091b0ea81p-253,0x1.addcc8a3c6a83p-642,0x1.1b82091b0ea82p-253,7.65132017300392839e-77
2,74,0x1.d4accd0b6c0a3p-258,0x1.addcc8a3c6a83p-642,0x1.d4accd0b6c0a4p-258,3.95269172831439466e-78
2,75,0x1.7effa926f1d16p-262,0x1.addcc8a3c6a83p-642,0x1.7effa926f1d17p-262,2.01882392090323925e-79
2,76,0x1.3579ec5244484p-266,0x1.addcc8a3c6a83p-642,0x1.3579ec5244485p-266,1.01955000472984581e-80
2,77,0x1.ee975c5fe95b5p-271,0x1.addcc8a3c6a83p-642,0x1.ee975c5fe95b6p-271,5.09187391896424571e-82
2,78,0x1.86e2473996598p-275,0x1.addcc8a3c6a83p-642,0x1.86e2473996599p-275,2.51512172809500156e-83
2,79,0x1.31926a986cc61p-279,0x1.addcc8a3c6a83p-642,0x1.31926a986cc62p-279,1.22886652641778431e-84
2,80,0x1.d8a229b37543dp-284,0x1.addcc8a3c6a83p-642,0x1.d8a229b37543ep-284,5.93971654404866847e-86
2,81,0x1.69a2986dc926bp-288,0x1.addcc8a3c6a83p-642,0x1.69a2986dc926cp-288,2.84048111142674601e-87
2,82,0x1.11cc5fa639d2ap-292,0x1.addcc8a3c6a83p-642,0x1.11cc5fa639d2bp-292,1.34410161466798074e-88
2,83,0x1.9a48463daf5bcp-297,0x1.addcc8a3c6a83p-642,0x1.9a48463daf5bdp-297,6.29410707761257484e-90
2,84,0x1.303cee1e13a5p-301,0x1.addcc8a3c6a83p-642,0x1.303cee1e13a51p-301,2.91705628682733123e-91
2,85,0x1.be9c37e0a7a7fp-306,0x1.addcc8a3c6a83p-642,0x1.be9c37e0a7a8p-306,1.33816610715545161e-92
2,86,0x1.447fbdc9bd978p-310,0x1.addcc8a3c6a83p-642,0x1.447fbdc9bd979p-310,6.07679698853424284e-94
2,87,0x1.d2d80146be163p-315,0x1.addcc8a3c6a83p-642,0x1.d2d80146be164p-315,2.73201429611028219e-95
2,88,0x1.4c7efe0c8e2e7p-319,0x1.addcc8a3c6a83p-642,0x1.4c7efe0c8e2e8p-319,1.21612418809925839e-96
2,89,0x1.d4fc967e66a5p-324,0x1.addcc8a3c6a83p-642,0x1.d4fc967e66a51p-324,5.36045852035287003e-98
2,90,0x1.478c4f4b04ea3p-328,0x1.addcc8a3c6a83p-642,0x1.478c4f4b04ea4p-328,2.33989581935905058e-99
2,91,0x1.c5237115d3a9fp-333,0x1.addcc8a3c6a83p-642,0x1.c5237115d3aap-333,1.01158501627631161e-100
2,92,0x1.36762fc6b8a61p-337,0x1.addcc8a3c6a83p-642,0x1.36762fc6b8a62p-337,4.33171106317010672e-102
2,93,0x1.a5691df554ab4p-342,0x1.addcc8a3c6a83p-642,0x1.a5691df554ab5p-342,1.83741385514556874e-103
2,94,0x1.1b56071a843c9p-346,0x1.addcc8a3c6a83p-642,0x1.1b56071a843cap-346,7.72117442966389003e-105
2,95,0x1.797b11d3acdp-351,0x1.addcc8a3c6a83p-642,0x1.797b11d3acd01p-351,3.21459566911827163e-106
2,96,0x1.f24cf6036ac3dp-356,0x1.addcc8a3c6a83p-642,0x1.f24cf6036ac3ep-356,1.32609004122581494e-107
2,97,0x1.45e90b2d79fa7p-360,0x1.addcc8a3c6a83p-642,0x1.45e90b2d79fa8p-360,5.42075423042722090e-109
2,98,0x1.a67bfaf94d224p-365,0x1.addcc8a3c6a83p-642,0x1.a67bfaf94d225p-365,2.19594870022497375e-110
2,99,0x1.0f65724ff99bdp-369,0x1.addcc8a3c6a83p-642,0x1.0f65724ff99bep-369,8.81648591527552595e-112
2,100,0x1.599959bcf628ep-374,0x1.addcc8a3c6a83p-642,0x1.599959bcf628fp-374,3.50844090346686705e-113
2,101,0x1.b43c1c5b09bc1p-379,0x1.addcc8a3c6a83p-642,0x1.b43c1c5b09bc2p-379,1.38392321160635823e-114
2,102,0x1.10edf7c4309dp-383,0x1.addcc8a3c6a83p-642,0x1.10edf7c4309d1p-383,5.41155745075563861e-116
2,103,0x1.52936b5c9ffa8p-388,0x1.addcc8a3c6a83p-642,0x1.52936b5c9ffa9p-388,2.09786580197044621e-117
2,104,0x1.a06d438bae137p-393,0x1.addcc8a3c6a83p-642,0x1.a06d438bae138p-393,8.06325552473175013e-119
2,105,0x1.fbd80bc6efd7ap-398,0x1.addcc8a3c6a83p-642,0x1.fbd80bc6efd7bp-398,3.07292546277805200e-120
2,106,0x1.3310e87ee33p-402,0x1.addcc8a3c6a83p-642,0x1.3310e87ee3301p-402,1.16127098952031132e-121
2,107,0x1.703e0f875cc63p-407,0x1.addcc8a3c6a83p-642,0x1.703e0f875cc64p-407,4.35196727181954234e-123
2,108,0x1.b5f64223b81ebp-412,0x1.addcc8a3c6a83p-642,0x1.b5f64223b81ecp-412,1.61747731574760955e-124
2,109,0x1.024f067302be8p-416,0x1.addcc8a3c6a83p-642,0x1.024f067302be9p-416,5.96239657870539482e-126
2,110,0x1.2e39ace6e5464p-421,0x1.addcc8a3c6a83p-642,0x1.2e39ace6e5465p-421,2.18003100163722717e-127
2,111,0x1.5ec29e817b104p-426,0x1.addcc8a3c6a83p-642,0x1.5ec29e817b105p-426,7.90664480901922151e-129
2,112,0x1.93d63175eefc4p-431,0x1.addcc8a3c6a83p-642,0x1.93d63175eefc5p-431,2.84470790424554234e-130
2,113,0x1.cd42495fc93a9p-436,0x1.addcc8a3c6a83p-642,0x1.cd42495fc93aap-436,1.01537558015590833e-131
2,114,0x1.0559ee34f2849p-440,0x1.addcc8a3c6a83p-642,0x1.0559ee34f284ap-440,3.59572601543739299e-133
2,115,0x1.25dab93553faep-445,0x1.addcc8a3c6a83p-642,0x1.25dab93553fafp-445,1.26340952062369361e-134
2,116,0x1.47d766612567fp-450,0x1.addcc8a3c6a83p-642,0x1.47d766612568p-450,4.40479589602865808e-136
2,117,0x1.6af2ed6a71218p-455,0x1.addcc8a3c6a83p-642,0x1.6af2ed6a71219p-455,1.52390373743465244e-137
2,118,0x1.8ec08861173cap-460,0x1.addcc8a3c6a83p-642,0x1.8ec08861173cbp-460,5.23196694858231013e-139
2,119,0x1.b2c59296afbafp-465,0x1.addcc8a3c6a83p-642,0x1.b2c59296afbbp-465,1.78267997594691685e-140
2,120,0x1.d67c1435a6648p-470,0x1.addcc8a3c6a83p-642,0x1.d67c1435a6649p-470,6.02847635919869303e-142
2,121,0x1.f955ea31f1df1p-475,0x1.addcc8a3c6a83p-642,0x1.f955ea31f1df2p-475,2.02344774346268149e-143
2,122,0x1.0d603885bee09p-479,0x1.addcc8a3c6a83p-642,0x1.0d603885bee0ap-479,6.74141075612046574e-145
2,123,0x1.1d1448518c899p-484,0x1.addcc8a3c6a83p-642,0x1.1d1448518c89ap-484,2.22950118810428645e-146
2,124,0x1.2b7f805c8192ap-489,0x1.addcc8a3c6a83p-642,0x1.2b7f805c8192bp-489,7.31957992831873751e-148
2,125,0x1.385e4c8822307p-494,0x1.addcc8a3c6a83p-642,0x1.385e4c8822308p-494,2.38566361839509205e-149
2,126,0x1.43733f016f7cdp-499,0x1.addcc8a3c6a83p-642,0x1.43733f016f7cep-499,7.71968528974971724e-151
2,127,0x1.4c88fd62f59c7p-504,0x1.addcc8a3c6a83p-642,0x1.4c88fd62f59c8p-504,2.48016020299223908e-152
2,128,0x1.5373eedc4c8dp-509,0x1.addcc8a3c6a83p-642,0x1.5373eedc4c8d1p-509,7.91173474362671814e-154
2,129,0x1.5813985a5dbe4p-514,0x1.addcc8a3c6a83p-642,0x1.5813985a5dbe5p-514,2.50609384651284437e-155
2,130,0x1.5a53978e6e476p-519,0x1.addcc8a3c6a83p-642,0x1.5a53978e6e477p-519,7.88275535526889273e-157
2,131,0x1.5a2c326b397f7p-524,0x1.addcc8a3c6a83p-642,0x1.5a2c326b397f8p-524,2.46226647685788115e-158
2,132,0x1.57a275f2c1d7bp-529,0x1.addcc8a3c6a83p-642,0x1.57a275f2c1d7cp-529,7.63816840999658042e-160
2,133,0x1.52c7e4a7f7e3p-534,0x1.addcc8a3c6a83p-642,0x1.52c7e4a7f7e31p-534,2.35321268808616533e-161
2,134,0x1.4bb9ba4e2aba5p-539,0x1.addcc8a3c6a83p-642,0x1.4bb9ba4e2aba6p-539,7.20064214284257594e-163
2,135,0x1.429fcf834135p-544,0x1.addcc8a3c6a83p-642,0x1.429fcf8341351p-544,2.18846404122435127e-164
2,136,0x1.37ab2be96d82dp-549,0x1.addcc8a3c6a83p-642,0x1.37ab2be96d82ep-549,6.60671418965804476e-166
2,137,0x1.2b1458c92f8dp-554,0x1.addcc8a3c6a83p-642,0x1.2b1458c92f8d1p-554,1.98120334875343221e-167
2,138,0x1.1d19882f97679p-559,0x1.addcc8a3c6a83p-642,0x1.1d19882f9767ap-559,5.90186499851892933e-169
2,139,0x1.0dfca57dce86ep-564,0x1.addcc8a3c6a83p-642,0x1.0dfca57dce86fp-564,1.74656668870993411e-170
2,140,0x1.fc02c852e66b7p-570,0x1.addcc8a3c6a83p-642,0x1.fc02c852e66b8p-570,5.13494162235333663e-172
2,141,0x1.dad6c04f3efe1p-575,0x1.addcc8a3c6a83p-642,0x1.dad6c04f3efe2p-575,1.49988786849867718e-173
2,142,0x1.b8f8c299b3c5ep-580,0x1.addcc8a3c6a83p-642,0x1.b8f8c299b3c5fp-580,4.35284585041826272e-175
2,143,0x1.96e5a009fd3acp-585,0x1.addcc8a3c6a83p-642,0x1.96e5a009fd3adp-585,1.25515404657842137e-176
2,144,0x1.7510ccc2819b9p-590,0x1.addcc8a3c6a83p-642,0x1.7510ccc2819bcp-590,3.59623303678363492e-178
2,145,0x1.53e249a8ae6dbp-595,0x1.addcc8a3c6a83p-642,0x1.53e249a8ae712p-595,1.02386631283761635e-179
2,146,0x1.33b51c917dbedp-600,0x1.addcc8a3c6a83p-642,0x1.33b51c917e2a5p-600,2.89668100691015564e-181
2,147,0x1.14d6578057c89p-605,0x1.addcc8a3c6a83p-642,0x1.14d6578065378p-605,8.14398978030487611e-183
2,148,0x1.ef09522a89312p-611,0x1.addcc8a3c6a83p-642,0x1.ef09522de4eacp-611,2.27546325474771136e-184
2,149,0x1.b7e0d605c9c31p-616,0x1.addcc8a3c6a83p-642,0x1.b7e0d67140f55p-616,6.31851784131749121e-186
2,150,0x1.84783e9396841p-621,0x1.addcc8a3c6a83p-642,0x1.84784c027cc94p-621,1.74377365533423342e-187
2,151,0x1.54fa9435a0b3dp-626,0x1.addcc8a3c6a83p-642,0x1.54fc42126957ap-626,4.78319968463124639e-189
2,152,0x1.297b29482b1b8p-631,0x1.addcc8a3c6a83p-642,0x1.29b0e4e13f946p-631,1.30496380064625174e-190
2,153,0x1.01f8493196e64p-636,0x1.addcc8a3c6a83p-642,0x1.08afbc542600fp-636,3.62588921151713580e-192
2,154,0x1.bcbc535e28e88p-642,0x1.addcc8a3c6a83p-642,0x1.b54c8e00f7c87p-641,1.87202368777780035e-193
2,155,0x1.7d13f4020d30ap-647,0x1.addcc8a3c6a83p-642,0x1.b9c56843d711cp-642,9.45584058375642161e-194
2,156,0x1.4499df8151437p-652,0x1.addcc8a3c6a83p-642,0x1.ae2def1ba6fc9p-642,9.20772749877444837e-194
2,157,0x1.12de6c60fb597p-657,0x1.addcc8a3c6a83p-642,0x1.addeee609f6a3p-642,9.20112199974889273e-194
2,158,0x1.cecaa96aa5f57p-663,0x1.addcc8a3c6a83p-642,0x1.addcd71a1bf39p-642,9.20094717608904111e-194
2,159,0x1.83554fb8187c7p-668,0x1.addcc8a3c6a83p-642,0x1.addcc9049bfc3p-642,9.20094257618887031e-194
2,160,0x1.424e40d47f1bp-673,0x1.addcc8a3c6a83p-642,0x1.addcc8a64b44cp-642,9.20094245586132185e-194
2,161,0x1.0aa7a5e9bd8c9p-678,0x1.addcc8a3c6a83p-642,0x1.addcc8a3d752cp-642,9.20094245273189517e-194
2,162,0x1.b6b4cc3086a01p-684,0x1.addcc8a3c6a83p-642,0x1.addcc8a3c715fp-642,9.20094245265097376e-194
2,163,0x1.66d5cbf76251ep-689,0x1.addcc8a3c6a83p-642,0x1.addcc8a3c6ab1p-642,9.20094245264889321e-194
2,164,0x1.23d9227e0180bp-694,0x1.addcc8a3c6a83p-642,0x1.addcc8a3c6a85p-642,9.20094245264883967e-194
2,165,0x1.d8112c1100cf5p-700,0x1.addcc8a3c6a83p-642,0x1.addcc8a3c6a84p-642,9.20094245264883846e-194
2,166,0x1.7ba79cfe15063p-705,0x1.addcc8a3c6a83p-642,0x1.addcc8a3c6a84p-642,9.20094245264883846e-194
2,167,0x1.2fa347a6c2fbp-710,0x1.addcc8a3c6a83p-642,0x1.addcc8a3c6a84p-642,9.20094245264883846e-194
2,168,0x1.e3004c127bacp-716,0x1.addcc8a3c6a83p-642,0x1.addcc8a3c6a84p-642,9.20094245264883846e-194
2,169,0x1.7e0c8934d8e4fp-721,0x1.addcc8a3c6a83p-642,0x1.addcc8a3c6a84p-642,9.20094245264883846e-194
2,170,0x1.2c8bdfee0b924p-726,0x1.addcc8a3c6a83p-642,0x1.addcc8a3c6a84p-642,9.20094245264883846e-194
2,171,0x1.d64b049d5a12ap-732,0x1.addcc8a3c6a83p-642,0x1.addcc8a3c6a84p-642,9.20094245264883846e-194
2,172,0x1.6df7c7015da6ap-737,0x1.addcc8a3c6a83p-642,0x1.addcc8a3c6a84p-642,9.20094245264883846e-194
2,173,0x1.1b414137addf3p-742,0x1.addcc8a3c6a83p-642,0x1.addcc8a3c6a84p-642,9.20094245264883846e-194
2,174,0x1.b420e56b506a4p-748,0x1.addcc8a3c6a83p-642,0x1.addcc8a3c6a84p-642,9.20094245264883846e-194
2,175,0x1.4df820e23edcbp-753,0x1.addcc8a3c6a83p-642,0x1.addcc8a3c6a84p-642,9.20094245264883846e-194
2,176,0x1.fcc66489efb7p-759,0x1.addcc8a3c6a83p-642,0x1.addcc8a3c6a84p-642,9.20094245264883846e-194
2,177,0x1.817ffff46bd77p-764,0x1.addcc8a3c6a83p-642,0x1.addcc8a3c6a84p-642,9.20094245264883846e-194
2,178,0x1.2290d4ede6321p-769,0x1.addcc8a3c6a83p-642,0x1.addcc8a3c6a84p-642,9.20094245264883846e-194
2,179,0x1.b3bd84c79f707p-775,0x1.addcc8a3c6a83p-642,0x1.addcc8a3c6a84p-642,9.20094245264883846e-194
2,180,0x1.4508302ebabf2p-780,0x1.addcc8a3c6a83p-642,0x1.addcc8a3c6a84p-642,9.20094245264883846e-194
2,181,0x1.e2677e9676315p-786,0x1.addcc8a3c6a83p-642,0x1.addcc8a3c6a84p-642,9.20094245264883846e-194
2,182,0x1.6426b4e8378d1p-791,0x1.addcc8a3c6a83p-642,0x1.addcc8a3c6a84p-642,9.20094245264883846e-194
2,183,0x1.059987a46be18p-796,0x1.addcc8a3c6a83p-642,0x1.addcc8a3c6a84p-642,9.20094245264883846e-194
2,184,0x1.7e5997845911cp-802,0x1.addcc8a3c6a83p-642,0x1.addcc8a3c6a84p-642,9.20094245264883846e-194
2,185,0x1.1601fc5be01fdp-807,0x1.addcc8a3c6a83p-642,0x1.addcc8a3c6a84p-642,9.20094245264883846e-194
2,186,0x1.923ff6fa5fb94p-813,0x1.addcc8a3c6a83p-642,0x1.addcc8a3c6a84p-642,9.20094245264883846e-194
2,187,0x1.218db9a4ae055p-818,0x1.addcc8a3c6a83p-642,0x1.addcc8a3c6a84p-642,9.20094245264883846e-194
2,188,0x1.9ec9edbcd644p-824,0x1.addcc8a3c6a83p-642,0x1.addcc8a3c6a84p-642,9.20094245264883846e-194
2,189,0x1.279feb2be0664p-829,0x1.addcc8a3c6a83p-642,0x1.addcc8a3c6a84p-642,9.20094245264883846e-194
2,190,0x1.a350b511d33d9p-835,0x1.addcc8a3c6a83p-642,0x1.addcc8a3c6a84p-642,9.20094245264883846e-194
2,191,0x1.27ec122703945p-840,0x1.addcc8a3c6a83p-642,0x1.addcc8a3c6a84p-642,9.20094245264883846e-194
2,192,0x1.9fa4dd8e5f658p-846,0x1.addcc8a3c6a83p-642,0x1.addcc8a3c6a84p-642,9.20094245264883846e-194
2,193,0x1.227c0fb48e685p-851,0x1.addcc8a3c6a83p-642,0x1.addcc8a3c6a84p-642,9.20094245264883846e-194
2,194,0x1.9410f2d9bc2a9p-857,0x1.addcc8a3c6a83p-642,0x1.addcc8a3c6a84p-642,9.20094245264883846e-194
2,195,0x1.17add1fb74ec2p-862,0x1.addcc8a3c6a83p-642,0x1.addcc8a3c6a84p-642,9.20094245264883846e-194
2,196,0x1.815072a0fdefp-868,0x1.addcc8a3c6a83p-642,0x1.addcc8a3c6a84p-642,9.20094245264883846e-194
2,197,0x1.0829223630f0fp-873,0x1.addcc8a3c6a83p-642,0x1.addcc8a3c6a84p-642,9.20094245264883846e-194
2,198,0x1.687c8923e1616p-879,0x1.addcc8a3c6a83p-642,0x1.addcc8a3c6a84p-642,9.20094245264883846e-194
2,199,0x1.e99e287429da8p-885,0x1.addcc8a3c6a83p-642,0x1.addcc8a3c6a84p-642,9.20094245264883846e-194
2,200,0x1.4af14742b4e3fp-890,0x1.addcc8a3c6a83p-642,0x1.addcc8a3c6a84p-642,9.20094245264883846e-194
2,201,0x1.bd4aa731da8a4p-896,0x1.addcc8a3c6a83p-642,0x1.addcc8a3c6a84p-642,9.20094245264883846e-194
2,202,0x1.2a2ecdac193a5p-901,0x1.addcc8a3c6a83p-642,0x1.addcc8a3c6a84p-642,9.20094245264883846e-194
2,203,0x1.8d7fca79081adp-907,0x1.addcc8a3c6a83p-642,0x1.addcc8a3c6a84p-642,9.20094245264883846e-194
2,204,0x1.07ba1f7fddf9dp-912,0x1.addcc8a3c6a83p-642,0x1.addcc8a3c6a84p-642,9.20094245264883846e-194
2,205,0x1.5c57cfb84c694p-918,0x1.addcc8a3c6a83p-642,0x1.addcc8a3c6a84p-642,9.20094245264883846e-194
2,206,0x1.ca01f2621f0aap-924,0x1.addcc8a3c6a83p-642,0x1.addcc8a3c6a84p-642,9.20094245264883846e-194
2,207,0x1.2bbaecd1a345bp-929,0x1.addcc8a3c6a83p-642,0x1.addcc8a3c6a84p-642,9.20094245264883846e-194
2,208,0x1.86868734162f5p-935,0x1.addcc8a3c6a83p-642,0x1.addcc8a3c6a84p-642,9.20094245264883846e-194
2,209,0x1.fa88a1e6f3fd2p-941,0x1.addcc8a3c6a83p-642,0x1.addcc8a3c6a84p-642,9.20094245264883846e-194
2,210,0x1.470767b592e7ap-946,0x1.addcc8a3c6a83p-642,0x1.addcc8a3c6a84p-642,9.20094245264883846e-194
2,211,0x1.a463a16d39dcap-952,0x1.addcc8a3c6a83p-642,0x1.addcc8a3c6a84p-642,9.20094245264883846e-194
2,212,0x1.0d002189e81fcp-957,0x1.addcc8a3c6a83p-642,0x1.addcc8a3c6a84p-642,9.20094245264883846e-194
2,213,0x1.56bc5c7bc567dp-963,0x1.addcc8a3c6a83p-642,0x1.addcc8a3c6a84p-642,9.20094245264883846e-194
2,214,0x1.b2c26de165d03p-969,0x1.addcc8a3c6a83p-642,0x1.addcc8a3c6a84p-642,9.20094245264883846e-194
2,215,0x1.128963fa10f74p-974,0x1.addcc8a3c6a83p-642,0x1.addcc8a3c6a84p-642,9.20094245264883846e-194
2,216,0x1.59356cc788646p-980,0x1.addcc8a3c6a83p-642,0x1.addcc8a3c6a84p-642,9.20094245264883846e-194
2,217,0x1.b02fc9bbc600fp-986,0x1.addcc8a3c6a83p-642,0x1.addcc8a3c6a84p-642,9.20094245264883846e-194
2,218,0x1.0d5e736dc62p-991,0x1.addcc8a3c6a83p-642,0x1.addcc8a3c6a84p-642,9.20094245264883846e-194
2,219,0x1.4e55113733d11p-997,0x1.addcc8a3c6a83p-642,0x1.addcc8a3c6a84p-642,9.20094245264883846e-194
2,220,0x1.9d2eb26dc6743p-1003,0x1.addcc8a3c6a83p-642,0x1.addcc8a3c6a84p-642,9.20094245264883846e-194
2,221,0x1.fc728762449b8p-1009,0x1.addcc8a3c6a83p-642,0x1.addcc8a3c6a84p-642,9.20094245264883846e-194
2,222,0x1.3781fa2d5bfb1p-1014,0x1.addcc8a3c6a83p-642,0x1.addcc8a3c6a84p-642,9.20094245264883846e-194
2,223,0x1.7c152b4504f4dp-1020,0x1.addcc8a3c6a83p-642,0x1.addcc8a3c6a84p-642,9.20094245264883846e-194
2,224,0x0.1cdcc2c7f185bp-1022,0x1.addcc8a3c6a83p-642,0x1.addcc8a3c6a84p-642,9.20094245264883846e-194
2,225,0x0.008bae5341763p-1022,0x1.addcc8a3c6a83p-642,0x1.addcc8a3c6a84p-642,9.20094245264883846e-194
2,226,0x0.0002a12b8fa11p-1022,0x1.addcc8a3c6a83p-642,0x1.addcc8a3c6a84p-642,9.20094245264883846e-194
2,227,0x0.00000c9facd41p-1022,0x1.addcc8a3c6a83p-642,0x1.addcc8a3c6a84p-642,9.20094245264883846e-194
2,228,0x0.0000003d48a37p-1022,0x1.addcc8a3c6a83p-642,0x1.addcc8a3c6a84p-642,9.20094245264883846e-194
2,229,0x0.000000021217bp-1022,0x1.addcc8a3c6a83p-642,0x1.addcc8a3c6a84p-642,9.20094245264883846e-194
2,230,0x0.00000000f34eap-1022,0x1.addcc8a3c6a83p-642,0x1.addcc8a3c6a84p-642,9.20094245264883846e-194
2,231,0x0.00000000e921cp-1022,0x1.addcc8a3c6a83p-642,0x1.addcc8a3c6a84p-642,9.20094245264883846e-194
2,232,0x0.00000000e4259p-1022,0x1.addcc8a3c6a83p-642,0x1.addcc8a3c6a84p-642,9.20094245264883846e-194
2,233,0x0.00000000df53p-1022,0x1.addcc8a3c6a83p-642,0x1.addcc8a3c6a84p-642,9.20094245264883846e-194
2,234,0x0.00000000da91fp-1022,0x1.addcc8a3c6a83p-642,0x1.addcc8a3c6a84p-642,9.20094245264883846e-194
2,235,0x0.00000000d5e24p-1022,0x1.addcc8a3c6a83p-642,0x1.addcc8a3c6a84p-642,9.20094245264883846e-194
2,236,0x0.00000000d143dp-1022,0x1.addcc8a3c6a83p-642,0x1.addcc8a3c6a84p-642,9.20094245264883846e-194
2,237,0x0.00000000ccb69p-1022,0x1.addcc8a3c6a83p-642,0x1.addcc8a3c6a84p-642,9.20094245264883846e-194
2,238,0x0.00000000c83a6p-1022,0x1.addcc8a3c6a83p-642,0x1.addcc8a3c6a84p-642,9.20094245264883846e-194
2,239,0x0.00000000c3cf2p-1022,0x1.addcc8a3c6a83p-642,0x1.addcc8a3c6a84p-642,9.20094245264883846e-194
2,240,0x0.00000000bf74bp-1022,0x1.addcc8a3c6a83p-642,0x1.addcc8a3c6a84p-642,9.20094245264883846e-194
2,241,0x0.00000000bb2afp-1022,0x1.addcc8a3c6a83p-642,0x1.addcc8a3c6a84p-642,9.20094245264883846e-194
2,242,0x0.00000000b6f1cp-1022,0x1.addcc8a3c6a83p-642,0x1.addcc8a3c6a84p-642,9.20094245264883846e-194
2,243,0x0.00000000b2c9p-1022,0x1.addcc8a3c6a83p-642,0x1.addcc8a3c6a84p-642,9.20094245264883846e-194
2,244,0x0.00000000aeb09p-1022,0x1.addcc8a3c6a83p-642,0x1.addcc8a3c6a84p-642,9.20094245264883846e-194
2,245,0x0.00000000aaa85p-1022,0x1.addcc8a3c6a83p-642,0x1.addcc8a3c6a84p-642,9.20094245264883846e-194
2,246,0x0.00000000a6b02p-1022,0x1.addcc8a3c6a83p-642,0x1.addcc8a3c6a84p-642,9.20094245264883846e-194
2,247,0x0.00000000a2c7ep-1022,0x1.addcc8a3c6a83p-642,0x1.addcc8a3c6a84p-642,9.20094245264883846e-194
2,248,0x0.000000009eef7p-1022,0x1.addcc8a3c6a83p-642,0x1.addcc8a3c6a84p-642,9.20094245264883846e-194
2,249,0x0.000000009b26bp-1022,0x1.addcc8a3c6a83p-642,0x1.addcc8a3c6a84p-642,9.20094245264883846e-194
2,250,0x0.00000000976d7p-1022,0x1.addcc8a3c6a83p-642,0x1.addcc8a3c6a84p-642,9.20094245264883846e-194
2,251,0x0.0000000093c39p-1022,0x1.addcc8a3c6a83p-642,0x1.addcc8a3c6a84p-642,9.20094245264883846e-194
2,252,0x0.000000009028fp-1022,0x1.addcc8a3c6a83p-642,0x1.addcc8a3c6a84p-642,9.20094245264883846e-194
2,253,0x0.000000008c9d7p-1022,0x1.addcc8a3c6a83p-642,0x1.addcc8a3c6a84p-642,9.20094245264883846e-194
2,254,0x0.000000008920fp-1022,0x1.addcc8a3c6a83p-642,0x1.addcc8a3c6a84p-642,9.20094245264883846e-194
2,255,0x0.0000000085b35p-1022,0x1.addcc8a3c6a83p-642,0x1.addcc8a3c6a84p-642,9.20094245264883846e-194
2,256,0x0.0000000082547p-1022,0x1.addcc8a3c6a83p-642,0x1.addcc8a3c6a84p-642,9.20094245264883846e-194
2,257,0x0.000000007f043p-1022,0x1.addcc8a3c6a83p-642,0x1.addcc8a3c6a84p-642,9.20094245264883846e-194
2,258,0x0.000000007bc27p-1022,0x1.addcc8a3c6a83p-642,0x1.addcc8a3c6a84p-642,9.20094245264883846e-194
2,259,0x0.00000000788f1p-1022,0x1.addcc8a3c6a83p-642,0x1.addcc8a3c6a84p-642,9.20094245264883846e-194
2,260,0x0.000000007569fp-1022,0x1.addcc8a3c6a83p-642,0x1.addcc8a3c6a84p-642,9.20094245264883846e-194
2,261,0x0.000000007252fp-1022,0x1.addcc8a3c6a83p-642,0x1.addcc8a3c6a84p-642,9.20094245264883846e-194
2,262,0x0.000000006f49fp-1022,0x1.addcc8a3c6a83p-642,0x1.addcc8a3c6a84p-642,9.20094245264883846e-194
2,263,0x0.000000006c4edp-1022,0x1.addcc8a3c6a83p-642,0x1.addcc8a3c6a84p-642,9.20094245264883846e-194
2,264,0x0.0000000069617p-1022,0x1.addcc8a3c6a83p-642,0x1.addcc8a3c6a84p-642,9.20094245264883846e-194
2,265,0x0.000000006681bp-1022,0x1.addcc8a3c6a83p-642,0x1.addcc8a3c6a84p-642,9.20094245264883846e-194
2,266,0x0.0000000063af7p-1022,0x1.addcc8a3c6a83p-642,0x1.addcc8a3c6a84p-642,9.20094245264883846e-194
2,267,0x0.0000000060ea9p-1022,0x1.addcc8a3c6a83p-642,0x1.addcc8a3c6a84p-642,9.20094245264883846e-194
2,268,0x0.000000005e32fp-1022,0x1.addcc8a3c6a83p-642,0x1.addcc8a3c6a84p-642,9.20094245264883846e-194
2,269,0x0.000000005b887p-1022,0x1.addcc8a3c6a83p-642,0x1.addcc8a3c6a84p-642,9.20094245264883846e-194
2,270,0x0.0000000058eafp-1022,0x1.addcc8a3c6a83p-642,0x1.addcc8a3c6a84p-642,9.20094245264883846e-194
2,271,0x0.00000000565a5p-1022,0x1.addcc8a3c6a83p-642,0x1.addcc8a3c6a84p-642,9.20094245264883846e-194
2,272,0x0.0000000053d67p-1022,0x1.addcc8a3c6a83p-642,0x1.addcc8a3c6a84p-642,9.20094245264883846e-194
2,273,0x0.00000000515f3p-1022,0x1.addcc8a3c6a83p-642,0x1.addcc8a3c6a84p-642,9.20094245264883846e-194
2,274,0x0.000000004ef47p-1022,0x1.addcc8a3c6a83p-642,0x1.addcc8a3c6a84p-642,9.20094245264883846e-194
2,275,0x0.000000004c961p-1022,0x1.addcc8a3c6a83p-642,0x1.addcc8a3c6a84p-642,9.20094245264883846e-194
2,276,0x0.000000004a43fp-1022,0x1.addcc8a3c6a83p-642,0x1.addcc8a3c6a84p-642,9.20094245264883846e-194
2,277,0x0.0000000047fdfp-1022,0x1.addcc8a3c6a83p-642,0x1.addcc8a3c6a84p-642,9.20094245264883846e-194
2,278,0x0.0000000045c3fp-1022,0x1.addcc8a3c6a83p-642,0x1.addcc8a3c6a84p-642,9.20094245264883846e-194
2,279,0x0.000000004395dp-1022,0x1.addcc8a3c6a83p-642,0x1.addcc8a3c6a84p-642,9.20094245264883846e-194
2,280,0x0.0000000041737p-1022,0x1.addcc8a3c6a83p-642,0x1.addcc8a3c6a84p-642,9.20094245264883846e-194
2,281,0x0.000000003f5cbp-1022,0x1.addcc8a3c6a83p-642,0x1.addcc8a3c6a84p-642,9.20094245264883846e-194
2,282,0x0.000000003d517p-1022,0x1.addcc8a3c6a83p-642,0x1.addcc8a3c6a84p-642,9.20094245264883846e-194
2,283,0x0.000000003b519p-1022,0x1.addcc8a3c6a83p-642,0x1.addcc8a3c6a84p-642,9.20094245264883846e-194
2,284,0x0.00000000395cfp-1022,0x1.addcc8a3c6a83p-642,0x1.addcc8a3c6a84p-642,9.20094245264883846e-194
2,285,0x0.0000000037737p-1022,0x1.addcc8a3c6a83p-642,0x1.addcc8a3c6a84p-642,9.20094245264883846e-194
2,286,0x0.000000003594fp-1022,0x1.addcc8a3c6a83p-642,0x1.addcc8a3c6a84p-642,9.20094245264883846e-194
2,287,0x0.0000000033c15p-1022,0x1.addcc8a3c6a83p-642,0x1.addcc8a3c6a84p-642,9.20094245264883846e-194
2,288,0x0.0000000031f87p-1022,0x1.addcc8a3c6a83p-642,0x1.addcc8a3c6a84p-642,9.20094245264883846e-194
2,289,0x0.00000000303a3p-1022,0x1.addcc8a3c6a83p-642,0x1.addcc8a3c6a84p-642,9.20094245264883846e-194
2,290,0x0.000000002e867p-1022,0x1.addcc8a3c6a83p-642,0x1.addcc8a3c6a84p-642,9.20094245264883846e-194
2,291,0x0.000000002cdd1p-1022,0x1.addcc8a3c6a83p-642,0x1.addcc8a3c6a84p-642,9.20094245264883846e-194
2,292,0x0.000000002b3dfp-1022,0x1.addcc8a3c6a83p-642,0x1.addcc8a3c6a84p-642,9.20094245264883846e-194
2,293,0x0.0000000029a8fp-1022,0x1.addcc8a3c6a83p-642,0x1.addcc8a3c6a84p-642,9.20094245264883846e-194
2,294,0x0.00000000281dfp-1022,0x1.addcc8a3c6a83p-642,0x1.addcc8a3c6a84p-642,9.20094245264883846e-194
2,295,0x0.00000000269cdp-1022,0x1.addcc8a3c6a83p-642,0x1.addcc8a3c6a84p-642,9.20094245264883846e-194
2,296,0x0.0000000025257p-1022,0x1.addcc8a3c6a83p-642,0x1.addcc8a3c6a84p-642,9.20094245264883846e-194
2,297,0x0.0000000023b7bp-1022,0x1.addcc8a3c6a83p-642,0x1.addcc8a3c6a84p-642,9.20094245264883846e-194
2,298,0x0.0000000022537p-1022,0x1.addcc8a3c6a83p-642,0x1.addcc8a3c6a84p-642,9.20094245264883846e-194
2,299,0x0.0000000020f89p-1022,0x1.addcc8a3c6a83p-642,0x1.addcc8a3c6a84p-642,9.20094245264883846e-194
2,300,0x0.000000001fa6fp-1022,0x1.addcc8a3c6a83p-642,0x1.addcc8a3c6a84p-642,9.20094245264883846e-194
2,301,0x0.000000001e5e7p-1022,0x1.addcc8a3c6a83p-642,0x1.addcc8a3c6a84p-642,9.20094245264883846e-194
2,302,0x0.000000001d1efp-1022,0x1.addcc8a3c6a83p-642,0x1.addcc8a3c6a84p-642,9.20094245264883846e-194
2,303,0x0.000000001be85p-1022,0x1.addcc8a3c6a83p-642,0x1.addcc8a3c6a84p-642,9.20094245264883846e-194
2,304,0x0.000000001aba7p-1022,0x1.addcc8a3c6a83p-642,0x1.addcc8a3c6a84p-642,9.20094245264883846e-194
2,305,0x0.0000000019953p-1022,0x1.addcc8a3c6a83p-642,0x1.addcc8a3c6a84p-642,9.20094245264883846e-194
2,306,0x0.0000000018787p-1022,0x1.addcc8a3c6a83p-642,0x1.addcc8a3c6a84p-642,9.20094245264883846e-194
2,307,0x0.0000000017641p-1022,0x1.addcc8a3c6a83p-642,0x1.addcc8a3c6a84p-642,9.20094245264883846e-194
2,308,0x0.000000001657fp-1022,0x1.addcc8a3c6a83p-642,0x1.addcc8a3c6a84p-642,9.20094245264883846e-194
2,309,0x0.000000001553fp-1022,0x1.addcc8a3c6a83p-642,0x1.addcc8a3c6a84p-642,9.20094245264883846e-194
2,310,0x0.000000001457fp-1022,0x1.addcc8a3c6a83p-642,0x1.addcc8a3c6a84p-642,9.20094245264883846e-194
2,311,0x0.000000001363dp-1022,0x1.addcc8a3c6a83p-642,0x1.addcc8a3c6a84p-642,9.20094245264883846e-194
2,312,0x0.0000000012777p-1022,0x1.addcc8a3c6a83p-642,0x1.addcc8a3c6a84p-642,9.20094245264883846e-194
2,313,0x0.000000001192bp-1022,0x1.addcc8a3c6a83p-642,0x1.addcc8a3c6a84p-642,9.20094245264883846e-194
2,314,0x0.0000000010b57p-1022,0x1.addcc8a3c6a83p-642,0x1.addcc8a3c6a84p-642,9.20094245264883846e-194
2,315,0x0.000000000fdf9p-1022,0x1.addcc8a3c6a83p-642,0x1.addcc8a3c6a84p-642,9.20094245264883846e-194
2,316,0x0.000000000f10fp-1022,0x1.addcc8a3c6a83p-642,0x1.addcc8a3c6a84p-642,9.20094245264883846e-194
2,317,0x0.000000000e497p-1022,0x1.addcc8a3c6a83p-642,0x1.addcc8a3c6a84p-642,9.20094245264883846e-194
2,318,0x0.000000000d88fp-1022,0x1.addcc8a3c6a83p-642,0x1.addcc8a3c6a84p-642,9.20094245264883846e-194
2,319,0x0.000000000ccf5p-1022,0x1.addcc8a3c6a83p-642,0x1.addcc8a3c6a84p-642,9.20094245264883846e-194
2,320,0x0.000000000c1c7p-1022,0x1.addcc8a3c6a83p-642,0x1.addcc8a3c6a84p-642,9.20094245264883846e-194
2,321,0x0.000000000b703p-1022,0x1.addcc8a3c6a83p-642,0x1.addcc8a3c6a84p-642,9.20094245264883846e-194
2,322,0x0.000000000aca7p-1022,0x1.addcc8a3c6a83p-642,0x1.addcc8a3c6a84p-642,9.20094245264883846e-194
2,323,0x0.000000000a2b1p-1022,0x1.addcc8a3c6a83p-642,0x1.addcc8a3c6a84p-642,9.20094245264883846e-194
2,324,0x0.000000000991fp-1022,0x1.addcc8a3c6a83p-642,0x1.addcc8a3c6a84p-642,9.20094245264883846e-194
2,325,0x0.0000000008fefp-1022,0x1.addcc8a3c6a83p-642,0x1.addcc8a3c6a84p-642,9.20094245264883846e-194
2,326,0x0.000000000871fp-1022,0x1.addcc8a3c6a83p-642,0x1.addcc8a3c6a84p-642,9.20094245264883846e-194
2,327,0x0.0000000007eadp-1022,0x1.addcc8a3c6a83p-642,0x1.addcc8a3c6a84p-642,9.20094245264883846e-194
2,328,0x0.0000000007697p-1022,0x1.addcc8a3c6a83p-642,0x1.addcc8a3c6a84p-642,9.20094245264883846e-194
2,329,0x0.0000000006edbp-1022,0x1.addcc8a3c6a83p-642,0x1.addcc8a3c6a84p-642,9.20094245264883846e-194
2,330,0x0.0000000006777p-1022,0x1.addcc8a3c6a83p-642,0x1.addcc8a3c6a84p-642,9.20094245264883846e-194
2,331,0x0.0000000006069p-1022,0x1.addcc8a3c6a83p-642,0x1.addcc8a3c6a84p-642,9.20094245264883846e-194
2,332,0x0.00000000059afp-1022,0x1.addcc8a3c6a83p-642,0x1.addcc8a3c6a84p-642,9.20094245264883846e-194
2,333,0x0.0000000005347p-1022,0x1.addcc8a3c6a83p-642,0x1.addcc8a3c6a84p-642,9.20094245264883846e-194
2,334,0x0.0000000004d2fp-1022,0x1.addcc8a3c6a83p-642,0x1.addcc8a3c6a84p-642,9.20094245264883846e-194
2,335,0x0.0000000004765p-1022,0x1.addcc8a3c6a83p-642,0x1.addcc8a3c6a84p-642,9.20094245264883846e-194
2,336,0x0.00000000041e7p-1022,0x1.addcc8a3c6a83p-642,0x1.addcc8a3c6a84p-642,9.20094245264883846e-194
2,337,0x0.0000000003cb3p-1022,0x1.addcc8a3c6a83p-642,0x1.addcc8a3c6a84p-642,9.20094245264883846e-194
2,338,0x0.00000000037c7p-1022,0x1.addcc8a3c6a83p-642,0x1.addcc8a3c6a84p-642,9.20094245264883846e-194
2,339,0x0.0000000003321p-1022,0x1.addcc8a3c6a83p-642,0x1.addcc8a3c6a84p-642,9.20094245264883846e-194
2,340,0x0.0000000002ebfp-1022,0x1.addcc8a3c6a83p-642,0x1.addcc8a3c6a84p-642,9.20094245264883846e-194
2,341,0x0.0000000002a9fp-1022,0x1.addcc8a3c6a83p-642,0x1.addcc8a3c6a84p-642,9.20094245264883846e-194
2,342,0x0.00000000026bfp-1022,0x1.addcc8a3c6a83p-642,0x1.addcc8a3c6a84p-642,9.20094245264883846e-194
2,343,0x0.000000000231dp-1022,0x1.addcc8a3c6a83p-642,0x1.addcc8a3c6a84p-642,9.20094245264883846e-194
2,344,0x0.0000000001fb7p-1022,0x1.addcc8a3c6a83p-642,0x1.addcc8a3c6a84p-642,9.20094245264883846e-194
2,345,0x0.0000000001c8bp-1022,0x1.addcc8a3c6a83p-642,0x1.addcc8a3c6a84p-642,9.20094245264883846e-194
2,346,0x0.0000000001997p-1022,0x1.addcc8a3c6a83p-642,0x1.addcc8a3c6a84p-642,9.20094245264883846e-194
2,347,0x0.00000000016d9p-1022,0x1.addcc8a3c6a83p-642,0x1.addcc8a3c6a84p-642,9.20094245264883846e-194
2,348,0x0.000000000144fp-1022,0x1.addcc8a3c6a83p-642,0x1.addcc8a3c6a84p-642,9.20094245264883846e-194
2,349,0x0.00000000011f7p-1022,0x1.addcc8a3c6a83p-642,0x1.addcc8a3c6a84p-642,9.20094245264883846e-194
2,350,0x0.0000000000fcfp-1022,0x1.addcc8a3c6a83p-642,0x1.addcc8a3c6a84p-642,9.20094245264883846e-194
2,351,0x0.0000000000dd5p-1022,0x1.addcc8a3c6a83p-642,0x1.addcc8a3c6a84p-642,9.20094245264883846e-194
2,352,0x0.0000000000c07p-1022,0x1.addcc8a3c6a83p-642,0x1.addcc8a3c6a84p-642,9.20094245264883846e-194
2,353,0x0.0000000000a63p-1022,0x1.addcc8a3c6a83p-642,0x1.addcc8a3c6a84p-642,9.20094245264883846e-194
2,354,0x0.00000000008e7p-1022,0x1.addcc8a3c6a83p-642,0x1.addcc8a3c6a84p-642,9.20094245264883846e-194
2,355,0x0.0000000000791p-1022,0x1.addcc8a3c6a83p-642,0x1.addcc8a3c6a84p-642,9.20094245264883846e-194
2,356,0x0.000000000065fp-1022,0x1.addcc8a3c6a83p-642,0x1.addcc8a3c6a84p-642,9.20094245264883846e-194
2,357,0x0.000000000054fp-1022,0x1.addcc8a3c6a83p-642,0x1.addcc8a3c6a84p-642,9.20094245264883846e-194
2,358,0x0.000000000045fp-1022,0x1.addcc8a3c6a83p-642,0x1.addcc8a3c6a84p-642,9.20094245264883846e-194
2,359,0x0.000000000038dp-1022,0x1.addcc8a3c6a83p-642,0x1.addcc8a3c6a84p-642,9.20094245264883846e-194
2,360,0x0.00000000002d7p-1022,0x1.addcc8a3c6a83p-642,0x1.addcc8a3c6a84p-642,9.20094245264883846e-194
2,361,0x0.000000000023bp-1022,0x1.addcc8a3c6a83p-642,0x1.addcc8a3c6a84p-642,9.20094245264883846e-194
2,362,0x0.00000000001b7p-1022,0x1.addcc8a3c6a83p-642,0x1.addcc8a3c6a84p-642,9.20094245264883846e-194
2,363,0x0.0000000000149p-1022,0x1.addcc8a3c6a83p-642,0x1.addcc8a3c6a84p-642,9.20094245264883846e-194
2,364,0x0.00000000000efp-1022,0x1.addcc8a3c6a83p-642,0x1.addcc8a3c6a84p-642,9.20094245264883846e-194
2,365,0x0.00000000000a7p-1022,0x1.addcc8a3c6a83p-642,0x1.addcc8a3c6a84p-642,9.20094245264883846e-194
2,366,0x0.000000000006fp-1022,0x1.addcc8a3c6a83p-642,0x1.addcc8a3c6a84p-642,9.20094245264883846e-194
2,367,0x0.0000000000045p-1022,0x1.addcc8a3c6a83p-642,0x1.addcc8a3c6a84p-642,9.20094245264883846e-194
2,368,0x0.0000000000027p-1022,0x1.addcc8a3c6a83p-642,0x1.addcc8a3c6a84p-642,9.20094245264883846e-194
2,369,0x0.0000000000013p-1022,0x1.addcc8a3c6a83p-642,0x1.addcc8a3c6a84p-642,9.20094245264883846e-194
2,370,0x0.0000000000007p-1022,0x1.addcc8a3c6a83p-642,0x1.addcc8a3c6a84p-642,9.20094245264883846e-194
2,371,0x0.0000000000001p-1022,0x1.addcc8a3c6a83p-642,0x1.addcc8a3c6a84p-642,9.20094245264883846e-194
2,372,0x0p+0,0x1.addcc8a3c6a83p-642,0x1.addcc8a3c6a83p-642,9.20094245264883724e-194
2,373,0x0p+0,0x1.addcc8a3c6a83p-642,0x1.addcc8a3c6a83p-642,9.20094245264883724e-194
2,374,0x0p+0,0x1.addcc8a3c6a83p-642,0x1.addcc8a3c6a83p-642,9.20094245264883724e-194
2,375,0x0p+0,0x1.addcc8a3c6a83p-642,0x1.addcc8a3c6a83p-642,9.20094245264883724e-194
2,376,0x0p+0,0x1.addcc8a3c6a83p-642,0x1.addcc8a3c6a83p-642,9.20094245264883724e-194
2,377,0x0p+0,0x1.addcc8a3c6a83p-642,0x1.addcc8a3c6a83p-642,9.20094245264883724e-194
2,378,0x0p+0,0x1.addcc8a3c6a83p-642,0x1.addcc8a3c6a83p-642,9.20094245264883724e-194
2,379,0x0p+0,0x1.addcc8a3c6a83p-642,0x1.addcc8a3c6a83p-642,9.20094245264883724e-194
2,380,0x0p+0,0x1.addcc8a3c6a83p-642,0x1.addcc8a3c6a83p-642,9.20094245264883724e-194
2,381,0x0p+0,0x1.addcc8a3c6a83p-642,0x1.addcc8a3c6a83p-642,9.20094245264883724e-194
2,382,0x0p+0,0x1.addcc8a3c6a83p-642,0x1.addcc8a3c6a83p-642,9.20094245264883724e-194
2,383,0x0p+0,0x1.addcc8a3c6a83p-642,0x1.addcc8a3c6a83p-642,9.20094245264883724e-194
2,384,0x0p+0,0x1.addcc8a3c6a83p-642,0x1.addcc8a3c6a83p-642,9.20094245264883724e-194
2,385,0x0p+0,0x1.addcc8a3c6a83p-642,0x1.addcc8a3c6a83p-642,9.20094245264883724e-194
2,386,0x0p+0,0x1.addcc8a3c6a83p-642,0x1.addcc8a3c6a83p-642,9.20094245264883724e-194
2,387,0x0p+0,0x1.addcc8a3c6a83p-642,0x1.addcc8a3c6a83p-642,9.20094245264883724e-194
2,388,0x0p+0,0x1.addcc8a3c6a83p-642,0x1.addcc8a3c6a83p-642,9.20094245264883724e-194
2,389,0x0p+0,0x1.addcc8a3c6a83p-642,0x1.addcc8a3c6a83p-642,9.20094245264883724e-194
2,390,0x0p+0,0x1.addcc8a3c6a83p-642,0x1.addcc8a3c6a83p-642,9.20094245264883724e-194
2,391,0x0p+0,0x1.addcc8a3c6a83p-642,0x1.addcc8a3c6a83p-642,9.20094245264883724e-194
2,392,0x0p+0,0x1.addcc8a3c6a83p-642,0x1.addcc8a3c6a83p-642,9.20094245264883724e-194
2,393,0x0p+0,0x1.addcc8a3c6a83p-642,0x1.addcc8a3c6a83p-642,9.20094245264883724e-194
2,394,0x0p+0,0x1.addcc8a3c6a83p-642,0x1.addcc8a3c6a83p-642,9.20094245264883724e-194
2,395,0x0p+0,0x1.addcc8a3c6a83p-642,0x1.addcc8a3c6a83p-642,9.20094245264883724e-194
2,396,0x0p+0,0x1.addcc8a3c6a83p-642,0x1.addcc8a3c6a83p-642,9.20094245264883724e-194
2,397,0x0p+0,0x1.addcc8a3c6a83p-642,0x1.addcc8a3c6a83p-642,9.20094245264883724e-194
2,398,0x0p+0,0x1.addcc8a3c6a83p-642,0x1.addcc8a3c6a83p-642,9.20094245264883724e-194
2,399,0x0p+0,0x1.addcc8a3c6a83p-642,0x1.addcc8a3c6a83p-642,9.20094245264883724e-194
2,400,0x0p+0,0x1.addcc8a3c6a83p-642,0x1.addcc8a3c6a83p-642,9.20094245264883724e-194
2,401,0x0p+0,0x1.addcc8a3c6a83p-642,0x1.addcc8a3c6a83p-642,9.20094245264883724e-194
2,402,0x0p+0,0x1.addcc8a3c6a83p-642,0x1.addcc8a3c6a83p-642,9.20094245264883724e-194
2,403,0x0p+0,0x1.addcc8a3c6a83p-642,0x1.addcc8a3c6a83p-642,9.20094245264883724e-194
2,404,0x0p+0,0x1.addcc8a3c6a83p-642,0x1.addcc8a3c6a83p-642,9.20094245264883724e-194
2,405,0x0p+0,0x1.addcc8a3c6a83p-642,0x1.addcc8a3c6a83p-642,9.20094245264883724e-194
2,406,0x0p+0,0x1.addcc8a3c6a83p-642,0x1.addcc8a3c6a83p-642,9.20094245264883724e-194
2,407,0x0p+0,0x1.addcc8a3c6a83p-642,0x1.addcc8a3c6a83p-642,9.20094245264883724e-194
2,408,0x0p+0,0x1.addcc8a3c6a83p-642,0x1.addcc8a3c6a83p-642,9.20094245264883724e-194
2,409,0x0p+0,0x1.addcc8a3c6a83p-642,0x1.addcc8a3c6a83p-642,9.20094245264883724e-194
2,410,0x0p+0,0x1.addcc8a3c6a83p-642,0x1.addcc8a3c6a83p-642,9.20094245264883724e-194
2,411,0x0p+0,0x1.addcc8a3c6a83p-642,0x1.addcc8a3c6a83p-642,9.20094245264883724e-194
2,412,0x0p+0,0x1.addcc8a3c6a83p-642,0x1.addcc8a3c6a83p-642,9.20094245264883724e-194
2,413,0x0p+0,0x1.addcc8a3c6a83p-642,0x1.addcc8a3c6a83p-642,9.20094245264883724e-194
2,414,0x0p+0,0x1.addcc8a3c6a83p-642,0x1.addcc8a3c6a83p-642,9.20094245264883724e-194
2,415,0x0p+0,0x1.addcc8a3c6a83p-642,0x1.addcc8a3c6a83p-642,9.20094245264883724e-194
2,416,0x0p+0,0x1.addcc8a3c6a83p-642,0x1.addcc8a3c6a83p-642,9.20094245264883724e-194
2,417,0x0p+0,0x1.addcc8a3c6a83p-642,0x1.addcc8a3c6a83p-642,9.20094245264883724e-194
2,418,0x0p+0,0x1.addcc8a3c6a83p-642,0x1.addcc8a3c6a83p-642,9.20094245264883724e-194
2,419,0x0p+0,0x1.addcc8a3c6a83p-642,0x1.addcc8a3c6a83p-642,9.20094245264883724e-194
2,420,0x0p+0,0x1.addcc8a3c6a83p-642,0x1.addcc8a3c6a83p-642,9.20094245264883724e-194
2,421,0x0p+0,0x1.addcc8a3c6a83p-642,0x1.addcc8a3c6a83p-642,9.20094245264883724e-194
2,422,0x0p+0,0x1.addcc8a3c6a83p-642,0x1.addcc8a3c6a83p-642,9.20094245264883724e-194
2,423,0x0p+0,0x1.addcc8a3c6a83p-642,0x1.addcc8a3c6a83p-642,9.20094245264883724e-194
2,424,0x0p+0,0x1.addcc8a3c6a83p-642,0x1.addcc8a3c6a83p-642,9.20094245264883724e-194
2,425,0x0p+0,0x1.addcc8a3c6a83p-642,0x1.addcc8a3c6a83p-642,9.20094245264883724e-194
2,426,0x0p+0,0x1.addcc8a3c6a83p-642,0x1.addcc8a3c6a83p-642,9.20094245264883724e-194
2,427,0x0p+0,0x1.addcc8a3c6a83p-642,0x1.addcc8a3c6a83p-642,9.20094245264883724e-194
2,428,0x0p+0,0x1.addcc8a3c6a83p-642,0x1.addcc8a3c6a83p-642,9.20094245264883724e-194
2,429,0x0p+0,0x1.addcc8a3c6a83p-642,0x1.addcc8a3c6a83p-642,9.20094245264883724e-194
2,430,0x0p+0,0x1.addcc8a3c6a83p-642,0x1.addcc8a3c6a83p-642,9.20094245264883724e-194
2,431,0x0p+0,0x1.addcc8a3c6a83p-642,0x1.addcc8a3c6a83p-642,9.20094245264883724e-194
2,432,0x0p+0,0x1.addcc8a3c6a83p-642,0x1.addcc8a3c6a83p-642,9.20094245264883724e-194
2,433,0x0p+0,0x1.addcc8a3c6a83p-642,0x1.addcc8a3c6a83p-642,9.20094245264883724e-194
2,434,0x0p+0,0x1.addcc8a3c6a83p-642,0x1.addcc8a3c6a83p-642,9.20094245264883724e-194
2,435,0x0p+0,0x1.addcc8a3c6a83p-642,0x1.addcc8a3c6a83p-642,9.20094245264883724e-194
2,436,0x0p+0,0x1.addcc8a3c6a83p-642,0x1.addcc8a3c6a83p-642,9.20094245264883724e-194
2,437,0x0p+0,0x1.addcc8a3c6a83p-642,0x1.addcc8a3c6a83p-642,9.20094245264883724e-194
2,438,0x0p+0,0x1.addcc8a3c6a83p-642,0x1.addcc8a3c6a83p-642,9.20094245264883724e-194
2,439,0x0p+0,0x1.addcc8a3c6a83p-642,0x1.addcc8a3c6a83p-642,9.20094245264883724e-194
2,440,0x0p+0,0x1.addcc8a3c6a83p-642,0x1.addcc8a3c6a83p-642,9.20094245264883724e-194
2,441,0x0p+0,0x1.addcc8a3c6a83p-642,0x1.addcc8a3c6a83p-642,9.20094245264883724e-194
2,442,0x0p+0,0x1.addcc8a3c6a83p-642,0x1.addcc8a3c6a83p-642,9.20094245264883724e-194
2,443,0x0p+0,0x1.addcc8a3c6a83p-642,0x1.addcc8a3c6a83p-642,9.20094245264883724e-194
2,444,0x0p+0,0x1.addcc8a3c6a83p-642,0x1.addcc8a3c6a83p-642,9.20094245264883724e-194
2,445,0x0p+0,0x1.addcc8a3c6a83p-642,0x1.addcc8a3c6a83p-642,9.20094245264883724e-194
2,446,0x0p+0,0x1.addcc8a3c6a83p-642,0x1.addcc8a3c6a83p-642,9.20094245264883724e-194
2,447,0x0p+0,0x1.addcc8a3c6a83p-642,0x1.addcc8a3c6a83p-642,9.20094245264883724e-194
2,448,0x0p+0,0x1.addcc8a3c6a83p-642,0x1.addcc8a3c6a83p-642,9.20094245264883724e-194
2,449,0x0p+0,0x1.addcc8a3c6a83p-642,0x1.addcc8a3c6a83p-642,9.20094245264883724e-194
2,450,0x0p+0,0x1.addcc8a3c6a83p-642,0x1.addcc8a3c6a83p-642,9.20094245264883724e-194
2,451,0x0p+0,0x1.addcc8a3c6a83p-642,0x1.addcc8a3c6a83p-642,9.20094245264883724e-194
2,452,0x0p+0,0x1.addcc8a3c6a83p-642,0x1.addcc8a3c6a83p-642,9.20094245264883724e-194
2,453,0x0p+0,0x1.addcc8a3c6a83p-642,0x1.addcc8a3c6a83p-642,9.20094245264883724e-194
2,454,0x0p+0,0x1.addcc8a3c6a83p-642,0x1.addcc8a3c6a83p-642,9.20094245264883724e-194
2,455,0x0p+0,0x1.addcc8a3c6a83p-642,0x1.addcc8a3c6a83p-642,9.20094245264883724e-194
2,456,0x0p+0,0x1.addcc8a3c6a83p-642,0x1.addcc8a3c6a83p-642,9.20094245264883724e-194
2,457,0x0p+0,0x1.addcc8a3c6a83p-642,0x1.addcc8a3c6a83p-642,9.20094245264883724e-194
2,458,0x0p+0,0x1.addcc8a3c6a83p-642,0x1.addcc8a3c6a83p-642,9.20094245264883724e-194
2,459,0x0p+0,0x1.addcc8a3c6a83p-642,0x1.addcc8a3c6a83p-642,9.20094245264883724e-194
2,460,0x0p+0,0x1.addcc8a3c6a83p-642,0x1.addcc8a3c6a83p-642,9.20094245264883724e-194
2,461,0x0p+0,0x1.addcc8a3c6a83p-642,0x1.addcc8a3c6a83p-642,9.20094245264883724e-194
2,462,0x0p+0,0x1.addcc8a3c6a83p-642,0x1.addcc8a3c6a83p-642,9.20094245264883724e-194
2,463,0x0p+0,0x1.addcc8a3c6a83p-642,0x1.addcc8a3c6a83p-642,9.20094245264883724e-194
2,464,0x0p+0,0x1.addcc8a3c6a83p-642,0x1.addcc8a3c6a83p-642,9.20094245264883724e-194
2,465,0x0p+0,0x1.addcc8a3c6a83p-642,0x1.addcc8a3c6a83p-642,9.20094245264883724e-194
2,466,0x0p+0,0x1.addcc8a3c6a83p-642,0x1.addcc8a3c6a83p-642,9.20094245264883724e-194
2,467,0x0p+0,0x1.addcc8a3c6a83p-642,0x1.addcc8a3c6a83p-642,9.20094245264883724e-194
2,468,0x0p+0,0x1.addcc8a3c6a83p-642,0x1.addcc8a3c6a83p-642,9.20094245264883724e-194
2,469,0x0p+0,0x1.addcc8a3c6a83p-642,0x1.addcc8a3c6a83p-642,9.20094245264883724e-194
2,470,0x0p+0,0x1.addcc8a3c6a83p-642,0x1.addcc8a3c6a83p-642,9.20094245264883724e-194
2,471,0x0p+0,0x1.addcc8a3c6a83p-642,0x1.addcc8a3c6a83p-642,9.20094245264883724e-194
2,472,0x0p+0,0x1.addcc8a3c6a83p-642,0x1.addcc8a3c6a83p-642,9.20094245264883724e-194
2,473,0x0p+0,0x1.addcc8a3c6a83p-642,0x1.addcc8a3c6a83p-642,9.20094245264883724e-194
2,474,0x0p+0,0x1.addcc8a3c6a83p-642,0x1.addcc8a3c6a83p-642,9.20094245264883724e-194
2,475,0x0p+0,0x1.addcc8a3c6a83p-642,0x1.addcc8a3c6a83p-642,9.20094245264883724e-194
2,476,0x0p+0,0x1.addcc8a3c6a83p-642,0x1.addcc8a3c6a83p-642,9.20094245264883724e-194
2,477,0x0p+0,0x1.addcc8a3c6a83p-642,0x1.addcc8a3c6a83p-642,9.20094245264883724e-194
2,478,0x0p+0,0x1.addcc8a3c6a83p-642,0x1.addcc8a3c6a83p-642,9.20094245264883724e-194
2,479,0x0p+0,0x1.addcc8a3c6a83p-642,0x1.addcc8a3c6a83p-642,9.20094245264883724e-194
2,480,0x0p+0,0x1.addcc8a3c6a83p-642,0x1.addcc8a3c6a83p-642,9.20094245264883724e-194
3,0,0x1.3cc1cbe367a2dp-3,0x1.fa1ed2ef4b7bap-641,0x1.3cc1cbe367a2ep-3,1.54666512372345577e-01
3,1,0x1.72b9af5ac94b9p-5,0x1.fa1ed2ef4b7bap-641,0x1.72b9af5ac94bap-5,4.52545571227260385e-02
3,2,0x1.86c2877b54e9bp-7,0x1.fa1ed2ef4b7bap-641,0x1.86c2877b54e9cp-7,1.19250451595356785e-02
3,3,0x1.7c5ac5bee5b37p-9,0x1.fa1ed2ef4b7bap-641,0x1.7c5ac5bee5b38p-9,2.90187515151832040e-03
3,4,0x1.5d4bef97aa5fep-11,0x1.fa1ed2ef4b7bap-641,0x1.5d4bef97aa5ffp-11,6.66230439454185033e-04
3,5,0x1.33b90bbb68747p-13,0x1.fa1ed2ef4b7bap-641,0x1.33b90bbb68748p-13,1.46733682282957365e-04
3,6,0x1.07060eceee0e4p-15,0x1.fa1ed2ef4b7bap-641,0x1.07060eceee0e5p-15,3.13548640557563793e-05
3,7,0x1.b714b85817c43p-18,0x1.fa1ed2ef4b7bap-641,0x1.b714b85817c44p-18,6.54281583231582989e-06
3,8,0x1.6700a3211f03ap-20,0x1.fa1ed2ef4b7bap-641,0x1.6700a3211f03bp-20,1.33738848997947413e-06
3,9,0x1.1fece0618993p-22,0x1.fa1ed2ef4b7bap-641,0x1.1fece06189931p-22,2.68151330558985559e-07
3,10,0x1.c567a295759f9p-25,0x1.fa1ed2ef4b7bap-641,0x1.c567a295759fap-25,5.27832685716341436e-08
3,11,0x1.5ec79d46f4c39p-27,0x1.fa1ed2ef4b7bap-641,0x1.5ec79d46f4c3ap-27,1.02090341856585741e-08
3,12,0x1.0aed2ad1b95f2p-29,0x1.fa1ed2ef4b7bap-641,0x1.0aed2ad1b95f3p-29,1.94214542439783417e-09
3,13,0x1.8ffb156c39292p-32,0x1.fa1ed2ef4b7bap-641,0x1.8ffb156c39293p-32,3.63780414441117277e-10
3,14,0x1.2758b7113a0edp-34,0x1.fa1ed2ef4b7bap-641,0x1.2758b7113a0eep-34,6.71540290989458082e-11
3,15,0x1.ae359b0055856p-37,0x1.fa1ed2ef4b7bap-641,0x1.ae359b0055857p-37,1.22272864582048627e-11
3,16,0x1.353f852003085p-39,0x1.fa1ed2ef4b7bap-641,0x1.353f852003086p-39,2.19734008820893262e-12
3,17,0x1.b70a56c677074p-42,0x1.fa1ed2ef4b7bap-641,0x1.b70a56c677075p-42,3.89946196741857188e-13
3,18,0x1.33e5d1d00afb7p-44,0x1.fa1ed2ef4b7bap-641,0x1.33e5d1d00afb8p-44,6.83670304229527171e-14
3,19,0x1.aad19347db916p-47,0x1.fa1ed2ef4b7bap-641,0x1.aad19347db917p-47,1.18465974134630601e-14
3,20,0x1.247cf9efd1aa5p-49,0x1.fa1ed2ef4b7bap-641,0x1.247cf9efd1aa6p-49,2.02954450976291517e-15
3,21,0x1.8c75ec721c783p-52,0x1.fa1ed2ef4b7bap-641,0x1.8c75ec721c784p-52,3.43874788996127097e-16
3,22,0x1.09d147660e5ebp-54,0x1.fa1ed2ef4b7bap-641,0x1.09d147660e5ecp-54,5.76399812660464556e-17
3,23,0x1.60b848095b6abp-57,0x1.fa1ed2ef4b7bap-641,0x1.60b848095b6acp-57,9.56049066927854637e-18
3,24,0x1.cf3da3839c0e6p-60,0x1.fa1ed2ef4b7bap-641,0x1.cf3da3839c0e7p-60,1.56952080007365247e-18
3,25,0x1.2d2400cb6441p-62,0x1.fa1ed2ef4b7bap-641,0x1.2d2400cb64411p-62,2.55076041400404564e-19
3,26,0x1.83a913fcbf332p-65,0x1.fa1ed2ef4b7bap-641,0x1.83a913fcbf333p-65,4.10451478764000813e-20
3,27,0x1.ee2ea2c4ebe8ap-68,0x1.fa1ed2ef4b7bap-641,0x1.ee2ea2c4ebe8bp-68,6.54044657686336998e-21
3,28,0x1.37f6274ca1101p-70,0x1.fa1ed2ef4b7bap-641,0x1.37f6274ca1102p-70,1.03219414160472217e-21
3,29,0x1.861f3c62b48d1p-73,0x1.fa1ed2ef4b7bap-641,0x1.861f3c62b48d2p-73,1.61350683735498551e-22
3,30,0x1.e3469beb14991p-76,0x1.fa1ed2ef4b7bap-641,0x1.e3469beb14992p-76,2.49847741267039930e-23
3,31,0x1.288b0e177a6eep-78,0x1.fa1ed2ef4b7bap-641,0x1.288b0e177a6efp-78,3.83273081877075734e-24
3,32,0x1.688ce80c2ffdap-81,0x1.fa1ed2ef4b7bap-641,0x1.688ce80c2ffdbp-81,5.82500612830368131e-25
3,33,0x1.b254a49cb731fp-84,0x1.fa1ed2ef4b7bap-641,0x1.b254a49cb732p-84,8.77123735801267658e-26
3,34,0x1.033391e25a352p-86,0x1.fa1ed2ef4b7bap-641,0x1.033391e25a353p-86,1.30863287265762328e-26
3,35,0x1.328a71f097ac9p-89,0x1.fa1ed2ef4b7bap-641,0x1.328a71f097acap-89,1.93454443063981982e-27
3,36,0x1.67362d0c6a6dcp-92,0x1.fa1ed2ef4b7bap-641,0x1.67362d0c6a6ddp-92,2.83368007573120354e-28
3,37,0x1.a11671b9908d2p-95,0x1.fa1ed2ef4b7bap-641,0x1.a11671b9908d3p-95,4.11280198905544616e-29
3,38,0x1.dfdd99eba237dp-98,0x1.fa1ed2ef4b7bap-641,0x1.dfdd99eba237ep-98,5.91480054967423420e-30
3,39,0x1.11860e86479fep-100,0x1.fa1ed2ef4b7bap-641,0x1.11860e86479ffp-100,8.42859848976906604e-31
3,40,0x1.34f6dc98062c7p-103,0x1.fa1ed2ef4b7bap-641,0x1.34f6dc98062c8p-103,1.19008720769529097e-31
3,41,0x1.59cc63ca6028ap-106,0x1.fa1ed2ef4b7bap-641,0x1.59cc63ca6028bp-106,1.66495872204532543e-32
3,42,0x1.7f780ea8ff711p-109,0x1.fa1ed2ef4b7bap-641,0x1.7f780ea8ff712p-109,2.30791993495238730e-33
3,43,0x1.a553dd64b4f1cp-112,0x1.fa1ed2ef4b7bap-641,0x1.a553dd64b4f1dp-112,3.16971654434783891e-34
3,44,0x1.caa631fe0a03ap-115,0x1.fa1ed2ef4b7bap-641,0x1.caa631fe0a03bp-115,4.31311635190677744e-35
3,45,0x1.eea705a7fa579p-118,0x1.fa1ed2ef4b7bap-641,0x1.eea705a7fa57ap-118,5.81461137151589606e-36
3,46,0x1.084330bc4ed53p-120,0x1.fa1ed2ef4b7bap-641,0x1.084330bc4ed54p-120,7.76597579201927779e-37
3,47,0x1.17b9ecc5d5867p-123,0x1.fa1ed2ef4b7bap-641,0x1.17b9ecc5d5868p-123,1.02755202850784544e-37
3,48,0x1.2553587e0be6fp-126,0x1.fa1ed2ef4b7bap-641,0x1.2553587e0be7p-126,1.34688495841411723e-38
3,49,0x1.30b31c887692bp-129,0x1.fa1ed2ef4b7bap-641,0x1.30b31c887692cp-129,1.74889024476191913e-39
3,50,0x1.3988f877099e9p-132,0x1.fa1ed2ef4b7bap-641,0x1.3988f877099eap-132,2.24950359987459810e-40
3,51,0x1.3f94736a1ed28p-135,0x1.fa1ed2ef4b7bap-641,0x1.3f94736a1ed29p-135,2.86609154304913364e-41
3,52,0x1.42a7f0c3743a9p-138,0x1.fa1ed2ef4b7bap-641,0x1.42a7f0c3743aap-138,3.61709905472802240e-42
3,53,0x1.42aaf3f8746fp-141,0x1.fa1ed2ef4b7bap-641,0x1.42aaf3f8746f1p-141,4.52153871880568030e-43
3,54,0x1.3f9b6ae0d9918p-144,0x1.fa1ed2ef4b7bap-641,0x1.3f9b6ae0d9919p-144,5.59831172292500638e-44
3,55,0x1.398de5db90b86p-147,0x1.fa1ed2ef4b7bap-641,0x1.398de5db90b87p-147,6.86536161089642614e-45
3,56,0x1.30acb7819cd51p-150,0x1.fa1ed2ef4b7bap-641,0x1.30acb7819cd52p-150,8.33867488894042843e-46
3,57,0x1.253608cab0f2ap-153,0x1.fa1ed2ef4b7bap-641,0x1.253608cab0f2bp-153,1.00311578229611957e-46
3,58,0x1.177900cfb4303p-156,0x1.fa1ed2ef4b7bap-641,0x1.177900cfb4304p-156,1.19514349783977796e-47
3,59,0x1.07d22f1aa4efbp-159,0x1.fa1ed2ef4b7bap-641,0x1.07d22f1aa4efcp-159,1.41026308421672331e-48
3,60,0x1.ed4ee69b93dc3p-163,0x1.fa1ed2ef4b7bap-641,0x1.ed4ee69b93dc4p-163,1.64812095622896220e-49
3,61,0x1.c8c747c0304a4p-166,0x1.fa1ed2ef4b7bap-641,0x1.c8c747c0304a5p-166,1.90759576713425848e-50
3,62,0x1.a2e46e7bc91a8p-169,0x1.fa1ed2ef4b7bap-641,0x1.a2e46e7bc91a9p-169,2.18671989405363882e-51
3,63,0x1.7c765db82e33ap-172,0x1.fa1ed2ef4b7bap-641,0x1.7c765db82e33bp-172,2.48263278684926067e-52
3,64,0x1.563ef6a18827ap-175,0x1.fa1ed2ef4b7bap-641,0x1.563ef6a18827bp-175,2.79157378980677846e-53
3,65,0x1.30ec08acbf10fp-178,0x1.fa1ed2ef4b7bap-641,0x1.30ec08acbf11p-178,3.10892021415881694e-54
3,66,0x1.0d12e22788b6dp-181,0x1.fa1ed2ef4b7bap-641,0x1.0d12e22788b6ep-181,3.42927388703430195e-55
3,67,0x1.d65af6498ac38p-185,0x1.fa1ed2ef4b7bap-641,0x1.d65af6498ac39p-185,3.74659628259619247e-56
3,68,0x1.97326d8b2760ap-188,0x1.fa1ed2ef4b7bap-641,0x1.97326d8b2760bp-188,4.05438888407168795e-57
3,69,0x1.5d2e392d62c43p-191,0x1.fa1ed2ef4b7bap-641,0x1.5d2e392d62c44p-191,4.34591191867885135e-58
3,70,0x1.289aadafaff31p-194,0x1.fa1ed2ef4b7bap-641,0x1.289aadafaff32p-194,4.61443136843307286e-59
3,71,0x1.f326d09c59dcap-198,0x1.fa1ed2ef4b7bap-641,0x1.f326d09c59dcbp-198,4.85348150196522855e-60
3,72,0x1.a0138e3aebcbdp-201,0x1.fa1ed2ef4b7bap-641,0x1.a0138e3aebcbep-201,5.05712837024732575e-61
3,73,0x1.579883fc0437dp-204,0x1.fa1ed2ef4b7bap-641,0x1.579883fc0437ep-204,5.22021896557484247e-62
3,74,0x1.191c338b1ab7cp-207,0x1.fa1ed2ef4b7bap-641,0x1.191c338b1ab7dp-207,5.33860116489021204e-63
3,75,0x1.c7bb939f7a469p-211,0x1.fa1ed2ef4b7bap-641,0x1.c7bb939f7a46ap-211,5.40930116130104113e-64
3,76,0x1.6e0661efb478cp-214,0x1.fa1ed2ef4b7bap-641,0x1.6e0661efb478dp-214,5.43064771468634714e-65
3,77,0x1.234b1b078e8c9p-217,0x1.fa1ed2ef4b7bap-641,0x1.234b1b078e8cap-217,5.40233600578026389e-66
3,78,0x1.cb6f35141ab9p-221,0x1.fa1ed2ef4b7bap-641,0x1.cb6f35141ab91p-221,5.32542786221380484e-67
3,79,0x1.670c7ee9b74edp-224,0x1.fa1ed2ef4b7bap-641,0x1.670c7ee9b74eep-224,5.20228929747538474e-68
3,80,0x1.161561deb473fp-227,0x1.fa1ed2ef4b7bap-641,0x1.161561deb474p-227,5.03647031225834353e-69
3,81,0x1.aaeae4a9f6f8ep-231,0x1.fa1ed2ef4b7bap-641,0x1.aaeae4a9f6f8fp-231,4.83253542590164409e-70
3,82,0x1.44ce977d11861p-234,0x1.fa1ed2ef4b7bap-641,0x1.44ce977d11862p-234,4.59585616529506603e-71
3,83,0x1.e9e5ca7fe8656p-238,0x1.fa1ed2ef4b7bap-641,0x1.e9e5ca7fe8657p-238,4.33237855332870650e-72
3,84,0x1.6e3a0fea1c793p-241,0x1.fa1ed2ef4b7bap-641,0x1.6e3a0fea1c794p-241,4.04837941795205893e-73
3,85,0x1.0f676c7d9219ap-244,0x1.fa1ed2ef4b7bap-641,0x1.0f676c7d9219bp-244,3.75022509356503986e-74
3,86,0x1.8ece03118dad4p-248,0x1.fa1ed2ef4b7bap-641,0x1.8ece03118dad5p-248,3.44414490617991641e-75
3,87,0x1.2280809ea82e9p-251,0x1.fa1ed2ef4b7bap-641,0x1.2280809ea82eap-251,3.13602989305153741e-76
3,88,0x1.a3a1f98d8f42ep-255,0x1.fa1ed2ef4b7bap-641,0x1.a3a1f98d8f42fp-255,2.83126472689425789e-77
3,89,0x1.2c87b30f67346p-258,0x1.fa1ed2ef4b7bap-641,0x1.2c87b30f67347p-258,2.53459803919586325e-78
3,90,0x1.aaddb957c4242p-262,0x1.fa1ed2ef4b7bap-641,0x1.aaddb957c4243p-262,2.25005351005039972e-79
3,91,0x1.2ca3ef4e0281fp-265,0x1.fa1ed2ef4b7bap-641,0x1.2ca3ef4e0282p-265,1.98088143306569645e-80
3,92,0x1.a3fe0f8091dbap-269,0x1.fa1ed2ef4b7bap-641,0x1.a3fe0f8091dbbp-269,1.72954815193031692e-81
3,93,0x1.22f7081c3b848p-272,0x1.fa1ed2ef4b7bap-641,0x1.22f7081c3b849p-272,1.49775892673990146e-82
3,94,0x1.8fe1b0d9f7b96p-276,0x1.fa1ed2ef4b7bap-641,0x1.8fe1b0d9f7b97p-276,1.28650849351190015e-83
3,95,0x1.109236405546ep-279,0x1.fa1ed2ef4b7bap-641,0x1.109236405546fp-279,1.09615284528779735e-84
3,96,0x1.709d3d2e34a92p-283,0x1.fa1ed2ef4b7bap-641,0x1.709d3d2e34a93p-283,9.26495556117739737e-86
3,97,0x1.ee8af6733171cp-287,0x1.fa1ed2ef4b7bap-641,0x1.ee8af6733171dp-287,7.76882221067970999e-87
3,98,0x1.4921f6353c0fep-290,0x1.fa1ed2ef4b7bap-641,0x1.4921f6353c0ffp-290,6.46297202226919386e-88
3,99,0x1.b2ab46bd7132fp-294,0x1.fa1ed2ef4b7bap-641,0x1.b2ab46bd7133p-294,5.33457745968516472e-89
3,100,0x1.1ccb817b94ce7p-297,0x1.fa1ed2ef4b7bap-641,0x1.1ccb817b94ce8p-297,4.36901562810572445e-90
3,101,0x1.7251ca397c8a1p-301,0x1.fa1ed2ef4b7bap-641,0x1.7251ca397c8a2p-301,3.55065038674455215e-91
3,102,0x1.ddd81a116785p-305,0x1.fa1ed2ef4b7bap-641,0x1.ddd81a1167851p-305,2.86350290921426636e-92
3,103,0x1.31f428e3740f1p-308,0x1.fa1ed2ef4b7bap-641,0x1.31f428e3740f2p-308,2.29180229103351264e-93
3,104,0x1.84d6a59cb132p-312,0x1.fa1ed2ef4b7bap-641,0x1.84d6a59cb1321p-312,1.82041584523069225e-94
3,105,0x1.ea7aa2e2fdfabp-316,0x1.fa1ed2ef4b7bap-641,0x1.ea7aa2e2fdfacp-316,1.43516510079772901e-95
3,106,0x1.330bb67a09338p-319,0x1.fa1ed2ef4b7bap-641,0x1.330bb67a09339p-319,1.12303815797424557e-96
3,107,0x1.7d97d092cfabbp-323,0x1.fa1ed2ef4b7bap-641,0x1.7d97d092cfabcp-323,8.72312035390024955e-98
3,108,0x1.d6c43627de8e1p-327,0x1.fa1ed2ef4b7bap-641,0x1.d6c43627de8e2p-327,6.72600147666128579e-99
3,109,0x1.20471924b334bp-330,0x1.fa1ed2ef4b7bap-641,0x1.20471924b334cp-330,5.14840324396811538e-100
3,110,0x1.5e826762a273bp-334,0x1.fa1ed2ef4b7bap-641,0x1.5e826762a273cp-334,3.91238098960259721e-101
3,111,0x1.a71eafd301155p-338,0x1.fa1ed2ef4b7bap-641,0x1.a71eafd301156p-338,2.95178635759333673e-102
3,112,0x1.fb22c74e62514p-342,0x1.fa1ed2ef4b7bap-641,0x1.fb22c74e62515p-342,2.21118883672032904e-103
3,113,0x1.2dc4c112a302bp-345,0x1.fa1ed2ef4b7bap-641,0x1.2dc4c112a302cp-345,1.64469562436850034e-104
3,114,0x1.649c3c3510219p-349,0x1.fa1ed2ef4b7bap-641,0x1.649c3c351021ap-349,1.21474584725292226e-105
3,115,0x1.a27af6c96a7aap-353,0x1.fa1ed2ef4b7bap-641,0x1.a27af6c96a7abp-353,8.90936215585184134e-107
3,116,0x1.e7af11333c56fp-357,0x1.fa1ed2ef4b7bap-641,0x1.e7af11333c57p-357,6.48918210729362772e-108
3,117,0x1.1a361aa3c7406p-360,0x1.fa1ed2ef4b7bap-641,0x1.1a361aa3c7407p-360,4.69392409807079668e-109
3,118,0x1.44631bd9dc0d1p-364,0x1.fa1ed2ef4b7bap-641,0x1.44631bd9dc0d2p-364,3.37213728170510257e-110
3,119,0x1.7256059b5173bp-368,0x1.fa1ed2ef4b7bap-641,0x1.7256059b5173cp-368,2.40612169412562939e-111
3,120,0x1.a3f1a279f2d86p-372,0x1.fa1ed2ef4b7bap-641,0x1.a3f1a279f2d87p-372,1.70526904990318752e-112
3,121,0x1.d902392d4a173p-376,0x1.fa1ed2ef4b7bap-641,0x1.d902392d4a174p-376,1.20046853094936910e-113
3,122,0x1.089e1fc07ae2p-379,0x1.fa1ed2ef4b7bap-641,0x1.089e1fc07ae21p-379,8.39480325811994396e-115
3,123,0x1.261dd8cf79b53p-383,0x1.fa1ed2ef4b7bap-641,0x1.261dd8cf79b54p-383,5.83164685608242267e-116
3,124,0x1.44c212bf0a6cap-387,0x1.fa1ed2ef4b7bap-641,0x1.44c212bf0a6cbp-387,4.02449787746451177e-117
3,125,0x1.6440d5fa04623p-391,0x1.fa1ed2ef4b7bap-641,0x1.6440d5fa04624p-391,2.75924702754318088e-118
3,126,0x1.844544944bae1p-395,0x1.fa1ed2ef4b7bap-641,0x1.844544944bae2p-395,1.87951687490454713e-119
3,127,0x1.a470e2a05d22bp-399,0x1.fa1ed2ef4b7bap-641,0x1.a470e2a05d22cp-399,1.27202832405908131e-120
3,128,0x1.c45d463c8f596p-403,0x1.fa1ed2ef4b7bap-641,0x1.c45d463c8f597p-403,8.55382097605761240e-122
3,129,0x1.e39e260843dd3p-407,0x1.fa1ed2ef4b7bap-641,0x1.e39e260843dd4p-407,5.71549761219132298e-123
3,130,0x1.00e1dbf7d06d8p-410,0x1.fa1ed2ef4b7bap-641,0x1.00e1dbf7d06d9p-410,3.79486150201221631e-124
3,131,0x1.0f2ea6f5e9ab5p-414,0x1.fa1ed2ef4b7bap-641,0x1.0f2ea6f5e9ab6p-414,2.50381977835424480e-125
3,132,0x1.1c7e0d5cf18f9p-418,0x1.fa1ed2ef4b7bap-641,0x1.1c7e0d5cf18fap-418,1.64169510422315235e-126
3,133,0x1.289b02ef0846bp-422,0x1.fa1ed2ef4b7bap-641,0x1.289b02ef0846cp-422,1.06974701726620843e-127
3,134,0x1.33543a5e1422cp-426,0x1.fa1ed2ef4b7bap-641,0x1.33543a5e1422dp-426,6.92764216264546320e-129
3,135,0x1.3c7d771e58bd6p-430,0x1.fa1ed2ef4b7bap-641,0x1.3c7d771e58bd7p-430,4.45884142374623294e-130
3,136,0x1.43f0bfb7967c7p-434,0x1.fa1ed2ef4b7bap-641,0x1.43f0bfb7967c8p-434,2.85237791146329939e-131
3,137,0x1.498f64e9881cep-438,0x1.fa1ed2ef4b7bap-641,0x1.498f64e9881cfp-438,1.81366304536326243e-132
3,138,0x1.4d42d3a83b041p-442,0x1.fa1ed2ef4b7bap-641,0x1.4d42d3a83b042p-442,1.14626887297035126e-133
3,139,0x1.4efd2a20e475fp-446,0x1.fa1ed2ef4b7bap-641,0x1.4efd2a20e476p-446,7.20132508599840284e-135
3,140,0x1.4eb98a82a038p-450,0x1.fa1ed2ef4b7bap-641,0x1.4eb98a82a0381p-450,4.49727906661269479e-136
3,141,0x1.4c7c290cb975p-454,0x1.fa1ed2ef4b7bap-641,0x1.4c7c290cb9751p-454,2.79199130852473490e-137
3,142,0x1.485215bf74179p-458,0x1.fa1ed2ef4b7bap-641,0x1.485215bf7417ap-458,1.72313860333875898e-138
3,143,0x1.4250c4d5f20bp-462,0x1.fa1ed2ef4b7bap-641,0x1.4250c4d5f20b1p-462,1.05726348627530291e-139
3,144,0x1.3a955bc2e83f5p-466,0x1.fa1ed2ef4b7bap-641,0x1.3a955bc2e83f6p-466,6.44937902146589422e-141
3,145,0x1.3143caa5c2c24p-470,0x1.fa1ed2ef4b7bap-641,0x1.3143caa5c2c25p-470,3.91145931179630871e-142
3,146,0x1.2685bbf81cd3fp-474,0x1.fa1ed2ef4b7bap-641,0x1.2685bbf81cd4p-474,2.35863326822403963e-143
3,147,0x1.1a89657927bc5p-478,0x1.fa1ed2ef4b7bap-641,0x1.1a89657927bc6p-478,1.41415490016659637e-144
3,148,0x1.0d8046133b941p-482,0x1.fa1ed2ef4b7bap-641,0x1.0d8046133b942p-482,8.43068023285012627e-146
3,149,0x1.ff3bb93add03cp-487,0x1.fa1ed2ef4b7bap-641,0x1.ff3bb93add03dp-487,4.99771258732199951e-147
3,150,0x1.e22cc5ec1c232p-491,0x1.fa1ed2ef4b7bap-641,0x1.e22cc5ec1c233p-491,2.94602724093837312e-148
3,151,0x1.c43b3021a60c2p-495,0x1.fa1ed2ef4b7bap-641,0x1.c43b3021a60c3p-495,1.72692193412011234e-149
3,152,0x1.a5cb4490c4dd5p-499,0x1.fa1ed2ef4b7bap-641,0x1.a5cb4490c4dd6p-499,1.00668271426437016e-150
3,153,0x1.873c234c5d9edp-503,0x1.fa1ed2ef4b7bap-641,0x1.873c234c5d9eep-503,5.83592658328068594e-152
3,154,0x1.68e6100181cbbp-507,0x1.fa1ed2ef4b7bap-641,0x1.68e6100181cbcp-507,3.36463167223334494e-153
3,155,0x1.4b1915c4900d1p-511,0x1.fa1ed2ef4b7bap-641,0x1.4b1915c4900d2p-511,1.92925126008343712e-154
3,156,0x1.2e1c027522c2cp-515,0x1.fa1ed2ef4b7bap-641,0x1.2e1c027522c2dp-515,1.10021237134929280e-155
3,157,0x1.122bba108635dp-519,0x1.fa1ed2ef4b7bap-641,0x1.122bba108635ep-519,6.24041535534839488e-157
3,158,0x1.eef5bde7c189bp-524,0x1.fa1ed2ef4b7bap-641,0x1.eef5bde7c189cp-524,3.52056484087487656e-158
3,159,0x1.bc639261630d6p-528,0x1.fa1ed2ef4b7bap-641,0x1.bc639261630d7p-528,1.97553886396722028e-159
3,160,0x1.8cdd898c40302p-532,0x1.fa1ed2ef4b7bap-641,0x1.8cdd898c40303p-532,1.10266999488037843e-160
3,161,0x1.608d19b7fc991p-536,0x1.fa1ed2ef4b7bap-641,0x1.608d19b7fc992p-536,6.12215785900164171e-162
3,162,0x1.3789f2083e1efp-540,0x1.fa1ed2ef4b7bap-641,0x1.3789f2083e1fp-540,3.38122901971582096e-163
3,163,0x1.11dba20bc1a09p-544,0x1.fa1ed2ef4b7bap-641,0x1.11dba20bc1a0ap-544,1.85766642854699172e-164
3,164,0x1.def6ef0621df6p-549,0x1.fa1ed2ef4b7bap-641,0x1.def6ef0621df7p-549,1.01530334603423963e-165
3,165,0x1.a0acf8eb47822p-553,0x1.fa1ed2ef4b7bap-641,0x1.a0acf8eb47823p-553,5.52040039485994176e-167
3,166,0x1.689f02f72899ep-557,0x1.fa1ed2ef4b7bap-641,0x1.689f02f72899fp-557,2.98609507069044977e-168
3,167,0x1.368244f9eeca3p-561,0x1.fa1ed2ef4b7bap-641,0x1.368244f9eeca4p-561,1.60696519645837973e-169
3,168,0x1.09ff6dcb43808p-565,0x1.fa1ed2ef4b7bap-641,0x1.09ff6dcb43809p-565,8.60380341403012503e-171
3,169,0x1.c56c84f816a87p-570,0x1.fa1ed2ef4b7bap-641,0x1.c56c84f816a88p-570,4.58318004223078075e-172
3,170,0x1.8081d456ed07ep-574,0x1.fa1ed2ef4b7bap-641,0x1.8081d456ed07fp-574,2.42910864376872603e-173
3,171,0x1.446db4388fbc5p-578,0x1.fa1ed2ef4b7bap-641,0x1.446db4388fbc6p-578,1.28097773511167517e-174
3,172,0x1.105eb5f9a3342p-582,0x1.fa1ed2ef4b7bap-641,0x1.105eb5f9a3343p-582,6.72143142330414316e-176
3,173,0x1.c70e94432d6eap-587,0x1.fa1ed2ef4b7bap-641,0x1.c70e94432d6ebp-587,3.50928250588122695e-177
3,174,0x1.7a4253ce536ebp-591,0x1.fa1ed2ef4b7bap-641,0x1.7a4253ce536f4p-591,1.82314819645070482e-178
3,175,0x1.38dff7b5a2bb8p-595,0x1.fa1ed2ef4b7bap-641,0x1.38dff7b5a2c38p-595,9.42504216165674674e-180
3,176,0x1.01868550885dcp-599,0x1.fa1ed2ef4b7bap-641,0x1.0186855088dc5p-599,4.84856054739100196e-181
3,177,0x1.a5dea18316588p-604,0x1.fa1ed2ef4b7bap-641,0x1.a5dea18326298p-604,2.48210950877876522e-182
3,178,0x1.57deeb8cf1df3p-608,0x1.fa1ed2ef4b7bap-641,0x1.57deeb8deeeebp-608,1.26449741825682272e-183
3,179,0x1.16f0bb9f5c5c7p-612,0x1.fa1ed2ef4b7bap-641,0x1.16f0bbaf2d531p-612,6.41082691178131961e-185
3,180,0x1.c25df91d02aaep-617,0x1.fa1ed2ef4b7bap-641,0x1.c25dfb17217dep-617,3.23459104063224442e-186
3,181,0x1.69d5e0c3de992p-621,0x1.fa1ed2ef4b7bap-641,0x1.69d60065cbc82p-621,1.62421842722520672e-187
3,182,0x1.2152fd53a8224p-625,0x1.fa1ed2ef4b7bap-641,0x1.2154f7727b11ap-625,8.11725267223202924e-189
3,183,0x1.cc7f5ac1636b5p-630,0x1.fa1ed2ef4b7bap-641,0x1.ccbe9e9bc154dp-630,4.03945735440634659e-190
3,184,0x1.6cbe86baa7cb5p-634,0x1.fa1ed2ef4b7bap-641,0x1.70b2c46086625p-634,2.02029100144291398e-191
3,185,0x1.1f8be07d1a559p-638,0x1.fa1ed2ef4b7bap-641,0x1.5ecfbadb03c51p-638,1.20142469493215552e-192
3,186,0x1.c342221f054b7p-643,0x1.fa1ed2ef4b7bap-641,0x1.3577adbb86675p-640,2.64958495348827776e-193
3,187,0x1.60719ad3b3141p-647,0x1.fa1ed2ef4b7bap-641,0x1.ffa0995a9a48p-641,2.19021403712790329e-193
3,188,0x1.11fe787e931b8p-651,0x1.fa1ed2ef4b7bap-641,0x1.fa63528d6b207p-641,2.16778497125462304e-193
3,189,0x1.a80d1aa2ae3aep-656,0x1.fa1ed2ef4b7bap-641,0x1.fa22230980c11p-641,2.16669492592066290e-193
3,190,0x1.46a4145cb2b9ep-660,0x1.fa1ed2ef4b7bap-641,0x1.fa1efbc3ce074p-641,2.16664219408234319e-193
3,191,0x1.f4eb2aec79d2bp-665,0x1.fa1ed2ef4b7bap-641,0x1.fa1ed4e436a6ap-641,2.16663965483240420e-193
3,192,0x1.7e58aecb715b5p-669,0x1.fa1ed2ef4b7bap-641,0x1.fa1ed3073106ap-641,2.16663953311538667e-193
3,193,0x1.2285a4c35d933p-673,0x1.fa1ed2ef4b7bap-641,0x1.fa1ed2f06e015p-641,2.16663952730748149e-193
3,194,0x1.b783767de81f2p-678,0x1.fa1ed2ef4b7bap-641,0x1.fa1ed2ef5937dp-641,2.16663952703160238e-193
3,195,0x1.4af7aa95a2496p-682,0x1.fa1ed2ef4b7bap-641,0x1.fa1ed2ef4c213p-641,2.16663952701855694e-193
3,196,0x1.f03c03b2c5eb5p-687,0x1.fa1ed2ef4b7bap-641,0x1.fa1ed2ef4b837p-641,2.16663952701794275e-193
3,197,0x1.725c8589a9c2dp-691,0x1.fa1ed2ef4b7bap-641,0x1.fa1ed2ef4b7c1p-641,2.16663952701791403e-193
3,198,0x1.1331e35a9b83ep-695,0x1.fa1ed2ef4b7bap-641,0x1.fa1ed2ef4b7bbp-641,2.16663952701791257e-193
3,199,0x1.9729f16e4fbap-700,0x1.fa1ed2ef4b7bap-641,0x1.fa1ed2ef4b7bbp-641,2.16663952701791257e-193
3,200,0x1.2be39e0c10b31p-704,0x1.fa1ed2ef4b7bap-641,0x1.fa1ed2ef4b7bbp-641,2.16663952701791257e-193
3,201,0x1.b7d40fcdc7cd4p-709,0x1.fa1ed2ef4b7bap-641,0x1.fa1ed2ef4b7bbp-641,2.16663952701791257e-193
3,202,0x1.41220f71e4edap-713,0x1.fa1ed2ef4b7bap-641,0x1.fa1ed2ef4b7bbp-641,2.16663952701791257e-193
3,203,0x1.d2e93e3a3dd15p-718,0x1.fa1ed2ef4b7bap-641,0x1.fa1ed2ef4b7bbp-641,2.16663952701791257e-193
3,204,0x1.51f87b9b07c7cp-722,0x1.fa1ed2ef4b7bap-641,0x1.fa1ed2ef4b7bbp-641,2.16663952701791257e-193
3,205,0x1.e72d79060a725p-727,0x1.fa1ed2ef4b7bap-641,0x1.fa1ed2ef4b7bbp-641,2.16663952701791257e-193
3,206,0x1.5da0fe0bde84bp-731,0x1.fa1ed2ef4b7bap-641,0x1.fa1ed2ef4b7bbp-641,2.16663952701791257e-193
3,207,0x1.f3b26ee91dc6cp-736,0x1.fa1ed2ef4b7bap-641,0x1.fa1ed2ef4b7bbp-641,2.16663952701791257e-193
3,208,0x1.6393b008595cp-740,0x1.fa1ed2ef4b7bap-641,0x1.fa1ed2ef4b7bbp-641,2.16663952701791257e-193
3,209,0x1.f7e9b2a770c6p-745,0x1.fa1ed2ef4b7bap-641,0x1.fa1ed2ef4b7bbp-641,2.16663952701791257e-193
3,210,0x1.6390e4d1bf16fp-749,0x1.fa1ed2ef4b7bap-641,0x1.fa1ed2ef4b7bbp-641,2.16663952701791257e-193
3,211,0x1.f3af1b1022fc2p-754,0x1.fa1ed2ef4b7bap-641,0x1.fa1ed2ef4b7bbp-641,2.16663952701791257e-193
3,212,0x1.5da56a573f9ecp-758,0x1.fa1ed2ef4b7bap-641,0x1.fa1ed2ef4b7bbp-641,2.16663952701791257e-193
3,213,0x1.e74a485844349p-763,0x1.fa1ed2ef4b7bap-641,0x1.fa1ed2ef4b7bbp-641,2.16663952701791257e-193
3,214,0x1.52286efdac12bp-767,0x1.fa1ed2ef4b7bap-641,0x1.fa1ed2ef4b7bbp-641,2.16663952701791257e-193
3,215,0x1.d3674d8048469p-772,0x1.fa1ed2ef4b7bap-641,0x1.fa1ed2ef4b7bbp-641,2.16663952701791257e-193
3,216,0x1.41b368dd42403p-776,0x1.fa1ed2ef4b7bap-641,0x1.fa1ed2ef4b7bbp-641,2.16663952701791257e-193
3,217,0x1.b9077de6f297fp-781,0x1.fa1ed2ef4b7bap-641,0x1.fa1ed2ef4b7bbp-641,2.16663952701791257e-193
3,218,0x1.2d15049633107p-785,0x1.fa1ed2ef4b7bap-641,0x1.fa1ed2ef4b7bbp-641,2.16663952701791257e-193
3,219,0x1.996c357067565p-790,0x1.fa1ed2ef4b7bap-641,0x1.fa1ed2ef4b7bbp-641,2.16663952701791257e-193
3,220,0x1.1540a20f6efaap-794,0x1.fa1ed2ef4b7bap-641,0x1.fa1ed2ef4b7bbp-641,2.16663952701791257e-193
3,221,0x1.75fe006273103p-799,0x1.fa1ed2ef4b7bap-641,0x1.fa1ed2ef4b7bbp-641,2.16663952701791257e-193
3,222,0x1.f67858bcb717p-804,0x1.fa1ed2ef4b7bap-641,0x1.fa1ed2ef4b7bbp-641,2.16663952701791257e-193
3,223,0x1.5032bfeff5512p-808,0x1.fa1ed2ef4b7bap-641,0x1.fa1ed2ef4b7bbp-641,2.16663952701791257e-193
3,224,0x1.c01c4414eef71p-813,0x1.fa1ed2ef4b7bap-641,0x1.fa1ed2ef4b7bbp-641,2.16663952701791257e-193
3,225,0x1.297548b6243cep-817,0x1.fa1ed2ef4b7bap-641,0x1.fa1ed2ef4b7bbp-641,2.16663952701791257e-193
3,226,0x1.895ae0bd39d66p-822,0x1.fa1ed2ef4b7bap-641,0x1.fa1ed2ef4b7bbp-641,2.16663952701791257e-193
3,227,0x1.03108df289c7bp-826,0x1.fa1ed2ef4b7bap-641,0x1.fa1ed2ef4b7bbp-641,2.16663952701791257e-193
3,228,0x1.53e8c8ef1f418p-831,0x1.fa1ed2ef4b7bap-641,0x1.fa1ed2ef4b7bbp-641,2.16663952701791257e-193
3,229,0x1.bc3f9b708cc8bp-836,0x1.fa1ed2ef4b7bap-641,0x1.fa1ed2ef4b7bbp-641,2.16663952701791257e-193
3,230,0x1.212ef3254a90cp-840,0x1.fa1ed2ef4b7bap-641,0x1.fa1ed2ef4b7bbp-641,2.16663952701791257e-193
3,231,0x1.7708f761ecef9p-845,0x1.fa1ed2ef4b7bap-641,0x1.fa1ed2ef4b7bbp-641,2.16663952701791257e-193
3,232,0x1.e481274793836p-850,0x1.fa1ed2ef4b7bap-641,0x1.fa1ed2ef4b7bbp-641,2.16663952701791257e-193
3,233,0x1.37c3e94e94903p-854,0x1.fa1ed2ef4b7bap-641,0x1.fa1ed2ef4b7bbp-641,2.16663952701791257e-193
3,234,0x1.8fb1be048b24p-859,0x1.fa1ed2ef4b7bap-641,0x1.fa1ed2ef4b7bbp-641,2.16663952701791257e-193
3,235,0x1.fe79b121d0c5bp-864,0x1.fa1ed2ef4b7bap-641,0x1.fa1ed2ef4b7bbp-641,2.16663952701791257e-193
3,236,0x1.44bf1ada1cdcap-868,0x1.fa1ed2ef4b7bap-641,0x1.fa1ed2ef4b7bbp-641,2.16663952701791257e-193
3,237,0x1.9ba05efd8a6e9p-873,0x1.fa1ed2ef4b7bap-641,0x1.fa1ed2ef4b7bbp-641,2.16663952701791257e-193
3,238,0x1.03e5077dbc8d7p-877,0x1.fa1ed2ef4b7bap-641,0x1.fa1ed2ef4b7bbp-641,2.16663952701791257e-193
3,239,0x1.46f5677a85babp-882,0x1.fa1ed2ef4b7bap-641,0x1.fa1ed2ef4b7bbp-641,2.16663952701791257e-193
3,240,0x1.99cb49e672b69p-887,0x1.fa1ed2ef4b7bap-641,0x1.fa1ed2ef4b7bbp-641,2.16663952701791257e-193
3,241,0x1.ffb53918f9a4p-892,0x1.fa1ed2ef4b7bap-641,0x1.fa1ed2ef4b7bbp-641,2.16663952701791257e-193
3,242,0x1.3e4d10bc535f1p-896,0x1.fa1ed2ef4b7bap-641,0x1.fa1ed2ef4b7bbp-641,2.16663952701791257e-193
3,243,0x1.8a8789c029e9p-901,0x1.fa1ed2ef4b7bap-641,0x1.fa1ed2ef4b7bbp-641,2.16663952701791257e-193
3,244,0x1.e73777a92bb48p-906,0x1.fa1ed2ef4b7bap-641,0x1.fa1ed2ef4b7bbp-641,2.16663952701791257e-193
3,245,0x1.2bbcf962df47cp-910,0x1.fa1ed2ef4b7bap-641,0x1.fa1ed2ef4b7bbp-641,2.16663952701791257e-193
3,246,0x1.6f74aa1d7b718p-915,0x1.fa1ed2ef4b7bap-641,0x1.fa1ed2ef4b7bbp-641,2.16663952701791257e-193
3,247,0x1.c0d5c56461829p-920,0x1.fa1ed2ef4b7bap-641,0x1.fa1ed2ef4b7bbp-641,2.16663952701791257e-193
3,248,0x1.112041365804ep-924,0x1.fa1ed2ef4b7bap-641,0x1.fa1ed2ef4b7bbp-641,2.16663952701791257e-193
3,249,0x1.4b34ff3ccd141p-929,0x1.fa1ed2ef4b7bap-641,0x1.fa1ed2ef4b7bbp-641,2.16663952701791257e-193
3,250,0x1.9031fa23d9eccp-934,0x1.fa1ed2ef4b7bap-641,0x1.fa1ed2ef4b7bbp-641,2.16663952701791257e-193
3,251,0x1.e1d22edb653e5p-939,0x1.fa1ed2ef4b7bap-641,0x1.fa1ed2ef4b7bbp-641,2.16663952701791257e-193
3,252,0x1.21033460966e8p-943,0x1.fa1ed2ef4b7bap-641,0x1.fa1ed2ef4b7bbp-641,2.16663952701791257e-193
3,253,0x1.597c59e0d794ap-948,0x1.fa1ed2ef4b7bap-641,0x1.fa1ed2ef4b7bbp-641,2.16663952701791257e-193
3,254,0x1.9b87b9afa15f5p-953,0x1.fa1ed2ef4b7bap-641,0x1.fa1ed2ef4b7bbp-641,2.16663952701791257e-193
3,255,0x1.e877fe69e114ep-958,0x1.fa1ed2ef4b7bap-641,0x1.fa1ed2ef4b7bbp-641,2.16663952701791257e-193
3,256,0x1.20e023d9e783bp-962,0x1.fa1ed2ef4b7bap-641,0x1.fa1ed2ef4b7bbp-641,2.16663952701791257e-193
3,257,0x1.547a60dea28aap-967,0x1.fa1ed2ef4b7bap-641,0x1.fa1ed2ef4b7bbp-641,2.16663952701791257e-193
3,258,0x1.8fe561b05df41p-972,0x1.fa1ed2ef4b7bap-641,0x1.fa1ed2ef4b7bbp-641,2.16663952701791257e-193
3,259,0x1.d40c2ec59e43fp-977,0x1.fa1ed2ef4b7bap-641,0x1.fa1ed2ef4b7bbp-641,2.16663952701791257e-193
3,260,0x1.10f4d1a1d406dp-981,0x1.fa1ed2ef4b7bap-641,0x1.fa1ed2ef4b7bbp-641,2.16663952701791257e-193
3,261,0x1.3d43c3112fc2ep-986,0x1.fa1ed2ef4b7bap-641,0x1.fa1ed2ef4b7bbp-641,2.16663952701791257e-193
3,262,0x1.6f7e9e77a1609p-991,0x1.fa1ed2ef4b7bap-641,0x1.fa1ed2ef4b7bbp-641,2.16663952701791257e-193
3,263,0x1.a83707a02d0f2p-996,0x1.fa1ed2ef4b7bap-641,0x1.fa1ed2ef4b7bbp-641,2.16663952701791257e-193
3,264,0x1.e803799d50881p-1001,0x1.fa1ed2ef4b7bap-641,0x1.fa1ed2ef4b7bbp-641,2.16663952701791257e-193
3,265,0x1.17bef7524d7efp-1005,0x1.fa1ed2ef4b7bap-641,0x1.fa1ed2ef4b7bbp-641,2.16663952701791257e-193
3,266,0x1.3fa123d144379p-1010,0x1.fa1ed2ef4b7bap-641,0x1.fa1ed2ef4b7bbp-641,2.16663952701791257e-193
3,267,0x1.6bf6397d428cap-1015,0x1.fa1ed2ef4b7bap-641,0x1.fa1ed2ef4b7bbp-641,2.16663952701791257e-193
3,268,0x1.9d0b2aaf70b0fp-1020,0x1.fa1ed2ef4b7bap-641,0x1.fa1ed2ef4b7bbp-641,2.16663952701791257e-193
3,269,0x0.3a655b942964ap-1022,0x1.fa1ed2ef4b7bap-641,0x1.fa1ed2ef4b7bbp-641,2.16663952701791257e-193
3,270,0x0.020ea13b9218ep-1022,0x1.fa1ed2ef4b7bap-641,0x1.fa1ed2ef4b7bbp-641,2.16663952701791257e-193
3,271,0x0.00128220b8225p-1022,0x1.fa1ed2ef4b7bap-641,0x1.fa1ed2ef4b7bbp-641,2.16663952701791257e-193
3,272,0x0.0000aaa402ce6p-1022,0x1.fa1ed2ef4b7bap-641,0x1.fa1ed2ef4b7bbp-641,2.16663952701791257e-193
3,273,0x0.00000ac098ceep-1022,0x1.fa1ed2ef4b7bap-641,0x1.fa1ed2ef4b7bbp-641,2.16663952701791257e-193
3,274,0x0.0000052151196p-1022,0x1.fa1ed2ef4b7bap-641,0x1.fa1ed2ef4b7bbp-641,2.16663952701791257e-193
3,275,0x0.000004e3b7d12p-1022,0x1.fa1ed2ef4b7bap-641,0x1.fa1ed2ef4b7bbp-641,2.16663952701791257e-193
3,276,0x0.000004d61158bp-1022,0x1.fa1ed2ef4b7bap-641,0x1.fa1ed2ef4b7bbp-641,2.16663952701791257e-193
3,277,0x0.000004ca20d2p-1022,0x1.fa1ed2ef4b7bap-641,0x1.fa1ed2ef4b7bbp-641,2.16663952701791257e-193
3,278,0x0.000004be4c0b5p-1022,0x1.fa1ed2ef4b7bap-641,0x1.fa1ed2ef4b7bbp-641,2.16663952701791257e-193
3,279,0x0.000004b284e68p-1022,0x1.fa1ed2ef4b7bap-641,0x1.fa1ed2ef4b7bbp-641,2.16663952701791257e-193
3,280,0x0.000004a6caf35p-1022,0x1.fa1ed2ef4b7bap-641,0x1.fa1ed2ef4b7bbp-641,2.16663952701791257e-193
3,281,0x0.0000049b1e3d5p-1022,0x1.fa1ed2ef4b7bap-641,0x1.fa1ed2ef4b7bbp-641,2.16663952701791257e-193
3,282,0x0.0000048f7ecfcp-1022,0x1.fa1ed2ef4b7bap-641,0x1.fa1ed2ef4b7bbp-641,2.16663952701791257e-193
3,283,0x0.00000483ecb5ep-1022,0x1.fa1ed2ef4b7bap-641,0x1.fa1ed2ef4b7bbp-641,2.16663952701791257e-193
3,284,0x0.0000047867facp-1022,0x1.fa1ed2ef4b7bap-641,0x1.fa1ed2ef4b7bbp-641,2.16663952701791257e-193
3,285,0x0.0000046cf0a93p-1022,0x1.fa1ed2ef4b7bap-641,0x1.fa1ed2ef4b7bbp-641,2.16663952701791257e-193
3,286,0x0.0000046186ccp-1022,0x1.fa1ed2ef4b7bap-641,0x1.fa1ed2ef4b7bbp-641,2.16663952701791257e-193
3,287,0x0.000004562a6dep-1022,0x1.fa1ed2ef4b7bap-641,0x1.fa1ed2ef4b7bbp-641,2.16663952701791257e-193
3,288,0x0.0000044adb995p-1022,0x1.fa1ed2ef4b7bap-641,0x1.fa1ed2ef4b7bbp-641,2.16663952701791257e-193
3,289,0x0.0000043f9a58cp-1022,0x1.fa1ed2ef4b7bap-641,0x1.fa1ed2ef4b7bbp-641,2.16663952701791257e-193
3,290,0x0.0000043466b69p-1022,0x1.fa1ed2ef4b7bap-641,0x1.fa1ed2ef4b7bbp-641,2.16663952701791257e-193
3,291,0x0.0000042940bcfp-1022,0x1.fa1ed2ef4b7bap-641,0x1.fa1ed2ef4b7bbp-641,2.16663952701791257e-193
3,292,0x0.0000041e2875ep-1022,0x1.fa1ed2ef4b7bap-641,0x1.fa1ed2ef4b7bbp-641,2.16663952701791257e-193
3,293,0x0.000004131deb7p-1022,0x1.fa1ed2ef4b7bap-641,0x1.fa1ed2ef4b7bbp-641,2.16663952701791257e-193
3,294,0x0.0000040821276p-1022,0x1.fa1ed2ef4b7bap-641,0x1.fa1ed2ef4b7bbp-641,2.16663952701791257e-193
3,295,0x0.000003fd32336p-1022,0x1.fa1ed2ef4b7bap-641,0x1.fa1ed2ef4b7bbp-641,2.16663952701791257e-193
3,296,0x0.000003f25118fp-1022,0x1.fa1ed2ef4b7bap-641,0x1.fa1ed2ef4b7bbp-641,2.16663952701791257e-193
3,297,0x0.000003e77de19p-1022,0x1.fa1ed2ef4b7bap-641,0x1.fa1ed2ef4b7bbp-641,2.16663952701791257e-193
3,298,0x0.000003dcb8968p-1022,0x1.fa1ed2ef4b7bap-641,0x1.fa1ed2ef4b7bbp-641,2.16663952701791257e-193
3,299,0x0.000003d201411p-1022,0x1.fa1ed2ef4b7bap-641,0x1.fa1ed2ef4b7bbp-641,2.16663952701791257e-193
3,300,0x0.000003c757ea4p-1022,0x1.fa1ed2ef4b7bap-641,0x1.fa1ed2ef4b7bbp-641,2.16663952701791257e-193
3,301,0x0.000003bcbc9b1p-1022,0x1.fa1ed2ef4b7bap-641,0x1.fa1ed2ef4b7bbp-641,2.16663952701791257e-193
3,302,0x0.000003b22f5c6p-1022,0x1.fa1ed2ef4b7bap-641,0x1.fa1ed2ef4b7bbp-641,2.16663952701791257e-193
3,303,0x0.000003a7b036ep-1022,0x1.fa1ed2ef4b7bap-641,0x1.fa1ed2ef4b7bbp-641,2.16663952701791257e-193
3,304,0x0.0000039d3f33p-1022,0x1.fa1ed2ef4b7bap-641,0x1.fa1ed2ef4b7bbp-641,2.16663952701791257e-193
3,305,0x0.00000392dc594p-1022,0x1.fa1ed2ef4b7bap-641,0x1.fa1ed2ef4b7bbp-641,2.16663952701791257e-193
3,306,0x0.0000038887b1dp-1022,0x1.fa1ed2ef4b7bap-641,0x1.fa1ed2ef4b7bbp-641,2.16663952701791257e-193
3,307,0x0.0000037e4144ep-1022,0x1.fa1ed2ef4b7bap-641,0x1.fa1ed2ef4b7bbp-641,2.16663952701791257e-193
3,308,0x0.00000374091a8p-1022,0x1.fa1ed2ef4b7bap-641,0x1.fa1ed2ef4b7bbp-641,2.16663952701791257e-193
3,309,0x0.00000369df3aap-1022,0x1.fa1ed2ef4b7bap-641,0x1.fa1ed2ef4b7bbp-641,2.16663952701791257e-193
3,310,0x0.0000035fc3adp-1022,0x1.fa1ed2ef4b7bap-641,0x1.fa1ed2ef4b7bbp-641,2.16663952701791257e-193
3,311,0x0.00000355b6796p-1022,0x1.fa1ed2ef4b7bap-641,0x1.fa1ed2ef4b7bbp-641,2.16663952701791257e-193
3,312,0x0.0000034bb7a75p-1022,0x1.fa1ed2ef4b7bap-641,0x1.fa1ed2ef4b7bbp-641,2.16663952701791257e-193
3,313,0x0.00000341c73e5p-1022,0x1.fa1ed2ef4b7bap-641,0x1.fa1ed2ef4b7bbp-641,2.16663952701791257e-193
3,314,0x0.00000337e545ap-1022,0x1.fa1ed2ef4b7bap-641,0x1.fa1ed2ef4b7bbp-641,2.16663952701791257e-193
3,315,0x0.0000032e11c49p-1022,0x1.fa1ed2ef4b7bap-641,0x1.fa1ed2ef4b7bbp-641,2.16663952701791257e-193
3,316,0x0.000003244cc21p-1022,0x1.fa1ed2ef4b7bap-641,0x1.fa1ed2ef4b7bbp-641,2.16663952701791257e-193
3,317,0x0.0000031a9645p-1022,0x1.fa1ed2ef4b7bap-641,0x1.fa1ed2ef4b7bbp-641,2.16663952701791257e-193
3,318,0x0.00000310ee543p-1022,0x1.fa1ed2ef4b7bap-641,0x1.fa1ed2ef4b7bbp-641,2.16663952701791257e-193
3,319,0x0.0000030754f66p-1022,0x1.fa1ed2ef4b7bap-641,0x1.fa1ed2ef4b7bbp-641,2.16663952701791257e-193
3,320,0x0.000002fdca321p-1022,0x1.fa1ed2ef4b7bap-641,0x1.fa1ed2ef4b7bbp-641,2.16663952701791257e-193
3,321,0x0.000002f44e0dcp-1022,0x1.fa1ed2ef4b7bap-641,0x1.fa1ed2ef4b7bbp-641,2.16663952701791257e-193
3,322,0x0.000002eae08fcp-1022,0x1.fa1ed2ef4b7bap-641,0x1.fa1ed2ef4b7bbp-641,2.16663952701791257e-193
3,323,0x0.000002e181be3p-1022,0x1.fa1ed2ef4b7bap-641,0x1.fa1ed2ef4b7bbp-641,2.16663952701791257e-193
3,324,0x0.000002d8319f2p-1022,0x1.fa1ed2ef4b7bap-641,0x1.fa1ed2ef4b7bbp-641,2.16663952701791257e-193
3,325,0x0.000002cef0389p-1022,0x1.fa1ed2ef4b7bap-641,0x1.fa1ed2ef4b7bbp-641,2.16663952701791257e-193
3,326,0x0.000002c5bd905p-1022,0x1.fa1ed2ef4b7bap-641,0x1.fa1ed2ef4b7bbp-641,2.16663952701791257e-193
3,327,0x0.000002bc99ac1p-1022,0x1.fa1ed2ef4b7bap-641,0x1.fa1ed2ef4b7bbp-641,2.16663952701791257e-193
3,328,0x0.000002b384915p-1022,0x1.fa1ed2ef4b7bap-641,0x1.fa1ed2ef4b7bbp-641,2.16663952701791257e-193
3,329,0x0.000002aa7e459p-1022,0x1.fa1ed2ef4b7bap-641,0x1.fa1ed2ef4b7bbp-641,2.16663952701791257e-193
3,330,0x0.000002a186ce2p-1022,0x1.fa1ed2ef4b7bap-641,0x1.fa1ed2ef4b7bbp-641,2.16663952701791257e-193
3,331,0x0.000002989e304p-1022,0x1.fa1ed2ef4b7bap-641,0x1.fa1ed2ef4b7bbp-641,2.16663952701791257e-193
3,332,0x0.0000028fc470ep-1022,0x1.fa1ed2ef4b7bap-641,0x1.fa1ed2ef4b7bbp-641,2.16663952701791257e-193
3,333,0x0.00000286f9951p-1022,0x1.fa1ed2ef4b7bap-641,0x1.fa1ed2ef4b7bbp-641,2.16663952701791257e-193
3,334,0x0.0000027e3da19p-1022,0x1.fa1ed2ef4b7bap-641,0x1.fa1ed2ef4b7bbp-641,2.16663952701791257e-193
3,335,0x0.00000275909b2p-1022,0x1.fa1ed2ef4b7bap-641,0x1.fa1ed2ef4b7bbp-641,2.16663952701791257e-193
3,336,0x0.0000026cf2864p-1022,0x1.fa1ed2ef4b7bap-641,0x1.fa1ed2ef4b7bbp-641,2.16663952701791257e-193
3,337,0x0.0000026463677p-1022,0x1.fa1ed2ef4b7bap-641,0x1.fa1ed2ef4b7bbp-641,2.16663952701791257e-193
3,338,0x0.0000025be343p-1022,0x1.fa1ed2ef4b7bap-641,0x1.fa1ed2ef4b7bbp-641,2.16663952701791257e-193
3,339,0x0.00000253721d2p-1022,0x1.fa1ed2ef4b7bap-641,0x1.fa1ed2ef4b7bbp-641,2.16663952701791257e-193
3,340,0x0.0000024b0ff9dp-1022,0x1.fa1ed2ef4b7bap-641,0x1.fa1ed2ef4b7bbp-641,2.16663952701791257e-193
3,341,0x0.00000242bcddp-1022,0x1.fa1ed2ef4b7bap-641,0x1.fa1ed2ef4b7bbp-641,2.16663952701791257e-193
3,342,0x0.0000023a78ca9p-1022,0x1.fa1ed2ef4b7bap-641,0x1.fa1ed2ef4b7bbp-641,2.16663952701791257e-193
3,343,0x0.0000023243c63p-1022,0x1.fa1ed2ef4b7bap-641,0x1.fa1ed2ef4b7bbp-641,2.16663952701791257e-193
3,344,0x0.0000022a1dd36p-1022,0x1.fa1ed2ef4b7bap-641,0x1.fa1ed2ef4b7bbp-641,2.16663952701791257e-193
3,345,0x0.0000022206f5ap-1022,0x1.fa1ed2ef4b7bap-641,0x1.fa1ed2ef4b7bbp-641,2.16663952701791257e-193
3,346,0x0.00000219ff304p-1022,0x1.fa1ed2ef4b7bap-641,0x1.fa1ed2ef4b7bbp-641,2.16663952701791257e-193
3,347,0x0.0000021206867p-1022,0x1.fa1ed2ef4b7bap-641,0x1.fa1ed2ef4b7bbp-641,2.16663952701791257e-193
3,348,0x0.0000020a1cfb3p-1022,0x1.fa1ed2ef4b7bap-641,0x1.fa1ed2ef4b7bbp-641,2.16663952701791257e-193
3,349,0x0.0000020242918p-1022,0x1.fa1ed2ef4b7bap-641,0x1.fa1ed2ef4b7bbp-641,2.16663952701791257e-193
3,350,0x0.000001fa774c2p-1022,0x1.fa1ed2ef4b7bap-641,0x1.fa1ed2ef4b7bbp-641,2.16663952701791257e-193
3,351,0x0.000001f2bb2ddp-1022,0x1.fa1ed2ef4b7bap-641,0x1.fa1ed2ef4b7bbp-641,2.16663952701791257e-193
3,352,0x0.000001eb0e391p-1022,0x1.fa1ed2ef4b7bap-641,0x1.fa1ed2ef4b7bbp-641,2.16663952701791257e-193
3,353,0x0.000001e370706p-1022,0x1.fa1ed2ef4b7bap-641,0x1.fa1ed2ef4b7bbp-641,2.16663952701791257e-193
3,354,0x0.000001dbe1d61p-1022,0x1.fa1ed2ef4b7bap-641,0x1.fa1ed2ef4b7bbp-641,2.16663952701791257e-193
3,355,0x0.000001d4626c6p-1022,0x1.fa1ed2ef4b7bap-641,0x1.fa1ed2ef4b7bbp-641,2.16663952701791257e-193
3,356,0x0.000001ccf2354p-1022,0x1.fa1ed2ef4b7bap-641,0x1.fa1ed2ef4b7bbp-641,2.16663952701791257e-193
3,357,0x0.000001c59132cp-1022,0x1.fa1ed2ef4b7bap-641,0x1.fa1ed2ef4b7bbp-641,2.16663952701791257e-193
3,358,0x0.000001be3f66ap-1022,0x1.fa1ed2ef4b7bap-641,0x1.fa1ed2ef4b7bbp-641,2.16663952701791257e-193
3,359,0x0.000001b6fcd28p-1022,0x1.fa1ed2ef4b7bap-641,0x1.fa1ed2ef4b7bbp-641,2.16663952701791257e-193
3,360,0x0.000001afc977fp-1022,0x1.fa1ed2ef4b7bap-641,0x1.fa1ed2ef4b7bbp-641,2.16663952701791257e-193
3,361,0x0.000001a8a5586p-1022,0x1.fa1ed2ef4b7bap-641,0x1.fa1ed2ef4b7bbp-641,2.16663952701791257e-193
3,362,0x0.000001a190752p-1022,0x1.fa1ed2ef4b7bap-641,0x1.fa1ed2ef4b7bbp-641,2.16663952701791257e-193
3,363,0x0.0000019a8acf7p-1022,0x1.fa1ed2ef4b7bap-641,0x1.fa1ed2ef4b7bbp-641,2.16663952701791257e-193
3,364,0x0.0000019394686p-1022,0x1.fa1ed2ef4b7bap-641,0x1.fa1ed2ef4b7bbp-641,2.16663952701791257e-193
3,365,0x0.0000018cad40ep-1022,0x1.fa1ed2ef4b7bap-641,0x1.fa1ed2ef4b7bbp-641,2.16663952701791257e-193
3,366,0x0.00000185d559dp-1022,0x1.fa1ed2ef4b7bap-641,0x1.fa1ed2ef4b7bbp-641,2.16663952701791257e-193
3,367,0x0.0000017f0cb3fp-1022,0x1.fa1ed2ef4b7bap-641,0x1.fa1ed2ef4b7bbp-641,2.16663952701791257e-193
3,368,0x0.00000178534fbp-1022,0x1.fa1ed2ef4b7bap-641,0x1.fa1ed2ef4b7bbp-641,2.16663952701791257e-193
3,369,0x0.00000171a92dap-1022,0x1.fa1ed2ef4b7bap-641,0x1.fa1ed2ef4b7bbp-641,2.16663952701791257e-193
3,370,0x0.0000016b0e4dfp-1022,0x1.fa1ed2ef4b7bap-641,0x1.fa1ed2ef4b7bbp-641,2.16663952701791257e-193
3,371,0x0.0000016482b0cp-1022,0x1.fa1ed2ef4b7bap-641,0x1.fa1ed2ef4b7bbp-641,2.16663952701791257e-193
3,372,0x0.0000015e0656p-1022,0x1.fa1ed2ef4b7bap-641,0x1.fa1ed2ef4b7bbp-641,2.16663952701791257e-193
3,373,0x0.00000157993d9p-1022,0x1.fa1ed2ef4b7bap-641,0x1.fa1ed2ef4b7bbp-641,2.16663952701791257e-193
3,374,0x0.000001513b674p-1022,0x1.fa1ed2ef4b7bap-641,0x1.fa1ed2ef4b7bbp-641,2.16663952701791257e-193
3,375,0x0.0000014aecd2fp-1022,0x1.fa1ed2ef4b7bap-641,0x1.fa1ed2ef4b7bbp-641,2.16663952701791257e-193
3,376,0x0.00000144ad809p-1022,0x1.fa1ed2ef4b7bap-641,0x1.fa1ed2ef4b7bbp-641,2.16663952701791257e-193
3,377,0x0.0000013e7d7p-1022,0x1.fa1ed2ef4b7bap-641,0x1.fa1ed2ef4b7bbp-641,2.16663952701791257e-193
3,378,0x0.000001385ca12p-1022,0x1.fa1ed2ef4b7bap-641,0x1.fa1ed2ef4b7bbp-641,2.16663952701791257e-193
3,379,0x0.000001324b13dp-1022,0x1.fa1ed2ef4b7bap-641,0x1.fa1ed2ef4b7bbp-641,2.16663952701791257e-193
3,380,0x0.0000012c48c7fp-1022,0x1.fa1ed2ef4b7bap-641,0x1.fa1ed2ef4b7bbp-641,2.16663952701791257e-193
3,381,0x0.0000012655bd6p-1022,0x1.fa1ed2ef4b7bap-641,0x1.fa1ed2ef4b7bbp-641,2.16663952701791257e-193
3,382,0x0.0000012071f4p-1022,0x1.fa1ed2ef4b7bap-641,0x1.fa1ed2ef4b7bbp-641,2.16663952701791257e-193
3,383,0x0.0000011a9d6bap-1022,0x1.fa1ed2ef4b7bap-641,0x1.fa1ed2ef4b7bbp-641,2.16663952701791257e-193
3,384,0x0.00000114d8242p-1022,0x1.fa1ed2ef4b7bap-641,0x1.fa1ed2ef4b7bbp-641,2.16663952701791257e-193
3,385,0x0.0000010f221d6p-1022,0x1.fa1ed2ef4b7bap-641,0x1.fa1ed2ef4b7bbp-641,2.16663952701791257e-193
3,386,0x0.000001097b574p-1022,0x1.fa1ed2ef4b7bap-641,0x1.fa1ed2ef4b7bbp-641,2.16663952701791257e-193
3,387,0x0.00000103e3d1ap-1022,0x1.fa1ed2ef4b7bap-641,0x1.fa1ed2ef4b7bbp-641,2.16663952701791257e-193
3,388,0x0.000000fe5b8c6p-1022,0x1.fa1ed2ef4b7bap-641,0x1.fa1ed2ef4b7bbp-641,2.16663952701791257e-193
3,389,0x0.000000f8e2877p-1022,0x1.fa1ed2ef4b7bap-641,0x1.fa1ed2ef4b7bbp-641,2.16663952701791257e-193
3,390,0x0.000000f378c2bp-1022,0x1.fa1ed2ef4b7bap-641,0x1.fa1ed2ef4b7bbp-641,2.16663952701791257e-193
3,391,0x0.000000ee1e3ep-1022,0x1.fa1ed2ef4b7bap-641,0x1.fa1ed2ef4b7bbp-641,2.16663952701791257e-193
3,392,0x0.000000e8d2f94p-1022,0x1.fa1ed2ef4b7bap-641,0x1.fa1ed2ef4b7bbp-641,2.16663952701791257e-193
3,393,0x0.000000e396f45p-1022,0x1.fa1ed2ef4b7bap-641,0x1.fa1ed2ef4b7bbp-641,2.16663952701791257e-193
3,394,0x0.000000de6a2f1p-1022,0x1.fa1ed2ef4b7bap-641,0x1.fa1ed2ef4b7bbp-641,2.16663952701791257e-193
3,395,0x0.000000d94ca96p-1022,0x1.fa1ed2ef4b7bap-641,0x1.fa1ed2ef4b7bbp-641,2.16663952701791257e-193
3,396,0x0.000000d43e632p-1022,0x1.fa1ed2ef4b7bap-641,0x1.fa1ed2ef4b7bbp-641,2.16663952701791257e-193
3,397,0x0.000000cf3f5c3p-1022,0x1.fa1ed2ef4b7bap-641,0x1.fa1ed2ef4b7bbp-641,2.16663952701791257e-193
3,398,0x0.000000ca4f947p-1022,0x1.fa1ed2ef4b7bap-641,0x1.fa1ed2ef4b7bbp-641,2.16663952701791257e-193
3,399,0x0.000000c56f0bcp-1022,0x1.fa1ed2ef4b7bap-641,0x1.fa1ed2ef4b7bbp-641,2.16663952701791257e-193
3,400,0x0.000000c09dc2p-1022,0x1.fa1ed2ef4b7bap-641,0x1.fa1ed2ef4b7bbp-641,2.16663952701791257e-193
3,401,0x0.000000bbdbb71p-1022,0x1.fa1ed2ef4b7bap-641,0x1.fa1ed2ef4b7bbp-641,2.16663952701791257e-193
3,402,0x0.000000b728eaep-1022,0x1.fa1ed2ef4b7bap-641,0x1.fa1ed2ef4b7bbp-641,2.16663952701791257e-193
3,403,0x0.000000b2855d5p-1022,0x1.fa1ed2ef4b7bap-641,0x1.fa1ed2ef4b7bbp-641,2.16663952701791257e-193
3,404,0x0.000000adf10e4p-1022,0x1.fa1ed2ef4b7bap-641,0x1.fa1ed2ef4b7bbp-641,2.16663952701791257e-193
3,405,0x0.000000a96bfd9p-1022,0x1.fa1ed2ef4b7bap-641,0x1.fa1ed2ef4b7bbp-641,2.16663952701791257e-193
3,406,0x0.000000a4f62b2p-1022,0x1.fa1ed2ef4b7bap-641,0x1.fa1ed2ef4b7bbp-641,2.16663952701791257e-193
3,407,0x0.000000a08f96dp-1022,0x1.fa1ed2ef4b7bap-641,0x1.fa1ed2ef4b7bbp-641,2.16663952701791257e-193
3,408,0x0.0000009c38408p-1022,0x1.fa1ed2ef4b7bap-641,0x1.fa1ed2ef4b7bbp-641,2.16663952701791257e-193
3,409,0x0.00000097f0281p-1022,0x1.fa1ed2ef4b7bap-641,0x1.fa1ed2ef4b7bbp-641,2.16663952701791257e-193
3,410,0x0.00000093b74d5p-1022,0x1.fa1ed2ef4b7bap-641,0x1.fa1ed2ef4b7bbp-641,2.16663952701791257e-193
3,411,0x0.0000008f8db02p-1022,0x1.fa1ed2ef4b7bap-641,0x1.fa1ed2ef4b7bbp-641,2.16663952701791257e-193
3,412,0x0.0000008b73506p-1022,0x1.fa1ed2ef4b7bap-641,0x1.fa1ed2ef4b7bbp-641,2.16663952701791257e-193
3,413,0x0.00000087682dfp-1022,0x1.fa1ed2ef4b7bap-641,0x1.fa1ed2ef4b7bbp-641,2.16663952701791257e-193
3,414,0x0.000000836c48bp-1022,0x1.fa1ed2ef4b7bap-641,0x1.fa1ed2ef4b7bbp-641,2.16663952701791257e-193
3,415,0x0.0000007f7fa09p-1022,0x1.fa1ed2ef4b7bap-641,0x1.fa1ed2ef4b7bbp-641,2.16663952701791257e-193
3,416,0x0.0000007ba2356p-1022,0x1.fa1ed2ef4b7bap-641,0x1.fa1ed2ef4b7bbp-641,2.16663952701791257e-193
3,417,0x0.00000077d407p-1022,0x1.fa1ed2ef4b7bap-641,0x1.fa1ed2ef4b7bbp-641,2.16663952701791257e-193
3,418,0x0.0000007415155p-1022,0x1.fa1ed2ef4b7bap-641,0x1.fa1ed2ef4b7bbp-641,2.16663952701791257e-193
3,419,0x0.0000007065603p-1022,0x1.fa1ed2ef4b7bap-641,0x1.fa1ed2ef4b7bbp-641,2.16663952701791257e-193
3,420,0x0.0000006cc4e78p-1022,0x1.fa1ed2ef4b7bap-641,0x1.fa1ed2ef4b7bbp-641,2.16663952701791257e-193
3,421,0x0.0000006933ab2p-1022,0x1.fa1ed2ef4b7bap-641,0x1.fa1ed2ef4b7bbp-641,2.16663952701791257e-193
3,422,0x0.00000065b1aafp-1022,0x1.fa1ed2ef4b7bap-641,0x1.fa1ed2ef4b7bbp-641,2.16663952701791257e-193
3,423,0x0.000000623ee6dp-1022,0x1.fa1ed2ef4b7bap-641,0x1.fa1ed2ef4b7bbp-641,2.16663952701791257e-193
3,424,0x0.0000005edb5eap-1022,0x1.fa1ed2ef4b7bap-641,0x1.fa1ed2ef4b7bbp-641,2.16663952701791257e-193
3,425,0x0.0000005b87124p-1022,0x1.fa1ed2ef4b7bap-641,0x1.fa1ed2ef4b7bbp-641,2.16663952701791257e-193
3,426,0x0.0000005842019p-1022,0x1.fa1ed2ef4b7bap-641,0x1.fa1ed2ef4b7bbp-641,2.16663952701791257e-193
3,427,0x0.000000550c2c7p-1022,0x1.fa1ed2ef4b7bap-641,0x1.fa1ed2ef4b7bbp-641,2.16663952701791257e-193
3,428,0x0.00000051e592dp-1022,0x1.fa1ed2ef4b7bap-641,0x1.fa1ed2ef4b7bbp-641,2.16663952701791257e-193
3,429,0x0.0000004ece348p-1022,0x1.fa1ed2ef4b7bap-641,0x1.fa1ed2ef4b7bbp-641,2.16663952701791257e-193
3,430,0x0.0000004bc6116p-1022,0x1.fa1ed2ef4b7bap-641,0x1.fa1ed2ef4b7bbp-641,2.16663952701791257e-193
3,431,0x0.00000048cd295p-1022,0x1.fa1ed2ef4b7bap-641,0x1.fa1ed2ef4b7bbp-641,2.16663952701791257e-193
3,432,0x0.00000045e37c3p-1022,0x1.fa1ed2ef4b7bap-641,0x1.fa1ed2ef4b7bbp-641,2.16663952701791257e-193
3,433,0x0.000000430909ep-1022,0x1.fa1ed2ef4b7bap-641,0x1.fa1ed2ef4b7bbp-641,2.16663952701791257e-193
3,434,0x0.000000403dd24p-1022,0x1.fa1ed2ef4b7bap-641,0x1.fa1ed2ef4b7bbp-641,2.16663952701791257e-193
3,435,0x0.0000003d81d53p-1022,0x1.fa1ed2ef4b7bap-641,0x1.fa1ed2ef4b7bbp-641,2.16663952701791257e-193
3,436,0x0.0000003ad5129p-1022,0x1.fa1ed2ef4b7bap-641,0x1.fa1ed2ef4b7bbp-641,2.16663952701791257e-193
3,437,0x0.00000038378a3p-1022,0x1.fa1ed2ef4b7bap-641,0x1.fa1ed2ef4b7bbp-641,2.16663952701791257e-193
3,438,0x0.00000035a93bfp-1022,0x1.fa1ed2ef4b7bap-641,0x1.fa1ed2ef4b7bbp-641,2.16663952701791257e-193
3,439,0x0.000000332a27bp-1022,0x1.fa1ed2ef4b7bap-641,0x1.fa1ed2ef4b7bbp-641,2.16663952701791257e-193
3,440,0x0.00000030ba4d5p-1022,0x1.fa1ed2ef4b7bap-641,0x1.fa1ed2ef4b7bbp-641,2.16663952701791257e-193
3,441,0x0.0000002e59accp-1022,0x1.fa1ed2ef4b7bap-641,0x1.fa1ed2ef4b7bbp-641,2.16663952701791257e-193
3,442,0x0.0000002c0845ep-1022,0x1.fa1ed2ef4b7bap-641,0x1.fa1ed2ef4b7bbp-641,2.16663952701791257e-193
3,443,0x0.00000029c6189p-1022,0x1.fa1ed2ef4b7bap-641,0x1.fa1ed2ef4b7bbp-641,2.16663952701791257e-193
3,444,0x0.000000279324bp-1022,0x1.fa1ed2ef4b7bap-641,0x1.fa1ed2ef4b7bbp-641,2.16663952701791257e-193
3,445,0x0.000000256f6a2p-1022,0x1.fa1ed2ef4b7bap-641,0x1.fa1ed2ef4b7bbp-641,2.16663952701791257e-193
3,446,0x0.000000235ae8bp-1022,0x1.fa1ed2ef4b7bap-641,0x1.fa1ed2ef4b7bbp-641,2.16663952701791257e-193
3,447,0x0.0000002155a04p-1022,0x1.fa1ed2ef4b7bap-641,0x1.fa1ed2ef4b7bbp-641,2.16663952701791257e-193
3,448,0x0.0000001f5f90bp-1022,0x1.fa1ed2ef4b7bap-641,0x1.fa1ed2ef4b7bbp-641,2.16663952701791257e-193
3,449,0x0.0000001d78b9ep-1022,0x1.fa1ed2ef4b7bap-641,0x1.fa1ed2ef4b7bbp-641,2.16663952701791257e-193
3,450,0x0.0000001ba11bap-1022,0x1.fa1ed2ef4b7bap-641,0x1.fa1ed2ef4b7bbp-641,2.16663952701791257e-193
3,451,0x0.00000019d8b5dp-1022,0x1.fa1ed2ef4b7bap-641,0x1.fa1ed2ef4b7bbp-641,2.16663952701791257e-193
3,452,0x0.000000181f885p-1022,0x1.fa1ed2ef4b7bap-641,0x1.fa1ed2ef4b7bbp-641,2.16663952701791257e-193
3,453,0x0.000000167593p-1022,0x1.fa1ed2ef4b7bap-641,0x1.fa1ed2ef4b7bbp-641,2.16663952701791257e-193
3,454,0x0.00000014dad5dp-1022,0x1.fa1ed2ef4b7bap-641,0x1.fa1ed2ef4b7bbp-641,2.16663952701791257e-193
3,455,0x0.000000134f50ap-1022,0x1.fa1ed2ef4b7bap-641,0x1.fa1ed2ef4b7bbp-641,2.16663952701791257e-193
3,456,0x0.00000011d3035p-1022,0x1.fa1ed2ef4b7bap-641,0x1.fa1ed2ef4b7bbp-641,2.16663952701791257e-193
3,457,0x0.0000001065edcp-1022,0x1.fa1ed2ef4b7bap-641,0x1.fa1ed2ef4b7bbp-641,2.16663952701791257e-193
3,458,0x0.0000000f080fdp-1022,0x1.fa1ed2ef4b7bap-641,0x1.fa1ed2ef4b7bbp-641,2.16663952701791257e-193
3,459,0x0.0000000db9696p-1022,0x1.fa1ed2ef4b7bap-641,0x1.fa1ed2ef4b7bbp-641,2.16663952701791257e-193
3,460,0x0.0000000c79fa5p-1022,0x1.fa1ed2ef4b7bap-641,0x1.fa1ed2ef4b7bbp-641,2.16663952701791257e-193
3,461,0x0.0000000b49c28p-1022,0x1.fa1ed2ef4b7bap-641,0x1.fa1ed2ef4b7bbp-641,2.16663952701791257e-193
3,462,0x0.0000000a28c1dp-1022,0x1.fa1ed2ef4b7bap-641,0x1.fa1ed2ef4b7bbp-641,2.16663952701791257e-193
3,463,0x0.0000000916f82p-1022,0x1.fa1ed2ef4b7bap-641,0x1.fa1ed2ef4b7bbp-641,2.16663952701791257e-193
3,464,0x0.0000000814655p-1022,0x1.fa1ed2ef4b7bap-641,0x1.fa1ed2ef4b7bbp-641,2.16663952701791257e-193
3,465,0x0.0000000721094p-1022,0x1.fa1ed2ef4b7bap-641,0x1.fa1ed2ef4b7bbp-641,2.16663952701791257e-193
3,466,0x0.000000063ce3dp-1022,0x1.fa1ed2ef4b7bap-641,0x1.fa1ed2ef4b7bbp-641,2.16663952701791257e-193
3,467,0x0.0000000567f4fp-1022,0x1.fa1ed2ef4b7bap-641,0x1.fa1ed2ef4b7bbp-641,2.16663952701791257e-193
3,468,0x0.00000004a23c8p-1022,0x1.fa1ed2ef4b7bap-641,0x1.fa1ed2ef4b7bbp-641,2.16663952701791257e-193
3,469,0x0.00000003ebba6p-1022,0x1.fa1ed2ef4b7bap-641,0x1.fa1ed2ef4b7bbp-641,2.16663952701791257e-193
3,470,0x0.00000003446e7p-1022,0x1.fa1ed2ef4b7bap-641,0x1.fa1ed2ef4b7bbp-641,2.16663952701791257e-193
3,471,0x0.00000002ac589p-1022,0x1.fa1ed2ef4b7bap-641,0x1.fa1ed2ef4b7bbp-641,2.16663952701791257e-193
3,472,0x0.000000022378ap-1022,0x1.fa1ed2ef4b7bap-641,0x1.fa1ed2ef4b7bbp-641,2.16663952701791257e-193
3,473,0x0.00000001a9ce8p-1022,0x1.fa1ed2ef4b7bap-641,0x1.fa1ed2ef4b7bbp-641,2.16663952701791257e-193
3,474,0x0.000000013f5a1p-1022,0x1.fa1ed2ef4b7bap-641,0x1.fa1ed2ef4b7bbp-641,2.16663952701791257e-193
3,475,0x0.00000000e41b3p-1022,0x1.fa1ed2ef4b7bap-641,0x1.fa1ed2ef4b7bbp-641,2.16663952701791257e-193
3,476,0x0.000000009811cp-1022,0x1.fa1ed2ef4b7bap-641,0x1.fa1ed2ef4b7bbp-641,2.16663952701791257e-193
3,477,0x0.000000005b3dap-1022,0x1.fa1ed2ef4b7bap-641,0x1.fa1ed2ef4b7bbp-641,2.16663952701791257e-193
3,478,0x0.000000002d9ebp-1022,0x1.fa1ed2ef4b7bap-641,0x1.fa1ed2ef4b7bbp-641,2.16663952701791257e-193
3,479,0x0.000000000f34dp-1022,0x1.fa1ed2ef4b7bap-641,0x1.fa1ed2ef4b7bbp-641,2.16663952701791257e-193
3,480,0x0p+0,0x1.fa1ed2ef4b7bap-641,0x1.fa1ed2ef4b7bap-641,2.16663952701791233e-193
4,0,0x1.17d909cbd568p-2,0x1.120fe81434ec8p-639,0x1.17d909cbd5681p-2,2.73288872781769554e-01
4,1,0x1.81f442b2f03c6p-4,0x1.120fe81434ec8p-639,0x1.81f442b2f03c7p-4,9.42270856312595745e-02
4,2,0x1.eb254c684ba0dp-6,0x1.120fe81434ec8p-639,0x1.eb254c684ba0ep-6,2.99771543661169690e-02
4,3,0x1.273b7f81a5a3dp-7,0x1.120fe81434ec8p-639,0x1.273b7f81a5a3ep-7,9.00977826976856119e-03
4,4,0x1.54af768df2e54p-9,0x1.120fe81434ec8p-639,0x1.54af768df2e55p-9,2.59922334860166826e-03
4,5,0x1.7cd6122e22baap-11,0x1.120fe81434ec8p-639,0x1.7cd6122e22babp-11,7.26387433830457340e-04
4,6,0x1.9e53a73870ca7p-13,0x1.120fe81434ec8p-639,0x1.9e53a73870ca8p-13,1.97566399732539534e-04
4,7,0x1.b7b9b2ea36e78p-15,0x1.120fe81434ec8p-639,0x1.b7b9b2ea36e79p-15,5.24193508952526405e-05
4,8,0x1.c7ecd82be4758p-17,0x1.120fe81434ec8p-639,0x1.c7ecd82be4759p-17,1.35876290057489137e-05
4,9,0x1.ce6b5a06955c8p-19,0x1.120fe81434ec8p-639,0x1.ce6b5a06955c9p-19,3.44529258037671033e-06
4,10,0x1.cb5dc905e6e87p-21,0x1.120fe81434ec8p-639,0x1.cb5dc905e6e88p-21,8.55636500973975830e-07
4,11,0x1.bf81b343532a3p-23,0x1.120fe81434ec8p-639,0x1.bf81b343532a4p-23,2.08386518799754212e-07
4,12,0x1.ac0408543f06fp-25,0x1.120fe81434ec8p-639,0x1.ac0408543f07p-25,4.98275915267618091e-08
4,13,0x1.9258b42bba775p-27,0x1.120fe81434ec8p-639,0x1.9258b42bba776p-27,1.17098242972408784e-08
4,14,0x1.741520ecdfe1dp-29,0x1.120fe81434ec8p-639,0x1.741520ecdfe1ep-29,2.70725674381590821e-09
4,15,0x1.52cfbe9454f09p-31,0x1.120fe81434ec8p-639,0x1.52cfbe9454f0ap-31,6.16294531503055483e-10
4,16,0x1.3005c0a5218bdp-33,0x1.120fe81434ec8p-639,0x1.3005c0a5218bep-33,1.38253413197197467e-10
4,17,0x1.0d07e44f1a196p-35,0x1.120fe81434ec8p-639,0x1.0d07e44f1a197p-35,3.05852640245518523e-11
4,18,0x1.d5dcee860eac1p-38,0x1.120fe81434ec8p-639,0x1.d5dcee860eac2p-38,6.67715503627498849e-12
4,19,0x1.952832107244cp-40,0x1.120fe81434ec8p-639,0x1.952832107244dp-40,1.43940686541459939e-12
4,20,0x1.592c30c0ff4d1p-42,0x1.120fe81434ec8p-639,0x1.592c30c0ff4d2p-42,3.06574871200923088e-13
4,21,0x1.22b201c7e74aep-44,0x1.120fe81434ec8p-639,0x1.22b201c7e74afp-44,6.45473318514534282e-14
4,22,0x1.e43f96332c28ep-47,0x1.120fe81434ec8p-639,0x1.e43f96332c28fp-47,1.34405926837798961e-14
4,23,0x1.8f1470c2d1eabp-49,0x1.120fe81434ec8p-639,0x1.8f1470c2d1eacp-49,2.76917270778214704e-15
4,24,0x1.458d72969644cp-51,0x1.120fe81434ec8p-639,0x1.458d72969644dp-51,5.64743615982169320e-16
4,25,0x1.06f9f006def34p-53,0x1.120fe81434ec8p-639,0x1.06f9f006def35p-53,1.14047798448598214e-16
4,26,0x1.a4d9f7f9664f2p-56,0x1.120fe81434ec8p-639,0x1.a4d9f7f9664f3p-56,2.28144022790491574e-17
4,27,0x1.4dafc400b48b1p-58,0x1.120fe81434ec8p-639,0x1.4dafc400b48b2p-58,4.52229649825121591e-18
4,28,0x1.063ebe49fa942p-60,0x1.120fe81434ec8p-639,0x1.063ebe49fa943p-60,8.88520929599837887e-19
4,29,0x1.98aec9803fd6fp-63,0x1.120fe81434ec8p-639,0x1.98aec9803fd7p-63,1.73083882262570735e-19
4,30,0x1.3bcfe5c60a856p-65,0x1.120fe81434ec8p-639,0x1.3bcfe5c60a857p-65,3.34379067108060181e-20
4,31,0x1.e42c26275a349p-68,0x1.120fe81434ec8p-639,0x1.e42c26275a34ap-68,6.40796911537759580e-21
4,32,0x1.703f16115c4aap-70,0x1.120fe81434ec8p-639,0x1.703f16115c4abp-70,1.21842523173345100e-21
4,33,0x1.15f312a5227d5p-72,0x1.120fe81434ec8p-639,0x1.15f312a5227d6p-72,2.29914440357971757e-22
4,34,0x1.a07bcc67105ffp-75,0x1.120fe81434ec8p-639,0x1.a07bcc67106p-75,4.30633936475546912e-23
4,35,0x1.35c7ee3e72ddep-77,0x1.120fe81434ec8p-639,0x1.35c7ee3e72ddfp-77,8.00765062560813991e-24
4,36,0x1.c995b5c6269e3p-80,0x1.120fe81434ec8p-639,0x1.c995b5c6269e4p-80,1.47853624692736899e-24
4,37,0x1.4fa0e73d03215p-82,0x1.120fe81434ec8p-639,0x1.4fa0e73d03216p-82,2.71118566138819042e-25
4,38,0x1.e909bce72c4d9p-85,0x1.120fe81434ec8p-639,0x1.e909bce72c4dap-85,4.93802227048529437e-26
4,39,0x1.61efa9e8ac7c6p-87,0x1.120fe81434ec8p-639,0x1.61efa9e8ac7c7p-87,8.93460545144073188e-27
4,40,0x1.fd01e8b1a2d9ep-90,0x1.120fe81434ec8p-639,0x1.fd01e8b1a2d9fp-90,1.60614433278494583e-27
4,41,0x1.6bb16c4e5d211p-92,0x1.120fe81434ec8p-639,0x1.6bb16c4e5d212p-92,2.86903235642837755e-28
4,42,0x1.023fd268a21aap-94,0x1.120fe81434ec8p-639,0x1.023fd268a21abp-94,5.09306949970744087e-29
4,43,0x1.6c83c9aa7f44dp-97,0x1.120fe81434ec8p-639,0x1.6c83c9aa7f44ep-97,8.98598349634442860e-30
4,44,0x1.ff6bd8077cb1p-100,0x1.120fe81434ec8p-639,0x1.ff6bd8077cb11p-100,1.57593844582766292e-30
4,45,0x1.64a698653e344p-102,0x1.120fe81434ec8p-639,0x1.64a698653e345p-102,2.74753753560330988e-31
4,46,0x1.ee8c6ea22942dp-105,0x1.120fe81434ec8p-639,0x1.ee8c6ea22942ep-105,4.76232943345143095e-32
4,47,0x1.54ebed870c591p-107,0x1.120fe81434ec8p-639,0x1.54ebed870c592p-107,8.20738881127628261e-33
4,48,0x1.d362e86a50639p-110,0x1.120fe81434ec8p-639,0x1.d362e86a5063ap-110,1.40648966274556350e-33
4,49,0x1.3e99f5399976ap-112,0x1.120fe81434ec8p-639,0x1.3e99f5399976bp-112,2.39689051913460758e-34
4,50,0x1.affa60e02cd2dp-115,0x1.120fe81434ec8p-639,0x1.affa60e02cd2ep-115,4.06230197222995540e-35
4,51,0x1.2343ddb966cfep-117,0x1.120fe81434ec8p-639,0x1.2343ddb966cffp-117,6.84760963969320825e-36
4,52,0x1.86ad0f12088fdp-120,0x1.120fe81434ec8p-639,0x1.86ad0f12088fep-120,1.14809361043818967e-36
4,53,0x1.049fa1d6ecf1ep-122,0x1.120fe81434ec8p-639,0x1.049fa1d6ecf1fp-122,1.91475953914293368e-37
4,54,0x1.59e95008c3d04p-125,0x1.120fe81434ec8p-639,0x1.59e95008c3d05p-125,3.17669429771616497e-38
4,55,0x1.c8bc31c6eb5bap-128,0x1.120fe81434ec8p-639,0x1.c8bc31c6eb5bbp-128,5.24306221162612574e-39
4,56,0x1.2bfd29afc9ffbp-130,0x1.120fe81434ec8p-639,0x1.2bfd29afc9ffcp-130,8.60925970801619947e-40
4,57,0x1.881319c220f2ep-133,0x1.120fe81434ec8p-639,0x1.881319c220f2fp-133,1.40649869159182228e-40
4,58,0x1.fdda72db2d8aap-136,0x1.120fe81434ec8p-639,0x1.fdda72db2d8abp-136,2.28626133578517206e-41
4,59,0x1.49db0b99eab5bp-138,0x1.120fe81434ec8p-639,0x1.49db0b99eab5cp-138,3.69780967894036915e-42
4,60,0x1.a8b35317a5ec5p-141,0x1.120fe81434ec8p-639,0x1.a8b35317a5ec6p-141,5.95132139725276708e-43
4,61,0x1.10119cc70bd31p-143,0x1.120fe81434ec8p-639,0x1.10119cc70bd32p-143,9.53123973769921350e-44
4,62,0x1.5ae308013c34cp-146,0x1.120fe81434ec8p-639,0x1.5ae308013c34dp-146,1.51903749199736966e-44
4,63,0x1.b824ee2fb751ep-149,0x1.120fe81434ec8p-639,0x1.b824ee2fb751fp-149,2.40927138605041928e-45
4,64,0x1.15e5bce3745b5p-151,0x1.120fe81434ec8p-639,0x1.15e5bce3745b6p-151,3.80290252657130615e-46
4,65,0x1.5d3e90f3eaf48p-154,0x1.120fe81434ec8p-639,0x1.5d3e90f3eaf49p-154,5.97406787620972435e-47
4,66,0x1.b4d470c4d3831p-157,0x1.120fe81434ec8p-639,0x1.b4d470c4d3832p-157,9.34034716756076662e-48
4,67,0x1.0fe747be1e44ap-159,0x1.120fe81434ec8p-639,0x1.0fe747be1e44bp-159,1.45346782971559455e-48
4,68,0x1.50e7b0d20d181p-162,0x1.120fe81434ec8p-639,0x1.50e7b0d20d182p-162,2.25116976605085872e-49
4,69,0x1.9f7ff7fb38773p-165,0x1.120fe81434ec8p-639,0x1.9f7ff7fb38774p-165,3.47041690630211469e-50
4,70,0x1.fe0d4754c7fd9p-168,0x1.120fe81434ec8p-639,0x1.fe0d4754c7fdap-168,5.32518999058686878e-51
4,71,0x1.379d21249e8bp-170,0x1.120fe81434ec8p-639,0x1.379d21249e8b1p-170,8.13349934569212074e-52
4,72,0x1.7b0186e7f586p-173,0x1.120fe81434ec8p-639,0x1.7b0186e7f5861p-173,1.23656465760228980e-52
4,73,0x1.cadc20dd2aa1bp-176,0x1.120fe81434ec8p-639,0x1.cadc20dd2aa1cp-176,1.87137525129656338e-53
4,74,0x1.14801c08198f2p-178,0x1.120fe81434ec8p-639,0x1.14801c08198f3p-178,2.81913980697308782e-54
4,75,0x1.4bb5fa8ea365ap-181,0x1.120fe81434ec8p-639,0x1.4bb5fa8ea365bp-181,4.22756703246244361e-55
4,76,0x1.8c2399994f7bp-184,0x1.120fe81434ec8p-639,0x1.8c2399994f7b1p-184,6.31085936124850587e-56
4,77,0x1.d6f08a8fe8cc9p-187,0x1.120fe81434ec8p-639,0x1.d6f08a8fe8ccap-187,9.37812612697655510e-57
4,78,0x1.16ab0bce943abp-189,0x1.120fe81434ec8p-639,0x1.16ab0bce943acp-189,1.38732491849492075e-57
4,79,0x1.484e470a9e5c3p-192,0x1.120fe81434ec8p-639,0x1.484e470a9e5c4p-192,2.04305183189768312e-58
4,80,0x1.810bd60f9088bp-195,0x1.120fe81434ec8p-639,0x1.810bd60f9088cp-195,2.99518575431557766e-59
4,81,0x1.c19111b5fb9aep-198,0x1.120fe81434ec8p-639,0x1.c19111b5fb9afp-198,4.37134421289778087e-60
4,82,0x1.05460a02bc8d7p-200,0x1.120fe81434ec8p-639,0x1.05460a02bc8d8p-200,6.35120915560003764e-61
4,83,0x1.2e54423d2b84cp-203,0x1.120fe81434ec8p-639,0x1.2e54423d2b84dp-203,9.18651772737322982e-62
4,84,0x1.5c45f5ec40b53p-206,0x1.120fe81434ec8p-639,0x1.5c45f5ec40b54p-206,1.32282102389788000e-62
4,85,0x1.8f68cb580f669p-209,0x1.120fe81434ec8p-639,0x1.8f68cb580f66ap-209,1.89630928382040338e-63
4,86,0x1.c8030950cdf34p-212,0x1.120fe81434ec8p-639,0x1.c8030950cdf35p-212,2.70630719875156188e-64
4,87,0x1.032895eb16c88p-214,0x1.120fe81434ec8p-639,0x1.032895eb16c89p-214,3.84508976626038161e-65
4,88,0x1.2541ad0e4df25p-217,0x1.120fe81434ec8p-639,0x1.2541ad0e4df26p-217,5.43874493695567693e-66
4,89,0x1.4a5d65fb07cdfp-220,0x1.120fe81434ec8p-639,0x1.4a5d65fb07cep-220,7.65869554169063693e-67
4,90,0x1.728397969177bp-223,0x1.120fe81434ec8p-639,0x1.728397969177cp-223,1.07368197318352680e-67
4,91,0x1.9db20fd2e9953p-226,0x1.120fe81434ec8p-639,0x1.9db20fd2e9954p-226,1.49851766917503603e-68
4,92,0x1.cbdb637a955cdp-229,0x1.120fe81434ec8p-639,0x1.cbdb637a955cep-229,2.08215864675006247e-69
4,93,0x1.fce5dcbb35105p-232,0x1.120fe81434ec8p-639,0x1.fce5dcbb35106p-232,2.88026003770647980e-70
4,94,0x1.185549e43a14p-234,0x1.120fe81434ec8p-639,0x1.185549e43a141p-234,3.96657362616929709e-71
4,95,0x1.337a5e72654cbp-237,0x1.120fe81434ec8p-639,0x1.337a5e72654ccp-237,5.43832446250897732e-72
4,96,0x1.4fc09b51d26cp-240,0x1.120fe81434ec8p-639,0x1.4fc09b51d26c1p-240,7.42301199359948962e-73
4,97,0x1.6cff3124be089p-243,0x1.120fe81434ec8p-639,0x1.6cff3124be08ap-243,1.00869576434739665e-73
4,98,0x1.8b062763af64fp-246,0x1.120fe81434ec8p-639,0x1.8b062763af65p-246,1.36459767203912410e-74
4,99,0x1.a99e9e79708edp-249,0x1.120fe81434ec8p-639,0x1.a99e9e79708eep-249,1.83786132727397445e-75
4,100,0x1.c88b40a8cc9b4p-252,0x1.120fe81434ec8p-639,0x1.c88b40a8cc9b5p-252,2.46424409463559605e-76
4,101,0x1.e788e2932df61p-255,0x1.120fe81434ec8p-639,0x1.e788e2932df62p-255,3.28939992839577520e-77
4,102,0x1.0327a95e8ef92p-257,0x1.120fe81434ec8p-639,0x1.0327a95e8ef93p-257,4.37130008035245817e-78
4,103,0x1.12492aed43c66p-260,0x1.120fe81434ec8p-639,0x1.12492aed43c67p-260,5.78315063067073099e-79
4,104,0x1.21016607a473bp-263,0x1.120fe81434ec8p-639,0x1.21016607a473cp-263,7.61688199674089153e-80
4,105,0x1.2f27fcdcc4d9p-266,0x1.120fe81434ec8p-639,0x1.2f27fcdcc4d91p-266,9.98728965783132493e-81
4,106,0x1.3c94766df0c3ep-269,0x1.120fe81434ec8p-639,0x1.3c94766df0c3fp-269,1.30369074568282365e-81
4,107,0x1.491efb738fe31p-272,0x1.120fe81434ec8p-639,0x1.491efb738fe32p-272,1.69416942671591335e-82
4,108,0x1.54a118c3a1f2bp-275,0x1.120fe81434ec8p-639,0x1.54a118c3a1f2cp-275,2.19176107084368118e-83
4,109,0x1.5ef6822200c59p-278,0x1.120fe81434ec8p-639,0x1.5ef6822200c5ap-278,2.82281540434702532e-84
4,110,0x1.67fdd023ccfb3p-281,0x1.120fe81434ec8p-639,0x1.67fdd023ccfb4p-281,3.61929054241280358e-85
4,111,0x1.6f9933c00fdcdp-284,0x1.120fe81434ec8p-639,0x1.6f9933c00fdcep-284,4.61971232922057638e-86
4,112,0x1.75af1a4a5cddep-287,0x1.120fe81434ec8p-639,0x1.75af1a4a5cddfp-287,5.87023890401074499e-87
4,113,0x1.7a2abce988ca8p-290,0x1.120fe81434ec8p-639,0x1.7a2abce988ca9p-290,7.42582751537971424e-88
4,114,0x1.7cfc97228df73p-293,0x1.120fe81434ec8p-639,0x1.7cfc97228df74p-293,9.35149613366969436e-89
4,115,0x1.7e1ac0c246ebbp-296,0x1.120fe81434ec8p-639,0x1.7e1ac0c246ebcp-296,1.17236670156559372e-89
4,116,0x1.7d81284981dc4p-299,0x1.120fe81434ec8p-639,0x1.7d81284981dc5p-299,1.46315730542099679e-90
4,117,0x1.7b31abf5df9ep-302,0x1.120fe81434ec8p-639,0x1.7b31abf5df9e1p-302,1.81787005422773245e-91
4,118,0x1.7734108d462eep-305,0x1.120fe81434ec8p-639,0x1.7734108d462efp-305,2.24842339958914114e-92
4,119,0x1.7195d626a8992p-308,0x1.120fe81434ec8p-639,0x1.7195d626a8993p-308,2.76844600810601930e-93
4,120,0x1.6a69ec3e3d12p-311,0x1.120fe81434ec8p-639,0x1.6a69ec3e3d121p-311,3.39340787129519863e-94
4,121,0x1.61c84769b239ep-314,0x1.120fe81434ec8p-639,0x1.61c84769b239fp-314,4.14073603589871350e-95
4,122,0x1.57cd5befe93cbp-317,0x1.120fe81434ec8p-639,0x1.57cd5befe93ccp-317,5.02990798747100959e-96
4,123,0x1.4c998155ac1b6p-320,0x1.120fe81434ec8p-639,0x1.4c998155ac1b7p-320,6.08251493021224668e-97
4,124,0x1.40504395db559p-323,0x1.120fe81434ec8p-639,0x1.40504395db55ap-323,7.32228654999769226e-98
4,125,0x1.3317a731b66abp-326,0x1.120fe81434ec8p-639,0x1.3317a731b66acp-326,8.77506838411662489e-99
4,126,0x1.251765897915fp-329,0x1.120fe81434ec8p-639,0x1.251765897916p-329,1.04687427120552412e-99
4,127,0x1.167826fd39169p-332,0x1.120fe81434ec8p-639,0x1.167826fd3916ap-332,1.24330839886907470e-100
4,128,0x1.0762c032c270bp-335,0x1.120fe81434ec8p-639,0x1.0762c032c270cp-335,1.46995403233373685e-101
4,129,0x1.effeef14e1493p-339,0x1.120fe81434ec8p-639,0x1.effeef14e1494p-339,1.73009334171677390e-102
4,130,0x1.d0eaae9fefdf9p-342,0x1.120fe81434ec8p-639,0x1.d0eaae9fefdfap-342,2.02710707484594320e-103
4,131,0x1.b1d321275f2fbp-345,0x1.120fe81434ec8p-639,0x1.b1d321275f2fcp-345,2.36442656653569877e-104
4,132,0x1.92fde3bacedb5p-348,0x1.120fe81434ec8p-639,0x1.92fde3bacedb6p-348,2.74547634152769182e-105
4,133,0x1.74aae838422bep-351,0x1.120fe81434ec8p-639,0x1.74aae838422bfp-351,3.17360739912304684e-106
4,134,0x1.5713bebedf891p-354,0x1.120fe81434ec8p-639,0x1.5713bebedf892p-354,3.65202159642818118e-107
4,135,0x1.3a6b1021c2819p-357,0x1.120fe81434ec8p-639,0x1.3a6b1021c281ap-357,4.18368791257328984e-108
4,136,0x1.1edc492c4feedp-360,0x1.120fe81434ec8p-639,0x1.1edc492c4feeep-360,4.77125176809270365e-109
4,137,0x1.048b750e94ba6p-363,0x1.120fe81434ec8p-639,0x1.048b750e94ba7p-363,5.41693897889626500e-110
4,138,0x1.d72a87f4828fep-367,0x1.120fe81434ec8p-639,0x1.d72a87f4828ffp-367,6.12245632739959164e-111
4,139,0x1.a81e73c28e182p-370,0x1.120fe81434ec8p-639,0x1.a81e73c28e183p-370,6.88889111675231053e-112
4,140,0x1.7c1000d8bc9f3p-373,0x1.120fe81434ec8p-639,0x1.7c1000d8bc9f4p-373,7.71661241864985601e-113
4,141,0x1.530fad49ba82cp-376,0x1.120fe81434ec8p-639,0x1.530fad49ba82dp-376,8.60517701116697197e-114
4,142,0x1.2d2230e4bca41p-379,0x1.120fe81434ec8p-639,0x1.2d2230e4bca42p-379,9.55324321097674762e-115
4,143,0x1.0a41afddf485cp-382,0x1.120fe81434ec8p-639,0x1.0a41afddf485dp-382,1.05584959161296182e-115
4,144,0x1.d4be0abcbe095p-386,0x1.120fe81434ec8p-639,0x1.d4be0abcbe096p-386,1.16175861756048786e-116
4,145,0x1.9ac63597c6d8cp-389,0x1.120fe81434ec8p-639,0x1.9ac63597c6d8dp-389,1.27260884780599610e-117
4,146,0x1.666083058c7cfp-392,0x1.120fe81434ec8p-639,0x1.666083058c7dp-392,1.38784786969419231e-118
4,147,0x1.37470bc0f54d5p-395,0x1.120fe81434ec8p-639,0x1.37470bc0f54d6p-395,1.50681352402899098e-119
4,148,0x1.0d2be7a5d8e49p-398,0x1.120fe81434ec8p-639,0x1.0d2be7a5d8e4ap-398,1.62873654349195731e-120
4,149,0x1.cf771a2fd0865p-402,0x1.120fe81434ec8p-639,0x1.cf771a2fd0866p-402,1.75274585364019788e-121
4,150,0x1.8d3df9b61b9a4p-405,0x1.120fe81434ec8p-639,0x1.8d3df9b61b9a5p-405,1.87787660149787089e-122
4,151,0x1.52fb66c3d8cep-408,0x1.120fe81434ec8p-639,0x1.52fb66c3d8ce1p-408,2.00308089457363642e-123
4,152,0x1.1ffeb694ee9c7p-411,0x1.120fe81434ec8p-639,0x1.1ffeb694ee9c8p-411,2.12724114571176455e-124
4,153,0x1.e734fcdbf1acbp-415,0x1.120fe81434ec8p-639,0x1.e734fcdbf1accp-415,2.24918582973563969e-125
4,154,0x1.9a4ded70f5d4dp-418,0x1.120fe81434ec8p-639,0x1.9a4ded70f5d4ep-418,2.36770736989538721e-126
4,155,0x1.5807c3c674a37p-421,0x1.120fe81434ec8p-639,0x1.5807c3c674a38p-421,2.48158178936515842e-127
4,156,0x1.1f33fca9130bbp-424,0x1.120fe81434ec8p-639,0x1.1f33fca9130bcp-424,2.58958968905898054e-128
4,157,0x1.dd7033eaf86dap-428,0x1.120fe81434ec8p-639,0x1.dd7033eaf86dbp-428,2.69053805128644262e-129
4,158,0x1.8b1dde5e0fa5ap-431,0x1.120fe81434ec8p-639,0x1.8b1dde5e0fa5bp-431,2.78328232224514628e-130
4,159,0x1.45928b4ad6c4ep-434,0x1.120fe81434ec8p-639,0x1.45928b4ad6c4fp-434,2.86674819752739319e-131
4,160,0x1.0b1be20adddf8p-437,0x1.120fe81434ec8p-639,0x1.0b1be20adddf9p-437,2.93995252542873262e-132
4,161,0x1.b465b3fe88edbp-441,0x1.120fe81434ec8p-639,0x1.b465b3fe88edcp-441,3.00202275386210324e-133
4,162,0x1.62f46edf65207p-444,0x1.120fe81434ec8p-639,0x1.62f46edf65208p-444,3.05221437814636526e-134
4,163,0x1.1f78ec7667612p-447,0x1.120fe81434ec8p-639,0x1.1f78ec7667613p-447,3.08992589804558758e-135
4,164,0x1.cfa52a5d1cb23p-451,0x1.120fe81434ec8p-639,0x1.cfa52a5d1cb24p-451,3.11471086145163555e-136
4,165,0x1.744b6e1845885p-454,0x1.120fe81434ec8p-639,0x1.744b6e1845886p-454,3.12628665653949346e-137
4,166,0x1.29ab5740063bcp-457,0x1.120fe81434ec8p-639,0x1.29ab5740063bdp-457,3.12453981088907004e-138
4,167,0x1.d9fb8b1961731p-461,0x1.120fe81434ec8p-639,0x1.d9fb8b1961732p-461,3.10952766118836444e-139
4,168,0x1.77c3f19d252b6p-464,0x1.120fe81434ec8p-639,0x1.77c3f19d252b7p-464,3.08147636664580632e-140
4,169,0x1.28a449cde008fp-467,0x1.120fe81434ec8p-639,0x1.28a449cde009p-467,3.04077534888133457e-141
4,170,0x1.d2626101e7b1dp-471,0x1.120fe81434ec8p-639,0x1.d2626101e7b1ep-471,2.98796834657859053e-142
4,171,0x1.6d1660db3347cp-474,0x1.120fe81434ec8p-639,0x1.6d1660db3347dp-474,2.92374137061865296e-143
4,172,0x1.1c9828edf5f0bp-477,0x1.120fe81434ec8p-639,0x1.1c9828edf5f0cp-477,2.84890793120491651e-144
4,173,0x1.b9d7af2d25308p-481,0x1.120fe81434ec8p-639,0x1.b9d7af2d25309p-481,2.76439197961310931e-145
4,174,0x1.558f1b45c53ap-484,0x1.120fe81434ec8p-639,0x1.558f1b45c53a1p-484,2.67120906140683675e-146
4,175,0x1.06f0989064b33p-487,0x1.120fe81434ec8p-639,0x1.06f0989064b34p-487,2.57044621373992767e-147
4,176,0x1.93285371a9c9bp-491,0x1.120fe81434ec8p-639,0x1.93285371a9c9cp-491,2.46324115601629598e-148
4,177,0x1.33cc6404d682bp-494,0x1.120fe81434ec8p-639,0x1.33cc6404d682cp-494,2.35076132088232693e-149
4,178,0x1.d40dffec9454bp-498,0x1.120fe81434ec8p-639,0x1.d40dffec9454cp-498,2.23418325220926761e-150
4,179,0x1.626a0214f4438p-501,0x1.120fe81434ec8p-639,0x1.626a0214f4439p-501,2.11467285998367072e-151
4,180,0x1.0b444dfa0c87ap-504,0x1.120fe81434ec8p-639,0x1.0b444dfa0c87bp-504,1.99336697115097047e-152
4,181,0x1.9173df68e1d43p-508,0x1.120fe81434ec8p-639,0x1.9173df68e1d44p-508,1.87135655306716621e-153
4,182,0x1.2c4751ca27608p-511,0x1.120fe81434ec8p-639,0x1.2c4751ca27609p-511,1.74967191534386709e-154
4,183,0x1.bf626743fbbe7p-515,0x1.120fe81434ec8p-639,0x1.bf626743fbbe8p-515,1.62927011966324455e-155
4,184,0x1.4beea04656aa6p-518,0x1.120fe81434ec8p-639,0x1.4beea04656aa7p-518,1.51102474870886361e-156
4,185,0x1.ea904f187d36cp-522,0x1.120fe81434ec8p-639,0x1.ea904f187d36dp-522,1.39571810777689798e-157
4,186,0x1.690c44250e947p-525,0x1.120fe81434ec8p-639,0x1.690c44250e948p-525,1.28403585859091060e-158
4,187,0x1.08a9baa5b4823p-528,0x1.120fe81434ec8p-639,0x1.08a9baa5b4824p-528,1.17656401677477763e-159
4,188,0x1.82786e9f8304fp-532,0x1.120fe81434ec8p-639,0x1.82786e9f8305p-532,1.07378818428127267e-160
4,189,0x1.190c2631d7c21p-535,0x1.120fe81434ec8p-639,0x1.190c2631d7c22p-535,9.76094837275409451e-162
4,190,0x1.97251c8433e8bp-539,0x1.120fe81434ec8p-639,0x1.97251c8433e8cp-539,8.83774449532271402e-163
4,191,0x1.25beac658609dp-542,0x1.120fe81434ec8p-639,0x1.25beac658609ep-542,7.97026201740023126e-164
4,192,0x1.a630d9bfe8767p-546,0x1.120fe81434ec8p-639,0x1.a630d9bfe8768p-546,7.15964008237611015e-165
4,193,0x1.2e360f089e518p-549,0x1.120fe81434ec8p-639,0x1.2e360f089e519p-549,6.40623584183830596e-166
4,194,0x1.aef6cd93e590cp-553,0x1.120fe81434ec8p-639,0x1.aef6cd93e590dp-553,5.70970277198069129e-167
4,195,0x1.3216819a263fp-556,0x1.120fe81434ec8p-639,0x1.3216819a263f1p-556,5.06907397015027247e-168
4,196,0x1.b11a753aaaa03p-560,0x1.120fe81434ec8p-639,0x1.b11a753aaaa04p-560,4.48284793402103036e-169
4,197,0x1.313a187422d6fp-563,0x1.120fe81434ec8p-639,0x1.313a187422d7p-563,3.94907455051543288e-170
4,198,0x1.ac8de3061c3e7p-567,0x1.120fe81434ec8p-639,0x1.ac8de3061c3e8p-567,3.46543928936227809e-171
4,199,0x1.2bb314d1d311p-570,0x1.120fe81434ec8p-639,0x1.2bb314d1d3111p-570,3.02934389229224049e-172
4,200,0x1.a191ee1b10dd2p-574,0x1.120fe81434ec8p-639,0x1.a191ee1b10dd3p-574,2.63798215974457722e-173
4,201,0x1.21c9dfc50fee9p-577,0x1.120fe81434ec8p-639,0x1.21c9dfc50feeap-577,2.28840974982723685e-174
4,202,0x1.90b0661497a4ap-581,0x1.120fe81434ec8p-639,0x1.90b0661497a4bp-581,1.97760720833977026e-175
4,203,0x1.13f6fc4181ac1p-584,0x1.120fe81434ec8p-639,0x1.13f6fc4181ac2p-584,1.70253573463761841e-176
4,204,0x1.7ab0fefde7cdfp-588,0x1.120fe81434ec8p-639,0x1.7ab0fefde7ce2p-588,1.46018544894768317e-177
4,205,0x1.02d9a2579d67ap-591,0x1.120fe81434ec8p-639,0x1.02d9a2579d68cp-591,1.24761615711149851e-178
4,206,0x1.608a2fb5b7fdp-595,0x1.120fe81434ec8p-639,0x1.608a2fb5b80e3p-595,1.06199080543952025e-179
4,207,0x1.de580ba7f85f9p-599,0x1.120fe81434ec8p-639,0x1.de580ba7f971bp-599,9.00601979764142964e-181
4,208,0x1.434f96749b7bcp-602,0x1.120fe81434ec8p-639,0x1.434f9674a40c5p-602,7.60891928964847044e-182
4,209,0x1.b36cef115c17ep-606,0x1.120fe81434ec8p-639,0x1.b36cef11e51fep-606,6.40466685455932969e-183
4,210,0x1.241f9bc4aed46p-609,0x1.120fe81434ec8p-639,0x1.241f9bc8f7141p-609,5.37104915956080011e-184
4,211,0x1.86852e224a339p-613,0x1.120fe81434ec8p-639,0x1.86852e66ce2dap-613,4.48762170014554893e-185
4,212,0x1.0411fafef75e3p-616,0x1.120fe81434ec8p-639,0x1.0411fd23172e7p-616,3.73571221316087274e-186
4,213,0x1.591f5a7bc3aacp-620,0x1.120fe81434ec8p-639,0x1.591f7cbdc0ad5p-620,3.09839385276879900e-187
4,214,0x1.c8512eca2c9d7p-624,0x1.120fe81434ec8p-639,0x1.c85352e9fcc5fp-624,2.56045686231302609e-188
4,215,0x1.2c9219982e144p-627,0x1.120fe81434ec8p-639,0x1.2ca33a96af57ap-627,2.10860905686374883e-189
4,216,0x1.8a87464bdd10bp-631,0x1.120fe81434ec8p-639,0x1.8b995633f145bp-631,1.73415504883018481e-190
4,217,0x1.01fe146b89c3dp-634,0x1.120fe81434ec8p-639,0x1.0a8e93ac2b6b4p-634,1.46060498724376653e-191
4,218,0x1.5033549596d48p-638,0x1.120fe81434ec8p-639,0x1.d93b489fb14adp-638,1.62067717890328927e-192
4,219,0x1.b48b208962971p-642,0x1.120fe81434ec8p-639,0x1.48a14c25613f7p-639,5.62730043537213949e-193
4,220,0x1.1a673eada4e1p-645,0x1.120fe81434ec8p-639,0x1.1679850eeb801p-639,4.76846423016046493e-193
4,221,0x1.6c131e0b0d48fp-649,0x1.120fe81434ec8p-639,0x1.126aecdbb7afep-639,4.69899397858872225e-193
4,222,0x1.d3b28311f3ee8p-653,0x1.120fe81434ec8p-639,0x1.121736de41346p-639,4.69339466430123229e-193
4,223,0x1.2b57a673b8251p-656,0x1.120fe81434ec8p-639,0x1.12107dc008267p-639,4.69294496362974416e-193
4,224,0x1.7dd37fdaf3ce1p-660,0x1.120fe81434ec8p-639,0x1.120ff402d0eb6p-639,4.69290897459560217e-193
4,225,0x1.e553273cc3525p-664,0x1.120fe81434ec8p-639,0x1.120fe906de803p-639,4.69290610460792362e-193
4,226,0x1.335b84a40c0ecp-667,0x1.120fe81434ec8p-639,0x1.120fe8276aa4ep-639,4.69290587654312698e-193
4,227,0x1.83f0adcbe68a3p-671,0x1.120fe81434ec8p-639,0x1.120fe815b8dd4p-639,4.69290585848344770e-193
4,228,0x1.e7f1c8476c668p-675,0x1.120fe81434ec8p-639,0x1.120fe814536bbp-639,4.69290585705836367e-193
4,229,0x1.31cc82ce9984p-678,0x1.120fe81434ec8p-639,0x1.120fe81437503p-639,4.69290585694630281e-193
4,230,0x1.7df7a3aa43e76p-682,0x1.120fe81434ec8p-639,0x1.120fe814351c5p-639,4.69290585693752117e-193
4,231,0x1.db76762c93239p-686,0x1.120fe81434ec8p-639,0x1.120fe81434f04p-639,4.69290585693683495e-193
4,232,0x1.26e798dba6697p-689,0x1.120fe81434ec8p-639,0x1.120fe81434ecep-639,4.69290585693678239e-193
4,233,0x1.6c93298336629p-693,0x1.120fe81434ec8p-639,0x1.120fe81434ec9p-639,4.69290585693677752e-193
4,234,0x1.c12a6bd04488dp-697,0x1.120fe81434ec8p-639,0x1.120fe81434ec9p-639,4.69290585693677752e-193
4,235,0x1.13c01dc9e8da6p-700,0x1.120fe81434ec8p-639,0x1.120fe81434ec9p-639,4.69290585693677752e-193
4,236,0x1.516d739048bdfp-704,0x1.120fe81434ec8p-639,0x1.120fe81434ec9p-639,4.69290585693677752e-193
4,237,0x1.9b8118137ab04p-708,0x1.120fe81434ec8p-639,0x1.120fe81434ec9p-639,4.69290585693677752e-193
4,238,0x1.f4271111c1693p-712,0x1.120fe81434ec8p-639,0x1.120fe81434ec9p-639,4.69290585693677752e-193
4,239,0x1.2eeda7b91d3a9p-715,0x1.120fe81434ec8p-639,0x1.120fe81434ec9p-639,4.69290585693677752e-193
4,240,0x1.6db8ddb7a2a7p-719,0x1.120fe81434ec8p-639,0x1.120fe81434ec9p-639,4.69290585693677752e-193
4,241,0x1.b80f35caa5debp-723,0x1.120fe81434ec8p-639,0x1.120fe81434ec9p-639,4.69290585693677752e-193
4,242,0x1.07df79474e1c1p-726,0x1.120fe81434ec8p-639,0x1.120fe81434ec9p-639,4.69290585693677752e-193
4,243,0x1.3b674f5a0593dp-730,0x1.120fe81434ec8p-639,0x1.120fe81434ec9p-639,4.69290585693677752e-193
4,244,0x1.77c07b592bcd6p-734,0x1.120fe81434ec8p-639,0x1.120fe81434ec9p-639,4.69290585693677752e-193
4,245,0x1.be2c4826bcc45p-738,0x1.120fe81434ec8p-639,0x1.120fe81434ec9p-639,4.69290585693677752e-193
4,246,0x1.0806c855a9bacp-741,0x1.120fe81434ec8p-639,0x1.120fe81434ec9p-639,4.69290585693677752e-193
4,247,0x1.377510f21ad3ap-745,0x1.120fe81434ec8p-639,0x1.120fe81434ec9p-639,4.69290585693677752e-193
4,248,0x1.6e35e499668cdp-749,0x1.120fe81434ec8p-639,0x1.120fe81434ec9p-639,4.69290585693677752e-193
4,249,0x1.ad307d9f1569dp-753,0x1.120fe81434ec8p-639,0x1.120fe81434ec9p-639,4.69290585693677752e-193
4,250,0x1.f55e7f602824ap-757,0x1.120fe81434ec8p-639,0x1.120fe81434ec9p-639,4.69290585693677752e-193
4,251,0x1.23e5e1809acaap-760,0x1.120fe81434ec8p-639,0x1.120fe81434ec9p-639,4.69290585693677752e-193
4,252,0x1.52cae86a1ba43p-764,0x1.120fe81434ec8p-639,0x1.120fe81434ec9p-639,4.69290585693677752e-193
4,253,0x1.87f57df438b2p-768,0x1.120fe81434ec8p-639,0x1.120fe81434ec9p-639,4.69290585693677752e-193
4,254,0x1.c4048ae2d58fbp-772,0x1.120fe81434ec8p-639,0x1.120fe81434ec9p-639,4.69290585693677752e-193
4,255,0x1.03ceec49b4c58p-775,0x1.120fe81434ec8p-639,0x1.120fe81434ec9p-639,4.69290585693677752e-193
4,256,0x1.29b67aed775dcp-779,0x1.120fe81434ec8p-639,0x1.120fe81434ec9p-639,4.69290585693677752e-193
4,257,0x1.5410ee15bebbep-783,0x1.120fe81434ec8p-639,0x1.120fe81434ec9p-639,4.69290585693677752e-193
4,258,0x1.8337a95fa1bffp-787,0x1.120fe81434ec8p-639,0x1.120fe81434ec9p-639,4.69290585693677752e-193
4,259,0x1.b784875675178p-791,0x1.120fe81434ec8p-639,0x1.120fe81434ec9p-639,4.69290585693677752e-193
4,260,0x1.f150c80ef4281p-795,0x1.120fe81434ec8p-639,0x1.120fe81434ec9p-639,4.69290585693677752e-193
4,261,0x1.1879ef976ceabp-798,0x1.120fe81434ec8p-639,0x1.120fe81434ec9p-639,4.69290585693677752e-193
4,262,0x1.3b611186fc013p-802,0x1.120fe81434ec8p-639,0x1.120fe81434ec9p-639,4.69290585693677752e-193
4,263,0x1.6185afbf0c6cdp-806,0x1.120fe81434ec8p-639,0x1.120fe81434ec9p-639,4.69290585693677752e-193
4,264,0x1.8b0ca7d8b4c6p-810,0x1.120fe81434ec8p-639,0x1.120fe81434ec9p-639,4.69290585693677752e-193
4,265,0x1.b81701d31c84dp-814,0x1.120fe81434ec8p-639,0x1.120fe81434ec9p-639,4.69290585693677752e-193
4,266,0x1.e8c11b3662898p-818,0x1.120fe81434ec8p-639,0x1.120fe81434ec9p-639,4.69290585693677752e-193
4,267,0x1.0e90e6e05fc01p-821,0x1.120fe81434ec8p-639,0x1.120fe81434ec9p-639,4.69290585693677752e-193
4,268,0x1.2aa4ca932ed5p-825,0x1.120fe81434ec8p-639,0x1.120fe81434ec9p-639,4.69290585693677752e-193
4,269,0x1.48a0dbe62395dp-829,0x1.120fe81434ec8p-639,0x1.120fe81434ec9p-639,4.69290585693677752e-193
4,270,0x1.6885bb5bdb28p-833,0x1.120fe81434ec8p-639,0x1.120fe81434ec9p-639,4.69290585693677752e-193
4,271,0x1.8a4fa49492b1dp-837,0x1.120fe81434ec8p-639,0x1.120fe81434ec9p-639,4.69290585693677752e-193
4,272,0x1.adf6144156ddfp-841,0x1.120fe81434ec8p-639,0x1.120fe81434ec9p-639,4.69290585693677752e-193
4,273,0x1.d36b78941dc05p-845,0x1.120fe81434ec8p-639,0x1.120fe81434ec9p-639,4.69290585693677752e-193
4,274,0x1.fa9cee7dc524bp-849,0x1.120fe81434ec8p-639,0x1.120fe81434ec9p-639,4.69290585693677752e-193
4,275,0x1.11b906faf392dp-852,0x1.120fe81434ec8p-639,0x1.120fe81434ec9p-639,4.69290585693677752e-193
4,276,0x1.26e663b20f2eap-856,0x1.120fe81434ec8p-639,0x1.120fe81434ec9p-639,4.69290585693677752e-193
4,277,0x1.3cc4aa073dde1p-860,0x1.120fe81434ec8p-639,0x1.120fe81434ec9p-639,4.69290585693677752e-193
4,278,0x1.533f1d96fdfefp-864,0x1.120fe81434ec8p-639,0x1.120fe81434ec9p-639,4.69290585693677752e-193
4,279,0x1.6a3e367c20a87p-868,0x1.120fe81434ec8p-639,0x1.120fe81434ec9p-639,4.69290585693677752e-193
4,280,0x1.81a7ba47a4b61p-872,0x1.120fe81434ec8p-639,0x1.120fe81434ec9p-639,4.69290585693677752e-193
4,281,0x1.995ee0aed55f1p-876,0x1.120fe81434ec8p-639,0x1.120fe81434ec9p-639,4.69290585693677752e-193
4,282,0x1.b14483f9330e7p-880,0x1.120fe81434ec8p-639,0x1.120fe81434ec9p-639,4.69290585693677752e-193
4,283,0x1.c9375cfa83572p-884,0x1.120fe81434ec8p-639,0x1.120fe81434ec9p-639,4.69290585693677752e-193
4,284,0x1.e1144a263d89cp-888,0x1.120fe81434ec8p-639,0x1.120fe81434ec9p-639,4.69290585693677752e-193
4,285,0x1.f8b6a109f5032p-892,0x1.120fe81434ec8p-639,0x1.120fe81434ec9p-639,4.69290585693677752e-193
4,286,0x1.07fc449f01f23p-895,0x1.120fe81434ec8p-639,0x1.120fe81434ec9p-639,4.69290585693677752e-193
4,287,0x1.1359afd01f821p-899,0x1.120fe81434ec8p-639,0x1.120fe81434ec9p-639,4.69290585693677752e-193
4,288,0x1.1e60103ac7c62p-903,0x1.120fe81434ec8p-639,0x1.120fe81434ec9p-639,4.69290585693677752e-193
4,289,0x1.28fbeb6f43e72p-907,0x1.120fe81434ec8p-639,0x1.120fe81434ec9p-639,4.69290585693677752e-193
4,290,0x1.331a07f0ecf3bp-911,0x1.120fe81434ec8p-639,0x1.120fe81434ec9p-639,4.69290585693677752e-193
4,291,0x1.3ca7a797b48fp-915,0x1.120fe81434ec8p-639,0x1.120fe81434ec9p-639,4.69290585693677752e-193
4,292,0x1.4592c1d42647ap-919,0x1.120fe81434ec8p-639,0x1.120fe81434ec9p-639,4.69290585693677752e-193
4,293,0x1.4dca3cd664af7p-923,0x1.120fe81434ec8p-639,0x1.120fe81434ec9p-639,4.69290585693677752e-193
4,294,0x1.553e24988fe91p-927,0x1.120fe81434ec8p-639,0x1.120fe81434ec9p-639,4.69290585693677752e-193
4,295,0x1.5bdfded2c3f6bp-931,0x1.120fe81434ec8p-639,0x1.120fe81434ec9p-639,4.69290585693677752e-193
4,296,0x1.61a25aea567c7p-935,0x1.120fe81434ec8p-639,0x1.120fe81434ec9p-639,4.69290585693677752e-193
4,297,0x1.667a3cfefc1c3p-939,0x1.120fe81434ec8p-639,0x1.120fe81434ec9p-639,4.69290585693677752e-193
4,298,0x1.6a5e034ea585bp-943,0x1.120fe81434ec8p-639,0x1.120fe81434ec9p-639,4.69290585693677752e-193
4,299,0x1.6d462543afad8p-947,0x1.120fe81434ec8p-639,0x1.120fe81434ec9p-639,4.69290585693677752e-193
4,300,0x1.6f2d2b9fcaf5ep-951,0x1.120fe81434ec8p-639,0x1.120fe81434ec9p-639,4.69290585693677752e-193
4,301,0x1.700fc15800999p-955,0x1.120fe81434ec8p-639,0x1.120fe81434ec9p-639,4.69290585693677752e-193
4,302,0x1.6fecbcdaa0fa8p-959,0x1.120fe81434ec8p-639,0x1.120fe81434ec9p-639,4.69290585693677752e-193
4,303,0x1.6ec5219dbf4ep-963,0x1.120fe81434ec8p-639,0x1.120fe81434ec9p-639,4.69290585693677752e-193
4,304,0x1.6c9c19fb3d75fp-967,0x1.120fe81434ec8p-639,0x1.120fe81434ec9p-639,4.69290585693677752e-193
4,305,0x1.6976e98557babp-971,0x1.120fe81434ec8p-639,0x1.120fe81434ec9p-639,4.69290585693677752e-193
4,306,0x1.655cd8232d37bp-975,0x1.120fe81434ec8p-639,0x1.120fe81434ec9p-639,4.69290585693677752e-193
4,307,0x1.605716670eb87p-979,0x1.120fe81434ec8p-639,0x1.120fe81434ec9p-639,4.69290585693677752e-193
4,308,0x1.5a709baf9b44cp-983,0x1.120fe81434ec8p-639,0x1.120fe81434ec9p-639,4.69290585693677752e-193
4,309,0x1.53b5fec02a6f7p-987,0x1.120fe81434ec8p-639,0x1.120fe81434ec9p-639,4.69290585693677752e-193
4,310,0x1.4c3549942401cp-991,0x1.120fe81434ec8p-639,0x1.120fe81434ec9p-639,4.69290585693677752e-193
4,311,0x1.43fdc94333fccp-995,0x1.120fe81434ec8p-639,0x1.120fe81434ec9p-639,4.69290585693677752e-193
4,312,0x1.3b1fdad97e01dp-999,0x1.120fe81434ec8p-639,0x1.120fe81434ec9p-639,4.69290585693677752e-193
4,313,0x1.31acb60f140dap-1003,0x1.120fe81434ec8p-639,0x1.120fe81434ec9p-639,4.69290585693677752e-193
4,314,0x1.27b636d02d476p-1007,0x1.120fe81434ec8p-639,0x1.120fe81434ec9p-639,4.69290585693677752e-193
4,315,0x1.1d4ea6be888b5p-1011,0x1.120fe81434ec8p-639,0x1.120fe81434ec9p-639,4.69290585693677752e-193
4,316,0x1.12888b5b5c961p-1015,0x1.120fe81434ec8p-639,0x1.120fe81434ec9p-639,4.69290585693677752e-193
4,317,0x1.0776b5c708afcp-1019,0x1.120fe81434ec8p-639,0x1.120fe81434ec9p-639,4.69290585693677752e-193
4,318,0x0.7e1825e13c6cbp-1022,0x1.120fe81434ec8p-639,0x1.120fe81434ec9p-639,4.69290585693677752e-193
4,319,0x0.07889c9089545p-1022,0x1.120fe81434ec8p-639,0x1.120fe81434ec9p-639,4.69290585693677752e-193
4,320,0x0.007574c6179p-1022,0x1.120fe81434ec8p-639,0x1.120fe81434ec9p-639,4.69290585693677752e-193
4,321,0x0.0009a330d3f88p-1022,0x1.120fe81434ec8p-639,0x1.120fe81434ec9p-639,4.69290585693677752e-193
4,322,0x0.000335387d6c1p-1022,0x1.120fe81434ec8p-639,0x1.120fe81434ec9p-639,4.69290585693677752e-193
4,323,0x0.0002cc2e37f24p-1022,0x1.120fe81434ec8p-639,0x1.120fe81434ec9p-639,4.69290585693677752e-193
4,324,0x0.0002be6922b84p-1022,0x1.120fe81434ec8p-639,0x1.120fe81434ec9p-639,4.69290585693677752e-193
4,325,0x0.0002b60fe5506p-1022,0x1.120fe81434ec8p-639,0x1.120fe81434ec9p-639,4.69290585693677752e-193
4,326,0x0.0002ae10777a5p-1022,0x1.120fe81434ec8p-639,0x1.120fe81434ec9p-639,4.69290585693677752e-193
4,327,0x0.0002a61e6fa4bp-1022,0x1.120fe81434ec8p-639,0x1.120fe81434ec9p-639,4.69290585693677752e-193
4,328,0x0.00029e355e89cp-1022,0x1.120fe81434ec8p-639,0x1.120fe81434ec9p-639,4.69290585693677752e-193
4,329,0x0.000296550fcbbp-1022,0x1.120fe81434ec8p-639,0x1.120fe81434ec9p-639,4.69290585693677752e-193
4,330,0x0.00028e7d8ecd5p-1022,0x1.120fe81434ec8p-639,0x1.120fe81434ec9p-639,4.69290585693677752e-193
4,331,0x0.000286aeea648p-1022,0x1.120fe81434ec8p-639,0x1.120fe81434ec9p-639,4.69290585693677752e-193
4,332,0x0.00027ee9316bfp-1022,0x1.120fe81434ec8p-639,0x1.120fe81434ec9p-639,4.69290585693677752e-193
4,333,0x0.0002772c72c2ep-1022,0x1.120fe81434ec8p-639,0x1.120fe81434ec9p-639,4.69290585693677752e-193
4,334,0x0.00026f78bd4dp-1022,0x1.120fe81434ec8p-639,0x1.120fe81434ec9p-639,4.69290585693677752e-193
4,335,0x0.000267ce1ff29p-1022,0x1.120fe81434ec8p-639,0x1.120fe81434ec9p-639,4.69290585693677752e-193
4,336,0x0.0002602ca99ffp-1022,0x1.120fe81434ec8p-639,0x1.120fe81434ec9p-639,4.69290585693677752e-193
4,337,0x0.000258946945ap-1022,0x1.120fe81434ec8p-639,0x1.120fe81434ec9p-639,4.69290585693677752e-193
4,338,0x0.000251056dd8p-1022,0x1.120fe81434ec8p-639,0x1.120fe81434ec9p-639,4.69290585693677752e-193
4,339,0x0.0002497fc64f9p-1022,0x1.120fe81434ec8p-639,0x1.120fe81434ec9p-639,4.69290585693677752e-193
4,340,0x0.0002420381a88p-1022,0x1.120fe81434ec8p-639,0x1.120fe81434ec9p-639,4.69290585693677752e-193
4,341,0x0.00023a90aee29p-1022,0x1.120fe81434ec8p-639,0x1.120fe81434ec9p-639,4.69290585693677752e-193
4,342,0x0.000233275d01p-1022,0x1.120fe81434ec8p-639,0x1.120fe81434ec9p-639,4.69290585693677752e-193
4,343,0x0.00022bc79b0a7p-1022,0x1.120fe81434ec8p-639,0x1.120fe81434ec9p-639,4.69290585693677752e-193
4,344,0x0.000224717808dp-1022,0x1.120fe81434ec8p-639,0x1.120fe81434ec9p-639,4.69290585693677752e-193
4,345,0x0.00021d2503094p-1022,0x1.120fe81434ec8p-639,0x1.120fe81434ec9p-639,4.69290585693677752e-193
4,346,0x0.000215e24b1bep-1022,0x1.120fe81434ec8p-639,0x1.120fe81434ec9p-639,4.69290585693677752e-193
4,347,0x0.00020ea95f536p-1022,0x1.120fe81434ec8p-639,0x1.120fe81434ec9p-639,4.69290585693677752e-193
4,348,0x0.0002077a4ec55p-1022,0x1.120fe81434ec8p-639,0x1.120fe81434ec9p-639,4.69290585693677752e-193
4,349,0x0.00020055288a1p-1022,0x1.120fe81434ec8p-639,0x1.120fe81434ec9p-639,4.69290585693677752e-193
4,350,0x0.0001f939fbbc4p-1022,0x1.120fe81434ec8p-639,0x1.120fe81434ec9p-639,4.69290585693677752e-193
4,351,0x0.0001f228d7793p-1022,0x1.120fe81434ec8p-639,0x1.120fe81434ec9p-639,4.69290585693677752e-193
4,352,0x0.0001eb21cae03p-1022,0x1.120fe81434ec8p-639,0x1.120fe81434ec9p-639,4.69290585693677752e-193
4,353,0x0.0001e424e512ep-1022,0x1.120fe81434ec8p-639,0x1.120fe81434ec9p-639,4.69290585693677752e-193
4,354,0x0.0001dd323534ap-1022,0x1.120fe81434ec8p-639,0x1.120fe81434ec9p-639,4.69290585693677752e-193
4,355,0x0.0001d649ca6b1p-1022,0x1.120fe81434ec8p-639,0x1.120fe81434ec9p-639,4.69290585693677752e-193
4,356,0x0.0001cf6bb3dd2p-1022,0x1.120fe81434ec8p-639,0x1.120fe81434ec9p-639,4.69290585693677752e-193
4,357,0x0.0001c89800b3cp-1022,0x1.120fe81434ec8p-639,0x1.120fe81434ec9p-639,4.69290585693677752e-193
4,358,0x0.0001c1cec0191p-1022,0x1.120fe81434ec8p-639,0x1.120fe81434ec9p-639,4.69290585693677752e-193
4,359,0x0.0001bb100138bp-1022,0x1.120fe81434ec8p-639,0x1.120fe81434ec9p-639,4.69290585693677752e-193
4,360,0x0.0001b45bd33f8p-1022,0x1.120fe81434ec8p-639,0x1.120fe81434ec9p-639,4.69290585693677752e-193
4,361,0x0.0001adb2455bap-1022,0x1.120fe81434ec8p-639,0x1.120fe81434ec9p-639,4.69290585693677752e-193
4,362,0x0.0001a71366bc1p-1022,0x1.120fe81434ec8p-639,0x1.120fe81434ec9p-639,4.69290585693677752e-193
4,363,0x0.0001a07f4690cp-1022,0x1.120fe81434ec8p-639,0x1.120fe81434ec9p-639,4.69290585693677752e-193
4,364,0x0.000199f5f40a6p-1022,0x1.120fe81434ec8p-639,0x1.120fe81434ec9p-639,4.69290585693677752e-193
4,365,0x0.000193777e5a3p-1022,0x1.120fe81434ec8p-639,0x1.120fe81434ec9p-639,4.69290585693677752e-193
4,366,0x0.00018d03f4b21p-1022,0x1.120fe81434ec8p-639,0x1.120fe81434ec9p-639,4.69290585693677752e-193
4,367,0x0.0001869b66442p-1022,0x1.120fe81434ec8p-639,0x1.120fe81434ec9p-639,4.69290585693677752e-193
4,368,0x0.0001803de242ap-1022,0x1.120fe81434ec8p-639,0x1.120fe81434ec9p-639,4.69290585693677752e-193
4,369,0x0.000179eb77e02p-1022,0x1.120fe81434ec8p-639,0x1.120fe81434ec9p-639,4.69290585693677752e-193
4,370,0x0.000173a4364f1p-1022,0x1.120fe81434ec8p-639,0x1.120fe81434ec9p-639,4.69290585693677752e-193
4,371,0x0.00016d682cc1ap-1022,0x1.120fe81434ec8p-639,0x1.120fe81434ec9p-639,4.69290585693677752e-193
4,372,0x0.000167376a69fp-1022,0x1.120fe81434ec8p-639,0x1.120fe81434ec9p-639,4.69290585693677752e-193
4,373,0x0.00016111fe7a4p-1022,0x1.120fe81434ec8p-639,0x1.120fe81434ec9p-639,4.69290585693677752e-193
4,374,0x0.00015af7f825p-1022,0x1.120fe81434ec8p-639,0x1.120fe81434ec9p-639,4.69290585693677752e-193
4,375,0x0.000154e9669c8p-1022,0x1.120fe81434ec8p-639,0x1.120fe81434ec9p-639,4.69290585693677752e-193
4,376,0x0.00014ee659132p-1022,0x1.120fe81434ec8p-639,0x1.120fe81434ec9p-639,4.69290585693677752e-193
4,377,0x0.000148eedebb4p-1022,0x1.120fe81434ec8p-639,0x1.120fe81434ec9p-639,4.69290585693677752e-193
4,378,0x0.0001430306c73p-1022,0x1.120fe81434ec8p-639,0x1.120fe81434ec9p-639,4.69290585693677752e-193
4,379,0x0.00013d22e0695p-1022,0x1.120fe81434ec8p-639,0x1.120fe81434ec9p-639,4.69290585693677752e-193
4,380,0x0.0001374e7ad41p-1022,0x1.120fe81434ec8p-639,0x1.120fe81434ec9p-639,4.69290585693677752e-193
4,381,0x0.00013185e539cp-1022,0x1.120fe81434ec8p-639,0x1.120fe81434ec9p-639,4.69290585693677752e-193
4,382,0x0.00012bc92eccdp-1022,0x1.120fe81434ec8p-639,0x1.120fe81434ec9p-639,4.69290585693677752e-193
4,383,0x0.0001261866bfap-1022,0x1.120fe81434ec8p-639,0x1.120fe81434ec9p-639,4.69290585693677752e-193
4,384,0x0.000120739c448p-1022,0x1.120fe81434ec8p-639,0x1.120fe81434ec9p-639,4.69290585693677752e-193
4,385,0x0.00011adade8dep-1022,0x1.120fe81434ec8p-639,0x1.120fe81434ec9p-639,4.69290585693677752e-193
4,386,0x0.0001154e3cce1p-1022,0x1.120fe81434ec8p-639,0x1.120fe81434ec9p-639,4.69290585693677752e-193
4,387,0x0.00010fcdc6377p-1022,0x1.120fe81434ec8p-639,0x1.120fe81434ec9p-639,4.69290585693677752e-193
4,388,0x0.00010a5989fc7p-1022,0x1.120fe81434ec8p-639,0x1.120fe81434ec9p-639,4.69290585693677752e-193
4,389,0x0.000104f1974f7p-1022,0x1.120fe81434ec8p-639,0x1.120fe81434ec9p-639,4.69290585693677752e-193
4,390,0x0.0000ff95fd62fp-1022,0x1.120fe81434ec8p-639,0x1.120fe81434ec9p-639,4.69290585693677752e-193
4,391,0x0.0000fa46cb694p-1022,0x1.120fe81434ec8p-639,0x1.120fe81434ec9p-639,4.69290585693677752e-193
4,392,0x0.0000f5041094dp-1022,0x1.120fe81434ec8p-639,0x1.120fe81434ec9p-639,4.69290585693677752e-193
4,393,0x0.0000efcddc17dp-1022,0x1.120fe81434ec8p-639,0x1.120fe81434ec9p-639,4.69290585693677752e-193
4,394,0x0.0000eaa43d24cp-1022,0x1.120fe81434ec8p-639,0x1.120fe81434ec9p-639,4.69290585693677752e-193
4,395,0x0.0000e58742edfp-1022,0x1.120fe81434ec8p-639,0x1.120fe81434ec9p-639,4.69290585693677752e-193
4,396,0x0.0000e076fca5dp-1022,0x1.120fe81434ec8p-639,0x1.120fe81434ec9p-639,4.69290585693677752e-193
4,397,0x0.0000db73797eap-1022,0x1.120fe81434ec8p-639,0x1.120fe81434ec9p-639,4.69290585693677752e-193
4,398,0x0.0000d67cc8aacp-1022,0x1.120fe81434ec8p-639,0x1.120fe81434ec9p-639,4.69290585693677752e-193
4,399,0x0.0000d192f95cap-1022,0x1.120fe81434ec8p-639,0x1.120fe81434ec9p-639,4.69290585693677752e-193
4,400,0x0.0000ccb61ac6bp-1022,0x1.120fe81434ec8p-639,0x1.120fe81434ec9p-639,4.69290585693677752e-193
4,401,0x0.0000c7e63c1b5p-1022,0x1.120fe81434ec8p-639,0x1.120fe81434ec9p-639,4.69290585693677752e-193
4,402,0x0.0000c3236c8cfp-1022,0x1.120fe81434ec8p-639,0x1.120fe81434ec9p-639,4.69290585693677752e-193
4,403,0x0.0000be6dbb4ep-1022,0x1.120fe81434ec8p-639,0x1.120fe81434ec9p-639,4.69290585693677752e-193
4,404,0x0.0000b9c53790fp-1022,0x1.120fe81434ec8p-639,0x1.120fe81434ec9p-639,4.69290585693677752e-193
4,405,0x0.0000b529f0882p-1022,0x1.120fe81434ec8p-639,0x1.120fe81434ec9p-639,4.69290585693677752e-193
4,406,0x0.0000b09bf565fp-1022,0x1.120fe81434ec8p-639,0x1.120fe81434ec9p-639,4.69290585693677752e-193
4,407,0x0.0000ac1b555cdp-1022,0x1.120fe81434ec8p-639,0x1.120fe81434ec9p-639,4.69290585693677752e-193
4,408,0x0.0000a7a81f9f3p-1022,0x1.120fe81434ec8p-639,0x1.120fe81434ec9p-639,4.69290585693677752e-193
4,409,0x0.0000a342635f3p-1022,0x1.120fe81434ec8p-639,0x1.120fe81434ec9p-639,4.69290585693677752e-193
4,410,0x0.00009eea2fcfp-1022,0x1.120fe81434ec8p-639,0x1.120fe81434ec9p-639,4.69290585693677752e-193
4,411,0x0.00009a9f9421p-1022,0x1.120fe81434ec8p-639,0x1.120fe81434ec9p-639,4.69290585693677752e-193
4,412,0x0.000096629f87ap-1022,0x1.120fe81434ec8p-639,0x1.120fe81434ec9p-639,4.69290585693677752e-193
4,413,0x0.0000923361353p-1022,0x1.120fe81434ec8p-639,0x1.120fe81434ec9p-639,4.69290585693677752e-193
4,414,0x0.00008e11e85c2p-1022,0x1.120fe81434ec8p-639,0x1.120fe81434ec9p-639,4.69290585693677752e-193
4,415,0x0.000089fe442eep-1022,0x1.120fe81434ec8p-639,0x1.120fe81434ec9p-639,4.69290585693677752e-193
4,416,0x0.000085f883dfcp-1022,0x1.120fe81434ec8p-639,0x1.120fe81434ec9p-639,4.69290585693677752e-193
4,417,0x0.00008200b6a13p-1022,0x1.120fe81434ec8p-639,0x1.120fe81434ec9p-639,4.69290585693677752e-193
4,418,0x0.00007e16eba58p-1022,0x1.120fe81434ec8p-639,0x1.120fe81434ec9p-639,4.69290585693677752e-193
4,419,0x0.00007a3b321efp-1022,0x1.120fe81434ec8p-639,0x1.120fe81434ec9p-639,4.69290585693677752e-193
4,420,0x0.0000766d993fep-1022,0x1.120fe81434ec8p-639,0x1.120fe81434ec9p-639,4.69290585693677752e-193
4,421,0x0.000072ae303abp-1022,0x1.120fe81434ec8p-639,0x1.120fe81434ec9p-639,4.69290585693677752e-193
4,422,0x0.00006efd0641cp-1022,0x1.120fe81434ec8p-639,0x1.120fe81434ec9p-639,4.69290585693677752e-193
4,423,0x0.00006b5a2a879p-1022,0x1.120fe81434ec8p-639,0x1.120fe81434ec9p-639,4.69290585693677752e-193
4,424,0x0.000067c5ac3e9p-1022,0x1.120fe81434ec8p-639,0x1.120fe81434ec9p-639,4.69290585693677752e-193
4,425,0x0.0000643f9a991p-1022,0x1.120fe81434ec8p-639,0x1.120fe81434ec9p-639,4.69290585693677752e-193
4,426,0x0.000060c804c99p-1022,0x1.120fe81434ec8p-639,0x1.120fe81434ec9p-639,4.69290585693677752e-193
4,427,0x0.00005d5efa025p-1022,0x1.120fe81434ec8p-639,0x1.120fe81434ec9p-639,4.69290585693677752e-193
4,428,0x0.00005a048975bp-1022,0x1.120fe81434ec8p-639,0x1.120fe81434ec9p-639,4.69290585693677752e-193
4,429,0x0.000056b8c2561p-1022,0x1.120fe81434ec8p-639,0x1.120fe81434ec9p-639,4.69290585693677752e-193
4,430,0x0.0000537bb3d5ep-1022,0x1.120fe81434ec8p-639,0x1.120fe81434ec9p-639,4.69290585693677752e-193
4,431,0x0.0000504d6d277p-1022,0x1.120fe81434ec8p-639,0x1.120fe81434ec9p-639,4.69290585693677752e-193
4,432,0x0.00004d2dfd7d4p-1022,0x1.120fe81434ec8p-639,0x1.120fe81434ec9p-639,4.69290585693677752e-193
4,433,0x0.00004a1d7409ap-1022,0x1.120fe81434ec8p-639,0x1.120fe81434ec9p-639,4.69290585693677752e-193
4,434,0x0.0000471bdfffp-1022,0x1.120fe81434ec8p-639,0x1.120fe81434ec9p-639,4.69290585693677752e-193
4,435,0x0.00004429508fbp-1022,0x1.120fe81434ec8p-639,0x1.120fe81434ec9p-639,4.69290585693677752e-193
4,436,0x0.00004145d4ee1p-1022,0x1.120fe81434ec8p-639,0x1.120fe81434ec9p-639,4.69290585693677752e-193
4,437,0x0.00003e717c4c7p-1022,0x1.120fe81434ec8p-639,0x1.120fe81434ec9p-639,4.69290585693677752e-193
4,438,0x0.00003bac55dd1p-1022,0x1.120fe81434ec8p-639,0x1.120fe81434ec9p-639,4.69290585693677752e-193
4,439,0x0.000038f670d28p-1022,0x1.120fe81434ec8p-639,0x1.120fe81434ec9p-639,4.69290585693677752e-193
4,440,0x0.0000364fdc5fp-1022,0x1.120fe81434ec8p-639,0x1.120fe81434ec9p-639,4.69290585693677752e-193
4,441,0x0.000033b8a7b5p-1022,0x1.120fe81434ec8p-639,0x1.120fe81434ec9p-639,4.69290585693677752e-193
4,442,0x0.00003130e206fp-1022,0x1.120fe81434ec8p-639,0x1.120fe81434ec9p-639,4.69290585693677752e-193
4,443,0x0.00002eb89a872p-1022,0x1.120fe81434ec8p-639,0x1.120fe81434ec9p-639,4.69290585693677752e-193
4,444,0x0.00002c4fe068p-1022,0x1.120fe81434ec8p-639,0x1.120fe81434ec9p-639,4.69290585693677752e-193
4,445,0x0.000029f6c2dbfp-1022,0x1.120fe81434ec8p-639,0x1.120fe81434ec9p-639,4.69290585693677752e-193
4,446,0x0.000027ad51153p-1022,0x1.120fe81434ec8p-639,0x1.120fe81434ec9p-639,4.69290585693677752e-193
4,447,0x0.000025739a461p-1022,0x1.120fe81434ec8p-639,0x1.120fe81434ec9p-639,4.69290585693677752e-193
4,448,0x0.00002349ada0ep-1022,0x1.120fe81434ec8p-639,0x1.120fe81434ec9p-639,4.69290585693677752e-193
4,449,0x0.0000212f9a582p-1022,0x1.120fe81434ec8p-639,0x1.120fe81434ec9p-639,4.69290585693677752e-193
4,450,0x0.00001f256f9ep-1022,0x1.120fe81434ec8p-639,0x1.120fe81434ec9p-639,4.69290585693677752e-193
4,451,0x0.00001d2b3ca5p-1022,0x1.120fe81434ec8p-639,0x1.120fe81434ec9p-639,4.69290585693677752e-193
4,452,0x0.00001b41109f9p-1022,0x1.120fe81434ec8p-639,0x1.120fe81434ec9p-639,4.69290585693677752e-193
4,453,0x0.00001966facp-1022,0x1.120fe81434ec8p-639,0x1.120fe81434ec9p-639,4.69290585693677752e-193
4,454,0x0.0000179d0a38dp-1022,0x1.120fe81434ec8p-639,0x1.120fe81434ec9p-639,4.69290585693677752e-193
4,455,0x0.000015e34e3c5p-1022,0x1.120fe81434ec8p-639,0x1.120fe81434ec9p-639,4.69290585693677752e-193
4,456,0x0.00001439d5fcdp-1022,0x1.120fe81434ec8p-639,0x1.120fe81434ec9p-639,4.69290585693677752e-193
4,457,0x0.000012a0b0acdp-1022,0x1.120fe81434ec8p-639,0x1.120fe81434ec9p-639,4.69290585693677752e-193
4,458,0x0.00001117ed7ebp-1022,0x1.120fe81434ec8p-639,0x1.120fe81434ec9p-639,4.69290585693677752e-193
4,459,0x0.00000f9f9ba4ep-1022,0x1.120fe81434ec8p-639,0x1.120fe81434ec9p-639,4.69290585693677752e-193
4,460,0x0.00000e37ca51bp-1022,0x1.120fe81434ec8p-639,0x1.120fe81434ec9p-639,4.69290585693677752e-193
4,461,0x0.00000ce088b78p-1022,0x1.120fe81434ec8p-639,0x1.120fe81434ec9p-639,4.69290585693677752e-193
4,462,0x0.00000b99e608bp-1022,0x1.120fe81434ec8p-639,0x1.120fe81434ec9p-639,4.69290585693677752e-193
4,463,0x0.00000a63f177cp-1022,0x1.120fe81434ec8p-639,0x1.120fe81434ec9p-639,4.69290585693677752e-193
4,464,0x0.0000093eba36fp-1022,0x1.120fe81434ec8p-639,0x1.120fe81434ec9p-639,4.69290585693677752e-193
4,465,0x0.0000082a4f78ap-1022,0x1.120fe81434ec8p-639,0x1.120fe81434ec9p-639,4.69290585693677752e-193
4,466,0x0.00000726c06f4p-1022,0x1.120fe81434ec8p-639,0x1.120fe81434ec9p-639,4.69290585693677752e-193
4,467,0x0.000006341c4d4p-1022,0x1.120fe81434ec8p-639,0x1.120fe81434ec9p-639,4.69290585693677752e-193
4,468,0x0.0000055272453p-1022,0x1.120fe81434ec8p-639,0x1.120fe81434ec9p-639,4.69290585693677752e-193
4,469,0x0.00000481d1895p-1022,0x1.120fe81434ec8p-639,0x1.120fe81434ec9p-639,4.69290585693677752e-193
4,470,0x0.000003c2494bfp-1022,0x1.120fe81434ec8p-639,0x1.120fe81434ec9p-639,4.69290585693677752e-193
4,471,0x0.00000313e8bf8p-1022,0x1.120fe81434ec8p-639,0x1.120fe81434ec9p-639,4.69290585693677752e-193
4,472,0x0.00000276bf166p-1022,0x1.120fe81434ec8p-639,0x1.120fe81434ec9p-639,4.69290585693677752e-193
4,473,0x0.000001eadb82ep-1022,0x1.120fe81434ec8p-639,0x1.120fe81434ec9p-639,4.69290585693677752e-193
4,474,0x0.000001704d376p-1022,0x1.120fe81434ec8p-639,0x1.120fe81434ec9p-639,4.69290585693677752e-193
4,475,0x0.0000010723663p-1022,0x1.120fe81434ec8p-639,0x1.120fe81434ec9p-639,4.69290585693677752e-193
4,476,0x0.000000af6d41cp-1022,0x1.120fe81434ec8p-639,0x1.120fe81434ec9p-639,4.69290585693677752e-193
4,477,0x0.0000006939fc6p-1022,0x1.120fe81434ec8p-639,0x1.120fe81434ec9p-639,4.69290585693677752e-193
4,478,0x0.0000003498c89p-1022,0x1.120fe81434ec8p-639,0x1.120fe81434ec9p-639,4.69290585693677752e-193
4,479,0x0.0000001186fdcp-1022,0x1.120fe81434ec8p-639,0x1.120fe81434ec9p-639,4.69290585693677752e-193
4,480,0x0p+0,0x1.120fe81434ec8p-639,0x1.120fe81434ec8p-639,4.69290585693677655e-193
5,0,0x1.67b5e95abc847p-1,0x1.1ea5ce929e984p-638,0x1.67b5e95abc848p-1,7.02559749914379417e-01
5,1,0x1.42825a4e71aa2p-2,0x1.1ea5ce929e984p-638,0x1.42825a4e71aa3p-2,3.14950381315080630e-01
5,2,0x1.0b988d37ac1a7p-3,0x1.1ea5ce929e984p-638,0x1.0b988d37ac1a8p-3,1.30662062894328246e-01
5,3,0x1.a2c1cb300d24fp-5,0x1.1ea5ce929e984p-638,0x1.a2c1cb300d25p-5,5.11177986631180525e-02
5,4,0x1.38d3ea65e78a5p-6,0x1.1ea5ce929e984p-638,0x1.38d3ea65e78a6p-6,1.90934933703991380e-02
5,5,0x1.c1bc2f750779fp-8,0x1.1ea5ce929e984p-638,0x1.c1bc2f75077ap-8,6.86241301175796736e-03
5,6,0x1.38a9ce4da3355p-9,0x1.1ea5ce929e984p-638,0x1.38a9ce4da3356p-9,2.38543170309527940e-03
5,7,0x1.a603f69ed613p-11,0x1.1ea5ce929e984p-638,0x1.a603f69ed6131p-11,8.04930652388546647e-04
5,8,0x1.15472dbfda9b8p-12,0x1.1ea5ce929e984p-638,0x1.15472dbfda9b9p-12,2.64432946997540978e-04
5,9,0x1.6395baffdba76p-14,0x1.1ea5ce929e984p-638,0x1.6395baffdba77p-14,8.47780429446917146e-05
5,10,0x1.bdec5324869f1p-16,0x1.1ea5ce929e984p-638,0x1.bdec5324869f2p-16,2.65790905747773307e-05
5,11,0x1.11e437427f3edp-17,0x1.1ea5ce929e984p-638,0x1.11e437427f3eep-17,8.16260183444415536e-06
5,12,0x1.4a0f24898211dp-19,0x1.1ea5ce929e984p-638,0x1.4a0f24898211ep-19,2.45913230823372919e-06
5,13,0x1.86ac8af2e2c93p-21,0x1.1ea5ce929e984p-638,0x1.86ac8af2e2c94p-21,7.27687022071364190e-07
5,14,0x1.c6b1eac0b56b9p-23,0x1.1ea5ce929e984p-638,0x1.c6b1eac0b56bap-23,2.11733853580883077e-07
5,15,0x1.046e9545a23bdp-24,0x1.1ea5ce929e984p-638,0x1.046e9545a23bep-24,6.06365420879013423e-08
5,16,0x1.25e050ff78a47p-26,0x1.1ea5ce929e984p-638,0x1.25e050ff78a48p-26,1.71058482915627949e-08
5,17,0x1.46e8f7462be4ep-28,0x1.1ea5ce929e984p-638,0x1.46e8f7462be4fp-28,4.75716694350475892e-09
5,18,0x1.66bd525a71034p-30,0x1.1ea5ce929e984p-638,0x1.66bd525a71035p-30,1.30508683600577217e-09
5,19,0x1.8494e91f151fbp-32,0x1.1ea5ce929e984p-638,0x1.8494e91f151fcp-32,3.53412981121904405e-10
5,20,0x1.9fb29d4e71c9cp-34,0x1.1ea5ce929e984p-638,0x1.9fb29d4e71c9dp-34,9.45187168339404059e-11
5,21,0x1.b76ca121830a3p-36,0x1.1ea5ce929e984p-638,0x1.b76ca121830a4p-36,2.49783814560090876e-11
5,22,0x1.cb334ef7b6a1ap-38,0x1.1ea5ce929e984p-638,0x1.cb334ef7b6a1bp-38,6.52563050636581985e-12
5,23,0x1.da968634b7493p-40,0x1.1ea5ce929e984p-638,0x1.da968634b7494p-40,1.68607522724020431e-12
5,24,0x1.e5494ec6afd97p-42,0x1.1ea5ce929e984p-638,0x1.e5494ec6afd98p-42,4.31020870797569094e-13
5,25,0x1.eb23a596e8ba4p-44,0x1.1ea5ce929e984p-638,0x1.eb23a596e8ba5p-44,1.09054819718030369e-13
5,26,0x1.ec2274a20d2dfp-46,0x1.1ea5ce929e984p-638,0x1.ec2274a20d2ep-46,2.73189577725570142e-14
5,27,0x1.e865d70acb0bbp-48,0x1.1ea5ce929e984p-638,0x1.e865d70acb0bcp-48,6.77788120813330442e-15
5,28,0x1.e02de218400f9p-50,0x1.1ea5ce929e984p-638,0x1.e02de218400fap-50,1.66595637001496964e-15
5,29,0x1.d3d63e4d7223fp-52,0x1.1ea5ce929e984p-638,0x1.d3d63e4d7224p-52,4.05783816410459004e-16
5,30,0x1.c3d0e6e8f1006p-54,0x1.1ea5ce929e984p-638,0x1.c3d0e6e8f1007p-54,9.79719828280821406e-17
5,31,0x1.b0a06a1e21cefp-56,0x1.1ea5ce929e984p-638,0x1.b0a06a1e21cfp-56,2.34527360220839509e-17
5,32,0x1.9ad201d19c49ap-58,0x1.1ea5ce929e984p-638,0x1.9ad201d19c49bp-58,5.56765381753808902e-18
5,33,0x1.82f7d49b3ad39p-60,0x1.1ea5ce929e984p-638,0x1.82f7d49b3ad3ap-60,1.31109887983297239e-18
5,34,0x1.69a3a2a364bd2p-62,0x1.1ea5ce929e984p-638,0x1.69a3a2a364bd3p-62,3.06320317768376752e-19
5,35,0x1.4f621317c32ep-64,0x1.1ea5ce929e984p-638,0x1.4f621317c32e1p-64,7.10201347248128647e-20
5,36,0x1.34b6c6e329fd5p-66,0x1.1ea5ce929e984p-638,0x1.34b6c6e329fd6p-66,1.63431816124459652e-20
5,37,0x1.1a19455dea6c4p-68,0x1.1ea5ce929e984p-638,0x1.1a19455dea6c5p-68,3.73354540207184092e-21
5,38,0x1.ffe591caba30fp-71,0x1.1ea5ce929e984p-638,0x1.ffe591caba31p-71,8.46862144148896338e-22
5,39,0x1.cd39c9047c6bdp-73,0x1.1ea5ce929e984p-638,0x1.cd39c9047c6bep-73,1.90758488259029311e-22
5,40,0x1.9cc1e302c304ap-75,0x1.1ea5ce929e984p-638,0x1.9cc1e302c304bp-75,4.26781117855630618e-23
5,41,0x1.6ef058bb47e1fp-77,0x1.1ea5ce929e984p-638,0x1.6ef058bb47e2p-77,9.48514706151522186e-24
5,42,0x1.4418c72591d52p-79,0x1.1ea5ce929e984p-638,0x1.4418c72591d53p-79,2.09442640808638476e-24
5,43,0x1.1c72316698de9p-81,0x1.1ea5ce929e984p-638,0x1.1c72316698deap-81,4.59547404994076100e-25
5,44,0x1.f033d03ef24c6p-84,0x1.1ea5ce929e984p-638,0x1.f033d03ef24c7p-84,1.00207275914685637e-25
5,45,0x1.ae2db3e02873bp-86,0x1.1ea5ce929e984p-638,0x1.ae2db3e02873cp-86,2.17184653680009926e-26
5,46,0x1.72ba2ea3b18a8p-88,0x1.1ea5ce929e984p-638,0x1.72ba2ea3b18a9p-88,4.67923604935864588e-27
5,47,0x1.3da2b77583527p-90,0x1.1ea5ce929e984p-638,0x1.3da2b77583528p-90,1.00228126521781384e-27
5,48,0x1.0e98ed53bf47p-92,0x1.1ea5ce929e984p-638,0x1.0e98ed53bf471p-92,2.13463687293651676e-28
5,49,0x1.ca79e084aa509p-95,0x1.1ea5ce929e984p-638,0x1.ca79e084aa50ap-95,4.52092321460338756e-29
5,50,0x1.824632515ce48p-97,0x1.1ea5ce929e984p-638,0x1.824632515ce49p-97,9.52239435149540506e-30
5,51,0x1.43b1f04319df8p-99,0x1.1ea5ce929e984p-638,0x1.43b1f04319df9p-99,1.99492490466117885e-30
5,52,0x1.0dd31c4afdfa5p-101,0x1.1ea5ce929e984p-638,0x1.0dd31c4afdfa6p-101,4.15730699252986814e-31
5,53,0x1.bf8307e0bef31p-104,0x1.1ea5ce929e984p-638,0x1.bf8307e0bef32p-104,8.61876451115898960e-32
5,54,0x1.7138633be67d8p-106,0x1.1ea5ce929e984p-638,0x1.7138633be67d9p-106,1.77773090719741592e-32
5,55,0x1.2f1b057175431p-108,0x1.1ea5ce929e984p-638,0x1.2f1b057175432p-108,3.64850036583934020e-33
5,56,0x1.ef381ffb399a5p-111,0x1.1ea5ce929e984p-638,0x1.ef381ffb399a6p-111,7.45123093354965119e-34
5,57,0x1.9299688debb0dp-113,0x1.1ea5ce929e984p-638,0x1.9299688debb0ep-113,1.51441006697070273e-34
5,58,0x1.45c038348fd87p-115,0x1.1ea5ce929e984p-638,0x1.45c038348fd88p-115,3.06334634331075744e-35
5,59,0x1.0657cca9eefdcp-117,0x1.1ea5ce929e984p-638,0x1.0657cca9eefddp-117,6.16765350601316986e-36
5,60,0x1.a49e1d4f640e3p-120,0x1.1ea5ce929e984p-638,0x1.a49e1d4f640e4p-120,1.23608413372378030e-36
5,61,0x1.4fab544ca88cap-122,0x1.1ea5ce929e984p-638,0x1.4fab544ca88cbp-122,2.46610820665494164e-37
5,62,0x1.0aaff7a71a60bp-124,0x1.1ea5ce929e984p-638,0x1.0aaff7a71a60cp-124,4.89827343692808268e-38
5,63,0x1.a5e8f9ca2cdap-127,0x1.1ea5ce929e984p-638,0x1.a5e8f9ca2cda1p-127,9.68657995772404815e-39
5,64,0x1.4c4d3f64321ffp-129,0x1.1ea5ce929e984p-638,0x1.4c4d3f64322p-129,1.90731849687744355e-39
5,65,0x1.049d4d0af8eeap-131,0x1.1ea5ce929e984p-638,0x1.049d4d0af8eebp-131,3.73963405453102088e-40
5,66,0x1.971332dc12c02p-134,0x1.1ea5ce929e984p-638,0x1.971332dc12c03p-134,7.30154963312459246e-41
5,67,0x1.3c9c801c2b26cp-136,0x1.1ea5ce929e984p-638,0x1.3c9c801c2b26dp-136,1.41973430477488402e-41
5,68,0x1.ea80394330c44p-139,0x1.1ea5ce929e984p-638,0x1.ea80394330c45p-139,2.74935248457617045e-42
5,69,0x1.7a6c952bb6543p-141,0x1.1ea5ce929e984p-638,0x1.7a6c952bb6544p-141,5.30285181890967539e-43
5,70,0x1.22cd4a77eeb65p-143,0x1.1ea5ce929e984p-638,0x1.22cd4a77eeb66p-143,1.01875070121004438e-43
5,71,0x1.bd314e4d6a619p-146,0x1.1ea5ce929e984p-638,0x1.bd314e4d6a61ap-146,1.94952408806237026e-44
5,72,0x1.5376a632c65dap-148,0x1.1ea5ce929e984p-638,0x1.5376a632c65dbp-148,3.71632534444892567e-45
5,73,0x1.01dc2d6ba37f5p-150,0x1.1ea5ce929e984p-638,0x1.01dc2d6ba37f6p-150,7.05740073017486967e-46
5,74,0x1.8646aa9f26483p-153,0x1.1ea5ce929e984p-638,0x1.8646aa9f26484p-153,1.33518851779373294e-46
5,75,0x1.264007ba95d4dp-155,0x1.1ea5ce929e984p-638,0x1.264007ba95d4ep-155,2.51667625968463676e-47
5,76,0x1.ba13b6b2f45a8p-158,0x1.1ea5ce929e984p-638,0x1.ba13b6b2f45a9p-158,4.72627128863803086e-48
5,77,0x1.4ae219fcd1944p-160,0x1.1ea5ce929e984p-638,0x1.4ae219fcd1945p-160,8.84372964281213662e-49
5,78,0x1.ed8b247756399p-163,0x1.1ea5ce929e984p-638,0x1.ed8b24775639ap-163,1.64890714624261547e-49
5,79,0x1.6ec82fc1c32cfp-165,0x1.1ea5ce929e984p-638,0x1.6ec82fc1c32dp-165,3.06350602812444588e-50
5,80,0x1.0f9ffc5034436p-167,0x1.1ea5ce929e984p-638,0x1.0f9ffc5034437p-167,5.67179346893312377e-51
5,81,0x1.90eb68fa60e7ap-170,0x1.1ea5ce929e984p-638,0x1.90eb68fa60e7bp-170,1.04644890610581233e-51
5,82,0x1.26de1f16012adp-172,0x1.1ea5ce929e984p-638,0x1.26de1f16012aep-172,1.92410127123390625e-52
5,83,0x1.b04522cf006c8p-175,0x1.1ea5ce929e984p-638,0x1.b04522cf006c9p-175,3.52586721184558553e-53
5,84,0x1.3bc9ed50f7af4p-177,0x1.1ea5ce929e984p-638,0x1.3bc9ed50f7af5p-177,6.43943100053453907e-54
5,85,0x1.cbdc717957758p-180,0x1.1ea5ce929e984p-638,0x1.cbdc717957759p-180,1.17216161435334391e-54
5,86,0x1.4dbbbead1447bp-182,0x1.1ea5ce929e984p-638,0x1.4dbbbead1447cp-182,2.12667178137229100e-55
5,87,0x1.e2d32dc197bf3p-185,0x1.1ea5ce929e984p-638,0x1.e2d32dc197bf4p-185,3.84592234830803438e-56
5,88,0x1.5c2321b215aaep-187,0x1.1ea5ce929e984p-638,0x1.5c2321b215aafp-187,6.93268262130661609e-57
5,89,0x1.f4719ec4c8fafp-190,0x1.1ea5ce929e984p-638,0x1.f4719ec4c8fbp-190,1.24570783710269818e-57
5,90,0x1.668e619c0be3fp-192,0x1.1ea5ce929e984p-638,0x1.668e619c0be4p-192,2.23130056684278510e-58
5,91,0x1.0017f31c70e77p-194,0x1.1ea5ce929e984p-638,0x1.0017f31c70e78p-194,3.98418523735077511e-59
5,92,0x1.6cb036131cfedp-197,0x1.1ea5ce929e984p-638,0x1.6cb036131cfeep-197,7.09206568387834843e-60
5,93,0x1.02de437cf0a3ep-199,0x1.1ea5ce929e984p-638,0x1.02de437cf0a3fp-199,1.25854755556457549e-60
5,94,0x1.6e633b74fd8a9p-202,0x1.1ea5ce929e984p-638,0x1.6e633b74fd8aap-202,2.22659745524002251e-61
5,95,0x1.027fcecf44126p-204,0x1.1ea5ce929e984p-638,0x1.027fcecf44127p-204,3.92735541607038504e-62
5,96,0x1.6bab02d919d96p-207,0x1.1ea5ce929e984p-638,0x1.6bab02d919d97p-207,6.90646849377001954e-63
5,97,0x1.fe1aaa1541baep-210,0x1.1ea5ce929e984p-638,0x1.fe1aaa1541bafp-210,1.21093214685366739e-63
5,98,0x1.64b2bbf162937p-212,0x1.1ea5ce929e984p-638,0x1.64b2bbf162938p-212,2.11690733478101248e-64
5,99,0x1.f1651057af13p-215,0x1.1ea5ce929e984p-638,0x1.f1651057af131p-215,3.68987955916873314e-65
5,100,0x1.59c9ab2c46317p-217,0x1.1ea5ce929e984p-638,0x1.59c9ab2c46318p-217,6.41299058212163487e-66
5,101,0x1.df65b6132710bp-220,0x1.1ea5ce929e984p-638,0x1.df65b6132710cp-220,1.11136465561733460e-66
5,102,0x1.4b5dc7717142cp-222,0x1.1ea5ce929e984p-638,0x1.4b5dc7717142dp-222,1.92047813907162918e-67
5,103,0x1.c8ca55f1317f6p-225,0x1.1ea5ce929e984p-638,0x1.c8ca55f1317f7p-225,3.30923762567520357e-68
5,104,0x1.39f4f9029976cp-227,0x1.1ea5ce929e984p-638,0x1.39f4f9029976dp-227,5.68618630738676411e-69
5,105,0x1.ae5d4306534p-230,0x1.1ea5ce929e984p-638,0x1.ae5d430653401p-230,9.74310255924405929e-70
5,106,0x1.26258469d54edp-232,0x1.1ea5ce929e984p-638,0x1.26258469d54eep-232,1.66481048406531679e-70
5,107,0x1.90fa660a2543ep-235,0x1.1ea5ce929e984p-638,0x1.90fa660a2543fp-235,2.83681966237059432e-71
5,108,0x1.108e306d4848bp-237,0x1.1ea5ce929e984p-638,0x1.108e306d4848cp-237,4.82065326756573804e-72
5,109,0x1.71843aaca3339p-240,0x1.1ea5ce929e984p-638,0x1.71843aaca333ap-240,8.16948980019386920e-73
5,110,0x1.f39d5b5034096p-243,0x1.1ea5ce929e984p-638,0x1.f39d5b5034097p-243,1.38072209352769981e-73
5,111,0x1.50d97fd2293b9p-245,0x1.1ea5ce929e984p-638,0x1.50d97fd2293bap-245,2.32727198454749329e-74
5,112,0x1.c5016784b9d44p-248,0x1.1ea5ce929e984p-638,0x1.c5016784b9d45p-248,3.91223173189247293e-75
5,113,0x1.2fcc2d527f02dp-250,0x1.1ea5ce929e984p-638,0x1.2fcc2d527f02ep-250,6.55911747865665651e-76
5,114,0x1.96645c62b1dd8p-253,0x1.1ea5ce929e984p-638,0x1.96645c62b1dd9p-253,1.09677190970047594e-76
5,115,0x1.0f1a19777ad77p-255,0x1.1ea5ce929e984p-638,0x1.0f1a19777ad78p-255,1.82912667596817953e-77
5,116,0x1.68c1686cba7cbp-258,0x1.1ea5ce929e984p-638,0x1.68c1686cba7ccp-258,3.04252470909147411e-78
5,117,0x1.decf1929245e6p-261,0x1.1ea5ce929e984p-638,0x1.decf1929245e7p-261,5.04769901961390759e-79
5,118,0x1.3cecd17944c5fp-263,0x1.1ea5ce929e984p-638,0x1.3cecd17944c6p-263,8.35271708744028599e-80
5,119,0x1.a277ac1dd3cabp-266,0x1.1ea5ce929e984p-638,0x1.a277ac1dd3cacp-266,1.37861465686249498e-80
5,120,0x1.13908342bbb27p-268,0x1.1ea5ce929e984p-638,0x1.13908342bbb28p-268,2.26957463709224707e-81
5,121,0x1.69ff9f746f36fp-271,0x1.1ea5ce929e984p-638,0x1.69ff9f746f37p-271,3.72681652839717591e-82
5,122,0x1.da56747ecb92bp-274,0x1.1ea5ce929e984p-638,0x1.da56747ecb92cp-274,6.10420176304031162e-83
5,123,0x1.35fc3a6fee81p-276,0x1.1ea5ce929e984p-638,0x1.35fc3a6fee811p-276,9.97291882580734153e-84
5,124,0x1.9423e4361b435p-279,0x1.1ea5ce929e984p-638,0x1.9423e4361b436p-279,1.62526168652976234e-84
5,125,0x1.06c9bd37e3586p-281,0x1.1ea5ce929e984p-638,0x1.06c9bd37e3587p-281,2.64202458535225155e-85
5,126,0x1.54e64c10d0222p-284,0x1.1ea5ce929e984p-638,0x1.54e64c10d0223p-284,4.28418045363065122e-86
5,127,0x1.b92201cb94323p-287,0x1.1ea5ce929e984p-638,0x1.b92201cb94324p-287,6.92979949327082937e-87
5,128,0x1.1cb6c9ccca59cp-289,0x1.1ea5ce929e984p-638,0x1.1cb6c9ccca59dp-289,1.11815017517908328e-87
5,129,0x1.6e9d3babc2c67p-292,0x1.1ea5ce929e984p-638,0x1.6e9d3babc2c68p-292,1.79974333303625323e-88
5,130,0x1.d6eaeaa176c02p-295,0x1.1ea5ce929e984p-638,0x1.d6eaeaa176c03p-295,2.88972340297115757e-89
5,131,0x1.2db5d44c2ada3p-297,0x1.1ea5ce929e984p-638,0x1.2db5d44c2ada4p-297,4.62851224399028028e-90
5,132,0x1.81a9e5ddeb969p-300,0x1.1ea5ce929e984p-638,0x1.81a9e5ddeb96ap-300,7.39554285730339048e-91
5,133,0x1.ebc8d20456a7dp-303,0x1.1ea5ce929e984p-638,0x1.ebc8d20456a7ep-303,1.17881633419578363e-91
5,134,0x1.38cbf434b6aeap-305,0x1.1ea5ce929e984p-638,0x1.38cbf434b6aebp-305,1.87444850045219911e-92
5,135,0x1.8cf2e617e21eep-308,0x1.1ea5ce929e984p-638,0x1.8cf2e617e21efp-308,2.97341747319284405e-93
5,136,0x1.f688b8f3eb008p-311,0x1.1ea5ce929e984p-638,0x1.f688b8f3eb009p-311,4.70540376607828244e-94
5,137,0x1.3d57c237b5aa5p-313,0x1.1ea5ce929e984p-638,0x1.3d57c237b5aa6p-313,7.42848158576982228e-95
5,138,0x1.8fd74e65fa919p-316,0x1.1ea5ce929e984p-638,0x1.8fd74e65fa91ap-316,1.16995396416804714e-95
5,139,0x1.f6975f39c25e9p-319,0x1.1ea5ce929e984p-638,0x1.f6975f39c25eap-319,1.83825764859231086e-96
5,140,0x1.3b2056464f387p-321,0x1.1ea5ce929e984p-638,0x1.3b2056464f388p-321,2.88148325087780590e-97
5,141,0x1.8a3d31026f597p-324,0x1.1ea5ce929e984p-638,0x1.8a3d31026f598p-324,4.50610239385004402e-98
5,142,0x1.ec0dd81f79454p-327,0x1.1ea5ce929e984p-638,0x1.ec0dd81f79455p-327,7.03014510192401011e-99
5,143,0x1.32597dd872131p-329,0x1.1ea5ce929e984p-638,0x1.32597dd872132p-329,1.09423032269978675e-99
5,144,0x1.7c9233f4c74dcp-332,0x1.1ea5ce929e984p-638,0x1.7c9233f4c74ddp-332,1.69917177668261088e-100
5,145,0x1.d7ac5689e9625p-335,0x1.1ea5ce929e984p-638,0x1.d7ac5689e9626p-335,2.63240485954554429e-101
5,146,0x1.239cccb4c18fcp-337,0x1.1ea5ce929e984p-638,0x1.239cccb4c18fdp-337,4.06871837160955918e-102
5,147,0x1.67be648bd7956p-340,0x1.1ea5ce929e984p-638,0x1.67be648bd7957p-340,6.27414761371198830e-103
5,148,0x1.bac4498e04c65p-343,0x1.1ea5ce929e984p-638,0x1.bac4498e04c66p-343,9.65264910712485009e-104
5,149,0x1.0fd8baee578edp-345,0x1.1ea5ce929e984p-638,0x1.0fd8baee578eep-345,1.48161525172593623e-104
5,150,0x1.4d0b674e0cc3dp-348,0x1.1ea5ce929e984p-638,0x1.4d0b674e0cc3ep-348,2.26894447646116424e-105
5,151,0x1.971525a707ddep-351,0x1.1ea5ce929e984p-638,0x1.971525a707ddfp-351,3.46668277396275832e-106
5,152,0x1.f070a6257df93p-354,0x1.1ea5ce929e984p-638,0x1.f070a6257df94p-354,5.28455433206737791e-107
5,153,0x1.2e039cee7774fp-356,0x1.1ea5ce929e984p-638,0x1.2e039cee7775p-356,8.03727478559563486e-108
5,154,0x1.6ea0d5e973b89p-359,0x1.1ea5ce929e984p-638,0x1.6ea0d5e973b8ap-359,1.21960033162578724e-108
5,155,0x1.bc0d99868f52ep-362,0x1.1ea5ce929e984p-638,0x1.bc0d99868f52fp-362,1.84644567211703357e-109
5,156,0x1.0c4daaa8865bdp-364,0x1.1ea5ce929e984p-638,0x1.0c4daaa8865bep-364,2.78912363158889623e-110
5,157,0x1.437d8f25d1c26p-367,0x1.1ea5ce929e984p-638,0x1.437d8f25d1c27p-367,4.20351993033318067e-111
5,158,0x1.85256acf527bp-370,0x1.1ea5ce929e984p-638,0x1.85256acf527b1p-370,6.32083406676266709e-112
5,159,0x1.d311d8a42cb98p-373,0x1.1ea5ce929e984p-638,0x1.d311d8a42cb99p-373,9.48316610288239080e-113
5,160,0x1.17aa8ef7d2ad9p-375,0x1.1ea5ce929e984p-638,0x1.17aa8ef7d2adap-375,1.41955332236376140e-113
5,161,0x1.4e27f7035ede6p-378,0x1.1ea5ce929e984p-638,0x1.4e27f7035ede7p-378,2.12017194763028370e-114
5,162,0x1.8e5d7c4d98177p-381,0x1.1ea5ce929e984p-638,0x1.8e5d7c4d98178p-381,3.15946141152060362e-115
5,163,0x1.d9d8a3a82030ap-384,0x1.1ea5ce929e984p-638,0x1.d9d8a3a82030bp-384,4.69763365325493879e-116
5,164,0x1.192edb2d18bc3p-386,0x1.1ea5ce929e984p-638,0x1.192edb2d18bc4p-386,6.96900566902139126e-117
5,165,0x1.4cf6e0ec762fap-389,0x1.1ea5ce929e984p-638,0x1.4cf6e0ec762fbp-389,1.03154810040194648e-117
5,166,0x1.89667eb9bbbf8p-392,0x1.1ea5ce929e984p-638,0x1.89667eb9bbbf9p-392,1.52347909672262311e-118
5,167,0x1.cfc4c8c73dcaep-395,0x1.1ea5ce929e984p-638,0x1.cfc4c8c73dcafp-395,2.24498359245307021e-119
5,168,0x1.10c0ae67c0731p-397,0x1.1ea5ce929e984p-638,0x1.10c0ae67c0732p-397,3.30081172052682530e-120
5,169,0x1.401c0dd645f2cp-400,0x1.1ea5ce929e984p-638,0x1.401c0dd645f2dp-400,4.84239763724919810e-121
5,170,0x1.76da829ed3a71p-403,0x1.1ea5ce929e984p-638,0x1.76da829ed3a72p-403,7.08815844094456996e-122
5,171,0x1.b5fc1751d235bp-406,0x1.1ea5ce929e984p-638,0x1.b5fc1751d235cp-406,1.03523933559332497e-122
5,172,0x1.fe9ce4856dd7fp-409,0x1.1ea5ce929e984p-638,0x1.fe9ce4856dd8p-409,1.50863284365261696e-123
5,173,0x1.28fb8b520368fp-411,0x1.1ea5ce929e984p-638,0x1.28fb8b520369p-411,2.19362715671133036e-124
5,174,0x1.58b2779fcbab3p-414,0x1.1ea5ce929e984p-638,0x1.58b2779fcbab4p-414,3.18258130310822537e-125
5,175,0x1.8f315cf9c60ddp-417,0x1.1ea5ce929e984p-638,0x1.8f315cf9c60dep-417,4.60717352137791763e-126
5,176,0x1.cd4855e2c660ep-420,0x1.1ea5ce929e984p-638,0x1.cd4855e2c660fp-420,6.65470627809745849e-127
5,177,0x1.09ed28b6a017dp-422,0x1.1ea5ce929e984p-638,0x1.09ed28b6a017ep-422,9.59098745338308330e-128
5,178,0x1.31eeeecf4dee5p-425,0x1.1ea5ce929e984p-638,0x1.31eeeecf4dee6p-425,1.37923628307045526e-128
5,179,0x1.5f2eeb198866fp-428,0x1.1ea5ce929e984p-638,0x1.5f2eeb198867p-428,1.97904520721240444e-129
5,180,0x1.923cf88d92721p-431,0x1.1ea5ce929e984p-638,0x1.923cf88d92722p-431,2.83344757146810401e-130
5,181,0x1.cbb390cceb27dp-434,0x1.1ea5ce929e984p-638,0x1.cbb390cceb27ep-434,4.04778810254154752e-131
5,182,0x1.061bf2a240995p-436,0x1.1ea5ce929e984p-638,0x1.061bf2a240996p-436,5.76984494164283660e-132
5,183,0x1.2a3cedff5a4eep-439,0x1.1ea5ce929e984p-638,0x1.2a3cedff5a4efp-439,8.20644240831408249e-133
5,184,0x1.5299f61457972p-442,0x1.1ea5ce929e984p-638,0x1.5299f61457973p-442,1.16463735284860149e-133
5,185,0x1.7f956b226521p-445,0x1.1ea5ce929e984p-638,0x1.7f956b2265211p-445,1.64919522880691198e-134
5,186,0x1.b1969a05cef31p-448,0x1.1ea5ce929e984p-638,0x1.b1969a05cef32p-448,2.33023391876711578e-135
5,187,0x1.e9096e0ca1405p-451,0x1.1ea5ce929e984p-638,0x1.e9096e0ca1406p-451,3.28528887272142239e-136
5,188,0x1.132f056d9493ep-453,0x1.1ea5ce929e984p-638,0x1.132f056d9493fp-453,4.62162461514662908e-137
5,189,0x1.350426559ad74p-456,0x1.1ea5ce929e984p-638,0x1.350426559ad75p-456,6.48728941744651538e-138
5,190,0x1.5a3f96b272586p-459,0x1.1ea5ce929e984p-638,0x1.5a3f96b272587p-459,9.08614768747163812e-139
5,191,0x1.831e06a799e6fp-462,0x1.1ea5ce929e984p-638,0x1.831e06a799e7p-462,1.26982714203371287e-139
5,192,0x1.afdcef31eeb1bp-465,0x1.1ea5ce929e984p-638,0x1.afdcef31eeb1cp-465,1.77075335462984469e-140
5,193,0x1.e0ba18d6aad47p-468,0x1.1ea5ce929e984p-638,0x1.e0ba18d6aad48p-468,2.46388552445043233e-141
5,194,0x1.0af9899fb8892p-470,0x1.1ea5ce929e984p-638,0x1.0af9899fb8893p-470,3.42083613617351404e-142
5,195,0x1.27e24ef34eb7dp-473,0x1.1ea5ce929e984p-638,0x1.27e24ef34eb7ep-473,4.73907511157254098e-143
5,196,0x1.4735011c40e3fp-476,0x1.1ea5ce929e984p-638,0x1.4735011c40e4p-476,6.55095699811622436e-144
5,197,0x1.690e2fea9d52fp-479,0x1.1ea5ce929e984p-638,0x1.690e2fea9d53p-479,9.03578687622277380e-145
5,198,0x1.8d88f5f5442d9p-482,0x1.1ea5ce929e984p-638,0x1.8d88f5f5442dap-482,1.24359079577277243e-145
5,199,0x1.b4be92764ababp-485,0x1.1ea5ce929e984p-638,0x1.b4be92764abacp-485,1.70780981419982636e-146
5,200,0x1.dec5fe2339f06p-488,0x1.1ea5ce929e984p-638,0x1.dec5fe2339f07p-488,2.34019567565040188e-147
5,201,0x1.05d9bdfb8819dp-490,0x1.1ea5ce929e984p-638,0x1.05d9bdfb8819ep-490,3.19974713096500881e-148
5,202,0x1.1dcc13869007ep-493,0x1.1ea5ce929e984p-638,0x1.1dcc13869007fp-493,4.36546088096152427e-149
5,203,0x1.3740bf69fae26p-496,0x1.1ea5ce929e984p-638,0x1.3740bf69fae27p-496,5.94286166144519582e-150
5,204,0x1.523c7982b4422p-499,0x1.1ea5ce929e984p-638,0x1.523c7982b4423p-499,8.07257934174176526e-151
5,205,0x1.6ec1b879f35eap-502,0x1.1ea5ce929e984p-638,0x1.6ec1b879f35ebp-502,1.09415863667606605e-151
5,206,0x1.8cd079edf3313p-505,0x1.1ea5ce929e984p-638,0x1.8cd079edf3314p-505,1.47978835380773125e-152
5,207,0x1.ac660d011b97cp-508,0x1.1ea5ce929e984p-638,0x1.ac660d011b97dp-508,1.99696437221841724e-153
5,208,0x1.cd7ce03dd36bap-511,0x1.1ea5ce929e984p-638,0x1.cd7ce03dd36bbp-511,2.68901033651196220e-154
5,209,0x1.f00c53c3a2f7fp-514,0x1.1ea5ce929e984p-638,0x1.f00c53c3a2f8p-514,3.61298451680004957e-155
5,210,0x1.0a04485a63f28p-516,0x1.1ea5ce929e984p-638,0x1.0a04485a63f29p-516,4.84385596981018913e-156
5,211,0x1.1cb1336ccb594p-519,0x1.1ea5ce929e984p-638,0x1.1cb1336ccb595p-519,6.47989307705504527e-157
5,212,0x1.300398b455e2ap-522,0x1.1ea5ce929e984p-638,0x1.300398b455e2bp-522,8.64959855377752817e-158
5,213,0x1.43f061ebe3835p-525,0x1.1ea5ce929e984p-638,0x1.43f061ebe3836p-525,1.15206117371891268e-158
5,214,0x1.586aafc48c17bp-528,0x1.1ea5ce929e984p-638,0x1.586aafc48c17cp-528,1.53111066462737168e-159
5,215,0x1.6d63d989da8abp-531,0x1.1ea5ce929e984p-638,0x1.6d63d989da8acp-531,2.03043476053671844e-160
5,216,0x1.82cb71e606668p-534,0x1.1ea5ce929e984p-638,0x1.82cb71e606669p-534,2.68672287056316818e-161
5,217,0x1.988f510940839p-537,0x1.1ea5ce929e984p-638,0x1.988f51094083ap-537,3.54738256799241717e-162
5,218,0x1.ae9ba465af5b2p-540,0x1.1ea5ce929e984p-638,0x1.ae9ba465af5b3p-540,4.67352367693178318e-163
5,219,0x1.c4db041e3d238p-543,0x1.1ea5ce929e984p-638,0x1.c4db041e3d239p-543,6.14372921807189658e-164
5,220,0x1.db368e3130a0bp-546,0x1.1ea5ce929e984p-638,0x1.db368e3130a0cp-546,8.05880807383977667e-165
5,221,0x1.f196075101a22p-549,0x1.1ea5ce929e984p-638,0x1.f196075101a23p-549,1.05477690157640456e-165
5,222,0x1.03f000a329c57p-551,0x1.1ea5ce929e984p-638,0x1.03f000a329c58p-551,1.37753098979290657e-166
5,223,0x1.0efd034ef3ecp-554,0x1.1ea5ce929e984p-638,0x1.0efd034ef3ec1p-554,1.79511810948366953e-167
5,224,0x1.19e465a692023p-557,0x1.1ea5ce929e984p-638,0x1.19e465a692024p-557,2.33418606505627377e-168
5,225,0x1.249830eff72b1p-560,0x1.1ea5ce929e984p-638,0x1.249830eff72b2p-560,3.02850724033326268e-169
5,226,0x1.2f0a3a55d44fbp-563,0x1.1ea5ce929e984p-638,0x1.2f0a3a55d44fcp-563,3.92077901716157999e-170
5,227,0x1.392c4136b8c89p-566,0x1.1ea5ce929e984p-638,0x1.392c4136b8c8ap-566,5.06485038988655932e-171
5,228,0x1.42f00ed30880cp-569,0x1.1ea5ce929e984p-638,0x1.42f00ed30880dp-569,6.52846807909952712e-172
5,229,0x1.4c4796fa41361p-572,0x1.1ea5ce929e984p-638,0x1.4c4796fa41362p-572,8.39665396736612094e-173
5,230,0x1.55251950b18aap-575,0x1.1ea5ce929e984p-638,0x1.55251950b18abp-575,1.07758474183713916e-173
5,231,0x1.5d7b42c100c73p-578,0x1.1ea5ce929e984p-638,0x1.5d7b42c100c74p-578,1.37989714544525644e-174
5,232,0x1.653d4ea8e5d54p-581,0x1.1ea5ce929e984p-638,0x1.653d4ea8e5d55p-581,1.76316113525199884e-175
5,233,0x1.6c5f274e40991p-584,0x1.1ea5ce929e984p-638,0x1.6c5f274e40992p-584,2.24795285110692203e-176
5,234,0x1.72d58529a8c2fp-587,0x1.1ea5ce929e984p-638,0x1.72d58529a8c32p-587,2.85977720143005300e-177
5,235,0x1.78960c955e427p-590,0x1.1ea5ce929e984p-638,0x1.78960c955e43ap-590,3.63016957769904731e-178
5,236,0x1.7d9769737447bp-593,0x1.1ea5ce929e984p-638,0x1.7d9769737450bp-593,4.59802411233477886e-179
5,237,0x1.81d16863fc1b4p-596,0x1.1ea5ce929e984p-638,0x1.81d16863fc63p-596,5.81119037751510808e-180
5,238,0x1.853d0d2bd1f1bp-599,0x1.1ea5ce929e984p-638,0x1.853d0d2bd42f1p-599,7.32838711391035061e-181
5,239,0x1.87d4a5f658ef6p-602,0x1.1ea5ce929e984p-638,0x1.87d4a5f66ad9dp-602,9.22148911128144648e-182
5,240,0x1.8993db27c5c1fp-605,0x1.1ea5ce929e984p-638,0x1.8993db285514ep-605,1.15782517958972627e-182
5,241,0x1.8a77bb82598bcp-608,0x1.1ea5ce929e984p-638,0x1.8a77bb86d4231p-608,1.45055474678765157e-183
5,242,0x1.8a7ec46ee75eap-611,0x1.1ea5ce929e984p-638,0x1.8a7ec492bc188p-611,1.81331975510295111e-184
5,243,0x1.89a8e647e6cf9p-614,0x1.1ea5ce929e984p-638,0x1.89a8e7668c9e3p-614,2.26184970394453062e-185
5,244,0x1.87f78495e6389p-617,0x1.1ea5ce929e984p-638,0x1.87f78d8b14ad3p-617,2.81515439829132765e-186
5,245,0x1.856d723c1720ap-620,0x1.1ea5ce929e984p-638,0x1.856db9e58ac55p-620,3.49615425651690445e-187
5,246,0x1.820ee9a3a0c05p-623,0x1.1ea5ce929e984p-638,0x1.821126ef3de5ap-623,4.33246853477070590e-188
5,247,0x1.7de181040d45fp-626,0x1.1ea5ce929e984p-638,0x1.7df36b60f66ffp-626,5.35784614218399426e-189
5,248,0x1.78ec1af63951ep-629,0x1.1ea5ce929e984p-638,0x1.797b6ddd82a14p-629,6.61895115878187353e-190
5,249,0x1.7336d38d5cf25p-632,0x1.1ea5ce929e984p-638,0x1.77b16ac7a76ccp-632,8.23447507745857090e-191
5,250,0x1.6ccaea3eceb29p-635,0x1.1ea5ce929e984p-638,0x1.909fa4112285bp-635,1.09761318225527895e-191
5,251,0x1.65b2a8ecc2759p-638,0x1.1ea5ce929e984p-638,0x1.422c3bbfb086fp-637,2.20669164335097541e-192
5,252,0x1.5df948724afe8p-641,0x1.1ea5ce929e984p-638,0x1.4a64f7a0e7f82p-638,1.13150241012014334e-192
5,253,0x1.55aad3171f7ddp-644,0x1.1ea5ce929e984p-638,0x1.23fc79defb164p-638,9.99965873104964457e-193
5,254,0x1.4cd40557f55ebp-647,0x1.1ea5ce929e984p-638,0x1.1f4c38954a93p-638,9.83909170239970523e-193
5,255,0x1.43822d748acd2p-650,0x1.1ea5ce929e984p-638,0x1.1eba06b575e1p-638,9.81953413545378942e-193
5,256,0x1.39c30a36bc392p-653,0x1.1ea5ce929e984p-638,0x1.1ea84218b305dp-638,9.81715717587480980e-193
5,257,0x1.2fa4a9662c69ep-656,0x1.1ea5ce929e984p-638,0x1.1ea61a7bc8f1ep-638,9.81686892056148254e-193
5,258,0x1.2535465a3ce5ap-659,0x1.1ea5ce929e984p-638,0x1.1ea5d7bc48cb2p-638,9.81683404016220031e-193
5,259,0x1.1a8329184e3d3p-662,0x1.1ea5ce929e984p-638,0x1.1ea5cfad21c17p-638,9.81682982868713398e-193
5,260,0x1.0f9c8666bf39ap-665,0x1.1ea5ce929e984p-638,0x1.1ea5ceb492292p-638,9.81682932130432428e-193
5,261,0x1.048f6135f7fc6p-668,0x1.1ea5ce929e984p-638,0x1.1ea5ce96b0d5dp-638,9.81682926031046996e-193
5,262,0x1.f2d2db706e026p-672,0x1.1ea5ce929e984p-638,0x1.1ea5ce931b4dp-638,9.81682925299427438e-193
5,263,0x1.dc6fecee0ed83p-675,0x1.1ea5ce929e984p-638,0x1.1ea5ce92ad7bdp-638,9.81682925211861932e-193
5,264,0x1.c60f8754fa5d9p-678,0x1.1ea5ce929e984p-638,0x1.1ea5ce92a05e6p-638,9.81682925201404359e-193
5,265,0x1.afca0a159ad4cp-681,0x1.1ea5ce929e984p-638,0x1.1ea5ce929ece5p-638,9.81682925200158265e-193
5,266,0x1.99b67c91af6cdp-684,0x1.1ea5ce929e984p-638,0x1.1ea5ce929e9ebp-638,9.81682925200009925e-193
5,267,0x1.83ea6c9bf217cp-687,0x1.1ea5ce929e984p-638,0x1.1ea5ce929e991p-638,9.81682925199992404e-193
5,268,0x1.6e79d2ae93d8ep-690,0x1.1ea5ce929e984p-638,0x1.1ea5ce929e986p-638,9.81682925199990263e-193
5,269,0x1.5976fbe8e6e7ep-693,0x1.1ea5ce929e984p-638,0x1.1ea5ce929e985p-638,9.81682925199990068e-193
5,270,0x1.44f279cd92eabp-696,0x1.1ea5ce929e984p-638,0x1.1ea5ce929e985p-638,9.81682925199990068e-193
5,271,0x1.30fb17a50c663p-699,0x1.1ea5ce929e984p-638,0x1.1ea5ce929e985p-638,9.81682925199990068e-193
5,272,0x1.1d9dd5540b914p-702,0x1.1ea5ce929e984p-638,0x1.1ea5ce929e985p-638,9.81682925199990068e-193
5,273,0x1.0ae5e763ce20dp-705,0x1.1ea5ce929e984p-638,0x1.1ea5ce929e985p-638,9.81682925199990068e-193
5,274,0x1.f1b977d42943fp-709,0x1.1ea5ce929e984p-638,0x1.1ea5ce929e985p-638,9.81682925199990068e-193
5,275,0x1.cf1407e2d392dp-712,0x1.1ea5ce929e984p-638,0x1.1ea5ce929e985p-638,9.81682925199990068e-193
5,276,0x1.ade781ee9816bp-715,0x1.1ea5ce929e984p-638,0x1.1ea5ce929e985p-638,9.81682925199990068e-193
5,277,0x1.8e3cac1acdb8dp-718,0x1.1ea5ce929e984p-638,0x1.1ea5ce929e985p-638,9.81682925199990068e-193
5,278,0x1.7019384a458e6p-721,0x1.1ea5ce929e984p-638,0x1.1ea5ce929e985p-638,9.81682925199990068e-193
5,279,0x1.537ff212c4502p-724,0x1.1ea5ce929e984p-638,0x1.1ea5ce929e985p-638,9.81682925199990068e-193
5,280,0x1.3870f11251dfbp-727,0x1.1ea5ce929e984p-638,0x1.1ea5ce929e985p-638,9.81682925199990068e-193
5,281,0x1.1ee9ceae136b5p-730,0x1.1ea5ce929e984p-638,0x1.1ea5ce929e985p-638,9.81682925199990068e-193
5,282,0x1.06e5de489b58p-733,0x1.1ea5ce929e984p-638,0x1.1ea5ce929e985p-638,9.81682925199990068e-193
5,283,0x1.e0bcce0efcd7fp-737,0x1.1ea5ce929e984p-638,0x1.1ea5ce929e985p-638,9.81682925199990068e-193
5,284,0x1.b695bc99c6438p-740,0x1.1ea5ce929e984p-638,0x1.1ea5ce929e985p-638,9.81682925199990068e-193
5,285,0x1.8f424432c2ea3p-743,0x1.1ea5ce929e984p-638,0x1.1ea5ce929e985p-638,9.81682925199990068e-193
5,286,0x1.6aab653870bbfp-746,0x1.1ea5ce929e984p-638,0x1.1ea5ce929e985p-638,9.81682925199990068e-193
5,287,0x1.48b7d496553dap-749,0x1.1ea5ce929e984p-638,0x1.1ea5ce929e985p-638,9.81682925199990068e-193
5,288,0x1.294c67df70796p-752,0x1.1ea5ce929e984p-638,0x1.1ea5ce929e985p-638,9.81682925199990068e-193
5,289,0x1.0c4c7c58d468dp-755,0x1.1ea5ce929e984p-638,0x1.1ea5ce929e985p-638,9.81682925199990068e-193
5,290,0x1.e334b0482faap-759,0x1.1ea5ce929e984p-638,0x1.1ea5ce929e985p-638,9.81682925199990068e-193
5,291,0x1.b22f09c66db23p-762,0x1.1ea5ce929e984p-638,0x1.1ea5ce929e985p-638,9.81682925199990068e-193
5,292,0x1.854a46afe79f1p-765,0x1.1ea5ce929e984p-638,0x1.1ea5ce929e985p-638,9.81682925199990068e-193
5,293,0x1.5c486f4f0498bp-768,0x1.1ea5ce929e984p-638,0x1.1ea5ce929e985p-638,9.81682925199990068e-193
5,294,0x1.36ebdc1f0311cp-771,0x1.1ea5ce929e984p-638,0x1.1ea5ce929e985p-638,9.81682925199990068e-193
5,295,0x1.14f7aff56161ep-774,0x1.1ea5ce929e984p-638,0x1.1ea5ce929e985p-638,9.81682925199990068e-193
5,296,0x1.ec608607daeb9p-778,0x1.1ea5ce929e984p-638,0x1.1ea5ce929e985p-638,9.81682925199990068e-193
5,297,0x1.b4b6fe04a277cp-781,0x1.1ea5ce929e984p-638,0x1.1ea5ce929e985p-638,9.81682925199990068e-193
5,298,0x1.828259f8a8ad2p-784,0x1.1ea5ce929e984p-638,0x1.1ea5ce929e985p-638,9.81682925199990068e-193
5,299,0x1.55566ad2bcbf8p-787,0x1.1ea5ce929e984p-638,0x1.1ea5ce929e985p-638,9.81682925199990068e-193
5,300,0x1.2ccba6a3cbf0fp-790,0x1.1ea5ce929e984p-638,0x1.1ea5ce929e985p-638,9.81682925199990068e-193
5,301,0x1.087f76c16c505p-793,0x1.1ea5ce929e984p-638,0x1.1ea5ce929e985p-638,9.81682925199990068e-193
5,302,0x1.d028df424f504p-797,0x1.1ea5ce929e984p-638,0x1.1ea5ce929e985p-638,9.81682925199990068e-193
5,303,0x1.9664e8cd4479p-800,0x1.1ea5ce929e984p-638,0x1.1ea5ce929e985p-638,9.81682925199990068e-193
5,304,0x1.630d905891ab3p-803,0x1.1ea5ce929e984p-638,0x1.1ea5ce929e985p-638,9.81682925199990068e-193
5,305,0x1.35881e235cf6fp-806,0x1.1ea5ce929e984p-638,0x1.1ea5ce929e985p-638,9.81682925199990068e-193
5,306,0x1.0d44822a569f9p-809,0x1.1ea5ce929e984p-638,0x1.1ea5ce929e985p-638,9.81682925199990068e-193
5,307,0x1.d37a42c3b479p-813,0x1.1ea5ce929e984p-638,0x1.1ea5ce929e985p-638,9.81682925199990068e-193
5,308,0x1.94ed1c7f2aad7p-816,0x1.1ea5ce929e984p-638,0x1.1ea5ce929e985p-638,9.81682925199990068e-193
5,309,0x1.5dfe605379007p-819,0x1.1ea5ce929e984p-638,0x1.1ea5ce929e985p-638,9.81682925199990068e-193
5,310,0x1.2dddba4e1205ap-822,0x1.1ea5ce929e984p-638,0x1.1ea5ce929e985p-638,9.81682925199990068e-193
5,311,0x1.03ccd1d3570a5p-825,0x1.1ea5ce929e984p-638,0x1.1ea5ce929e985p-638,9.81682925199990068e-193
5,312,0x1.be3cb028b3cb8p-829,0x1.1ea5ce929e984p-638,0x1.1ea5ce929e985p-638,9.81682925199990068e-193
5,313,0x1.7e6a17ff093cep-832,0x1.1ea5ce929e984p-638,0x1.1ea5ce929e985p-638,9.81682925199990068e-193
5,314,0x1.4705706d77f4bp-835,0x1.1ea5ce929e984p-638,0x1.1ea5ce929e985p-638,9.81682925199990068e-193
5,315,0x1.170e5e0d75d92p-838,0x1.1ea5ce929e984p-638,0x1.1ea5ce929e985p-638,9.81682925199990068e-193
5,316,0x1.db3d1f4159f93p-842,0x1.1ea5ce929e984p-638,0x1.1ea5ce929e985p-638,9.81682925199990068e-193
5,317,0x1.93cf833c946a5p-845,0x1.1ea5ce929e984p-638,0x1.1ea5ce929e985p-638,9.81682925199990068e-193
5,318,0x1.56639ead17f07p-848,0x1.1ea5ce929e984p-638,0x1.1ea5ce929e985p-638,9.81682925199990068e-193
5,319,0x1.21b1ab3b437adp-851,0x1.1ea5ce929e984p-638,0x1.1ea5ce929e985p-638,9.81682925199990068e-193
5,320,0x1.e92da85e37fe7p-855,0x1.1ea5ce929e984p-638,0x1.1ea5ce929e985p-638,9.81682925199990068e-193
5,321,0x1.9c23a5ece9a96p-858,0x1.1ea5ce929e984p-638,0x1.1ea5ce929e985p-638,9.81682925199990068e-193
5,322,0x1.5a7f79cfc393ap-861,0x1.1ea5ce929e984p-638,0x1.1ea5ce929e985p-638,9.81682925199990068e-193
5,323,0x1.22b208b72608dp-864,0x1.1ea5ce929e984p-638,0x1.1ea5ce929e985p-638,9.81682925199990068e-193
5,324,0x1.e6bab898b4b91p-868,0x1.1ea5ce929e984p-638,0x1.1ea5ce929e985p-638,9.81682925199990068e-193
5,325,0x1.969eee6c5f6a7p-871,0x1.1ea5ce929e984p-638,0x1.1ea5ce929e985p-638,9.81682925199990068e-193
5,326,0x1.52fb21e70b5e1p-874,0x1.1ea5ce929e984p-638,0x1.1ea5ce929e985p-638,9.81682925199990068e-193
5,327,0x1.19ff6e25acb85p-877,0x1.1ea5ce929e984p-638,0x1.1ea5ce929e985p-638,9.81682925199990068e-193
5,328,0x1.d43341333da83p-881,0x1.1ea5ce929e984p-638,0x1.1ea5ce929e985p-638,9.81682925199990068e-193
5,329,0x1.83dbf4ff916ccp-884,0x1.1ea5ce929e984p-638,0x1.1ea5ce929e985p-638,9.81682925199990068e-193
5,330,0x1.40a147d6dcba7p-887,0x1.1ea5ce929e984p-638,0x1.1ea5ce929e985p-638,9.81682925199990068e-193
5,331,0x1.087f8bcc67a59p-890,0x1.1ea5ce929e984p-638,0x1.1ea5ce929e985p-638,9.81682925199990068e-193
5,332,0x1.b3790294ad1d4p-894,0x1.1ea5ce929e984p-638,0x1.1ea5ce929e985p-638,9.81682925199990068e-193
5,333,0x1.65bbca5098d2dp-897,0x1.1ea5ce929e984p-638,0x1.1ea5ce929e985p-638,9.81682925199990068e-193
5,334,0x1.254213c9df39cp-900,0x1.1ea5ce929e984p-638,0x1.1ea5ce929e985p-638,9.81682925199990068e-193
5,335,0x1.dfcd9727231d9p-904,0x1.1ea5ce929e984p-638,0x1.1ea5ce929e985p-638,9.81682925199990068e-193
5,336,0x1.87b0017591867p-907,0x1.1ea5ce929e984p-638,0x1.1ea5ce929e985p-638,9.81682925199990068e-193
5,337,0x1.3f16a97bf743dp-910,0x1.1ea5ce929e984p-638,0x1.1ea5ce929e985p-638,9.81682925199990068e-193
5,338,0x1.0367b22aa4471p-913,0x1.1ea5ce929e984p-638,0x1.1ea5ce929e985p-638,9.81682925199990068e-193
5,339,0x1.a4e4d442e26e6p-917,0x1.1ea5ce929e984p-638,0x1.1ea5ce929e985p-638,9.81682925199990068e-193
5,340,0x1.54bfc501e5663p-920,0x1.1ea5ce929e984p-638,0x1.1ea5ce929e985p-638,9.81682925199990068e-193
5,341,0x1.134b208f14a49p-923,0x1.1ea5ce929e984p-638,0x1.1ea5ce929e985p-638,9.81682925199990068e-193
5,342,0x1.bbe6f3304145fp-927,0x1.1ea5ce929e984p-638,0x1.1ea5ce929e985p-638,9.81682925199990068e-193
5,343,0x1.65263bdbf490bp-930,0x1.1ea5ce929e984p-638,0x1.1ea5ce929e985p-638,9.81682925199990068e-193
5,344,0x1.1ec1ef27419f1p-933,0x1.1ea5ce929e984p-638,0x1.1ea5ce929e985p-638,9.81682925199990068e-193
5,345,0x1.cb878c17c764cp-937,0x1.1ea5ce929e984p-638,0x1.1ea5ce929e985p-638,9.81682925199990068e-193
5,346,0x1.6f70a97812f3p-940,0x1.1ea5ce929e984p-638,0x1.1ea5ce929e985p-638,9.81682925199990068e-193
5,347,0x1.253375aebae2dp-943,0x1.1ea5ce929e984p-638,0x1.1ea5ce929e985p-638,9.81682925199990068e-193
5,348,0x1.d2f636715543dp-947,0x1.1ea5ce929e984p-638,0x1.1ea5ce929e985p-638,9.81682925199990068e-193
5,349,0x1.73162aff918c1p-950,0x1.1ea5ce929e984p-638,0x1.1ea5ce929e985p-638,9.81682925199990068e-193
5,350,0x1.264abff78fc4fp-953,0x1.1ea5ce929e984p-638,0x1.1ea5ce929e985p-638,9.81682925199990068e-193
5,351,0x1.d1d2fd5197dfbp-957,0x1.1ea5ce929e984p-638,0x1.1ea5ce929e985p-638,9.81682925199990068e-193
5,352,0x1.6fea2cb457311p-960,0x1.1ea5ce929e984p-638,0x1.1ea5ce929e985p-638,9.81682925199990068e-193
5,353,0x1.21fdcc7eda5b6p-963,0x1.1ea5ce929e984p-638,0x1.1ea5ce929e985p-638,9.81682925199990068e-193
5,354,0x1.c8365972477b1p-967,0x1.1ea5ce929e984p-638,0x1.1ea5ce929e985p-638,9.81682925199990068e-193
5,355,0x1.661fddec24e37p-970,0x1.1ea5ce929e984p-638,0x1.1ea5ce929e985p-638,9.81682925199990068e-193
5,356,0x1.188df907432ffp-973,0x1.1ea5ce929e984p-638,0x1.1ea5ce929e985p-638,9.81682925199990068e-193
5,357,0x1.b6ae30a85be26p-977,0x1.1ea5ce929e984p-638,0x1.1ea5ce929e985p-638,9.81682925199990068e-193
5,358,0x1.5644ef3b609dfp-980,0x1.1ea5ce929e984p-638,0x1.1ea5ce929e985p-638,9.81682925199990068e-193
5,359,0x1.0a819f5782058p-983,0x1.1ea5ce929e984p-638,0x1.1ea5ce929e985p-638,9.81682925199990068e-193
5,360,0x1.9e30556d65027p-987,0x1.1ea5ce929e984p-638,0x1.1ea5ce929e985p-638,9.81682925199990068e-193
5,361,0x1.413458ad56bd4p-990,0x1.1ea5ce929e984p-638,0x1.1ea5ce929e985p-638,9.81682925199990068e-193
5,362,0x1.f12f7e6b68c57p-994,0x1.1ea5ce929e984p-638,0x1.1ea5ce929e985p-638,9.81682925199990068e-193
5,363,0x1.80044e6593e7dp-997,0x1.1ea5ce929e984p-638,0x1.1ea5ce929e985p-638,9.81682925199990068e-193
5,364,0x1.2802de55437dap-1000,0x1.1ea5ce929e984p-638,0x1.1ea5ce929e985p-638,9.81682925199990068e-193
5,365,0x1.c76e8f6577081p-1004,0x1.1ea5ce929e984p-638,0x1.1ea5ce929e985p-638,9.81682925199990068e-193
5,366,0x1.5da72e8b9de78p-1007,0x1.1ea5ce929e984p-638,0x1.1ea5ce929e985p-638,9.81682925199990068e-193
5,367,0x1.0be7ba07d6599p-1010,0x1.1ea5ce929e984p-638,0x1.1ea5ce929e985p-638,9.81682925199990068e-193
5,368,0x1.99b810bafe31p-1014,0x1.1ea5ce929e984p-638,0x1.1ea5ce929e985p-638,9.81682925199990068e-193
5,369,0x1.38ad0087d9b0ap-1017,0x1.1ea5ce929e984p-638,0x1.1ea5ce929e985p-638,9.81682925199990068e-193
5,370,0x1.dc4ae2874e1bfp-1021,0x1.1ea5ce929e984p-638,0x1.1ea5ce929e985p-638,9.81682925199990068e-193
5,371,0x0.5a86e65b30c0dp-1022,0x1.1ea5ce929e984p-638,0x1.1ea5ce929e985p-638,9.81682925199990068e-193
5,372,0x0.089a2f4ca767cp-1022,0x1.1ea5ce929e984p-638,0x1.1ea5ce929e985p-638,9.81682925199990068e-193
5,373,0x0.00d4f56526569p-1022,0x1.1ea5ce929e984p-638,0x1.1ea5ce929e985p-638,9.81682925199990068e-193
5,374,0x0.0018968426921p-1022,0x1.1ea5ce929e984p-638,0x1.1ea5ce929e985p-638,9.81682925199990068e-193
5,375,0x0.0006b72da3463p-1022,0x1.1ea5ce929e984p-638,0x1.1ea5ce929e985p-638,9.81682925199990068e-193
5,376,0x0.0004f428a734p-1022,0x1.1ea5ce929e984p-638,0x1.1ea5ce929e985p-638,9.81682925199990068e-193
5,377,0x0.0004b63556cbp-1022,0x1.1ea5ce929e984p-638,0x1.1ea5ce929e985p-638,9.81682925199990068e-193
5,378,0x0.00049d0454fa4p-1022,0x1.1ea5ce929e984p-638,0x1.1ea5ce929e985p-638,9.81682925199990068e-193
5,379,0x0.0004876bc55d2p-1022,0x1.1ea5ce929e984p-638,0x1.1ea5ce929e985p-638,9.81682925199990068e-193
5,380,0x0.0004724e449afp-1022,0x1.1ea5ce929e984p-638,0x1.1ea5ce929e985p-638,9.81682925199990068e-193
5,381,0x0.00045d6146e83p-1022,0x1.1ea5ce929e984p-638,0x1.1ea5ce929e985p-638,9.81682925199990068e-193
5,382,0x0.0004489e0ae87p-1022,0x1.1ea5ce929e984p-638,0x1.1ea5ce929e985p-638,9.81682925199990068e-193
5,383,0x0.0004340427aadp-1022,0x1.1ea5ce929e984p-638,0x1.1ea5ce929e985p-638,9.81682925199990068e-193
5,384,0x0.00041f93cc335p-1022,0x1.1ea5ce929e984p-638,0x1.1ea5ce929e985p-638,9.81682925199990068e-193
5,385,0x0.00040b4d36182p-1022,0x1.1ea5ce929e984p-638,0x1.1ea5ce929e985p-638,9.81682925199990068e-193
5,386,0x0.0003f730a3c6ep-1022,0x1.1ea5ce929e984p-638,0x1.1ea5ce929e985p-638,9.81682925199990068e-193
5,387,0x0.0003e33e53ccap-1022,0x1.1ea5ce929e984p-638,0x1.1ea5ce929e985p-638,9.81682925199990068e-193
5,388,0x0.0003cf7684d55p-1022,0x1.1ea5ce929e984p-638,0x1.1ea5ce929e985p-638,9.81682925199990068e-193
5,389,0x0.0003bbd975ac4p-1022,0x1.1ea5ce929e984p-638,0x1.1ea5ce929e985p-638,9.81682925199990068e-193
5,390,0x0.0003a867653bep-1022,0x1.1ea5ce929e984p-638,0x1.1ea5ce929e985p-638,9.81682925199990068e-193
5,391,0x0.00039520928d5p-1022,0x1.1ea5ce929e984p-638,0x1.1ea5ce929e985p-638,9.81682925199990068e-193
5,392,0x0.000382053cc93p-1022,0x1.1ea5ce929e984p-638,0x1.1ea5ce929e985p-638,9.81682925199990068e-193
5,393,0x0.00036f15a3373p-1022,0x1.1ea5ce929e984p-638,0x1.1ea5ce929e985p-638,9.81682925199990068e-193
5,394,0x0.00035c52053dfp-1022,0x1.1ea5ce929e984p-638,0x1.1ea5ce929e985p-638,9.81682925199990068e-193
5,395,0x0.000349baa2637p-1022,0x1.1ea5ce929e984p-638,0x1.1ea5ce929e985p-638,9.81682925199990068e-193
5,396,0x0.0003374fba4cap-1022,0x1.1ea5ce929e984p-638,0x1.1ea5ce929e985p-638,9.81682925199990068e-193
5,397,0x0.000325118cbd9p-1022,0x1.1ea5ce929e984p-638,0x1.1ea5ce929e985p-638,9.81682925199990068e-193
5,398,0x0.0003130059998p-1022,0x1.1ea5ce929e984p-638,0x1.1ea5ce929e985p-638,9.81682925199990068e-193
5,399,0x0.0003011c60e3p-1022,0x1.1ea5ce929e984p-638,0x1.1ea5ce929e985p-638,9.81682925199990068e-193
5,400,0x0.0002ef65e2bb3p-1022,0x1.1ea5ce929e984p-638,0x1.1ea5ce929e985p-638,9.81682925199990068e-193
5,401,0x0.0002dddd1f633p-1022,0x1.1ea5ce929e984p-638,0x1.1ea5ce929e985p-638,9.81682925199990068e-193
5,402,0x0.0002cc82573b2p-1022,0x1.1ea5ce929e984p-638,0x1.1ea5ce929e985p-638,9.81682925199990068e-193
5,403,0x0.0002bb55cac1bp-1022,0x1.1ea5ce929e984p-638,0x1.1ea5ce929e985p-638,9.81682925199990068e-193
5,404,0x0.0002aa57ba94fp-1022,0x1.1ea5ce929e984p-638,0x1.1ea5ce929e985p-638,9.81682925199990068e-193
5,405,0x0.000299886772p-1022,0x1.1ea5ce929e984p-638,0x1.1ea5ce929e985p-638,9.81682925199990068e-193
5,406,0x0.000288e812359p-1022,0x1.1ea5ce929e984p-638,0x1.1ea5ce929e985p-638,9.81682925199990068e-193
5,407,0x0.00027876fbdafp-1022,0x1.1ea5ce929e984p-638,0x1.1ea5ce929e985p-638,9.81682925199990068e-193
5,408,0x0.00026835657cbp-1022,0x1.1ea5ce929e984p-638,0x1.1ea5ce929e985p-638,9.81682925199990068e-193
5,409,0x0.000258239053ep-1022,0x1.1ea5ce929e984p-638,0x1.1ea5ce929e985p-638,9.81682925199990068e-193
5,410,0x0.00024841bdb92p-1022,0x1.1ea5ce929e984p-638,0x1.1ea5ce929e985p-638,9.81682925199990068e-193
5,411,0x0.000238902f24dp-1022,0x1.1ea5ce929e984p-638,0x1.1ea5ce929e985p-638,9.81682925199990068e-193
5,412,0x0.0002290f262ep-1022,0x1.1ea5ce929e984p-638,0x1.1ea5ce929e985p-638,9.81682925199990068e-193
5,413,0x0.000219bee48a5p-1022,0x1.1ea5ce929e984p-638,0x1.1ea5ce929e985p-638,9.81682925199990068e-193
5,414,0x0.00020a9fac0f2p-1022,0x1.1ea5ce929e984p-638,0x1.1ea5ce929e985p-638,9.81682925199990068e-193
5,415,0x0.0001fbb1beb11p-1022,0x1.1ea5ce929e984p-638,0x1.1ea5ce929e985p-638,9.81682925199990068e-193
5,416,0x0.0001ecf55e833p-1022,0x1.1ea5ce929e984p-638,0x1.1ea5ce929e985p-638,9.81682925199990068e-193
5,417,0x0.0001de6acdb84p-1022,0x1.1ea5ce929e984p-638,0x1.1ea5ce929e985p-638,9.81682925199990068e-193
5,418,0x0.0001d0124ea21p-1022,0x1.1ea5ce929e984p-638,0x1.1ea5ce929e985p-638,9.81682925199990068e-193
5,419,0x0.0001c1ec23b13p-1022,0x1.1ea5ce929e984p-638,0x1.1ea5ce929e985p-638,9.81682925199990068e-193
5,420,0x0.0001b3f88f75cp-1022,0x1.1ea5ce929e984p-638,0x1.1ea5ce929e985p-638,9.81682925199990068e-193
5,421,0x0.0001a637d49edp-1022,0x1.1ea5ce929e984p-638,0x1.1ea5ce929e985p-638,9.81682925199990068e-193
5,422,0x0.000198aa35fa2p-1022,0x1.1ea5ce929e984p-638,0x1.1ea5ce929e985p-638,9.81682925199990068e-193
5,423,0x0.00018b4ff6757p-1022,0x1.1ea5ce929e984p-638,0x1.1ea5ce929e985p-638,9.81682925199990068e-193
5,424,0x0.00017e29591d7p-1022,0x1.1ea5ce929e984p-638,0x1.1ea5ce929e985p-638,9.81682925199990068e-193
5,425,0x0.00017136a11ep-1022,0x1.1ea5ce929e984p-638,0x1.1ea5ce929e985p-638,9.81682925199990068e-193
5,426,0x0.0001647811c1bp-1022,0x1.1ea5ce929e984p-638,0x1.1ea5ce929e985p-638,9.81682925199990068e-193
5,427,0x0.000157edee724p-1022,0x1.1ea5ce929e984p-638,0x1.1ea5ce929e985p-638,9.81682925199990068e-193
5,428,0x0.00014b987ab88p-1022,0x1.1ea5ce929e984p-638,0x1.1ea5ce929e985p-638,9.81682925199990068e-193
5,429,0x0.00013f77fa3cap-1022,0x1.1ea5ce929e984p-638,0x1.1ea5ce929e985p-638,9.81682925199990068e-193
5,430,0x0.0001338cb0c64p-1022,0x1.1ea5ce929e984p-638,0x1.1ea5ce929e985p-638,9.81682925199990068e-193
5,431,0x0.000127d6e23c2p-1022,0x1.1ea5ce929e984p-638,0x1.1ea5ce929e985p-638,9.81682925199990068e-193
5,432,0x0.00011c56d2a3ap-1022,0x1.1ea5ce929e984p-638,0x1.1ea5ce929e985p-638,9.81682925199990068e-193
5,433,0x0.0001110cc6218p-1022,0x1.1ea5ce929e984p-638,0x1.1ea5ce929e985p-638,9.81682925199990068e-193
5,434,0x0.000105f900f95p-1022,0x1.1ea5ce929e984p-638,0x1.1ea5ce929e985p-638,9.81682925199990068e-193
5,435,0x0.0000fb1bc78ddp-1022,0x1.1ea5ce929e984p-638,0x1.1ea5ce929e985p-638,9.81682925199990068e-193
5,436,0x0.0000f0755e60cp-1022,0x1.1ea5ce929e984p-638,0x1.1ea5ce929e985p-638,9.81682925199990068e-193
5,437,0x0.0000e6060a134p-1022,0x1.1ea5ce929e984p-638,0x1.1ea5ce929e985p-638,9.81682925199990068e-193
5,438,0x0.0000dbce0f653p-1022,0x1.1ea5ce929e984p-638,0x1.1ea5ce929e985p-638,9.81682925199990068e-193
5,439,0x0.0000d1cdb3361p-1022,0x1.1ea5ce929e984p-638,0x1.1ea5ce929e985p-638,9.81682925199990068e-193
5,440,0x0.0000c8053a846p-1022,0x1.1ea5ce929e984p-638,0x1.1ea5ce929e985p-638,9.81682925199990068e-193
5,441,0x0.0000be74ea6e4p-1022,0x1.1ea5ce929e984p-638,0x1.1ea5ce929e985p-638,9.81682925199990068e-193
5,442,0x0.0000b51d0830bp-1022,0x1.1ea5ce929e984p-638,0x1.1ea5ce929e985p-638,9.81682925199990068e-193
5,443,0x0.0000abfdd9275p-1022,0x1.1ea5ce929e984p-638,0x1.1ea5ce929e985p-638,9.81682925199990068e-193
5,444,0x0.0000a317a2cd2p-1022,0x1.1ea5ce929e984p-638,0x1.1ea5ce929e985p-638,9.81682925199990068e-193
5,445,0x0.00009a6aaabc2p-1022,0x1.1ea5ce929e984p-638,0x1.1ea5ce929e985p-638,9.81682925199990068e-193
5,446,0x0.000091f736adbp-1022,0x1.1ea5ce929e984p-638,0x1.1ea5ce929e985p-638,9.81682925199990068e-193
5,447,0x0.000089bd8c79dp-1022,0x1.1ea5ce929e984p-638,0x1.1ea5ce929e985p-638,9.81682925199990068e-193
5,448,0x0.000081bdf217fp-1022,0x1.1ea5ce929e984p-638,0x1.1ea5ce929e985p-638,9.81682925199990068e-193
5,449,0x0.000079f8ad9fp-1022,0x1.1ea5ce929e984p-638,0x1.1ea5ce929e985p-638,9.81682925199990068e-193
5,450,0x0.0000726e0544dp-1022,0x1.1ea5ce929e984p-638,0x1.1ea5ce929e985p-638,9.81682925199990068e-193
5,451,0x0.00006b1e3f5e2p-1022,0x1.1ea5ce929e984p-638,0x1.1ea5ce929e985p-638,9.81682925199990068e-193
5,452,0x0.00006409a25efp-1022,0x1.1ea5ce929e984p-638,0x1.1ea5ce929e985p-638,9.81682925199990068e-193
5,453,0x0.00005d3074daap-1022,0x1.1ea5ce929e984p-638,0x1.1ea5ce929e985p-638,9.81682925199990068e-193
5,454,0x0.00005692fd834p-1022,0x1.1ea5ce929e984p-638,0x1.1ea5ce929e985p-638,9.81682925199990068e-193
5,455,0x0.00005031832a5p-1022,0x1.1ea5ce929e984p-638,0x1.1ea5ce929e985p-638,9.81682925199990068e-193
5,456,0x0.00004a0c4cc05p-1022,0x1.1ea5ce929e984p-638,0x1.1ea5ce929e985p-638,9.81682925199990068e-193
5,457,0x0.00004423a154ap-1022,0x1.1ea5ce929e984p-638,0x1.1ea5ce929e985p-638,9.81682925199990068e-193
5,458,0x0.00003e77c8167p-1022,0x1.1ea5ce929e984p-638,0x1.1ea5ce929e985p-638,9.81682925199990068e-193
5,459,0x0.0000390908534p-1022,0x1.1ea5ce929e984p-638,0x1.1ea5ce929e985p-638,9.81682925199990068e-193
5,460,0x0.000033d7a977fp-1022,0x1.1ea5ce929e984p-638,0x1.1ea5ce929e985p-638,9.81682925199990068e-193
5,461,0x0.00002ee3f310dp-1022,0x1.1ea5ce929e984p-638,0x1.1ea5ce929e985p-638,9.81682925199990068e-193
5,462,0x0.00002a2e2cc9cp-1022,0x1.1ea5ce929e984p-638,0x1.1ea5ce929e985p-638,9.81682925199990068e-193
5,463,0x0.000025b69e6ccp-1022,0x1.1ea5ce929e984p-638,0x1.1ea5ce929e985p-638,9.81682925199990068e-193
5,464,0x0.0000217d8fe38p-1022,0x1.1ea5ce929e984p-638,0x1.1ea5ce929e985p-638,9.81682925199990068e-193
5,465,0x0.00001d834936ap-1022,0x1.1ea5ce929e984p-638,0x1.1ea5ce929e985p-638,9.81682925199990068e-193
5,466,0x0.000019c8128dfp-1022,0x1.1ea5ce929e984p-638,0x1.1ea5ce929e985p-638,9.81682925199990068e-193
5,467,0x0.0000164c343p-1022,0x1.1ea5ce929e984p-638,0x1.1ea5ce929e985p-638,9.81682925199990068e-193
5,468,0x0.0000130ff6833p-1022,0x1.1ea5ce929e984p-638,0x1.1ea5ce929e985p-638,9.81682925199990068e-193
5,469,0x0.00001013a20c5p-1022,0x1.1ea5ce929e984p-638,0x1.1ea5ce929e985p-638,9.81682925199990068e-193
5,470,0x0.00000d577f6fbp-1022,0x1.1ea5ce929e984p-638,0x1.1ea5ce929e985p-638,9.81682925199990068e-193
5,471,0x0.00000adbd7709p-1022,0x1.1ea5ce929e984p-638,0x1.1ea5ce929e985p-638,9.81682925199990068e-193
5,472,0x0.000008a0f2f1cp-1022,0x1.1ea5ce929e984p-638,0x1.1ea5ce929e985p-638,9.81682925199990068e-193
5,473,0x0.000006a71af4ap-1022,0x1.1ea5ce929e984p-638,0x1.1ea5ce929e985p-638,9.81682925199990068e-193
5,474,0x0.000004ee9899fp-1022,0x1.1ea5ce929e984p-638,0x1.1ea5ce929e985p-638,9.81682925199990068e-193
5,475,0x0.00000377b5217p-1022,0x1.1ea5ce929e984p-638,0x1.1ea5ce929e985p-638,9.81682925199990068e-193
5,476,0x0.00000242b9ea4p-1022,0x1.1ea5ce929e984p-638,0x1.1ea5ce929e985p-638,9.81682925199990068e-193
5,477,0x0.0000014fea66cp-1022,0x1.1ea5ce929e984p-638,0x1.1ea5ce929e985p-638,9.81682925199990068e-193
5,478,0x0.0000009f80022p-1022,0x1.1ea5ce929e984p-638,0x1.1ea5ce929e985p-638,9.81682925199990068e-193
5,479,0x0.00000031a93f3p-1022,0x1.1ea5ce929e984p-638,0x1.1ea5ce929e985p-638,9.81682925199990068e-193
5,480,0x0p+0,0x1.1ea5ce929e984p-638,0x1.1ea5ce929e984p-638,9.81682925199989874e-193
6,0,0x1.65ab774dc9804p+0,0x1.27d71eb21d246p-637,0x1.65ab774dc9805p+0,1.39714761399363963e+00
6,1,0x1.9908b8ebd4d73p-1,0x1.27d71eb21d246p-637,0x1.9908b8ebd4d74p-1,7.98894671237958764e-01
6,2,0x1.b7c75fb7d5fdp-2,0x1.27d71eb21d246p-637,0x1.b7c75fb7d5fd1p-2,4.29471488566830095e-01
6,3,0x1.c106b928b3c93p-3,0x1.27d71eb21d246p-637,0x1.c106b928b3c94p-3,2.19251104883799841e-01
6,4,0x1.b65c842486ad2p-4,0x1.27d71eb21d246p-637,0x1.b65c842486ad3p-4,1.07021824056953194e-01
6,5,0x1.9b35e9b92d757p-5,0x1.27d71eb21d246p-637,0x1.9b35e9b92d758p-5,5.01966061505487171e-02
6,6,0x1.741b8003a7f26p-6,0x1.27d71eb21d246p-637,0x1.741b8003a7f27p-6,2.27116346492259001e-02
6,7,0x1.45e3128925623p-7,0x1.27d71eb21d246p-637,0x1.45e3128925624p-7,9.94528203072337497e-03
6,8,0x1.1500014791e94p-8,0x1.27d71eb21d246p-637,0x1.1500014791e95p-8,4.22668486823564882e-03
6,9,0x1.ca2244b3c8a93p-10,0x1.27d71eb21d246p-637,0x1.ca2244b3c8a94p-10,1.74764198613589373e-03
6,10,0x1.715f5f9dd17bdp-11,0x1.27d71eb21d246p-637,0x1.715f5f9dd17bep-11,7.04522233470276709e-04
6,11,0x1.22e46f7cf9e52p-12,0x1.27d71eb21d246p-637,0x1.22e46f7cf9e53p-12,2.77416540312523999e-04
6,12,0x1.c043e1c676aa1p-14,0x1.27d71eb21d246p-637,0x1.c043e1c676aa2p-14,1.06874743415567272e-04
6,13,0x1.5268841e2cc42p-15,0x1.27d71eb21d246p-637,0x1.5268841e2cc43p-15,4.03414089630506722e-05
6,14,0x1.f544400e99195p-17,0x1.27d71eb21d246p-637,0x1.f544400e99196p-17,1.49389088878813742e-05
6,15,0x1.6ca25673012f4p-18,0x1.27d71eb21d246p-637,0x1.6ca25673012f5p-18,5.43347197190924563e-06
6,16,0x1.04c92cf4e524dp-19,0x1.27d71eb21d246p-637,0x1.04c92cf4e524ep-19,1.94300593609812729e-06
6,17,0x1.6f19013e73292p-21,0x1.27d71eb21d246p-637,0x1.6f19013e73293p-21,6.83772704063151073e-07
6,18,0x1.fcf5e9bc2dfdcp-23,0x1.27d71eb21d246p-637,0x1.fcf5e9bc2dfddp-23,2.37003247143809218e-07
6,19,0x1.5bc505af88b86p-24,0x1.27d71eb21d246p-637,0x1.5bc505af88b87p-24,8.09714240037349194e-08
6,20,0x1.d4c65e840d381p-26,0x1.27d71eb21d246p-637,0x1.d4c65e840d382p-26,2.72862892421581101e-08
6,21,0x1.37d4306883e3bp-27,0x1.27d71eb21d246p-637,0x1.37d4306883e3cp-27,9.07541437922819775e-09
6,22,0x1.99b163b93f4ddp-29,0x1.27d71eb21d246p-637,0x1.99b163b93f4dep-29,2.98090837831634874e-09
6,23,0x1.09ed1c51bcbe5p-30,0x1.27d71eb21d246p-637,0x1.09ed1c51bcbe6p-30,9.67433928482988569e-10
6,24,0x1.5544c6d7b65c5p-32,0x1.27d71eb21d246p-637,0x1.5544c6d7b65c6p-32,3.10382037330502675e-10
6,25,0x1.b12444a93259p-34,0x1.27d71eb21d246p-637,0x1.b12444a932591p-34,9.84850141054639041e-11
6,26,0x1.0ff7077dd9bf2p-35,0x1.27d71eb21d246p-637,0x1.0ff7077dd9bf3p-35,3.09188360532518991e-11
6,27,0x1.520b47b6f8a47p-37,0x1.27d71eb21d246p-637,0x1.520b47b6f8a48p-37,9.60779013411071213e-12
6,28,0x1.a00ac28db7eadp-39,0x1.27d71eb21d246p-637,0x1.a00ac28db7eaep-39,2.95615643006040801e-12
6,29,0x1.fb2a7c7c61472p-41,0x1.27d71eb21d246p-637,0x1.fb2a7c7c61473p-41,9.00907725315869746e-13
6,30,0x1.32478674ab97ep-42,0x1.27d71eb21d246p-637,0x1.32478674ab97fp-42,2.72030749376939514e-13
6,31,0x1.6ea11ed960fc3p-44,0x1.27d71eb21d246p-637,0x1.6ea11ed960fc4p-44,8.14080751633163742e-14
6,32,0x1.b314151de6b7ep-46,0x1.27d71eb21d246p-637,0x1.b314151de6b7fp-46,2.41517054809139070e-14
6,33,0x1.fffa1cea31f95p-48,0x1.27d71eb21d246p-637,0x1.fffa1cea31f96p-48,7.10510821990162542e-15
6,34,0x1.2ac796fb61df3p-49,0x1.27d71eb21d246p-637,0x1.2ac796fb61df4p-49,2.07320027500951819e-15
6,35,0x1.59f63cc2ac0f7p-51,0x1.27d71eb21d246p-637,0x1.59f63cc2ac0f8p-51,6.00148168367595568e-16
6,36,0x1.8d81f7492c6f4p-53,0x1.27d71eb21d246p-637,0x1.8d81f7492c6f5p-53,1.72391475891472660e-16
6,37,0x1.c54e4136c0f79p-55,0x1.27d71eb21d246p-637,0x1.c54e4136c0f7ap-55,4.91475005858539005e-17
6,38,0x1.0093dbc833105p-56,0x1.27d71eb21d246p-637,0x1.0093dbc833106p-56,1.39090980680595728e-17
6,39,0x1.2061a49053c9fp-58,0x1.27d71eb21d246p-637,0x1.2061a49053cap-58,3.90829698918232514e-18
6,40,0x1.41df036ca9d64p-60,0x1.27d71eb21d246p-637,0x1.41df036ca9d65p-60,1.09054186174087989e-18
6,41,0x1.64ced03a3af2fp-62,0x1.27d71eb21d246p-637,0x1.64ced03a3af3p-62,3.02228017324142777e-19
6,42,0x1.88e8c932acef4p-64,0x1.27d71eb21d246p-637,0x1.88e8c932acef5p-64,8.32017848386766293e-20
6,43,0x1.adda81c371768p-66,0x1.27d71eb21d246p-637,0x1.adda81c371769p-66,2.27562570637202511e-20
6,44,0x1.d348a5194dfe1p-68,0x1.27d71eb21d246p-637,0x1.d348a5194dfe2p-68,6.18444919119920406e-21
6,45,0x1.f8d084eed65a1p-70,0x1.27d71eb21d246p-637,0x1.f8d084eed65a2p-70,1.67029116329698311e-21
6,46,0x1.0f04f5138d92dp-71,0x1.27d71eb21d246p-637,0x1.0f04f5138d92ep-71,4.48363927995457082e-22
6,47,0x1.21448d0f63f37p-73,0x1.27d71eb21d246p-637,0x1.21448d0f63f38p-73,1.19638348653521784e-22
6,48,0x1.32f080c22f2b9p-75,0x1.27d71eb21d246p-637,0x1.32f080c22f2bap-75,3.17367968033314989e-23
6,49,0x1.43d2ba062227ep-77,0x1.27d71eb21d246p-637,0x1.43d2ba062227fp-77,8.37063226260368216e-24
6,50,0x1.53b6b7c37190ep-79,0x1.27d71eb21d246p-637,0x1.53b6b7c37190fp-79,2.19534859994576654e-24
6,51,0x1.626aa862965f7p-81,0x1.27d71eb21d246p-637,0x1.626aa862965f8p-81,5.72590950458992400e-25
6,52,0x1.6fc074a843e35p-83,0x1.27d71eb21d246p-637,0x1.6fc074a843e36p-83,1.48533761078286285e-25
6,53,0x1.7b8eb31deb9b2p-85,0x1.27d71eb21d246p-637,0x1.7b8eb31deb9b3p-85,3.83255053315969292e-26
6,54,0x1.85b17d14e00fcp-87,0x1.27d71eb21d246p-637,0x1.85b17d14e00fdp-87,9.83724227537735161e-27
6,55,0x1.8e0b1f7bd916fp-89,0x1.27d71eb21d246p-637,0x1.8e0b1f7bd917p-89,2.51200732493772762e-27
6,56,0x1.9484a317f119p-91,0x1.27d71eb21d246p-637,0x1.9484a317f1191p-91,6.38217050560823383e-28
6,57,0x1.990e292ac26f9p-93,0x1.27d71eb21d246p-637,0x1.990e292ac26fap-93,1.61343873298119560e-28
6,58,0x1.9b9f1b1602c96p-95,0x1.27d71eb21d246p-637,0x1.9b9f1b1602c97p-95,4.05890143324141219e-29
6,59,0x1.9c362d1100fecp-97,0x1.27d71eb21d246p-637,0x1.9c362d1100fedp-97,1.01618011176739924e-29
6,60,0x1.9ad93575f67c8p-99,0x1.27d71eb21d246p-637,0x1.9ad93575f67c9p-99,2.53204919943895439e-30
6,61,0x1.9794db7e2b335p-101,0x1.27d71eb21d246p-637,0x1.9794db7e2b336p-101,6.27978692743789693e-31
6,62,0x1.927c2168c93ebp-103,0x1.27d71eb21d246p-637,0x1.927c2168c93ecp-103,1.55031538354435348e-31
6,63,0x1.8ba7cef7f769ep-105,0x1.27d71eb21d246p-637,0x1.8ba7cef7f769fp-105,3.81002389328088695e-32
6,64,0x1.8335c1e467727p-107,0x1.27d71eb21d246p-637,0x1.8335c1e467728p-107,9.32174142676757095e-33
6,65,0x1.79482a5df9d62p-109,0x1.27d71eb21d246p-637,0x1.79482a5df9d63p-109,2.27068281839944455e-33
6,66,0x1.6e04b9e858b13p-111,0x1.27d71eb21d246p-637,0x1.6e04b9e858b14p-111,5.50723371589489728e-34
6,67,0x1.6193cadf0b365p-113,0x1.27d71eb21d246p-637,0x1.6193cadf0b366p-113,1.33001003379803103e-34
6,68,0x1.541f86b267e37p-115,0x1.27d71eb21d246p-637,0x1.541f86b267e38p-115,3.19850272244590710e-35
6,69,0x1.45d31084b824cp-117,0x1.27d71eb21d246p-637,0x1.45d31084b824dp-117,7.66009649573208251e-36
6,70,0x1.36d9b93cfa2e1p-119,0x1.27d71eb21d246p-637,0x1.36d9b93cfa2e2p-119,1.82701493217677168e-36
6,71,0x1.275e4173fc31ep-121,0x1.27d71eb21d246p-637,0x1.275e4173fc31fp-121,4.34004542914161761e-37
6,72,0x1.178a2cda77a39p-123,0x1.27d71eb21d246p-637,0x1.178a2cda77a3ap-123,1.02686685412844030e-37
6,73,0x1.078529e4b18a5p-125,0x1.27d71eb21d246p-637,0x1.078529e4b18a6p-125,2.42005056047296946e-38
6,74,0x1.eee91f65a0ad5p-128,0x1.27d71eb21d246p-637,0x1.eee91f65a0ad6p-128,5.68129546867396923e-39
6,75,0x1.cef5e6b9337bdp-130,0x1.27d71eb21d246p-637,0x1.cef5e6b9337bep-130,1.32863162428372234e-39
6,76,0x1.af6faa0534493p-132,0x1.27d71eb21d246p-637,0x1.af6faa0534494p-132,3.09540284300644533e-40
6,77,0x1.908ec8a7132e9p-134,0x1.27d71eb21d246p-637,0x1.908ec8a7132eap-134,7.18465227328182323e-41
6,78,0x1.7284b72eec425p-136,0x1.27d71eb21d246p-637,0x1.7284b72eec426p-136,1.66146205813621706e-41
6,79,0x1.557bdf9ba1291p-138,0x1.27d71eb21d246p-637,0x1.557bdf9ba1292p-138,3.82816670133857335e-42
6,80,0x1.3997a803388fdp-140,0x1.27d71eb21d246p-637,0x1.3997a803388fep-140,8.78873117879061215e-43
6,81,0x1.1ef49b50511ap-142,0x1.27d71eb21d246p-637,0x1.1ef49b50511a1p-142,2.01055147166160131e-43
6,82,0x1.05a8af54839d5p-144,0x1.27d71eb21d246p-637,0x1.05a8af54839d6p-144,4.58327812794416530e-44
6,83,0x1.db874670972f4p-147,0x1.27d71eb21d246p-637,0x1.db874670972f5p-147,1.04118319170871075e-44
6,84,0x1.ae9ee28dd74adp-149,0x1.27d71eb21d246p-637,0x1.ae9ee28dd74aep-149,2.35714081156769380e-45
6,85,0x1.84a19e645a82dp-151,0x1.27d71eb21d246p-637,0x1.84a19e645a82ep-151,5.31824683864133052e-46
6,86,0x1.5d8f70510ce1ap-153,0x1.27d71eb21d246p-637,0x1.5d8f70510ce1bp-153,1.19589434126034260e-46
6,87,0x1.395ff8e2fd505p-155,0x1.27d71eb21d246p-637,0x1.395ff8e2fd506p-155,2.68024752294858646e-47
6,88,0x1.1803a562f31e8p-157,0x1.27d71eb21d246p-637,0x1.1803a562f31e9p-157,5.98729748216870473e-48
6,89,0x1.f2c99dc3d34ecp-160,0x1.27d71eb21d246p-637,0x1.f2c99dc3d34edp-160,1.33314179769462045e-48
6,90,0x1.bad1a01757975p-162,0x1.27d71eb21d246p-637,0x1.bad1a01757976p-162,2.95887648174484195e-49
6,91,0x1.87e21a092f776p-164,0x1.27d71eb21d246p-637,0x1.87e21a092f777p-164,6.54632258479358776e-50
6,92,0x1.59b7d33dca703p-166,0x1.27d71eb21d246p-637,0x1.59b7d33dca704p-166,1.44378601440491105e-50
6,93,0x1.300b565a0b282p-168,0x1.27d71eb21d246p-637,0x1.300b565a0b283p-168,3.17437046454135159e-51
6,94,0x1.0a92883bc818p-170,0x1.27d71eb21d246p-637,0x1.0a92883bc8181p-170,6.95786406289850947e-52
6,95,0x1.d204218225ccfp-173,0x1.27d71eb21d246p-637,0x1.d204218225cdp-173,1.52044858817056057e-52
6,96,0x1.961d291021d2ep-175,0x1.27d71eb21d246p-637,0x1.961d291021d2fp-175,3.31252112153324053e-53
6,97,0x1.60db80943c0b1p-177,0x1.27d71eb21d246p-637,0x1.60db80943c0b2p-177,7.19531927869216438e-54
6,98,0x1.31ae4eee8ca57p-179,0x1.27d71eb21d246p-637,0x1.31ae4eee8ca58p-179,1.55832882009706615e-54
6,99,0x1.0809f1081c7bep-181,0x1.27d71eb21d246p-637,0x1.0809f1081c7bfp-181,3.36510504665724277e-55
6,100,0x1.c6d227d72bee3p-184,0x1.27d71eb21d246p-637,0x1.c6d227d72bee4p-184,7.24571529331733353e-56
6,101,0x1.869b0e95d3bf4p-186,0x1.27d71eb21d246p-637,0x1.869b0e95d3bf5p-186,1.55567691814452565e-56
6,102,0x1.4e819fcad80e3p-188,0x1.27d71eb21d246p-637,0x1.4e819fcad80e4p-188,3.33062094766352955e-57
6,103,0x1.1da902f960496p-190,0x1.27d71eb21d246p-637,0x1.1da902f960497p-190,7.11067119612019938e-58
6,104,0x1.e689a00dbd13fp-193,0x1.27d71eb21d246p-637,0x1.e689a00dbd14p-193,1.51386545428231294e-58
6,105,0x1.9d321df065f3fp-195,0x1.27d71eb21d246p-637,0x1.9d321df065f4p-195,3.21415448163927929e-59
6,106,0x1.5df3e67ca063bp-197,0x1.27d71eb21d246p-637,0x1.5df3e67ca063cp-197,6.80550381496619430e-60
6,107,0x1.2796bf972810ap-199,0x1.27d71eb21d246p-637,0x1.2796bf972810bp-199,1.43707343561317706e-60
6,108,0x1.f20100299edcp-202,0x1.27d71eb21d246p-637,0x1.f20100299edc1p-202,3.02645110592401954e-61
6,109,0x1.a267024dd1f3p-204,0x1.27d71eb21d246p-637,0x1.a267024dd1f31p-204,6.35674901422265392e-62
6,110,0x1.5e99c4ee4ca9bp-206,0x1.27d71eb21d246p-637,0x1.5e99c4ee4ca9cp-206,1.33166093196351604e-62
6,111,0x1.2505632c33078p-208,0x1.27d71eb21d246p-637,0x1.2505632c33079p-208,2.78240117902675286e-63
6,112,0x1.e8880b9028e6dp-211,0x1.27d71eb21d246p-637,0x1.e8880b9028e6ep-211,5.79860406960846813e-64
6,113,0x1.96341f01133b5p-213,0x1.27d71eb21d246p-637,0x1.96341f01133b6p-213,1.20535430756317434e-64
6,114,0x1.50e4ae6772368p-215,0x1.27d71eb21d246p-637,0x1.50e4ae6772369p-215,2.49921329856082686e-65
6,115,0x1.16b4fdf477cc8p-217,0x1.27d71eb21d246p-637,0x1.16b4fdf477cc9p-217,5.16890859403386197e-66
6,116,0x1.cbfdcf75e718fp-220,0x1.27d71eb21d246p-637,0x1.cbfdcf75e719p-220,1.06637693994254724e-66
6,117,0x1.7aa87a966fdfap-222,0x1.27d71eb21d246p-637,0x1.7aa87a966fdfbp-222,2.19456410892349194e-67
6,118,0x1.36f12e0bd5049p-224,0x1.27d71eb21d246p-637,0x1.36f12e0bd504ap-224,4.50526711988102512e-68
6,119,0x1.fd6e60432659ep-227,0x1.27d71eb21d246p-637,0x1.fd6e60432659fp-227,9.22649012925339567e-69
6,120,0x1.a04ea80ce43bcp-229,0x1.27d71eb21d246p-637,0x1.a04ea80ce43bdp-229,1.88497243499533086e-69
6,121,0x1.5364c10c2bb1bp-231,0x1.27d71eb21d246p-637,0x1.5364c10c2bb1cp-231,3.84179907177521699e-70
6,122,0x1.1408c24b3b2bap-233,0x1.27d71eb21d246p-637,0x1.1408c24b3b2bbp-233,7.81149144687930879e-71
6,123,0x1.bff3637a113dcp-236,0x1.27d71eb21d246p-637,0x1.bff3637a113ddp-236,1.58456957585518537e-71
6,124,0x1.6a9f2bb2925dfp-238,0x1.27d71eb21d246p-637,0x1.6a9f2bb2925ep-238,3.20682254910457262e-72
6,125,0x1.24de30e7db95bp-240,0x1.27d71eb21d246p-637,0x1.24de30e7db95cp-240,6.47489751084884156e-73
6,126,0x1.d7fa760977a65p-243,0x1.27d71eb21d246p-637,0x1.d7fa760977a66p-243,1.30434710477421559e-73
6,127,0x1.7b72bd38b28f6p-245,0x1.27d71eb21d246p-637,0x1.7b72bd38b28f7p-245,2.62158288905479291e-74
6,128,0x1.305e855db6227p-247,0x1.27d71eb21d246p-637,0x1.305e855db6228p-247,5.25716781706526253e-75
6,129,0x1.e7325d59fd73ep-250,0x1.27d71eb21d246p-637,0x1.e7325d59fd73fp-250,1.05187828490747927e-75
6,130,0x1.850e0c3a2beb1p-252,0x1.27d71eb21d246p-637,0x1.850e0c3a2beb2p-252,2.09996466854589430e-76
6,131,0x1.35ff3d05b8569p-254,0x1.27d71eb21d246p-637,0x1.35ff3d05b856ap-254,4.18310399752536110e-77
6,132,0x1.eced02beb95c9p-257,0x1.27d71eb21d246p-637,0x1.eced02beb95cap-257,8.31443455812084875e-78
6,133,0x1.870c4b3c162f9p-259,0x1.27d71eb21d246p-637,0x1.870c4b3c162fap-259,1.64900226547044732e-78
6,134,0x1.358e7d89acb41p-261,0x1.27d71eb21d246p-637,0x1.358e7d89acb42p-261,3.26340698403647331e-79
6,135,0x1.e90b635b009c3p-264,0x1.27d71eb21d246p-637,0x1.e90b635b009c4p-264,6.44450470218313785e-80
6,136,0x1.817adadfd41fep-266,0x1.27d71eb21d246p-637,0x1.817adadfd41ffp-266,1.26993919772905765e-80
6,137,0x1.2f3490fc7be4bp-268,0x1.27d71eb21d246p-637,0x1.2f3490fc7be4cp-268,2.49722709641956342e-81
6,138,0x1.dbfb4d7b5965cp-271,0x1.27d71eb21d246p-637,0x1.dbfb4d7b5965dp-271,4.90028592040312339e-82
6,139,0x1.74d3eb4362f8dp-273,0x1.27d71eb21d246p-637,0x1.74d3eb4362f8ep-273,9.59576307815464282e-83
6,140,0x1.236ce8b07bd52p-275,0x1.27d71eb21d246p-637,0x1.236ce8b07bd53p-275,1.87516145137079905e-83
6,141,0x1.c6a83071801dap-278,0x1.27d71eb21d246p-637,0x1.c6a83071801dbp-278,3.65683286764746192e-84
6,142,0x1.61ef68ca77759p-280,0x1.27d71eb21d246p-637,0x1.61ef68ca7775ap-280,7.11680385752934043e-85
6,143,0x1.12f7f69397998p-282,0x1.27d71eb21d246p-637,0x1.12f7f69397999p-282,1.38224290601374282e-85
6,144,0x1.aa618dd4616cap-285,0x1.27d71eb21d246p-637,0x1.aa618dd4616cbp-285,2.67922499381515508e-86
6,145,0x1.49ec91412f4f8p-287,0x1.27d71eb21d246p-637,0x1.49ec91412f4f9p-287,5.18281024378816669e-87
6,146,0x1.fd8fed6a7fa9fp-290,0x1.27d71eb21d246p-637,0x1.fd8fed6a7faap-290,1.00059541873727409e-87
6,147,0x1.88baabc2796aap-292,0x1.27d71eb21d246p-637,0x1.88baabc2796abp-292,1.92794426758819924e-88
6,148,0x1.2e173e5704a41p-294,0x1.27d71eb21d246p-637,0x1.2e173e5704a42p-294,3.70747986892700007e-89
6,149,0x1.cfd659e6806b9p-297,0x1.27d71eb21d246p-637,0x1.cfd659e6806bap-297,7.11568969970157594e-90
6,150,0x1.63679aaca7036p-299,0x1.27d71eb21d246p-637,0x1.63679aaca7037p-299,1.36305852298755807e-90
6,151,0x1.0fcc2303382cfp-301,0x1.27d71eb21d246p-637,0x1.0fcc2303382dp-301,2.60601344849926597e-91
6,152,0x1.9eec409da365bp-304,0x1.27d71eb21d246p-637,0x1.9eec409da365cp-304,4.97288844075653762e-92
6,153,0x1.3c1b77bfd4588p-306,0x1.27d71eb21d246p-637,0x1.3c1b77bfd4589p-306,9.47143714006042034e-93
6,154,0x1.e0bde64adc92fp-309,0x1.27d71eb21d246p-637,0x1.e0bde64adc93p-309,1.80054199636588100e-93
6,155,0x1.6ce014f01253fp-311,0x1.27d71eb21d246p-637,0x1.6ce014f01254p-311,3.41645631128890155e-94
6,156,0x1.146b2ab2c10fcp-313,0x1.27d71eb21d246p-637,0x1.146b2ab2c10fdp-313,6.47051259266053750e-95
6,157,0x1.a20995b5c74c7p-316,0x1.27d71eb21d246p-637,0x1.a20995b5c74c8p-316,1.22319750077562241e-95
6,158,0x1.3b863fc6c725dp-318,0x1.27d71eb21d246p-637,0x1.3b863fc6c725ep-318,2.30809870730736801e-96
6,159,0x1.db6dbe1a59411p-321,0x1.27d71eb21d246p-637,0x1.db6dbe1a59412p-321,4.34727191175203845e-97
6,160,0x1.6588a6fe4d483p-323,0x1.27d71eb21d246p-637,0x1.6588a6fe4d484p-323,8.17313246408975963e-98
6,161,0x1.0c63455ca375p-325,0x1.27d71eb21d246p-637,0x1.0c63455ca3751p-325,1.53381922615865251e-98
6,162,0x1.9236b188f84fcp-328,0x1.27d71eb21d246p-637,0x1.9236b188f84fdp-328,2.87328204072840895e-99
6,163,0x1.2cd87ea9a5033p-330,0x1.27d71eb21d246p-637,0x1.2cd87ea9a5034p-330,5.37285659483680468e-100
6,164,0x1.c13fff366e509p-333,0x1.27d71eb21d246p-637,0x1.c13fff366e50ap-333,1.00290443711170531e-100
6,165,0x1.4ed662e33a88ep-335,0x1.27d71eb21d246p-637,0x1.4ed662e33a88fp-335,1.86872548520659631e-101
6,166,0x1.f23f95996b2cdp-338,0x1.27d71eb21d246p-637,0x1.f23f95996b2cep-338,3.47590095223282443e-102
6,167,0x1.720e6fb93e6fep-340,0x1.27d71eb21d246p-637,0x1.720e6fb93e6ffp-340,6.45400681189832452e-103
6,168,0x1.125e550bc9d75p-342,0x1.27d71eb21d246p-637,0x1.125e550bc9d76p-342,1.19628799113652476e-103
6,169,0x1.962498dcf5b94p-345,0x1.27d71eb21d246p-637,0x1.962498dcf5b95p-345,2.21355571502517085e-104
6,170,0x1.2c1612c978ee4p-347,0x1.27d71eb21d246p-637,0x1.2c1612c978ee5p-347,4.08881629133540606e-105
6,171,0x1.bab09bc176c55p-350,0x1.27d71eb21d246p-637,0x1.bab09bc176c56p-350,7.53982286530737504e-106
6,172,0x1.45f9702a35e0bp-352,0x1.27d71eb21d246p-637,0x1.45f9702a35e0cp-352,1.38798576675288727e-106
6,173,0x1.df3fd2eec1874p-355,0x1.27d71eb21d246p-637,0x1.df3fd2eec1875p-355,2.55078040654809421e-107
6,174,0x1.5fb446336d569p-357,0x1.27d71eb21d246p-637,0x1.5fb446336d56ap-357,4.67981982155949607e-108
6,175,0x1.01abbf7a31258p-359,0x1.27d71eb21d246p-637,0x1.01abbf7a31259p-359,8.57150237129684836e-109
6,176,0x1.78ed9e0fa0b09p-362,0x1.27d71eb21d246p-637,0x1.78ed9e0fa0b0ap-362,1.56732920767535050e-109
6,177,0x1.133bba98a96dap-364,0x1.27d71eb21d246p-637,0x1.133bba98a96dbp-364,2.86116310081214699e-110
6,178,0x1.9149b54de74edp-367,0x1.27d71eb21d246p-637,0x1.9149b54de74eep-367,5.21444048853350935e-111
6,179,0x1.240e8faadff35p-369,0x1.27d71eb21d246p-637,0x1.240e8faadff36p-369,9.48765918522369961e-112
6,180,0x1.a86c3284dac9dp-372,0x1.27d71eb21d246p-637,0x1.a86c3284dac9ep-372,1.72345598340439486e-112
6,181,0x1.33e35905484d2p-374,0x1.27d71eb21d246p-637,0x1.33e35905484d3p-374,3.12560812830142042e-113
6,182,0x1.bdfa76f775ca2p-377,0x1.27d71eb21d246p-637,0x1.bdfa76f775ca3p-377,5.65933591761745643e-114
6,183,0x1.427b3ee8a5388p-379,0x1.27d71eb21d246p-637,0x1.427b3ee8a5389p-379,1.02304888694721132e-114
6,184,0x1.d19df7f163d88p-382,0x1.27d71eb21d246p-637,0x1.d19df7f163d89p-382,1.84642035673757056e-115
6,185,0x1.4f9b1d96467p-384,0x1.27d71eb21d246p-637,0x1.4f9b1d9646701p-384,3.32714181936250261e-116
6,186,0x1.e30689a824efbp-387,0x1.27d71eb21d246p-637,0x1.e30689a824efcp-387,5.98579453770461245e-117
6,187,0x1.5b0d194ca870bp-389,0x1.27d71eb21d246p-637,0x1.5b0d194ca870cp-389,1.07519003558560262e-117
6,188,0x1.f1ec8598680bcp-392,0x1.27d71eb21d246p-637,0x1.f1ec8598680bdp-392,1.92825612164214515e-118
6,189,0x1.64a210f026878p-394,0x1.27d71eb21d246p-637,0x1.64a210f026879p-394,3.45273586786773882e-119
6,190,0x1.fe12b7940896bp-397,0x1.27d71eb21d246p-637,0x1.fe12b7940896cp-397,6.17282817508277319e-120
6,191,0x1.6c32e16167b0ep-399,0x1.27d71eb21d246p-637,0x1.6c32e16167b0fp-399,1.10186964108296687e-120
6,192,0x1.03a3ff7ac2309p-401,0x1.27d71eb21d246p-637,0x1.03a3ff7ac230ap-401,1.96383233278523112e-121
6,193,0x1.71a16d6edef2p-404,0x1.27d71eb21d246p-637,0x1.71a16d6edef21p-404,3.49469819422837469e-122
6,194,0x1.06b44a493ea9fp-406,0x1.27d71eb21d246p-637,0x1.06b44a493eaap-406,6.20938957230231160e-123
6,195,0x1.74d960cd3c512p-409,0x1.27d71eb21d246p-637,0x1.74d960cd3c513p-409,1.10160258421305199e-123
6,196,0x1.082f74f1cbce1p-411,0x1.27d71eb21d246p-637,0x1.082f74f1cbce2p-411,1.95137435830663965e-124
6,197,0x1.75d0a770c1ddap-414,0x1.27d71eb21d246p-637,0x1.75d0a770c1ddbp-414,3.45142640925478558e-125
6,198,0x1.08120d1b1a219p-416,0x1.27d71eb21d246p-637,0x1.08120d1b1a21ap-416,6.09539348828122600e-126
6,199,0x1.748795d5db0e6p-419,0x1.27d71eb21d246p-637,0x1.748795d5db0e7p-419,1.07486190900063347e-126
6,200,0x1.065ff5af87ab9p-421,0x1.27d71eb21d246p-637,0x1.065ff5af87abap-421,1.89257914977801025e-127
6,201,0x1.7108c215a283dp-424,0x1.27d71eb21d246p-637,0x1.7108c215a283ep-424,3.32742674214960119e-128
6,202,0x1.032430060a28cp-426,0x1.27d71eb21d246p-637,0x1.032430060a28dp-426,5.84142240083972936e-129
6,203,0x1.6b6890de726c5p-429,0x1.27d71eb21d246p-637,0x1.6b6890de726c6p-429,1.02396928269809452e-129
6,204,0x1.fce0e241cc0cfp-432,0x1.27d71eb21d246p-637,0x1.fce0e241cc0dp-432,1.79232172780465943e-130
6,205,0x1.63c47c66f1f52p-434,0x1.27d71eb21d246p-637,0x1.63c47c66f1f53p-434,3.13262361035050211e-131
6,206,0x1.f0b9108d0ce13p-437,0x1.27d71eb21d246p-637,0x1.f0b9108d0ce14p-437,5.46721457945722173e-132
6,207,0x1.5a421e0e20924p-439,0x1.27d71eb21d246p-637,0x1.5a421e0e20925p-439,9.52778820201925732e-133
6,208,0x1.e20b3bcc35d26p-442,0x1.27d71eb21d246p-637,0x1.e20b3bcc35d27p-442,1.65801526899103873e-133
6,209,0x1.4f0e05769dae8p-444,0x1.27d71eb21d246p-637,0x1.4f0e05769dae9p-444,2.88109624308950436e-134
6,210,0x1.d11aa607a611ap-447,0x1.27d71eb21d246p-637,0x1.d11aa607a611bp-447,4.99921870956509310e-135
6,211,0x1.425a69717312fp-449,0x1.27d71eb21d246p-637,0x1.425a69717313p-449,8.66211467432583012e-136
6,212,0x1.be319487b018dp-452,0x1.27d71eb21d246p-637,0x1.be319487b018ep-452,1.49873690638258982e-136
6,213,0x1.345dbff11351fp-454,0x1.27d71eb21d246p-637,0x1.345dbff11352p-454,2.58945749357749309e-137
6,214,0x1.a99f482500e93p-457,0x1.27d71eb21d246p-637,0x1.a99f482500e94p-457,4.46762058105571731e-138
6,215,0x1.25514a7dcb62cp-459,0x1.27d71eb21d246p-637,0x1.25514a7dcb62dp-459,7.69715200533963637e-139
6,216,0x1.93b5eebac9118p-462,0x1.27d71eb21d246p-637,0x1.93b5eebac9119p-462,1.32425697806004286e-139
6,217,0x1.156fa448835fdp-464,0x1.27d71eb21d246p-637,0x1.156fa448835fep-464,2.27512371950246055e-140
6,218,0x1.7cc89fb7ab761p-467,0x1.27d71eb21d246p-637,0x1.7cc89fb7ab762p-467,3.90328618421481412e-141
6,219,0x1.04f35e0e63a32p-469,0x1.27d71eb21d246p-637,0x1.04f35e0e63a33p-469,6.68729462934921877e-142
6,220,0x1.65297425d2a89p-472,0x1.27d71eb21d246p-637,0x1.65297425d2a8ap-472,1.14410857494527534e-142
6,221,0x1.e82b653af1a4ap-475,0x1.27d71eb21d246p-637,0x1.e82b653af1a4bp-475,1.95471186072791151e-143
6,222,0x1.4d27c845fc3c1p-477,0x1.27d71eb21d246p-637,0x1.4d27c845fc3c2p-477,3.33502396883408961e-144
6,223,0x1.c61aba14859ccp-480,0x1.27d71eb21d246p-637,0x1.c61aba14859cdp-480,5.68221716505044057e-145
6,224,0x1.350eb22ca3a74p-482,0x1.27d71eb21d246p-637,0x1.350eb22ca3a75p-482,9.66810325694580341e-146
6,225,0x1.a41b2f4b3b1b3p-485,0x1.27d71eb21d246p-637,0x1.a41b2f4b3b1b4p-485,1.64274902729687393e-146
6,226,0x1.1d23b5de4d678p-487,0x1.27d71eb21d246p-637,0x1.1d23b5de4d679p-487,2.78746562689589541e-147
6,227,0x1.828a913fc3a9fp-490,0x1.27d71eb21d246p-637,0x1.828a913fc3aap-490,4.72343603470530216e-148
6,228,0x1.05a5bc5a9b6bp-492,0x1.27d71eb21d246p-637,0x1.05a5bc5a9b6b1p-492,7.99316172875294847e-149
6,229,0x1.61bcbe3d9c459p-495,0x1.27d71eb21d246p-637,0x1.61bcbe3d9c45ap-495,1.35080609150683693e-149
6,230,0x1.dd98a00a9cfcap-498,0x1.27d71eb21d246p-637,0x1.dd98a00a9cfcbp-498,2.27972808457565107e-150
6,231,0x1.41fac2f4ee667p-500,0x1.27d71eb21d246p-637,0x1.41fac2f4ee668p-500,3.84229295630128388e-151
6,232,0x1.b18e3c17b691cp-503,0x1.27d71eb21d246p-637,0x1.b18e3c17b691dp-503,6.46721084768126681e-152
6,233,0x1.238256e21fd9fp-505,0x1.27d71eb21d246p-637,0x1.238256e21fdap-505,1.08708723960357759e-152
6,234,0x1.877b73c5f5101p-508,0x1.27d71eb21d246p-637,0x1.877b73c5f5102p-508,1.82487993822077855e-153
6,235,0x1.0685b2f7f7a2ep-510,0x1.27d71eb21d246p-637,0x1.0685b2f7f7a2fp-510,3.05934450035298483e-154
6,236,0x1.5f9f3baf235e9p-513,0x1.27d71eb21d246p-637,0x1.5f9f3baf235eap-513,5.12210296451640342e-155
6,237,0x1.d657745c9c64ap-516,0x1.27d71eb21d246p-637,0x1.d657745c9c64bp-516,8.56437513849139072e-156
6,238,0x1.3a28c3ffdae0dp-518,0x1.27d71eb21d246p-637,0x1.3a28c3ffdae0ep-518,1.43011881170669863e-156
6,239,0x1.a320d3167b2e1p-521,0x1.27d71eb21d246p-637,0x1.a320d3167b2e2p-521,2.38494955586674018e-157
6,240,0x1.17384348c842cp-523,0x1.27d71eb21d246p-637,0x1.17384348c842dp-523,3.97208449048406070e-158
6,241,0x1.738b07b88dd0bp-526,0x1.27d71eb21d246p-637,0x1.738b07b88dd0cp-526,6.60680517172740733e-159
6,242,0x1.edc019e40853bp-529,0x1.27d71eb21d246p-637,0x1.edc019e40853cp-529,1.09748801068471692e-159
6,243,0x1.47a6d9367780ap-531,0x1.27d71eb21d246p-637,0x1.47a6d9367780bp-531,1.82072699582016471e-160
6,244,0x1.b24bc2da3a6bbp-534,0x1.27d71eb21d246p-637,0x1.b24bc2da3a6bcp-534,3.01667220269685756e-161
6,245,0x1.1f744ab6c8d15p-536,0x1.27d71eb21d246p-637,0x1.1f744ab6c8d16p-536,4.99173033364065753e-162
6,246,0x1.7c08ccf389b03p-539,0x1.27d71eb21d246p-637,0x1.7c08ccf389b04p-539,8.24926501238861419e-163
6,247,0x1.f5c9860e66de5p-542,0x1.27d71eb21d246p-637,0x1.f5c9860e66de6p-542,1.36151354144262677e-163
6,248,0x1.4ad96d70e4be2p-544,0x1.27d71eb21d246p-637,0x1.4ad96d70e4be3p-544,2.24425730756642567e-164
6,249,0x1.b3ba93cb933bep-547,0x1.27d71eb21d246p-637,0x1.b3ba93cb933bfp-547,3.69461075550900257e-165
6,250,0x1.1e8ff27672398p-549,0x1.27d71eb21d246p-637,0x1.1e8ff27672399p-549,6.07451291093226762e-166
6,251,0x1.78718d74dd647p-552,0x1.27d71eb21d246p-637,0x1.78718d74dd648p-552,9.97475656432229578e-167
6,252,0x1.ede3ce8b0fe5fp-555,0x1.27d71eb21d246p-637,0x1.ede3ce8b0fe6p-555,1.63584654122731700e-167
6,253,0x1.43945e6b9d165p-557,0x1.27d71eb21d246p-637,0x1.43945e6b9d166p-557,2.67937522718367314e-168
6,254,0x1.a7762ddd64d2dp-560,0x1.27d71eb21d246p-637,0x1.a7762ddd64d2ep-560,4.38305111356237238e-169
6,255,0x1.14bd2ed9c8406p-562,0x1.27d71eb21d246p-637,0x1.14bd2ed9c8407p-562,7.16098613318843063e-170
6,256,0x1.6940b6c5a03bap-565,0x1.27d71eb21d246p-637,0x1.6940b6c5a03bbp-565,1.16848648359410137e-170
6,257,0x1.d6fc610bb8e2dp-568,0x1.27d71eb21d246p-637,0x1.d6fc610bb8e2ep-568,1.90427805476414019e-171
6,258,0x1.32a456aeaf42ap-570,0x1.27d71eb21d246p-637,0x1.32a456aeaf42bp-570,3.09951734442580005e-172
6,259,0x1.8eca107cdf2e3p-573,0x1.27d71eb21d246p-637,0x1.8eca107cdf2e4p-573,5.03867134443905269e-173
6,260,0x1.02fdbba0af855p-575,0x1.27d71eb21d246p-637,0x1.02fdbba0af856p-575,8.18083139871454529e-174
6,261,0x1.4ffb939c1e65ep-578,0x1.27d71eb21d246p-637,0x1.4ffb939c1e65fp-578,1.32659844530820327e-174
6,262,0x1.b35278a4d69c7p-581,0x1.27d71eb21d246p-637,0x1.b35278a4d69c8p-581,2.14853940254594340e-175
6,263,0x1.19ab0393cf84fp-583,0x1.27d71eb21d246p-637,0x1.19ab0393cf85p-583,3.47544250779164293e-176
6,264,0x1.6c0c3c140a693p-586,0x1.27d71eb21d246p-637,0x1.6c0c3c140a696p-586,5.61488643275103749e-177
6,265,0x1.d5f134e083103p-589,0x1.27d71eb21d246p-637,0x1.d5f134e083116p-589,9.06018459818852399e-178
6,266,0x1.2ef276542e871p-591,0x1.27d71eb21d246p-637,0x1.2ef276542e8bcp-591,1.46015655575155787e-178
6,267,0x1.861c0ba63976fp-594,0x1.27d71eb21d246p-637,0x1.861c0ba6399cp-594,2.35033190187346053e-179
6,268,0x1.f5bc48b2617c4p-597,0x1.27d71eb21d246p-637,0x1.f5bc48b262a42p-597,3.77856972049442915e-180
6,269,0x1.4241d5b86bdd9p-599,0x1.27d71eb21d246p-637,0x1.4241d5b8707dp-599,6.06729647895266464e-181
6,270,0x1.9d75221f78b92p-602,0x1.27d71eb21d246p-637,0x1.9d75221f9db41p-602,9.73046452910980117e-182
6,271,0x1.08e95b2180bcdp-604,0x1.27d71eb21d246p-637,0x1.08e95b2214a87p-604,1.55863183399310400e-182
6,272,0x1.530ebe629ec84p-607,0x1.27d71eb21d246p-637,0x1.530ebe673e24dp-607,2.49359627795326432e-183
6,273,0x1.b16e44037f196p-610,0x1.27d71eb21d246p-637,0x1.b16e442879fd4p-610,3.98457840108083443e-184
6,274,0x1.14b36d18801bdp-612,0x1.27d71eb21d246p-637,0x1.14b36dac6bab4p-612,6.35935761345863769e-185
6,275,0x1.60dd1c1dc35b5p-615,0x1.27d71eb21d246p-637,0x1.60dd20bd1fd63p-615,1.01372413043347091e-185
6,276,0x1.c172d64e182b7p-618,0x1.27d71eb21d246p-637,0x1.c172fb48fc01cp-618,1.61399904972606623e-186
6,277,0x1.1de41bc35239fp-620,0x1.27d71eb21d246p-637,0x1.1de4afaee1931p-620,2.56665034865898741e-187
6,278,0x1.6b451fca3f669p-623,0x1.27d71eb21d246p-637,0x1.6b49bf26ba2f1p-623,4.07684195715191916e-188
6,279,0x1.cd0a0e8609ed8p-626,0x1.27d71eb21d246p-637,0x1.cd2f0969e0313p-626,6.46929169421807156e-189
6,280,0x1.24360652303a1p-628,0x1.27d71eb21d246p-637,0x1.24c9f1e18948bp-628,1.02677973163851291e-189
6,281,0x1.71f850549c6a2p-631,0x1.27d71eb21d246p-637,0x1.7697accf64decp-631,1.64207060219708477e-190
6,282,0x1.d3dcdabf31d4fp-634,0x1.27d71eb21d246p-637,0x1.f8d7be9575799p-634,2.76629765809135245e-191
6,283,0x1.277a0dfa7c44ap-636,0x1.27d71eb21d246p-637,0x1.bb659d538ad6ep-636,6.07400962856914031e-192
6,284,0x1.74c55e697304dp-639,0x1.27d71eb21d246p-637,0x1.8508764c79e5ap-637,2.66464464759842097e-192
6,285,0x1.d5ba1a860bd16p-642,0x1.27d71eb21d246p-637,0x1.3684ef864d83p-637,2.12687206448431960e-192
6,286,0x1.279999208169dp-644,0x1.27d71eb21d246p-637,0x1.2a2651e45e274p-637,2.04214772353766933e-192
6,287,0x1.739a7883e004bp-647,0x1.27d71eb21d246p-637,0x1.283405503e1c7p-637,2.02881548839170377e-192
6,288,0x1.d298e005a57d8p-650,0x1.27d71eb21d246p-637,0x1.27e5b3791d51ap-637,2.02672000711460188e-192
6,289,0x1.24978ede6ec4bp-652,0x1.27d71eb21d246p-637,0x1.27d967e13ae15p-637,2.02639104076311795e-192
6,290,0x1.6e85f89a4fa98p-655,0x1.27d71eb21d246p-637,0x1.27d77a539b4bp-637,2.02633945773271080e-192
6,291,0x1.ca989547175a5p-658,0x1.27d71eb21d246p-637,0x1.27d72d06e1cebp-637,2.02633137886114019e-192
6,292,0x1.1e8ffc54eea4bp-660,0x1.27d71eb21d246p-637,0x1.27d720ef3d1d2p-637,2.02633011504523029e-192
6,293,0x1.65b5637fbbfc7p-663,0x1.27d71eb21d246p-637,0x1.27d71f0b8a7d5p-637,2.02632991757257361e-192
6,294,0x1.bdff08c7e0954p-666,0x1.27d71eb21d246p-637,0x1.27d71ec00d1cbp-637,2.02632988675340490e-192
6,295,0x1.15b66e12db581p-668,0x1.27d71eb21d246p-637,0x1.27d71eb448915p-637,2.02632988194914607e-192
6,296,0x1.5972d12e6a49cp-671,0x1.27d71eb21d246p-637,0x1.27d71eb273812p-637,2.02632988120110692e-192
6,297,0x1.ad348b2a3fbfdp-674,0x1.27d71eb21d246p-637,0x1.27d71eb22a8e1p-637,2.02632988108477068e-192
6,298,0x1.0a531f77f1d24p-676,0x1.27d71eb21d246p-637,0x1.27d71eb21f391p-637,2.02632988106669891e-192
6,299,0x1.4a20f1c117d67p-679,0x1.27d71eb21d246p-637,0x1.27d71eb21d77p-637,2.02632988106389525e-192
6,300,0x1.98be69eef660cp-682,0x1.27d71eb21d246p-637,0x1.27d71eb21d313p-637,2.02632988106346035e-192
6,301,0x1.f97e6c4723569p-685,0x1.27d71eb21d246p-637,0x1.27d71eb21d267p-637,2.02632988106339338e-192
6,302,0x1.3835fa59c26e6p-687,0x1.27d71eb21d246p-637,0x1.27d71eb21d24cp-637,2.02632988106338287e-192
6,303,0x1.81382e03c61eap-690,0x1.27d71eb21d246p-637,0x1.27d71eb21d248p-637,2.02632988106338131e-192
6,304,0x1.dac09d1e46b73p-693,0x1.27d71eb21d246p-637,0x1.27d71eb21d247p-637,2.02632988106338092e-192
6,305,0x1.2435d5abfc1f9p-695,0x1.27d71eb21d246p-637,0x1.27d71eb21d247p-637,2.02632988106338092e-192
6,306,0x1.674c165eb9bf8p-698,0x1.27d71eb21d246p-637,0x1.27d71eb21d247p-637,2.02632988106338092e-192
6,307,0x1.b9474f865a5d2p-701,0x1.27d71eb21d246p-637,0x1.27d71eb21d247p-637,2.02632988106338092e-192
6,308,0x1.0eabfc2f65614p-703,0x1.27d71eb21d246p-637,0x1.27d71eb21d247p-637,2.02632988106338092e-192
6,309,0x1.4bab4dc6fbb63p-706,0x1.27d71eb21d246p-637,0x1.27d71eb21d247p-637,2.02632988106338092e-192
6,310,0x1.95f27c660b4c2p-709,0x1.27d71eb21d246p-637,0x1.27d71eb21d247p-637,2.02632988106338092e-192
6,311,0x1.f04aafbd69da2p-712,0x1.27d71eb21d246p-637,0x1.27d71eb21d247p-637,2.02632988106338092e-192
6,312,0x1.2f065754f8f8fp-714,0x1.27d71eb21d246p-637,0x1.27d71eb21d247p-637,2.02632988106338092e-192
6,313,0x1.719e42e364779p-717,0x1.27d71eb21d246p-637,0x1.27d71eb21d247p-637,2.02632988106338092e-192
6,314,0x1.c2551ed4e7c3ep-720,0x1.27d71eb21d246p-637,0x1.27d71eb21d247p-637,2.02632988106338092e-192
6,315,0x1.1206202823f11p-722,0x1.27d71eb21d246p-637,0x1.27d71eb21d247p-637,2.02632988106338092e-192
6,316,0x1.4d1a8cf931294p-725,0x1.27d71eb21d246p-637,0x1.27d71eb21d247p-637,2.02632988106338092e-192
6,317,0x1.94760c6f9a2fdp-728,0x1.27d71eb21d246p-637,0x1.27d71eb21d247p-637,2.02632988106338092e-192
6,318,0x1.ea8c20673263fp-731,0x1.27d71eb21d246p-637,0x1.27d71eb21d247p-637,2.02632988106338092e-192
6,319,0x1.29241434a2711p-733,0x1.27d71eb21d246p-637,0x1.27d71eb21d247p-637,2.02632988106338092e-192
6,320,0x1.6791966da5ee8p-736,0x1.27d71eb21d246p-637,0x1.27d71eb21d247p-637,2.02632988106338092e-192
6,321,0x1.b29eb49246667p-739,0x1.27d71eb21d246p-637,0x1.27d71eb21d247p-637,2.02632988106338092e-192
6,322,0x1.065f0bca74237p-741,0x1.27d71eb21d246p-637,0x1.27d71eb21d247p-637,2.02632988106338092e-192
6,323,0x1.3c6b355ced68cp-744,0x1.27d71eb21d246p-637,0x1.27d71eb21d247p-637,2.02632988106338092e-192
6,324,0x1.7d2b5ed7f3cap-747,0x1.27d71eb21d246p-637,0x1.27d71eb21d247p-637,2.02632988106338092e-192
6,325,0x1.caa7230eb6803p-750,0x1.27d71eb21d246p-637,0x1.27d71eb21d247p-637,2.02632988106338092e-192
6,326,0x1.13a2016f0520dp-752,0x1.27d71eb21d246p-637,0x1.27d71eb21d247p-637,2.02632988106338092e-192
6,327,0x1.4aeabb3aa637dp-755,0x1.27d71eb21d246p-637,0x1.27d71eb21d247p-637,2.02632988106338092e-192
6,328,0x1.8cd7c9b20a8a6p-758,0x1.27d71eb21d246p-637,0x1.27d71eb21d247p-637,2.02632988106338092e-192
6,329,0x1.db5e54edef419p-761,0x1.27d71eb21d246p-637,0x1.27d71eb21d247p-637,2.02632988106338092e-192
6,330,0x1.1c65923b277c4p-763,0x1.27d71eb21d246p-637,0x1.27d71eb21d247p-637,2.02632988106338092e-192
6,331,0x1.53e88a1c9df56p-766,0x1.27d71eb21d246p-637,0x1.27d71eb21d247p-637,2.02632988106338092e-192
6,332,0x1.95cce20679b11p-769,0x1.27d71eb21d246p-637,0x1.27d71eb21d247p-637,2.02632988106338092e-192
6,333,0x1.e3ec695e28849p-772,0x1.27d71eb21d246p-637,0x1.27d71eb21d247p-637,2.02632988106338092e-192
6,334,0x1.20387ffd45e7ep-774,0x1.27d71eb21d246p-637,0x1.27d71eb21d247p-637,2.02632988106338092e-192
6,335,0x1.56f0a6faba139p-777,0x1.27d71eb21d246p-637,0x1.27d71eb21d247p-637,2.02632988106338092e-192
6,336,0x1.9797ae0e774e4p-780,0x1.27d71eb21d246p-637,0x1.27d71eb21d247p-637,2.02632988106338092e-192
6,337,0x1.e3e4a6e870fe6p-783,0x1.27d71eb21d246p-637,0x1.27d71eb21d247p-637,2.02632988106338092e-192
6,338,0x1.1eeb213653a0bp-785,0x1.27d71eb21d246p-637,0x1.27d71eb21d247p-637,2.02632988106338092e-192
6,339,0x1.53dee011dc09dp-788,0x1.27d71eb21d246p-637,0x1.27d71eb21d247p-637,2.02632988106338092e-192
6,340,0x1.9225b433b7c0fp-791,0x1.27d71eb21d246p-637,0x1.27d71eb21d247p-637,2.02632988106338092e-192
6,341,0x1.db4e61d03f4c4p-794,0x1.27d71eb21d246p-637,0x1.27d71eb21d247p-637,2.02632988106338092e-192
6,342,0x1.189331a071fa7p-796,0x1.27d71eb21d246p-637,0x1.27d71eb21d247p-637,2.02632988106338092e-192
6,343,0x1.4ae18c51065dcp-799,0x1.27d71eb21d246p-637,0x1.27d71eb21d247p-637,2.02632988106338092e-192
6,344,0x1.85c619a08dde8p-802,0x1.27d71eb21d246p-637,0x1.27d71eb21d247p-637,2.02632988106338092e-192
6,345,0x1.caa3c15f9b0c9p-805,0x1.27d71eb21d246p-637,0x1.27d71eb21d247p-637,2.02632988106338092e-192
6,346,0x1.0d89936ae4c8bp-807,0x1.27d71eb21d246p-637,0x1.27d71eb21d247p-637,2.02632988106338092e-192
6,347,0x1.3c7518e077af6p-810,0x1.27d71eb21d246p-637,0x1.27d71eb21d247p-637,2.02632988106338092e-192
6,348,0x1.7322469c65fd9p-813,0x1.27d71eb21d246p-637,0x1.27d71eb21d247p-637,2.02632988106338092e-192
6,349,0x1.b2c69c06ca0c7p-816,0x1.27d71eb21d246p-637,0x1.27d71eb21d247p-637,2.02632988106338092e-192
6,350,0x1.fcc4a262277c7p-819,0x1.27d71eb21d246p-637,0x1.27d71eb21d247p-637,2.02632988106338092e-192
6,351,0x1.2958fa8238958p-821,0x1.27d71eb21d246p-637,0x1.27d71eb21d247p-637,2.02632988106338092e-192
6,352,0x1.5b2f01d2d12ecp-824,0x1.27d71eb21d246p-637,0x1.27d71eb21d247p-637,2.02632988106338092e-192
6,353,0x1.94ecd11087373p-827,0x1.27d71eb21d246p-637,0x1.27d71eb21d247p-637,2.02632988106338092e-192
6,354,0x1.d7bfbd4e054adp-830,0x1.27d71eb21d246p-637,0x1.27d71eb21d247p-637,2.02632988106338092e-192
6,355,0x1.127f5e2b0ce83p-832,0x1.27d71eb21d246p-637,0x1.27d71eb21d247p-637,2.02632988106338092e-192
6,356,0x1.3f17d173daccbp-835,0x1.27d71eb21d246p-637,0x1.27d71eb21d247p-637,2.02632988106338092e-192
6,357,0x1.72867c53aaa0dp-838,0x1.27d71eb21d246p-637,0x1.27d71eb21d247p-637,2.02632988106338092e-192
6,358,0x1.adc637dded73fp-841,0x1.27d71eb21d246p-637,0x1.27d71eb21d247p-637,2.02632988106338092e-192
6,359,0x1.f1f3077da61b9p-844,0x1.27d71eb21d246p-637,0x1.27d71eb21d247p-637,2.02632988106338092e-192
6,360,0x1.2027079f41edfp-846,0x1.27d71eb21d246p-637,0x1.27d71eb21d247p-637,2.02632988106338092e-192
6,361,0x1.4d20f9d6616f9p-849,0x1.27d71eb21d246p-637,0x1.27d71eb21d247p-637,2.02632988106338092e-192
6,362,0x1.80b3d614203e9p-852,0x1.27d71eb21d246p-637,0x1.27d71eb21d247p-637,2.02632988106338092e-192
6,363,0x1.bbc5e87ec8d81p-855,0x1.27d71eb21d246p-637,0x1.27d71eb21d247p-637,2.02632988106338092e-192
6,364,0x1.ff5a378564bffp-858,0x1.27d71eb21d246p-637,0x1.27d71eb21d247p-637,2.02632988106338092e-192
6,365,0x1.2649dac8b0ccep-860,0x1.27d71eb21d246p-637,0x1.27d71eb21d247p-637,2.02632988106338092e-192
6,366,0x1.525c5ff200ee5p-863,0x1.27d71eb21d246p-637,0x1.27d71eb21d247p-637,2.02632988106338092e-192
6,367,0x1.849b780d25bf4p-866,0x1.27d71eb21d246p-637,0x1.27d71eb21d247p-637,2.02632988106338092e-192
6,368,0x1.bdd3a2fd32237p-869,0x1.27d71eb21d246p-637,0x1.27d71eb21d247p-637,2.02632988106338092e-192
6,369,0x1.fee957a72e55cp-872,0x1.27d71eb21d246p-637,0x1.27d71eb21d247p-637,2.02632988106338092e-192
6,370,0x1.246dbcea18465p-874,0x1.27d71eb21d246p-637,0x1.27d71eb21d247p-637,2.02632988106338092e-192
6,371,0x1.4e63027e9dcc7p-877,0x1.27d71eb21d246p-637,0x1.27d71eb21d247p-637,2.02632988106338092e-192
6,372,0x1.7df2777b6f79cp-880,0x1.27d71eb21d246p-637,0x1.27d71eb21d247p-637,2.02632988106338092e-192
6,373,0x1.b3cba2b65ad55p-883,0x1.27d71eb21d246p-637,0x1.27d71eb21d247p-637,2.02632988106338092e-192
6,374,0x1.f0b14487ad277p-886,0x1.27d71eb21d246p-637,0x1.27d71eb21d247p-637,2.02632988106338092e-192
6,375,0x1.1abd925030964p-888,0x1.27d71eb21d246p-637,0x1.27d71eb21d247p-637,2.02632988106338092e-192
6,376,0x1.418c00bac1d7bp-891,0x1.27d71eb21d246p-637,0x1.27d71eb21d247p-637,2.02632988106338092e-192
6,377,0x1.6d47d1409ff84p-894,0x1.27d71eb21d246p-637,0x1.27d71eb21d247p-637,2.02632988106338092e-192
6,378,0x1.9e82873f4aa3fp-897,0x1.27d71eb21d246p-637,0x1.27d71eb21d247p-637,2.02632988106338092e-192
6,379,0x1.d5dc735175993p-900,0x1.27d71eb21d246p-637,0x1.27d71eb21d247p-637,2.02632988106338092e-192
6,380,0x1.0a02f9ebe4611p-902,0x1.27d71eb21d246p-637,0x1.27d71eb21d247p-637,2.02632988106338092e-192
6,381,0x1.2ce064613f847p-905,0x1.27d71eb21d246p-637,0x1.27d71eb21d247p-637,2.02632988106338092e-192
6,382,0x1.53f0bd6a3a42bp-908,0x1.27d71eb21d246p-637,0x1.27d71eb21d247p-637,2.02632988106338092e-192
6,383,0x1.7fa86b3bd7163p-911,0x1.27d71eb21d246p-637,0x1.27d71eb21d247p-637,2.02632988106338092e-192
6,384,0x1.b086bd0b2634ap-914,0x1.27d71eb21d246p-637,0x1.27d71eb21d247p-637,2.02632988106338092e-192
6,385,0x1.e716bbe09a4e8p-917,0x1.27d71eb21d246p-637,0x1.27d71eb21d247p-637,2.02632988106338092e-192
6,386,0x1.11f8026fb3533p-919,0x1.27d71eb21d246p-637,0x1.27d71eb21d247p-637,2.02632988106338092e-192
6,387,0x1.33dbd65a2ce38p-922,0x1.27d71eb21d246p-637,0x1.27d71eb21d247p-637,2.02632988106338092e-192
6,388,0x1.599095e18f67fp-925,0x1.27d71eb21d246p-637,0x1.27d71eb21d247p-637,2.02632988106338092e-192
6,389,0x1.8377a944e3337p-928,0x1.27d71eb21d246p-637,0x1.27d71eb21d247p-637,2.02632988106338092e-192
6,390,0x1.b1faa2c85f766p-931,0x1.27d71eb21d246p-637,0x1.27d71eb21d247p-637,2.02632988106338092e-192
6,391,0x1.e58bc00c9df48p-934,0x1.27d71eb21d246p-637,0x1.27d71eb21d247p-637,2.02632988106338092e-192
6,392,0x1.0f5337253c467p-936,0x1.27d71eb21d246p-637,0x1.27d71eb21d247p-637,2.02632988106338092e-192
6,393,0x1.2ee7e872410d4p-939,0x1.27d71eb21d246p-637,0x1.27d71eb21d247p-637,2.02632988106338092e-192
6,394,0x1.51cba4d491df8p-942,0x1.27d71eb21d246p-637,0x1.27d71eb21d247p-637,2.02632988106338092e-192
6,395,0x1.784b8104c5089p-945,0x1.27d71eb21d246p-637,0x1.27d71eb21d247p-637,2.02632988106338092e-192
6,396,0x1.a2ba3a38d2db3p-948,0x1.27d71eb21d246p-637,0x1.27d71eb21d247p-637,2.02632988106338092e-192
6,397,0x1.d1707a6a77b37p-951,0x1.27d71eb21d246p-637,0x1.27d71eb21d247p-637,2.02632988106338092e-192
6,398,0x1.02668dda7d025p-953,0x1.27d71eb21d246p-637,0x1.27d71eb21d247p-637,2.02632988106338092e-192
6,399,0x1.1e9ab51d43edcp-956,0x1.27d71eb21d246p-637,0x1.27d71eb21d247p-637,2.02632988106338092e-192
6,400,0x1.3d8ab1fa16f0cp-959,0x1.27d71eb21d246p-637,0x1.27d71eb21d247p-637,2.02632988106338092e-192
6,401,0x1.5f6ffae127c68p-962,0x1.27d71eb21d246p-637,0x1.27d71eb21d247p-637,2.02632988106338092e-192
6,402,0x1.84879a833aedep-965,0x1.27d71eb21d246p-637,0x1.27d71eb21d247p-637,2.02632988106338092e-192
6,403,0x1.ad124a814f6d9p-968,0x1.27d71eb21d246p-637,0x1.27d71eb21d247p-637,2.02632988106338092e-192
6,404,0x1.d9548b96cbd8dp-971,0x1.27d71eb21d246p-637,0x1.27d71eb21d247p-637,2.02632988106338092e-192
6,405,0x1.04cb5d68155bdp-973,0x1.27d71eb21d246p-637,0x1.27d71eb21d247p-637,2.02632988106338092e-192
6,406,0x1.1f1291ad42593p-976,0x1.27d71eb21d246p-637,0x1.27d71eb21d247p-637,2.02632988106338092e-192
6,407,0x1.3ba80639a588p-979,0x1.27d71eb21d246p-637,0x1.27d71eb21d247p-637,2.02632988106338092e-192
6,408,0x1.5ab5e17d82a7fp-982,0x1.27d71eb21d246p-637,0x1.27d71eb21d247p-637,2.02632988106338092e-192
6,409,0x1.7c684f150575dp-985,0x1.27d71eb21d246p-637,0x1.27d71eb21d247p-637,2.02632988106338092e-192
6,410,0x1.a0ed7f71a319p-988,0x1.27d71eb21d246p-637,0x1.27d71eb21d247p-637,2.02632988106338092e-192
6,411,0x1.c875a48f5793fp-991,0x1.27d71eb21d246p-637,0x1.27d71eb21d247p-637,2.02632988106338092e-192
6,412,0x1.f332eb72200dap-994,0x1.27d71eb21d246p-637,0x1.27d71eb21d247p-637,2.02632988106338092e-192
6,413,0x1.10acb913ff8d8p-996,0x1.27d71eb21d246p-637,0x1.27d71eb21d247p-637,2.02632988106338092e-192
6,414,0x1.298f9d063d60ap-999,0x1.27d71eb21d246p-637,0x1.27d71eb21d247p-637,2.02632988106338092e-192
6,415,0x1.445e0b05fbc08p-1002,0x1.27d71eb21d246p-637,0x1.27d71eb21d247p-637,2.02632988106338092e-192
6,416,0x1.6134ca5471bcfp-1005,0x1.27d71eb21d246p-637,0x1.27d71eb21d247p-637,2.02632988106338092e-192
6,417,0x1.803172c9d8a24p-1008,0x1.27d71eb21d246p-637,0x1.27d71eb21d247p-637,2.02632988106338092e-192
6,418,0x1.a1725d851b1c3p-1011,0x1.27d71eb21d246p-637,0x1.27d71eb21d247p-637,2.02632988106338092e-192
6,419,0x1.c516950f4b14dp-1014,0x1.27d71eb21d246p-637,0x1.27d71eb21d247p-637,2.02632988106338092e-192
6,420,0x1.eb3dd1c5a6791p-1017,0x1.27d71eb21d246p-637,0x1.27d71eb21d247p-637,2.02632988106338092e-192
6,421,0x1.0a04733d0b6a8p-1019,0x1.27d71eb21d246p-637,0x1.27d71eb21d247p-637,2.02632988106338092e-192
6,422,0x1.1fced19d0e273p-1022,0x1.27d71eb21d246p-637,0x1.27d71eb21d247p-637,2.02632988106338092e-192
6,423,0x0.26e45902ccc71p-1022,0x1.27d71eb21d246p-637,0x1.27d71eb21d247p-637,2.02632988106338092e-192
6,424,0x0.0542b87280b94p-1022,0x1.27d71eb21d246p-637,0x1.27d71eb21d247p-637,2.02632988106338092e-192
6,425,0x0.00b8a038820ap-1022,0x1.27d71eb21d246p-637,0x1.27d71eb21d247p-637,2.02632988106338092e-192
6,426,0x0.001bd90a3a994p-1022,0x1.27d71eb21d246p-637,0x1.27d71eb21d247p-637,2.02632988106338092e-192
6,427,0x0.0006a0f531178p-1022,0x1.27d71eb21d246p-637,0x1.27d71eb21d247p-637,2.02632988106338092e-192
6,428,0x0.0003aba33de91p-1022,0x1.27d71eb21d246p-637,0x1.27d71eb21d247p-637,2.02632988106338092e-192
6,429,0x0.00032bbf0cb93p-1022,0x1.27d71eb21d246p-637,0x1.27d71eb21d247p-637,2.02632988106338092e-192
6,430,0x0.000300e62169cp-1022,0x1.27d71eb21d246p-637,0x1.27d71eb21d247p-637,2.02632988106338092e-192
6,431,0x0.0002e1eb22dabp-1022,0x1.27d71eb21d246p-637,0x1.27d71eb21d247p-637,2.02632988106338092e-192
6,432,0x0.0002c4fb272afp-1022,0x1.27d71eb21d246p-637,0x1.27d71eb21d247p-637,2.02632988106338092e-192
6,433,0x0.0002a8c575944p-1022,0x1.27d71eb21d246p-637,0x1.27d71eb21d247p-637,2.02632988106338092e-192
6,434,0x0.00028d1d8e8eap-1022,0x1.27d71eb21d246p-637,0x1.27d71eb21d247p-637,2.02632988106338092e-192
6,435,0x0.000271fe1c9cfp-1022,0x1.27d71eb21d246p-637,0x1.27d71eb21d247p-637,2.02632988106338092e-192
6,436,0x0.0002576708ef2p-1022,0x1.27d71eb21d246p-637,0x1.27d71eb21d247p-637,2.02632988106338092e-192
6,437,0x0.00023d58f0f8p-1022,0x1.27d71eb21d246p-637,0x1.27d71eb21d247p-637,2.02632988106338092e-192
6,438,0x0.000223d48b5d1p-1022,0x1.27d71eb21d246p-637,0x1.27d71eb21d247p-637,2.02632988106338092e-192
6,439,0x0.00020ada913a8p-1022,0x1.27d71eb21d246p-637,0x1.27d71eb21d247p-637,2.02632988106338092e-192
6,440,0x0.0001f26bbc21ap-1022,0x1.27d71eb21d246p-637,0x1.27d71eb21d247p-637,2.02632988106338092e-192
6,441,0x0.0001da88c6199p-1022,0x1.27d71eb21d246p-637,0x1.27d71eb21d247p-637,2.02632988106338092e-192
6,442,0x0.0001c332699fcp-1022,0x1.27d71eb21d246p-637,0x1.27d71eb21d247p-637,2.02632988106338092e-192
6,443,0x0.0001ac6961a51p-1022,0x1.27d71eb21d246p-637,0x1.27d71eb21d247p-637,2.02632988106338092e-192
6,444,0x0.0001962e69928p-1022,0x1.27d71eb21d246p-637,0x1.27d71eb21d247p-637,2.02632988106338092e-192
6,445,0x0.000180823d454p-1022,0x1.27d71eb21d246p-637,0x1.27d71eb21d247p-637,2.02632988106338092e-192
6,446,0x0.00016b6599112p-1022,0x1.27d71eb21d246p-637,0x1.27d71eb21d247p-637,2.02632988106338092e-192
6,447,0x0.000156d939cp-1022,0x1.27d71eb21d246p-637,0x1.27d71eb21d247p-637,2.02632988106338092e-192
6,448,0x0.000142dddc936p-1022,0x1.27d71eb21d246p-637,0x1.27d71eb21d247p-637,2.02632988106338092e-192
6,449,0x0.00012f743f42dp-1022,0x1.27d71eb21d246p-637,0x1.27d71eb21d247p-637,2.02632988106338092e-192
6,450,0x0.00011c9d1ffb5p-1022,0x1.27d71eb21d246p-637,0x1.27d71eb21d247p-637,2.02632988106338092e-192
6,451,0x0.00010a593d615p-1022,0x1.27d71eb21d246p-637,0x1.27d71eb21d247p-637,2.02632988106338092e-192
6,452,0x0.0000f8a956905p-1022,0x1.27d71eb21d246p-637,0x1.27d71eb21d247p-637,2.02632988106338092e-192
6,453,0x0.0000e78e2b1bp-1022,0x1.27d71eb21d246p-637,0x1.27d71eb21d247p-637,2.02632988106338092e-192
6,454,0x0.0000d7087b0aep-1022,0x1.27d71eb21d246p-637,0x1.27d71eb21d247p-637,2.02632988106338092e-192
6,455,0x0.0000c71906e12p-1022,0x1.27d71eb21d246p-637,0x1.27d71eb21d247p-637,2.02632988106338092e-192
6,456,0x0.0000b7c08f965p-1022,0x1.27d71eb21d246p-637,0x1.27d71eb21d247p-637,2.02632988106338092e-192
6,457,0x0.0000a8ffd69a2p-1022,0x1.27d71eb21d246p-637,0x1.27d71eb21d247p-637,2.02632988106338092e-192
6,458,0x0.00009ad79dd4dp-1022,0x1.27d71eb21d246p-637,0x1.27d71eb21d247p-637,2.02632988106338092e-192
6,459,0x0.00008d48a7a37p-1022,0x1.27d71eb21d246p-637,0x1.27d71eb21d247p-637,2.02632988106338092e-192
6,460,0x0.00008053b6de2p-1022,0x1.27d71eb21d246p-637,0x1.27d71eb21d247p-637,2.02632988106338092e-192
6,461,0x0.000073f98ed47p-1022,0x1.27d71eb21d246p-637,0x1.27d71eb21d247p-637,2.02632988106338092e-192
6,462,0x0.0000683af34d3p-1022,0x1.27d71eb21d246p-637,0x1.27d71eb21d247p-637,2.02632988106338092e-192
6,463,0x0.00005d18a8888p-1022,0x1.27d71eb21d246p-637,0x1.27d71eb21d247p-637,2.02632988106338092e-192
6,464,0x0.00005293733eep-1022,0x1.27d71eb21d246p-637,0x1.27d71eb21d247p-637,2.02632988106338092e-192
6,465,0x0.000048ac18ap-1022,0x1.27d71eb21d246p-637,0x1.27d71eb21d247p-637,2.02632988106338092e-192
6,466,0x0.00003f635e531p-1022,0x1.27d71eb21d246p-637,0x1.27d71eb21d247p-637,2.02632988106338092e-192
6,467,0x0.000036ba0a7a9p-1022,0x1.27d71eb21d246p-637,0x1.27d71eb21d247p-637,2.02632988106338092e-192
6,468,0x0.00002eb0e3b08p-1022,0x1.27d71eb21d246p-637,0x1.27d71eb21d247p-637,2.02632988106338092e-192
6,469,0x0.00002748b1086p-1022,0x1.27d71eb21d246p-637,0x1.27d71eb21d247p-637,2.02632988106338092e-192
6,470,0x0.000020823a0f5p-1022,0x1.27d71eb21d246p-637,0x1.27d71eb21d247p-637,2.02632988106338092e-192
6,471,0x0.00001a5e46cb9p-1022,0x1.27d71eb21d246p-637,0x1.27d71eb21d247p-637,2.02632988106338092e-192
6,472,0x0.000014dd9fbbap-1022,0x1.27d71eb21d246p-637,0x1.27d71eb21d247p-637,2.02632988106338092e-192
6,473,0x0.000010010dd89p-1022,0x1.27d71eb21d246p-637,0x1.27d71eb21d247p-637,2.02632988106338092e-192
6,474,0x0.00000bc95a94bp-1022,0x1.27d71eb21d246p-637,0x1.27d71eb21d247p-637,2.02632988106338092e-192
6,475,0x0.000008374ea77p-1022,0x1.27d71eb21d246p-637,0x1.27d71eb21d247p-637,2.02632988106338092e-192
6,476,0x0.0000054baf108p-1022,0x1.27d71eb21d246p-637,0x1.27d71eb21d247p-637,2.02632988106338092e-192
6,477,0x0.00000307374a2p-1022,0x1.27d71eb21d246p-637,0x1.27d71eb21d247p-637,2.02632988106338092e-192
6,478,0x0.000001693b67p-1022,0x1.27d71eb21d246p-637,0x1.27d71eb21d247p-637,2.02632988106338092e-192
6,479,0x0.0000006daeefep-1022,0x1.27d71eb21d246p-637,0x1.27d71eb21d247p-637,2.02632988106338092e-192
6,480,0x0p+0,0x1.27d71eb21d246p-637,0x1.27d71eb21d246p-637,2.02632988106338053e-192
7,0,0x1.50a0b3e9b2515p+1,0x1.3064e680f099dp-636,0x1.50a0b3e9b2516p+1,2.62990425978626785e+00
7,1,0x1.d5a306af06905p+0,0x1.3064e680f099dp-636,0x1.d5a306af06906p+0,1.83451883099638868e+00
7,2,0x1.392247499479ap+0,0x1.3064e680f099dp-636,0x1.392247499479bp+0,1.22317929788957858e+00
7,3,0x1.90ccf2bc242e1p-1,0x1.3064e680f099dp-636,0x1.90ccf2bc242e2p-1,7.82813630548926165e-01
7,4,0x1.ee19722ad36c1p-2,0x1.3064e680f099dp-636,0x1.ee19722ad36c2p-2,4.82518943656810362e-01
7,5,0x1.26304fe8c1692p-2,0x1.3064e680f099dp-636,0x1.26304fe8c1693p-2,2.87293671208638191e-01
7,6,0x1.534273c118981p-3,0x1.3064e680f099dp-636,0x1.534273c118982p-3,1.65654091196369591e-01
7,7,0x1.7bbc70a4fe383p-4,0x1.3064e680f099dp-636,0x1.7bbc70a4fe384p-4,9.27090072799626186e-02
7,8,0x1.9d600b73edf0bp-5,0x1.3064e680f099dp-636,0x1.9d600b73edf0cp-5,5.04608367622819409e-02
7,9,0x1.b66c9045f6c19p-6,0x1.3064e680f099dp-636,0x1.b66c9045f6c1ap-6,2.67592820090208697e-02
7,10,0x1.c5c26fedbc7e7p-7,0x1.3064e680f099dp-636,0x1.c5c26fedbc7e8p-7,1.38476416136405628e-02
7,11,0x1.caf27e16abd8fp-8,0x1.3064e680f099dp-636,0x1.caf27e16abd9p-8,7.00297907194115388e-03
7,12,0x1.c6393623fa732p-9,0x1.3064e680f099dp-636,0x1.c6393623fa733p-9,3.46545015235202305e-03
7,13,0x1.b869304071774p-10,0x1.3064e680f099dp-636,0x1.b869304071775p-10,1.68003422742077119e-03
7,14,0x1.a2c9b8a166645p-11,0x1.3064e680f099dp-636,0x1.a2c9b8a166646p-11,7.98774668669462824e-04
7,15,0x1.86ef2e2562e64p-12,0x1.3064e680f099dp-636,0x1.86ef2e2562e65p-12,3.72823999293037036e-04
7,16,0x1.66928acd3ceedp-13,0x1.3064e680f099dp-636,0x1.66928acd3ceeep-13,1.70980658743872594e-04
7,17,0x1.436c82d3b8cfbp-14,0x1.3064e680f099dp-636,0x1.436c82d3b8cfcp-14,7.71102598338575264e-05
7,18,0x1.1f174e4d7e5fdp-15,0x1.3064e680f099dp-636,0x1.1f174e4d7e5fep-15,3.42239187424812772e-05
7,19,0x1.f5f18110228cap-17,0x1.3064e680f099dp-636,0x1.f5f18110228cbp-17,1.49590782998653524e-05
7,20,0x1.b06a056bb2086p-18,0x1.3064e680f099dp-636,0x1.b06a056bb2087p-18,6.44347288032015908e-06
7,21,0x1.6f528446365a3p-19,0x1.3064e680f099dp-636,0x1.6f528446365a4p-19,2.73676463101160765e-06
7,22,0x1.33d9ea4d880eap-20,0x1.3064e680f099dp-636,0x1.33d9ea4d880ebp-20,1.14683520580782219e-06
7,23,0x1.fd600ee498819p-22,0x1.3064e680f099dp-636,0x1.fd600ee49881ap-22,4.74392648086337405e-07
7,24,0x1.a0304e94a2fa1p-23,0x1.3064e680f099dp-636,0x1.a0304e94a2fa2p-23,1.93802965360218824e-07
7,25,0x1.4ffd844a62fdbp-24,0x1.3064e680f099dp-636,0x1.4ffd844a62fdcp-24,7.82288377741231003e-08
7,26,0x1.0c1f574f49bc6p-25,0x1.3064e680f099dp-636,0x1.0c1f574f49bc7p-25,3.12135585107122775e-08
7,27,0x1.a72b4da946177p-27,0x1.3064e680f099dp-636,0x1.a72b4da946178p-27,1.23158433057327725e-08
7,28,0x1.4a596b548aa8dp-28,0x1.3064e680f099dp-636,0x1.4a596b548aa8ep-28,4.80721492174058321e-09
7,29,0x1.fe6aec65cc766p-30,0x1.3064e680f099dp-636,0x1.fe6aec65cc767p-30,1.85688866492234608e-09
7,30,0x1.865a248d33b0ep-31,0x1.3064e680f099dp-636,0x1.865a248d33b0fp-31,7.10046370354932969e-10
7,31,0x1.279ea28a22249p-32,0x1.3064e680f099dp-636,0x1.279ea28a2224ap-32,2.68864521474114241e-10
7,32,0x1.bb85d466e562p-34,0x1.3064e680f099dp-636,0x1.bb85d466e5621p-34,1.00845402868426941e-10
7,33,0x1.49a92780f3f0ap-35,0x1.3064e680f099dp-636,0x1.49a92780f3f0bp-35,3.74780892149106784e-11
7,34,0x1.e5b1f41c4600bp-37,0x1.3064e680f099dp-636,0x1.e5b1f41c4600cp-37,1.38042858873109290e-11
7,35,0x1.62b215c916a2fp-38,0x1.3064e680f099dp-636,0x1.62b215c916a3p-38,5.04052827807831867e-12
7,36,0x1.00d96d24b0b2ap-39,0x1.3064e680f099dp-636,0x1.00d96d24b0b2bp-39,1.82502419679704341e-12
7,37,0x1.70f1ce2371c5fp-41,0x1.3064e680f099dp-636,0x1.70f1ce2371c6p-41,6.55377177724146848e-13
7,38,0x1.06de5c4b23444p-42,0x1.3064e680f099dp-636,0x1.06de5c4b23445p-42,2.33474213995024825e-13
7,39,0x1.73ac652ee5d05p-44,0x1.3064e680f099dp-636,0x1.73ac652ee5d06p-44,8.25280774681173458e-14
7,40,0x1.04c4ccc2bfd49p-45,0x1.3064e680f099dp-636,0x1.04c4ccc2bfd4ap-45,2.89511469687624280e-14
7,41,0x1.6b36da2320351p-47,0x1.3064e680f099dp-636,0x1.6b36da2320352p-47,1.00812210249067471e-14
7,42,0x1.f6438c3a4f893p-49,0x1.3064e680f099dp-636,0x1.f6438c3a4f894p-49,3.48515562559365413e-15
7,43,0x1.58d4fb71a8c96p-50,0x1.3064e680f099dp-636,0x1.58d4fb71a8c97p-50,1.19637619856268717e-15
7,44,0x1.d63de715eca22p-52,0x1.3064e680f099dp-636,0x1.d63de715eca23p-52,4.07869751286686030e-16
7,45,0x1.3e7ac7742315p-53,0x1.3064e680f099dp-636,0x1.3e7ac77423151p-53,1.38118512252893523e-16
7,46,0x1.ac9007b77320bp-55,0x1.3064e680f099dp-636,0x1.ac9007b77320cp-55,4.64648521206264947e-17
7,47,0x1.1e7f92f8aff25p-56,0x1.3064e680f099dp-636,0x1.1e7f92f8aff26p-56,1.55311059345394491e-17
7,48,0x1.7ca64c223a02cp-58,0x1.3064e680f099dp-636,0x1.7ca64c223a02dp-58,5.15876403021357961e-18
7,49,0x1.f6a25692f3303p-60,0x1.3064e680f099dp-636,0x1.f6a25692f3304p-60,1.70299068600647208e-18
7,50,0x1.49dbbcdeb506bp-61,0x1.3064e680f099dp-636,0x1.49dbbcdeb506cp-61,5.58801781900295071e-19
7,51,0x1.ae64a0fc717a9p-63,0x1.3064e680f099dp-636,0x1.ae64a0fc717aap-63,1.82278560130515103e-19
7,52,0x1.17298a8f02a73p-64,0x1.3064e680f099dp-636,0x1.17298a8f02a74p-64,5.91149101831956471e-20
7,53,0x1.681711242ff36p-66,0x1.3064e680f099dp-636,0x1.681711242ff37p-66,1.90630114484215868e-20
7,54,0x1.cde5ed995b02dp-68,0x1.3064e680f099dp-636,0x1.cde5ed995b02ep-68,6.11317120345330741e-21
7,55,0x1.26a165d761587p-69,0x1.3064e680f099dp-636,0x1.26a165d761588p-69,1.94970083652794332e-21
7,56,0x1.75dc4838b633ep-71,0x1.3064e680f099dp-636,0x1.75dc4838b633fp-71,6.18500276770118124e-22
7,57,0x1.d7e7a9f169423p-73,0x1.3064e680f099dp-636,0x1.d7e7a9f169424p-73,1.95175307375355819e-22
7,58,0x1.284b6495dc6dbp-74,0x1.3064e680f099dp-636,0x1.284b6495dc6dcp-74,6.12722672379871614e-23
7,59,0x1.722ed4d21c96ep-76,0x1.3064e680f099dp-636,0x1.722ed4d21c96fp-76,1.91380091772771506e-23
7,60,0x1.cc31ba606f8cbp-78,0x1.3064e680f099dp-636,0x1.cc31ba606f8ccp-78,5.94787127684714513e-24
7,61,0x1.1ca55a9078594p-79,0x1.3064e680f099dp-636,0x1.1ca55a9078595p-79,1.83948110001464409e-24
7,62,0x1.5e6e85a359d3dp-81,0x1.3064e680f099dp-636,0x1.5e6e85a359d3ep-81,5.66152988892271526e-25
7,63,0x1.ad611d06acff6p-83,0x1.3064e680f099dp-636,0x1.ad611d06acff7p-83,1.73424938012609897e-25
7,64,0x1.05d4d1bab0efap-84,0x1.3064e680f099dp-636,0x1.05d4d1bab0efbp-84,5.28764150333404466e-26
7,65,0x1.3ddc651d37bd1p-86,0x1.3064e680f099dp-636,0x1.3ddc651d37bd2p-86,1.60478752904047031e-26
7,66,0x1.8023bdb881988p-88,0x1.3064e680f099dp-636,0x1.8023bdb881989p-88,4.84852357379107943e-27
7,67,0x1.ce2d2f58c4f0bp-90,0x1.3064e680f099dp-636,0x1.ce2d2f58c4f0cp-90,1.45837190033574743e-27
7,68,0x1.14d12bfcaef2ap-91,0x1.3064e680f099dp-636,0x1.14d12bfcaef2bp-91,4.36740340578381665e-28
7,69,0x1.4a2a8f8c03a0dp-93,0x1.3064e680f099dp-636,0x1.4a2a8f8c03a0ep-93,1.30227624549259657e-28
7,70,0x1.8820197ed0ab5p-95,0x1.3064e680f099dp-636,0x1.8820197ed0ab6p-95,3.86665486686451393e-29
7,71,0x1.cfc376e8d484dp-97,0x1.3064e680f099dp-636,0x1.cfc376e8d484ep-97,1.14326537681541384e-29
7,72,0x1.111d232664cf4p-98,0x1.3064e680f099dp-636,0x1.111d232664cf5p-98,3.36638770901872464e-30
7,73,0x1.405ea8caa5bc1p-100,0x1.3064e680f099dp-636,0x1.405ea8caa5bc2p-100,9.87215551911079164e-31
7,74,0x1.764bae67e40cbp-102,0x1.3064e680f099dp-636,0x1.764bae67e40ccp-102,2.88346864726291273e-31
7,75,0x1.b391c08795e8fp-104,0x1.3064e680f099dp-636,0x1.b391c08795e9p-104,8.38876042503356641e-32
7,76,0x1.f8e5862923a99p-106,0x1.3064e680f099dp-636,0x1.f8e5862923a9ap-106,2.43098859780092027e-32
7,77,0x1.2380b84659889p-107,0x1.3064e680f099dp-636,0x1.2380b8465988ap-107,7.01767492673309054e-33
7,78,0x1.4f52149f0431ep-109,0x1.3064e680f099dp-636,0x1.4f52149f0431fp-109,2.01813761501999048e-33
7,79,0x1.80475f0162d97p-111,0x1.3064e680f099dp-636,0x1.80475f0162d98p-111,5.78198465028058973e-34
7,80,0x1.b6c145d6d1e8ep-113,0x1.3064e680f099dp-636,0x1.b6c145d6d1e8fp-113,1.65041277080394970e-34
7,81,0x1.f31f752a123cfp-115,0x1.3064e680f099dp-636,0x1.f31f752a123dp-115,4.69372902089331965e-35
7,82,0x1.1adfa7bd9310fp-116,0x1.3064e680f099dp-636,0x1.1adfa7bd9311p-116,1.33006552564866110e-35
7,83,0x1.3f7d4611e0106p-118,0x1.3064e680f099dp-636,0x1.3f7d4611e0107p-118,3.75557926579149271e-36
7,84,0x1.6792df7ab86b6p-120,0x1.3064e680f099dp-636,0x1.6792df7ab86b7p-120,1.05669219882971444e-36
7,85,0x1.934766c47037bp-122,0x1.3064e680f099dp-636,0x1.934766c47037cp-122,2.96282551682159821e-37
7,86,0x1.c2bdabbd2d28dp-124,0x1.3064e680f099dp-636,0x1.c2bdabbd2d28ep-124,8.27880287070986558e-38
7,87,0x1.f6138bc2fb32cp-126,0x1.3064e680f099dp-636,0x1.f6138bc2fb32dp-126,2.30542154174106267e-38
7,88,0x1.16b09105bcdd4p-127,0x1.3064e680f099dp-636,0x1.16b09105bcdd5p-127,6.39840201380373413e-39
7,89,0x1.345bfd9932d19p-129,0x1.3064e680f099dp-636,0x1.345bfd9932d1ap-129,1.76989580204869239e-39
7,90,0x1.541127e7fd714p-131,0x1.3064e680f099dp-636,0x1.541127e7fd715p-131,4.87972235392904898e-40
7,91,0x1.75d124fce51e6p-133,0x1.3064e680f099dp-636,0x1.75d124fce51e7p-133,1.34100261605519124e-40
7,92,0x1.9998accf1c263p-135,0x1.3064e680f099dp-636,0x1.9998accf1c264p-135,3.67338744252745614e-41
7,93,0x1.bf5fcdd174bbep-137,0x1.3064e680f099dp-636,0x1.bf5fcdd174bbfp-137,1.00304772397423059e-41
7,94,0x1.e719abc7f224bp-139,0x1.3064e680f099dp-636,0x1.e719abc7f224cp-139,2.73029148288689841e-42
7,95,0x1.085a25d6f0dc9p-140,0x1.3064e680f099dp-636,0x1.085a25d6f0dcap-140,7.40872495328337841e-43
7,96,0x1.1e0c372845ae3p-142,0x1.3064e680f099dp-636,0x1.1e0c372845ae4p-142,2.00419113021287807e-43
7,97,0x1.3494bd88b6369p-144,0x1.3064e680f099dp-636,0x1.3494bd88b636ap-144,5.40517631657091261e-44
7,98,0x1.4be2be03c4c34p-146,0x1.3064e680f099dp-636,0x1.4be2be03c4c35p-146,1.45334668252868481e-44
7,99,0x1.63e2963959f27p-148,0x1.3064e680f099dp-636,0x1.63e2963959f28p-148,3.89610352143521662e-45
7,100,0x1.7c7e0d1378135p-150,0x1.3064e680f099dp-636,0x1.7c7e0d1378136p-150,1.04137382348632964e-45
7,101,0x1.959c6d2183b93p-152,0x1.3064e680f099dp-636,0x1.959c6d2183b94p-152,2.77530335817061278e-46
7,102,0x1.af22a896b8d3ap-154,0x1.3064e680f099dp-636,0x1.af22a896b8d3bp-154,7.37487003004085487e-47
7,103,0x1.c8f386bc1142p-156,0x1.3064e680f099dp-636,0x1.c8f386bc11421p-156,1.95411718573209381e-47
7,104,0x1.e2efda782f27cp-158,0x1.3064e680f099dp-636,0x1.e2efda782f27dp-158,5.16310710626714588e-48
7,105,0x1.fcf6c162d6b69p-160,0x1.3064e680f099dp-636,0x1.fcf6c162d6b6ap-160,1.36034071945987132e-48
7,106,0x1.0b72f5571b4ddp-161,0x1.3064e680f099dp-636,0x1.0b72f5571b4dep-161,3.57414199439468431e-49
7,107,0x1.184cf283d8439p-163,0x1.3064e680f099dp-636,0x1.184cf283d843ap-163,9.36471857970271003e-50
7,108,0x1.24f739367f8c2p-165,0x1.3064e680f099dp-636,0x1.24f739367f8c3p-165,2.44696384060768832e-50
7,109,0x1.315f70692e153p-167,0x1.3064e680f099dp-636,0x1.315f70692e154p-167,6.37648177598848156e-51
7,110,0x1.3d73332db97fdp-169,0x1.3064e680f099dp-636,0x1.3d73332db97fep-169,1.65716632098923272e-51
7,111,0x1.49203fea0d739p-171,0x1.3064e680f099dp-636,0x1.49203fea0d73ap-171,4.29529439372289978e-52
7,112,0x1.5454a803c8f28p-173,0x1.3064e680f099dp-636,0x1.5454a803c8f29p-173,1.11038068179262016e-52
7,113,0x1.5efeff46c56a4p-175,0x1.3064e680f099dp-636,0x1.5efeff46c56a5p-175,2.86294538344285327e-53
7,114,0x1.690e8a5206564p-177,0x1.3064e680f099dp-636,0x1.690e8a5206565p-177,7.36251730579961196e-54
7,115,0x1.72736b59ecb4bp-179,0x1.3064e680f099dp-636,0x1.72736b59ecb4cp-179,1.88851924301034477e-54
7,116,0x1.7b1ecc955792ep-181,0x1.3064e680f099dp-636,0x1.7b1ecc955792fp-181,4.83178798338970981e-55
7,117,0x1.830307b5705e3p-183,0x1.3064e680f099dp-636,0x1.830307b5705e4p-183,1.23309085208664781e-55
7,118,0x1.8a13c9d4ffb65p-185,0x1.3064e680f099dp-636,0x1.8a13c9d4ffb66p-185,3.13900678270628720e-56
7,119,0x1.9046335bfea82p-187,0x1.3064e680f099dp-636,0x1.9046335bfea83p-187,7.97092029998975313e-57
7,120,0x1.9590f366490a1p-189,0x1.3064e680f099dp-636,0x1.9590f366490a2p-189,2.01907579663752948e-57
7,121,0x1.99ec5e507464bp-191,0x1.3064e680f099dp-636,0x1.99ec5e507464cp-191,5.10191809306091809e-58
7,122,0x1.9d527f2365fb7p-193,0x1.3064e680f099dp-636,0x1.9d527f2365fb8p-193,1.28605534591943164e-58
7,123,0x1.9fbf23add6dd2p-195,0x1.3064e680f099dp-636,0x1.9fbf23add6dd3p-195,3.23399710130829534e-59
7,124,0x1.a12fe33207ac3p-197,0x1.3064e680f099dp-636,0x1.a12fe33207ac4p-197,8.11300453460999000e-60
7,125,0x1.a1a41fa4f8dd8p-199,0x1.3064e680f099dp-636,0x1.a1a41fa4f8dd9p-199,2.03045858972503226e-60
7,126,0x1.a11d019315357p-201,0x1.3064e680f099dp-636,0x1.a11d019315358p-201,5.06973138931499815e-61
7,127,0x1.9f9d6ed3e6c4fp-203,0x1.3064e680f099dp-636,0x1.9f9d6ed3e6c5p-203,1.26288004034369320e-61
7,128,0x1.9d29fc4ac0097p-205,0x1.3064e680f099dp-636,0x1.9d29fc4ac0098p-205,3.13858144666056584e-62
7,129,0x1.99c8db04db6d9p-207,0x1.3064e680f099dp-636,0x1.99c8db04db6dap-207,7.78227470833133881e-63
7,130,0x1.9581c116013d1p-209,0x1.3064e680f099dp-636,0x1.9581c116013d2p-209,1.92525889467919908e-63
7,131,0x1.905dcea3043c5p-211,0x1.3064e680f099dp-636,0x1.905dcea3043c6p-211,4.75213324975799759e-64
7,132,0x1.8a676f95240c4p-213,0x1.3064e680f099dp-636,0x1.8a676f95240c5p-213,1.17034073170666295e-64
7,133,0x1.83aa3a7a7f981p-215,0x1.3064e680f099dp-636,0x1.83aa3a7a7f982p-215,2.87585846958362637e-65
7,134,0x1.7c32cd1e26eeap-217,0x1.3064e680f099dp-636,0x1.7c32cd1e26eebp-217,7.05117200421273057e-66
7,135,0x1.740ea76608a57p-219,0x1.3064e680f099dp-636,0x1.740ea76608a58p-219,1.72504626211294447e-66
7,136,0x1.6b4c0505f8e35p-221,0x1.3064e680f099dp-636,0x1.6b4c0505f8e36p-221,4.21107277370582534e-67
7,137,0x1.61f9b69582942p-223,0x1.3064e680f099dp-636,0x1.61f9b69582943p-223,1.02575616220874056e-67
7,138,0x1.5826fa923efe5p-225,0x1.3064e680f099dp-636,0x1.5826fa923efe6p-225,2.49322594327338332e-68
7,139,0x1.4de356d247beap-227,0x1.3064e680f099dp-636,0x1.4de356d247bebp-227,6.04716594110277484e-69
7,140,0x1.433e72e238a19p-229,0x1.3064e680f099dp-636,0x1.433e72e238a1ap-229,1.46359669460733027e-69
7,141,0x1.3847f3c06574dp-231,0x1.3064e680f099dp-636,0x1.3847f3c06574ep-231,3.53489636232466558e-70
7,142,0x1.2d0f595bad46bp-233,0x1.3064e680f099dp-636,0x1.2d0f595bad46cp-233,8.51969486347012278e-71
7,143,0x1.21a3de2ffd1edp-235,0x1.3064e680f099dp-636,0x1.21a3de2ffd1eep-235,2.04913115313869836e-71
7,144,0x1.1614594d6d9ap-237,0x1.3064e680f099dp-636,0x1.1614594d6d9a1p-237,4.91835663777056990e-72
7,145,0x1.0a6f23093e621p-239,0x1.3064e680f099dp-636,0x1.0a6f23093e622p-239,1.17809666116321172e-72
7,146,0x1.fd83f914246cbp-242,0x1.3064e680f099dp-636,0x1.fd83f914246ccp-242,2.81616762040341104e-73
7,147,0x1.e633f4a5fb246p-244,0x1.3064e680f099dp-636,0x1.e633f4a5fb247p-244,6.71828902979784084e-74
7,148,0x1.cf06e3c6f3405p-246,0x1.3064e680f099dp-636,0x1.cf06e3c6f3406p-246,1.59951138684266541e-74
7,149,0x1.b813d4eab143bp-248,0x1.3064e680f099dp-636,0x1.b813d4eab143cp-248,3.80058318751033870e-75
7,150,0x1.a17021ab473bbp-250,0x1.3064e680f099dp-636,0x1.a17021ab473bcp-250,9.01266262010089298e-76
7,151,0x1.8b2f5c93fe375p-252,0x1.3064e680f099dp-636,0x1.8b2f5c93fe376p-252,2.13305270346304247e-76
7,152,0x1.756344d3f4506p-254,0x1.3064e680f099dp-636,0x1.756344d3f4507p-254,5.03849954583065397e-77
7,153,0x1.601bbf9533cccp-256,0x1.3064e680f099dp-636,0x1.601bbf9533ccdp-256,1.18783883734214644e-77
7,154,0x1.4b66d6a542159p-258,0x1.3064e680f099dp-636,0x1.4b66d6a54215ap-258,2.79496196346876006e-78
7,155,0x1.3750bc0f10874p-260,0x1.3064e680f099dp-636,0x1.3750bc0f10875p-260,6.56389649713763995e-79
7,156,0x1.23e3d23bbc831p-262,0x1.3064e680f099dp-636,0x1.23e3d23bbc832p-262,1.53858069222271148e-79
7,157,0x1.1128b827a124cp-264,0x1.3064e680f099dp-636,0x1.1128b827a124dp-264,3.59962110036053952e-80
7,158,0x1.fe4cb267a0633p-267,0x1.3064e680f099dp-636,0x1.fe4cb267a0634p-267,8.40574900697847213e-81
7,159,0x1.dbc40031f5a6bp-269,0x1.3064e680f099dp-636,0x1.dbc40031f5a6cp-269,1.95922477528421147e-81
7,160,0x1.babed8fffb8dp-271,0x1.3064e680f099dp-636,0x1.babed8fffb8d1p-271,4.55811590362096292e-82
7,161,0x1.9b41d58af1468p-273,0x1.3064e680f099dp-636,0x1.9b41d58af1469p-273,1.05848496956809634e-82
7,162,0x1.7d4edae1bf62p-275,0x1.3064e680f099dp-636,0x1.7d4edae1bf621p-275,2.45350628777733527e-83
7,163,0x1.60e54fd833d51p-277,0x1.3064e680f099dp-636,0x1.60e54fd833d52p-277,5.67672248139601146e-84
7,164,0x1.4602541d7e0cap-279,0x1.3064e680f099dp-636,0x1.4602541d7e0cbp-279,1.31105515338333278e-84
7,165,0x1.2ca0f82e5762bp-281,0x1.3064e680f099dp-636,0x1.2ca0f82e5762cp-281,3.02246873795912660e-85
7,166,0x1.14ba756759842p-283,0x1.3064e680f099dp-636,0x1.14ba756759843p-283,6.95544501238679804e-86
7,167,0x1.fc8ccb1adb78p-286,0x1.3064e680f099dp-636,0x1.fc8ccb1adb781p-286,1.59777238707421068e-86
7,168,0x1.d275f269231c7p-288,0x1.3064e680f099dp-636,0x1.d275f269231c8p-288,3.66383891546564908e-87
7,169,0x1.ab1a58fff9c11p-290,0x1.3064e680f099dp-636,0x1.ab1a58fff9c12p-290,8.38675262474875589e-88
7,170,0x1.8661f393499ebp-292,0x1.3064e680f099dp-636,0x1.8661f393499ecp-292,1.91642478311666424e-88
7,171,0x1.643313a39956dp-294,0x1.3064e680f099dp-636,0x1.643313a39956ep-294,4.37154182052308769e-89
7,172,0x1.4472c25318a5p-296,0x1.3064e680f099dp-636,0x1.4472c25318a51p-296,9.95466824798749074e-90
7,173,0x1.2705153940b29p-298,0x1.3064e680f099dp-636,0x1.2705153940b2ap-298,2.26293756685976459e-90
7,174,0x1.0bcd7cde9eaf6p-300,0x1.3064e680f099dp-636,0x1.0bcd7cde9eaf7p-300,5.13542351102157565e-91
7,175,0x1.e55e1951faddbp-303,0x1.3064e680f099dp-636,0x1.e55e1951faddcp-303,1.16343495365451744e-91
7,176,0x1.b71978386a2f2p-305,0x1.3064e680f099dp-636,0x1.b71978386a2f3p-305,2.63132377960236576e-92
7,177,0x1.8c9342da7ea61p-307,0x1.3064e680f099dp-636,0x1.8c9342da7ea62p-307,5.94123813950807238e-93
7,178,0x1.65924af75e71bp-309,0x1.3064e680f099dp-636,0x1.65924af75e71cp-309,1.33922706601283825e-93
7,179,0x1.41de62b295c12p-311,0x1.3064e680f099dp-636,0x1.41de62b295c13p-311,3.01377010340375779e-94
7,180,0x1.2140ab308e9fcp-313,0x1.3064e680f099dp-636,0x1.2140ab308e9fdp-313,6.77093557411156009e-95
7,181,0x1.0383d74d34981p-315,0x1.3064e680f099dp-636,0x1.0383d74d34982p-315,1.51870657234328824e-95
7,182,0x1.d0e8c6206ad33p-318,0x1.3064e680f099dp-636,0x1.d0e8c6206ad34p-318,3.40086679888846786e-96
7,183,0x1.9fc181277c91bp-320,0x1.3064e680f099dp-636,0x1.9fc181277c91cp-320,7.60325960396916424e-97
7,184,0x1.7332f63e89d82p-322,0x1.3064e680f099dp-636,0x1.7332f63e89d83p-322,1.69710342615850266e-97
7,185,0x1.4ae2a2807b141p-324,0x1.3064e680f099dp-636,0x1.4ae2a2807b142p-324,3.78197716810340624e-98
7,186,0x1.267a8d5e027bbp-326,0x1.3064e680f099dp-636,0x1.267a8d5e027bcp-326,8.41463658738433626e-99
7,187,0x1.05a95d9e044e2p-328,0x1.3064e680f099dp-636,0x1.05a95d9e044e3p-328,1.86922432585058837e-99
7,188,0x1.d044c25cd7745p-331,0x1.3064e680f099dp-636,0x1.d044c25cd7746p-331,4.14572769830405507e-100
7,189,0x1.9b3b12ab0eaadp-333,0x1.3064e680f099dp-636,0x1.9b3b12ab0eaaep-333,9.18030402884558901e-101
7,190,0x1.6baeb98bca8a7p-335,0x1.3064e680f099dp-636,0x1.6baeb98bca8a8p-335,2.02970963531850468e-101
7,191,0x1.4121c209cb297p-337,0x1.3064e680f099dp-636,0x1.4121c209cb298p-337,4.48058685259167334e-102
7,192,0x1.1b1ef8ff416a4p-339,0x1.3064e680f099dp-636,0x1.1b1ef8ff416a5p-339,9.87560175254374682e-103
7,193,0x1.f2734a4bfc2e5p-342,0x1.3064e680f099dp-636,0x1.f2734a4bfc2e6p-342,2.17331874087170698e-103
7,194,0x1.b61a6ace94f7ap-344,0x1.3064e680f099dp-636,0x1.b61a6ace94f7bp-344,4.77549004379667555e-104
7,195,0x1.8079cf24d7125p-346,0x1.3064e680f099dp-636,0x1.8079cf24d7126p-346,1.04773285651516945e-104
7,196,0x1.50e6d2db8f0ap-348,0x1.3064e680f099dp-636,0x1.50e6d2db8f0a1p-348,2.29522194677527428e-105
7,197,0x1.26c4ebc77e771p-350,0x1.3064e680f099dp-636,0x1.26c4ebc77e772p-350,5.02046204941365621e-106
7,198,0x1.0184dfb49ef2cp-352,0x1.3064e680f099dp-636,0x1.0184dfb49ef2dp-352,1.09650572386749179e-106
7,199,0x1.c147f05072b45p-355,0x1.3064e680f099dp-636,0x1.c147f05072b46p-355,2.39127562530617043e-107
7,200,0x1.87566d2cbf586p-357,0x1.3064e680f099dp-636,0x1.87566d2cbf587p-357,5.20718687205151043e-108
7,201,0x1.545d16272ecc8p-359,0x1.3064e680f099dp-636,0x1.545d16272ecc9p-359,1.13223017335086795e-108
7,202,0x1.27981e72b6ebcp-361,0x1.3064e680f099dp-636,0x1.27981e72b6ebdp-361,2.45825838810668421e-109
7,203,0x1.00568d4ffdd95p-363,0x1.3064e680f099dp-636,0x1.00568d4ffdd96p-363,5.32947904629930493e-110
7,204,0x1.bbf1992a82891p-366,0x1.3064e680f099dp-636,0x1.bbf1992a82892p-366,1.15374428132849026e-110
7,205,0x1.7fde8d09cf299p-368,0x1.3064e680f099dp-636,0x1.7fde8d09cf29ap-368,2.49404942583657838e-111
7,206,0x1.4b72289662236p-370,0x1.3064e680f099dp-636,0x1.4b72289662237p-370,5.38361918183446239e-112
7,207,0x1.1dc57c2bfdb78p-372,0x1.3064e680f099dp-636,0x1.1dc57c2bfdb79p-372,1.16043401257295933e-112
7,208,0x1.ec1435814bfd7p-375,0x1.3064e680f099dp-636,0x1.ec1435814bfd8p-375,2.49773546539638141e-113
7,209,0x1.a70fc6f5d03b5p-377,0x1.3064e680f099dp-636,0x1.a70fc6f5d03b6p-377,5.36852904815501255e-114
7,210,0x1.6b35e0b392b16p-379,0x1.3064e680f099dp-636,0x1.6b35e0b392b17p-379,1.15225877748380998e-114
7,211,0x1.3763531f84611p-381,0x1.3064e680f099dp-636,0x1.3763531f84612p-381,2.46963937537202128e-115
7,212,0x1.0a95f9a838d7dp-383,0x1.3064e680f099dp-636,0x1.0a95f9a838d7ep-383,5.28577623740081657e-116
7,213,0x1.c7d2de853af4bp-386,0x1.3064e680f099dp-636,0x1.c7d2de853af4cp-386,1.12974029169947002e-116
7,214,0x1.85280c676b643p-388,0x1.3064e680f099dp-636,0x1.85280c676b644p-388,2.41127052852414129e-117
7,215,0x1.4bc80078a9f2ap-390,0x1.3064e680f099dp-636,0x1.4bc80078a9f2bp-390,5.13941365640308486e-118
7,216,0x1.1a7a07ed38509p-392,0x1.3064e680f099dp-636,0x1.1a7a07ed3850ap-392,1.09391692046554534e-118
7,217,0x1.e05730169528ap-395,0x1.3064e680f099dp-636,0x1.e05730169528bp-395,2.32520379608736853e-119
7,218,0x1.97d8326d5269p-397,0x1.3064e680f099dp-636,0x1.97d8326d52691p-397,4.93567308924736586e-120
7,219,0x1.59d22f3027a85p-399,0x1.3064e680f099dp-636,0x1.59d22f3027a86p-399,1.04626854263551946e-120
7,220,0x1.24d5a4a567e0fp-401,0x1.3064e680f099dp-636,0x1.24d5a4a567e1p-401,2.21489977683927771e-121
7,221,0x1.ef44894e12e4cp-404,0x1.3064e680f099dp-636,0x1.ef44894e12e4dp-404,4.68254338030954717e-122
7,222,0x1.a242c7ca9227fp-406,0x1.3064e680f099dp-636,0x1.a242c7ca9228p-406,9.88619158258029005e-123
7,223,0x1.60c1fb6554a95p-408,0x1.3064e680f099dp-636,0x1.60c1fb6554a96p-408,2.08448300250507028e-123
7,224,0x1.291e7f966670cp-410,0x1.3064e680f099dp-636,0x1.291e7f966670dp-410,4.38927138273744867e-124
7,225,0x1.f3da48979de7ep-413,0x1.3064e680f099dp-636,0x1.f3da48979de7fp-413,9.23025803144320141e-125
7,226,0x1.a3e83e216da84p-415,0x1.3064e680f099dp-636,0x1.a3e83e216da85p-415,1.93849709046684860e-125
7,227,0x1.6049911111f3bp-417,0x1.3064e680f099dp-636,0x1.6049911111f3cp-417,4.06582719075542301e-126
7,228,0x1.272c24e9f1926p-419,0x1.3064e680f099dp-636,0x1.272c24e9f1927p-419,8.51662753443496649e-127
7,229,0x1.edfe8f967a199p-422,0x1.3064e680f099dp-636,0x1.edfe8f967a19ap-422,1.78165606788082218e-127
7,230,0x1.9cd62a4ca5be8p-424,0x1.3064e680f099dp-636,0x1.9cd62a4ca5be9p-424,3.72237435830406630e-128
7,231,0x1.5891c70b19b3cp-426,0x1.3064e680f099dp-636,0x1.5891c70b19b3dp-426,7.76709546717027615e-129
7,232,0x1.1f3941743044bp-428,0x1.3064e680f099dp-636,0x1.1f3941743044cp-428,1.61860953680815835e-129
7,233,0x1.de3c091fbb5dep-431,0x1.3064e680f099dp-636,0x1.de3c091fbb5dfp-431,3.36878131415157381e-130
7,234,0x1.8da1c91bd994dp-433,0x1.3064e680f099dp-636,0x1.8da1c91bd994ep-433,7.00250153016107196e-131
7,235,0x1.4a328cb49bcd6p-435,0x1.3064e680f099dp-636,0x1.4a328cb49bcd7p-435,1.45373634489529869e-131
7,236,0x1.11dadc3808655p-437,0x1.3064e680f099dp-636,0x1.11dadc3808656p-437,3.01420288841992199e-132
7,237,0x1.c5af4676c1dddp-440,0x1.3064e680f099dp-636,0x1.c5af4676c1ddep-440,6.24188907083060182e-133
7,238,0x1.77553ceb8f9c4p-442,0x1.3064e680f099dp-636,0x1.77553ceb8f9c5p-442,1.29097744888872861e-133
7,239,0x1.3620b5022fe17p-444,0x1.3064e680f099dp-636,0x1.3620b5022fe18p-444,2.66675184952246795e-134
7,240,0x1.ffde45d760e42p-447,0x1.3064e680f099dp-636,0x1.ffde45d760e43p-447,5.50186801336655259e-135
7,241,0x1.a5e6eb9c29d78p-449,0x1.3064e680f099dp-636,0x1.a5e6eb9c29d79p-449,1.13371423387815071e-135
7,242,0x1.5b529b41abb3dp-451,0x1.3064e680f099dp-636,0x1.5b529b41abb3ep-451,2.33327074384357329e-136
7,243,0x1.1d94027343754p-453,0x1.3064e680f099dp-636,0x1.1d94027343755p-453,4.79619678487010239e-137
7,244,0x1.d50cdc52ed38fp-456,0x1.3064e680f099dp-636,0x1.d50cdc52ed39p-456,9.84694181112718811e-138
7,245,0x1.80bb6b37ad4ddp-458,0x1.3064e680f099dp-636,0x1.80bb6b37ad4dep-458,2.01920516748025314e-138
7,246,0x1.3b30ff88534b4p-460,0x1.3064e680f099dp-636,0x1.3b30ff88534b5p-460,4.13557962780788166e-139
7,247,0x1.01e920f782b1cp-462,0x1.3064e680f099dp-636,0x1.01e920f782b1dp-462,8.46001882759297214e-140
7,248,0x1.a5935317fc3b7p-465,0x1.3064e680f099dp-636,0x1.a5935317fc3b8p-465,1.72857170981647557e-140
7,249,0x1.5823bccff052p-467,0x1.3064e680f099dp-636,0x1.5823bccff0521p-467,3.52765990469411175e-141
7,250,0x1.18983645f8b2cp-469,0x1.3064e680f099dp-636,0x1.18983645f8b2dp-469,7.19070286725897677e-142
7,251,0x1.c906c2ab441afp-472,0x1.3064e680f099dp-636,0x1.c906c2ab441bp-472,1.46400775253685283e-142
7,252,0x1.73c295c6661a4p-474,0x1.3064e680f099dp-636,0x1.73c295c6661a5p-474,2.97717842975719509e-143
7,253,0x1.2e0c3fb6ff945p-476,0x1.3064e680f099dp-636,0x1.2e0c3fb6ff946p-476,6.04724888838117880e-144
7,254,0x1.ea3e722f43a42p-479,0x1.3064e680f099dp-636,0x1.ea3e722f43a43p-479,1.22688635550873937e-144
7,255,0x1.8d6334bfa4f4dp-481,0x1.3064e680f099dp-636,0x1.8d6334bfa4f4ep-481,2.48625888530046432e-145
7,256,0x1.41bf16109f854p-483,0x1.3064e680f099dp-636,0x1.41bf16109f855p-483,5.03252413521693256e-146
7,257,0x1.0434088813887p-485,0x1.3064e680f099dp-636,0x1.0434088813888p-485,1.01747761427671709e-146
7,258,0x1.a4618d49ea6dap-488,0x1.3064e680f099dp-636,0x1.a4618d49ea6dbp-488,2.05477982923725361e-147
7,259,0x1.53316b6cf405bp-490,0x1.3064e680f099dp-636,0x1.53316b6cf405cp-490,4.14485267497668761e-148
7,260,0x1.115f8e05b7352p-492,0x1.3064e680f099dp-636,0x1.115f8e05b7353p-492,8.35137915344687965e-149
7,261,0x1.b826d22cb8a83p-495,0x1.3064e680f099dp-636,0x1.b826d22cb8a84p-495,1.68079408033965712e-149
7,262,0x1.61f03d5ac00cp-497,0x1.3064e680f099dp-636,0x1.61f03d5ac00c1p-497,3.37893562241593945e-150
7,263,0x1.1c4aa985c15f7p-499,0x1.3064e680f099dp-636,0x1.1c4aa985c15f8p-499,6.78510075784499106e-151
7,264,0x1.c82ffb44d0c47p-502,0x1.3064e680f099dp-636,0x1.c82ffb44d0c48p-502,1.36096050955208186e-151
7,265,0x1.6d99d2210e4f3p-504,0x1.3064e680f099dp-636,0x1.6d99d2210e4f4p-504,2.72677580463783805e-152
7,266,0x1.24ad2539d552ep-506,0x1.3064e680f099dp-636,0x1.24ad2539d552fp-506,5.45719984209196267e-153
7,267,0x1.d4137507b69aep-509,0x1.3064e680f099dp-636,0x1.d4137507b69afp-509,1.09095947799087975e-153
7,268,0x1.75e1f2f444363p-511,0x1.3064e680f099dp-636,0x1.75e1f2f444364p-511,2.17854994100003687e-154
7,269,0x1.2a50d0bdf8dbap-513,0x1.3064e680f099dp-636,0x1.2a50d0bdf8dbbp-513,4.34558598695345828e-155
7,270,0x1.db85a11dae099p-516,0x1.3064e680f099dp-636,0x1.db85a11dae09ap-516,8.65870367246643218e-156
7,271,0x1.7a9521b5012cep-518,0x1.3064e680f099dp-636,0x1.7a9521b5012cfp-518,1.72338721912321517e-156
7,272,0x1.2d13bf39680c1p-520,0x1.3064e680f099dp-636,0x1.2d13bf39680c2p-520,3.42641581900009171e-157
7,273,0x1.de5be40d838d4p-523,0x1.3064e680f099dp-636,0x1.de5be40d838d5p-523,6.80496984515122875e-158
7,274,0x1.7b9a9aa60ac99p-525,0x1.3064e680f099dp-636,0x1.7b9a9aa60ac9ap-525,1.35002870323348159e-158
7,275,0x1.2ce988151b522p-527,0x1.3064e680f099dp-636,0x1.2ce988151b523p-527,2.67542119227403217e-159
7,276,0x1.dc8e159083175p-530,0x1.3064e680f099dp-636,0x1.dc8e159083176p-530,5.29633416321715635e-160
7,277,0x1.78f507cb438d5p-532,0x1.3064e680f099dp-636,0x1.78f507cb438d6p-532,1.04735600467109373e-160
7,278,0x1.29db7b613d027p-534,0x1.3064e680f099dp-636,0x1.29db7b613d028p-534,2.06895323084836931e-161
7,279,0x1.d63645836af5dp-537,0x1.3064e680f099dp-636,0x1.d63645836af5ep-537,4.08268684800273528e-162
7,280,0x1.72c1e2730c32dp-539,0x1.3064e680f099dp-636,0x1.72c1e2730c32ep-539,8.04789227947661026e-163
7,281,0x1.2407cd2c2bbcdp-541,0x1.3064e680f099dp-636,0x1.2407cd2c2bbcep-541,1.58474924845132971e-163
7,282,0x1.cb8ee40e0b168p-544,0x1.3064e680f099dp-636,0x1.cb8ee40e0b169p-544,3.11733074143808142e-164
7,283,0x1.693795cacbeb1p-546,0x1.3064e680f099dp-636,0x1.693795cacbeb2p-546,6.12562969079193761e-165
7,284,0x1.1b9fcc5b9a95fp-548,0x1.3064e680f099dp-636,0x1.1b9fcc5b9a96p-548,1.20244636305893460e-165
7,285,0x1.bcef761b67411p-551,0x1.3064e680f099dp-636,0x1.bcef761b67412p-551,2.35792170581303627e-166
7,286,0x1.5ca289733d99bp-553,0x1.3064e680f099dp-636,0x1.5ca289733d99cp-553,4.61895046344379076e-167
7,287,0x1.10e548a2621ddp-555,0x1.3064e680f099dp-636,0x1.10e548a2621dep-555,9.03876379924854089e-168
7,288,0x1.aac8157c34f6p-558,0x1.3064e680f099dp-636,0x1.aac8157c34f61p-558,1.76696569893171693e-168
7,289,0x1.4d614b43e901fp-560,0x1.3064e680f099dp-636,0x1.4d614b43e902p-560,3.45065925970519738e-169
7,290,0x1.042756d367791p-562,0x1.3064e680f099dp-636,0x1.042756d367792p-562,6.73181893194336933e-170
7,291,0x1.959c0c73962adp-565,0x1.3064e680f099dp-636,0x1.959c0c73962aep-565,1.31196023644209777e-170
7,292,0x1.3be01ab2592bep-567,0x1.3064e680f099dp-636,0x1.3be01ab2592bfp-567,2.55427885514715863e-171
7,293,0x1.eb7d54a7fa2a2p-570,0x1.3064e680f099dp-636,0x1.eb7d54a7fa2a3p-570,4.96794540898714629e-172
7,294,0x1.7dfbe602339a5p-572,0x1.3064e680f099dp-636,0x1.7dfbe602339a6p-572,9.65267452281453912e-173
7,295,0x1.28941e0a63e5ep-574,0x1.3064e680f099dp-636,0x1.28941e0a63e5fp-574,1.87362343559812887e-173
7,296,0x1.cc137af6e3ad1p-577,0x1.3064e680f099dp-636,0x1.cc137af6e3ad2p-577,3.63314059965589959e-174
7,297,0x1.647f4ebd38a0bp-579,0x1.3064e680f099dp-636,0x1.647f4ebd38a0cp-579,7.03799225214311400e-175
7,298,0x1.13f689c4d9825p-581,0x1.3064e680f099dp-636,0x1.13f689c4d9826p-581,1.36201996569905327e-175
7,299,0x1.aad202b762d83p-584,0x1.3064e680f099dp-636,0x1.aad202b762d85p-584,2.63322329551388988e-176
7,300,0x1.49bf1dbba4db5p-586,0x1.3064e680f099dp-636,0x1.49bf1dbba4dbbp-586,5.08584163278812789e-177
7,301,0x1.fcfffa89df25ep-589,0x1.3064e680f099dp-636,0x1.fcfffa89df285p-589,9.81319208405472246e-178
7,302,0x1.88769073fefdp-591,0x1.3064e680f099dp-636,0x1.88769073ff069p-591,1.89160944290840748e-178
7,303,0x1.2e4fd313289e3p-593,0x1.3064e680f099dp-636,0x1.2e4fd31328c45p-593,3.64273623605173217e-179
7,304,0x1.d1489def003b5p-596,0x1.3064e680f099dp-636,0x1.d1489def016bcp-596,7.00810209276425236e-180
7,305,0x1.65b52b595d1d8p-598,0x1.3064e680f099dp-636,0x1.65b52b5961df2p-598,1.34694824148621277e-180
7,306,0x1.12bccad6f3539p-600,0x1.3064e680f099dp-636,0x1.12bccad70659fp-600,2.58630971430664949e-181
7,307,0x1.a59deac054567p-603,0x1.3064e680f099dp-636,0x1.a59deac0ec88fp-603,4.96124440597181012e-182
7,308,0x1.4332e9b437bd9p-605,0x1.3064e680f099dp-636,0x1.4332e9b698877p-605,9.50785398087533982e-183
7,309,0x1.ef08a44cf3b3dp-608,0x1.3064e680f099dp-636,0x1.ef08a45ffa025p-608,1.82036085157971010e-183
7,310,0x1.7ac058b761518p-610,0x1.3064e680f099dp-636,0x1.7ac059037a8b3p-610,3.48190468657014663e-184
7,311,0x1.2181d383010dcp-612,0x1.3064e680f099dp-636,0x1.2181d4b365f45p-612,6.65368114688148525e-185
7,312,0x1.ba2972825d0a7p-615,0x1.3064e680f099dp-636,0x1.ba297c05843e8p-615,1.27026451192043528e-185
7,313,0x1.5155ce25e3902p-617,0x1.3064e680f099dp-636,0x1.5155f43280605p-617,2.42278618508279795e-186
7,314,0x1.011e0d96c47b9p-619,0x1.3064e680f099dp-636,0x1.011ea5c937bc2p-619,4.61666222046872188e-187
7,315,0x1.8794d6ae718b7p-622,0x1.3064e680f099dp-636,0x1.879998420b8f4p-622,8.78911996097528264e-188
7,316,0x1.29e721ef8271cp-624,0x1.3064e680f099dp-636,0x1.29fa283dea80ep-624,1.67195945302011531e-188
7,317,0x1.c4d8940ec324dp-627,0x1.3064e680f099dp-636,0x1.c570c682039d3p-627,3.18033661010846611e-189
7,318,0x1.57de088999417p-629,0x1.3064e680f099dp-636,0x1.5a3ed2569b22bp-629,6.07123118570297851e-190
7,319,0x1.04df275111da6p-631,0x1.3064e680f099dp-636,0x1.0e624e85195f4p-631,1.18526040459366206e-190
7,320,0x1.8b72d024f3613p-634,0x1.3064e680f099dp-636,0x1.d78c09c52f87bp-634,2.58385293970159630e-191
7,321,0x1.2b729d24482f1p-636,0x1.3064e680f099dp-636,0x1.2debc1d29c648p-635,8.27191386019149496e-192
7,322,0x1.c51635dc80b74p-639,0x1.3064e680f099dp-636,0x1.6907ad3c80b0dp-636,4.94568063160495775e-192
7,323,0x1.56763da8cfaa8p-641,0x1.3064e680f099dp-636,0x1.3b18986e37173p-636,4.31644078128152241e-192
7,324,0x1.029c1337768a1p-643,0x1.3064e680f099dp-636,0x1.326a1ea75f86fp-636,4.19751395032379469e-192
7,325,0x1.863873d5e75d8p-646,0x1.3064e680f099dp-636,0x1.30c6749de613bp-636,4.17505731134684024e-192
7,326,0x1.26230850a5d14p-648,0x1.3064e680f099dp-636,0x1.307748b175a44p-636,4.17082076345608904e-192
7,327,0x1.bb0543d1d20c1p-651,0x1.3064e680f099dp-636,0x1.30685c8b783d8p-636,4.17002224842494178e-192
7,328,0x1.4d5485e007375p-653,0x1.3064e680f099dp-636,0x1.30658d2b3389ep-636,4.16987187924348753e-192
7,329,0x1.f524edbb7367cp-656,0x1.3064e680f099dp-636,0x1.306505d33f759p-636,4.16984358875258356e-192
7,330,0x1.7861eb585d3ebp-658,0x1.3064e680f099dp-636,0x1.3064ec6278474p-636,4.16983827098717669e-192
7,331,0x1.1a6d3b43f30b4p-660,0x1.3064e680f099dp-636,0x1.3064e79b5dd52p-636,4.16983727230790523e-192
7,332,0x1.a7785ac038953p-663,0x1.3064e680f099dp-636,0x1.3064e6b5dfa54p-636,4.16983708492404368e-192
7,333,0x1.3d310dd531a9dp-665,0x1.3064e680f099dp-636,0x1.3064e68ada225p-636,4.16983704979642257e-192
7,334,0x1.dabf9a6b1256dp-668,0x1.3064e680f099dp-636,0x1.3064e682cb598p-636,4.16983704321716673e-192
7,335,0x1.62f7dba30bc8ap-670,0x1.3064e680f099dp-636,0x1.3064e6814957dp-636,4.16983704198599779e-192
7,336,0x1.092c7707f758bp-672,0x1.3064e680f099dp-636,0x1.3064e681012cap-636,4.16983704175581554e-192
7,337,0x1.8bd68dd38b51bp-675,0x1.3064e680f099dp-636,0x1.3064e680f3b19p-636,4.16983704171281878e-192
7,338,0x1.272ef62b032a7p-677,0x1.3064e680f099dp-636,0x1.3064e680f12d7p-636,4.16983704170479363e-192
7,339,0x1.b7dc36d4651a3p-680,0x1.3064e680f099dp-636,0x1.3064e680f0b56p-636,4.16983704170329777e-192
7,340,0x1.476fab45a31fp-682,0x1.3064e680f099dp-636,0x1.3064e680f09fp-636,4.16983704170301900e-192
7,341,0x1.e711433de98f9p-685,0x1.3064e680f099dp-636,0x1.3064e680f09adp-636,4.16983704170296683e-192
7,342,0x1.69f1fc5db81edp-687,0x1.3064e680f099dp-636,0x1.3064e680f09a1p-636,4.16983704170295748e-192
7,343,0x1.0cbb59788c04fp-689,0x1.3064e680f099dp-636,0x1.3064e680f099fp-636,4.16983704170295592e-192
7,344,0x1.8eb3cc61bdbb3p-692,0x1.3064e680f099dp-636,0x1.3064e680f099ep-636,4.16983704170295515e-192
7,345,0x1.2782af9ba76f8p-694,0x1.3064e680f099dp-636,0x1.3064e680f099ep-636,4.16983704170295515e-192
7,346,0x1.b5acfd9ec1d82p-697,0x1.3064e680f099dp-636,0x1.3064e680f099ep-636,4.16983704170295515e-192
7,347,0x1.43d6a964dcc4fp-699,0x1.3064e680f099dp-636,0x1.3064e680f099ep-636,4.16983704170295515e-192
7,348,0x1.decf029cb1245p-702,0x1.3064e680f099dp-636,0x1.3064e680f099ep-636,4.16983704170295515e-192
7,349,0x1.61aa9c53d7e82p-704,0x1.3064e680f099dp-636,0x1.3064e680f099ep-636,4.16983704170295515e-192
7,350,0x1.050240681a5bcp-706,0x1.3064e680f099dp-636,0x1.3064e680f099ep-636,4.16983704170295515e-192
7,351,0x1.80ecf341a8593p-709,0x1.3064e680f099dp-636,0x1.3064e680f099ep-636,4.16983704170295515e-192
7,352,0x1.1b9884375a4dep-711,0x1.3064e680f099dp-636,0x1.3064e680f099ep-636,4.16983704170295515e-192
7,353,0x1.a18703a47fa59p-714,0x1.3064e680f099dp-636,0x1.3064e680f099ep-636,4.16983704170295515e-192
7,354,0x1.3318723abf2aap-716,0x1.3064e680f099dp-636,0x1.3064e680f099ep-636,4.16983704170295515e-192
7,355,0x1.c35cf4f052d7cp-719,0x1.3064e680f099dp-636,0x1.3064e680f099ep-636,4.16983704170295515e-192
7,356,0x1.4b6c82d057c84p-721,0x1.3064e680f099dp-636,0x1.3064e680f099ep-636,4.16983704170295515e-192
7,357,0x1.e64dbbdf82f12p-724,0x1.3064e680f099dp-636,0x1.3064e680f099ep-636,4.16983704170295515e-192
7,358,0x1.647b85510f543p-726,0x1.3064e680f099dp-636,0x1.3064e680f099ep-636,4.16983704170295515e-192
7,359,0x1.0519958cf94acp-728,0x1.3064e680f099dp-636,0x1.3064e680f099ep-636,4.16983704170295515e-192
7,360,0x1.7e28b3b2d0dfbp-731,0x1.3064e680f099dp-636,0x1.3064e680f099ep-636,4.16983704170295515e-192
7,361,0x1.17710d268a8d8p-733,0x1.3064e680f099dp-636,0x1.3064e680f099ep-636,4.16983704170295515e-192
7,362,0x1.9853d64c9b9b6p-736,0x1.3064e680f099dp-636,0x1.3064e680f099ep-636,4.16983704170295515e-192
7,363,0x1.2a15522b473a1p-738,0x1.3064e680f099dp-636,0x1.3064e680f099ep-636,4.16983704170295515e-192
7,364,0x1.b2d97803eddf2p-741,0x1.3064e680f099dp-636,0x1.3064e680f099ep-636,4.16983704170295515e-192
7,365,0x1.3cec3e53c29e5p-743,0x1.3064e680f099dp-636,0x1.3064e680f099ep-636,4.16983704170295515e-192
7,366,0x1.cd932ad0b4384p-746,0x1.3064e680f099dp-636,0x1.3064e680f099ep-636,4.16983704170295515e-192
7,367,0x1.4fd9adc1d2c1dp-748,0x1.3064e680f099dp-636,0x1.3064e680f099ep-636,4.16983704170295515e-192
7,368,0x1.e857dc265078bp-751,0x1.3064e680f099dp-636,0x1.3064e680f099ep-636,4.16983704170295515e-192
7,369,0x1.62bfc01bcddb9p-753,0x1.3064e680f099dp-636,0x1.3064e680f099ep-636,4.16983704170295515e-192
7,370,0x1.017e1c381ef54p-755,0x1.3064e680f099dp-636,0x1.3064e680f099ep-636,4.16983704170295515e-192
7,371,0x1.757f23ed7b9fap-758,0x1.3064e680f099dp-636,0x1.3064e680f099ep-636,4.16983704170295515e-192
7,372,0x1.0ea98e38c7f19p-760,0x1.3064e680f099dp-636,0x1.3064e680f099ep-636,4.16983704170295515e-192
7,373,0x1.87f76b56708d5p-763,0x1.3064e680f099dp-636,0x1.3064e680f099ep-636,4.16983704170295515e-192
7,374,0x1.1b97097d83676p-765,0x1.3064e680f099dp-636,0x1.3064e680f099ep-636,4.16983704170295515e-192
7,375,0x1.9a0768ced80fep-768,0x1.3064e680f099dp-636,0x1.3064e680f099ep-636,4.16983704170295515e-192
7,376,0x1.282eee8b34e6bp-770,0x1.3064e680f099dp-636,0x1.3064e680f099ep-636,4.16983704170295515e-192
7,377,0x1.ab8d92928f5adp-773,0x1.3064e680f099dp-636,0x1.3064e680f099ep-636,4.16983704170295515e-192
7,378,0x1.3459813cda1b3p-775,0x1.3064e680f099dp-636,0x1.3064e680f099ep-636,4.16983704170295515e-192
7,379,0x1.bc686b10679b4p-778,0x1.3064e680f099dp-636,0x1.3064e680f099ep-636,4.16983704170295515e-192
7,380,0x1.3fff33ea0d15bp-780,0x1.3064e680f099dp-636,0x1.3064e680f099ep-636,4.16983704170295515e-192
7,381,0x1.cc76ec9272d1cp-783,0x1.3064e680f099dp-636,0x1.3064e680f099ep-636,4.16983704170295515e-192
7,382,0x1.4b08f429ea734p-785,0x1.3064e680f099dp-636,0x1.3064e680f099ep-636,4.16983704170295515e-192
7,383,0x1.db98f63560a6dp-788,0x1.3064e680f099dp-636,0x1.3064e680f099ep-636,4.16983704170295515e-192
7,384,0x1.556077cffb0d4p-790,0x1.3064e680f099dp-636,0x1.3064e680f099ep-636,4.16983704170295515e-192
7,385,0x1.e9afb8318078fp-793,0x1.3064e680f099dp-636,0x1.3064e680f099ep-636,4.16983704170295515e-192
7,386,0x1.5ef088b73a195p-795,0x1.3064e680f099dp-636,0x1.3064e680f099ep-636,4.16983704170295515e-192
7,387,0x1.f69e1d70a7d72p-798,0x1.3064e680f099dp-636,0x1.3064e680f099ep-636,4.16983704170295515e-192
7,388,0x1.67a54dee8a077p-800,0x1.3064e680f099dp-636,0x1.3064e680f099ep-636,4.16983704170295515e-192
7,389,0x1.01249838b7276p-802,0x1.3064e680f099dp-636,0x1.3064e680f099ep-636,4.16983704170295515e-192
7,390,0x1.6f6c90e20b722p-805,0x1.3064e680f099dp-636,0x1.3064e680f099ep-636,4.16983704170295515e-192
7,391,0x1.064c3cc4f8f3dp-807,0x1.3064e680f099dp-636,0x1.3064e680f099ep-636,4.16983704170295515e-192
7,392,0x1.7635fd2db6e18p-810,0x1.3064e680f099dp-636,0x1.3064e680f099ep-636,4.16983704170295515e-192
7,393,0x1.0abb2a5d2a3c1p-812,0x1.3064e680f099dp-636,0x1.3064e680f099ep-636,4.16983704170295515e-192
7,394,0x1.7bf359def3f77p-815,0x1.3064e680f099dp-636,0x1.3064e680f099ep-636,4.16983704170295515e-192
7,395,0x1.0e681eb44de39p-817,0x1.3064e680f099dp-636,0x1.3064e680f099ep-636,4.16983704170295515e-192
7,396,0x1.8098bb0c06fc4p-820,0x1.3064e680f099dp-636,0x1.3064e680f099ep-636,4.16983704170295515e-192
7,397,0x1.114b8749ca6b1p-822,0x1.3064e680f099dp-636,0x1.3064e680f099ep-636,4.16983704170295515e-192
7,398,0x1.841caad04b1ap-825,0x1.3064e680f099dp-636,0x1.3064e680f099ep-636,4.16983704170295515e-192
7,399,0x1.135f9b23a4b7bp-827,0x1.3064e680f099dp-636,0x1.3064e680f099ep-636,4.16983704170295515e-192
7,400,0x1.867848e9fcd23p-830,0x1.3064e680f099dp-636,0x1.3064e680f099ep-636,4.16983704170295515e-192
7,401,0x1.14a06db105243p-832,0x1.3064e680f099dp-636,0x1.3064e680f099ep-636,4.16983704170295515e-192
7,402,0x1.87a76068f031bp-835,0x1.3064e680f099dp-636,0x1.3064e680f099ep-636,4.16983704170295515e-192
7,403,0x1.150bfa817ca13p-837,0x1.3064e680f099dp-636,0x1.3064e680f099ep-636,4.16983704170295515e-192
7,404,0x1.87a873133823p-840,0x1.3064e680f099dp-636,0x1.3064e680f099ep-636,4.16983704170295515e-192
7,405,0x1.14a229a43e0b8p-842,0x1.3064e680f099dp-636,0x1.3064e680f099ep-636,4.16983704170295515e-192
7,406,0x1.867cba5c421a8p-845,0x1.3064e680f099dp-636,0x1.3064e680f099ep-636,4.16983704170295515e-192
7,407,0x1.1364cca9f38d7p-847,0x1.3064e680f099dp-636,0x1.3064e680f099ep-636,4.16983704170295515e-192
7,408,0x1.84281e02a715cp-850,0x1.3064e680f099dp-636,0x1.3064e680f099ep-636,4.16983704170295515e-192
7,409,0x1.1157946af5dp-852,0x1.3064e680f099dp-636,0x1.3064e680f099ep-636,4.16983704170295515e-192
7,410,0x1.80b1209f7a446p-855,0x1.3064e680f099dp-636,0x1.3064e680f099ep-636,4.16983704170295515e-192
7,411,0x1.0e7fffd968c98p-857,0x1.3064e680f099dp-636,0x1.3064e680f099ep-636,4.16983704170295515e-192
7,412,0x1.7c20c2a5bfbddp-860,0x1.3064e680f099dp-636,0x1.3064e680f099ep-636,4.16983704170295515e-192
7,413,0x1.0ae5444a2a365p-862,0x1.3064e680f099dp-636,0x1.3064e680f099ep-636,4.16983704170295515e-192
7,414,0x1.76825c80a6c8bp-865,0x1.3064e680f099dp-636,0x1.3064e680f099ep-636,4.16983704170295515e-192
7,415,0x1.06902fbfacc24p-867,0x1.3064e680f099dp-636,0x1.3064e680f099ep-636,4.16983704170295515e-192
7,416,0x1.6fe370a9f83c6p-870,0x1.3064e680f099dp-636,0x1.3064e680f099ep-636,4.16983704170295515e-192
7,417,0x1.018b05de091e9p-872,0x1.3064e680f099dp-636,0x1.3064e680f099ep-636,4.16983704170295515e-192
7,418,0x1.685376b6cc8ap-875,0x1.3064e680f099dp-636,0x1.3064e680f099ep-636,4.16983704170295515e-192
7,419,0x1.f7c2b08e50bbap-878,0x1.3064e680f099dp-636,0x1.3064e680f099ep-636,4.16983704170295515e-192
7,420,0x1.5fe3a0768b0ffp-880,0x1.3064e680f099dp-636,0x1.3064e680f099ep-636,4.16983704170295515e-192
7,421,0x1.eb3fb660baad5p-883,0x1.3064e680f099dp-636,0x1.3064e680f099ep-636,4.16983704170295515e-192
7,422,0x1.56a69a566aa4dp-885,0x1.3064e680f099dp-636,0x1.3064e680f099ep-636,4.16983704170295515e-192
7,423,0x1.dda86e1fafbe1p-888,0x1.3064e680f099dp-636,0x1.3064e680f099ep-636,4.16983704170295515e-192
7,424,0x1.4cb0484a4d853p-890,0x1.3064e680f099dp-636,0x1.3064e680f099ep-636,4.16983704170295515e-192
7,425,0x1.cf19b08fb637bp-893,0x1.3064e680f099dp-636,0x1.3064e680f099ep-636,4.16983704170295515e-192
7,426,0x1.421580827642ep-895,0x1.3064e680f099dp-636,0x1.3064e680f099ep-636,4.16983704170295515e-192
7,427,0x1.bfb17b6f27949p-898,0x1.3064e680f099dp-636,0x1.3064e680f099ep-636,4.16983704170295515e-192
7,428,0x1.36ebc5347edf5p-900,0x1.3064e680f099dp-636,0x1.3064e680f099ep-636,4.16983704170295515e-192
7,429,0x1.af8e8e2bfe1d2p-903,0x1.3064e680f099dp-636,0x1.3064e680f099ep-636,4.16983704170295515e-192
7,430,0x1.2b48feb57d9bp-905,0x1.3064e680f099dp-636,0x1.3064e680f099ep-636,4.16983704170295515e-192
7,431,0x1.9ed007e5ac662p-908,0x1.3064e680f099dp-636,0x1.3064e680f099ep-636,4.16983704170295515e-192
7,432,0x1.1f433713eac5fp-910,0x1.3064e680f099dp-636,0x1.3064e680f099ep-636,4.16983704170295515e-192
7,433,0x1.8d950858b7a7fp-913,0x1.3064e680f099dp-636,0x1.3064e680f099ep-636,4.16983704170295515e-192
7,434,0x1.12f0584a5b5b8p-915,0x1.3064e680f099dp-636,0x1.3064e680f099ep-636,4.16983704170295515e-192
7,435,0x1.7bfc552f7e1a7p-918,0x1.3064e680f099dp-636,0x1.3064e680f099ep-636,4.16983704170295515e-192
7,436,0x1.0665ee09591e2p-920,0x1.3064e680f099dp-636,0x1.3064e680f099ep-636,4.16983704170295515e-192
7,437,0x1.6a24050a6f503p-923,0x1.3064e680f099dp-636,0x1.3064e680f099ep-636,4.16983704170295515e-192
7,438,0x1.f371d7eefccb6p-926,0x1.3064e680f099dp-636,0x1.3064e680f099ep-636,4.16983704170295515e-192
7,439,0x1.582931636dbd9p-928,0x1.3064e680f099dp-636,0x1.3064e680f099ep-636,4.16983704170295515e-192
7,440,0x1.d9faf2490045cp-931,0x1.3064e680f099dp-636,0x1.3064e680f099ep-636,4.16983704170295515e-192
7,441,0x1.4627b03d76ee3p-933,0x1.3064e680f099dp-636,0x1.3064e680f099ep-636,4.16983704170295515e-192
7,442,0x1.c08d828e3f1f1p-936,0x1.3064e680f099dp-636,0x1.3064e680f099ep-636,4.16983704170295515e-192
7,443,0x1.3439d65cd7fe4p-938,0x1.3064e680f099dp-636,0x1.3064e680f099ep-636,4.16983704170295515e-192
7,444,0x1.a74d98700472p-941,0x1.3064e680f099dp-636,0x1.3064e680f099ep-636,4.16983704170295515e-192
7,445,0x1.2278428e161bp-943,0x1.3064e680f099dp-636,0x1.3064e680f099ep-636,4.16983704170295515e-192
7,446,0x1.8e5cb7eaa9891p-946,0x1.3064e680f099dp-636,0x1.3064e680f099ep-636,4.16983704170295515e-192
7,447,0x1.10f9b24c426acp-948,0x1.3064e680f099dp-636,0x1.3064e680f099ep-636,4.16983704170295515e-192
7,448,0x1.75d9a2ab80fa6p-951,0x1.3064e680f099dp-636,0x1.3064e680f099ep-636,4.16983704170295515e-192
7,449,0x1.ffa5bfc734f36p-954,0x1.3064e680f099dp-636,0x1.3064e680f099ep-636,4.16983704170295515e-192
7,450,0x1.5de02edb102e1p-956,0x1.3064e680f099dp-636,0x1.3064e680f099ep-636,4.16983704170295515e-192
7,451,0x1.de2cd3f8df46ep-959,0x1.3064e680f099dp-636,0x1.3064e680f099ep-636,4.16983704170295515e-192
7,452,0x1.46892b0eafc27p-961,0x1.3064e680f099dp-636,0x1.3064e680f099ep-636,4.16983704170295515e-192
7,453,0x1.bda9889a9501fp-964,0x1.3064e680f099dp-636,0x1.3064e680f099ep-636,4.16983704170295515e-192
7,454,0x1.2fea4ee82e7dp-966,0x1.3064e680f099dp-636,0x1.3064e680f099ep-636,4.16983704170295515e-192
7,455,0x1.9e386215fab5bp-969,0x1.3064e680f099dp-636,0x1.3064e680f099ep-636,4.16983704170295515e-192
7,456,0x1.1a1637b4e53fdp-971,0x1.3064e680f099dp-636,0x1.3064e680f099ep-636,4.16983704170295515e-192
7,457,0x1.7ff18514c17e7p-974,0x1.3064e680f099dp-636,0x1.3064e680f099ep-636,4.16983704170295515e-192
7,458,0x1.051c70302a03p-976,0x1.3064e680f099dp-636,0x1.3064e680f099ep-636,4.16983704170295515e-192
7,459,0x1.62e8c8d4aa48bp-979,0x1.3064e680f099dp-636,0x1.3064e680f099ep-636,4.16983704170295515e-192
7,460,0x1.e21304d0588c5p-982,0x1.3064e680f099dp-636,0x1.3064e680f099ep-636,4.16983704170295515e-192
7,461,0x1.472dd70b0f07ap-984,0x1.3064e680f099dp-636,0x1.3064e680f099ep-636,4.16983704170295515e-192
7,462,0x1.bbce254fab04fp-987,0x1.3064e680f099dp-636,0x1.3064e680f099ep-636,4.16983704170295515e-192
7,463,0x1.2ccc57b4c92cap-989,0x1.3064e680f099dp-636,0x1.3064e680f099ep-636,4.16983704170295515e-192
7,464,0x1.97780469007b5p-992,0x1.3064e680f099dp-636,0x1.3064e680f099ep-636,4.16983704170295515e-192
7,465,0x1.13cc2719439f3p-994,0x1.3064e680f099dp-636,0x1.3064e680f099ep-636,4.16983704170295515e-192
7,466,0x1.75193144b2ba4p-997,0x1.3064e680f099dp-636,0x1.3064e680f099ep-636,4.16983704170295515e-192
7,467,0x1.f8632872f20a2p-1000,0x1.3064e680f099dp-636,0x1.3064e680f099ep-636,4.16983704170295515e-192
7,468,0x1.54b564e54e188p-1002,0x1.3064e680f099dp-636,0x1.3064e680f099ep-636,4.16983704170295515e-192
7,469,0x1.cbfb4b176cd8bp-1005,0x1.3064e680f099dp-636,0x1.3064e680f099ep-636,4.16983704170295515e-192
7,470,0x1.364be4e148059p-1007,0x1.3064e680f099dp-636,0x1.3064e680f099ep-636,4.16983704170295515e-192
7,471,0x1.a25cb19e0a5c6p-1010,0x1.3064e680f099dp-636,0x1.3064e680f099ep-636,4.16983704170295515e-192
7,472,0x1.19d7a52279043p-1012,0x1.3064e680f099dp-636,0x1.3064e680f099ep-636,4.16983704170295515e-192
7,473,0x1.7b7bd64440075p-1015,0x1.3064e680f099dp-636,0x1.3064e680f099ep-636,4.16983704170295515e-192
7,474,0x1.fe912bb9a6cf4p-1018,0x1.3064e680f099dp-636,0x1.3064e680f099ep-636,4.16983704170295515e-192
7,475,0x1.571592773cba1p-1020,0x1.3064e680f099dp-636,0x1.3064e680f099ep-636,4.16983704170295515e-192
7,476,0x0.e5e244841e164p-1022,0x1.3064e680f099dp-636,0x1.3064e680f099ep-636,4.16983704170295515e-192
7,477,0x0.2615512621becp-1022,0x1.3064e680f099dp-636,0x1.3064e680f099ep-636,4.16983704170295515e-192
7,478,0x0.060265cd643cep-1022,0x1.3064e680f099dp-636,0x1.3064e680f099ep-636,4.16983704170295515e-192
7,479,0x0.00c12e5ca7cefp-1022,0x1.3064e680f099dp-636,0x1.3064e680f099ep-636,4.16983704170295515e-192
7,480,0x0p+0,0x1.3064e680f099dp-636,0x1.3064e680f099dp-636,4.16983704170295437e-192
8,0,0x1.c83a998d927a7p+1,0x1.3a9470f072d17p-635,0x1.c83a998d927a8p+1,3.56428832447723565e+00
8,1,0x1.5bc892a4ea7e8p+1,0x1.3a9470f072d17p-635,0x1.5bc892a4ea7e9p+1,2.71705849697626833e+00
8,2,0x1.016aae3d47c5ap+1,0x1.3a9470f072d17p-635,0x1.016aae3d47c5bp+1,2.01106813423352326e+00
8,3,0x1.72e76e4073fa9p+0,0x1.3a9470f072d17p-635,0x1.72e76e4073faap+0,1.44884385179100628e+00
8,4,0x1.049dfef3d30ccp+0,0x1.3a9470f072d17p-635,0x1.049dfef3d30cdp+0,1.01803582623238076e+00
8,5,0x1.65ceb972dc4dfp-1,0x1.3a9470f072d17p-635,0x1.65ceb972dc4ep-1,6.98842807074608885e-01
8,6,0x1.e097ef02c83ddp-2,0x1.3a9470f072d17p-635,0x1.e097ef02c83dep-2,4.69329580826579718e-01
8,7,0x1.3c21b7c4e3cf8p-2,0x1.3a9470f072d17p-635,0x1.3c21b7c4e3cf9p-2,3.08722373382763815e-01
8,8,0x1.97c490e72c75bp-3,0x1.3a9470f072d17p-635,0x1.97c490e72c75cp-3,1.99105388693676555e-01
8,9,0x1.021038b087929p-3,0x1.3a9470f072d17p-635,0x1.021038b08792ap-3,1.26007502448325426e-01
8,10,0x1.40c5c2126df01p-4,0x1.3a9470f072d17p-635,0x1.40c5c2126df02p-4,7.83135968148336581e-02
8,11,0x1.87d2d653e940fp-5,0x1.3a9470f072d17p-635,0x1.87d2d653e941p-5,4.78300272073185484e-02
8,12,0x1.d6a0850f0817fp-6,0x1.3a9470f072d17p-635,0x1.d6a0850f0818p-6,2.87247943307433751e-02
8,13,0x1.1615aced2bc8p-6,0x1.3a9470f072d17p-635,0x1.1615aced2bc81p-6,1.69729412779671164e-02
8,14,0x1.43827628982f5p-7,0x1.3a9470f072d17p-635,0x1.43827628982f6p-7,9.87272996388941990e-03
8,15,0x1.72ae876cb9a95p-8,0x1.3a9470f072d17p-635,0x1.72ae876cb9a96p-8,5.65615469233784161e-03
8,16,0x1.a289284f7c93bp-9,0x1.3a9470f072d17p-635,0x1.a289284f7c93cp-9,3.19317452498882152e-03
8,17,0x1.d1e46ac416038p-10,0x1.3a9470f072d17p-635,0x1.d1e46ac416039p-10,1.77723790786467177e-03
8,18,0x1.ff82f81a01807p-11,0x1.3a9470f072d17p-635,0x1.ff82f81a01808p-11,9.75630947551265650e-04
8,19,0x1.15139f8fe3c7dp-11,0x1.3a9470f072d17p-635,0x1.15139f8fe3c7ep-11,5.28481776187819446e-04
8,20,0x1.285173f9a3f5bp-12,0x1.3a9470f072d17p-635,0x1.285173f9a3f5cp-12,2.82591033831094398e-04
8,21,0x1.38f2b92503123p-13,0x1.3a9470f072d17p-635,0x1.38f2b92503124p-13,1.49225300589591746e-04
8,22,0x1.46847eabd9ac6p-14,0x1.3a9470f072d17p-635,0x1.46847eabd9ac7p-14,7.78478521944277793e-05
8,23,0x1.50ae343eaed4dp-15,0x1.3a9470f072d17p-635,0x1.50ae343eaed4ep-15,4.01354413858920773e-05
8,24,0x1.57351d9d11ebbp-16,0x1.3a9470f072d17p-635,0x1.57351d9d11ebcp-16,2.04567601154437409e-05
8,25,0x1.59fe0509cff62p-17,0x1.3a9470f072d17p-635,0x1.59fe0509cff63p-17,1.03113730066659142e-05
8,26,0x1.590d2af73a08dp-18,0x1.3a9470f072d17p-635,0x1.590d2af73a08ep-18,5.14166708074510297e-06
8,27,0x1.54849277b35b1p-19,0x1.3a9470f072d17p-635,0x1.54849277b35b2p-19,2.53705576001044673e-06
8,28,0x1.4ca0e51aeaf8dp-20,0x1.3a9470f072d17p-635,0x1.4ca0e51aeaf8ep-20,1.23913770864577889e-06
8,29,0x1.41b53c86c85d6p-21,0x1.3a9470f072d17p-635,0x1.41b53c86c85d7p-21,5.99227761497753224e-07
8,30,0x1.34262b7b68e8dp-22,0x1.3a9470f072d17p-635,0x1.34262b7b68e8ep-22,2.86986214093609881e-07
8,31,0x1.2464631eaae9ep-23,0x1.3a9470f072d17p-635,0x1.2464631eaae9fp-23,1.36155699122720633e-07
8,32,0x1.12e74d38ab949p-24,0x1.3a9470f072d17p-635,0x1.12e74d38ab94ap-24,6.40059639826806108e-08
8,33,0x1.0027e9d77ef7ep-25,0x1.3a9470f072d17p-635,0x1.0027e9d77ef7fp-25,2.98204729208271424e-08
8,34,0x1.d93860a2ccdd5p-27,0x1.3a9470f072d17p-635,0x1.d93860a2ccdd6p-27,1.37725211839250185e-08
8,35,0x1.b1664543b8b0fp-28,0x1.3a9470f072d17p-635,0x1.b1664543b8b1p-28,6.30679270242338435e-09
8,36,0x1.89a360c3948ffp-29,0x1.3a9470f072d17p-635,0x1.89a360c3949p-29,2.86409482397172275e-09
8,37,0x1.62a0eb3c18077p-30,0x1.3a9470f072d17p-635,0x1.62a0eb3c18078p-30,1.29013129261621773e-09
8,38,0x1.3cf4a57a57327p-31,0x1.3a9470f072d17p-635,0x1.3cf4a57a57328p-31,5.76538968729917852e-10
8,39,0x1.19179c95b4ce2p-32,0x1.3a9470f072d17p-635,0x1.19179c95b4ce3p-32,2.55651896663296487e-10
8,40,0x1.eecca12a012efp-34,0x1.3a9470f072d17p-635,0x1.eecca12a012fp-34,1.12504343216803527e-10
8,41,0x1.b04402e626e47p-35,0x1.3a9470f072d17p-635,0x1.b04402e626e48p-35,4.91429169910249820e-11
8,42,0x1.76e5bff99a79ep-36,0x1.3a9470f072d17p-635,0x1.76e5bff99a79fp-36,2.13104533802512780e-11
8,43,0x1.42d5befbf2235p-37,0x1.3a9470f072d17p-635,0x1.42d5befbf2236p-37,9.17552101319259074e-12
8,44,0x1.1411d1f30e174p-38,0x1.3a9470f072d17p-635,0x1.1411d1f30e175p-38,3.92318511649312391e-12
8,45,0x1.d4f0de5d67bc9p-40,0x1.3a9470f072d17p-635,0x1.d4f0de5d67bcap-40,1.66601272517594960e-12
8,46,0x1.8b9ebb90c8111p-41,0x1.3a9470f072d17p-635,0x1.8b9ebb90c8112p-41,7.02762380774411424e-13
8,47,0x1.4b9415b7bfc05p-42,0x1.3a9470f072d17p-635,0x1.4b9415b7bfc06p-42,2.94500829400293472e-13
8,48,0x1.141ea13d7d397p-43,0x1.3a9470f072d17p-635,0x1.141ea13d7d398p-43,1.22621756228937127e-13
8,49,0x1.c8fa2da08e57bp-45,0x1.3a9470f072d17p-635,0x1.c8fa2da08e57cp-45,5.07346674355916001e-14
8,50,0x1.77cfa61820af5p-46,0x1.3a9470f072d17p-635,0x1.77cfa61820af6p-46,2.08617083689636125e-14
8,51,0x1.332fc3563e8eap-47,0x1.3a9470f072d17p-635,0x1.332fc3563e8ebp-47,8.52614019260044852e-15
8,52,0x1.f33201b160335p-49,0x1.3a9470f072d17p-635,0x1.f33201b160336p-49,3.46386349000533705e-15
8,53,0x1.933cd8f947991p-50,0x1.3a9470f072d17p-635,0x1.933cd8f947992p-50,1.39901175976128823e-15
8,54,0x1.43da98949a0a1p-51,0x1.3a9470f072d17p-635,0x1.43da98949a0a2p-51,5.61796946972077061e-16
8,55,0x1.02a12dba57751p-52,0x1.3a9470f072d17p-635,0x1.02a12dba57752p-52,2.24325422822717449e-16
8,56,0x1.9aca778bdca9fp-54,0x1.3a9470f072d17p-635,0x1.9aca778bdcaap-54,8.90760743448018885e-17
8,57,0x1.44752159fa189p-55,0x1.3a9470f072d17p-635,0x1.44752159fa18ap-55,3.51777569913274839e-17
8,58,0x1.fdc99e8f76bafp-57,0x1.3a9470f072d17p-635,0x1.fdc99e8f76bbp-57,1.38178199267244547e-17
8,59,0x1.8e6058e9a3791p-58,0x1.3a9470f072d17p-635,0x1.8e6058e9a3792p-58,5.39900639250411792e-18
8,60,0x1.35b2aa412c01bp-59,0x1.3a9470f072d17p-635,0x1.35b2aa412c01cp-59,2.09859467029247071e-18
8,61,0x1.df0f53a3ebc26p-61,0x1.3a9470f072d17p-635,0x1.df0f53a3ebc27p-61,8.11558987194624559e-19
8,62,0x1.70a8677183cfcp-62,0x1.3a9470f072d17p-635,0x1.70a8677183cfdp-62,3.12265326936053841e-19
8,63,0x1.1a4b976c8ac43p-63,0x1.3a9470f072d17p-635,0x1.1a4b976c8ac44p-63,1.19556701209354905e-19
8,64,0x1.ae3916d5ea797p-65,0x1.3a9470f072d17p-635,0x1.ae3916d5ea798p-65,4.55516324552925780e-20
8,65,0x1.4642f80e8e0e7p-66,0x1.3a9470f072d17p-635,0x1.4642f80e8e0e8p-66,1.72721451591452910e-20
8,66,0x1.ec81b7d9f9685p-68,0x1.3a9470f072d17p-635,0x1.ec81b7d9f9686p-68,6.51827205421319373e-21
8,67,0x1.720042fb63606p-69,0x1.3a9470f072d17p-635,0x1.720042fb63607p-69,2.44846137660904689e-21
8,68,0x1.14b1673b42493p-70,0x1.3a9470f072d17p-635,0x1.14b1673b42494p-70,9.15500279497985068e-22
8,69,0x1.9bf63504ae4c4p-72,0x1.3a9470f072d17p-635,0x1.9bf63504ae4c5p-72,3.40766769814000995e-22
8,70,0x1.3150860fc3832p-73,0x1.3a9470f072d17p-635,0x1.3150860fc3833p-73,1.26275136432544241e-22
8,71,0x1.c290a938d9961p-75,0x1.3a9470f072d17p-635,0x1.c290a938d9962p-75,4.65873375782787549e-23
8,72,0x1.4b050d2f1ecb3p-76,0x1.3a9470f072d17p-635,0x1.4b050d2f1ecb4p-76,1.71133190645418112e-23
8,73,0x1.e44f28a04b64bp-78,0x1.3a9470f072d17p-635,0x1.e44f28a04b64cp-78,6.25954987526451710e-24
8,74,0x1.60cd04130a2acp-79,0x1.3a9470f072d17p-635,0x1.60cd04130a2adp-79,2.27992201382336030e-24
8,75,0x1.ffdea4595f4a1p-81,0x1.3a9470f072d17p-635,0x1.ffdea4595f4a2p-81,8.26970093905179015e-25
8,76,0x1.71cee0365c953p-82,0x1.3a9470f072d17p-635,0x1.71cee0365c954p-82,2.98728611219679377e-25
8,77,0x1.0a17f228a491ap-83,0x1.3a9470f072d17p-635,0x1.0a17f228a491bp-83,1.07474324424090115e-25
8,78,0x1.7d67a50365b21p-85,0x1.3a9470f072d17p-635,0x1.7d67a50365b22p-85,3.85120492056362950e-26
8,79,0x1.10444cc701702p-86,0x1.3a9470f072d17p-635,0x1.10444cc701703p-86,1.37459604206071885e-26
8,80,0x1.8334a71100c2fp-88,0x1.3a9470f072d17p-635,0x1.8334a71100c3p-88,4.88722269889216168e-27
8,81,0x1.1246d2502d0b1p-89,0x1.3a9470f072d17p-635,0x1.1246d2502d0b2p-89,1.73092898989788570e-27
8,82,0x1.831832d081f3cp-91,0x1.3a9470f072d17p-635,0x1.831832d081f3dp-91,6.10727475374970287e-28
8,83,0x1.1022f33c6eae5p-92,0x1.3a9470f072d17p-635,0x1.1022f33c6eae6p-92,2.14677864656708274e-28
8,84,0x1.7d38e7c810bf7p-94,0x1.3a9470f072d17p-635,0x1.7d38e7c810bf8p-94,7.51828395451526851e-29
8,85,0x1.0a0adf8f597f7p-95,0x1.3a9470f072d17p-635,0x1.0a0adf8f597f8p-95,2.62338133341281509e-29
8,86,0x1.71fc25f1ce475p-97,0x1.3a9470f072d17p-635,0x1.71fc25f1ce476p-97,9.12083330378384077e-30
8,87,0x1.005a0bce70886p-98,0x1.3a9470f072d17p-635,0x1.005a0bce70887p-98,3.15977918379682737e-30
8,88,0x1.61fc614c629e8p-100,0x1.3a9470f072d17p-635,0x1.61fc614c629e9p-100,1.09080314720015325e-30
8,89,0x1.e71a652c19d3cp-102,0x1.3a9470f072d17p-635,0x1.e71a652c19d3dp-102,3.75250583344932083e-31
8,90,0x1.4dfc836811532p-103,0x1.3a9470f072d17p-635,0x1.4dfc836811533p-103,1.28646874092067589e-31
8,91,0x1.c8716d7f1331ap-105,0x1.3a9470f072d17p-635,0x1.c8716d7f1331bp-105,4.39538694982346081e-32
8,92,0x1.36d9ad47c5438p-106,0x1.3a9470f072d17p-635,0x1.36d9ad47c5439p-106,1.49668975391597224e-32
8,93,0x1.a5fcb287624f5p-108,0x1.3a9470f072d17p-635,0x1.a5fcb287624f6p-108,5.07948493979510856e-33
8,94,0x1.1d7cad21ca39dp-109,0x1.3a9470f072d17p-635,0x1.1d7cad21ca39ep-109,1.71821248237230505e-33
8,95,0x1.810652eb6b2a1p-111,0x1.3a9470f072d17p-635,0x1.810652eb6b2a2p-111,5.79320784656490475e-34
8,96,0x1.02cc58b9a81dbp-112,0x1.3a9470f072d17p-635,0x1.02cc58b9a81dcp-112,1.94698147842287750e-34
8,97,0x1.5acce651e1f16p-114,0x1.3a9470f072d17p-635,0x1.5acce651e1f17p-114,6.52259037768158979e-35
8,98,0x1.cf437ece657abp-116,0x1.3a9470f072d17p-635,0x1.cf437ece657acp-116,2.17825523127263947e-35
8,99,0x1.3474785ccbbf9p-117,0x1.3a9470f072d17p-635,0x1.3474785ccbbfap-117,7.25174129654318405e-36
8,100,0x1.997db3240d821p-119,0x1.3a9470f072d17p-635,0x1.997db3240d822p-119,2.40677187259189417e-36
8,101,0x1.0efb52d9c6685p-120,0x1.3a9470f072d17p-635,0x1.0efb52d9c6686p-120,7.96343740650148343e-37
8,102,0x1.6590137167018p-122,0x1.3a9470f072d17p-635,0x1.6590137167019p-122,2.62695654723255549e-37
8,103,0x1.d665ace8c48edp-124,0x1.3a9470f072d17p-635,0x1.d665ace8c48eep-124,8.63983149296297552e-38
8,104,0x1.3480edb430f7ep-125,0x1.3a9470f072d17p-635,0x1.3480edb430f7fp-125,2.83315836588113668e-38
8,105,0x1.93787abd20386p-127,0x1.3a9470f072d17p-635,0x1.93787abd20387p-127,9.26323120853712194e-39
8,106,0x1.0712113b41ea6p-128,0x1.3a9470f072d17p-635,0x1.0712113b41ea7p-128,3.01990210241426439e-39
8,107,0x1.5611aa7f11fe7p-130,0x1.3a9470f072d17p-635,0x1.5611aa7f11fe8p-130,9.81689907914026064e-40
8,108,0x1.bb867d21296b5p-132,0x1.3a9470f072d17p-635,0x1.bb867d21296b6p-132,3.18213830346407119e-40
8,109,0x1.1eba12cd4f6c7p-133,0x1.3a9470f072d17p-635,0x1.1eba12cd4f6c8p-133,1.02858212797136408e-40
8,110,0x1.71b017929549ep-135,0x1.3a9470f072d17p-635,0x1.71b017929549fp-135,3.31547539239669893e-41
8,111,0x1.db55eff308c27p-137,0x1.3a9470f072d17p-635,0x1.db55eff308c28p-137,1.06573948169649869e-41
8,112,0x1.30c04c19c2f5bp-138,0x1.3a9470f072d17p-635,0x1.30c04c19c2f5cp-138,3.41637867356510259e-42
8,113,0x1.85b5a7bcbc0cap-140,0x1.3a9470f072d17p-635,0x1.85b5a7bcbc0cbp-140,1.09219890200941577e-42
8,114,0x1.f1038bb191315p-142,0x1.3a9470f072d17p-635,0x1.f1038bb191316p-142,3.48232372590635850e-43
8,115,0x1.3c169315a925bp-143,0x1.3a9470f072d17p-635,0x1.3c169315a925cp-143,1.10733470948476988e-43
8,116,0x1.90fcd01c2d66p-145,0x1.3a9470f072d17p-635,0x1.90fcd01c2d661p-145,3.51189524212315810e-44
8,117,0x1.fb5c4de1f2bd7p-147,0x1.3a9470f072d17p-635,0x1.fb5c4de1f2bd8p-147,1.11088059116161714e-44
8,118,0x1.4024f4bbfbabdp-148,0x1.3a9470f072d17p-635,0x1.4024f4bbfbabep-148,3.50482655561157528e-45
8,119,0x1.92fc04c32824dp-150,0x1.3a9470f072d17p-635,0x1.92fc04c32824ep-150,1.10293259309204001e-45
8,120,0x1.f9f807d7b78bbp-152,0x1.3a9470f072d17p-635,0x1.f9f807d7b78bcp-152,3.46197949249850387e-46
8,121,0x1.3cd58c5a6e071p-153,0x1.3a9470f072d17p-635,0x1.3cd58c5a6e072p-153,1.08393369113540468e-46
8,122,0x1.8bce5784cf9e9p-155,0x1.3a9470f072d17p-635,0x1.8bce5784cf9eap-155,3.38526838442044578e-47
8,123,0x1.ed3c43cba19b3p-157,0x1.3a9470f072d17p-635,0x1.ed3c43cba19b4p-157,1.05464175697276802e-47
8,124,0x1.329163807a9a9p-158,0x1.3a9470f072d17p-635,0x1.329163807a9aap-158,3.27753571969920088e-48
8,125,0x1.7c297d6dc21bdp-160,0x1.3a9470f072d17p-635,0x1.7c297d6dc21bep-160,1.01608376518774676e-48
8,126,0x1.d64874adf8ef3p-162,0x1.3a9470f072d17p-635,0x1.d64874adf8ef4p-162,3.14238971844796777e-49
8,127,0x1.222fb5241ed78p-163,0x1.3a9470f072d17p-635,0x1.222fb5241ed79p-163,9.69499820409666974e-50
8,128,0x1.6543d25be3375p-165,0x1.3a9470f072d17p-635,0x1.6543d25be3376p-165,2.98401591638290932e-50
8,129,0x1.b6cfb8c0f5cep-167,0x1.3a9470f072d17p-635,0x1.b6cfb8c0f5ce1p-167,9.16280983359883188e-51
8,130,0x1.0cdad7386bf6cp-168,0x1.3a9470f072d17p-635,0x1.0cdad7386bf6dp-168,2.80697556980283643e-51
8,131,0x1.48af12506ba57p-170,0x1.3a9470f072d17p-635,0x1.48af12506ba58p-170,8.57904938544683857e-52
8,132,0x1.90e6bf1bc5e06p-172,0x1.3a9470f072d17p-635,0x1.90e6bf1bc5e07p-172,2.61600339376903693e-52
8,133,0x1.e7de713a97c31p-174,0x1.3a9470f072d17p-635,0x1.e7de713a97c32p-174,7.95873303096061900e-53
8,134,0x1.282d9ccb13b23p-175,0x1.3a9470f072d17p-635,0x1.282d9ccb13b24p-175,2.41581595041767862e-53
8,135,0x1.66cd511600341p-177,0x1.3a9470f072d17p-635,0x1.66cd511600342p-177,7.31653879561481777e-54
8,136,0x1.b1b25e42eb88fp-179,0x1.3a9470f072d17p-635,0x1.b1b25e42eb89p-179,2.21094011394455365e-54
8,137,0x1.05881df5997ffp-180,0x1.3a9470f072d17p-635,0x1.05881df5998p-180,6.66630475448617434e-55
8,138,0x1.3aba9d9fe91fap-182,0x1.3a9470f072d17p-635,0x1.3aba9d9fe91fbp-182,2.00556869032113478e-55
8,139,0x1.79eba75472747p-184,0x1.3a9470f072d17p-635,0x1.79eba75472748p-184,6.02062126651085198e-56
8,140,0x1.c4d12641dcb2bp-186,0x1.3a9470f072d17p-635,0x1.c4d12641dcb2cp-186,1.80344771001938069e-56
8,141,0x1.0eb1f30951ef5p-187,0x1.3a9470f072d17p-635,0x1.0eb1f30951ef6p-187,5.39052746997149148e-57
8,142,0x1.42f42f39c684ep-189,0x1.3a9470f072d17p-635,0x1.42f42f39c684fp-189,1.60779737220396073e-57
8,143,0x1.807c35d4f4ccfp-191,0x1.3a9470f072d17p-635,0x1.807c35d4f4cdp-191,4.78531450272932405e-58
8,144,0x1.c8c7021dfed3dp-193,0x1.3a9470f072d17p-635,0x1.c8c7021dfed3ep-193,1.42126629488717761e-58
8,145,0x1.0ec3bedb8b448p-194,0x1.3a9470f072d17p-635,0x1.0ec3bedb8b449p-194,4.21243108863327387e-59
8,146,0x1.405677f61f6b2p-196,0x1.3a9470f072d17p-635,0x1.405677f61f6b3p-196,1.24591676508005213e-59
8,147,0x1.7a3501245a66fp-198,0x1.3a9470f072d17p-635,0x1.7a3501245a67p-198,3.67748162828603218e-60
8,148,0x1.bd9e30952a7b9p-200,0x1.3a9470f072d17p-635,0x1.bd9e30952a7bap-200,1.08323717933252205e-60
8,149,0x1.05fd3f93ce8a1p-201,0x1.3a9470f072d17p-635,0x1.05fd3f93ce8a2p-201,3.18430295678046656e-61
8,150,0x1.33703e9cb307cp-203,0x1.3a9470f072d17p-635,0x1.33703e9cb307dp-203,9.34176857842994112e-62
8,151,0x1.680cce7d2defp-205,0x1.3a9470f072d17p-635,0x1.680cce7d2def1p-205,2.73510352926311992e-62
8,152,0x1.a4d3a9cc92befp-207,0x1.3a9470f072d17p-635,0x1.a4d3a9cc92bfp-207,7.99197896107527656e-63
8,153,0x1.eae448eb951dcp-209,0x1.3a9470f072d17p-635,0x1.eae448eb951ddp-209,2.33064787546156473e-63
8,154,0x1.1dbfe4eb47adp-210,0x1.3a9470f072d17p-635,0x1.1dbfe4eb47ad1p-210,6.78338639892596811e-64
8,155,0x1.4c0601695271ap-212,0x1.3a9470f072d17p-635,0x1.4c0601695271bp-212,1.97046953028895370e-64
8,156,0x1.810b5f5b09a37p-214,0x1.3a9470f072d17p-635,0x1.810b5f5b09a38p-214,5.71283657961216009e-65
8,157,0x1.bdac9074c33fp-216,0x1.3a9470f072d17p-635,0x1.bdac9074c33f1p-216,1.65309703586415074e-65
8,158,0x1.016ecba36b2b6p-217,0x1.3a9470f072d17p-635,0x1.016ecba36b2b7p-217,4.77435652883464873e-66
8,159,0x1.28d5de5b78a25p-219,0x1.3a9470f072d17p-635,0x1.28d5de5b78a26p-219,1.37627972626407851e-66
8,160,0x1.559fba25d69b2p-221,0x1.3a9470f072d17p-635,0x1.559fba25d69b3p-221,3.95985499292034291e-67
8,161,0x1.886f266320bd6p-223,0x1.3a9470f072d17p-635,0x1.886f266320bd7p-223,1.13720255649486752e-67
8,162,0x1.c1f6750803857p-225,0x1.3a9470f072d17p-635,0x1.c1f6750803858p-225,3.25977441539283852e-68
8,163,0x1.017c41416dce3p-226,0x1.3a9470f072d17p-635,0x1.017c41416dce4p-226,9.32681953897408972e-69
8,164,0x1.2624db4a80199p-228,0x1.3a9470f072d17p-635,0x1.2624db4a8019ap-228,2.66367340539250138e-69
8,165,0x1.4f6881f15a202p-230,0x1.3a9470f072d17p-635,0x1.4f6881f15a203p-230,7.59337329089233308e-70
8,166,0x1.7dc471dcf759bp-232,0x1.3a9470f072d17p-635,0x1.7dc471dcf759cp-232,2.16072669799330820e-70
8,167,0x1.b1c025a69ba88p-234,0x1.3a9470f072d17p-635,0x1.b1c025a69ba89p-234,6.13735312965830671e-71
8,168,0x1.ebedcbaecbf77p-236,0x1.3a9470f072d17p-635,0x1.ebedcbaecbf78p-236,1.74013677743162596e-71
8,169,0x1.16755ac385bd6p-237,0x1.3a9470f072d17p-635,0x1.16755ac385bd7p-237,4.92505869894692842e-72
8,170,0x1.3aafdf9759365p-239,0x1.3a9470f072d17p-635,0x1.3aafdf9759366p-239,1.39145729097325374e-72
8,171,0x1.6300d6221fe21p-241,0x1.3a9470f072d17p-635,0x1.6300d6221fe22p-241,3.92431111040490445e-73
8,172,0x1.8fc8bc990b7aap-243,0x1.3a9470f072d17p-635,0x1.8fc8bc990b7abp-243,1.10483299619591383e-73
8,173,0x1.c16e4f232ce29p-245,0x1.3a9470f072d17p-635,0x1.c16e4f232ce2ap-245,3.10508877075247757e-74
8,174,0x1.f85ea149074e6p-247,0x1.3a9470f072d17p-635,0x1.f85ea149074e7p-247,8.71164259734829286e-75
8,175,0x1.1a8697172d6a6p-248,0x1.3a9470f072d17p-635,0x1.1a8697172d6a7p-248,2.43993993734401137e-75
8,176,0x1.3bf9ef3bdcfcbp-250,0x1.3a9470f072d17p-635,0x1.3bf9ef3bdcfccp-250,6.82206160951803696e-76
8,177,0x1.60c9815daacc3p-252,0x1.3a9470f072d17p-635,0x1.60c9815daacc4p-252,1.90420570038764607e-76
8,178,0x1.8938a0aeb713p-254,0x1.3a9470f072d17p-635,0x1.8938a0aeb7131p-254,5.30613215367976848e-77
8,179,0x1.b58dbb5ea3f89p-256,0x1.3a9470f072d17p-635,0x1.b58dbb5ea3f8ap-256,1.47608866773152306e-77
8,180,0x1.e612434fd14ecp-258,0x1.3a9470f072d17p-635,0x1.e612434fd14edp-258,4.09940822124490374e-78
8,181,0x1.0d894773f0d84p-259,0x1.3a9470f072d17p-635,0x1.0d894773f0d85p-259,1.13660178553739615e-78
8,182,0x1.2a6ed8c013e75p-261,0x1.3a9470f072d17p-635,0x1.2a6ed8c013e76p-261,3.14613970446989253e-79
8,183,0x1.49e2a5826b9a2p-263,0x1.3a9470f072d17p-635,0x1.49e2a5826b9a3p-263,8.69429132872462789e-80
8,184,0x1.6c0ea72f1d023p-265,0x1.3a9470f072d17p-635,0x1.6c0ea72f1d024p-265,2.39872716950400664e-80
8,185,0x1.911ddf26ea9bdp-267,0x1.3a9470f072d17p-635,0x1.911ddf26ea9bep-267,6.60726797670599546e-81
8,186,0x1.b93c303d1c9fp-269,0x1.3a9470f072d17p-635,0x1.b93c303d1c9f1p-269,1.81702651575954835e-81
8,187,0x1.e496333ba2447p-271,0x1.3a9470f072d17p-635,0x1.e496333ba2448p-271,4.98887608888926786e-82
8,188,0x1.09ac832b6fa9ap-272,0x1.3a9470f072d17p-635,0x1.09ac832b6fa9bp-272,1.36757157925137238e-82
8,189,0x1.22d90bc7155c7p-274,0x1.3a9470f072d17p-635,0x1.22d90bc7155c8p-274,3.74288996347894377e-83
8,190,0x1.3de7750142fd7p-276,0x1.3a9470f072d17p-635,0x1.3de7750142fd8p-276,1.02276863280628781e-83
8,191,0x1.5aee6b2d34e9ap-278,0x1.3a9470f072d17p-635,0x1.5aee6b2d34e9bp-278,2.79038900646976726e-84
8,192,0x1.7a04632bd0d62p-280,0x1.3a9470f072d17p-635,0x1.7a04632bd0d63p-280,7.60103511271008105e-85
8,193,0x1.9b3f75e970e6dp-282,0x1.3a9470f072d17p-635,0x1.9b3f75e970e6ep-282,2.06730684811410895e-85
8,194,0x1.beb539affb156p-284,0x1.3a9470f072d17p-635,0x1.beb539affb157p-284,5.61390307633556092e-86
8,195,0x1.e47a9976759cdp-286,0x1.3a9470f072d17p-635,0x1.e47a9976759cep-286,1.52214542237706556e-86
8,196,0x1.0651d52f8f561p-287,0x1.3a9470f072d17p-635,0x1.0651d52f8f562p-287,4.12080551946090088e-87
8,197,0x1.1ba1bfce70936p-289,0x1.3a9470f072d17p-635,0x1.1ba1bfce70937p-289,1.11390014227968991e-87
8,198,0x1.3235fe80599c1p-291,0x1.3a9470f072d17p-635,0x1.3235fe80599c2p-291,3.00643600005226199e-88
8,199,0x1.4a16d43b76e6fp-293,0x1.3a9470f072d17p-635,0x1.4a16d43b76e7p-293,8.10219308206852170e-89
8,200,0x1.634bbd61ececap-295,0x1.3a9470f072d17p-635,0x1.634bbd61ececbp-295,2.18022572149951956e-89
8,201,0x1.7ddb57eab9927p-297,0x1.3a9470f072d17p-635,0x1.7ddb57eab9928p-297,5.85803366219979503e-90
8,202,0x1.99cb4b834e3dep-299,0x1.3a9470f072d17p-635,0x1.99cb4b834e3dfp-299,1.57165440738114125e-90
8,203,0x1.b72031dacd8f8p-301,0x1.3a9470f072d17p-635,0x1.b72031dacd8f9p-301,4.21036992657406245e-91
8,204,0x1.d5dd7f4a46defp-303,0x1.3a9470f072d17p-635,0x1.d5dd7f4a46dfp-303,1.12627553636124680e-91
8,205,0x1.f6056c0f4e578p-305,0x1.3a9470f072d17p-635,0x1.f6056c0f4e579p-305,3.00838488125800694e-92
8,206,0x1.0bcc6f27ef834p-306,0x1.3a9470f072d17p-635,0x1.0bcc6f27ef835p-306,8.02397592426882589e-93
8,207,0x1.1d4baa8fc2618p-308,0x1.3a9470f072d17p-635,0x1.1d4baa8fc2619p-308,2.13705844850212989e-93
8,208,0x1.2f7f6a5f25333p-310,0x1.3a9470f072d17p-635,0x1.2f7f6a5f25334p-310,5.68351233877022346e-94
8,209,0x1.4265ea24f0c1dp-312,0x1.3a9470f072d17p-635,0x1.4265ea24f0c1ep-312,1.50936358033401970e-94
8,210,0x1.55fc968c66bb4p-314,0x1.3a9470f072d17p-635,0x1.55fc968c66bb5p-314,4.00267729199354075e-95
8,211,0x1.6a4005fb0cd3bp-316,0x1.3a9470f072d17p-635,0x1.6a4005fb0cd3cp-316,1.05996105420390898e-95
8,212,0x1.7f2bf2391efc6p-318,0x1.3a9470f072d17p-635,0x1.7f2bf2391efc7p-318,2.80294644186908391e-96
8,213,0x1.94bb333da777p-320,0x1.3a9470f072d17p-635,0x1.94bb333da7771p-320,7.40164346112205737e-97
8,214,0x1.aae7bb35b89f3p-322,0x1.3a9470f072d17p-635,0x1.aae7bb35b89f4p-322,1.95178904507135564e-97
8,215,0x1.c1aa93dc631c6p-324,0x1.3a9470f072d17p-635,0x1.c1aa93dc631c7p-324,5.13962932533374365e-98
8,216,0x1.d8fbdd36d5ca8p-326,0x1.3a9470f072d17p-635,0x1.d8fbdd36d5ca9p-326,1.35153642553294145e-98
8,217,0x1.f0d2cdc59f515p-328,0x1.3a9470f072d17p-635,0x1.f0d2cdc59f516p-328,3.54914338567265984e-99
8,218,0x1.0492da1ca95aap-329,0x1.3a9470f072d17p-635,0x1.0492da1ca95abp-329,9.30726205419316154e-100
8,219,0x1.10f4fd5aeb3f5p-331,0x1.3a9470f072d17p-635,0x1.10f4fd5aeb3f6p-331,2.43739374181912681e-100
8,220,0x1.1d8a15d63e941p-333,0x1.3a9470f072d17p-635,0x1.1d8a15d63e942p-333,6.37437361337193629e-101
8,221,0x1.2a4bfc28d3f48p-335,0x1.3a9470f072d17p-635,0x1.2a4bfc28d3f49p-335,1.66479248048335560e-101
8,222,0x1.37342057996f3p-337,0x1.3a9470f072d17p-635,0x1.37342057996f4p-337,4.34206313561848594e-102
8,223,0x1.443b8ea8a4cd3p-339,0x1.3a9470f072d17p-635,0x1.443b8ea8a4cd4p-339,1.13096260286176406e-102
8,224,0x1.515af543c7ccbp-341,0x1.3a9470f072d17p-635,0x1.515af543c7cccp-341,2.94184005685758330e-103
8,225,0x1.5e8aaa986588dp-343,0x1.3a9470f072d17p-635,0x1.5e8aaa986588ep-343,7.64207275151031741e-104
8,226,0x1.6bc2b481c2063p-345,0x1.3a9470f072d17p-635,0x1.6bc2b481c2064p-345,1.98256369264896454e-104
8,227,0x1.78fad0212d0ffp-347,0x1.3a9470f072d17p-635,0x1.78fad0212d1p-347,5.13652667584608081e-105
8,228,0x1.862a7a639c781p-349,0x1.3a9470f072d17p-635,0x1.862a7a639c782p-349,1.32904868873609731e-105
8,229,0x1.9348f9268e10fp-351,0x1.3a9470f072d17p-635,0x1.9348f9268e11p-351,3.43434310873951219e-106
8,230,0x1.a04d64ee635e9p-353,0x1.3a9470f072d17p-635,0x1.a04d64ee635eap-353,8.86299282779575410e-107
8,231,0x1.ad2eb31ede5cap-355,0x1.3a9470f072d17p-635,0x1.ad2eb31ede5cbp-355,2.28430188902649379e-107
8,232,0x1.b9e3c0a4fb4c8p-357,0x1.3a9470f072d17p-635,0x1.b9e3c0a4fb4c9p-357,5.87983880822992301e-108
8,233,0x1.c6635d001d1dfp-359,0x1.3a9470f072d17p-635,0x1.c6635d001d1ep-359,1.51153628330575872e-108
8,234,0x1.d2a455976392p-361,0x1.3a9470f072d17p-635,0x1.d2a4559763921p-361,3.88074726943237463e-109
8,235,0x1.de9d81470fce8p-363,0x1.3a9470f072d17p-635,0x1.de9d81470fce9p-363,9.95080336812112951e-110
8,236,0x1.ea45cc111be7dp-365,0x1.3a9470f072d17p-635,0x1.ea45cc111be7ep-365,2.54829252115690757e-110
8,237,0x1.f59442db935ddp-367,0x1.3a9470f072d17p-635,0x1.f59442db935dep-367,6.51765092990154940e-111
8,238,0x1.00400f9371dcdp-368,0x1.3a9470f072d17p-635,0x1.00400f9371dcep-368,1.66489138945370614e-111
8,239,0x1.0580695318882p-370,0x1.3a9470f072d17p-635,0x1.0580695318883p-370,4.24752556319819630e-112
8,240,0x1.0a870951e4c55p-372,0x1.3a9470f072d17p-635,0x1.0a870951e4c56p-372,1.08229001186130084e-112
8,241,0x1.0f4ff18e0b9f9p-374,0x1.3a9470f072d17p-635,0x1.0f4ff18e0b9fap-374,2.75429914134226640e-113
8,242,0x1.13d750bcf51cdp-376,0x1.3a9470f072d17p-635,0x1.13d750bcf51cep-376,7.00068606509455111e-114
8,243,0x1.1819876fd13bap-378,0x1.3a9470f072d17p-635,0x1.1819876fd13bbp-378,1.77719201311242947e-114
8,244,0x1.1c132cf4d1a03p-380,0x1.3a9470f072d17p-635,0x1.1c132cf4d1a04p-380,4.50603491027085682e-115
8,245,0x1.1fc113ebc5288p-382,0x1.3a9470f072d17p-635,0x1.1fc113ebc5289p-382,1.14109913903286018e-115
8,246,0x1.23204e8572053p-384,0x1.3a9470f072d17p-635,0x1.23204e8572054p-384,2.88617718045669170e-116
8,247,0x1.262e3265bf2fp-386,0x1.3a9470f072d17p-635,0x1.262e3265bf2f1p-386,7.29114148713094535e-117
8,248,0x1.28e85c218501dp-388,0x1.3a9470f072d17p-635,0x1.28e85c218501ep-388,1.83968349973308007e-117
8,249,0x1.2b4cb251b4abbp-390,0x1.3a9470f072d17p-635,0x1.2b4cb251b4abcp-390,4.63626078133437404e-118
8,250,0x1.2d5968366c36ap-392,0x1.3a9470f072d17p-635,0x1.2d5968366c36bp-392,1.16700265518520245e-118
8,251,0x1.2f0cffe57ea56p-394,0x1.3a9470f072d17p-635,0x1.2f0cffe57ea57p-394,2.93397999784862604e-119
8,252,0x1.30664c00f2e8dp-396,0x1.3a9470f072d17p-635,0x1.30664c00f2e8ep-396,7.36759636934429177e-120
8,253,0x1.316470f2fd815p-398,0x1.3a9470f072d17p-635,0x1.316470f2fd816p-398,1.84790615552023300e-120
8,254,0x1.3206e5adfe248p-400,0x1.3a9470f072d17p-635,0x1.3206e5adfe249p-400,4.62936508528179823e-121
8,255,0x1.324d73f01058bp-402,0x1.3a9470f072d17p-635,0x1.324d73f01058cp-402,1.15838357408755193e-121
8,256,0x1.3238380ac251dp-404,0x1.3a9470f072d17p-635,0x1.3238380ac251ep-404,2.89517472414124997e-122
8,257,0x1.31c7a03084ca7p-406,0x1.3a9470f072d17p-635,0x1.31c7a03084ca8p-406,7.22754110668799907e-123
8,258,0x1.30fc6b4a5f26bp-408,0x1.3a9470f072d17p-635,0x1.30fc6b4a5f26cp-408,1.80219477034139168e-123
8,259,0x1.2fd7a75961ef4p-410,0x1.3a9470f072d17p-635,0x1.2fd7a75961ef5p-410,4.48859257184813690e-124
8,260,0x1.2e5aaf6834ad7p-412,0x1.3a9470f072d17p-635,0x1.2e5aaf6834ad8p-412,1.11665208947072216e-124
8,261,0x1.2c872911f1358p-414,0x1.3a9470f072d17p-635,0x1.2c872911f1359p-414,2.77476832502480809e-125
8,262,0x1.2a5f01a4436c1p-416,0x1.3a9470f072d17p-635,0x1.2a5f01a4436c2p-416,6.88713540010491231e-126
8,263,0x1.27e46ae377b9ep-418,0x1.3a9470f072d17p-635,0x1.27e46ae377b9fp-418,1.70747929545121152e-126
8,264,0x1.2519d777c30fcp-420,0x1.3a9470f072d17p-635,0x1.2519d777c30fdp-420,4.22842929541171802e-127
8,265,0x1.2201f70b9add9p-422,0x1.3a9470f072d17p-635,0x1.2201f70b9addap-422,1.04595104305983868e-127
8,266,0x1.1e9fb2236a532p-424,0x1.3a9470f072d17p-635,0x1.1e9fb2236a533p-424,2.58436672544452569e-128
8,267,0x1.1af625b753013p-426,0x1.3a9470f072d17p-635,0x1.1af625b753014p-426,6.37836327930993377e-129
8,268,0x1.17089e97f115bp-428,0x1.3a9470f072d17p-635,0x1.17089e97f115cp-428,1.57245599868496011e-129
8,269,0x1.12da94a74f831p-430,0x1.3a9470f072d17p-635,0x1.12da94a74f832p-430,3.87225271994949216e-130
8,270,0x1.0e6fa5ef55a17p-432,0x1.3a9470f072d17p-635,0x1.0e6fa5ef55a18p-432,9.52503572925318175e-131
8,271,0x1.09cb919eff47cp-434,0x1.3a9470f072d17p-635,0x1.09cb919eff47dp-434,2.34039431850225377e-131
8,272,0x1.04f232f7a1fbdp-436,0x1.3a9470f072d17p-635,0x1.04f232f7a1fbep-436,5.74424188424804630e-132
8,273,0x1.ffcef866be47ep-439,0x1.3a9470f072d17p-635,0x1.ffcef866be47fp-439,1.40831373094400759e-132
8,274,0x1.f55ee2db58fb3p-441,0x1.3a9470f072d17p-635,0x1.f55ee2db58fb4p-441,3.44898140606329613e-133
8,275,0x1.ea9c472d25c84p-443,0x1.3a9470f072d17p-635,0x1.ea9c472d25c85p-443,8.43740235394875967e-134
8,276,0x1.df8f56f1d297fp-445,0x1.3a9470f072d17p-635,0x1.df8f56f1d298p-445,2.06183944418155659e-134
8,277,0x1.d44049b6cfe24p-447,0x1.3a9470f072d17p-635,0x1.d44049b6cfe25p-447,5.03304486968807623e-135
8,278,0x1.c8b75387ef114p-449,0x1.3a9470f072d17p-635,0x1.c8b75387ef115p-449,1.22726491971274329e-135
8,279,0x1.bcfc9bc8387bbp-451,0x1.3a9470f072d17p-635,0x1.bcfc9bc8387bcp-451,2.98936586975628817e-136
8,280,0x1.b11834699a403p-453,0x1.3a9470f072d17p-635,0x1.b11834699a404p-453,7.27368882023169910e-137
8,281,0x1.a512118edf2a4p-455,0x1.3a9470f072d17p-635,0x1.a512118edf2a5p-455,1.76793749485681410e-137
8,282,0x1.98f201a227fcbp-457,0x1.3a9470f072d17p-635,0x1.98f201a227fccp-457,4.29256892434687300e-138
8,283,0x1.8cbfa5e8ce873p-459,0x1.3a9470f072d17p-635,0x1.8cbfa5e8ce874p-459,1.04113598077788188e-138
8,284,0x1.80826b9c54061p-461,0x1.3a9470f072d17p-635,0x1.80826b9c54062p-461,2.52254577888191537e-139
8,285,0x1.7441858ea84fbp-463,0x1.3a9470f072d17p-635,0x1.7441858ea84fcp-463,6.10539383118373902e-140
8,286,0x1.6803e65ec699cp-465,0x1.3a9470f072d17p-635,0x1.6803e65ec699dp-465,1.47615828754584691e-140
8,287,0x1.5bd03b4157f07p-467,0x1.3a9470f072d17p-635,0x1.5bd03b4157f08p-467,3.56531884417788808e-141
8,288,0x1.4face75fc4abfp-469,0x1.3a9470f072d17p-635,0x1.4face75fc4acp-469,8.60224070140506134e-142
8,289,0x1.439fffcee1608p-471,0x1.3a9470f072d17p-635,0x1.439fffcee1609p-471,2.07335723461445503e-142
8,290,0x1.37af481d32dc8p-473,0x1.3a9470f072d17p-635,0x1.37af481d32dc9p-473,4.99214925705082370e-143
8,291,0x1.2be02f77a2895p-475,0x1.3a9470f072d17p-635,0x1.2be02f77a2896p-475,1.20075223652913966e-143
8,292,0x1.2037ce626a532p-477,0x1.3a9470f072d17p-635,0x1.2037ce626a533p-477,2.88518185682931934e-144
8,293,0x1.14bae50300191p-479,0x1.3a9470f072d17p-635,0x1.14bae50300192p-479,6.92545711164622932e-145
8,294,0x1.096dd9f6dc96fp-481,0x1.3a9470f072d17p-635,0x1.096dd9f6dc97p-481,1.66065977605361789e-145
8,295,0x1.fca973644668dp-484,0x1.3a9470f072d17p-635,0x1.fca973644668ep-484,3.97806025454806304e-146
8,296,0x1.e6e66cc0de853p-486,0x1.3a9470f072d17p-635,0x1.e6e66cc0de854p-486,9.51967239391443391e-147
8,297,0x1.d1995082c25bap-488,0x1.3a9470f072d17p-635,0x1.d1995082c25bbp-488,2.27579994210946365e-147
8,298,0x1.bcc81cf3e5b7fp-490,0x1.3a9470f072d17p-635,0x1.bcc81cf3e5b8p-490,5.43511905619324765e-148
8,299,0x1.a87820a63c82ap-492,0x1.3a9470f072d17p-635,0x1.a87820a63c82bp-492,1.29672654148208300e-148
8,300,0x1.94adfdbbf879fp-494,0x1.3a9470f072d17p-635,0x1.94adfdbbf87ap-494,3.09067646824196254e-149
8,301,0x1.816dadea6341ep-496,0x1.3a9470f072d17p-635,0x1.816dadea6341fp-496,7.35912088488168607e-150
8,302,0x1.6eba872697343p-498,0x1.3a9470f072d17p-635,0x1.6eba872697344p-498,1.75051970506931312e-150
8,303,0x1.5c9740eb07548p-500,0x1.3a9470f072d17p-635,0x1.5c9740eb07549p-500,4.15985474902656269e-151
8,304,0x1.4b05fa04b06edp-502,0x1.3a9470f072d17p-635,0x1.4b05fa04b06eep-502,9.87553962456502609e-152
8,305,0x1.3a083ed6d1aap-504,0x1.3a9470f072d17p-635,0x1.3a083ed6d1aa1p-504,2.34215921416825218e-152
8,306,0x1.299f100437554p-506,0x1.3a9470f072d17p-635,0x1.299f100437555p-506,5.54940337184560682e-153
8,307,0x1.19cae96d6ee13p-508,0x1.3a9470f072d17p-635,0x1.19cae96d6ee14p-508,1.31356587982620977e-153
8,308,0x1.0a8bc973a623ap-510,0x1.3a9470f072d17p-635,0x1.0a8bc973a623bp-510,3.10623626048429516e-154
8,309,0x1.f7c270e0fd467p-513,0x1.3a9470f072d17p-635,0x1.f7c270e0fd468p-513,7.33830128483642980e-155
8,310,0x1.db94a0a7776a6p-515,0x1.3a9470f072d17p-635,0x1.db94a0a7776a7p-515,1.73195409367310080e-155
8,311,0x1.c08b88b0cd654p-517,0x1.3a9470f072d17p-635,0x1.c08b88b0cd655p-517,4.08374249222789895e-156
8,312,0x1.a6a3d18794be9p-519,0x1.3a9470f072d17p-635,0x1.a6a3d18794beap-519,9.61972808692487611e-157
8,313,0x1.8dd97542f7b9bp-521,0x1.3a9470f072d17p-635,0x1.8dd97542f7b9cp-521,2.26386774017831794e-157
8,314,0x1.7627cee10dc7ap-523,0x1.3a9470f072d17p-635,0x1.7627cee10dc7bp-523,5.32260743902931564e-158
8,315,0x1.5f89a96d85a4bp-525,0x1.3a9470f072d17p-635,0x1.5f89a96d85a4cp-525,1.25021374515692152e-158
8,316,0x1.49f94ee07f4b3p-527,0x1.3a9470f072d17p-635,0x1.49f94ee07f4b4p-527,2.93380913603506467e-159
8,317,0x1.357096a367cb8p-529,0x1.3a9470f072d17p-635,0x1.357096a367cb9p-529,6.87810019683879227e-160
8,318,0x1.21e8f3ab90913p-531,0x1.3a9470f072d17p-635,0x1.21e8f3ab90914p-531,1.61099979545858681e-160
8,319,0x1.0f5b821c25eccp-533,0x1.3a9470f072d17p-635,0x1.0f5b821c25ecdp-533,3.76976347045524682e-161
8,320,0x1.fb8228c617e26p-536,0x1.3a9470f072d17p-635,0x1.fb8228c617e27p-536,8.81303760605796483e-162
8,321,0x1.da247f8c02e8p-538,0x1.3a9470f072d17p-635,0x1.da247f8c02e81p-538,2.05840732160897918e-162
8,322,0x1.ba8ed0ae69265p-540,0x1.3a9470f072d17p-635,0x1.ba8ed0ae69266p-540,4.80321963636525904e-163
8,323,0x1.9cb198945c85bp-542,0x1.3a9470f072d17p-635,0x1.9cb198945c85cp-542,1.11977369269977702e-163
8,324,0x1.807d1d4743291p-544,0x1.3a9470f072d17p-635,0x1.807d1d4743292p-544,2.60811060866037925e-164
8,325,0x1.65e1828075bfdp-546,0x1.3a9470f072d17p-635,0x1.65e1828075bfep-546,6.06905285874538865e-165
8,326,0x1.4ccedc6013cfep-548,0x1.3a9470f072d17p-635,0x1.4ccedc6013cffp-548,1.41096497610620479e-165
8,327,0x1.353540caf6eb9p-550,0x1.3a9470f072d17p-635,0x1.353540caf6ebap-550,3.27727714379403599e-166
8,328,0x1.1f04d77045a77p-552,0x1.3a9470f072d17p-635,0x1.1f04d77045a78p-552,7.60524032894043761e-167
8,329,0x1.0a2de8797a026p-554,0x1.3a9470f072d17p-635,0x1.0a2de8797a027p-554,1.76326165026814519e-167
8,330,0x1.ed41d3d3a0963p-557,0x1.3a9470f072d17p-635,0x1.ed41d3d3a0964p-557,4.08437706633190004e-168
8,331,0x1.c89d1767fa786p-559,0x1.3a9470f072d17p-635,0x1.c89d1767fa787p-559,9.45238359167470071e-169
8,332,0x1.a64f851d7a11p-561,0x1.3a9470f072d17p-635,0x1.a64f851d7a111p-561,2.18556876423432726e-169
8,333,0x1.863ba32495ed3p-563,0x1.3a9470f072d17p-635,0x1.863ba32495ed4p-563,5.04889596477013210e-170
8,334,0x1.6844a5542d2eep-565,0x1.3a9470f072d17p-635,0x1.6844a5542d2efp-565,1.16530162267716920e-170
8,335,0x1.4c4e7bce53608p-567,0x1.3a9470f072d17p-635,0x1.4c4e7bce53609p-567,2.68714702802243511e-171
8,336,0x1.323ddf8119db6p-569,0x1.3a9470f072d17p-635,0x1.323ddf8119db7p-569,6.19094316410354667e-172
8,337,0x1.19f85c9f6eb22p-571,0x1.3a9470f072d17p-635,0x1.19f85c9f6eb23p-571,1.42506825703636761e-172
8,338,0x1.03645b2f38c42p-573,0x1.3a9470f072d17p-635,0x1.03645b2f38c43p-573,3.27739754721184951e-173
8,339,0x1.dcd24b9539e21p-576,0x1.3a9470f072d17p-635,0x1.dcd24b9539e22p-576,7.53075173817011206e-174
8,340,0x1.b5dddd659c9adp-578,0x1.3a9470f072d17p-635,0x1.b5dddd659c9aep-578,1.72887828233039744e-174
8,341,0x1.91bda6a5f69d5p-580,0x1.3a9470f072d17p-635,0x1.91bda6a5f69d6p-580,3.96559643698877917e-175
8,342,0x1.7045bca3b2394p-582,0x1.3a9470f072d17p-635,0x1.7045bca3b2396p-582,9.08807163706867527e-176
8,343,0x1.514c10a00156fp-584,0x1.3a9470f072d17p-635,0x1.514c10a001572p-584,2.08091917015681356e-176
8,344,0x1.34a86ee1b05ddp-586,0x1.3a9470f072d17p-635,0x1.34a86ee1b05e8p-586,4.76058179681372163e-177
8,345,0x1.1a347b961a371p-588,0x1.3a9470f072d17p-635,0x1.1a347b961a399p-588,1.08814633840821112e-177
8,346,0x1.01cbadb9a6479p-590,0x1.3a9470f072d17p-635,0x1.01cbadb9a6517p-590,2.48506713910810789e-178
8,347,0x1.d696907c85be1p-593,0x1.3a9470f072d17p-635,0x1.d696907c860ccp-593,5.67039856070134197e-179
8,348,0x1.ad24a34847766p-595,0x1.3a9470f072d17p-635,0x1.ad24a34848b1p-595,1.29275065175500765e-179
8,349,0x1.8703146d6290dp-597,0x1.3a9470f072d17p-635,0x1.8703146d677b3p-597,2.94471143646222371e-180
8,350,0x1.63f6c23a1efa9p-599,0x1.3a9470f072d17p-635,0x1.63f6c23a32a3ep-599,6.70190997420775995e-181
8,351,0x1.43c7d0d61cfe4p-601,0x1.3a9470f072d17p-635,0x1.43c7d0d66ba37p-601,1.52399439852478635e-181
8,352,0x1.264190b9310e9p-603,0x1.3a9470f072d17p-635,0x1.264190ba6ba31p-603,3.46256668001933791e-182
8,353,0x1.0b3263c5f38f8p-605,0x1.3a9470f072d17p-635,0x1.0b3263cadde15p-605,7.86038770837180155e-183
8,354,0x1.e4d742a25f44cp-608,0x1.3a9470f072d17p-635,0x1.e4d742c9b1d2fp-608,1.78287906921492455e-183
8,355,0x1.b782f2b3ae29dp-610,0x1.3a9470f072d17p-635,0x1.b782f350f8626p-610,4.04047987194036074e-184
8,356,0x1.8e15ae5f54f6dp-612,0x1.3a9470f072d17p-635,0x1.8e15b0d47dd8cp-612,9.14909646535349188e-185
8,357,0x1.68428782caf68p-614,0x1.3a9470f072d17p-635,0x1.684291576e7e1p-614,2.06994486681863206e-185
8,358,0x1.45c18f8bff65p-616,0x1.3a9470f072d17p-635,0x1.45c1b6de8d832p-616,4.67924794174595593e-186
8,359,0x1.264f9bdf0bc3fp-618,0x1.3a9470f072d17p-635,0x1.26503929443c4p-618,1.05689710714798403e-186
8,360,0x1.09ae0aa241da8p-620,0x1.3a9470f072d17p-635,0x1.09b07fcb23bb7p-620,2.38526718110315638e-187
8,361,0x1.df451074e0df3p-623,0x1.3a9470f072d17p-635,0x1.df58b9bbefe67p-623,5.37925798091359464e-188
8,362,0x1.afedab7092ab2p-625,0x1.3a9470f072d17p-635,0x1.b03c508ccec7ep-625,1.21264388868061774e-188
8,363,0x1.84f120dec3938p-627,0x1.3a9470f072d17p-635,0x1.862bb54fb4066p-627,2.73657556937916367e-189
8,364,0x1.5df1f5cea5af4p-629,0x1.3a9470f072d17p-635,0x1.62dc4792677a9p-629,6.22229191507306972e-190
8,365,0x1.3a998ea014a95p-631,0x1.3a9470f072d17p-635,0x1.4e42d5af1bd67p-631,1.46527308988219237e-190
8,366,0x1.1a97c736e7e9bp-633,0x1.3a9470f072d17p-635,0x1.693ce373049e2p-633,3.95882243601663150e-191
8,367,0x1.fb451d60af8a4p-636,0x1.3a9470f072d17p-635,0x1.1c1b7fd0654b5p-634,1.55677324292293779e-191
8,368,0x1.c6eb0d8c1ffe8p-638,0x1.3a9470f072d17p-635,0x1.7371d2a1f6d15p-635,1.01766973912721093e-191
8,369,0x1.97a34dff5ccf5p-640,0x1.3a9470f072d17p-635,0x1.47518b606db8p-635,8.96774775832205519e-192
8,370,0x1.6cf9c79320a71p-642,0x1.3a9470f072d17p-635,0x1.3d6e647f9912dp-635,8.69685897275775935e-192
8,371,0x1.4683b2fdc5be1p-644,0x1.3a9470f072d17p-635,0x1.3b37b2c9f1b46p-635,8.63621026194157724e-192
8,372,0x1.23def6d9e26b5p-646,0x1.3a9470f072d17p-635,0x1.3ab8eccf4e0ddp-635,8.62264273136384567e-192
8,373,0x1.04b18d9cf7dffp-648,0x1.3a9470f072d17p-635,0x1.3a9c967cdfb94p-635,8.61961002972437163e-192
8,374,0x1.d151e6de77dafp-651,0x1.3a9470f072d17p-635,0x1.3a96424259affp-635,8.61893268593432501e-192
8,375,0x1.9ef33794e2ddcp-653,0x1.3a9470f072d17p-635,0x1.3a94d8ad40b6cp-635,8.61878152479545742e-192
8,376,0x1.71bcdd785e425p-655,0x1.3a9470f072d17p-635,0x1.3a94880c40a9p-635,8.61874781752153251e-192
8,377,0x1.49309b3f75cd5p-657,0x1.3a9470f072d17p-635,0x1.3a947615353e8p-635,8.61874030716571929e-192
8,378,0x1.24db3e397a2afp-659,0x1.3a9470f072d17p-635,0x1.3a9472154e0fcp-635,8.61873863510620341e-192
8,379,0x1.0453c46485d6ep-661,0x1.3a9470f072d17p-635,0x1.3a94713187c2ap-635,8.61873826314451354e-192
8,380,0x1.ce752043a3acdp-664,0x1.3a9470f072d17p-635,0x1.3a9470fee67a8p-635,8.61873818046443553e-192
8,381,0x1.9a71520d64005p-666,0x1.3a9470f072d17p-635,0x1.3a9470f3a7b42p-635,8.61873816210071670e-192
8,382,0x1.6bfe12861b141p-668,0x1.3a9470f072d17p-635,0x1.3a9470f128d09p-635,8.61873815802524126e-192
8,383,0x1.428bee2482dfdp-670,0x1.3a9470f072d17p-635,0x1.3a9470f09b23p-635,8.61873815712147675e-192
8,384,0x1.1d98d351f1bdbp-672,0x1.3a9470f072d17p-635,0x1.3a9470f07bbe4p-635,8.61873815692121712e-192
8,385,0x1.f95de44569208p-675,0x1.3a9470f072d17p-635,0x1.3a9470f074caep-635,8.61873815687687868e-192
8,386,0x1.bec7619be3e15p-677,0x1.3a9470f072d17p-635,0x1.3a9470f073413p-635,8.61873815686706878e-192
8,387,0x1.8aad6793fe36ap-679,0x1.3a9470f072d17p-635,0x1.3a9470f072ea3p-635,8.61873815686490091e-192
8,388,0x1.5c61f0ebc2591p-681,0x1.3a9470f072d17p-635,0x1.3a9470f072d6fp-635,8.61873815686442124e-192
8,389,0x1.3348027bfdf95p-683,0x1.3a9470f072d17p-635,0x1.3a9470f072d2bp-635,8.61873815686431534e-192
8,390,0x1.0ed22461487e2p-685,0x1.3a9470f072d17p-635,0x1.3a9470f072d1cp-635,8.61873815686429198e-192
8,391,0x1.dd01f3fa1ed5fp-688,0x1.3a9470f072d17p-635,0x1.3a9470f072d19p-635,8.61873815686428731e-192
8,392,0x1.a3c3edb027f5ap-690,0x1.3a9470f072d17p-635,0x1.3a9470f072d18p-635,8.61873815686428575e-192
8,393,0x1.711c5d041d5fdp-692,0x1.3a9470f072d17p-635,0x1.3a9470f072d18p-635,8.61873815686428575e-192
8,394,0x1.44527b3b075c4p-694,0x1.3a9470f072d17p-635,0x1.3a9470f072d18p-635,8.61873815686428575e-192
8,395,0x1.1cc094b5f69d1p-696,0x1.3a9470f072d17p-635,0x1.3a9470f072d18p-635,8.61873815686428575e-192
8,396,0x1.f3a46aed71dedp-699,0x1.3a9470f072d17p-635,0x1.3a9470f072d18p-635,8.61873815686428575e-192
8,397,0x1.b604fc184841p-701,0x1.3a9470f072d17p-635,0x1.3a9470f072d18p-635,8.61873815686428575e-192
8,398,0x1.7fb53bd24cd2p-703,0x1.3a9470f072d17p-635,0x1.3a9470f072d18p-635,8.61873815686428575e-192
8,399,0x1.4fe0e0a6fea53p-705,0x1.3a9470f072d17p-635,0x1.3a9470f072d18p-635,8.61873815686428575e-192
8,400,0x1.25ca728064bbbp-707,0x1.3a9470f072d17p-635,0x1.3a9470f072d18p-635,8.61873815686428575e-192
8,401,0x1.00c8ff38811e7p-709,0x1.3a9470f072d17p-635,0x1.3a9470f072d18p-635,8.61873815686428575e-192
8,402,0x1.c08c0a9e8b9bdp-712,0x1.3a9470f072d17p-635,0x1.3a9470f072d18p-635,8.61873815686428575e-192
8,403,0x1.877720bb7fae5p-714,0x1.3a9470f072d17p-635,0x1.3a9470f072d18p-635,8.61873815686428575e-192
8,404,0x1.5565065283b84p-716,0x1.3a9470f072d17p-635,0x1.3a9470f072d18p-635,8.61873815686428575e-192
8,405,0x1.298217014b5f9p-718,0x1.3a9470f072d17p-635,0x1.3a9470f072d18p-635,8.61873815686428575e-192
8,406,0x1.031278a44ae9cp-720,0x1.3a9470f072d17p-635,0x1.3a9470f072d18p-635,8.61873815686428575e-192
8,407,0x1.c2df2aa618ee7p-723,0x1.3a9470f072d17p-635,0x1.3a9470f072d18p-635,8.61873815686428575e-192
8,408,0x1.880baa11ea36ap-725,0x1.3a9470f072d17p-635,0x1.3a9470f072d18p-635,8.61873815686428575e-192
8,409,0x1.54a522983d427p-727,0x1.3a9470f072d17p-635,0x1.3a9470f072d18p-635,8.61873815686428575e-192
8,410,0x1.27c47b26c01cap-729,0x1.3a9470f072d17p-635,0x1.3a9470f072d18p-635,8.61873815686428575e-192
8,411,0x1.009d7f2b905fbp-731,0x1.3a9470f072d17p-635,0x1.3a9470f072d18p-635,8.61873815686428575e-192
8,412,0x1.bcf7cc4257f44p-734,0x1.3a9470f072d17p-635,0x1.3a9470f072d18p-635,8.61873815686428575e-192
8,413,0x1.818153b5ebeafp-736,0x1.3a9470f072d17p-635,0x1.3a9470f072d18p-635,8.61873815686428575e-192
8,414,0x1.4dbf4826ad5fep-738,0x1.3a9470f072d17p-635,0x1.3a9470f072d18p-635,8.61873815686428575e-192
8,415,0x1.20bad8bcc597p-740,0x1.3a9470f072d17p-635,0x1.3a9470f072d18p-635,8.61873815686428575e-192
8,416,0x1.f335c0eb08d21p-743,0x1.3a9470f072d17p-635,0x1.3a9470f072d18p-635,8.61873815686428575e-192
8,417,0x1.af40fe1a50d1ep-745,0x1.3a9470f072d17p-635,0x1.3a9470f072d18p-635,8.61873815686428575e-192
8,418,0x1.7448207fdddd7p-747,0x1.3a9470f072d17p-635,0x1.3a9470f072d18p-635,8.61873815686428575e-192
8,419,0x1.4124efc407e0cp-749,0x1.3a9470f072d17p-635,0x1.3a9470f072d18p-635,8.61873815686428575e-192
8,420,0x1.14d57457a1fe5p-751,0x1.3a9470f072d17p-635,0x1.3a9470f072d18p-635,8.61873815686428575e-192
8,421,0x1.dcef6192ecc2cp-754,0x1.3a9470f072d17p-635,0x1.3a9470f072d18p-635,8.61873815686428575e-192
8,422,0x1.9a8bab49d179fp-756,0x1.3a9470f072d17p-635,0x1.3a9470f072d18p-635,8.61873815686428575e-192
8,423,0x1.6125c5ff415f1p-758,0x1.3a9470f072d17p-635,0x1.3a9470f072d18p-635,8.61873815686428575e-192
8,424,0x1.2f8f58318021dp-760,0x1.3a9470f072d17p-635,0x1.3a9470f072d18p-635,8.61873815686428575e-192
8,425,0x1.04c0651c0441ep-762,0x1.3a9470f072d17p-635,0x1.3a9470f072d18p-635,8.61873815686428575e-192
8,426,0x1.bfa53ecf0d6b6p-765,0x1.3a9470f072d17p-635,0x1.3a9470f072d18p-635,8.61873815686428575e-192
8,427,0x1.7ffa8e39a4a09p-767,0x1.3a9470f072d17p-635,0x1.3a9470f072d18p-635,8.61873815686428575e-192
8,428,0x1.4923071db14cbp-769,0x1.3a9470f072d17p-635,0x1.3a9470f072d18p-635,8.61873815686428575e-192
8,429,0x1.19ee57006f192p-771,0x1.3a9470f072d17p-635,0x1.3a9470f072d18p-635,8.61873815686428575e-192
8,430,0x1.e2a7bcccbd561p-774,0x1.3a9470f072d17p-635,0x1.3a9470f072d18p-635,8.61873815686428575e-192
8,431,0x1.9cdb656f0e831p-776,0x1.3a9470f072d17p-635,0x1.3a9470f072d18p-635,8.61873815686428575e-192
8,432,0x1.60e8745575a23p-778,0x1.3a9470f072d17p-635,0x1.3a9470f072d18p-635,8.61873815686428575e-192
8,433,0x1.2d74a0288f1b2p-780,0x1.3a9470f072d17p-635,0x1.3a9470f072d18p-635,8.61873815686428575e-192
8,434,0x1.0153c3b3ca342p-782,0x1.3a9470f072d17p-635,0x1.3a9470f072d18p-635,8.61873815686428575e-192
8,435,0x1.b703da0bbb17ep-785,0x1.3a9470f072d17p-635,0x1.3a9470f072d18p-635,8.61873815686428575e-192
8,436,0x1.763c51966e85p-787,0x1.3a9470f072d17p-635,0x1.3a9470f072d18p-635,8.61873815686428575e-192
8,437,0x1.3ecbe74e4b089p-789,0x1.3a9470f072d17p-635,0x1.3a9470f072d18p-635,8.61873815686428575e-192
8,438,0x1.0f627b96a4abdp-791,0x1.3a9470f072d17p-635,0x1.3a9470f072d18p-635,8.61873815686428575e-192
8,439,0x1.cdbbbd192ba3p-794,0x1.3a9470f072d17p-635,0x1.3a9470f072d18p-635,8.61873815686428575e-192
8,440,0x1.888775fc858e9p-796,0x1.3a9470f072d17p-635,0x1.3a9470f072d18p-635,8.61873815686428575e-192
8,441,0x1.4d78906ec4e91p-798,0x1.3a9470f072d17p-635,0x1.3a9470f072d18p-635,8.61873815686428575e-192
8,442,0x1.1b1b5496b733cp-800,0x1.3a9470f072d17p-635,0x1.3a9470f072d18p-635,8.61873815686428575e-192
8,443,0x1.e05fad6a9b415p-803,0x1.3a9470f072d17p-635,0x1.3a9470f072d18p-635,8.61873815686428575e-192
8,444,0x1.9745eb5c7860dp-805,0x1.3a9470f072d17p-635,0x1.3a9470f072d18p-635,8.61873815686428575e-192
8,445,0x1.59108826cad35p-807,0x1.3a9470f072d17p-635,0x1.3a9470f072d18p-635,8.61873815686428575e-192
8,446,0x1.24297c6ac5f15p-809,0x1.3a9470f072d17p-635,0x1.3a9470f072d18p-635,8.61873815686428575e-192
8,447,0x1.ee68cd188620bp-812,0x1.3a9470f072d17p-635,0x1.3a9470f072d18p-635,8.61873815686428575e-192
8,448,0x1.a20d2af883aaap-814,0x1.3a9470f072d17p-635,0x1.3a9470f072d18p-635,8.61873815686428575e-192
8,449,0x1.614047f28cb74p-816,0x1.3a9470f072d17p-635,0x1.3a9470f072d18p-635,8.61873815686428575e-192
8,450,0x1.2a4c02421500fp-818,0x1.3a9470f072d17p-635,0x1.3a9470f072d18p-635,8.61873815686428575e-192
8,451,0x1.f7731e1ce02e3p-821,0x1.3a9470f072d17p-635,0x1.3a9470f072d18p-635,8.61873815686428575e-192
8,452,0x1.a8911f6a06a82p-823,0x1.3a9470f072d17p-635,0x1.3a9470f072d18p-635,8.61873815686428575e-192
8,453,0x1.65cebe0ac8bc3p-825,0x1.3a9470f072d17p-635,0x1.3a9470f072d18p-635,8.61873815686428575e-192
8,454,0x1.2d58da714555ep-827,0x1.3a9470f072d17p-635,0x1.3a9470f072d18p-635,8.61873815686428575e-192
8,455,0x1.fb421aa5e4d83p-830,0x1.3a9470f072d17p-635,0x1.3a9470f072d18p-635,8.61873815686428575e-192
8,456,0x1.aaa797b4946bp-832,0x1.3a9470f072d17p-635,0x1.3a9470f072d18p-635,8.61873815686428575e-192
8,457,0x1.669fd7da101d1p-834,0x1.3a9470f072d17p-635,0x1.3a9470f072d18p-635,8.61873815686428575e-192
8,458,0x1.2d3eb1df372b9p-836,0x1.3a9470f072d17p-635,0x1.3a9470f072d18p-635,8.61873815686428575e-192
8,459,0x1.f9c33e8afffd8p-839,0x1.3a9470f072d17p-635,0x1.3a9470f072d18p-635,8.61873815686428575e-192
8,460,0x1.a849f49846dcbp-841,0x1.3a9470f072d17p-635,0x1.3a9470f072d18p-635,8.61873815686428575e-192
8,461,0x1.63b587a57d74dp-843,0x1.3a9470f072d17p-635,0x1.3a9470f072d18p-635,8.61873815686428575e-192
8,462,0x1.2a0575edf254ep-845,0x1.3a9470f072d17p-635,0x1.3a9470f072d18p-635,8.61873815686428575e-192
8,463,0x1.f30e5e1773e47p-848,0x1.3a9470f072d17p-635,0x1.3a9470f072d18p-635,8.61873815686428575e-192
8,464,0x1.a194fa9bf033ep-850,0x1.3a9470f072d17p-635,0x1.3a9470f072d18p-635,8.61873815686428575e-192
8,465,0x1.5d2f3a901cf57p-852,0x1.3a9470f072d17p-635,0x1.3a9470f072d18p-635,8.61873815686428575e-192
8,466,0x1.23cd8dd4365c6p-854,0x1.3a9470f072d17p-635,0x1.3a9470f072d18p-635,8.61873815686428575e-192
8,467,0x1.e763cef07469bp-857,0x1.3a9470f072d17p-635,0x1.3a9470f072d18p-635,8.61873815686428575e-192
8,468,0x1.96c6d3fd5df9ap-859,0x1.3a9470f072d17p-635,0x1.3a9470f072d18p-635,8.61873815686428575e-192
8,469,0x1.5347ca5ac2c43p-861,0x1.3a9470f072d17p-635,0x1.3a9470f072d18p-635,8.61873815686428575e-192
8,470,0x1.1acdc21e15cf7p-863,0x1.3a9470f072d17p-635,0x1.3a9470f072d18p-635,8.61873815686428575e-192
8,471,0x1.d727df4897dffp-866,0x1.3a9470f072d17p-635,0x1.3a9470f072d18p-635,8.61873815686428575e-192
8,472,0x1.8838f2deb5796p-868,0x1.3a9470f072d17p-635,0x1.3a9470f072d18p-635,8.61873815686428575e-192
8,473,0x1.464937ecfe021p-870,0x1.3a9470f072d17p-635,0x1.3a9470f072d18p-635,8.61873815686428575e-192
8,474,0x1.0f30d266bb367p-872,0x1.3a9470f072d17p-635,0x1.3a9470f072d18p-635,8.61873815686428575e-192
8,475,0x1.c205318412ad9p-875,0x1.3a9470f072d17p-635,0x1.3a9470f072d18p-635,8.61873815686428575e-192
8,476,0x1.73859d108ba03p-877,0x1.3a9470f072d17p-635,0x1.3a9470f072d18p-635,8.61873815686428575e-192
8,477,0x1.2d5e059ef338fp-879,0x1.3a9470f072d17p-635,0x1.3a9470f072d18p-635,8.61873815686428575e-192
8,478,0x1.ca2f25c08ddf1p-882,0x1.3a9470f072d17p-635,0x1.3a9470f072d18p-635,8.61873815686428575e-192
8,479,0x1.0c8daed3f7d8ep-884,0x1.3a9470f072d17p-635,0x1.3a9470f072d18p-635,8.61873815686428575e-192
8,480,0x0p+0,0x1.3a9470f072d17p-635,0x1.3a9470f072d17p-635,8.61873815686428419e-192
9,0,0x1.4b05484bfb24dp+2,0x1.4648432bdae96p-634,0x1.4b05484bfb24ep+2,5.17219741268179511e+00
9,1,0x1.11741decec3edp+2,0x1.4648432bdae96p-634,0x1.11741decec3eep+2,4.27271221291537806e+00
9,2,0x1.bbb224f31b91bp+1,0x1.4648432bdae96p-634,0x1.bbb224f31b91cp+1,3.46637403364651497e+00
9,3,0x1.61c753061a6cbp+1,0x1.4648432bdae96p-634,0x1.61c753061a6ccp+1,2.76389539525994188e+00
9,4,0x1.156d5097c9566p+1,0x1.4648432bdae96p-634,0x1.156d5097c9567p+1,2.16739852343987449e+00
9,5,0x1.ac308c871d334p+0,0x1.4648432bdae96p-634,0x1.ac308c871d335p+0,1.67261579798396309e+00
9,6,0x1.455fce5b33ecdp+0,0x1.4648432bdae96p-634,0x1.455fce5b33ecep+0,1.27099313475257558e+00
9,7,0x1.e72c80af78b9fp-1,0x1.4648432bdae96p-634,0x1.e72c80af78bap-1,9.51511403484222029e-01
9,8,0x1.67803f5c56261p-1,0x1.4648432bdae96p-634,0x1.67803f5c56262p-1,7.02150325795696029e-01
9,9,0x1.059ec8b00b935p-1,0x1.4648432bdae96p-634,0x1.059ec8b00b936p-1,5.10977050294775692e-01
9,10,0x1.77afeb9b92daap-2,0x1.4648432bdae96p-634,0x1.77afeb9b92dabp-2,3.66882020349943161e-01
9,11,0x1.0a4076220475ep-2,0x1.4648432bdae96p-634,0x1.0a4076220475fp-2,2.60011525942095589e-01
9,12,0x1.74a78df908c0cp-3,0x1.4648432bdae96p-634,0x1.74a78df908c0dp-3,1.81960210001392758e-01
9,13,0x1.019ddebbf9f5dp-3,0x1.4648432bdae96p-634,0x1.019ddebbf9f5ep-3,1.25789394485077588e-01
9,14,0x1.5ff990fd233d3p-4,0x1.4648432bdae96p-634,0x1.5ff990fd233d4p-4,8.59313644052258074e-02
9,15,0x1.db60160283119p-5,0x1.4648432bdae96p-634,0x1.db6016028311ap-5,5.80292158011578990e-02
9,16,0x1.3d6fecb22b105p-5,0x1.4648432bdae96p-634,0x1.3d6fecb22b106p-5,3.87496588676601722e-02
9,17,0x1.a3571278d1f77p-6,0x1.4648432bdae96p-634,0x1.a3571278d1f78p-6,2.55944900884794435e-02
9,18,0x1.120c4b335cfb5p-6,0x1.4648432bdae96p-634,0x1.120c4b335cfb6p-6,1.67265638715005868e-02
9,19,0x1.6280091272ff4p-7,0x1.4648432bdae96p-634,0x1.6280091272ff5p-7,1.08184856698230001e-02
9,20,0x1.c5f5c2c9a172dp-8,0x1.4648432bdae96p-634,0x1.c5f5c2c9a172ep-8,6.92687993580935572e-03
9,21,0x1.1fcf8236d2df2p-8,0x1.4648432bdae96p-634,0x1.1fcf8236d2df3p-8,4.39164094025156198e-03
9,22,0x1.697299845e893p-9,0x1.4648432bdae96p-634,0x1.697299845e894p-9,2.75762676227226701e-03
9,23,0x1.c1ad3e6553175p-10,0x1.4648432bdae96p-634,0x1.c1ad3e6553176p-10,1.71538060506567841e-03
9,24,0x1.1529921e78dc3p-10,0x1.4648432bdae96p-634,0x1.1529921e78dc4p-10,1.05729059543412194e-03
9,25,0x1.529b4d76b0477p-11,0x1.4648432bdae96p-634,0x1.529b4d76b0478p-11,6.45840932371423947e-04
9,26,0x1.9a0d3f80cca61p-12,0x1.4648432bdae96p-634,0x1.9a0d3f80cca62p-12,3.91055822592500696e-04
9,27,0x1.ec513116156b9p-13,0x1.4648432bdae96p-634,0x1.ec513116156bap-13,2.34755113242604053e-04
9,28,0x1.2510557356908p-13,0x1.4648432bdae96p-634,0x1.2510557356909p-13,1.39743711410407722e-04
9,29,0x1.5a09f83a0eee9p-14,0x1.4648432bdae96p-634,0x1.5a09f83a0eeeap-14,8.25021133161147962e-05
9,30,0x1.954c71b5757e5p-15,0x1.4648432bdae96p-634,0x1.954c71b5757e6p-15,4.83153593610478508e-05
9,31,0x1.d6f5167e979f9p-16,0x1.4648432bdae96p-634,0x1.d6f5167e979fap-16,2.80712470107583536e-05
9,32,0x1.0f81c47a40023p-16,0x1.4648432bdae96p-634,0x1.0f81c47a40024p-16,1.61830725824431253e-05
9,33,0x1.36ab16088c81fp-17,0x1.4648432bdae96p-634,0x1.36ab16088c82p-17,9.25863697984549575e-06
9,34,0x1.60d3a887c1997p-18,0x1.4648432bdae96p-634,0x1.60d3a887c1998p-18,5.25752887604036132e-06
9,35,0x1.8dc5a6d409382p-19,0x1.4648432bdae96p-634,0x1.8dc5a6d409383p-19,2.96363291775670383e-06
9,36,0x1.bd37d0dcf7a0bp-20,0x1.4648432bdae96p-634,0x1.bd37d0dcf7a0cp-20,1.65856641064883106e-06
9,37,0x1.eecda4ecc1a77p-21,0x1.4648432bdae96p-634,0x1.eecda4ecc1a78p-21,9.21642962476594507e-07
9,38,0x1.110c14330fc6dp-21,0x1.4648432bdae96p-634,0x1.110c14330fc6ep-21,5.08590011334589625e-07
9,39,0x1.2b4ba94288ab8p-22,0x1.4648432bdae96p-634,0x1.2b4ba94288ab9p-22,2.78740703548378423e-07
9,40,0x1.45de0a6535501p-23,0x1.4648432bdae96p-634,0x1.45de0a6535502p-23,1.51743807885969358e-07
9,41,0x1.60757ae38bf26p-24,0x1.4648432bdae96p-634,0x1.60757ae38bf27p-24,8.20632340351827313e-08
9,42,0x1.7abf962d81781p-25,0x1.4648432bdae96p-634,0x1.7abf962d81782p-25,4.40921151638860810e-08
9,43,0x1.946711c4c1f85p-26,0x1.4648432bdae96p-634,0x1.946711c4c1f86p-26,2.35393302792850095e-08
9,44,0x1.ad15a50b0e39bp-27,0x1.4648432bdae96p-634,0x1.ad15a50b0e39cp-27,1.24880039834288926e-08
9,45,0x1.c47606ba55e28p-28,0x1.4648432bdae96p-634,0x1.c47606ba55e29p-28,6.58417470053529491e-09
9,46,0x1.da35eeb50d3fdp-29,0x1.4648432bdae96p-634,0x1.da35eeb50d3fep-29,3.45033676154942420e-09
9,47,0x1.ee080a90ae231p-30,0x1.4648432bdae96p-634,0x1.ee080a90ae232p-30,1.79727580402506265e-09
9,48,0x1.ffa5d3bc7ee01p-31,0x1.4648432bdae96p-634,0x1.ffa5d3bc7ee02p-31,9.30681857589126424e-10
9,49,0x1.07689bb526dedp-31,0x1.4648432bdae96p-634,0x1.07689bb526deep-31,4.79137499332492844e-10
9,50,0x1.0dab0128ed4efp-32,0x1.4648432bdae96p-634,0x1.0dab0128ed4fp-32,2.45261604912436784e-10
9,51,0x1.1285827699108p-33,0x1.4648432bdae96p-634,0x1.1285827699109p-33,1.24837934873341674e-10
9,52,0x1.15e973e02b7d7p-34,0x1.4648432bdae96p-634,0x1.15e973e02b7d8p-34,6.31898556940333211e-11
9,53,0x1.17ce553c6661dp-35,0x1.4648432bdae96p-634,0x1.17ce553c6661ep-35,3.18102579623412955e-11
9,54,0x1.1831e603c5157p-36,0x1.4648432bdae96p-634,0x1.1831e603c5158p-36,1.59272369726400882e-11
9,55,0x1.17180e8fe3adp-37,0x1.4648432bdae96p-634,0x1.17180e8fe3ad1p-37,7.93232778163204084e-12
9,56,0x1.148aa0cc227abp-38,0x1.4648432bdae96p-634,0x1.148aa0cc227acp-38,3.92989130764399045e-12
9,57,0x1.1098f3f4a2659p-39,0x1.4648432bdae96p-634,0x1.1098f3f4a265ap-39,1.93692153848052232e-12
9,58,0x1.0b57602624e21p-40,0x1.4648432bdae96p-634,0x1.0b57602624e22p-40,9.49787132026763687e-13
9,59,0x1.04de9f641b044p-41,0x1.4648432bdae96p-634,0x1.04de9f641b045p-41,4.63397532993453902e-13
9,60,0x1.fa9634a9034fbp-43,0x1.4648432bdae96p-634,0x1.fa9634a9034fcp-43,2.24969705544969419e-13
9,61,0x1.e9784e82acf35p-44,0x1.4648432bdae96p-634,0x1.e9784e82acf36p-44,1.08684161220655476e-13
9,62,0x1.d6a683ef1ceecp-45,0x1.4648432bdae96p-634,0x1.d6a683ef1ceedp-45,5.22526966865848037e-14
9,63,0x1.c26685c1dafefp-46,0x1.4648432bdae96p-634,0x1.c26685c1daffp-46,2.50022490751806023e-14
9,64,0x1.acff368233717p-47,0x1.4648432bdae96p-634,0x1.acff368233718p-47,1.19070566041765354e-14
9,65,0x1.96b737b1f738ep-48,0x1.4648432bdae96p-634,0x1.96b737b1f738fp-48,5.64431409376372367e-15
9,66,0x1.7fd394d2e45fbp-49,0x1.4648432bdae96p-634,0x1.7fd394d2e45fcp-49,2.66333128898877616e-15
9,67,0x1.689693576977fp-50,0x1.4648432bdae96p-634,0x1.689693576978p-50,1.25104158196828963e-15
9,68,0x1.513eaccccdaa4p-51,0x1.4648432bdae96p-634,0x1.513eaccccdaa5p-51,5.85026513724286782e-16
9,69,0x1.3a05b6ab67516p-52,0x1.4648432bdae96p-634,0x1.3a05b6ab67517p-52,2.72370943998605278e-16
9,70,0x1.23203969a77fbp-53,0x1.4648432bdae96p-634,0x1.23203969a77fcp-53,1.26255722911395780e-16
9,71,0x1.0cbcf6c16fa6p-54,0x1.4648432bdae96p-634,0x1.0cbcf6c16fa61p-54,5.82732950851329510e-17
9,72,0x1.ee093b33d2e99p-56,0x1.4648432bdae96p-634,0x1.ee093b33d2e9ap-56,2.67817484556314012e-17
9,73,0x1.c43351894c327p-57,0x1.4648432bdae96p-634,0x1.c43351894c328p-57,1.22569181067560644e-17
9,74,0x1.9c30c9721eacfp-58,0x1.4648432bdae96p-634,0x1.9c30c9721eadp-58,5.58622394515315386e-18
9,75,0x1.762e2f6f1f1f4p-59,0x1.4648432bdae96p-634,0x1.762e2f6f1f1f5p-59,2.53554509261428874e-18
9,76,0x1.524c8e7aded9p-60,0x1.4648432bdae96p-634,0x1.524c8e7aded91p-60,1.14620176235411474e-18
9,77,0x1.30a22adf664d1p-61,0x1.4648432bdae96p-634,0x1.30a22adf664d2p-61,5.16069166236633721e-19
9,78,0x1.113b62310eaadp-62,0x1.4648432bdae96p-634,0x1.113b62310eaaep-62,2.31436478322059928e-19
9,79,0x1.e8374be305de1p-64,0x1.4648432bdae96p-634,0x1.e8374be305de2p-64,1.03383759702217248e-19
9,80,0x1.b27d0df533461p-65,0x1.4648432bdae96p-634,0x1.b27d0df533462p-65,4.60032587268944723e-20
9,81,0x1.81319159259aep-66,0x1.4648432bdae96p-634,0x1.81319159259afp-66,2.03919806671755862e-20
9,82,0x1.5432e7c98730cp-67,0x1.4648432bdae96p-634,0x1.5432e7c98730dp-67,9.00498856151764058e-21
9,83,0x1.2b55c5d035d9p-68,0x1.4648432bdae96p-634,0x1.2b55c5d035d91p-68,3.96166639554004440e-21
9,84,0x1.06678141bb25fp-69,0x1.4648432bdae96p-634,0x1.06678141bb26p-69,1.73644610310539532e-21
9,85,0x1.ca5fdb0c3778bp-71,0x1.4648432bdae96p-634,0x1.ca5fdb0c3778cp-71,7.58316893751334611e-22
9,86,0x1.8ee61e4f9c697p-72,0x1.4648432bdae96p-634,0x1.8ee61e4f9c698p-72,3.29961436456054728e-22
9,87,0x1.59e54496c7edbp-73,0x1.4648432bdae96p-634,0x1.59e54496c7edcp-73,1.43059057976429055e-22
9,88,0x1.2adee34d546a9p-74,0x1.4648432bdae96p-634,0x1.2adee34d546aap-74,6.18050030459273680e-23
9,89,0x1.0154fa87b3ab1p-75,0x1.4648432bdae96p-634,0x1.0154fa87b3ab2p-75,2.66074997748574666e-23
9,90,0x1.b997c73f96bc6p-77,0x1.4648432bdae96p-634,0x1.b997c73f96bc7p-77,1.14149085099566729e-23
9,91,0x1.7997c982a9f9dp-78,0x1.4648432bdae96p-634,0x1.7997c982a9f9ep-78,4.88027408852858211e-24
9,92,0x1.41c4de28c7387p-79,0x1.4648432bdae96p-634,0x1.41c4de28c7388p-79,2.07938352211299934e-24
9,93,0x1.11461d14cc613p-80,0x1.4648432bdae96p-634,0x1.11461d14cc614p-80,8.82995533135233638e-25
9,94,0x1.cea04cd087acbp-82,0x1.4648432bdae96p-634,0x1.cea04cd087accp-82,3.73706445721217736e-25
9,95,0x1.864bf20b9a007p-83,0x1.4648432bdae96p-634,0x1.864bf20b9a008p-83,1.57639566409761364e-25
9,96,0x1.4832bbedb0487p-84,0x1.4648432bdae96p-634,0x1.4832bbedb0488p-84,6.62790946341708570e-26
9,97,0x1.1315f2f27509cp-85,0x1.4648432bdae96p-634,0x1.1315f2f27509dp-85,2.77765612225577479e-26
9,98,0x1.cba846f82f659p-87,0x1.4648432bdae96p-634,0x1.cba846f82f65ap-87,1.16033823913425852e-26
9,99,0x1.7ed06947382b3p-88,0x1.4648432bdae96p-634,0x1.7ed06947382b4p-88,4.83179332032264237e-27
9,100,0x1.3dd04760025ep-89,0x1.4648432bdae96p-634,0x1.3dd04760025e1p-89,2.00568572469039018e-27
9,101,0x1.0706f9438ac45p-90,0x1.4648432bdae96p-634,0x1.0706f9438ac46p-90,8.29967629619522097e-28
9,102,0x1.b20694d782e3fp-92,0x1.4648432bdae96p-634,0x1.b20694d782e4p-92,3.42385913411876027e-28
9,103,0x1.650032d6e07b5p-93,0x1.4648432bdae96p-634,0x1.650032d6e07b6p-93,1.40811977560235649e-28
9,104,0x1.24c13fcad7812p-94,0x1.4648432bdae96p-634,0x1.24c13fcad7813p-94,5.77357198409635334e-29
9,105,0x1.deb2effe37823p-96,0x1.4648432bdae96p-634,0x1.deb2effe37824p-96,2.36016816471798447e-29
9,106,0x1.86353d37cb743p-97,0x1.4648432bdae96p-634,0x1.86353d37cb744p-97,9.61936902436644150e-30
9,107,0x1.3d230a372572ep-98,0x1.4648432bdae96p-634,0x1.3d230a372572fp-98,3.90901378118021584e-30
9,108,0x1.00fee5b93152fp-99,0x1.4648432bdae96p-634,0x1.00fee5b93153p-99,1.58385824110100409e-30
9,109,0x1.9f4ff0e64e697p-101,0x1.4648432bdae96p-634,0x1.9f4ff0e64e698p-101,6.39889869014759930e-31
9,110,0x1.4e9d4a57ff9bfp-102,0x1.4648432bdae96p-634,0x1.4e9d4a57ff9cp-102,2.57777569166128578e-31
9,111,0x1.0cd447741fe68p-103,0x1.4648432bdae96p-634,0x1.0cd447741fe69p-103,1.03549247132779856e-31
9,112,0x1.aebc5fa4a1fdbp-105,0x1.4648432bdae96p-634,0x1.aebc5fa4a1fdcp-105,4.14783520793710040e-32
9,113,0x1.581c7c4d1b9f5p-106,0x1.4648432bdae96p-634,0x1.581c7c4d1b9f6p-106,1.65683550585229231e-32
9,114,0x1.12252a0f60db5p-107,0x1.4648432bdae96p-634,0x1.12252a0f60db6p-107,6.59980497323491761e-33
9,115,0x1.b39bcaf5d67fbp-109,0x1.4648432bdae96p-634,0x1.b39bcaf5d67fcp-109,2.62172368959918858e-33
9,116,0x1.59241423e5ac5p-110,0x1.4648432bdae96p-634,0x1.59241423e5ac6p-110,1.03862071340623950e-33
9,117,0x1.10b8ecdb51027p-111,0x1.4648432bdae96p-634,0x1.10b8ecdb51028p-111,4.10347005948296436e-34
9,118,0x1.add79d34cd8a1p-113,0x1.4648432bdae96p-634,0x1.add79d34cd8a2p-113,1.61688680907354883e-34
9,119,0x1.51d70ff3c851bp-114,0x1.4648432bdae96p-634,0x1.51d70ff3c851cp-114,6.35406582305146253e-35
9,120,0x1.08d46197a2dfep-115,0x1.4648432bdae96p-634,0x1.08d46197a2dffp-115,2.49044572282330154e-35
9,121,0x1.9e1be23d9ea39p-117,0x1.4648432bdae96p-634,0x1.9e1be23d9ea3ap-117,9.73565394307632717e-36
9,122,0x1.42ed59c72df6ap-118,0x1.4648432bdae96p-634,0x1.42ed59c72df6bp-118,3.79599041908958887e-36
9,123,0x1.f6595b3d3f2eep-120,0x1.4648432bdae96p-634,0x1.f6595b3d3f2efp-120,1.47627117148598918e-36
9,124,0x1.85bb86accc67ap-121,0x1.4648432bdae96p-634,0x1.85bb86accc67bp-121,5.72660474966479625e-37
9,125,0x1.2d98c27b65fb9p-122,0x1.4648432bdae96p-634,0x1.2d98c27b65fbap-122,2.21578273574095785e-37
9,126,0x1.d19cadd276a5bp-124,0x1.4648432bdae96p-634,0x1.d19cadd276a5cp-124,8.55194230912221959e-38
9,127,0x1.6683fb3d8fe3bp-125,0x1.4648432bdae96p-634,0x1.6683fb3d8fe3cp-125,3.29244536327548114e-38
9,128,0x1.135eb3d10053cp-126,0x1.4648432bdae96p-634,0x1.135eb3d10053dp-126,1.26443671330770172e-38
9,129,0x1.a5f9f0fa6fd57p-128,0x1.4648432bdae96p-634,0x1.a5f9f0fa6fd58p-128,4.84405074178780477e-39
9,130,0x1.4287d85103a18p-129,0x1.4648432bdae96p-634,0x1.4287d85103a19p-129,1.85123511010786018e-39
9,131,0x1.ebd9c84ee1065p-131,0x1.4648432bdae96p-634,0x1.ebd9c84ee1066p-131,7.05771159958224326e-40
9,132,0x1.76216665d9fd2p-132,0x1.4648432bdae96p-634,0x1.76216665d9fd3p-132,2.68425447050592123e-40
9,133,0x1.1be88b281076ep-133,0x1.4648432bdae96p-634,0x1.1be88b281076fp-133,1.01847134105063151e-40
9,134,0x1.adde8cab63e45p-135,0x1.4648432bdae96p-634,0x1.adde8cab63e46p-135,3.85520152012179993e-41
9,135,0x1.44ac2bc8c4a97p-136,0x1.4648432bdae96p-634,0x1.44ac2bc8c4a98p-136,1.45588203535028059e-41
9,136,0x1.e94c2e5bb70e1p-138,0x1.4648432bdae96p-634,0x1.e94c2e5bb70e2p-138,5.48521560619395579e-42
9,137,0x1.6fd8abaed64e9p-139,0x1.4648432bdae96p-634,0x1.6fd8abaed64eap-139,2.06185021172673764e-42
9,138,0x1.13e8431f19b98p-140,0x1.4648432bdae96p-634,0x1.13e8431f19b99p-140,7.73256879244275215e-43
9,139,0x1.9cf3e83263909p-142,0x1.4648432bdae96p-634,0x1.9cf3e8326390ap-142,2.89335035469244662e-43
9,140,0x1.3456378778e3ep-143,0x1.4648432bdae96p-634,0x1.3456378778e3fp-143,1.08017965761635916e-43
9,141,0x1.cb6a3a2e647edp-145,0x1.4648432bdae96p-634,0x1.cb6a3a2e647eep-145,4.02360915192617816e-44
9,142,0x1.557f331c2d0dp-146,0x1.4648432bdae96p-634,0x1.557f331c2d0d1p-146,1.49543451433177557e-44
9,143,0x1.fa91337e344fdp-148,0x1.4648432bdae96p-634,0x1.fa91337e344fep-148,5.54571740770114664e-45
9,144,0x1.76e3a281af44fp-149,0x1.4648432bdae96p-634,0x1.76e3a281af45p-149,2.05207678912099991e-45
9,145,0x1.14d5c520de6a2p-150,0x1.4648432bdae96p-634,0x1.14d5c520de6a3p-150,7.57672881423942964e-46
9,146,0x1.97f8492a1acefp-152,0x1.4648432bdae96p-634,0x1.97f8492a1acfp-152,2.79144310194754054e-46
9,147,0x1.2bf709cc4c0bbp-153,0x1.4648432bdae96p-634,0x1.2bf709cc4c0bcp-153,1.02622188574476071e-46
9,148,0x1.b82a1ac0b6a75p-155,0x1.4648432bdae96p-634,0x1.b82a1ac0b6a76p-155,3.76465940468423063e-47
9,149,0x1.4242cf146fa8bp-156,0x1.4648432bdae96p-634,0x1.4242cf146fa8cp-156,1.37812440667173219e-47
9,150,0x1.d6e29ddd556adp-158,0x1.4648432bdae96p-634,0x1.d6e29ddd556aep-158,5.03426160821782443e-48
9,151,0x1.574eb6e499037p-159,0x1.4648432bdae96p-634,0x1.574eb6e499038p-159,1.83516022502155577e-48
9,152,0x1.f38ca748e5a3bp-161,0x1.4648432bdae96p-634,0x1.f38ca748e5a3cp-161,6.67589040468271317e-49
9,153,0x1.6ab307187252dp-162,0x1.4648432bdae96p-634,0x1.6ab307187252ep-162,2.42352490407411124e-49
9,154,0x1.06cc9b41e2432p-163,0x1.4648432bdae96p-634,0x1.06cc9b41e2433p-163,8.78000681633892803e-50
9,155,0x1.7c0e15c69fb2fp-165,0x1.4648432bdae96p-634,0x1.7c0e15c69fb3p-165,3.17436763982478077e-50
9,156,0x1.12421c8284258p-166,0x1.4648432bdae96p-634,0x1.12421c8284259p-166,1.14535588349655329e-50
9,157,0x1.8b078eec3e235p-168,0x1.4648432bdae96p-634,0x1.8b078eec3e236p-168,4.12430067476489063e-51
9,158,0x1.1bec7d0a1a2b9p-169,0x1.4648432bdae96p-634,0x1.1bec7d0a1a2bap-169,1.48215130356777545e-51
9,159,0x1.97536b7e35392p-171,0x1.4648432bdae96p-634,0x1.97536b7e35393p-171,5.31585049484529239e-52
9,160,0x1.239b049438688p-172,0x1.4648432bdae96p-634,0x1.239b049438689p-172,1.90281492404874906e-52
9,161,0x1.a0b475f711167p-174,0x1.4648432bdae96p-634,0x1.a0b475f711168p-174,6.79781627242451912e-53
9,162,0x1.2928340af3265p-175,0x1.4648432bdae96p-634,0x1.2928340af3266p-175,2.42380023453274713e-53
9,163,0x1.a6fe3eb819729p-177,0x1.4648432bdae96p-634,0x1.a6fe3eb81972ap-177,8.62549704955222972e-54
9,164,0x1.2c7aee3bf4e7p-178,0x1.4648432bdae96p-634,0x1.2c7aee3bf4e71p-178,3.06363246308080171e-54
9,165,0x1.aa166a8cc1691p-180,0x1.4648432bdae96p-634,0x1.aa166a8cc1692p-180,1.08607464089813751e-54
9,166,0x1.2d8725fb91bdfp-181,0x1.4648432bdae96p-634,0x1.2d8725fb91bep-181,3.84289356497192073e-55
9,167,0x1.a9f54ebc7161dp-183,0x1.4648432bdae96p-634,0x1.a9f54ebc7161ep-183,1.35718122988611775e-55
9,168,0x1.2c4e0c331997ep-184,0x1.4648432bdae96p-634,0x1.2c4e0c331997fp-184,4.78413265087482711e-56
9,169,0x1.a6a5d7b33aef9p-186,0x1.4648432bdae96p-634,0x1.a6a5d7b33aefap-186,1.68329206849539018e-56
9,170,0x1.28ddbf23f0f57p-187,0x1.4648432bdae96p-634,0x1.28ddbf23f0f58p-187,5.91168923046554398e-57
9,171,0x1.a044c0be7f738p-189,0x1.4648432bdae96p-634,0x1.a044c0be7f739p-189,2.07235651693845680e-57
9,172,0x1.2350829fdd2p-190,0x1.4648432bdae96p-634,0x1.2350829fdd201p-190,7.25141816666704563e-58
9,173,0x1.96ff2c09e7c91p-192,0x1.4648432bdae96p-634,0x1.96ff2c09e7c92p-192,2.53274709115998543e-58
9,174,0x1.1bcb8eb06e733p-193,0x1.4648432bdae96p-634,0x1.1bcb8eb06e734p-193,8.83030764714539515e-59
9,175,0x1.8b10b16cb97f6p-195,0x1.4648432bdae96p-634,0x1.8b10b16cb97f7p-195,3.07312102586640386e-59
9,176,0x1.127d86cef7118p-196,0x1.4648432bdae96p-634,0x1.127d86cef7119p-196,1.06759848040062614e-59
9,177,0x1.7cc10048d2cb3p-198,0x1.4648432bdae96p-634,0x1.7cc10048d2cb4p-198,3.70224594173556923e-60
9,178,0x1.079caf2841c4ap-199,0x1.4648432bdae96p-634,0x1.079caf2841c4bp-199,1.28161078139695223e-60
9,179,0x1.6c61347a23062p-201,0x1.4648432bdae96p-634,0x1.6c61347a23063p-201,4.42879000687963342e-61
9,180,0x1.f6c9eea651cd3p-203,0x1.4648432bdae96p-634,0x1.f6c9eea651cd4p-203,1.52776482908600175e-61
9,181,0x1.5a490005dbcc7p-204,0x1.4648432bdae96p-634,0x1.5a490005dbcc8p-204,5.26107866214197783e-62
9,182,0x1.dc2be4b63972fp-206,0x1.4648432bdae96p-634,0x1.dc2be4b63973p-206,1.80860733755164040e-62
9,183,0x1.46d3cae8dfd9bp-207,0x1.4648432bdae96p-634,0x1.46d3cae8dfd9cp-207,6.20682181970535276e-63
9,184,0x1.bfe1a63ad186ap-209,0x1.4648432bdae96p-634,0x1.bfe1a63ad186bp-209,2.12644429068368975e-63
9,185,0x1.325de84454a6cp-210,0x1.4648432bdae96p-634,0x1.325de84454a6dp-210,7.27281736319291799e-64
9,186,0x1.a26d03cab45f5p-212,0x1.4648432bdae96p-634,0x1.a26d03cab45f6p-212,2.48324431364447978e-64
9,187,0x1.1d41fc805918ap-213,0x1.4648432bdae96p-634,0x1.1d41fc805918bp-213,8.46463867712483624e-65
9,188,0x1.844bba594b63bp-215,0x1.4648432bdae96p-634,0x1.844bba594b63cp-215,2.88053842984972409e-65
9,189,0x1.07d6ab2d92078p-216,0x1.4648432bdae96p-634,0x1.07d6ab2d92079p-216,9.78631570479377335e-66
9,190,0x1.65f46762aa062p-218,0x1.4648432bdae96p-634,0x1.65f46762aa063p-218,3.31931946078611447e-66
9,191,0x1.e4d93bbd25a85p-220,0x1.4648432bdae96p-634,0x1.e4d93bbd25a86p-220,1.12400205613018792e-66
9,192,0x1.47d403f7ff2f1p-221,0x1.4648432bdae96p-634,0x1.47d403f7ff2f2p-221,3.79994475700284320e-67
9,193,0x1.ba99de9787dedp-223,0x1.4648432bdae96p-634,0x1.ba99de9787deep-223,1.28257698992060329e-67
9,194,0x1.2a4bf2825e74p-224,0x1.4648432bdae96p-634,0x1.2a4bf2825e741p-224,4.32204624973303897e-68
9,195,0x1.9170007521b03p-226,0x1.4648432bdae96p-634,0x1.9170007521b04p-226,1.45411569337180441e-68
9,196,0x1.0db0a3039e469p-227,0x1.4648432bdae96p-634,0x1.0db0a3039e46ap-227,4.88445195330333482e-69
9,197,0x1.69c96c540d049p-229,0x1.4648432bdae96p-634,0x1.69c96c540d04ap-229,1.63811261957488706e-69
9,198,0x1.e491949f6ccb8p-231,0x1.4648432bdae96p-634,0x1.e491949f6ccb9p-231,5.48512300484852749e-70
9,199,0x1.44003df20304ep-232,0x1.4648432bdae96p-634,0x1.44003df20304fp-232,1.83378036316798747e-70
9,200,0x1.b09a4501a850bp-234,0x1.4648432bdae96p-634,0x1.b09a4501a850cp-234,6.12111008472456986e-71
9,201,0x1.205ae18c5534dp-235,0x1.4648432bdae96p-634,0x1.205ae18c5534ep-235,2.04003935768060096e-71
9,202,0x1.7fd14bf97d932p-237,0x1.4648432bdae96p-634,0x1.7fd14bf97d933p-237,6.78853261378122199e-72
9,203,0x1.fe196934db52bp-239,0x1.4648432bdae96p-634,0x1.fe196934db52cp-239,2.25551523982168708e-72
9,204,0x1.527265bbb5023p-240,0x1.4648432bdae96p-634,0x1.527265bbb5024p-240,7.48258347924431132e-73
9,205,0x1.c06e5821eab2dp-242,0x1.4648432bdae96p-634,0x1.c06e5821eab2ep-242,2.47854462735035511e-73
9,206,0x1.28a104eaefd03p-243,0x1.4648432bdae96p-634,0x1.28a104eaefd04p-243,8.19756121834643584e-74
9,207,0x1.87d6c566e2741p-245,0x1.4648432bdae96p-634,0x1.87d6c566e2742p-245,2.70718977225305573e-74
9,208,0x1.026abfa3e715ap-246,0x1.4648432bdae96p-634,0x1.026abfa3e715bp-246,8.92693061849658266e-75
9,209,0x1.5457e36b60a6fp-248,0x1.4648432bdae96p-634,0x1.5457e36b60a7p-248,2.93926222539938179e-75
9,210,0x1.bf942247447f1p-250,0x1.4648432bdae96p-634,0x1.bf942247447f2p-250,9.66341161548161497e-76
9,211,0x1.25ddee5861254p-251,0x1.4648432bdae96p-634,0x1.25ddee5861255p-251,3.17235529695106256e-76
9,212,0x1.8152928725543p-253,0x1.4648432bdae96p-634,0x1.8152928725544p-253,1.03990952360312461e-76
9,213,0x1.f880c0f0221aap-255,0x1.4648432bdae96p-634,0x1.f880c0f0221abp-255,3.40388473510169440e-77
9,214,0x1.49cb0e51b45dep-256,0x1.4648432bdae96p-634,0x1.49cb0e51b45dfp-256,1.11255841927833080e-77
9,215,0x1.ae8c412e1b331p-258,0x1.4648432bdae96p-634,0x1.ae8c412e1b332p-258,3.63113669202975045e-78
9,216,0x1.18a3434ab6b95p-259,0x1.4648432bdae96p-634,0x1.18a3434ab6b96p-259,1.18341546553894158e-78
9,217,0x1.6d53094491e3cp-261,0x1.4648432bdae96p-634,0x1.6d53094491e3dp-261,3.85132171835596287e-79
9,218,0x1.dae395e07c55fp-263,0x1.4648432bdae96p-634,0x1.dae395e07c56p-263,1.25159347476187103e-79
9,219,0x1.343815e55ca65p-264,0x1.4648432bdae96p-634,0x1.343815e55ca66p-264,4.06163324315314011e-80
9,220,0x1.8f865dc182153p-266,0x1.4648432bdae96p-634,0x1.8f865dc182154p-266,1.31620945086489771e-80
9,221,0x1.029369c86e654p-267,0x1.4648432bdae96p-634,0x1.029369c86e655p-267,4.25930877100905325e-81
9,222,0x1.4e3cb8736fc1fp-269,0x1.4648432bdae96p-634,0x1.4e3cb8736fc2p-269,1.37640414518525369e-81
9,223,0x1.af6fd43159fadp-271,0x1.4648432bdae96p-634,0x1.af6fd43159faep-271,4.44169187329250745e-82
9,224,0x1.1610ef90c341dp-272,0x1.4648432bdae96p-634,0x1.1610ef90c341ep-272,1.43136154901072397e-82
9,225,0x1.65f0a946cdd4p-274,0x1.4648432bdae96p-634,0x1.65f0a946cdd41p-274,4.60629297648228465e-83
9,226,0x1.cc20379a331c7p-276,0x1.4648432bdae96p-634,0x1.cc20379a331c8p-276,1.48032768947969267e-83
9,227,0x1.27569c5acb333p-277,0x1.4648432bdae96p-634,0x1.27569c5acb334p-277,4.75084696086018083e-84
9,228,0x1.7a9e81f2a0237p-279,0x1.4648432bdae96p-634,0x1.7a9e81f2a0238p-279,1.52262811236683080e-84
9,229,0x1.e4ba43e125b55p-281,0x1.4648432bdae96p-634,0x1.e4ba43e125b56p-281,4.87336567820535057e-85
9,230,0x1.35de6ea03c29cp-282,0x1.4648432bdae96p-634,0x1.35de6ea03c29dp-282,1.55768347842800549e-85
9,231,0x1.8ba52b942bcbfp-284,0x1.4648432bdae96p-634,0x1.8ba52b942bccp-284,4.97218367305998016e-86
9,232,0x1.f87def9f182dep-286,0x1.4648432bdae96p-634,0x1.f87def9f182dfp-286,1.58502276741493280e-86
9,233,0x1.4136ff4b53ffep-287,0x1.4648432bdae96p-634,0x1.4136ff4b53fffp-287,5.04599564014176698e-87
9,234,0x1.9880202bc24d3p-289,0x1.4648432bdae96p-634,0x1.9880202bc24d4p-289,1.60429367231720365e-87
9,235,0x1.0369203237bdbp-290,0x1.4648432bdae96p-634,0x1.0369203237bdcp-290,5.09388445836392364e-88
9,236,0x1.490949e7eea02p-292,0x1.4648432bdae96p-634,0x1.490949e7eea03p-292,1.61526987146252226e-88
9,237,0x1.a0ce207117d7bp-294,0x1.4648432bdae96p-634,0x1.a0ce207117d7cp-294,5.11533899455398964e-89
9,238,0x1.07a67a585fe0dp-295,0x1.4648432bdae96p-634,0x1.07a67a585fe0ep-295,1.61785498269782276e-89
9,239,0x1.4d1cf78faed6ap-297,0x1.4648432bdae96p-634,0x1.4d1cf78faed6bp-297,5.11026125021620121e-90
9,240,0x1.a455e545091ecp-299,0x1.4648432bdae96p-634,0x1.a455e545091edp-299,1.61208312634922822e-90
9,241,0x1.08dbbdf6d9f5ep-300,0x1.4648432bdae96p-634,0x1.08dbbdf6d9f5fp-300,5.07896281448510973e-91
9,242,0x1.4d5ae25ebb8bap-302,0x1.4648432bdae96p-634,0x1.4d5ae25ebb8bbp-302,1.59811614626606069e-91
9,243,0x1.a3087e5c232c7p-304,0x1.4648432bdae96p-634,0x1.a3087e5c232c8p-304,5.02215096765115069e-92
9,244,0x1.070876c56f505p-305,0x1.4648432bdae96p-634,0x1.070876c56f506p-305,1.57623765541921493e-92
9,245,0x1.49cdacad36418p-307,0x1.4648432bdae96p-634,0x1.49cdacad36419p-307,4.94090513531624671e-93
9,246,0x1.9d01406a523d9p-309,0x1.4648432bdae96p-634,0x1.9d01406a523dap-309,1.54684417912369007e-93
9,247,0x1.0246776e18d4dp-310,0x1.4648432bdae96p-634,0x1.0246776e18d4ep-310,4.83664470832030186e-94
9,248,0x1.42a06ef60ad9bp-312,0x1.4648432bdae96p-634,0x1.42a06ef60ad9cp-312,1.51043376062892849e-94
9,249,0x1.928356e0123f4p-314,0x1.4648432bdae96p-634,0x1.928356e0123f5p-314,4.71108950560658185e-95
9,250,0x1.f58fb51e9e7f7p-316,0x1.4648432bdae96p-634,0x1.f58fb51e9e7f8p-316,1.46759246715072976e-95
9,251,0x1.381ba53211ba9p-317,0x1.4648432bdae96p-634,0x1.381ba53211baap-317,4.56621435701962658e-96
9,252,0x1.83f53b2dd91b1p-319,0x1.4648432bdae96p-634,0x1.83f53b2dd91b2p-319,1.41897928703093815e-96
9,253,0x1.e1a787f256203p-321,0x1.4648432bdae96p-634,0x1.e1a787f256204p-321,4.40419941503215803e-97
9,254,0x1.2aa0a4da478bbp-322,0x1.4648432bdae96p-634,0x1.2aa0a4da478bcp-322,1.36530993940579211e-97
9,255,0x1.71da7937161dap-324,0x1.4648432bdae96p-634,0x1.71da7937161dbp-324,4.22737786649462562e-98
9,256,0x1.c98453b4fa129p-326,0x1.4648432bdae96p-634,0x1.c98453b4fa12ap-326,1.30734012647298700e-98
9,257,0x1.1aa3fce8cdb9ep-327,0x1.4648432bdae96p-634,0x1.1aa3fce8cdb9fp-327,4.03818270921278825e-99
9,258,0x1.5ccc430004185p-329,0x1.4648432bdae96p-634,0x1.5ccc430004186p-329,1.24584874614120125e-99
9,259,0x1.adedf7102edfp-331,0x1.4648432bdae96p-634,0x1.adedf7102edf1p-331,3.83909418818365939e-100
9,260,0x1.08a72f50899f2p-332,0x1.4648432bdae96p-634,0x1.08a72f50899f3p-332,1.18162155146378894e-100
9,261,0x1.457162fe80345p-334,0x1.4648432bdae96p-634,0x1.457162fe80346p-334,3.63258935998567318e-101
9,262,0x1.8fba024adc153p-336,0x1.4648432bdae96p-634,0x1.8fba024adc154p-336,1.11543569550611998e-101
9,263,0x1.ea646de8182c9p-338,0x1.4648432bdae96p-634,0x1.ea646de8182cap-338,3.42109508066282132e-102
9,264,0x1.2c761c9fbdf89p-339,0x1.4648432bdae96p-634,0x1.2c761c9fbdf8ap-339,1.04804553941362072e-102
9,265,0x1.6fc199d782a9cp-341,0x1.4648432bdae96p-634,0x1.6fc199d782a9dp-341,3.20694550348697156e-103
9,266,0x1.c19a8d857170fp-343,0x1.4648432bdae96p-634,0x1.c19a8d857171p-343,9.80170031079352796e-104
9,267,0x1.12847ec12f2cbp-344,0x1.4648432bdae96p-634,0x1.12847ec12f2ccp-344,2.99234493982457275e-104
9,268,0x1.4ed81a42d11bdp-346,0x1.4648432bdae96p-634,0x1.4ed81a42d11bep-346,9.12481885689305195e-105
9,269,0x1.97f63fc701792p-348,0x1.4648432bdae96p-634,0x1.97f63fc701793p-348,2.77933669098587785e-105
9,270,0x1.f07b2cb980861p-350,0x1.4648432bdae96p-634,0x1.f07b2cb980862p-350,8.45598721241179088e-106
9,271,0x1.2dc2fd54c578bp-351,0x1.4648432bdae96p-634,0x1.2dc2fd54c578cp-351,2.56977821257976615e-106
9,272,0x1.6e688ff4decc3p-353,0x1.4648432bdae96p-634,0x1.6e688ff4decc4p-353,7.80076225336061735e-107
9,273,0x1.bc67a717afa7bp-355,0x1.4648432bdae96p-634,0x1.bc67a717afa7cp-355,2.36532273589168508e-107
9,274,0x1.0d335af2cdd83p-356,0x1.4648432bdae96p-634,0x1.0d335af2cdd84p-356,7.16403357149578673e-108
9,275,0x1.45c6a07e5c1f7p-358,0x1.4648432bdae96p-634,0x1.45c6a07e5c1f8p-358,2.16740725202432399e-108
9,276,0x1.89cda7441f7f2p-360,0x1.4648432bdae96p-634,0x1.89cda7441f7f3p-360,6.54999523056448274e-109
9,277,0x1.db8270a822835p-362,0x1.4648432bdae96p-634,0x1.db8270a822836p-362,1.97724657098984409e-109
9,278,0x1.1ec489d102c26p-363,0x1.4648432bdae96p-634,0x1.1ec489d102c27p-363,5.96213607841879553e-110
9,279,0x1.5981476babc89p-365,0x1.4648432bdae96p-634,0x1.5981476babc8ap-365,1.79583300496558324e-110
9,280,0x1.9fd162a474ce4p-367,0x1.4648432bdae96p-634,0x1.9fd162a474ce5p-367,5.40324697129986953e-111
9,281,0x1.f3e513008d1b1p-369,0x1.4648432bdae96p-634,0x1.f3e513008d1b2p-369,1.62394109565505927e-111
9,282,0x1.2c28e48b6c35dp-370,0x1.4648432bdae96p-634,0x1.2c28e48b6c35ep-370,4.87544291332638599e-112
9,283,0x1.6811caa878057p-372,0x1.4648432bdae96p-634,0x1.6811caa878058p-372,1.46213671160678779e-112
9,284,0x1.af78b18d70945p-374,0x1.4648432bdae96p-634,0x1.af78b18d70946p-374,4.38019787201204177e-113
9,285,0x1.023d1dc634bf3p-375,0x1.4648432bdae96p-634,0x1.023d1dc634bf4p-375,1.31078978203152514e-113
9,286,0x1.34c8ebaa09f23p-377,0x1.4648432bdae96p-634,0x1.34c8ebaa09f24p-377,3.91838989633465380e-114
9,287,0x1.70d4c42a1b12dp-379,0x1.4648432bdae96p-634,0x1.70d4c42a1b12ep-379,1.17008990733226038e-114
9,288,0x1.b81614e0f6da3p-381,0x1.4648432bdae96p-634,0x1.b81614e0f6da4p-381,3.49035412920299996e-115
9,289,0x1.0646a25e239b1p-382,0x1.4648432bdae96p-634,0x1.0646a25e239b2p-382,1.04006409013665082e-115
9,290,0x1.3848f1271fafp-384,0x1.4648432bdae96p-634,0x1.3848f1271faf1p-384,3.09594136034811107e-116
9,291,0x1.737057873db1fp-386,0x1.4648432bdae96p-634,0x1.737057873db2p-386,9.20595860167212128e-117
9,292,0x1.b955e5c8d1875p-388,0x1.4648432bdae96p-634,0x1.b955e5c8d1876p-388,2.73457989470408852e-117
9,293,0x1.05eb546b2c337p-389,0x1.4648432bdae96p-634,0x1.05eb546b2c338p-389,8.11445117217906777e-118
9,294,0x1.368f2cdd1cdfcp-391,0x1.4648432bdae96p-634,0x1.368f2cdd1cdfdp-391,2.40533870057648875e-118
9,295,0x1.6fd9d04be3bbap-393,0x1.4648432bdae96p-634,0x1.6fd9d04be3bbbp-393,7.12268083974164820e-119
9,296,0x1.b343112fad807p-395,0x1.4648432bdae96p-634,0x1.b343112fad808p-395,2.10699003553491356e-119
9,297,0x1.013fa5da97359p-396,0x1.4648432bdae96p-634,0x1.013fa5da9735ap-396,6.22636839540195522e-120
9,298,0x1.2fc44c371cd8cp-398,0x1.4648432bdae96p-634,0x1.2fc44c371cd8dp-398,1.83807001097860203e-120
9,299,0x1.6654a6cbf45abp-400,0x1.4648432bdae96p-634,0x1.6654a6cbf45acp-400,5.42057990598550818e-121
9,300,0x1.a643fd71ee62p-402,0x1.4648432bdae96p-634,0x1.a643fd71ee621p-402,1.59693583429561455e-121
9,301,0x1.f11a8876c056fp-404,0x1.4648432bdae96p-634,0x1.f11a8876c057p-404,4.69990125876895430e-122
9,302,0x1.244e9ad2fe381p-405,0x1.4648432bdae96p-634,0x1.244e9ad2fe382p-405,1.38181874781633160e-122
9,303,0x1.576b3ea46255ep-407,0x1.4648432bdae96p-634,0x1.576b3ea46255fp-407,4.05859787226873439e-123
9,304,0x1.931034a3aef35p-409,0x1.4648432bdae96p-634,0x1.931034a3aef36p-409,1.19087195525846169e-123
9,305,0x1.d897fa39f129ep-411,0x1.4648432bdae96p-634,0x1.d897fa39f129fp-411,3.49075774018551429e-124
9,306,0x1.14c87b108845cp-412,0x1.4648432bdae96p-634,0x1.14c87b108845dp-412,1.02221308035728323e-124
9,307,0x1.43e260f560026p-414,0x1.4648432bdae96p-634,0x1.43e260f560027p-414,2.99041674238868303e-125
9,308,0x1.7aa03318a0de3p-416,0x1.4648432bdae96p-634,0x1.7aa03318a0de4p-416,8.73960931950139537e-126
9,309,0x1.ba2ed31b95575p-418,0x1.4648432bdae96p-634,0x1.ba2ed31b95576p-418,2.55166583851626364e-126
9,310,0x1.01f35eb0849e5p-419,0x1.4648432bdae96p-634,0x1.01f35eb0849e6p-419,7.44266550449704549e-127
9,311,0x1.2ca8f7d1d8087p-421,0x1.4648432bdae96p-634,0x1.2ca8f7d1d8088p-421,2.16874034484590534e-127
9,312,0x1.5e194605b89bcp-423,0x1.4648432bdae96p-634,0x1.5e194605b89bdp-423,6.31338679556009763e-128
9,313,0x1.974527043bed1p-425,0x1.4648432bdae96p-634,0x1.974527043bed2p-425,1.83609197779094758e-128
9,314,0x1.d951742a96c89p-427,0x1.4648432bdae96p-634,0x1.d951742a96c8ap-427,5.33463943401349842e-129
9,315,0x1.12c5d9718118ap-428,0x1.4648432bdae96p-634,0x1.12c5d9718118bp-428,1.54844472726975352e-129
9,316,0x1.3eb7aa40657b3p-430,0x1.4648432bdae96p-634,0x1.3eb7aa40657b4p-430,4.49022113532452670e-130
9,317,0x1.7155ca77e0568p-432,0x1.4648432bdae96p-634,0x1.7155ca77e0569p-432,1.30083590391111148e-130
9,318,0x1.ab950480a9e9bp-434,0x1.4648432bdae96p-634,0x1.ab950480a9e9cp-434,3.76496924040244776e-131
9,319,0x1.ee8af753a5ae9p-436,0x1.4648432bdae96p-634,0x1.ee8af753a5aeap-436,1.08864389279408439e-131
9,320,0x1.1db914c33882bp-437,0x1.4648432bdae96p-634,0x1.1db914c33882cp-437,3.14482939349434287e-132
9,321,0x1.49d7490f203b3p-439,0x1.4648432bdae96p-634,0x1.49d7490f203b4p-439,9.07604252546755246e-133
9,322,0x1.7c695176c621p-441,0x1.4648432bdae96p-634,0x1.7c695176c6211p-441,2.61689000995411012e-133
9,323,0x1.b652709eb927fp-443,0x1.4648432bdae96p-634,0x1.b652709eb928p-443,7.53815833371091136e-134
9,324,0x1.f8930d47d7b2p-445,0x1.4648432bdae96p-634,0x1.f8930d47d7b21p-445,2.16938780799258765e-134
9,325,0x1.2226111869144p-446,0x1.4648432bdae96p-634,0x1.2226111869145p-446,6.23738562661329638e-135
9,326,0x1.4d6185c11d5cep-448,0x1.4648432bdae96p-634,0x1.4d6185c11d5cfp-448,1.79168951982008269e-135
9,327,0x1.7eb2dd3676837p-450,0x1.4648432bdae96p-634,0x1.7eb2dd3676838p-450,5.14184474420035434e-136
9,328,0x1.b6e7ac2434456p-452,0x1.4648432bdae96p-634,0x1.b6e7ac2434457p-452,1.47425460713732447e-136
9,329,0x1.f6e6b1963b585p-454,0x1.4648432bdae96p-634,0x1.f6e6b1963b586p-454,4.22303450205903623e-137
9,330,0x1.1fd953adbf415p-455,0x1.4648432bdae96p-634,0x1.1fd953adbf416p-455,1.20858341885287721e-137
9,331,0x1.4936ad1b01f76p-457,0x1.4648432bdae96p-634,0x1.4936ad1b01f77p-457,3.45565005601025106e-138
9,332,0x1.782d87f89e1e4p-459,0x1.4648432bdae96p-634,0x1.782d87f89e1e5p-459,9.87154777755371645e-139
9,333,0x1.ad7320eec7433p-461,0x1.4648432bdae96p-634,0x1.ad7320eec7434p-461,2.81737306823998823e-139
9,334,0x1.e9d1d94c6c34fp-463,0x1.4648432bdae96p-634,0x1.e9d1d94c6c35p-463,8.03356495895064257e-140
9,335,0x1.1715b99dd734ap-464,0x1.4648432bdae96p-634,0x1.1715b99dd734bp-464,2.28864445400239587e-140
9,336,0x1.3dbdc193b81d5p-466,0x1.4648432bdae96p-634,0x1.3dbdc193b81d6p-466,6.51411819763898371e-141
9,337,0x1.696d0d3587a19p-468,0x1.4648432bdae96p-634,0x1.696d0d3587a1ap-468,1.85242841685400220e-141
9,338,0x1.9abf57cf23134p-470,0x1.4648432bdae96p-634,0x1.9abf57cf23135p-470,5.26304315662322674e-142
9,339,0x1.d261a48460885p-472,0x1.4648432bdae96p-634,0x1.d261a48460886p-472,1.49397496007321501e-142
9,340,0x1.0889fb80a1e05p-473,0x1.4648432bdae96p-634,0x1.0889fb80a1e06p-473,4.23703238120126033e-143
9,341,0x1.2bd5990ff56b8p-475,0x1.4648432bdae96p-634,0x1.2bd5990ff56b9p-475,1.20058663423415174e-143
9,342,0x1.53898f8ff9951p-477,0x1.4648432bdae96p-634,0x1.53898f8ff9952p-477,3.39890991144251580e-144
9,343,0x1.8028501374bb7p-479,0x1.4648432bdae96p-634,0x1.8028501374bb8p-479,9.61393975380967353e-145
9,344,0x1.b242086e4305p-481,0x1.4648432bdae96p-634,0x1.b242086e43051p-481,2.71693900909460150e-145
9,345,0x1.ea75ec07b958fp-483,0x1.4648432bdae96p-634,0x1.ea75ec07b959p-483,7.67142923242864062e-146
9,346,0x1.14b9cb5a01e0fp-484,0x1.4648432bdae96p-634,0x1.14b9cb5a01e1p-484,2.16417173591403777e-146
9,347,0x1.37fe459158d6fp-486,0x1.4648432bdae96p-634,0x1.37fe459158d7p-486,6.09996493822070357e-147
9,348,0x1.5f72e73d9113ep-488,0x1.4648432bdae96p-634,0x1.5f72e73d9113fp-488,1.71784615060439430e-147
9,349,0x1.8b8cd16457ef8p-490,0x1.4648432bdae96p-634,0x1.8b8cd16457ef9p-490,4.83352117054039887e-148
9,350,0x1.bcccb0f035e5bp-492,0x1.4648432bdae96p-634,0x1.bcccb0f035e5cp-492,1.35883439572284411e-148
9,351,0x1.f3bfbd382e622p-494,0x1.4648432bdae96p-634,0x1.f3bfbd382e623p-494,3.81675333677172071e-149
9,352,0x1.1880643b26cf6p-495,0x1.4648432bdae96p-634,0x1.1880643b26cf7p-495,1.07114290274427078e-149
9,353,0x1.3a9cb1843cd4bp-497,0x1.4648432bdae96p-634,0x1.3a9cb1843cd4cp-497,3.00349967141798058e-150
9,354,0x1.6091892b62f94p-499,0x1.4648432bdae96p-634,0x1.6091892b62f95p-499,8.41464319614023331e-151
9,355,0x1.8ac44e1ca2419p-501,0x1.4648432bdae96p-634,0x1.8ac44e1ca241ap-501,2.35544434380300849e-151
9,356,0x1.b9a3b3da42fa5p-503,0x1.4648432bdae96p-634,0x1.b9a3b3da42fa6p-503,6.58779519202942637e-152
9,357,0x1.eda879efd41f9p-505,0x1.4648432bdae96p-634,0x1.eda879efd41fap-505,1.84093519681889202e-152
9,358,0x1.13ab197032defp-506,0x1.4648432bdae96p-634,0x1.13ab197032dfp-506,5.14007133656171317e-153
9,359,0x1.339e0b793b609p-508,0x1.4648432bdae96p-634,0x1.339e0b793b60ap-508,1.43394694056256329e-153
9,360,0x1.56faf19b8e482p-510,0x1.4648432bdae96p-634,0x1.56faf19b8e483p-510,3.99697431587209884e-154
9,361,0x1.7e166291f9c56p-512,0x1.4648432bdae96p-634,0x1.7e166291f9c57p-512,1.11317903448558866e-154
9,362,0x1.a94c29881f63p-514,0x1.4648432bdae96p-634,0x1.a94c29881f631p-514,3.09766966034509008e-155
9,363,0x1.d8ffc8eea1403p-516,0x1.4648432bdae96p-634,0x1.d8ffc8eea1404p-516,8.61276586632603746e-156
9,364,0x1.06ce8202105f9p-517,0x1.4648432bdae96p-634,0x1.06ce8202105fap-517,2.39270227140059210e-156
9,365,0x1.23cc379661f77p-519,0x1.4648432bdae96p-634,0x1.23cc379661f78p-519,6.64162244931322836e-157
9,366,0x1.43b80395e69aep-521,0x1.4648432bdae96p-634,0x1.43b80395e69afp-521,1.84204494219408000e-157
9,367,0x1.66d5e7a5e70fbp-523,0x1.4648432bdae96p-634,0x1.66d5e7a5e70fcp-523,5.10467132014416963e-158
9,368,0x1.8d6f3b3d31d53p-525,0x1.4648432bdae96p-634,0x1.8d6f3b3d31d54p-525,1.41344161125503761e-158
9,369,0x1.b7d301a9efb33p-527,0x1.4648432bdae96p-634,0x1.b7d301a9efb34p-527,3.91049274757167701e-159
9,370,0x1.e6564388fd9bfp-529,0x1.4648432bdae96p-634,0x1.e6564388fd9cp-529,1.08100975082926173e-159
9,371,0x1.0caa35d1a568cp-530,0x1.4648432bdae96p-634,0x1.0caa35d1a568dp-530,2.98588610474789865e-160
9,372,0x1.2897d3901f05ep-532,0x1.4648432bdae96p-634,0x1.2897d3901f05fp-532,8.24068557127407642e-161
9,373,0x1.4728a47b2351bp-534,0x1.4648432bdae96p-634,0x1.4728a47b2351cp-534,2.27248436179345813e-161
9,374,0x1.6895183e29955p-536,0x1.4648432bdae96p-634,0x1.6895183e29956p-536,6.26162255548674534e-162
9,375,0x1.8d19997c2028bp-538,0x1.4648432bdae96p-634,0x1.8d19997c2028cp-538,1.72394042092882777e-162
9,376,0x1.b4f6c3ff89f62p-540,0x1.4648432bdae96p-634,0x1.b4f6c3ff89f63p-540,4.74250680959565731e-163
9,377,0x1.e0719c3a2325dp-542,0x1.4648432bdae96p-634,0x1.e0719c3a2325ep-542,1.30360185308862181e-163
9,378,0x1.07e9e3fb57432p-543,0x1.4648432bdae96p-634,0x1.07e9e3fb57433p-543,3.58042200471045169e-164
9,379,0x1.21b5e40dad81dp-545,0x1.4648432bdae96p-634,0x1.21b5e40dad81ep-545,9.82599751734586609e-165
9,380,0x1.3dc699ab6d5eep-547,0x1.4648432bdae96p-634,0x1.3dc699ab6d5efp-547,2.69446907237917024e-165
9,381,0x1.5c4878c6d0fa4p-549,0x1.4648432bdae96p-634,0x1.5c4878c6d0fa5p-549,7.38286296894506668e-166
9,382,0x1.7d6abbec15bd1p-551,0x1.4648432bdae96p-634,0x1.7d6abbec15bd2p-551,2.02130751200231304e-166
9,383,0x1.a15f826f1a2d9p-553,0x1.4648432bdae96p-634,0x1.a15f826f1a2dap-553,5.52964016374017065e-167
9,384,0x1.c85beeaaf777cp-555,0x1.4648432bdae96p-634,0x1.c85beeaaf777dp-555,1.51153833544654459e-167
9,385,0x1.f29844348beffp-557,0x1.4648432bdae96p-634,0x1.f29844348bfp-557,4.12857507743714879e-168
9,386,0x1.102802ef2bba3p-558,0x1.4648432bdae96p-634,0x1.102802ef2bba4p-558,1.12678443162650667e-168
9,387,0x1.28e109b4bc2c9p-560,0x1.4648432bdae96p-634,0x1.28e109b4bc2cap-560,3.07285466976095457e-169
9,388,0x1.4398635e72b76p-562,0x1.4648432bdae96p-634,0x1.4398635e72b77p-562,8.37345385631071813e-170
9,389,0x1.6071083cbe06bp-564,0x1.4648432bdae96p-634,0x1.6071083cbe06cp-564,2.27997224662515721e-170
9,390,0x1.7f8fc9df68c91p-566,0x1.4648432bdae96p-634,0x1.7f8fc9df68c92p-566,6.20322729107839707e-171
9,391,0x1.a11b607916ebap-568,0x1.4648432bdae96p-634,0x1.a11b607916ebbp-568,1.68643619355708738e-171
9,392,0x1.c53c77ab493dbp-570,0x1.4648432bdae96p-634,0x1.c53c77ab493dcp-570,4.58128275280618693e-172
9,393,0x1.ec1dbaa122a26p-572,0x1.4648432bdae96p-634,0x1.ec1dbaa122a27p-572,1.24356964928827105e-172
9,394,0x1.0af5efaeff1b8p-573,0x1.4648432bdae96p-634,0x1.0af5efaeff1b9p-573,3.37302711955809057e-173
9,395,0x1.216ad891e9d6fp-575,0x1.4648432bdae96p-634,0x1.216ad891e9d7p-575,9.14191367889688181e-174
9,396,0x1.39860cea24acep-577,0x1.4648432bdae96p-634,0x1.39860cea24acfp-577,2.47584140528518275e-174
9,397,0x1.536115173b501p-579,0x1.4648432bdae96p-634,0x1.536115173b502p-579,6.70004628297692878e-175
9,398,0x1.6f16906537621p-581,0x1.4648432bdae96p-634,0x1.6f16906537623p-581,1.81176934964061060e-175
9,399,0x1.8cc237d9779acp-583,0x1.4648432bdae96p-634,0x1.8cc237d9779bp-583,4.89552172903049907e-176
9,400,0x1.ac80e03e74b71p-585,0x1.4648432bdae96p-634,0x1.ac80e03e74b7cp-585,1.32180340249433007e-176
9,401,0x1.ce707b5e0f9c2p-587,0x1.4648432bdae96p-634,0x1.ce707b5e0f9ecp-587,3.56621393325474832e-177
9,402,0x1.f2b01859d53a3p-589,0x1.4648432bdae96p-634,0x1.f2b01859d5447p-589,9.61438246537078210e-178
9,403,0x1.0caff188445b9p-590,0x1.4648432bdae96p-634,0x1.0caff188447p-590,2.59005924696686907e-178
9,404,0x1.2150914024e8ap-592,0x1.4648432bdae96p-634,0x1.21509140253a4p-592,6.97225282193118846e-179
9,405,0x1.374b1b0a536b5p-594,0x1.4648432bdae96p-634,0x1.374b1b0a54b1bp-594,1.87548025899453090e-179
9,406,0x1.4eb148e81803ep-596,0x1.4648432bdae96p-634,0x1.4eb148e81d1d1p-596,5.04113843474694022e-180
9,407,0x1.67955ca0a96b7p-598,0x1.4648432bdae96p-634,0x1.67955ca0bddp-598,1.35401138499832678e-180
9,408,0x1.820a1c99546f5p-600,0x1.4648432bdae96p-634,0x1.820a1c99a6017p-600,3.63407912938956494e-181
9,409,0x1.9e22d003afb29p-602,0x1.4648432bdae96p-634,0x1.9e22d004f5faep-602,9.74643106463588558e-182
9,410,0x1.bbf33a5a7a382p-604,0x1.4648432bdae96p-634,0x1.bbf33a5f93594p-604,2.61202194310022762e-182
9,411,0x1.db8f96261e18bp-606,0x1.4648432bdae96p-634,0x1.db8f963a829cfp-606,6.99501725080503386e-183
9,412,0x1.fd0c8f023a7dfp-608,0x1.4648432bdae96p-634,0x1.fd0c8f53cc8edp-608,1.87189856999170403e-183
9,413,0x1.103f9d6f084c1p-609,0x1.4648432bdae96p-634,0x1.103f9e122c6dbp-609,5.00562349078203213e-184
9,414,0x1.22fe893922984p-611,0x1.4648432bdae96p-634,0x1.22fe8bc5b31eap-611,1.33757208445708886e-184
9,415,0x1.36cdf473734e1p-613,0x1.4648432bdae96p-634,0x1.36cdfea5b5678p-613,3.57157869735341889e-185
9,416,0x1.4bb8f152b9334p-615,0x1.4648432bdae96p-634,0x1.4bb91a1bc198dp-615,9.52990030136673905e-186
9,417,0x1.61cab5a99cfe2p-617,0x1.4648432bdae96p-634,0x1.61cb58cdbe942p-617,2.54099359826552902e-186
9,418,0x1.790e9578ac047p-619,0x1.4648432bdae96p-634,0x1.79112209325c3p-619,6.77035059384606902e-187
9,419,0x1.918ffd101fe6fp-621,0x1.4648432bdae96p-634,0x1.919a2f523945dp-621,1.80272259459176834e-187
9,420,0x1.ab5a6ac2ed035p-623,0x1.4648432bdae96p-634,0x1.ab8333cb527ecp-623,4.79757268066054208e-188
9,421,0x1.c679682b0c6ep-625,0x1.4648432bdae96p-634,0x1.c71c8c4ca25b8p-625,1.27682262421495279e-188
9,422,0x1.e2f882ff7952fp-627,0x1.4648432bdae96p-634,0x1.e5851385d108dp-627,3.40533408206324571e-189
9,423,0x1.0071a2be706eap-628,0x1.4648432bdae96p-634,0x1.058ac3cb1fda5p-628,9.17200496807199174e-190
9,424,0x1.102297314f209p-630,0x1.4648432bdae96p-634,0x1.24871b640ccf3p-630,2.56466033176083820e-190
9,425,0x1.2094d4430c768p-632,0x1.4648432bdae96p-634,0x1.7226e50e0330fp-632,8.11302466421612799e-191
9,426,0x1.31ce00ffa8a21p-634,0x1.4648432bdae96p-634,0x1.3c0b2215c1c5dp-633,3.46353536772555418e-191
9,427,0x1.43d3b178fa3fep-636,0x1.4648432bdae96p-634,0x1.973d2f8a19797p-634,2.23147565511054623e-191
9,428,0x1.56ab61fb7c332p-638,0x1.4648432bdae96p-634,0x1.5bb2f94b92acap-634,1.90522543515418597e-191
9,429,0x1.6a5a7215b1a67p-640,0x1.4648432bdae96p-634,0x1.4bf1acf431b01p-634,1.81889515468269266e-191
9,430,0x1.7ee61f74c61b8p-642,0x1.4648432bdae96p-634,0x1.47c7294b4faf9p-634,1.79606706870456261e-191
9,431,0x1.94538099631d1p-644,0x1.4648432bdae96p-634,0x1.46ad580c01423p-634,1.79003494027523590e-191
9,432,0x1.aaa77f6809c5fp-646,0x1.4648432bdae96p-634,0x1.4662eda3d16a1p-634,1.78844211876792397e-191
9,433,0x1.c1e6d3989182cp-648,0x1.4648432bdae96p-634,0x1.464f4ac7294bbp-634,1.78802181836063273e-191
9,434,0x1.da15fd08c08efp-650,0x1.4648432bdae96p-634,0x1.464a1d41d7f23p-634,1.78791099038739770e-191
9,435,0x1.f3393df642541p-652,0x1.4648432bdae96p-634,0x1.4648bffa2a67p-634,1.78788178677596713e-191
9,436,0x1.06aa4a924cccep-653,0x1.4648432bdae96p-634,0x1.46486401243bcp-634,1.78787409685233209e-191
9,437,0x1.1435dbf9f1aeep-655,0x1.4648432bdae96p-634,0x1.46484bcd89c94p-634,1.78787207333703957e-191
9,438,0x1.22410636d0b45p-657,0x1.4648432bdae96p-634,0x1.464845705cf5ep-634,1.78787154124023399e-191
9,439,0x1.30cd51a67e285p-659,0x1.4648432bdae96p-634,0x1.464843c441924p-634,1.78787140141833197e-191
9,440,0x1.3fdc190418e18p-661,0x1.4648432bdae96p-634,0x1.46484353d66c9p-634,1.78787136470186850e-191
9,441,0x1.4f6e867091279p-663,0x1.4648432bdae96p-634,0x1.46484336565dap-634,1.78787135506694526e-191
9,442,0x1.5f85908194b31p-665,0x1.4648432bdae96p-634,0x1.4648432e99f49p-634,1.78787135254033578e-191
9,443,0x1.7021f75a4e6c8p-667,0x1.4648432bdae96p-634,0x1.4648432c92fa7p-634,1.78787135187822436e-191
9,444,0x1.814441d13ebe7p-669,0x1.4648432bdae96p-634,0x1.4648432c0b12p-634,1.78787135170483286e-191
9,445,0x1.92ecbaa683d79p-671,0x1.4648432bdae96p-634,0x1.4648432be780dp-634,1.78787135165945627e-191
9,446,0x1.a51b6dcdf82ecp-673,0x1.4648432bdae96p-634,0x1.4648432bde33ap-634,1.78787135164758939e-191
9,447,0x1.b7d025d098e49p-675,0x1.4648432bdae96p-634,0x1.4648432bdbc56p-634,1.78787135164448835e-191
9,448,0x1.cb0a6948ac81dp-677,0x1.4648432bdae96p-634,0x1.4648432bdb22dp-634,1.78787135164367820e-191
9,449,0x1.dec9787c255b1p-679,0x1.4648432bdae96p-634,0x1.4648432bdaf86p-634,1.78787135164346671e-191
9,450,0x1.f30c4b18b7015p-681,0x1.4648432bdae96p-634,0x1.4648432bdaed5p-634,1.78787135164341158e-191
9,451,0x1.03e8c70a8e957p-682,0x1.4648432bdae96p-634,0x1.4648432bdaea7p-634,1.78787135164339725e-191
9,452,0x1.0e8bd0dd74f9fp-684,0x1.4648432bdae96p-634,0x1.4648432bdae9bp-634,1.78787135164339351e-191
9,453,0x1.196e4bee22578p-686,0x1.4648432bdae96p-634,0x1.4648432bdae98p-634,1.78787135164339258e-191
9,454,0x1.248f191c6b5a1p-688,0x1.4648432bdae96p-634,0x1.4648432bdae97p-634,1.78787135164339227e-191
9,455,0x1.2fecf08a8968p-690,0x1.4648432bdae96p-634,0x1.4648432bdae97p-634,1.78787135164339227e-191
9,456,0x1.3b86610371c4bp-692,0x1.4648432bdae96p-634,0x1.4648432bdae97p-634,1.78787135164339227e-191
9,457,0x1.4759cf7d5538bp-694,0x1.4648432bdae96p-634,0x1.4648432bdae97p-634,1.78787135164339227e-191
9,458,0x1.536576b9a86c6p-696,0x1.4648432bdae96p-634,0x1.4648432bdae97p-634,1.78787135164339227e-191
9,459,0x1.5fa76703fe543p-698,0x1.4648432bdae96p-634,0x1.4648432bdae97p-634,1.78787135164339227e-191
9,460,0x1.6c1d8610e1e81p-700,0x1.4648432bdae96p-634,0x1.4648432bdae97p-634,1.78787135164339227e-191
9,461,0x1.78c58efdb3f9dp-702,0x1.4648432bdae96p-634,0x1.4648432bdae97p-634,1.78787135164339227e-191
9,462,0x1.859d127243b61p-704,0x1.4648432bdae96p-634,0x1.4648432bdae97p-634,1.78787135164339227e-191
9,463,0x1.92a176e3fed8ep-706,0x1.4648432bdae96p-634,0x1.4648432bdae97p-634,1.78787135164339227e-191
9,464,0x1.9fcff8f7bb60dp-708,0x1.4648432bdae96p-634,0x1.4648432bdae97p-634,1.78787135164339227e-191
9,465,0x1.ad25abf4d00d2p-710,0x1.4648432bdae96p-634,0x1.4648432bdae97p-634,1.78787135164339227e-191
9,466,0x1.ba9f7a165e348p-712,0x1.4648432bdae96p-634,0x1.4648432bdae97p-634,1.78787135164339227e-191
9,467,0x1.c83a23fcb3649p-714,0x1.4648432bdae96p-634,0x1.4648432bdae97p-634,1.78787135164339227e-191
9,468,0x1.d5f23c84ba019p-716,0x1.4648432bdae96p-634,0x1.4648432bdae97p-634,1.78787135164339227e-191
9,469,0x1.e3c4171a64f6bp-718,0x1.4648432bdae96p-634,0x1.4648432bdae97p-634,1.78787135164339227e-191
9,470,0x1.f1ab84d05d392p-720,0x1.4648432bdae96p-634,0x1.4648432bdae97p-634,1.78787135164339227e-191
9,471,0x1.ffa2e140b9ca1p-722,0x1.4648432bdae96p-634,0x1.4648432bdae97p-634,1.78787135164339227e-191
9,472,0x1.06cfd958afb0dp-723,0x1.4648432bdae96p-634,0x1.4648432bdae97p-634,1.78787135164339227e-191
9,473,0x1.0dc3748853214p-725,0x1.4648432bdae96p-634,0x1.4648432bdae97p-634,1.78787135164339227e-191
9,474,0x1.1482706190495p-727,0x1.4648432bdae96p-634,0x1.4648432bdae97p-634,1.78787135164339227e-191
9,475,0x1.1a84cbdcfe283p-729,0x1.4648432bdae96p-634,0x1.4648432bdae97p-634,1.78787135164339227e-191
9,476,0x1.1e151c7cdae73p-731,0x1.4648432bdae96p-634,0x1.4648432bdae97p-634,1.78787135164339227e-191
9,477,0x1.19f51c2791809p-733,0x1.4648432bdae96p-634,0x1.4648432bdae97p-634,1.78787135164339227e-191
9,478,0x1.feeb899e35e7dp-736,0x1.4648432bdae96p-634,0x1.4648432bdae97p-634,1.78787135164339227e-191
9,479,0x1.59deb33a01b52p-738,0x1.4648432bdae96p-634,0x1.4648432bdae97p-634,1.78787135164339227e-191
9,480,0x0p+0,0x1.4648432bdae96p-634,0x1.4648432bdae96p-634,1.78787135164339196e-191
10,0,0x1.047f41de17f9p+3,0x1.04228346c1dfcp-584,0x1.047f41de17f91p+3,8.14053433778443214e+00
10,1,0x1.cc511b604bb9bp+2,0x1.04228346c1dfcp-584,0x1.cc511b604bb9cp+2,7.19245037464034098e+00
10,2,0x1.92a284a6eecbap+2,0x1.04228346c1dfcp-584,0x1.92a284a6eecbbp+2,6.29116932203322232e+00
10,3,0x1.5c9fd24a92562p+2,0x1.04228346c1dfcp-584,0x1.5c9fd24a92563p+2,5.44725472719560155e+00
10,4,0x1.2acdfe1736427p+2,0x1.04228346c1dfcp-584,0x1.2acdfe1736428p+2,4.66882278696815689e+00
10,5,0x1.fb0b1ee5f02c4p+1,0x1.04228346c1dfcp-584,0x1.fb0b1ee5f02c5p+1,3.96127687671136863e+00
10,6,0x1.a9e5616e4e7a5p+1,0x1.04228346c1dfcp-584,0x1.a9e5616e4e7a6p+1,3.32731264005720373e+00
10,7,0x1.623128d4d1e48p+1,0x1.04228346c1dfcp-584,0x1.623128d4d1e49p+1,2.76712522880169276e+00
10,8,0x1.23ae35b439c23p+1,0x1.04228346c1dfcp-584,0x1.23ae35b439c24p+1,2.27875396061019053e+00
10,9,0x1.dbc706ee8ad91p+0,0x1.04228346c1dfcp-584,0x1.dbc706ee8ad92p+0,1.85850566219128099e+00
10,10,0x1.805c27c5f0b39p+0,0x1.04228346c1dfcp-584,0x1.805c27c5f0b3ap+0,1.50140617926144992e+00
10,11,0x1.339ea7af1287ep+0,0x1.04228346c1dfcp-584,0x1.339ea7af1287fp+0,1.20163963340976898e+00
10,12,0x1.e7e88bb9ed098p-1,0x1.04228346c1dfcp-584,0x1.e7e88bb9ed099p-1,9.52946058698688536e-01
10,13,0x1.7f778acd662ecp-1,0x1.04228346c1dfcp-584,0x1.7f778acd662edp-1,7.48958909581316612e-01
10,14,0x1.2abd0d59cbcd7p-1,0x1.04228346c1dfcp-584,0x1.2abd0d59cbcd8p-1,5.83473603450239686e-01
10,15,0x1.cd762bbdf3bbdp-2,0x1.04228346c1dfcp-584,0x1.cd762bbdf3bbep-2,4.50646098583941668e-01
10,16,0x1.6168c60e87255p-2,0x1.04228346c1dfcp-584,0x1.6168c60e87256p-2,3.45126242291177276e-01
10,17,0x1.0c6cef2253eebp-2,0x1.04228346c1dfcp-584,0x1.0c6cef2253eecp-2,2.62134300680357368e-01
10,18,0x1.9476240a7f405p-3,0x1.04228346c1dfcp-584,0x1.9476240a7f406p-3,1.97490960665078485e-01
10,19,0x1.2e4ef6bdf5d6dp-3,0x1.04228346c1dfcp-584,0x1.2e4ef6bdf5d6ep-3,1.47611549064758873e-01
10,20,0x1.c0687c70f7f24p-4,0x1.04228346c1dfcp-584,0x1.c0687c70f7f25p-4,1.09474645708811893e-01
10,21,0x1.4a0804ba81763p-4,0x1.04228346c1dfcp-584,0x1.4a0804ba81764p-4,8.05740532597077341e-02
10,22,0x1.e23199d498621p-5,0x1.04228346c1dfcp-584,0x1.e23199d498622p-5,5.88615421772937936e-02
10,23,0x1.5daf5c440dbacp-5,0x1.04228346c1dfcp-584,0x1.5daf5c440dbadp-5,4.26861574236946165e-02
10,24,0x1.f78d181764081p-6,0x1.04228346c1dfcp-584,0x1.f78d181764082p-6,3.07343230502401601e-02
10,25,0x1.680405c1f6523p-6,0x1.04228346c1dfcp-584,0x1.680405c1f6524p-6,2.19736152865596251e-02
10,26,0x1.ff3e99c0bb593p-7,0x1.04228346c1dfcp-584,0x1.ff3e99c0bb594p-7,1.56019449945812641e-02
10,27,0x1.688bec1be2d69p-7,0x1.04228346c1dfcp-584,0x1.688bec1be2d6ap-7,1.10030081630358607e-02
10,28,0x1.f92a5f9f08db3p-8,0x1.04228346c1dfcp-584,0x1.f92a5f9f08db4p-8,7.70821413519533552e-03
10,29,0x1.5f97582f3ac5cp-8,0x1.04228346c1dfcp-584,0x1.5f97582f3ac5dp-8,5.36485579435027910e-03
10,30,0x1.e64730954f924p-9,0x1.04228346c1dfcp-584,0x1.e64730954f925p-9,3.71000736291117678e-03
10,31,0x1.4e2a8fe339c5bp-9,0x1.04228346c1dfcp-584,0x1.4e2a8fe339c5cp-9,2.54948622169907761e-03
10,32,0x1.c86f4d7aff3e9p-10,0x1.04228346c1dfcp-584,0x1.c86f4d7aff3eap-10,1.74116049197369860e-03
10,33,0x1.35d39473a67e3p-10,0x1.04228346c1dfcp-584,0x1.35d39473a67e4p-10,1.18189424111969036e-03
10,34,0x1.a21b03fda7a38p-11,0x1.04228346c1dfcp-584,0x1.a21b03fda7a39p-11,7.97473010340449891e-04
10,35,0x1.18747dab30f81p-11,0x1.04228346c1dfcp-584,0x1.18747dab30f82p-11,5.34925541977746217e-04
10,36,0x1.76119f5475f74p-12,0x1.04228346c1dfcp-584,0x1.76119f5475f75p-12,3.56739842826573575e-04
10,37,0x1.f01701be077b5p-13,0x1.04228346c1dfcp-584,0x1.f01701be077b6p-13,2.36554083984095379e-04
10,38,0x1.471cfa0072f75p-13,0x1.04228346c1dfcp-584,0x1.471cfa0072f76p-13,1.55979723798767712e-04
10,39,0x1.ad011be80f4e4p-14,0x1.04228346c1dfcp-584,0x1.ad011be80f4e5p-14,1.02282603280340662e-04
10,40,0x1.17c96719b15e7p-14,0x1.04228346c1dfcp-584,0x1.17c96719b15e8p-14,6.67063544837681122e-05
10,41,0x1.6afc3fa91ae4ap-15,0x1.04228346c1dfcp-584,0x1.6afc3fa91ae4bp-15,4.32712252596804489e-05
10,42,0x1.d46fe60c2f2b5p-16,0x1.04228346c1dfcp-584,0x1.d46fe60c2f2b6p-16,2.79210271833969713e-05
10,43,0x1.2cb02b337dceep-16,0x1.04228346c1dfcp-584,0x1.2cb02b337dcefp-16,1.79224109171067840e-05
10,44,0x1.800a198cdb831p-17,0x1.04228346c1dfcp-584,0x1.800a198cdb832p-17,1.14452675689901709e-05
10,45,0x1.e80314ff0ba6fp-18,0x1.04228346c1dfcp-584,0x1.e80314ff0ba7p-18,7.27194605957982973e-06
10,46,0x1.34848de71d42dp-18,0x1.04228346c1dfcp-584,0x1.34848de71d42ep-18,4.59727332390462856e-06
10,47,0x1.8429a6b40ef1bp-19,0x1.04228346c1dfcp-584,0x1.8429a6b40ef1cp-19,2.89203748063221525e-06
10,48,0x1.e5fe09d0b6a78p-20,0x1.04228346c1dfcp-584,0x1.e5fe09d0b6a79p-20,1.81046253915650863e-06
10,49,0x1.2ec72f7df8c78p-20,0x1.04228346c1dfcp-584,0x1.2ec72f7df8c79p-20,1.12793620087798698e-06
10,50,0x1.777a8e9d8d08bp-21,0x1.04228346c1dfcp-584,0x1.777a8e9d8d08cp-21,6.99383651164943694e-07
10,51,0x1.cf749fb2d6595p-22,0x1.04228346c1dfcp-584,0x1.cf749fb2d6596p-22,4.31626627041953384e-07
10,52,0x1.1cb3432fdd74ap-22,0x1.04228346c1dfcp-584,0x1.1cb3432fdd74bp-22,2.65147764181575916e-07
10,53,0x1.5c2f28f059969p-23,0x1.04228346c1dfcp-584,0x1.5c2f28f05996ap-23,1.62135911373205560e-07
10,54,0x1.a7e6f9ceb65fbp-24,0x1.04228346c1dfcp-584,0x1.a7e6f9ceb65fcp-24,9.86974335414114519e-08
10,55,0x1.00e46c09cdee5p-24,0x1.04228346c1dfcp-584,0x1.00e46c09cdee6p-24,5.98123933965358035e-08
10,56,0x1.35fd735f0529bp-25,0x1.04228346c1dfcp-584,0x1.35fd735f0529cp-25,3.60875904646685307e-08
10,57,0x1.746eceeaab717p-26,0x1.04228346c1dfcp-584,0x1.746eceeaab718p-26,2.16784447430371668e-08
10,58,0x1.bd86bc0d75555p-27,0x1.04228346c1dfcp-584,0x1.bd86bc0d75556p-27,1.29665221016191344e-08
10,59,0x1.0958f52498b6p-27,0x1.04228346c1dfcp-584,0x1.0958f52498b61p-27,7.72262837809520329e-09
10,60,0x1.3abdb95afd54dp-28,0x1.04228346c1dfcp-584,0x1.3abdb95afd54ep-28,4.58008594504467239e-09
10,61,0x1.73c62179a0d29p-29,0x1.04228346c1dfcp-584,0x1.73c62179a0d2ap-29,2.70501148981308176e-09
10,62,0x1.b554f477e9de9p-30,0x1.04228346c1dfcp-584,0x1.b554f477e9deap-30,1.59100402121816294e-09
10,63,0x1.002d2b83cf728p-30,0x1.04228346c1dfcp-584,0x1.002d2b83cf729p-30,9.31964478638977345e-10
10,64,0x1.2ae93c8126288p-31,0x1.04228346c1dfcp-584,0x1.2ae93c8126289p-31,5.43716086167891957e-10
10,65,0x1.5b61ee0e9bc56p-32,0x1.04228346c1dfcp-584,0x1.5b61ee0e9bc57p-32,3.15942578447475371e-10
10,66,0x1.921e9773db5d5p-33,0x1.04228346c1dfcp-584,0x1.921e9773db5d6p-33,1.82862776674827465e-10
10,67,0x1.cfa95c8327d69p-34,0x1.04228346c1dfcp-584,0x1.cfa95c8327d6ap-34,1.05424434849755428e-10
10,68,0x1.0a46d5f754374p-34,0x1.04228346c1dfcp-584,0x1.0a46d5f754375p-34,6.05443125014120716e-11
10,69,0x1.30ab4359e85adp-35,0x1.04228346c1dfcp-584,0x1.30ab4359e85aep-35,3.46368547579663678e-11
10,70,0x1.5b46496fb9697p-36,0x1.04228346c1dfcp-584,0x1.5b46496fb9698p-36,1.97402731629885439e-11
10,71,0x1.8a59feb48a551p-37,0x1.04228346c1dfcp-584,0x1.8a59feb48a552p-37,1.12081449612863362e-11
10,72,0x1.be251837966b4p-38,0x1.04228346c1dfcp-584,0x1.be251837966b5p-38,6.34010036683058558e-12
10,73,0x1.f6e1b256e6069p-39,0x1.04228346c1dfcp-584,0x1.f6e1b256e606ap-39,3.57318887363085231e-12
10,74,0x1.1a6205a4a88d8p-39,0x1.04228346c1dfcp-584,0x1.1a6205a4a88d9p-39,2.00645117309044959e-12
10,75,0x1.3bfc9a320c5bfp-40,0x1.04228346c1dfcp-584,0x1.3bfc9a320c5cp-40,1.12261037030459045e-12
10,76,0x1.6052dfda76c91p-41,0x1.04228346c1dfcp-584,0x1.6052dfda76c92p-41,6.25852664326896567e-13
10,77,0x1.8772380faf74dp-42,0x1.04228346c1dfcp-584,0x1.8772380faf74ep-42,3.47674038827169368e-13
10,78,0x1.b16279537e0d9p-43,0x1.04228346c1dfcp-584,0x1.b16279537e0dap-43,1.92461452903641087e-13
10,79,0x1.de2553f425d15p-44,0x1.04228346c1dfcp-584,0x1.de2553f425d16p-44,1.06169697984677274e-13
10,80,0x1.06dae13d4929bp-44,0x1.04228346c1dfcp-584,0x1.06dae13d4929cp-44,5.83655344900029243e-14
10,81,0x1.2003c4b4365efp-45,0x1.04228346c1dfcp-584,0x1.2003c4b4365fp-45,3.19760573812723566e-14
10,82,0x1.3a8364e8bc007p-46,0x1.04228346c1dfcp-584,0x1.3a8364e8bc008p-46,1.74589930568822801e-14
10,83,0x1.564bd51883c77p-47,0x1.04228346c1dfcp-584,0x1.564bd51883c78p-47,9.50062862640388544e-15
10,84,0x1.734b0c4cf60b3p-48,0x1.04228346c1dfcp-584,0x1.734b0c4cf60b4p-48,5.15272763960556328e-15
10,85,0x1.916ad482a42dbp-49,0x1.04228346c1dfcp-584,0x1.916ad482a42dcp-49,2.78539209162897223e-15
10,86,0x1.b090c90a4f81ep-50,0x1.04228346c1dfcp-584,0x1.b090c90a4f81fp-50,1.50076329013801235e-15
10,87,0x1.d09e650b81e1bp-51,0x1.04228346c1dfcp-584,0x1.d09e650b81e1cp-51,8.05985017136139897e-16
10,88,0x1.f17122c5a9abfp-52,0x1.04228346c1dfcp-584,0x1.f17122c5a9acp-52,4.31462102877574990e-16
10,89,0x1.097155ed3d40bp-52,0x1.04228346c1dfcp-584,0x1.097155ed3d40cp-52,2.30234856689701710e-16
10,90,0x1.1a648d4a6ffcfp-53,0x1.04228346c1dfcp-584,0x1.1a648d4a6ffdp-53,1.22468346629709813e-16
10,91,0x1.2b7ba5e29cd41p-54,0x1.04228346c1dfcp-584,0x1.2b7ba5e29cd42p-54,6.49400238352490887e-17
10,92,0x1.3c9ea038150cdp-55,0x1.04228346c1dfcp-584,0x1.3c9ea038150cep-55,3.43279693135939489e-17
10,93,0x1.4db44719aeffap-56,0x1.04228346c1dfcp-584,0x1.4db44719aeffbp-56,1.80901414673217354e-17
10,94,0x1.5ea26e76dcc3bp-57,0x1.04228346c1dfcp-584,0x1.5ea26e76dcc3cp-57,9.50396711339625640e-18
10,95,0x1.6f4e37f452c8dp-58,0x1.04228346c1dfcp-584,0x1.6f4e37f452c8ep-58,4.97791832299139160e-18
10,96,0x1.7f9c5c3c7b01cp-59,0x1.04228346c1dfcp-584,0x1.7f9c5c3c7b01dp-59,2.59944777300996327e-18
10,97,0x1.8f7177e889fe5p-60,0x1.04228346c1dfcp-584,0x1.8f7177e889fe6p-60,1.35336632548204976e-18
10,98,0x1.9eb25ac6b8ac8p-61,0x1.04228346c1dfcp-584,0x1.9eb25ac6b8ac9p-61,7.02523532030040857e-19
10,99,0x1.ad44583099b35p-62,0x1.04228346c1dfcp-584,0x1.ad44583099b36p-62,3.63603267325744345e-19
10,100,0x1.bb0d971a3eff5p-63,0x1.04228346c1dfcp-584,0x1.bb0d971a3eff6p-63,1.87640280989927087e-19
10,101,0x1.c7f560803a597p-64,0x1.04228346c1dfcp-584,0x1.c7f560803a598p-64,9.65529688114458545e-20
10,102,0x1.d3e46adf8bba2p-65,0x1.04228346c1dfcp-584,0x1.d3e46adf8bba3p-65,4.95400195488094187e-20
10,103,0x1.dec5216f2c25dp-66,0x1.04228346c1dfcp-584,0x1.dec5216f2c25ep-66,2.53458749523765759e-20
10,104,0x1.e883e5e6c1577p-67,0x1.04228346c1dfcp-584,0x1.e883e5e6c1578p-67,1.29308903845896286e-20
10,105,0x1.f10f4bb8a0541p-68,0x1.04228346c1dfcp-584,0x1.f10f4bb8a0542p-68,6.57853100461978202e-21
10,106,0x1.f8584bc5e83a1p-69,0x1.04228346c1dfcp-584,0x1.f8584bc5e83a2p-69,3.33747462762362012e-21
10,107,0x1.fe526fb95094ap-70,0x1.04228346c1dfcp-584,0x1.fe526fb95094bp-70,1.68851391538277478e-21
10,108,0x1.0179fa2fa5e69p-70,0x1.04228346c1dfcp-584,0x1.0179fa2fa5e6ap-70,8.51918189221525078e-22
10,109,0x1.031af13fa18ebp-71,0x1.04228346c1dfcp-584,0x1.031af13fa18ecp-71,4.28653668334203593e-22
10,110,0x1.040a0ef468debp-72,0x1.04228346c1dfcp-584,0x1.040a0ef468decp-72,2.15099459761633872e-22
10,111,0x1.0446b54beb063p-73,0x1.04228346c1dfcp-584,0x1.0446b54beb064p-73,1.07647714873381616e-22
10,112,0x1.03d1b400e3f5ap-74,0x1.04228346c1dfcp-584,0x1.03d1b400e3f5bp-74,5.37293415091279423e-23
10,113,0x1.02ad416672945p-75,0x1.04228346c1dfcp-584,0x1.02ad416672946p-75,2.67465520816756147e-23
10,114,0x1.00dceeaeb172p-76,0x1.04228346c1dfcp-584,0x1.00dceeaeb1721p-76,1.32795067342407525e-23
10,115,0x1.fccb2fccfa6fdp-78,0x1.04228346c1dfcp-584,0x1.fccb2fccfa6fep-78,6.57600442004543983e-24
10,116,0x1.f69aa005060c1p-79,0x1.04228346c1dfcp-584,0x1.f69aa005060c2p-79,3.24800225055046798e-24
10,117,0x1.ef3692d24606ep-80,0x1.04228346c1dfcp-584,0x1.ef3692d24606fp-80,1.60012007722878832e-24
10,118,0x1.e6af76e2c9effp-81,0x1.04228346c1dfcp-584,0x1.e6af76e2c9fp-81,7.86282683102685474e-25
10,119,0x1.dd178ab1fd2bdp-82,0x1.04228346c1dfcp-584,0x1.dd178ab1fd2bep-82,3.85391816187856240e-25
10,120,0x1.d2829e74471e2p-83,0x1.04228346c1dfcp-584,0x1.d2829e74471e3p-83,1.88421981483315310e-25
10,121,0x1.c705d31b025e7p-84,0x1.04228346c1dfcp-584,0x1.c705d31b025e8p-84,9.18911130637308599e-26
10,122,0x1.bab7578ae3741p-85,0x1.04228346c1dfcp-584,0x1.bab7578ae3742p-85,4.47029102272405131e-26
10,123,0x1.adae251a8033fp-86,0x1.04228346c1dfcp-584,0x1.adae251a8034p-86,2.16933090466363156e-26
10,124,0x1.a001bc64e9e85p-87,0x1.04228346c1dfcp-584,0x1.a001bc64e9e86p-87,1.05014875447192336e-26
10,125,0x1.91c9e36db634dp-88,0x1.04228346c1dfcp-584,0x1.91c9e36db634ep-88,5.07128543416753111e-27
10,126,0x1.831e6600fd5bep-89,0x1.04228346c1dfcp-584,0x1.831e6600fd5bfp-89,2.44306274227789141e-27
10,127,0x1.7416d9236982fp-90,0x1.04228346c1dfcp-584,0x1.7416d9236983p-90,1.17410665273526972e-27
10,128,0x1.64ca624d27c87p-91,0x1.04228346c1dfcp-584,0x1.64ca624d27c88p-91,5.62916252153253431e-28
10,129,0x1.554f830f1d229p-92,0x1.04228346c1dfcp-584,0x1.554f830f1d22ap-92,2.69246583791125451e-28
10,130,0x1.45bbe9a4eb3cp-93,0x1.04228346c1dfcp-584,0x1.45bbe9a4eb3c1p-93,1.28479422413059864e-28
10,131,0x1.362446d8cd66fp-94,0x1.04228346c1dfcp-584,0x1.362446d8cd67p-94,6.11646667429146693e-29
10,132,0x1.269c2980d3263p-95,0x1.04228346c1dfcp-584,0x1.269c2980d3264p-95,2.90507897282447341e-29
10,133,0x1.1735dfc0200bep-96,0x1.04228346c1dfcp-584,0x1.1735dfc0200bfp-96,1.37661377946555607e-29
10,134,0x1.08025e1b328a5p-97,0x1.04228346c1dfcp-584,0x1.08025e1b328a6p-97,6.50833045990088159e-30
10,135,0x1.f22258a88add7p-99,0x1.04228346c1dfcp-584,0x1.f22258a88add8p-99,3.06998881699480868e-30
10,136,0x1.d4e0afda2b8a4p-100,0x1.04228346c1dfcp-584,0x1.d4e0afda2b8a5p-100,1.44484091281127504e-30
10,137,0x1.b858d82c0e8f7p-101,0x1.04228346c1dfcp-584,0x1.b858d82c0e8f8p-101,6.78462053340594233e-31
10,138,0x1.9ca0dd8018972p-102,0x1.04228346c1dfcp-584,0x1.9ca0dd8018973p-102,3.17877341045511067e-31
10,139,0x1.81cbc4ee0c027p-103,0x1.04228346c1dfcp-584,0x1.81cbc4ee0c028p-103,1.48603203619687724e-31
10,140,0x1.67e9993b39137p-104,0x1.04228346c1dfcp-584,0x1.67e9993b39138p-104,6.93166250275317444e-32
10,141,0x1.4f077f33aa35ap-105,0x1.04228346c1dfcp-584,0x1.4f077f33aa35bp-105,3.22621465821021133e-32
10,142,0x1.372fd0f5c10d3p-106,0x1.04228346c1dfcp-584,0x1.372fd0f5c10d4p-106,1.49830985546742518e-32
10,143,0x1.206a3f393aa92p-107,0x1.04228346c1dfcp-584,0x1.206a3f393aa93p-107,6.94333921655384830e-33
10,144,0x1.0abbf797d3627p-108,0x1.04228346c1dfcp-584,0x1.0abbf797d3628p-108,3.21069670595264553e-33
10,145,0x1.ec4f9dbfaaaddp-110,0x1.04228346c1dfcp-584,0x1.ec4f9dbfaaadep-110,1.48149452874981668e-33
10,146,0x1.c55cdcfe7baddp-111,0x1.04228346c1dfcp-584,0x1.c55cdcfe7badep-111,6.82144445557297834e-34
10,147,0x1.a09d0840932e3p-112,0x1.04228346c1dfcp-584,0x1.a09d0840932e4p-112,3.13425092226759492e-34
10,148,0x1.7e09e53b109dap-113,0x1.04228346c1dfcp-584,0x1.7e09e53b109dbp-113,1.43706969475782933e-34
10,149,0x1.5d9a0706fedc1p-114,0x1.04228346c1dfcp-584,0x1.5d9a0706fedc2p-114,6.57527660486207509e-35
10,150,0x1.3f4130cf9558ap-115,0x1.04228346c1dfcp-584,0x1.3f4130cf9558bp-115,3.00225631021530852e-35
10,151,0x1.22f0b6e1fbd01p-116,0x1.04228346c1dfcp-584,0x1.22f0b6e1fbd02p-116,1.36799467196315385e-35
10,152,0x1.0897dcfd8b7dcp-117,0x1.04228346c1dfcp-584,0x1.0897dcfd8b7ddp-117,6.22055660868310838e-36
10,153,0x1.e04861d9897f1p-119,0x1.04228346c1dfcp-584,0x1.e04861d9897f2p-119,2.82284825637380004e-36
10,154,0x1.b303c1309e3fbp-120,0x1.04228346c1dfcp-584,0x1.b303c1309e3fcp-120,1.27839320776568174e-36
10,155,0x1.893815db1d57bp-121,0x1.04228346c1dfcp-584,0x1.893815db1d57cp-121,5.77783514104597021e-37
10,156,0x1.62ba1631ea32p-122,0x1.04228346c1dfcp-584,0x1.62ba1631ea321p-122,2.60612167755178205e-37
10,157,0x1.3f5d7b714b063p-123,0x1.04228346c1dfcp-584,0x1.3f5d7b714b064p-123,1.17316233472380139e-37
10,158,0x1.1ef57f9ba43e3p-124,0x1.04228346c1dfcp-584,0x1.1ef57f9ba43e4p-124,5.27060403154544090e-38
10,159,0x1.01554ea426525p-125,0x1.04228346c1dfcp-584,0x1.01554ea426526p-125,2.36323249669938962e-38
10,160,0x1.cca0d5c6688f1p-127,0x1.04228346c1dfcp-584,0x1.cca0d5c6688f2p-127,1.05755062451000197e-38
10,161,0x1.9b760a0dbb975p-128,0x1.04228346c1dfcp-584,0x1.9b760a0dbb976p-128,4.72334167913751779e-39
10,162,0x1.6ed48fb722b71p-129,0x1.04228346c1dfcp-584,0x1.6ed48fb722b72p-129,2.10550276576329717e-39
10,163,0x1.466930d86cbc5p-130,0x1.04228346c1dfcp-584,0x1.466930d86cbc6p-130,9.36753346788220483e-40
10,164,0x1.21e3962abc5d3p-131,0x1.04228346c1dfcp-584,0x1.21e3962abc5d4p-131,4.15970329292439198e-40
10,165,0x1.00f69c7af3009p-132,0x1.04228346c1dfcp-584,0x1.00f69c7af300ap-132,1.84362144250763365e-40
10,166,0x1.c6b12dd1941b6p-134,0x1.04228346c1dfcp-584,0x1.c6b12dd1941b7p-134,8.15563966745508990e-41
10,167,0x1.9186ff1e84e05p-135,0x1.04228346c1dfcp-584,0x1.9186ff1e84e06p-135,3.60102164062880090e-41
10,168,0x1.61ea307aa8ab4p-136,0x1.04228346c1dfcp-584,0x1.61ea307aa8ab5p-136,1.58700886038656753e-41
10,169,0x1.375df9d2c3027p-137,0x1.04228346c1dfcp-584,0x1.375df9d2c3028p-137,6.98109167381931084e-42
10,170,0x1.116d530bf442bp-138,0x1.04228346c1dfcp-584,0x1.116d530bf442cp-138,3.06522322469330014e-42
10,171,0x1.df55d3508944bp-140,0x1.04228346c1dfcp-584,0x1.df55d3508944cp-140,1.34338351529169719e-42
10,172,0x1.a36206fe3e12dp-141,0x1.04228346c1dfcp-584,0x1.a36206fe3e12ep-141,5.87680640648501167e-43
10,173,0x1.6e42a2f546a35p-142,0x1.04228346c1dfcp-584,0x1.6e42a2f546a36p-142,2.56619997296341332e-43
10,174,0x1.3f496a381fff6p-143,0x1.04228346c1dfcp-584,0x1.3f496a381fff7p-143,1.11854017581771610e-43
10,175,0x1.15d5f6ac13a33p-144,0x1.04228346c1dfcp-584,0x1.15d5f6ac13a34p-144,4.86663591380420577e-44
10,176,0x1.e2aa3c53801e5p-146,0x1.04228346c1dfcp-584,0x1.e2aa3c53801e6p-146,2.11361781083553906e-44
10,177,0x1.a28096522d007p-147,0x1.04228346c1dfcp-584,0x1.a28096522d008p-147,9.16322846095672182e-45
10,178,0x1.6a3999ad4b7fdp-148,0x1.04228346c1dfcp-584,0x1.6a3999ad4b7fep-148,3.96551045222697917e-45
10,179,0x1.38f643df5d29ep-149,0x1.04228346c1dfcp-584,0x1.38f643df5d29fp-149,1.71309817332232364e-45
10,180,0x1.0dec82aa7f8dbp-150,0x1.04228346c1dfcp-584,0x1.0dec82aa7f8dcp-150,7.38757622736626154e-46
10,181,0x1.d0cb8b77bf899p-152,0x1.04228346c1dfcp-584,0x1.d0cb8b77bf89ap-152,3.18025710671162664e-46
10,182,0x1.8f7b2a2b820b1p-153,0x1.04228346c1dfcp-584,0x1.8f7b2a2b820b2p-153,1.36668034440925758e-46
10,183,0x1.56c05fa1a2b2fp-154,0x1.04228346c1dfcp-584,0x1.56c05fa1a2b3p-154,5.86300162901539631e-47
10,184,0x1.25926c369e7a4p-155,0x1.04228346c1dfcp-584,0x1.25926c369e7a5p-155,2.51087611028022709e-47
10,185,0x1.f6098305a1ea5p-157,0x1.04228346c1dfcp-584,0x1.f6098305a1ea6p-157,1.07346175387276864e-47
10,186,0x1.ac891ffa2ee4cp-158,0x1.04228346c1dfcp-584,0x1.ac891ffa2ee4dp-158,4.58149978717226220e-48
10,187,0x1.6d2ceb6c5a9cfp-159,0x1.04228346c1dfcp-584,0x1.6d2ceb6c5a9dp-159,1.95205620384183461e-48
10,188,0x1.36a89fb219ca1p-160,0x1.04228346c1dfcp-584,0x1.36a89fb219ca2p-160,8.30317574863978622e-49
10,189,0x1.07d65fbe0eb23p-161,0x1.04228346c1dfcp-584,0x1.07d65fbe0eb24p-161,3.52587643840754929e-49
10,190,0x1.bf65d310729b4p-163,0x1.04228346c1dfcp-584,0x1.bf65d310729b5p-163,1.49473615309846771e-49
10,191,0x1.7ab41ffe6b20cp-164,0x1.04228346c1dfcp-584,0x1.7ab41ffe6b20dp-164,6.32616033069109233e-50
10,192,0x1.4006f650e7aefp-165,0x1.04228346c1dfcp-584,0x1.4006f650e7afp-165,2.67299186155289776e-50
10,193,0x1.0dff58bed2ddap-166,0x1.04228346c1dfcp-584,0x1.0dff58bed2ddbp-166,1.12756195399245305e-50
10,194,0x1.c6d51050f2c43p-168,0x1.04228346c1dfcp-584,0x1.c6d51050f2c44p-168,4.74867057644846420e-51
10,195,0x1.7e7a17f688905p-169,0x1.04228346c1dfcp-584,0x1.7e7a17f688906p-169,1.99662272651354356e-51
10,196,0x1.411c618d5b8e8p-170,0x1.04228346c1dfcp-584,0x1.411c618d5b8e9p-170,8.38138461001139450e-52
10,197,0x1.0d27ebcb69fb4p-171,0x1.04228346c1dfcp-584,0x1.0d27ebcb69fb5p-171,3.51264893779423571e-52
10,198,0x1.c27d8b97b04a3p-173,0x1.04228346c1dfcp-584,0x1.c27d8b97b04a4p-173,1.46979354670256072e-52
10,199,0x1.7864f505a5578p-174,0x1.04228346c1dfcp-584,0x1.7864f505a5579p-174,6.14021955860260321e-53
10,200,0x1.39fc5c33894b5p-175,0x1.04228346c1dfcp-584,0x1.39fc5c33894b6p-175,2.56106603174020576e-53
10,201,0x1.0582bd846ddf2p-176,0x1.04228346c1dfcp-584,0x1.0582bd846ddf3p-176,1.06652310451735872e-53
10,202,0x1.b2ecec0a651f7p-178,0x1.04228346c1dfcp-584,0x1.b2ecec0a651f8p-178,4.43440805674453884e-54
10,203,0x1.691a005344ca7p-179,0x1.04228346c1dfcp-584,0x1.691a005344ca8p-179,1.84085755591320607e-54
10,204,0x1.2b574e69ca74bp-180,0x1.04228346c1dfcp-584,0x1.2b574e69ca74cp-180,7.63004463805097409e-55
10,205,0x1.ef8465365f339p-182,0x1.04228346c1dfcp-584,0x1.ef8465365f33ap-182,3.15761757745662693e-55
10,206,0x1.997f072ab5207p-183,0x1.04228346c1dfcp-584,0x1.997f072ab5208p-183,1.30473017761871505e-55
10,207,0x1.51e35b73ff50fp-184,0x1.04228346c1dfcp-584,0x1.51e35b73ff51p-184,5.38286821621777975e-56
10,208,0x1.16601d46ac779p-185,0x1.04228346c1dfcp-584,0x1.16601d46ac77ap-185,2.21738836211657471e-56
10,209,0x1.c9fdb5e022fc7p-187,0x1.04228346c1dfcp-584,0x1.c9fdb5e022fc8p-187,9.12027309252686419e-57
10,210,0x1.782dbeee2375dp-188,0x1.04228346c1dfcp-584,0x1.782dbeee2375ep-188,3.74554522206288495e-57
10,211,0x1.3483b4e424f5dp-189,0x1.04228346c1dfcp-584,0x1.3483b4e424f5ep-189,1.53591225266067566e-57
10,212,0x1.f948439e6cc7dp-191,0x1.04228346c1dfcp-584,0x1.f948439e6cc7ep-191,6.28875871832047047e-58
10,213,0x1.9d279d5701e65p-192,0x1.04228346c1dfcp-584,0x1.9d279d5701e66p-192,2.57106828755459532e-58
10,214,0x1.515267ae0ccc2p-193,0x1.04228346c1dfcp-584,0x1.515267ae0ccc3p-193,1.04957965160695119e-58
10,215,0x1.12fff24edf861p-194,0x1.04228346c1dfcp-584,0x1.12fff24edf862p-194,4.27831975322000822e-59
10,216,0x1.bfb90550dadc1p-196,0x1.04228346c1dfcp-584,0x1.bfb90550dadc2p-196,1.74136589678591664e-59
10,217,0x1.6bee108fa76dbp-197,0x1.04228346c1dfcp-584,0x1.6bee108fa76dcp-197,7.07731743110877236e-60
10,218,0x1.27630763945fdp-198,0x1.04228346c1dfcp-584,0x1.27630763945fep-198,2.87218244575685371e-60
10,219,0x1.decf05f410429p-200,0x1.04228346c1dfcp-584,0x1.decf05f41042ap-200,1.16391943725938897e-60
10,220,0x1.83805bdf92293p-201,0x1.04228346c1dfcp-584,0x1.83805bdf92294p-201,4.70981864075178192e-61
10,221,0x1.39275ff970772p-202,0x1.04228346c1dfcp-584,0x1.39275ff970773p-202,1.90308684840411912e-61
10,222,0x1.f96a372d30519p-204,0x1.04228346c1dfcp-584,0x1.f96a372d3051ap-204,7.67872234352310396e-62
10,223,0x1.97463cffb6577p-205,0x1.04228346c1dfcp-584,0x1.97463cffb6578p-205,3.09384108400772185e-62
10,224,0x1.47b93439060acp-206,0x1.04228346c1dfcp-584,0x1.47b93439060adp-206,1.24476810033657390e-62
10,225,0x1.07564d7cc1ceep-207,0x1.04228346c1dfcp-584,0x1.07564d7cc1cefp-207,5.00107092326207838e-63
10,226,0x1.a69a95149f1fp-209,0x1.04228346c1dfcp-584,0x1.a69a95149f1f1p-209,2.00643168329650567e-63
10,227,0x1.529f0ccb85db1p-210,0x1.04228346c1dfcp-584,0x1.529f0ccb85db2p-210,8.03850347431663273e-64
10,228,0x1.0ef2e2b11a68cp-211,0x1.04228346c1dfcp-584,0x1.0ef2e2b11a68dp-211,3.21601551976524448e-64
10,229,0x1.b0ff3810c176p-213,0x1.04228346c1dfcp-584,0x1.b0ff3810c1761p-213,1.28485995788260472e-64
10,230,0x1.59805c1e1d68ep-214,0x1.04228346c1dfcp-584,0x1.59805c1e1d68fp-214,5.12614375494380304e-65
10,231,0x1.134e2dd02be9bp-215,0x1.04228346c1dfcp-584,0x1.134e2dd02be9cp-215,2.04232886624322756e-65
10,232,0x1.b6239f74e2a28p-217,0x1.04228346c1dfcp-584,0x1.b6239f74e2a29p-217,8.12574218476140701e-66
10,233,0x1.5c2a19bdd30bp-218,0x1.04228346c1dfcp-584,0x1.5c2a19bdd30b1p-218,3.22853434747668569e-66
10,234,0x1.144a1a8900aebp-219,0x1.04228346c1dfcp-584,0x1.144a1a8900aecp-219,1.28101823978733946e-66
10,235,0x1.b5e8cd923484dp-221,0x1.04228346c1dfcp-584,0x1.b5e8cd923484ep-221,5.07592559636619778e-67
10,236,0x1.5a910c4e477bfp-222,0x1.04228346c1dfcp-584,0x1.5a910c4e477cp-222,2.00857334713516092e-67
10,237,0x1.11e859fbdbda7p-223,0x1.04228346c1dfcp-584,0x1.11e859fbdbda8p-223,7.93734250090349985e-68
10,238,0x1.b06222ef657c1p-225,0x1.04228346c1dfcp-584,0x1.b06222ef657c2p-225,3.13241985319435165e-68
10,239,0x1.54d1a2480d6e1p-226,0x1.04228346c1dfcp-584,0x1.54d1a2480d6e2p-226,1.23453856945560024e-68
10,240,0x1.0c499fe3e8343p-227,0x1.04228346c1dfcp-584,0x1.0c499fe3e8344p-227,4.85905274008182890e-69
10,241,0x1.a5d32a9bebc75p-229,0x1.04228346c1dfcp-584,0x1.a5d32a9bebc76p-229,1.90995532017103744e-69
10,242,0x1.4b2d6ed1d078dp-230,0x1.04228346c1dfcp-584,0x1.4b2d6ed1d078ep-230,7.49759226646469123e-70
10,243,0x1.03ab0f0022ca9p-231,0x1.04228346c1dfcp-584,0x1.03ab0f0022caap-231,2.93933983100576568e-70
10,244,0x1.96aaa26a27ea5p-233,0x1.04228346c1dfcp-584,0x1.96aaa26a27ea6p-233,1.15082552660612486e-70
10,245,0x1.3e0690f67dbe2p-234,0x1.04228346c1dfcp-584,0x1.3e0690f67dbe3p-234,4.49990346925604431e-71
10,246,0x1.f0c42fff01937p-236,0x1.04228346c1dfcp-584,0x1.f0c42fff01938p-236,1.75724871462257386e-71
10,247,0x1.837b3a9d9c995p-237,0x1.04228346c1dfcp-584,0x1.837b3a9d9c996p-237,6.85333373779364369e-72
10,248,0x1.2dd973499ab2ep-238,0x1.04228346c1dfcp-584,0x1.2dd973499ab2fp-238,2.66938616794417576e-72
10,249,0x1.d5ae55656e6b3p-240,0x1.04228346c1dfcp-584,0x1.d5ae55656e6b4p-240,1.03839851557165008e-72
10,250,0x1.6cf2b07cc7e7bp-241,0x1.04228346c1dfcp-584,0x1.6cf2b07cc7e7cp-241,4.03424318618722207e-73
10,251,0x1.1b356d2f0d236p-242,0x1.04228346c1dfcp-584,0x1.1b356d2f0d237p-242,1.56533634932962325e-73
10,252,0x1.b6ff56238ed75p-244,0x1.04228346c1dfcp-584,0x1.b6ff56238ed76p-244,6.06600897891120584e-74
10,253,0x1.53cffd576719fp-245,0x1.04228346c1dfcp-584,0x1.53cffd57671ap-245,2.34774214142933768e-74
10,254,0x1.06b4db9ed0f02p-246,0x1.04228346c1dfcp-584,0x1.06b4db9ed0f03p-246,9.07510963387380160e-75
10,255,0x1.95af4382c4f51p-248,0x1.04228346c1dfcp-584,0x1.95af4382c4f52p-248,3.50356079206652051e-75
10,256,0x1.38d95724b994ap-249,0x1.04228346c1dfcp-584,0x1.38d95724b994bp-249,1.35090828749293796e-75
10,257,0x1.e1ea8aa68a0abp-251,0x1.04228346c1dfcp-584,0x1.e1ea8aa68a0acp-251,5.20238667979849613e-76
10,258,0x1.72b7353d24a19p-252,0x1.04228346c1dfcp-584,0x1.72b7353d24a1ap-252,2.00097680761274751e-76
10,259,0x1.1cd2b2399ea07p-253,0x1.04228346c1dfcp-584,0x1.1cd2b2399ea08p-253,7.68681160223480190e-77
10,260,0x1.b5201eda6cdc7p-255,0x1.04228346c1dfcp-584,0x1.b5201eda6cdc8p-255,2.94928847297307639e-77
10,261,0x1.4f062a1a6aa33p-256,0x1.04228346c1dfcp-584,0x1.4f062a1a6aa34p-256,1.13020485328482118e-77
10,262,0x1.007557d78c74cp-257,0x1.04228346c1dfcp-584,0x1.007557d78c74dp-257,4.32581586837753776e-78
10,263,0x1.88285d239248ap-259,0x1.04228346c1dfcp-584,0x1.88285d239248bp-259,1.65368151784641550e-78
10,264,0x1.2b77a7b0a6d2bp-260,0x1.04228346c1dfcp-584,0x1.2b77a7b0a6d2cp-260,6.31408926933760615e-79
10,265,0x1.c8d1ff8fbdbc1p-262,0x1.04228346c1dfcp-584,0x1.c8d1ff8fbdbc2p-262,2.40794504416200504e-79
10,266,0x1.5c0241f18d75fp-263,0x1.04228346c1dfcp-584,0x1.5c0241f18d76p-263,9.17194463231236219e-80
10,267,0x1.08cc80ba47adbp-264,0x1.04228346c1dfcp-584,0x1.08cc80ba47adcp-264,3.48945222285107974e-80
10,268,0x1.927d6161e4e4ap-266,0x1.04228346c1dfcp-584,0x1.927d6161e4e4bp-266,1.32597712369225476e-80
10,269,0x1.3186b75632d89p-267,0x1.04228346c1dfcp-584,0x1.3186b75632d8ap-267,5.03268444715670203e-81
10,270,0x1.cf4be619628bfp-269,0x1.04228346c1dfcp-584,0x1.cf4be619628cp-269,1.90787624855100561e-81
10,271,0x1.5edb001f8c4e1p-270,0x1.04228346c1dfcp-584,0x1.5edb001f8c4e2p-270,7.22419496259980390e-82
10,272,0x1.096467e558cbp-271,0x1.04228346c1dfcp-584,0x1.096467e558cb1p-271,2.73224337289252825e-82
10,273,0x1.9106362fe3941p-273,0x1.04228346c1dfcp-584,0x1.9106362fe3942p-273,1.03214774770382694e-82
10,274,0x1.2ea247b46c95dp-274,0x1.04228346c1dfcp-584,0x1.2ea247b46c95ep-274,3.89456365723512172e-83
10,275,0x1.c83cc2e400e5fp-276,0x1.04228346c1dfcp-584,0x1.c83cc2e400e6p-276,1.46781751711826732e-83
10,276,0x1.57811ea59d641p-277,0x1.04228346c1dfcp-584,0x1.57811ea59d642p-277,5.52565170877383183e-84
10,277,0x1.02544fb12af9ap-278,0x1.04228346c1dfcp-584,0x1.02544fb12af9bp-278,2.07775806229576343e-84
10,278,0x1.841a61af2c635p-280,0x1.04228346c1dfcp-584,0x1.841a61af2c636p-280,7.80383912574509035e-85
10,279,0x1.2333a9e1b527bp-281,0x1.04228346c1dfcp-584,0x1.2333a9e1b527cp-281,2.92769158586659477e-85
10,280,0x1.b47e0689e2d88p-283,0x1.04228346c1dfcp-584,0x1.b47e0689e2d89p-283,1.09710409476957486e-85
10,281,0x1.46c4008448a2ep-284,0x1.04228346c1dfcp-584,0x1.46c4008448a2fp-284,4.10655496468039662e-86
10,282,0x1.e8b128427df55p-286,0x1.04228346c1dfcp-584,0x1.e8b128427df56p-286,1.53538227500658080e-86
10,283,0x1.6d04c2105bf79p-287,0x1.04228346c1dfcp-584,0x1.6d04c2105bf7ap-287,5.73411313961364555e-87
10,284,0x1.1056616005a32p-288,0x1.04228346c1dfcp-584,0x1.1056616005a33p-288,2.13908778432829476e-87
10,285,0x1.95ec607621ac6p-290,0x1.04228346c1dfcp-584,0x1.95ec607621ac7p-290,7.97086259841853200e-88
10,286,0x1.2e2e47f86504fp-291,0x1.04228346c1dfcp-584,0x1.2e2e47f86505p-291,2.96686744063549117e-88
10,287,0x1.c1679237ded63p-293,0x1.04228346c1dfcp-584,0x1.c1679237ded64p-293,1.10308453086826721e-88
10,288,0x1.4dcf08a7cce9p-294,0x1.04228346c1dfcp-584,0x1.4dcf08a7cce91p-294,4.09674558648032221e-89
10,289,0x1.ef58b6927183bp-296,0x1.04228346c1dfcp-584,0x1.ef58b6927183cp-296,1.51981402630791134e-89
10,290,0x1.6f1fe80ba7da7p-297,0x1.04228346c1dfcp-584,0x1.6f1fe80ba7da8p-297,5.63202857529442064e-90
10,291,0x1.0fcbb1e48f057p-298,0x1.04228346c1dfcp-584,0x1.0fcbb1e48f058p-298,2.08479751904576640e-90
10,292,0x1.92006eddb3daep-300,0x1.04228346c1dfcp-584,0x1.92006eddb3dafp-300,7.70884327215350483e-91
10,293,0x1.28f812ffe25b3p-301,0x1.04228346c1dfcp-584,0x1.28f812ffe25b4p-301,2.84736088519211689e-91
10,294,0x1.b6484e8f004dap-303,0x1.04228346c1dfcp-584,0x1.b6484e8f004dbp-303,1.05057104732052693e-91
10,295,0x1.43123a10d7f42p-304,0x1.04228346c1dfcp-584,0x1.43123a10d7f43p-304,3.87203786486721306e-92
10,296,0x1.dbc76dbee49e5p-306,0x1.04228346c1dfcp-584,0x1.dbc76dbee49e6p-306,1.42556376332984172e-92
10,297,0x1.5df56f931d9e3p-307,0x1.04228346c1dfcp-584,0x1.5df56f931d9e4p-307,5.24285929244484836e-93
10,298,0x1.01230f90ccfafp-308,0x1.04228346c1dfcp-584,0x1.01230f90ccfbp-308,1.92613121288364686e-93
10,299,0x1.7977bf4f6007cp-310,0x1.04228346c1dfcp-584,0x1.7977bf4f6007dp-310,7.06872760109417348e-94
10,300,0x1.14c2c22db68a2p-311,0x1.04228346c1dfcp-584,0x1.14c2c22db68a3p-311,2.59140875647183200e-94
10,301,0x1.956a4df2139b3p-313,0x1.04228346c1dfcp-584,0x1.956a4df2139b4p-313,9.49011499222082071e-95
10,302,0x1.28a00e94cce8fp-314,0x1.04228346c1dfcp-584,0x1.28a00e94cce9p-314,3.47175822586812400e-95
10,303,0x1.b199cdc14fc99p-316,0x1.04228346c1dfcp-584,0x1.b199cdc14fc9ap-316,1.26873662074067925e-95
10,304,0x1.3c9540f9178efp-317,0x1.04228346c1dfcp-584,0x1.3c9540f9178fp-317,4.63168516088175270e-96
10,305,0x1.cdcf115ab8cc7p-319,0x1.04228346c1dfcp-584,0x1.cdcf115ab8cc8p-319,1.68909344804143773e-96
10,306,0x1.507a23c5cab71p-320,0x1.04228346c1dfcp-584,0x1.507a23c5cab72p-320,6.15342547673058466e-97
10,307,0x1.e9cfba79cd539p-322,0x1.04228346c1dfcp-584,0x1.e9cfba79cd53ap-322,2.23939319619302512e-97
10,308,0x1.6424846301a21p-323,0x1.04228346c1dfcp-584,0x1.6424846301a22p-323,8.14133105606189250e-98
10,309,0x1.02af80f21f9ffp-324,0x1.04228346c1dfcp-584,0x1.02af80f21fap-324,2.95674334880321536e-98
10,310,0x1.7768c884a451ep-326,0x1.04228346c1dfcp-584,0x1.7768c884a451fp-326,1.07272026878950731e-98
10,311,0x1.101f4a62d0b9fp-327,0x1.04228346c1dfcp-584,0x1.101f4a62d0bap-327,3.88790345493598863e-99
10,312,0x1.8a1a911dc44a3p-329,0x1.04228346c1dfcp-584,0x1.8a1a911dc44a4p-329,1.40767389917994433e-99
10,313,0x1.1d17c182f6474p-330,0x1.04228346c1dfcp-584,0x1.1d17c182f6475p-330,5.09152299605401595e-100
10,314,0x1.9c0d679687f33p-332,0x1.04228346c1dfcp-584,0x1.9c0d679687f34p-332,1.83972911786798769e-100
10,315,0x1.29799cc342589p-333,0x1.04228346c1dfcp-584,0x1.29799cc34258ap-333,6.64082479261004055e-101
10,316,0x1.ad15717e1587ap-335,0x1.04228346c1dfcp-584,0x1.ad15717e1587bp-335,2.39471352989506730e-101
10,317,0x1.3526415b0d504p-336,0x1.04228346c1dfcp-584,0x1.3526415b0d505p-336,8.62680434422550888e-102
10,318,0x1.bd0826a9178edp-338,0x1.04228346c1dfcp-584,0x1.bd0826a9178eep-338,3.10464954674875406e-102
10,319,0x1.400043cd135ffp-339,0x1.04228346c1dfcp-584,0x1.400043cd136p-339,1.11620223297737795e-102
10,320,0x1.cbbd05838a77fp-341,0x1.04228346c1dfcp-584,0x1.cbbd05838a78p-341,4.00905727327793373e-103
10,321,0x1.49ebe5a441968p-342,0x1.04228346c1dfcp-584,0x1.49ebe5a441969p-342,1.43850739870930972e-103
10,322,0x1.d90e415390cfdp-344,0x1.04228346c1dfcp-584,0x1.d90e415390cfep-344,5.15648539096653958e-104
10,323,0x1.52cf8d6b69789p-345,0x1.04228346c1dfcp-584,0x1.52cf8d6b6978ap-345,1.84658249453124169e-104
10,324,0x1.e4d96643be69fp-347,0x1.04228346c1dfcp-584,0x1.e4d96643be6ap-347,6.60629917792411562e-105
10,325,0x1.5a9435fffba3dp-348,0x1.04228346c1dfcp-584,0x1.5a9435fffba3ep-348,2.36115079379487755e-105
10,326,0x1.eeffef45389cbp-350,0x1.04228346c1dfcp-584,0x1.eeffef45389ccp-350,8.43075613543868076e-106
10,327,0x1.6125d2942e2f8p-351,0x1.04228346c1dfcp-584,0x1.6125d2942e2f9p-351,3.00737782672729563e-106
10,328,0x1.f767ca333fee7p-353,0x1.04228346c1dfcp-584,0x1.f767ca333fee8p-353,1.07174005013259568e-106
10,329,0x1.6673a4fe5c5fap-354,0x1.04228346c1dfcp-584,0x1.6673a4fe5c5fbp-354,3.81568274492526729e-107
10,330,0x1.fdfbc7174abddp-356,0x1.04228346c1dfcp-584,0x1.fdfbc7174abdep-356,1.35718080645518228e-107
10,331,0x1.6a70844f8b1adp-357,0x1.04228346c1dfcp-584,0x1.6a70844f8b1aep-357,4.82266536223018027e-108
10,332,0x1.0155f7fd54cd1p-358,0x1.04228346c1dfcp-584,0x1.0155f7fd54cd2p-358,1.71207119815319878e-108
10,333,0x1.6d13121690453p-360,0x1.04228346c1dfcp-584,0x1.6d13121690454p-360,6.07215834871073711e-109
10,334,0x1.02b6e3a9e4f6dp-361,0x1.04228346c1dfcp-584,0x1.02b6e3a9e4f6ep-361,2.15155385478842233e-109
10,335,0x1.6e55dd2c9f91p-363,0x1.04228346c1dfcp-584,0x1.6e55dd2c9f911p-363,7.61641331619133545e-110
10,336,0x1.031e35e5f6cb3p-364,0x1.04228346c1dfcp-584,0x1.031e35e5f6cb4p-364,2.69363789080537693e-110
10,337,0x1.6e377166ccd8bp-366,0x1.04228346c1dfcp-584,0x1.6e377166ccd8cp-366,9.51742837738400431e-111
10,338,0x1.028c506842bfdp-367,0x1.04228346c1dfcp-584,0x1.028c506842bfep-367,3.35964182945330701e-111
10,339,0x1.6cba540a0a6fap-369,0x1.04228346c1dfcp-584,0x1.6cba540a0a6fbp-369,1.18484231250582729e-111
10,340,0x1.01045e0d86b67p-370,0x1.04228346c1dfcp-584,0x1.01045e0d86b68p-370,4.17468383880885585e-112
10,341,0x1.69e4ed5fe20c3p-372,0x1.04228346c1dfcp-584,0x1.69e4ed5fe20c4p-372,1.46954648042746792e-112
10,342,0x1.fd18790d27b6fp-374,0x1.04228346c1dfcp-584,0x1.fd18790d27b7p-374,5.16822006026859708e-113
10,343,0x1.65c160455f906p-375,0x1.04228346c1dfcp-584,0x1.65c160455f907p-375,1.81592466863505816e-113
10,344,0x1.f658b366f798fp-377,0x1.04228346c1dfcp-584,0x1.f658b366f799p-377,6.37463083677363621e-114
10,345,0x1.605d50ff6dd5fp-378,0x1.04228346c1dfcp-584,0x1.605d50ff6dd6p-378,2.23570162532819245e-114
10,346,0x1.eddf0b761329ap-380,0x1.04228346c1dfcp-584,0x1.eddf0b761329bp-380,7.83385346822266727e-115
10,347,0x1.59c99d04c6b3cp-381,0x1.04228346c1dfcp-584,0x1.59c99d04c6b3dp-381,2.74246467331693126e-115
10,348,0x1.e3c5765f5998fp-383,0x1.04228346c1dfcp-584,0x1.e3c5765f5999p-383,9.59205872703363806e-116
10,349,0x1.521a05c2ad492p-384,0x1.04228346c1dfcp-584,0x1.521a05c2ad493p-384,3.35188407738093605e-116
10,350,0x1.d829bd91e8597p-386,0x1.04228346c1dfcp-584,0x1.d829bd91e8598p-386,1.17023667551854354e-116
10,351,0x1.4964d0a4c146ep-387,0x1.04228346c1dfcp-584,0x1.4964d0a4c146fp-387,4.08194496055290212e-117
10,352,0x1.cb2cf0c2babbdp-389,0x1.04228346c1dfcp-584,0x1.cb2cf0c2babbep-389,1.42255961396374012e-117
10,353,0x1.3fc25ed7dc2fbp-390,0x1.04228346c1dfcp-584,0x1.3fc25ed7dc2fcp-390,4.95318849513253506e-118
10,354,0x1.bcf2ce05a99b9p-392,0x1.04228346c1dfcp-584,0x1.bcf2ce05a99bap-392,1.72310379380366367e-118
10,355,0x1.354cbf5b628b1p-393,0x1.04228346c1dfcp-584,0x1.354cbf5b628b2p-393,5.98895942450050739e-119
10,356,0x1.ada123b111149p-395,0x1.04228346c1dfcp-584,0x1.ada123b11114ap-395,2.07972442223480918e-119
10,357,0x1.2a1f3dfbd1edep-396,0x1.04228346c1dfcp-584,0x1.2a1f3dfbd1edfp-396,7.21565624989602135e-120
10,358,0x1.9d5f2fb5efbb3p-398,0x1.04228346c1dfcp-584,0x1.9d5f2fb5efbb4p-398,2.50128183556878411e-120
10,359,0x1.1e55f1c55b7a4p-399,0x1.04228346c1dfcp-584,0x1.1e55f1c55b7a5p-399,8.66297965376760770e-121
10,360,0x1.8c54fff86362bp-401,0x1.04228346c1dfcp-584,0x1.8c54fff86362cp-401,2.99771917589369840e-121
10,361,0x1.120d4d5f6f305p-402,0x1.04228346c1dfcp-584,0x1.120d4d5f6f306p-402,1.03641739430403383e-121
10,362,0x1.7aaad6fe7938dp-404,0x1.04228346c1dfcp-584,0x1.7aaad6fe7938ep-404,3.58013694118097417e-122
10,363,0x1.0561b39445042p-405,0x1.04228346c1dfcp-584,0x1.0561b39445043p-405,1.23562555002497866e-122
10,364,0x1.688898004a5aep-407,0x1.04228346c1dfcp-584,0x1.688898004a5afp-407,4.26086238314563186e-123
10,365,0x1.f0de2417e3353p-409,0x1.04228346c1dfcp-584,0x1.f0de2417e3354p-409,1.46802214497262606e-123
10,366,0x1.56153d08260dbp-410,0x1.04228346c1dfcp-584,0x1.56153d08260dcp-410,5.05351148555656958e-124
10,367,0x1.d6a107f89e31ep-412,0x1.04228346c1dfcp-584,0x1.d6a107f89e31fp-412,1.73812310053126827e-124
10,368,0x1.43765967f8a22p-413,0x1.04228346c1dfcp-584,0x1.43765967f8a23p-413,5.97304103105451457e-125
10,369,0x1.bc3ffc81854aep-415,0x1.04228346c1dfcp-584,0x1.bc3ffc81854afp-415,2.05087512934696380e-125
10,370,0x1.30cfaa5671c86p-416,0x1.04228346c1dfcp-584,0x1.30cfaa5671c87p-416,7.03578806619092195e-126
10,371,0x1.a1ec0bf36df7dp-418,0x1.04228346c1dfcp-584,0x1.a1ec0bf36df7ep-418,2.41166588716933280e-126
10,372,0x1.1e42b70ed8ab9p-419,0x1.04228346c1dfcp-584,0x1.1e42b70ed8abap-419,8.25949391231994634e-127
10,373,0x1.87d2e4fce1b37p-421,0x1.04228346c1dfcp-584,0x1.87d2e4fce1b38p-421,2.82632877192441919e-127
10,374,0x1.0bee81560ef55p-422,0x1.04228346c1dfcp-584,0x1.0bee81560ef56p-422,9.66330975454433612e-128
10,375,0x1.6e1e762ede8bp-424,0x1.04228346c1dfcp-584,0x1.6e1e762ede8b1p-424,3.30114141982958498e-128
10,376,0x1.f3de8da38045cp-426,0x1.04228346c1dfcp-584,0x1.f3de8da38045dp-426,1.12677807826020224e-128
10,377,0x1.54f4a14cd9506p-427,0x1.04228346c1dfcp-584,0x1.54f4a14cd9507p-427,3.84281694021011708e-129
10,378,0x1.d0bca65f1f83fp-429,0x1.04228346c1dfcp-584,0x1.d0bca65f1f84p-429,1.30948058667911043e-129
10,379,0x1.3c77062adea59p-430,0x1.04228346c1dfcp-584,0x1.3c77062adea5ap-430,4.45848694537584642e-130
10,380,0x1.aea3c56805af3p-432,0x1.04228346c1dfcp-584,0x1.aea3c56805af4p-432,1.51675698381841455e-130
10,381,0x1.24c2e4442d89ap-433,0x1.04228346c1dfcp-584,0x1.24c2e4442d89bp-433,5.15567547243333579e-131
10,382,0x1.8dba28dcb4d7fp-435,0x1.04228346c1dfcp-584,0x1.8dba28dcb4d8p-435,1.75104456143944826e-131
10,383,0x1.0df111bda5be6p-436,0x1.04228346c1dfcp-584,0x1.0df111bda5be7p-436,5.94226296272010550e-132
10,384,0x1.6e1fd60262a15p-438,0x1.04228346c1dfcp-584,0x1.6e1fd60262a16p-438,2.01488636768961839e-132
10,385,0x1.f02c0c47e1c08p-440,0x1.04228346c1dfcp-584,0x1.f02c0c47e1c09p-440,6.82643956361585244e-133
10,386,0x1.4feeb56154848p-441,0x1.04228346c1dfcp-584,0x1.4feeb56154849p-441,2.31091467689553601e-133
10,387,0x1.c683edcd465ddp-443,0x1.04228346c1dfcp-584,0x1.c683edcd465dep-443,7.81664714821748983e-134
10,388,0x1.333ac66d7e9e6p-444,0x1.04228346c1dfcp-584,0x1.333ac66d7e9e7p-444,2.64183081470689562e-134
10,389,0x1.9f0206afc15c7p-446,0x1.04228346c1dfcp-584,0x1.9f0206afc15c8p-446,8.92150961108066920e-135
10,390,0x1.18126779d6e95p-447,0x1.04228346c1dfcp-584,0x1.18126779d6e96p-447,3.01038122840731037e-135
10,391,0x1.79b6dba66472dp-449,0x1.04228346c1dfcp-584,0x1.79b6dba66472ep-449,1.01497511927264759e-135
10,392,0x1.fcfd5d1d76cc3p-451,0x1.04228346c1dfcp-584,0x1.fcfd5d1d76cc4p-451,3.41932975855777558e-136
10,393,0x1.56abbf39e7bfbp-452,0x1.04228346c1dfcp-584,0x1.56abbf39e7bfcp-452,1.15101028102570375e-136
10,394,0x1.cd079f611745fp-454,0x1.04228346c1dfcp-584,0x1.cd079f611746p-454,3.87142614368515017e-137
10,395,0x1.35e36a196b56p-455,0x1.04228346c1dfcp-584,0x1.35e36a196b561p-455,1.30111966239166519e-137
10,396,0x1.a0431a617098bp-457,0x1.04228346c1dfcp-584,0x1.a0431a617098cp-457,4.36937087355465649e-138
10,397,0x1.175a9f4bdfe99p-458,0x1.04228346c1dfcp-584,0x1.175a9f4bdfe9ap-458,1.46614493458579675e-138
10,398,0x1.76a75d8bb5bc2p-460,0x1.04228346c1dfcp-584,0x1.76a75d8bb5bc3p-460,4.91577659723275360e-139
10,399,0x1.f611af858903ap-462,0x1.04228346c1dfcp-584,0x1.f611af858903bp-462,1.64689350932285051e-139
10,400,0x1.5024f8b762ddep-463,0x1.04228346c1dfcp-584,0x1.5024f8b762ddfp-463,5.51312638806484282e-140
10,401,0x1.c1c1e24f16bcfp-465,0x1.04228346c1dfcp-584,0x1.c1c1e24f16bdp-465,1.84412488968153858e-140
10,402,0x1.2ca6739ce9461p-466,0x1.04228346c1dfcp-584,0x1.2ca6739ce9462p-466,6.16372926682664279e-141
10,403,0x1.91a3b846cee9dp-468,0x1.04228346c1dfcp-584,0x1.91a3b846cee9ep-468,2.05853622924003082e-141
10,404,0x1.0c11422487369p-469,0x1.04228346c1dfcp-584,0x1.0c1142248736ap-469,6.86967348424504240e-142
10,405,0x1.658e8da873f5ap-471,0x1.04228346c1dfcp-584,0x1.658e8da873f5bp-471,2.29074727363063366e-142
10,406,0x1.dc8d626fa29b3p-473,0x1.04228346c1dfcp-584,0x1.dc8d626fa29b4p-473,7.63277816237098094e-143
10,407,0x1.3d548138615f9p-474,0x1.04228346c1dfcp-584,0x1.3d548138615fap-474,2.54128488913848988e-143
10,408,0x1.a64990e26658bp-476,0x1.04228346c1dfcp-584,0x1.a64990e26658cp-476,8.45454398800311445e-144
10,409,0x1.18c3a9ef929aap-477,0x1.04228346c1dfcp-584,0x1.18c3a9ef929abp-477,2.81056741157707780e-144
10,410,0x1.750e3b6e85cf2p-479,0x1.04228346c1dfcp-584,0x1.750e3b6e85cf3p-479,9.33610373780091680e-145
10,411,0x1.ef4e6e0d45589p-481,0x1.04228346c1dfcp-584,0x1.ef4e6e0d4558ap-481,3.09888907444487110e-145
10,412,0x1.488f31014d31p-482,0x1.04228346c1dfcp-584,0x1.488f31014d311p-482,1.02781734905959564e-145
10,413,0x1.b390ef48d9b21p-484,0x1.04228346c1dfcp-584,0x1.b390ef48d9b22p-484,3.40640479741048740e-146
10,414,0x1.207e46488ad8ap-485,0x1.04228346c1dfcp-584,0x1.207e46488ad8bp-485,1.12810054452798676e-146
10,415,0x1.7ddf90b2a964dp-487,0x1.04228346c1dfcp-584,0x1.7ddf90b2a964ep-487,3.73311563361638845e-147
10,416,0x1.f91924d2875b7p-489,0x1.04228346c1dfcp-584,0x1.f91924d2875b8p-489,1.23443433092644289e-147
10,417,0x1.4dcacac3a206p-490,0x1.04228346c1dfcp-584,0x1.4dcacac3a2061p-490,4.07885518618938973e-148
10,418,0x1.b8d709c7db299p-492,0x1.04228346c1dfcp-584,0x1.b8d709c7db29ap-492,1.34673812507450260e-148
10,419,0x1.22e442cd0aa07p-493,0x1.04228346c1dfcp-584,0x1.22e442cd0aa08p-493,4.44327731007429459e-149
10,420,0x1.7f9ba96bd9cdp-495,0x1.04228346c1dfcp-584,0x1.7f9ba96bd9cd1p-495,1.46487274154057519e-149
10,421,0x1.f980044eb9e67p-497,0x1.04228346c1dfcp-584,0x1.f980044eb9e68p-497,4.82584541419590983e-150
10,422,0x1.4cd0933b04c0bp-498,0x1.04228346c1dfcp-584,0x1.4cd0933b04c0cp-498,1.58863729933492978e-150
10,423,0x1.b5eaf1af2fb35p-500,0x1.04228346c1dfcp-584,0x1.b5eaf1af2fb36p-500,5.22582367048520735e-151
10,424,0x1.1fe4c22d3d677p-501,0x1.04228346c1dfcp-584,0x1.1fe4c22d3d678p-501,1.71776677831820046e-151
10,425,0x1.7a409ca88ccc3p-503,0x1.04228346c1dfcp-584,0x1.7a409ca88ccc4p-503,5.64227042024871160e-152
10,426,0x1.f09b44d30a77fp-505,0x1.04228346c1dfcp-584,0x1.f09b44d30a78p-505,1.85193031374517858e-152
10,427,0x1.45c2078666a0bp-506,0x1.04228346c1dfcp-584,0x1.45c2078666a0cp-506,6.07403404465079164e-153
10,428,0x1.ab0fafa5594a8p-508,0x1.04228346c1dfcp-584,0x1.ab0fafa5594a9p-508,1.99073030862449884e-153
10,429,0x1.17bad71297d9p-509,0x1.04228346c1dfcp-584,0x1.17bad71297d91p-509,6.51975153464470199e-154
10,430,0x1.6e2f96447e7c1p-511,0x1.04228346c1dfcp-584,0x1.6e2f96447e7c2p-511,2.13370243249941741e-154
10,431,0x1.df03e96db7868p-513,0x1.04228346c1dfcp-584,0x1.df03e96db7869p-513,6.97784995717374844e-155
10,432,0x1.39140745ea37ep-514,0x1.04228346c1dfcp-584,0x1.39140745ea37fp-514,2.28031656196564825e-155
10,433,0x1.98f3d8b37d946p-516,0x1.04228346c1dfcp-584,0x1.98f3d8b37d947p-516,7.44655096904791752e-156
10,434,0x1.0ae6a78808f6ap-517,0x1.04228346c1dfcp-584,0x1.0ae6a78808f6bp-517,2.42997870294306380e-156
10,435,0x1.5c221d90870d3p-519,0x1.04228346c1dfcp-584,0x1.5c221d90870d4p-519,7.92387847881530506e-157
10,436,0x1.c5c37ae804069p-521,0x1.04228346c1dfcp-584,0x1.c5c37ae80406ap-521,2.58203391769087782e-157
10,437,0x1.2782c2b6324adp-522,0x1.04228346c1dfcp-584,0x1.2782c2b6324aep-522,8.40766950061982489e-158
10,438,0x1.809ff4df4df7bp-524,0x1.04228346c1dfcp-584,0x1.809ff4df4df7cp-524,2.73577026114019152e-158
10,439,0x1.f4418cd082bf4p-526,0x1.04228346c1dfcp-584,0x1.f4418cd082bf5p-526,8.89558818424919041e-159
10,440,0x1.45181c07fcfep-527,0x1.04228346c1dfcp-584,0x1.45181c07fcfe1p-527,2.89042371175497978e-159
10,441,0x1.a63abfe3c0e02p-529,0x1.04228346c1dfcp-584,0x1.a63abfe3c0e03p-529,9.38514294308109442e-160
10,442,0x1.12001afadb5bp-530,0x1.04228346c1dfcp-584,0x1.12001afadb5b1p-530,3.04518406212949644e-160
10,443,0x1.635e1d6b0c8e2p-532,0x1.04228346c1dfcp-584,0x1.635e1d6b0c8e4p-532,9.87370653824635869e-161
10,444,0x1.cc92e7a682f04p-534,0x1.04228346c1dfcp-584,0x1.cc92e7a682f09p-534,3.19920171456002710e-161
10,445,0x1.2a410051d682ap-535,0x1.04228346c1dfcp-584,0x1.2a410051d6833p-535,1.03585389144958091e-161
10,446,0x1.8202b58138793p-537,0x1.04228346c1dfcp-584,0x1.8202b581387b5p-537,3.35159530714780958e-162
10,447,0x1.f33d629c91a91p-539,0x1.04228346c1dfcp-584,0x1.f33d629c91b14p-539,1.08368125224329796e-162
10,448,0x1.429dde05b74c3p-540,0x1.04228346c1dfcp-584,0x1.429dde05b75c8p-540,3.50146007735637881e-163
10,449,0x1.a0aba64778293p-542,0x1.04228346c1dfcp-584,0x1.a0aba647786a5p-542,1.13056398046247434e-163
10,450,0x1.0ce2c03855c7ap-543,0x1.04228346c1dfcp-584,0x1.0ce2c0385649cp-543,3.64787685255718115e-164
10,451,0x1.5acb772cb0f03p-545,0x1.04228346c1dfcp-584,0x1.5acb772cb2f88p-545,1.17621024711185753e-164
10,452,0x1.bef82c03b7773p-547,0x1.04228346c1dfcp-584,0x1.bef82c03bf985p-547,3.78992154173365516e-165
10,453,0x1.1fd790b355706p-548,0x1.04228346c1dfcp-584,0x1.1fd790b365b2ap-548,1.22032821446396208e-165
10,454,0x1.727a6489c7513p-550,0x1.04228346c1dfcp-584,0x1.727a648a0859ep-550,3.92667498933893432e-166
10,455,0x1.dc82f27d70655p-552,0x1.04228346c1dfcp-584,0x1.dc82f27e7487ep-552,1.26262919188127054e-166
10,456,0x1.323ca589aab71p-553,0x1.04228346c1dfcp-584,0x1.323ca58bb2fc2p-553,4.05723304255467069e-167
10,457,0x1.8958c5d8f268bp-555,0x1.04228346c1dfcp-584,0x1.8958c5e1137cep-555,1.30283083507259567e-167
10,458,0x1.f8e44a9b7a142p-557,0x1.04228346c1dfcp-584,0x1.f8e44abbfe64ap-557,4.18071668217825146e-168
10,459,0x1.43d083af0a2cap-558,0x1.04228346c1dfcp-584,0x1.43d083f012cd8p-558,1.34066034564690627e-168
10,460,0x1.9f141d4ab98f7p-560,0x1.04228346c1dfcp-584,0x1.9f141e4edc12cp-560,4.29628212940728943e-169
10,461,0x1.09da47797893dp-561,0x1.04228346c1dfcp-584,0x1.09da4981bd9a7p-561,1.37585769340482576e-169
10,462,0x1.54523b1aeab02p-563,0x1.04228346c1dfcp-584,0x1.5452433bfeca6p-563,4.40313150523062545e-170
10,463,0x1.b35b44f4c401fp-565,0x1.04228346c1dfcp-584,0x1.b35b6579146aep-565,1.40817955095408100e-170
10,464,0x1.16474fcb10881p-566,0x1.04228346c1dfcp-584,0x1.164790d3b159dp-566,4.50053130510538919e-171
10,465,0x1.6382f50f52ebp-568,0x1.04228346c1dfcp-584,0x1.6383f931d631dp-568,1.43741132930492197e-171
10,466,0x1.c5e053a11ca53p-570,0x1.04228346c1dfcp-584,0x1.c5e4642b29c04p-570,4.58791307849981906e-172
10,467,0x1.2188ffe33c736p-571,0x1.04228346c1dfcp-584,0x1.219120f756a98p-571,1.46346197004648884e-172
10,468,0x1.7126c8b80cf57p-573,0x1.04228346c1dfcp-584,0x1.71474d0875cdcp-573,4.66580479216254682e-173
10,469,0x1.d657d26768717p-575,0x1.04228346c1dfcp-584,0x1.d6d9e3a90bd27p-575,1.48729166805647576e-173
10,470,0x1.2b6d94e7df5bfp-576,0x1.04228346c1dfcp-584,0x1.2c71b76b261dep-576,4.74511086696806325e-174
10,471,0x1.7cf3d8f2cf704p-578,0x1.04228346c1dfcp-584,0x1.810462ffea77dp-578,1.52020655066947582e-174
10,472,0x1.e43861f6f4693p-580,0x1.04228346c1dfcp-584,0x1.f47a8a2b60874p-580,4.94024085838752470e-175
10,473,0x1.334d3b62c3861p-581,0x1.04228346c1dfcp-584,0x1.53d18bcb9bc21p-581,1.67717979858603656e-175
10,474,0x1.84f7f66ef0d68p-583,0x1.04228346c1dfcp-584,0x1.03849c0928e34p-582,6.40427620158873375e-176
10,475,0x1.e939652dcaeep-585,0x1.04228346c1dfcp-584,0x1.f8bf35dda756dp-584,3.11398302448741650e-176
10,476,0x1.2edd14455780cp-586,0x1.04228346c1dfcp-584,0x1.4fd9c85817cp-584,2.07199566231233168e-176
10,477,0x1.6842100609737p-588,0x1.04228346c1dfcp-584,0x1.1aa6a4472277p-584,1.74378528069823264e-176
10,478,0x1.81763a223b86p-590,0x1.04228346c1dfcp-584,0x1.0a285c2f4acdfp-584,1.64203167732652292e-176
10,479,0x1.2aeadb9e60c09p-592,0x1.04228346c1dfcp-584,0x1.054d6e2260409p-584,1.61207806312858764e-176
10,480,0x0p+0,0x1.04228346c1dfcp-584,0x1.04228346c1dfcp-584,1.60487439299763091e-176
11,0,0x1.be59698cd3f22p+3,0x1.b73d024b91ab2p-443,0x1.be59698cd3f23p+3,1.39484145880265427e+01
11,1,0x1.9ec2176f811ebp+3,0x1.b73d024b91ab2p-443,0x1.9ec2176f811ecp+3,1.29611928155727227e+01
11,2,0x1.7f9b3d96a92f5p+3,0x1.b73d024b91ab2p-443,0x1.7f9b3d96a92f6p+3,1.19877002661319061e+01
11,3,0x1.610fed50763fcp+3,0x1.b73d024b91ab2p-443,0x1.610fed50763fdp+3,1.10331942149659827e+01
11,4,0x1.434cfac834afep+3,0x1.b73d024b91ab2p-443,0x1.434cfac834affp+3,1.01031469259519309e+01
11,5,0x1.267ef52b598b6p+3,0x1.b73d024b91ab2p-443,0x1.267ef52b598b7p+3,9.20299776522402446e+00
11,6,0x1.0ad03ead39f0cp+3,0x1.b73d024b91ab2p-443,0x1.0ad03ead39f0dp+3,8.33792051156299330e+00
11,7,0x1.e0ceb9cf2330fp+2,0x1.b73d024b91ab2p-443,0x1.e0ceb9cf2331p+2,7.51261754253643232e+00
11,8,0x1.aecb2a4eebc3dp+2,0x1.b73d024b91ab2p-443,0x1.aecb2a4eebc3ep+2,6.73115022379994166e+00
11,9,0x1.7fcbc398e251ap+2,0x1.b73d024b91ab2p-443,0x1.7fcbc398e251bp+2,5.99681177072605021e+00
11,10,0x1.53f88d856ffc5p+2,0x1.b73d024b91ab2p-443,0x1.53f88d856ffc6p+2,5.31204546004295786e+00
11,11,0x1.2b6b08980cff9p+2,0x1.b73d024b91ab2p-443,0x1.2b6b08980cffap+2,4.67840781067570255e+00
11,12,0x1.062e42da64d4cp+2,0x1.b73d024b91ab2p-443,0x1.062e42da64d4dp+2,4.09657355620886410e+00
11,13,0x1.c87f0b503a89p+1,0x1.b73d024b91ab2p-443,0x1.c87f0b503a891p+1,3.56637708108343832e+00
11,14,0x1.8b1f001d4999ep+1,0x1.b73d024b91ab2p-443,0x1.8b1f001d4999fp+1,3.08688355855993235e+00
11,15,0x1.54079ca15a4cap+1,0x1.b73d024b91ab2p-443,0x1.54079ca15a4cbp+1,2.65648229483176612e+00
11,16,0x1.22f17d5166937p+1,0x1.b73d024b91ab2p-443,0x1.22f17d5166938p+1,2.27299467539446809e+00
11,17,0x1.ef0cd46551fb1p+0,0x1.b73d024b91ab2p-443,0x1.ef0cd46551fb2p+0,1.93378951524389864e+00
11,18,0x1.a2ca4da9bb846p+0,0x1.b73d024b91ab2p-443,0x1.a2ca4da9bb847p+0,1.63589940446719750e+00
11,19,0x1.604a3b4734e9dp+0,0x1.b73d024b91ab2p-443,0x1.604a3b4734e9ep+0,1.37613268364376706e+00
11,20,0x1.26b386c6aa49ep+0,0x1.b73d024b91ab2p-443,0x1.26b386c6aa49fp+0,1.15117685651993162e+00
11,21,0x1.ea5666e85d69ep-1,0x1.b73d024b91ab2p-443,0x1.ea5666e85d69fp-1,9.57690444817405395e-01
11,22,0x1.95b304b8869ep-1,0x1.b73d024b91ab2p-443,0x1.95b304b8869e1p-1,7.92381427312019437e-01
11,23,0x1.4ddc4e283e1c2p-1,0x1.b73d024b91ab2p-443,0x1.4ddc4e283e1c3p-1,6.52071421062878520e-01
11,24,0x1.11471b0a9eeafp-1,0x1.b73d024b91ab2p-443,0x1.11471b0a9eebp-1,5.33745617910843961e-01
11,25,0x1.bd04f12ff39bcp-2,0x1.b73d024b91ab2p-443,0x1.bd04f12ff39bdp-2,4.34589165260060473e-01
11,26,0x1.68759e0b4d84dp-2,0x1.b73d024b91ab2p-443,0x1.68759e0b4d84ep-2,3.52011174621456813e-01
11,27,0x1.227735193a113p-2,0x1.b73d024b91ab2p-443,0x1.227735193a114p-2,2.83657865204547166e-01
11,28,0x1.d1bfc0fbb2cb8p-3,0x1.b73d024b91ab2p-443,0x1.d1bfc0fbb2cb9p-3,2.27416522675729899e-01
11,29,0x1.73882278d770ap-3,0x1.b73d024b91ab2p-443,0x1.73882278d770bp-3,1.81412000000755164e-01
11,30,0x1.26e82095043ddp-3,0x1.b73d024b91ab2p-443,0x1.26e82095043dep-3,1.43997435138344565e-01
11,31,0x1.d1e1ce5575595p-4,0x1.b73d024b91ab2p-443,0x1.d1e1ce5575596p-4,1.13740735999576209e-01
11,32,0x1.6e374dee7982dp-4,0x1.b73d024b91ab2p-443,0x1.6e374dee7982ep-4,8.94082111550182634e-02
11,33,0x1.1e803fc38656ep-4,0x1.b73d024b91ab2p-443,0x1.1e803fc38656fp-4,6.99465266010485948e-02
11,34,0x1.be2b34ed5d37ap-5,0x1.b73d024b91ab2p-443,0x1.be2b34ed5d37bp-5,5.44639619574018505e-02
11,35,0x1.59cc6dda80df5p-5,0x1.b73d024b91ab2p-443,0x1.59cc6dda80df6p-5,4.22117372109162420e-02
11,36,0x1.0ac7d673d6151p-5,0x1.b73d024b91ab2p-443,0x1.0ac7d673d6152p-5,3.25659931683640741e-02
11,37,0x1.99c71266cbe11p-6,0x1.b73d024b91ab2p-443,0x1.99c71266cbe12p-6,2.50108413412686928e-02
11,38,0x1.394ea6406ded9p-6,0x1.b73d024b91ab2p-443,0x1.394ea6406dedap-6,1.91227553893601257e-02
11,39,0x1.dcfc6a8b0e477p-7,0x1.b73d024b91ab2p-443,0x1.dcfc6a8b0e478p-7,1.45564575415042391e-02
11,40,0x1.698222666f2d1p-7,0x1.b73d024b91ab2p-443,0x1.698222666f2d2p-7,1.10323589295772441e-02
11,41,0x1.10cfb2715cc41p-7,0x1.b73d024b91ab2p-443,0x1.10cfb2715cc42p-7,8.32554066685109798e-03
11,42,0x1.9a01ca3a61952p-8,0x1.b73d024b91ab2p-443,0x1.9a01ca3a61953p-8,6.25621020515716979e-03
11,43,0x1.32cf132fa5835p-8,0x1.b73d024b91ab2p-443,0x1.32cf132fa5836p-8,4.68153208171000722e-03
11,44,0x1.c945b3ebd2facp-9,0x1.b73d024b91ab2p-443,0x1.c945b3ebd2fadp-9,3.48871060660901075e-03
11,45,0x1.535ed949b6b9ap-9,0x1.b73d024b91ab2p-443,0x1.535ed949b6b9bp-9,2.58919146004417183e-03
11,46,0x1.f5b41800c156dp-10,0x1.b73d024b91ab2p-443,0x1.f5b41800c156ep-10,1.91384693624859934e-03
11,47,0x1.715d49ce7a5b7p-10,0x1.b73d024b91ab2p-443,0x1.715d49ce7a5b8p-10,1.40901339511355188e-03
11,48,0x1.0edcbb88d1b54p-10,0x1.b73d024b91ab2p-443,0x1.0edcbb88d1b55p-10,1.03325743312306551e-03
11,49,0x1.8bb5e07786778p-11,0x1.b73d024b91ab2p-443,0x1.8bb5e07786779p-11,7.54757797895452072e-04
11,50,0x1.1ff0a24f8a87cp-11,0x1.b73d024b91ab2p-443,0x1.1ff0a24f8a87dp-11,5.49201920823763298e-04
11,51,0x1.a1725bd83ee23p-12,0x1.b73d024b91ab2p-443,0x1.a1725bd83ee24p-12,3.98108209551858170e-04
11,52,0x1.2d7675ad1a4bdp-12,0x1.b73d024b91ab2p-443,0x1.2d7675ad1a4bep-12,2.87497265907331909e-04
11,53,0x1.b1c9e2961c9f1p-13,0x1.b73d024b91ab2p-443,0x1.b1c9e2961c9f2p-13,2.06846529809803401e-04
11,54,0x1.36f39457590dp-13,0x1.b73d024b91ab2p-443,0x1.36f39457590d1p-13,1.48273221138534142e-04
11,55,0x1.bc2cf479baca3p-14,0x1.b73d024b91ab2p-443,0x1.bc2cf479baca4p-14,1.05899716711088112e-04
11,56,0x1.3c19101d7999dp-14,0x1.b73d024b91ab2p-443,0x1.3c19101d7999ep-14,7.53636126869850528e-05
11,57,0x1.c04d30ddd897ap-15,0x1.b73d024b91ab2p-443,0x1.c04d30ddd897bp-15,5.34417065256751625e-05
11,58,0x1.3cc78af7c4c42p-15,0x1.b73d024b91ab2p-443,0x1.3cc78af7c4c43p-15,3.77630548752607253e-05
11,59,0x1.be206aba8ab03p-16,0x1.b73d024b91ab2p-443,0x1.be206aba8ab04p-16,2.65912192195889640e-05
11,60,0x1.390fb1b857a71p-16,0x1.b73d024b91ab2p-443,0x1.390fb1b857a72p-16,1.86599079098300318e-05
11,61,0x1.b5defa9a96102p-17,0x1.b73d024b91ab2p-443,0x1.b5defa9a96103p-17,1.30495730463063788e-05
11,62,0x1.312f72db6f881p-17,0x1.b73d024b91ab2p-443,0x1.312f72db6f882p-17,9.09523207936699203e-06
11,63,0x1.a7fdb14618bb3p-18,0x1.b73d024b91ab2p-443,0x1.a7fdb14618bb4p-18,6.31795803060751312e-06
11,64,0x1.258c5b5cd194fp-18,0x1.b73d024b91ab2p-443,0x1.258c5b5cd195p-18,4.37421007576926240e-06
11,65,0x1.95242dd73be1p-19,0x1.b73d024b91ab2p-443,0x1.95242dd73be11p-19,3.01853809114134416e-06
11,66,0x1.16abbe066e69dp-19,0x1.b73d024b91ab2p-443,0x1.16abbe066e69ep-19,2.07625976430816507e-06
11,67,0x1.7e209dcfcf4efp-20,0x1.b73d024b91ab2p-443,0x1.7e209dcfcf4fp-20,1.42353552585956482e-06
11,68,0x1.05296e3cf2682p-20,0x1.b73d024b91ab2p-443,0x1.05296e3cf2683p-20,9.72903662731928137e-07
11,69,0x1.63da10a974b63p-21,0x1.b73d024b91ab2p-443,0x1.63da10a974b64p-21,6.62825660297617460e-07
11,70,0x1.e35bc80e9e7e2p-22,0x1.b73d024b91ab2p-443,0x1.e35bc80e9e7e3p-22,4.50162702593188300e-07
11,71,0x1.474289ea55326p-22,0x1.b73d024b91ab2p-443,0x1.474289ea55327p-22,3.04784548395709058e-07
11,72,0x1.b9c92a749febbp-23,0x1.b73d024b91ab2p-443,0x1.b9c92a749febcp-23,2.05722546237760179e-07
11,73,0x1.2949e0ce7b9c5p-23,0x1.b73d024b91ab2p-443,0x1.2949e0ce7b9c6p-23,1.38435785903636001e-07
11,74,0x1.8ee6665c29371p-24,0x1.b73d024b91ab2p-443,0x1.8ee6665c29372p-24,9.28761436114338894e-08
11,75,0x1.0ad249e801dcep-24,0x1.b73d024b91ab2p-443,0x1.0ad249e801dcfp-24,6.21242076671479555e-08
11,76,0x1.63e4a58400166p-25,0x1.b73d024b91ab2p-443,0x1.63e4a58400167p-25,4.14314156593788450e-08
11,77,0x1.d94e4c8bf9aa3p-26,0x1.b73d024b91ab2p-443,0x1.d94e4c8bf9aa4p-26,2.75500267459512715e-08
11,78,0x1.39cfa800ca19dp-26,0x1.b73d024b91ab2p-443,0x1.39cfa800ca19ep-26,1.82662134334455374e-08
11,79,0x1.9eecdb50138a5p-27,0x1.b73d024b91ab2p-443,0x1.9eecdb50138a6p-27,1.20759132972373017e-08
11,80,0x1.11865b1542b22p-27,0x1.b73d024b91ab2p-443,0x1.11865b1542b23p-27,7.96062019994223697e-09
11,81,0x1.67998c3843a1dp-28,0x1.b73d024b91ab2p-443,0x1.67998c3843a1ep-28,5.23286574511549748e-09
11,82,0x1.d76e4d230a2cbp-29,0x1.b73d024b91ab2p-443,0x1.d76e4d230a2ccp-29,3.43011098823109486e-09
11,83,0x1.3428430c25ccep-29,0x1.b73d024b91ab2p-443,0x1.3428430c25ccfp-29,2.24213925730818336e-09
11,84,0x1.91bf2dba3e224p-30,0x1.b73d024b91ab2p-443,0x1.91bf2dba3e225p-30,1.46154631328113627e-09
11,85,0x1.05291a6d51709p-30,0x1.b73d024b91ab2p-443,0x1.05291a6d5170ap-30,9.50096580688782049e-10
11,86,0x1.529dabc285d63p-31,0x1.b73d024b91ab2p-443,0x1.529dabc285d64p-31,6.15938737787277403e-10
11,87,0x1.b5db0b5d2f46dp-32,0x1.b73d024b91ab2p-443,0x1.b5db0b5d2f46ep-32,3.98227386677644201e-10
11,88,0x1.1a548e74b2689p-32,0x1.b73d024b91ab2p-443,0x1.1a548e74b268ap-32,2.56777910821005825e-10
11,89,0x1.6b1ff19ececaep-33,0x1.b73d024b91ab2p-443,0x1.6b1ff19ececafp-33,1.65130032011732337e-10
11,90,0x1.d1ce4c0663d3dp-34,0x1.b73d024b91ab2p-443,0x1.d1ce4c0663d3ep-34,1.05911987600129476e-10
11,91,0x1.29fa347b05cbfp-34,0x1.b73d024b91ab2p-443,0x1.29fa347b05ccp-34,6.77522082900741788e-11
11,92,0x1.7c3dcb26a8639p-35,0x1.b73d024b91ab2p-443,0x1.7c3dcb26a863ap-35,4.32284401868358083e-11
11,93,0x1.e3f65ecb7a2e9p-36,0x1.b73d024b91ab2p-443,0x1.e3f65ecb7a2eap-36,2.75100765039930200e-11
11,94,0x1.3332a67877764p-36,0x1.b73d024b91ab2p-443,0x1.3332a67877765p-36,1.74621762107197014e-11
11,95,0x1.84ff70518d6f9p-37,0x1.b73d024b91ab2p-443,0x1.84ff70518d6fap-37,1.10559826565373064e-11
11,96,0x1.eb55690b3aba3p-38,0x1.b73d024b91ab2p-443,0x1.eb55690b3aba4p-38,6.98227089077613848e-12
11,97,0x1.35844394c43d3p-38,0x1.b73d024b91ab2p-443,0x1.35844394c43d4p-38,4.39849623327923392e-12
11,98,0x1.84fd35c902d51p-39,0x1.b73d024b91ab2p-443,0x1.84fd35c902d52p-39,2.76393380678295422e-12
11,99,0x1.e7a8258225c6dp-40,0x1.b73d024b91ab2p-443,0x1.e7a8258225c6ep-40,1.73250506326139495e-12
11,100,0x1.30eca1e6274e2p-40,0x1.b73d024b91ab2p-443,0x1.30eca1e6274e3p-40,1.08330889284239215e-12
11,101,0x1.7c65df7fead25p-41,0x1.b73d024b91ab2p-443,0x1.7c65df7fead26p-41,6.75722485227269462e-13
11,102,0x1.d966cee8395c7p-42,0x1.b73d024b91ab2p-443,0x1.d966cee8395c8p-42,4.20465080221692434e-13
11,103,0x1.25dcc10a60d6dp-42,0x1.b73d024b91ab2p-443,0x1.25dcc10a60d6ep-42,2.61002171488729111e-13
11,104,0x1.6bf47d084680fp-43,0x1.b73d024b91ab2p-443,0x1.6bf47d084681p-43,1.61628502955706495e-13
11,105,0x1.c1b1ef1206345p-44,0x1.b73d024b91ab2p-443,0x1.c1b1ef1206346p-44,9.98523606410093661e-14
11,106,0x1.15292cb249b1dp-44,0x1.b73d024b91ab2p-443,0x1.15292cb249b1ep-44,6.15420688329102313e-14
11,107,0x1.54d812badc7b3p-45,0x1.b73d024b91ab2p-443,0x1.54d812badc7b4p-45,3.78412896346882344e-14
11,108,0x1.a22ed008e3a98p-46,0x1.b73d024b91ab2p-443,0x1.a22ed008e3a99p-46,2.32138120869179138e-14
11,109,0x1.ffe1d45c6dd9dp-47,0x1.b73d024b91ab2p-443,0x1.ffe1d45c6dd9ep-47,1.42075836268708362e-14
11,110,0x1.38913368cc0fdp-47,0x1.b73d024b91ab2p-443,0x1.38913368cc0fep-47,8.67548229628970307e-15
11,111,0x1.7cd955e57d3aep-48,0x1.b73d024b91ab2p-443,0x1.7cd955e57d3afp-48,5.28534114982009140e-15
11,112,0x1.cefe349b117e1p-49,0x1.b73d024b91ab2p-443,0x1.cefe349b117e2p-49,3.21265923724933803e-15
11,113,0x1.18cab517cc612p-49,0x1.b73d024b91ab2p-443,0x1.18cab517cc613p-49,1.94838468802827753e-15
11,114,0x1.53d1ee462dfd1p-50,0x1.b73d024b91ab2p-443,0x1.53d1ee462dfd2p-50,1.17898760901579415e-15
11,115,0x1.9a57138f286dcp-51,0x1.b73d024b91ab2p-443,0x1.9a57138f286ddp-51,7.11826677809774908e-16
11,116,0x1.ee6583d637d29p-52,0x1.b73d024b91ab2p-443,0x1.ee6583d637d2ap-52,4.28820644722340009e-16
11,117,0x1.292dfed238929p-52,0x1.b73d024b91ab2p-443,0x1.292dfed23892ap-52,2.57762274643241360e-16
11,118,0x1.647c0e876c38ap-53,0x1.b73d024b91ab2p-443,0x1.647c0e876c38bp-53,1.54600549677679285e-16
11,119,0x1.aab19066b8f67p-54,0x1.b73d024b91ab2p-443,0x1.aab19066b8f68p-54,9.25244277111191603e-17
11,120,0x1.fda00730b80dbp-55,0x1.b73d024b91ab2p-443,0x1.fda00730b80dcp-55,5.52536651106599940e-17
11,121,0x1.2faed33c07c5dp-55,0x1.b73d024b91ab2p-443,0x1.2faed33c07c5ep-55,3.29253671508775348e-17
11,122,0x1.6926f3776cc67p-56,0x1.b73d024b91ab2p-443,0x1.6926f3776cc68p-56,1.95780974171337976e-17
11,123,0x1.ac95764a37418p-57,0x1.b73d024b91ab2p-443,0x1.ac95764a37419p-57,1.16167881577958124e-17
11,124,0x1.fb87e47fe4ff5p-58,0x1.b73d024b91ab2p-443,0x1.fb87e47fe4ff6p-58,6.87832536122662992e-18
11,125,0x1.2be0e8be0cab4p-58,0x1.b73d024b91ab2p-443,0x1.2be0e8be0cab5p-58,4.06411221092241574e-18
11,126,0x1.61a172cd70a1fp-59,0x1.b73d024b91ab2p-443,0x1.61a172cd70a2p-59,2.39629454786229009e-18
11,127,0x1.a026b11dbf7d9p-60,0x1.b73d024b91ab2p-443,0x1.a026b11dbf7dap-60,1.40997490673667728e-18
11,128,0x1.e8b690c45600bp-61,0x1.b73d024b91ab2p-443,0x1.e8b690c45600cp-61,8.27912273629695393e-19
11,129,0x1.1e5fc4b74de71p-61,0x1.b73d024b91ab2p-443,0x1.1e5fc4b74de72p-61,4.85136588085257075e-19
11,130,0x1.4eee4ccf3c91ap-62,0x1.b73d024b91ab2p-443,0x1.4eee4ccf3c91bp-62,2.83697473065838622e-19
11,131,0x1.86ecbfef7cc75p-63,0x1.b73d024b91ab2p-443,0x1.86ecbfef7cc76p-63,1.65563094317796233e-19
11,132,0x1.c75b977b02513p-64,0x1.b73d024b91ab2p-443,0x1.c75b977b02514p-64,9.64257606458259419e-20
11,133,0x1.08ac1e84dec0ap-64,0x1.b73d024b91ab2p-443,0x1.08ac1e84dec0bp-64,5.60465481964277638e-20
11,134,0x1.330fbd3781e21p-65,0x1.b73d024b91ab2p-443,0x1.330fbd3781e22p-65,3.25113989017468978e-20
11,135,0x1.63880080cb049p-66,0x1.b73d024b91ab2p-443,0x1.63880080cb04ap-66,1.88216680644307661e-20
11,136,0x1.9ad68266e8136p-67,0x1.b73d024b91ab2p-443,0x1.9ad68266e8137p-67,1.08747893870212711e-20
11,137,0x1.d9d073d22effbp-68,0x1.b73d024b91ab2p-443,0x1.d9d073d22effcp-68,6.27087961363516953e-21
11,138,0x1.10affbcdb7ae7p-68,0x1.b73d024b91ab2p-443,0x1.10affbcdb7ae8p-68,3.60898816510939939e-21
11,139,0x1.3942c02a6a6b7p-69,0x1.b73d024b91ab2p-443,0x1.3942c02a6a6b8p-69,2.07298571762182349e-21
11,140,0x1.672c96cc16231p-70,0x1.b73d024b91ab2p-443,0x1.672c96cc16232p-70,1.18840765961092812e-21
11,141,0x1.9b06129d02854p-71,0x1.b73d024b91ab2p-443,0x1.9b06129d02855p-71,6.79981707476049803e-22
11,142,0x1.d574f22a4867fp-72,0x1.b73d024b91ab2p-443,0x1.d574f22a4868p-72,3.88325580056562899e-22
11,143,0x1.0b9660ec3225p-72,0x1.b73d024b91ab2p-443,0x1.0b9660ec32251p-72,2.21343123027532483e-22
11,144,0x1.3077baaa7adfdp-73,0x1.b73d024b91ab2p-443,0x1.3077baaa7adfep-73,1.25924886004676343e-22
11,145,0x1.59c6fad02d8a7p-74,0x1.b73d024b91ab2p-443,0x1.59c6fad02d8a8p-74,7.15050623858498907e-23
11,146,0x1.87f4506cad359p-75,0x1.b73d024b91ab2p-443,0x1.87f4506cad35ap-75,4.05271301412127687e-23
11,147,0x1.bb77dc643be6fp-76,0x1.b73d024b91ab2p-443,0x1.bb77dc643be7p-76,2.29267689269475946e-23
11,148,0x1.f4d1de80876acp-77,0x1.b73d024b91ab2p-443,0x1.f4d1de80876adp-77,1.29458884396682486e-23
11,149,0x1.1a456b533bdfdp-77,0x1.b73d024b91ab2p-443,0x1.1a456b533bdfep-77,7.29653869993900260e-24
11,150,0x1.3d99cc3f5165fp-78,0x1.b73d024b91ab2p-443,0x1.3d99cc3f5166p-78,4.10489377822018973e-24
11,151,0x1.64b2a7ea8a173p-79,0x1.b73d024b91ab2p-443,0x1.64b2a7ea8a174p-79,2.30510598819194096e-24
11,152,0x1.8fe0b9f8a0146p-80,0x1.b73d024b91ab2p-443,0x1.8fe0b9f8a0147p-80,1.29207497941834250e-24
11,153,0x1.bf78d41447744p-81,0x1.b73d024b91ab2p-443,0x1.bf78d41447745p-81,7.22929983475323926e-25
11,154,0x1.f3d3c3fabcbfdp-82,0x1.b73d024b91ab2p-443,0x1.f3d3c3fabcbfep-82,4.03757204143350847e-25
11,155,0x1.16a7173acd2f7p-82,0x1.b73d024b91ab2p-443,0x1.16a7173acd2f8p-82,2.25093857023840854e-25
11,156,0x1.36242f3cb2c1p-83,0x1.b73d024b91ab2p-443,0x1.36242f3cb2c11p-83,1.25265091982975960e-25
11,157,0x1.589303d6ab9a3p-84,0x1.b73d024b91ab2p-443,0x1.589303d6ab9a4p-84,6.95862211389144187e-26
11,158,0x1.7e26fdd95faa9p-85,0x1.b73d024b91ab2p-443,0x1.7e26fdd95faaap-85,3.85875222953768887e-26
11,159,0x1.a714e8cc0b393p-86,0x1.b73d024b91ab2p-443,0x1.a714e8cc0b394p-86,2.13601660709902787e-26
11,160,0x1.d392bf7eb8ba2p-87,0x1.b73d024b91ab2p-443,0x1.d392bf7eb8ba3p-87,1.18032078403364178e-26
11,161,0x1.01ebb8a36391ap-87,0x1.b73d024b91ab2p-443,0x1.01ebb8a36391bp-87,6.51083599369077764e-27
11,162,0x1.1c0d4fe400897p-88,0x1.b73d024b91ab2p-443,0x1.1c0d4fe400898p-88,3.58524028918604447e-27
11,163,0x1.384a2a9f83ae9p-89,0x1.b73d024b91ab2p-443,0x1.384a2a9f83aeap-89,1.97082516473049434e-27
11,164,0x1.56be59ab046b3p-90,0x1.b73d024b91ab2p-443,0x1.56be59ab046b4p-90,1.08150796651361726e-27
11,165,0x1.7785cd514666ep-91,0x1.b73d024b91ab2p-443,0x1.7785cd514666fp-91,5.92470297538637594e-28
11,166,0x1.9abc258123daep-92,0x1.b73d024b91ab2p-443,0x1.9abc258123dafp-92,3.24012742311322575e-28
11,167,0x1.c07c7e92a8781p-93,0x1.b73d024b91ab2p-443,0x1.c07c7e92a8782p-93,1.76896656802820421e-28
11,168,0x1.e8e13ad6b0bf3p-94,0x1.b73d024b91ab2p-443,0x1.e8e13ad6b0bf4p-94,9.64145411930332398e-29
11,169,0x1.0a01e498ede1p-94,0x1.b73d024b91ab2p-443,0x1.0a01e498ede11p-94,5.24607084793920161e-29
11,170,0x1.20fe34886174cp-95,0x1.b73d024b91ab2p-443,0x1.20fe34886174dp-95,2.84969088716089328e-29
11,171,0x1.3970f6084802dp-96,0x1.b73d024b91ab2p-443,0x1.3970f6084802ep-96,1.54538469679303093e-29
11,172,0x1.5364bae1ff7e9p-97,0x1.b73d024b91ab2p-443,0x1.5364bae1ff7eap-97,8.36669516190504435e-30
11,173,0x1.6ee31d04b6b34p-98,0x1.b73d024b91ab2p-443,0x1.6ee31d04b6b35p-98,4.52223341192390707e-30
11,174,0x1.8bf49d394d607p-99,0x1.b73d024b91ab2p-443,0x1.8bf49d394d608p-99,2.44026432129441712e-30
11,175,0x1.aaa081a4fbc6dp-100,0x1.b73d024b91ab2p-443,0x1.aaa081a4fbc6ep-100,1.31464587589226121e-30
11,176,0x1.caecb465d0274p-101,0x1.b73d024b91ab2p-443,0x1.caecb465d0275p-101,7.07085346087188304e-31
11,177,0x1.ecdda29899931p-102,0x1.b73d024b91ab2p-443,0x1.ecdda29899932p-102,3.79689972047221386e-31
11,178,0x1.083b0e0dd82e6p-102,0x1.b73d024b91ab2p-443,0x1.083b0e0dd82e7p-102,2.03555913998955781e-31
11,179,0x1.1adb9a328f0cdp-103,0x1.b73d024b91ab2p-443,0x1.1adb9a328f0cep-103,1.08952869731285635e-31
11,180,0x1.2e5012626dc19p-104,0x1.b73d024b91ab2p-443,0x1.2e5012626dc1ap-104,5.82233236584088837e-32
11,181,0x1.429718368f14p-105,0x1.b73d024b91ab2p-443,0x1.429718368f141p-105,3.10643075696494824e-32
11,182,0x1.57ae454d78d01p-106,0x1.b73d024b91ab2p-443,0x1.57ae454d78d02p-106,1.65476259513748422e-32
11,183,0x1.6d921f9c443c3p-107,0x1.b73d024b91ab2p-443,0x1.6d921f9c443c4p-107,8.80079675711738575e-33
11,184,0x1.843e0f28647a5p-108,0x1.b73d024b91ab2p-443,0x1.843e0f28647a6p-108,4.67329812517416292e-33
11,185,0x1.9bac555446bc1p-109,0x1.b73d024b91ab2p-443,0x1.9bac555446bc2p-109,2.47766780913900098e-33
11,186,0x1.b3d605e6f01c5p-110,0x1.b73d024b91ab2p-443,0x1.b3d605e6f01c6p-110,1.31154633799765972e-33
11,187,0x1.ccb301f412b5dp-111,0x1.b73d024b91ab2p-443,0x1.ccb301f412b5ep-111,6.93183186056254421e-34
11,188,0x1.e639f4c6da08bp-112,0x1.b73d024b91ab2p-443,0x1.e639f4c6da08cp-112,3.65796080724207741e-34
11,189,0x1.00302976f56ap-112,0x1.b73d024b91ab2p-443,0x1.00302976f56a1p-112,1.92734529752030407e-34
11,190,0x1.0d8d2dc165b05p-113,0x1.b73d024b91ab2p-443,0x1.0d8d2dc165b06p-113,1.01393997221563576e-34
11,191,0x1.1b2d8de11402dp-114,0x1.b73d024b91ab2p-443,0x1.1b2d8de11402ep-114,5.32598521572185405e-35
11,192,0x1.290a3a829c007p-115,0x1.b73d024b91ab2p-443,0x1.290a3a829c008p-115,2.79335031533931732e-35
11,193,0x1.371b92937ae6ep-116,0x1.b73d024b91ab2p-443,0x1.371b92937ae6fp-116,1.46282140042118303e-35
11,194,0x1.455968acfddb5p-117,0x1.b73d024b91ab2p-443,0x1.455968acfddb6p-117,7.64892419008614777e-36
11,195,0x1.53bb09b6d804bp-118,0x1.b73d024b91ab2p-443,0x1.53bb09b6d804cp-118,3.99351421058354156e-36
11,196,0x1.623744bd8dea9p-119,0x1.b73d024b91ab2p-443,0x1.623744bd8deaap-119,2.08189390388409687e-36
11,197,0x1.70c473f5abc44p-120,0x1.b73d024b91ab2p-443,0x1.70c473f5abc45p-120,1.08370997222301712e-36
11,198,0x1.7f5886e182775p-121,0x1.b73d024b91ab2p-443,0x1.7f5886e182776p-121,5.63276039819340598e-37
11,199,0x1.8de90d8bf3a2bp-122,0x1.b73d024b91ab2p-443,0x1.8de90d8bf3a2cp-122,2.92338364867786541e-37
11,200,0x1.9c6b44c7b3be7p-123,0x1.b73d024b91ab2p-443,0x1.9c6b44c7b3be8p-123,1.51498820664226609e-37
11,201,0x1.aad4235f643a3p-124,0x1.b73d024b91ab2p-443,0x1.aad4235f643a4p-124,7.83960444023250460e-38
11,202,0x1.b918682009711p-125,0x1.b73d024b91ab2p-443,0x1.b918682009712p-125,4.05082092938434215e-38
11,203,0x1.c72ca8a4b322cp-126,0x1.b73d024b91ab2p-443,0x1.c72ca8a4b322dp-126,2.09005856487336490e-38
11,204,0x1.d50560c7bb917p-127,0x1.b73d024b91ab2p-443,0x1.d50560c7bb918p-127,1.07681942445215003e-38
11,205,0x1.e297029bd27f2p-128,0x1.b73d024b91ab2p-443,0x1.e297029bd27f3p-128,5.53986017464111628e-39
11,206,0x1.efd606cd25eabp-129,0x1.b73d024b91ab2p-443,0x1.efd606cd25eacp-129,2.84595930400064300e-39
11,207,0x1.fcb6fd496a147p-130,0x1.b73d024b91ab2p-443,0x1.fcb6fd496a148p-130,1.45993988364618948e-39
11,208,0x1.04974f062571bp-130,0x1.b73d024b91ab2p-443,0x1.04974f062571cp-130,7.47859635335528398e-40
11,209,0x1.0a98ecf67ba71p-131,0x1.b73d024b91ab2p-443,0x1.0a98ecf67ba72p-131,3.82548458742363323e-40
11,210,0x1.105af5a47fd2cp-132,0x1.b73d024b91ab2p-443,0x1.105af5a47fd2dp-132,1.95405352266838894e-40
11,211,0x1.15d8333455dc7p-133,0x1.b73d024b91ab2p-443,0x1.15d8333455dc8p-133,9.96718374544656205e-41
11,212,0x1.1b0ba4bc9fd4ap-134,0x1.b73d024b91ab2p-443,0x1.1b0ba4bc9fd4bp-134,5.07687935832642222e-41
11,213,0x1.1ff085fd2d3f2p-135,0x1.b73d024b91ab2p-443,0x1.1ff085fd2d3f3p-135,2.58233114585271685e-41
11,214,0x1.248256be5a58bp-136,0x1.b73d024b91ab2p-443,0x1.248256be5a58cp-136,1.31165633030527846e-41
11,215,0x1.28bce1c8fdf3ap-137,0x1.b73d024b91ab2p-443,0x1.28bce1c8fdf3bp-137,6.65309202822396271e-42
11,216,0x1.2c9c4367aed6dp-138,0x1.b73d024b91ab2p-443,0x1.2c9c4367aed6ep-138,3.36995917448826462e-42
11,217,0x1.301cef633e72bp-139,0x1.b73d024b91ab2p-443,0x1.301cef633e72cp-139,1.70461247515858450e-42
11,218,0x1.333bb66d831e7p-140,0x1.b73d024b91ab2p-443,0x1.333bb66d831e8p-140,8.61050969490942009e-43
11,219,0x1.35f5caeeebeeap-141,0x1.b73d024b91ab2p-443,0x1.35f5caeeebeebp-141,4.34346651040739904e-43
11,220,0x1.3848c52cd76d9p-142,0x1.b73d024b91ab2p-443,0x1.3848c52cd76dap-142,2.18801726042477800e-43
11,221,0x1.3a32a6c03fc3dp-143,0x1.b73d024b91ab2p-443,0x1.3a32a6c03fc3ep-143,1.10071243598308403e-43
11,222,0x1.3bb1dd55fdcb3p-144,0x1.b73d024b91ab2p-443,0x1.3bb1dd55fdcb4p-144,5.52978269261262250e-44
11,223,0x1.3cc544b3a2fdfp-145,0x1.b73d024b91ab2p-443,0x1.3cc544b3a2fep-145,2.77431329170922326e-44
11,224,0x1.3d6c27fdb3699p-146,0x1.b73d024b91ab2p-443,0x1.3d6c27fdb369ap-146,1.39001137835398648e-44
11,225,0x1.3da6423dd69bdp-147,0x1.b73d024b91ab2p-443,0x1.3da6423dd69bep-147,6.95502631326049545e-45
11,226,0x1.3d73be2963a7bp-148,0x1.b73d024b91ab2p-443,0x1.3d73be2963a7cp-148,3.47535288120969610e-45
11,227,0x1.3cd5352a7355fp-149,0x1.b73d024b91ab2p-443,0x1.3cd5352a7356p-149,1.73428662358362625e-45
11,228,0x1.3bcbadaf5ec46p-150,0x1.b73d024b91ab2p-443,0x1.3bcbadaf5ec47p-150,8.64304523257636735e-46
11,229,0x1.3a5898c63b91dp-151,0x1.b73d024b91ab2p-443,0x1.3a5898c63b91ep-151,4.30168633578280170e-46
11,230,0x1.387dcf0b7ba76p-152,0x1.b73d024b91ab2p-443,0x1.387dcf0b7ba77p-152,2.13815320162399086e-46
11,231,0x1.363d8cf452381p-153,0x1.b73d024b91ab2p-443,0x1.363d8cf452382p-153,1.06137558836310348e-46
11,232,0x1.339a6e7edcf3bp-154,0x1.b73d024b91ab2p-443,0x1.339a6e7edcf3cp-154,5.26176708720958457e-47
11,233,0x1.30976a534c6e1p-155,0x1.b73d024b91ab2p-443,0x1.30976a534c6e2p-155,2.60512422947818063e-47
11,234,0x1.2d37cc625ea1ap-156,0x1.b73d024b91ab2p-443,0x1.2d37cc625ea1bp-156,1.28813558394451451e-47
11,235,0x1.297f300e6f389p-157,0x1.b73d024b91ab2p-443,0x1.297f300e6f38ap-157,6.36111216524929280e-48
11,236,0x1.257179ed298b1p-158,0x1.b73d024b91ab2p-443,0x1.257179ed298b2p-158,3.13721923059384893e-48
11,237,0x1.2112d13086619p-159,0x1.b73d024b91ab2p-443,0x1.2112d1308661ap-159,1.54525092278950223e-48
11,238,0x1.1c6798c632f29p-160,0x1.b73d024b91ab2p-443,0x1.1c6798c632f2ap-160,7.60146778456679024e-49
11,239,0x1.1774683cc70e1p-161,0x1.b73d024b91ab2p-443,0x1.1774683cc70e2p-161,3.73458350877655559e-49
11,240,0x1.123e047e4e4a2p-162,0x1.b73d024b91ab2p-443,0x1.123e047e4e4a3p-162,1.83246256005694175e-49
11,241,0x1.0cc9586f9c653p-163,0x1.b73d024b91ab2p-443,0x1.0cc9586f9c654p-163,8.98003858649649419e-50
11,242,0x1.071b6d83b11cfp-164,0x1.b73d024b91ab2p-443,0x1.071b6d83b11dp-164,4.39514673906659823e-50
11,243,0x1.0139645215a2dp-165,0x1.b73d024b91ab2p-443,0x1.0139645215a2ep-165,2.14843665516651930e-50
11,244,0x1.f650da7d3f396p-167,0x1.b73d024b91ab2p-443,0x1.f650da7d3f397p-167,1.04888440165509155e-50
11,245,0x1.e9db8280cc78p-168,0x1.b73d024b91ab2p-443,0x1.e9db8280cc781p-168,5.11435051659909544e-51
11,246,0x1.dd1d35a9f070fp-169,0x1.b73d024b91ab2p-443,0x1.dd1d35a9f071p-169,2.49065181527593327e-51
11,247,0x1.d0205e58116c1p-170,0x1.b73d024b91ab2p-443,0x1.d0205e58116c2p-170,1.21142653195113871e-51
11,248,0x1.c2ef4f2db17dap-171,0x1.b73d024b91ab2p-443,0x1.c2ef4f2db17dbp-171,5.88497375546141724e-52
11,249,0x1.b594368b3f24bp-172,0x1.b73d024b91ab2p-443,0x1.b594368b3f24cp-172,2.85533592500449559e-52
11,250,0x1.a81912b83d2c2p-173,0x1.b73d024b91ab2p-443,0x1.a81912b83d2c3p-173,1.38368409754092104e-52
11,251,0x1.9a87a6cadc49fp-174,0x1.b73d024b91ab2p-443,0x1.9a87a6cadc4ap-174,6.69708129409067547e-53
11,252,0x1.8ce9705bcdd25p-175,0x1.b73d024b91ab2p-443,0x1.8ce9705bcdd26p-175,3.23746350415199744e-53
11,253,0x1.7f479e11baf35p-176,0x1.b73d024b91ab2p-443,0x1.7f479e11baf36p-176,1.56313568895818124e-53
11,254,0x1.71ab070d6d6c5p-177,0x1.b73d024b91ab2p-443,0x1.71ab070d6d6c6p-177,7.53811484487647141e-54
11,255,0x1.641c233d5c871p-178,0x1.b73d024b91ab2p-443,0x1.641c233d5c872p-178,3.63082125709068767e-54
11,256,0x1.56a3049d01d0fp-179,0x1.b73d024b91ab2p-443,0x1.56a3049d01d1p-179,1.74672607117094037e-54
11,257,0x1.494751621ac02p-180,0x1.b73d024b91ab2p-443,0x1.494751621ac03p-180,8.39313681862098384e-55
11,258,0x1.3c103f17d47d7p-181,0x1.b73d024b91ab2p-443,0x1.3c103f17d47d8p-181,4.02814516696211459e-55
11,259,0x1.2f048ea5d29cdp-182,0x1.b73d024b91ab2p-443,0x1.2f048ea5d29cep-182,1.93094083483535532e-55
11,260,0x1.222a893f14ca7p-183,0x1.b73d024b91ab2p-443,0x1.222a893f14ca8p-183,9.24522714291041235e-56
11,261,0x1.1587fe32f661bp-184,0x1.b73d024b91ab2p-443,0x1.1587fe32f661cp-184,4.42132745683343513e-56
11,262,0x1.09224198e056ap-185,0x1.b73d024b91ab2p-443,0x1.09224198e056bp-185,2.11191266774247410e-56
11,263,0x1.f9fc579b98dfp-187,0x1.b73d024b91ab2p-443,0x1.f9fc579b98df1p-187,1.00760218074948860e-56
11,264,0x1.e2403372d4c66p-188,0x1.b73d024b91ab2p-443,0x1.e2403372d4c67p-188,4.80168640493012447e-57
11,265,0x1.cb17db9f2a097p-189,0x1.b73d024b91ab2p-443,0x1.cb17db9f2a098p-189,2.28555517271822666e-57
11,266,0x1.b48a2383a01eep-190,0x1.b73d024b91ab2p-443,0x1.b48a2383a01efp-190,1.08663705103679675e-57
11,267,0x1.9e9cf1a77ba8fp-191,0x1.b73d024b91ab2p-443,0x1.9e9cf1a77ba9p-191,5.16028684282128314e-58
11,268,0x1.89554589c162bp-192,0x1.b73d024b91ab2p-443,0x1.89554589c162cp-192,2.44771784277897314e-58
11,269,0x1.74b73e83110f5p-193,0x1.b73d024b91ab2p-443,0x1.74b73e83110f6p-193,1.15970805140459984e-58
11,270,0x1.60c623990caa5p-194,0x1.b73d024b91ab2p-443,0x1.60c623990caa6p-194,5.48829467851002230e-59
11,271,0x1.4d846c263e895p-195,0x1.b73d024b91ab2p-443,0x1.4d846c263e896p-195,2.59435387397395748e-59
11,272,0x1.3af3c9397c858p-196,0x1.b73d024b91ab2p-443,0x1.3af3c9397c859p-196,1.22497056715359087e-59
11,273,0x1.29152f9017703p-197,0x1.b73d024b91ab2p-443,0x1.29152f9017704p-197,5.77734542378168882e-60
11,274,0x1.17e8e20eb7e6ep-198,0x1.b73d024b91ab2p-443,0x1.17e8e20eb7e6fp-198,2.72169114931448682e-60
11,275,0x1.076e7c9d96008p-199,0x1.b73d024b91ab2p-443,0x1.076e7c9d96009p-199,1.28073343977388048e-60
11,276,0x1.ef49fe9b74211p-201,0x1.b73d024b91ab2p-443,0x1.ef49fe9b74212p-201,6.01990482547777966e-61
11,277,0x1.d115b35c4744dp-202,0x1.b73d024b91ab2p-443,0x1.d115b35c4744ep-202,2.82639611056803396e-61
11,278,0x1.b43bec72142f9p-203,0x1.b73d024b91ab2p-443,0x1.b43bec72142fap-203,1.32553287282903085e-61
11,279,0x1.98b78b85c3a31p-204,0x1.b73d024b91ab2p-443,0x1.98b78b85c3a32p-204,6.20959952490221733e-62
11,280,0x1.7e8295acc511bp-205,0x1.b73d024b91ab2p-443,0x1.7e8295acc511cp-205,2.90572042671944267e-62
11,281,0x1.659649d4e6d54p-206,0x1.b73d024b91ab2p-443,0x1.659649d4e6d55p-206,1.35819687679741238e-62
11,282,0x1.4deb36c128fa5p-207,0x1.b73d024b91ab2p-443,0x1.4deb36c128fa6p-207,6.34149725444715613e-63
11,283,0x1.37795078390e1p-208,0x1.b73d024b91ab2p-443,0x1.37795078390e2p-208,2.95762136768658414e-63
11,284,0x1.22380508c6891p-209,0x1.b73d024b91ab2p-443,0x1.22380508c6892p-209,1.37789626556791339e-63
11,285,0x1.0e1e508b5f665p-210,0x1.b73d024b91ab2p-443,0x1.0e1e508b5f666p-210,6.41231930837925133e-64
11,286,0x1.f645a099f031fp-212,0x1.b73d024b91ab2p-443,0x1.f645a099f032p-212,2.98084851892487768e-64
11,287,0x1.d277aa2142737p-213,0x1.b73d024b91ab2p-443,0x1.d277aa2142738p-213,1.38417911722335342e-64
11,288,0x1.b0bee8b461da2p-214,0x1.b73d024b91ab2p-443,0x1.b0bee8b461da3p-214,6.42057261660626100e-65
11,289,0x1.9107316d8edb7p-215,0x1.b73d024b91ab2p-443,0x1.9107316d8edb8p-215,2.97499177510959108e-65
11,290,0x1.733c21f61f7c3p-216,0x1.b73d024b91ab2p-443,0x1.733c21f61f7c4p-216,1.37698674924473708e-65
11,291,0x1.57493ce3da097p-217,0x1.b73d024b91ab2p-443,0x1.57493ce3da098p-217,6.36659429628325143e-66
11,292,0x1.3d1a03f1c14c9p-218,0x1.b73d024b91ab2p-443,0x1.3d1a03f1c14cap-218,2.94048822315054141e-66
11,293,0x1.249a1013c5edep-219,0x1.b73d024b91ab2p-443,0x1.249a1013c5edfp-219,1.35665053158153177e-66
11,294,0x1.0db527693d17bp-220,0x1.b73d024b91ab2p-443,0x1.0db527693d17cp-220,6.25250756115438661e-67
11,295,0x1.f0aea22bff389p-222,0x1.b73d024b91ab2p-443,0x1.f0aea22bff38ap-222,2.87858832874793960e-67
11,296,0x1.c8d9ce1b56a93p-223,0x1.b73d024b91ab2p-443,0x1.c8d9ce1b56a94p-223,1.32387015759422539e-67
11,297,0x1.a3c54bbf55aa8p-224,0x1.b73d024b91ab2p-443,0x1.a3c54bbf55aa9p-224,6.08209380599467396e-68
11,298,0x1.814b752acee5dp-225,0x1.b73d024b91ab2p-443,0x1.814b752acee5ep-225,2.79128453307369496e-68
11,299,0x1.61479d6cc27dp-226,0x1.b73d024b91ab2p-443,0x1.61479d6cc27d1p-226,1.27967520143198530e-68
11,300,0x1.4396250fbb991p-227,0x1.b73d024b91ab2p-443,0x1.4396250fbb992p-227,5.86059105105002022e-69
11,301,0x1.28148b3edf1cbp-228,0x1.b73d024b91ab2p-443,0x1.28148b3edf1ccp-228,2.68120772303517869e-69
11,302,0x1.0ea17bc1a4478p-229,0x1.b73d024b91ab2p-443,0x1.0ea17bc1a4479p-229,1.22537281247687691e-69
11,303,0x1.ee39b401e8327p-231,0x1.b73d024b91ab2p-443,0x1.ee39b401e8328p-231,5.59443330210008004e-70
11,304,0x1.c2cf9293261c7p-232,0x1.b73d024b91ab2p-443,0x1.c2cf9293261c8p-232,2.55149887780754021e-70
11,305,0x1.9ac96500994a9p-233,0x1.b73d024b91ab2p-443,0x1.9ac96500994aap-233,1.16248515678664938e-70
11,306,0x1.75ee8ef8cc0d5p-234,0x1.b73d024b91ab2p-443,0x1.75ee8ef8cc0d6p-234,5.29094844329962818e-71
11,307,0x1.54090878e3a3ap-235,0x1.b73d024b91ab2p-443,0x1.54090878e3a3bp-235,2.40566439156210965e-71
11,308,0x1.34e55c5194d0dp-236,0x1.b73d024b91ab2p-443,0x1.34e55c5194d0ep-236,1.09268066432777144e-71
11,309,0x1.1852a32b7fd6p-237,0x1.b73d024b91ab2p-443,0x1.1852a32b7fd61p-237,4.95803385914696424e-72
11,310,0x1.fc44f6d8093cfp-239,0x1.b73d024b91ab2p-443,0x1.fc44f6d8093dp-239,2.24742407000315915e-72
11,311,0x1.cc51fcb007f9fp-240,0x1.b73d024b91ab2p-443,0x1.cc51fcb007fap-240,1.01770326312624733e-72
11,312,0x1.a079659bea99p-241,0x1.b73d024b91ab2p-443,0x1.a079659bea991p-241,4.60382905311574395e-73
11,313,0x1.786cfbd898ca5p-242,0x1.b73d024b91ab2p-443,0x1.786cfbd898ca6p-242,2.08056060669773329e-73
11,314,0x1.53e323e8ee0cfp-243,0x1.b73d024b91ab2p-443,0x1.53e323e8ee0dp-243,9.39303591960505511e-74
11,315,0x1.3296b76ba3c9ap-244,0x1.b73d024b91ab2p-443,0x1.3296b76ba3c9bp-244,4.23640320569224138e-74
11,316,0x1.1446dd8dcb7afp-245,0x1.b73d024b91ab2p-443,0x1.1446dd8dcb7bp-245,1.90877853548550550e-74
11,317,0x1.f16dc33882bc3p-247,0x1.b73d024b91ab2p-443,0x1.f16dc33882bc4p-247,8.59175723244244988e-75
11,318,0x1.bf5c105870323p-248,0x1.b73d024b91ab2p-443,0x1.bf5c105870324p-248,3.86347312116539958e-75
11,319,0x1.91eec69197077p-249,0x1.b73d024b91ab2p-443,0x1.91eec69197078p-249,1.73557934771480779e-75
11,320,0x1.68c34c130017fp-250,0x1.b73d024b91ab2p-443,0x1.68c34c130018p-250,7.78902259054792477e-76
11,321,0x1.437defd793161p-251,0x1.b73d024b91ab2p-443,0x1.437defd793162p-251,3.49216366032174699e-76
11,322,0x1.21c9908077bf5p-252,0x1.b73d024b91ab2p-443,0x1.21c9908077bf6p-252,1.56415781014074968e-76
11,323,0x1.035743e5d083ap-253,0x1.b73d024b91ab2p-443,0x1.035743e5d083bp-253,6.99909859708117559e-77
11,324,0x1.cfbbffb6eab67p-255,0x1.b73d024b91ab2p-443,0x1.cfbbffb6eab68p-255,3.12881889818078248e-77
11,325,0x1.9e34892dab35fp-256,0x1.b73d024b91ab2p-443,0x1.9e34892dab36p-256,1.39732268772230683e-77
11,326,0x1.719b92273d8d3p-257,0x1.b73d024b91ab2p-443,0x1.719b92273d8d4p-257,6.23436403656285059e-78
11,327,0x1.497e538c76705p-258,0x1.b73d024b91ab2p-443,0x1.497e538c76706p-258,2.77886824088975398e-78
11,328,0x1.257333bb6e989p-259,0x1.b73d024b91ab2p-443,0x1.257333bb6e98ap-259,1.23744322881771472e-78
11,329,0x1.05192e9430c7bp-260,0x1.b73d024b91ab2p-443,0x1.05192e9430c7cp-260,5.50510133486539019e-79
11,330,0x1.d02e86c2e988fp-262,0x1.b73d024b91ab2p-443,0x1.d02e86c2e989p-262,2.44674791236256240e-79
11,331,0x1.9c37d1b7409c9p-263,0x1.b73d024b91ab2p-443,0x1.9c37d1b7409cap-263,1.08642105327126144e-79
11,332,0x1.6db90ee2a6f4fp-264,0x1.b73d024b91ab2p-443,0x1.6db90ee2a6f5p-264,4.81940378623507331e-80
11,333,0x1.4429f3df7815dp-265,0x1.b73d024b91ab2p-443,0x1.4429f3df7815ep-265,2.13587485136337455e-80
11,334,0x1.1f0e292b79f96p-266,0x1.b73d024b91ab2p-443,0x1.1f0e292b79f97p-266,9.45685612120120095e-81
11,335,0x1.fbe8ca3e156c7p-268,0x1.b73d024b91ab2p-443,0x1.fbe8ca3e156c8p-268,4.18318809146278358e-81
11,336,0x1.c0eb2731c84d3p-269,0x1.b73d024b91ab2p-443,0x1.c0eb2731c84d4p-269,1.84866734050889481e-81
11,337,0x1.8c68145b9595ap-270,0x1.b73d024b91ab2p-443,0x1.8c68145b9595bp-270,8.16210239883886988e-82
11,338,0x1.5db591341ea1fp-271,0x1.b73d024b91ab2p-443,0x1.5db591341ea2p-271,3.60029697577875524e-82
11,339,0x1.34398a482f262p-272,0x1.b73d024b91ab2p-443,0x1.34398a482f263p-272,1.58660473485148358e-82
11,340,0x1.0f688925f6833p-273,0x1.b73d024b91ab2p-443,0x1.0f688925f6834p-273,6.98545037198579757e-83
11,341,0x1.dd88f54989f3dp-275,0x1.b73d024b91ab2p-443,0x1.dd88f54989f3ep-275,3.07267359544389385e-83
11,342,0x1.a3b7155469494p-276,0x1.b73d024b91ab2p-443,0x1.a3b7155469495p-276,1.35031750294502008e-83
11,343,0x1.708e2907f5537p-277,0x1.b73d024b91ab2p-443,0x1.708e2907f5538p-277,5.92862406744284368e-84
11,344,0x1.43554dcac6833p-278,0x1.b73d024b91ab2p-443,0x1.43554dcac6834p-278,2.60058806499597644e-84
11,345,0x1.1b6635249f329p-279,0x1.b73d024b91ab2p-443,0x1.1b6635249f32ap-279,1.13969839995626929e-84
11,346,0x1.f056eafc5f1ffp-281,0x1.b73d024b91ab2p-443,0x1.f056eafc5f2p-281,4.99010992008206757e-85
11,347,0x1.b23df8b25d21bp-282,0x1.b73d024b91ab2p-443,0x1.b23df8b25d21cp-282,2.18289657645912543e-85
11,348,0x1.7b9140268a9a5p-283,0x1.b73d024b91ab2p-443,0x1.7b9140268a9a6p-283,9.54025866179792494e-86
11,349,0x1.4b799e9b6fc6cp-284,0x1.b73d024b91ab2p-443,0x1.4b799e9b6fc6dp-284,4.16573985659156025e-86
11,350,0x1.2136b83c43281p-285,0x1.b73d024b91ab2p-443,0x1.2136b83c43282p-285,1.81731497454350472e-86
11,351,0x1.f83984e606627p-287,0x1.b73d024b91ab2p-443,0x1.f83984e606628p-287,7.92091552594813854e-87
11,352,0x1.b724fd66f4f5cp-288,0x1.b73d024b91ab2p-443,0x1.b724fd66f4f5dp-288,3.44928216653730629e-87
11,353,0x1.7e1ec4b918b73p-289,0x1.b73d024b91ab2p-443,0x1.7e1ec4b918b74p-289,1.50069097922510173e-87
11,354,0x1.4c33d0e957df7p-290,0x1.b73d024b91ab2p-443,0x1.4c33d0e957df8p-290,6.52325065135557245e-88
11,355,0x1.208c145769869p-291,0x1.b73d024b91ab2p-443,0x1.208c14576986ap-291,2.83301020441648674e-88
11,356,0x1.f4cf6ccbacf15p-293,0x1.b73d024b91ab2p-443,0x1.f4cf6ccbacf16p-293,1.22926217223812502e-88
11,357,0x1.b2391c8c92f6dp-294,0x1.b73d024b91ab2p-443,0x1.b2391c8c92f6ep-294,5.32910435701187358e-89
11,358,0x1.7827b5425a7dfp-295,0x1.b73d024b91ab2p-443,0x1.7827b5425a7ep-295,2.30822573776202339e-89
11,359,0x1.4590624c7b923p-296,0x1.b73d024b91ab2p-443,0x1.4590624c7b924p-296,9.98890065339823980e-90
11,360,0x1.198742c2ca50cp-297,0x1.b73d024b91ab2p-443,0x1.198742c2ca50dp-297,4.31890326360172619e-90
11,361,0x1.e67819eda2d63p-299,0x1.b73d024b91ab2p-443,0x1.e67819eda2d64p-299,1.86572070617230221e-90
11,362,0x1.a3ee0f604d337p-300,0x1.b73d024b91ab2p-443,0x1.a3ee0f604d338p-300,8.05263764285699073e-91
11,363,0x1.6a2ca32d6294dp-301,0x1.b73d024b91ab2p-443,0x1.6a2ca32d6294ep-301,3.47255431243935606e-91
11,364,0x1.3816df9030f5ap-302,0x1.b73d024b91ab2p-443,0x1.3816df9030f5bp-302,1.49616775664535721e-91
11,365,0x1.0cb23a33fe4fbp-303,0x1.b73d024b91ab2p-443,0x1.0cb23a33fe4fcp-303,6.44069708280789034e-92
11,366,0x1.ce45502427cf1p-305,0x1.b73d024b91ab2p-443,0x1.ce45502427cf2p-305,2.77017863548660312e-92
11,367,0x1.8d4e373266f65p-306,0x1.b73d024b91ab2p-443,0x1.8d4e373266f66p-306,1.19043577866303760e-92
11,368,0x1.552cc5e293bd3p-307,0x1.b73d024b91ab2p-443,0x1.552cc5e293bd4p-307,5.11126539626246768e-93
11,369,0x1.24b8ba082f619p-308,0x1.b73d024b91ab2p-443,0x1.24b8ba082f61ap-308,2.19268438394004046e-93
11,370,0x1.f5ddf2f1cdb61p-310,0x1.b73d024b91ab2p-443,0x1.f5ddf2f1cdb62p-310,9.39831524910343583e-94
11,371,0x1.adda4aa78a173p-311,0x1.b73d024b91ab2p-443,0x1.adda4aa78a174p-311,4.02486245850449421e-94
11,372,0x1.6fdb57974657p-312,0x1.b73d024b91ab2p-443,0x1.6fdb579746571p-312,1.72218650719820139e-94
11,373,0x1.3a8896ec50279p-313,0x1.b73d024b91ab2p-443,0x1.3a8896ec5027ap-313,7.36272148693332175e-95
11,374,0x1.0cb5f89fa9cc9p-314,0x1.b73d024b91ab2p-443,0x1.0cb5f89fa9ccap-314,3.14504278850302618e-95
11,375,0x1.cabccef8e8891p-316,0x1.b73d024b91ab2p-443,0x1.cabccef8e8892p-316,1.34228791371403375e-95
11,376,0x1.873de771be643p-317,0x1.b73d024b91ab2p-443,0x1.873de771be644p-317,5.72396107499733702e-96
11,377,0x1.4d651d31bbb99p-318,0x1.b73d024b91ab2p-443,0x1.4d651d31bbb9ap-318,2.43882403012425232e-96
11,378,0x1.1bdc8e8c19e0bp-319,0x1.b73d024b91ab2p-443,0x1.1bdc8e8c19e0cp-319,1.03824055242458057e-96
11,379,0x1.e2f7ea6736245p-321,0x1.b73d024b91ab2p-443,0x1.e2f7ea6736246p-321,4.41621451977288309e-97
11,380,0x1.9a85a41762f37p-322,0x1.b73d024b91ab2p-443,0x1.9a85a41762f38p-322,1.87688603978438793e-97
11,381,0x1.5ca69c5a9389fp-323,0x1.b73d024b91ab2p-443,0x1.5ca69c5a938ap-323,7.97006989915277311e-98
11,382,0x1.27db78f06483cp-324,0x1.b73d024b91ab2p-443,0x1.27db78f06483dp-324,3.38161179672892748e-98
11,383,0x1.f5b2a4d27e3ddp-326,0x1.b73d024b91ab2p-443,0x1.f5b2a4d27e3dep-326,1.43358572763059077e-98
11,384,0x1.a9059cfcf92fp-327,0x1.b73d024b91ab2p-443,0x1.a9059cfcf92f1p-327,6.07243379045008846e-99
11,385,0x1.67c43005d0a49p-328,0x1.b73d024b91ab2p-443,0x1.67c43005d0a4ap-328,2.57005256710573021e-99
11,386,0x1.3047344aea3a5p-329,0x1.b73d024b91ab2p-443,0x1.3047344aea3a6p-329,1.08683149804453930e-99
11,387,0x1.0122cf4b66cd6p-330,0x1.b73d024b91ab2p-443,0x1.0122cf4b66cd7p-330,4.59223715491069809e-100
11,388,0x1.b23ce4d52731fp-332,0x1.b73d024b91ab2p-443,0x1.b23ce4d52732p-332,1.93878283775584406e-100
11,389,0x1.6e5bc2668acdcp-333,0x1.b73d024b91ab2p-443,0x1.6e5bc2668acddp-333,8.17857562444466278e-101
11,390,0x1.34d640ecd172dp-334,0x1.b73d024b91ab2p-443,0x1.34d640ecd172ep-334,3.44723354365000385e-101
11,391,0x1.042262c6e03f4p-335,0x1.b73d024b91ab2p-443,0x1.042262c6e03f5p-335,1.45180784899576981e-101
11,392,0x1.b5ddfc5c29525p-337,0x1.b73d024b91ab2p-443,0x1.b5ddfc5c29526p-337,6.10933362896766705e-102
11,393,0x1.7037a076ac00ep-338,0x1.b73d024b91ab2p-443,0x1.7037a076ac00fp-338,2.56877271893668190e-102
11,394,0x1.35654053840a9p-339,0x1.b73d024b91ab2p-443,0x1.35654053840aap-339,1.07920889294059444e-102
11,395,0x1.03c29fe12820fp-340,0x1.b73d024b91ab2p-443,0x1.03c29fe12821p-340,4.53037556258937364e-103
11,396,0x1.b3d2ee25bb701p-342,0x1.b73d024b91ab2p-443,0x1.b3d2ee25bb702p-342,1.90025816149302925e-103
11,397,0x1.6d512fe503534p-343,0x1.b73d024b91ab2p-443,0x1.6d512fe503535p-343,7.96418917622981688e-104
11,398,0x1.31f89a14d7eafp-344,0x1.b73d024b91ab2p-443,0x1.31f89a14d7ebp-344,3.33520041131349630e-104
11,399,0x1.000f8db7c48f2p-345,0x1.b73d024b91ab2p-443,0x1.000f8db7c48f3p-345,1.39557941308226475e-104
11,400,0x1.ac3dd1207666dp-347,0x1.b73d024b91ab2p-443,0x1.ac3dd1207666ep-347,5.83499197043013553e-105
11,401,0x1.65d0999930745p-348,0x1.b73d024b91ab2p-443,0x1.65d0999930746p-348,2.43769797558728323e-105
11,402,0x1.2abb91258ab48p-349,0x1.b73d024b91ab2p-443,0x1.2abb91258ab49p-349,1.01759341543384396e-105
11,403,0x1.f26ab6231088fp-351,0x1.b73d024b91ab2p-443,0x1.f26ab6231089p-351,4.24447779099621993e-106
11,404,0x1.9f75bac73552dp-352,0x1.b73d024b91ab2p-443,0x1.9f75bac73552ep-352,1.76901148953327067e-106
11,405,0x1.5a0981b754d2cp-353,0x1.b73d024b91ab2p-443,0x1.5a0981b754d2dp-353,7.36706113185498609e-107
11,406,0x1.1ffcecc6ed297p-354,0x1.b73d024b91ab2p-443,0x1.1ffcecc6ed298p-354,3.06560321753904649e-107
11,407,0x1.defa2dea62377p-356,0x1.b73d024b91ab2p-443,0x1.defa2dea62378p-356,1.27466621914022506e-107
11,408,0x1.8e0079dccd835p-357,0x1.b73d024b91ab2p-443,0x1.8e0079dccd836p-357,5.29586229340731894e-108
11,409,0x1.4a75275093129p-358,0x1.b73d024b91ab2p-443,0x1.4a7527509312ap-358,2.19855519100201413e-108
11,410,0x1.12298d4ccd3a2p-359,0x1.b73d024b91ab2p-443,0x1.12298d4ccd3a3p-359,9.12009465226197266e-109
11,411,0x1.c68f8474fe09bp-361,0x1.b73d024b91ab2p-443,0x1.c68f8474fe09cp-361,3.78027508402951391e-109
11,412,0x1.7889b642fc477p-362,0x1.b73d024b91ab2p-443,0x1.7889b642fc478p-362,1.56570646039338293e-109
11,413,0x1.37aa7b512340ep-363,0x1.b73d024b91ab2p-443,0x1.37aa7b512340fp-363,6.47979039923010942e-110
11,414,0x1.01c56e8fe9a53p-364,0x1.b73d024b91ab2p-443,0x1.01c56e8fe9a54p-364,2.67963743996250115e-110
11,415,0x1.aa105c3751186p-366,0x1.b73d024b91ab2p-443,0x1.aa105c3751187p-366,1.10727722517893358e-110
11,416,0x1.5fd84327cc77fp-367,0x1.b73d024b91ab2p-443,0x1.5fd84327cc78p-367,4.57196325877803729e-111
11,417,0x1.2254e28488e14p-368,0x1.b73d024b91ab2p-443,0x1.2254e28488e15p-368,1.88632234775954180e-111
11,418,0x1.dec768abb29c3p-370,0x1.b73d024b91ab2p-443,0x1.dec768abb29c4p-370,7.77672387155724269e-112
11,419,0x1.8a785d165e5afp-371,0x1.b73d024b91ab2p-443,0x1.8a785d165e5bp-371,3.20365551690512845e-112
11,420,0x1.44c28a48eb9c8p-372,0x1.b73d024b91ab2p-443,0x1.44c28a48eb9c9p-372,1.31875487127455000e-112
11,421,0x1.0b2a66e32fb9fp-373,0x1.b73d024b91ab2p-443,0x1.0b2a66e32fbap-373,5.42440668845533473e-113
11,422,0x1.b73cccd5f4567p-375,0x1.b73d024b91ab2p-443,0x1.b73cccd5f4568p-375,2.22951845830550786e-113
11,423,0x1.68cb56d83961dp-376,0x1.b73d024b91ab2p-443,0x1.68cb56d83961ep-376,9.15674933137891491e-114
11,424,0x1.2822f86618107p-377,0x1.b73d024b91ab2p-443,0x1.2822f86618108p-377,3.75788736858863916e-114
11,425,0x1.e5c4312aec165p-379,0x1.b73d024b91ab2p-443,0x1.e5c4312aec166p-379,1.54105850860037576e-114
11,426,0x1.8e1cf5f41210ep-380,0x1.b73d024b91ab2p-443,0x1.8e1cf5f41210fp-380,6.31492477132245842e-115
11,427,0x1.460824fc12da3p-381,0x1.b73d024b91ab2p-443,0x1.460824fc12da4p-381,2.58578056847616854e-115
11,428,0x1.0acd3e1e29bacp-382,0x1.b73d024b91ab2p-443,0x1.0acd3e1e29badp-382,1.05801136020736721e-115
11,429,0x1.b45692c64d215p-384,0x1.b73d024b91ab2p-443,0x1.b45692c64d216p-384,4.32578482377909068e-116
11,430,0x1.648970489b0c3p-385,0x1.b73d024b91ab2p-443,0x1.648970489b0c4p-385,1.76732390196674979e-116
11,431,0x1.231d2e4731bc1p-386,0x1.b73d024b91ab2p-443,0x1.231d2e4731bc2p-386,7.21514031293626627e-117
11,432,0x1.db0a237d840cbp-388,0x1.b73d024b91ab2p-443,0x1.db0a237d840ccp-388,2.94341524773509171e-117
11,433,0x1.834c5377f7ff9p-389,0x1.b73d024b91ab2p-443,0x1.834c5377f7ffap-389,1.19987814321709608e-117
11,434,0x1.3b87ab7996edbp-390,0x1.b73d024b91ab2p-443,0x1.3b87ab7996eddp-390,4.88767509183111004e-118
11,435,0x1.00df2103a08a3p-391,0x1.b73d024b91ab2p-443,0x1.00df2103a08a6p-391,1.98951774331412277e-118
11,436,0x1.a1edd80811b86p-393,0x1.b73d024b91ab2p-443,0x1.a1edd80811b8ep-393,8.09234383504025551e-119
11,437,0x1.53bc44ce98415p-394,0x1.b73d024b91ab2p-443,0x1.53bc44ce98424p-394,3.28914164925201518e-119
11,438,0x1.13f843be995e6p-395,0x1.b73d024b91ab2p-443,0x1.13f843be99602p-395,1.33589794137155599e-119
11,439,0x1.c00496e9acc33p-397,0x1.b73d024b91ab2p-443,0x1.c00496e9acca2p-397,5.42184563968292101e-120
11,440,0x1.6b6604188f7a3p-398,0x1.b73d024b91ab2p-443,0x1.6b6604188f88p-398,2.19889702025754876e-120
11,441,0x1.268c2da714b29p-399,0x1.b73d024b91ab2p-443,0x1.268c2da714ce1p-399,8.91142612760483890e-121
11,442,0x1.dd230e6b51ff5p-401,0x1.b73d024b91ab2p-443,0x1.dd230e6b526d3p-401,3.60889970968047970e-121
11,443,0x1.822d5c5cd624fp-402,0x1.b73d024b91ab2p-443,0x1.822d5c5cd700ap-402,1.46045572850282092e-121
11,444,0x1.3855108153808p-403,0x1.b73d024b91ab2p-443,0x1.385510815537dp-403,5.90593493299520816e-122
11,445,0x1.f8da3ca71729fp-405,0x1.b73d024b91ab2p-443,0x1.f8da3ca71e06fp-405,2.38658162008678518e-122
11,446,0x1.97ba491a6a3b3p-406,0x1.b73d024b91ab2p-443,0x1.97ba491a77f53p-406,9.63722478737800575e-123
11,447,0x1.490d550be97d5p-407,0x1.b73d024b91ab2p-443,0x1.490d550c04f13p-407,3.88880743578588694e-123
11,448,0x1.095e3414384dap-408,0x1.b73d024b91ab2p-443,0x1.095e34146f355p-408,1.56808761937080109e-123
11,449,0x1.abb68bc51a2d3p-410,0x1.b73d024b91ab2p-443,0x1.abb68bc5f5cbcp-410,6.31850501177575691e-124
11,450,0x1.58716691e3c1bp-411,0x1.b73d024b91ab2p-443,0x1.587166939afecp-411,2.54418767231458693e-124
11,451,0x1.152ffeb93ef11p-412,0x1.b73d024b91ab2p-443,0x1.152ffebcad6b2p-412,1.02370643307355190e-124
11,452,0x1.bdcff2bca0f21p-414,0x1.b73d024b91ab2p-443,0x1.bdcff2ca5ada3p-414,4.11617541902622527e-125
11,453,0x1.66418049d1097p-415,0x1.b73d024b91ab2p-443,0x1.6641806544d9ap-415,1.65388437251850319e-125
11,454,0x1.1fb133162f66ep-416,0x1.b73d024b91ab2p-443,0x1.1fb1334d17074p-416,6.64063957484870545e-126
11,455,0x1.cdba93dab5c1fp-418,0x1.b73d024b91ab2p-443,0x1.cdba94b654432p-418,2.66445776875621618e-126
11,456,0x1.72436afade3f4p-419,0x1.b73d024b91ab2p-443,0x1.72436cb21b41ap-419,1.06832307678134263e-126
11,457,0x1.28b55efcac449p-420,0x1.b73d024b91ab2p-443,0x1.28b5626b26493p-420,4.28047428263210384e-127
11,458,0x1.db32e43fb9473p-422,0x1.b73d024b91ab2p-443,0x1.db32f1f9a159ap-422,1.71386806641592623e-127
11,459,0x1.7c4418e508d59p-423,0x1.b73d024b91ab2p-443,0x1.7c443458d8fa6p-423,6.85740578041225551e-128
11,460,0x1.3016238e2d389p-424,0x1.b73d024b91ab2p-443,0x1.30165a75cd821p-424,2.74182783525744317e-128
11,461,0x1.e5ff92dc77eb3p-426,0x1.b73d024b91ab2p-443,0x1.e6006e7af9111p-426,1.09551835282407313e-128
11,462,0x1.8419052fcfd81p-427,0x1.b73d024b91ab2p-443,0x1.841abc6cd223bp-427,4.37421871848717696e-129
11,463,0x1.35b42f0cbe69ap-428,0x1.b73d024b91ab2p-443,0x1.35b79d86c300dp-428,1.74536909357744970e-129
11,464,0x1.edf2c76c51f33p-430,0x1.b73d024b91ab2p-443,0x1.ee008154644fdp-430,6.95970101573916357e-130
11,465,0x1.89a0bb02464f5p-431,0x1.b73d024b91ab2p-443,0x1.89bc2ed26b088p-431,2.77355015711109394e-130
11,466,0x1.3976e2d096223p-432,0x1.b73d024b91ab2p-443,0x1.39adca70df947p-432,1.10480892253825291e-130
11,467,0x1.f2e6dd937136bp-434,0x1.b73d024b91ab2p-443,0x1.f3c27c1496ff9p-434,4.40051143440257597e-131
11,468,0x1.8cbb5c4828f8bp-435,0x1.b73d024b91ab2p-443,0x1.8e72994a748a7p-435,1.75421650262235621e-131
11,469,0x1.3b3d8d659c184p-436,0x1.b73d024b91ab2p-443,0x1.3eac076a333bap-436,7.01496995114838783e-132
11,470,0x1.f486f68f2dc81p-438,0x1.b73d024b91ab2p-443,0x1.01206f50c52acp-437,2.83008254728365353e-132
11,471,0x1.8ce5361da091fp-439,0x1.b73d024b91ab2p-443,0x1.a859064259acbp-439,1.16765311911184512e-132
11,472,0x1.3a28f2e29e474p-440,0x1.b73d024b91ab2p-443,0x1.7110932c107cbp-440,5.07767037352203342e-133
11,473,0x1.efc8a5628039fp-442,0x1.b73d024b91ab2p-443,0x1.65b393442487dp-441,2.46066599024610783e-133
11,474,0x1.84d28daa0c9dbp-443,0x1.b73d024b91ab2p-443,0x1.9e07c7facf247p-442,1.42407930865151129e-133
11,475,0x1.2d24b0f449338p-444,0x1.b73d024b91ab2p-443,0x1.26e7ad62db228p-442,1.01434121337777604e-133
11,476,0x1.c659b8507d4aap-446,0x1.b73d024b91ab2p-443,0x1.f0083955a1548p-443,8.53064284198066148e-134
11,477,0x1.43dc38da4cd6ap-447,0x1.b73d024b91ab2p-443,0x1.cb7ac5d93678ap-443,7.90202086910039974e-134
11,478,0x1.95c573add6415p-449,0x1.b73d024b91ab2p-443,0x1.bd94181a49043p-443,7.66295324333257743e-134
11,479,0x1.662eac573f88ep-451,0x1.b73d024b91ab2p-443,0x1.b8a330f7e8eacp-443,7.57797863576067971e-134
11,480,0x0p+0,0x1.b73d024b91ab2p-443,0x1.b73d024b91ab2p-443,7.55391639145115542e-134
12,0,0x1.96eb0cabd6693p+4,0x1.fc31d35427ff6p-314,0x1.96eb0cabd6694p+4,2.54323851311115305e+01
12,1,0x1.86ef4fa6bb9fap+4,0x1.fc31d35427ff6p-314,0x1.86ef4fa6bb9fbp+4,2.44334255707744710e+01
12,2,0x1.76f92179e443cp+4,0x1.fc31d35427ff6p-314,0x1.76f92179e443dp+4,2.34358229409592589e+01
12,3,0x1.670bb78f3bfd4p+4,0x1.fc31d35427ff6p-314,0x1.670bb78f3bfd5p+4,2.24403606028643772e+01
12,4,0x1.572b271402744p+4,0x1.fc31d35427ff6p-314,0x1.572b271402745p+4,2.14480353147148612e+01
12,5,0x1.475c6f53e848cp+4,0x1.fc31d35427ff6p-314,0x1.475c6f53e848dp+4,2.04600671079283991e+01
12,6,0x1.37a57bf0e492bp+4,0x1.fc31d35427ff6p-314,0x1.37a57bf0e492cp+4,1.94779014024617680e+01
12,7,0x1.280d1e3632a82p+4,0x1.fc31d35427ff6p-314,0x1.280d1e3632a83p+4,1.85032026402573244e+01
12,8,0x1.189afd442aacp+4,0x1.fc31d35427ff6p-314,0x1.189afd442aac1p+4,1.75378391897927521e+01
12,9,0x1.09577d54792adp+4,0x1.fc31d35427ff6p-314,0x1.09577d54792aep+4,1.65838597583521548e+01
12,10,0x1.f4973d9fa0025p+3,0x1.fc31d35427ff6p-314,0x1.f4973d9fa0026p+3,1.56434620015789498e+01
12,11,0x1.d701acb253e19p+3,0x1.fc31d35427ff6p-314,0x1.d701acb253e1ap+3,1.47189544184648646e+01
12,12,0x1.ba01be93a7afap+3,0x1.fc31d35427ff6p-314,0x1.ba01be93a7afbp+3,1.38127129444014738e+01
12,13,0x1.9dab14b14d614p+3,0x1.fc31d35427ff6p-314,0x1.9dab14b14d615p+3,1.29271338904318700e+01
12,14,0x1.82111497e33f5p+3,0x1.fc31d35427ff6p-314,0x1.82111497e33f6p+3,1.20645850149685252e+01
12,15,0x1.674681401fc47p+3,0x1.fc31d35427ff6p-314,0x1.674681401fc48p+3,1.12273565533088373e+01
12,16,0x1.4d5d17fb8f2dep+3,0x1.fc31d35427ff6p-314,0x1.4d5d17fb8f2dfp+3,1.04176139748828387e+01
12,17,0x1.3465346c01169p+3,0x1.fc31d35427ff6p-314,0x1.3465346c0116ap+3,9.63735409826832168e+00
12,18,0x1.1c6d7e7fdf60dp+3,0x1.fc31d35427ff6p-314,0x1.1c6d7e7fdf60ep+3,8.88836598372565945e+00
12,19,0x1.0582a4e0102ccp+3,0x1.fc31d35427ff6p-314,0x1.0582a4e0102cdp+3,8.17219775926914771e+00
12,20,0x1.df5e4b372ec9bp+2,0x1.fc31d35427ff6p-314,0x1.df5e4b372ec9cp+2,7.49013023747388829e+00
12,21,0x1.b5f64c67b2053p+2,0x1.fc31d35427ff6p-314,0x1.b5f64c67b2054p+2,6.84315786482337174e+00
12,22,0x1.8ed8b7070f544p+2,0x1.fc31d35427ff6p-314,0x1.8ed8b7070f545p+2,6.23197723092500144e+00
12,23,0x1.6a0c02b496fbep+2,0x1.fc31d35427ff6p-314,0x1.6a0c02b496fbfp+2,5.65698306689949870e+00
12,24,0x1.4791c22ddfeaap+2,0x1.fc31d35427ff6p-314,0x1.4791c22ddfeabp+2,5.11827139358471594e+00
12,25,0x1.2766cc1d6838fp+2,0x1.fc31d35427ff6p-314,0x1.2766cc1d6839p+2,4.61564925071515120e+00
12,26,0x1.09837c5b703dp+2,0x1.fc31d35427ff6p-314,0x1.09837c5b703d1p+2,4.14865025453123426e+00
12,27,0x1.dbb813d11f016p+1,0x1.fc31d35427ff6p-314,0x1.dbb813d11f017p+1,3.71655509673110940e+00
12,28,0x1.a8c1db1ca243dp+1,0x1.fc31d35427ff6p-314,0x1.a8c1db1ca243ep+1,3.31841601274621123e+00
12,29,0x1.79fea9d3e2d61p+1,0x1.fc31d35427ff6p-314,0x1.79fea9d3e2d62p+1,2.95308420988082876e+00
12,30,0x1.4f433b573c18fp+1,0x1.fc31d35427ff6p-314,0x1.4f433b573c19p+1,2.61923925170430749e+00
12,31,0x1.285faa06613d6p+1,0x1.fc31d35427ff6p-314,0x1.285faa06613d7p+1,2.31541943847194487e+00
12,32,0x1.05206f05fae34p+1,0x1.fc31d35427ff6p-314,0x1.05206f05fae35p+1,2.04005229751580908e+00
12,33,0x1.ca9eb8a8ccbbp+0,0x1.fc31d35427ff6p-314,0x1.ca9eb8a8ccbb1p+0,1.79148439522826330e+00
12,34,0x1.9169170a49b8cp+0,0x1.fc31d35427ff6p-314,0x1.9169170a49b8dp+0,1.56800979615374847e+00
12,35,0x1.5e2e7905f07edp+0,0x1.fc31d35427ff6p-314,0x1.5e2e7905f07eep+0,1.36789661784177552e+00
12,36,0x1.307d418ebbcb9p+0,0x1.fc31d35427ff6p-314,0x1.307d418ebbcbap+0,1.18941125616747323e+00
12,37,0x1.07e520fe93c8p+0,0x1.fc31d35427ff6p-314,0x1.07e520fe93c81p+0,1.03083997931733529e+00
12,38,0x1.c7f0a03c3751p-1,0x1.fc31d35427ff6p-314,0x1.c7f0a03c37511p-1,8.90507705069156441e-01
12,39,0x1.8899352b177ap-1,0x1.fc31d35427ff6p-314,0x1.8899352b177a1p-1,7.66793881902902652e-01
12,40,0x1.50f87200fd6cap-1,0x1.fc31d35427ff6p-314,0x1.50f87200fd6cbp-1,6.58145487423746345e-01
12,41,0x1.204cf85f88babp-1,0x1.fc31d35427ff6p-314,0x1.204cf85f88bacp-1,5.63087236081960096e-01
12,42,0x1.ebc130d32f97bp-2,0x1.fc31d35427ff6p-314,0x1.ebc130d32f97cp-2,4.80229151620640726e-01
12,43,0x1.a211fa8a40bddp-2,0x1.fc31d35427ff6p-314,0x1.a211fa8a40bdep-2,4.08271708191191851e-01
12,44,0x1.6250200cd2dacp-2,0x1.fc31d35427ff6p-314,0x1.6250200cd2dadp-2,3.46008778364842950e-01
12,45,0x1.2b583372ea494p-2,0x1.fc31d35427ff6p-314,0x1.2b583372ea495p-2,2.92328647507539785e-01
12,46,0x1.f83eb64631ed3p-3,0x1.fc31d35427ff6p-314,0x1.f83eb64631ed4p-3,2.46213363663847162e-01
12,47,0x1.a765911481ap-3,0x1.fc31d35427ff6p-314,0x1.a765911481a01p-3,2.06736691892913910e-01
12,48,0x1.626dc552db9e2p-3,0x1.fc31d35427ff6p-314,0x1.626dc552db9e3p-3,1.73060933676835921e-01
12,49,0x1.27cc69f58c59bp-3,0x1.fc31d35427ff6p-314,0x1.27cc69f58c59cp-3,1.44432857328450903e-01
12,50,0x1.ec40c7852b8e5p-4,0x1.fc31d35427ff6p-314,0x1.ec40c7852b8e6p-4,1.20178965926900000e-01
12,51,0x1.985f594d07d43p-4,0x1.fc31d35427ff6p-314,0x1.985f594d07d44p-4,9.97003067318376623e-02
12,52,0x1.51c8eb2f79cadp-4,0x1.fc31d35427ff6p-314,0x1.51c8eb2f79caep-4,8.24670016223645053e-02
12,53,0x1.16946f87a24e4p-4,0x1.fc31d35427ff6p-314,0x1.16946f87a24e5p-4,6.80126530297858328e-02
12,54,0x1.ca2b19b90fbep-5,0x1.fc31d35427ff6p-314,0x1.ca2b19b90fbe1p-5,5.59287550354310506e-02
12,55,0x1.77adbede61eap-5,0x1.fc31d35427ff6p-314,0x1.77adbede61ea1p-5,4.58592155364929768e-02
12,56,0x1.3328de25afa57p-5,0x1.fc31d35427ff6p-314,0x1.3328de25afa58p-5,3.74950732052538593e-02
12,57,0x1.f4d9a9732b3bbp-6,0x1.fc31d35427ff6p-314,0x1.f4d9a9732b3bcp-6,3.05694727691620954e-02
12,58,0x1.9730cd97d198p-6,0x1.fc31d35427ff6p-314,0x1.9730cd97d1981p-6,2.48529441589879808e-02
12,59,0x1.4a1f1891898b9p-6,0x1.fc31d35427ff6p-314,0x1.4a1f1891898bap-6,2.01490154196555041e-02
12,60,0x1.0ae5f33f4075ep-6,0x1.fc31d35427ff6p-314,0x1.0ae5f33f4075fp-6,1.62901759586085958e-02
12,61,0x1.ae619e5f7a07ep-7,0x1.fc31d35427ff6p-314,0x1.ae619e5f7a07fp-7,1.31341956429908962e-02
12,62,0x1.5a0e6163aa0a5p-7,0x1.fc31d35427ff6p-314,0x1.5a0e6163aa0a6p-7,1.05607963117367414e-02
12,63,0x1.1580502b96ad5p-7,0x1.fc31d35427ff6p-314,0x1.1580502b96ad6p-7,8.46866526187765520e-03
12,64,0x1.bbdca50062396p-8,0x1.fc31d35427ff6p-314,0x1.bbdca50062397p-8,6.77279499394325187e-03
12,65,0x1.6208b290c647fp-8,0x1.fc31d35427ff6p-314,0x1.6208b290c648p-8,5.40212974080944708e-03
12,66,0x1.19a4085f6863dp-8,0x1.fc31d35427ff6p-314,0x1.19a4085f6863ep-8,4.29749683772367823e-03
12,67,0x1.beede395141b3p-9,0x1.fc31d35427ff6p-314,0x1.beede395141b4p-9,3.40979960541451001e-03
12,68,0x1.61b0e312dcad3p-9,0x1.fc31d35427ff6p-314,0x1.61b0e312dcad4p-9,2.69844791312699207e-03
12,69,0x1.172f08927adc1p-9,0x1.fc31d35427ff6p-314,0x1.172f08927adc2p-9,2.13000278130490248e-03
12,70,0x1.b79e60b191a4dp-10,0x1.fc31d35427ff6p-314,0x1.b79e60b191a4ep-10,1.67701211138794907e-03
12,71,0x1.593f6e4eeaacfp-10,0x1.fc31d35427ff6p-314,0x1.593f6e4eeaadp-10,1.31701575058211853e-03
12,72,0x1.0e742e4ba0cfbp-10,0x1.fc31d35427ff6p-314,0x1.0e742e4ba0cfcp-10,1.03169949116549333e-03
12,73,0x1.a6ab893610564p-11,0x1.fc31d35427ff6p-314,0x1.a6ab893610565p-11,8.06179165700065940e-04
12,74,0x1.49761acf6d1bep-11,0x1.fc31d35427ff6p-314,0x1.49761acf6d1bfp-11,6.28397648986970983e-04
12,75,0x1.002d5d916c6d2p-11,0x1.fc31d35427ff6p-314,0x1.002d5d916c6d3p-11,4.88619249315836563e-04
12,76,0x1.8d6b14feccedap-12,0x1.fc31d35427ff6p-314,0x1.8d6b14feccedbp-12,3.79007615197252893e-04
12,77,0x1.33855f0fdfbaap-12,0x1.fc31d35427ff6p-314,0x1.33855f0fdfbabp-12,2.93274862080690035e-04
12,78,0x1.dac6cd490b7acp-13,0x1.fc31d35427ff6p-314,0x1.dac6cd490b7adp-13,2.26391110375199182e-04
12,79,0x1.6da0c2f31c4ccp-13,0x1.fc31d35427ff6p-314,0x1.6da0c2f31c4cdp-13,1.74345004413412058e-04
12,80,0x1.18e8454f67277p-13,0x1.fc31d35427ff6p-314,0x1.18e8454f67278p-13,1.33947042269339433e-04
12,81,0x1.ae9fa933f2d33p-14,0x1.fc31d35427ff6p-314,0x1.ae9fa933f2d34p-14,1.02668684859687231e-04
12,82,0x1.494ccaa95fdf2p-14,0x1.fc31d35427ff6p-314,0x1.494ccaa95fdf3p-14,7.85112303187602737e-05
12,83,0x1.f678da99eefffp-15,0x1.fc31d35427ff6p-314,0x1.f678da99efp-15,5.98993403424230575e-05
12,84,0x1.7e7a4adf177b4p-15,0x1.fc31d35427ff6p-314,0x1.7e7a4adf177b5p-15,4.55948954758278926e-05
12,85,0x1.227a15b2ee2bfp-15,0x1.fc31d35427ff6p-314,0x1.227a15b2ee2cp-15,3.46275441169322483e-05
12,86,0x1.b8373c322cefp-16,0x1.fc31d35427ff6p-314,0x1.b8373c322cef1p-16,2.62389041345142104e-05
12,87,0x1.4cd311eb18f1ep-16,0x1.fc31d35427ff6p-314,0x1.4cd311eb18f1fp-16,1.98378856278844810e-05
12,88,0x1.f624b1c84b522p-17,0x1.fc31d35427ff6p-314,0x1.f624b1c84b523p-17,1.49650376362839361e-05
12,89,0x1.79f6a66b8912ep-17,0x1.fc31d35427ff6p-314,0x1.79f6a66b8912fp-17,1.12641893884121295e-05
12,90,0x1.1bde8eaea7aafp-17,0x1.fc31d35427ff6p-314,0x1.1bde8eaea7abp-17,8.45996632153669915e-06
12,91,0x1.a978b84cbb088p-18,0x1.fc31d35427ff6p-314,0x1.a978b84cbb089p-18,6.34002033160161407e-06
12,92,0x1.3e2a44a510fffp-18,0x1.fc31d35427ff6p-314,0x1.3e2a44a511p-18,4.74102958942027031e-06
12,93,0x1.dad284d22c3edp-19,0x1.fc31d35427ff6p-314,0x1.dad284d22c3eep-19,3.53770210733587582e-06
12,94,0x1.618d35a3c4ebap-19,0x1.fc31d35427ff6p-314,0x1.618d35a3c4ebbp-19,2.63416468893905411e-06
12,95,0x1.06b2400ec622ap-19,0x1.fc31d35427ff6p-314,0x1.06b2400ec622bp-19,1.95723988073391499e-06
12,96,0x1.858e8dedadad9p-20,0x1.fc31d35427ff6p-314,0x1.858e8dedadadap-20,1.45121236576138525e-06
12,97,0x1.203cadcd40602p-20,0x1.fc31d35427ff6p-314,0x1.203cadcd40603p-20,1.07376660035717724e-06
12,98,0x1.a9a773d9df29ep-21,0x1.fc31d35427ff6p-314,0x1.a9a773d9df29fp-21,7.92842566029931380e-07
12,99,0x1.39a51222c7538p-21,0x1.fc31d35427ff6p-314,0x1.39a51222c7539p-21,5.84208980167601900e-07
12,100,0x1.cd464c690bc9fp-22,0x1.fc31d35427ff6p-314,0x1.cd464c690bcap-22,4.29595451270417596e-07
12,101,0x1.5281ac49b3f97p-22,0x1.fc31d35427ff6p-314,0x1.5281ac49b3f98p-22,3.15258777844497396e-07
12,102,0x1.efd29f741d73ap-23,0x1.fc31d35427ff6p-314,0x1.efd29f741d73bp-23,2.30885457977865374e-07
12,103,0x1.6a656349cd1efp-23,0x1.fc31d35427ff6p-314,0x1.6a656349cd1fp-23,1.68753809420864439e-07
12,104,0x1.0858ba9210749p-23,0x1.fc31d35427ff6p-314,0x1.0858ba921074ap-23,1.23095976580341869e-07
12,105,0x1.80e2fb0528ed9p-24,0x1.fc31d35427ff6p-314,0x1.80e2fb0528edap-24,8.96134047684276606e-08
12,106,0x1.17a4ff2de90cdp-24,0x1.fc31d35427ff6p-314,0x1.17a4ff2de90cep-24,6.51098132896426139e-08
12,107,0x1.95906c4de4963p-25,0x1.fc31d35427ff6p-314,0x1.95906c4de4964p-25,4.72138813454655972e-08
12,108,0x1.25852a22e65ddp-25,0x1.fc31d35427ff6p-314,0x1.25852a22e65dep-25,3.41702455421135498e-08
12,109,0x1.a80a3a3d6daddp-26,0x1.fc31d35427ff6p-314,0x1.a80a3a3d6dadep-26,2.46823736915356500e-08
12,110,0x1.31b60c612a688p-26,0x1.fc31d35427ff6p-314,0x1.31b60c612a689p-26,1.77947295827903598e-08
12,111,0x1.b7f69e65db425p-27,0x1.fc31d35427ff6p-314,0x1.b7f69e65db426p-27,1.28046188753735995e-08
12,112,0x1.3bfc6113ee91fp-27,0x1.fc31d35427ff6p-314,0x1.3bfc6113ee92p-27,9.19639878820668070e-09
12,113,0x1.c508671904fe7p-28,0x1.fc31d35427ff6p-314,0x1.c508671904fe8p-28,6.59249523809634187e-09
12,114,0x1.4426b0549da5cp-28,0x1.fc31d35427ff6p-314,0x1.4426b0549da5dp-28,4.71701973715055469e-09
12,115,0x1.cf0166cc7ca64p-29,0x1.fc31d35427ff6p-314,0x1.cf0166cc7ca65p-29,3.36880821003326978e-09
12,116,0x1.4a0ed93c522a2p-29,0x1.fc31d35427ff6p-314,0x1.4a0ed93c522a3p-29,2.40148803461223529e-09
12,117,0x1.d5b459527e961p-30,0x1.fc31d35427ff6p-314,0x1.d5b459527e962p-30,1.70877497275534782e-09
12,118,0x1.4d9b3277c197p-30,0x1.fc31d35427ff6p-314,0x1.4d9b3277c1971p-30,1.21365242676794717e-09
12,119,0x1.d9062ad1e0c87p-31,0x1.fc31d35427ff6p-314,0x1.d9062ad1e0c88p-31,8.60425808930536370e-10
12,120,0x1.4ebf35ffbd967p-31,0x1.fc31d35427ff6p-314,0x1.4ebf35ffbd968p-31,6.08901096182574476e-10
12,121,0x1.d8ee949c7f995p-32,0x1.fc31d35427ff6p-314,0x1.d8ee949c7f996p-32,4.30129107488769314e-10
12,122,0x1.4d7bb29d5e374p-32,0x1.fc31d35427ff6p-314,0x1.4d7bb29d5e375p-32,3.03301198250045438e-10
12,123,0x1.d5780cb096e99p-33,0x1.fc31d35427ff6p-314,0x1.d5780cb096e9ap-33,2.13489758439674600e-10
12,124,0x1.49de84076786dp-33,0x1.fc31d35427ff6p-314,0x1.49de84076786ep-33,1.50007145794685579e-10
12,125,0x1.cebf0d4681955p-34,0x1.fc31d35427ff6p-314,0x1.cebf0d4681956p-34,1.05216326191283305e-10
12,126,0x1.4401d84afd03dp-34,0x1.fc31d35427ff6p-314,0x1.4401d84afd03ep-34,7.36707094388500287e-11
12,127,0x1.c4f0c1c1d67a9p-35,0x1.fc31d35427ff6p-314,0x1.c4f0c1c1d67aap-35,5.14933681756614065e-11
12,128,0x1.3c0b0e79ad18fp-35,0x1.fc31d35427ff6p-314,0x1.3c0b0e79ad19p-35,3.59299508119774295e-11
12,129,0x1.b8492d3c9cd53p-36,0x1.fc31d35427ff6p-314,0x1.b8492d3c9cd54p-36,2.50273527915568382e-11
12,130,0x1.32293ef719b15p-36,0x1.fc31d35427ff6p-314,0x1.32293ef719b16p-36,1.74032446138455283e-11
12,131,0x1.a910e45076abbp-37,0x1.fc31d35427ff6p-314,0x1.a910e45076abcp-37,1.20811018803098038e-11
12,132,0x1.26938101c8235p-37,0x1.fc31d35427ff6p-314,0x1.26938101c8236p-37,8.37235879885133754e-12
12,133,0x1.979a777dd1933p-38,0x1.fc31d35427ff6p-314,0x1.979a777dd1934p-38,5.79239249696107893e-12
12,134,0x1.19870314726bep-38,0x1.fc31d35427ff6p-314,0x1.19870314726bfp-38,4.00074484822853471e-12
12,135,0x1.843fad7f18726p-39,0x1.fc31d35427ff6p-314,0x1.843fad7f18727p-39,2.75867322653759370e-12
12,136,0x1.0b450c7683f37p-39,0x1.fc31d35427ff6p-314,0x1.0b450c7683f38p-39,1.89906559043279166e-12
12,137,0x1.6f5eacf8db4fep-40,0x1.fc31d35427ff6p-314,0x1.6f5eacf8db4ffp-40,1.30515980900985535e-12
12,138,0x1.f821fba0fa44dp-41,0x1.fc31d35427ff6p-314,0x1.f821fba0fa44ep-41,8.95519650969355314e-13
12,139,0x1.5957337110328p-41,0x1.fc31d35427ff6p-314,0x1.5957337110329p-41,6.13448187691535771e-13
12,140,0x1.d85cc9f90e621p-42,0x1.fc31d35427ff6p-314,0x1.d85cc9f90e622p-42,4.19542140460921851e-13
12,141,0x1.4287f480f2e7bp-42,0x1.fc31d35427ff6p-314,0x1.4287f480f2e7cp-42,2.86465140125075355e-13
12,142,0x1.b7be6b896b49bp-43,0x1.fc31d35427ff6p-314,0x1.b7be6b896b49cp-43,1.95285489282269065e-13
12,143,0x1.2b4c381b1d0b2p-43,0x1.fc31d35427ff6p-314,0x1.2b4c381b1d0b3p-43,1.32914892917790427e-13
12,144,0x1.96c46c140fd23p-44,0x1.fc31d35427ff6p-314,0x1.96c46c140fd24p-44,9.03204786839573895e-14
12,145,0x1.13f9c9d9ffd86p-44,0x1.fc31d35427ff6p-314,0x1.13f9c9d9ffd87p-44,6.12789233268303017e-14
12,146,0x1.75e35052ae531p-45,0x1.fc31d35427ff6p-314,0x1.75e35052ae532p-45,4.15099004481882533e-14
12,147,0x1.f9be8beb977a9p-46,0x1.fc31d35427ff6p-314,0x1.f9be8beb977aap-46,2.80744495714269162e-14
12,148,0x1.5584753d0534ap-46,0x1.fc31d35427ff6p-314,0x1.5584753d0534bp-46,1.89580248119667181e-14
12,149,0x1.cc85962a3b295p-47,0x1.fc31d35427ff6p-314,0x1.cc85962a3b296p-47,1.27820482694198960e-14
12,150,0x1.3604803d9c21bp-47,0x1.fc31d35427ff6p-314,0x1.3604803d9c21cp-47,8.60471643374759474e-15
12,151,0x1.a0c225f418ab1p-48,0x1.fc31d35427ff6p-314,0x1.a0c225f418ab2p-48,5.78368452609046305e-15
12,152,0x1.17b25fbc6b29bp-48,0x1.fc31d35427ff6p-314,0x1.17b25fbc6b29cp-48,3.88157247060406948e-15
12,153,0x1.76d9deb1f0a6cp-49,0x1.fc31d35427ff6p-314,0x1.76d9deb1f0a6dp-49,2.60105169560560144e-15
12,154,0x1.f59daa6b113bdp-50,0x1.fc31d35427ff6p-314,0x1.f59daa6b113bep-50,1.74032969155833090e-15
12,155,0x1.4f1e4846bc3edp-50,0x1.fc31d35427ff6p-314,0x1.4f1e4846bc3eep-50,1.16267513099512977e-15
12,156,0x1.bf18f9ecb3dd9p-51,0x1.fc31d35427ff6p-314,0x1.bf18f9ecb3ddap-51,7.75590639537101677e-16
12,157,0x1.29cd2ac24dd78p-51,0x1.fc31d35427ff6p-314,0x1.29cd2ac24dd79p-51,5.16603138219922035e-16
12,158,0x1.8c208773ed86fp-52,0x1.fc31d35427ff6p-314,0x1.8c208773ed87p-52,3.43585461164108387e-16
12,159,0x1.071178ced3f6ep-52,0x1.fc31d35427ff6p-314,0x1.071178ced3f6fp-52,2.28175334210895824e-16
12,160,0x1.5ce46f8372758p-53,0x1.fc31d35427ff6p-314,0x1.5ce46f8372759p-53,1.51307927368142186e-16
12,161,0x1.ce095b54c9799p-54,0x1.fc31d35427ff6p-314,0x1.ce095b54c979ap-54,1.00188206223775315e-16
12,162,0x1.317d4350cb4c9p-54,0x1.fc31d35427ff6p-314,0x1.317d4350cb4cap-54,6.62424343686664804e-17
12,163,0x1.936104c2e929fp-55,0x1.fc31d35427ff6p-314,0x1.936104c2e92ap-55,4.37344365261340670e-17
12,164,0x1.09eea1e4c926ap-55,0x1.fc31d35427ff6p-314,0x1.09eea1e4c926bp-55,2.88324223222396057e-17
12,165,0x1.5e21bcc76993ap-56,0x1.fc31d35427ff6p-314,0x1.5e21bcc76993bp-56,1.89806821946025827e-17
12,166,0x1.cc5424721fb54p-57,0x1.fc31d35427ff6p-314,0x1.cc5424721fb55p-57,1.24772339031575376e-17
12,167,0x1.2e2bd2668bc9p-57,0x1.fc31d35427ff6p-314,0x1.2e2bd2668bc91p-57,8.19036622399342597e-18
12,168,0x1.8c23f5d1d64a3p-58,0x1.fc31d35427ff6p-314,0x1.8c23f5d1d64a4p-58,5.36870447269292023e-18
12,169,0x1.034c4b1ceae76p-58,0x1.fc31d35427ff6p-314,0x1.034c4b1ceae77p-58,3.51414347291721027e-18
12,170,0x1.52f93096a37bep-59,0x1.fc31d35427ff6p-314,0x1.52f93096a37bfp-59,2.29697308842257596e-18
12,171,0x1.ba82070e07f4ap-60,0x1.fc31d35427ff6p-314,0x1.ba82070e07f4bp-60,1.49927515114478480e-18
12,172,0x1.206dad9dec6b9p-60,0x1.fc31d35427ff6p-314,0x1.206dad9dec6bap-60,9.77233534008020022e-19
12,173,0x1.7779324e19d91p-61,0x1.fc31d35427ff6p-314,0x1.7779324e19d92p-61,6.36076721629566272e-19
12,174,0x1.e81bf3536c633p-62,0x1.fc31d35427ff6p-314,0x1.e81bf3536c634p-62,4.13444558679447412e-19
12,175,0x1.3cd4078e62956p-62,0x1.fc31d35427ff6p-314,0x1.3cd4078e62957p-62,2.68363958153293494e-19
12,176,0x1.9abc52cb34e43p-63,0x1.fc31d35427ff6p-314,0x1.9abc52cb34e44p-63,1.73953309139687380e-19
12,177,0x1.09df9902a14c1p-63,0x1.fc31d35427ff6p-314,0x1.09df9902a14c2p-63,1.12601776870111633e-19
12,178,0x1.57bc32d41f1fap-64,0x1.fc31d35427ff6p-314,0x1.57bc32d41f1fbp-64,7.27887494182803238e-20
12,179,0x1.bbcb5df2ffbeap-65,0x1.fc31d35427ff6p-314,0x1.bbcb5df2ffbebp-65,4.69885600695237760e-20
12,180,0x1.1e1a1eb53d9f7p-65,0x1.fc31d35427ff6p-314,0x1.1e1a1eb53d9f8p-65,3.02922308237081594e-20
12,181,0x1.7062eecddc7dfp-66,0x1.fc31d35427ff6p-314,0x1.7062eecddc7ep-66,1.95022166163091085e-20
12,182,0x1.d9b2e5b958ca5p-67,0x1.fc31d35427ff6p-314,0x1.d9b2e5b958ca6p-67,1.25387033050210959e-20
12,183,0x1.3026a57cb3b0dp-67,0x1.fc31d35427ff6p-314,0x1.3026a57cb3b0ep-67,8.05080894653968845e-21
12,184,0x1.860e41ee3b779p-68,0x1.fc31d35427ff6p-314,0x1.860e41ee3b77ap-68,5.16234411994448263e-21
12,185,0x1.f38f1fb3bbb7dp-69,0x1.fc31d35427ff6p-314,0x1.f38f1fb3bbb7ep-69,3.30580466976638153e-21
12,186,0x1.3f7a97c0845c9p-69,0x1.fc31d35427ff6p-314,0x1.3f7a97c0845cap-69,2.11413387235884373e-21
12,187,0x1.9816bef8cbd69p-70,0x1.fc31d35427ff6p-314,0x1.9816bef8cbd6ap-70,1.35025274463712125e-21
12,188,0x1.044babf1be5c1p-70,0x1.fc31d35427ff6p-314,0x1.044babf1be5c2p-70,8.61245870304748544e-22
12,189,0x1.4b9eb1ca5ee2ap-71,0x1.fc31d35427ff6p-314,0x1.4b9eb1ca5ee2bp-71,5.48619104642178057e-22
12,190,0x1.a5f005e108b6fp-72,0x1.fc31d35427ff6p-314,0x1.a5f005e108b7p-72,3.49018593913000430e-22
12,191,0x1.0c1413fbf8aebp-72,0x1.fc31d35427ff6p-314,0x1.0c1413fbf8aecp-72,2.21749279886432290e-22
12,192,0x1.543513d02814bp-73,0x1.fc31d35427ff6p-314,0x1.543513d02814cp-73,1.40706455290424157e-22
12,193,0x1.af2fe45b9f13ap-74,0x1.fc31d35427ff6p-314,0x1.af2fe45b9f13bp-74,8.91673978707016443e-23
12,194,0x1.10e5dbe66f2a2p-74,0x1.fc31d35427ff6p-314,0x1.10e5dbe66f2a3p-74,5.64339602629108302e-23
12,195,0x1.58fdf4e82e352p-75,0x1.fc31d35427ff6p-314,0x1.58fdf4e82e353p-75,3.56713386210434490e-23
12,196,0x1.b39394afe50d1p-76,0x1.fc31d35427ff6p-314,0x1.b39394afe50d2p-76,2.25187766108021785e-23
12,197,0x1.129fb9577d85p-76,0x1.fc31d35427ff6p-314,0x1.129fb9577d851p-76,1.41977239931245185e-23
12,198,0x1.59daa38804d81p-77,0x1.fc31d35427ff6p-314,0x1.59daa38804d82p-77,8.94011785552072539e-24
12,199,0x1.b302bf9045ca9p-78,0x1.fc31d35427ff6p-314,0x1.b302bf9045caap-78,5.62238197939403853e-24
12,200,0x1.113b687c5d96cp-78,0x1.fc31d35427ff6p-314,0x1.113b687c5d96dp-78,3.53144164539091869e-24
12,201,0x1.56cea304e2ad5p-79,0x1.fc31d35427ff6p-314,0x1.56cea304e2ad6p-79,2.21533944517509157e-24
12,202,0x1.ad9013ba0384ep-80,0x1.fc31d35427ff6p-314,0x1.ad9013ba0384fp-80,1.38799226900277715e-24
12,203,0x1.0ccd88bd1af31p-80,0x1.fc31d35427ff6p-314,0x1.0ccd88bd1af32p-80,8.68548909273620800e-25
12,204,0x1.4ffedc108bb1cp-81,0x1.fc31d35427ff6p-314,0x1.4ffedc108bb1dp-81,5.42830080225455486e-25
12,205,0x1.a3777716be0d3p-82,0x1.fc31d35427ff6p-314,0x1.a3777716be0d4p-82,3.38842470224643520e-25
12,206,0x1.0583fdd954dfep-82,0x1.fc31d35427ff6p-314,0x1.0583fdd954dffp-82,2.11250613017223377e-25
12,207,0x1.45aefc74d50bcp-83,0x1.fc31d35427ff6p-314,0x1.45aefc74d50bdp-83,1.31542534106333613e-25
12,208,0x1.951a04275d74fp-84,0x1.fc31d35427ff6p-314,0x1.951a04275d75p-84,8.18096218366416468e-26
12,209,0x1.f745fd0c3246dp-85,0x1.fc31d35427ff6p-314,0x1.f745fd0c3246ep-85,5.08176261046048691e-26
12,210,0x1.383d449c9bb2cp-85,0x1.fc31d35427ff6p-314,0x1.383d449c9bb2dp-85,3.15281150816558447e-26
12,211,0x1.82f82f1e3e733p-86,0x1.fc31d35427ff6p-314,0x1.82f82f1e3e734p-86,1.95369654771985975e-26
12,212,0x1.df0222b04857bp-87,0x1.fc31d35427ff6p-314,0x1.df0222b04857cp-87,1.20918705320181560e-26
12,213,0x1.281d1cab7f2d8p-87,0x1.fc31d35427ff6p-314,0x1.281d1cab7f2d9p-87,7.47496115828222704e-27
12,214,0x1.6daa8ca94ee7dp-88,0x1.fc31d35427ff6p-314,0x1.6daa8ca94ee7ep-88,4.61535642400125579e-27
12,215,0x1.c304932b4f666p-89,0x1.fc31d35427ff6p-314,0x1.c304932b4f667p-89,2.84632292552712476e-27
12,216,0x1.15d0dccf04473p-89,0x1.fc31d35427ff6p-314,0x1.15d0dccf04474p-89,1.75326462495411922e-27
12,217,0x1.55d9c6b95d53fp-90,0x1.fc31d35427ff6p-314,0x1.55d9c6b95d54p-90,1.07869057444464927e-27
12,218,0x1.a4263ca551d01p-91,0x1.fc31d35427ff6p-314,0x1.a4263ca551d02p-91,6.62878813460924471e-28
12,219,0x1.01e33c06784b3p-91,0x1.fc31d35427ff6p-314,0x1.01e33c06784b4p-91,4.06874945851087552e-28
12,220,0x1.3c3650bcf4126p-92,0x1.fc31d35427ff6p-314,0x1.3c3650bcf4127p-92,2.49447418246553450e-28
12,221,0x1.83466d8795ccfp-93,0x1.fc31d35427ff6p-314,0x1.83466d8795cdp-93,1.52753096444630553e-28
12,222,0x1.d9c1abedf6df7p-94,0x1.fc31d35427ff6p-314,0x1.d9c1abedf6df8p-94,9.34320012157558224e-29
12,223,0x1.21706564b4fb8p-94,0x1.fc31d35427ff6p-314,0x1.21706564b4fb9p-94,5.70817871833506670e-29
12,224,0x1.6140ff4a55bc7p-95,0x1.fc31d35427ff6p-314,0x1.6140ff4a55bc8p-95,3.48335234644227303e-29
12,225,0x1.aea4594ce8fb9p-96,0x1.fc31d35427ff6p-314,0x1.aea4594ce8fbap-96,2.12322892610793051e-29
12,226,0x1.0630c5f3912f8p-96,0x1.fc31d35427ff6p-314,0x1.0630c5f3912f9p-96,1.29269907088343480e-29
12,227,0x1.3ee5a09ad7abcp-97,0x1.fc31d35427ff6p-314,0x1.3ee5a09ad7abdp-97,7.86141755632835495e-30
12,228,0x1.836cf0469f31fp-98,0x1.fc31d35427ff6p-314,0x1.836cf0469f32p-98,4.77538848797596886e-30
12,229,0x1.d6253228b7645p-99,0x1.fc31d35427ff6p-314,0x1.d6253228b7646p-99,2.89749409589191924e-30
12,230,0x1.1cf0a8c9bf337p-99,0x1.fc31d35427ff6p-314,0x1.1cf0a8c9bf338p-99,1.75607879604645584e-30
12,231,0x1.58fefd54ccca2p-100,0x1.fc31d35427ff6p-314,0x1.58fefd54ccca3p-100,1.06310116675557250e-30
12,232,0x1.a13d50dcd411p-101,0x1.fc31d35427ff6p-314,0x1.a13d50dcd4111p-101,6.42859260914076348e-31
12,233,0x1.f80b6d534eeb3p-102,0x1.fc31d35427ff6p-314,0x1.f80b6d534eeb4p-102,3.88301863823556782e-31
12,234,0x1.301d2cdfddc25p-102,0x1.fc31d35427ff6p-314,0x1.301d2cdfddc26p-102,2.34280877435041229e-31
12,235,0x1.6e903820d7939p-103,0x1.fc31d35427ff6p-314,0x1.6e903820d793ap-103,1.41195068940325012e-31
12,236,0x1.b95869abb5df5p-104,0x1.fc31d35427ff6p-314,0x1.b95869abb5df6p-104,8.50000249277216812e-32
12,237,0x1.0965b2a175dfep-104,0x1.fc31d35427ff6p-314,0x1.0965b2a175dffp-104,5.11136524295600657e-32
12,238,0x1.3ed5689bbdc56p-105,0x1.fc31d35427ff6p-314,0x1.3ed5689bbdc57p-105,3.07025615188858915e-32
12,239,0x1.7e9b70bff3e14p-106,0x1.fc31d35427ff6p-314,0x1.7e9b70bff3e15p-106,1.84218660642801612e-32
12,240,0x1.caa1f1fdd88adp-107,0x1.fc31d35427ff6p-314,0x1.caa1f1fdd88aep-107,1.10411781925247710e-32
12,241,0x1.1294d09efe5fdp-107,0x1.fc31d35427ff6p-314,0x1.1294d09efe5fep-107,6.61030454791752172e-33
12,242,0x1.486c1fdf911c7p-108,0x1.fc31d35427ff6p-314,0x1.486c1fdf911c8p-108,3.95324037579148960e-33
12,243,0x1.8864b13b511d4p-109,0x1.fc31d35427ff6p-314,0x1.8864b13b511d5p-109,2.36163144673770609e-33
12,244,0x1.d450ec3c13548p-110,0x1.fc31d35427ff6p-314,0x1.d450ec3c13549p-110,1.40928751467788667e-33
12,245,0x1.1729848296323p-110,0x1.fc31d35427ff6p-314,0x1.1729848296324p-110,8.40073122380735556e-34
12,246,0x1.4c74fdc6664a3p-111,0x1.fc31d35427ff6p-314,0x1.4c74fdc6664a4p-111,5.00225692437137078e-34
12,247,0x1.8b802a955883p-112,0x1.fc31d35427ff6p-314,0x1.8b802a9558831p-112,2.97541618913387281e-34
12,248,0x1.d5feb1a678c87p-113,0x1.fc31d35427ff6p-314,0x1.d5feb1a678c88p-113,1.76792431290398287e-34
12,249,0x1.16f636d044d18p-113,0x1.fc31d35427ff6p-314,0x1.16f636d044d19p-113,1.04933756576376585e-34
12,250,0x1.4acc5b49f387ap-114,0x1.fc31d35427ff6p-314,0x1.4acc5b49f387bp-114,6.22162392393614450e-35
12,251,0x1.87d9a8ddb90e5p-115,0x1.fc31d35427ff6p-314,0x1.87d9a8ddb90e6p-115,3.68494188153634047e-35
12,252,0x1.cfada03e63f77p-116,0x1.fc31d35427ff6p-314,0x1.cfada03e63f78p-116,2.18020454281250376e-35
12,253,0x1.120beba55c9d5p-116,0x1.fc31d35427ff6p-314,0x1.120beba55c9d6p-116,1.28856075336013810e-35
12,254,0x1.4398d1c5ab45cp-117,0x1.fc31d35427ff6p-314,0x1.4398d1c5ab45dp-117,7.60772775379434100e-36
12,255,0x1.7db490151afb8p-118,0x1.fc31d35427ff6p-314,0x1.7db490151afb9p-118,4.48692451480791208e-36
12,256,0x1.c1c6de14070cbp-119,0x1.fc31d35427ff6p-314,0x1.c1c6de14070ccp-119,2.64355059132057681e-36
12,257,0x1.08b7a0afd359p-119,0x1.fc31d35427ff6p-314,0x1.08b7a0afd3591p-119,1.55586842792695031e-36
12,258,0x1.37469564d0f4bp-120,0x1.fc31d35427ff6p-314,0x1.37469564d0f4cp-120,9.14757117405993200e-37
12,259,0x1.6da495a197e8p-121,0x1.fc31d35427ff6p-314,0x1.6da495a197e81p-121,5.37263966246362154e-37
12,260,0x1.ad0fb179adbe5p-122,0x1.fc31d35427ff6p-314,0x1.ad0fb179adbe6p-122,3.15224460270055256e-37
12,261,0x1.f6f5a845d8183p-123,0x1.fc31d35427ff6p-314,0x1.f6f5a845d8184p-123,1.84758177245801348e-37
12,262,0x1.267d4ac052abfp-123,0x1.fc31d35427ff6p-314,0x1.267d4ac052acp-123,1.08178328680542874e-37
12,263,0x1.58803d0ff79afp-124,0x1.fc31d35427ff6p-314,0x1.58803d0ff79bp-124,6.32748279860719147e-38
12,264,0x1.9297de0fa1e98p-125,0x1.fc31d35427ff6p-314,0x1.9297de0fa1e99p-125,3.69723492227778482e-38
12,265,0x1.d6005c4647b89p-126,0x1.fc31d35427ff6p-314,0x1.d6005c4647b8ap-126,2.15814062492078436e-38
12,266,0x1.1211a1cf44beep-126,0x1.fc31d35427ff6p-314,0x1.1211a1cf44befp-126,1.25846255709051009e-38
12,267,0x1.3f4ec497e3e51p-127,0x1.fc31d35427ff6p-314,0x1.3f4ec497e3e52p-127,7.33094497201346532e-39
12,268,0x1.73a329db207edp-128,0x1.fc31d35427ff6p-314,0x1.73a329db207eep-128,4.26618763870412416e-39
12,269,0x1.b01b4aa04251dp-129,0x1.fc31d35427ff6p-314,0x1.b01b4aa04251ep-129,2.48017029303459844e-39
12,270,0x1.f5e8c63fd5e81p-130,0x1.fc31d35427ff6p-314,0x1.f5e8c63fd5e82p-130,1.44040897812710268e-39
12,271,0x1.2333918c5729ap-130,0x1.fc31d35427ff6p-314,0x1.2333918c5729bp-130,8.35707146600056822e-40
12,272,0x1.51908e51f4e0dp-131,0x1.fc31d35427ff6p-314,0x1.51908e51f4e0ep-131,4.84381548512960216e-40
12,273,0x1.86eb46b17b36fp-132,0x1.fc31d35427ff6p-314,0x1.86eb46b17b37p-132,2.80470661559562241e-40
12,274,0x1.c441822f1326bp-133,0x1.fc31d35427ff6p-314,0x1.c441822f1326cp-133,1.62238844907569889e-40
12,275,0x1.055945ce3b50fp-133,0x1.fc31d35427ff6p-314,0x1.055945ce3b51p-133,9.37542558590491783e-41
12,276,0x1.2dc1a0d0a5e2ep-134,0x1.fc31d35427ff6p-314,0x1.2dc1a0d0a5e2fp-134,5.41248926717519797e-41
12,277,0x1.5c114c57ccb91p-135,0x1.fc31d35427ff6p-314,0x1.5c114c57ccb92p-135,3.12157793878719837e-41
12,278,0x1.91174c8b172f1p-136,0x1.fc31d35427ff6p-314,0x1.91174c8b172f2p-136,1.79855430003675339e-41
12,279,0x1.cdbcf2581a697p-137,0x1.fc31d35427ff6p-314,0x1.cdbcf2581a698p-137,1.03525256391148520e-41
12,280,0x1.09847421ec0c2p-137,0x1.fc31d35427ff6p-314,0x1.09847421ec0c3p-137,5.95310593161116329e-42
12,281,0x1.311147e7f8c45p-138,0x1.fc31d35427ff6p-314,0x1.311147e7f8c46p-138,3.41992499280604328e-42
12,282,0x1.5e2adb410b2p-139,0x1.fc31d35427ff6p-314,0x1.5e2adb410b201p-139,1.96275620463777778e-42
12,283,0x1.918b5509c4e8ap-140,0x1.fc31d35427ff6p-314,0x1.918b5509c4e8bp-140,1.12536672753153097e-42
12,284,0x1.cc0359e4d05ddp-141,0x1.fc31d35427ff6p-314,0x1.cc0359e4d05dep-141,6.44615637175699612e-43
12,285,0x1.073e40dd82fc8p-141,0x1.fc31d35427ff6p-314,0x1.073e40dd82fc9p-141,3.68882260046304766e-43
12,286,0x1.2cfe04c7880afp-142,0x1.fc31d35427ff6p-314,0x1.2cfe04c7880bp-142,2.10889996155814877e-43
12,287,0x1.57d2e33297d97p-143,0x1.fc31d35427ff6p-314,0x1.57d2e33297d98p-143,1.20449933469095085e-43
12,288,0x1.885faf20a441fp-144,0x1.fc31d35427ff6p-314,0x1.885faf20a442p-144,6.87290944642842851e-44
12,289,0x1.bf59e63f764bfp-145,0x1.fc31d35427ff6p-314,0x1.bf59e63f764cp-145,3.91795316818812128e-44
12,290,0x1.fd8b9b842024bp-146,0x1.fc31d35427ff6p-314,0x1.fd8b9b842024cp-146,2.23132845275239226e-44
12,291,0x1.21eac68c2aba5p-146,0x1.fc31d35427ff6p-314,0x1.21eac68c2aba6p-146,1.26956367479376906e-44
12,292,0x1.4998b44db468fp-147,0x1.fc31d35427ff6p-314,0x1.4998b44db469p-147,7.21661048433502895e-45
12,293,0x1.765a206b637c3p-148,0x1.fc31d35427ff6p-314,0x1.765a206b637c4p-148,4.09827314723536853e-45
12,294,0x1.a8c89c113047dp-149,0x1.fc31d35427ff6p-314,0x1.a8c89c113047ep-149,2.32519004041012884e-45
12,295,0x1.e18e31680f4e1p-150,0x1.fc31d35427ff6p-314,0x1.e18e31680f4e2p-150,1.31797441503400858e-45
12,296,0x1.10b37943716e5p-150,0x1.fc31d35427ff6p-314,0x1.10b37943716e6p-150,7.46358572902932583e-46
12,297,0x1.349153f089798p-151,0x1.fc31d35427ff6p-314,0x1.349153f089799p-151,4.22261158229207741e-46
12,298,0x1.5cd34fff22721p-152,0x1.fc31d35427ff6p-314,0x1.5cd34fff22722p-152,2.38676051050199263e-46
12,299,0x1.89f7d126e3332p-153,0x1.fc31d35427ff6p-314,0x1.89f7d126e3333p-153,1.34781934242058671e-46
12,300,0x1.bc8a03768e993p-154,0x1.fc31d35427ff6p-314,0x1.bc8a03768e994p-154,7.60415014236257033e-47
12,301,0x1.f522fa9dbd55bp-155,0x1.fc31d35427ff6p-314,0x1.f522fa9dbd55cp-155,4.28614501515790984e-47
12,302,0x1.1a3572c4d300bp-155,0x1.fc31d35427ff6p-314,0x1.1a3572c4d300cp-155,2.41368855904072896e-47
12,303,0x1.3d8d2b9fd7cb1p-156,0x1.fc31d35427ff6p-314,0x1.3d8d2b9fd7cb2p-156,1.35798448148357159e-47
12,304,0x1.64fdd2ee7362dp-157,0x1.fc31d35427ff6p-314,0x1.64fdd2ee7362ep-157,7.63323425992779371e-48
12,305,0x1.90f6304debf38p-158,0x1.fc31d35427ff6p-314,0x1.90f6304debf39p-158,4.28670485552185408e-48
12,306,0x1.c1ef6edd4c01dp-159,0x1.fc31d35427ff6p-314,0x1.c1ef6edd4c01ep-159,2.40514230532282188e-48
12,307,0x1.f86df0885cf6p-160,0x1.fc31d35427ff6p-314,0x1.f86df0885cf61p-160,1.34822123666628742e-48
12,308,0x1.1a8117061a031p-160,0x1.fc31d35427ff6p-314,0x1.1a8117061a032p-160,7.55067410072753925e-49
12,309,0x1.3c24d207a6f2fp-161,0x1.fc31d35427ff6p-314,0x1.3c24d207a6f3p-161,4.22489035803830939e-49
12,310,0x1.6177e6cf14485p-162,0x1.fc31d35427ff6p-314,0x1.6177e6cf14486p-162,2.36184443437012314e-49
12,311,0x1.8ad796295a595p-163,0x1.fc31d35427ff6p-314,0x1.8ad796295a596p-163,1.31915015571769570e-49
12,312,0x1.b8a92f3062b9fp-164,0x1.fc31d35427ff6p-314,0x1.b8a92f3062bap-164,7.36114274553237015e-50
12,313,0x1.eb5aa159dc455p-165,0x1.fc31d35427ff6p-314,0x1.eb5aa159dc456p-165,4.10398030281835550e-50
12,314,0x1.11b18ace7963ep-165,0x1.fc31d35427ff6p-314,0x1.11b18ace7963fp-165,2.28599497827764072e-50
12,315,0x1.30a1c75a345b7p-166,0x1.fc31d35427ff6p-314,0x1.30a1c75a345b8p-166,1.27220237580753949e-50
12,316,0x1.52c3c83c6a93p-167,0x1.fc31d35427ff6p-314,0x1.52c3c83c6a931p-167,7.07373854109871550e-51
12,317,0x1.7862e722064efp-168,0x1.fc31d35427ff6p-314,0x1.7862e722064fp-168,3.92965673853129590e-51
12,318,0x1.a1d070217eaf9p-169,0x1.fc31d35427ff6p-314,0x1.a1d070217eafap-169,2.18109195016516272e-51
12,319,0x1.cf63ffc73d60bp-170,0x1.fc31d35427ff6p-314,0x1.cf63ffc73d60cp-170,1.20950595746595511e-51
12,320,0x1.00bdf235692ffp-170,0x1.fc31d35427ff6p-314,0x1.00bdf235693p-170,6.70127828014236482e-52
12,321,0x1.1c3ec1556c9dp-171,0x1.fc31d35427ff6p-314,0x1.1c3ec1556c9d1p-171,3.70957213196677318e-52
12,322,0x1.3a6ade72be54dp-172,0x1.fc31d35427ff6p-314,0x1.3a6ade72be54ep-172,2.05166963561123713e-52
12,323,0x1.5b7caebd84b9p-173,0x1.fc31d35427ff6p-314,0x1.5b7caebd84b91p-173,1.13372937166636051e-52
12,324,0x1.7fb2c1cf81979p-174,0x1.fc31d35427ff6p-314,0x1.7fb2c1cf8197ap-174,6.25937008596166671e-53
12,325,0x1.a750093959bb7p-175,0x1.fc31d35427ff6p-314,0x1.a750093959bb8p-175,3.45280483253705875e-53
12,326,0x1.d29c110d18fb5p-176,0x1.fc31d35427ff6p-314,0x1.d29c110d18fb6p-176,1.90298121078238084e-53
12,327,0x1.00f19c9ca1456p-176,0x1.fc31d35427ff6p-314,0x1.00f19c9ca1457p-176,1.04789781236406215e-53
12,328,0x1.1abb77c12969ep-177,0x1.fc31d35427ff6p-314,0x1.1abb77c12969fp-177,5.76535723350882089e-54
12,329,0x1.36d6f4f180c7dp-178,0x1.fc31d35427ff6p-314,0x1.36d6f4f180c7ep-178,3.16925550056988741e-54
12,330,0x1.5572308ae8bb8p-179,0x1.fc31d35427ff6p-314,0x1.5572308ae8bb9p-179,1.74065582541893065e-54
12,331,0x1.76be25824b231p-180,0x1.fc31d35427ff6p-314,0x1.76be25824b232p-180,9.55199455133785049e-55
12,332,0x1.9aeeca6a4dcafp-181,0x1.fc31d35427ff6p-314,0x1.9aeeca6a4dcbp-181,5.23722945314068719e-55
12,333,0x1.c23b2e1fff49dp-182,0x1.fc31d35427ff6p-314,0x1.c23b2e1fff49ep-182,2.86903855658949148e-55
12,334,0x1.ecdd93f35bb79p-183,0x1.fc31d35427ff6p-314,0x1.ecdd93f35bb7ap-183,1.57036020626775474e-55
12,335,0x1.0d89c78eeb4bap-183,0x1.fc31d35427ff6p-314,0x1.0d89c78eeb4bbp-183,8.58798256361422493e-56
12,336,0x1.268f0eab07f49p-184,0x1.fc31d35427ff6p-314,0x1.268f0eab07f4ap-184,4.69259269619194850e-56
12,337,0x1.41a0e0266ec75p-185,0x1.fc31d35427ff6p-314,0x1.41a0e0266ec76p-185,2.56191817352874490e-56
12,338,0x1.5ee34aee73b5bp-186,0x1.fc31d35427ff6p-314,0x1.5ee34aee73b5cp-186,1.39749153711789244e-56
12,339,0x1.7e7c3759a2439p-187,0x1.fc31d35427ff6p-314,0x1.7e7c3759a243ap-187,7.61667636792790713e-57
12,340,0x1.a093719a68751p-188,0x1.fc31d35427ff6p-314,0x1.a093719a68752p-188,4.14777362385439378e-57
12,341,0x1.c552b330b8207p-189,0x1.fc31d35427ff6p-314,0x1.c552b330b8208p-189,2.25682899647161973e-57
12,342,0x1.ece5ab3a08badp-190,0x1.fc31d35427ff6p-314,0x1.ece5ab3a08baep-190,1.22692258291593832e-57
12,343,0x1.0bbd02bf09357p-190,0x1.fc31d35427ff6p-314,0x1.0bbd02bf09358p-190,6.66455870183027451e-58
12,344,0x1.229fb80ad4657p-191,0x1.fc31d35427ff6p-314,0x1.229fb80ad4658p-191,3.61711396467313323e-58
12,345,0x1.3b33cfc426908p-192,0x1.fc31d35427ff6p-314,0x1.3b33cfc426909p-192,1.96150928243269704e-58
12,346,0x1.5593289e34973p-193,0x1.fc31d35427ff6p-314,0x1.5593289e34974p-193,1.06281271935674421e-58
12,347,0x1.71d8a60ad56e1p-194,0x1.fc31d35427ff6p-314,0x1.71d8a60ad56e2p-194,5.75389768333090392e-59
12,348,0x1.90202f8e55193p-195,0x1.fc31d35427ff6p-314,0x1.90202f8e55194p-195,3.11248562970632165e-59
12,349,0x1.b086af057a2ep-196,0x1.fc31d35427ff6p-314,0x1.b086af057a2e1p-196,1.68226036179419023e-59
12,350,0x1.d32a0dcb5a319p-197,0x1.fc31d35427ff6p-314,0x1.d32a0dcb5a31ap-197,9.08490752517672414e-60
12,351,0x1.f82930acc9d15p-198,0x1.fc31d35427ff6p-314,0x1.f82930acc9d16p-198,4.90218902624357779e-60
12,352,0x1.0fd1f94bc2b54p-198,0x1.fc31d35427ff6p-314,0x1.0fd1f94bc2b55p-198,2.64303331395610667e-60
12,353,0x1.24dd8ef9cfe8p-199,0x1.fc31d35427ff6p-314,0x1.24dd8ef9cfe81p-199,1.42383300774215945e-60
12,354,0x1.3b48324b2cfbbp-200,0x1.fc31d35427ff6p-314,0x1.3b48324b2cfbcp-200,7.66408129391114816e-61
12,355,0x1.53232b1f1fce9p-201,0x1.fc31d35427ff6p-314,0x1.53232b1f1fceap-201,4.12198647793691892e-61
12,356,0x1.6c802ac4a31c6p-202,0x1.fc31d35427ff6p-314,0x1.6c802ac4a31c7p-202,2.21513000962462206e-61
12,357,0x1.877145ab562cfp-203,0x1.fc31d35427ff6p-314,0x1.877145ab562dp-203,1.18942991551524921e-61
12,358,0x1.a408ec43c7133p-204,0x1.fc31d35427ff6p-314,0x1.a408ec43c7134p-204,6.38155107570584876e-62
12,359,0x1.c259e3093a0b5p-205,0x1.fc31d35427ff6p-314,0x1.c259e3093a0b6p-205,3.42107165961166647e-62
12,360,0x1.e27739afd176dp-206,0x1.fc31d35427ff6p-314,0x1.e27739afd176ep-206,1.83251438682577881e-62
12,361,0x1.023a20b966db9p-206,0x1.fc31d35427ff6p-314,0x1.023a20b966dbap-206,9.80805023765923537e-63
12,362,0x1.1432413fc23b7p-207,0x1.fc31d35427ff6p-314,0x1.1432413fc23b8p-207,5.24528150979489409e-63
12,363,0x1.272dd83d5566bp-208,0x1.fc31d35427ff6p-314,0x1.272dd83d5566cp-208,2.80289295890743328e-63
12,364,0x1.3b36cf0f4e983p-209,0x1.fc31d35427ff6p-314,0x1.3b36cf0f4e984p-209,1.49656840615413895e-63
12,365,0x1.505717f939b93p-210,0x1.fc31d35427ff6p-314,0x1.505717f939b94p-210,7.98435311368228983e-64
12,366,0x1.6698a70d6fd77p-211,0x1.fc31d35427ff6p-314,0x1.6698a70d6fd78p-211,4.25634431338819646e-64
12,367,0x1.7e056aa38fd68p-212,0x1.fc31d35427ff6p-314,0x1.7e056aa38fd69p-212,2.26719236887014478e-64
12,368,0x1.96a7435ecda5fp-213,0x1.fc31d35427ff6p-314,0x1.96a7435ecda6p-213,1.20668895012339785e-64
12,369,0x1.b087fbc6965ebp-214,0x1.fc31d35427ff6p-314,0x1.b087fbc6965ecp-214,6.41738933511768343e-65
12,370,0x1.cbb13f74bfbfcp-215,0x1.fc31d35427ff6p-314,0x1.cbb13f74bfbfdp-215,3.41018756593170294e-65
12,371,0x1.e82c91dd368edp-216,0x1.fc31d35427ff6p-314,0x1.e82c91dd368eep-216,1.81073837695888074e-65
12,372,0x1.0301a259f08a9p-216,0x1.fc31d35427ff6p-314,0x1.0301a259f08aap-216,9.60708070874017707e-66
12,373,0x1.129f36fb18039p-217,0x1.fc31d35427ff6p-314,0x1.129f36fb1803ap-217,5.09314680925499890e-66
12,374,0x1.22f36ecf4fc72p-218,0x1.fc31d35427ff6p-314,0x1.22f36ecf4fc73p-218,2.69799225834562205e-66
12,375,0x1.34028984994f9p-219,0x1.fc31d35427ff6p-314,0x1.34028984994fap-219,1.42809031978216507e-66
12,376,0x1.45d099085e569p-220,0x1.fc31d35427ff6p-314,0x1.45d099085e56ap-220,7.55321493946327589e-67
12,377,0x1.58617bf6c7e97p-221,0x1.fc31d35427ff6p-314,0x1.58617bf6c7e98p-221,3.99181054169556647e-67
12,378,0x1.6bb8d7ef77e6dp-222,0x1.fc31d35427ff6p-314,0x1.6bb8d7ef77e6ep-222,2.10800007208154011e-67
12,379,0x1.7fda13d4b2ccbp-223,0x1.fc31d35427ff6p-314,0x1.7fda13d4b2cccp-223,1.11233257731445021e-67
12,380,0x1.94c851fa650c1p-224,0x1.fc31d35427ff6p-314,0x1.94c851fa650c2p-224,5.86492867960633360e-68
12,381,0x1.aa866a4ac86edp-225,0x1.fc31d35427ff6p-314,0x1.aa866a4ac86eep-225,3.08997924552380234e-68
12,382,0x1.c116e466c2b8fp-226,0x1.fc31d35427ff6p-314,0x1.c116e466c2b9p-226,1.62672387560922200e-68
12,383,0x1.d87bf1c8664bbp-227,0x1.fc31d35427ff6p-314,0x1.d87bf1c8664bcp-227,8.55732981049470673e-69
12,384,0x1.f0b767ee47181p-228,0x1.fc31d35427ff6p-314,0x1.f0b767ee47182p-228,4.49810457970823833e-69
12,385,0x1.04e55d4b4c93fp-228,0x1.fc31d35427ff6p-314,0x1.04e55d4b4c94p-228,2.36259003968323736e-69
12,386,0x1.11db7b08a4b1dp-229,0x1.fc31d35427ff6p-314,0x1.11db7b08a4b1ep-229,1.23998211981335365e-69
12,387,0x1.1f3e5cd83a46ap-230,0x1.fc31d35427ff6p-314,0x1.1f3e5cd83a46bp-230,6.50296474262857518e-70
12,388,0x1.2d0e192f656b5p-231,0x1.fc31d35427ff6p-314,0x1.2d0e192f656b6p-231,3.40782264403308459e-70
12,389,0x1.3b4a8ab1c8b6fp-232,0x1.fc31d35427ff6p-314,0x1.3b4a8ab1c8b7p-232,1.78448483230319822e-70
12,390,0x1.49f34dae0220bp-233,0x1.fc31d35427ff6p-314,0x1.49f34dae0220cp-233,9.33726553435022793e-71
12,391,0x1.5907bdb8f78bep-234,0x1.fc31d35427ff6p-314,0x1.5907bdb8f78bfp-234,4.88200486567439616e-71
12,392,0x1.6886f36ba819dp-235,0x1.fc31d35427ff6p-314,0x1.6886f36ba819ep-235,2.55063920775592983e-71
12,393,0x1.786fc24767566p-236,0x1.fc31d35427ff6p-314,0x1.786fc24767567p-236,1.33159713464746212e-71
12,394,0x1.88c0b6c45c0c5p-237,0x1.fc31d35427ff6p-314,0x1.88c0b6c45c0c6p-237,6.94656877484212281e-72
12,395,0x1.9978148e0b713p-238,0x1.fc31d35427ff6p-314,0x1.9978148e0b714p-238,3.62111370415271925e-72
12,396,0x1.aa93d4f1a1e6ep-239,0x1.fc31d35427ff6p-314,0x1.aa93d4f1a1e6fp-239,1.88620539678154933e-72
12,397,0x1.bc11a5818ceb5p-240,0x1.fc31d35427ff6p-314,0x1.bc11a5818ceb6p-240,9.81773860864038859e-73
12,398,0x1.cdeee6f1d5d1p-241,0x1.fc31d35427ff6p-314,0x1.cdeee6f1d5d11p-241,5.10634633620129664e-73
12,399,0x1.e028ac3082b1cp-242,0x1.fc31d35427ff6p-314,0x1.e028ac3082b1dp-242,2.65390911902637910e-73
12,400,0x1.f2bbb9bd128aap-243,0x1.fc31d35427ff6p-314,0x1.f2bbb9bd128abp-243,1.37828635771044090e-73
12,401,0x1.02d242a0f977bp-243,0x1.fc31d35427ff6p-314,0x1.02d242a0f977cp-243,7.15271879810580227e-74
12,402,0x1.0c6f9ab948a4dp-244,0x1.fc31d35427ff6p-314,0x1.0c6f9ab948a4ep-244,3.70921304093067655e-74
12,403,0x1.1633d11833aa5p-245,0x1.fc31d35427ff6p-314,0x1.1633d11833aa6p-245,1.92208231917659436e-74
12,404,0x1.201caa7c8d6a2p-246,0x1.fc31d35427ff6p-314,0x1.201caa7c8d6a3p-246,9.95273436435043543e-75
12,405,0x1.2a27c4cfbed01p-247,0x1.fc31d35427ff6p-314,0x1.2a27c4cfbed02p-247,5.14983966208908540e-75
12,406,0x1.345297a8718f4p-248,0x1.fc31d35427ff6p-314,0x1.345297a8718f5p-248,2.66272617281532005e-75
12,407,0x1.3e9a74f3f9873p-249,0x1.fc31d35427ff6p-314,0x1.3e9a74f3f9874p-249,1.37575610372043362e-75
12,408,0x1.48fc89c6e06cdp-250,0x1.fc31d35427ff6p-314,0x1.48fc89c6e06cep-250,7.10295667594820859e-76
12,409,0x1.5375df54c9badp-251,0x1.fc31d35427ff6p-314,0x1.5375df54c9baep-251,3.66454696138605533e-76
12,410,0x1.5e035c0fb438bp-252,0x1.fc31d35427ff6p-314,0x1.5e035c0fb438cp-252,1.88923270687166570e-76
12,411,0x1.68a1c4ee6d0a4p-253,0x1.fc31d35427ff6p-314,0x1.68a1c4ee6d0a5p-253,9.73274366040761977e-77
12,412,0x1.734dbed9d56d1p-254,0x1.fc31d35427ff6p-314,0x1.734dbed9d56d2p-254,5.01037700213205598e-77
12,413,0x1.7e03d04069283p-255,0x1.fc31d35427ff6p-314,0x1.7e03d04069284p-255,2.57745705938812521e-77
12,414,0x1.88c062cf40051p-256,0x1.fc31d35427ff6p-314,0x1.88c062cf40052p-256,1.32494852378476363e-77
12,415,0x1.937fc54f910aep-257,0x1.fc31d35427ff6p-314,0x1.937fc54f910afp-257,6.80602788684956449e-78
12,416,0x1.9e3e2da78ad8dp-258,0x1.fc31d35427ff6p-314,0x1.9e3e2da78ad8ep-258,3.49362438487380938e-78
12,417,0x1.a8f7bafd21acep-259,0x1.fc31d35427ff6p-314,0x1.a8f7bafd21acfp-259,1.79203743238550417e-78
12,418,0x1.b3a877f941e64p-260,0x1.fc31d35427ff6p-314,0x1.b3a877f941e65p-260,9.18558744361937837e-79
12,419,0x1.be4c5d29a52e7p-261,0x1.fc31d35427ff6p-314,0x1.be4c5d29a52e9p-261,4.70496498395282347e-79
12,420,0x1.c8df537f599bep-262,0x1.fc31d35427ff6p-314,0x1.c8df537f599c1p-262,2.40821946817620080e-79
12,421,0x1.d35d36e7dd111p-263,0x1.fc31d35427ff6p-314,0x1.d35d36e7dd116p-263,1.23176126363333695e-79
12,422,0x1.ddc1d8fe84568p-264,0x1.fc31d35427ff6p-314,0x1.ddc1d8fe84571p-264,6.29576394222763600e-80
12,423,0x1.e80903d3bd1a7p-265,0x1.fc31d35427ff6p-314,0x1.e80903d3bd1b8p-265,3.21560239754714397e-80
12,424,0x1.f22e7cc794b9bp-266,0x1.fc31d35427ff6p-314,0x1.f22e7cc794bbcp-266,1.64122779659902682e-80
12,425,0x1.fc2e0774cb453p-267,0x1.fc31d35427ff6p-314,0x1.fc2e0774cb494p-267,8.37083133714288721e-81
12,426,0x1.0301b454cdab2p-267,0x1.fc31d35427ff6p-314,0x1.0301b454cdaf3p-267,4.26640540008796367e-81
12,427,0x1.07d534b5a1e3fp-268,0x1.fc31d35427ff6p-314,0x1.07d534b5a1ebfp-268,2.17295154383944190e-81
12,428,0x1.0c8f6d00a47ap-269,0x1.fc31d35427ff6p-314,0x1.0c8f6d00a489fp-269,1.10594351130470273e-81
12,429,0x1.112e4a82a7b0dp-270,0x1.fc31d35427ff6p-314,0x1.112e4a82a7d0ap-270,5.62485610453321797e-82
12,430,0x1.15afc13a3265ep-271,0x1.fc31d35427ff6p-314,0x1.15afc13a32a57p-271,2.85881493523070811e-82
12,431,0x1.1a11cd5f3cc83p-272,0x1.fc31d35427ff6p-314,0x1.1a11cd5f3d475p-272,1.45196920127391131e-82
12,432,0x1.1e5274e86898ep-273,0x1.fc31d35427ff6p-314,0x1.1e5274e869971p-273,7.36929740107055137e-83
12,433,0x1.226fc90c12e4fp-274,0x1.fc31d35427ff6p-314,0x1.226fc90c14e13p-274,3.73759860273928931e-83
12,434,0x1.2667e7bba0054p-275,0x1.fc31d35427ff6p-314,0x1.2667e7bba3fdbp-275,1.89433902563563790e-83
12,435,0x1.2a38fd1765cedp-276,0x1.fc31d35427ff6p-314,0x1.2a38fd176dbfap-276,9.59448793176795471e-84
12,436,0x1.2de144d99dbecp-277,0x1.fc31d35427ff6p-314,0x1.2de144d9ada06p-277,4.85607644640268238e-84
12,437,0x1.315f0bb6d0c31p-278,0x1.fc31d35427ff6p-314,0x1.315f0bb6f0864p-278,2.45611908026035038e-84
12,438,0x1.34b0b0b2387bp-279,0x1.fc31d35427ff6p-314,0x1.34b0b0b278015p-279,1.24140668919031445e-84
12,439,0x1.37d4a6649e20fp-280,0x1.fc31d35427ff6p-314,0x1.37d4a6651d2d7p-280,6.27018086339531650e-85
12,440,0x1.3ac974344dbdbp-281,0x1.fc31d35427ff6p-314,0x1.3ac974354bd6bp-281,3.16481220260996839e-85
12,441,0x1.3d8db77cc4841p-282,0x1.fc31d35427ff6p-314,0x1.3d8db77ec0b5fp-282,1.59631381521551007e-85
12,442,0x1.402024a4d36cbp-283,0x1.fc31d35427ff6p-314,0x1.402024a8cbd06p-283,8.04621461306661648e-86
12,443,0x1.427f882202de3p-284,0x1.fc31d35427ff6p-314,0x1.427f8829f3a59p-284,4.05292458499890330e-86
12,444,0x1.44aac7681912p-285,0x1.fc31d35427ff6p-314,0x1.44aac777faa0bp-285,2.04009109657562648e-86
12,445,0x1.46a0e1c3ba702p-286,0x1.fc31d35427ff6p-314,0x1.46a0e1e37d8d6p-286,1.02620772716962224e-86
12,446,0x1.4860f11f3067cp-287,0x1.fc31d35427ff6p-314,0x1.4860f15eb6a24p-287,5.15853327015923633e-87
12,447,0x1.49ea2ab0763ffp-288,0x1.fc31d35427ff6p-314,0x1.49ea2b2f82b4dp-288,2.59133152515796434e-87
12,448,0x1.4b3bdf8fb8fb6p-289,0x1.fc31d35427ff6p-314,0x1.4b3be08dd1e52p-289,1.30084652021869062e-87
12,449,0x1.4c557d35794d5p-290,0x1.fc31d35427ff6p-314,0x1.4c557f31ab20bp-290,6.52583412247231284e-88
12,450,0x1.4d368ddf6903bp-291,0x1.fc31d35427ff6p-314,0x1.4d3691d7ccaa7p-291,3.27154912096015696e-88
12,451,0x1.4ddeb8dada028p-292,0x1.fc31d35427ff6p-314,0x1.4ddec0cba14fep-292,1.63899967012648877e-88
12,452,0x1.4e4dc2b2f9a9fp-293,0x1.fc31d35427ff6p-314,0x1.4e4dd2948844ap-293,8.20564777286055239e-89
12,453,0x1.4e838d3fcff4dp-294,0x1.fc31d35427ff6p-314,0x1.4e83ad02ed2a2p-294,4.10540563079392853e-89
12,454,0x1.4e80179076198p-295,0x1.fc31d35427ff6p-314,0x1.4e805716b0841p-295,2.05262285959329458e-89
12,455,0x1.4e437da61701bp-296,0x1.fc31d35427ff6p-314,0x1.4e43fcb28bd6dp-296,1.02558809248584842e-89
12,456,0x1.4dcdf7ebf0a23p-297,0x1.fc31d35427ff6p-314,0x1.4dcef604da4c5p-297,5.12092762059394636e-90
12,457,0x1.4d1fda46c7421p-298,0x1.fc31d35427ff6p-314,0x1.4d21d6789a964p-298,2.55527656581680625e-90
12,458,0x1.4c399274acfa5p-299,0x1.fc31d35427ff6p-314,0x1.4c3d8ad853a2bp-299,1.27421810612948395e-90
12,459,0x1.4b1ba536fcdb9p-300,0x1.fc31d35427ff6p-314,0x1.4b2395fe4a2c4p-300,6.34997006897881451e-91
12,460,0x1.49c6a94ab5cb7p-301,0x1.fc31d35427ff6p-314,0x1.49d68ad9506ccp-301,3.16251141822295042e-91
12,461,0x1.483b3e58bd82p-302,0x1.fc31d35427ff6p-314,0x1.485b0175f2c49p-302,1.57414823765083734e-91
12,462,0x1.4679fc73efb91p-303,0x1.fc31d35427ff6p-314,0x1.46b982ae5a3e2p-303,7.83164963703508190e-92
12,463,0x1.448355d6f66b4p-304,0x1.fc31d35427ff6p-314,0x1.4502624bcb755p-304,3.89526633681858168e-92
12,464,0x1.42575f52f883bp-305,0x1.fc31d35427ff6p-314,0x1.4355783ca297cp-305,1.93759297887151384e-92
12,465,0x1.3ff56a6c24ef7p-306,0x1.fc31d35427ff6p-314,0x1.41f19c3f79178p-306,9.64631443888747569e-93
12,466,0x1.3d5b4b54d8469p-307,0x1.fc31d35427ff6p-314,0x1.4153aefb8096ap-307,4.81391519130025145e-93
12,467,0x1.3a840797320ebp-308,0x1.fc31d35427ff6p-314,0x1.4274cee482aecp-308,2.41541752086006574e-93
12,468,0x1.376577ea7e9fdp-309,0x1.fc31d35427ff6p-314,0x1.474706851fdfep-309,1.22576565394357274e-93
12,469,0x1.33ec13ebd211fp-310,0x1.fc31d35427ff6p-314,0x1.53af31211491fp-310,6.36116863426476882e-94
12,470,0x1.2ff398a2e28adp-311,0x1.fc31d35427ff6p-314,0x1.6f79d30d678adp-311,3.44080624529658456e-94
12,471,0x1.2b3a729b28e45p-312,0x1.fc31d35427ff6p-314,0x1.aa46e77032e43p-312,1.99569080616660925e-94
12,472,0x1.254ccb0e79584p-313,0x1.fc31d35427ff6p-314,0x1.11b2da5c46ac1p-312,1.28136847187415192e-94
12,473,0x1.1d6312f719c31p-314,0x1.fc31d35427ff6p-314,0x1.8cca7325a0e15p-313,9.28823098714406187e-95
12,474,0x1.122ff96e0b1eap-315,0x1.fc31d35427ff6p-314,0x1.42a4e80596c77p-313,7.55257780001194639e-95
12,475,0x1.019e1791b4889p-316,0x1.fc31d35427ff6p-314,0x1.1e4cac9c4a90dp-313,6.70180820418624999e-95
12,476,0x1.d11d8aa88e40dp-318,0x1.fc31d35427ff6p-314,0x1.0ca1d5ff5871cp-313,6.28824442925584349e-95
12,477,0x1.85bd777ff00cfp-319,0x1.fc31d35427ff6p-314,0x1.042fdf8813bffp-313,6.09055673548631519e-95
12,478,0x1.18fa92db46676p-320,0x1.fc31d35427ff6p-314,0x1.004adecfca8c9p-313,5.99939180403299982e-95
12,479,0x1.16da67a4a53f5p-322,0x1.fc31d35427ff6p-314,0x1.fd48adbbcca4bp-314,5.96075599242402246e-95
12,480,0x0p+0,0x1.fc31d35427ff6p-314,0x1.fc31d35427ff6p-314,5.94800696732098637e-95
13,0,0x1.82ef5e7dae5cfp+5,0x1.85a68abd57523p-203,0x1.82ef5e7dae5dp+5,4.83668794459186984e+01
13,1,0x1.7aef63a318d41p+5,0x1.85a68abd57523p-203,0x1.7aef63a318d42p+5,4.73668892614318935e+01
13,2,0x1.72ef7110a341p+5,0x1.85a68abd57523p-203,0x1.72ef7110a3411p+5,4.63669148731061185e+01
13,3,0x1.6aef8d8c7ec7fp+5,0x1.85a68abd57523p-203,0x1.6aef8d8c7ec8p+5,4.53669692016783301e+01
13,4,0x1.62efc355f2224p+5,0x1.85a68abd57523p-203,0x1.62efc355f2225p+5,4.43670717920797770e+01
13,5,0x1.5af0214b1b50cp+5,0x1.85a68abd57523p-203,0x1.5af0214b1b50dp+5,4.33672510020934183e+01
13,6,0x1.52f0bc45ce9f2p+5,0x1.85a68abd57523p-203,0x1.52f0bc45ce9f3p+5,4.23675466016465165e+01
13,7,0x1.4af1b0b08c6c5p+5,0x1.85a68abd57523p-203,0x1.4af1b0b08c6c6p+5,4.13680127899984171e+01
13,8,0x1.42f3245279d8dp+5,0x1.85a68abd57523p-203,0x1.42f3245279d8ep+5,4.03687216227946095e+01
13,9,0x1.3af5484ef74fbp+5,0x1.85a68abd57523p-203,0x1.3af5484ef74fcp+5,3.93697668236945617e+01
13,10,0x1.32f85b52edbeep+5,0x1.85a68abd57523p-203,0x1.32f85b52edbefp+5,3.83712679365925098e+01
13,11,0x1.2afcabe752a4ap+5,0x1.85a68abd57523p-203,0x1.2afcabe752a4bp+5,3.73733747551055657e+01
13,12,0x1.23029addd0f59p+5,0x1.85a68abd57523p-203,0x1.23029addd0f5ap+5,3.63762719468492861e+01
13,13,0x1.1b0a9dca17d1cp+5,0x1.85a68abd57523p-203,0x1.1b0a9dca17d1dp+5,3.53801837719458732e+01
13,14,0x1.1315417826ab3p+5,0x1.85a68abd57523p-203,0x1.1315417826ab4p+5,3.43853787791062189e+01
13,15,0x1.0b232c4e263f6p+5,0x1.85a68abd57523p-203,0x1.0b232c4e263f7p+5,3.33921743493482879e+01
13,16,0x1.03352087110a5p+5,0x1.85a68abd57523p-203,0x1.03352087110a6p+5,3.24009409477305752e+01
13,17,0x1.f697fc6565a79p+4,0x1.85a68abd57523p-203,0x1.f697fc6565a7ap+4,3.14121059380363263e+01
13,18,0x1.e6d189cedc848p+4,0x1.85a68abd57523p-203,0x1.e6d189cedc849p+4,3.04261568146251058e+01
13,19,0x1.d7192a25963e3p+4,0x1.85a68abd57523p-203,0x1.d7192a25963e4p+4,2.94436437099683559e+01
13,20,0x1.c77161ae265a7p+4,0x1.85a68abd57523p-203,0x1.c77161ae265a8p+4,2.84651810457923204e+01
13,21,0x1.b7dcf8cc6375dp+4,0x1.85a68abd57523p-203,0x1.b7dcf8cc6375ep+4,2.74914482101370297e+01
13,22,0x1.a85efb992f956p+4,0x1.85a68abd57523p-203,0x1.a85efb992f957p+4,2.65231891616652682e+01
13,23,0x1.98fab84402a69p+4,0x1.85a68abd57523p-203,0x1.98fab84402a6ap+4,2.55612108856825344e+01
13,24,0x1.89b3bc330e664p+4,0x1.85a68abd57523p-203,0x1.89b3bc330e665p+4,2.46063806528458322e+01
13,25,0x1.7a8dcfdc9f3cbp+4,0x1.85a68abd57523p-203,0x1.7a8dcfdc9f3ccp+4,2.36596220605895695e+01
13,26,0x1.6b8cf15c95f15p+4,0x1.85a68abd57523p-203,0x1.6b8cf15c95f16p+4,2.27219098679189173e+01
13,27,0x1.5cb54dd133ebp+4,0x1.85a68abd57523p-203,0x1.5cb54dd133eb1p+4,2.17942636653885451e+01
13,28,0x1.4e0b3992af0fep+4,0x1.85a68abd57523p-203,0x1.4e0b3992af0ffp+4,2.08777404527509098e+01
13,29,0x1.3f932760d4edp+4,0x1.85a68abd57523p-203,0x1.3f932760d4ed1p+4,1.99734262258996900e+01
13,30,0x1.31519ea92cb04p+4,0x1.85a68abd57523p-203,0x1.31519ea92cb05p+4,1.90824267013913591e+01
13,31,0x1.234b310e49b22p+4,0x1.85a68abd57523p-203,0x1.234b310e49b23p+4,1.82058573301429867e+01
13,32,0x1.15846f5e2b02dp+4,0x1.85a68abd57523p-203,0x1.15846f5e2b02ep+4,1.73448327711523049e+01
13,33,0x1.0801de2970971p+4,0x1.85a68abd57523p-203,0x1.0801de2970972p+4,1.65004560106985494e+01
13,34,0x1.f58fd45f8279p+3,0x1.85a68abd57523p-203,0x1.f58fd45f82791p+3,1.56738073220656435e+01
13,35,0x1.dbb5b9adcdce7p+3,0x1.85a68abd57523p-203,0x1.dbb5b9adcdce8p+3,1.48659332651718188e+01
13,36,0x1.c27da1c3cea41p+3,0x1.85a68abd57523p-203,0x1.c27da1c3cea42p+3,1.40778359245642868e+01
13,37,0x1.a9ef4f377f373p+3,0x1.85a68abd57523p-203,0x1.a9ef4f377f374p+3,1.33104625781940982e+01
13,38,0x1.9211fd4d00251p+3,0x1.85a68abd57523p-203,0x1.9211fd4d00252p+3,1.25646959785382570e+01
13,39,0x1.7aec4d36e2863p+3,0x1.85a68abd57523p-203,0x1.7aec4d36e2864p+3,1.18413454124422017e+01
13,40,0x1.64843547a8c7cp+3,0x1.85a68abd57523p-203,0x1.64843547a8c7dp+3,1.11411386870952303e+01
13,41,0x1.4edef257cb7c1p+3,0x1.85a68abd57523p-203,0x1.4edef257cb7c2p+3,1.04647151674979604e+01
13,42,0x1.3a00fb9674d72p+3,0x1.85a68abd57523p-203,0x1.3a00fb9674d73p+3,9.81261996637360845e+00
13,43,0x1.25edf8ed3200dp+3,0x1.85a68abd57523p-203,0x1.25edf8ed3200ep+3,9.18529936148845749e+00
13,44,0x1.12a8bc107855dp+3,0x1.85a68abd57523p-203,0x1.12a8bc107855ep+3,8.58309748856362020e+00
13,45,0x1.00333c4876e11p+3,0x1.85a68abd57523p-203,0x1.00333c4876e12p+3,8.00625433114240437e+00
13,46,0x1.dd1d29df4909cp+2,0x1.85a68abd57523p-203,0x1.dd1d29df4909dp+2,7.45490500264363920e+00
13,47,0x1.bb760d2e5690cp+2,0x1.85a68abd57523p-203,0x1.bb760d2e5690dp+2,6.92908029103479084e+00
13,48,0x1.9b6ff56a0f543p+2,0x1.85a68abd57523p-203,0x1.9b6ff56a0f544p+2,6.42870841367158974e+00
13,49,0x1.7d08136962b1ep+2,0x1.85a68abd57523p-203,0x1.7d08136962b1fp+2,5.95361790935092383e+00
13,50,0x1.603a067339c81p+2,0x1.85a68abd57523p-203,0x1.603a067339c82p+2,5.50354157688627943e+00
13,51,0x1.44fff0b60192fp+2,0x1.85a68abd57523p-203,0x1.44fff0b60193p+2,5.07812135480916993e+00
13,52,0x1.2b528f343463fp+2,0x1.85a68abd57523p-203,0x1.2b528f343464p+2,4.67691402528868139e+00
13,53,0x1.1329549f7dd7dp+2,0x1.85a68abd57523p-203,0x1.1329549f7dd7ep+2,4.29939761710499901e+00
13,54,0x1.f8f50d2d583c9p+1,0x1.85a68abd57523p-203,0x1.f8f50d2d583cap+1,3.94497837747664892e+00
13,55,0x1.ce76b97119efcp+1,0x1.85a68abd57523p-203,0x1.ce76b97119efdp+1,3.61299818060422107e+00
13,56,0x1.a6c041fdbd18ap+1,0x1.85a68abd57523p-203,0x1.a6c041fdbd18bp+1,3.30274224176009090e+00
13,57,0x1.81b8a1b0badc4p+1,0x1.85a68abd57523p-203,0x1.81b8a1b0badc5p+1,3.01344700936690169e+00
13,58,0x1.5f457cfebbaf8p+1,0x1.85a68abd57523p-203,0x1.5f457cfebbaf9p+1,2.74430811346189474e+00
13,59,0x1.3f4b6425d1fb4p+1,0x1.85a68abd57523p-203,0x1.3f4b6425d1fb5p+1,2.49448825689975218e+00
13,60,0x1.21ae14054a081p+1,0x1.85a68abd57523p-203,0x1.21ae14054a082p+1,2.26312494524251040e+00
13,61,0x1.0650b4d2f276cp+1,0x1.85a68abd57523p-203,0x1.0650b4d2f276dp+1,2.04933796215202912e+00
13,62,0x1.da2c2bfe1050ap+0,0x1.85a68abd57523p-203,0x1.da2c2bfe1050bp+0,1.85223650887229740e+00
13,63,0x1.abc1cd64cf276p+0,0x1.85a68abd57523p-203,0x1.abc1cd64cf277p+0,1.67092593871271133e+00
13,64,0x1.8127d4db2c6f1p+0,0x1.85a68abd57523p-203,0x1.8127d4db2c6f2p+0,1.50451402998845341e+00
13,65,0x1.5a2452d3f6239p+0,0x1.85a68abd57523p-203,0x1.5a2452d3f623ap+0,1.35211675333824966e+00
13,66,0x1.367e38f143036p+0,0x1.85a68abd57523p-203,0x1.367e38f143037p+0,1.21286350145511590e+00
13,67,0x1.15fda865504e3p+0,0x1.85a68abd57523p-203,0x1.15fda865504e4p+0,1.08590176080206735e+00
13,68,0x1.f0d86d9a71c02p-1,0x1.85a68abd57523p-203,0x1.f0d86d9a71c03p-1,9.70401215651577664e-01
13,69,0x1.bb2a530ca3e88p-1,0x1.85a68abd57523p-203,0x1.bb2a530ca3e89p-1,8.65557284634591473e-01
13,70,0x1.8a8b4f49af5ap-1,0x1.85a68abd57523p-203,0x1.8a8b4f49af5a1p-1,7.70594098801371641e-01
13,71,0x1.5e99c5a767f21p-1,0x1.85a68abd57523p-203,0x1.5e99c5a767f22p-1,6.84766937909419449e-01
13,72,0x1.36f86f02c7be2p-1,0x1.85a68abd57523p-203,0x1.36f86f02c7be3p-1,6.07364148225198242e-01
13,73,0x1.134e89aa95878p-1,0x1.85a68abd57523p-203,0x1.134e89aa95879p-1,5.37708570550207487e-01
13,74,0x1.e68ff3ece2aep-2,0x1.85a68abd57523p-203,0x1.e68ff3ece2ae1p-2,4.75158511479703505e-01
13,75,0x1.ad2ab982e68eap-2,0x1.85a68abd57523p-203,0x1.ad2ab982e68ebp-2,4.19108294119395708e-01
13,76,0x1.79d81a24e28fbp-2,0x1.85a68abd57523p-203,0x1.79d81a24e28fcp-2,3.68988426686555959e-01
13,77,0x1.4c0c3c8dbd531p-2,0x1.85a68abd57523p-203,0x1.4c0c3c8dbd532p-2,3.24265428687186774e-01
13,78,0x1.23449831a9cd5p-2,0x1.85a68abd57523p-203,0x1.23449831a9cd6p-2,2.84441354781347910e-01
13,79,0x1.fe0f875822613p-3,0x1.85a68abd57523p-203,0x1.fe0f875822614p-3,2.49053056122918393e-01
13,80,0x1.bdca68546396cp-3,0x1.85a68abd57523p-203,0x1.bdca68546396dp-3,2.17671217990253935e-01
13,81,0x1.84e9e0a6b5d0bp-3,0x1.85a68abd57523p-203,0x1.84e9e0a6b5d0cp-3,1.89899211013404901e-01
13,82,0x1.52ae721c54e02p-3,0x1.85a68abd57523p-203,0x1.52ae721c54e03p-3,1.65371791352853931e-01
13,83,0x1.266854b59242ep-3,0x1.85a68abd57523p-203,0x1.266854b59242fp-3,1.43753682891003959e-01
13,84,0x1.feed59399661fp-4,0x1.85a68abd57523p-203,0x1.feed59399662p-4,1.24738071951832286e-01
13,85,0x1.ba8d7036330ep-4,0x1.85a68abd57523p-203,0x1.ba8d7036330e1p-4,1.08045042349832268e-01
13,86,0x1.7ea5f1cb0cac7p-4,0x1.85a68abd57523p-203,0x1.7ea5f1cb0cac8p-4,9.34199757619281757e-02
13,87,0x1.4a44b778478e2p-4,0x1.85a68abd57523p-203,0x1.4a44b778478e3p-4,8.06319395819375256e-02
13,88,0x1.1c8ec1e8410f7p-4,0x1.85a68abd57523p-203,0x1.1c8ec1e8410f8p-4,6.94720816136998875e-02
13,89,0x1.e97d20a12549p-5,0x1.85a68abd57523p-203,0x1.e97d20a125491p-5,5.97520482344090567e-02
13,90,0x1.a44503c77d313p-5,0x1.85a68abd57523p-203,0x1.a44503c77d314p-5,5.13024400533252101e-02
13,91,0x1.683688dcf09b9p-5,0x1.85a68abd57523p-203,0x1.683688dcf09bap-5,4.39713166338324274e-02
13,92,0x1.3434a53ce87bdp-5,0x1.85a68abd57523p-203,0x1.3434a53ce87bep-5,3.76227595618412319e-02
13,93,0x1.074107c12ab06p-5,0x1.85a68abd57523p-203,0x1.074107c12ab07p-5,3.21355010467723676e-02
13,94,0x1.c0f2bd0739209p-6,0x1.85a68abd57523p-203,0x1.c0f2bd073920ap-6,2.74016233423868619e-02
13,95,0x1.7e298925b1b14p-6,0x1.85a68abd57523p-203,0x1.7e298925b1b15p-6,2.33253325775662664e-02
13,96,0x1.44c2b172cb099p-6,0x1.85a68abd57523p-203,0x1.44c2b172cb09ap-6,1.98218090910563319e-02
13,97,0x1.1383fb896822ap-6,0x1.85a68abd57523p-203,0x1.1383fb896822bp-6,1.68161350644614842e-02
13,98,0x1.d2b110816d0a6p-7,0x1.85a68abd57523p-203,0x1.d2b110816d0a7p-7,1.42422991365054995e-02
13,99,0x1.8a99f066da944p-7,0x1.85a68abd57523p-203,0x1.8a99f066da945p-7,1.20422767483502422e-02
13,100,0x1.4d17beda7a585p-7,0x1.85a68abd57523p-203,0x1.4d17beda7a586p-7,1.01651842023382614e-02
13,101,0x1.18b50ad581658p-7,0x1.85a68abd57523p-203,0x1.18b50ad581659p-7,8.56650380138572649e-03
13,102,0x1.d857b85456e03p-8,0x1.85a68abd57523p-203,0x1.d857b85456e04p-8,7.20737695914009172e-03
13,103,0x1.8cc0a0044ec4fp-8,0x1.85a68abd57523p-203,0x1.8cc0a0044ec5p-8,6.05396181736768402e-03
13,104,0x1.4cb76fdb3f402p-8,0x1.85a68abd57523p-203,0x1.4cb76fdb3f403p-8,5.07685166234939349e-03
13,105,0x1.16906673bbae3p-8,0x1.85a68abd57523p-203,0x1.16906673bbae4p-8,4.25055028220697531e-03
13,106,0x1.d1b2e8836c427p-9,0x1.85a68abd57523p-203,0x1.d1b2e8836c428p-9,3.55300033853513456e-03
13,107,0x1.84a6498c43ffdp-9,0x1.85a68abd57523p-203,0x1.84a6498c43ffep-9,2.96516082574527131e-03
13,108,0x1.43d493f06e27cp-9,0x1.85a68abd57523p-203,0x1.43d493f06e27dp-9,2.47062974832728969e-03
13,109,0x1.0d64b36ce44dep-9,0x1.85a68abd57523p-203,0x1.0d64b36ce44dfp-9,2.05530824900589061e-03
13,110,0x1.bf81b6a90d8d7p-10,0x1.85a68abd57523p-203,0x1.bf81b6a90d8d8p-10,1.70710255976085599e-03
13,111,0x1.731b5b01d9d7ep-10,0x1.85a68abd57523p-203,0x1.731b5b01d9d7fp-10,1.41566031421710959e-03
13,112,0x1.3344d89588643p-10,0x1.85a68abd57523p-203,0x1.3344d89588644p-10,1.17213794636263167e-03
13,113,0x1.fc08747c7c375p-11,0x1.85a68abd57523p-203,0x1.fc08747c7c376p-11,9.68996100310189372e-04
13,114,0x1.a3560c3cc9bb1p-11,0x1.85a68abd57523p-203,0x1.a3560c3cc9bb2p-11,7.99820183236535235e-04
13,115,0x1.59976a1a1b7b3p-11,0x1.85a68abd57523p-203,0x1.59976a1a1b7b4p-11,6.59163403964538406e-04
13,116,0x1.1c61047fce887p-11,0x1.85a68abd57523p-203,0x1.1c61047fce888p-11,5.42409848981920996e-04
13,117,0x1.d34db2a6fc3efp-12,0x1.85a68abd57523p-203,0x1.d34db2a6fc3fp-12,4.45655352847628382e-04
13,118,0x1.7f5d1bb5fcf04p-12,0x1.85a68abd57523p-203,0x1.7f5d1bb5fcf05p-12,3.65604118427884366e-04
13,119,0x1.3a06d82384265p-12,0x1.85a68abd57523p-203,0x1.3a06d82384266p-12,2.99479232325905432e-04
13,120,0x1.00d807c63afa8p-12,0x1.85a68abd57523p-203,0x1.00d807c63afa9p-12,2.44945400835967222e-04
13,121,0x1.a384f2380c839p-13,0x1.85a68abd57523p-203,0x1.a384f2380c83ap-13,2.00042400821555573e-04
13,122,0x1.561a9f847ada4p-13,0x1.85a68abd57523p-203,0x1.561a9f847ada5p-13,1.63127897521914454e-04
13,123,0x1.168fb805c9411p-13,0x1.85a68abd57523p-203,0x1.168fb805c9412p-13,1.32828427177462060e-04
13,124,0x1.c4f9684e1301ep-14,0x1.85a68abd57523p-203,0x1.c4f9684e1301fp-14,1.07997476534283241e-04
13,125,0x1.6fc1604061e49p-14,0x1.85a68abd57523p-203,0x1.6fc1604061e4ap-14,8.76797139480685642e-05
13,126,0x1.2a22259968e8fp-14,0x1.85a68abd57523p-203,0x1.2a22259968e9p-14,7.10805383251028686e-05
13,127,0x1.e2aeaaa0f34bap-15,0x1.85a68abd57523p-203,0x1.e2aeaaa0f34bbp-15,5.75402129992879001e-05
13,128,0x1.862ba2c332a84p-15,0x1.85a68abd57523p-203,0x1.862ba2c332a85p-15,4.65119424234066567e-05
13,129,0x1.3aefb06cc1f73p-15,0x1.85a68abd57523p-203,0x1.3aefb06cc1f74p-15,3.75433308815166739e-05
13,130,0x1.fbb0ddf7c6867p-16,0x1.85a68abd57523p-203,0x1.fbb0ddf7c6868p-16,3.02607349730105917e-05
13,131,0x1.98a097d3bc39fp-16,0x1.85a68abd57523p-203,0x1.98a097d3bc3ap-16,2.43560860572787164e-05
13,132,0x1.486d7d290dad5p-16,0x1.85a68abd57523p-203,0x1.486d7d290dad6p-16,1.95758158591751892e-05
13,133,0x1.0798ac7550aeep-16,0x1.85a68abd57523p-203,0x1.0798ac7550aefp-16,1.57115686836390343e-05
13,134,0x1.a688219ae4844p-17,0x1.85a68abd57523p-203,0x1.a688219ae4845p-17,1.25924278131830717e-05
13,135,0x1.522cfcf5ce4bp-17,0x1.85a68abd57523p-203,0x1.522cfcf5ce4b1p-17,1.00784222741726965e-05
13,136,0x1.0e48e6a3eadbfp-17,0x1.85a68abd57523p-203,0x1.0e48e6a3eadcp-17,8.05511383091580668e-06
13,137,0x1.af72fb83fdd4cp-18,0x1.85a68abd57523p-203,0x1.af72fb83fdd4dp-18,6.42909333591703859e-06
13,138,0x1.57e1c9ec57b4bp-18,0x1.85a68abd57523p-203,0x1.57e1c9ec57b4cp-18,5.12424092521843890e-06
13,139,0x1.11b644d853982p-18,0x1.85a68abd57523p-203,0x1.11b644d853983p-18,4.07862645375315664e-06
13,140,0x1.b32065955d919p-19,0x1.85a68abd57523p-203,0x1.b32065955d91ap-19,3.24194543093869894e-06
13,141,0x1.59656aa30f191p-19,0x1.85a68abd57523p-203,0x1.59656aa30f192p-19,2.57340191603238161e-06
13,142,0x1.11cc9e7f0cf1p-19,0x1.85a68abd57523p-203,0x1.11cc9e7f0cf11p-19,2.03996370331551860e-06
13,143,0x1.b180efb8256f1p-20,0x1.85a68abd57523p-203,0x1.b180efb8256f2p-20,1.61492697084902368e-06
13,144,0x1.56b8be4eabe89p-20,0x1.85a68abd57523p-203,0x1.56b8be4eabe8ap-20,1.27673765219416387e-06
13,145,0x1.0e96f99b6636p-20,0x1.85a68abd57523p-203,0x1.0e96f99b66361p-20,1.00802535638583600e-06
13,146,0x1.aab64170cb13bp-21,0x1.85a68abd57523p-203,0x1.aab64170cb13cp-21,7.94812917791850605e-07
13,147,0x1.500306b7c5a3ap-21,0x1.85a68abd57523p-203,0x1.500306b7c5a3bp-21,6.25870788947494474e-07
13,148,0x1.083e2b3c06b1cp-21,0x1.85a68abd57523p-203,0x1.083e2b3c06b1dp-21,4.92190657566798995e-07
13,149,0x1.9f0ffba966792p-22,0x1.85a68abd57523p-203,0x1.9f0ffba966793p-22,3.86557014475668408e-07
13,150,0x1.458eb7fd8cef7p-22,0x1.85a68abd57523p-203,0x1.458eb7fd8cef8p-22,3.03199044401932210e-07
13,151,0x1.fe0b8c460442ep-23,0x1.85a68abd57523p-203,0x1.fe0b8c460442fp-23,2.37508262113568413e-07
13,152,0x1.8f060d7e7f25ap-23,0x1.85a68abd57523p-203,0x1.8f060d7e7f25bp-23,1.85809863453752744e-07
13,153,0x1.37c46292b502p-23,0x1.85a68abd57523p-203,0x1.37c46292b5021p-23,1.45177882679621915e-07
13,154,0x1.e68f495f198b8p-24,0x1.85a68abd57523p-203,0x1.e68f495f198b9p-24,1.13286011226007369e-07
13,155,0x1.7b3104af8ae1bp-24,0x1.85a68abd57523p-203,0x1.7b3104af8ae1cp-24,8.82873958321998438e-08
13,156,0x1.27242ddc0fdacp-24,0x1.85a68abd57523p-203,0x1.27242ddc0fdadp-24,6.87179446132437167e-08
13,157,0x1.cadce57e56c89p-25,0x1.85a68abd57523p-203,0x1.cadce57e56c8ap-25,5.34186694763002983e-08
13,158,0x1.6441025195578p-25,0x1.85a68abd57523p-203,0x1.6441025195579p-25,4.14734172670084233e-08
13,159,0x1.143e6ea55a11cp-25,0x1.85a68abd57523p-203,0x1.143e6ea55a11dp-25,3.21590197066001386e-08
13,160,0x1.abdf52075dd79p-26,0x1.85a68abd57523p-203,0x1.abdf52075dd7ap-26,2.49054483958627678e-08
13,161,0x1.4af40ab096173p-26,0x1.85a68abd57523p-203,0x1.4af40ab096174p-26,1.92640167726933635e-08
13,162,0x1.ff57d68026ef1p-27,0x1.85a68abd57523p-203,0x1.ff57d68026ef2p-27,1.48820433756720436e-08
13,163,0x1.8a8ad9b5e74d1p-27,0x1.85a68abd57523p-203,0x1.8a8ad9b5e74d2p-27,1.14826946664695072e-08
13,164,0x1.300c64137739dp-27,0x1.85a68abd57523p-203,0x1.300c64137739ep-27,8.84897314358834364e-09
13,165,0x1.d40cb07691e59p-28,0x1.85a68abd57523p-203,0x1.d40cb07691e5ap-28,6.81101763059548640e-09
13,166,0x1.67d17df4e7bb7p-28,0x1.85a68abd57523p-203,0x1.67d17df4e7bb8p-28,5.23604580952262836e-09
13,167,0x1.1447a568418d5p-28,0x1.85a68abd57523p-203,0x1.1447a568418d6p-28,4.02040121355590150e-09
13,168,0x1.a7c30c96f4ad9p-29,0x1.85a68abd57523p-203,0x1.a7c30c96f4adap-29,3.08327370187277887e-09
13,169,0x1.4498a45b60ddfp-29,0x1.85a68abd57523p-203,0x1.4498a45b60dep-29,2.36174861411551373e-09
13,170,0x1.f0adee78cff88p-30,0x1.85a68abd57523p-203,0x1.f0adee78cff89p-30,1.80690920403422299e-09
13,171,0x1.7b8b3e82435bfp-30,0x1.85a68abd57523p-203,0x1.7b8b3e82435cp-30,1.38077274663086072e-09
13,172,0x1.21b099327044bp-30,0x1.85a68abd57523p-203,0x1.21b099327044cp-30,1.05388548982263587e-09
13,173,0x1.b9b1c65fb898bp-31,0x1.85a68abd57523p-203,0x1.b9b1c65fb898cp-31,8.03437493588090351e-10
13,174,0x1.505560d203553p-31,0x1.85a68abd57523p-203,0x1.505560d203554p-31,6.11787088221720167e-10
13,175,0x1.ff9c7148c3f57p-32,0x1.85a68abd57523p-203,0x1.ff9c7148c3f58p-32,4.65307588074505241e-10
13,176,0x1.84a9c9c97d33fp-32,0x1.85a68abd57523p-203,0x1.84a9c9c97d34p-32,3.53487153257707438e-10
13,177,0x1.26eb40039bff7p-32,0x1.85a68abd57523p-203,0x1.26eb40039bff8p-32,2.68227218409842917e-10
13,178,0x1.bf0db9c591a4p-33,0x1.85a68abd57523p-203,0x1.bf0db9c591a41p-33,2.03296447535649914e-10
13,179,0x1.52718f249489ep-33,0x1.85a68abd57523p-203,0x1.52718f249489fp-33,1.53906326175814474e-10
13,180,0x1.ffda3349d2397p-34,0x1.85a68abd57523p-203,0x1.ffda3349d2398p-34,1.16381748989244440e-10
13,181,0x1.829d020128a32p-34,0x1.85a68abd57523p-203,0x1.829d020128a33p-34,8.79056896875782544e-11
13,182,0x1.23af70bb4ff57p-34,0x1.85a68abd57523p-203,0x1.23af70bb4ff58p-34,6.63215618940422416e-11
13,183,0x1.b7a1f3934dec4p-35,0x1.85a68abd57523p-203,0x1.b7a1f3934dec5p-35,4.99804426585533126e-11
13,184,0x1.4aefc4067749bp-35,0x1.85a68abd57523p-203,0x1.4aefc4067749cp-35,3.76231338189038570e-11
13,185,0x1.f1ab67a5f79bcp-36,0x1.85a68abd57523p-203,0x1.f1ab67a5f79bdp-36,2.82892387018415948e-11
13,186,0x1.75c8b2942369bp-36,0x1.85a68abd57523p-203,0x1.75c8b2942369cp-36,2.12471590483679508e-11
13,187,0x1.186c97eac9274p-36,0x1.85a68abd57523p-203,0x1.186c97eac9275p-36,1.59402698654656677e-11
13,188,0x1.a44c4a0c062f5p-37,0x1.85a68abd57523p-203,0x1.a44c4a0c062f6p-37,1.19455877685108599e-11
13,189,0x1.3a9f0ba08a6acp-37,0x1.85a68abd57523p-203,0x1.3a9f0ba08a6adp-37,8.94207434969446882e-12
13,190,0x1.d682c130d87e7p-38,0x1.85a68abd57523p-203,0x1.d682c130d87e8p-38,6.68636005738276370e-12
13,191,0x1.5f6f10b8513a5p-38,0x1.85a68abd57523p-203,0x1.5f6f10b8513a6p-38,4.99417536839234817e-12
13,192,0x1.0634a24ba1e32p-38,0x1.85a68abd57523p-203,0x1.0634a24ba1e33p-38,3.72616570746045060e-12
13,193,0x1.86d674d4d0f07p-39,0x1.85a68abd57523p-203,0x1.86d674d4d0f08p-39,2.77706902952248988e-12
13,194,0x1.22f86f88f6aadp-39,0x1.85a68abd57523p-203,0x1.22f86f88f6aaep-39,2.06746940910739863e-12
13,195,0x1.b0c6181de780bp-40,0x1.85a68abd57523p-203,0x1.b0c6181de780cp-40,1.53752141860285425e-12
13,196,0x1.417ec3b41d0c1p-40,0x1.85a68abd57523p-203,0x1.417ec3b41d0c2p-40,1.14218030127043720e-12
13,197,0x1.dd25519dd6e6bp-41,0x1.85a68abd57523p-203,0x1.dd25519dd6e6cp-41,8.47581163689666034e-13
13,198,0x1.61b2ae5a7d791p-41,0x1.85a68abd57523p-203,0x1.61b2ae5a7d792p-41,6.28293813283649346e-13
13,199,0x1.05e8bbe535367p-41,0x1.85a68abd57523p-203,0x1.05e8bbe535368p-41,4.65244051382654669e-13
13,200,0x1.83780d1f66b7bp-42,0x1.85a68abd57523p-203,0x1.83780d1f66b7cp-42,3.44141559903403801e-13
13,201,0x1.1e4ec9976f2fcp-42,0x1.85a68abd57523p-203,0x1.1e4ec9976f2fdp-42,2.54292376971312893e-13
13,202,0x1.a6ab655e280dap-43,0x1.85a68abd57523p-203,0x1.a6ab655e280dbp-43,1.87702971166040553e-13
13,203,0x1.37a92037e6e35p-43,0x1.85a68abd57523p-203,0x1.37a92037e6e36p-43,1.38405130850955208e-13
13,204,0x1.cb21e0e22cd1p-44,0x1.85a68abd57523p-203,0x1.cb21e0e22cd11p-44,1.01947858532865789e-13
13,205,0x1.51d6e2f72567p-44,0x1.85a68abd57523p-203,0x1.51d6e2f725671p-44,7.50154162604008364e-14
13,206,0x1.f0a97055d19ddp-45,0x1.85a68abd57523p-203,0x1.f0a97055d19dep-45,5.51405443915492507e-14
13,207,0x1.6cb23013d654ep-45,0x1.85a68abd57523p-203,0x1.6cb23013d654fp-45,4.04893947374714024e-14
13,208,0x1.0b848a93a7cadp-45,0x1.85a68abd57523p-203,0x1.0b848a93a7caep-45,2.97004353903940908e-14
13,209,0x1.8810634df928dp-46,0x1.85a68abd57523p-203,0x1.8810634df928ep-46,2.17639248438587419e-14
13,210,0x1.1f00a9d2e5125p-46,0x1.85a68abd57523p-203,0x1.1f00a9d2e5126p-46,1.59318442497314802e-14
13,211,0x1.a3c274c7371b7p-47,0x1.85a68abd57523p-203,0x1.a3c274c7371b8p-47,1.16506691625796815e-14
13,212,0x1.32a666835d841p-47,0x1.85a68abd57523p-203,0x1.32a666835d842p-47,8.51124731045167108e-15
13,213,0x1.bf9573b399345p-48,0x1.85a68abd57523p-203,0x1.bf9573b399346p-48,6.21147295703567311e-15
13,214,0x1.46507ff3241a6p-48,0x1.85a68abd57523p-203,0x1.46507ff3241a7p-48,4.52852272845507506e-15
13,215,0x1.db531b72205efp-49,0x1.85a68abd57523p-203,0x1.db531b72205fp-49,3.29822722980163112e-15
13,216,0x1.59d7965a7d0d6p-49,0x1.85a68abd57523p-203,0x1.59d7965a7d0d7p-49,2.39976190281802515e-15
13,217,0x1.f6c280dad668bp-50,0x1.85a68abd57523p-203,0x1.f6c280dad668cp-50,1.74429838166711145e-15
13,218,0x1.6d12ad3663563p-50,0x1.85a68abd57523p-203,0x1.6d12ad3663564p-50,1.26660125274280259e-15
13,219,0x1.08d46a6777c4dp-50,0x1.85a68abd57523p-203,0x1.08d46a6777c4ep-50,9.18812764062765728e-16
13,220,0x1.7fd7bb704255p-51,0x1.85a68abd57523p-203,0x1.7fd7bb7042551p-51,6.65860949424499999e-16
13,221,0x1.15e51c33434f4p-51,0x1.85a68abd57523p-203,0x1.15e51c33434f5p-51,4.82070913659236913e-16
13,222,0x1.91fc4686a6a26p-52,0x1.85a68abd57523p-203,0x1.91fc4686a6a27p-52,3.48666799547757420e-16
13,223,0x1.22754f3e81d1bp-52,0x1.85a68abd57523p-203,0x1.22754f3e81d1cp-52,2.51932364223787988e-16
13,224,0x1.a356058706cb2p-53,0x1.85a68abd57523p-203,0x1.a356058706cb3p-53,1.81858010353076983e-16
13,225,0x1.2e675aefa4af5p-53,0x1.85a68abd57523p-203,0x1.2e675aefa4af6p-53,1.31146712988058501e-16
13,226,0x1.b3bb885b2ca97p-54,0x1.85a68abd57523p-203,0x1.b3bb885b2ca98p-54,9.44844353320309625e-17
13,227,0x1.399e6b81300a1p-54,0x1.85a68abd57523p-203,0x1.399e6b81300a2p-54,6.80052429062722294e-17
13,228,0x1.c304dfb861095p-55,0x1.85a68abd57523p-203,0x1.c304dfb861096p-55,4.88995821590656365e-17
13,229,0x1.43fef7f927befp-55,0x1.85a68abd57523p-203,0x1.43fef7f927bfp-55,3.51277135929338084e-17
13,230,0x1.d10c41e587a2bp-56,0x1.85a68abd57523p-203,0x1.d10c41e587a2cp-56,2.52102961175204280e-17
13,231,0x1.4d6f348cdf28ep-56,0x1.85a68abd57523p-203,0x1.4d6f348cdf28fp-56,1.80755148047428800e-17
13,232,0x1.ddaea8911d759p-57,0x1.85a68abd57523p-203,0x1.ddaea8911d75ap-57,1.29476035911099257e-17
13,233,0x1.55d77ece613cap-57,0x1.85a68abd57523p-203,0x1.55d77ece613cbp-57,9.26563997669957717e-18
13,234,0x1.e8cc6410bb59fp-58,0x1.85a68abd57523p-203,0x1.e8cc6410bb5ap-58,6.62445361527025757e-18
13,235,0x1.5d22c121cef9bp-58,0x1.85a68abd57523p-203,0x1.5d22c121cef9cp-58,4.73167186125577167e-18
13,236,0x1.f249a0a07e398p-59,0x1.85a68abd57523p-203,0x1.f249a0a07e399p-59,3.37652816420694054e-18
13,237,0x1.633ecb2d7cdcdp-59,0x1.85a68abd57523p-203,0x1.633ecb2d7cdcep-59,2.40723570461791571e-18
13,238,0x1.fa0eda8f9f21ap-60,0x1.85a68abd57523p-203,0x1.fa0eda8f9f21bp-60,1.71459127303991451e-18
13,239,0x1.681c9d3d94068p-60,0x1.85a68abd57523p-203,0x1.681c9d3d94069p-60,1.22010615010600045e-18
13,240,0x1.00049f5addab9p-60,0x1.85a68abd57523p-203,0x1.00049f5addabap-60,8.67422916005166563e-19
13,241,0x1.6bb0a4e934aa1p-61,0x1.85a68abd57523p-203,0x1.6bb0a4e934aa2p-61,6.16114852857496183e-19
13,242,0x1.02157a870ecbap-61,0x1.85a68abd57523p-203,0x1.02157a870ecbbp-61,4.37211134389565541e-19
13,243,0x1.6df2e9a8ae2e3p-62,0x1.85a68abd57523p-203,0x1.6df2e9a8ae2e4p-62,3.09970756551372062e-19
13,244,0x1.0335a9f3b203ep-62,0x1.85a68abd57523p-203,0x1.0335a9f3b203fp-62,2.19559092206002194e-19
13,245,0x1.6edf28770b632p-63,0x1.85a68abd57523p-203,0x1.6edf28770b633p-63,1.55376213399782252e-19
13,246,0x1.03637d58a043ap-63,0x1.85a68abd57523p-203,0x1.03637d58a043bp-63,1.09855358461519939e-19
13,247,0x1.6e74de095b103p-64,0x1.85a68abd57523p-203,0x1.6e74de095b104p-64,7.76001850635978270e-20
13,248,0x1.029fea094e826p-64,0x1.85a68abd57523p-203,0x1.029fea094e827p-64,5.47659030275437536e-20
13,249,0x1.6cb73f98101fap-65,0x1.85a68abd57523p-203,0x1.6cb73f98101fbp-65,3.86157888677610453e-20
13,250,0x1.00ee7fc96ed28p-65,0x1.85a68abd57523p-203,0x1.00ee7fc96ed29p-65,2.72036952558177469e-20
13,251,0x1.69ad22a6dcde9p-66,0x1.85a68abd57523p-203,0x1.69ad22a6dcdeap-66,1.91469844254254155e-20
13,252,0x1.fcaaa3bc285c6p-67,0x1.85a68abd57523p-203,0x1.fcaaa3bc285c7p-67,1.34642917577149206e-20
13,253,0x1.6560d4a1fe0bp-67,0x1.85a68abd57523p-203,0x1.6560d4a1fe0b1p-67,9.45972336685339446e-21
13,254,0x1.f5b9aa2daf3f1p-68,0x1.85a68abd57523p-203,0x1.f5b9aa2daf3f2p-68,6.64027843332307040e-21
13,255,0x1.5fdfe389c289ep-68,0x1.85a68abd57523p-203,0x1.5fdfe389c289fp-68,4.65702110084359848e-21
13,256,0x1.ed1f6797a137dp-69,0x1.85a68abd57523p-203,0x1.ed1f6797a137ep-69,3.26321212727712074e-21
13,257,0x1.593ad93b6158ap-69,0x1.85a68abd57523p-203,0x1.593ad93b6158bp-69,2.28453969032849480e-21
13,258,0x1.e2f5320aea575p-70,0x1.85a68abd57523p-203,0x1.e2f5320aea576p-70,1.59797329829224586e-21
13,259,0x1.5184eb2e86f8bp-70,0x1.85a68abd57523p-203,0x1.5184eb2e86f8cp-70,1.11675739937876526e-21
13,260,0x1.d757e86263cfdp-71,0x1.85a68abd57523p-203,0x1.d757e86263cfep-71,7.79772227552899344e-22
13,261,0x1.48d3a0b7a720ap-71,0x1.85a68abd57523p-203,0x1.48d3a0b7a720bp-71,5.43998094453194718e-22
13,262,0x1.ca676dcf668c6p-72,0x1.85a68abd57523p-203,0x1.ca676dcf668c7p-72,3.79182917497925363e-22
13,263,0x1.3f3e7206e5c8ep-72,0x1.85a68abd57523p-203,0x1.3f3e7206e5c8fp-72,2.64072387431387442e-22
13,264,0x1.bc461cbfb0fbbp-73,0x1.85a68abd57523p-203,0x1.bc461cbfb0fbcp-73,1.83747368516543807e-22
13,265,0x1.34de6231cd588p-73,0x1.85a68abd57523p-203,0x1.34de6231cd589p-73,1.27745094371557476e-22
13,266,0x1.ad183465ec7d5p-74,0x1.85a68abd57523p-203,0x1.ad183465ec7d6p-74,8.87346730812948988e-23
13,267,0x1.29cd969b1f322p-74,0x1.85a68abd57523p-203,0x1.29cd969b1f323p-74,6.15842333918539720e-23
13,268,0x1.9d0344296894bp-75,0x1.85a68abd57523p-203,0x1.9d0344296894cp-75,4.27045183536832893e-23
13,269,0x1.1e26ee008827dp-75,0x1.85a68abd57523p-203,0x1.1e26ee008827ep-75,2.95874304776114353e-23
13,270,0x1.8c2d9826351b3p-76,0x1.85a68abd57523p-203,0x1.8c2d9826351b4p-76,2.04819278629089608e-23
13,271,0x1.1205995b1a6e8p-76,0x1.85a68abd57523p-203,0x1.1205995b1a6e9p-76,1.41665987083813428e-23
13,272,0x1.7abda9b6af848p-77,0x1.85a68abd57523p-203,0x1.7abda9b6af849p-77,9.79022204901999667e-24
13,273,0x1.0584b896ce8b5p-77,0x1.85a68abd57523p-203,0x1.0584b896ce8b6p-77,6.76009327254821394e-24
13,274,0x1.68d996bd7d4cep-78,0x1.85a68abd57523p-203,0x1.68d996bd7d4cfp-78,4.66387637412380225e-24
13,275,0x1.f17df9e1fb66dp-79,0x1.85a68abd57523p-203,0x1.f17df9e1fb66ep-79,3.21496730614022679e-24
13,276,0x1.56a6a215e52b5p-79,0x1.85a68abd57523p-203,0x1.56a6a215e52b6p-79,2.21432961116070716e-24
13,277,0x1.d79ca5202fa61p-80,0x1.85a68abd57523p-203,0x1.d79ca5202fa62p-80,1.52386021827319914e-24
13,278,0x1.4448bf33e5d5cp-80,0x1.85a68abd57523p-203,0x1.4448bf33e5d5dp-80,1.04781865754744784e-24
13,279,0x1.bd9725447b55cp-81,0x1.85a68abd57523p-203,0x1.bd9725447b55dp-81,7.19890137270705322e-25
13,280,0x1.31e22a98d9242p-81,0x1.85a68abd57523p-203,0x1.31e22a98d9243p-81,4.94181386452577584e-25
13,281,0x1.a39c7e0ed72b3p-82,0x1.85a68abd57523p-203,0x1.a39c7e0ed72b4p-82,3.38959307539815768e-25
13,282,0x1.1f931058775d8p-82,0x1.85a68abd57523p-203,0x1.1f931058775d9p-82,2.32300805400585007e-25
13,283,0x1.89d8908206c2dp-83,0x1.85a68abd57523p-203,0x1.89d8908206c2ep-83,1.59073114414796945e-25
13,284,0x1.0d7941801cf04p-83,0x1.85a68abd57523p-203,0x1.0d7941801cf05p-83,1.08839542770980727e-25
13,285,0x1.7073bc2c3fbd3p-84,0x1.85a68abd57523p-203,0x1.7073bc2c3fbd4p-84,7.44083070155165084e-26
13,286,0x1.f75ff1950bd77p-85,0x1.85a68abd57523p-203,0x1.f75ff1950bd78p-85,5.08278636310804297e-26
13,287,0x1.57929628c6811p-85,0x1.85a68abd57523p-203,0x1.57929628c6812p-85,3.46919673859058216e-26
13,288,0x1.d49f5d4f5c62dp-86,0x1.85a68abd57523p-203,0x1.d49f5d4f5c62ep-86,2.36593909375741845e-26
13,289,0x1.3f55b5a390c39p-86,0x1.85a68abd57523p-203,0x1.3f55b5a390c3ap-86,1.61222874647680744e-26
13,290,0x1.b2dbf88b4e03bp-87,0x1.85a68abd57523p-203,0x1.b2dbf88b4e03cp-87,1.09773910547175625e-26
13,291,0x1.27d9952e04b27p-87,0x1.85a68abd57523p-203,0x1.27d9952e04b28p-87,7.46830225929352955e-27
13,292,0x1.923b19ec07777p-88,0x1.85a68abd57523p-203,0x1.923b19ec07778p-88,5.07686725936302107e-27
13,293,0x1.113687c8d1965p-88,0x1.85a68abd57523p-203,0x1.113687c8d1966p-88,3.44843299069394863e-27
13,294,0x1.72dc3a0b1406dp-89,0x1.85a68abd57523p-203,0x1.72dc3a0b1406ep-89,2.34045728754159506e-27
13,295,0x1.f7018058ed7d3p-90,0x1.85a68abd57523p-203,0x1.f7018058ed7d4p-90,1.58720664695758188e-27
13,296,0x1.54d909c43e29cp-90,0x1.85a68abd57523p-203,0x1.54d909c43e29dp-90,1.07552603285075178e-27
13,297,0x1.cd90d122e917fp-91,0x1.85a68abd57523p-203,0x1.cd90d122e918p-91,7.28222257907095989e-28
13,298,0x1.38459e7c0d335p-91,0x1.85a68abd57523p-203,0x1.38459e7c0d336p-91,4.92678265567025359e-28
13,299,0x1.a6339205928fcp-92,0x1.85a68abd57523p-203,0x1.a6339205928fdp-92,3.33058215559821249e-28
13,300,0x1.1d30b17f0dd24p-92,0x1.85a68abd57523p-203,0x1.1d30b17f0dd25p-92,2.24975405941768200e-28
13,301,0x1.80faf44221ecdp-93,0x1.85a68abd57523p-203,0x1.80faf44221ecep-93,1.51847949867662398e-28
13,302,0x1.03a3ef7123b2fp-93,0x1.85a68abd57523p-203,0x1.03a3ef7123b3p-93,1.02410069579692027e-28
13,303,0x1.5df1445346944p-94,0x1.85a68abd57523p-203,0x1.5df1445346945p-94,6.90139792361299565e-29
13,304,0x1.d748a969d7581p-95,0x1.85a68abd57523p-203,0x1.d748a969d7582p-95,4.64721740911028115e-29
13,305,0x1.3d1a74244e35ap-95,0x1.85a68abd57523p-203,0x1.3d1a74244e35bp-95,3.12688029558792067e-29
13,306,0x1.aa6527735acd1p-96,0x1.85a68abd57523p-203,0x1.aa6527735acd2p-96,2.10229031732837202e-29
13,307,0x1.1e74b1295547dp-96,0x1.85a68abd57523p-203,0x1.1e74b1295547ep-96,1.41233627496476852e-29
13,308,0x1.809704700b7eap-97,0x1.85a68abd57523p-203,0x1.809704700b7ebp-97,9.48087330300022080e-30
13,309,0x1.01f90241094a7p-97,0x1.85a68abd57523p-203,0x1.01f90241094a8p-97,6.35951782074250049e-30
13,310,0x1.59d1151f03598p-98,0x1.85a68abd57523p-203,0x1.59d1151f03599p-98,4.26252027361227549e-30
13,311,0x1.cf37d31bfc8d6p-99,0x1.85a68abd57523p-203,0x1.cf37d31bfc8d7p-99,2.85480173506616538e-30
13,312,0x1.36003d5da0c54p-99,0x1.85a68abd57523p-203,0x1.36003d5da0c55p-99,1.91052827563806926e-30
13,313,0x1.9e9c0d97a08f7p-100,0x1.85a68abd57523p-203,0x1.9e9c0d97a08f8p-100,1.27761441596446139e-30
13,314,0x1.150c5463d6edbp-100,0x1.85a68abd57523p-203,0x1.150c5463d6edcp-100,8.53720564096902762e-31
13,315,0x1.71f96e0dc6fe9p-101,0x1.85a68abd57523p-203,0x1.71f96e0dc6feap-101,5.70035721173907423e-31
13,316,0x1.edb206aa3c42ep-102,0x1.85a68abd57523p-203,0x1.edb206aa3c42fp-102,3.80329112645432705e-31
13,317,0x1.49255e10bb5afp-102,0x1.85a68abd57523p-203,0x1.49255e10bb5bp-102,2.53564829239249107e-31
13,318,0x1.b68d3552c017bp-103,0x1.85a68abd57523p-203,0x1.b68d3552c017cp-103,1.68923929754616382e-31
13,319,0x1.23f11c6de46edp-103,0x1.85a68abd57523p-203,0x1.23f11c6de46eep-103,1.12451906352891761e-31
13,320,0x1.8465b71e7b195p-104,0x1.85a68abd57523p-203,0x1.8465b71e7b196p-104,7.48026039356304711e-32
13,321,0x1.022ad0396be13p-104,0x1.85a68abd57523p-203,0x1.022ad0396be14p-104,4.97212017695686271e-32
13,322,0x1.56f3660b37225p-105,0x1.85a68abd57523p-203,0x1.56f3660b37226p-105,3.30249584296444609e-32
13,323,0x1.c73d0cbd0c1efp-106,0x1.85a68abd57523p-203,0x1.c73d0cbd0c1fp-106,2.19189353010157459e-32
13,324,0x1.2debca02c5041p-106,0x1.85a68abd57523p-203,0x1.2debca02c5042p-106,1.45369698332150046e-32
13,325,0x1.902e2f7d3fb75p-107,0x1.85a68abd57523p-203,0x1.902e2f7d3fb76p-107,9.63399298594382868e-33
13,326,0x1.09034d04b32a5p-107,0x1.85a68abd57523p-203,0x1.09034d04b32a6p-107,6.37995335150370880e-33
13,327,0x1.5ebded5555c24p-108,0x1.85a68abd57523p-203,0x1.5ebded5555c25p-108,4.22190208188933098e-33
13,328,0x1.cfdc97f147188p-109,0x1.85a68abd57523p-203,0x1.cfdc97f147189p-109,2.79176601714295649e-33
13,329,0x1.3281c661440c7p-109,0x1.85a68abd57523p-203,0x1.3281c661440c8p-109,1.84472150306605525e-33
13,330,0x1.94c407b9d2579p-110,0x1.85a68abd57523p-203,0x1.94c407b9d257ap-110,1.21804760107641466e-33
13,331,0x1.0b110ca3ccf95p-110,0x1.85a68abd57523p-203,0x1.0b110ca3ccf96p-110,8.03674313106972815e-34
13,332,0x1.602ab7a0c9817p-111,0x1.85a68abd57523p-203,0x1.602ab7a0c9818p-111,5.29881804414000506e-34
13,333,0x1.d00bd2ef6955fp-112,0x1.85a68abd57523p-203,0x1.d00bd2ef6956p-112,3.49109549932189800e-34
13,334,0x1.31831a454b39ap-112,0x1.85a68abd57523p-203,0x1.31831a454b39bp-112,2.29841773253010988e-34
13,335,0x1.91fc682a8b186p-113,0x1.85a68abd57523p-203,0x1.91fc682a8b187p-113,1.51210313702604689e-34
13,336,0x1.08455643dfbcap-113,0x1.85a68abd57523p-203,0x1.08455643dfbcbp-113,9.94076442828042239e-35
13,337,0x1.5b3837d9ca009p-114,0x1.85a68abd57523p-203,0x1.5b3837d9ca00ap-114,6.53047489436911416e-35
13,338,0x1.c7e03332bf887p-115,0x1.85a68abd57523p-203,0x1.c7e03332bf888p-115,4.28703524403531939e-35
13,339,0x1.2b0d543bf272cp-115,0x1.85a68abd57523p-203,0x1.2b0d543bf272dp-115,2.81227211875729572e-35
13,340,0x1.88126b72b82b5p-116,0x1.85a68abd57523p-203,0x1.88126b72b82b6p-116,1.84351345890024967e-35
13,341,0x1.00d43b60528b8p-116,0x1.85a68abd57523p-203,0x1.00d43b60528b9p-116,1.20760430031682029e-35
13,342,0x1.503c1360bfdd4p-117,0x1.85a68abd57523p-203,0x1.503c1360bfdd5p-117,7.90483911878586673e-36
13,343,0x1.b7e099bded547p-118,0x1.85a68abd57523p-203,0x1.b7e099bded548p-118,5.17073335178091871e-36
13,344,0x1.1f877fcb191f8p-118,0x1.85a68abd57523p-203,0x1.1f877fcb191f9p-118,3.37989060465901996e-36
13,345,0x1.77a009982adb9p-119,0x1.85a68abd57523p-203,0x1.77a009982adbap-119,2.20772618809401497e-36
13,346,0x1.ea5d947e33cd9p-120,0x1.85a68abd57523p-203,0x1.ea5d947e33cdap-120,1.44105482605556190e-36
13,347,0x1.3fda07b123641p-120,0x1.85a68abd57523p-203,0x1.3fda07b123642p-120,9.39959606969879662e-37
13,348,0x1.a0f77973c1c29p-121,0x1.85a68abd57523p-203,0x1.a0f77973c1c2ap-121,6.12677495951476211e-37
13,349,0x1.0f97d8bdc1e69p-121,0x1.85a68abd57523p-203,0x1.0f97d8bdc1e6ap-121,3.99070268342707934e-37
13,350,0x1.618f0b77c001p-122,0x1.85a68abd57523p-203,0x1.618f0b77c0011p-122,2.59753959581810372e-37
13,351,0x1.cbf06f0b6e8b1p-123,0x1.85a68abd57523p-203,0x1.cbf06f0b6e8b2p-123,1.68954976483485278e-37
13,352,0x1.2af47dce74616p-123,0x1.85a68abd57523p-203,0x1.2af47dce74617p-123,1.09818739419043316e-37
13,353,0x1.845d1c51f6a04p-124,0x1.85a68abd57523p-203,0x1.845d1c51f6a05p-124,7.13311486162984391e-38
13,354,0x1.f8293e62a489fp-125,0x1.85a68abd57523p-203,0x1.f8293e62a48ap-125,4.62998855127666740e-38
13,355,0x1.470405659e379p-125,0x1.85a68abd57523p-203,0x1.470405659e37ap-125,3.00316497360219718e-38
13,356,0x1.a7eed0638e505p-126,0x1.85a68abd57523p-203,0x1.a7eed0638e506p-126,1.94660426013483045e-38
13,357,0x1.1298c518fe234p-126,0x1.85a68abd57523p-203,0x1.1298c518fe235p-126,1.26088647328683048e-38
13,358,0x1.637cc48be4b81p-127,0x1.85a68abd57523p-203,0x1.637cc48be4b82p-127,8.16158984369729800e-39
13,359,0x1.cbe3dc72cba77p-128,0x1.85a68abd57523p-203,0x1.cbe3dc72cba78p-128,5.27927923836365548e-39
13,360,0x1.2945ea4d5626bp-128,0x1.85a68abd57523p-203,0x1.2945ea4d5626cp-128,3.41252790277053473e-39
13,361,0x1.800d3256e3314p-129,0x1.85a68abd57523p-203,0x1.800d3256e3315p-129,2.20434778665547980e-39
13,362,0x1.efd299526dffp-130,0x1.85a68abd57523p-203,0x1.efd299526dff1p-130,1.42294122667244258e-39
13,363,0x1.3fd7cabd033a9p-130,0x1.85a68abd57523p-203,0x1.3fd7cabd033aap-130,9.17904213712089151e-40
13,364,0x1.9c5d5352062b3p-131,0x1.85a68abd57523p-203,0x1.9c5d5352062b4p-131,5.91714113870138794e-40
13,365,0x1.09a4f737e9009p-131,0x1.85a68abd57523p-203,0x1.09a4f737e900ap-131,3.81181015989951172e-40
13,366,0x1.5605e60919265p-132,0x1.85a68abd57523p-203,0x1.5605e60919266p-132,2.45389497629033454e-40
13,367,0x1.b8106f9abe35p-133,0x1.85a68abd57523p-203,0x1.b8106f9abe351p-133,1.57865290699965584e-40
13,368,0x1.1ae9cb1b30335p-133,0x1.85a68abd57523p-203,0x1.1ae9cb1b30336p-133,1.01490153045959595e-40
13,369,0x1.6b84fdedbfe39p-134,0x1.85a68abd57523p-203,0x1.6b84fdedbfe3ap-134,6.52031125253273217e-41
13,370,0x1.d2c70850cee29p-135,0x1.85a68abd57523p-203,0x1.d2c70850cee2ap-135,4.18620513782300758e-41
13,371,0x1.2b7b5641b5cdap-135,0x1.85a68abd57523p-203,0x1.2b7b5641b5cdbp-135,2.68584553795290482e-41
13,372,0x1.8008bf7114689p-136,0x1.85a68abd57523p-203,0x1.8008bf711468ap-136,1.72206878178264306e-41
13,373,0x1.ec20fdb26b0bbp-137,0x1.85a68abd57523p-203,0x1.ec20fdb26b0bcp-137,1.10339109013408461e-41
13,374,0x1.3b1d39bad3dcp-137,0x1.85a68abd57523p-203,0x1.3b1d39bad3dc1p-137,7.06510386382806846e-42
13,375,0x1.934589b407bf2p-138,0x1.85a68abd57523p-203,0x1.934589b407bf3p-138,4.52083135389252083e-42
13,376,0x1.01dfea3ed866p-138,0x1.85a68abd57523p-203,0x1.01dfea3ed8661p-138,2.89087501064206573e-42
13,377,0x1.49949bdae2127p-139,0x1.85a68abd57523p-203,0x1.49949bdae2128p-139,1.84736261179104889e-42
13,378,0x1.a4f24370c08b5p-140,0x1.85a68abd57523p-203,0x1.a4f24370c08b6p-140,1.17974292398072374e-42
13,379,0x1.0ca483949e913p-140,0x1.85a68abd57523p-203,0x1.0ca483949e914p-140,7.52897017476894089e-43
13,380,0x1.56a99d8ec24a7p-141,0x1.85a68abd57523p-203,0x1.56a99d8ec24a8p-141,4.80172519654686547e-43
13,381,0x1.b4ca2f057c1f5p-142,0x1.85a68abd57523p-203,0x1.b4ca2f057c1f6p-142,3.06036423966386949e-43
13,382,0x1.1634272b16fb8p-142,0x1.85a68abd57523p-203,0x1.1634272b16fb9p-142,1.94923224667240348e-43
13,383,0x1.6228c5c3398ep-143,0x1.85a68abd57523p-203,0x1.6228c5c3398e1p-143,1.24070709459789306e-43
13,384,0x1.c28eac77314f7p-144,0x1.85a68abd57523p-203,0x1.c28eac77314f8p-144,7.89206599209713779e-44
13,385,0x1.1e68e5ceba5e7p-144,0x1.85a68abd57523p-203,0x1.1e68e5ceba5e8p-144,5.01681940087133898e-44
13,386,0x1.6be455cfef853p-145,0x1.85a68abd57523p-203,0x1.6be455cfef854p-145,3.18700755526434175e-44
13,387,0x1.ce08d9273523bp-146,0x1.85a68abd57523p-203,0x1.ce08d9273523cp-146,2.02327601340431865e-44
13,388,0x1.25220148f7afcp-146,0x1.85a68abd57523p-203,0x1.25220148f7afdp-146,1.28364558586285750e-44
13,389,0x1.73b57a7d5b075p-147,0x1.85a68abd57523p-203,0x1.73b57a7d5b076p-147,8.13867361184227379e-45
13,390,0x1.d70afe0a76b6fp-148,0x1.85a68abd57523p-203,0x1.d70afe0a76b7p-148,5.15681052226651510e-45
13,391,0x1.2a44c6bd919c4p-148,0x1.85a68abd57523p-203,0x1.2a44c6bd919c5p-148,3.26533915442349059e-45
13,392,0x1.797d4e7a3d0fbp-149,0x1.85a68abd57523p-203,0x1.797d4e7a3d0fcp-149,2.06631026105959549e-45
13,393,0x1.dd71befc090a5p-150,0x1.85a68abd57523p-203,0x1.dd71befc090a7p-150,1.30672264264948680e-45
13,394,0x1.2dbd3eeb3fbfp-150,0x1.85a68abd57523p-203,0x1.2dbd3eeb3fbf2p-150,8.25833467741884928e-46
13,395,0x1.7d25a4d99d435p-151,0x1.85a68abd57523p-203,0x1.7d25a4d99d438p-151,5.21582784345431883e-46
13,396,0x1.e125003157bf3p-152,0x1.85a68abd57523p-203,0x1.e125003157bf7p-152,3.29212449648539539e-46
13,397,0x1.2f7eadfb4559bp-152,0x1.85a68abd57523p-203,0x1.2f7eadfb4559fp-152,2.07659597837799477e-46
13,398,0x1.7ea19466cc359p-153,0x1.85a68abd57523p-203,0x1.7ea19466cc36p-153,1.30903435516086570e-46
13,399,0x1.e21879c5041c3p-154,0x1.85a68abd57523p-203,0x1.e21879c5041dp-154,8.24658001986549580e-47
13,400,0x1.2f83de7a94942p-154,0x1.85a68abd57523p-203,0x1.2f83de7a9494fp-154,5.19183669992039109e-47
13,401,0x1.7dedbf24a1503p-155,0x1.85a68abd57523p-203,0x1.7dedbf24a151cp-155,3.26657774533478529e-47
13,402,0x1.e04bf4972dcc1p-156,0x1.85a68abd57523p-203,0x1.e04bf4972dcf3p-156,2.05395211608627600e-47
13,403,0x1.2dcf35368539fp-156,0x1.85a68abd57523p-203,0x1.2dcf3536853d1p-156,1.29066484603242861e-47
13,404,0x1.7b1054067219bp-157,0x1.85a68abd57523p-203,0x1.7b105406721fdp-157,8.10518639784834771e-48
13,405,0x1.dbcb2f3b3bdb4p-158,0x1.85a68abd57523p-203,0x1.dbcb2f3b3be78p-158,5.08673832971882855e-48
13,406,0x1.2a6a8deaf5f38p-158,0x1.85a68abd57523p-203,0x1.2a6a8deaf5ffcp-158,3.19038545240498226e-48
13,407,0x1.7618cbb81763fp-159,0x1.85a68abd57523p-203,0x1.7618cbb8177c6p-159,1.99974576314720505e-48
13,408,0x1.d4ad6d265d973p-160,0x1.85a68abd57523p-203,0x1.d4ad6d265dc7fp-160,1.25266454007566770e-48
13,409,0x1.2566e2db1ab01p-160,0x1.85a68abd57523p-203,0x1.2566e2db1ae0dp-160,7.84194241644190914e-49
13,410,0x1.6f1f63fab34e5p-161,0x1.85a68abd57523p-203,0x1.6f1f63fab3afdp-161,4.90616190588352616e-49
13,411,0x1.cb14b5a21b542p-162,0x1.85a68abd57523p-203,0x1.cb14b5a21c17p-162,3.06753804812885623e-49
13,412,0x1.1edbc375894cp-162,0x1.85a68abd57523p-203,0x1.1edbc3758a0eep-162,1.91676286302966035e-49
13,413,0x1.66445f93d2badp-163,0x1.85a68abd57523p-203,0x1.66445f93d4408p-163,1.19695452161148495e-49
13,414,0x1.bf2ccb02108a3p-164,0x1.85a68abd57523p-203,0x1.bf2ccb0213959p-164,7.46995928847880000e-50
13,415,0x1.16e69fee52b95p-164,0x1.85a68abd57523p-203,0x1.16e69fee55c4bp-164,4.65897764962581347e-50
13,416,0x1.5baf12ee18889p-165,0x1.85a68abd57523p-203,0x1.5baf12ee1e9f4p-165,2.90399128651383679e-50
13,417,0x1.b129e51fe19f9p-166,0x1.85a68abd57523p-203,0x1.b129e51fedccdp-166,1.80897581854938984e-50
13,418,0x1.0da9f1325b7cp-166,0x1.85a68abd57523p-203,0x1.0da9f13267a94p-166,1.12616872830120373e-50
13,419,0x1.4f8cc73dc92cp-167,0x1.85a68abd57523p-203,0x1.4f8cc73de1868p-167,7.00660915458870888e-51
13,420,0x1.a1473c1125594p-168,0x1.85a68abd57523p-203,0x1.a1473c11560e2p-168,4.35658831424607122e-51
13,421,0x1.034c45ae38273p-168,0x1.85a68abd57523p-203,0x1.034c45ae68dc1p-168,2.70719679203044013e-51
13,422,0x1.420f7f2f38bcdp-169,0x1.85a68abd57523p-203,0x1.420f7f2f9a268p-169,1.68123443554843836e-51
13,423,0x1.8fc57155ef2ddp-170,0x1.85a68abd57523p-203,0x1.8fc57156b2012p-170,1.04345167734642829e-51
13,424,0x1.efee781dfe33ap-171,0x1.85a68abd57523p-203,0x1.efee781f83da4p-171,6.47220833220721994e-52
13,425,0x1.336ca8cfdb567p-171,0x1.85a68abd57523p-203,0x1.336ca8d160fd1p-171,4.01207628679708329e-52
13,426,0x1.7ce8e65b63996p-172,0x1.85a68abd57523p-203,0x1.7ce8e65e6ee68p-172,2.48555219243849022e-52
13,427,0x1.d7aceac322a9dp-173,0x1.85a68abd57523p-203,0x1.d7aceac939441p-173,1.53891298529978741e-52
13,428,0x1.23dbc8831505p-173,0x1.85a68abd57523p-203,0x1.23dbc8892b9f4p-173,9.52232880621955417e-53
13,429,0x1.68f80f1d9d547p-174,0x1.85a68abd57523p-203,0x1.68f80f29ca88dp-174,5.88858126740173608e-53
13,430,0x1.be2d0f8f23b05p-175,0x1.85a68abd57523p-203,0x1.be2d0fa77e191p-175,3.63929297196415667e-53
13,431,0x1.1395286fc2ff3p-175,0x1.85a68abd57523p-203,0x1.139528881d67fp-175,2.24782586935727247e-53
13,432,0x1.5439cf0179f8bp-176,0x1.85a68abd57523p-203,0x1.5439cf322eca1p-176,1.38754815567941295e-53
13,433,0x1.a3c7f4d1bd61dp-177,0x1.85a68abd57523p-203,0x1.a3c7f53327049p-177,8.55999809641080418e-54
13,434,0x1.02d096f7337d3p-177,0x1.85a68abd57523p-203,0x1.02d097589d1ffp-177,5.27764197466900523e-54
13,435,0x1.3ef3ecbb71162p-178,0x1.85a68abd57523p-203,0x1.3ef3ed7e445b9p-178,3.25197563899694986e-54
13,436,0x1.88d4a4c27ab49p-179,0x1.85a68abd57523p-203,0x1.88d4a648213f6p-179,2.00260912156300184e-54
13,437,0x1.e3887b051de32p-180,0x1.85a68abd57523p-203,0x1.e3887e106af8bp-180,1.23250046016650302e-54
13,438,0x1.2969a85a41998p-180,0x1.85a68abd57523p-203,0x1.2969ab658eaf1p-180,7.58089409013916688e-55
13,439,0x1.6da66e73b6e17p-181,0x1.85a68abd57523p-203,0x1.6da6748a510c7p-181,4.66011520829771113e-55
13,440,0x1.c1472eb239d71p-182,0x1.85a68abd57523p-203,0x1.c1473adf6e2d1p-182,2.86296613320432294e-55
13,441,0x1.13da7c651be57p-182,0x1.85a68abd57523p-203,0x1.13da8892503b7p-182,1.75784085104861259e-55
13,442,0x1.528b681ad74fbp-183,0x1.85a68abd57523p-203,0x1.528b80753ffb9p-183,1.07866637545515450e-55
13,443,0x1.9f3d1c875e55bp-184,0x1.85a68abd57523p-203,0x1.9f3d4d3c2fad7p-184,6.61514624533256480e-56
13,444,0x1.fd0220c6c3f3fp-185,0x1.85a68abd57523p-203,0x1.fd02823066a35p-185,4.05449696758931383e-56
13,445,0x1.37cb3160aa0cfp-185,0x1.85a68abd57523p-203,0x1.37cb92ca4cbc5p-185,2.48359212368254393e-56
13,446,0x1.7dc1809908745p-186,0x1.85a68abd57523p-203,0x1.7dc2436c4dd31p-186,1.52044230517307249e-56
13,447,0x1.d324bf483b0ffp-187,0x1.85a68abd57523p-203,0x1.d32644eec5cd5p-187,9.30265090925833992e-57
13,448,0x1.1da5f7446e7b7p-187,0x1.85a68abd57523p-203,0x1.1da77ceaf938dp-187,5.68841843511558747e-57
13,449,0x1.5d21dbed05244p-188,0x1.85a68abd57523p-203,0x1.5d24e73a1a9fp-188,3.47636703969671615e-57
13,450,0x1.aa7a218f96ee3p-189,0x1.85a68abd57523p-203,0x1.aa803829c1e3ap-189,2.12329707921150997e-57
13,451,0x1.0453b0925fc97p-189,0x1.85a68abd57523p-203,0x1.0459c72c8abeep-189,1.29613308408035327e-57
13,452,0x1.3da10e5e22fap-190,0x1.85a68abd57523p-203,0x1.3dad3b9278e4dp-190,7.90762758735907156e-58
13,453,0x1.8351d4d70ec8p-191,0x1.85a68abd57523p-203,0x1.836a2f3fba9d8p-191,4.82177623270195781e-58
13,454,0x1.d806d95d3be3fp-192,0x1.85a68abd57523p-203,0x1.d8378e2e938efp-192,2.93861368807140771e-58
13,455,0x1.1f7664b5b9d29p-192,0x1.85a68abd57523p-203,0x1.1fa71987117d9p-192,1.79006735386037648e-58
13,456,0x1.5dec3eea165fcp-193,0x1.85a68abd57523p-203,0x1.5e4da88cc5b5ap-193,1.08997155916730286e-58
13,457,0x1.a9b462f9aa607p-194,0x1.85a68abd57523p-203,0x1.aa77363f090c3p-194,6.63475597278651312e-59
13,458,0x1.02cba415a4fdcp-194,0x1.85a68abd57523p-203,0x1.038e775b03a98p-194,4.03806029809418448e-59
13,459,0x1.3a7716bd286e1p-195,0x1.85a68abd57523p-203,0x1.3bfcbd47e5c57p-195,2.45799195810215612e-59
13,460,0x1.7ddf6e0e47437p-196,0x1.85a68abd57523p-203,0x1.80eabb23c1f22p-196,1.49708991348500888e-59
13,461,0x1.cf6dd5285b123p-197,0x1.85a68abd57523p-203,0x1.d5846f53506f9p-197,9.13066712047711115e-60
13,462,0x1.1901e017f7e13p-197,0x1.85a68abd57523p-203,0x1.1f187a42ed3e9p-197,5.58312625576750942e-60
13,463,0x1.54872ba040e6ep-198,0x1.85a68abd57523p-203,0x1.60b45ff62ba18p-198,3.42950944925533579e-60
13,464,0x1.9c4ce0dd3e2f4p-199,0x1.85a68abd57523p-203,0x1.b4a7498913a47p-199,2.12289155381184659e-60
13,465,0x1.f2b0824aef943p-200,0x1.85a68abd57523p-203,0x1.11b2a9d14d3f5p-199,1.33064549711742398e-60
13,466,0x1.2d34f914f12b6p-200,0x1.85a68abd57523p-203,0x1.5de9ca6c9c15bp-200,8.50591980294904148e-61
13,467,0x1.6b41984e500cp-201,0x1.85a68abd57523p-203,0x1.ccab3afda5e0ap-201,5.59911993958019220e-61
13,468,0x1.b51cc8b6f4839p-202,0x1.85a68abd57523p-203,0x1.3bf8070ad0166p-201,3.84038872515065549e-61
13,469,0x1.062d1593c1223p-202,0x1.85a68abd57523p-203,0x1.c9005af26ccb5p-202,2.77727208780657679e-61
13,470,0x1.391b8eeea6dadp-203,0x1.85a68abd57523p-203,0x1.5f610cd5ff169p-202,2.13538820386299582e-61
13,471,0x1.738646ead9d67p-204,0x1.85a68abd57523p-203,0x1.1fb4d719621ecp-202,1.74843883520432581e-61
13,472,0x1.b4a8ad4904599p-205,0x1.85a68abd57523p-203,0x1.f2d0b60f9868ap-203,1.51569096484670094e-61
13,473,0x1.f9f6c94beca58p-206,0x1.85a68abd57523p-203,0x1.c4e563e6d4e6fp-203,1.37616165696327917e-61
13,474,0x1.1ee481c49c559p-206,0x1.85a68abd57523p-203,0x1.a9831af5eadcfp-203,1.29295336267268697e-61
13,475,0x1.3ab86c7a4bed8p-207,0x1.85a68abd57523p-203,0x1.99521184fc111p-203,1.24375401455061346e-61
13,476,0x1.4775665666807p-208,0x1.85a68abd57523p-203,0x1.8fe235f00a864p-203,1.21507908849056842e-61
13,477,0x1.37b23228bdb6bp-209,0x1.85a68abd57523p-203,0x1.8a855385fa492p-203,1.19878369208968650e-61
13,478,0x1.f6a087c79ba19p-211,0x1.85a68abd57523p-203,0x1.879d2b451eedep-203,1.18995094773659614e-61
13,479,0x1.12890fdcf4053p-212,0x1.85a68abd57523p-203,0x1.862fcf4545cc4p-203,1.18561432939301853e-61
13,480,0x0p+0,0x1.85a68abd57523p-203,0x1.85a68abd57523p-203,1.18398503597227921e-61
