height,threshold,known_upper_hex,unknown_moment_hex,total_upper_hex,total_upper_decimal
1,0,0x1.19b531acaa034p-6,0x1.00c3bf5947e86p-516,0x1.19b531acaa035p-6,1.71940789320219230e-02
1,1,0x1.5aa857f5afefcp-8,0x1.00c3bf5947e86p-516,0x1.5aa857f5afefdp-8,5.28957507566451841e-03
1,2,0x1.85b2e5b6238acp-10,0x1.00c3bf5947e86p-516,0x1.85b2e5b6238adp-10,1.48658301398855585e-03
1,3,0x1.92c0af6fcdb0ep-12,0x1.00c3bf5947e86p-516,0x1.92c0af6fcdb0fp-12,3.84094883873074259e-04
1,4,0x1.80dc54a16ede1p-14,0x1.00c3bf5947e86p-516,0x1.80dc54a16ede2p-14,9.17579332257372025e-05
1,5,0x1.55c615e5c3e5ep-16,0x1.00c3bf5947e86p-516,0x1.55c615e5c3e5fp-16,2.03713042515304726e-05
1,6,0x1.1b59ccee59516p-18,0x1.00c3bf5947e86p-516,0x1.1b59ccee59517p-18,4.22225569560632409e-06
1,7,0x1.b86ad1e1b1005p-21,0x1.00c3bf5947e86p-516,0x1.b86ad1e1b1006p-21,8.20341082362775695e-07
1,8,0x1.4206ba264e65dp-23,0x1.00c3bf5947e86p-516,0x1.4206ba264e65ep-23,1.49955171122213627e-07
1,9,0x1.bc87746847389p-26,0x1.00c3bf5947e86p-516,0x1.bc8774684738ap-26,2.58750002822487605e-08
1,10,0x1.227ce9238db7ep-28,0x1.00c3bf5947e86p-516,0x1.227ce9238db7fp-28,4.22715576739589656e-09
1,11,0x1.686c143faa16p-31,0x1.00c3bf5947e86p-516,0x1.686c143faa161p-31,6.55604133445149539e-10
1,12,0x1.a9970f2c259edp-34,0x1.00c3bf5947e86p-516,0x1.a9970f2c259eep-34,9.67679796447554367e-11
1,13,0x1.df57c6509a9c6p-37,0x1.00c3bf5947e86p-516,0x1.df57c6509a9c7p-37,1.36237437628382212e-11
1,14,0x1.02036f1564c0fp-39,0x1.00c3bf5947e86p-516,0x1.02036f1564c1p-39,1.83329556869254926e-12
1,15,0x1.09fd29a46a7a4p-42,0x1.00c3bf5947e86p-516,0x1.09fd29a46a7a5p-42,2.36245615657097649e-13
1,16,0x1.070d0611f3c1p-45,0x1.00c3bf5947e86p-516,0x1.070d0611f3c11p-45,2.92045136821313692e-14
1,17,0x1.f3ec56982846bp-49,0x1.00c3bf5947e86p-516,0x1.f3ec56982846cp-49,3.46891401940235096e-15
1,18,0x1.c922c717912e3p-52,0x1.00c3bf5947e86p-516,0x1.c922c717912e4p-52,3.96502145702988507e-16
1,19,0x1.92cf7fcf41266p-55,0x1.00c3bf5947e86p-516,0x1.92cf7fcf41267p-55,4.36728066871844546e-17
1,20,0x1.567a8ecb15961p-58,0x1.00c3bf5947e86p-516,0x1.567a8ecb15962p-58,4.64145244256029997e-18
1,21,0x1.194cd515c793bp-61,0x1.00c3bf5947e86p-516,0x1.194cd515c793cp-61,4.76540950289478756e-19
1,22,0x1.beec2463f4caep-65,0x1.00c3bf5947e86p-516,0x1.beec2463f4cafp-65,4.73197529136577649e-20
1,23,0x1.57bbca26ef059p-68,0x1.00c3bf5947e86p-516,0x1.57bbca26ef05ap-68,4.54927569938861790e-21
1,24,0x1.0036c87ae0fdbp-71,0x1.00c3bf5947e86p-516,0x1.0036c87ae0fdcp-71,4.23870501274656660e-22
1,25,0x1.728565c136ca2p-75,0x1.00c3bf5947e86p-516,0x1.728565c136ca3p-75,3.83109821434556647e-23
1,26,0x1.041f2e0861378p-78,0x1.00c3bf5947e86p-516,0x1.041f2e0861379p-78,3.36199541688857118e-24
1,27,0x1.62e8c84a23e8fp-82,0x1.00c3bf5947e86p-516,0x1.62e8c84a23e9p-82,2.86693454379094157e-25
1,28,0x1.d6ebcfbbd013bp-86,0x1.00c3bf5947e86p-516,0x1.d6ebcfbbd013cp-86,2.37754416394077556e-26
1,29,0x1.30103fef13f57p-89,0x1.00c3bf5947e86p-516,0x1.30103fef13f58p-89,1.91891030856057108e-27
1,30,0x1.7e6a01aa7e706p-93,0x1.00c3bf5947e86p-516,0x1.7e6a01aa7e707p-93,1.50835761783320769e-28
1,31,0x1.d4ba111261b7cp-97,0x1.00c3bf5947e86p-516,0x1.d4ba111261b7dp-97,1.15550083090388643e-29
1,32,0x1.18230cda2c6fcp-100,0x1.00c3bf5947e86p-516,0x1.18230cda2c6fdp-100,8.63238516570262907e-31
1,33,0x1.46beff8ee4bb3p-104,0x1.00c3bf5947e86p-516,0x1.46beff8ee4bb4p-104,6.29290073180692578e-32
1,34,0x1.741a34a931482p-108,0x1.00c3bf5947e86p-516,0x1.741a34a931483p-108,4.47901930710645003e-33
1,35,0x1.9df7effad6ddp-112,0x1.00c3bf5947e86p-516,0x1.9df7effad6dd1p-112,3.11435289404451223e-34
1,36,0x1.c225cefd7936p-116,0x1.00c3bf5947e86p-516,0x1.c225cefd79361p-116,2.11658426496524957e-35
1,37,0x1.deae2447cd303p-120,0x1.00c3bf5947e86p-516,0x1.deae2447cd304p-120,1.40671479814682031e-36
1,38,0x1.f205d0b4456b5p-124,0x1.00c3bf5947e86p-516,0x1.f205d0b4456b6p-124,9.14723264111337119e-38
1,39,0x1.fb2fb225fa7c9p-128,0x1.00c3bf5947e86p-516,0x1.fb2fb225fa7cap-128,5.82221332677978845e-39
1,40,0x1.f9d14620a9cebp-132,0x1.00c3bf5947e86p-516,0x1.f9d14620a9cecp-132,3.62906241425831673e-40
1,41,0x1.ee36522c8c87ap-136,0x1.00c3bf5947e86p-516,0x1.ee36522c8c87bp-136,2.21612411144265443e-41
1,42,0x1.d943d8f991984p-140,0x1.00c3bf5947e86p-516,0x1.d943d8f991985p-140,1.32637111818094101e-42
1,43,0x1.bc5ce6f5cf5f2p-144,0x1.00c3bf5947e86p-516,0x1.bc5ce6f5cf5f3p-144,7.78356310267393884e-44
1,44,0x1.993d7389bdec4p-148,0x1.00c3bf5947e86p-516,0x1.993d7389bdec5p-148,4.48021441802207095e-45
1,45,0x1.71d079e22be31p-152,0x1.00c3bf5947e86p-516,0x1.71d079e22be32p-152,2.53037253156777548e-46
1,46,0x1.4806760bb06b2p-156,0x1.00c3bf5947e86p-516,0x1.4806760bb06b3p-156,1.40277485137178374e-47
1,47,0x1.1db0bbd525d11p-160,0x1.00c3bf5947e86p-516,0x1.1db0bbd525d12p-160,7.63583128520452336e-49
1,48,0x1.e8c9bb5179a52p-165,0x1.00c3bf5947e86p-516,0x1.e8c9bb5179a53p-165,4.08254798709762903e-50
1,49,0x1.9ad3b451b3f87p-169,0x1.00c3bf5947e86p-516,0x1.9ad3b451b3f88p-169,2.14461685138625692e-51
1,50,0x1.535e9c88f6a52p-173,0x1.00c3bf5947e86p-516,0x1.535e9c88f6a53p-173,1.10724490540116616e-52
1,51,0x1.139b5d9001e43p-177,0x1.00c3bf5947e86p-516,0x1.139b5d9001e44p-177,5.62005910154983618e-54
1,52,0x1.b836ca974a197p-182,0x1.00c3bf5947e86p-516,0x1.b836ca974a198p-182,2.80520563374827424e-55
1,53,0x1.59d2a64c9e033p-186,0x1.00c3bf5947e86p-516,0x1.59d2a64c9e034p-186,1.37731896265189442e-56
1,54,0x1.0b4dc1cf5cce6p-190,0x1.00c3bf5947e86p-516,0x1.0b4dc1cf5cce7p-190,6.65374099545501454e-58
1,55,0x1.96afc0ac8e95fp-195,0x1.00c3bf5947e86p-516,0x1.96afc0ac8e96p-195,3.16352064082091947e-59
1,56,0x1.308e31383f4a7p-199,0x1.00c3bf5947e86p-516,0x1.308e31383f4a8p-199,1.48066652105326442e-60
1,57,0x1.c125f8912eeacp-204,0x1.00c3bf5947e86p-516,0x1.c125f8912eeadp-204,6.82386934276369252e-62
1,58,0x1.4630e45e2e9c1p-208,0x1.00c3bf5947e86p-516,0x1.4630e45e2e9c2p-208,3.09736859249246635e-63
1,59,0x1.d2bc86f8fe0bcp-213,0x1.00c3bf5947e86p-516,0x1.d2bc86f8fe0bdp-213,1.38497732293374673e-64
1,60,0x1.4905a4107b505p-217,0x1.00c3bf5947e86p-516,0x1.4905a4107b506p-217,6.10205277361859353e-66
1,61,0x1.c92d77591b40cp-222,0x1.00c3bf5947e86p-516,0x1.c92d77591b40dp-222,2.64963433534269486e-67
1,62,0x1.39196bf8ce24bp-226,0x1.00c3bf5947e86p-516,0x1.39196bf8ce24cp-226,1.13413072589944912e-68
1,63,0x1.a6d421f78023p-231,0x1.00c3bf5947e86p-516,0x1.a6d421f780231p-231,4.78625062373755525e-70
1,64,0x1.198d1a91c4a7dp-235,0x1.00c3bf5947e86p-516,0x1.198d1a91c4a7ep-235,1.99190405524919879e-71
1,65,0x1.71d4eb670694cp-240,0x1.00c3bf5947e86p-516,0x1.71d4eb670694dp-240,8.17645835431442563e-73
1,66,0x1.df3e2ff734186p-245,0x1.00c3bf5947e86p-516,0x1.df3e2ff734187p-245,3.31105810460231339e-74
1,67,0x1.32615924ddb5ep-249,0x1.00c3bf5947e86p-516,0x1.32615924ddb5fp-249,1.32297581163635301e-75
1,68,0x1.829849e51891bp-254,0x1.00c3bf5947e86p-516,0x1.829849e51891cp-254,5.21671644535959079e-77
1,69,0x1.e17d2c51ae643p-259,0x1.00c3bf5947e86p-516,0x1.e17d2c51ae644p-259,2.03038075900022745e-78
1,70,0x1.28007349888f9p-263,0x1.00c3bf5947e86p-516,0x1.28007349888fap-263,7.80127284109271702e-80
1,71,0x1.67582c727f6dap-268,0x1.00c3bf5947e86p-516,0x1.67582c727f6dbp-268,2.95959382187554674e-81
1,72,0x1.aeccb83f049f7p-273,0x1.00c3bf5947e86p-516,0x1.aeccb83f049f8p-273,1.10878309756580895e-82
1,73,0x1.fe198bf284469p-278,0x1.00c3bf5947e86p-516,0x1.fe198bf28446ap-278,4.10276258442496965e-84
1,74,0x1.2a5290c9ef12ep-282,0x1.00c3bf5947e86p-516,0x1.2a5290c9ef12fp-282,1.49964097774434780e-85
1,75,0x1.58bd906cded11p-287,0x1.00c3bf5947e86p-516,0x1.58bd906cded12p-287,5.41556243891410649e-87
1,76,0x1.89a58cd1a3937p-292,0x1.00c3bf5947e86p-516,0x1.89a58cd1a3938p-292,1.93244834430595911e-88
1,77,0x1.bc363e9e788cfp-297,0x1.00c3bf5947e86p-516,0x1.bc363e9e788dp-297,6.81461781589785222e-90
1,78,0x1.ef741547a80ccp-302,0x1.00c3bf5947e86p-516,0x1.ef741547a80cdp-302,2.37522196514561599e-91
1,79,0x1.1121ddd51f8a9p-306,0x1.00c3bf5947e86p-516,0x1.1121ddd51f8aap-306,8.18378873061675165e-93
1,80,0x1.29ba0bb7a84d3p-311,0x1.00c3bf5947e86p-516,0x1.29ba0bb7a84d4p-311,2.78772048974682558e-94
1,81,0x1.40e5242df9eb8p-316,0x1.00c3bf5947e86p-516,0x1.40e5242df9eb9p-316,9.38954327409030648e-96
1,82,0x1.56077e6b2a0fap-321,0x1.00c3bf5947e86p-516,0x1.56077e6b2a0fbp-321,3.12748116957504565e-97
1,83,0x1.688e26b84a8d2p-326,0x1.00c3bf5947e86p-516,0x1.688e26b84a8d3p-326,1.03027534244606916e-98
1,84,0x1.77f59f1ae1675p-331,0x1.00c3bf5947e86p-516,0x1.77f59f1ae1676p-331,3.35716344742124838e-100
1,85,0x1.83d002101105bp-336,0x1.00c3bf5947e86p-516,0x1.83d002101105cp-336,1.08218953529646498e-101
1,86,0x1.8bca1ffb14a74p-341,0x1.00c3bf5947e86p-516,0x1.8bca1ffb14a75p-341,3.45140431067736839e-103
1,87,0x1.8faf421a4d7d9p-346,0x1.00c3bf5947e86p-516,0x1.8faf421a4d7dap-346,1.08917823083496502e-104
1,88,0x1.8f6b571e9c5bbp-351,0x1.00c3bf5947e86p-516,0x1.8f6b571e9c5bcp-351,3.40142266117605454e-106
1,89,0x1.8b0b6b71a7308p-356,0x1.00c3bf5947e86p-516,0x1.8b0b6b71a7309p-356,1.05130254799366721e-107
1,90,0x1.82bc6ef8e42fap-361,0x1.00c3bf5947e86p-516,0x1.82bc6ef8e42fbp-361,3.21622392092196041e-109
1,91,0x1.76c868c465cb2p-366,0x1.00c3bf5947e86p-516,0x1.76c868c465cb3p-366,9.74005321135851451e-111
1,92,0x1.679253e43dbbep-371,0x1.00c3bf5947e86p-516,0x1.679253e43dbbfp-371,2.92022972265104824e-112
1,93,0x1.5590f5646ac88p-376,0x1.00c3bf5947e86p-516,0x1.5590f5646ac89p-376,8.66875261848729461e-114
1,94,0x1.414908b48dc16p-381,0x1.00c3bf5947e86p-516,0x1.414908b48dc17p-381,2.54813555273640760e-115
1,95,0x1.2b4724e0fb465p-386,0x1.00c3bf5947e86p-516,0x1.2b4724e0fb466p-386,7.41747968584542717e-117
1,96,0x1.1419ba2e14e3fp-391,0x1.00c3bf5947e86p-516,0x1.1419ba2e14e4p-391,2.13844910575420915e-118
1,97,0x1.f896fb9570655p-397,0x1.00c3bf5947e86p-516,0x1.f896fb9570656p-397,6.10646965081313485e-120
1,98,0x1.c8bd13d74eb34p-402,0x1.00c3bf5947e86p-516,0x1.c8bd13d74eb35p-402,1.72730678476498522e-121
1,99,0x1.9990cb2a2ac3ap-407,0x1.00c3bf5947e86p-516,0x1.9990cb2a2ac3bp-407,4.84033334760888844e-123
1,100,0x1.6bde253f0d869p-412,0x1.00c3bf5947e86p-516,0x1.6bde253f0d86ap-412,1.34383328372472254e-124
1,101,0x1.404e58152ea2cp-417,0x1.00c3bf5947e86p-516,0x1.404e58152ea2dp-417,3.69672342539953746e-126
1,102,0x1.1766182f358ddp-422,0x1.00c3bf5947e86p-516,0x1.1766182f358dep-422,1.00768875253068816e-127
1,103,0x1.e30b88bee9febp-428,0x1.00c3bf5947e86p-516,0x1.e30b88bee9fecp-428,2.72213419631339326e-129
1,104,0x1.9dd6544002a3p-433,0x1.00c3bf5947e86p-516,0x1.9dd6544002a31p-433,7.28788420047310933e-131
1,105,0x1.5f6919b44e55dp-438,0x1.00c3bf5947e86p-516,0x1.5f6919b44e55ep-438,1.93391208652158759e-132
1,106,0x1.27c9287c250fap-443,0x1.00c3bf5947e86p-516,0x1.27c9287c250fbp-443,5.08685359134894442e-134
1,107,0x1.ed9b1bd2713d1p-449,0x1.00c3bf5947e86p-516,0x1.ed9b1bd2713d2p-449,1.32639329480974357e-135
1,108,0x1.9850f8abe6dd6p-454,0x1.00c3bf5947e86p-516,0x1.9850f8abe6dd7p-454,3.42877284831705055e-137
1,109,0x1.4ee128587214bp-459,0x1.00c3bf5947e86p-516,0x1.4ee128587214cp-459,8.78780913635294042e-139
1,110,0x1.105337727496ep-464,0x1.00c3bf5947e86p-516,0x1.105337727497p-464,2.23321050579632616e-140
1,111,0x1.b73145fab5592p-470,0x1.00c3bf5947e86p-516,0x1.b73145fab55d3p-470,5.62751889809161344e-142
1,112,0x1.5f348bd56b32fp-475,0x1.00c3bf5947e86p-516,0x1.5f348bd56bb36p-475,1.40628422273550449e-143
1,113,0x1.1686b51db6ffcp-480,0x1.00c3bf5947e86p-516,0x1.1686b51dc70cp-480,3.48520374262068724e-145
1,114,0x1.b62827a8cd07dp-486,0x1.00c3bf5947e86p-516,0x1.b62827acd016dp-486,8.56666438692730459e-147
1,115,0x1.55d69e740a9dep-491,0x1.00c3bf5947e86p-516,0x1.55d69ef46c7d9p-491,2.08858889087587286e-148
1,116,0x1.088b4f4af270cp-496,0x1.00c3bf5947e86p-516,0x1.088b5f572e666p-496,5.05103987004386052e-150
1,117,0x1.962e4c24ef8a9p-502,0x1.00c3bf5947e86p-516,0x1.96324f33ecefbp-502,1.21182082309580907e-151
1,118,0x1.355653fb71e38p-507,0x1.00c3bf5947e86p-516,0x1.35d6b5db1e878p-507,2.88860336100697883e-153
1,119,0x1.d2c11b57e0fa9p-513,0x1.00c3bf5947e86p-516,0x1.f2d9934309f7ap-513,7.26678232899777782e-155
1,120,0x1.4e6422df6f81ep-518,0x1.00c3bf5947e86p-516,0x1.545cc81123c8ep-516,6.19760487909536378e-156
1,121,0x0p+0,0x1.00c3bf5947e86p-516,0x1.00c3bf5947e86p-516,4.67538613686141471e-156
1,122,0x0p+0,0x1.00c3bf5947e86p-516,0x1.00c3bf5947e86p-516,4.67538613686141471e-156
1,123,0x0p+0,0x1.00c3bf5947e86p-516,0x1.00c3bf5947e86p-516,4.67538613686141471e-156
1,124,0x0p+0,0x1.00c3bf5947e86p-516,0x1.00c3bf5947e86p-516,4.67538613686141471e-156
1,125,0x0p+0,0x1.00c3bf5947e86p-516,0x1.00c3bf5947e86p-516,4.67538613686141471e-156
1,126,0x0p+0,0x1.00c3bf5947e86p-516,0x1.00c3bf5947e86p-516,4.67538613686141471e-156
1,127,0x0p+0,0x1.00c3bf5947e86p-516,0x1.00c3bf5947e86p-516,4.67538613686141471e-156
1,128,0x0p+0,0x1.00c3bf5947e86p-516,0x1.00c3bf5947e86p-516,4.67538613686141471e-156
1,129,0x0p+0,0x1.00c3bf5947e86p-516,0x1.00c3bf5947e86p-516,4.67538613686141471e-156
1,130,0x0p+0,0x1.00c3bf5947e86p-516,0x1.00c3bf5947e86p-516,4.67538613686141471e-156
1,131,0x0p+0,0x1.00c3bf5947e86p-516,0x1.00c3bf5947e86p-516,4.67538613686141471e-156
1,132,0x0p+0,0x1.00c3bf5947e86p-516,0x1.00c3bf5947e86p-516,4.67538613686141471e-156
1,133,0x0p+0,0x1.00c3bf5947e86p-516,0x1.00c3bf5947e86p-516,4.67538613686141471e-156
1,134,0x0p+0,0x1.00c3bf5947e86p-516,0x1.00c3bf5947e86p-516,4.67538613686141471e-156
1,135,0x0p+0,0x1.00c3bf5947e86p-516,0x1.00c3bf5947e86p-516,4.67538613686141471e-156
1,136,0x0p+0,0x1.00c3bf5947e86p-516,0x1.00c3bf5947e86p-516,4.67538613686141471e-156
1,137,0x0p+0,0x1.00c3bf5947e86p-516,0x1.00c3bf5947e86p-516,4.67538613686141471e-156
1,138,0x0p+0,0x1.00c3bf5947e86p-516,0x1.00c3bf5947e86p-516,4.67538613686141471e-156
1,139,0x0p+0,0x1.00c3bf5947e86p-516,0x1.00c3bf5947e86p-516,4.67538613686141471e-156
1,140,0x0p+0,0x1.00c3bf5947e86p-516,0x1.00c3bf5947e86p-516,4.67538613686141471e-156
1,141,0x0p+0,0x1.00c3bf5947e86p-516,0x1.00c3bf5947e86p-516,4.67538613686141471e-156
1,142,0x0p+0,0x1.00c3bf5947e86p-516,0x1.00c3bf5947e86p-516,4.67538613686141471e-156
1,143,0x0p+0,0x1.00c3bf5947e86p-516,0x1.00c3bf5947e86p-516,4.67538613686141471e-156
1,144,0x0p+0,0x1.00c3bf5947e86p-516,0x1.00c3bf5947e86p-516,4.67538613686141471e-156
1,145,0x0p+0,0x1.00c3bf5947e86p-516,0x1.00c3bf5947e86p-516,4.67538613686141471e-156
1,146,0x0p+0,0x1.00c3bf5947e86p-516,0x1.00c3bf5947e86p-516,4.67538613686141471e-156
1,147,0x0p+0,0x1.00c3bf5947e86p-516,0x1.00c3bf5947e86p-516,4.67538613686141471e-156
1,148,0x0p+0,0x1.00c3bf5947e86p-516,0x1.00c3bf5947e86p-516,4.67538613686141471e-156
1,149,0x0p+0,0x1.00c3bf5947e86p-516,0x1.00c3bf5947e86p-516,4.67538613686141471e-156
1,150,0x0p+0,0x1.00c3bf5947e86p-516,0x1.00c3bf5947e86p-516,4.67538613686141471e-156
1,151,0x0p+0,0x1.00c3bf5947e86p-516,0x1.00c3bf5947e86p-516,4.67538613686141471e-156
1,152,0x0p+0,0x1.00c3bf5947e86p-516,0x1.00c3bf5947e86p-516,4.67538613686141471e-156
1,153,0x0p+0,0x1.00c3bf5947e86p-516,0x1.00c3bf5947e86p-516,4.67538613686141471e-156
1,154,0x0p+0,0x1.00c3bf5947e86p-516,0x1.00c3bf5947e86p-516,4.67538613686141471e-156
1,155,0x0p+0,0x1.00c3bf5947e86p-516,0x1.00c3bf5947e86p-516,4.67538613686141471e-156
1,156,0x0p+0,0x1.00c3bf5947e86p-516,0x1.00c3bf5947e86p-516,4.67538613686141471e-156
1,157,0x0p+0,0x1.00c3bf5947e86p-516,0x1.00c3bf5947e86p-516,4.67538613686141471e-156
1,158,0x0p+0,0x1.00c3bf5947e86p-516,0x1.00c3bf5947e86p-516,4.67538613686141471e-156
1,159,0x0p+0,0x1.00c3bf5947e86p-516,0x1.00c3bf5947e86p-516,4.67538613686141471e-156
1,160,0x0p+0,0x1.00c3bf5947e86p-516,0x1.00c3bf5947e86p-516,4.67538613686141471e-156
1,161,0x0p+0,0x1.00c3bf5947e86p-516,0x1.00c3bf5947e86p-516,4.67538613686141471e-156
1,162,0x0p+0,0x1.00c3bf5947e86p-516,0x1.00c3bf5947e86p-516,4.67538613686141471e-156
1,163,0x0p+0,0x1.00c3bf5947e86p-516,0x1.00c3bf5947e86p-516,4.67538613686141471e-156
1,164,0x0p+0,0x1.00c3bf5947e86p-516,0x1.00c3bf5947e86p-516,4.67538613686141471e-156
1,165,0x0p+0,0x1.00c3bf5947e86p-516,0x1.00c3bf5947e86p-516,4.67538613686141471e-156
1,166,0x0p+0,0x1.00c3bf5947e86p-516,0x1.00c3bf5947e86p-516,4.67538613686141471e-156
1,167,0x0p+0,0x1.00c3bf5947e86p-516,0x1.00c3bf5947e86p-516,4.67538613686141471e-156
1,168,0x0p+0,0x1.00c3bf5947e86p-516,0x1.00c3bf5947e86p-516,4.67538613686141471e-156
1,169,0x0p+0,0x1.00c3bf5947e86p-516,0x1.00c3bf5947e86p-516,4.67538613686141471e-156
1,170,0x0p+0,0x1.00c3bf5947e86p-516,0x1.00c3bf5947e86p-516,4.67538613686141471e-156
1,171,0x0p+0,0x1.00c3bf5947e86p-516,0x1.00c3bf5947e86p-516,4.67538613686141471e-156
1,172,0x0p+0,0x1.00c3bf5947e86p-516,0x1.00c3bf5947e86p-516,4.67538613686141471e-156
1,173,0x0p+0,0x1.00c3bf5947e86p-516,0x1.00c3bf5947e86p-516,4.67538613686141471e-156
1,174,0x0p+0,0x1.00c3bf5947e86p-516,0x1.00c3bf5947e86p-516,4.67538613686141471e-156
1,175,0x0p+0,0x1.00c3bf5947e86p-516,0x1.00c3bf5947e86p-516,4.67538613686141471e-156
1,176,0x0p+0,0x1.00c3bf5947e86p-516,0x1.00c3bf5947e86p-516,4.67538613686141471e-156
1,177,0x0p+0,0x1.00c3bf5947e86p-516,0x1.00c3bf5947e86p-516,4.67538613686141471e-156
1,178,0x0p+0,0x1.00c3bf5947e86p-516,0x1.00c3bf5947e86p-516,4.67538613686141471e-156
1,179,0x0p+0,0x1.00c3bf5947e86p-516,0x1.00c3bf5947e86p-516,4.67538613686141471e-156
1,180,0x0p+0,0x1.00c3bf5947e86p-516,0x1.00c3bf5947e86p-516,4.67538613686141471e-156
1,181,0x0p+0,0x1.00c3bf5947e86p-516,0x1.00c3bf5947e86p-516,4.67538613686141471e-156
1,182,0x0p+0,0x1.00c3bf5947e86p-516,0x1.00c3bf5947e86p-516,4.67538613686141471e-156
1,183,0x0p+0,0x1.00c3bf5947e86p-516,0x1.00c3bf5947e86p-516,4.67538613686141471e-156
1,184,0x0p+0,0x1.00c3bf5947e86p-516,0x1.00c3bf5947e86p-516,4.67538613686141471e-156
1,185,0x0p+0,0x1.00c3bf5947e86p-516,0x1.00c3bf5947e86p-516,4.67538613686141471e-156
1,186,0x0p+0,0x1.00c3bf5947e86p-516,0x1.00c3bf5947e86p-516,4.67538613686141471e-156
1,187,0x0p+0,0x1.00c3bf5947e86p-516,0x1.00c3bf5947e86p-516,4.67538613686141471e-156
1,188,0x0p+0,0x1.00c3bf5947e86p-516,0x1.00c3bf5947e86p-516,4.67538613686141471e-156
1,189,0x0p+0,0x1.00c3bf5947e86p-516,0x1.00c3bf5947e86p-516,4.67538613686141471e-156
1,190,0x0p+0,0x1.00c3bf5947e86p-516,0x1.00c3bf5947e86p-516,4.67538613686141471e-156
1,191,0x0p+0,0x1.00c3bf5947e86p-516,0x1.00c3bf5947e86p-516,4.67538613686141471e-156
1,192,0x0p+0,0x1.00c3bf5947e86p-516,0x1.00c3bf5947e86p-516,4.67538613686141471e-156
1,193,0x0p+0,0x1.00c3bf5947e86p-516,0x1.00c3bf5947e86p-516,4.67538613686141471e-156
1,194,0x0p+0,0x1.00c3bf5947e86p-516,0x1.00c3bf5947e86p-516,4.67538613686141471e-156
1,195,0x0p+0,0x1.00c3bf5947e86p-516,0x1.00c3bf5947e86p-516,4.67538613686141471e-156
1,196,0x0p+0,0x1.00c3bf5947e86p-516,0x1.00c3bf5947e86p-516,4.67538613686141471e-156
1,197,0x0p+0,0x1.00c3bf5947e86p-516,0x1.00c3bf5947e86p-516,4.67538613686141471e-156
1,198,0x0p+0,0x1.00c3bf5947e86p-516,0x1.00c3bf5947e86p-516,4.67538613686141471e-156
1,199,0x0p+0,0x1.00c3bf5947e86p-516,0x1.00c3bf5947e86p-516,4.67538613686141471e-156
1,200,0x0p+0,0x1.00c3bf5947e86p-516,0x1.00c3bf5947e86p-516,4.67538613686141471e-156
1,201,0x0p+0,0x1.00c3bf5947e86p-516,0x1.00c3bf5947e86p-516,4.67538613686141471e-156
1,202,0x0p+0,0x1.00c3bf5947e86p-516,0x1.00c3bf5947e86p-516,4.67538613686141471e-156
1,203,0x0p+0,0x1.00c3bf5947e86p-516,0x1.00c3bf5947e86p-516,4.67538613686141471e-156
1,204,0x0p+0,0x1.00c3bf5947e86p-516,0x1.00c3bf5947e86p-516,4.67538613686141471e-156
1,205,0x0p+0,0x1.00c3bf5947e86p-516,0x1.00c3bf5947e86p-516,4.67538613686141471e-156
1,206,0x0p+0,0x1.00c3bf5947e86p-516,0x1.00c3bf5947e86p-516,4.67538613686141471e-156
1,207,0x0p+0,0x1.00c3bf5947e86p-516,0x1.00c3bf5947e86p-516,4.67538613686141471e-156
1,208,0x0p+0,0x1.00c3bf5947e86p-516,0x1.00c3bf5947e86p-516,4.67538613686141471e-156
1,209,0x0p+0,0x1.00c3bf5947e86p-516,0x1.00c3bf5947e86p-516,4.67538613686141471e-156
1,210,0x0p+0,0x1.00c3bf5947e86p-516,0x1.00c3bf5947e86p-516,4.67538613686141471e-156
1,211,0x0p+0,0x1.00c3bf5947e86p-516,0x1.00c3bf5947e86p-516,4.67538613686141471e-156
1,212,0x0p+0,0x1.00c3bf5947e86p-516,0x1.00c3bf5947e86p-516,4.67538613686141471e-156
1,213,0x0p+0,0x1.00c3bf5947e86p-516,0x1.00c3bf5947e86p-516,4.67538613686141471e-156
1,214,0x0p+0,0x1.00c3bf5947e86p-516,0x1.00c3bf5947e86p-516,4.67538613686141471e-156
1,215,0x0p+0,0x1.00c3bf5947e86p-516,0x1.00c3bf5947e86p-516,4.67538613686141471e-156
1,216,0x0p+0,0x1.00c3bf5947e86p-516,0x1.00c3bf5947e86p-516,4.67538613686141471e-156
1,217,0x0p+0,0x1.00c3bf5947e86p-516,0x1.00c3bf5947e86p-516,4.67538613686141471e-156
1,218,0x0p+0,0x1.00c3bf5947e86p-516,0x1.00c3bf5947e86p-516,4.67538613686141471e-156
1,219,0x0p+0,0x1.00c3bf5947e86p-516,0x1.00c3bf5947e86p-516,4.67538613686141471e-156
1,220,0x0p+0,0x1.00c3bf5947e86p-516,0x1.00c3bf5947e86p-516,4.67538613686141471e-156
1,221,0x0p+0,0x1.00c3bf5947e86p-516,0x1.00c3bf5947e86p-516,4.67538613686141471e-156
1,222,0x0p+0,0x1.00c3bf5947e86p-516,0x1.00c3bf5947e86p-516,4.67538613686141471e-156
1,223,0x0p+0,0x1.00c3bf5947e86p-516,0x1.00c3bf5947e86p-516,4.67538613686141471e-156
1,224,0x0p+0,0x1.00c3bf5947e86p-516,0x1.00c3bf5947e86p-516,4.67538613686141471e-156
1,225,0x0p+0,0x1.00c3bf5947e86p-516,0x1.00c3bf5947e86p-516,4.67538613686141471e-156
1,226,0x0p+0,0x1.00c3bf5947e86p-516,0x1.00c3bf5947e86p-516,4.67538613686141471e-156
1,227,0x0p+0,0x1.00c3bf5947e86p-516,0x1.00c3bf5947e86p-516,4.67538613686141471e-156
1,228,0x0p+0,0x1.00c3bf5947e86p-516,0x1.00c3bf5947e86p-516,4.67538613686141471e-156
1,229,0x0p+0,0x1.00c3bf5947e86p-516,0x1.00c3bf5947e86p-516,4.67538613686141471e-156
1,230,0x0p+0,0x1.00c3bf5947e86p-516,0x1.00c3bf5947e86p-516,4.67538613686141471e-156
1,231,0x0p+0,0x1.00c3bf5947e86p-516,0x1.00c3bf5947e86p-516,4.67538613686141471e-156
1,232,0x0p+0,0x1.00c3bf5947e86p-516,0x1.00c3bf5947e86p-516,4.67538613686141471e-156
1,233,0x0p+0,0x1.00c3bf5947e86p-516,0x1.00c3bf5947e86p-516,4.67538613686141471e-156
1,234,0x0p+0,0x1.00c3bf5947e86p-516,0x1.00c3bf5947e86p-516,4.67538613686141471e-156
1,235,0x0p+0,0x1.00c3bf5947e86p-516,0x1.00c3bf5947e86p-516,4.67538613686141471e-156
1,236,0x0p+0,0x1.00c3bf5947e86p-516,0x1.00c3bf5947e86p-516,4.67538613686141471e-156
1,237,0x0p+0,0x1.00c3bf5947e86p-516,0x1.00c3bf5947e86p-516,4.67538613686141471e-156
1,238,0x0p+0,0x1.00c3bf5947e86p-516,0x1.00c3bf5947e86p-516,4.67538613686141471e-156
1,239,0x0p+0,0x1.00c3bf5947e86p-516,0x1.00c3bf5947e86p-516,4.67538613686141471e-156
1,240,0x0p+0,0x1.00c3bf5947e86p-516,0x1.00c3bf5947e86p-516,4.67538613686141471e-156
1,241,0x0p+0,0x1.00c3bf5947e86p-516,0x1.00c3bf5947e86p-516,4.67538613686141471e-156
1,242,0x0p+0,0x1.00c3bf5947e86p-516,0x1.00c3bf5947e86p-516,4.67538613686141471e-156
1,243,0x0p+0,0x1.00c3bf5947e86p-516,0x1.00c3bf5947e86p-516,4.67538613686141471e-156
1,244,0x0p+0,0x1.00c3bf5947e86p-516,0x1.00c3bf5947e86p-516,4.67538613686141471e-156
1,245,0x0p+0,0x1.00c3bf5947e86p-516,0x1.00c3bf5947e86p-516,4.67538613686141471e-156
1,246,0x0p+0,0x1.00c3bf5947e86p-516,0x1.00c3bf5947e86p-516,4.67538613686141471e-156
1,247,0x0p+0,0x1.00c3bf5947e86p-516,0x1.00c3bf5947e86p-516,4.67538613686141471e-156
1,248,0x0p+0,0x1.00c3bf5947e86p-516,0x1.00c3bf5947e86p-516,4.67538613686141471e-156
1,249,0x0p+0,0x1.00c3bf5947e86p-516,0x1.00c3bf5947e86p-516,4.67538613686141471e-156
1,250,0x0p+0,0x1.00c3bf5947e86p-516,0x1.00c3bf5947e86p-516,4.67538613686141471e-156
1,251,0x0p+0,0x1.00c3bf5947e86p-516,0x1.00c3bf5947e86p-516,4.67538613686141471e-156
1,252,0x0p+0,0x1.00c3bf5947e86p-516,0x1.00c3bf5947e86p-516,4.67538613686141471e-156
1,253,0x0p+0,0x1.00c3bf5947e86p-516,0x1.00c3bf5947e86p-516,4.67538613686141471e-156
1,254,0x0p+0,0x1.00c3bf5947e86p-516,0x1.00c3bf5947e86p-516,4.67538613686141471e-156
1,255,0x0p+0,0x1.00c3bf5947e86p-516,0x1.00c3bf5947e86p-516,4.67538613686141471e-156
1,256,0x0p+0,0x1.00c3bf5947e86p-516,0x1.00c3bf5947e86p-516,4.67538613686141471e-156
1,257,0x0p+0,0x1.00c3bf5947e86p-516,0x1.00c3bf5947e86p-516,4.67538613686141471e-156
1,258,0x0p+0,0x1.00c3bf5947e86p-516,0x1.00c3bf5947e86p-516,4.67538613686141471e-156
1,259,0x0p+0,0x1.00c3bf5947e86p-516,0x1.00c3bf5947e86p-516,4.67538613686141471e-156
1,260,0x0p+0,0x1.00c3bf5947e86p-516,0x1.00c3bf5947e86p-516,4.67538613686141471e-156
1,261,0x0p+0,0x1.00c3bf5947e86p-516,0x1.00c3bf5947e86p-516,4.67538613686141471e-156
1,262,0x0p+0,0x1.00c3bf5947e86p-516,0x1.00c3bf5947e86p-516,4.67538613686141471e-156
1,263,0x0p+0,0x1.00c3bf5947e86p-516,0x1.00c3bf5947e86p-516,4.67538613686141471e-156
1,264,0x0p+0,0x1.00c3bf5947e86p-516,0x1.00c3bf5947e86p-516,4.67538613686141471e-156
1,265,0x0p+0,0x1.00c3bf5947e86p-516,0x1.00c3bf5947e86p-516,4.67538613686141471e-156
1,266,0x0p+0,0x1.00c3bf5947e86p-516,0x1.00c3bf5947e86p-516,4.67538613686141471e-156
1,267,0x0p+0,0x1.00c3bf5947e86p-516,0x1.00c3bf5947e86p-516,4.67538613686141471e-156
1,268,0x0p+0,0x1.00c3bf5947e86p-516,0x1.00c3bf5947e86p-516,4.67538613686141471e-156
1,269,0x0p+0,0x1.00c3bf5947e86p-516,0x1.00c3bf5947e86p-516,4.67538613686141471e-156
1,270,0x0p+0,0x1.00c3bf5947e86p-516,0x1.00c3bf5947e86p-516,4.67538613686141471e-156
1,271,0x0p+0,0x1.00c3bf5947e86p-516,0x1.00c3bf5947e86p-516,4.67538613686141471e-156
1,272,0x0p+0,0x1.00c3bf5947e86p-516,0x1.00c3bf5947e86p-516,4.67538613686141471e-156
1,273,0x0p+0,0x1.00c3bf5947e86p-516,0x1.00c3bf5947e86p-516,4.67538613686141471e-156
1,274,0x0p+0,0x1.00c3bf5947e86p-516,0x1.00c3bf5947e86p-516,4.67538613686141471e-156
1,275,0x0p+0,0x1.00c3bf5947e86p-516,0x1.00c3bf5947e86p-516,4.67538613686141471e-156
1,276,0x0p+0,0x1.00c3bf5947e86p-516,0x1.00c3bf5947e86p-516,4.67538613686141471e-156
1,277,0x0p+0,0x1.00c3bf5947e86p-516,0x1.00c3bf5947e86p-516,4.67538613686141471e-156
1,278,0x0p+0,0x1.00c3bf5947e86p-516,0x1.00c3bf5947e86p-516,4.67538613686141471e-156
1,279,0x0p+0,0x1.00c3bf5947e86p-516,0x1.00c3bf5947e86p-516,4.67538613686141471e-156
1,280,0x0p+0,0x1.00c3bf5947e86p-516,0x1.00c3bf5947e86p-516,4.67538613686141471e-156
2,0,0x1.2294699d4d5ddp-5,0x1.872f817a92e88p-515,0x1.2294699d4d5dep-5,3.54711592466789711e-02
2,1,0x1.6e69c4af4d641p-7,0x1.872f817a92e88p-515,0x1.6e69c4af4d642p-7,1.11820421576381870e-02
2,2,0x1.a9109c660cce4p-9,0x1.872f817a92e88p-515,0x1.a9109c660cce5p-9,3.24298772013663578e-03
2,3,0x1.c9cdb3e2ee4c8p-11,0x1.872f817a92e88p-515,0x1.c9cdb3e2ee4c9p-11,8.73190929602385012e-04
2,4,0x1.ce0cb38a9dc3ap-13,0x1.872f817a92e88p-515,0x1.ce0cb38a9dc3bp-13,2.20322425167758730e-04
2,5,0x1.b94380f57b4f2p-15,0x1.872f817a92e88p-515,0x1.b94380f57b4f3p-15,5.26027305730400276e-05
2,6,0x1.92d4f91b4be64p-17,0x1.872f817a92e88p-515,0x1.92d4f91b4be65p-17,1.20053269286594909e-05
2,7,0x1.6339b13704befp-19,0x1.872f817a92e88p-515,0x1.6339b13704bfp-19,2.64663517724740924e-06
2,8,0x1.31ac343edbfe2p-21,0x1.872f817a92e88p-515,0x1.31ac343edbfe3p-21,5.69359720132761299e-07
2,9,0x1.02fd202bc5759p-23,0x1.872f817a92e88p-515,0x1.02fd202bc575ap-23,1.20601045033067624e-07
2,10,0x1.b30da74de9c25p-26,0x1.872f817a92e88p-515,0x1.b30da74de9c26p-26,2.53234369512506184e-08
2,11,0x1.6ba131ad3ef03p-28,0x1.872f817a92e88p-515,0x1.6ba131ad3ef04p-28,5.29150804878622315e-09
2,12,0x1.2ec297f109f71p-30,0x1.872f817a92e88p-515,0x1.2ec297f109f72p-30,1.10143494000726810e-09
2,13,0x1.f5a9c02222636p-33,0x1.872f817a92e88p-515,0x1.f5a9c02222637p-33,2.28129960292819580e-10
2,14,0x1.9cae1202bfd38p-35,0x1.872f817a92e88p-515,0x1.9cae1202bfd39p-35,4.69162799074724129e-11
2,15,0x1.50560586e61e4p-37,0x1.872f817a92e88p-515,0x1.50560586e61e5p-37,9.55924468355949357e-12
2,16,0x1.0f1d6f012b634p-39,0x1.872f817a92e88p-515,0x1.0f1d6f012b635p-39,1.92638776074213513e-12
2,17,0x1.afde5b21c068dp-42,0x1.872f817a92e88p-515,0x1.afde5b21c068ep-42,3.83576351180853721e-13
2,18,0x1.53bea023f0786p-44,0x1.872f817a92e88p-515,0x1.53bea023f0787p-44,7.54384623765428273e-14
2,19,0x1.0802d9df082b5p-46,0x1.872f817a92e88p-515,0x1.0802d9df082b6p-46,1.46555621500213086e-14
2,20,0x1.956e9d674a13fp-49,0x1.872f817a92e88p-515,0x1.956e9d674a14p-49,2.81325025279783371e-15
2,21,0x1.33b0bb7032233p-51,0x1.872f817a92e88p-515,0x1.33b0bb7032234p-51,5.33757690964178380e-16
2,22,0x1.cdb04bbb37d45p-54,0x1.872f817a92e88p-515,0x1.cdb04bbb37d46p-54,1.00112768675801058e-16
2,23,0x1.566b59d4851e2p-56,0x1.872f817a92e88p-515,0x1.566b59d4851e3p-56,1.85625895866048248e-17
2,24,0x1.f60016ebc8321p-59,0x1.872f817a92e88p-515,0x1.f60016ebc8322p-59,3.40168668615155208e-18
2,25,0x1.6b89f60a2c70ap-61,0x1.872f817a92e88p-515,0x1.6b89f60a2c70bp-61,6.15858869636209688e-19
2,26,0x1.03f48f02bac09p-63,0x1.872f817a92e88p-515,0x1.03f48f02bac0ap-63,1.10095354993100669e-19
2,27,0x1.6ee04af708184p-66,0x1.872f817a92e88p-515,0x1.6ee04af708185p-66,1.94222613389633965e-20
2,28,0x1.fea62ff16b73ap-69,0x1.872f817a92e88p-515,0x1.fea62ff16b73bp-69,3.37919273965447251e-21
2,29,0x1.5e4ba17f0afaep-71,0x1.872f817a92e88p-515,0x1.5e4ba17f0afafp-71,5.79515181666067160e-22
2,30,0x1.d97adbdccdeeep-74,0x1.872f817a92e88p-515,0x1.d97adbdccdeefp-74,9.79133520133406386e-23
2,31,0x1.3b20f5d9ef17fp-76,0x1.872f817a92e88p-515,0x1.3b20f5d9ef18p-76,1.62917746006559451e-23
2,32,0x1.9cf8334d11495p-79,0x1.872f817a92e88p-515,0x1.9cf8334d11496p-79,2.66875305547249373e-24
2,33,0x1.0a56c514f6de5p-81,0x1.872f817a92e88p-515,0x1.0a56c514f6de6p-81,4.30293772361971593e-25
2,34,0x1.5217f63ab4b87p-84,0x1.872f817a92e88p-515,0x1.5217f63ab4b88p-84,6.82774589604569551e-26
2,35,0x1.a657c97744176p-87,0x1.872f817a92e88p-515,0x1.a657c97744177p-87,1.06614341282840920e-26
2,36,0x1.0396d11b6b6b5p-89,0x1.872f817a92e88p-515,0x1.0396d11b6b6b6p-89,1.63823771739318867e-27
2,37,0x1.3a0947f362a6dp-92,0x1.872f817a92e88p-515,0x1.3a0947f362a6ep-92,2.47730923705934280e-28
2,38,0x1.75e593e383c94p-95,0x1.872f817a92e88p-515,0x1.75e593e383c95p-95,3.68690698156114166e-29
2,39,0x1.b62e276d9349p-98,0x1.872f817a92e88p-515,0x1.b62e276d93491p-98,5.40098905513033502e-30
2,40,0x1.f986ddff4e00ap-101,0x1.872f817a92e88p-515,0x1.f986ddff4e00bp-101,7.78887399827719686e-31
2,41,0x1.1f1ef549e1324p-103,0x1.872f817a92e88p-515,0x1.1f1ef549e1325p-103,1.10594959467672800e-31
2,42,0x1.412e43f8bec8ep-106,0x1.872f817a92e88p-515,0x1.412e43f8bec8fp-106,1.54642893798194285e-32
2,43,0x1.61df55df6b1fcp-109,0x1.872f817a92e88p-515,0x1.61df55df6b1fdp-109,2.12979206087145019e-33
2,44,0x1.8018181b93fbap-112,0x1.872f817a92e88p-515,0x1.8018181b93fbbp-112,2.88960298062266134e-34
2,45,0x1.9ac69df0a2664p-115,0x1.872f817a92e88p-515,0x1.9ac69df0a2665p-115,3.86291750526819850e-35
2,46,0x1.b0f19dc4d9471p-118,0x1.872f817a92e88p-515,0x1.b0f19dc4d9472p-118,5.08923007125517866e-36
2,47,0x1.c1c7ccf784932p-121,0x1.872f817a92e88p-515,0x1.c1c7ccf784933p-121,6.60893003898562211e-37
2,48,0x1.ccacc47427fe6p-124,0x1.872f817a92e88p-515,0x1.ccacc47427fe7p-124,8.46126109939492724e-38
2,49,0x1.d142527df0495p-127,0x1.872f817a92e88p-515,0x1.d142527df0496p-127,1.06818244120397057e-38
2,50,0x1.cf6d77c0458a9p-130,0x1.872f817a92e88p-515,0x1.cf6d77c0458aap-130,1.32997201126489057e-39
2,51,0x1.c756babc975a9p-133,0x1.872f817a92e88p-515,0x1.c756babc975aap-133,1.63344778955881913e-40
2,52,0x1.b965ef722cb87p-136,0x1.872f817a92e88p-515,0x1.b965ef722cb88p-136,1.97929791572620245e-41
2,53,0x1.a639fbb31a769p-139,0x1.872f817a92e88p-515,0x1.a639fbb31a76ap-139,2.36666136670887868e-42
2,54,0x1.8e9d76f260361p-142,0x1.872f817a92e88p-515,0x1.8e9d76f260362p-142,2.79289361104580644e-43
2,55,0x1.73793dd0d5f43p-145,0x1.872f817a92e88p-515,0x1.73793dd0d5f44p-145,3.25340865308587865e-44
2,56,0x1.55c62a03a374bp-148,0x1.872f817a92e88p-515,0x1.55c62a03a374cp-148,3.74162102709850122e-45
2,57,0x1.367f16a771231p-151,0x1.872f817a92e88p-515,0x1.367f16a771232p-151,4.24900570061251929e-46
2,58,0x1.1694340387879p-154,0x1.872f817a92e88p-515,0x1.169434038787ap-154,4.76528577785518404e-47
2,59,0x1.edc0e6fa1ebd1p-158,0x1.872f817a92e88p-515,0x1.edc0e6fa1ebd2p-158,5.27874798231848364e-48
2,60,0x1.b0431c0379774p-161,0x1.872f817a92e88p-515,0x1.b0431c0379775p-161,5.77667504940297976e-49
2,61,0x1.75e5bb7ecb5d9p-164,0x1.872f817a92e88p-515,0x1.75e5bb7ecb5dap-164,6.24587346919108431e-50
2,62,0x1.3f95ffa6c69bbp-167,0x1.872f817a92e88p-515,0x1.3f95ffa6c69bcp-167,6.67326563576169662e-51
2,63,0x1.0df7f427c1be6p-170,0x1.872f817a92e88p-515,0x1.0df7f427c1be7p-170,7.04650844495598555e-52
2,64,0x1.c2d5e09417c95p-174,0x1.872f817a92e88p-515,0x1.c2d5e09417c96p-174,7.35459657179565352e-53
2,65,0x1.74226cc768c7p-177,0x1.872f817a92e88p-515,0x1.74226cc768c71p-177,7.58840854694827335e-54
2,66,0x1.2fb340993192cp-180,0x1.872f817a92e88p-515,0x1.2fb340993192dp-180,7.74115742573273806e-55
2,67,0x1.ea29362a49fbep-184,0x1.872f817a92e88p-515,0x1.ea29362a49fbfp-184,7.80871496764159789e-56
2,68,0x1.872da7a5cc577p-187,0x1.872f817a92e88p-515,0x1.872da7a5cc578p-187,7.78978810286120781e-57
2,69,0x1.34c549bd0393bp-190,0x1.872f817a92e88p-515,0x1.34c549bd0393cp-190,7.68593804872162737e-58
2,70,0x1.e22c9cccae96p-194,0x1.872f817a92e88p-515,0x1.e22c9cccae961p-194,7.50144458421600244e-59
2,71,0x1.74738125c49c7p-197,0x1.872f817a92e88p-515,0x1.74738125c49c8p-197,7.24302950562507201e-60
2,72,0x1.1ca6739e22d9ap-200,0x1.872f817a92e88p-515,0x1.1ca6739e22d9bp-200,6.91946310133071131e-61
2,73,0x1.ae890f6defaf6p-204,0x1.872f817a92e88p-515,0x1.ae890f6defaf7p-204,6.54108476590057331e-62
2,74,0x1.4237a36683c27p-207,0x1.872f817a92e88p-515,0x1.4237a36683c28p-207,6.11927310549965454e-63
2,75,0x1.dd59ee3534802p-211,0x1.872f817a92e88p-515,0x1.dd59ee3534803p-211,5.66590190292559582e-64
2,76,0x1.5dfec08822bb7p-214,0x1.872f817a92e88p-515,0x1.5dfec08822bb8p-214,5.19281628592047912e-65
2,77,0x1.fc126a291b8b5p-218,0x1.872f817a92e88p-515,0x1.fc126a291b8b6p-218,4.71135884145595088e-66
2,78,0x1.6d1985f0cae4ap-221,0x1.872f817a92e88p-515,0x1.6d1985f0cae4bp-221,4.23196891541605574e-67
2,79,0x1.03c5d6dd611f9p-224,0x1.872f817a92e88p-515,0x1.03c5d6dd611fap-224,3.76387071870437887e-68
2,80,0x1.6e0d8d53267cfp-228,0x1.872f817a92e88p-515,0x1.6e0d8d53267dp-228,3.31485792963133329e-69
2,81,0x1.fed38eff6e702p-232,0x1.872f817a92e88p-515,0x1.fed38eff6e703p-232,2.89117496871195055e-70
2,82,0x1.6103b1fb5224p-235,0x1.872f817a92e88p-515,0x1.6103b1fb52241p-235,2.49748861667770763e-71
2,83,0x1.e3484a4a5ff69p-239,0x1.872f817a92e88p-515,0x1.e3484a4a5ff6ap-239,2.13693855965937690e-72
2,84,0x1.47b375fcf7e1ep-242,0x1.872f817a92e88p-515,0x1.47b375fcf7e1fp-242,1.81125199147465126e-73
2,85,0x1.b845a8081ebacp-246,0x1.872f817a92e88p-515,0x1.b845a8081ebadp-246,1.52090560973717523e-74
2,86,0x1.250713f230779p-249,0x1.872f817a92e88p-515,0x1.250713f23077ap-249,1.26531808015848107e-75
2,87,0x1.827d2368b6fb8p-253,0x1.872f817a92e88p-515,0x1.827d2368b6fb9p-253,1.04305706486183813e-76
2,88,0x1.f924040db539p-257,0x1.872f817a92e88p-515,0x1.f924040db5391p-257,8.52046897596069010e-78
2,89,0x1.472522b1ea7d3p-260,0x1.872f817a92e88p-515,0x1.472522b1ea7d4p-260,6.89765597111757767e-79
2,90,0x1.a3f7ba33379fep-264,0x1.872f817a92e88p-515,0x1.a3f7ba33379ffp-264,5.53422808046495318e-80
2,91,0x1.0b2f87f9e3b65p-267,0x1.872f817a92e88p-515,0x1.0b2f87f9e3b66p-267,4.40113157152551236e-81
2,92,0x1.50ff346b2251dp-271,0x1.872f817a92e88p-515,0x1.50ff346b2251ep-271,3.46942183448070038e-82
2,93,0x1.a55d202924606p-275,0x1.872f817a92e88p-515,0x1.a55d202924607p-275,2.71124285300074146e-83
2,94,0x1.052968f91922fp-278,0x1.872f817a92e88p-515,0x1.052968f91923p-278,2.10053935864181826e-84
2,95,0x1.40fa53387847ap-282,0x1.872f817a92e88p-515,0x1.40fa53387847bp-282,1.61352722357455067e-85
2,96,0x1.8729176a1852bp-286,0x1.872f817a92e88p-515,0x1.8729176a1852cp-286,1.22895585333281166e-86
2,97,0x1.d8b1c043d3e34p-290,0x1.872f817a92e88p-515,0x1.d8b1c043d3e35p-290,9.28200278192293813e-88
2,98,0x1.1b3cf253380c5p-293,0x1.872f817a92e88p-515,0x1.1b3cf253380c6p-293,6.95221085630644887e-89
2,99,0x1.50a26cc1e7f56p-297,0x1.872f817a92e88p-515,0x1.50a26cc1e7f57p-297,5.16428152100978967e-90
2,100,0x1.8cd396e3f9a0cp-301,0x1.872f817a92e88p-515,0x1.8cd396e3f9a0dp-301,3.80480172239718160e-91
2,101,0x1.cffcf6b10cc07p-305,0x1.872f817a92e88p-515,0x1.cffcf6b10cc08p-305,2.78047014428283925e-92
2,102,0x1.0d138ff065d67p-308,0x1.872f817a92e88p-515,0x1.0d138ff065d68p-308,2.01556590417901656e-93
2,103,0x1.359881d5b737cp-312,0x1.872f817a92e88p-515,0x1.359881d5b737dp-312,1.44942701390862129e-94
2,104,0x1.61658c3671db4p-316,0x1.872f817a92e88p-515,0x1.61658c3671db5p-316,1.03405552322695088e-95
2,105,0x1.9039d820c6aafp-320,0x1.872f817a92e88p-515,0x1.9039d820c6abp-320,7.31925150724084239e-97
2,106,0x1.c1ba67f930a4fp-324,0x1.872f817a92e88p-515,0x1.c1ba67f930a5p-324,5.14033603821038383e-98
2,107,0x1.f571e60992864p-328,0x1.872f817a92e88p-515,0x1.f571e60992865p-328,3.58215760500967973e-99
2,108,0x1.1568b84fe2da2p-331,0x1.872f817a92e88p-515,0x1.1568b84fe2da3p-331,2.47714891036230617e-100
2,109,0x1.309939a2a0911p-335,0x1.872f817a92e88p-515,0x1.309939a2a0912p-335,1.69996233252756238e-101
2,110,0x1.4becc7e089dc5p-339,0x1.872f817a92e88p-515,0x1.4becc7e089dc6p-339,1.15779420163905253e-102
2,111,0x1.66fd45c3a207bp-343,0x1.872f817a92e88p-515,0x1.66fd45c3a207cp-343,7.82623855240710359e-104
2,112,0x1.815e93e7913c8p-347,0x1.872f817a92e88p-515,0x1.815e93e7913c9p-347,5.25084037627217535e-105
2,113,0x1.9aa15e5a5a81bp-351,0x1.872f817a92e88p-515,0x1.9aa15e5a5a81cp-351,3.49689504438682552e-106
2,114,0x1.b25631bd494b9p-355,0x1.872f817a92e88p-515,0x1.b25631bd494bap-355,2.31173526322661934e-107
2,115,0x1.c810b90db4dc5p-359,0x1.872f817a92e88p-515,0x1.c810b90db4dc6p-359,1.51711549430069189e-108
2,116,0x1.db6b01ce1ca65p-363,0x1.872f817a92e88p-515,0x1.db6b01ce1ca66p-363,9.88432976287629846e-110
2,117,0x1.ec08a2c2e3b8p-367,0x1.872f817a92e88p-515,0x1.ec08a2c2e3b81p-367,6.39361534833748361e-111
2,118,0x1.f999a1f0a4c9p-371,0x1.872f817a92e88p-515,0x1.f999a1f0a4c91p-371,4.10618789094885310e-112
2,119,0x1.01ee7c83ac781p-374,0x1.872f817a92e88p-515,0x1.01ee7c83ac782p-374,2.61846146769867401e-113
2,120,0x1.05514de1e9079p-378,0x1.872f817a92e88p-515,0x1.05514de1e907ap-378,1.65802214067193548e-114
2,121,0x1.06e674e6849fap-382,0x1.872f817a92e88p-515,0x1.06e674e6849fbp-382,1.04253979777183030e-115
2,122,0x1.06a8be6645c41p-386,0x1.872f817a92e88p-515,0x1.06a8be6645c42p-386,6.50989901467930326e-117
2,123,0x1.049ca5c1e9b5p-390,0x1.872f817a92e88p-515,0x1.049ca5c1e9b51p-390,4.03697421337680127e-118
2,124,0x1.00d0117542c27p-394,0x1.872f817a92e88p-515,0x1.00d0117542c28p-394,2.48632760686742776e-119
2,125,0x1.f6b37e701a0dap-399,0x1.872f817a92e88p-515,0x1.f6b37e701a0dbp-399,1.52090343865789661e-120
2,126,0x1.e8b0cfd2ef1a3p-403,0x1.872f817a92e88p-515,0x1.e8b0cfd2ef1a4p-403,9.24072041956408957e-122
2,127,0x1.d7e34d3406798p-407,0x1.872f817a92e88p-515,0x1.d7e34d3406799p-407,5.57687150200377610e-123
2,128,0x1.c4a160ce6ec01p-411,0x1.872f817a92e88p-515,0x1.c4a160ce6ec02p-411,3.34330132133980138e-124
2,129,0x1.af49d8cccb41ap-415,0x1.872f817a92e88p-515,0x1.af49d8cccb41bp-415,1.99103858474418527e-125
2,130,0x1.9840f706e7cafp-419,0x1.872f817a92e88p-515,0x1.9840f706e7cbp-419,1.17793697589917330e-126
2,131,0x1.7fed8003f7af3p-423,0x1.872f817a92e88p-515,0x1.7fed8003f7af4p-423,6.92343078992721565e-128
2,132,0x1.66b5e6979dc45p-427,0x1.872f817a92e88p-515,0x1.66b5e6979dc46p-427,4.04292826703639987e-129
2,133,0x1.4cfdae0b8453fp-431,0x1.872f817a92e88p-515,0x1.4cfdae0b8454p-431,2.34565597604467885e-130
2,134,0x1.3323185249e5fp-435,0x1.872f817a92e88p-515,0x1.3323185249e6p-435,1.35221013234098791e-131
2,135,0x1.197d3092e916dp-439,0x1.872f817a92e88p-515,0x1.197d3092e916ep-439,7.74557031757546490e-133
2,136,0x1.005a3cd16479p-443,0x1.872f817a92e88p-515,0x1.005a3cd164791p-443,4.40868933401532282e-134
2,137,0x1.cffd37d6b63a3p-448,0x1.872f817a92e88p-515,0x1.cffd37d6b63a4p-448,2.49361721011253859e-135
2,138,0x1.a1481fbafe2aep-452,0x1.872f817a92e88p-515,0x1.a1481fbafe2afp-452,1.40162349604602989e-136
2,139,0x1.74f2df29632afp-456,0x1.872f817a92e88p-515,0x1.74f2df29632bp-456,7.82944774946572442e-138
2,140,0x1.4b456f3ae36abp-460,0x1.872f817a92e88p-515,0x1.4b456f3ae36acp-460,4.34656068548406967e-139
2,141,0x1.2472dbee52afep-464,0x1.872f817a92e88p-515,0x1.2472dbee52b02p-464,2.39823476806586968e-140
2,142,0x1.009a966b6ba6bp-468,0x1.872f817a92e88p-515,0x1.009a966b6ba9cp-468,1.31518014899771201e-141
2,143,0x1.bf9467c2fdd5dp-473,0x1.872f817a92e88p-515,0x1.bf9467c2fe37ap-473,7.16873414151916259e-143
2,144,0x1.83fef4d8eb4bbp-477,0x1.872f817a92e88p-515,0x1.83fef4d8f1687p-477,3.88400039795072987e-144
2,145,0x1.4e553cc2ea4acp-481,0x1.872f817a92e88p-515,0x1.4e553cc34c16bp-481,2.09175738815988386e-145
2,146,0x1.1e61294074803p-485,0x1.872f817a92e88p-515,0x1.1e612946913e4p-485,1.11983521086934825e-146
2,147,0x1.e7b586e240dfbp-490,0x1.872f817a92e88p-515,0x1.e7b587a5d8a07p-490,5.95968107069489331e-148
2,148,0x1.9cd9462c011a1p-494,0x1.872f817a92e88p-515,0x1.9cd952657d25fp-494,3.15306789635819603e-149
2,149,0x1.5b701cec55822p-498,0x1.872f817a92e88p-515,0x1.5b70e084163f7p-498,1.65845299769048506e-150
2,150,0x1.22b166283c4e1p-502,0x1.872f817a92e88p-515,0x1.22bd9fa44822bp-502,8.67377333292878651e-152
2,151,0x1.e39f9e395d291p-507,0x1.872f817a92e88p-515,0x1.e526cdbad7bcp-507,4.52303220652684644e-153
2,152,0x1.8ffdba0068886p-511,0x1.872f817a92e88p-515,0x1.a870b21811b6fp-511,2.47314043916635234e-154
2,153,0x1.48eee2f639edep-515,0x1.872f817a92e88p-515,0x1.680f3238666b3p-514,2.62250526437445610e-155
2,154,0x1.0cf6aabc36f98p-519,0x1.872f817a92e88p-515,0x1.97feec2656582p-515,1.48582598883015113e-155
2,155,0x1.b55f664f91bb8p-524,0x1.872f817a92e88p-515,0x1.880a312dbab16p-515,1.42771801994700724e-155
2,156,0x1.619e91a48c777p-528,0x1.872f817a92e88p-515,0x1.873a8e6f200cfp-515,1.42476426560903643e-155
2,157,0x1.1c4f14d4aacdbp-532,0x1.872f817a92e88p-515,0x1.87300fa21d52ep-515,1.42461496285810816e-155
2,158,0x1.c6a15358e26fcp-537,0x1.872f817a92e88p-515,0x1.872f88951835fp-515,1.42460745822113154e-155
2,159,0x1.697cb39bcd09ep-541,0x1.872f817a92e88p-515,0x1.872f81d4f2157p-515,1.42460708309826414e-155
2,160,0x1.1dd975a81251p-545,0x1.872f817a92e88p-515,0x1.872f817f0a4e6p-515,1.42460706445110225e-155
2,161,0x1.c19be3d8cf50ap-550,0x1.872f817a92e88p-515,0x1.872f817acb1cp-515,1.42460706352925161e-155
2,162,0x1.5fac2d7f32d1ep-554,0x1.872f817a92e88p-515,0x1.872f817a95a7ep-515,1.42460706348392748e-155
2,163,0x1.119585273afa4p-558,0x1.872f817a92e88p-515,0x1.872f817a930acp-515,1.42460706348171123e-155
2,164,0x1.a76250ba1b1b2p-563,0x1.872f817a92e88p-515,0x1.872f817a92ea3p-515,1.42460706348160337e-155
2,165,0x1.45da703a24ffcp-567,0x1.872f817a92e88p-515,0x1.872f817a92e8ap-515,1.42460706348159820e-155
2,166,0x1.f2ea112ceab71p-572,0x1.872f817a92e88p-515,0x1.872f817a92e89p-515,1.42460706348159799e-155
2,167,0x1.7becea9f66a57p-576,0x1.872f817a92e88p-515,0x1.872f817a92e89p-515,1.42460706348159799e-155
2,168,0x1.1fcb37a94eb2p-580,0x1.872f817a92e88p-515,0x1.872f817a92e89p-515,1.42460706348159799e-155
2,169,0x1.b1ba4aff0ec04p-585,0x1.872f817a92e88p-515,0x1.872f817a92e89p-515,1.42460706348159799e-155
2,170,0x1.45215851c492p-589,0x1.872f817a92e88p-515,0x1.872f817a92e89p-515,1.42460706348159799e-155
2,171,0x1.e4ec9793f19f8p-594,0x1.872f817a92e88p-515,0x1.872f817a92e89p-515,1.42460706348159799e-155
2,172,0x1.67c3afe54b04p-598,0x1.872f817a92e88p-515,0x1.872f817a92e89p-515,1.42460706348159799e-155
2,173,0x1.098a8be7ac9dfp-602,0x1.872f817a92e88p-515,0x1.872f817a92e89p-515,1.42460706348159799e-155
2,174,0x1.85fe1c4fbab31p-607,0x1.872f817a92e88p-515,0x1.872f817a92e89p-515,1.42460706348159799e-155
2,175,0x1.1ceedfc570d9dp-611,0x1.872f817a92e88p-515,0x1.872f817a92e89p-515,1.42460706348159799e-155
2,176,0x1.9e4005e1ecc79p-616,0x1.872f817a92e88p-515,0x1.872f817a92e89p-515,1.42460706348159799e-155
2,177,0x1.2b9df87e02a8p-620,0x1.872f817a92e88p-515,0x1.872f817a92e89p-515,1.42460706348159799e-155
2,178,0x1.af3f2035d0257p-625,0x1.872f817a92e88p-515,0x1.872f817a92e89p-515,1.42460706348159799e-155
2,179,0x1.34cf4176069a8p-629,0x1.872f817a92e88p-515,0x1.872f817a92e89p-515,1.42460706348159799e-155
2,180,0x1.b814bb9b92bc6p-634,0x1.872f817a92e88p-515,0x1.872f817a92e89p-515,1.42460706348159799e-155
2,181,0x1.3808acee5e91ep-638,0x1.872f817a92e88p-515,0x1.872f817a92e89p-515,1.42460706348159799e-155
2,182,0x1.b85202334a8aap-643,0x1.872f817a92e88p-515,0x1.872f817a92e89p-515,1.42460706348159799e-155
2,183,0x1.3529161bf3855p-647,0x1.872f817a92e88p-515,0x1.872f817a92e89p-515,1.42460706348159799e-155
2,184,0x1.b008aa6f00799p-652,0x1.872f817a92e88p-515,0x1.872f817a92e89p-515,1.42460706348159799e-155
2,185,0x1.2c6a02cae2172p-656,0x1.872f817a92e88p-515,0x1.872f817a92e89p-515,1.42460706348159799e-155
2,186,0x1.9fc738a8c69c2p-661,0x1.872f817a92e88p-515,0x1.872f817a92e89p-515,1.42460706348159799e-155
2,187,0x1.1e58b9b9a982p-665,0x1.872f817a92e88p-515,0x1.872f817a92e89p-515,1.42460706348159799e-155
2,188,0x1.8889951a4014fp-670,0x1.872f817a92e88p-515,0x1.872f817a92e89p-515,1.42460706348159799e-155
2,189,0x1.0bc7c764e8bc9p-674,0x1.872f817a92e88p-515,0x1.872f817a92e89p-515,1.42460706348159799e-155
2,190,0x1.6ba039e5c8ee9p-679,0x1.872f817a92e88p-515,0x1.872f817a92e89p-515,1.42460706348159799e-155
2,191,0x1.eb75f081ea5cdp-684,0x1.872f817a92e88p-515,0x1.872f817a92e89p-515,1.42460706348159799e-155
2,192,0x1.4a9150c42a558p-688,0x1.872f817a92e88p-515,0x1.872f817a92e89p-515,1.42460706348159799e-155
2,193,0x1.baa0c2f98c00ap-693,0x1.872f817a92e88p-515,0x1.872f817a92e89p-515,1.42460706348159799e-155
2,194,0x1.26f79b56f1bf7p-697,0x1.872f817a92e88p-515,0x1.872f817a92e89p-515,1.42460706348159799e-155
2,195,0x1.87526f302e907p-702,0x1.872f817a92e88p-515,0x1.872f817a92e89p-515,1.42460706348159799e-155
2,196,0x1.0262eb2a28c4ep-706,0x1.872f817a92e88p-515,0x1.872f817a92e89p-515,1.42460706348159799e-155
2,197,0x1.53a9e0a19deefp-711,0x1.872f817a92e88p-515,0x1.872f817a92e89p-515,1.42460706348159799e-155
2,198,0x1.bc7aa47a8a3b7p-716,0x1.872f817a92e88p-515,0x1.872f817a92e89p-515,1.42460706348159799e-155
2,199,0x1.2181332070559p-720,0x1.872f817a92e88p-515,0x1.872f817a92e89p-515,1.42460706348159799e-155
2,200,0x1.776e75d97b94ap-725,0x1.872f817a92e88p-515,0x1.872f817a92e89p-515,1.42460706348159799e-155
2,201,0x1.e4ae2a198324fp-730,0x1.872f817a92e88p-515,0x1.872f817a92e89p-515,1.42460706348159799e-155
2,202,0x1.3776e3591392ep-734,0x1.872f817a92e88p-515,0x1.872f817a92e89p-515,1.42460706348159799e-155
2,203,0x1.8e8710e49d56cp-739,0x1.872f817a92e88p-515,0x1.872f817a92e89p-515,1.42460706348159799e-155
2,204,0x1.fbac3d404a2d2p-744,0x1.872f817a92e88p-515,0x1.872f817a92e89p-515,1.42460706348159799e-155
2,205,0x1.41ee738b0f7e2p-748,0x1.872f817a92e88p-515,0x1.872f817a92e89p-515,1.42460706348159799e-155
2,206,0x1.96812440b528bp-753,0x1.872f817a92e88p-515,0x1.872f817a92e89p-515,1.42460706348159799e-155
2,207,0x1.ff0e2d9940f61p-758,0x1.872f817a92e88p-515,0x1.872f817a92e89p-515,1.42460706348159799e-155
2,208,0x1.3fda37d67905ep-762,0x1.872f817a92e88p-515,0x1.872f817a92e89p-515,1.42460706348159799e-155
2,209,0x1.8ea347f82cf35p-767,0x1.872f817a92e88p-515,0x1.872f817a92e89p-515,1.42460706348159799e-155
2,210,0x1.eeb082244db71p-772,0x1.872f817a92e88p-515,0x1.872f817a92e89p-515,1.42460706348159799e-155
2,211,0x1.31a03ef607f47p-776,0x1.872f817a92e88p-515,0x1.872f817a92e89p-515,1.42460706348159799e-155
2,212,0x1.7806f0936daecp-781,0x1.872f817a92e88p-515,0x1.872f817a92e89p-515,1.42460706348159799e-155
2,213,0x1.ccad88212765dp-786,0x1.872f817a92e88p-515,0x1.872f817a92e89p-515,1.42460706348159799e-155
2,214,0x1.18ff6439e80b8p-790,0x1.872f817a92e88p-515,0x1.872f817a92e89p-515,1.42460706348159799e-155
2,215,0x1.555a31224d46ap-795,0x1.872f817a92e88p-515,0x1.872f817a92e89p-515,1.42460706348159799e-155
2,216,0x1.9cede49978a1ap-800,0x1.872f817a92e88p-515,0x1.872f817a92e89p-515,1.42460706348159799e-155
2,217,0x1.f16d22ca720fep-805,0x1.872f817a92e88p-515,0x1.872f817a92e89p-515,1.42460706348159799e-155
2,218,0x1.2a5c0085f50cfp-809,0x1.872f817a92e88p-515,0x1.872f817a92e89p-515,1.42460706348159799e-155
2,219,0x1.646e73c66a947p-814,0x1.872f817a92e88p-515,0x1.872f817a92e89p-515,1.42460706348159799e-155
2,220,0x1.a80c5478bf0d9p-819,0x1.872f817a92e88p-515,0x1.872f817a92e89p-515,1.42460706348159799e-155
2,221,0x1.f66ad4f9cad81p-824,0x1.872f817a92e88p-515,0x1.872f817a92e89p-515,1.42460706348159799e-155
2,222,0x1.286a7cc97845fp-828,0x1.872f817a92e88p-515,0x1.872f817a92e89p-515,1.42460706348159799e-155
2,223,0x1.5c550212496bap-833,0x1.872f817a92e88p-515,0x1.872f817a92e89p-515,1.42460706348159799e-155
2,224,0x1.97ad98d57cb58p-838,0x1.872f817a92e88p-515,0x1.872f817a92e89p-515,1.42460706348159799e-155
2,225,0x1.db345d681e9b5p-843,0x1.872f817a92e88p-515,0x1.872f817a92e89p-515,1.42460706348159799e-155
2,226,0x1.13d782ec1d934p-847,0x1.872f817a92e88p-515,0x1.872f817a92e89p-515,1.42460706348159799e-155
2,227,0x1.3ef34aafda699p-852,0x1.872f817a92e88p-515,0x1.872f817a92e89p-515,1.42460706348159799e-155
2,228,0x1.6f5252d787fb1p-857,0x1.872f817a92e88p-515,0x1.872f817a92e89p-515,1.42460706348159799e-155
2,229,0x1.a558238604521p-862,0x1.872f817a92e88p-515,0x1.872f817a92e89p-515,1.42460706348159799e-155
2,230,0x1.e1653da7928ddp-867,0x1.872f817a92e88p-515,0x1.872f817a92e89p-515,1.42460706348159799e-155
2,231,0x1.11ea94c98de85p-871,0x1.872f817a92e88p-515,0x1.872f817a92e89p-515,1.42460706348159799e-155
2,232,0x1.367e2e24e4361p-876,0x1.872f817a92e88p-515,0x1.872f817a92e89p-515,1.42460706348159799e-155
2,233,0x1.5e92fd5457457p-881,0x1.872f817a92e88p-515,0x1.872f817a92e89p-515,1.42460706348159799e-155
2,234,0x1.8a48c1dc37974p-886,0x1.872f817a92e88p-515,0x1.872f817a92e89p-515,1.42460706348159799e-155
2,235,0x1.b9b836873a4c3p-891,0x1.872f817a92e88p-515,0x1.872f817a92e89p-515,1.42460706348159799e-155
2,236,0x1.ecf1deecac0f7p-896,0x1.872f817a92e88p-515,0x1.872f817a92e89p-515,1.42460706348159799e-155
2,237,0x1.11fe6da8d2ce9p-900,0x1.872f817a92e88p-515,0x1.872f817a92e89p-515,1.42460706348159799e-155
2,238,0x1.2f6ae53ff3bbcp-905,0x1.872f817a92e88p-515,0x1.872f817a92e89p-515,1.42460706348159799e-155
2,239,0x1.4eb6e0cafcb87p-910,0x1.872f817a92e88p-515,0x1.872f817a92e89p-515,1.42460706348159799e-155
2,240,0x1.6fd4b10472e5cp-915,0x1.872f817a92e88p-515,0x1.872f817a92e89p-515,1.42460706348159799e-155
2,241,0x1.92b00b04d26d3p-920,0x1.872f817a92e88p-515,0x1.872f817a92e89p-515,1.42460706348159799e-155
2,242,0x1.b72dbd9cf643dp-925,0x1.872f817a92e88p-515,0x1.872f817a92e89p-515,1.42460706348159799e-155
2,243,0x1.dd2b81893686ep-930,0x1.872f817a92e88p-515,0x1.872f817a92e89p-515,1.42460706348159799e-155
2,244,0x1.023ff3e3abb49p-934,0x1.872f817a92e88p-515,0x1.872f817a92e89p-515,1.42460706348159799e-155
2,245,0x1.167d346897076p-939,0x1.872f817a92e88p-515,0x1.872f817a92e89p-515,1.42460706348159799e-155
2,246,0x1.2b31cb6b3db24p-944,0x1.872f817a92e88p-515,0x1.872f817a92e89p-515,1.42460706348159799e-155
2,247,0x1.403eba26a775fp-949,0x1.872f817a92e88p-515,0x1.872f817a92e89p-515,1.42460706348159799e-155
2,248,0x1.5581f7aafa971p-954,0x1.872f817a92e88p-515,0x1.872f817a92e89p-515,1.42460706348159799e-155
2,249,0x1.6ad6c0c1eb326p-959,0x1.872f817a92e88p-515,0x1.872f817a92e89p-515,1.42460706348159799e-155
2,250,0x1.8015f9534092ap-964,0x1.872f817a92e88p-515,0x1.872f817a92e89p-515,1.42460706348159799e-155
2,251,0x1.95169e1a7aea4p-969,0x1.872f817a92e88p-515,0x1.872f817a92e89p-515,1.42460706348159799e-155
2,252,0x1.a9ae45049523dp-974,0x1.872f817a92e88p-515,0x1.872f817a92e89p-515,1.42460706348159799e-155
2,253,0x1.bdb1aa19722e3p-979,0x1.872f817a92e88p-515,0x1.872f817a92e89p-515,1.42460706348159799e-155
2,254,0x1.d0f5466bc86a6p-984,0x1.872f817a92e88p-515,0x1.872f817a92e89p-515,1.42460706348159799e-155
2,255,0x1.e34dee302444dp-989,0x1.872f817a92e88p-515,0x1.872f817a92e89p-515,1.42460706348159799e-155
2,256,0x1.f49172d355708p-994,0x1.872f817a92e88p-515,0x1.872f817a92e89p-515,1.42460706348159799e-155
2,257,0x1.024ba2da98782p-998,0x1.872f817a92e88p-515,0x1.872f817a92e89p-515,1.42460706348159799e-155
2,258,0x1.099c8c0821afap-1003,0x1.872f817a92e88p-515,0x1.872f817a92e89p-515,1.42460706348159799e-155
2,259,0x1.1029ba49aa771p-1008,0x1.872f817a92e88p-515,0x1.872f817a92e89p-515,1.42460706348159799e-155
2,260,0x1.15e327a38eaaep-1013,0x1.872f817a92e88p-515,0x1.872f817a92e89p-515,1.42460706348159799e-155
2,261,0x1.1abac4447d774p-1018,0x1.872f817a92e88p-515,0x1.872f817a92e89p-515,1.42460706348159799e-155
2,262,0x0.8f52580a7530cp-1022,0x1.872f817a92e88p-515,0x1.872f817a92e89p-515,1.42460706348159799e-155
2,263,0x0.04865dac3b2a5p-1022,0x1.872f817a92e88p-515,0x1.872f817a92e89p-515,1.42460706348159799e-155
2,264,0x0.0024717f6b73ep-1022,0x1.872f817a92e88p-515,0x1.872f817a92e89p-515,1.42460706348159799e-155
2,265,0x0.0001247e0a42cp-1022,0x1.872f817a92e88p-515,0x1.872f817a92e89p-515,1.42460706348159799e-155
2,266,0x0.0000092361602p-1022,0x1.872f817a92e88p-515,0x1.872f817a92e89p-515,1.42460706348159799e-155
2,267,0x0.00000048d7847p-1022,0x1.872f817a92e88p-515,0x1.872f817a92e89p-515,1.42460706348159799e-155
2,268,0x0.00000002441ecp-1022,0x1.872f817a92e88p-515,0x1.872f817a92e89p-515,1.42460706348159799e-155
2,269,0x0.000000001342p-1022,0x1.872f817a92e88p-515,0x1.872f817a92e89p-515,1.42460706348159799e-155
2,270,0x0.0000000001b3bp-1022,0x1.872f817a92e88p-515,0x1.872f817a92e89p-515,1.42460706348159799e-155
2,271,0x0.0000000000f6ap-1022,0x1.872f817a92e88p-515,0x1.872f817a92e89p-515,1.42460706348159799e-155
2,272,0x0.0000000000c24p-1022,0x1.872f817a92e88p-515,0x1.872f817a92e89p-515,1.42460706348159799e-155
2,273,0x0.0000000000968p-1022,0x1.872f817a92e88p-515,0x1.872f817a92e89p-515,1.42460706348159799e-155
2,274,0x0.0000000000707p-1022,0x1.872f817a92e88p-515,0x1.872f817a92e89p-515,1.42460706348159799e-155
2,275,0x0.00000000005p-1022,0x1.872f817a92e88p-515,0x1.872f817a92e89p-515,1.42460706348159799e-155
2,276,0x0.0000000000352p-1022,0x1.872f817a92e88p-515,0x1.872f817a92e89p-515,1.42460706348159799e-155
2,277,0x0.00000000001fcp-1022,0x1.872f817a92e88p-515,0x1.872f817a92e89p-515,1.42460706348159799e-155
2,278,0x0.00000000000fdp-1022,0x1.872f817a92e88p-515,0x1.872f817a92e89p-515,1.42460706348159799e-155
2,279,0x0.0000000000054p-1022,0x1.872f817a92e88p-515,0x1.872f817a92e89p-515,1.42460706348159799e-155
2,280,0x0p+0,0x1.872f817a92e88p-515,0x1.872f817a92e88p-515,1.42460706348159778e-155
3,0,0x1.c22f6c7e2b327p-5,0x1.d07921f385dbep-514,0x1.c22f6c7e2b328p-5,5.49542540551100634e-02
3,1,0x1.22fb731e25eb1p-6,0x1.d07921f385dbep-514,0x1.22fb731e25eb2p-6,1.77601455876287909e-02
3,2,0x1.5c58be5d7dad3p-8,0x1.d07921f385dbep-514,0x1.5c58be5d7dad4p-8,5.31534812534202942e-03
3,3,0x1.8687e1ac6b227p-10,0x1.d07921f385dbep-514,0x1.8687e1ac6b228p-10,1.48975672628205193e-03
3,4,0x1.9ec287c8869dbp-12,0x1.d07921f385dbep-514,0x1.9ec287c8869dcp-12,3.95545849217219517e-04
3,5,0x1.a6338bcfd936ep-14,0x1.d07921f385dbep-514,0x1.a6338bcfd936fp-14,1.00660646464923709e-04
3,6,0x1.a0ab06a56eb25p-16,0x1.d07921f385dbep-514,0x1.a0ab06a56eb26p-16,2.48353523113295058e-05
3,7,0x1.92d0859b7871cp-18,0x1.d07921f385dbep-514,0x1.92d0859b7871dp-18,6.00240437218112412e-06
3,8,0x1.80a8b9e44a715p-20,0x1.d07921f385dbep-514,0x1.80a8b9e44a716p-20,1.43296676309096871e-06
3,9,0x1.6cdbf2c04ccb6p-22,0x1.d07921f385dbep-514,0x1.6cdbf2c04ccb7p-22,3.39801584220421572e-07
3,10,0x1.58b58715a304fp-24,0x1.d07921f385dbep-514,0x1.58b58715a305p-24,8.02588398745695409e-08
3,11,0x1.448f4746d7cecp-26,0x1.d07921f385dbep-514,0x1.448f4746d7cedp-26,1.88918598780056494e-08
3,12,0x1.3053a75ef8219p-28,0x1.d07921f385dbep-514,0x1.3053a75ef821ap-28,4.42853739701069758e-09
3,13,0x1.1bdf485c24581p-30,0x1.d07921f385dbep-514,0x1.1bdf485c24582p-30,1.03272103979143821e-09
3,14,0x1.0730a1ac51f4fp-32,0x1.d07921f385dbep-514,0x1.0730a1ac51f5p-32,2.39369880488193369e-10
3,15,0x1.e4de176a71b9dp-35,0x1.d07921f385dbep-514,0x1.e4de176a71b9ep-35,5.51230578817830632e-11
3,16,0x1.bbb87efa7f9f2p-37,0x1.d07921f385dbep-514,0x1.bbb87efa7f9f3p-37,1.26113004494725755e-11
3,17,0x1.93821f96b0992p-39,0x1.d07921f385dbep-514,0x1.93821f96b0993p-39,2.86709887478959879e-12
3,18,0x1.6cbdbc919b941p-41,0x1.d07921f385dbep-514,0x1.6cbdbc919b942p-41,6.47910451656558293e-13
3,19,0x1.47d0f8560bd7fp-43,0x1.d07921f385dbep-514,0x1.47d0f8560bd8p-43,1.45579676894966665e-13
3,20,0x1.250224ca1cf14p-45,0x1.d07921f385dbep-514,0x1.250224ca1cf15p-45,3.25304643070992967e-14
3,21,0x1.047cb0a4383ccp-47,0x1.d07921f385dbep-514,0x1.047cb0a4383cdp-47,7.22996857758036371e-15
3,22,0x1.ccaf003af09c9p-50,0x1.d07921f385dbep-514,0x1.ccaf003af09cap-50,1.59831730233945813e-15
3,23,0x1.9534f7e7f78dep-52,0x1.d07921f385dbep-514,0x1.9534f7e7f78dfp-52,3.51460967748526457e-16
3,24,0x1.6284e3fb04541p-54,0x1.d07921f385dbep-514,0x1.6284e3fb04542p-54,7.68740764853249838e-17
3,25,0x1.3486f4058aa72p-56,0x1.d07921f385dbep-514,0x1.3486f4058aa73p-56,1.67252909099851695e-17
3,26,0x1.0b14eb94e274ep-58,0x1.d07921f385dbep-514,0x1.0b14eb94e274fp-58,3.61963225898344595e-18
3,27,0x1.cbf8da4e07fc6p-61,0x1.d07921f385dbep-514,0x1.cbf8da4e07fc7p-61,7.79223014961813169e-19
3,28,0x1.8a02666fc97ddp-63,0x1.d07921f385dbep-514,0x1.8a02666fc97dep-63,1.66869461313000558e-19
3,29,0x1.4fbed8567370bp-65,0x1.d07921f385dbep-514,0x1.4fbed8567370cp-65,3.55484363368694143e-20
3,30,0x1.1c9c512f1297p-67,0x1.d07921f385dbep-514,0x1.1c9c512f12971p-67,7.53358021873365623e-21
3,31,0x1.e006c68667395p-70,0x1.d07921f385dbep-514,0x1.e006c68667396p-70,1.58827434723599224e-21
3,32,0x1.92b6815d54d2dp-72,0x1.d07921f385dbep-514,0x1.92b6815d54d2ep-72,3.33116312773552888e-22
3,33,0x1.501a7b0eb2c87p-74,0x1.d07921f385dbep-514,0x1.501a7b0eb2c88p-74,6.95045623879317188e-23
3,34,0x1.170f30099eeacp-76,0x1.d07921f385dbep-514,0x1.170f30099eeadp-76,1.44270290522392073e-23
3,35,0x1.ccfe4268f7fb2p-79,0x1.d07921f385dbep-514,0x1.ccfe4268f7fb3p-79,2.97909873633501115e-24
3,36,0x1.7acb9ed251503p-81,0x1.d07921f385dbep-514,0x1.7acb9ed251504p-81,6.11976961975064562e-25
3,37,0x1.35a36709a96dfp-83,0x1.d07921f385dbep-514,0x1.35a36709a96ep-83,1.25061909767417766e-25
3,38,0x1.f79582cfa4e69p-86,0x1.d07921f385dbep-514,0x1.f79582cfa4e6ap-86,2.54244961028077698e-26
3,39,0x1.975fdf86052ffp-88,0x1.d07921f385dbep-514,0x1.975fdf86053p-88,5.14178912548737869e-27
3,40,0x1.47d433b7573cp-90,0x1.d07921f385dbep-514,0x1.47d433b7573c1p-90,1.03444565582087161e-27
3,41,0x1.067066f6fdb1cp-92,0x1.d07921f385dbep-514,0x1.067066f6fdb1dp-92,2.07027923207739580e-28
3,42,0x1.a1fcc1297406cp-95,0x1.d07921f385dbep-514,0x1.a1fcc1297406dp-95,4.12167321916069665e-29
3,43,0x1.4b1ecb6280a6p-97,0x1.d07921f385dbep-514,0x1.4b1ecb6280a61p-97,8.16274538814591633e-30
3,44,0x1.04ed80b5946f3p-99,0x1.d07921f385dbep-514,0x1.04ed80b5946f4p-99,1.60809138495447222e-30
3,45,0x1.990fe4860a19ap-102,0x1.d07921f385dbep-514,0x1.990fe4860a19bp-102,3.15129964166733139e-31
3,46,0x1.3ef3891735d6ap-104,0x1.d07921f385dbep-514,0x1.3ef3891735d6bp-104,6.14277879862103978e-32
3,47,0x1.eebd44ca36befp-107,0x1.d07921f385dbep-514,0x1.eebd44ca36bfp-107,1.19104161505932166e-32
3,48,0x1.7da898ab2a4ffp-109,0x1.d07921f385dbep-514,0x1.7da898ab2a5p-109,2.29702402145276561e-33
3,49,0x1.24d87d7e0fd5ep-111,0x1.d07921f385dbep-514,0x1.24d87d7e0fd5fp-111,4.40625183627099637e-34
3,50,0x1.befa28d2741cfp-114,0x1.d07921f385dbep-514,0x1.befa28d2741dp-114,8.40670650206307042e-35
3,51,0x1.53444a3adbb98p-116,0x1.d07921f385dbep-514,0x1.53444a3adbb99p-116,1.59522462819800132e-35
3,52,0x1.001b834ff0c2bp-118,0x1.d07921f385dbep-514,0x1.001b834ff0c2cp-118,3.01052887028606878e-36
3,53,0x1.808a88092b8f4p-121,0x1.d07921f385dbep-514,0x1.808a88092b8f5p-121,5.65032419577651853e-37
3,54,0x1.1f18802b1769dp-123,0x1.d07921f385dbep-514,0x1.1f18802b1769ep-123,1.05462306308746825e-37
3,55,0x1.aa4d284549b45p-126,0x1.d07921f385dbep-514,0x1.aa4d284549b46p-126,1.95748000949206435e-38
3,56,0x1.3aba4e8f6f31fp-128,0x1.d07921f385dbep-514,0x1.3aba4e8f6f32p-128,3.61289751346261295e-39
3,57,0x1.ce160da3d548ap-131,0x1.d07921f385dbep-514,0x1.ce160da3d548bp-131,6.63061100806508159e-40
3,58,0x1.5149cadae2869p-133,0x1.d07921f385dbep-514,0x1.5149cadae286ap-133,1.20996226294417815e-40
3,59,0x1.e99091123c59p-136,0x1.d07921f385dbep-514,0x1.e99091123c591p-136,2.19528410038784492e-41
3,60,0x1.613d5c91b90c9p-138,0x1.d07921f385dbep-514,0x1.613d5c91b90cap-138,3.95995392306023761e-42
3,61,0x1.fac785d13ca2ap-141,0x1.d07921f385dbep-514,0x1.fac785d13ca2bp-141,7.10149174849414238e-43
3,62,0x1.69643189db23fp-143,0x1.d07921f385dbep-514,0x1.69643189db24p-143,1.26604296767981021e-43
3,63,0x1.002f994b23c45p-145,0x1.d07921f385dbep-514,0x1.002f994b23c46p-145,2.24370596404409253e-44
3,64,0x1.690b5d89bc3d9p-148,0x1.d07921f385dbep-514,0x1.690b5d89bc3dap-148,3.95258560707642614e-45
3,65,0x1.f9c2226421987p-151,0x1.d07921f385dbep-514,0x1.f9c2226421988p-151,6.92107794269414790e-46
3,66,0x1.6016b1c7b6a3bp-153,0x1.d07921f385dbep-514,0x1.6016b1c7b6a3cp-153,1.20454415245309454e-46
3,67,0x1.e738ea10c6b5bp-156,0x1.d07921f385dbep-514,0x1.e738ea10c6b5cp-156,2.08356900324099355e-47
3,68,0x1.4f08a08d72e78p-158,0x1.d07921f385dbep-514,0x1.4f08a08d72e79p-158,3.58186499846658056e-48
3,69,0x1.c9e7f1e987605p-161,0x1.d07921f385dbep-514,0x1.c9e7f1e987606p-161,6.11937545493323550e-49
3,70,0x1.36f714420c84p-163,0x1.d07921f385dbep-514,0x1.36f714420c841p-163,1.03892085829948429e-49
3,71,0x1.a3b27c6ec78b5p-166,0x1.d07921f385dbep-514,0x1.a3b27c6ec78b6p-166,1.75273733593791638e-50
3,72,0x1.196e4bac80b8ep-168,0x1.d07921f385dbep-514,0x1.196e4bac80b8fp-168,2.93827509117198874e-51
3,73,0x1.7706b31f82932p-171,0x1.d07921f385dbep-514,0x1.7706b31f82933p-171,4.89431989458828928e-52
3,74,0x1.f08bd4c6f4e34p-174,0x1.d07921f385dbep-514,0x1.f08bd4c6f4e35p-174,8.10028809596829828e-53
3,75,0x1.469a82ad51eb9p-176,0x1.d07921f385dbep-514,0x1.469a82ad51ebap-176,1.33199227894946309e-53
3,76,0x1.aadd9d267a64bp-179,0x1.d07921f385dbep-514,0x1.aadd9d267a64cp-179,2.17611603401963007e-54
3,77,0x1.15239ab43ea3ep-181,0x1.d07921f385dbep-514,0x1.15239ab43ea3fp-181,3.53206420453039249e-55
3,78,0x1.6582af332269ap-184,0x1.d07921f385dbep-514,0x1.6582af332269bp-184,5.69547063130261495e-56
3,79,0x1.ca2ac0df3fc4ep-187,0x1.d07921f385dbep-514,0x1.ca2ac0df3fc4fp-187,9.12377688000701404e-57
3,80,0x1.23a6b001b96a7p-189,0x1.d07921f385dbep-514,0x1.23a6b001b96a8p-189,1.45195951613250748e-57
3,81,0x1.70dbe877a04fdp-192,0x1.d07921f385dbep-514,0x1.70dbe877a04fep-192,2.29541529144288374e-58
3,82,0x1.cf6c4254f368p-195,0x1.d07921f385dbep-514,0x1.cf6c4254f3681p-195,3.60485963350596741e-59
3,83,0x1.2130042fb5c82p-197,0x1.d07921f385dbep-514,0x1.2130042fb5c83p-197,5.62380821308072858e-60
3,84,0x1.66871dc4b9037p-200,0x1.d07921f385dbep-514,0x1.66871dc4b9038p-200,8.71532798582178927e-61
3,85,0x1.b98b63c9fe2e1p-203,0x1.d07921f385dbep-514,0x1.b98b63c9fe2e2p-203,1.34166900190371604e-61
3,86,0x1.0e162e91cfcd2p-205,0x1.d07921f385dbep-514,0x1.0e162e91cfcd3p-205,2.05170085137168836e-62
3,87,0x1.483900ac83fa3p-208,0x1.d07921f385dbep-514,0x1.483900ac83fa4p-208,3.11666056575543967e-63
3,88,0x1.8c39973562b3dp-211,0x1.d07921f385dbep-514,0x1.8c39973562b3ep-211,4.70297622945322645e-64
3,89,0x1.db24ce38b0b93p-214,0x1.d07921f385dbep-514,0x1.db24ce38b0b94p-214,7.04962480164684926e-65
3,90,0x1.1b00d46b6580ep-216,0x1.d07921f385dbep-514,0x1.1b00d46b6580fp-216,1.04971736316317288e-65
3,91,0x1.4ee46e76e4e62p-219,0x1.d07921f385dbep-514,0x1.4ee46e76e4e63p-219,1.55273077265342572e-66
3,92,0x1.89ada9ef351abp-222,0x1.d07921f385dbep-514,0x1.89ada9ef351acp-222,2.28161601114937262e-67
3,93,0x1.cbbbeb944763dp-225,0x1.d07921f385dbep-514,0x1.cbbbeb944763ep-225,3.33056331182993661e-68
3,94,0x1.0aac0cc3802d6p-227,0x1.d07921f385dbep-514,0x1.0aac0cc3802d7p-227,4.82979336603382706e-69
3,95,0x1.33578af7725bfp-230,0x1.d07921f385dbep-514,0x1.33578af7725cp-230,6.95797548839721816e-70
3,96,0x1.5fe62cad31022p-233,0x1.d07921f385dbep-514,0x1.5fe62cad31023p-233,9.95839216151601957e-71
3,97,0x1.904a74c3ab5f5p-236,0x1.d07921f385dbep-514,0x1.904a74c3ab5f6p-236,1.41597868090151544e-71
3,98,0x1.c461768d29bd6p-239,0x1.d07921f385dbep-514,0x1.c461768d29bd7p-239,2.00030008706597136e-72
3,99,0x1.fbf10ed50f64dp-242,0x1.d07921f385dbep-514,0x1.fbf10ed50f64ep-242,2.80746851522897493e-73
3,100,0x1.1b5355c054b04p-244,0x1.d07921f385dbep-514,0x1.1b5355c054b05p-244,3.91495521432665496e-74
3,101,0x1.3a0b5f158f1afp-247,0x1.d07921f385dbep-514,0x1.3a0b5f158f1bp-247,5.42428108324987455e-75
3,102,0x1.59de789d4c849p-250,0x1.d07921f385dbep-514,0x1.59de789d4c84ap-250,7.46745805798470797e-76
3,103,0x1.7a7e982ae9f25p-253,0x1.d07921f385dbep-514,0x1.7a7e982ae9f26p-253,1.02148199384458018e-76
3,104,0x1.9b92c6882ca78p-256,0x1.d07921f385dbep-514,0x1.9b92c6882ca79p-256,1.38844404416381896e-77
3,105,0x1.bcb87fb8ddd46p-259,0x1.d07921f385dbep-514,0x1.bcb87fb8ddd47p-259,1.87533345483947738e-78
3,106,0x1.dd857c0d3fddap-262,0x1.d07921f385dbep-514,0x1.dd857c0d3fddbp-262,2.51706268765365314e-79
3,107,0x1.fd89d7dec46d4p-265,0x1.d07921f385dbep-514,0x1.fd89d7dec46d5p-265,3.35728450084617918e-80
3,108,0x1.0e29457f9f0c5p-267,0x1.d07921f385dbep-514,0x1.0e29457f9f0c6p-267,4.45014534871133443e-81
3,109,0x1.1cb60e459c5b5p-270,0x1.d07921f385dbep-514,0x1.1cb60e459c5b6p-270,5.86226827250991861e-82
3,110,0x1.2a32be1c6d296p-273,0x1.d07921f385dbep-514,0x1.2a32be1c6d297p-273,7.67496238184522578e-83
3,111,0x1.366973d0a7065p-276,0x1.d07921f385dbep-514,0x1.366973d0a7066p-276,9.98664532751885176e-84
3,112,0x1.41286048bc351p-279,0x1.d07921f385dbep-514,0x1.41286048bc352p-279,1.29154519904425265e-84
3,113,0x1.4a431ca26d417p-282,0x1.d07921f385dbep-514,0x1.4a431ca26d418p-282,1.66019869723799421e-85
3,114,0x1.5193de4a89e29p-285,0x1.d07921f385dbep-514,0x1.5193de4a89e2ap-285,2.12121605432752179e-86
3,115,0x1.56fc7d4b89e52p-288,0x1.d07921f385dbep-514,0x1.56fc7d4b89e53p-288,2.69400278314784765e-87
3,116,0x1.5a6742db5475p-291,0x1.d07921f385dbep-514,0x1.5a6742db54751p-291,3.40105298018830207e-88
3,117,0x1.5bc77878cce21p-294,0x1.d07921f385dbep-514,0x1.5bc77878cce22p-294,4.26820127436769711e-89
3,118,0x1.5b19b28f09a74p-297,0x1.d07921f385dbep-514,0x1.5b19b28f09a75p-297,5.32483816057751901e-90
3,119,0x1.5863d471c073dp-300,0x1.d07921f385dbep-514,0x1.5863d471c073ep-300,6.60407228156818886e-91
3,120,0x1.53b4ce74e84dfp-303,0x1.d07921f385dbep-514,0x1.53b4ce74e84ep-303,8.14282156294754264e-92
3,121,0x1.4d2419b9116d4p-306,0x1.d07921f385dbep-514,0x1.4d2419b9116d5p-306,9.98181391622951665e-93
3,122,0x1.44d0f7e0ffc86p-309,0x1.d07921f385dbep-514,0x1.44d0f7e0ffc87p-309,1.21654776688979890e-93
3,123,0x1.3ae17f22d5013p-312,0x1.d07921f385dbep-514,0x1.3ae17f22d5014p-312,1.47417021216425644e-94
3,124,0x1.2f817ced34adcp-315,0x1.d07921f385dbep-514,0x1.2f817ced34addp-315,1.77614498223976961e-95
3,125,0x1.22e13a94e189ep-318,0x1.d07921f385dbep-514,0x1.22e13a94e189fp-318,2.12782044116225316e-96
3,126,0x1.153430279f304p-321,0x1.d07921f385dbep-514,0x1.153430279f305p-321,2.53472413237874597e-97
3,127,0x1.06afb194ce059p-324,0x1.d07921f385dbep-514,0x1.06afb194ce05ap-324,3.00247132677461722e-98
3,128,0x1.ef1343c57ec6p-328,0x1.d07921f385dbep-514,0x1.ef1343c57ec61p-328,3.53665482347146503e-99
3,129,0x1.cfee6e60268cap-331,0x1.d07921f385dbep-514,0x1.cfee6e60268cbp-331,4.14271647086638118e-100
3,130,0x1.b057b1bef0d34p-334,0x1.d07921f385dbep-514,0x1.b057b1bef0d35p-334,4.82580166162408384e-101
3,131,0x1.90b03f362a8bp-337,0x1.d07921f385dbep-514,0x1.90b03f362a8b1p-337,5.59059891104292431e-102
3,132,0x1.7151f9eeaa502p-340,0x1.d07921f385dbep-514,0x1.7151f9eeaa503p-340,6.44116752177948444e-103
3,133,0x1.528e1cfe01e16p-343,0x1.d07921f385dbep-514,0x1.528e1cfe01e17p-343,7.38075723102108432e-104
3,134,0x1.34ac3beeefd9ep-346,0x1.d07921f385dbep-514,0x1.34ac3beeefd9fp-346,8.41162458520427107e-105
3,135,0x1.17e99d97d0ffbp-349,0x1.d07921f385dbep-514,0x1.17e99d97d0ffcp-349,9.53485154519087154e-106
3,136,0x1.f8f1db7864b0ep-353,0x1.d07921f385dbep-514,0x1.f8f1db7864b0fp-353,1.07501724432099149e-106
3,137,0x1.c5047e2a2f6cep-356,0x1.d07921f385dbep-514,0x1.c5047e2a2f6cfp-356,1.20558158452359717e-107
3,138,0x1.9446aa1d41bb9p-359,0x1.d07921f385dbep-514,0x1.9446aa1d41bbap-359,1.34483680766024920e-108
3,139,0x1.66e055b998eap-362,0x1.d07921f385dbep-514,0x1.66e055b998ea1p-362,1.49226651098426153e-109
3,140,0x1.3ce758fb7facfp-365,0x1.d07921f385dbep-514,0x1.3ce758fb7fadp-365,1.64717191674346298e-110
3,141,0x1.16612b9e5c30ep-368,0x1.d07921f385dbep-514,0x1.16612b9e5c30fp-368,1.80866857463858999e-111
3,142,0x1.e689afe0178a3p-372,0x1.d07921f385dbep-514,0x1.e689afe0178a4p-372,1.97568758289075485e-112
3,143,0x1.a6fa17ef7e86cp-375,0x1.d07921f385dbep-514,0x1.a6fa17ef7e86dp-375,2.14698168219577991e-113
3,144,0x1.6dd4690e3b2d8p-378,0x1.d07921f385dbep-514,0x1.6dd4690e3b2d9p-378,2.32113643019635546e-114
3,145,0x1.3ac920933f6d9p-381,0x1.d07921f385dbep-514,0x1.3ac920933f6dap-381,2.49658649786518991e-115
3,146,0x1.0d7c57850cae7p-384,0x1.d07921f385dbep-514,0x1.0d7c57850cae8p-384,2.67163694959821964e-116
3,147,0x1.cb12e8d7e0e5fp-388,0x1.d07921f385dbep-514,0x1.cb12e8d7e0e6p-388,2.84448918318646909e-117
3,148,0x1.850d0a2c81f1bp-391,0x1.d07921f385dbep-514,0x1.850d0a2c81f1cp-391,3.01327102223726826e-118
3,149,0x1.480e689d16f2dp-394,0x1.d07921f385dbep-514,0x1.480e689d16f2ep-394,3.17607028042905175e-119
3,150,0x1.133ea9dfdfb7fp-397,0x1.d07921f385dbep-514,0x1.133ea9dfdfb8p-397,3.33097096250995845e-120
3,151,0x1.cb94023bdaabp-401,0x1.d07921f385dbep-514,0x1.cb94023bdaab1p-401,3.47609113889559195e-121
3,152,0x1.7dc92fe7dc7aep-404,0x1.d07921f385dbep-514,0x1.7dc92fe7dc7afp-404,3.60962143579699999e-122
3,153,0x1.3b9a5c5a47415p-407,0x1.d07921f385dbep-514,0x1.3b9a5c5a47416p-407,3.72986302632925971e-123
3,154,0x1.039e0063ea573p-410,0x1.d07921f385dbep-514,0x1.039e0063ea574p-410,3.83526399357352016e-124
3,155,0x1.a90c1e37e693ep-414,0x1.d07921f385dbep-514,0x1.a90c1e37e693fp-414,3.92445296571758139e-125
3,156,0x1.5a42abe5930bfp-417,0x1.d07921f385dbep-514,0x1.5a42abe5930cp-417,3.99626899571448298e-126
3,157,0x1.18b7d0904001ep-420,0x1.d07921f385dbep-514,0x1.18b7d0904001fp-420,4.04978677079830932e-127
3,158,0x1.c4fb0a7c3b214p-424,0x1.d07921f385dbep-514,0x1.c4fb0a7c3b215p-424,4.08433638618347395e-128
3,159,0x1.6bbb3e35e96f9p-427,0x1.d07921f385dbep-514,0x1.6bbb3e35e96fap-427,4.09951709605431625e-129
3,160,0x1.22add54c48b49p-430,0x1.d07921f385dbep-514,0x1.22add54c48b4ap-430,4.09520465588111898e-130
3,161,0x1.ce66780b12473p-434,0x1.d07921f385dbep-514,0x1.ce66780b12474p-434,4.07155208446189634e-131
3,162,0x1.6e0d7d085aa26p-437,0x1.d07921f385dbep-514,0x1.6e0d7d085aa27p-437,4.02898389269307055e-132
3,163,0x1.206c4894ff5f8p-440,0x1.d07921f385dbep-514,0x1.206c4894ff5f9p-440,3.96818403963375513e-133
3,164,0x1.c464bc8897faep-444,0x1.d07921f385dbep-514,0x1.c464bc8897fafp-444,3.89007807605793297e-134
3,165,0x1.61250117693ecp-447,0x1.d07921f385dbep-514,0x1.61250117693edp-447,3.79581011341313281e-135
3,166,0x1.12655a1c96e4ep-450,0x1.d07921f385dbep-514,0x1.12655a1c96e4fp-450,3.68671540515606345e-136
3,167,0x1.a8744e802a917p-454,0x1.d07921f385dbep-514,0x1.a8744e802a918p-454,3.56428944257330684e-137
3,168,0x1.46c8dff4cfd6cp-457,0x1.d07921f385dbep-514,0x1.46c8dff4cfd6dp-457,3.43015454497905810e-138
3,169,0x1.f4e2cbb9f29d7p-461,0x1.d07921f385dbep-514,0x1.f4e2cbb9f29d8p-461,3.28602496298063448e-139
3,170,0x1.7e215854de211p-464,0x1.d07921f385dbep-514,0x1.7e215854de219p-464,3.13367151352008055e-140
3,171,0x1.2236c96283d3ep-467,0x1.d07921f385dbep-514,0x1.2236c96283d79p-467,2.97488672862318609e-141
3,172,0x1.b6d50c73ae0ffp-471,0x1.d07921f385dbep-514,0x1.b6d50c73ae4ap-471,2.81145142971981452e-142
3,173,0x1.4a4b3eb7eb969p-474,0x1.d07921f385dbep-514,0x1.4a4b3eb7ed671p-474,2.64510354080578639e-143
3,174,0x1.eefc85aa4a945p-478,0x1.d07921f385dbep-514,0x1.eefc85aa679bfp-478,2.47750983241904995e-144
3,175,0x1.714105638e74dp-481,0x1.d07921f385dbep-514,0x1.7141056476b17p-481,2.31024115084044462e-145
3,176,0x1.123e186bbe39ep-484,0x1.d07921f385dbep-514,0x1.123e1873001e7p-484,2.14475154096841375e-146
3,177,0x1.9590b242733eep-488,0x1.d07921f385dbep-514,0x1.9590b2b691876p-488,1.98236153531115558e-147
3,178,0x1.2a92cb1165d71p-491,0x1.d07921f385dbep-514,0x1.2a92ceb2581bp-491,1.82424587961156903e-148
3,179,0x1.b5b2a73170394p-495,0x1.d07921f385dbep-514,0x1.b5b2e1409477cp-495,1.67142728292560786e-149
3,180,0x1.3f6eab9cf7f1cp-498,0x1.d07921f385dbep-514,0x1.3f707c1619e55p-498,1.52479221695911810e-150
3,181,0x1.d03ab0f51b716p-502,0x1.d07921f385dbep-514,0x1.d057b8873aa9cp-502,1.38529030801669935e-151
3,182,0x1.4fe129cce7e55p-505,0x1.d07921f385dbep-514,0x1.50c9665de1a84p-505,1.25593504919673377e-152
3,183,0x1.e3f30d7d50656p-509,0x1.d07921f385dbep-514,0x1.f276d68cec944p-509,1.16178622813738396e-153
3,184,0x1.5b28f92666dfbp-512,0x1.d07921f385dbep-514,0x1.cf4741a34856bp-512,1.34972177838341261e-154
3,185,0x1.eff407a69409ep-516,0x1.d07921f385dbep-514,0x1.263b11ee956f3p-513,4.28608033240289813e-155
3,186,0x1.60c2dc043efa8p-519,0x1.d07921f385dbep-514,0x1.db7f38d3a7d3cp-514,3.46329917063277318e-155
3,187,0x1.f3b5a24e5adccp-523,0x1.d07921f385dbep-514,0x1.d172fcc4ad095p-514,3.39011572140632224e-155
3,188,0x1.60737f720bc71p-526,0x1.d07921f385dbep-514,0x1.d08f292b7cfcap-514,3.38363375697524449e-155
3,189,0x1.ef19722daf8f3p-530,0x1.d07921f385dbep-514,0x1.d07b110cf8099p-514,3.38306205017544014e-155
3,190,0x1.5a4b6143fef7bp-533,0x1.d07921f385dbep-514,0x1.d0794d3cf2046p-514,3.38301183665585571e-155
3,191,0x1.e26bacc1b9659p-537,0x1.d07921f385dbep-514,0x1.d07925b85d357p-514,3.38300744471844149e-155
3,192,0x1.4ea46b5000113p-540,0x1.d07921f385dbep-514,0x1.d07922472ef6cp-514,3.38300706216922540e-155
3,193,0x1.ce5b7824608c8p-544,0x1.d07921f385dbep-514,0x1.d07921fabf49dp-514,3.38300702898576744e-155
3,194,0x1.3e19a83c6b814p-547,0x1.d07921f385dbep-514,0x1.d07921f424e8cp-514,3.38300702611917119e-155
3,195,0x1.b3eb853d0b7d9p-551,0x1.d07921f385dbep-514,0x1.d07921f3937b4p-514,3.38300702587255042e-155
3,196,0x1.297a1cd5dbdfap-554,0x1.d07921f385dbep-514,0x1.d07921f387056p-514,3.38300702585141961e-155
3,197,0x1.945cced82c144p-558,0x1.d07921f385dbep-514,0x1.d07921f385f53p-514,3.38300702584961655e-155
3,198,0x1.11b84d4091a36p-561,0x1.d07921f385dbep-514,0x1.d07921f385de1p-514,3.38300702584946336e-155
3,199,0x1.7115e17cebe5p-565,0x1.d07921f385dbep-514,0x1.d07921f385dc1p-514,3.38300702584945011e-155
3,200,0x1.efb071122e99cp-569,0x1.d07921f385dbep-514,0x1.d07921f385dbfp-514,3.38300702584944929e-155
3,201,0x1.4b8942c6af569p-572,0x1.d07921f385dbep-514,0x1.d07921f385dbfp-514,3.38300702584944929e-155
3,202,0x1.b9bb33e99e62cp-576,0x1.d07921f385dbep-514,0x1.d07921f385dbfp-514,3.38300702584944929e-155
3,203,0x1.251d6ba2bcff6p-579,0x1.d07921f385dbep-514,0x1.d07921f385dbfp-514,3.38300702584944929e-155
3,204,0x1.837815d146cdp-583,0x1.d07921f385dbep-514,0x1.d07921f385dbfp-514,3.38300702584944929e-155
3,205,0x1.fe30b8aa2be76p-587,0x1.d07921f385dbep-514,0x1.d07921f385dbfp-514,3.38300702584944929e-155
3,206,0x1.4e947ee4dc6cdp-590,0x1.d07921f385dbep-514,0x1.d07921f385dbfp-514,3.38300702584944929e-155
3,207,0x1.b52064e259889p-594,0x1.d07921f385dbep-514,0x1.d07921f385dbfp-514,3.38300702584944929e-155
3,208,0x1.1c72398f1dfd9p-597,0x1.d07921f385dbep-514,0x1.d07921f385dbfp-514,3.38300702584944929e-155
3,209,0x1.70c2e73e99b56p-601,0x1.d07921f385dbep-514,0x1.d07921f385dbfp-514,3.38300702584944929e-155
3,210,0x1.dc3ba0c982a9ap-605,0x1.d07921f385dbep-514,0x1.d07921f385dbfp-514,3.38300702584944929e-155
3,211,0x1.32561ea1a365cp-608,0x1.d07921f385dbep-514,0x1.d07921f385dbfp-514,3.38300702584944929e-155
3,212,0x1.88995f6d5cf8ep-612,0x1.d07921f385dbep-514,0x1.d07921f385dbfp-514,3.38300702584944929e-155
3,213,0x1.f53e0fc806dffp-616,0x1.d07921f385dbep-514,0x1.d07921f385dbfp-514,3.38300702584944929e-155
3,214,0x1.3ec3cc2049071p-619,0x1.d07921f385dbep-514,0x1.d07921f385dbfp-514,3.38300702584944929e-155
3,215,0x1.93e8a2c84e4ddp-623,0x1.d07921f385dbep-514,0x1.d07921f385dbfp-514,3.38300702584944929e-155
3,216,0x1.fddfa30c4bb8ep-627,0x1.d07921f385dbep-514,0x1.d07921f385dbfp-514,3.38300702584944929e-155
3,217,0x1.409d87ee8ffd3p-630,0x1.d07921f385dbep-514,0x1.d07921f385dbfp-514,3.38300702584944929e-155
3,218,0x1.91b640e3f443ap-634,0x1.d07921f385dbep-514,0x1.d07921f385dbfp-514,3.38300702584944929e-155
3,219,0x1.f573d4203fdp-638,0x1.d07921f385dbep-514,0x1.d07921f385dbfp-514,3.38300702584944929e-155
3,220,0x1.37d22f3aac0f4p-641,0x1.d07921f385dbep-514,0x1.d07921f385dbfp-514,3.38300702584944929e-155
3,221,0x1.825fac58e063ep-645,0x1.d07921f385dbep-514,0x1.d07921f385dbfp-514,3.38300702584944929e-155
3,222,0x1.dcfe426054baap-649,0x1.d07921f385dbep-514,0x1.d07921f385dbfp-514,3.38300702584944929e-155
3,223,0x1.255b27160c992p-652,0x1.d07921f385dbep-514,0x1.d07921f385dbfp-514,3.38300702584944929e-155
3,224,0x1.6784e7197ddc5p-656,0x1.d07921f385dbep-514,0x1.d07921f385dbfp-514,3.38300702584944929e-155
3,225,0x1.b7011d71e5d11p-660,0x1.d07921f385dbep-514,0x1.d07921f385dbfp-514,3.38300702584944929e-155
3,226,0x1.0b0fbad980b36p-663,0x1.d07921f385dbep-514,0x1.d07921f385dbfp-514,3.38300702584944929e-155
3,227,0x1.43c0f534af0e9p-667,0x1.d07921f385dbep-514,0x1.d07921f385dbfp-514,3.38300702584944929e-155
3,228,0x1.8712195477174p-671,0x1.d07921f385dbep-514,0x1.d07921f385dbfp-514,3.38300702584944929e-155
3,229,0x1.d6b18bc5992d2p-675,0x1.d07921f385dbep-514,0x1.d07921f385dbfp-514,3.38300702584944929e-155
3,230,0x1.1a40e1282cff3p-678,0x1.d07921f385dbep-514,0x1.d07921f385dbfp-514,3.38300702584944929e-155
3,231,0x1.514e47d2c6c06p-682,0x1.d07921f385dbep-514,0x1.d07921f385dbfp-514,3.38300702584944929e-155
3,232,0x1.91ab0a81d9d96p-686,0x1.d07921f385dbep-514,0x1.d07921f385dbfp-514,3.38300702584944929e-155
3,233,0x1.dc9f9c8861df1p-690,0x1.d07921f385dbep-514,0x1.d07921f385dbfp-514,3.38300702584944929e-155
3,234,0x1.19c9e00c37c8bp-693,0x1.d07921f385dbep-514,0x1.d07921f385dbfp-514,3.38300702584944929e-155
3,235,0x1.4c078809de2d9p-697,0x1.d07921f385dbep-514,0x1.d07921f385dbfp-514,3.38300702584944929e-155
3,236,0x1.85dc89be13cd7p-701,0x1.d07921f385dbep-514,0x1.d07921f385dbfp-514,3.38300702584944929e-155
3,237,0x1.c82c62fcafd8p-705,0x1.d07921f385dbep-514,0x1.d07921f385dbfp-514,3.38300702584944929e-155
3,238,0x1.09f4e037cad9p-708,0x1.d07921f385dbep-514,0x1.d07921f385dbfp-514,3.38300702584944929e-155
3,239,0x1.350acc2990f6ap-712,0x1.d07921f385dbep-514,0x1.d07921f385dbfp-514,3.38300702584944929e-155
3,240,0x1.65def0fcae7bp-716,0x1.d07921f385dbep-514,0x1.d07921f385dbfp-514,3.38300702584944929e-155
3,241,0x1.9cfdf0c7ae351p-720,0x1.d07921f385dbep-514,0x1.d07921f385dbfp-514,3.38300702584944929e-155
3,242,0x1.daf90076b3dfep-724,0x1.d07921f385dbep-514,0x1.d07921f385dbfp-514,3.38300702584944929e-155
3,243,0x1.10324bfab8fa7p-727,0x1.d07921f385dbep-514,0x1.d07921f385dbfp-514,3.38300702584944929e-155
3,244,0x1.36eb7230d4aafp-731,0x1.d07921f385dbep-514,0x1.d07921f385dbfp-514,3.38300702584944929e-155
3,245,0x1.61f2fde3e79ccp-735,0x1.d07921f385dbep-514,0x1.d07921f385dbfp-514,3.38300702584944929e-155
3,246,0x1.9192e9aa217a6p-739,0x1.d07921f385dbep-514,0x1.d07921f385dbfp-514,3.38300702584944929e-155
3,247,0x1.c612fd3a844c9p-743,0x1.d07921f385dbep-514,0x1.d07921f385dbfp-514,3.38300702584944929e-155
3,248,0x1.ffb78f8dd066dp-747,0x1.d07921f385dbep-514,0x1.d07921f385dbfp-514,3.38300702584944929e-155
3,249,0x1.1f601846c71fap-750,0x1.d07921f385dbep-514,0x1.d07921f385dbfp-514,3.38300702584944929e-155
3,250,0x1.41b31f1e55426p-754,0x1.d07921f385dbep-514,0x1.d07921f385dbfp-514,3.38300702584944929e-155
3,251,0x1.66edb519a6575p-758,0x1.d07921f385dbep-514,0x1.d07921f385dbfp-514,3.38300702584944929e-155
3,252,0x1.8f241a97d4f9p-762,0x1.d07921f385dbep-514,0x1.d07921f385dbfp-514,3.38300702584944929e-155
3,253,0x1.ba6533abe90cdp-766,0x1.d07921f385dbep-514,0x1.d07921f385dbfp-514,3.38300702584944929e-155
3,254,0x1.e8b9c646a0c1cp-770,0x1.d07921f385dbep-514,0x1.d07921f385dbfp-514,3.38300702584944929e-155
3,255,0x1.0d11df3683e8ep-773,0x1.d07921f385dbep-514,0x1.d07921f385dbfp-514,3.38300702584944929e-155
3,256,0x1.274ebe6052befp-777,0x1.d07921f385dbep-514,0x1.d07921f385dbfp-514,3.38300702584944929e-155
3,257,0x1.430c99e4427acp-781,0x1.d07921f385dbep-514,0x1.d07921f385dbfp-514,3.38300702584944929e-155
3,258,0x1.60402c3da35f2p-785,0x1.d07921f385dbep-514,0x1.d07921f385dbfp-514,3.38300702584944929e-155
3,259,0x1.7ed9953f71661p-789,0x1.d07921f385dbep-514,0x1.d07921f385dbfp-514,3.38300702584944929e-155
3,260,0x1.9ec42c3480186p-793,0x1.d07921f385dbep-514,0x1.d07921f385dbfp-514,3.38300702584944929e-155
3,261,0x1.bfe66200ab29cp-797,0x1.d07921f385dbep-514,0x1.d07921f385dbfp-514,3.38300702584944929e-155
3,262,0x1.e221b50f21c4cp-801,0x1.d07921f385dbep-514,0x1.d07921f385dbfp-514,3.38300702584944929e-155
3,263,0x1.02a95c4ad3054p-804,0x1.d07921f385dbep-514,0x1.d07921f385dbfp-514,3.38300702584944929e-155
3,264,0x1.14a89830d236fp-808,0x1.d07921f385dbep-514,0x1.d07921f385dbfp-514,3.38300702584944929e-155
3,265,0x1.26f82101de6d7p-812,0x1.d07921f385dbep-514,0x1.d07921f385dbfp-514,3.38300702584944929e-155
3,266,0x1.397f5de14e317p-816,0x1.d07921f385dbep-514,0x1.d07921f385dbfp-514,3.38300702584944929e-155
3,267,0x1.4c23b8a4a71f4p-820,0x1.d07921f385dbep-514,0x1.d07921f385dbfp-514,3.38300702584944929e-155
3,268,0x1.5ec8d6c5076e8p-824,0x1.d07921f385dbep-514,0x1.d07921f385dbfp-514,3.38300702584944929e-155
3,269,0x1.7150dc684cbcp-828,0x1.d07921f385dbep-514,0x1.d07921f385dbfp-514,3.38300702584944929e-155
3,270,0x1.839cb8c0724ddp-832,0x1.d07921f385dbep-514,0x1.d07921f385dbfp-514,3.38300702584944929e-155
3,271,0x1.958c7ac1e94a7p-836,0x1.d07921f385dbep-514,0x1.d07921f385dbfp-514,3.38300702584944929e-155
3,272,0x1.a6ffacee7378ap-840,0x1.d07921f385dbep-514,0x1.d07921f385dbfp-514,3.38300702584944929e-155
3,273,0x1.b7d5b63288c49p-844,0x1.d07921f385dbep-514,0x1.d07921f385dbfp-514,3.38300702584944929e-155
3,274,0x1.c7ee3615725dap-848,0x1.d07921f385dbep-514,0x1.d07921f385dbfp-514,3.38300702584944929e-155
3,275,0x1.d728ebce7d16bp-852,0x1.d07921f385dbep-514,0x1.d07921f385dbfp-514,3.38300702584944929e-155
3,276,0x1.e55f778f0174cp-856,0x1.d07921f385dbep-514,0x1.d07921f385dbfp-514,3.38300702584944929e-155
3,277,0x1.f211c9bbe26d2p-860,0x1.d07921f385dbep-514,0x1.d07921f385dbfp-514,3.38300702584944929e-155
3,278,0x1.f88ecb48c2923p-864,0x1.d07921f385dbep-514,0x1.d07921f385dbfp-514,3.38300702584944929e-155
3,279,0x1.c8f53f5a0ad56p-868,0x1.d07921f385dbep-514,0x1.d07921f385dbfp-514,3.38300702584944929e-155
3,280,0x0p+0,0x1.d07921f385dbep-514,0x1.d07921f385dbep-514,3.38300702584944887e-155
4,0,0x1.e99a9670aa77p-5,0x1.fb3c3be10f4a4p-513,0x1.e99a9670aa771p-5,5.97660959513878279e-02
4,1,0x1.45d85737b3c5bp-6,0x1.fb3c3be10f4a4p-513,0x1.45d85737b3c5cp-6,1.98880054220434838e-02
4,2,0x1.94def4b7b379p-8,0x1.fb3c3be10f4a4p-513,0x1.94def4b7b3791p-8,6.17783999014233452e-03
4,3,0x1.db9201b9c9565p-10,0x1.fb3c3be10f4a4p-513,0x1.db9201b9c9566p-10,1.81415687115679117e-03
4,4,0x1.0b60bf5c888b4p-11,0x1.fb3c3be10f4a4p-513,0x1.0b60bf5c888b5p-11,5.09982910049686296e-04
4,5,0x1.23411a66c2043p-13,0x1.fb3c3be10f4a4p-513,0x1.23411a66c2044p-13,1.38880877067261888e-04
4,6,0x1.368e7ce1816f9p-15,0x1.fb3c3be10f4a4p-513,0x1.368e7ce1816fap-15,3.70212308205396533e-05
4,7,0x1.46c4fa419b16fp-17,0x1.fb3c3be10f4a4p-513,0x1.46c4fa419b17p-17,9.73848830484381925e-06
4,8,0x1.551b2fdfbf14bp-19,0x1.fb3c3be10f4a4p-513,0x1.551b2fdfbf14cp-19,2.54143922961809671e-06
4,9,0x1.623a1a6b4d63ep-21,0x1.fb3c3be10f4a4p-513,0x1.623a1a6b4d63fp-21,6.59799139246775710e-07
4,10,0x1.6e4479b79d935p-23,0x1.fb3c3be10f4a4p-513,0x1.6e4479b79d936p-23,1.70556587287138684e-07
4,11,0x1.7909f6ae2ba1ep-25,0x1.fb3c3be10f4a4p-513,0x1.7909f6ae2ba1fp-25,4.38931072472450982e-08
4,12,0x1.823fe209848bdp-27,0x1.fb3c3be10f4a4p-513,0x1.823fe209848bep-27,1.12413412077477781e-08
4,13,0x1.89a836996f06fp-29,0x1.fb3c3be10f4a4p-513,0x1.89a836996f07p-29,2.86423225130398783e-09
4,14,0x1.8f2147cce1ae2p-31,0x1.fb3c3be10f4a4p-513,0x1.8f2147cce1ae3p-31,7.26013243976769971e-10
4,15,0x1.92a4251926cccp-33,0x1.fb3c3be10f4a4p-513,0x1.92a4251926ccdp-33,1.83100014998829135e-10
4,16,0x1.943b46e0a05c6p-35,0x1.fb3c3be10f4a4p-513,0x1.943b46e0a05c7p-35,4.59558066556851122e-11
4,17,0x1.93f91a729d87dp-37,0x1.fb3c3be10f4a4p-513,0x1.93f91a729d87ep-37,1.14816049236345384e-11
4,18,0x1.91f215db86deap-39,0x1.fb3c3be10f4a4p-513,0x1.91f215db86debp-39,2.85599558949477738e-12
4,19,0x1.8e3aafe5bffdap-41,0x1.fb3c3be10f4a4p-513,0x1.8e3aafe5bffdbp-41,7.07397245637954647e-13
4,20,0x1.88e7e41a67fe9p-43,0x1.fb3c3be10f4a4p-513,0x1.88e7e41a67feap-43,1.74485237071238043e-13
4,21,0x1.82109fb6fb8d1p-45,0x1.fb3c3be10f4a4p-513,0x1.82109fb6fb8d2p-45,4.28618182117895964e-14
4,22,0x1.79cef030288ap-47,0x1.fb3c3be10f4a4p-513,0x1.79cef030288a1p-47,1.04862882954702903e-14
4,23,0x1.704075bb47d2ep-49,0x1.fb3c3be10f4a4p-513,0x1.704075bb47d2fp-49,2.55526014542811561e-15
4,24,0x1.65861c8da62cbp-51,0x1.fb3c3be10f4a4p-513,0x1.65861c8da62ccp-51,6.20205056043181356e-16
4,25,0x1.59c35d1e25734p-53,0x1.fb3c3be10f4a4p-513,0x1.59c35d1e25735p-53,1.49950858854067881e-16
4,26,0x1.4d1d4bda97f2fp-55,0x1.fb3c3be10f4a4p-513,0x1.4d1d4bda97f3p-55,3.61163398112220863e-17
4,27,0x1.3fb9acf5a108dp-57,0x1.fb3c3be10f4a4p-513,0x1.3fb9acf5a108ep-57,8.66617149684495256e-18
4,28,0x1.31be26f8dd6b5p-59,0x1.fb3c3be10f4a4p-513,0x1.31be26f8dd6b6p-59,2.07179367904846544e-18
4,29,0x1.234f9ac5c7ec9p-61,0x1.fb3c3be10f4a4p-513,0x1.234f9ac5c7ecap-61,4.93499954226607047e-19
4,30,0x1.14919d0e25ba5p-63,0x1.fb3c3be10f4a4p-513,0x1.14919d0e25ba6p-63,1.17131444044583866e-19
4,31,0x1.05a60a4ae1745p-65,0x1.fb3c3be10f4a4p-513,0x1.05a60a4ae1746p-65,2.77031225234483295e-20
4,32,0x1.ed595ecdf66acp-68,0x1.fb3c3be10f4a4p-513,0x1.ed595ecdf66adp-68,6.52942100960024906e-21
4,33,0x1.cf86077baf92fp-70,0x1.fb3c3be10f4a4p-513,0x1.cf86077baf93p-70,1.53367078165815599e-21
4,34,0x1.b207e5fd9201dp-72,0x1.fb3c3be10f4a4p-513,0x1.b207e5fd9201ep-72,3.59021906956228290e-22
4,35,0x1.950f6cf3ff89ep-74,0x1.fb3c3be10f4a4p-513,0x1.950f6cf3ff89fp-74,8.37644977199192984e-23
4,36,0x1.78c77aebc9e8ap-76,0x1.fb3c3be10f4a4p-513,0x1.78c77aebc9e8bp-76,1.94790290925622161e-23
4,37,0x1.5d5547a9fdccfp-78,0x1.fb3c3be10f4a4p-513,0x1.5d5547a9fdcdp-78,4.51502481439031721e-24
4,38,0x1.42d86bcc14a1bp-80,0x1.fb3c3be10f4a4p-513,0x1.42d86bcc14a1cp-80,1.04316973232709514e-24
4,39,0x1.296affc90ed42p-82,0x1.fb3c3be10f4a4p-513,0x1.296affc90ed43p-82,2.40252319205125796e-25
4,40,0x1.1121cf0c0aba6p-84,0x1.fb3c3be10f4a4p-513,0x1.1121cf0c0aba7p-84,5.51585813669051343e-26
4,41,0x1.f41937a332bd1p-87,0x1.fb3c3be10f4a4p-513,0x1.f41937a332bd2p-87,1.26242611046477499e-26
4,42,0x1.c86ce11509edep-89,0x1.fb3c3be10f4a4p-513,0x1.c86ce11509edfp-89,2.88044866242715839e-27
4,43,0x1.9f4bf76343eb7p-91,0x1.fb3c3be10f4a4p-513,0x1.9f4bf76343eb8p-91,6.55222730163661129e-28
4,44,0x1.78bbe6640908bp-93,0x1.fb3c3be10f4a4p-513,0x1.78bbe6640908cp-93,1.48595355915196439e-28
4,45,0x1.54baf9588b954p-95,0x1.fb3c3be10f4a4p-513,0x1.54baf9588b955p-95,3.35986082398058897e-29
4,46,0x1.3341303c193c6p-97,0x1.fb3c3be10f4a4p-513,0x1.3341303c193c7p-97,7.57441172568349349e-30
4,47,0x1.14411552be896p-99,0x1.fb3c3be10f4a4p-513,0x1.14411552be897p-99,1.70254815018858045e-30
4,48,0x1.ef511dea3be73p-102,0x1.fb3c3be10f4a4p-513,0x1.ef511dea3be74p-102,3.81578231146118629e-31
4,49,0x1.bac3544c030dp-104,0x1.fb3c3be10f4a4p-513,0x1.bac3544c030d1p-104,8.52730529632861451e-32
4,50,0x1.8aa6b6295baabp-106,0x1.fb3c3be10f4a4p-513,0x1.8aa6b6295baacp-106,1.90017649133463712e-32
4,51,0x1.5ec4628e030d3p-108,0x1.fb3c3be10f4a4p-513,0x1.5ec4628e030d4p-108,4.22220573070332853e-33
4,52,0x1.36e1fb7410441p-110,0x1.fb3c3be10f4a4p-513,0x1.36e1fb7410442p-110,9.35528725274561780e-34
4,53,0x1.12c2d3a403a93p-112,0x1.fb3c3be10f4a4p-513,0x1.12c2d3a403a94p-112,2.06707233636211948e-34
4,54,0x1.e451f9c2571a4p-115,0x1.fb3c3be10f4a4p-513,0x1.e451f9c2571a5p-115,4.55452543513861501e-35
4,55,0x1.a9ac6bdba6277p-117,0x1.fb3c3be10f4a4p-513,0x1.a9ac6bdba6278p-117,1.00075363794900159e-35
4,56,0x1.751971630c81ap-119,0x1.fb3c3be10f4a4p-513,0x1.751971630c81bp-119,2.19288110502429936e-36
4,57,0x1.461fd2d64408cp-121,0x1.fb3c3be10f4a4p-513,0x1.461fd2d64408dp-121,4.79196606362370881e-37
4,58,0x1.1c49d0b2a5984p-123,0x1.fb3c3be10f4a4p-513,0x1.1c49d0b2a5985p-123,1.04431043290129982e-37
4,59,0x1.ee4c1ea0ef255p-126,0x1.fb3c3be10f4a4p-513,0x1.ee4c1ea0ef256p-126,2.26970208424242400e-38
4,60,0x1.ac909ef1d429cp-128,0x1.fb3c3be10f4a4p-513,0x1.ac909ef1d429dp-128,4.91968406888676321e-39
4,61,0x1.7293f0939eda3p-130,0x1.fb3c3be10f4a4p-513,0x1.7293f0939eda4p-130,1.06350638631081607e-39
4,62,0x1.3f94ee643de28p-132,0x1.fb3c3be10f4a4p-513,0x1.3f94ee643de29p-132,2.29288669752777263e-40
4,63,0x1.12def5cab12b6p-134,0x1.fb3c3be10f4a4p-513,0x1.12def5cab12b7p-134,4.93025565805433437e-41
4,64,0x1.d794385ece2f2p-137,0x1.fb3c3be10f4a4p-513,0x1.d794385ece2f3p-137,1.05731665230205418e-41
4,65,0x1.93765abd00d08p-139,0x1.fb3c3be10f4a4p-513,0x1.93765abd00d09p-139,2.26148452924269858e-42
4,66,0x1.5846f7708c813p-141,0x1.fb3c3be10f4a4p-513,0x1.5846f7708c814p-141,4.82435130060161375e-43
4,67,0x1.25011502efddfp-143,0x1.fb3c3be10f4a4p-513,0x1.25011502efdep-143,1.02646593284769271e-43
4,68,0x1.f16e67f2fbfd3p-146,0x1.fb3c3be10f4a4p-513,0x1.f16e67f2fbfd4p-146,2.17828024955138507e-44
4,69,0x1.a5247101db0f9p-148,0x1.fb3c3be10f4a4p-513,0x1.a5247101db0fap-148,4.61051662040302721e-45
4,70,0x1.63a063fb7b343p-150,0x1.fb3c3be10f4a4p-513,0x1.63a063fb7b344p-150,9.73318172284880611e-46
4,71,0x1.2b8616e22b8f6p-152,0x1.fb3c3be10f4a4p-513,0x1.2b8616e22b8f7p-152,2.04942491355098769e-46
4,72,0x1.f73cb8b16dca8p-155,0x1.fb3c3be10f4a4p-513,0x1.f73cb8b16dca9p-155,4.30411075446876980e-47
4,73,0x1.a5a87b9be50adp-157,0x1.fb3c3be10f4a4p-513,0x1.a5a87b9be50aep-157,9.01594388762464202e-48
4,74,0x1.60646fde31a93p-159,0x1.fb3c3be10f4a4p-513,0x1.60646fde31a94p-159,1.88372357798970387e-48
4,75,0x1.25bf08e0115b5p-161,0x1.fb3c3be10f4a4p-513,0x1.25bf08e0115b6p-161,3.92557277531858565e-49
4,76,0x1.e875e7f002013p-164,0x1.fb3c3be10f4a4p-513,0x1.e875e7f002014p-164,8.15962609165737488e-50
4,77,0x1.9514247b3562dp-166,0x1.fb3c3be10f4a4p-513,0x1.9514247b3562ep-166,1.69168750805011458e-50
4,78,0x1.4f116cbad68a2p-168,0x1.fb3c3be10f4a4p-513,0x1.4f116cbad68a3p-168,3.49827383010917575e-51
4,79,0x1.14725ac80383p-170,0x1.fb3c3be10f4a4p-513,0x1.14725ac803831p-170,7.21559548699410060e-52
4,80,0x1.c6fe5b2f2e2dap-173,0x1.fb3c3be10f4a4p-513,0x1.c6fe5b2f2e2dbp-173,1.48448581652934145e-52
4,81,0x1.75783766f2671p-175,0x1.fb3c3be10f4a4p-513,0x1.75783766f2672p-175,3.04625352415783910e-53
4,82,0x1.31c491e13f293p-177,0x1.fb3c3be10f4a4p-513,0x1.31c491e13f294p-177,6.23508851242318271e-54
4,83,0x1.f36571f504e2bp-180,0x1.fb3c3be10f4a4p-513,0x1.f36571f504e2cp-180,1.27293465334711737e-54
4,84,0x1.96c6c909a9f32p-182,0x1.fb3c3be10f4a4p-513,0x1.96c6c909a9f33p-182,2.59212943960708171e-55
4,85,0x1.4a7c831242547p-184,0x1.fb3c3be10f4a4p-513,0x1.4a7c831242548p-184,5.26495170735568639e-56
4,86,0x1.0bd12d769896ap-186,0x1.fb3c3be10f4a4p-513,0x1.0bd12d769896bp-186,1.06664313904052564e-56
4,87,0x1.b0f3be36744a7p-189,0x1.fb3c3be10f4a4p-513,0x1.b0f3be36744a8p-189,2.15541413167697656e-57
4,88,0x1.5d0eeafad8d23p-191,0x1.fb3c3be10f4a4p-513,0x1.5d0eeafad8d24p-191,4.34438993158875915e-58
4,89,0x1.18b323153c33fp-193,0x1.fb3c3be10f4a4p-513,0x1.18b323153c34p-193,8.73399429045104705e-59
4,90,0x1.c24cb40738dacp-196,0x1.fb3c3be10f4a4p-513,0x1.c24cb40738dadp-196,1.75138839212430800e-59
4,91,0x1.684287eb60b86p-198,0x1.fb3c3be10f4a4p-513,0x1.684287eb60b87p-198,3.50297308981136722e-60
4,92,0x1.1f7bfe5442f86p-200,0x1.fb3c3be10f4a4p-513,0x1.1f7bfe5442f87p-200,6.98835741841551754e-61
4,93,0x1.c9a445254a27cp-203,0x1.fb3c3be10f4a4p-513,0x1.c9a445254a27dp-203,1.39058162447176439e-61
4,94,0x1.6b51dad8622c5p-205,0x1.fb3c3be10f4a4p-513,0x1.6b51dad8622c6p-205,2.75994180589616456e-62
4,95,0x1.1fb219ea29835p-207,0x1.fb3c3be10f4a4p-513,0x1.1fb219ea29836p-207,5.46366816956800743e-63
4,96,0x1.c67392cdc6f9ep-210,0x1.fb3c3be10f4a4p-513,0x1.c67392cdc6f9fp-210,1.07881865354509103e-63
4,97,0x1.66017c0273cc4p-212,0x1.fb3c3be10f4a4p-513,0x1.66017c0273cc5p-212,2.12466769556173774e-64
4,98,0x1.194cc97a43335p-214,0x1.fb3c3be10f4a4p-513,0x1.194cc97a43336p-214,4.17359800858604316e-65
4,99,0x1.b8ea375bbde65p-217,0x1.fb3c3be10f4a4p-513,0x1.b8ea375bbde66p-217,8.17722142861040250e-66
4,100,0x1.58a788f826757p-219,0x1.fb3c3be10f4a4p-513,0x1.58a788f826758p-219,1.59799293184509151e-66
4,101,0x1.0cb5fba7ed117p-221,0x1.fb3c3be10f4a4p-513,0x1.0cb5fba7ed118p-221,3.11470005083780030e-67
4,102,0x1.a1ea0861d59a3p-224,0x1.fb3c3be10f4a4p-513,0x1.a1ea0861d59a4p-224,6.05519486522471051e-68
4,103,0x1.4422e4bb02815p-226,0x1.fb3c3be10f4a4p-513,0x1.4422e4bb02816p-226,1.17410973384036116e-68
4,104,0x1.f57e3c0206172p-229,0x1.fb3c3be10f4a4p-513,0x1.f57e3c0206173p-229,2.27068030117648425e-69
4,105,0x1.82ef2005214b3p-231,0x1.fb3c3be10f4a4p-513,0x1.82ef2005214b4p-231,4.37993859288051314e-70
4,106,0x1.29c37cad96ed2p-233,0x1.fb3c3be10f4a4p-513,0x1.29c37cad96ed3p-233,8.42641185879707455e-71
4,107,0x1.c915b2f3fc72fp-236,0x1.fb3c3be10f4a4p-513,0x1.c915b2f3fc73p-236,1.61688004500014505e-71
4,108,0x1.5de7a9745ffd3p-238,0x1.fb3c3be10f4a4p-513,0x1.5de7a9745ffd4p-238,3.09436205951532247e-72
4,109,0x1.0b270aee62d8fp-240,0x1.fb3c3be10f4a4p-513,0x1.0b270aee62d9p-240,5.90636572415719628e-73
4,110,0x1.96ddd31895f8fp-243,0x1.fb3c3be10f4a4p-513,0x1.96ddd31895f9p-243,1.12440566190610252e-73
4,111,0x1.35014d248b1cep-245,0x1.fb3c3be10f4a4p-513,0x1.35014d248b1cfp-245,2.13489598738724240e-74
4,112,0x1.d41ee112e1fd1p-248,0x1.fb3c3be10f4a4p-513,0x1.d41ee112e1fd2p-248,4.04276859443847945e-75
4,113,0x1.61a4c1c0013f1p-250,0x1.fb3c3be10f4a4p-513,0x1.61a4c1c0013f2p-250,7.63531394329274169e-76
4,114,0x1.0a7364e851db1p-252,0x1.fb3c3be10f4a4p-513,0x1.0a7364e851db2p-252,1.43819603864599331e-76
4,115,0x1.9070e72b0c7a8p-255,0x1.fb3c3be10f4a4p-513,0x1.9070e72b0c7a9p-255,2.70177828791936112e-77
4,116,0x1.2c19eb4aadfb7p-257,0x1.fb3c3be10f4a4p-513,0x1.2c19eb4aadfb8p-257,5.06196279006252723e-78
4,117,0x1.c09a439b0a72dp-260,0x1.fb3c3be10f4a4p-513,0x1.c09a439b0a72ep-260,9.45851468927652643e-79
4,118,0x1.4e64b085e1604p-262,0x1.fb3c3be10f4a4p-513,0x1.4e64b085e1605p-262,1.76262027740145744e-79
4,119,0x1.f12daa81fa341p-265,0x1.fb3c3be10f4a4p-513,0x1.f12daa81fa342p-265,3.27584557911910022e-80
4,120,0x1.709b32d3cd48cp-267,0x1.fb3c3be10f4a4p-513,0x1.709b32d3cd48dp-267,6.07174998541747339e-81
4,121,0x1.108b23850e001p-269,0x1.fb3c3be10f4a4p-513,0x1.108b23850e002p-269,1.12234673372893604e-81
4,122,0x1.91f0024265344p-272,0x1.fb3c3be10f4a4p-513,0x1.91f0024265345p-272,2.06899660607910165e-82
4,123,0x1.2793318ab1d92p-274,0x1.fb3c3be10f4a4p-513,0x1.2793318ab1d93p-274,3.80372301065251682e-83
4,124,0x1.b187de477e00ep-277,0x1.fb3c3be10f4a4p-513,0x1.b187de477e00fp-277,6.97382633624167214e-84
4,125,0x1.3d11542a1f639p-279,0x1.fb3c3be10f4a4p-513,0x1.3d11542a1f63ap-279,1.27509702859620991e-84
4,126,0x1.ce826c5213fc9p-282,0x1.fb3c3be10f4a4p-513,0x1.ce826c5213fcap-282,2.32499424660077883e-85
4,127,0x1.5067aeb27b78fp-284,0x1.fb3c3be10f4a4p-513,0x1.5067aeb27b79p-284,4.22769570156982555e-86
4,128,0x1.e80419f8538e1p-287,0x1.fb3c3be10f4a4p-513,0x1.e80419f8538e2p-287,7.66629203514468392e-87
4,129,0x1.60ff74c1e86c1p-289,0x1.fb3c3be10f4a4p-513,0x1.60ff74c1e86c2p-289,1.38631965042675186e-87
4,130,0x1.fd40995c77d02p-292,0x1.fb3c3be10f4a4p-513,0x1.fd40995c77d03p-292,2.49996733500316759e-88
4,131,0x1.6e505e33fa0c4p-294,0x1.fb3c3be10f4a4p-513,0x1.6e505e33fa0c5p-294,4.49567339114189030e-89
4,132,0x1.06c2a5f4fbdecp-296,0x1.fb3c3be10f4a4p-513,0x1.06c2a5f4fbdedp-296,8.06196932255437959e-90
4,133,0x1.77e7cda63efcbp-299,0x1.fb3c3be10f4a4p-513,0x1.77e7cda63efccp-299,1.44168370612191717e-90
4,134,0x1.0c21713005112p-301,0x1.fb3c3be10f4a4p-513,0x1.0c21713005113p-301,2.57085613291205425e-91
4,135,0x1.7d6f2636ef849p-304,0x1.fb3c3be10f4a4p-513,0x1.7d6f2636ef84ap-304,4.57152349867382870e-92
4,136,0x1.0e8abded236aap-306,0x1.fb3c3be10f4a4p-513,0x1.0e8abded236abp-306,8.10617535768818186e-93
4,137,0x1.7eb0d50a17cecp-309,0x1.fb3c3be10f4a4p-513,0x1.7eb0d50a17cedp-309,1.43330739105789210e-93
4,138,0x1.0de55098e2cbfp-311,0x1.fb3c3be10f4a4p-513,0x1.0de55098e2ccp-311,2.52712920562716178e-94
4,139,0x1.7b9ba6e1fadcfp-314,0x1.fb3c3be10f4a4p-513,0x1.7b9ba6e1faddp-314,4.44300467178132705e-95
4,140,0x1.0a324ee8adce4p-316,0x1.fb3c3be10f4a4p-513,0x1.0a324ee8adce5p-316,7.78903710783536426e-96
4,141,0x1.7444206958468p-319,0x1.fb3c3be10f4a4p-513,0x1.7444206958469p-319,1.36158553874877588e-96
4,142,0x1.038d7417b2b6ep-321,0x1.fb3c3be10f4a4p-513,0x1.038d7417b2b6fp-321,2.37332236072567719e-97
4,143,0x1.68e3b61fcfec2p-324,0x1.fb3c3be10f4a4p-513,0x1.68e3b61fcfec3p-324,4.12492145569601387e-98
4,144,0x1.f457861f6adfbp-327,0x1.fb3c3be10f4a4p-513,0x1.f457861f6adfcp-327,7.14855589929566082e-99
4,145,0x1.59d5eb8b2032fp-329,0x1.fb3c3be10f4a4p-513,0x1.59d5eb8b2033p-329,1.23526799762619662e-99
4,146,0x1.dcb1966d2b979p-332,0x1.fb3c3be10f4a4p-513,0x1.dcb1966d2b97ap-332,2.12833941564209064e-100
4,147,0x1.47938c1f7d8a4p-334,0x1.fb3c3be10f4a4p-513,0x1.47938c1f7d8a5p-334,3.65640278877187125e-101
4,148,0x1.c0e563785febep-337,0x1.fb3c3be10f4a4p-513,0x1.c0e563785febfp-337,6.26321440496672270e-102
4,149,0x1.32ac56d8124c2p-339,0x1.fb3c3be10f4a4p-513,0x1.32ac56d8124c3p-339,1.06971313781181012e-102
4,150,0x1.a1ca93d010819p-342,0x1.fb3c3be10f4a4p-513,0x1.a1ca93d01081ap-342,1.82163318098732217e-103
4,151,0x1.1bbf93bc99a2dp-344,0x1.fb3c3be10f4a4p-513,0x1.1bbf93bc99a2ep-344,3.09296402072327397e-104
4,152,0x1.80493108d9b44p-347,0x1.fb3c3be10f4a4p-513,0x1.80493108d9b45p-347,5.23607663444537569e-105
4,153,0x1.03741d852632p-349,0x1.fb3c3be10f4a4p-513,0x1.03741d8526321p-349,8.83794323660102108e-106
4,154,0x1.5d4e4eca87253p-352,0x1.fb3c3be10f4a4p-513,0x1.5d4e4eca87254p-352,1.48733045046426399e-106
4,155,0x1.d4e0deea1b6acp-355,0x1.fb3c3be10f4a4p-513,0x1.d4e0deea1b6adp-355,2.49558175378736437e-107
4,156,0x1.39c11af12c8afp-357,0x1.fb3c3be10f4a4p-513,0x1.39c11af12c8bp-357,4.17485400912758339e-108
4,157,0x1.a2a68054bf519p-360,0x1.fb3c3be10f4a4p-513,0x1.a2a68054bf51ap-360,6.96326785856779919e-109
4,158,0x1.16790c656a06p-362,0x1.fb3c3be10f4a4p-513,0x1.16790c656a061p-362,1.15793573461616198e-109
4,159,0x1.715a3d999bff5p-365,0x1.fb3c3be10f4a4p-513,0x1.715a3d999bff6p-365,1.91978530542528950e-110
4,160,0x1.e86b879d9ada5p-368,0x1.fb3c3be10f4a4p-513,0x1.e86b879d9ada6p-368,3.17332902099922380e-111
4,161,0x1.41f6d6ae8cf1fp-370,0x1.fb3c3be10f4a4p-513,0x1.41f6d6ae8cf2p-370,5.22960926089040602e-112
4,162,0x1.a73207c4768c7p-373,0x1.fb3c3be10f4a4p-513,0x1.a73207c4768c8p-373,8.59236311800510388e-113
4,163,0x1.1549c05e6fd7ep-375,0x1.fb3c3be10f4a4p-513,0x1.1549c05e6fd7fp-375,1.40748209715144269e-113
4,164,0x1.6a45e8564e0fap-378,0x1.fb3c3be10f4a4p-513,0x1.6a45e8564e0fbp-378,2.29856999303240540e-114
4,165,0x1.d7defb34171fep-381,0x1.fb3c3be10f4a4p-513,0x1.d7defb34171ffp-381,3.74244126530716004e-115
4,166,0x1.32615cc4bbc44p-383,0x1.fb3c3be10f4a4p-513,0x1.32615cc4bbc45p-383,6.07480809990571079e-116
4,167,0x1.8ca63aed7c62cp-386,0x1.fb3c3be10f4a4p-513,0x1.8ca63aed7c62dp-386,9.83079049087571201e-117
4,168,0x1.fff3a336c4adfp-389,0x1.fb3c3be10f4a4p-513,0x1.fff3a336c4aep-389,1.58606403986386244e-117
4,169,0x1.496103bbade03p-391,0x1.fb3c3be10f4a4p-513,0x1.496103bbade04p-391,2.55110061971960553e-118
4,170,0x1.a689af2aa3acfp-394,0x1.fb3c3be10f4a4p-513,0x1.a689af2aa3adp-394,4.09079145152900613e-119
4,171,0x1.0e31cf249fdd4p-396,0x1.fb3c3be10f4a4p-513,0x1.0e31cf249fdd5p-396,6.53970809755883924e-120
4,172,0x1.587fa072fdbe3p-399,0x1.fb3c3be10f4a4p-513,0x1.587fa072fdbe4p-399,1.04226739723930157e-120
4,173,0x1.b5e439f565a73p-402,0x1.fb3c3be10f4a4p-513,0x1.b5e439f565a74p-402,1.65603038945074717e-121
4,174,0x1.1572df3a49beap-404,0x1.fb3c3be10f4a4p-513,0x1.1572df3a49bebp-404,2.62315836123471060e-122
4,175,0x1.5e816566fb1b1p-407,0x1.fb3c3be10f4a4p-513,0x1.5e816566fb1b2p-407,4.14234797801128894e-123
4,176,0x1.b9709e97d194fp-410,0x1.fb3c3be10f4a4p-513,0x1.b9709e97d195p-410,6.52128854691596929e-124
4,177,0x1.1521102ff28ap-412,0x1.fb3c3be10f4a4p-513,0x1.1521102ff28a1p-412,1.02349101852343805e-124
4,178,0x1.5ae299cec72ddp-415,0x1.fb3c3be10f4a4p-513,0x1.5ae299cec72dep-415,1.60139162987445115e-125
4,179,0x1.b0dd273aec5f8p-418,0x1.fb3c3be10f4a4p-513,0x1.b0dd273aec5f9p-418,2.49788934194491266e-126
4,180,0x1.0d3ed82befbb8p-420,0x1.fb3c3be10f4a4p-513,0x1.0d3ed82befbb9p-420,3.88427783645724624e-127
4,181,0x1.4dea54eaa9dbp-423,0x1.fb3c3be10f4a4p-513,0x1.4dea54eaa9db1p-423,6.02154953641524329e-128
4,182,0x1.9cd7c5e6e34a1p-426,0x1.fb3c3be10f4a4p-513,0x1.9cd7c5e6e34a2p-426,9.30607746860426662e-129
4,183,0x1.fcdaa2fc0ecf4p-429,0x1.fb3c3be10f4a4p-513,0x1.fcdaa2fc0ecf5p-429,1.43378862247430673e-129
4,184,0x1.38a17001219b2p-431,0x1.fb3c3be10f4a4p-513,0x1.38a17001219b3p-431,2.20223372371426104e-130
4,185,0x1.7ef71e687465cp-434,0x1.fb3c3be10f4a4p-513,0x1.7ef71e687465dp-434,3.37210702678106015e-131
4,186,0x1.d3ad93df325a8p-437,0x1.fb3c3be10f4a4p-513,0x1.d3ad93df325a9p-437,5.14753022328343855e-132
4,187,0x1.1caf4b213dfe3p-439,0x1.fb3c3be10f4a4p-513,0x1.1caf4b213dfe4p-439,7.83350503005904706e-133
4,188,0x1.5984b7bb85ad7p-442,0x1.fb3c3be10f4a4p-513,0x1.5984b7bb85ad8p-442,1.18842879784108816e-133
4,189,0x1.a20f491161b9bp-445,0x1.fb3c3be10f4a4p-513,0x1.a20f491161b9cp-445,1.79742293021563854e-134
4,190,0x1.f845ec15632fbp-448,0x1.fb3c3be10f4a4p-513,0x1.f845ec15632fcp-448,2.71011554871422040e-135
4,191,0x1.2f324f5299305p-450,0x1.fb3c3be10f4a4p-513,0x1.2f324f5299306p-450,4.07367335373912062e-136
4,192,0x1.6b797bcab3f4dp-453,0x1.fb3c3be10f4a4p-513,0x1.6b797bcab3f4ep-453,6.10444240664988177e-137
4,193,0x1.b26560ab4b883p-456,0x1.fb3c3be10f4a4p-513,0x1.b26560ab4b884p-456,9.11943297490747945e-138
4,194,0x1.02c7a27734006p-458,0x1.fb3c3be10f4a4p-513,0x1.02c7a27734007p-458,1.35816467856776575e-138
4,195,0x1.33600141610abp-461,0x1.fb3c3be10f4a4p-513,0x1.33600141610adp-461,2.01651103246968266e-139
4,196,0x1.6bf9864a6009p-464,0x1.fb3c3be10f4a4p-513,0x1.6bf9864a600ap-464,2.98478634875775219e-140
4,197,0x1.adac99ff3dd05p-467,0x1.fb3c3be10f4a4p-513,0x1.adac99ff3dd84p-467,4.40444672985406193e-141
4,198,0x1.f9ad882013094p-470,0x1.fb3c3be10f4a4p-513,0x1.f9ad88201348bp-470,6.47941818768157838e-142
4,199,0x1.28a6bc3825a6ep-472,0x1.fb3c3be10f4a4p-513,0x1.28a6bc3826a48p-472,9.50272915059648696e-143
4,200,0x1.5afd8e374a235p-475,0x1.fb3c3be10f4a4p-513,0x1.5afd8e3752105p-475,1.38940743345698812e-143
4,201,0x1.94a180ff4c0edp-478,0x1.fb3c3be10f4a4p-513,0x1.94a180ff8b766p-478,2.02526158459784529e-144
4,202,0x1.d667bd23b482fp-481,0x1.fb3c3be10f4a4p-513,0x1.d667bd25afbf3p-481,2.94309487088554210e-145
4,203,0x1.109a00ed0b423p-483,0x1.fb3c3be10f4a4p-513,0x1.109a00f4f8332p-483,4.26383600964694629e-146
4,204,0x1.3afc09842cfd5p-486,0x1.fb3c3be10f4a4p-513,0x1.3afc09c39484dp-486,6.15844912810392422e-147
4,205,0x1.6ad96c0e1045dp-489,0x1.fb3c3be10f4a4p-513,0x1.6ad96e094c81cp-489,8.86785303032956700e-148
4,206,0x1.a0b791f1e2241p-492,0x1.fb3c3be10f4a4p-513,0x1.a0b7a1cbc4032p-492,1.27304487144065640e-148
4,207,0x1.dd210f31e4aa3p-495,0x1.fb3c3be10f4a4p-513,0x1.dd218e00f3a28p-495,1.82200633153826371e-149
4,208,0x1.105252abdbb19p-497,0x1.fb3c3be10f4a4p-513,0x1.10544de81792ap-497,2.59983976079349255e-150
4,209,0x1.35ea0908d72aep-500,0x1.fb3c3be10f4a4p-513,0x1.35f9e2eab6336p-500,3.69905201919239017e-151
4,210,0x1.5fa15401c2f88p-503,0x1.fb3c3be10f4a4p-513,0x1.60202310bb3c6p-503,5.25254444119104116e-152
4,211,0x1.8dc1d8a2c7f7p-506,0x1.fb3c3be10f4a4p-513,0x1.91b8511a8a15ap-506,7.49041136408763071e-153
4,212,0x1.c0944e1525aa7p-509,0x1.fb3c3be10f4a4p-513,0x1.e04811d3369f2p-509,1.11940726184101129e-153
4,213,0x1.f85f7a0fea759p-512,0x1.fb3c3be10f4a4p-513,0x1.7afecc00390d6p-511,2.20834069156841831e-154
4,214,0x1.1ab38a7703331p-514,0x1.fb3c3be10f4a4p-513,0x1.444b008e4871fp-512,9.44799812860200131e-155
4,215,0x1.3bf54bdc5a1bfp-517,0x1.fb3c3be10f4a4p-513,0x1.077dc84f6a76p-512,7.67659443982369662e-155
4,216,0x1.6011fb99e62c6p-520,0x1.fb3c3be10f4a4p-513,0x1.fdfc5fd84316ap-513,7.42900028120393928e-155
4,217,0x1.872327dd60ee9p-523,0x1.fb3c3be10f4a4p-513,0x1.fb9e04ab06a28p-513,7.39449702468633798e-155
4,218,0x1.b13e433de20b7p-526,0x1.fb3c3be10f4a4p-513,0x1.fb49c5d329396p-513,7.38970323573924433e-155
4,219,0x1.de73f2aa9c346p-529,0x1.fb3c3be10f4a4p-513,0x1.fb3e1a5501f4ep-513,7.38903918816618364e-155
4,220,0x1.0767add0ae6d3p-531,0x1.fb3c3be10f4a4p-513,0x1.fb3c7dbafabe7p-513,7.38894747676841098e-155
4,221,0x1.212abaf6fab4cp-534,0x1.fb3c3be10f4a4p-513,0x1.fb3c44ea6522p-513,7.38893484821283544e-155
4,222,0x1.3c823238af87ep-537,0x1.fb3c3be10f4a4p-513,0x1.fb3c3d1d917c8p-513,7.38893311443778989e-155
4,223,0x1.59696c4ea51d8p-540,0x1.fb3c3be10f4a4p-513,0x1.fb3c3c0c3c77dp-513,7.38893287711305436e-155
4,224,0x1.77d7c23617f4cp-543,0x1.fb3c3be10f4a4p-513,0x1.fb3c3be6eea95p-513,7.38893284472335058e-155
4,225,0x1.97c04f5248fc6p-546,0x1.fb3c3be10f4a4p-513,0x1.fb3c3be1db2a7p-513,7.38893284031590242e-155
4,226,0x1.b911be92efb02p-549,0x1.fb3c3be10f4a4p-513,0x1.fb3c3be12adb6p-513,7.38893283971792266e-155
4,227,0x1.dbb6246a8dedp-552,0x1.fb3c3be10f4a4p-513,0x1.fb3c3be11301bp-513,7.38893283963703040e-155
4,228,0x1.ff92e73f09244p-555,0x1.fb3c3be10f4a4p-513,0x1.fb3c3be10fca3p-513,7.38893283962612011e-155
4,229,0x1.12445be8db39bp-557,0x1.fb3c3be10f4a4p-513,0x1.fb3c3be10f5b7p-513,7.38893283962465282e-155
4,230,0x1.2539cd714adc7p-560,0x1.fb3c3be10f4a4p-513,0x1.fb3c3be10f4c9p-513,7.38893283962445575e-155
4,231,0x1.38958286bcd33p-563,0x1.fb3c3be10f4a4p-513,0x1.fb3c3be10f4a9p-513,7.38893283962442925e-155
4,232,0x1.4c4104c833229p-566,0x1.fb3c3be10f4a4p-513,0x1.fb3c3be10f4a5p-513,7.38893283962442594e-155
4,233,0x1.6023ce28fa9f9p-569,0x1.fb3c3be10f4a4p-513,0x1.fb3c3be10f4a5p-513,7.38893283962442594e-155
4,234,0x1.7423738f6ebadp-572,0x1.fb3c3be10f4a4p-513,0x1.fb3c3be10f4a5p-513,7.38893283962442594e-155
4,235,0x1.8823d8d87a665p-575,0x1.fb3c3be10f4a4p-513,0x1.fb3c3be10f4a5p-513,7.38893283962442594e-155
4,236,0x1.9c076dd538a42p-578,0x1.fb3c3be10f4a4p-513,0x1.fb3c3be10f4a5p-513,7.38893283962442594e-155
4,237,0x1.afaf73a443c28p-581,0x1.fb3c3be10f4a4p-513,0x1.fb3c3be10f4a5p-513,7.38893283962442594e-155
4,238,0x1.c2fc4995a9dcep-584,0x1.fb3c3be10f4a4p-513,0x1.fb3c3be10f4a5p-513,7.38893283962442594e-155
4,239,0x1.d5cdc0988af59p-587,0x1.fb3c3be10f4a4p-513,0x1.fb3c3be10f4a5p-513,7.38893283962442594e-155
4,240,0x1.e80374056c74dp-590,0x1.fb3c3be10f4a4p-513,0x1.fb3c3be10f4a5p-513,7.38893283962442594e-155
4,241,0x1.f97d26719a166p-593,0x1.fb3c3be10f4a4p-513,0x1.fb3c3be10f4a5p-513,7.38893283962442594e-155
4,242,0x1.050d908bd48d5p-595,0x1.fb3c3be10f4a4p-513,0x1.fb3c3be10f4a5p-513,7.38893283962442594e-155
4,243,0x1.0cdf4a2434c4dp-598,0x1.fb3c3be10f4a4p-513,0x1.fb3c3be10f4a5p-513,7.38893283962442594e-155
4,244,0x1.1424fba38d40fp-601,0x1.fb3c3be10f4a4p-513,0x1.fb3c3be10f4a5p-513,7.38893283962442594e-155
4,245,0x1.1ad0b2f61a07cp-604,0x1.fb3c3be10f4a4p-513,0x1.fb3c3be10f4a5p-513,7.38893283962442594e-155
4,246,0x1.20d57d35f80bap-607,0x1.fb3c3be10f4a4p-513,0x1.fb3c3be10f4a5p-513,7.38893283962442594e-155
4,247,0x1.262790d487b8bp-610,0x1.fb3c3be10f4a4p-513,0x1.fb3c3be10f4a5p-513,7.38893283962442594e-155
4,248,0x1.2abc744883d77p-613,0x1.fb3c3be10f4a4p-513,0x1.fb3c3be10f4a5p-513,7.38893283962442594e-155
4,249,0x1.2e8b208e366b8p-616,0x1.fb3c3be10f4a4p-513,0x1.fb3c3be10f4a5p-513,7.38893283962442594e-155
4,250,0x1.318c1eda31dcp-619,0x1.fb3c3be10f4a4p-513,0x1.fb3c3be10f4a5p-513,7.38893283962442594e-155
4,251,0x1.33b9a0f5a879bp-622,0x1.fb3c3be10f4a4p-513,0x1.fb3c3be10f4a5p-513,7.38893283962442594e-155
4,252,0x1.350f93d55bcbdp-625,0x1.fb3c3be10f4a4p-513,0x1.fb3c3be10f4a5p-513,7.38893283962442594e-155
4,253,0x1.358bac188415ap-628,0x1.fb3c3be10f4a4p-513,0x1.fb3c3be10f4a5p-513,7.38893283962442594e-155
4,254,0x1.352d6c3b49a82p-631,0x1.fb3c3be10f4a4p-513,0x1.fb3c3be10f4a5p-513,7.38893283962442594e-155
4,255,0x1.33f62467b481ap-634,0x1.fb3c3be10f4a4p-513,0x1.fb3c3be10f4a5p-513,7.38893283962442594e-155
4,256,0x1.31e8ebef89357p-637,0x1.fb3c3be10f4a4p-513,0x1.fb3c3be10f4a5p-513,7.38893283962442594e-155
4,257,0x1.2f0a94989e1bap-640,0x1.fb3c3be10f4a4p-513,0x1.fb3c3be10f4a5p-513,7.38893283962442594e-155
4,258,0x1.2b619803049fbp-643,0x1.fb3c3be10f4a4p-513,0x1.fb3c3be10f4a5p-513,7.38893283962442594e-155
4,259,0x1.26f5ff8c3a7cep-646,0x1.fb3c3be10f4a4p-513,0x1.fb3c3be10f4a5p-513,7.38893283962442594e-155
4,260,0x1.21d1472bce683p-649,0x1.fb3c3be10f4a4p-513,0x1.fb3c3be10f4a5p-513,7.38893283962442594e-155
4,261,0x1.1bfe3bdbeafcfp-652,0x1.fb3c3be10f4a4p-513,0x1.fb3c3be10f4a5p-513,7.38893283962442594e-155
4,262,0x1.1588d6329984bp-655,0x1.fb3c3be10f4a4p-513,0x1.fb3c3be10f4a5p-513,7.38893283962442594e-155
4,263,0x1.0e7e11dee9536p-658,0x1.fb3c3be10f4a4p-513,0x1.fb3c3be10f4a5p-513,7.38893283962442594e-155
4,264,0x1.06ebc2c742d5bp-661,0x1.fb3c3be10f4a4p-513,0x1.fb3c3be10f4a5p-513,7.38893283962442594e-155
4,265,0x1.fdc0d117d2077p-665,0x1.fb3c3be10f4a4p-513,0x1.fb3c3be10f4a5p-513,7.38893283962442594e-155
4,266,0x1.ecd60264116b3p-668,0x1.fb3c3be10f4a4p-513,0x1.fb3c3be10f4a5p-513,7.38893283962442594e-155
4,267,0x1.db35b771a182ep-671,0x1.fb3c3be10f4a4p-513,0x1.fb3c3be10f4a5p-513,7.38893283962442594e-155
4,268,0x1.c8fed6a619c72p-674,0x1.fb3c3be10f4a4p-513,0x1.fb3c3be10f4a5p-513,7.38893283962442594e-155
4,269,0x1.b65037e8c9aa7p-677,0x1.fb3c3be10f4a4p-513,0x1.fb3c3be10f4a5p-513,7.38893283962442594e-155
4,270,0x1.a348519bfbe78p-680,0x1.fb3c3be10f4a4p-513,0x1.fb3c3be10f4a5p-513,7.38893283962442594e-155
4,271,0x1.9004ea3bb1c4cp-683,0x1.fb3c3be10f4a4p-513,0x1.fb3c3be10f4a5p-513,7.38893283962442594e-155
4,272,0x1.7ca2cd0dc6c26p-686,0x1.fb3c3be10f4a4p-513,0x1.fb3c3be10f4a5p-513,7.38893283962442594e-155
4,273,0x1.693d70b4c51f2p-689,0x1.fb3c3be10f4a4p-513,0x1.fb3c3be10f4a5p-513,7.38893283962442594e-155
4,274,0x1.55ee146dc4d89p-692,0x1.fb3c3be10f4a4p-513,0x1.fb3c3be10f4a5p-513,7.38893283962442594e-155
4,275,0x1.42c71715eb29dp-695,0x1.fb3c3be10f4a4p-513,0x1.fb3c3be10f4a5p-513,7.38893283962442594e-155
4,276,0x1.2fb6aa4e1a08p-698,0x1.fb3c3be10f4a4p-513,0x1.fb3c3be10f4a5p-513,7.38893283962442594e-155
4,277,0x1.1bd25a1822eabp-701,0x1.fb3c3be10f4a4p-513,0x1.fb3c3be10f4a5p-513,7.38893283962442594e-155
4,278,0x1.015a6a7d5bc29p-704,0x1.fb3c3be10f4a4p-513,0x1.fb3c3be10f4a5p-513,7.38893283962442594e-155
4,279,0x1.860e2ce0fed94p-708,0x1.fb3c3be10f4a4p-513,0x1.fb3c3be10f4a5p-513,7.38893283962442594e-155
4,280,0x0p+0,0x1.fb3c3be10f4a4p-513,0x1.fb3c3be10f4a4p-513,7.38893283962442511e-155
5,0,0x1.06594f0dce72p-4,0x1.0b5b865528916p-511,0x1.06594f0dce721p-4,6.40500152630037040e-02
5,1,0x1.65872db450c1p-6,0x1.0b5b865528916p-511,0x1.65872db450c11p-6,2.18217798549283395e-02
5,2,0x1.c982ccb4deff4p-8,0x1.0b5b865528916p-511,0x1.c982ccb4deff5p-8,6.98106286733589810e-03
5,3,0x1.168a7b2e146cap-9,0x1.0b5b865528916p-511,0x1.168a7b2e146cbp-9,2.12509874021624612e-03
5,4,0x1.46da43d10c196p-11,0x1.0b5b865528916p-511,0x1.46da43d10c197p-11,6.23421854589567278e-04
5,5,0x1.75d7f4d7a9c32p-13,0x1.0b5b865528916p-511,0x1.75d7f4d7a9c33p-13,1.78262510180023088e-04
5,6,0x1.a49cc6d311e7bp-15,0x1.0b5b865528916p-511,0x1.a49cc6d311e7cp-15,5.01409064317921781e-05
5,7,0x1.d4852e6ff94f1p-17,0x1.0b5b865528916p-511,0x1.d4852e6ff94f2p-17,1.39629912325280679e-05
5,8,0x1.03526c2e2285dp-18,0x1.0b5b865528916p-511,0x1.03526c2e2285ep-18,3.86419837473437802e-06
5,9,0x1.1dc45ffaa06e6p-20,0x1.0b5b865528916p-511,0x1.1dc45ffaa06e7p-20,1.06456536622150048e-06
5,10,0x1.39a0a486f2dedp-22,0x1.0b5b865528916p-511,0x1.39a0a486f2deep-22,2.92088380535111176e-07
5,11,0x1.56c93aa8cbb16p-24,0x1.0b5b865528916p-511,0x1.56c93aa8cbb17p-24,7.98110969645837198e-08
5,12,0x1.751374464e6bp-26,0x1.0b5b865528916p-511,0x1.751374464e6b1p-26,2.17158808931775012e-08
5,13,0x1.9458788465dabp-28,0x1.0b5b865528916p-511,0x1.9458788465dacp-28,5.88400273330939610e-09
5,14,0x1.b47ac9aa42c02p-30,0x1.0b5b865528916p-511,0x1.b47ac9aa42c03p-30,1.58790367882805291e-09
5,15,0x1.d5641b43d798cp-32,0x1.0b5b865528916p-511,0x1.d5641b43d798dp-32,4.26908664877385907e-10
5,16,0x1.f7002ef86a204p-34,0x1.0b5b865528916p-511,0x1.f7002ef86a205p-34,1.14369121709150526e-10
5,17,0x1.0c9c200b8625cp-35,0x1.0b5b865528916p-511,0x1.0c9c200b8625dp-35,3.05374060153706966e-11
5,18,0x1.1df84449ee02p-37,0x1.0b5b865528916p-511,0x1.1df84449ee021p-37,8.12775033421675311e-12
5,19,0x1.2f83eadf5b637p-39,0x1.0b5b865528916p-511,0x1.2f83eadf5b638p-39,2.15660593468495061e-12
5,20,0x1.412c3175dbc97p-41,0x1.0b5b865528916p-511,0x1.412c3175dbc98p-41,5.70517197405672284e-13
5,21,0x1.52dc90d4bd924p-43,0x1.0b5b865528916p-511,0x1.52dc90d4bd925p-43,1.50484773507185812e-13
5,22,0x1.647f7134c37ccp-45,0x1.0b5b865528916p-511,0x1.647f7134c37cdp-45,3.95792089256242855e-14
5,23,0x1.75fe94849868fp-47,0x1.0b5b865528916p-511,0x1.75fe94849869p-47,1.03804313396094227e-14
5,24,0x1.87435abbb1ca6p-49,0x1.0b5b865528916p-511,0x1.87435abbb1ca7p-49,2.71493316181591989e-15
5,25,0x1.9836f0b47374fp-51,0x1.0b5b865528916p-511,0x1.9836f0b47375p-51,7.08139467837052066e-16
5,26,0x1.a8c2794fde552p-53,0x1.0b5b865528916p-511,0x1.a8c2794fde553p-53,1.84210140012461182e-16
5,27,0x1.b8cf3a274d3dcp-55,0x1.0b5b865528916p-511,0x1.b8cf3a274d3ddp-55,4.77926597063355127e-17
5,28,0x1.c846ce5c329eap-57,0x1.0b5b865528916p-511,0x1.c846ce5c329ebp-57,1.23674016531797913e-17
5,29,0x1.d7135dd1567ecp-59,0x1.0b5b865528916p-511,0x1.d7135dd1567edp-59,3.19213277159215022e-18
5,30,0x1.e51fd59299d78p-61,0x1.0b5b865528916p-511,0x1.e51fd59299d79p-61,8.21832620352449369e-19
5,31,0x1.f2581e82fee8dp-63,0x1.0b5b865528916p-511,0x1.f2581e82fee8ep-63,2.11056984831383585e-19
5,32,0x1.fea95078ac7cfp-65,0x1.0b5b865528916p-511,0x1.fea95078ac7dp-65,5.40683771577517224e-20
5,33,0x1.0500f078ace42p-66,0x1.0b5b865528916p-511,0x1.0500f078ace43p-66,1.38174192033261265e-20
5,34,0x1.0a28e6934044ap-68,0x1.0b5b865528916p-511,0x1.0a28e6934044bp-68,3.52259520284776286e-21
5,35,0x1.0ec55fbec1eb8p-70,0x1.0b5b865528916p-511,0x1.0ec55fbec1eb9p-70,8.95906060774872081e-22
5,36,0x1.12d01821b4d59p-72,0x1.0b5b865528916p-511,0x1.12d01821b4d5ap-72,2.27319876671669593e-22
5,37,0x1.1643c0c0b107bp-74,0x1.0b5b865528916p-511,0x1.1643c0c0b107cp-74,5.75437829617024496e-23
5,38,0x1.191c0ace69171p-76,0x1.0b5b865528916p-511,0x1.191c0ace69172p-76,1.45330225875917135e-23
5,39,0x1.1b55b03794afap-78,0x1.0b5b865528916p-511,0x1.1b55b03794afbp-78,3.66201542715504656e-24
5,40,0x1.1cee794769523p-80,0x1.0b5b865528916p-511,0x1.1cee794769524p-80,9.20663453892029961e-25
5,41,0x1.1de53f4e41f95p-82,0x1.0b5b865528916p-511,0x1.1de53f4e41f96p-82,2.30944543471807854e-25
5,42,0x1.1e39ec43d628dp-84,0x1.0b5b865528916p-511,0x1.1e39ec43d628ep-84,5.78029331559591021e-26
5,43,0x1.1ded776e3c813p-86,0x1.0b5b865528916p-511,0x1.1ded776e3c814p-86,1.44356549258613938e-26
5,44,0x1.1d01df2580122p-88,0x1.0b5b865528916p-511,0x1.1d01df2580123p-88,3.59729800806422319e-27
5,45,0x1.1b7a1fd84ef1cp-90,0x1.0b5b865528916p-511,0x1.1b7a1fd84ef1dp-90,8.94495844089553900e-28
5,46,0x1.195a28813ca02p-92,0x1.0b5b865528916p-511,0x1.195a28813ca03p-92,2.21947735838268215e-28
5,47,0x1.16a6ccc55df5p-94,0x1.0b5b865528916p-511,0x1.16a6ccc55df51p-94,5.49543308713755840e-29
5,48,0x1.1365b4fcbddd2p-96,0x1.0b5b865528916p-511,0x1.1365b4fcbddd3p-96,1.35781348606146393e-29
5,49,0x1.0f9d4c6b54654p-98,0x1.0b5b865528916p-511,0x1.0f9d4c6b54655p-98,3.34790654344163641e-30
5,50,0x1.0b54adf5bb94p-100,0x1.0b5b865528916p-511,0x1.0b54adf5bb941p-100,8.23776565017912143e-31
5,51,0x1.06938f9fd02f2p-102,0x1.0b5b865528916p-511,0x1.06938f9fd02f3p-102,2.02281508501068614e-31
5,52,0x1.01622d24c36b1p-104,0x1.0b5b865528916p-511,0x1.01622d24c36b2p-104,4.95702592415726022e-32
5,53,0x1.f79263efdda6cp-107,0x1.0b5b865528916p-511,0x1.f79263efdda6dp-107,1.21230510103994096e-32
5,54,0x1.eba345f835d4fp-109,0x1.0b5b865528916p-511,0x1.eba345f835d5p-109,2.95893729569315222e-33
5,55,0x1.df09907800a1dp-111,0x1.0b5b865528916p-511,0x1.df09907800a1ep-111,7.20775310462003333e-34
5,56,0x1.d1d82dd58a1a3p-113,0x1.0b5b865528916p-511,0x1.d1d82dd58a1a4p-113,1.75231205952131690e-34
5,57,0x1.c42237dc7ebe1p-115,0x1.0b5b865528916p-511,0x1.c42237dc7ebe2p-115,4.25184455102586300e-35
5,58,0x1.b5face5e12b64p-117,0x1.0b5b865528916p-511,0x1.b5face5e12b65p-117,1.02968535309265880e-35
5,59,0x1.a774efc82e781p-119,0x1.0b5b865528916p-511,0x1.a774efc82e782p-119,2.48885528576754444e-36
5,60,0x1.98a354116f21fp-121,0x1.0b5b865528916p-511,0x1.98a354116f22p-121,6.00439577908511914e-37
5,61,0x1.89984a49a029dp-123,0x1.0b5b865528916p-511,0x1.89984a49a029ep-123,1.44583925660137461e-37
5,62,0x1.7a65990fe3ab1p-125,0x1.0b5b865528916p-511,0x1.7a65990fe3ab2p-125,3.47502640064546678e-38
5,63,0x1.6b1c62214d24ep-127,0x1.0b5b865528916p-511,0x1.6b1c62214d24fp-127,8.33661678056955808e-39
5,64,0x1.5bcd092480732p-129,0x1.0b5b865528916p-511,0x1.5bcd092480733p-129,1.99627938260756402e-39
5,65,0x1.4c871dc92d9d1p-131,0x1.0b5b865528916p-511,0x1.4c871dc92d9d2p-131,4.77153989660143433e-40
5,66,0x1.3d594945347e4p-133,0x1.0b5b865528916p-511,0x1.3d594945347e5p-133,1.13843289608978256e-40
5,67,0x1.2e513f2d03c84p-135,0x1.0b5b865528916p-511,0x1.2e513f2d03c85p-135,2.71127594656989363e-41
5,68,0x1.1f7bb1998877fp-137,0x1.0b5b865528916p-511,0x1.1f7bb1998878p-137,6.44559578946022931e-42
5,69,0x1.10e44883d8ee5p-139,0x1.0b5b865528916p-511,0x1.10e44883d8ee6p-139,1.52961105706408068e-42
5,70,0x1.02959c35c521fp-141,0x1.0b5b865528916p-511,0x1.02959c35c522p-141,3.62353943394059186e-43
5,71,0x1.e932654d5164p-144,0x1.0b5b865528916p-511,0x1.e932654d51641p-144,8.56888507766162296e-44
5,72,0x1.cdeeff2a93f8dp-146,0x1.0b5b865528916p-511,0x1.cdeeff2a93f8ep-146,2.02283380536275966e-44
5,73,0x1.b36fce547599cp-148,0x1.0b5b865528916p-511,0x1.b36fce547599dp-148,4.76700654693695252e-45
5,74,0x1.99c185d41c472p-150,0x1.0b5b865528916p-511,0x1.99c185d41c473p-150,1.12146558811946086e-45
5,75,0x1.80eed1778115bp-152,0x1.0b5b865528916p-511,0x1.80eed1778115cp-152,2.63381766997478861e-46
5,76,0x1.6900678bada18p-154,0x1.0b5b865528916p-511,0x1.6900678bada19p-154,6.17518261286439916e-47
5,77,0x1.51fd1dc7cee2fp-156,0x1.0b5b865528916p-511,0x1.51fd1dc7cee3p-156,1.44538298414788083e-47
5,78,0x1.3bea00ecd127ap-158,0x1.0b5b865528916p-511,0x1.3bea00ecd127bp-158,3.37745598159594750e-48
5,79,0x1.26ca6e9f3fb16p-160,0x1.0b5b865528916p-511,0x1.26ca6e9f3fb17p-160,7.87906314687782103e-49
5,80,0x1.12a03104b3128p-162,0x1.0b5b865528916p-511,0x1.12a03104b3129p-162,1.83502501908059104e-49
5,81,0x1.fed7376601035p-165,0x1.0b5b865528916p-511,0x1.fed7376601036p-165,4.26674051939871921e-50
5,82,0x1.da57530acb1bep-167,0x1.0b5b865528916p-511,0x1.da57530acb1bfp-167,9.90470454442832765e-51
5,83,0x1.b7bc35e5c6124p-169,0x1.0b5b865528916p-511,0x1.b7bc35e5c6125p-169,2.29552483872386300e-51
5,84,0x1.96ff291159abep-171,0x1.0b5b865528916p-511,0x1.96ff291159abfp-171,5.31155503610206933e-52
5,85,0x1.78177a67a3809p-173,0x1.0b5b865528916p-511,0x1.78177a67a380ap-173,1.22705646271281649e-52
5,86,0x1.5afab81bb1625p-175,0x1.0b5b865528916p-511,0x1.5afab81bb1626p-175,2.83018255612479239e-53
5,87,0x1.3f9cead1b8b1ap-177,0x1.0b5b865528916p-511,0x1.3f9cead1b8b1bp-177,6.51741207262392921e-54
5,88,0x1.25f0cdc109af8p-179,0x1.0b5b865528916p-511,0x1.25f0cdc109af9p-179,1.49847825674395704e-54
5,89,0x1.0de8047bf9817p-181,0x1.0b5b865528916p-511,0x1.0de8047bf9818p-181,3.43988458116641887e-55
5,90,0x1.eee69c16133f7p-184,0x1.0b5b865528916p-511,0x1.eee69c16133f8p-184,7.88422491859438836e-56
5,91,0x1.c5056a31f54acp-186,0x1.0b5b865528916p-511,0x1.c5056a31f54adp-186,1.80426083070116455e-56
5,92,0x1.9e0b79fa1b463p-188,0x1.0b5b865528916p-511,0x1.9e0b79fa1b464p-188,4.12257168420620406e-57
5,93,0x1.79d716feab3b2p-190,0x1.0b5b865528916p-511,0x1.79d716feab3b3p-190,9.40522121491102113e-58
5,94,0x1.58461e810c4c5p-192,0x1.0b5b865528916p-511,0x1.58461e810c4c6p-192,2.14242175786117515e-58
5,95,0x1.393645761ea35p-194,0x1.0b5b865528916p-511,0x1.393645761ea36p-194,4.87280761252620068e-59
5,96,0x1.1c8557bd08d88p-196,0x1.0b5b865528916p-511,0x1.1c8557bd08d89p-196,1.10661107567462036e-59
5,97,0x1.021170a07679cp-198,0x1.0b5b865528916p-511,0x1.021170a07679dp-198,2.50931544273641304e-60
5,98,0x1.d37259930dd35p-201,0x1.0b5b865528916p-511,0x1.d37259930dd36p-201,5.68149966182174221e-61
5,99,0x1.a6b7abb535d32p-203,0x1.0b5b865528916p-511,0x1.a6b7abb535d33p-203,1.28446154075703094e-61
5,100,0x1.7db30fe974e2ep-205,0x1.0b5b865528916p-511,0x1.7db30fe974e2fp-205,2.89956247651115108e-62
5,101,0x1.5826a2e919793p-207,0x1.0b5b865528916p-511,0x1.5826a2e919794p-207,6.53581681425689902e-63
5,102,0x1.35d69a77e1b9p-209,0x1.0b5b865528916p-511,0x1.35d69a77e1b91p-209,1.47104525782307691e-63
5,103,0x1.16896fc6a32f7p-211,0x1.0b5b865528916p-511,0x1.16896fc6a32f8p-211,3.30608205132314835e-64
5,104,0x1.f41000c7f0672p-214,0x1.0b5b865528916p-511,0x1.f41000c7f0673p-214,7.41933977972736757e-65
5,105,0x1.c03b4cfce0f6ap-216,0x1.0b5b865528916p-511,0x1.c03b4cfce0f6bp-216,1.66258356896850143e-65
5,106,0x1.9130927b3da33p-218,0x1.0b5b865528916p-511,0x1.9130927b3da34p-218,3.72023858283217049e-66
5,107,0x1.6690cbed0297dp-220,0x1.0b5b865528916p-511,0x1.6690cbed0297ep-220,8.31246107623932022e-67
5,108,0x1.400225f90a7ddp-222,0x1.0b5b865528916p-511,0x1.400225f90a7dep-222,1.85465171184104331e-67
5,109,0x1.1d2ff99647b19p-224,0x1.0b5b865528916p-511,0x1.1d2ff99647b1ap-224,4.13210494585161155e-68
5,110,0x1.fb9578f46ea5p-227,0x1.0b5b865528916p-511,0x1.fb9578f46ea51p-227,9.19303338911495121e-69
5,111,0x1.c30fd1f7bc2efp-229,0x1.0b5b865528916p-511,0x1.c30fd1f7bc2fp-229,2.04233544190607317e-69
5,112,0x1.9043bd6368c74p-231,0x1.0b5b865528916p-511,0x1.9043bd6368c75p-231,4.53083480246314930e-70
5,113,0x1.62af79f8ad8bdp-233,0x1.0b5b865528916p-511,0x1.62af79f8ad8bep-233,1.00372426667931101e-70
5,114,0x1.39da71343267cp-235,0x1.0b5b865528916p-511,0x1.39da71343267dp-235,2.22043333652726309e-71
5,115,0x1.1554da926270dp-237,0x1.0b5b865528916p-511,0x1.1554da926270ep-237,4.90512637011963732e-72
5,116,0x1.e96eb19dd04d1p-240,0x1.0b5b865528916p-511,0x1.e96eb19dd04d2p-240,1.08206609483920614e-72
5,117,0x1.af45259fef94p-242,0x1.0b5b865528916p-511,0x1.af45259fef941p-242,2.38369364649345349e-73
5,118,0x1.7b7d9382dda09p-244,0x1.0b5b865528916p-511,0x1.7b7d9382dda0ap-244,5.24375072033711473e-74
5,119,0x1.4d76db70d198ap-246,0x1.0b5b865528916p-511,0x1.4d76db70d198bp-246,1.15194151205231105e-74
5,120,0x1.249d641c50057p-248,0x1.0b5b865528916p-511,0x1.249d641c50058p-248,2.52707081065575151e-75
5,121,0x1.006a44f2d3936p-250,0x1.0b5b865528916p-511,0x1.006a44f2d3937p-250,5.53611037377774108e-76
5,122,0x1.c0c4e71edfa0cp-253,0x1.0b5b865528916p-511,0x1.c0c4e71edfa0dp-253,1.21113938616287590e-76
5,123,0x1.882bebd4c8d15p-255,0x1.0b5b865528916p-511,0x1.882bebd4c8d16p-255,2.64598418536913081e-77
5,124,0x1.563e35031e922p-257,0x1.0b5b865528916p-511,0x1.563e35031e923p-257,5.77278946040256415e-78
5,125,0x1.2a436ef3dac46p-259,0x1.0b5b865528916p-511,0x1.2a436ef3dac47p-259,1.25774077036371295e-78
5,126,0x1.0394e307e226dp-261,0x1.0b5b865528916p-511,0x1.0394e307e226ep-261,2.73656049592293400e-79
5,127,0x1.c3382c6d5fe95p-264,0x1.0b5b865528916p-511,0x1.c3382c6d5fe96p-264,5.94605565601978095e-80
5,128,0x1.87a2f23cf489ap-266,0x1.0b5b865528916p-511,0x1.87a2f23cf489bp-266,1.29022174910794465e-80
5,129,0x1.53765460eedcp-268,0x1.0b5b865528916p-511,0x1.53765460eedc1p-268,2.79584216434961731e-81
5,130,0x1.25d7948169bbbp-270,0x1.0b5b865528916p-511,0x1.25d7948169bbcp-270,6.05027672889210639e-82
5,131,0x1.fc058e1739a93p-273,0x1.0b5b865528916p-511,0x1.fc058e1739a94p-273,1.30753547713510520e-82
5,132,0x1.b6918b88e3ae9p-275,0x1.0b5b865528916p-511,0x1.b6918b88e3aeap-275,2.82194599100243336e-83
5,133,0x1.7a1a8c9887747p-277,0x1.0b5b865528916p-511,0x1.7a1a8c9887748p-277,6.08222065876465505e-84
5,134,0x1.458a2755f9232p-279,0x1.0b5b865528916p-511,0x1.458a2755f9233p-279,1.30916731366613821e-84
5,135,0x1.17e8d3848b294p-281,0x1.0b5b865528916p-511,0x1.17e8d3848b295p-281,2.81416045955738592e-85
5,136,0x1.e0b5c55811228p-284,0x1.0b5b865528916p-511,0x1.e0b5c55811229p-284,6.04121735230648338e-86
5,137,0x1.9c3b6ce2bf72ep-286,0x1.0b5b865528916p-511,0x1.9c3b6ce2bf72fp-286,1.29515907623775159e-86
5,138,0x1.610a643fb7401p-288,0x1.0b5b865528916p-511,0x1.610a643fb7402p-288,2.77297482246289091e-87
5,139,0x1.2df2c854d0ac6p-290,0x1.0b5b865528916p-511,0x1.2df2c854d0ac7p-290,5.92917106661070841e-88
5,140,0x1.01e8c8b348f08p-292,0x1.0b5b865528916p-511,0x1.01e8c8b348f09p-292,1.26610092035840018e-88
5,141,0x1.b8018d5579c1ap-295,0x1.0b5b865528916p-511,0x1.b8018d5579c1bp-295,2.70003860968722072e-89
5,142,0x1.76d7a0f2ac5f7p-297,0x1.0b5b865528916p-511,0x1.76d7a0f2ac5f8p-297,5.75042463620371552e-90
5,143,0x1.3ee8e435067bep-299,0x1.0b5b865528916p-511,0x1.3ee8e435067bfp-299,1.22309193920969472e-90
5,144,0x1.0ef7aabe7a57fp-301,0x1.0b5b865528916p-511,0x1.0ef7aabe7a58p-301,2.59805572983002610e-91
5,145,0x1.cbdcacc1602c1p-304,0x1.0b5b865528916p-511,0x1.cbdcacc1602c2p-304,5.51148826495207437e-92
5,146,0x1.85b560681f52dp-306,0x1.0b5b865528916p-511,0x1.85b560681f52ep-306,1.16767301148164774e-92
5,147,0x1.49d37a1585b02p-308,0x1.0b5b865528916p-511,0x1.49d37a1585b03p-308,2.47062234785812597e-93
5,148,0x1.16c8053c9699fp-310,0x1.0b5b865528916p-511,0x1.16c8053c969ap-310,5.22065584138893976e-94
5,149,0x1.d6a8cdc6b7525p-313,0x1.0b5b865528916p-511,0x1.d6a8cdc6b7526p-313,1.10173746839535517e-94
5,150,0x1.8cc8e003bb166p-315,0x1.0b5b865528916p-511,0x1.8cc8e003bb167p-315,2.32202174871846667e-95
5,151,0x1.4e1231d889c2cp-317,0x1.0b5b865528916p-511,0x1.4e1231d889c2dp-317,4.88753951143643664e-96
5,152,0x1.18e7aaea10769p-319,0x1.0b5b865528916p-511,0x1.18e7aaea1076ap-319,1.02742661739733783e-96
5,153,0x1.d7c9caa8ff883p-322,0x1.0b5b865528916p-511,0x1.d7c9caa8ff884p-322,2.15699207801277943e-97
5,154,0x1.8badc0f9a792p-324,0x1.0b5b865528916p-511,0x1.8badc0f9a7921p-324,4.52255794608692787e-98
5,155,0x1.4b6b233b90bfbp-326,0x1.0b5b865528916p-511,0x1.4b6b233b90bfcp-326,9.47017935011976889e-99
5,156,0x1.153c753dd8176p-328,0x1.0b5b865528916p-511,0x1.153c753dd8177p-328,1.98048399886817267e-99
5,157,0x1.cf39c749bffe8p-331,0x1.0b5b865528916p-511,0x1.cf39c749bffe9p-331,4.13641508714470358e-100
5,158,0x1.827f1c9984f5cp-333,0x1.0b5b865528916p-511,0x1.827f1c9984f5dp-333,8.62813790491932821e-101
5,159,0x1.420fd49ce5d07p-335,0x1.0b5b865528916p-511,0x1.420fd49ce5d08p-335,1.79742490237949237e-101
5,160,0x1.0c06378f468fp-337,0x1.0b5b865528916p-511,0x1.0c06378f468f1p-337,3.73960423125994920e-102
5,161,0x1.bd88aaaebefc8p-340,0x1.0b5b865528916p-511,0x1.bd88aaaebefc9p-340,7.77037930267048473e-103
5,162,0x1.71d3e33416509p-342,0x1.0b5b865528916p-511,0x1.71d3e3341650ap-342,1.61250450739908052e-103
5,163,0x1.329787f197038p-344,0x1.0b5b865528916p-511,0x1.329787f197039p-344,3.34196755067641518e-104
5,164,0x1.fbaf8c81a54a6p-347,0x1.0b5b865528916p-511,0x1.fbaf8c81a54a7p-347,6.91745754401719737e-105
5,165,0x1.a3ccd722957f2p-349,0x1.0b5b865528916p-511,0x1.a3ccd722957f3p-349,1.42999376985600414e-105
5,166,0x1.5aaf236c82b4cp-351,0x1.0b5b865528916p-511,0x1.5aaf236c82b4dp-351,2.95233424182487775e-106
5,167,0x1.1defb6adc7e11p-353,0x1.0b5b865528916p-511,0x1.1defb6adc7e12p-353,6.08752813989932456e-107
5,168,0x1.d710341850b53p-356,0x1.0b5b865528916p-511,0x1.d710341850b54p-356,1.25360536988317896e-107
5,169,0x1.8387563af1964p-358,0x1.0b5b865528916p-511,0x1.8387563af1965p-358,2.57825229544507945e-108
5,170,0x1.3e6675b095c16p-360,0x1.0b5b865528916p-511,0x1.3e6675b095c17p-360,5.29584143146866364e-109
5,171,0x1.0544e8fde6049p-362,0x1.0b5b865528916p-511,0x1.0544e8fde604ap-362,1.08640007481128350e-109
5,172,0x1.ac3b3b43a7797p-365,0x1.0b5b865528916p-511,0x1.ac3b3b43a7798p-365,2.22582029868525189e-110
5,173,0x1.5e7f461590a2cp-367,0x1.0b5b865528916p-511,0x1.5e7f461590a2dp-367,4.55445204080832477e-111
5,174,0x1.1e81ffaf73f18p-369,0x1.0b5b865528916p-511,0x1.1e81ffaf73f19p-369,9.30739394402466539e-112
5,175,0x1.d3cdfd06d9a11p-372,0x1.0b5b865528916p-511,0x1.d3cdfd06d9a12p-372,1.89961755673136630e-112
5,176,0x1.7d6cbd0e760dfp-374,0x1.0b5b865528916p-511,0x1.7d6cbd0e760ep-374,3.87213542246472973e-113
5,177,0x1.3699462467358p-376,0x1.0b5b865528916p-511,0x1.3699462467359p-376,7.88281502690219646e-114
5,178,0x1.f9344be6f4cf2p-379,0x1.0b5b865528916p-511,0x1.f9344be6f4cf3p-379,1.60272385832690270e-114
5,179,0x1.9a58c8bd86ba4p-381,0x1.0b5b865528916p-511,0x1.9a58c8bd86ba5p-381,3.25448857706267254e-115
5,180,0x1.4ce0239089583p-383,0x1.0b5b865528916p-511,0x1.4ce0239089584p-383,6.60014661225081963e-116
5,181,0x1.0dafcd5b2a8bcp-385,0x1.0b5b865528916p-511,0x1.0dafcd5b2a8bdp-385,1.33681489847691918e-116
5,182,0x1.b46df92c09fb9p-388,0x1.0b5b865528916p-511,0x1.b46df92c09fbap-388,2.70418188118488026e-117
5,183,0x1.60af1b438137bp-390,0x1.0b5b865528916p-511,0x1.60af1b438137cp-390,5.46320497878682458e-118
5,184,0x1.1ca54153f000fp-392,0x1.0b5b865528916p-511,0x1.1ca54153f001p-392,1.10231597061876121e-118
5,185,0x1.cae18284d8011p-395,0x1.0b5b865528916p-511,0x1.cae18284d8012p-395,2.22132306842556231e-119
5,186,0x1.7169d3401a9f8p-397,0x1.0b5b865528916p-511,0x1.7169d3401a9f9p-397,4.47058521052521785e-120
5,187,0x1.2902c5142da3dp-399,0x1.0b5b865528916p-511,0x1.2902c5142da3ep-399,8.98595077290363046e-121
5,188,0x1.dcfd552947d9fp-402,0x1.0b5b865528916p-511,0x1.dcfd552947dap-402,1.80389257198787049e-121
5,189,0x1.7e86fe041ca9ep-404,0x1.0b5b865528916p-511,0x1.7e86fe041ca9fp-404,3.61663130220227642e-122
5,190,0x1.3261b9c21bbdfp-406,0x1.0b5b865528916p-511,0x1.3261b9c21bbep-406,7.24176911545270379e-123
5,191,0x1.ea299ae1bb951p-409,0x1.0b5b865528916p-511,0x1.ea299ae1bb952p-409,1.44821121994277516e-123
5,192,0x1.87979a52179d7p-411,0x1.0b5b865528916p-511,0x1.87979a52179d8p-411,2.89244991648861422e-124
5,193,0x1.38721a0275281p-413,0x1.0b5b865528916p-511,0x1.38721a0275282p-413,5.76960910775659031e-125
5,194,0x1.f1f4ea4e1d2efp-416,0x1.0b5b865528916p-511,0x1.f1f4ea4e1d2fp-416,1.14940589141151420e-125
5,195,0x1.8c4d0186fd132p-418,0x1.0b5b865528916p-511,0x1.8c4d0186fd133p-418,2.28689803416572050e-126
5,196,0x1.3afee1ffb9e47p-420,0x1.0b5b865528916p-511,0x1.3afee1ffb9e48p-420,4.54429370563574262e-127
5,197,0x1.f41a9390dd336p-423,0x1.0b5b865528916p-511,0x1.f41a9390dd337p-423,9.01845277922910293e-128
5,198,0x1.8c7d4f498e876p-425,0x1.0b5b865528916p-511,0x1.8c7d4f498e877p-425,1.78748974282520376e-128
5,199,0x1.39f10dcc5d22bp-427,0x1.0b5b865528916p-511,0x1.39f10dcc5d22cp-427,3.53834989636718465e-129
5,200,0x1.f08689f323b2cp-430,0x1.0b5b865528916p-511,0x1.f08689f323b2dp-430,6.99525408415456990e-130
5,201,0x1.8825caeb101a5p-432,0x1.0b5b865528916p-511,0x1.8825caeb101a6p-432,1.38118387605950530e-130
5,202,0x1.3550f2061e77dp-434,0x1.0b5b865528916p-511,0x1.3550f2061e77ep-434,2.72360782244398191e-131
5,203,0x1.e7569b36b1121p-437,0x1.0b5b865528916p-511,0x1.e7569b36b1122p-437,5.36392230718826109e-132
5,204,0x1.7f6b210921bcep-439,0x1.0b5b865528916p-511,0x1.7f6b210921bcfp-439,1.05503039400085400e-132
5,205,0x1.2d45d2a75180bp-441,0x1.0b5b865528916p-511,0x1.2d45d2a75180cp-441,2.07248689082041054e-133
5,206,0x1.d8d8da4255f1ep-444,0x1.0b5b865528916p-511,0x1.d8d8da4255f1fp-444,4.06595597280003420e-134
5,207,0x1.729767474f8c5p-446,0x1.0b5b865528916p-511,0x1.729767474f8c6p-446,7.96667918007859220e-135
5,208,0x1.2213bee5b0755p-448,0x1.0b5b865528916p-511,0x1.2213bee5b0756p-448,1.55896178543805881e-135
5,209,0x1.c5875aa6a32dbp-451,0x1.0b5b865528916p-511,0x1.c5875aa6a32dcp-451,3.04674979902978470e-136
5,210,0x1.6216100a5ec2bp-453,0x1.0b5b865528916p-511,0x1.6216100a5ec2cp-453,5.94676775953899777e-137
5,211,0x1.1417db68a7657p-455,0x1.0b5b865528916p-511,0x1.1417db68a7658p-455,1.15922490983283951e-137
5,212,0x1.ae018f97b92e6p-458,0x1.0b5b865528916p-511,0x1.ae018f97b92e7p-458,2.25681850559495298e-138
5,213,0x1.4e6e1c9f0ddadp-460,0x1.0b5b865528916p-511,0x1.4e6e1c9f0ddbp-460,4.38800808826487750e-139
5,214,0x1.03c362993c3cfp-462,0x1.0b5b865528916p-511,0x1.03c362993c3d8p-462,8.52078687041646173e-140
5,215,0x1.9303ce280a5ddp-465,0x1.0b5b865528916p-511,0x1.9303ce280a62p-465,1.65246821830071939e-140
5,216,0x1.383afd29385dep-467,0x1.0b5b865528916p-511,0x1.383afd29386eap-467,3.20056963356854637e-141
5,217,0x1.e32b74bd5cbep-470,0x1.0b5b865528916p-511,0x1.e32b74bd5d43bp-470,6.19101432762886829e-142
5,218,0x1.755d937b96714p-472,0x1.0b5b865528916p-511,0x1.755d937b9888p-472,1.19601411081326306e-142
5,219,0x1.2024a4076da3dp-474,0x1.0b5b865528916p-511,0x1.2024a40775febp-474,2.30754594133586546e-143
5,220,0x1.bc2c1a3aadc6dp-477,0x1.0b5b865528916p-511,0x1.bc2c1a3af09dcp-477,4.44634901805119235e-144
5,221,0x1.55e7416dbbf6p-479,0x1.0b5b865528916p-511,0x1.55e7416ec7519p-479,8.55648626941980165e-145
5,222,0x1.06d75c260c7d6p-481,0x1.0b5b865528916p-511,0x1.06d75c2a39eb8p-481,1.64446882341531617e-145
5,223,0x1.9399b04a63431p-484,0x1.0b5b865528916p-511,0x1.9399b06bceb3ep-484,3.15641185307296078e-146
5,224,0x1.35780593b4d72p-486,0x1.0b5b865528916p-511,0x1.35780619629a5p-486,6.05060878113209658e-147
5,225,0x1.d9f7dd364cedfp-489,0x1.0b5b865528916p-511,0x1.d9f7e163bb075p-489,1.15835435411497446e-147
5,226,0x1.6a7bb7e66dff1p-491,0x1.0b5b865528916p-511,0x1.6a7bc89c26647p-491,2.21472823280353760e-148
5,227,0x1.14dc90498b39fp-493,0x1.0b5b865528916p-511,0x1.14dcd3206ccf4p-493,4.22898806927167854e-149
5,228,0x1.a66129973076cp-496,0x1.0b5b865528916p-511,0x1.a663404e3d212p-496,8.06479715094576877e-150
5,229,0x1.41c597b793b61p-498,0x1.0b5b865528916p-511,0x1.41cdf293c65f6p-498,1.53608158764321254e-150
5,230,0x1.e99e4bb828681p-501,0x1.0b5b865528916p-511,0x1.e9e12299bdb24p-501,2.92295019005155578e-151
5,231,0x1.740636fdb4426p-503,0x1.0b5b865528916p-511,0x1.75119284096bp-503,5.56494609488049621e-152
5,232,0x1.1a4e09d5cab49p-505,0x1.0b5b865528916p-511,0x1.1e7b77ef1f56ep-505,1.06834129894912591e-152
5,233,0x1.abe2dcfee085ep-508,0x1.0b5b865528916p-511,0x1.cd4e4dc985981p-508,2.15036024554113662e-153
5,234,0x1.43d8f789df4c6p-510,0x1.0b5b865528916p-511,0x1.c986bab473951p-510,5.33185458965801920e-154
5,235,0x1.e991e685ea8e7p-513,0x1.0b5b865528916p-511,0x1.85bffff6a335p-511,2.27100648111185706e-154
5,236,0x1.71907debd4bdp-515,0x1.0b5b865528916p-511,0x1.22748e33e5dd3p-511,1.69243324695968936e-154
5,237,0x1.169c17f86ef19p-517,0x1.0b5b865528916p-511,0x1.0fb5f6b50a4d3p-511,1.58321226148290591e-154
5,238,0x1.a387926282f97p-520,0x1.0b5b865528916p-511,0x1.0c2d4a1e59d2ep-511,1.56262092773374678e-154
5,239,0x1.3b72d05855fadp-522,0x1.0b5b865528916p-511,0x1.0b82f4af339c2p-511,1.55874395332007945e-154
5,240,0x1.d9c124cf05d3cp-525,0x1.0b5b865528916p-511,0x1.0b62ed59bbcd8p-511,1.55801494767704563e-154
5,241,0x1.6348e70a84a9cp-527,0x1.0b5b865528916p-511,0x1.0b5ce99e0f9bfp-511,1.55787804946858621e-154
5,242,0x1.0a16e7b79dbdp-529,0x1.0b5b865528916p-511,0x1.0b5bc8dae27f5p-511,1.55785237550190991e-154
5,243,0x1.8e0c6b2d4a03p-532,0x1.0b5b865528916p-511,0x1.0b5b92c58beadp-511,1.55784756693212377e-154
5,244,0x1.2954dd73670a2p-534,0x1.0b5b865528916p-511,0x1.0b5b88a7d24c5p-511,1.55784666750492554e-154
5,245,0x1.bb9c4bb97615ep-537,0x1.0b5b865528916p-511,0x1.0b5b86c40fa45p-511,1.55784649949201798e-154
5,246,0x1.4a7d68099c49bp-539,0x1.0b5b865528916p-511,0x1.0b5b8669d067fp-511,1.55784646814868326e-154
5,247,0x1.ebc7331e91deep-542,0x1.0b5b865528916p-511,0x1.0b5b8659001fdp-511,1.55784646230921799e-154
5,248,0x1.6d67a8d6bdccep-544,0x1.0b5b865528916p-511,0x1.0b5b8655df454p-511,1.55784646122272831e-154
5,249,0x1.0f255aa8b175ep-546,0x1.0b5b865528916p-511,0x1.0b5b86554a761p-511,1.55784646102084401e-154
5,250,0x1.91de7b7be3c99p-549,0x1.0b5b865528916p-511,0x1.0b5b86552ed8ep-511,1.55784646098338107e-154
5,251,0x1.296970c683a9dp-551,0x1.0b5b865528916p-511,0x1.0b5b865529badp-511,1.55784646097643843e-154
5,252,0x1.b7a04f58d7f36p-554,0x1.0b5b865528916p-511,0x1.0b5b865528c86p-511,1.55784646097515364e-154
5,253,0x1.447d239280b0ap-556,0x1.0b5b865528916p-511,0x1.0b5b8655289b9p-511,1.55784646097491616e-154
5,254,0x1.de5f571e425f2p-559,0x1.0b5b865528916p-511,0x1.0b5b865528934p-511,1.55784646097487210e-154
5,255,0x1.60253cfc2c6e6p-561,0x1.0b5b865528916p-511,0x1.0b5b86552891cp-511,1.55784646097486416e-154
5,256,0x1.02e10b0f897aep-563,0x1.0b5b865528916p-511,0x1.0b5b865528918p-511,1.55784646097486283e-154
5,257,0x1.7c1e8fb22ebd1p-566,0x1.0b5b865528916p-511,0x1.0b5b865528917p-511,1.55784646097486250e-154
5,258,0x1.16b2281055049p-568,0x1.0b5b865528916p-511,0x1.0b5b865528917p-511,1.55784646097486250e-154
5,259,0x1.981ec40b9b632p-571,0x1.0b5b865528916p-511,0x1.0b5b865528917p-511,1.55784646097486250e-154
5,260,0x1.2a6c2e7e493a6p-573,0x1.0b5b865528916p-511,0x1.0b5b865528917p-511,1.55784646097486250e-154
5,261,0x1.b3d56afe0dcdfp-576,0x1.0b5b865528916p-511,0x1.0b5b865528917p-511,1.55784646097486250e-154
5,262,0x1.3dd46ec9e7e1dp-578,0x1.0b5b865528916p-511,0x1.0b5b865528917p-511,1.55784646097486250e-154
5,263,0x1.ceed53ef76e91p-581,0x1.0b5b865528916p-511,0x1.0b5b865528917p-511,1.55784646097486250e-154
5,264,0x1.50ad65c13489fp-583,0x1.0b5b865528916p-511,0x1.0b5b865528917p-511,1.55784646097486250e-154
5,265,0x1.e90e1f47db247p-586,0x1.0b5b865528916p-511,0x1.0b5b865528917p-511,1.55784646097486250e-154
5,266,0x1.62b7ec6eb2cbep-588,0x1.0b5b865528916p-511,0x1.0b5b865528917p-511,1.55784646097486250e-154
5,267,0x1.00ef025aca56ep-590,0x1.0b5b865528916p-511,0x1.0b5b865528917p-511,1.55784646097486250e-154
5,268,0x1.73b4886d7162fp-593,0x1.0b5b865528916p-511,0x1.0b5b865528917p-511,1.55784646097486250e-154
5,269,0x1.0c81dfe3f91b9p-595,0x1.0b5b865528916p-511,0x1.0b5b865528917p-511,1.55784646097486250e-154
5,270,0x1.8364cd7864d02p-598,0x1.0b5b865528916p-511,0x1.0b5b865528917p-511,1.55784646097486250e-154
5,271,0x1.1714345aa59cp-600,0x1.0b5b865528916p-511,0x1.0b5b865528917p-511,1.55784646097486250e-154
5,272,0x1.918c273d4fe41p-603,0x1.0b5b865528916p-511,0x1.0b5b865528917p-511,1.55784646097486250e-154
5,273,0x1.207a63bd6e9d8p-605,0x1.0b5b865528916p-511,0x1.0b5b865528917p-511,1.55784646097486250e-154
5,274,0x1.9de0ba3c4a45ap-608,0x1.0b5b865528916p-511,0x1.0b5b865528917p-511,1.55784646097486250e-154
5,275,0x1.2850fa34911cbp-610,0x1.0b5b865528916p-511,0x1.0b5b865528917p-511,1.55784646097486250e-154
5,276,0x1.a6941e963f82ap-613,0x1.0b5b865528916p-511,0x1.0b5b865528917p-511,1.55784646097486250e-154
5,277,0x1.294ecf59749c7p-615,0x1.0b5b865528916p-511,0x1.0b5b865528917p-511,1.55784646097486250e-154
5,278,0x1.8c7d4f66d66dbp-618,0x1.0b5b865528916p-511,0x1.0b5b865528917p-511,1.55784646097486250e-154
5,279,0x1.a0cb0c16fde6p-621,0x1.0b5b865528916p-511,0x1.0b5b865528917p-511,1.55784646097486250e-154
5,280,0x0p+0,0x1.0b5b865528916p-511,0x1.0b5b865528916p-511,1.55784646097486217e-154
6,0,0x1.15247aaf236d5p-4,0x1.1547d15eabc6ep-510,0x1.15247aaf236d6p-4,6.76617424344060082e-02
6,1,0x1.80dbba7c6f6adp-6,0x1.1547d15eabc6ep-510,0x1.80dbba7c6f6aep-6,2.34898873475148304e-02
6,2,0x1.f82506b38530dp-8,0x1.1547d15eabc6ep-510,0x1.f82506b38530ep-8,7.69263661961329219e-03
6,3,0x1.3bc472f815fb2p-9,0x1.1547d15eabc6ep-510,0x1.3bc472f815fb3p-9,2.40911391669481603e-03
6,4,0x1.7f1699f40e796p-11,0x1.1547d15eabc6ep-510,0x1.7f1699f40e797p-11,7.30682919772396018e-04
6,5,0x1.c6ff5071a8999p-13,0x1.1547d15eabc6ep-510,0x1.c6ff5071a899ap-13,2.16959629644253316e-04
6,6,0x1.0ab323907edcp-14,0x1.1547d15eabc6ep-510,0x1.0ab323907edc1p-14,6.35861781645352464e-05
6,7,0x1.364050dd97817p-16,0x1.1547d15eabc6ep-510,0x1.364050dd97818p-16,1.84924145883933725e-05
6,8,0x1.67275e99e6859p-18,0x1.1547d15eabc6ep-510,0x1.67275e99e685ap-18,5.35180847718350746e-06
6,9,0x1.9e324d79b781bp-20,0x1.1547d15eabc6ep-510,0x1.9e324d79b781cp-20,1.54300218329446706e-06
6,10,0x1.dbfb513129dcap-22,0x1.1547d15eabc6ep-510,0x1.dbfb513129dcbp-22,4.43292509431288044e-07
6,11,0x1.10827cbc9841dp-23,0x1.1547d15eabc6ep-510,0x1.10827cbc9841ep-23,1.26897225077714370e-07
6,12,0x1.36e99ac1f5f97p-25,0x1.1547d15eabc6ep-510,0x1.36e99ac1f5f98p-25,3.61949808039332849e-08
6,13,0x1.617da9188520bp-27,0x1.1547d15eabc6ep-510,0x1.617da9188520cp-27,1.02879380995541375e-08
6,14,0x1.9094944234b42p-29,0x1.1547d15eabc6ep-510,0x1.9094944234b43p-29,2.91460591868205577e-09
6,15,0x1.c48e604162ffcp-31,0x1.1547d15eabc6ep-510,0x1.c48e604162ffdp-31,8.23194852712007512e-10
6,16,0x1.fdd27ac35f27fp-33,0x1.1547d15eabc6ep-510,0x1.fdd27ac35f28p-33,2.31840288378101217e-10
6,17,0x1.1e669e78a87edp-34,0x1.1547d15eabc6ep-510,0x1.1e669e78a87eep-34,6.51200151834155323e-11
6,18,0x1.40f72acf89e84p-36,0x1.1547d15eabc6ep-510,0x1.40f72acf89e85p-36,1.82447761852365136e-11
6,19,0x1.66d40a83ad394p-38,0x1.1547d15eabc6ep-510,0x1.66d40a83ad395p-38,5.09925663204215479e-12
6,20,0x1.90379dc8bf00ap-40,0x1.1547d15eabc6ep-510,0x1.90379dc8bf00bp-40,1.42185730334632526e-12
6,21,0x1.bd5d74e0dd74p-42,0x1.1547d15eabc6ep-510,0x1.bd5d74e0dd741p-42,3.95563639330494264e-13
6,22,0x1.ee823a67004a9p-44,0x1.1547d15eabc6ep-510,0x1.ee823a67004aap-44,1.09802989733756442e-13
6,23,0x1.11f1c320a28f7p-45,0x1.1547d15eabc6ep-510,0x1.11f1c320a28f8p-45,3.04139362205041339e-14
6,24,0x1.2edfce60901acp-47,0x1.1547d15eabc6ep-510,0x1.2edfce60901adp-47,8.40644894850985847e-15
6,25,0x1.4e2a90f51aba1p-49,0x1.1547d15eabc6ep-510,0x1.4e2a90f51aba2p-49,2.31874432415197956e-15
6,26,0x1.6ff163ba8436p-51,0x1.1547d15eabc6ep-510,0x1.6ff163ba84361p-51,6.38279234999323976e-16
6,27,0x1.94537c4eb621ap-53,0x1.1547d15eabc6ep-510,0x1.94537c4eb621bp-53,1.75348501140712718e-16
6,28,0x1.bb6fc1dfa60a3p-55,0x1.1547d15eabc6ep-510,0x1.bb6fc1dfa60a4p-55,4.80774873066920689e-17
6,29,0x1.e564a01daeb0dp-57,0x1.1547d15eabc6ep-510,0x1.e564a01daeb0ep-57,1.31566054756309059e-17
6,30,0x1.0927ebbfc6b43p-58,0x1.1547d15eabc6ep-510,0x1.0927ebbfc6b44p-58,3.59353309094372417e-18
6,31,0x1.2127252f2f618p-60,0x1.1547d15eabc6ep-510,0x1.2127252f2f619p-60,9.79688170112322322e-19
6,32,0x1.3abde370efa53p-62,0x1.1547d15eabc6ep-510,0x1.3abde370efa54p-62,2.66596633588992257e-19
6,33,0x1.55f96707d1721p-64,0x1.1547d15eabc6ep-510,0x1.55f96707d1722p-64,7.24158596355832864e-20
6,34,0x1.72e62c41907a2p-66,0x1.1547d15eabc6ep-510,0x1.72e62c41907a3p-66,1.96352355402790956e-20
6,35,0x1.918fccb339b6p-68,0x1.1547d15eabc6ep-510,0x1.918fccb339b61p-68,5.31462507572077086e-21
6,36,0x1.b200e0216f35ep-70,0x1.1547d15eabc6ep-510,0x1.b200e0216f35fp-70,1.43599685909576937e-21
6,37,0x1.d442dd1cddb5cp-72,0x1.1547d15eabc6ep-510,0x1.d442dd1cddb5dp-72,3.87336575011858058e-22
6,38,0x1.f85df998f5365p-74,0x1.1547d15eabc6ep-510,0x1.f85df998f5366p-74,1.04300669574220293e-22
6,39,0x1.0f2c85e174e36p-75,0x1.1547d15eabc6ep-510,0x1.0f2c85e174e37p-75,2.80387259351909668e-23
6,40,0x1.231cb5b0538a2p-77,0x1.1547d15eabc6ep-510,0x1.231cb5b0538a3p-77,7.52507263647405305e-24
6,41,0x1.38016a00cf76fp-79,0x1.1547d15eabc6ep-510,0x1.38016a00cf77p-79,2.01628843936612462e-24
6,42,0x1.4ddba4269a4d6p-81,0x1.1547d15eabc6ep-510,0x1.4ddba4269a4d7p-81,5.39376646521642026e-25
6,43,0x1.64ab7b5db3d07p-83,0x1.1547d15eabc6ep-510,0x1.64ab7b5db3d08p-83,1.44057805647859191e-25
6,44,0x1.7c7010020b3dp-85,0x1.1547d15eabc6ep-510,0x1.7c7010020b3d1p-85,3.84143953048469577e-26
6,45,0x1.95277fc7e4491p-87,0x1.1547d15eabc6ep-510,0x1.95277fc7e4492p-87,1.02275322479615164e-26
6,46,0x1.aecedb1944b46p-89,0x1.1547d15eabc6ep-510,0x1.aecedb1944b47p-89,2.71878090447543941e-27
6,47,0x1.c9621bbb0ef4cp-91,0x1.1547d15eabc6ep-510,0x1.c9621bbb0ef4dp-91,7.21623506594810423e-28
6,48,0x1.e4dc1cda6b684p-93,0x1.1547d15eabc6ep-510,0x1.e4dc1cda6b685p-93,1.91243476387586333e-28
6,49,0x1.009b4a5060f56p-94,0x1.1547d15eabc6ep-510,0x1.009b4a5060f57p-94,5.06067292211941917e-29
6,50,0x1.0f3507b4e6d3fp-96,0x1.1547d15eabc6ep-510,0x1.0f3507b4e6d4p-96,1.33715448087230663e-29
6,51,0x1.1e36f65a2470bp-98,0x1.1547d15eabc6ep-510,0x1.1e36f65a2470cp-98,3.52786850931510378e-30
6,52,0x1.2d9c2ef12a149p-100,0x1.1547d15eabc6ep-510,0x1.2d9c2ef12a14ap-100,9.29407850117176329e-31
6,53,0x1.3d5f336d8e275p-102,0x1.1547d15eabc6ep-510,0x1.3d5f336d8e276p-102,2.44494401707072536e-31
6,54,0x1.4d79f04db2c3p-104,0x1.1547d15eabc6ep-510,0x1.4d79f04db2c31p-104,6.42252036191657394e-32
6,55,0x1.5de5bedf49e4bp-106,0x1.1547d15eabc6ep-510,0x1.5de5bedf49e4cp-106,1.68469491085539109e-32
6,56,0x1.6e9b6882c9b6ep-108,0x1.1547d15eabc6ep-510,0x1.6e9b6882c9b6fp-108,4.41287200837985157e-33
6,57,0x1.7f932aee5a3f7p-110,0x1.1547d15eabc6ep-510,0x1.7f932aee5a3f8p-110,1.15427864908775318e-33
6,58,0x1.90c4bd6e95bbbp-112,0x1.1547d15eabc6ep-510,0x1.90c4bd6e95bbcp-112,3.01504720614803498e-34
6,59,0x1.a227572142adep-114,0x1.1547d15eabc6ep-510,0x1.a227572142adfp-114,7.86459649084137873e-35
6,60,0x1.b3b1b623ffec1p-116,0x1.1547d15eabc6ep-510,0x1.b3b1b623ffec2p-116,2.04862421494364707e-35
6,61,0x1.c55a27aeb54adp-118,0x1.1547d15eabc6ep-510,0x1.c55a27aeb54aep-118,5.32912912424315372e-36
6,62,0x1.d716910f846a3p-120,0x1.1547d15eabc6ep-510,0x1.d716910f846a4p-120,1.38440365045058916e-36
6,63,0x1.e8dc797bf1f84p-122,0x1.1547d15eabc6ep-510,0x1.e8dc797bf1f85p-122,3.59158507921428962e-37
6,64,0x1.faa114a9157dap-124,0x1.1547d15eabc6ep-510,0x1.faa114a9157dbp-124,9.30530918499078259e-38
6,65,0x1.062ca70d68b37p-125,0x1.1547d15eabc6ep-510,0x1.062ca70d68b38p-125,2.40769183095378149e-38
6,66,0x1.0efcea8c3575dp-127,0x1.1547d15eabc6ep-510,0x1.0efcea8c3575ep-127,6.22157830012674926e-39
6,67,0x1.17bb9499aae58p-129,0x1.1547d15eabc6ep-510,0x1.17bb9499aae59p-129,1.60558716384283407e-39
6,68,0x1.2062d3a5d72bbp-131,0x1.1547d15eabc6ep-510,0x1.2062d3a5d72bcp-131,4.13813675798935669e-40
6,69,0x1.28eccb7e582bep-133,0x1.1547d15eabc6ep-510,0x1.28eccb7e582bfp-133,1.06516612757660894e-40
6,70,0x1.31539c2d3ebb8p-135,0x1.1547d15eabc6ep-510,0x1.31539c2d3ebb9p-135,2.73826366876768368e-41
6,71,0x1.399168f4de68ep-137,0x1.1547d15eabc6ep-510,0x1.399168f4de68fp-137,7.03043788375377684e-42
6,72,0x1.41a05f5c84367p-139,0x1.1547d15eabc6ep-510,0x1.41a05f5c84368p-139,1.80277863046793589e-42
6,73,0x1.497abe41df25ap-141,0x1.1547d15eabc6ep-510,0x1.497abe41df25bp-141,4.61699069166487447e-43
6,74,0x1.511adce2d10a9p-143,0x1.1547d15eabc6ep-510,0x1.511adce2d10aap-143,1.18096156215809961e-43
6,75,0x1.587b31d3651d6p-145,0x1.1547d15eabc6ep-510,0x1.587b31d3651d7p-145,3.01700635768479441e-44
6,76,0x1.5f9659d3cbc9p-147,0x1.1547d15eabc6ep-510,0x1.5f9659d3cbc91p-147,7.69810554680398589e-45
6,77,0x1.66671e7a77f3cp-149,0x1.1547d15eabc6ep-510,0x1.66671e7a77f3dp-149,1.96183322499950146e-45
6,78,0x1.6ce87ca6d0c5ap-151,0x1.1547d15eabc6ep-510,0x1.6ce87ca6d0c5bp-151,4.99360579163283436e-46
6,79,0x1.7315aab15a8afp-153,0x1.1547d15eabc6ep-510,0x1.7315aab15a8bp-153,1.26953205640243001e-46
6,80,0x1.78ea1e4ec0faep-155,0x1.1547d15eabc6ep-510,0x1.78ea1e4ec0fafp-155,3.22369229129049842e-47
6,81,0x1.7e61921bcaf55p-157,0x1.1547d15eabc6ep-510,0x1.7e61921bcaf56p-157,8.17611844221302959e-48
6,82,0x1.83780ac8f27fap-159,0x1.1547d15eabc6ep-510,0x1.83780ac8f27fbp-159,2.07122648221562054e-48
6,83,0x1.8829dbdd21425p-161,0x1.1547d15eabc6ep-510,0x1.8829dbdd21426p-161,5.24080396533880253e-49
6,84,0x1.8c73ac07e83dbp-163,0x1.1547d15eabc6ep-510,0x1.8c73ac07e83dcp-163,1.32452812147576588e-49
6,85,0x1.905278fc6e94dp-165,0x1.1547d15eabc6ep-510,0x1.905278fc6e94ep-165,3.34364668180050590e-50
6,86,0x1.93c39acf44e26p-167,0x1.1547d15eabc6ep-510,0x1.93c39acf44e27p-167,8.43098739677023701e-51
6,87,0x1.96c4c6d2464d7p-169,0x1.1547d15eabc6ep-510,0x1.96c4c6d2464d8p-169,2.12343147722959874e-51
6,88,0x1.995411eab3e8p-171,0x1.1547d15eabc6ep-510,0x1.995411eab3e81p-171,5.34198485377008571e-52
6,89,0x1.9b6ff25ebf5a9p-173,0x1.1547d15eabc6ep-510,0x1.9b6ff25ebf5aap-173,1.34237679997382892e-52
6,90,0x1.9d174118c505fp-175,0x1.1547d15eabc6ep-510,0x1.9d174118c506p-175,3.36942935584554397e-53
6,91,0x1.9e493a5f81145p-177,0x1.1547d15eabc6ep-510,0x1.9e493a5f81146p-177,8.44794560377197614e-54
6,92,0x1.9f057e0393dd1p-179,0x1.1547d15eabc6ep-510,0x1.9f057e0393dd2p-179,2.11573542856448585e-54
6,93,0x1.9f4c0f03ae4a5p-181,0x1.1547d15eabc6ep-510,0x1.9f4c0f03ae4a6p-181,5.29285165808321249e-55
6,94,0x1.9f1d52a9bc29bp-183,0x1.1547d15eabc6ep-510,0x1.9f1d52a9bc29cp-183,1.32263123997981984e-55
6,95,0x1.9e7a0f24564f5p-185,0x1.1547d15eabc6ep-510,0x1.9e7a0f24564f6p-185,3.30149813576477154e-56
6,96,0x1.9d6369a0af484p-187,0x1.1547d15eabc6ep-510,0x1.9d6369a0af485p-187,8.23207006845931724e-57
6,97,0x1.9bdae3ea08c9ep-189,0x1.1547d15eabc6ep-510,0x1.9bdae3ea08c9fp-189,2.05038416591633910e-57
6,98,0x1.99e259948ccd6p-191,0x1.1547d15eabc6ep-510,0x1.99e259948ccd7p-191,5.10143102095149691e-58
6,99,0x1.977bfcba216bcp-193,0x1.1547d15eabc6ep-510,0x1.977bfcba216bdp-193,1.26789059016582372e-58
6,100,0x1.94aa525078d33p-195,0x1.1547d15eabc6ep-510,0x1.94aa525078d34p-195,3.14779807444140165e-59
6,101,0x1.91702e203640ep-197,0x1.1547d15eabc6ep-510,0x1.91702e203640fp-197,7.80673773598629190e-60
6,102,0x1.8dd0ae65843e8p-199,0x1.1547d15eabc6ep-510,0x1.8dd0ae65843e9p-199,1.93407017591141033e-60
6,103,0x1.89cf3722e76aap-201,0x1.1547d15eabc6ep-510,0x1.89cf3722e76abp-201,4.78648853704711823e-61
6,104,0x1.856f6d2f72f84p-203,0x1.1547d15eabc6ep-510,0x1.856f6d2f72f85p-203,1.18333084540396094e-61
6,105,0x1.80b53109c8786p-205,0x1.1547d15eabc6ep-510,0x1.80b53109c8787p-205,2.92241502615514895e-62
6,106,0x1.7ba499797beb5p-207,0x1.1547d15eabc6ep-510,0x1.7ba499797beb6p-207,7.20985102158003503e-63
6,107,0x1.7641ee088ef15p-209,0x1.1547d15eabc6ep-510,0x1.7641ee088ef16p-209,1.77689390489095492e-63
6,108,0x1.7091a15ebb42fp-211,0x1.1547d15eabc6ep-510,0x1.7091a15ebb43p-211,4.37471332550441704e-64
6,109,0x1.6a984b8835be8p-213,0x1.1547d15eabc6ep-510,0x1.6a984b8835be9p-213,1.07595139413158752e-64
6,110,0x1.645aa43170bb5p-215,0x1.1547d15eabc6ep-510,0x1.645aa43170bb6p-215,2.64358140086739179e-65
6,111,0x1.5ddd7ce12fa2fp-217,0x1.1547d15eabc6ep-510,0x1.5ddd7ce12fa3p-217,6.48861051324470016e-66
6,112,0x1.5725bb39f75bep-219,0x1.1547d15eabc6ep-510,0x1.5725bb39f75bfp-219,1.59100550315962016e-66
6,113,0x1.5038534b90925p-221,0x1.1547d15eabc6ep-510,0x1.5038534b90926p-221,3.89721678067580266e-67
6,114,0x1.491a41fceb768p-223,0x1.1547d15eabc6ep-510,0x1.491a41fceb769p-223,9.53679120790989934e-68
6,115,0x1.41d0879641ba9p-225,0x1.1547d15eabc6ep-510,0x1.41d0879641baap-225,2.33139956702533298e-68
6,116,0x1.3a602272d4c43p-227,0x1.1547d15eabc6ep-510,0x1.3a602272d4c44p-227,5.69376774092629631e-69
6,117,0x1.32ce09e11cf05p-229,0x1.1547d15eabc6ep-510,0x1.32ce09e11cf06p-229,1.38916307749756283e-69
6,118,0x1.2b1f2937acd3bp-231,0x1.1547d15eabc6ep-510,0x1.2b1f2937acd3cp-231,3.38593790760679478e-70
6,119,0x1.23585b2472771p-233,0x1.1547d15eabc6ep-510,0x1.23585b2472772p-233,8.24477529861268340e-71
6,120,0x1.1b7e653b6214ap-235,0x1.1547d15eabc6ep-510,0x1.1b7e653b6214bp-235,2.00564707769970599e-71
6,121,0x1.1395f3c8f37ecp-237,0x1.1547d15eabc6ep-510,0x1.1395f3c8f37edp-237,4.87425023589851303e-72
6,122,0x1.0ba395ec36e61p-239,0x1.1547d15eabc6ep-510,0x1.0ba395ec36e62p-239,1.18342429240003736e-72
6,123,0x1.03abb9fba04e6p-241,0x1.1547d15eabc6ep-510,0x1.03abb9fba04e7p-241,2.87047789419875144e-73
6,124,0x1.f765546e092f4p-244,0x1.1547d15eabc6ep-510,0x1.f765546e092f5p-244,6.95585783605952021e-74
6,125,0x1.e7791391413b7p-246,0x1.1547d15eabc6ep-510,0x1.e7791391413b8p-246,1.68395944156695081e-74
6,126,0x1.d79aa42cc82ccp-248,0x1.1547d15eabc6ep-510,0x1.d79aa42cc82cdp-248,4.07285221915344936e-75
6,127,0x1.c7d1a0c83f9ecp-250,0x1.1547d15eabc6ep-510,0x1.c7d1a0c83f9edp-250,9.84132125506842177e-76
6,128,0x1.b825478d44ff7p-252,0x1.1547d15eabc6ep-510,0x1.b825478d44ff8p-252,2.37573236837375600e-76
6,129,0x1.a89c76ce841b7p-254,0x1.1547d15eabc6ep-510,0x1.a89c76ce841b8p-254,5.72970904471967929e-77
6,130,0x1.993daa2d92dcbp-256,0x1.1547d15eabc6ep-510,0x1.993daa2d92dccp-256,1.38057546941487911e-77
6,131,0x1.8a0ef85c8c3e4p-258,0x1.1547d15eabc6ep-510,0x1.8a0ef85c8c3e5p-258,3.32339397424630688e-78
6,132,0x1.7b161177783e4p-260,0x1.1547d15eabc6ep-510,0x1.7b161177783e5p-260,7.99280360066107762e-79
6,133,0x1.6c583df0ba2c3p-262,0x1.1547d15eabc6ep-510,0x1.6c583df0ba2c4p-262,1.92049694783743605e-79
6,134,0x1.5dda5e0afe1d7p-264,0x1.1547d15eabc6ep-510,0x1.5dda5e0afe1d8p-264,4.61027443810160158e-80
6,135,0x1.4fa0e9da72ceep-266,0x1.1547d15eabc6ep-510,0x1.4fa0e9da72cefp-266,1.10570712581737163e-80
6,136,0x1.41aff1c686972p-268,0x1.1547d15eabc6ep-510,0x1.41aff1c686973p-268,2.64944610366544729e-81
6,137,0x1.340b1f84dcf61p-270,0x1.1547d15eabc6ep-510,0x1.340b1f84dcf62p-270,6.34268558938611811e-82
6,138,0x1.26b5b785c638fp-272,0x1.1547d15eabc6ep-510,0x1.26b5b785c639p-272,1.51703583025060656e-82
6,139,0x1.19b29aca2b958p-274,0x1.1547d15eabc6ep-510,0x1.19b29aca2b959p-274,3.62513750453195677e-83
6,140,0x1.0d04491a9f7b1p-276,0x1.1547d15eabc6ep-510,0x1.0d04491a9f7b2p-276,8.65486977589886845e-84
6,141,0x1.00ace39713199p-278,0x1.1547d15eabc6ep-510,0x1.00ace3971319ap-278,2.06445489740494753e-84
6,142,0x1.e95c5f2d2cd3cp-281,0x1.1547d15eabc6ep-510,0x1.e95c5f2d2cd3dp-281,4.91994734461171852e-85
6,143,0x1.d213339cfcfd6p-283,0x1.1547d15eabc6ep-510,0x1.d213339cfcfd7p-283,1.17145895310990459e-85
6,144,0x1.bb807370ab28ep-285,0x1.1547d15eabc6ep-510,0x1.bb807370ab28fp-285,2.78680524686259516e-86
6,145,0x1.a5a5aa5c1fee6p-287,0x1.1547d15eabc6ep-510,0x1.a5a5aa5c1fee7p-287,6.62369655729190093e-87
6,146,0x1.9083c8684efd6p-289,0x1.1547d15eabc6ep-510,0x1.9083c8684efd7p-289,1.57293157854104147e-87
6,147,0x1.7c1b29d2e6f7p-291,0x1.1547d15eabc6ep-510,0x1.7c1b29d2e6f71p-291,3.73195281131047046e-88
6,148,0x1.686b9f29a6ecep-293,0x1.1547d15eabc6ep-510,0x1.686b9f29a6ecfp-293,8.84668708769370500e-89
6,149,0x1.557475921d08p-295,0x1.1547d15eabc6ep-510,0x1.557475921d081p-295,2.09529263936825393e-89
6,150,0x1.43347f2f3c37p-297,0x1.1547d15eabc6ep-510,0x1.43347f2f3c371p-297,4.95826211215283247e-90
6,151,0x1.31aa1b96f1686p-299,0x1.1547d15eabc6ep-510,0x1.31aa1b96f1687p-299,1.17229337378588530e-90
6,152,0x1.20d3404aa9a19p-301,0x1.1547d15eabc6ep-510,0x1.20d3404aa9a1ap-301,2.76927714993861904e-91
6,153,0x1.10ad81268e47dp-303,0x1.1547d15eabc6ep-510,0x1.10ad81268e47ep-303,6.53613559639125926e-92
6,154,0x1.013618bc19de3p-305,0x1.1547d15eabc6ep-510,0x1.013618bc19de4p-305,1.54135056797770547e-92
6,155,0x1.e4d3e11b1571cp-308,0x1.1547d15eabc6ep-510,0x1.e4d3e11b1571dp-308,3.63168985907503836e-93
6,156,0x1.c88b5241410a2p-310,0x1.1547d15eabc6ep-510,0x1.c88b5241410a3p-310,8.54956919086943206e-94
6,157,0x1.ad8b43bff5b95p-312,0x1.1547d15eabc6ep-510,0x1.ad8b43bff5b96p-312,2.01098599994719873e-94
6,158,0x1.93cc0186b04cap-314,0x1.1547d15eabc6ep-510,0x1.93cc0186b04cbp-314,4.72611597701910078e-95
6,159,0x1.7b45736fb6285p-316,0x1.1547d15eabc6ep-510,0x1.7b45736fb6286p-316,1.10976590181454016e-95
6,160,0x1.63ef2b84c153ap-318,0x1.1547d15eabc6ep-510,0x1.63ef2b84c153bp-318,2.60370156019358769e-96
6,161,0x1.4dc073ad9c96p-320,0x1.1547d15eabc6ep-510,0x1.4dc073ad9c961p-320,6.10358494940106008e-97
6,162,0x1.38b05ac02da4dp-322,0x1.1547d15eabc6ep-510,0x1.38b05ac02da4ep-322,1.42959781063396526e-97
6,163,0x1.24b5c0eb09cbdp-324,0x1.1547d15eabc6ep-510,0x1.24b5c0eb09cbep-324,3.34563810666825776e-98
6,164,0x1.11c763753dcaep-326,0x1.1547d15eabc6ep-510,0x1.11c763753dcafp-326,7.82314466330238420e-99
6,165,0x1.ffb7cf9ed44afp-329,0x1.1547d15eabc6ep-510,0x1.ffb7cf9ed44bp-329,1.82777261051179166e-99
6,166,0x1.ddd3cbe77067ep-331,0x1.1547d15eabc6ep-510,0x1.ddd3cbe77067fp-331,4.26680166789373741e-100
6,167,0x1.bdcfe426f14dfp-333,0x1.1547d15eabc6ep-510,0x1.bdcfe426f14ep-333,9.95229649789428265e-101
6,168,0x1.9f994b24e23c2p-335,0x1.1547d15eabc6ep-510,0x1.9f994b24e23c3p-335,2.31945406005014226e-101
6,169,0x1.831d4ea1f6a93p-337,0x1.1547d15eabc6ep-510,0x1.831d4ea1f6a94p-337,5.40120814047703981e-102
6,170,0x1.6849668e3936ap-339,0x1.1547d15eabc6ep-510,0x1.6849668e3936bp-339,1.25672357022333495e-102
6,171,0x1.4f0b42e750d4bp-341,0x1.1547d15eabc6ep-510,0x1.4f0b42e750d4cp-341,2.92168468977198119e-103
6,172,0x1.3750d846a7a4fp-343,0x1.1547d15eabc6ep-510,0x1.3750d846a7a5p-343,6.78691929306887133e-104
6,173,0x1.21086b28b60bfp-345,0x1.1547d15eabc6ep-510,0x1.21086b28b60cp-345,1.57528373410544923e-104
6,174,0x1.0c2099f7fb958p-347,0x1.1547d15eabc6ep-510,0x1.0c2099f7fb959p-347,3.65336155407793169e-105
6,175,0x1.f110cbce910b6p-350,0x1.1547d15eabc6ep-510,0x1.f110cbce910b7p-350,8.46594161830235334e-106
6,176,0x1.cc5e754fd0523p-352,0x1.1547d15eabc6ep-510,0x1.cc5e754fd0524p-352,1.96023261793216027e-106
6,177,0x1.aa09ea11fd5e6p-354,0x1.1547d15eabc6ep-510,0x1.aa09ea11fd5e7p-354,4.53513948399141656e-107
6,178,0x1.89f3d11c0fbefp-356,0x1.1547d15eabc6ep-510,0x1.89f3d11c0fbfp-356,1.04839596160371245e-107
6,179,0x1.6bfdc815b06bbp-358,0x1.1547d15eabc6ep-510,0x1.6bfdc815b06bcp-358,2.42165700556699603e-108
6,180,0x1.500a6aa7a6dabp-360,0x1.1547d15eabc6ep-510,0x1.500a6aa7a6dacp-360,5.58924907151173508e-109
6,181,0x1.35fd582274aep-362,0x1.1547d15eabc6ep-510,0x1.35fd582274ae1p-362,1.28898767446845659e-109
6,182,0x1.1dbb37890729ap-364,0x1.1547d15eabc6ep-510,0x1.1dbb37890729bp-364,2.97029411426566198e-110
6,183,0x1.0729ba1d4f431p-366,0x1.1547d15eabc6ep-510,0x1.0729ba1d4f432p-366,6.83921794986104176e-111
6,184,0x1.e45f391891073p-369,0x1.1547d15eabc6ep-510,0x1.e45f391891074p-369,1.57351407962638175e-111
6,185,0x1.bd694dad0118ap-371,0x1.1547d15eabc6ep-510,0x1.bd694dad0118bp-371,3.61736985081231290e-112
6,186,0x1.9943562324044p-373,0x1.1547d15eabc6ep-510,0x1.9943562324045p-373,8.30948619337779403e-113
6,187,0x1.77c1063c85c2dp-375,0x1.1547d15eabc6ep-510,0x1.77c1063c85c2ep-375,1.90728360143520067e-113
6,188,0x1.58b81adc28e34p-377,0x1.1547d15eabc6ep-510,0x1.58b81adc28e35p-377,4.37438588955149852e-114
6,189,0x1.3c0051e42efdap-379,0x1.1547d15eabc6ep-510,0x1.3c0051e42efdbp-379,1.00249098988654424e-114
6,190,0x1.217360978ap-381,0x1.1547d15eabc6ep-510,0x1.217360978a001p-381,2.29565319579993658e-115
6,191,0x1.08ece8aef0484p-383,0x1.1547d15eabc6ep-510,0x1.08ece8aef0485p-383,5.25285407077623319e-116
6,192,0x1.e494d89bd3e9ep-386,0x1.1547d15eabc6ep-510,0x1.e494d89bd3e9fp-386,1.20101512232086367e-116
6,193,0x1.bad68204ad767p-388,0x1.1547d15eabc6ep-510,0x1.bad68204ad768p-388,2.74388888653620817e-117
6,194,0x1.946103ec8c7c4p-390,0x1.1547d15eabc6ep-510,0x1.946103ec8c7c5p-390,6.26397885901517494e-118
6,195,0x1.70fa02f2e1454p-392,0x1.1547d15eabc6ep-510,0x1.70fa02f2e1455p-392,1.42889582695115830e-118
6,196,0x1.506a740a1d57dp-394,0x1.1547d15eabc6ep-510,0x1.506a740a1d57ep-394,3.25700308844285331e-119
6,197,0x1.327e7db48cc59p-396,0x1.1547d15eabc6ep-510,0x1.327e7db48cc5ap-396,7.41829122084504678e-120
6,198,0x1.170558b1bb533p-398,0x1.1547d15eabc6ep-510,0x1.170558b1bb534p-398,1.68833440912841859e-120
6,199,0x1.fba260a5b7e8bp-401,0x1.1547d15eabc6ep-510,0x1.fba260a5b7e8cp-401,3.83957116483133342e-121
6,200,0x1.cd6e054fb3d7dp-403,0x1.1547d15eabc6ep-510,0x1.cd6e054fb3d7ep-403,8.72524019011988871e-122
6,201,0x1.a31d01642402ep-405,0x1.1547d15eabc6ep-510,0x1.a31d01642402fp-405,1.98126805002526626e-122
6,202,0x1.7c63dd8a66aa9p-407,0x1.1547d15eabc6ep-510,0x1.7c63dd8a66aaap-407,4.49553107488590970e-123
6,203,0x1.58fc0a74ee8bep-409,0x1.1547d15eabc6ep-510,0x1.58fc0a74ee8bfp-409,1.01927514593177972e-123
6,204,0x1.38a3a32c85999p-411,0x1.1547d15eabc6ep-510,0x1.38a3a32c8599ap-411,2.30927290236721502e-124
6,205,0x1.1b1d3078b3b7bp-413,0x1.1547d15eabc6ep-510,0x1.1b1d3078b3b7cp-413,5.22797140210734517e-125
6,206,0x1.002f6d963853dp-415,0x1.1547d15eabc6ep-510,0x1.002f6d963853ep-415,1.18267654117779040e-125
6,207,0x1.cf4a1ccb23173p-418,0x1.1547d15eabc6ep-510,0x1.cf4a1ccb23174p-418,2.67346379028915645e-126
6,208,0x1.a2990e6a14362p-420,0x1.1547d15eabc6ep-510,0x1.a2990e6a14363p-420,6.03891443807306032e-127
6,209,0x1.79efac876fdeep-422,0x1.1547d15eabc6ep-510,0x1.79efac876fdefp-422,1.36307699087190572e-127
6,210,0x1.54f89e2a6d919p-424,0x1.1547d15eabc6ep-510,0x1.54f89e2a6d91ap-424,3.07439400499611623e-128
6,211,0x1.3364cf517b31p-426,0x1.1547d15eabc6ep-510,0x1.3364cf517b311p-426,6.92910223578457962e-129
6,212,0x1.14eb0f42d7722p-428,0x1.1547d15eabc6ep-510,0x1.14eb0f42d7723p-428,1.56053456689168069e-129
6,213,0x1.f28f65a55b9ffp-431,0x1.1547d15eabc6ep-510,0x1.f28f65a55bap-431,3.51195919502229230e-130
6,214,0x1.c0787553d2ed1p-433,0x1.1547d15eabc6ep-510,0x1.c0787553d2ed2p-433,7.89779455006093125e-131
6,215,0x1.931dfb23c02ap-435,0x1.1547d15eabc6ep-510,0x1.931dfb23c02a1p-435,1.77477440257246564e-131
6,216,0x1.6a15ad853ee08p-437,0x1.1547d15eabc6ep-510,0x1.6a15ad853ee09p-437,3.98530971847674621e-132
6,217,0x1.44fdb0580ec22p-439,0x1.1547d15eabc6ep-510,0x1.44fdb0580ec23p-439,8.94258825740125113e-133
6,218,0x1.237c0159cb5c4p-441,0x1.1547d15eabc6ep-510,0x1.237c0159cb5c5p-441,2.00515180237152368e-133
6,219,0x1.053dec4de8fd5p-443,0x1.1547d15eabc6ep-510,0x1.053dec4de8fd6p-443,4.49277601474106219e-134
6,220,0x1.d3ef0d6b8557ep-446,0x1.1547d15eabc6ep-510,0x1.d3ef0d6b8557fp-446,1.00592681120665026e-134
6,221,0x1.a2c665d1500e7p-448,0x1.1547d15eabc6ep-510,0x1.a2c665d1500e8p-448,2.25062280579950680e-135
6,222,0x1.768254ad08383p-450,0x1.1547d15eabc6ep-510,0x1.768254ad08384p-450,5.03181153106974533e-136
6,223,0x1.4eae1d76a5e04p-452,0x1.1547d15eabc6ep-510,0x1.4eae1d76a5e05p-452,1.12416984827293099e-136
6,224,0x1.2adf040c31183p-454,0x1.1547d15eabc6ep-510,0x1.2adf040c31184p-454,2.50972424356747025e-137
6,225,0x1.0ab38966a4c1ap-456,0x1.1547d15eabc6ep-510,0x1.0ab38966a4c1bp-456,5.59895748143528697e-138
6,226,0x1.dba5696378171p-459,0x1.1547d15eabc6ep-510,0x1.dba5696378174p-459,1.24817649812778315e-138
6,227,0x1.a7d6d07fe0946p-461,0x1.1547d15eabc6ep-510,0x1.a7d6d07fe094fp-461,2.78056512758580422e-139
6,228,0x1.796783a4d39aap-463,0x1.1547d15eabc6ep-510,0x1.796783a4d39cdp-463,6.18983320895751204e-140
6,229,0x1.4fd10b585e3f3p-465,0x1.1547d15eabc6ep-510,0x1.4fd10b585e47ep-465,1.37693736269119079e-140
6,230,0x1.2a9927d0a9ac1p-467,0x1.1547d15eabc6ep-510,0x1.2a9927d0a9cecp-467,3.06083090516538630e-141
6,231,0x1.0950cf186b12cp-469,0x1.1547d15eabc6ep-510,0x1.0950cf186b9d7p-469,6.79915517213703780e-142
6,232,0x1.d7267b42d44ccp-472,0x1.1547d15eabc6ep-510,0x1.d7267b42d8a1ep-472,1.50925134014303848e-142
6,233,0x1.a20a3080a4d15p-474,0x1.1547d15eabc6ep-510,0x1.a20a3080b625dp-474,3.34780168754594221e-143
6,234,0x1.72a73d2672efdp-476,0x1.1547d15eabc6ep-510,0x1.72a73d26b841dp-476,7.42078659743614348e-144
6,235,0x1.4867d9b6af746p-478,0x1.1547d15eabc6ep-510,0x1.4867d9b7c4bc4p-478,1.64373857995505648e-144
6,236,0x1.22c498b475c25p-480,0x1.1547d15eabc6ep-510,0x1.22c498b8cae1ap-480,3.63838505017530532e-145
6,237,0x1.0143229623beap-482,0x1.1547d15eabc6ep-510,0x1.014322a7783bcp-482,8.04781870015969948e-146
6,238,0x1.c6ea1665f6936p-485,0x1.1547d15eabc6ep-510,0x1.c6ea16f09a7c1p-485,1.77886026384835827e-146
6,239,0x1.91ed7e01b875dp-487,0x1.1547d15eabc6ep-510,0x1.91ed802c48189p-487,3.92916370977397639e-147
6,240,0x1.62dd0d139ee39p-489,0x1.1547d15eabc6ep-510,0x1.62dd15bddd6e9p-489,8.67268604352672880e-148
6,241,0x1.39173d28090ffp-491,0x1.1547d15eabc6ep-510,0x1.39175fd1033bdp-491,1.91294803032573708e-148
6,242,0x1.140ac713c9923p-493,0x1.1547d15eabc6ep-510,0x1.140b51b7b2419p-493,4.21648756178361147e-149
6,243,0x1.e66a3b0b3520fp-496,0x1.1547d15eabc6ep-510,0x1.e66e902a7a9bap-496,9.28761538044424221e-150
6,244,0x1.ac42117f15c95p-498,0x1.1547d15eabc6ep-510,0x1.ac5365fc2bb41p-498,2.04454372690919094e-150
6,245,0x1.78cac207fb81dp-500,0x1.1547d15eabc6ep-510,0x1.791013fc532cdp-500,4.49962060228698627e-151
6,246,0x1.4b47cacc04102p-502,0x1.1547d15eabc6ep-510,0x1.4c5d129d62bbfp-502,9.91552286625107213e-152
6,247,0x1.231059a00dbd6p-504,0x1.1547d15eabc6ep-510,0x1.276578e5886c8p-504,2.20316682286467900e-152
6,248,0x1.ff1abcd89fc67p-507,0x1.1547d15eabc6ep-510,0x1.10e1db823a9fbp-506,5.08812210603143337e-153
6,249,0x1.c06f942963d8ap-509,0x1.1547d15eabc6ep-510,0x1.2589be6c5cde1p-508,1.36831680191785189e-153
6,250,0x1.892deca2304b2p-511,0x1.1547d15eabc6ep-510,0x1.d9dec7afc3ec7p-510,5.52232136108072764e-154
6,251,0x1.587e663dddcbcp-513,0x1.1547d15eabc6ep-510,0x1.40579e2667806p-510,3.73315891057627303e-154
6,252,0x1.2da0ed5f4725bp-515,0x1.1547d15eabc6ep-510,0x1.1eb4d8c9a6001p-510,3.34117854144783244e-154
6,253,0x1.07ea59ded710ap-517,0x1.1547d15eabc6ep-510,0x1.1757a61269751p-510,3.25536036616242403e-154
6,254,0x1.cd848fd29d31ep-520,0x1.1547d15eabc6ep-510,0x1.15bb3282a06e3p-510,3.23658471204089003e-154
6,255,0x1.93424b698c15fp-522,0x1.1547d15eabc6ep-510,0x1.15610583625fbp-510,3.23247972170857305e-154
6,256,0x1.601ce2dfae7ccp-524,0x1.1547d15eabc6ep-510,0x1.154d51d23745ap-510,3.23158284885538809e-154
6,257,0x1.333e4650d98dp-526,0x1.1547d15eabc6ep-510,0x1.1549049cf217cp-510,3.23138703126258576e-154
6,258,0x1.0be87d77f5e48p-528,0x1.1547d15eabc6ep-510,0x1.15481458cb24ep-510,3.23134430695529152e-154
6,259,0x1.d2e628c82343ep-531,0x1.1547d15eabc6ep-510,0x1.1547dff5dd0d3p-510,3.23133499156088370e-154
6,260,0x1.969194b061103p-533,0x1.1547d15eabc6ep-510,0x1.1547d48bcef05p-510,3.23133296186600793e-154
6,261,0x1.61caf96d45e04p-535,0x1.1547d15eabc6ep-510,0x1.1547d20f9143ap-510,3.23133251992536313e-154
6,262,0x1.33a890b424773p-537,0x1.1547d15eabc6ep-510,0x1.1547d18520d9p-510,3.23133242376386915e-154
6,263,0x1.0b5bb86deba57p-539,0x1.1547d15eabc6ep-510,0x1.1547d16706a4bp-510,3.23133240285440487e-154
6,264,0x1.d05be2407bb56p-542,0x1.1547d15eabc6ep-510,0x1.1547d1607c22dp-510,3.23133239831091634e-154
6,265,0x1.92fc59c34c7f4p-544,0x1.1547d15eabc6ep-510,0x1.1547d15f1086p-510,3.23133239732431603e-154
6,266,0x1.5d7ccdfa2c879p-546,0x1.1547d15eabc6ep-510,0x1.1547d15ec19ebp-510,3.23133239711022473e-154
6,267,0x1.2ee2fa2bc6ad4p-548,0x1.1547d15eabc6ep-510,0x1.1547d15eb0827p-510,3.23133239706379873e-154
6,268,0x1.0652865edda8dp-550,0x1.1547d15eabc6ep-510,0x1.1547d15eaccd4p-510,3.23133239705373835e-154
6,269,0x1.c6133140c9a64p-553,0x1.1547d15eabc6ep-510,0x1.1547d15eabffbp-510,3.23133239705155960e-154
6,270,0x1.88bb844d7d003p-555,0x1.1547d15eabc6ep-510,0x1.1547d15eabd33p-510,3.23133239705108795e-154
6,271,0x1.53726aaf7e52fp-557,0x1.1547d15eabc6ep-510,0x1.1547d15eabc99p-510,3.23133239705098594e-154
6,272,0x1.253037351c86fp-559,0x1.1547d15eabc6ep-510,0x1.1547d15eabc78p-510,3.23133239705096407e-154
6,273,0x1.fa165223872a8p-562,0x1.1547d15eabc6ep-510,0x1.1547d15eabc7p-510,3.23133239705095878e-154
6,274,0x1.b45b9fa8c585fp-564,0x1.1547d15eabc6ep-510,0x1.1547d15eabc6fp-510,3.23133239705095811e-154
6,275,0x1.77813fe0faec3p-566,0x1.1547d15eabc6ep-510,0x1.1547d15eabc6fp-510,3.23133239705095811e-154
6,276,0x1.4156afd2bd955p-568,0x1.1547d15eabc6ep-510,0x1.1547d15eabc6fp-510,3.23133239705095811e-154
6,277,0x1.0dcc13082d791p-570,0x1.1547d15eabc6ep-510,0x1.1547d15eabc6fp-510,3.23133239705095811e-154
6,278,0x1.a737c0fab0ae6p-573,0x1.1547d15eabc6ep-510,0x1.1547d15eabc6fp-510,3.23133239705095811e-154
6,279,0x1.fd0e176c13e66p-576,0x1.1547d15eabc6ep-510,0x1.1547d15eabc6fp-510,3.23133239705095811e-154
6,280,0x0p+0,0x1.1547d15eabc6ep-510,0x1.1547d15eabc6ep-510,3.23133239705095745e-154
7,0,0x1.1c1d611f29c0ep-4,0x1.1d4c4d74edebap-509,0x1.1c1d611f29c0fp-4,6.93639558618175251e-02
7,1,0x1.8eaa787fff9d2p-6,0x1.1d4c4d74edebap-509,0x1.8eaa787fff9d3p-6,2.43326355703120216e-02
7,2,0x1.08c28a0d67e0ep-7,0x1.1d4c4d74edebap-509,0x1.08c28a0d67e0fp-7,8.07983151281546457e-03
7,3,0x1.51a9136ac8076p-9,0x1.1d4c4d74edebap-509,0x1.51a9136ac8077p-9,2.57614480996442739e-03
7,4,0x1.a2e7906da22adp-11,0x1.1d4c4d74edebap-509,0x1.a2e7906da22aep-11,7.98997016048982314e-04
7,5,0x1.feff4efd900eap-13,0x1.1d4c4d74edebap-509,0x1.feff4efd900ebp-13,2.43662499928027618e-04
7,6,0x1.34d1fe15c40a4p-14,0x1.1d4c4d74edebap-509,0x1.34d1fe15c40a5p-14,7.36284931373032572e-05
7,7,0x1.738d7adc7413cp-16,0x1.1d4c4d74edebap-509,0x1.738d7adc7413dp-16,2.21462640739866406e-05
7,8,0x1.bddf6ebf2333bp-18,0x1.1d4c4d74edebap-509,0x1.bddf6ebf2333cp-18,6.64402222051441917e-06
7,9,0x1.0af4658b5edbdp-19,0x1.1d4c4d74edebap-509,0x1.0af4658b5edbep-19,1.98896731767674530e-06
7,10,0x1.3ee5ca9d0314bp-21,0x1.1d4c4d74edebap-509,0x1.3ee5ca9d0314cp-21,5.93993110366234964e-07
7,11,0x1.7be64211045c3p-23,0x1.1d4c4d74edebap-509,0x1.7be64211045c4p-23,1.76904464882971864e-07
7,12,0x1.c33bcf6c9a7f1p-25,0x1.1d4c4d74edebap-509,0x1.c33bcf6c9a7f2p-25,5.25305086971038385e-08
7,13,0x1.0b2f62727cb23p-26,0x1.1d4c4d74edebap-509,0x1.0b2f62727cb24p-26,1.55522194653336627e-08
7,14,0x1.3b81cf1d739d7p-28,0x1.1d4c4d74edebap-509,0x1.3b81cf1d739d8p-28,4.59123208674703209e-09
7,15,0x1.7390c1cd652e4p-30,0x1.1d4c4d74edebap-509,0x1.7390c1cd652e5p-30,1.35174725870019487e-09
7,16,0x1.b47bd40bebd96p-32,0x1.1d4c4d74edebap-509,0x1.b47bd40bebd97p-32,3.96979616492758671e-10
7,17,0x1.ff899df2b1ea1p-34,0x1.1d4c4d74edebap-509,0x1.ff899df2b1ea2p-34,1.16310176587292246e-10
7,18,0x1.2b15b253aefabp-35,0x1.1d4c4d74edebap-509,0x1.2b15b253aefacp-35,3.40019997000103137e-11
7,19,0x1.5d00c7a3c81f7p-37,0x1.1d4c4d74edebap-509,0x1.5d00c7a3c81f8p-37,9.91926317116097249e-12
7,20,0x1.96706408e807bp-39,0x1.1d4c4d74edebap-509,0x1.96706408e807cp-39,2.88792297744867573e-12
7,21,0x1.d86bd5b5eb1a9p-41,0x1.1d4c4d74edebap-509,0x1.d86bd5b5eb1aap-41,8.39188682482561947e-13
7,22,0x1.120d3d5accd7bp-42,0x1.1d4c4d74edebap-509,0x1.120d3d5accd7cp-42,2.43406821319287052e-13
7,23,0x1.3d638bf25ce9dp-44,0x1.1d4c4d74edebap-509,0x1.3d638bf25ce9ep-44,7.04744827312613011e-14
7,24,0x1.6ef1bb4969cb6p-46,0x1.1d4c4d74edebap-509,0x1.6ef1bb4969cb7p-46,2.03694985334194056e-14
7,25,0x1.a786287be187dp-48,0x1.1d4c4d74edebap-509,0x1.a786287be187ep-48,5.87757697006258517e-15
7,26,0x1.e806ca7c874ddp-50,0x1.1d4c4d74edebap-509,0x1.e806ca7c874dep-50,1.69318214725915608e-15
7,27,0x1.18b9c0cdf2cbcp-51,0x1.1d4c4d74edebap-509,0x1.18b9c0cdf2cbdp-51,4.86981285527693655e-16
7,28,0x1.42744bc9e3925p-53,0x1.1d4c4d74edebap-509,0x1.42744bc9e3926p-53,1.39842252986970601e-16
7,29,0x1.71d0b9193b693p-55,0x1.1d4c4d74edebap-509,0x1.71d0b9193b694p-55,4.00954578111146667e-17
7,30,0x1.a77dbd62f5fd3p-57,0x1.1d4c4d74edebap-509,0x1.a77dbd62f5fd4p-57,1.14787511922828937e-17
7,31,0x1.e43c9e47c8b0dp-59,0x1.1d4c4d74edebap-509,0x1.e43c9e47c8b0ep-59,3.28131612435515672e-18
7,32,0x1.14716f2ca18e7p-60,0x1.1d4c4d74edebap-509,0x1.14716f2ca18e8p-60,9.36625663894917990e-19
7,33,0x1.3b2e0389217fbp-62,0x1.1d4c4d74edebap-509,0x1.3b2e0389217fcp-62,2.66967625315244512e-19
7,34,0x1.66d5c90a246e3p-64,0x1.1d4c4d74edebap-509,0x1.66d5c90a246e4p-64,7.59862878437754154e-20
7,35,0x1.97f779719dc5bp-66,0x1.1d4c4d74edebap-509,0x1.97f779719dc5cp-66,2.15975771001378398e-20
7,36,0x1.cf2fe12494fe8p-68,0x1.1d4c4d74edebap-509,0x1.cf2fe12494fe9p-68,6.13022928808846125e-21
7,37,0x1.0695831e117b2p-69,0x1.1d4c4d74edebap-509,0x1.0695831e117b3p-69,1.73763536311785243e-21
7,38,0x1.2952b0baf6d9bp-71,0x1.1d4c4d74edebap-509,0x1.2952b0baf6d9cp-71,4.91879657737132861e-22
7,39,0x1.503694bc5b6fp-73,0x1.1d4c4d74edebap-509,0x1.503694bc5b6f1p-73,1.39054523268813210e-22
7,40,0x1.7bb1d86a302d3p-75,0x1.1d4c4d74edebap-509,0x1.7bb1d86a302d4p-75,3.92595126927207410e-23
7,41,0x1.ac3f6b8aec8p-77,0x1.1d4c4d74edebap-509,0x1.ac3f6b8aec801p-77,1.10699444853409267e-23
7,42,0x1.e265469b365c3p-79,0x1.1d4c4d74edebap-509,0x1.e265469b365c4p-79,3.11740855490921048e-24
7,43,0x1.0f5a9b66b5018p-80,0x1.1d4c4d74edebap-509,0x1.0f5a9b66b5019p-80,8.76791848144003516e-25
7,44,0x1.30e6d9f0434cbp-82,0x1.1d4c4d74edebap-509,0x1.30e6d9f0434ccp-82,2.46297682684227540e-25
7,45,0x1.562d5fe921cb2p-84,0x1.1d4c4d74edebap-509,0x1.562d5fe921cb3p-84,6.91021442622209717e-26
7,46,0x1.7f8b68319dfeep-86,0x1.1d4c4d74edebap-509,0x1.7f8b68319dfefp-86,1.93640516932308017e-26
7,47,0x1.ad65e12b18177p-88,0x1.1d4c4d74edebap-509,0x1.ad65e12b18178p-88,5.41976430374538535e-27
7,48,0x1.e029eb222e6f8p-90,0x1.1d4c4d74edebap-509,0x1.e029eb222e6f9p-90,1.51512962330897806e-27
7,49,0x1.0c26adb433266p-91,0x1.1d4c4d74edebap-509,0x1.0c26adb433267p-91,4.23067820049112802e-28
7,50,0x1.2b27a1fcd61b9p-93,0x1.1d4c4d74edebap-509,0x1.2b27a1fcd61bap-93,1.17995769272463651e-28
7,51,0x1.4d5c3fc0715d9p-95,0x1.1d4c4d74edebap-509,0x1.4d5c3fc0715dap-95,3.28718682137431180e-29
7,52,0x1.730e20c284fabp-97,0x1.1d4c4d74edebap-509,0x1.730e20c284facp-97,9.14721659374997404e-30
7,53,0x1.9c8c553f2bec5p-99,0x1.1d4c4d74edebap-509,0x1.9c8c553f2bec6p-99,2.54252443264996694e-30
7,54,0x1.ca2bafc3f2d47p-101,0x1.1d4c4d74edebap-509,0x1.ca2bafc3f2d48p-101,7.05923660685020899e-31
7,55,0x1.fc4712abb43d4p-103,0x1.1d4c4d74edebap-509,0x1.fc4712abb43d5p-103,1.95781421012969365e-31
7,56,0x1.199fdf86320bbp-104,0x1.1d4c4d74edebap-509,0x1.199fdf86320bcp-104,5.42389066210102833e-32
7,57,0x1.37bed26fd6cd8p-106,0x1.1d4c4d74edebap-509,0x1.37bed26fd6cd9p-106,1.50099949504717037e-32
7,58,0x1.58b7da1487ec7p-108,0x1.1d4c4d74edebap-509,0x1.58b7da1487ec8p-108,4.14939405408713710e-33
7,59,0x1.7cc6176ae215p-110,0x1.1d4c4d74edebap-509,0x1.7cc6176ae2151p-110,1.14584945857397718e-33
7,60,0x1.a4287d861a6f3p-112,0x1.1d4c4d74edebap-509,0x1.a4287d861a6f4p-112,3.16091871879138735e-34
7,61,0x1.cf21facd14dc8p-114,0x1.1d4c4d74edebap-509,0x1.cf21facd14dc9p-114,8.71055858437575244e-35
7,62,0x1.fdf9a2150d887p-116,0x1.1d4c4d74edebap-509,0x1.fdf9a2150d888p-116,2.39789153481309705e-35
7,63,0x1.187d69b85742bp-117,0x1.1d4c4d74edebap-509,0x1.187d69b85742cp-117,6.59428572684384722e-36
7,64,0x1.343ab24084f52p-119,0x1.1d4c4d74edebap-509,0x1.343ab24084f53p-119,1.81160890115544144e-36
7,65,0x1.525ee4094acb1p-121,0x1.1d4c4d74edebap-509,0x1.525ee4094acb2p-121,4.97191009512960794e-37
7,66,0x1.73169a667a53p-123,0x1.1d4c4d74edebap-509,0x1.73169a667a531p-123,1.36316310193898944e-37
7,67,0x1.9690e55c8d163p-125,0x1.1d4c4d74edebap-509,0x1.9690e55c8d164p-125,3.73371903106900050e-38
7,68,0x1.bcff5baf135f3p-127,0x1.1d4c4d74edebap-509,0x1.bcff5baf135f4p-127,1.02166413835981409e-38
7,69,0x1.e6962c192ad92p-129,0x1.1d4c4d74edebap-509,0x1.e6962c192ad93p-129,2.79287017429424841e-39
7,70,0x1.09c616c69996dp-130,0x1.1d4c4d74edebap-509,0x1.09c616c69996ep-130,7.62733356690450913e-40
7,71,0x1.220d772bcbfa7p-132,0x1.1d4c4d74edebap-509,0x1.220d772bcbfa8p-132,2.08102534385623618e-40
7,72,0x1.3c3f60ffa0e12p-134,0x1.1d4c4d74edebap-509,0x1.3c3f60ffa0e13p-134,5.67241266630371451e-41
7,73,0x1.587b66de8ba1fp-136,0x1.1d4c4d74edebap-509,0x1.587b66de8ba2p-136,1.54471088452202906e-41
7,74,0x1.76e289b177b79p-138,0x1.1d4c4d74edebap-509,0x1.76e289b177b7ap-138,4.20260522904743991e-42
7,75,0x1.97973d44b8eaep-140,0x1.1d4c4d74edebap-509,0x1.97973d44b8eafp-140,1.14231266434080580e-42
7,76,0x1.babd6bedd3635p-142,0x1.1d4c4d74edebap-509,0x1.babd6bedd3636p-142,3.10205390682079019e-43
7,77,0x1.e07a792b34a1cp-144,0x1.1d4c4d74edebap-509,0x1.e07a792b34a1dp-144,8.41617075025319945e-44
7,78,0x1.047aa194632d5p-145,0x1.1d4c4d74edebap-509,0x1.047aa194632d6p-145,2.28130538711686690e-44
7,79,0x1.1a2b118a16ef9p-147,0x1.1d4c4d74edebap-509,0x1.1a2b118a16efap-147,6.17815494251264983e-45
7,80,0x1.31637615c7db9p-149,0x1.1d4c4d74edebap-509,0x1.31637615c7dbap-149,1.67164244108853388e-45
7,81,0x1.4a3974b8e89b4p-151,0x1.1d4c4d74edebap-509,0x1.4a3974b8e89b5p-151,4.51897457869459452e-46
7,82,0x1.64c36cf9c949ap-153,0x1.1d4c4d74edebap-509,0x1.64c36cf9c949bp-153,1.22053705748557237e-46
7,83,0x1.811875c43e7f7p-155,0x1.1d4c4d74edebap-509,0x1.811875c43e7f8p-155,3.29366332150224890e-47
7,84,0x1.9f5059fe81589p-157,0x1.1d4c4d74edebap-509,0x1.9f5059fe8158ap-157,8.88029011124641764e-48
7,85,0x1.bf839448aa148p-159,0x1.1d4c4d74edebap-509,0x1.bf839448aa149p-159,2.39219915342087970e-48
7,86,0x1.e1cb49dd8b75dp-161,0x1.1d4c4d74edebap-509,0x1.e1cb49dd8b75ep-161,6.43861128454916619e-49
7,87,0x1.0320a24615fd4p-162,0x1.1d4c4d74edebap-509,0x1.0320a24615fd5p-162,1.73146693384685381e-49
7,88,0x1.167ff5e0d1da2p-164,0x1.1d4c4d74edebap-509,0x1.167ff5e0d1da3p-164,4.65227849351152829e-50
7,89,0x1.2b111e4de11b3p-166,0x1.1d4c4d74edebap-509,0x1.2b111e4de11b4p-166,1.24896151953214939e-50
7,90,0x1.40e1e07ec7ed1p-168,0x1.1d4c4d74edebap-509,0x1.40e1e07ec7ed2p-168,3.35016786117816320e-51
7,91,0x1.580042cfc0581p-170,0x1.1d4c4d74edebap-509,0x1.580042cfc0582p-170,8.97884555719245143e-52
7,92,0x1.707a878b02bccp-172,0x1.1d4c4d74edebap-509,0x1.707a878b02bcdp-172,2.40443525541359212e-52
7,93,0x1.8a5f26e5081b3p-174,0x1.1d4c4d74edebap-509,0x1.8a5f26e5081b4p-174,6.43348833192212786e-53
7,94,0x1.a5bcc8700e916p-176,0x1.1d4c4d74edebap-509,0x1.a5bcc8700e917p-176,1.71997822420512160e-53
7,95,0x1.c2a23c05af742p-178,0x1.1d4c4d74edebap-509,0x1.c2a23c05af743p-178,4.59456606427955596e-54
7,96,0x1.e11e7225e5c8ep-180,0x1.1d4c4d74edebap-509,0x1.e11e7225e5c8fp-180,1.22634667919700533e-54
7,97,0x1.00a039e5bdf07p-181,0x1.1d4c4d74edebap-509,0x1.00a039e5bdf08p-181,3.27062895282330899e-55
7,98,0x1.118bacdb3b407p-183,0x1.1d4c4d74edebap-509,0x1.118bacdb3b408p-183,8.71566585536886235e-56
7,99,0x1.23592196dd9f2p-185,0x1.1d4c4d74edebap-509,0x1.23592196dd9f3p-185,2.32072205505196070e-56
7,100,0x1.3610261ceeb0ep-187,0x1.1d4c4d74edebap-509,0x1.3610261ceeb0fp-187,6.17448733964538417e-57
7,101,0x1.49b841add8667p-189,0x1.1d4c4d74edebap-509,0x1.49b841add8668p-189,1.64148084419929910e-57
7,102,0x1.5e58ef60fdc27p-191,0x1.1d4c4d74edebap-509,0x1.5e58ef60fdc28p-191,4.36043447827226100e-58
7,103,0x1.73f998812e395p-193,0x1.1d4c4d74edebap-509,0x1.73f998812e396p-193,1.15740300198452407e-58
7,104,0x1.8aa18ead1faa2p-195,0x1.1d4c4d74edebap-509,0x1.8aa18ead1faa3p-195,3.06974407575090872e-59
7,105,0x1.a25805bebd1a3p-197,0x1.1d4c4d74edebap-509,0x1.a25805bebd1a4p-197,8.13550029117193268e-60
7,106,0x1.bb240d7c7b4d3p-199,0x1.1d4c4d74edebap-509,0x1.bb240d7c7b4d4p-199,2.15443137516605563e-60
7,107,0x1.d50c8b1847b3ap-201,0x1.1d4c4d74edebap-509,0x1.d50c8b1847b3bp-201,5.70097475977182828e-61
7,108,0x1.f0183280093fdp-203,0x1.1d4c4d74edebap-509,0x1.f0183280093fep-203,1.50742372108229448e-61
7,109,0x1.0626bfc2068fep-204,0x1.1d4c4d74edebap-509,0x1.0626bfc2068ffp-204,3.98284165071393671e-62
7,110,0x1.14d9576c0d29ap-206,0x1.1d4c4d74edebap-509,0x1.14d9576c0d29bp-206,1.05153533673476355e-62
7,111,0x1.2426db7a230ep-208,0x1.1d4c4d74edebap-509,0x1.2426db7a230e1p-208,2.77414708032566916e-63
7,112,0x1.3412206d7fe7bp-210,0x1.1d4c4d74edebap-509,0x1.3412206d7fe7cp-210,7.31326805320856095e-64
7,113,0x1.449dd06511e58p-212,0x1.1d4c4d74edebap-509,0x1.449dd06511e59p-212,1.92651099861641858e-64
7,114,0x1.55cc676e9d725p-214,0x1.1d4c4d74edebap-509,0x1.55cc676e9d726p-214,5.07120370033828428e-65
7,115,0x1.67a02fd3ae401p-216,0x1.1d4c4d74edebap-509,0x1.67a02fd3ae402p-216,1.33392596884630705e-65
7,116,0x1.7a1b3e65bad1dp-218,0x1.1d4c4d74edebap-509,0x1.7a1b3e65bad1ep-218,3.50618665465677953e-66
7,117,0x1.8d3f6eccfed1fp-220,0x1.1d4c4d74edebap-509,0x1.8d3f6eccfed2p-220,9.20921203359382810e-67
7,118,0x1.a10e5fddb0712p-222,0x1.1d4c4d74edebap-509,0x1.a10e5fddb0713p-222,2.41710505917162362e-67
7,119,0x1.b5896ff751bd3p-224,0x1.1d4c4d74edebap-509,0x1.b5896ff751bd4p-224,6.33950949125255979e-68
7,120,0x1.cab1b971f7b6bp-226,0x1.1d4c4d74edebap-509,0x1.cab1b971f7b6cp-226,1.66151511831595301e-68
7,121,0x1.e0880f1d75d08p-228,0x1.1d4c4d74edebap-509,0x1.e0880f1d75d09p-228,4.35153887592936253e-69
7,122,0x1.f70cf8d66d4a9p-230,0x1.1d4c4d74edebap-509,0x1.f70cf8d66d4aap-230,1.13886636141566798e-69
7,123,0x1.0720581aa60e5p-231,0x1.1d4c4d74edebap-509,0x1.0720581aa60e6p-231,2.97848466465687192e-70
7,124,0x1.13118eada7578p-233,0x1.1d4c4d74edebap-509,0x1.13118eada7579p-233,7.78416504835167031e-71
7,125,0x1.1f59e9f0cd343p-235,0x1.1d4c4d74edebap-509,0x1.1f59e9f0cd344p-235,2.03293787864420076e-71
7,126,0x1.2bf907f74273dp-237,0x1.1d4c4d74edebap-509,0x1.2bf907f74273ep-237,5.30558048463875714e-72
7,127,0x1.38ee59ba8a24ep-239,0x1.1d4c4d74edebap-509,0x1.38ee59ba8a24fp-239,1.38369297989662196e-72
7,128,0x1.463921d15c1c7p-241,0x1.1d4c4d74edebap-509,0x1.463921d15c1c8p-241,3.60616742693306062e-73
7,129,0x1.53d8733f94b7dp-243,0x1.1d4c4d74edebap-509,0x1.53d8733f94b7ep-243,9.39188190250742817e-74
7,130,0x1.61cb30612304bp-245,0x1.1d4c4d74edebap-509,0x1.61cb30612304cp-245,2.44433766964220011e-74
7,131,0x1.701009f1d2049p-247,0x1.1d4c4d74edebap-509,0x1.701009f1d204ap-247,6.35730219857030492e-75
7,132,0x1.7ea57e33b8b0dp-249,0x1.1d4c4d74edebap-509,0x1.7ea57e33b8b0ep-249,1.65229964957288892e-75
7,133,0x1.8d89d83608748p-251,0x1.1d4c4d74edebap-509,0x1.8d89d83608749p-251,4.29151138462383269e-76
7,134,0x1.9cbb2f3ddb8abp-253,0x1.1d4c4d74edebap-509,0x1.9cbb2f3ddb8acp-253,1.11388003791593143e-76
7,135,0x1.ac3766528b665p-255,0x1.1d4c4d74edebap-509,0x1.ac3766528b666p-255,2.88917894703990713e-77
7,136,0x1.bbfc2beefbf3fp-257,0x1.1d4c4d74edebap-509,0x1.bbfc2beefbf4p-257,7.48892517144168677e-78
7,137,0x1.cc06f9d92a47p-259,0x1.1d4c4d74edebap-509,0x1.cc06f9d92a471p-259,1.93987933101663225e-78
7,138,0x1.dc5515212d142p-261,0x1.1d4c4d74edebap-509,0x1.dc5515212d143p-261,5.02158995906989437e-79
7,139,0x1.ece38e48b2a6ep-263,0x1.1d4c4d74edebap-509,0x1.ece38e48b2a6fp-263,1.29903306015485249e-79
7,140,0x1.fdaf4193e398p-265,0x1.1d4c4d74edebap-509,0x1.fdaf4193e3981p-265,3.35824742664630495e-80
7,141,0x1.075a6bc235541p-266,0x1.1d4c4d74edebap-509,0x1.075a6bc235542p-266,8.67600510847887774e-81
7,142,0x1.0ff862bf9d07ep-268,0x1.1d4c4d74edebap-509,0x1.0ff862bf9d07fp-268,2.23997209505550867e-81
7,143,0x1.18afa74ebe4a9p-270,0x1.1d4c4d74edebap-509,0x1.18afa74ebe4aap-270,5.77939241801843814e-82
7,144,0x1.217e42547ab53p-272,0x1.1d4c4d74edebap-509,0x1.217e42547ab54p-272,1.49018291677983337e-82
7,145,0x1.2a6224a1f2ae7p-274,0x1.1d4c4d74edebap-509,0x1.2a6224a1f2ae8p-274,3.83986397094409005e-83
7,146,0x1.3359279e2f34p-276,0x1.1d4c4d74edebap-509,0x1.3359279e2f341p-276,9.88808045214432724e-84
7,147,0x1.3c610e056042fp-278,0x1.1d4c4d74edebap-509,0x1.3c610e056043p-278,2.54465584578309374e-84
7,148,0x1.457784bd75ebap-280,0x1.1d4c4d74edebap-509,0x1.457784bd75ebbp-280,6.54437286205364425e-85
7,149,0x1.4e9a23bfc299ap-282,0x1.1d4c4d74edebap-509,0x1.4e9a23bfc299bp-282,1.68201525431895520e-85
7,150,0x1.57c66f173d887p-284,0x1.1d4c4d74edebap-509,0x1.57c66f173d888p-284,4.32031809800098250e-86
7,151,0x1.60f9d7f2e5015p-286,0x1.1d4c4d74edebap-509,0x1.60f9d7f2e5016p-286,1.10898683920922944e-86
7,152,0x1.6a31bdcba8a97p-288,0x1.1d4c4d74edebap-509,0x1.6a31bdcba8a98p-288,2.84487309214354106e-87
7,153,0x1.736b6f9d2d61dp-290,0x1.1d4c4d74edebap-509,0x1.736b6f9d2d61ep-290,7.29333553573122720e-88
7,154,0x1.7ca42d30a5c73p-292,0x1.1d4c4d74edebap-509,0x1.7ca42d30a5c74p-292,1.86860378985582942e-88
7,155,0x1.85d92878e490dp-294,0x1.1d4c4d74edebap-509,0x1.85d92878e490ep-294,4.78450403351299258e-89
7,156,0x1.8f0786feb901ap-296,0x1.1d4c4d74edebap-509,0x1.8f0786feb901bp-296,1.22429539857838214e-89
7,157,0x1.982c635c9156p-298,0x1.1d4c4d74edebap-509,0x1.982c635c91561p-298,3.13087707365925434e-90
7,158,0x1.a144cec84bba4p-300,0x1.1d4c4d74edebap-509,0x1.a144cec84bba5p-300,8.00160719685018392e-91
7,159,0x1.aa4dd2aa0c273p-302,0x1.1d4c4d74edebap-509,0x1.aa4dd2aa0c274p-302,2.04371695280756321e-91
7,160,0x1.b344723edc60bp-304,0x1.1d4c4d74edebap-509,0x1.b344723edc60cp-304,5.21671922150216501e-92
7,161,0x1.bc25ac45cb78ap-306,0x1.1d4c4d74edebap-509,0x1.bc25ac45cb78bp-306,1.33078608423017553e-92
7,162,0x1.c4ee7cb633b09p-308,0x1.1d4c4d74edebap-509,0x1.c4ee7cb633b0ap-308,3.39276658768406461e-93
7,163,0x1.cd9bde7dc09e9p-310,0x1.1d4c4d74edebap-509,0x1.cd9bde7dc09eap-310,8.64441320913882874e-94
7,164,0x1.d62acd44c3cbdp-312,0x1.1d4c4d74edebap-509,0x1.d62acd44c3cbep-312,2.20117063794702777e-94
7,165,0x1.de9847375c2bdp-314,0x1.1d4c4d74edebap-509,0x1.de9847375c2bep-314,5.60156532583304871e-95
7,166,0x1.e6e14ed1ec7b3p-316,0x1.1d4c4d74edebap-509,0x1.e6e14ed1ec7b4p-316,1.42463443351981806e-95
7,167,0x1.ef02ecaf55c52p-318,0x1.1d4c4d74edebap-509,0x1.ef02ecaf55c53p-318,3.62106762368806759e-96
7,168,0x1.f6fa315766aafp-320,0x1.1d4c4d74edebap-509,0x1.f6fa315766abp-320,9.19834767347160352e-97
7,169,0x1.fec4370becd71p-322,0x1.1d4c4d74edebap-509,0x1.fec4370becd72p-322,2.33519851728413185e-97
7,170,0x1.032f11c96a4d6p-323,0x1.1d4c4d74edebap-509,0x1.032f11c96a4d7p-323,5.92487779791250718e-98
7,171,0x1.06e294fde1b2dp-325,0x1.1d4c4d74edebap-509,0x1.06e294fde1b2ep-325,1.50237169288963031e-98
7,172,0x1.0a7b462fcdf89p-327,0x1.1d4c4d74edebap-509,0x1.0a7b462fcdf8ap-327,3.80731299879106243e-99
7,173,0x1.0df7cecc2f965p-329,0x1.1d4c4d74edebap-509,0x1.0df7cecc2f966p-329,9.64281309908457614e-100
7,174,0x1.1156e177f1666p-331,0x1.1d4c4d74edebap-509,0x1.1156e177f1667p-331,2.44080830042192230e-100
7,175,0x1.14973ae1ef177p-333,0x1.1d4c4d74edebap-509,0x1.14973ae1ef178p-333,6.17460411934122948e-101
7,176,0x1.17b7a28eebbfap-335,0x1.1d4c4d74edebap-509,0x1.17b7a28eebbfbp-335,1.56110046228189563e-101
7,177,0x1.1ab6eb9ec32b3p-337,0x1.1d4c4d74edebap-509,0x1.1ab6eb9ec32b4p-337,3.94456965695771737e-102
7,178,0x1.1d93f58a26c0bp-339,0x1.1d4c4d74edebap-509,0x1.1d93f58a26c0cp-339,9.96130412799936636e-103
7,179,0x1.204dacd83e0fp-341,0x1.1d4c4d74edebap-509,0x1.204dacd83e0f1p-341,2.51409280686497941e-103
7,180,0x1.22e30bcb8af01p-343,0x1.1d4c4d74edebap-509,0x1.22e30bcb8af02p-343,6.34155383179073257e-104
7,181,0x1.25531b0579c1bp-345,0x1.1d4c4d74edebap-509,0x1.25531b0579c1cp-345,1.59867455891755827e-104
7,182,0x1.279cf2200f7c2p-347,0x1.1d4c4d74edebap-509,0x1.279cf2200f7c3p-347,4.02786745047662569e-105
7,183,0x1.29bfb83d313e2p-349,0x1.1d4c4d74edebap-509,0x1.29bfb83d313e3p-349,1.01424230396663694e-105
7,184,0x1.2bbaa48b0b609p-351,0x1.1d4c4d74edebap-509,0x1.2bbaa48b0b60ap-351,2.55246871338474744e-106
7,185,0x1.2d8cfebd29034p-353,0x1.1d4c4d74edebap-509,0x1.2d8cfebd29035p-353,6.41995517175360532e-107
7,186,0x1.2f361f79d876p-355,0x1.1d4c4d74edebap-509,0x1.2f361f79d8761p-355,1.61382754995069471e-107
7,187,0x1.30b570bb84a49p-357,0x1.1d4c4d74edebap-509,0x1.30b570bb84a4ap-357,4.05449258252642826e-108
7,188,0x1.320a6e25b7b55p-359,0x1.1d4c4d74edebap-509,0x1.320a6e25b7b56p-359,1.01805405782458492e-108
7,189,0x1.3334a54d87931p-361,0x1.1d4c4d74edebap-509,0x1.3334a54d87932p-361,2.55482286898024107e-109
7,190,0x1.3433b5f53993ep-363,0x1.1d4c4d74edebap-509,0x1.3433b5f53993fp-363,6.40777206153975200e-110
7,191,0x1.3507523af7423p-365,0x1.1d4c4d74edebap-509,0x1.3507523af7424p-365,1.60623945527904009e-110
7,192,0x1.35af3eba7b112p-367,0x1.1d4c4d74edebap-509,0x1.35af3eba7b113p-367,4.02412225599947584e-111
7,193,0x1.362b52a1a8affp-369,0x1.1d4c4d74edebap-509,0x1.362b52a1a8bp-369,1.00760507451630065e-111
7,194,0x1.367b77b81178dp-371,0x1.1d4c4d74edebap-509,0x1.367b77b81178ep-371,2.52155522412466100e-112
7,195,0x1.369faa5972349p-373,0x1.1d4c4d74edebap-509,0x1.369faa597234ap-373,6.30675893054335906e-113
7,196,0x1.3697f96343e3cp-375,0x1.1d4c4d74edebap-509,0x1.3697f96343e3dp-375,1.57653723293695859e-113
7,197,0x1.3664861585b31p-377,0x1.1d4c4d74edebap-509,0x1.3664861585b32p-377,3.93879272813479359e-114
7,198,0x1.360583e6f22eep-379,0x1.1d4c4d74edebap-509,0x1.360583e6f22efp-379,9.83520808469620606e-115
7,199,0x1.357b384cdd916p-381,0x1.1d4c4d74edebap-509,0x1.357b384cdd917p-381,2.45451753047449963e-115
7,200,0x1.34c5fa770647dp-383,0x1.1d4c4d74edebap-509,0x1.34c5fa770647ep-383,6.12225633541184954e-116
7,201,0x1.33e632ffabc93p-385,0x1.1d4c4d74edebap-509,0x1.33e632ffabc94p-385,1.52623105692867441e-116
7,202,0x1.32dc5b904a293p-387,0x1.1d4c4d74edebap-509,0x1.32dc5b904a294p-387,3.80270894468176970e-117
7,203,0x1.31a8fe7b62b44p-389,0x1.1d4c4d74edebap-509,0x1.31a8fe7b62b45p-389,9.46957568066887865e-118
7,204,0x1.304cb64bc3354p-391,0x1.1d4c4d74edebap-509,0x1.304cb64bc3355p-391,2.35685677980050730e-118
7,205,0x1.2ec82d49c6429p-393,0x1.1d4c4d74edebap-509,0x1.2ec82d49c642ap-393,5.86275448422380503e-119
7,206,0x1.2d1c1cf70eebap-395,0x1.1d4c4d74edebap-509,0x1.2d1c1cf70eebbp-395,1.45759430335899506e-119
7,207,0x1.2b494d8149912p-397,0x1.1d4c4d74edebap-509,0x1.2b494d8149913p-397,3.62191830057098815e-120
7,208,0x1.2950952c82626p-399,0x1.1d4c4d74edebap-509,0x1.2950952c82627p-399,8.99514686348348903e-121
7,209,0x1.2732d7b5a806ep-401,0x1.1d4c4d74edebap-509,0x1.2732d7b5a806fp-401,2.23278071679341252e-121
7,210,0x1.24f105add62dp-403,0x1.1d4c4d74edebap-509,0x1.24f105add62d1p-403,5.53927176244824895e-122
7,211,0x1.228c1bcf0838p-405,0x1.1d4c4d74edebap-509,0x1.228c1bcf08381p-405,1.37349990509828582e-122
7,212,0x1.2005224ad82aep-407,0x1.1d4c4d74edebap-509,0x1.2005224ad82afp-407,3.40388224612276493e-123
7,213,0x1.1d5d2c13f0d31p-409,0x1.1d4c4d74edebap-509,0x1.1d5d2c13f0d32p-409,8.43122970865789196e-124
7,214,0x1.1a955622dc839p-411,0x1.1d4c4d74edebap-509,0x1.1a955622dc83ap-411,2.08726879001376881e-124
7,215,0x1.17aec6b6db383p-413,0x1.1d4c4d74edebap-509,0x1.17aec6b6db384p-413,5.16460914038802313e-125
7,216,0x1.14aaac936bb44p-415,0x1.1d4c4d74edebap-509,0x1.14aaac936bb45p-415,1.27722884328131419e-125
7,217,0x1.118a3e3b3347p-417,0x1.1d4c4d74edebap-509,0x1.118a3e3b33471p-417,3.15698635322974980e-126
7,218,0x1.0e4eb928ef103p-419,0x1.1d4c4d74edebap-509,0x1.0e4eb928ef104p-419,7.79919839392294865e-127
7,219,0x1.0af96107186c4p-421,0x1.1d4c4d74edebap-509,0x1.0af96107186c5p-421,1.92575507527313154e-127
7,220,0x1.078b7ee6e3e4dp-423,0x1.1d4c4d74edebap-509,0x1.078b7ee6e3e4ep-423,4.75254780038121848e-128
7,221,0x1.040660773f898p-425,0x1.1d4c4d74edebap-509,0x1.040660773f899p-425,1.17226778762565246e-128
7,222,0x1.006b573c71f9p-427,0x1.1d4c4d74edebap-509,0x1.006b573c71f91p-427,2.89003163191391519e-129
7,223,0x1.f9776f91ef4d9p-430,0x1.1d4c4d74edebap-509,0x1.f9776f91ef4dap-430,7.12121858647206395e-130
7,224,0x1.f1f1b1f06e9e1p-432,0x1.1d4c4d74edebap-509,0x1.f1f1b1f06e9e2p-432,1.75380990051802569e-130
7,225,0x1.ea48265742dep-434,0x1.1d4c4d74edebap-509,0x1.ea48265742de1p-434,4.31705636936985053e-131
7,226,0x1.e27d7f159274cp-436,0x1.1d4c4d74edebap-509,0x1.e27d7f159274dp-436,1.06211230475007696e-131
7,227,0x1.da946e8dfea6dp-438,0x1.1d4c4d74edebap-509,0x1.da946e8dfea6ep-438,2.61174753665067467e-132
7,228,0x1.d28fa5c5e0901p-440,0x1.1d4c4d74edebap-509,0x1.d28fa5c5e0902p-440,6.41904603661216123e-133
7,229,0x1.ca71d2fd84034p-442,0x1.1d4c4d74edebap-509,0x1.ca71d2fd84035p-442,1.57684438920993870e-133
7,230,0x1.c23da052482e7p-444,0x1.1d4c4d74edebap-509,0x1.c23da052482e8p-444,3.87156662570652921e-134
7,231,0x1.b9f5b26b7f9c4p-446,0x1.1d4c4d74edebap-509,0x1.b9f5b26b7f9c5p-446,9.50089878410985579e-135
7,232,0x1.b19ca732d8d7p-448,0x1.1d4c4d74edebap-509,0x1.b19ca732d8d71p-448,2.33036095944071333e-135
7,233,0x1.a93514990a59fp-450,0x1.1d4c4d74edebap-509,0x1.a93514990a5ap-450,5.71298053483386163e-136
7,234,0x1.a0c187676b90fp-452,0x1.1d4c4d74edebap-509,0x1.a0c187676b91p-452,1.39985749467082133e-136
7,235,0x1.9844821f14623p-454,0x1.1d4c4d74edebap-509,0x1.9844821f14624p-454,3.42836403254790537e-137
7,236,0x1.8fc07be60c706p-456,0x1.1d4c4d74edebap-509,0x1.8fc07be60c707p-456,8.39213648260538388e-138
7,237,0x1.8737df83028b2p-458,0x1.1d4c4d74edebap-509,0x1.8737df83028b5p-458,2.05324668999704759e-138
7,238,0x1.7ead0a67f4051p-460,0x1.1d4c4d74edebap-509,0x1.7ead0a67f405ap-460,5.02103428612320836e-139
7,239,0x1.76224bcc1b32ep-462,0x1.1d4c4d74edebap-509,0x1.76224bcc1b352p-462,1.22723908783069300e-139
7,240,0x1.6d99e3d56bd69p-464,0x1.1d4c4d74edebap-509,0x1.6d99e3d56bdf8p-464,2.99812391891166143e-140
7,241,0x1.651602d1d4024p-466,0x1.1d4c4d74edebap-509,0x1.651602d1d425fp-466,7.32073784457902180e-141
7,242,0x1.5c98c88068063p-468,0x1.1d4c4d74edebap-509,0x1.5c98c8806894ep-468,1.78667463464356661e-141
7,243,0x1.5424436a905a5p-470,0x1.1d4c4d74edebap-509,0x1.5424436a9294fp-470,4.35834787086433549e-142
7,244,0x1.4bba704d4154bp-472,0x1.1d4c4d74edebap-509,0x1.4bba704d4a3f2p-472,1.06263611801034088e-142
7,245,0x1.435d399235951p-474,0x1.1d4c4d74edebap-509,0x1.435d3992593eap-474,2.58960767108630313e-143
7,246,0x1.3b0e76d915e89p-476,0x1.1d4c4d74edebap-509,0x1.3b0e76d9a48ecp-476,6.30769294698920489e-144
7,247,0x1.32cfec906ba48p-478,0x1.1d4c4d74edebap-509,0x1.32cfec92a63d2p-478,1.53565881538441997e-144
7,248,0x1.2aa34b9e2d5aep-480,0x1.1d4c4d74edebap-509,0x1.2aa34ba717bd5p-480,3.73686148345218957e-145
7,249,0x1.228a3117a978ep-482,0x1.1d4c4d74edebap-509,0x1.228a313b53029p-482,9.08882577374660910e-146
7,250,0x1.1a862608863a4p-484,0x1.1d4c4d74edebap-509,0x1.1a8626972c61p-484,2.20951787940478815e-146
7,251,0x1.12989f4883a5cp-486,0x1.1d4c4d74edebap-509,0x1.1298a1831c40bp-486,5.36879334972003820e-147
7,252,0x1.0ac2fd5fa1a05p-488,0x1.1d4c4d74edebap-509,0x1.0ac3064a040cp-488,1.30390458906276251e-147
7,253,0x1.03068c78429acp-490,0x1.1d4c4d74edebap-509,0x1.0306b021cc496p-490,3.16523331418577644e-148
7,254,0x1.f6c908bdb4fddp-493,0x1.1d4c4d74edebap-509,0x1.f6ca260a0272cp-493,7.67995181689837239e-149
7,255,0x1.e7bc111d62a8bp-495,0x1.1d4c4d74edebap-509,0x1.e7c0864e987c7p-495,1.86256433996081280e-149
7,256,0x1.d8e8509673951p-497,0x1.1d4c4d74edebap-509,0x1.d8fa255b4ae3fp-497,4.51535950384031228e-150
7,257,0x1.ca4fbd8aea9aap-499,0x1.1d4c4d74edebap-509,0x1.ca97109e47d62p-499,1.09450278457704121e-150
7,258,0x1.bbf42699b2e45p-501,0x1.1d4c4d74edebap-509,0x1.bd1172e727d24p-501,2.65557598590571789e-151
7,259,0x1.add733164ac7fp-503,0x1.1d4c4d74edebap-509,0x1.b24c644c1e7fap-503,6.47829097321831355e-152
7,260,0x1.9ffa639521d69p-505,0x1.1d4c4d74edebap-509,0x1.b1cf286c70b55p-505,1.61774845236376884e-152
7,261,0x1.925f128b744e9p-507,0x1.1d4c4d74edebap-509,0x1.d9b225e8afc98p-507,4.41623169704100134e-153
7,262,0x1.8506750156267p-509,0x1.1d4c4d74edebap-509,0x1.5129613b22091p-508,1.57166649480869447e-153
7,263,0x1.77f19b5464042p-511,0x1.1d4c4d74edebap-509,0x1.7b48b44a06ecbp-509,8.84009160409068085e-154
7,264,0x1.6b217208b27d6p-513,0x1.1d4c4d74edebap-509,0x1.33fe649579138p-509,7.17850663717488035e-154
7,265,0x1.5e96c2a265e46p-515,0x1.1d4c4d74edebap-509,0x1.22c6a87f77834p-509,6.77720796376442762e-154
7,266,0x1.52523476962a5p-517,0x1.1d4c4d74edebap-509,0x1.1e9e9fa96481dp-509,6.68033379416094964e-154
7,267,0x1.46544d36c2eb1p-519,0x1.1d4c4d74edebap-509,0x1.1d9de2883b9c6p-509,6.65695921708503549e-154
7,268,0x1.3a9d705b7fcedp-521,0x1.1d4c4d74edebap-509,0x1.1d5ff74bf3a3ap-509,6.65132186151092268e-154
7,269,0x1.2f2dda5421437p-523,0x1.1d4c4d74edebap-509,0x1.1d510a2c573c3p-509,6.64996291180713555e-154
7,270,0x1.24058c53fd535p-525,0x1.1d4c4d74edebap-509,0x1.1d4d717a7a3fap-509,6.64963547462730633e-154
7,271,0x1.1924011a4e026p-527,0x1.1d4c4d74edebap-509,0x1.1d4c93bdee324p-509,6.64955661594375596e-154
7,272,0x1.0e872008f7fep-529,0x1.1d4c4d74edebap-509,0x1.1d4c5e5d5fec3p-509,6.64953763281196487e-154
7,273,0x1.04279350b9423p-531,0x1.1d4c4d74edebap-509,0x1.1d4c51858c38fp-509,6.64953306528313453e-154
7,274,0x1.f3d8a4304a483p-534,0x1.1d4c4d74edebap-509,0x1.1d4c4e6eda3dcp-509,6.64953196683015902e-154
7,275,0x1.df0332ac2eaabp-536,0x1.1d4c4d74edebap-509,0x1.1d4c4db0ce52p-509,6.64953170281286689e-154
7,276,0x1.c7b035891a548p-538,0x1.1d4c4d74edebap-509,0x1.1d4c4d832b6d5p-509,6.64953163941381092e-154
7,277,0x1.a75de2fe21789p-540,0x1.1d4c4d74edebap-509,0x1.1d4c4d783ca77p-509,6.64953162422582982e-154
7,278,0x1.6be0c51b6fc6p-542,0x1.1d4c4d74edebap-509,0x1.1d4c4d75a3dc1p-509,6.64953162061821838e-154
7,279,0x1.d7e288a3fe391p-545,0x1.1d4c4d74edebap-509,0x1.1d4c4d750b69dp-509,6.64953161979094464e-154
7,280,0x0p+0,0x1.1d4c4d74edebap-509,0x1.1d4c4d74edebap-509,6.64953161963089668e-154
8,0,0x1.21dca6309373fp-4,0x1.276eb90c44c65p-508,0x1.21dca6309374p-4,7.07670680796725904e-02
8,1,0x1.9a34059a4a009p-6,0x1.276eb90c44c65p-508,0x1.9a34059a4a00ap-6,2.50368170465265286e-02
8,2,0x1.1387eaf3140f2p-7,0x1.276eb90c44c65p-508,0x1.1387eaf3140f3p-7,8.40853664536254063e-03
8,3,0x1.64968ce96c56ep-9,0x1.276eb90c44c65p-508,0x1.64968ce96c56fp-9,2.72055120577679262e-03
8,4,0x1.c2839b4e3384fp-11,0x1.276eb90c44c65p-508,0x1.c2839b4e3385p-11,8.59287430807995426e-04
8,5,0x1.18c8a298dab45p-12,0x1.276eb90c44c65p-508,0x1.18c8a298dab46p-12,2.67776232752471220e-04
8,6,0x1.5bd3e89d7c95cp-14,0x1.276eb90c44c65p-508,0x1.5bd3e89d7c95dp-14,8.29286022605893572e-05
8,7,0x1.ade54b780273dp-16,0x1.276eb90c44c65p-508,0x1.ade54b780273ep-16,2.56237794645016259e-05
8,8,0x1.096d96f8dedfbp-17,0x1.276eb90c44c65p-508,0x1.096d96f8dedfcp-17,7.91037335700402206e-06
8,9,0x1.477536504cb73p-19,0x1.276eb90c44c65p-508,0x1.477536504cb74p-19,2.43975117810698413e-06
8,10,0x1.93606b216077dp-21,0x1.276eb90c44c65p-508,0x1.93606b216077ep-21,7.51347531899518767e-07
8,11,0x1.efe074d1474c8p-23,0x1.276eb90c44c65p-508,0x1.efe074d1474c9p-23,2.30910620881944251e-07
8,12,0x1.30119f0a4592dp-24,0x1.276eb90c44c65p-508,0x1.30119f0a4592ep-24,7.07965421047309139e-08
8,13,0x1.73fab03049cdep-26,0x1.276eb90c44c65p-508,0x1.73fab03049cdfp-26,2.16520421046927738e-08
8,14,0x1.c5f1921ee5ac6p-28,0x1.276eb90c44c65p-508,0x1.c5f1921ee5ac7p-28,6.60574930770697417e-09
8,15,0x1.14569ebcc9a95p-29,0x1.276eb90c44c65p-508,0x1.14569ebcc9a96p-29,2.01062619192306082e-09
8,16,0x1.4fb43425233e4p-31,0x1.276eb90c44c65p-508,0x1.4fb43425233e5p-31,6.10641874428636315e-10
8,17,0x1.96fbd08e9395fp-33,0x1.276eb90c44c65p-508,0x1.96fbd08e9396p-33,1.85074737181069890e-10
8,18,0x1.ec71c3515a97ep-35,0x1.276eb90c44c65p-508,0x1.ec71c3515a97fp-35,5.59844450621012992e-11
8,19,0x1.2961f063297e9p-36,0x1.276eb90c44c65p-508,0x1.2961f063297eap-36,1.69042422311290497e-11
8,20,0x1.668dd47bbcdc1p-38,0x1.276eb90c44c65p-508,0x1.668dd47bbcdc2p-38,5.09535913534797546e-12
8,21,0x1.af99b59906b4cp-40,0x1.276eb90c44c65p-508,0x1.af99b59906b4dp-40,1.53335274153183006e-12
8,22,0x1.035bb3da66e8bp-41,0x1.276eb90c44c65p-508,0x1.035bb3da66e8cp-41,4.60712735678852353e-13
8,23,0x1.373dd1e0775d2p-43,0x1.276eb90c44c65p-508,0x1.373dd1e0775d3p-43,1.38218984576064449e-13
8,24,0x1.74f740c885f63p-45,0x1.276eb90c44c65p-508,0x1.74f740c885f64p-45,4.14075254378664541e-14
8,25,0x1.be4f4612a4a0dp-47,0x1.276eb90c44c65p-508,0x1.be4f4612a4a0ep-47,1.23875815987286731e-14
8,26,0x1.0aadb56143548p-48,0x1.276eb90c44c65p-508,0x1.0aadb56143549p-48,3.70090831436558379e-15
8,27,0x1.3e461f29766fp-50,0x1.276eb90c44c65p-508,0x1.3e461f29766f1p-50,1.10423445732278081e-15
8,28,0x1.7b5e09c6d5ff5p-52,0x1.276eb90c44c65p-508,0x1.7b5e09c6d5ff6p-52,3.29048712479357313e-16
8,29,0x1.c3a0007b91fap-54,0x1.276eb90c44c65p-508,0x1.c3a0007b91fa1p-54,9.79305628268608731e-17
8,30,0x1.0c7ede25e21d6p-55,0x1.276eb90c44c65p-508,0x1.0c7ede25e21d7p-55,2.91103488112953540e-17
8,31,0x1.3eddb599a3b7dp-57,0x1.276eb90c44c65p-508,0x1.3eddb599a3b7ep-57,8.64288166449113533e-18
8,32,0x1.7a3e5463e524ap-59,0x1.276eb90c44c65p-508,0x1.7a3e5463e524bp-59,2.56307748457604721e-18
8,33,0x1.c029b2d43272dp-61,0x1.276eb90c44c65p-508,0x1.c029b2d43272ep-61,7.59217458599355863e-19
8,34,0x1.093440d1c69bep-62,0x1.276eb90c44c65p-508,0x1.093440d1c69bfp-62,2.24636622361385386e-19
8,35,0x1.39867cb122e67p-64,0x1.276eb90c44c65p-508,0x1.39867cb122e68p-64,6.63915732261151184e-20
8,36,0x1.723f0bf86d6dcp-66,0x1.276eb90c44c65p-508,0x1.723f0bf86d6ddp-66,1.96006746695314760e-20
8,37,0x1.b4c23f2625428p-68,0x1.276eb90c44c65p-508,0x1.b4c23f2625429p-68,5.78045427093733660e-21
8,38,0x1.015649dbe7641p-69,0x1.276eb90c44c65p-508,0x1.015649dbe7642p-69,1.70291384515834313e-21
8,39,0x1.2eed8e131d4a2p-71,0x1.276eb90c44c65p-508,0x1.2eed8e131d4a3p-71,5.01152253053738924e-22
8,40,0x1.643a8c3e2bea5p-73,0x1.276eb90c44c65p-508,0x1.643a8c3e2bea6p-73,1.47332738145065462e-22
8,41,0x1.a27b740fea031p-75,0x1.276eb90c44c65p-508,0x1.a27b740fea032p-75,4.32700494240711821e-23
8,42,0x1.eb1f41391aa8ep-77,0x1.276eb90c44c65p-508,0x1.eb1f41391aa8fp-77,1.26952084498947141e-23
8,43,0x1.1fe66a658bda6p-78,0x1.276eb90c44c65p-508,0x1.1fe66a658bda7p-78,3.72102107498475052e-24
8,44,0x1.5135843be2619p-80,0x1.276eb90c44c65p-508,0x1.5135843be261ap-80,1.08958120192702665e-24
8,45,0x1.8a94edfd5a10cp-82,0x1.276eb90c44c65p-508,0x1.8a94edfd5a10dp-82,3.18740604481725394e-25
8,46,0x1.cd46706e8cb7cp-84,0x1.276eb90c44c65p-508,0x1.cd46706e8cb7dp-84,9.31537753112678005e-26
8,47,0x1.0d5dc346cbf2p-85,0x1.276eb90c44c65p-508,0x1.0d5dc346cbf21p-85,2.71990415918258923e-26
8,48,0x1.3a4e08805c92ep-87,0x1.276eb90c44c65p-508,0x1.3a4e08805c92fp-87,7.93416904411163787e-27
8,49,0x1.6e66f67bb340ep-89,0x1.276eb90c44c65p-508,0x1.6e66f67bb340fp-89,2.31232296009167774e-27
8,50,0x1.aabec5650f483p-91,0x1.276eb90c44c65p-508,0x1.aabec5650f484p-91,6.73285208760585710e-28
8,51,0x1.f093d1f638568p-93,0x1.276eb90c44c65p-508,0x1.f093d1f638569p-93,1.95865257517871842e-28
8,52,0x1.20a90cd966da4p-94,0x1.276eb90c44c65p-508,0x1.20a90cd966da5p-94,5.69282167068853939e-29
8,53,0x1.4f4cb601d10d6p-96,0x1.276eb90c44c65p-508,0x1.4f4cb601d10d7p-96,1.65315491975628023e-29
8,54,0x1.8522330228db8p-98,0x1.276eb90c44c65p-508,0x1.8522330228db9p-98,4.79644182361971793e-30
8,55,0x1.c33828a45117ep-100,0x1.276eb90c44c65p-508,0x1.c33828a45117fp-100,1.39042703432155072e-30
8,56,0x1.05618024879f7p-101,0x1.276eb90c44c65p-508,0x1.05618024879f8p-101,4.02720982522715576e-31
8,57,0x1.2e90f219f04a6p-103,0x1.276eb90c44c65p-508,0x1.2e90f219f04a7p-103,1.16544258703418978e-31
8,58,0x1.5df22d31f697dp-105,0x1.276eb90c44c65p-508,0x1.5df22d31f697ep-105,3.36985742204171965e-32
8,59,0x1.94684831ad7a2p-107,0x1.276eb90c44c65p-508,0x1.94684831ad7a3p-107,9.73575285206120161e-33
8,60,0x1.d2f5363899949p-109,0x1.276eb90c44c65p-508,0x1.d2f536389994ap-109,2.81040038325396095e-33
8,61,0x1.0d5edea5b5b42p-110,0x1.276eb90c44c65p-508,0x1.0d5edea5b5b43p-110,8.10607617902840792e-34
8,62,0x1.3686f3a74102dp-112,0x1.276eb90c44c65p-508,0x1.3686f3a74102ep-112,2.33614666813789618e-34
8,63,0x1.65aefd9c9ac76p-114,0x1.276eb90c44c65p-508,0x1.65aefd9c9ac77p-114,6.72728001596108329e-35
8,64,0x1.9bac06dcf5e74p-116,0x1.276eb90c44c65p-508,0x1.9bac06dcf5e75p-116,1.93567234622490271e-35
8,65,0x1.d96f1d0a5db11p-118,0x1.276eb90c44c65p-508,0x1.d96f1d0a5db12p-118,5.56519035830900671e-36
8,66,0x1.1004656f73e67p-119,0x1.276eb90c44c65p-508,0x1.1004656f73e68p-119,1.59877324965237932e-36
8,67,0x1.38567cc43ed57p-121,0x1.276eb90c44c65p-508,0x1.38567cc43ed58p-121,4.58939209976097118e-37
8,68,0x1.665ba26513822p-123,0x1.276eb90c44c65p-508,0x1.665ba26513823p-123,1.31639919348840617e-37
8,69,0x1.9ad7e71be8bf8p-125,0x1.276eb90c44c65p-508,0x1.9ad7e71be8bf9p-125,3.77300047449679425e-38
8,70,0x1.d6a84e8cb711cp-127,0x1.276eb90c44c65p-508,0x1.d6a84e8cb711dp-127,1.08057650775348204e-38
8,71,0x1.0d62e6757c11p-128,0x1.276eb90c44c65p-508,0x1.0d62e6757c111p-128,3.09240339801367602e-39
8,72,0x1.34244d4e1c002p-130,0x1.276eb90c44c65p-508,0x1.34244d4e1c003p-130,8.84323609713972016e-40
8,73,0x1.6035f35cefe6dp-132,0x1.276eb90c44c65p-508,0x1.6035f35cefe6ep-132,2.52698816323632359e-40
8,74,0x1.9248f91f6767bp-134,0x1.276eb90c44c65p-508,0x1.9248f91f6767cp-134,7.21563423516094309e-41
8,75,0x1.cb244f4d3d8e8p-136,0x1.276eb90c44c65p-508,0x1.cb244f4d3d8e9p-136,2.05886319475314383e-41
8,76,0x1.05d39ed92484bp-137,0x1.276eb90c44c65p-508,0x1.05d39ed92484cp-137,5.87035635469782332e-42
8,77,0x1.2a661800b90f9p-139,0x1.276eb90c44c65p-508,0x1.2a661800b90fap-139,1.67258314182751290e-42
8,78,0x1.53d5e7d057f95p-141,0x1.276eb90c44c65p-508,0x1.53d5e7d057f96p-141,4.76211060189866008e-43
8,79,0x1.82c03908a7ec5p-143,0x1.276eb90c44c65p-508,0x1.82c03908a7ec6p-143,1.35488350145327382e-43
8,80,0x1.b7d4f224378dcp-145,0x1.276eb90c44c65p-508,0x1.b7d4f224378ddp-145,3.85209783516767528e-44
8,81,0x1.f3d8ce0532987p-147,0x1.276eb90c44c65p-508,0x1.f3d8ce0532988p-147,1.09442919441832363e-44
8,82,0x1.1bd3d64a7680dp-148,0x1.276eb90c44c65p-508,0x1.1bd3d64a7680ep-148,3.10724237394673099e-45
8,83,0x1.421b905a5b94ep-150,0x1.276eb90c44c65p-508,0x1.421b905a5b94fp-150,8.81580049378861486e-46
8,84,0x1.6d4ca0ab917eap-152,0x1.276eb90c44c65p-508,0x1.6d4ca0ab917ebp-152,2.49947942104023397e-46
8,85,0x1.9dffe20ce2fc6p-154,0x1.276eb90c44c65p-508,0x1.9dffe20ce2fc7p-154,7.08174955863389010e-47
8,86,0x1.d4dfb421174afp-156,0x1.276eb90c44c65p-508,0x1.d4dfb421174bp-156,2.00510313471448719e-47
8,87,0x1.0954ee657472p-157,0x1.276eb90c44c65p-508,0x1.0954ee6574721p-157,5.67335497318415637e-48
8,88,0x1.2c18ccc933206p-159,0x1.276eb90c44c65p-508,0x1.2c18ccc933207p-159,1.60417667307078036e-48
8,89,0x1.5330f2b2c8461p-161,0x1.276eb90c44c65p-508,0x1.5330f2b2c8462p-161,4.53289139054535624e-49
8,90,0x1.7f1ffbb913238p-163,0x1.276eb90c44c65p-508,0x1.7f1ffbb913239p-163,1.28000350640302296e-49
8,91,0x1.b077001c9989dp-165,0x1.276eb90c44c65p-508,0x1.b077001c9989ep-165,3.61211492902106275e-50
8,92,0x1.e7d715334da21p-167,0x1.276eb90c44c65p-508,0x1.e7d715334da22p-167,1.01865779935248615e-50
8,93,0x1.12f97959f361cp-168,0x1.276eb90c44c65p-508,0x1.12f97959f361dp-168,2.87086781623746560e-51
8,94,0x1.35c8600d5dc73p-170,0x1.276eb90c44c65p-508,0x1.35c8600d5dc74p-170,8.08570615390924471e-52
8,95,0x1.5cc606d13cb6p-172,0x1.276eb90c44c65p-508,0x1.5cc606d13cb61p-172,2.27585354882779583e-52
8,96,0x1.886bfe47e7c43p-174,0x1.276eb90c44c65p-508,0x1.886bfe47e7c44p-174,6.40168010777030193e-53
8,97,0x1.b940cd6c31488p-176,0x1.276eb90c44c65p-508,0x1.b940cd6c31489p-176,1.79956940629668085e-53
8,98,0x1.efd93b3daea1bp-178,0x1.276eb90c44c65p-508,0x1.efd93b3daea1cp-178,5.05556691451829080e-54
8,99,0x1.166cdb4d3b07ap-179,0x1.276eb90c44c65p-508,0x1.166cdb4d3b07bp-179,1.41938229719492589e-54
8,100,0x1.387bef638979fp-181,0x1.276eb90c44c65p-508,0x1.387bef63897ap-181,3.98252741097821245e-55
8,101,0x1.5e7e17aa234bap-183,0x1.276eb90c44c65p-508,0x1.5e7e17aa234bbp-183,1.11673368815190945e-55
8,102,0x1.88e1e921ee317p-185,0x1.276eb90c44c65p-508,0x1.88e1e921ee318p-185,3.12948937369788612e-56
8,103,0x1.b8214dc14298ep-187,0x1.276eb90c44c65p-508,0x1.b8214dc14298fp-187,8.76459613149888208e-57
8,104,0x1.ecc298823b41ap-189,0x1.276eb90c44c65p-508,0x1.ecc298823b41bp-189,2.45316310163315742e-57
8,105,0x1.13acd8c3643d5p-190,0x1.276eb90c44c65p-508,0x1.13acd8c3643d6p-190,6.86212349081086376e-58
8,106,0x1.3444ae1b0da07p-192,0x1.276eb90c44c65p-508,0x1.3444ae1b0da08p-192,1.91835822633689196e-58
8,107,0x1.58824cabf78fdp-194,0x1.276eb90c44c65p-508,0x1.58824cabf78fep-194,5.35971165236907076e-59
8,108,0x1.80c813aa7e2f5p-196,0x1.276eb90c44c65p-508,0x1.80c813aa7e2f6p-196,1.49656341548857145e-59
8,109,0x1.ad821174400d9p-198,0x1.276eb90c44c65p-508,0x1.ad821174400dap-198,4.17630521330364696e-60
8,110,0x1.df26e55aae5d3p-200,0x1.276eb90c44c65p-508,0x1.df26e55aae5d4p-200,1.16475383805133806e-60
8,111,0x1.0b1c5a167acfap-201,0x1.276eb90c44c65p-508,0x1.0b1c5a167acfbp-201,3.24655131998849207e-61
8,112,0x1.29a318720f3e7p-203,0x1.276eb90c44c65p-508,0x1.29a318720f3e8p-203,9.04394613904788186e-62
8,113,0x1.4b75dd7554efbp-205,0x1.276eb90c44c65p-508,0x1.4b75dd7554efcp-205,2.51792382586516509e-62
8,114,0x1.70ea49c83307bp-207,0x1.276eb90c44c65p-508,0x1.70ea49c83307cp-207,7.00611832634837562e-63
8,115,0x1.9a5e1629e99a9p-209,0x1.276eb90c44c65p-508,0x1.9a5e1629e99aap-209,1.94833632043192130e-63
8,116,0x1.c837c7e215ba3p-211,0x1.276eb90c44c65p-508,0x1.c837c7e215ba4p-211,5.41505989586379602e-64
8,117,0x1.fae7736d05755p-213,0x1.276eb90c44c65p-508,0x1.fae7736d05756p-213,1.50416945928622902e-64
8,118,0x1.1973c730332cbp-214,0x1.276eb90c44c65p-508,0x1.1973c730332ccp-214,4.17585778780337264e-65
8,119,0x1.385ee8c9fffd5p-216,0x1.276eb90c44c65p-508,0x1.385ee8c9fffd6p-216,1.15864746854194129e-65
8,120,0x1.5a7e1654b7e76p-218,0x1.276eb90c44c65p-508,0x1.5a7e1654b7e77p-218,3.21303054231513026e-66
8,121,0x1.8020e60edee3cp-220,0x1.276eb90c44c65p-508,0x1.8020e60edee3dp-220,8.90507395911984895e-67
8,122,0x1.a99e199011a14p-222,0x1.276eb90c44c65p-508,0x1.a99e199011a15p-222,2.46672396330427342e-67
8,123,0x1.d754353d40468p-224,0x1.276eb90c44c65p-508,0x1.d754353d40469p-224,6.82912575577115228e-68
8,124,0x1.04d5117a703a4p-225,0x1.276eb90c44c65p-508,0x1.04d5117a703a5p-225,1.88961086688300638e-68
8,125,0x1.2087f055b45bdp-227,0x1.276eb90c44c65p-508,0x1.2087f055b45bep-227,5.22568847922698203e-69
8,126,0x1.3eff9ddcf4ee4p-229,0x1.276eb90c44c65p-508,0x1.3eff9ddcf4ee5p-229,1.44437403285923482e-69
8,127,0x1.607e4cd535eefp-231,0x1.276eb90c44c65p-508,0x1.607e4cd535efp-231,3.99008343057160674e-70
8,128,0x1.854be7abe9d5cp-233,0x1.276eb90c44c65p-508,0x1.854be7abe9d5dp-233,1.10167006397336706e-70
8,129,0x1.adb683a0c1abfp-235,0x1.276eb90c44c65p-508,0x1.adb683a0c1acp-235,3.04011135534459801e-71
8,130,0x1.da12dbfece576p-237,0x1.276eb90c44c65p-508,0x1.da12dbfece577p-237,8.38488087786707662e-72
8,131,0x1.055e6aeff36f7p-238,0x1.276eb90c44c65p-508,0x1.055e6aeff36f8p-238,2.31139858222015136e-72
8,132,0x1.200c067d74d69p-240,0x1.276eb90c44c65p-508,0x1.200c067d74d6ap-240,6.36831288195192372e-73
8,133,0x1.3d483501993f2p-242,0x1.276eb90c44c65p-508,0x1.3d483501993f3p-242,1.75366485721606126e-73
8,134,0x1.5d4d6192c08d1p-244,0x1.276eb90c44c65p-508,0x1.5d4d6192c08d2p-244,4.82661325001231271e-74
8,135,0x1.805ac39a46778p-246,0x1.276eb90c44c65p-508,0x1.805ac39a46779p-246,1.32774026167419331e-74
8,136,0x1.a6b4ba0ecde67p-248,0x1.276eb90c44c65p-508,0x1.a6b4ba0ecde68p-248,3.65055995449597229e-75
8,137,0x1.d0a52ca1d1f6cp-250,0x1.276eb90c44c65p-508,0x1.d0a52ca1d1f6dp-250,1.00318859289614561e-75
8,138,0x1.fe7bf332e4126p-252,0x1.276eb90c44c65p-508,0x1.fe7bf332e4127p-252,2.75539213770703874e-76
8,139,0x1.1847a1ef1534bp-253,0x1.276eb90c44c65p-508,0x1.1847a1ef1534cp-253,7.56419913138054374e-77
8,140,0x1.339e13ff72531p-255,0x1.276eb90c44c65p-508,0x1.339e13ff72532p-255,2.07549727887398593e-77
8,141,0x1.51737c40f9f54p-257,0x1.276eb90c44c65p-508,0x1.51737c40f9f55p-257,5.69196231594477437e-78
8,142,0x1.71fdf0f3ce419p-259,0x1.276eb90c44c65p-508,0x1.71fdf0f3ce41ap-259,1.56021138299751055e-78
8,143,0x1.9577b82b789e7p-261,0x1.276eb90c44c65p-508,0x1.9577b82b789e8p-261,4.27452026760539067e-79
8,144,0x1.bc1f9214475ap-263,0x1.276eb90c44c65p-508,0x1.bc1f9214475a1p-263,1.17050899488761449e-79
8,145,0x1.e63907a8beeecp-265,0x1.276eb90c44c65p-508,0x1.e63907a8beeedp-265,3.20366044920803370e-80
8,146,0x1.0a065f068f43ep-266,0x1.276eb90c44c65p-508,0x1.0a065f068f43fp-266,8.76402194249075854e-81
8,147,0x1.22f4676442a82p-268,0x1.276eb90c44c65p-508,0x1.22f4676442a83p-268,2.39632974035351052e-81
8,148,0x1.3e10928a6652dp-270,0x1.276eb90c44c65p-508,0x1.3e10928a6652ep-270,6.54902618362430780e-82
8,149,0x1.5b87f03fd38e1p-272,0x1.276eb90c44c65p-508,0x1.5b87f03fd38e2p-272,1.78893588636999015e-82
8,150,0x1.7b8ade8c82dcbp-274,0x1.276eb90c44c65p-508,0x1.7b8ade8c82dccp-274,4.88429165470712950e-83
8,151,0x1.9e4d40b613cp-276,0x1.276eb90c44c65p-508,0x1.9e4d40b613c01p-276,1.33290138351393040e-83
8,152,0x1.c406b94105437p-278,0x1.276eb90c44c65p-508,0x1.c406b94105438p-278,3.63567379247923480e-84
8,153,0x1.ecf2e7169b4a7p-280,0x1.276eb90c44c65p-508,0x1.ecf2e7169b4a8p-280,9.91204115428762962e-85
8,154,0x1.0ca8d2f8013b4p-281,0x1.276eb90c44c65p-508,0x1.0ca8d2f8013b5p-281,2.70105486189841494e-85
8,155,0x1.24b3a913e7738p-283,0x1.276eb90c44c65p-508,0x1.24b3a913e7739p-283,7.35693049415820599e-86
8,156,0x1.3ebe8809b7a89p-285,0x1.276eb90c44c65p-508,0x1.3ebe8809b7a8ap-285,2.00287408632584068e-86
8,157,0x1.5af08b834e398p-287,0x1.276eb90c44c65p-508,0x1.5af08b834e399p-287,5.45010900667384966e-87
8,158,0x1.79738011961d3p-289,0x1.276eb90c44c65p-508,0x1.79738011961d4p-289,1.48235446917311310e-87
8,159,0x1.9a740c8bfea4bp-291,0x1.276eb90c44c65p-508,0x1.9a740c8bfea4cp-291,4.02990738718701745e-88
8,160,0x1.be21dd78f510ep-293,0x1.276eb90c44c65p-508,0x1.be21dd78f510fp-293,1.09505254407628374e-88
8,161,0x1.e4afd290ecb1cp-295,0x1.276eb90c44c65p-508,0x1.e4afd290ecb1dp-295,2.97421604456665113e-89
8,162,0x1.072a1736c405bp-296,0x1.276eb90c44c65p-508,0x1.072a1736c405cp-296,8.07436699000974949e-90
8,163,0x1.1da4643b38c9fp-298,0x1.276eb90c44c65p-508,0x1.1da4643b38cap-298,2.19100630253408855e-90
8,164,0x1.35e5a08eb0ebcp-300,0x1.276eb90c44c65p-508,0x1.35e5a08eb0ebdp-300,5.94262986380641175e-91
8,165,0x1.500e9c3d58e2fp-302,0x1.276eb90c44c65p-508,0x1.500e9c3d58e3p-302,1.61106989629256681e-91
8,166,0x1.6c4243add58a2p-304,0x1.276eb90c44c65p-508,0x1.6c4243add58a3p-304,4.36567557775670324e-92
8,167,0x1.8aa5bd69c5e63p-306,0x1.276eb90c44c65p-508,0x1.8aa5bd69c5e64p-306,1.18247136097036966e-92
8,168,0x1.ab60892ff25afp-308,0x1.276eb90c44c65p-508,0x1.ab60892ff25bp-308,3.20134597167300249e-93
8,169,0x1.ce9ca0584dcacp-310,0x1.276eb90c44c65p-508,0x1.ce9ca0584dcadp-310,8.66319530764606086e-94
8,170,0x1.f4869791b4aa2p-312,0x1.276eb90c44c65p-508,0x1.f4869791b4aa3p-312,2.34329956991564516e-94
8,171,0x1.0ea6e10089dbcp-313,0x1.276eb90c44c65p-508,0x1.0ea6e10089dbdp-313,6.33552231844300149e-95
8,172,0x1.24922ae4a9f7ap-315,0x1.276eb90c44c65p-508,0x1.24922ae4a9f7bp-315,1.71215322283331504e-95
8,173,0x1.3c1fc90188fbdp-317,0x1.276eb90c44c65p-508,0x1.3c1fc90188fbep-317,4.62497190323837789e-96
8,174,0x1.556bf31562c67p-319,0x1.276eb90c44c65p-508,0x1.556bf31562c68p-319,1.24877015347861849e-96
8,175,0x1.70948d85c7d46p-321,0x1.276eb90c44c65p-508,0x1.70948d85c7d47p-321,3.37026094253339337e-97
8,176,0x1.8db93e963644fp-323,0x1.276eb90c44c65p-508,0x1.8db93e963645p-323,9.09186145744015497e-98
8,177,0x1.acfb8462805a8p-325,0x1.276eb90c44c65p-508,0x1.acfb8462805a9p-325,2.45160787878955727e-98
8,178,0x1.ce7ecb9f52776p-327,0x1.276eb90c44c65p-508,0x1.ce7ecb9f52777p-327,6.60782862719706591e-99
8,179,0x1.f2688722da8p-329,0x1.276eb90c44c65p-508,0x1.f2688722da801p-329,1.78023255106947650e-99
8,180,0x1.0c70241b9db5cp-330,0x1.276eb90c44c65p-508,0x1.0c70241b9db5dp-330,4.79408293110110535e-100
8,181,0x1.2107ebdc0d044p-332,0x1.276eb90c44c65p-508,0x1.2107ebdc0d045p-332,1.29046376240376624e-100
8,182,0x1.3711a7fe150d9p-334,0x1.276eb90c44c65p-508,0x1.3711a7fe150dap-334,3.47214755943336587e-101
8,183,0x1.4ea49bc59b6afp-336,0x1.276eb90c44c65p-508,0x1.4ea49bc59b6bp-336,9.33820145854035421e-102
8,184,0x1.67d94e5056908p-338,0x1.276eb90c44c65p-508,0x1.67d94e5056909p-338,2.51039245432450627e-102
8,185,0x1.82c998bd191eep-340,0x1.276eb90c44c65p-508,0x1.82c998bd191efp-340,6.74580719884312602e-103
8,186,0x1.9f90b4b8a6c62p-342,0x1.276eb90c44c65p-508,0x1.9f90b4b8a6c63p-342,1.81192722197794863e-103
8,187,0x1.be4b4b6f5035cp-344,0x1.276eb90c44c65p-508,0x1.be4b4b6f5035dp-344,4.86477424362115514e-104
8,188,0x1.df1784e249d91p-346,0x1.276eb90c44c65p-508,0x1.df1784e249d92p-346,1.30557052677570173e-104
8,189,0x1.010a8bcfb1922p-347,0x1.276eb90c44c65p-508,0x1.010a8bcfb1923p-347,3.50230748531845120e-105
8,190,0x1.13b2ac6cb913cp-349,0x1.276eb90c44c65p-508,0x1.13b2ac6cb913dp-349,9.39128617089799765e-106
8,191,0x1.2795a66fb8d8dp-351,0x1.276eb90c44c65p-508,0x1.2795a66fb8d8ep-351,2.51717446416514980e-106
8,192,0x1.3cc5dbf7fa977p-353,0x1.276eb90c44c65p-508,0x1.3cc5dbf7fa978p-353,6.74403117126709795e-107
8,193,0x1.535697b31c3c4p-355,0x1.276eb90c44c65p-508,0x1.535697b31c3c5p-355,1.80611081283954170e-107
8,194,0x1.6b5c159ed772ep-357,0x1.276eb90c44c65p-508,0x1.6b5c159ed772fp-357,4.83490947172208430e-108
8,195,0x1.84eb8bf447bb2p-359,0x1.276eb90c44c65p-508,0x1.84eb8bf447bb3p-359,1.29375483203451003e-108
8,196,0x1.a01b343ab8c5p-361,0x1.276eb90c44c65p-508,0x1.a01b343ab8c51p-361,3.46047611046226712e-109
8,197,0x1.bd02547fd019ap-363,0x1.276eb90c44c65p-508,0x1.bd02547fd019bp-363,9.25210392648033537e-110
8,198,0x1.dbb948b2ac4bap-365,0x1.276eb90c44c65p-508,0x1.dbb948b2ac4bbp-365,2.47267173898324317e-110
8,199,0x1.fc598c1f597aap-367,0x1.276eb90c44c65p-508,0x1.fc598c1f597abp-367,6.60563052067456448e-111
8,200,0x1.0f7ee183df3e7p-368,0x1.276eb90c44c65p-508,0x1.0f7ee183df3e8p-368,1.76394269296921453e-111
8,201,0x1.21e0e22b747bep-370,0x1.276eb90c44c65p-508,0x1.21e0e22b747bfp-370,4.70844575182833486e-112
8,202,0x1.356151b5aed85p-372,0x1.276eb90c44c65p-508,0x1.356151b5aed86p-372,1.25630213446085591e-112
8,203,0x1.4a0f5cfa6984bp-374,0x1.276eb90c44c65p-508,0x1.4a0f5cfa6984cp-374,3.35069245803555430e-113
8,204,0x1.5ffad8f0bc649p-376,0x1.276eb90c44c65p-508,0x1.5ffad8f0bc64ap-376,8.93304444938705184e-114
8,205,0x1.773447ab562e1p-378,0x1.276eb90c44c65p-508,0x1.773447ab562e2p-378,2.38061620971990333e-114
8,206,0x1.8fccdd585a838p-380,0x1.276eb90c44c65p-508,0x1.8fccdd585a839p-380,6.34168617052629443e-115
8,207,0x1.a9d685426e9bp-382,0x1.276eb90c44c65p-508,0x1.a9d685426e9b1p-382,1.68867500345377007e-115
8,208,0x1.c563e6d07c27bp-384,0x1.276eb90c44c65p-508,0x1.c563e6d07c27cp-384,4.49483617382213533e-116
8,209,0x1.e2886a818e688p-386,0x1.276eb90c44c65p-508,0x1.e2886a818e689p-386,1.19593786302053708e-116
8,210,0x1.00ac1f7104e2fp-387,0x1.276eb90c44c65p-508,0x1.00ac1f7104e3p-387,3.18075931457517881e-117
8,211,0x1.10f42ebbad47p-389,0x1.276eb90c44c65p-508,0x1.10f42ebbad471p-389,8.45631061213738061e-118
8,212,0x1.222747cf89866p-391,0x1.276eb90c44c65p-508,0x1.222747cf89867p-391,2.24729172770195811e-118
8,213,0x1.3450b9af26d2ep-393,0x1.276eb90c44c65p-508,0x1.3450b9af26d2fp-393,5.96989733511475651e-119
8,214,0x1.477c400f01f53p-395,0x1.276eb90c44c65p-508,0x1.477c400f01f54p-395,1.58527141019582062e-119
8,215,0x1.5bb605a873fa5p-397,0x1.276eb90c44c65p-508,0x1.5bb605a873fa6p-397,4.20794656126742224e-120
8,216,0x1.710aa67f95381p-399,0x1.276eb90c44c65p-508,0x1.710aa67f95382p-399,1.11652150645844346e-120
8,217,0x1.8787321a3a85dp-401,0x1.276eb90c44c65p-508,0x1.8787321a3a85ep-401,2.96138395792195557e-121
8,218,0x1.9f392da61fa0dp-403,0x1.276eb90c44c65p-508,0x1.9f392da61fa0ep-403,7.85151659618764139e-122
8,219,0x1.b82e960c41038p-405,0x1.276eb90c44c65p-508,0x1.b82e960c41039p-405,2.08086568039720033e-122
8,220,0x1.d275e1ef57975p-407,0x1.276eb90c44c65p-508,0x1.d275e1ef57976p-407,5.51272912163879412e-123
8,221,0x1.ee1e039358b44p-409,0x1.276eb90c44c65p-508,0x1.ee1e039358b45p-409,1.45989565779491540e-123
8,222,0x1.059b3555e70a6p-410,0x1.276eb90c44c65p-508,0x1.059b3555e70a7p-410,3.86464834143204683e-124
8,223,0x1.14e7830765ca8p-412,0x1.276eb90c44c65p-508,0x1.14e7830765ca9p-412,1.02266075157728384e-124
8,224,0x1.24fc22a51cc7ep-414,0x1.276eb90c44c65p-508,0x1.24fc22a51cc7fp-414,2.70512335064486358e-125
8,225,0x1.35e18d0c8fc89p-416,0x1.276eb90c44c65p-508,0x1.35e18d0c8fc8ap-416,7.15281296769107509e-126
8,226,0x1.47a07cdb470e7p-418,0x1.276eb90c44c65p-508,0x1.47a07cdb470e8p-418,1.89060763121987239e-126
8,227,0x1.5a41ef05dde8cp-420,0x1.276eb90c44c65p-508,0x1.5a41ef05dde8dp-420,4.99529466758313160e-127
8,228,0x1.6dcf235b70227p-422,0x1.276eb90c44c65p-508,0x1.6dcf235b70228p-422,1.31933902560918855e-127
8,229,0x1.82519cf4271ap-424,0x1.276eb90c44c65p-508,0x1.82519cf4271a1p-424,3.48327463953679584e-128
8,230,0x1.97d32289a38f9p-426,0x1.276eb90c44c65p-508,0x1.97d32289a38fap-426,9.19296180990969804e-129
8,231,0x1.ae5dbeb7fe31p-428,0x1.276eb90c44c65p-508,0x1.ae5dbeb7fe311p-428,2.42526967949938782e-129
8,232,0x1.c5fbc02616501p-430,0x1.276eb90c44c65p-508,0x1.c5fbc02616502p-430,6.39590306329892884e-130
8,233,0x1.deb7b993e4aecp-432,0x1.276eb90c44c65p-508,0x1.deb7b993e4aedp-432,1.68609240009452909e-130
8,234,0x1.f89c81cd87197p-434,0x1.276eb90c44c65p-508,0x1.f89c81cd87198p-434,4.44323144613495885e-131
8,235,0x1.09da99c0dcfdp-435,0x1.276eb90c44c65p-508,0x1.09da99c0dcfd1p-435,1.17045567201077370e-131
8,236,0x1.1806967d3a6aap-437,0x1.276eb90c44c65p-508,0x1.1806967d3a6abp-437,3.08212234073157727e-132
8,237,0x1.26d807db3073dp-439,0x1.276eb90c44c65p-508,0x1.26d807db3073ep-439,8.11304791615115594e-133
8,238,0x1.3654dff0f1b45p-441,0x1.276eb90c44c65p-508,0x1.3654dff0f1b46p-441,2.13480330435131994e-133
8,239,0x1.468331d73c1adp-443,0x1.276eb90c44c65p-508,0x1.468331d73c1aep-443,5.61528418109681707e-134
8,240,0x1.576931438f1ep-445,0x1.276eb90c44c65p-508,0x1.576931438f1e1p-445,1.47647483753317909e-134
8,241,0x1.690d32104e15bp-447,0x1.276eb90c44c65p-508,0x1.690d32104e15cp-447,3.88079927814292934e-135
8,242,0x1.7b75a7b23546p-449,0x1.276eb90c44c65p-508,0x1.7b75a7b235461p-449,1.01966500562059810e-135
8,243,0x1.8ea9249a8bc7ep-451,0x1.276eb90c44c65p-508,0x1.8ea9249a8bc7fp-451,2.67815329083319309e-136
8,244,0x1.a2ae598580ee6p-453,0x1.276eb90c44c65p-508,0x1.a2ae598580ee7p-453,7.03161861482307175e-137
8,245,0x1.b78c14b4285edp-455,0x1.276eb90c44c65p-508,0x1.b78c14b4285eep-455,1.84551473249343962e-137
8,246,0x1.cd4941118d909p-457,0x1.276eb90c44c65p-508,0x1.cd4941118d90cp-457,4.84197374985668126e-138
8,247,0x1.e3ece5425d7d3p-459,0x1.276eb90c44c65p-508,0x1.e3ece5425d7ddp-459,1.26990261819889496e-138
8,248,0x1.fb7e229eab44bp-461,0x1.276eb90c44c65p-508,0x1.fb7e229eab47p-461,3.32936834955389128e-139
8,249,0x1.0a021a0aae71bp-462,0x1.276eb90c44c65p-508,0x1.0a021a0aae765p-462,8.72563572983398203e-140
8,250,0x1.16c3367c69676p-464,0x1.276eb90c44c65p-508,0x1.16c3367c6979ep-464,2.28600131258659898e-140
8,251,0x1.24061bda33b5p-466,0x1.276eb90c44c65p-508,0x1.24061bda33feep-466,5.98687783411463167e-141
8,252,0x1.31ce8a3535916p-468,0x1.276eb90c44c65p-508,0x1.31ce8a3536b8dp-468,1.56736158063069165e-141
8,253,0x1.40204bbd25e0bp-470,0x1.276eb90c44c65p-508,0x1.40204bbd2a7e7p-470,4.10188265357819874e-142
8,254,0x1.4eff33f74fa91p-472,0x1.276eb90c44c65p-508,0x1.4eff33f7622p-472,1.07310656606063490e-142
8,255,0x1.5e6f1ee96aea1p-474,0x1.276eb90c44c65p-508,0x1.5e6f1ee9b4c5cp-474,2.80639247360402833e-143
8,256,0x1.6e73f0382fdbp-476,0x1.276eb90c44c65p-508,0x1.6e73f0395749cp-476,7.33669124792397386e-144
8,257,0x1.7f1192399175bp-478,0x1.276eb90c44c65p-508,0x1.7f11923e2f30ap-478,1.91733810978357323e-144
8,258,0x1.904bf4fa91e68p-480,0x1.276eb90c44c65p-508,0x1.904bf50d08d22p-480,5.00892045002855953e-145
8,259,0x1.a2270d38a8773p-482,0x1.276eb90c44c65p-508,0x1.a2270d8284258p-482,1.30808773648397431e-145
8,260,0x1.b4a6d34eb20e1p-484,0x1.276eb90c44c65p-508,0x1.b4a6d47620c72p-484,3.41489431960383586e-146
8,261,0x1.c7cf4215586dfp-486,0x1.276eb90c44c65p-508,0x1.c7cf46b313523p-486,8.91180507823442743e-147
8,262,0x1.dba455b698d65p-488,0x1.276eb90c44c65p-508,0x1.dba4682d84672p-488,2.32489071596769304e-147
8,263,0x1.f02a0a730138cp-490,0x1.276eb90c44c65p-508,0x1.f02a544eaf7bep-490,6.06301426699815230e-148
8,264,0x1.02b22da99436ap-491,0x1.276eb90c44c65p-508,0x1.02b2c160f0bcdp-491,1.58061346299673881e-148
8,265,0x1.0daba0584ee46p-493,0x1.276eb90c44c65p-508,0x1.0dadef35c0fcfp-493,4.11926750590105604e-149
8,266,0x1.190357246b234p-495,0x1.276eb90c44c65p-508,0x1.190c929a33857p-495,1.07323394012450557e-149
8,267,0x1.24bb47ddc5f45p-497,0x1.276eb90c44c65p-508,0x1.24e035b4e77cfp-497,2.79599059679962128e-150
8,268,0x1.30d55fac9fc73p-499,0x1.276eb90c44c65p-508,0x1.3169170925e9ap-499,7.28913801494111971e-151
8,269,0x1.3d537428de8d5p-501,0x1.276eb90c44c65p-508,0x1.3fa2519af716ep-501,1.90715176928956967e-151
8,270,0x1.4a370f3c4a7eap-503,0x1.276eb90c44c65p-508,0x1.53728504aca4ep-503,5.06342787681944356e-152
8,271,0x1.5780b629b1d03p-505,0x1.276eb90c44c65p-508,0x1.7c6e8d4b3a69p-505,1.41869515681089635e-152
8,272,0x1.652d5cda04b1ep-507,0x1.276eb90c44c65p-508,0x1.f8e4b96027151p-507,4.70708426244292507e-153
8,273,0x1.732d88da9d82p-509,0x1.276eb90c44c65p-508,0x1.e1057d7993875p-508,2.24226365132978248e-153
8,274,0x1.81472d56d275ep-511,0x1.276eb90c44c65p-508,0x1.57979eb71f151p-508,1.60164261818966573e-153
8,275,0x1.8eb253ac2f8a5p-513,0x1.276eb90c44c65p-508,0x1.33e44ba9a642bp-508,1.43522612500234300e-153
8,276,0x1.98e098f41c15ap-515,0x1.276eb90c44c65p-508,0x1.2aa07a3e2cfe8p-508,1.39203807045953544e-153
8,277,0x1.97ee89647eba7p-517,0x1.276eb90c44c65p-508,0x1.283ab050f705bp-508,1.38086168904619916e-153
8,278,0x1.75b69ae92f43fp-519,0x1.276eb90c44c65p-508,0x1.279d6fdfa1ec4p-508,1.37799831751835413e-153
8,279,0x1.fea687dc18a49p-522,0x1.276eb90c44c65p-508,0x1.2776b3a66436cp-508,1.37729299358990673e-153
8,280,0x0p+0,0x1.276eb90c44c65p-508,0x1.276eb90c44c65p-508,1.37714770681995249e-153
9,0,0x1.2658260f71a9fp-4,0x1.bfc57ff30d05p-497,0x1.2658260f71aap-4,7.18614088756148739e-02
9,1,0x1.a357af520f0ccp-6,0x1.bfc57ff30d05p-497,0x1.a357af520f0cdp-6,2.55946361651105299e-02
9,2,0x1.1c378658c16d5p-7,0x1.bfc57ff30d05p-497,0x1.1c378658c16d6p-7,8.67361125848324297e-03
9,3,0x1.742990bf6769ap-9,0x1.bfc57ff30d05p-497,0x1.742990bf6769bp-9,2.83937351168968072e-03
9,4,0x1.dd1c74d326377p-11,0x1.bfc57ff30d05p-497,0x1.dd1c74d326378p-11,9.10017314157503775e-04
9,5,0x1.2e9588ebd9ab7p-12,0x1.bfc57ff30d05p-497,0x1.2e9588ebd9ab8p-12,2.88566704276165248e-04
9,6,0x1.7e59f105df979p-14,0x1.bfc57ff30d05p-497,0x1.7e59f105df97ap-14,9.11596617622963005e-05
9,7,0x1.e2fbdd93b7fddp-16,0x1.bfc57ff30d05p-497,0x1.e2fbdd93b7fdep-16,2.87880807964268029e-05
9,8,0x1.313b137db9852p-17,0x1.bfc57ff30d05p-497,0x1.313b137db9853p-17,9.09658569576643667e-06
9,9,0x1.81dc48dcdca13p-19,0x1.bfc57ff30d05p-497,0x1.81dc48dcdca14p-19,2.87488465605082921e-06
9,10,0x1.e779c88a215a5p-21,0x1.bfc57ff30d05p-497,0x1.e779c88a215a6p-21,9.07994278224220660e-07
9,11,0x1.338209cc03f3fp-22,0x1.bfc57ff30d05p-497,0x1.338209cc03f4p-22,2.86389106874698313e-07
9,12,0x1.83438ec2a5848p-24,0x1.bfc57ff30d05p-497,0x1.83438ec2a5849p-24,9.01669024256722961e-08
9,13,0x1.e6bac4d89a3d3p-26,0x1.bfc57ff30d05p-497,0x1.e6bac4d89a3d4p-26,2.83313895420387357e-08
9,14,0x1.313f4db7016d6p-27,0x1.bfc57ff30d05p-497,0x1.313f4db7016d7p-27,8.88386507241346903e-09
9,15,0x1.7e1a5b895fa15p-29,0x1.bfc57ff30d05p-497,0x1.7e1a5b895fa16p-29,2.78016493566906650e-09
9,16,0x1.dd661c7238528p-31,0x1.bfc57ff30d05p-497,0x1.dd661c7238529p-31,8.68383488621724356e-10
9,17,0x1.29b14ec101609p-32,0x1.bfc57ff30d05p-497,0x1.29b14ec10160ap-32,2.70749849677999034e-10
9,18,0x1.72a2035f3aa8p-34,0x1.bfc57ff30d05p-497,0x1.72a2035f3aa81p-34,8.42721565169234670e-11
9,19,0x1.ccb3dbf8063e5p-36,0x1.bfc57ff30d05p-497,0x1.ccb3dbf8063e6p-36,2.61879094528132047e-11
9,20,0x1.1de52fab96dccp-37,0x1.bfc57ff30d05p-497,0x1.1de52fab96dcdp-37,8.12563196861349350e-12
9,21,0x1.6252782d8465ap-39,0x1.bfc57ff30d05p-497,0x1.6252782d8465bp-39,2.51761027149458019e-12
9,22,0x1.b686fcad2c311p-41,0x1.bfc57ff30d05p-497,0x1.b686fcad2c312p-41,7.78980956249484755e-13
9,23,0x1.0f04f9278089cp-42,0x1.bfc57ff30d05p-497,0x1.0f04f9278089dp-42,2.40713606197027527e-13
9,24,0x1.4e9377f0ba1a2p-44,0x1.bfc57ff30d05p-497,0x1.4e9377f0ba1a3p-44,7.42908065941224607e-14
9,25,0x1.9c8bb34e5acefp-46,0x1.bfc57ff30d05p-497,0x1.9c8bb34e5acfp-46,2.29008870058249050e-14
9,26,0x1.fc1a4f9d5111fp-48,0x1.bfc57ff30d05p-497,0x1.fc1a4f9d5112p-48,7.05134252822399194e-15
9,27,0x1.388cfbe185593p-49,0x1.bfc57ff30d05p-497,0x1.388cfbe185594p-49,2.16875627455472988e-15
9,28,0x1.801bcc377b4d9p-51,0x1.bfc57ff30d05p-497,0x1.801bcc377b4dap-51,6.66322179463408086e-16
9,29,0x1.d78ef9296fbdap-53,0x1.bfc57ff30d05p-497,0x1.d78ef9296fbdbp-53,2.04505895468177577e-16
9,30,0x1.212a7d6576b15p-54,0x1.bfc57ff30d05p-497,0x1.212a7d6576b16p-54,6.27028758551399763e-17
9,31,0x1.624a67f24013bp-56,0x1.bfc57ff30d05p-497,0x1.624a67f24013cp-56,1.92061345448736662e-17
9,32,0x1.b1a9da7a57df6p-58,0x1.bfc57ff30d05p-497,0x1.b1a9da7a57df7p-58,5.87723622425464328e-18
9,33,0x1.092896fc66e32p-59,0x1.bfc57ff30d05p-497,0x1.092896fc66e33p-59,1.79678425094398718e-18
9,34,0x1.43f4c62d47f26p-61,0x1.bfc57ff30d05p-497,0x1.43f4c62d47f27p-61,5.48803063234238612e-19
9,35,0x1.8b6eaf04b087cp-63,0x1.bfc57ff30d05p-497,0x1.8b6eaf04b087dp-63,1.67472117846861157e-19
9,36,0x1.e23f8aa174901p-65,0x1.bfc57ff30d05p-497,0x1.e23f8aa174902p-65,5.10600152313178385e-20
9,37,0x1.25cde3af4dce9p-66,0x1.bfc57ff30d05p-497,0x1.25cde3af4dceap-66,1.55538677752890951e-20
9,38,0x1.65af5e43c5266p-68,0x1.bfc57ff30d05p-497,0x1.65af5e43c5267p-68,4.73392198346271251e-21
9,39,0x1.b315de3188cdbp-70,0x1.bfc57ff30d05p-497,0x1.b315de3188cdcp-70,1.43957690238543934e-21
9,40,0x1.086561fc00ec8p-71,0x1.bfc57ff30d05p-497,0x1.086561fc00ec9p-71,4.37406534103815496e-22
9,41,0x1.411355d51b578p-73,0x1.bfc57ff30d05p-497,0x1.411355d51b579p-73,1.32793726149208796e-22
9,42,0x1.8596b88b0f0b6p-75,0x1.bfc57ff30d05p-497,0x1.8596b88b0f0b7p-75,4.02825329607408925e-23
9,43,0x1.d857c54412977p-77,0x1.bfc57ff30d05p-497,0x1.d857c54412978p-77,1.22097765978793480e-23
9,44,0x1.1e1c6df2e1509p-78,0x1.bfc57ff30d05p-497,0x1.1e1c6df2e150ap-78,3.69789868465621686e-24
9,45,0x1.5a570c37527a7p-80,0x1.bfc57ff30d05p-497,0x1.5a570c37527a8p-80,1.11908499333411267e-24
9,46,0x1.a2ecad6b373c9p-82,0x1.bfc57ff30d05p-497,0x1.a2ecad6b373cap-82,3.38404533229974678e-25
9,47,0x1.fa55c7e6aa772p-84,0x1.bfc57ff30d05p-497,0x1.fa55c7e6aa773p-84,1.02253555388286613e-25
9,48,0x1.31c30bf8f7c3ep-85,0x1.bfc57ff30d05p-497,0x1.31c30bf8f7c3fp-85,3.08740621246915032e-26
9,49,0x1.710205930775cp-87,0x1.bfc57ff30d05p-497,0x1.710205930775dp-87,9.31506893123082124e-27
9,50,0x1.bd0240e6a742cp-89,0x1.bfc57ff30d05p-497,0x1.bd0240e6a742dp-89,2.80840037613135254e-27
9,51,0x1.0c22eb9ec685bp-90,0x1.bfc57ff30d05p-497,0x1.0c22eb9ec685cp-90,8.46089317453595052e-28
9,52,0x1.42e4ffcfa104bp-92,0x1.bfc57ff30d05p-497,0x1.42e4ffcfa104cp-92,2.54718869938394795e-28
9,53,0x1.848f0940624a8p-94,0x1.bfc57ff30d05p-497,0x1.848f0940624a9p-94,7.66296988394766358e-29
9,54,0x1.d33f5f766f692p-96,0x1.bfc57ff30d05p-497,0x1.d33f5f766f693p-96,2.30370828478942195e-29
9,55,0x1.18bd8bedce744p-97,0x1.bfc57ff30d05p-497,0x1.18bd8bedce745p-97,6.92078559407222852e-30
9,56,0x1.5120800fc28c7p-99,0x1.bfc57ff30d05p-497,0x1.5120800fc28c8p-99,2.07770526685639611e-30
9,57,0x1.949001b12210fp-101,0x1.bfc57ff30d05p-497,0x1.949001b12211p-101,6.23327266277919445e-31
9,58,0x1.e528c9d1a690bp-103,0x1.bfc57ff30d05p-497,0x1.e528c9d1a690cp-103,1.86876576101489334e-31
9,59,0x1.22b632ca30d7dp-104,0x1.bfc57ff30d05p-497,0x1.22b632ca30d7ep-104,5.59890392270439582e-32
9,60,0x1.5c29c60a87716p-106,0x1.bfc57ff30d05p-497,0x1.5c29c60a87717p-106,1.67634472567532228e-32
9,61,0x1.a0b1da2c20535p-108,0x1.bfc57ff30d05p-497,0x1.a0b1da2c20536p-108,5.01578042734600757e-33
9,62,0x1.f2643d8a50712p-110,0x1.bfc57ff30d05p-497,0x1.f2643d8a50713p-110,1.49979255811867081e-33
9,63,0x1.29dc6010a4e95p-111,0x1.bfc57ff30d05p-497,0x1.29dc6010a4e96p-111,4.48171181739115355e-34
9,64,0x1.63cd60211fa56p-113,0x1.bfc57ff30d05p-497,0x1.63cd60211fa57p-113,1.33837930436444224e-34
9,65,0x1.a8bee3cd913bbp-115,0x1.bfc57ff30d05p-497,0x1.a8bee3cd913bcp-115,3.99428902382421689e-35
9,66,0x1.fabadf002bbe3p-117,0x1.bfc57ff30d05p-497,0x1.fabadf002bbe4p-117,1.19131642301731097e-35
9,67,0x1.2e14d36096c02p-118,0x1.bfc57ff30d05p-497,0x1.2e14d36096c03p-118,3.55094920838873031e-36
9,68,0x1.67f14b416bd76p-120,0x1.bfc57ff30d05p-497,0x1.67f14b416bd77p-120,1.05777609876041512e-36
9,69,0x1.ac9fc917e7c25p-122,0x1.bfc57ff30d05p-497,0x1.ac9fc917e7c26p-122,3.14903300801254866e-37
9,70,0x1.fe19efe2de023p-124,0x1.bfc57ff30d05p-497,0x1.fe19efe2de024p-124,9.36908150058219779e-38
9,71,0x1.2f59b9d3fc1d8p-125,0x1.bfc57ff30d05p-497,0x1.2f59b9d3fc1d9p-125,2.78583429206656453e-38
9,72,0x1.6894dfd3b267ep-127,0x1.bfc57ff30d05p-497,0x1.6894dfd3b267fp-127,8.27854616536047153e-39
9,73,0x1.ac5b219f7c62p-129,0x1.bfc57ff30d05p-497,0x1.ac5b219f7c621p-129,2.45864275753073522e-39
9,74,0x1.fc91eac3b21a7p-131,0x1.bfc57ff30d05p-497,0x1.fc91eac3b21a8p-131,7.29762144098429214e-40
9,75,0x1.2db9ec6e64a06p-132,0x1.bfc57ff30d05p-497,0x1.2db9ec6e64a07p-132,2.16477977730745350e-40
9,76,0x1.65cfa8cfd61d3p-134,0x1.bfc57ff30d05p-497,0x1.65cfa8cfd61d4p-134,6.41792310398940747e-41
9,77,0x1.a813c419bd992p-136,0x1.bfc57ff30d05p-497,0x1.a813c419bd993p-136,1.90162798252526004e-41
9,78,0x1.f6542ba0ae387p-138,0x1.bfc57ff30d05p-497,0x1.f6542ba0ae388p-138,5.63130050401112584e-42
9,79,0x1.2957594bb7c09p-139,0x1.bfc57ff30d05p-497,0x1.2957594bb7c0ap-139,1.66665510304869586e-42
9,80,0x1.5fcf46a04c97ep-141,0x1.bfc57ff30d05p-497,0x1.5fcf46a04c97fp-141,4.92990352295199437e-43
9,81,0x1.a00601f286eeep-143,0x1.bfc57ff30d05p-497,0x1.a00601f286eefp-143,1.45743261432701594e-43
9,82,0x1.ebaf5c49fe095p-145,0x1.bfc57ff30d05p-497,0x1.ebaf5c49fe096p-145,4.30623398869085415e-44
9,83,0x1.2264ba399cd69p-146,0x1.bfc57ff30d05p-497,0x1.2264ba399cd6ap-146,1.27164974610232969e-44
9,84,0x1.56d48957a2135p-148,0x1.bfc57ff30d05p-497,0x1.56d48957a2136p-148,3.75318329499560472e-45
9,85,0x1.948402b483fcfp-150,0x1.bfc57ff30d05p-497,0x1.948402b483fdp-150,1.10712340224510474e-45
9,86,0x1.dd0ae8001db7ep-152,0x1.bfc57ff30d05p-497,0x1.dd0ae8001db7fp-152,3.26405794123632069e-46
9,87,0x1.1922c24c98aabp-153,0x1.bfc57ff30d05p-497,0x1.1922c24c98aacp-153,9.61804523818415324e-47
9,88,0x1.4b2ff5404a4e5p-155,0x1.bfc57ff30d05p-497,0x1.4b2ff5404a4e6p-155,2.83259463696321899e-47
9,89,0x1.85f17d9be283p-157,0x1.bfc57ff30d05p-497,0x1.85f17d9be2831p-157,8.33781401885378660e-48
9,90,0x1.cae1c21714682p-159,0x1.bfc57ff30d05p-497,0x1.cae1c21714683p-159,2.45296652487836643e-48
9,91,0x1.0ddcf04f60c8dp-160,0x1.bfc57ff30d05p-497,0x1.0ddcf04f60c8ep-160,7.21280414789893452e-49
9,92,0x1.3d3de90b6de79p-162,0x1.bfc57ff30d05p-497,0x1.3d3de90b6de7ap-162,2.11978196777682305e-49
9,93,0x1.74bf13a12f4e4p-164,0x1.bfc57ff30d05p-497,0x1.74bf13a12f4e5p-164,6.22664628598650633e-50
9,94,0x1.b5bcced3266d3p-166,0x1.bfc57ff30d05p-497,0x1.b5bcced3266d4p-166,1.82807722634674744e-50
9,95,0x1.00e63528582b2p-167,0x1.bfc57ff30d05p-497,0x1.00e63528582b3p-167,5.36430660751691976e-51
9,96,0x1.2d629d6d248fp-169,0x1.bfc57ff30d05p-497,0x1.2d629d6d248f1p-169,1.57330423011873972e-51
9,97,0x1.61658bd28c4dfp-171,0x1.bfc57ff30d05p-497,0x1.61658bd28c4ep-171,4.61204167121617263e-52
9,98,0x1.9e2d3bd88de6p-173,0x1.bfc57ff30d05p-497,0x1.9e2d3bd88de61p-173,1.35131451734005922e-52
9,99,0x1.e52b36eaa6a05p-175,0x1.bfc57ff30d05p-497,0x1.e52b36eaa6a06p-175,3.95734272770512012e-53
9,100,0x1.1c0632df4885p-176,0x1.bfc57ff30d05p-497,0x1.1c0632df48851p-176,1.15834029436920378e-53
9,101,0x1.4c612f26ef4e5p-178,0x1.bfc57ff30d05p-497,0x1.4c612f26ef4e6p-178,3.38887227636298999e-54
9,102,0x1.84c70ed88a42dp-180,0x1.bfc57ff30d05p-497,0x1.84c70ed88a42ep-180,9.90973443908070609e-55
9,103,0x1.c6863200f27bcp-182,0x1.bfc57ff30d05p-497,0x1.c6863200f27bdp-182,2.89639530889592147e-55
9,104,0x1.0990fc1069317p-183,0x1.bfc57ff30d05p-497,0x1.0990fc1069318p-183,8.46143195978170455e-56
9,105,0x1.362d78ccd5c7p-185,0x1.bfc57ff30d05p-497,0x1.362d78ccd5c71p-185,2.47070732313614086e-56
9,106,0x1.6a1c269310ad9p-187,0x1.bfc57ff30d05p-497,0x1.6a1c269310adap-187,7.21093067439036284e-57
9,107,0x1.a68957dfb24f2p-189,0x1.bfc57ff30d05p-497,0x1.a68957dfb24f3p-189,2.10356086151582766e-57
9,108,0x1.ecd055f8b01d3p-191,0x1.bfc57ff30d05p-497,0x1.ecd055f8b01d4p-191,6.13357576019402761e-58
9,109,0x1.1f41454a9ed2ap-192,0x1.bfc57ff30d05p-497,0x1.1f41454a9ed2bp-192,1.78759202683903221e-58
9,110,0x1.4eb7dd0a8a18ap-194,0x1.bfc57ff30d05p-497,0x1.4eb7dd0a8a18bp-194,5.20739143874292071e-59
9,111,0x1.85d7baddbc16ep-196,0x1.bfc57ff30d05p-497,0x1.85d7baddbc16fp-196,1.51624815473577376e-59
9,112,0x1.c5d5f9787096fp-198,0x1.bfc57ff30d05p-497,0x1.c5d5f9787097p-198,4.41285523857624726e-60
9,113,0x1.080b9eb7dd1d6p-199,0x1.bfc57ff30d05p-497,0x1.080b9eb7dd1d7p-199,1.28371757792105335e-60
9,114,0x1.331b6b3b1ae04p-201,0x1.bfc57ff30d05p-497,0x1.331b6b3b1ae05p-201,3.73268009009121653e-61
9,115,0x1.650775ae0fe3dp-203,0x1.bfc57ff30d05p-497,0x1.650775ae0fe3ep-203,1.08486220173237526e-61
9,116,0x1.9ee0eb647fdc8p-205,0x1.bfc57ff30d05p-497,0x1.9ee0eb647fdc9p-205,3.15160621980488886e-62
9,117,0x1.e1e26ff32f131p-207,0x1.bfc57ff30d05p-497,0x1.e1e26ff32f132p-207,9.15153422426852465e-63
9,118,0x1.17bb200a4d193p-208,0x1.bfc57ff30d05p-497,0x1.17bb200a4d194p-208,2.65620425890671133e-63
9,119,0x1.449e9b8aa331p-210,0x1.bfc57ff30d05p-497,0x1.449e9b8aa3311p-210,7.70611757973600555e-64
9,120,0x1.788b6b4a70bap-212,0x1.bfc57ff30d05p-497,0x1.788b6b4a70ba1p-212,2.23469050900591352e-64
9,121,0x1.b4953a607c32fp-214,0x1.bfc57ff30d05p-497,0x1.b4953a607c33p-214,6.47750423842912987e-65
9,122,0x1.f9f8dd0c84128p-216,0x1.bfc57ff30d05p-497,0x1.f9f8dd0c84129p-216,1.87675491047944490e-65
9,123,0x1.2511275744af5p-217,0x1.bfc57ff30d05p-497,0x1.2511275744af6p-217,5.43522971618963099e-66
9,124,0x1.5359c4a541e8dp-219,0x1.bfc57ff30d05p-497,0x1.5359c4a541e8ep-219,1.57340192940853627e-66
9,125,0x1.88c62a500baf7p-221,0x1.bfc57ff30d05p-497,0x1.88c62a500baf8p-221,4.55275014066988974e-67
9,126,0x1.c6699772d5612p-223,0x1.bfc57ff30d05p-497,0x1.c6699772d5613p-223,1.31680431108010579e-67
9,127,0x1.06bfdd7120e6bp-224,0x1.bfc57ff30d05p-497,0x1.06bfdd7120e6cp-224,3.80699984443142206e-68
9,128,0x1.2fb93ed653255p-226,0x1.bfc57ff30d05p-497,0x1.2fb93ed653256p-226,1.10016943469282865e-68
9,129,0x1.5ef04e332eb65p-228,0x1.bfc57ff30d05p-497,0x1.5ef04e332eb66p-228,3.17798818229038368e-69
9,130,0x1.955295aa146a7p-230,0x1.bfc57ff30d05p-497,0x1.955295aa146a8p-230,9.17617838639481843e-70
9,131,0x1.d3f0129ce1a4bp-232,0x1.bfc57ff30d05p-497,0x1.d3f0129ce1a4cp-232,2.64843400052713613e-70
9,132,0x1.0e000a30163bap-233,0x1.bfc57ff30d05p-497,0x1.0e000a30163bbp-233,7.64073362195488776e-71
9,133,0x1.37736347ada09p-235,0x1.bfc57ff30d05p-497,0x1.37736347ada0ap-235,2.20343585369638394e-71
9,134,0x1.671dbeff21ca3p-237,0x1.bfc57ff30d05p-497,0x1.671dbeff21ca4p-237,6.35164261641997299e-72
9,135,0x1.9de7f12174fa2p-239,0x1.bfc57ff30d05p-497,0x1.9de7f12174fa3p-239,1.83017583696235494e-72
9,136,0x1.dcdc089855412p-241,0x1.bfc57ff30d05p-497,0x1.dcdc089855413p-241,5.27134601243019089e-73
9,137,0x1.1294f75a5666bp-242,0x1.bfc57ff30d05p-497,0x1.1294f75a5666cp-242,1.51765476133100330e-73
9,138,0x1.3c16535b82668p-244,0x1.bfc57ff30d05p-497,0x1.3c16535b82669p-244,4.36765187004862894e-74
9,139,0x1.6bb82159b9febp-246,0x1.bfc57ff30d05p-497,0x1.6bb82159b9fecp-246,1.25645633059686563e-74
9,140,0x1.a25c52d026c93p-248,0x1.bfc57ff30d05p-497,0x1.a25c52d026c94p-248,3.61303299200404438e-75
9,141,0x1.e10496b40c6a2p-250,0x1.bfc57ff30d05p-497,0x1.e10496b40c6a3p-250,1.03853796860906116e-75
9,142,0x1.146b58d035f5ap-251,0x1.bfc57ff30d05p-497,0x1.146b58d035f5bp-251,2.98400484172158070e-76
9,143,0x1.3d90b517f4429p-253,0x1.bfc57ff30d05p-497,0x1.3d90b517f442ap-253,8.57045981509549525e-77
9,144,0x1.6cb10e5bb2392p-255,0x1.bfc57ff30d05p-497,0x1.6cb10e5bb2393p-255,2.46057683363687738e-77
9,145,0x1.a2a585ff0cd77p-257,0x1.bfc57ff30d05p-497,0x1.a2a585ff0cd78p-257,7.06152811374243077e-78
9,146,0x1.e06543a2d7d5ep-259,0x1.bfc57ff30d05p-497,0x1.e06543a2d7d5fp-259,2.02577004772255407e-78
9,147,0x1.1384c03fb93fdp-260,0x1.bfc57ff30d05p-497,0x1.1384c03fb93fep-260,5.80914236118008445e-79
9,148,0x1.3be90d3befc7fp-262,0x1.bfc57ff30d05p-497,0x1.3be90d3befc8p-262,1.66519476416084104e-79
9,149,0x1.6a156018789fp-264,0x1.bfc57ff30d05p-497,0x1.6a156018789f1p-264,4.77144487896756785e-80
9,150,0x1.9ed864cdc1a24p-266,0x1.bfc57ff30d05p-497,0x1.9ed864cdc1a25p-266,1.36668160731856275e-80
9,151,0x1.db1ce963085cfp-268,0x1.bfc57ff30d05p-497,0x1.db1ce963085dp-268,3.91307392095062355e-81
9,152,0x1.0ff6cc5e23f73p-269,0x1.bfc57ff30d05p-497,0x1.0ff6cc5e23f74p-269,1.11996051202565239e-81
9,153,0x1.373c984776fcp-271,0x1.bfc57ff30d05p-497,0x1.373c984776fc1p-271,3.20421765995320515e-82
9,154,0x1.640ba0f66004p-273,0x1.bfc57ff30d05p-497,0x1.640ba0f660041p-273,9.16382164418724919e-83
9,155,0x1.9726c6da78be7p-275,0x1.bfc57ff30d05p-497,0x1.9726c6da78be8p-275,2.61979456066547990e-83
9,156,0x1.d16b082a5114ap-277,0x1.bfc57ff30d05p-497,0x1.d16b082a5114bp-277,7.48677012081677004e-84
9,157,0x1.09e974a612f0ap-278,0x1.bfc57ff30d05p-497,0x1.09e974a612f0bp-278,2.13874532055208314e-84
9,158,0x1.2fbd25fb8c14p-280,0x1.bfc57ff30d05p-497,0x1.2fbd25fb8c141p-280,6.10747374305872112e-85
9,159,0x1.5ad16159a69a7p-282,0x1.bfc57ff30d05p-497,0x1.5ad16159a69a8p-282,1.74342292047244241e-85
9,160,0x1.8bdc38009fef8p-284,0x1.bfc57ff30d05p-497,0x1.8bdc38009fef9p-284,4.97488605684265119e-86
9,161,0x1.c3abc121676adp-286,0x1.bfc57ff30d05p-497,0x1.c3abc121676aep-286,1.41906863402602779e-86
9,162,0x1.019497e229a58p-287,0x1.bfc57ff30d05p-497,0x1.019497e229a59p-287,4.04635669551198114e-87
9,163,0x1.25ae25aaa163cp-289,0x1.bfc57ff30d05p-497,0x1.25ae25aaa163dp-289,1.15336308502128663e-87
9,164,0x1.4eb7ab65cb4f3p-291,0x1.bfc57ff30d05p-497,0x1.4eb7ab65cb4f4p-291,3.28631858208648659e-88
9,165,0x1.7d59b9e63d619p-293,0x1.bfc57ff30d05p-497,0x1.7d59b9e63d61ap-293,9.36042606217372162e-89
9,166,0x1.b252c85b832dbp-295,0x1.bfc57ff30d05p-497,0x1.b252c85b832dcp-295,2.66516752010140175e-89
9,167,0x1.ee79f9241e5aap-297,0x1.bfc57ff30d05p-497,0x1.ee79f9241e5abp-297,7.58572233728858582e-90
9,168,0x1.19611add7d06ep-298,0x1.bfc57ff30d05p-497,0x1.19611add7d06fp-298,2.15830837864128005e-90
9,169,0x1.401ed612262aep-300,0x1.bfc57ff30d05p-497,0x1.401ed612262afp-300,6.13867667443783855e-91
9,170,0x1.6c10dcb8afeb6p-302,0x1.bfc57ff30d05p-497,0x1.6c10dcb8afeb7p-302,1.74534509106550210e-91
9,171,0x1.9de5a72450522p-304,0x1.bfc57ff30d05p-497,0x1.9de5a72450523p-304,4.96059438170565955e-92
9,172,0x1.d661ededa0ef6p-306,0x1.bfc57ff30d05p-497,0x1.d661ededa0ef7p-306,1.40939443196641966e-92
9,173,0x1.0b31b655ff1e5p-307,0x1.bfc57ff30d05p-497,0x1.0b31b655ff1e6p-307,4.00293348574869701e-93
9,174,0x1.2f71fcefd278ap-309,0x1.bfc57ff30d05p-497,0x1.2f71fcefd278bp-309,1.13650602051910140e-93
9,175,0x1.587e7f0184a32p-311,0x1.bfc57ff30d05p-497,0x1.587e7f0184a33p-311,3.22562000296197815e-94
9,176,0x1.86f5aa6d640eep-313,0x1.bfc57ff30d05p-497,0x1.86f5aa6d640efp-313,9.15173231835148064e-95
9,177,0x1.bb89d2ae0bf62p-315,0x1.bfc57ff30d05p-497,0x1.bb89d2ae0bf63p-315,2.59562887970940502e-95
9,178,0x1.f7039ef28ea3p-317,0x1.bfc57ff30d05p-497,0x1.f7039ef28ea31p-317,7.35921695153419582e-96
9,179,0x1.1d2261032acffp-318,0x1.bfc57ff30d05p-497,0x1.1d2261032adp-318,2.08579136948907803e-96
9,180,0x1.43258240f3e0ap-320,0x1.bfc57ff30d05p-497,0x1.43258240f3e0bp-320,5.90963834374526250e-97
9,181,0x1.6e19d559e2d17p-322,0x1.bfc57ff30d05p-497,0x1.6e19d559e2d18p-322,1.67379490417594131e-97
9,182,0x1.9e9fa05e4aa42p-324,0x1.bfc57ff30d05p-497,0x1.9e9fa05e4aa43p-324,4.73909479236312160e-98
9,183,0x1.d56aec414d48cp-326,0x1.bfc57ff30d05p-497,0x1.d56aec414d48dp-326,1.34134618789840561e-98
9,184,0x1.09a2f19a3c4f8p-327,0x1.bfc57ff30d05p-497,0x1.09a2f19a3c4f9p-327,3.79523961364320519e-99
9,185,0x1.2c89bac89a9bfp-329,0x1.bfc57ff30d05p-497,0x1.2c89bac89a9cp-329,1.07347234953020872e-99
9,186,0x1.53e926a27a726p-331,0x1.bfc57ff30d05p-497,0x1.53e926a27a727p-331,3.03526325448975755e-100
9,187,0x1.80500c49a452ap-333,0x1.bfc57ff30d05p-497,0x1.80500c49a452bp-333,8.57938586164918943e-101
9,188,0x1.b25e9afb53e88p-335,0x1.bfc57ff30d05p-497,0x1.b25e9afb53e89p-335,2.42421348376211018e-101
9,189,0x1.eac865fc0d0bcp-337,0x1.bfc57ff30d05p-497,0x1.eac865fc0d0bdp-337,6.84763866333342209e-102
9,190,0x1.152b56406fc08p-338,0x1.bfc57ff30d05p-497,0x1.152b56406fc09p-338,1.93359984027320353e-102
9,191,0x1.38f5721eccb62p-340,0x1.bfc57ff30d05p-497,0x1.38f5721eccb63p-340,5.45818986601229164e-103
9,192,0x1.6140c6fb0d393p-342,0x1.bfc57ff30d05p-497,0x1.6140c6fb0d394p-342,1.54023653531434398e-103
9,193,0x1.8e9aae1d48137p-344,0x1.bfc57ff30d05p-497,0x1.8e9aae1d48138p-344,4.34493633978651005e-104
9,194,0x1.c1a15aaa628c2p-346,0x1.bfc57ff30d05p-497,0x1.c1a15aaa628c3p-346,1.22528493848319532e-104
9,195,0x1.fb05cd30f0d9bp-348,0x1.bfc57ff30d05p-497,0x1.fb05cd30f0d9cp-348,3.45421141392306549e-105
9,196,0x1.1dc6ffa89356dp-349,0x1.bfc57ff30d05p-497,0x1.1dc6ffa89356ep-349,9.73462744547108747e-106
9,197,0x1.420ba6cccf861p-351,0x1.bfc57ff30d05p-497,0x1.420ba6cccf862p-351,2.74251372982376205e-106
9,198,0x1.6acc932b6a42dp-353,0x1.bfc57ff30d05p-497,0x1.6acc932b6a42ep-353,7.72392042815837389e-107
9,199,0x1.98940263e8aa6p-355,0x1.bfc57ff30d05p-497,0x1.98940263e8aa7p-355,2.17463675381842185e-107
9,200,0x1.cbfc6078c3e4cp-357,0x1.bfc57ff30d05p-497,0x1.cbfc6078c3e4dp-357,6.12062894898942664e-108
9,201,0x1.02d90f494a8f1p-358,0x1.bfc57ff30d05p-497,0x1.02d90f494a8f2p-358,1.72213112213014435e-108
9,202,0x1.233adecfab579p-360,0x1.bfc57ff30d05p-497,0x1.233adecfab57ap-360,4.84392767111302926e-109
9,203,0x1.478f092a5f031p-362,0x1.bfc57ff30d05p-497,0x1.478f092a5f032p-362,1.36204290325429044e-109
9,204,0x1.704d645725214p-364,0x1.bfc57ff30d05p-497,0x1.704d645725215p-364,3.82865345423372712e-110
9,205,0x1.9dfb96cfd49fp-366,0x1.bfc57ff30d05p-497,0x1.9dfb96cfd49f1p-366,1.07588013240239860e-110
9,206,0x1.d12ea331f2f4p-368,0x1.bfc57ff30d05p-497,0x1.d12ea331f2f41p-368,3.02234959528047985e-111
9,207,0x1.05464f64bba11p-369,0x1.bfc57ff30d05p-497,0x1.05464f64bba12p-369,8.48767824123292861e-112
9,208,0x1.25674bbec272ap-371,0x1.bfc57ff30d05p-497,0x1.25674bbec272bp-371,2.38285125334503468e-112
9,209,0x1.4961570923a41p-373,0x1.bfc57ff30d05p-497,0x1.4961570923a42p-373,6.68758301630902964e-113
9,210,0x1.71a73519640d7p-375,0x1.bfc57ff30d05p-497,0x1.71a73519640d8p-375,1.87631640955915217e-113
9,211,0x1.9eb8a720d4e4p-377,0x1.bfc57ff30d05p-497,0x1.9eb8a720d4e41p-377,5.26269269269643286e-114
9,212,0x1.d123d8c4a36a3p-379,0x1.bfc57ff30d05p-497,0x1.d123d8c4a36a4p-379,1.47562291641497375e-114
9,213,0x1.04c37a030520cp-380,0x1.bfc57ff30d05p-497,0x1.04c37a030520dp-380,4.13626750378092095e-115
9,214,0x1.2448effbaa249p-382,0x1.bfc57ff30d05p-497,0x1.2448effbaa24ap-382,1.15906579094169372e-115
9,215,0x1.4784174fb8e8ep-384,0x1.bfc57ff30d05p-497,0x1.4784174fb8e8fp-384,3.24693949147681812e-116
9,216,0x1.6ee19f6e47428p-386,0x1.bfc57ff30d05p-497,0x1.6ee19f6e47429p-386,9.09300292484157339e-117
9,217,0x1.9ada4bc7a1a23p-388,0x1.bfc57ff30d05p-497,0x1.9ada4bc7a1a24p-388,2.54570386728040470e-117
9,218,0x1.cbf440ee4efdp-390,0x1.bfc57ff30d05p-497,0x1.cbf440ee4efd1p-390,7.12485835968065243e-118
9,219,0x1.01623a39948a3p-391,0x1.bfc57ff30d05p-497,0x1.01623a39948a4p-391,1.99348407856253566e-118
9,220,0x1.1ff8217dc642ep-393,0x1.bfc57ff30d05p-497,0x1.1ff8217dc642fp-393,5.57593716008085469e-119
9,221,0x1.42179833b3d35p-395,0x1.bfc57ff30d05p-497,0x1.42179833b3d36p-395,1.55916439817139829e-119
9,222,0x1.68266b1de2585p-397,0x1.bfc57ff30d05p-497,0x1.68266b1de2586p-397,4.35848205265583741e-120
9,223,0x1.9295827706a9bp-399,0x1.bfc57ff30d05p-497,0x1.9295827706a9cp-399,1.21800283483960532e-120
9,224,0x1.c1e20e8ebc819p-401,0x1.bfc57ff30d05p-497,0x1.c1e20e8ebc81ap-401,3.40276055183417644e-121
9,225,0x1.f696d321da448p-403,0x1.bfc57ff30d05p-497,0x1.f696d321da449p-403,9.50352887747949491e-122
9,226,0x1.18a6ca3b31229p-404,0x1.bfc57ff30d05p-497,0x1.18a6ca3b3122ap-404,2.65343950203930165e-122
9,227,0x1.395854c65aabdp-406,0x1.bfc57ff30d05p-497,0x1.395854c65aabep-406,7.40635670320355066e-123
9,228,0x1.5dbe5b840003ap-408,0x1.bfc57ff30d05p-497,0x1.5dbe5b840003bp-408,2.06667202049225423e-123
9,229,0x1.86414b63bcae1p-410,0x1.bfc57ff30d05p-497,0x1.86414b63bcae2p-410,5.76514654897154791e-124
9,230,0x1.b354b844c9105p-412,0x1.bfc57ff30d05p-497,0x1.b354b844c9106p-412,1.60776049214791135e-124
9,231,0x1.e578842d28bdap-414,0x1.bfc57ff30d05p-497,0x1.e578842d28bdbp-414,4.48234120990318454e-125
9,232,0x1.0e9d11ffe3c82p-415,0x1.bfc57ff30d05p-497,0x1.0e9d11ffe3c83p-415,1.24928458766137169e-125
9,233,0x1.2d9b024453c21p-417,0x1.bfc57ff30d05p-497,0x1.2d9b024453c22p-417,3.48089645418316135e-126
9,234,0x1.500c897cc544fp-419,0x1.bfc57ff30d05p-497,0x1.500c897cc545p-419,9.69604056634854493e-127
9,235,0x1.7651361d60016p-421,0x1.bfc57ff30d05p-497,0x1.7651361d60017p-421,2.70004921804570941e-127
9,236,0x1.a0d29b61ba1d7p-423,0x1.bfc57ff30d05p-497,0x1.a0d29b61ba1d8p-423,7.51663071012608953e-128
9,237,0x1.d0055581caf82p-425,0x1.bfc57ff30d05p-497,0x1.d0055581caf83p-425,2.09194065275445321e-128
9,238,0x1.023513b1ed04ap-426,0x1.bfc57ff30d05p-497,0x1.023513b1ed04bp-426,5.82036809865289276e-129
9,239,0x1.1f479a196f8f8p-428,0x1.bfc57ff30d05p-497,0x1.1f479a196f8f9p-428,1.61892534323933847e-129
9,240,0x1.3f88abbc41098p-430,0x1.bfc57ff30d05p-497,0x1.3f88abbc41099p-430,4.50172331808839406e-130
9,241,0x1.634ecf4b38f5ep-432,0x1.bfc57ff30d05p-497,0x1.634ecf4b38f5fp-432,1.25143043017836177e-130
9,242,0x1.8af9735e47c4ap-434,0x1.bfc57ff30d05p-497,0x1.8af9735e47c4bp-434,3.47785028774247161e-131
9,243,0x1.b6f1d16068598p-436,0x1.bfc57ff30d05p-497,0x1.b6f1d16068599p-436,9.66254738853976813e-132
9,244,0x1.e7abe645a25d7p-438,0x1.bfc57ff30d05p-497,0x1.e7abe645a25d8p-438,2.68379471880571633e-132
9,245,0x1.0ed3c18730f4dp-439,0x1.bfc57ff30d05p-497,0x1.0ed3c18730f4ep-439,7.45219435072831069e-133
9,246,0x1.2cb8bba4852abp-441,0x1.bfc57ff30d05p-497,0x1.2cb8bba4852acp-441,2.06869559331168529e-133
9,247,0x1.4dd26bfa14354p-443,0x1.bfc57ff30d05p-497,0x1.4dd26bfa14355p-443,5.74099089897502944e-134
9,248,0x1.727632aca6bfp-445,0x1.bfc57ff30d05p-497,0x1.727632aca6bf2p-445,1.59277816018134374e-134
9,249,0x1.9b02095963d79p-447,0x1.bfc57ff30d05p-497,0x1.9b02095963d8p-447,4.41776083515248248e-135
9,250,0x1.c7dd5956b690bp-449,0x1.bfc57ff30d05p-497,0x1.c7dd5956b6927p-449,1.22497688129606173e-135
9,251,0x1.f979e60df92ffp-451,0x1.bfc57ff30d05p-497,0x1.f979e60df936fp-451,3.39572626257609539e-136
9,252,0x1.182a669ecb49fp-452,0x1.bfc57ff30d05p-497,0x1.182a669ecb57fp-452,9.41058990465159911e-137
9,253,0x1.367bcf8daa65fp-454,0x1.bfc57ff30d05p-497,0x1.367bcf8daa9dfp-454,2.60723824810617632e-137
9,254,0x1.57fcc83ce31dep-456,0x1.bfc57ff30d05p-497,0x1.57fcc83ce3fddp-456,7.22145293719186656e-138
9,255,0x1.7d0064a15b1f6p-458,0x1.bfc57ff30d05p-497,0x1.7d0064a15e9efp-458,1.99962586895592413e-138
9,256,0x1.a5e1e8e58783cp-460,0x1.bfc57ff30d05p-497,0x1.a5e1e8e59581fp-460,5.53545722276660786e-139
9,257,0x1.d30590ddbd44bp-462,0x1.bfc57ff30d05p-497,0x1.d30590ddf53d6p-462,1.53193076200461893e-139
9,258,0x1.026cb4e10c7ap-463,0x1.bfc57ff30d05p-497,0x1.026cb4e17c6b6p-463,4.23843916313803980e-140
9,259,0x1.1deb1fe496772p-465,0x1.bfc57ff30d05p-497,0x1.1deb1fe6563cap-465,1.17234177302657163e-140
9,260,0x1.3c4050b08dee1p-467,0x1.bfc57ff30d05p-497,0x1.3c4050b78d041p-467,3.24178557288705103e-141
9,261,0x1.5db4fcf4dc92p-469,0x1.bfc57ff30d05p-497,0x1.5db4fd10d8eap-469,8.96182330745153803e-142
9,262,0x1.8298e2fc9edc3p-471,0x1.bfc57ff30d05p-497,0x1.8298e36c903c3p-471,2.47679922956555044e-142
9,263,0x1.ab4371adcb932p-473,0x1.bfc57ff30d05p-497,0x1.ab43736d91132p-473,6.84333592464033476e-143
9,264,0x1.d8147f8c40453p-475,0x1.bfc57ff30d05p-497,0x1.d814868b5645p-475,1.89028748782105183e-143
9,265,0x1.04ba88ee53afp-476,0x1.bfc57ff30d05p-497,0x1.04ba96ec7faeap-476,5.22000853873208614e-144
9,266,0x1.1fec1a4eb4b24p-478,0x1.bfc57ff30d05p-497,0x1.1fec524764b0bp-478,1.44111508059587846e-144
9,267,0x1.3dddf125f0671p-480,0x1.bfc57ff30d05p-497,0x1.3dded108b060ap-480,3.97751817788145067e-145
9,268,0x1.5ed4f9dc9b11p-482,0x1.bfc57ff30d05p-497,0x1.5ed879679af72p-482,1.09753445275348116e-145
9,269,0x1.831c7bcb4cd92p-484,0x1.bfc57ff30d05p-497,0x1.832a79f74c719p-484,3.02788418194398376e-146
9,270,0x1.ab063c5f4085ep-486,0x1.bfc57ff30d05p-497,0x1.ab3e350f3ee79p-486,8.35328107498433498e-147
9,271,0x1.d6e9800773f63p-488,0x1.bfc57ff30d05p-497,0x1.d7c962c76d7ccp-488,2.30604517461541287e-147
9,272,0x1.038ef61d9475dp-489,0x1.bfc57ff30d05p-497,0x1.054ebb9d8782ep-489,6.38622349933316238e-148
9,273,0x1.1df403abf2feep-491,0x1.bfc57ff30d05p-497,0x1.24f319abbf33p-491,1.78988483531405404e-148
9,274,0x1.3a9a8863a7a16p-493,0x1.bfc57ff30d05p-497,0x1.5696e062d871bp-493,5.23294348883996187e-149
9,275,0x1.58dc21adcc1d9p-495,0x1.bfc57ff30d05p-497,0x1.c8cd81aa8f5edp-495,1.74437920232484032e-149
9,276,0x1.760f3ab218331p-497,0x1.bfc57ff30d05p-497,0x1.9aea5d52929c1p-496,7.84575413750424202e-150
9,277,0x1.896f4fb7e8f8p-499,0x1.bfc57ff30d05p-497,0x1.1110a9f083a18p-496,5.21372801515843827e-150
9,278,0x1.79c633032c438p-501,0x1.bfc57ff30d05p-497,0x1.d761e3233fc94p-497,4.50013484259116355e-150
9,279,0x1.0c3683ada32a1p-503,0x1.bfc57ff30d05p-497,0x1.c3f65a01c391bp-497,4.31473780777492732e-150
9,280,0x0p+0,0x1.bfc57ff30d05p-497,0x1.bfc57ff30d05p-497,4.27472933686716866e-150
10,0,0x1.2925a7ca4a25fp-4,0x1.612975908bb89p-482,0x1.2925a7ca4a26p-4,7.25456766418886013e-02
10,1,0x1.a936fbaeac3cdp-6,0x1.612975908bb89p-482,0x1.a936fbaeac3cep-6,2.59530504069436716e-02
10,2,0x1.21f80dab81bdep-7,0x1.612975908bb89p-482,0x1.21f80dab81bdfp-7,8.84915034749938872e-03
10,3,0x1.7ed1e4307d009p-9,0x1.612975908bb89p-482,0x1.7ed1e4307d00ap-9,2.92068396105982665e-03
10,4,0x1.eff53f73f9c3p-11,0x1.612975908bb89p-482,0x1.eff53f73f9c31p-11,9.45964812214655543e-04
10,5,0x1.3e9b00ca392a1p-12,0x1.612975908bb89p-482,0x1.3e9b00ca392a2p-12,3.03845864108512787e-04
10,6,0x1.98b0f90403544p-14,0x1.612975908bb89p-482,0x1.98b0f90403545p-14,9.74395989603210248e-05
10,7,0x1.0686f070c2c5ep-15,0x1.612975908bb89p-482,0x1.0686f070c2c5fp-15,3.12956698334746818e-05
10,8,0x1.51feaed214e82p-17,0x1.612975908bb89p-482,0x1.51feaed214e83p-17,1.00730316356164237e-05
10,9,0x1.b3c8be17a2abbp-19,0x1.612975908bb89p-482,0x1.b3c8be17a2abcp-19,3.24684493674861994e-06
10,10,0x1.190ba0288a735p-20,0x1.612975908bb89p-482,0x1.190ba0288a736p-20,1.04697574888419864e-06
10,11,0x1.6a536e19e45aap-22,0x1.612975908bb89p-482,0x1.6a536e19e45abp-22,3.37442288883105723e-07
10,12,0x1.d29bd583d1e86p-24,0x1.612975908bb89p-482,0x1.d29bd583d1e87p-24,1.08640810178860972e-07
10,13,0x1.2c0786754bc8p-25,0x1.612975908bb89p-482,0x1.2c0786754bc81p-25,3.49280186252577775e-08
10,14,0x1.813c5f83acd48p-27,0x1.612975908bb89p-482,0x1.813c5f83acd49p-27,1.12118383530006278e-08
10,15,0x1.edd898aab200bp-29,0x1.612975908bb89p-482,0x1.edd898aab200cp-29,3.59320314244666696e-09
10,16,0x1.3c08ae5ad68afp-30,0x1.612975908bb89p-482,0x1.3c08ae5ad68bp-30,1.14972466851638122e-09
10,17,0x1.93dc4252513dp-32,0x1.612975908bb89p-482,0x1.93dc4252513d1p-32,3.67308882220253340e-10
10,18,0x1.01a961c155ca4p-33,0x1.612975908bb89p-482,0x1.01a961c155ca5p-33,1.17170951796747482e-10
10,19,0x1.484e391c1994ap-35,0x1.612975908bb89p-482,0x1.484e391c1994bp-35,3.73240208007089920e-11
10,20,0x1.a1c01c20390cep-37,0x1.612975908bb89p-482,0x1.a1c01c20390cfp-37,1.18731813122032434e-11
10,21,0x1.09708c4367033p-38,0x1.612975908bb89p-482,0x1.09708c4367034p-38,3.77212416321930934e-12
10,22,0x1.50e8e135b7b13p-40,0x1.612975908bb89p-482,0x1.50e8e135b7b14p-40,1.19694365149795506e-12
10,23,0x1.ab206eba7f514p-42,0x1.612975908bb89p-482,0x1.ab206eba7f515p-42,3.79364708165489838e-13
10,24,0x1.0e73a44ff7be8p-43,0x1.612975908bb89p-482,0x1.0e73a44ff7be9p-43,1.20104693283209795e-13
10,25,0x1.5621f85d27d3ap-45,0x1.612975908bb89p-482,0x1.5621f85d27d3bp-45,3.79843596556508776e-14
10,26,0x1.b06010182cdf2p-47,0x1.612975908bb89p-482,0x1.b06010182cdf3p-47,1.20008238230657763e-14
10,27,0x1.10f20e7b3de9p-48,0x1.612975908bb89p-482,0x1.10f20e7b3de91p-48,3.78788019657118087e-15
10,28,0x1.584876e96a66p-50,0x1.612975908bb89p-482,0x1.584876e96a661p-50,1.19447182856448509e-15
10,29,0x1.b1dfc3bd60071p-52,0x1.612975908bb89p-482,0x1.b1dfc3bd60072p-52,3.76325776531904390e-16
10,30,0x1.11269cc4bde4ap-53,0x1.612975908bb89p-482,0x1.11269cc4bde4bp-53,1.18460289146468454e-16
10,31,0x1.57a3bcce57b8dp-55,0x1.612975908bb89p-482,0x1.57a3bcce57b8ep-55,3.72574800548225647e-17
10,32,0x1.aff652a3c613fp-57,0x1.612975908bb89p-482,0x1.aff652a3c614p-57,1.17083588506552463e-17
10,33,0x1.0f464e29ba6acp-58,0x1.612975908bb89p-482,0x1.0f464e29ba6adp-58,3.67645679216859395e-18
10,34,0x1.5474e213b810dp-60,0x1.612975908bb89p-482,0x1.5474e213b810ep-60,1.15351174339112105e-18
10,35,0x1.aaf42d2a0e509p-62,0x1.612975908bb89p-482,0x1.aaf42d2a0e50ap-62,3.61643947542833139e-19
10,36,0x1.0b83203b04e7bp-63,0x1.612975908bb89p-482,0x1.0b83203b04e7cp-63,1.13295828063944214e-19
10,37,0x1.4efa5bebb658dp-65,0x1.612975908bb89p-482,0x1.4efa5bebb658ep-65,3.54671716304190585e-20
10,38,0x1.a327b2b0ea5b5p-67,0x1.612975908bb89p-482,0x1.a327b2b0ea5b6p-67,1.10949423313480241e-20
10,39,0x1.060e699f8757bp-68,0x1.612975908bb89p-482,0x1.060e699f8757cp-68,3.46828624128534931e-21
10,40,0x1.477270cf899bcp-70,0x1.612975908bb89p-482,0x1.477270cf899bdp-70,1.08343135217000060e-21
10,41,0x1.98df9f12902b7p-72,0x1.612975908bb89p-482,0x1.98df9f12902b8p-72,3.38212249560728923e-22
10,42,0x1.fe33f6e1ea958p-74,0x1.612975908bb89p-482,0x1.fe33f6e1ea959p-74,1.05507504596189968e-22
10,43,0x1.3e1c3015a43b6p-75,0x1.612975908bb89p-482,0x1.3e1c3015a43b7p-75,3.28918143229432379e-23
10,44,0x1.8c6bc1241f43p-77,0x1.612975908bb89p-482,0x1.8c6bc1241f431p-77,1.02472405000339118e-23
10,45,0x1.edb09cfdaffa4p-79,0x1.612975908bb89p-482,0x1.edb09cfdaffa5p-79,3.19039617315896433e-24
10,46,0x1.33376189fa407p-80,0x1.612975908bb89p-482,0x1.33376189fa408p-80,9.92669506849417433e-25
10,47,0x1.7e1c9a3828173p-82,0x1.612975908bb89p-482,0x1.7e1c9a3828174p-82,3.08667395895272855e-25
10,48,0x1.daf8404627f94p-84,0x1.612975908bb89p-482,0x1.daf8404627f95p-84,9.59193732473334861e-26
10,49,0x1.2703e26e50fe5p-85,0x1.612975908bb89p-482,0x1.2703e26e50fe6p-85,2.97889199445797526e-26
10,50,0x1.6e426bf87f315p-87,0x1.612975908bb89p-482,0x1.6e426bf87f316p-87,9.24568861321387274e-27
10,51,0x1.c66f9108dc1d9p-89,0x1.612975908bb89p-482,0x1.c66f9108dc1dap-89,2.86789313535249360e-27
10,52,0x1.19c0c04ed07e4p-90,0x1.612975908bb89p-482,0x1.19c0c04ed07e5p-90,8.89055499471159627e-28
10,53,0x1.5d2c0b194cb1ep-92,0x1.612975908bb89p-482,0x1.5d2c0b194cb1fp-92,2.75448174987482669e-28
10,54,0x1.b078f0d36ec21p-94,0x1.612975908bb89p-482,0x1.b078f0d36ec22p-94,8.52901471103078596e-29
10,55,0x1.0bab42987b342p-95,0x1.612975908bb89p-482,0x1.0bab42987b343p-95,2.63941997178163985e-29
10,56,0x1.4b25aa972861ap-97,0x1.612975908bb89p-482,0x1.4b25aa972861bp-97,8.16340712777597967e-30
10,57,0x1.9972f3b65117dp-99,0x1.612975908bb89p-482,0x1.9972f3b65117ep-99,2.52342447996755041e-30
10,58,0x1.f9fbff32ac54p-101,0x1.612975908bb89p-482,0x1.f9fbff32ac541p-101,7.79592348507355795e-31
10,59,0x1.3877bd972a8dap-102,0x1.612975908bb89p-482,0x1.3877bd972a8dbp-102,2.40716388284097204e-31
10,60,0x1.81b706a8d02f5p-104,0x1.612975908bb89p-482,0x1.81b706a8d02f6p-104,7.42859963275729093e-32
10,61,0x1.dbe01ab9f8fd6p-106,0x1.612975908bb89p-482,0x1.dbe01ab9f8fd7p-106,2.29125674426303339e-32
10,62,0x1.256600faa75b4p-107,0x1.612975908bb89p-482,0x1.256600faa75b5p-107,7.06331081489143474e-33
10,63,0x1.69984c9e22bcp-109,0x1.612975908bb89p-482,0x1.69984c9e22bc1p-109,2.17627025756445207e-33
10,64,0x1.bd68aea174e1p-111,0x1.612975908bb89p-482,0x1.bd68aea174e11p-111,6.70176848614810447e-34
10,65,0x1.122eb589fa87ap-112,0x1.612975908bb89p-482,0x1.122eb589fa87bp-112,2.06271955175817361e-34
10,66,0x1.5162bae7c6b6dp-114,0x1.612975908bb89p-482,0x1.5162bae7c6b6ep-114,6.34551908174484043e-35
10,67,0x1.9ef23959872b9p-116,0x1.612975908bb89p-482,0x1.9ef23959872bap-116,1.95106759761628560e-35
10,68,0x1.fe141c4a3c65bp-118,0x1.612975908bb89p-482,0x1.fe141c4a3c65cp-118,5.99594461842228801e-36
10,69,0x1.395a7770c2938p-119,0x1.612975908bb89p-482,0x1.395a7770c2939p-119,1.84172566949216523e-36
10,70,0x1.80cf307d37233p-121,0x1.612975908bb89p-482,0x1.80cf307d37234p-121,5.65426497289970241e-37
10,71,0x1.d853a34573c89p-123,0x1.612975908bb89p-482,0x1.d853a34573c8ap-123,1.73505431072643751e-37
10,72,0x1.21bb77274afap-124,0x1.612975908bb89p-482,0x1.21bb77274afa1p-124,5.32154166386861966e-38
10,73,0x1.63479fb079f83p-126,0x1.612975908bb89p-482,0x1.63479fb079f84p-126,1.63136474547154705e-38
10,74,0x1.b3725ad6a4d73p-128,0x1.612975908bb89p-482,0x1.b3725ad6a4d74p-128,4.99868295186167533e-39
10,75,0x1.0ab95808c85eep-129,0x1.612975908bb89p-482,0x1.0ab95808c85efp-129,1.53092067722724227e-39
10,76,0x1.4699102479704p-131,0x1.612975908bb89p-482,0x1.4699102479705p-131,4.68645006659147691e-40
10,77,0x1.8fb968486137p-133,0x1.612975908bb89p-482,0x1.8fb9684861371p-133,1.43394041381027595e-40
10,78,0x1.e8fee0cd49ebdp-135,0x1.612975908bb89p-482,0x1.e8fee0cd49ebep-135,4.38546437216934655e-41
10,79,0x1.2af6b0208ff42p-136,0x1.612975908bb89p-482,0x1.2af6b0208ff43p-136,1.34059925946976408e-41
10,80,0x1.6d65056356927p-138,0x1.612975908bb89p-482,0x1.6d65056356928p-138,4.09621528576808902e-42
10,81,0x1.be6217cc7aea8p-140,0x1.612975908bb89p-482,0x1.be6217cc7aea9p-140,1.25103211704985549e-42
10,82,0x1.1089b0d9d7575p-141,0x1.612975908bb89p-482,0x1.1089b0d9d7576p-141,3.81906877375304952e-43
10,83,0x1.4ca50aa5d022dp-143,0x1.612975908bb89p-482,0x1.4ca50aa5d022ep-143,1.16533624619300270e-43
10,84,0x1.95d39c89b4146p-145,0x1.612975908bb89p-482,0x1.95d39c89b4147p-145,3.55427626020049708e-44
10,85,0x1.eee3a0ff9105bp-147,0x1.612975908bb89p-482,0x1.eee3a0ff9105cp-147,1.08357412731853304e-44
10,86,0x1.2d9dacf258e4ap-148,0x1.612975908bb89p-482,0x1.2d9dacf258e4bp-148,3.30198379532516520e-45
10,87,0x1.6f7c67c64811cp-150,0x1.612975908bb89p-482,0x1.6f7c67c64811dp-150,1.00577638529342140e-45
10,88,0x1.bf8c0d0a275d3p-152,0x1.612975908bb89p-482,0x1.bf8c0d0a275d4p-152,3.06224134505118592e-46
10,89,0x1.1068624f7e323p-153,0x1.612975908bb89p-482,0x1.1068624f7e324p-153,9.31944731163516238e-47
10,90,0x1.4b7850d5708e3p-155,0x1.612975908bb89p-482,0x1.4b7850d5708e4p-155,2.83501207729122478e-47
10,91,0x1.932a915776557p-157,0x1.612975908bb89p-482,0x1.932a915776558p-157,8.62054884894494013e-48
10,92,0x1.ea29c42659948p-159,0x1.612975908bb89p-482,0x1.ea29c42659949p-159,2.62018153505149021e-48
10,93,0x1.29d758d628f76p-160,0x1.612975908bb89p-482,0x1.29d758d628f77p-160,7.96059446669491446e-49
10,94,0x1.69cec03a75204p-162,0x1.612975908bb89p-482,0x1.69cec03a75205p-162,2.41756660093529363e-49
10,95,0x1.b7546bba268f1p-164,0x1.612975908bb89p-482,0x1.b7546bba268f2p-164,7.33890688814900492e-50
10,96,0x1.0a9f06fa86526p-165,0x1.612975908bb89p-482,0x1.0a9f06fa86527p-165,2.22692417172183436e-50
10,97,0x1.437b8d87e2bap-167,0x1.612975908bb89p-482,0x1.437b8d87e2ba1p-167,6.75463244805841380e-51
10,98,0x1.884fa3f3c3ba6p-169,0x1.612975908bb89p-482,0x1.884fa3f3c3ba7p-169,2.04795947525148032e-51
10,99,0x1.db97951e929adp-171,0x1.612975908bb89p-482,0x1.db97951e929aep-171,6.20676675983181366e-52
10,100,0x1.20290c3fc59f6p-172,0x1.612975908bb89p-482,0x1.20290c3fc59f7p-172,1.88033397469958048e-52
10,101,0x1.5d0d5a2fdef1ap-174,0x1.612975908bb89p-482,0x1.5d0d5a2fdef1bp-174,5.69417900552456257e-53
10,102,0x1.a6a4b242b895fp-176,0x1.612975908bb89p-482,0x1.a6a4b242b896p-176,1.72367281735504875e-53
10,103,0x1.ff8c477f32141p-178,0x1.612975908bb89p-482,0x1.ff8c477f32142p-178,5.21563473100750957e-54
10,104,0x1.3574a118246c4p-179,0x1.612975908bb89p-482,0x1.3574a118246c5p-179,1.57757179615298584e-54
10,105,0x1.7642019b00f88p-181,0x1.612975908bb89p-482,0x1.7642019b00f89p-181,4.76981706239215654e-55
10,106,0x1.c47466556464bp-183,0x1.612975908bb89p-482,0x1.c47466556464cp-183,1.44160380239044144e-55
10,107,0x1.1163b76c8cdb1p-184,0x1.612975908bb89p-482,0x1.1163b76c8cdb2p-184,4.35534629042704802e-56
10,108,0x1.4a41d0d2f71d6p-186,0x1.612975908bb89p-482,0x1.4a41d0d2f71d7p-186,1.31532475724758950e-56
10,109,0x1.8ecd377c34c2fp-188,0x1.612975908bb89p-482,0x1.8ecd377c34c3p-188,3.97079779707931599e-57
10,110,0x1.e163d95bf750dp-190,0x1.612975908bb89p-482,0x1.e163d95bf750ep-190,1.19827901793392679e-57
10,111,0x1.226e71840f734p-191,0x1.612975908bb89p-482,0x1.226e71840f735p-191,3.61471832286479446e-58
10,112,0x1.5e50595753d43p-193,0x1.612975908bb89p-482,0x1.5e50595753d44p-193,1.09000426148628958e-58
10,113,0x1.a662bb402094bp-195,0x1.612975908bb89p-482,0x1.a662bb402094cp-195,3.28564059473908616e-59
10,114,0x1.fd18ae53f7834p-197,0x1.612975908bb89p-482,0x1.fd18ae53f7835p-197,9.90035855483291539e-60
10,115,0x1.32b0d9a7d2165p-198,0x1.612975908bb89p-482,0x1.32b0d9a7d2166p-198,2.98209635259248027e-60
10,116,0x1.7161096633adep-200,0x1.612975908bb89p-482,0x1.7161096633adfp-200,8.97910730243463677e-61
10,117,0x1.bcb7f8d6b5c56p-202,0x1.612975908bb89p-482,0x1.bcb7f8d6b5c57p-202,2.70262782773073389e-61
10,118,0x1.0b9d808120c3bp-203,0x1.612975908bb89p-482,0x1.0b9d808120c3cp-203,8.13170771484495857e-62
10,119,0x1.41f73883f2d1bp-205,0x1.612975908bb89p-482,0x1.41f73883f2d1cp-205,2.44579773931980782e-62
10,120,0x1.83371b998f63ep-207,0x1.612975908bb89p-482,0x1.83371b998f63fp-207,7.35365755991445876e-63
10,121,0x1.d185a25aaf32dp-209,0x1.612975908bb89p-482,0x1.d185a25aaf32ep-209,2.21019788480221378e-63
10,122,0x1.17bba44d79054p-210,0x1.612975908bb89p-482,0x1.17bba44d79055p-210,6.64055855629671894e-64
10,123,0x1.5010b39055c95p-212,0x1.612975908bb89p-482,0x1.5010b39055c96p-212,1.99445640794691124e-64
10,124,0x1.939983580bca2p-214,0x1.612975908bb89p-482,0x1.939983580bca3p-214,5.98813737107406310e-65
10,125,0x1.e48935ec17a87p-216,0x1.612975908bb89p-482,0x1.e48935ec17a88p-216,1.79724383367719320e-65
10,126,0x1.22c00f9fd2161p-217,0x1.612975908bb89p-482,0x1.22c00f9fd2162p-217,5.39226286308188037e-66
10,127,0x1.5cd05690cac1cp-219,0x1.612975908bb89p-482,0x1.5cd05690cac1dp-219,1.61727796234454655e-66
10,128,0x1.a25421a26ab6ap-221,0x1.612975908bb89p-482,0x1.a25421a26ab6bp-221,4.84895986842945117e-67
10,129,0x1.f58664000f872p-223,0x1.612975908bb89p-482,0x1.f58664000f873p-223,1.45332771789197902e-67
10,130,0x1.2c87f05ccd117p-224,0x1.612975908bb89p-482,0x1.2c87f05ccd118p-224,4.35441982782373398e-68
10,131,0x1.680e02f8d0b03p-226,0x1.612975908bb89p-482,0x1.680e02f8d0b04p-226,1.30421604459410129e-68
10,132,0x1.af38d8af1e916p-228,0x1.612975908bb89p-482,0x1.af38d8af1e917p-228,3.90500855389387738e-69
10,133,0x1.022425e2471f8p-229,0x1.612975908bb89p-482,0x1.022425e2471f9p-229,1.16882194597768821e-69
10,134,0x1.34f50a48a65f1p-231,0x1.612975908bb89p-482,0x1.34f50a48a65f2p-231,3.49727143143443442e-70
10,135,0x1.71a73e7048de6p-233,0x1.612975908bb89p-482,0x1.71a73e7048de7p-233,1.04608175731942545e-70
10,136,0x1.ba2076a875146p-235,0x1.612975908bb89p-482,0x1.ba2076a875147p-235,3.12793633495243579e-71
10,137,0x1.085142771394ap-236,0x1.612975908bb89p-482,0x1.085142771394bp-236,9.34989739974831971e-72
10,138,0x1.3bee4ce302d9cp-238,0x1.612975908bb89p-482,0x1.3bee4ce302d9dp-238,2.79391453670568973e-72
10,139,0x1.797fdb0709072p-240,0x1.612975908bb89p-482,0x1.797fdb0709073p-240,8.34598081895180225e-73
10,140,0x1.c2eb717fa8a84p-242,0x1.612975908bb89p-482,0x1.c2eb717fa8a85p-242,2.49229986509665032e-73
10,141,0x1.0d38f8204a84p-243,0x1.612975908bb89p-482,0x1.0d38f8204a841p-243,7.44016384200791902e-74
10,142,0x1.41604669206a5p-245,0x1.612975908bb89p-482,0x1.41604669206a6p-245,2.22036635834496973e-74
10,143,0x1.7f82751cdb4aep-247,0x1.612975908bb89p-482,0x1.7f82751cdb4afp-247,6.62410708752831097e-75
10,144,0x1.c9826f8e2a256p-249,0x1.612975908bb89p-482,0x1.c9826f8e2a257p-249,1.97556464225112764e-75
10,145,0x1.10cea5241d614p-250,0x1.612975908bb89p-482,0x1.10cea5241d615p-250,5.89002256435852064e-76
10,146,0x1.453d719f7c0dfp-252,0x1.612975908bb89p-482,0x1.453d719f7c0ep-252,1.75551724399651149e-76
10,147,0x1.83a0c4906dd6fp-254,0x1.612975908bb89p-482,0x1.83a0c4906dd7p-254,5.23065740452990060e-77
10,148,0x1.cdd69a99954dfp-256,0x1.612975908bb89p-482,0x1.cdd69a99954ep-256,1.55801303665584050e-77
10,149,0x1.130abef8f7864p-257,0x1.612975908bb89p-482,0x1.130abef8f7865p-257,4.63927513449690016e-78
10,150,0x1.477e5d559902bp-259,0x1.612975908bb89p-482,0x1.477e5d559902cp-259,1.38100099174492728e-78
10,151,0x1.85d3c05892b26p-261,0x1.612975908bb89p-482,0x1.85d3c05892b27p-261,4.10963501812933587e-79
10,152,0x1.cfe1bca988345p-263,0x1.612975908bb89p-482,0x1.cfe1bca988346p-263,1.22258339995136081e-79
10,153,0x1.13eadb6fa3d59p-264,0x1.612975908bb89p-482,0x1.13eadb6fa3d5ap-264,3.63596995117958786e-80
10,154,0x1.4821ade10939p-266,0x1.612975908bb89p-482,0x1.4821ade109391p-266,1.08100870342843097e-80
10,155,0x1.861b952f99995p-268,0x1.612975908bb89p-482,0x1.861b952f99996p-268,3.21296333478467002e-81
10,156,0x1.cfa627e5f631p-270,0x1.612975908bb89p-482,0x1.cfa627e5f6311p-270,9.54664066851561431e-82
10,157,0x1.13719ab50f056p-271,0x1.612975908bb89p-482,0x1.13719ab50f057p-271,2.83572530550871098e-82
10,158,0x1.472bfa0365a8ep-273,0x1.612975908bb89p-482,0x1.472bfa0365a8fp-273,8.42067798993028983e-83
10,159,0x1.847f7161d178fp-275,0x1.612975908bb89p-482,0x1.847f7161d179p-275,2.49976865189364333e-83
10,160,0x1.cd2e6c57ab8a3p-277,0x1.612975908bb89p-482,0x1.cd2e6c57ab8a4p-277,7.41861721972317165e-84
10,161,0x1.11a6741772465p-278,0x1.612975908bb89p-482,0x1.11a6741772466p-278,2.20098470276632115e-84
10,162,0x1.44a785c68db12p-280,0x1.612975908bb89p-482,0x1.44a785c68db13p-280,6.52803571671734772e-85
10,163,0x1.810d2911e03dfp-282,0x1.612975908bb89p-482,0x1.810d2911e03ep-282,1.93561943086329362e-85
10,164,0x1.c88cdfd5738bap-284,0x1.612975908bb89p-482,0x1.c88cdfd5738bbp-284,5.73759500119735102e-86
10,165,0x1.0e95684d5d4f8p-285,0x1.612975908bb89p-482,0x1.0e95684d5d4f9p-285,1.70024997681028475e-86
10,166,0x1.40a3deca64c32p-287,0x1.612975908bb89p-482,0x1.40a3deca64c33p-287,5.03696738971480349e-87
10,167,0x1.7bd8b755ba6c7p-289,0x1.612975908bb89p-482,0x1.7bd8b755ba6c8p-289,1.49176176319362847e-87
10,168,0x1.c1dafd9bbcab3p-291,0x1.612975908bb89p-482,0x1.c1dafd9bbcab4p-291,4.41676472563598305e-88
10,169,0x1.0a4e9ca9fb1dfp-292,0x1.612975908bb89p-482,0x1.0a4e9ca9fb1ep-292,1.30732633638581476e-88
10,170,0x1.3b355e40cf486p-294,0x1.612975908bb89p-482,0x1.3b355e40cf487p-294,3.86846959382533993e-89
10,171,0x1.74fba1668441fp-296,0x1.612975908bb89p-482,0x1.74fba1668442p-296,1.14438004488715836e-89
10,172,0x1.b938a3fb20833p-298,0x1.612975908bb89p-482,0x1.b938a3fb20834p-298,3.38436932138238085e-90
10,173,0x1.04e5e32d10294p-299,0x1.612975908bb89p-482,0x1.04e5e32d10295p-299,1.00060363712929356e-90
10,174,0x1.34749563c59b1p-301,0x1.612975908bb89p-482,0x1.34749563c59b2p-301,2.95749298944985539e-91
10,175,0x1.6c9441b861d28p-303,0x1.612975908bb89p-482,0x1.6c9441b861d29p-303,8.73902838829343051e-92
10,176,0x1.aecb372fc6974p-305,0x1.612975908bb89p-482,0x1.aecb372fc6975p-305,2.58155161333183134e-92
10,177,0x1.fce46769494fap-307,0x1.612975908bb89p-482,0x1.fce46769494fbp-307,7.62389949935517382e-93
10,178,0x1.2c7da98c41679p-308,0x1.612975908bb89p-482,0x1.2c7da98c4167ap-308,2.25088158901246401e-93
10,179,0x1.62c5012bdd414p-310,0x1.612975908bb89p-482,0x1.62c5012bdd415p-310,6.64366483798153416e-94
10,180,0x1.a2bcb0cf6c49p-312,0x1.612975908bb89p-482,0x1.a2bcb0cf6c491p-312,1.96039145307693407e-94
10,181,0x1.ee1a35842e582p-314,0x1.612975908bb89p-482,0x1.ee1a35842e583p-314,5.78306856250881215e-95
10,182,0x1.236fa538235c7p-315,0x1.612975908bb89p-482,0x1.236fa538235c8p-315,1.70551195943143195e-95
10,183,0x1.57b384aa670d6p-317,0x1.612975908bb89p-482,0x1.57b384aa670d7p-317,5.02843119607752243e-96
10,184,0x1.953aa3504566p-319,0x1.612975908bb89p-482,0x1.953aa35045661p-319,1.48214943947899893e-96
10,185,0x1.dda4448c83834p-321,0x1.612975908bb89p-482,0x1.dda4448c83835p-321,4.36750725978441828e-97
10,186,0x1.196bc34397359p-322,0x1.612975908bb89p-482,0x1.196bc3439735ap-322,1.28664238193590354e-97
10,187,0x1.4b87d5663cec2p-324,0x1.612975908bb89p-482,0x1.4b87d5663cec3p-324,3.78935295585304362e-98
10,188,0x1.867538fcecba1p-326,0x1.612975908bb89p-482,0x1.867538fcecba2p-326,1.11572114365286988e-98
10,189,0x1.cbbc71878d5b8p-328,0x1.612975908bb89p-482,0x1.cbbc71878d5b9p-328,3.28420358741903047e-99
10,190,0x1.0e94b96456b97p-329,0x1.612975908bb89p-482,0x1.0e94b96456b98p-329,9.66470683060196213e-100
10,191,0x1.3e6b89a9668aap-331,0x1.612975908bb89p-482,0x1.3e6b89a9668abp-331,2.84336034642543493e-100
10,192,0x1.769e354081481p-333,0x1.612975908bb89p-482,0x1.769e354081482p-333,8.36296192610682177e-101
10,193,0x1.b89e35a03d872p-335,0x1.612975908bb89p-482,0x1.b89e35a03d873p-335,2.45908605939206526e-101
10,194,0x1.030e069845ad5p-336,0x1.612975908bb89p-482,0x1.030e069845ad6p-336,7.22891495318828152e-102
10,195,0x1.3088f3a6b1d77p-338,0x1.612975908bb89p-482,0x1.3088f3a6b1d78p-338,2.12450945083344102e-102
10,196,0x1.65e7fe9aceda9p-340,0x1.612975908bb89p-482,0x1.65e7fe9acedaap-340,6.24210062677881271e-103
10,197,0x1.a485853259b2ap-342,0x1.612975908bb89p-482,0x1.a485853259b2bp-342,1.83353746428370385e-103
10,198,0x1.edf693781267bp-344,0x1.612975908bb89p-482,0x1.edf693781267cp-344,5.38438506409996047e-104
10,199,0x1.220a5b2300796p-345,0x1.612975908bb89p-482,0x1.220a5b2300797p-345,1.58077516983191674e-104
10,200,0x1.5484b6c927723p-347,0x1.612975908bb89p-482,0x1.5484b6c927724p-347,4.63972394232198784e-105
10,201,0x1.8fadc138246dfp-349,0x1.612975908bb89p-482,0x1.8fadc138246ep-349,1.36145278343840203e-105
10,202,0x1.d4ff47d1cd342p-351,0x1.612975908bb89p-482,0x1.d4ff47d1cd343p-351,3.99394239703540258e-106
10,203,0x1.13194615c5205p-352,0x1.612975908bb89p-482,0x1.13194615c5206p-352,1.17135932590974551e-106
10,204,0x1.42a565d022bfep-354,0x1.612975908bb89p-482,0x1.42a565d022bffp-354,3.43453517896702476e-107
10,205,0x1.7a50c0626f473p-356,0x1.612975908bb89p-482,0x1.7a50c0626f474p-356,1.00678245715434488e-107
10,206,0x1.bb7a532623644p-358,0x1.612975908bb89p-482,0x1.bb7a532623645p-358,2.95048561782491634e-108
10,207,0x1.03ddd396698a9p-359,0x1.612975908bb89p-482,0x1.03ddd396698aap-359,8.64454033262211864e-109
10,208,0x1.30793b9fae9edp-361,0x1.612975908bb89p-482,0x1.30793b9fae9eep-361,2.53210198540400188e-109
10,209,0x1.64a5f3fec8c5p-363,0x1.612975908bb89p-482,0x1.64a5f3fec8c51p-363,7.41500949175964844e-110
10,210,0x1.a1a8c9646db37p-365,0x1.612975908bb89p-482,0x1.a1a8c9646db38p-365,2.17086990252697339e-110
10,211,0x1.e8fc5734d4fabp-367,0x1.612975908bb89p-482,0x1.e8fc5734d4facp-367,6.35400847489620227e-111
10,212,0x1.1e2ceb1032be8p-368,0x1.612975908bb89p-482,0x1.1e2ceb1032be9p-368,1.85931949380331404e-111
10,213,0x1.4ee1aba4e5215p-370,0x1.612975908bb89p-482,0x1.4ee1aba4e5216p-370,5.43942293556954859e-112
10,214,0x1.87c7d319495d7p-372,0x1.612975908bb89p-482,0x1.87c7d319495d8p-372,1.59090605857542457e-112
10,215,0x1.ca3c0a6b40fcbp-374,0x1.612975908bb89p-482,0x1.ca3c0a6b40fccp-374,4.65189038037002158e-113
10,216,0x1.0bea1ffeb79dcp-375,0x1.612975908bb89p-482,0x1.0bea1ffeb79ddp-375,1.35990309411863421e-113
10,217,0x1.3934797eae7dp-377,0x1.612975908bb89p-482,0x1.3934797eae7d1p-377,3.97448009757620186e-114
10,218,0x1.6e0ffe210925ep-379,0x1.612975908bb89p-482,0x1.6e0ffe210925fp-379,1.16130657670992541e-114
10,219,0x1.abbc8885ce9efp-381,0x1.612975908bb89p-482,0x1.abbc8885ce9fp-381,3.39240703917807775e-115
10,220,0x1.f3ae22bf3cd69p-383,0x1.612975908bb89p-482,0x1.f3ae22bf3cd6ap-383,9.90749476385489669e-116
10,221,0x1.23cab7e770bcbp-384,0x1.612975908bb89p-482,0x1.23cab7e770bccp-384,2.89277652829599124e-116
10,222,0x1.54b4b6075d159p-386,0x1.612975908bb89p-482,0x1.54b4b6075d15ap-386,8.44425551047739047e-117
10,223,0x1.8db95d3b1183bp-388,0x1.612975908bb89p-482,0x1.8db95d3b1183cp-388,2.46435688327912588e-117
10,224,0x1.d02c5e858e4bdp-390,0x1.612975908bb89p-482,0x1.d02c5e858e4bep-390,7.19021534245336582e-118
10,225,0x1.0ecc301e8b42ap-391,0x1.612975908bb89p-482,0x1.0ecc301e8b42bp-391,2.09737726422558437e-118
10,226,0x1.3be3e37ce6641p-393,0x1.612975908bb89p-482,0x1.3be3e37ce6642p-393,6.11656897770417096e-119
10,227,0x1.706770d14d4afp-395,0x1.612975908bb89p-482,0x1.706770d14d4bp-395,1.78334825541108452e-119
10,228,0x1.ad8bd7fd9360dp-397,0x1.612975908bb89p-482,0x1.ad8bd7fd9360ep-397,5.19830434678648797e-120
10,229,0x1.f4b7c1cebd069p-399,0x1.612975908bb89p-482,0x1.f4b7c1cebd06ap-399,1.51490289675527734e-120
10,230,0x1.23c5b1477a6c8p-400,0x1.612975908bb89p-482,0x1.23c5b1477a6c9p-400,4.41372970052822435e-121
10,231,0x1.53f4cc9a74b3p-402,0x1.612975908bb89p-482,0x1.53f4cc9a74b31p-402,1.28565606790218137e-121
10,232,0x1.8c013e1eb88fcp-404,0x1.612975908bb89p-482,0x1.8c013e1eb88fdp-404,3.74405565510146124e-122
10,233,0x1.cd2fc65eb0dbfp-406,0x1.612975908bb89p-482,0x1.cd2fc65eb0dcp-406,1.09008030902397064e-122
10,234,0x1.0c7c743732c38p-407,0x1.612975908bb89p-482,0x1.0c7c743732c39p-407,3.17302638913823113e-123
10,235,0x1.388888375ef57p-409,0x1.612975908bb89p-482,0x1.388888375ef58p-409,9.23396332590718122e-124
10,236,0x1.6bb8ff4fa21f1p-411,0x1.612975908bb89p-482,0x1.6bb8ff4fa21f2p-411,2.68659472872069495e-124
10,237,0x1.a732d46d99663p-413,0x1.612975908bb89p-482,0x1.a732d46d99664p-413,7.81476639839744474e-125
10,238,0x1.ec4965f795297p-415,0x1.612975908bb89p-482,0x1.ec4965f795298p-415,2.27263634352636107e-125
10,239,0x1.1e42dbb9e749fp-416,0x1.612975908bb89p-482,0x1.1e42dbb9e74ap-416,6.60760804476650096e-126
10,240,0x1.4cd7691de7e68p-418,0x1.612975908bb89p-482,0x1.4cd7691de7e69p-418,1.92069873111038823e-126
10,241,0x1.82e9b8856608p-420,0x1.612975908bb89p-482,0x1.82e9b88566081p-420,5.58181124334822654e-127
10,242,0x1.c1aa9467df6e8p-422,0x1.612975908bb89p-482,0x1.c1aa9467df6e9p-422,1.62178108681880348e-127
10,243,0x1.053d5230707c3p-423,0x1.612975908bb89p-482,0x1.053d5230707c4p-423,4.71097469546859404e-128
10,244,0x1.2f78ed1ac182cp-425,0x1.612975908bb89p-482,0x1.2f78ed1ac182dp-425,1.36814154500294635e-128
10,245,0x1.60740117e35a5p-427,0x1.612975908bb89p-482,0x1.60740117e35a6p-427,3.97240273550675682e-129
10,246,0x1.993f51742474fp-429,0x1.612975908bb89p-482,0x1.993f51742475p-429,1.15312863419570302e-129
10,247,0x1.db162f96f367fp-431,0x1.612975908bb89p-482,0x1.db162f96f3682p-431,3.34660721372386659e-130
10,248,0x1.13b28512c2a0cp-432,0x1.612975908bb89p-482,0x1.13b28512c2a12p-432,9.71034116074483967e-131
10,249,0x1.3fe87de569299p-434,0x1.612975908bb89p-482,0x1.3fe87de5692bp-434,2.81687288542408871e-131
10,250,0x1.7320400ab5c92p-436,0x1.612975908bb89p-482,0x1.7320400ab5cebp-436,8.16964676857121406e-132
10,251,0x1.ae72bd485a4a7p-438,0x1.612975908bb89p-482,0x1.ae72bd485a609p-438,2.36887874206683351e-132
10,252,0x1.f324616521ac8p-440,0x1.612975908bb89p-482,0x1.f32461652204dp-440,6.86730211869568223e-133
10,253,0x1.2155dbdd1fc6ep-441,0x1.612975908bb89p-482,0x1.2155dbdd20778p-441,1.99036854004573591e-133
10,254,0x1.4f5c88dc1ef96p-443,0x1.612975908bb89p-482,0x1.4f5c88dc21bbcp-443,5.76746691023503247e-134
10,255,0x1.849faa58be30bp-445,0x1.612975908bb89p-482,0x1.849faa58c93ap-445,1.67086452626072424e-134
10,256,0x1.c23f0d705f812p-447,0x1.612975908bb89p-482,0x1.c23f0d708ba65p-447,4.83951816540821740e-135
10,257,0x1.04c356863687dp-448,0x1.612975908bb89p-482,0x1.04c356868ed23p-448,1.40141903168820474e-135
10,258,0x1.2dfab27c4a05ep-450,0x1.612975908bb89p-482,0x1.2dfab27dab2f6p-450,4.05731886153663717e-136
10,259,0x1.5da252eee1728p-452,0x1.612975908bb89p-482,0x1.5da252f466186p-452,1.17439921046112278e-136
10,260,0x1.94b8a810bd2d3p-454,0x1.612975908bb89p-482,0x1.94b8a826cfc49p-454,3.39858457196022013e-137
10,261,0x1.d462f09a5604p-456,0x1.612975908bb89p-482,0x1.d462f0f2a0617p-456,9.83300751261742718e-138
10,262,0x1.0ef9894cb30a4p-457,0x1.612975908bb89p-482,0x1.0ef989fd47c51p-457,2.84433574696123330e-138
10,263,0x1.3977297962199p-459,0x1.612975908bb89p-482,0x1.39772c3bb504cp-459,8.22586921324566057e-139
10,264,0x1.6a8a86154bd47p-461,0x1.612975908bb89p-482,0x1.6a8a911e9781p-461,2.37842517748329115e-139
10,265,0x1.a335c4ac37a21p-463,0x1.612975908bb89p-482,0x1.a335f0d166543p-463,6.87550191602223461e-140
10,266,0x1.e4a217009f129p-465,0x1.612975908bb89p-482,0x1.e4a2c79559daep-465,1.98713601725076406e-140
10,267,0x1.1812c4f803f33p-466,0x1.612975908bb89p-482,0x1.181426217983cp-466,5.74198624525870160e-141
10,268,0x1.43a4ce4a088a3p-468,0x1.612975908bb89p-482,0x1.43aa52efdecc6p-468,1.65889249720808006e-141
10,269,0x1.75e944e61edc1p-470,0x1.612975908bb89p-482,0x1.75ff577d77e4dp-470,4.79215315026300765e-142
10,270,0x1.afe3533c045f8p-472,0x1.612975908bb89p-482,0x1.b03b9d9968827p-472,1.38458580682282898e-142
10,271,0x1.f2b9a51842c24p-474,0x1.612975908bb89p-482,0x1.f41ace8dd34ep-474,4.00500477699731757e-143
10,272,0x1.1fd97e290693p-475,0x1.612975908bb89p-482,0x1.229bd11427aa8p-475,1.16364536714858966e-143
10,273,0x1.4c0e5dc10a131p-477,0x1.612975908bb89p-482,0x1.5717a96d8e70ep-477,3.43449776108542665e-144
10,274,0x1.7e7293de9458ap-479,0x1.612975908bb89p-482,0x1.aa97c290a5cfcp-479,1.06759282323316258e-144
10,275,0x1.b69d76f5e1d31p-481,0x1.612975908bb89p-482,0x1.339918df13d7bp-480,3.84898017188377500e-145
10,276,0x1.f111a010cea0dp-483,0x1.612975908bb89p-482,0x1.2cd922cc79848p-481,1.88225959338316964e-145
10,277,0x1.105e618cf29fdp-484,0x1.612975908bb89p-482,0x1.a5410df3c8609p-482,1.31779023549395771e-145
10,278,0x1.0f371fedda78fp-486,0x1.612975908bb89p-482,0x1.721ce78f69602p-482,1.15780749542669792e-145
10,279,0x1.8cbcc975a2348p-489,0x1.612975908bb89p-482,0x1.6442ef2376fdp-482,1.11447663978625991e-145
10,280,0x0p+0,0x1.612975908bb89p-482,0x1.612975908bb89p-482,1.10478057850787545e-145
11,0,0x1.2b6353e52791cp-4,0x1.72ad1fd0839a5p-470,0x1.2b6353e52791dp-4,7.30927731660568486e-02
11,1,0x1.adf4a4ec75631p-6,0x1.72ad1fd0839a5p-470,0x1.adf4a4ec75632p-6,2.62424097616841893e-02
11,2,0x1.26aa53cd61258p-7,0x1.72ad1fd0839a5p-470,0x1.26aa53cd61259p-7,8.99247257144357611e-03
11,3,0x1.87a2342e4b388p-9,0x1.72ad1fd0839a5p-470,0x1.87a2342e4b389p-9,2.98792731259428903e-03
11,4,0x1.ffc4e69201695p-11,0x1.72ad1fd0839a5p-470,0x1.ffc4e69201696p-11,9.76122175644094813e-04
11,5,0x1.4c4282919f434p-12,0x1.72ad1fd0839a5p-470,0x1.4c4282919f435p-12,3.16867642233212386e-04
11,6,0x1.af86dd8821a73p-14,0x1.72ad1fd0839a5p-470,0x1.af86dd8821a74p-14,1.02884010745632655e-04
11,7,0x1.1919bea664dc9p-15,0x1.72ad1fd0839a5p-470,0x1.1919bea664dcap-15,3.35097986862393176e-05
11,8,0x1.6f7db247ab2bap-17,0x1.72ad1fd0839a5p-470,0x1.6f7db247ab2bbp-17,1.09520853038500750e-05
11,9,0x1.e1a6de1d2468ep-19,0x1.72ad1fd0839a5p-470,0x1.e1a6de1d2468fp-19,3.58858575439590154e-06
11,10,0x1.3c0e0dc84430ep-20,0x1.72ad1fd0839a5p-470,0x1.3c0e0dc84430fp-20,1.17739624455967457e-06
11,11,0x1.9ee74ab9d3178p-22,0x1.72ad1fd0839a5p-470,0x1.9ee74ab9d3179p-22,3.86408980913831484e-07
11,12,0x1.1037d8eba1179p-23,0x1.72ad1fd0839a5p-470,0x1.1037d8eba117ap-23,1.26761455877235273e-07
11,13,0x1.64e59299b9e2fp-25,0x1.72ad1fd0839a5p-470,0x1.64e59299b9e3p-25,4.15482521285295836e-08
11,14,0x1.d365d9a479e89p-27,0x1.72ad1fd0839a5p-470,0x1.d365d9a479e8ap-27,1.36030678465837958e-08
11,15,0x1.31ad895eec9b9p-28,0x1.72ad1fd0839a5p-470,0x1.31ad895eec9bap-28,4.44819855855934647e-09
11,16,0x1.8f4f640b7408ep-30,0x1.72ad1fd0839a5p-470,0x1.8f4f640b7408fp-30,1.45268175515074773e-09
11,17,0x1.0478ca7d47e21p-31,0x1.72ad1fd0839a5p-470,0x1.0478ca7d47e22p-31,4.73795516414080080e-10
11,18,0x1.53609bdc73d01p-33,0x1.72ad1fd0839a5p-470,0x1.53609bdc73d02p-33,1.54330963711022992e-10
11,19,0x1.b9a233fc114eep-35,0x1.72ad1fd0839a5p-470,0x1.b9a233fc114efp-35,5.02079280662022240e-11
11,20,0x1.1f0126a984624p-36,0x1.72ad1fd0839a5p-470,0x1.1f0126a984625p-36,1.63143167917492293e-11
11,21,0x1.749a26958a2f3p-38,0x1.72ad1fd0839a5p-470,0x1.749a26958a2f4p-38,5.29499503794639351e-12
11,22,0x1.e332d0fb2c7bp-40,0x1.72ad1fd0839a5p-470,0x1.e332d0fb2c7b1p-40,1.71666592514173755e-12
11,23,0x1.38fbf75009256p-41,0x1.72ad1fd0839a5p-470,0x1.38fbf75009257p-41,5.55971699685286227e-13
11,24,0x1.950f0b2cf7001p-43,0x1.72ad1fd0839a5p-470,0x1.950f0b2cf7002p-43,1.79882226570523925e-13
11,25,0x1.05dcb72eb4d73p-44,0x1.72ad1fd0839a5p-470,0x1.05dcb72eb4d74p-44,5.81450821140621925e-14
11,26,0x1.524583cf1957cp-46,0x1.72ad1fd0839a5p-470,0x1.524583cf1957dp-46,1.87778427526946339e-14
11,27,0x1.b49979544f355p-48,0x1.72ad1fd0839a5p-470,0x1.b49979544f356p-48,6.05903532331237961e-15
11,28,0x1.198580516b9bap-49,0x1.72ad1fd0839a5p-470,0x1.198580516b9bbp-49,1.95344774542326671e-15
11,29,0x1.6ac39bd027aa2p-51,0x1.72ad1fd0839a5p-470,0x1.6ac39bd027aa3p-51,6.29295394039875550e-16
11,30,0x1.d317fbc5a5f35p-53,0x1.72ad1fd0839a5p-470,0x1.d317fbc5a5f36p-53,2.02569595423623316e-16
11,31,0x1.2c7dc61d63986p-54,0x1.72ad1fd0839a5p-470,0x1.2c7dc61d63987p-54,6.51586649744266964e-17
11,32,0x1.8258f962b00cap-56,0x1.72ad1fd0839a5p-470,0x1.8258f962b00cbp-56,2.09439429406594920e-17
11,33,0x1.f063860f371f1p-58,0x1.72ad1fd0839a5p-470,0x1.f063860f371f2p-58,6.72732220861262055e-18
11,34,0x1.3eab96776b658p-59,0x1.72ad1fd0839a5p-470,0x1.3eab96776b659p-59,2.15939370799647500e-18
11,35,0x1.98e35d06d9b77p-61,0x1.72ad1fd0839a5p-470,0x1.98e35d06d9b78p-61,6.92683449637279918e-19
11,36,0x1.06279f3283e83p-62,0x1.72ad1fd0839a5p-470,0x1.06279f3283e84p-62,2.22053729933388283e-19
11,37,0x1.4ff1d0183608cp-64,0x1.72ad1fd0839a5p-470,0x1.4ff1d0183608dp-64,7.11390322500073228e-20
11,38,0x1.ae3d3bdd62115p-66,0x1.72ad1fd0839a5p-470,0x1.ae3d3bdd62116p-66,2.27766733201830252e-20
11,39,0x1.13558ebdce417p-67,0x1.72ad1fd0839a5p-470,0x1.13558ebdce418p-67,7.28803583727884470e-21
11,40,0x1.6031efbaa80e3p-69,0x1.72ad1fd0839a5p-470,0x1.6031efbaa80e4p-69,2.33063143171810522e-21
11,41,0x1.c2400ee2f26fdp-71,0x1.72ad1fd0839a5p-470,0x1.c2400ee2f26fep-71,7.44876517392390873e-22
11,42,0x1.1fa362ae6d506p-72,0x1.72ad1fd0839a5p-470,0x1.1fa362ae6d507p-72,2.37928762742182823e-22
11,43,0x1.6f4dc2b27ac37p-74,0x1.72ad1fd0839a5p-470,0x1.6f4dc2b27ac38p-74,7.59566356623878555e-23
11,44,0x1.d4c650e80c512p-76,0x1.72ad1fd0839a5p-470,0x1.d4c650e80c513p-76,2.42350825226657774e-23
11,45,0x1.2af9e803c252ap-77,0x1.72ad1fd0839a5p-470,0x1.2af9e803c252bp-77,7.72835354282805082e-24
11,46,0x1.7d28b9d736027p-79,0x1.72ad1fd0839a5p-470,0x1.7d28b9d736028p-79,2.46318285931574005e-24
11,47,0x1.e5ad011b76ec4p-81,0x1.72ad1fd0839a5p-470,0x1.e5ad011b76ec5p-81,7.84651570727395097e-25
11,48,0x1.3543c336ee3bcp-82,0x1.72ad1fd0839a5p-470,0x1.3543c336ee3bdp-82,2.49822033114393691e-25
11,49,0x1.89a8e216c091ap-84,0x1.72ad1fd0839a5p-470,0x1.89a8e216c091bp-84,7.94989432746904987e-26
11,50,0x1.f4d4bbf987c75p-86,0x1.72ad1fd0839a5p-470,0x1.f4d4bbf987c76p-86,2.52855034055121228e-26
11,51,0x1.3e6e0ebaededcp-87,0x1.72ad1fd0839a5p-470,0x1.3e6e0ebaededdp-87,8.03830108283976509e-27
11,52,0x1.94b797058e99p-89,0x1.72ad1fd0839a5p-470,0x1.94b797058e991p-89,2.55412428683744269e-27
11,53,0x1.011142093f093p-90,0x1.72ad1fd0839a5p-470,0x1.011142093f094p-90,8.11161731268581208e-28
11,54,0x1.4668cb90c5dbbp-92,0x1.72ad1fd0839a5p-470,0x1.4668cb90c5dbcp-92,2.57491580175601136e-28
11,55,0x1.9e4200a979c7dp-94,0x1.72ad1fd0839a5p-470,0x1.9e4200a979c7ep-94,8.16979502330838962e-29
11,56,0x1.06c026f2b413cp-95,0x1.72ad1fd0839a5p-470,0x1.06c026f2b413dp-95,2.59092089583803692e-29
11,57,0x1.4d272e7f7361bp-97,0x1.72ad1fd0839a5p-470,0x1.4d272e7f7361cp-97,8.21285684889654077e-30
11,58,0x1.a63967f85af1ap-99,0x1.72ad1fd0839a5p-470,0x1.a63967f85af1bp-99,2.60215779929066054e-30
11,59,0x1.0b6ead9a48ddp-100,0x1.72ad1fd0839a5p-470,0x1.0b6ead9a48dd1p-100,8.24089511837510904e-31
11,60,0x1.529fd09fd59a7p-102,0x1.72ad1fd0839a5p-470,0x1.529fd09fd59a8p-102,2.60866654069197898e-31
11,61,0x1.ac9369482cb8cp-104,0x1.72ad1fd0839a5p-470,0x1.ac9369482cb8dp-104,8.25407015240910121e-32
11,62,0x1.0f1736dc68ed9p-105,0x1.72ad1fd0839a5p-470,0x1.0f1736dc68edap-105,2.61050829958284227e-32
11,63,0x1.56ccc796311bap-107,0x1.72ad1fd0839a5p-470,0x1.56ccc796311bbp-107,8.25260789663049962e-33
11,64,0x1.b14a098c199e3p-109,0x1.72ad1fd0839a5p-470,0x1.b14a098c199e4p-109,2.60776456441609658e-33
11,65,0x1.11b6eb5a736b4p-110,0x1.72ad1fd0839a5p-470,0x1.11b6eb5a736b5p-110,8.23679698515802097e-34
11,66,0x1.59aba8a47b80ep-112,0x1.72ad1fd0839a5p-470,0x1.59aba8a47b80fp-112,2.60053612417604455e-34
11,67,0x1.b45bb212d4414p-114,0x1.72ad1fd0839a5p-470,0x1.b45bb212d4415p-114,8.20698532005949264e-35
11,68,0x1.134db3e6c2e4dp-115,0x1.72ad1fd0839a5p-470,0x1.134db3e6c2e4ep-115,2.58894191967721519e-35
11,69,0x1.5b3d7938a1ee8p-117,0x1.72ad1fd0839a5p-470,0x1.5b3d7938a1ee9p-117,8.16357624595264404e-36
11,70,0x1.b5cb15f96bf4fp-119,0x1.72ad1fd0839a5p-470,0x1.b5cb15f96bf5p-119,2.57311777870041612e-36
11,71,0x1.13de2488247bap-120,0x1.72ad1fd0839a5p-470,0x1.13de2488247bbp-120,8.10702439351574501e-37
11,72,0x1.5b868f5fb0c5p-122,0x1.72ad1fd0839a5p-470,0x1.5b868f5fb0c51p-122,2.55321505750530893e-37
11,73,0x1.b59f044da27adp-124,0x1.72ad1fd0839a5p-470,0x1.b59f044da27aep-124,8.03783126077727278e-38
11,74,0x1.136d5bee27c4cp-125,0x1.72ad1fd0839a5p-470,0x1.136d5bee27c4dp-125,2.52939920975763637e-38
11,75,0x1.5a8e646a94493p-127,0x1.72ad1fd0839a5p-470,0x1.5a8e646a94494p-127,7.95654059642058609e-39
11,76,0x1.b3e229bcd48dep-129,0x1.72ad1fd0839a5p-470,0x1.b3e229bcd48dfp-129,2.50184830247116343e-39
11,77,0x1.1202d91effc01p-130,0x1.72ad1fd0839a5p-470,0x1.1202d91effc02p-130,7.86373364486038613e-40
11,78,0x1.585f5bfdac923p-132,0x1.72ad1fd0839a5p-470,0x1.585f5bfdac924p-132,2.47075149716629277e-40
11,79,0x1.b0a2c494d7f8ap-134,0x1.72ad1fd0839a5p-470,0x1.b0a2c494d7f8bp-134,7.76002430847798657e-41
11,80,0x1.0fa84918d7ef3p-135,0x1.72ad1fd0839a5p-470,0x1.0fa84918d7ef4p-135,2.43630751308067043e-41
11,81,0x1.550681b176141p-137,0x1.72ad1fd0839a5p-470,0x1.550681b176142p-137,7.64605427812729276e-42
11,82,0x1.abf24dc39c483p-139,0x1.72ad1fd0839a5p-470,0x1.abf24dc39c484p-139,2.39872308792985907e-42
11,83,0x1.0c694e10750d6p-140,0x1.72ad1fd0839a5p-470,0x1.0c694e10750d7p-140,7.52248817884121621e-43
11,84,0x1.50933f5583a0fp-142,0x1.72ad1fd0839a5p-470,0x1.50933f5583a1p-142,2.35821145040795568e-43
11,85,0x1.a5e51966ca753p-144,0x1.72ad1fd0839a5p-470,0x1.a5e51966ca754p-144,7.39000877357622607e-44
11,86,0x1.085341e4e5682p-145,0x1.72ad1fd0839a5p-470,0x1.085341e4e5683p-145,2.31499081733860842e-44
11,87,0x1.4b170dcf55626p-147,0x1.72ad1fd0839a5p-470,0x1.4b170dcf55627p-147,7.24931226383208127e-45
11,88,0x1.9e91f15d98be7p-149,0x1.72ad1fd0839a5p-470,0x1.9e91f15d98be8p-149,2.26928292713555408e-45
11,89,0x1.0374f54bb85efp-150,0x1.72ad1fd0839a5p-470,0x1.0374f54bb85fp-150,7.10110372207134278e-46
11,90,0x1.44a522740f22fp-152,0x1.72ad1fd0839a5p-470,0x1.44a522740f23p-152,2.22131162000872505e-46
11,91,0x1.9611ac2c5e9f6p-154,0x1.72ad1fd0839a5p-470,0x1.9611ac2c5e9f7p-154,6.94609268703841546e-47
11,92,0x1.fbbcda452baabp-156,0x1.72ad1fd0839a5p-470,0x1.fbbcda452baacp-156,2.17130147415610084e-47
11,93,0x1.3d521a9e8f8cfp-157,0x1.72ad1fd0839a5p-470,0x1.3d521a9e8f8dp-157,6.78498894934070034e-48
11,94,0x1.8c7ec25b01422p-159,0x1.72ad1fd0839a5p-470,0x1.8c7ec25b01423p-159,2.11947650601369003e-48
11,95,0x1.ef413e7409204p-161,0x1.72ad1fd0839a5p-470,0x1.ef413e7409205p-161,6.61849855100667736e-49
11,96,0x1.3533a722d55d6p-162,0x1.72ad1fd0839a5p-470,0x1.3533a722d55d7p-162,2.06605894149726367e-49
11,97,0x1.81f4e44cf5ba2p-164,0x1.72ad1fd0839a5p-470,0x1.81f4e44cf5ba3p-164,6.44732001918177401e-50
11,98,0x1.e19a5fa35b72fp-166,0x1.72ad1fd0839a5p-470,0x1.e19a5fa35b73p-166,2.01126806406108744e-50
11,99,0x1.2c60391bf23c1p-167,0x1.72ad1fd0839a5p-470,0x1.2c60391bf23c2p-167,6.27214085066993186e-51
11,100,0x1.769092635d68bp-169,0x1.72ad1fd0839a5p-470,0x1.769092635d68cp-169,1.95531914432416734e-51
11,101,0x1.d2ec61c109c9bp-171,0x1.72ad1fd0839a5p-470,0x1.d2ec61c109c9cp-171,6.09363426068690510e-52
11,102,0x1.22eeb16b29b68p-172,0x1.72ad1fd0839a5p-470,0x1.22eeb16b29b69p-172,1.89842245497622045e-52
11,103,0x1.6a6eb907ed6d4p-174,0x1.72ad1fd0839a5p-470,0x1.6a6eb907ed6d5p-174,5.91245620596892830e-53
11,104,0x1.c35bc8464ed19p-176,0x1.72ad1fd0839a5p-470,0x1.c35bc8464ed1ap-176,1.84078237367767073e-53
11,105,0x1.18f614159df56p-177,0x1.72ad1fd0839a5p-470,0x1.18f614159df57p-177,5.72924268929495605e-54
11,106,0x1.5dac520a682c8p-179,0x1.72ad1fd0839a5p-470,0x1.5dac520a682c9p-179,1.78259657571454796e-54
11,107,0x1.b30d0191c7c38p-181,0x1.72ad1fd0839a5p-470,0x1.b30d0191c7c39p-181,5.54460734954041721e-55
11,108,0x1.0e8d40829cea9p-182,0x1.72ad1fd0839a5p-470,0x1.0e8d40829ceaap-182,1.72405531726480655e-55
11,109,0x1.50660c83318a1p-184,0x1.72ad1fd0839a5p-470,0x1.50660c83318a2p-184,5.35913933860255939e-56
11,110,0x1.a223fae961c7p-186,0x1.72ad1fd0839a5p-470,0x1.a223fae961c71p-186,1.66534080928097013e-56
11,111,0x1.03caaf6ff4fbcp-187,0x1.72ad1fd0839a5p-470,0x1.03caaf6ff4fbdp-187,5.17340148393416090e-57
11,112,0x1.42b7fc34e5554p-189,0x1.72ad1fd0839a5p-470,0x1.42b7fc34e5555p-189,1.60662668119975633e-57
11,113,0x1.90c3be47115f1p-191,0x1.72ad1fd0839a5p-470,0x1.90c3be47115f2p-191,4.98792873300478085e-58
11,114,0x1.f1886e8905554p-193,0x1.72ad1fd0839a5p-470,0x1.f1886e8905555p-193,1.54807753295586158e-58
11,115,0x1.34bd512de7339p-194,0x1.72ad1fd0839a5p-470,0x1.34bd512de733ap-194,4.80322687378907975e-59
11,116,0x1.7f0e1acbb2462p-196,0x1.72ad1fd0839a5p-470,0x1.7f0e1acbb2463p-196,1.48984857310726691e-59
11,117,0x1.db1dae789a79cp-198,0x1.72ad1fd0839a5p-470,0x1.db1dae789a79dp-198,4.61977152336821925e-60
11,118,0x1.26901832c5866p-199,0x1.72ad1fd0839a5p-470,0x1.26901832c5867p-199,1.43208534027613921e-60
11,119,0x1.6d23586d63bdcp-201,0x1.72ad1fd0839a5p-470,0x1.6d23586d63bddp-201,4.43800737492932885e-61
11,120,0x1.c47d137bd9809p-203,0x1.72ad1fd0839a5p-470,0x1.c47d137bd980ap-203,1.37492350457428111e-61
11,121,0x1.184904441c44cp-204,0x1.72ad1fd0839a5p-470,0x1.184904441c44dp-204,4.25834769186454549e-62
11,122,0x1.5b21f73391c29p-206,0x1.72ad1fd0839a5p-470,0x1.5b21f73391c2ap-206,1.31848874521573160e-62
11,123,0x1.adcc3bfee63b8p-208,0x1.72ad1fd0839a5p-470,0x1.adcc3bfee63b9p-208,4.08117403630732379e-63
11,124,0x1.09ff415f75b68p-209,0x1.72ad1fd0839a5p-470,0x1.09ff415f75b69p-209,1.26289670012259164e-63
11,125,0x1.49267a13e4eb3p-211,0x1.72ad1fd0839a5p-470,0x1.49267a13e4eb4p-211,3.90683621829690417e-64
11,126,0x1.972e31f4e2a5fp-213,0x1.72ad1fd0839a5p-470,0x1.972e31f4e2a6p-213,1.20825298300192058e-64
11,127,0x1.f790a0d6c4622p-215,0x1.72ad1fd0839a5p-470,0x1.f790a0d6c4623p-215,3.73565245083319883e-65
11,128,0x1.374b3d49a317ep-216,0x1.72ad1fd0839a5p-470,0x1.374b3d49a317fp-216,1.15465326311101816e-65
11,129,0x1.80c33b1730ec9p-218,0x1.72ad1fd0839a5p-470,0x1.80c33b1730ecap-218,3.56790969536362994e-66
11,130,0x1.db6fd828d2dap-220,0x1.72ad1fd0839a5p-470,0x1.db6fd828d2da1p-220,1.10218340273325811e-66
11,131,0x1.25a857cd870f3p-221,0x1.72ad1fd0839a5p-470,0x1.25a857cd870f4p-221,3.40386418172673281e-67
11,132,0x1.6aa8b6f6ce2b4p-223,0x1.72ad1fd0839a5p-470,0x1.6aa8b6f6ce2b5p-223,1.05091964725419814e-67
11,133,0x1.bfbfec764a0b6p-225,0x1.72ad1fd0839a5p-470,0x1.bfbfec764a0b7p-225,3.24374208625486773e-68
11,134,0x1.1453876763832p-226,0x1.72ad1fd0839a5p-470,0x1.1453876763833p-226,1.00092886265469642e-68
11,135,0x1.54f90a2556e18p-228,0x1.72ad1fd0839a5p-470,0x1.54f90a2556e19p-228,3.08774035159638941e-69
11,136,0x1.a4a0dae851547p-230,0x1.72ad1fd0839a5p-470,0x1.a4a0dae851548p-230,9.52268815220832417e-70
11,137,0x1.036026ad710b3p-231,0x1.72ad1fd0839a5p-470,0x1.036026ad710b4p-231,2.93602763184759857e-70
11,138,0x1.3fcb958f2e687p-233,0x1.72ad1fd0839a5p-470,0x1.3fcb958f2e688p-233,9.04988488304593849e-71
11,139,0x1.8a2ed40117d82p-235,0x1.72ad1fd0839a5p-470,0x1.8a2ed40117d83p-235,2.78874534677029330e-71
11,140,0x1.e5be584e33d75p-237,0x1.72ad1fd0839a5p-470,0x1.e5be584e33d76p-237,8.59128431051410888e-72
11,141,0x1.2b34b8fd8321ap-238,0x1.72ad1fd0839a5p-470,0x1.2b34b8fd8321bp-238,2.64600882919745917e-72
11,142,0x1.70824323f1d8p-240,0x1.72ad1fd0839a5p-470,0x1.70824323f1d81p-240,8.14721134134440935e-73
11,143,0x1.c5be6364cc941p-242,0x1.72ad1fd0839a5p-470,0x1.c5be6364cc942p-242,2.50790855018506091e-73
11,144,0x1.1745df9d5bb07p-243,0x1.72ad1fd0839a5p-470,0x1.1745df9d5bb08p-243,7.71791427697600696e-74
11,145,0x1.57afe23dd8b9ap-245,0x1.72ad1fd0839a5p-470,0x1.57afe23dd8b9bp-245,2.37451140703254255e-74
11,146,0x1.a6d9067730b49p-247,0x1.72ad1fd0839a5p-470,0x1.a6d9067730b4ap-247,7.30356896904070280e-75
11,147,0x1.040d95581bd18p-248,0x1.72ad1fd0839a5p-470,0x1.040d95581bd19p-248,2.24586205995710672e-75
11,148,0x1.3fc8d8061bd64p-250,0x1.72ad1fd0839a5p-470,0x1.3fc8d8061bd65p-250,6.90428310709437656e-76
11,149,0x1.8922679b515bp-252,0x1.72ad1fd0839a5p-470,0x1.8922679b515b1p-252,2.12198430394932623e-76
11,150,0x1.e32f4782d99aep-254,0x1.72ad1fd0839a5p-470,0x1.e32f4782d99afp-254,6.52010059724649189e-77
11,151,0x1.28dadf4799498p-255,0x1.72ad1fd0839a5p-470,0x1.28dadf4799499p-255,2.00288246314515911e-77
11,152,0x1.6caa6fff35ca4p-257,0x1.72ad1fd0839a5p-470,0x1.6caa6fff35ca5p-257,6.15100599298050706e-78
11,153,0x1.bfda6abae21f9p-259,0x1.72ad1fd0839a5p-470,0x1.bfda6abae21fap-259,1.88854279591012770e-78
11,154,0x1.12f075a477e08p-260,0x1.72ad1fd0839a5p-470,0x1.12f075a477e09p-260,5.79692894224062536e-79
11,155,0x1.517d098ad8cc2p-262,0x1.72ad1fd0839a5p-470,0x1.517d098ad8cc3p-262,1.77893489972754662e-79
11,156,0x1.9e29fc0f955bcp-264,0x1.72ad1fd0839a5p-470,0x1.9e29fc0f955bdp-264,5.45774861774358302e-80
11,157,0x1.fc22209ff5e02p-266,0x1.72ad1fd0839a5p-470,0x1.fc22209ff5e03p-266,1.67401310590512946e-80
11,158,0x1.37a26365e48adp-267,0x1.72ad1fd0839a5p-470,0x1.37a26365e48aep-267,5.13329810041041285e-81
11,159,0x1.7e26ce9eab1e1p-269,0x1.72ad1fd0839a5p-470,0x1.7e26ce9eab1e2p-269,1.57371785504873552e-81
11,160,0x1.d482aa94eefd1p-271,0x1.72ad1fd0839a5p-470,0x1.d482aa94eefd2p-271,4.82336868877841932e-82
11,161,0x1.1f1f3b9530a15p-272,0x1.72ad1fd0839a5p-470,0x1.1f1f3b9530a16p-272,1.47797704518762203e-82
11,162,0x1.5fd57f5524e7cp-274,0x1.72ad1fd0839a5p-470,0x1.5fd57f5524e7dp-274,4.52771411020150586e-83
11,163,0x1.af06af82f41bcp-276,0x1.72ad1fd0839a5p-470,0x1.af06af82f41bdp-276,1.38670734536398582e-83
11,164,0x1.07f52c01ab56ap-277,0x1.72ad1fd0839a5p-470,0x1.07f52c01ab56bp-277,4.24605461255736250e-84
11,165,0x1.4336d6f955b82p-279,0x1.72ad1fd0839a5p-470,0x1.4336d6f955b83p-279,1.29981546840916373e-84
11,166,0x1.8badaca1342f9p-281,0x1.72ad1fd0839a5p-470,0x1.8badaca1342fap-281,3.97808091802274229e-85
11,167,0x1.e445f2ba51289p-283,0x1.72ad1fd0839a5p-470,0x1.e445f2ba5128ap-283,1.21719939751437545e-85
11,168,0x1.28482df38125ep-284,0x1.72ad1fd0839a5p-470,0x1.28482df38125fp-284,3.72345802322634706e-86
11,169,0x1.6a72f3fa49451p-286,0x1.72ad1fd0839a5p-470,0x1.6a72f3fa49452p-286,1.13874956205705549e-86
11,170,0x1.bb49c50002e59p-288,0x1.72ad1fd0839a5p-470,0x1.bb49c50002e5ap-288,3.48182883273206058e-87
11,171,0x1.0f03d024097fp-289,0x1.72ad1fd0839a5p-470,0x1.0f03d024097f1p-289,1.06434995895861181e-87
11,172,0x1.4b4e29cd390dp-291,0x1.72ad1fd0839a5p-470,0x1.4b4e29cd390d1p-291,3.25281761531526194e-88
11,173,0x1.94e9de065487fp-293,0x1.72ad1fd0839a5p-470,0x1.94e9de065488p-293,9.93879216623107533e-89
11,174,0x1.eec2be9426e19p-295,0x1.72ad1fd0839a5p-470,0x1.eec2be9426e1ap-295,3.03603327486851661e-89
11,175,0x1.2e33bf8e1e736p-296,0x1.72ad1fd0839a5p-470,0x1.2e33bf8e1e737p-296,9.27211599232078634e-90
11,176,0x1.711678086b18dp-298,0x1.72ad1fd0839a5p-470,0x1.711678086b18ep-298,2.83107242999435160e-90
11,177,0x1.c2ac6564b5dcfp-300,0x1.72ad1fd0839a5p-470,0x1.c2ac6564b5ddp-300,8.64217949848948319e-91
11,178,0x1.13156aff0cfebp-301,0x1.72ad1fd0839a5p-470,0x1.13156aff0cfecp-301,2.63752229840306196e-91
11,179,0x1.4fbc8c5520fe6p-303,0x1.72ad1fd0839a5p-470,0x1.4fbc8c5520fe7p-303,8.04766571412337972e-92
11,180,0x1.99ab6634d13e1p-305,0x1.72ad1fd0839a5p-470,0x1.99ab6634d13e2p-305,2.45496338413432496e-92
11,181,0x1.f3c53036b27cbp-307,0x1.72ad1fd0839a5p-470,0x1.f3c53036b27ccp-307,7.48724045271725397e-93
11,182,0x1.30c6605c69ec9p-308,0x1.72ad1fd0839a5p-470,0x1.30c6605c69ecap-308,2.28297196735102095e-93
11,183,0x1.73a363cea0c36p-310,0x1.72ad1fd0839a5p-470,0x1.73a363cea0c37p-310,6.95955987440488266e-94
11,184,0x1.c511a99d91af9p-312,0x1.72ad1fd0839a5p-470,0x1.c511a99d91afap-312,2.12112239801991432e-94
11,185,0x1.141c0a8ea4fffp-313,0x1.72ad1fd0839a5p-470,0x1.141c0a8ea5p-313,6.46327743209184068e-95
11,186,0x1.507575ff753e3p-315,0x1.72ad1fd0839a5p-470,0x1.507575ff753e4p-315,1.96898919619227448e-95
11,187,0x1.99e86b5c629f7p-317,0x1.72ad1fd0839a5p-470,0x1.99e86b5c629f8p-317,5.99705021179312288e-96
11,188,0x1.f347dc4db3a8p-319,0x1.72ad1fd0839a5p-470,0x1.f347dc4db3a81p-319,1.82614896283374191e-96
11,189,0x1.3000c18cf4f0bp-320,0x1.72ad1fd0839a5p-470,0x1.3000c18cf4f0cp-320,5.55954468142883513e-97
11,190,0x1.721f663dd5b43p-322,0x1.72ad1fd0839a5p-470,0x1.721f663dd5b44p-322,1.69218210623221032e-97
11,191,0x1.c2865a7aa85fbp-324,0x1.72ad1fd0839a5p-470,0x1.c2865a7aa85fcp-324,5.14944186550309201e-98
11,192,0x1.122303b9a2a25p-325,0x1.72ad1fd0839a5p-470,0x1.122303b9a2a26p-325,1.56667438993698749e-98
11,193,0x1.4d8afd1b31219p-327,0x1.72ad1fd0839a5p-470,0x1.4d8afd1b3121ap-327,4.76544196578513701e-99
11,194,0x1.95bc217cae073p-329,0x1.72ad1fd0839a5p-470,0x1.95bc217cae074p-329,1.44921830896504724e-99
11,195,0x1.ed7221e570882p-331,0x1.72ad1fd0839a5p-470,0x1.ed7221e570883p-331,4.40626845035835746e-100
11,196,0x1.2bfe9f0572868p-332,0x1.72ad1fd0839a5p-470,0x1.2bfe9f0572869p-332,1.33941430165140617e-100
11,197,0x1.6cb0cc3088048p-334,0x1.72ad1fd0839a5p-470,0x1.6cb0cc3088049p-334,4.07067163523125166e-101
11,198,0x1.bb3e8d091b7a3p-336,0x1.72ad1fd0839a5p-470,0x1.bb3e8d091b7a4p-336,1.23687180503522159e-101
11,199,0x1.0d4d5118028acp-337,0x1.72ad1fd0839a5p-470,0x1.0d4d5118028adp-337,3.75743178412882197e-102
11,200,0x1.472ba54ac33dp-339,0x1.72ad1fd0839a5p-470,0x1.472ba54ac33d1p-339,1.14121016206556229e-102
11,201,0x1.8d63dedab77e9p-341,0x1.72ad1fd0839a5p-470,0x1.8d63dedab77eap-341,3.46536175314986891e-103
11,202,0x1.e2945052531edp-343,0x1.72ad1fd0839a5p-470,0x1.e2945052531eep-343,1.05205938919159995e-103
11,203,0x1.24f439feae092p-344,0x1.72ad1fd0839a5p-470,0x1.24f439feae093p-344,3.19330920769504198e-104
11,204,0x1.639b393045884p-346,0x1.72ad1fd0839a5p-470,0x1.639b393045885p-346,9.69060813081956235e-105
11,205,0x1.af91658fb1f1bp-348,0x1.72ad1fd0839a5p-470,0x1.af91658fb1f1cp-348,2.94015843948885840e-105
11,206,0x1.05d2d91b4e741p-349,0x1.72ad1fd0839a5p-470,0x1.05d2d91b4e742p-349,8.91867585302479409e-106
11,207,0x1.3d9ee1e6261cfp-351,0x1.72ad1fd0839a5p-470,0x1.3d9ee1e6261dp-351,2.70483181165353777e-106
11,208,0x1.813aa84ea6fdep-353,0x1.72ad1fd0839a5p-470,0x1.813aa84ea6fdfp-353,8.20145083785571598e-107
11,209,0x1.d321fef4b981ep-355,0x1.72ad1fd0839a5p-470,0x1.d321fef4b981fp-355,2.48629085967765673e-107
11,210,0x1.1b2ac3eccb13bp-356,0x1.72ad1fd0839a5p-470,0x1.1b2ac3eccb13cp-356,7.53571209850602858e-108
11,211,0x1.573b2180a349ap-358,0x1.72ad1fd0839a5p-470,0x1.573b2180a349bp-358,2.28353707578980178e-108
11,212,0x1.9ff3659515846p-360,0x1.72ad1fd0839a5p-470,0x1.9ff3659515847p-360,6.91836589398181702e-109
11,213,0x1.f7f9b52aa282fp-362,0x1.72ad1fd0839a5p-470,0x1.f7f9b52aa283p-362,2.09561240371337626e-109
11,214,0x1.31409b1a3a42fp-363,0x1.72ad1fd0839a5p-470,0x1.31409b1a3a43p-363,6.34644686705130353e-110
11,215,0x1.71b397c0b36c5p-365,0x1.72ad1fd0839a5p-470,0x1.71b397c0b36c6p-365,1.92159947008571200e-110
11,216,0x1.bfab1142bd69cp-367,0x1.72ad1fd0839a5p-470,0x1.bfab1142bd69dp-367,5.81711839003298584e-111
11,217,0x1.0efc05b718e19p-368,0x1.72ad1fd0839a5p-470,0x1.0efc05b718e1ap-368,1.76062157798044812e-111
11,218,0x1.480063a0e4098p-370,0x1.72ad1fd0839a5p-470,0x1.480063a0e4099p-370,5.32767219740145799e-112
11,219,0x1.8cefb968f2f92p-372,0x1.72ad1fd0839a5p-470,0x1.8cefb968f2f93p-372,1.61184248701632190e-112
11,220,0x1.e0438ef6821a4p-374,0x1.72ad1fd0839a5p-470,0x1.e0438ef6821a5p-374,4.87552738098933088e-113
11,221,0x1.227c0e49e2973p-375,0x1.72ad1fd0839a5p-470,0x1.227c0e49e2974p-375,1.47446600347737786e-113
11,222,0x1.5f5389a78723fp-377,0x1.72ad1fd0839a5p-470,0x1.5f5389a78724p-377,4.45822882010625378e-114
11,223,0x1.a8d3eca2a4e3cp-379,0x1.72ad1fd0839a5p-470,0x1.a8d3eca2a4e3dp-379,1.34773540273895029e-114
11,224,0x1.00cd950b1de0bp-380,0x1.72ad1fd0839a5p-470,0x1.00cd950b1de0cp-380,4.07344511520832359e-115
11,225,0x1.3668654c15fcap-382,0x1.72ad1fd0839a5p-470,0x1.3668654c15fcbp-382,1.23093270510444434e-115
11,226,0x1.7720ff50952d3p-384,0x1.72ad1fd0839a5p-470,0x1.7720ff50952d4p-384,3.71896608993131112e-116
11,227,0x1.c541b0a7aebdep-386,0x1.72ad1fd0839a5p-470,0x1.c541b0a7aebdfp-386,1.12337782492798668e-116
11,228,0x1.11c664459d4bdp-387,0x1.72ad1fd0839a5p-470,0x1.11c664459d4bep-387,3.39269992236171589e-117
11,229,0x1.4aaa7f97bcd18p-389,0x1.72ad1fd0839a5p-470,0x1.4aaa7f97bcd19p-389,1.02442761164679544e-117
11,230,0x1.8f4d659bccc49p-391,0x1.72ad1fd0839a5p-470,0x1.8f4d659bccc4ap-391,3.09266996244313545e-118
11,231,0x1.e217d15248ed5p-393,0x1.72ad1fd0839a5p-470,0x1.e217d15248ed6p-393,9.33474800081390954e-119
11,232,0x1.22f815c61d3ep-394,0x1.72ad1fd0839a5p-470,0x1.22f815c61d3e1p-394,2.81701128841437410e-119
11,233,0x1.5f29fe73c7874p-396,0x1.72ad1fd0839a5p-470,0x1.5f29fe73c7875p-396,8.49946886103584025e-120
11,234,0x1.a7bb3f0b9ca95p-398,0x1.72ad1fd0839a5p-470,0x1.a7bb3f0b9ca96p-398,2.56396705120916367e-120
11,235,0x1.ff32a629c8dfp-400,0x1.72ad1fd0839a5p-470,0x1.ff32a629c8df1p-400,7.73304942522568175e-121
11,236,0x1.344d1ef376f4bp-401,0x1.72ad1fd0839a5p-470,0x1.344d1ef376f4cp-401,2.33188465183589005e-121
11,237,0x1.73cce0107f909p-403,0x1.72ad1fd0839a5p-470,0x1.73cce0107f90ap-403,7.03042388817187741e-122
11,238,0x1.c04b2b918146bp-405,0x1.72ad1fd0839a5p-470,0x1.c04b2b918146cp-405,2.11921179292831334e-122
11,239,0x1.0e362e24d71b5p-406,0x1.72ad1fd0839a5p-470,0x1.0e362e24d71b6p-406,6.38683727147761961e-123
11,240,0x1.45aeb77b3dcdfp-408,0x1.72ad1fd0839a5p-470,0x1.45aeb77b3dcep-408,1.92449244194770154e-123
11,241,0x1.8877b767e8d99p-410,0x1.72ad1fd0839a5p-470,0x1.8877b767e8d9ap-410,5.79783255927383142e-124
11,242,0x1.d8dc2d14c94eep-412,0x1.72ad1fd0839a5p-470,0x1.d8dc2d14c94efp-412,1.74636273992685737e-124
11,243,0x1.1ccea523f9a3fp-413,0x1.72ad1fd0839a5p-470,0x1.1ccea523f9a4p-413,5.25923771120573929e-125
11,244,0x1.57050c9930ab2p-415,0x1.72ad1fd0839a5p-470,0x1.57050c9930ab3p-415,1.58354688621394236e-125
11,245,0x1.9d0dead436c5p-417,0x1.72ad1fd0839a5p-470,0x1.9d0dead436c51p-417,4.76715264375177822e-126
11,246,0x1.f14bf3ba04af4p-419,0x1.72ad1fd0839a5p-470,0x1.f14bf3ba04af7p-419,1.43485302638902232e-126
11,247,0x1.2b4e26857459cp-420,0x1.72ad1fd0839a5p-470,0x1.2b4e2685745a2p-420,4.31793626082675655e-127
11,248,0x1.68377981dfb14p-422,0x1.72ad1fd0839a5p-470,0x1.68377981dfb2cp-422,1.29916916742143917e-127
11,249,0x1.b171f88ac1117p-424,0x1.72ad1fd0839a5p-470,0x1.b171f88ac1174p-424,3.90819360505838191e-128
11,250,0x1.04bb9873f6bf5p-425,0x1.72ad1fd0839a5p-470,0x1.04bb9873f6cafp-425,1.17545914119698387e-128
11,251,0x1.399f962771c1bp-427,0x1.72ad1fd0839a5p-470,0x1.399f962771f01p-427,3.53476319213750009e-129
11,252,0x1.792cc42bce2acp-429,0x1.72ad1fd0839a5p-470,0x1.792cc42bcee42p-429,1.06275863479381437e-129
11,253,0x1.c585c009f09a6p-431,0x1.72ad1fd0839a5p-470,0x1.c585c009f37fcp-431,3.19470458221276444e-130
11,254,0x1.109cf7f0efd5p-432,0x1.72ad1fd0839a5p-470,0x1.109cf7f0f59fcp-432,9.60171303312622930e-131
11,255,0x1.47ad82b8f494dp-434,0x1.72ad1fd0839a5p-470,0x1.47ad82b90bbfbp-434,2.88528623448658739e-131
11,256,0x1.89cb5d9a43674p-436,0x1.72ad1fd0839a5p-470,0x1.89cb5d9aa0129p-436,8.66864978698874840e-132
11,257,0x1.d92acf6d18d61p-438,0x1.72ad1fd0839a5p-470,0x1.d92acf6e8b833p-438,2.60397368407625732e-132
11,258,0x1.1c37f958343bbp-439,0x1.72ad1fd0839a5p-470,0x1.1c37f95b1995fp-439,7.82067985972811289e-133
11,259,0x1.55625d7b52c3fp-441,0x1.72ad1fd0839a5p-470,0x1.55625d86e82cfp-441,2.34841807540802600e-133
11,260,0x1.99f9a4b5ed048p-443,0x1.72ad1fd0839a5p-470,0x1.99f9a4e442a88p-443,7.05065578155078349e-134
11,261,0x1.ec42b3768cda7p-445,0x1.72ad1fd0839a5p-470,0x1.ec42b42fe36a6p-445,2.11644509934725311e-134
11,262,0x1.277a88e42a06ep-446,0x1.72ad1fd0839a5p-470,0x1.277a8a56d726cp-446,6.35196518481751789e-135
11,263,0x1.62a8b330612b7p-448,0x1.72ad1fd0839a5p-470,0x1.62a8b8fb15aacp-448,1.90604456802977979e-135
11,264,0x1.a99e295c84a21p-450,0x1.72ad1fd0839a5p-470,0x1.a99e4087569f2p-450,5.71850029898753768e-136
11,265,0x1.feaf440f6ce6p-452,0x1.72ad1fd0839a5p-470,0x1.feafa0bab4da3p-452,1.71536279440235269e-136
11,266,0x1.3252c504f67f2p-453,0x1.72ad1fd0839a5p-470,0x1.32537e5b86677p-453,5.14465275699095117e-137
11,267,0x1.6f6b41ec4fb76p-455,0x1.72ad1fd0839a5p-470,0x1.6f6e27468f587p-455,1.54271946554999386e-137
11,268,0x1.b89f6ae9c1f66p-457,0x1.72ad1fd0839a5p-470,0x1.b8ab0052c07a8p-457,4.62555133089213936e-138
11,269,0x1.0828828a1625fp-458,0x1.72ad1fd0839a5p-470,0x1.083fad5c132e3p-458,1.38686741425047773e-138
11,270,0x1.3cab9dc2c54b9p-460,0x1.72ad1fd0839a5p-470,0x1.3d08490ab96c8p-460,4.15973466212323799e-139
11,271,0x1.7b8831e605299p-462,0x1.72ad1fd0839a5p-470,0x1.7cfadf05d5ad3p-462,1.24969541410255746e-139
11,272,0x1.c6b529d02a708p-464,0x1.72ad1fd0839a5p-470,0x1.cc7fde4f6c7efp-464,3.77634093519409975e-140
11,273,0x1.102ff7bd89232p-465,0x1.72ad1fd0839a5p-470,0x1.1bc560bc0d4p-465,1.16353666380478874e-140
11,274,0x1.45467bd966232p-467,0x1.72ad1fd0839a5p-470,0x1.739c1fd376967p-467,3.80924835821551530e-141
11,275,0x1.82d945f6dc097p-469,0x1.72ad1fd0839a5p-470,0x1.1e17eaef8eeb5p-468,1.46632401155547269e-141
11,276,0x1.c610ede8aa16ap-471,0x1.72ad1fd0839a5p-470,0x1.2adacb626c52dp-469,7.65864799380859773e-142
11,277,0x1.01171237421c5p-472,0x1.72ad1fd0839a5p-470,0x1.b2f2e45e54217p-470,5.57314325757984954e-142
11,278,0x1.07826205cb5cdp-474,0x1.72ad1fd0839a5p-470,0x1.832545f0e0502p-470,4.96062501157691285e-142
11,279,0x1.8aad8fac8a5a9p-477,0x1.72ad1fd0839a5p-470,0x1.75c27aefdcaf1p-470,4.78910690396668460e-142
11,280,0x0p+0,0x1.72ad1fd0839a5p-470,0x1.72ad1fd0839a5p-470,4.74959799902330135e-142
12,0,0x1.2d1d48013711dp-4,0x1.92b48a5cd205dp-460,0x1.2d1d48013711ep-4,7.35142529187595429e-02
12,1,0x1.b1a5a054b7424p-6,0x1.92b48a5cd205dp-460,0x1.b1a5a054b7425p-6,2.64677110416081836e-02
12,2,0x1.2a5df0c0726dap-7,0x1.92b48a5cd205dp-460,0x1.2a5df0c0726dbp-7,9.10543685394620516e-03
12,3,0x1.8ead36a527499p-9,0x1.92b48a5cd205dp-460,0x1.8ead36a52749ap-9,3.04166118674105164e-03
12,4,0x1.064c7216f71fp-10,0x1.92b48a5cd205dp-460,0x1.064c7216f71f1p-10,1.00058981273953526e-03
12,5,0x1.5785be15c0109p-12,0x1.92b48a5cd205dp-460,0x1.5785be15c010ap-12,3.27608520237291355e-04
12,6,0x1.c2b2c162a4bd3p-14,0x1.92b48a5cd205dp-460,0x1.c2b2c162a4bd4p-14,1.07454839545703077e-04
12,7,0x1.28fcd69253cb5p-15,0x1.92b48a5cd205dp-460,0x1.28fcd69253cb6p-15,3.54036866548833161e-05
12,8,0x1.8937c7641874fp-17,0x1.92b48a5cd205dp-460,0x1.8937c7641875p-17,1.17188062135929544e-05
12,9,0x1.053cac37d4d9dp-18,0x1.92b48a5cd205dp-460,0x1.053cac37d4d9ep-18,3.89273468910951116e-06
12,10,0x1.5bddb25dbec2dp-20,0x1.92b48a5cd205dp-460,0x1.5bddb25dbec2ep-20,1.29590184577591773e-06
12,11,0x1.cfb2e60687481p-22,0x1.92b48a5cd205dp-460,0x1.cfb2e60687482p-22,4.31853181133614833e-07
12,12,0x1.351da3d6ea012p-23,0x1.92b48a5cd205dp-460,0x1.351da3d6ea013p-23,1.43943252620517565e-07
12,13,0x1.9bffa3d36450fp-25,0x1.92b48a5cd205dp-460,0x1.9bffa3d36451p-25,4.79629488583367747e-08
12,14,0x1.1261a4382a9d3p-26,0x1.92b48a5cd205dp-460,0x1.1261a4382a9d4p-26,1.59711001929354542e-08
12,15,0x1.6d25f4a40ee65p-28,0x1.92b48a5cd205dp-460,0x1.6d25f4a40ee66p-28,5.31360658603316038e-09
12,16,0x1.e576bcba34622p-30,0x1.92b48a5cd205dp-460,0x1.e576bcba34623p-30,1.76610707876899750e-09
12,17,0x1.425f9eccd08e5p-31,0x1.92b48a5cd205dp-460,0x1.425f9eccd08e6p-31,5.86394011127736435e-10
12,18,0x1.abafb74a4c359p-33,0x1.92b48a5cd205dp-460,0x1.abafb74a4c35ap-33,1.94489253106842649e-10
12,19,0x1.1b65b52fb0a1fp-34,0x1.92b48a5cd205dp-460,0x1.1b65b52fb0a2p-34,6.44370847870423287e-11
12,20,0x1.772de5d9eafdap-36,0x1.92b48a5cd205dp-460,0x1.772de5d9eafdbp-36,2.13264734441973091e-11
12,21,0x1.f02def0c1d823p-38,0x1.92b48a5cd205dp-460,0x1.f02def0c1d824p-38,7.05113377567147702e-12
12,22,0x1.47c7a2f6e4b6ap-39,0x1.92b48a5cd205dp-460,0x1.47c7a2f6e4b6bp-39,2.32901577412165949e-12
12,23,0x1.b0a923b1de03bp-41,0x1.92b48a5cd205dp-460,0x1.b0a923b1de03cp-41,7.68559795199996512e-13
12,24,0x1.1d4b4e76913d4p-42,0x1.92b48a5cd205dp-460,0x1.1d4b4e76913d5p-42,2.53392121509953197e-13
12,25,0x1.77ebc49dfc43dp-44,0x1.92b48a5cd205dp-460,0x1.77ebc49dfc43ep-44,8.34712230200641634e-14
12,26,0x1.eeee9993fc57fp-46,0x1.92b48a5cd205dp-460,0x1.eeee9993fc58p-46,2.74742468173362732e-14
12,27,0x1.458e60fecad92p-47,0x1.92b48a5cd205dp-460,0x1.458e60fecad93p-47,9.03599882502878743e-15
12,28,0x1.abf816f4f32bdp-49,0x1.92b48a5cd205dp-460,0x1.abf816f4f32bep-49,2.96963218108730089e-15
12,29,0x1.1919387d9416ep-50,0x1.92b48a5cd205dp-460,0x1.1919387d9416fp-50,9.75256397262202666e-16
12,30,0x1.71023d8db7a19p-52,0x1.92b48a5cd205dp-460,0x1.71023d8db7a1ap-52,3.20064072236189999e-16
12,31,0x1.e4178f690ffbbp-54,0x1.92b48a5cd205dp-460,0x1.e4178f690ffbcp-54,1.04970726559594207e-16
12,32,0x1.3d54bcbab87d6p-55,0x1.92b48a5cd205dp-460,0x1.3d54bcbab87d7p-55,3.44050964781395009e-17
12,33,0x1.9fc6b19fc32a5p-57,0x1.92b48a5cd205dp-460,0x1.9fc6b19fc32a6p-57,1.12696350685758854e-17
12,34,0x1.1037e9509126bp-58,0x1.92b48a5cd205dp-460,0x1.1037e9509126cp-58,3.68924731055908526e-18
12,35,0x1.643fc7b0b5652p-60,0x1.92b48a5cd205dp-460,0x1.643fc7b0b5653p-60,1.20701903869245835e-18
12,36,0x1.d1f4e7be707a8p-62,0x1.92b48a5cd205dp-460,0x1.d1f4e7be707a9p-62,3.94680643970855978e-19
12,37,0x1.308ea6b23e7dcp-63,0x1.92b48a5cd205dp-460,0x1.308ea6b23e7ddp-63,1.28985004525989466e-19
12,38,0x1.8dea1eafbecc2p-65,0x1.92b48a5cd205dp-460,0x1.8dea1eafbecc3p-65,4.21308397158861669e-20
12,39,0x1.03cf00d1b63ep-66,0x1.92b48a5cd205dp-460,0x1.03cf00d1b63e1p-66,1.37541530921126341e-20
12,40,0x1.53190da5e0b9dp-68,0x1.92b48a5cd205dp-460,0x1.53190da5e0b9ep-68,4.48792286837836884e-21
12,41,0x1.ba5cf83d61e64p-70,0x1.92b48a5cd205dp-460,0x1.ba5cf83d61e65p-70,1.46365692803013354e-21
12,42,0x1.20656c2bceee8p-71,0x1.92b48a5cd205dp-460,0x1.20656c2bceee9p-71,4.77111460655759637e-22
12,43,0x1.77daf58b3a0dap-73,0x1.92b48a5cd205dp-460,0x1.77daf58b3a0dbp-73,1.55450112448460419e-22
12,44,0x1.e99afee62737fp-75,0x1.92b48a5cd205dp-460,0x1.e99afee62738p-75,5.06240172067271314e-23
12,45,0x1.3ebe06dc0bd2cp-76,0x1.92b48a5cd205dp-460,0x1.3ebe06dc0bd2dp-76,1.64785902801564669e-23
12,46,0x1.9ed30e4074849p-78,0x1.92b48a5cd205dp-460,0x1.9ed30e407484ap-78,5.36148017578411097e-24
12,47,0x1.0dd0327a22616p-79,0x1.92b48a5cd205dp-460,0x1.0dd0327a22617p-79,1.74362739167870176e-24
12,48,0x1.5ed511c0b77f1p-81,0x1.92b48a5cd205dp-460,0x1.5ed511c0b77f2p-81,5.66800153485224974e-25
12,49,0x1.c7faec95eccd8p-83,0x1.92b48a5cd205dp-460,0x1.c7faec95eccd9p-83,1.84168925004504784e-25
12,50,0x1.2831789354308p-84,0x1.92b48a5cd205dp-460,0x1.2831789354309p-84,5.98157496903392595e-26
12,51,0x1.80a2c3e4f359ap-86,0x1.92b48a5cd205dp-460,0x1.80a2c3e4f359bp-86,1.94191453848818116e-26
12,52,0x1.f3471053f7dcap-88,0x1.92b48a5cd205dp-460,0x1.f3471053f7dcbp-88,6.30176918221004856e-27
12,53,0x1.43e90253350e4p-89,0x1.92b48a5cd205dp-460,0x1.43e90253350e5p-89,2.04416069644931805e-27
12,54,0x1.a41b4db7af6bbp-91,0x1.92b48a5cd205dp-460,0x1.a41b4db7af6bcp-91,6.62811431714093204e-28
12,55,0x1.1053741d51257p-92,0x1.92b48a5cd205dp-460,0x1.1053741d51258p-92,2.14827327394417220e-28
12,56,0x1.60eb5061c5cebp-94,0x1.92b48a5cd205dp-460,0x1.60eb5061c5cecp-94,6.96010389647768881e-29
12,57,0x1.c92edd8bd6b83p-96,0x1.92b48a5cd205dp-460,0x1.c92edd8bd6b84p-96,2.25408655559894598e-29
12,58,0x1.28026ca672d6ap-97,0x1.92b48a5cd205dp-460,0x1.28026ca672d6bp-97,7.29719683594778151e-30
12,59,0x1.7f29b96078da5p-99,0x1.92b48a5cd205dp-460,0x1.7f29b96078da6p-99,2.36142421169213301e-30
12,60,0x1.efc9a8f98e3bbp-101,0x1.92b48a5cd205dp-460,0x1.efc9a8f98e3bcp-101,7.63881955302744666e-31
12,61,0x1.40a326b52d4c4p-102,0x1.92b48a5cd205dp-460,0x1.40a326b52d4c5p-102,2.47009998171367976e-31
12,62,0x1.9e927509c9cd2p-104,0x1.92b48a5cd205dp-460,0x1.9e927509c9cd3p-104,7.98436818342340404e-32
12,63,0x1.0be9febe8ed97p-105,0x1.92b48a5cd205dp-460,0x1.0be9febe8ed98p-105,2.57991839295726104e-32
12,64,0x1.5a25e5dbea028p-107,0x1.92b48a5cd205dp-460,0x1.5a25e5dbea029p-107,8.33321090962896965e-33
12,65,0x1.bf10add8a59f5p-109,0x1.92b48a5cd205dp-460,0x1.bf10add8a59f6p-109,2.69067551451730507e-33
12,66,0x1.20992cd58d9bbp-110,0x1.92b48a5cd205dp-460,0x1.20992cd58d9bcp-110,8.68469040016148857e-34
12,67,0x1.74788e192c3a9p-112,0x1.92b48a5cd205dp-460,0x1.74788e192c3aap-112,2.80215974557859727e-34
12,68,0x1.e08c99e3e595ap-114,0x1.92b48a5cd205dp-460,0x1.e08c99e3e595bp-114,9.03812635421262946e-35
12,69,0x1.35e2c7d02f227p-115,0x1.92b48a5cd205dp-460,0x1.35e2c7d02f228p-115,2.91415263587619892e-35
12,70,0x1.8f86bb83e13dfp-117,0x1.92b48a5cd205dp-460,0x1.8f86bb83e13ep-117,9.39281814381014379e-36
12,71,0x1.0175cd99269b2p-118,0x1.92b48a5cd205dp-460,0x1.0175cd99269b3p-118,3.02642973551521953e-36
12,72,0x1.4bb5787219be7p-120,0x1.92b48a5cd205dp-460,0x1.4bb5787219be8p-120,9.74804754378238444e-37
12,73,0x1.ab39dfeb969p-122,0x1.92b48a5cd205dp-460,0x1.ab39dfeb96901p-122,3.13876147086230156e-37
12,74,0x1.130833c4d5679p-123,0x1.92b48a5cd205dp-460,0x1.130833c4d567ap-123,1.01030815385425536e-37
12,75,0x1.61fe41d59bbddp-125,0x1.92b48a5cd205dp-460,0x1.61fe41d59bbdep-125,3.25091404287695360e-38
12,76,0x1.c7796655c70e7p-127,0x1.92b48a5cd205dp-460,0x1.c7796655c70e8p-127,1.04571751937728553e-38
12,77,0x1.24ed9bc7845f3p-128,0x1.92b48a5cd205dp-460,0x1.24ed9bc7845f4p-128,3.36265034399298972e-39
12,78,0x1.78a8a09b39a51p-130,0x1.92b48a5cd205dp-460,0x1.78a8a09b39a52p-130,1.08095745803711474e-39
12,79,0x1.e42adc242523dp-132,0x1.92b48a5cd205dp-460,0x1.e42adc242523ep-132,3.47373088945859763e-40
12,80,0x1.3714fe75cbd94p-133,0x1.92b48a5cd205dp-460,0x1.3714fe75cbd95p-133,1.11595197374525226e-40
12,81,0x1.8f9eae70d897p-135,0x1.92b48a5cd205dp-460,0x1.8f9eae70d8971p-135,3.58391475888237589e-41
12,82,0x1.00990fcbb3a43p-136,0x1.92b48a5cd205dp-460,0x1.00990fcbb3a44p-136,1.15062476607423824e-41
12,83,0x1.496c4f86389fp-138,0x1.92b48a5cd205dp-460,0x1.496c4f86389f1p-138,3.69296054360379540e-42
12,84,0x1.a6c949a7f925bp-140,0x1.92b48a5cd205dp-460,0x1.a6c949a7f925cp-140,1.18489953023364503e-42
12,85,0x1.0f38c9a5fcfbfp-141,0x1.92b48a5cd205dp-460,0x1.0f38c9a5fcfcp-141,3.80062729540733349e-43
12,86,0x1.5be09efc05afbp-143,0x1.92b48a5cd205dp-460,0x1.5be09efc05afcp-143,1.21870025675366676e-43
12,87,0x1.be1040819ea9ap-145,0x1.92b48a5cd205dp-460,0x1.be1040819ea9bp-145,3.90667547202980742e-44
12,88,0x1.1de52b1c942f7p-146,0x1.92b48a5cd205dp-460,0x1.1de52b1c942f8p-146,1.25195152942989253e-44
12,89,0x1.6e5e3d4d3e0f9p-148,0x1.92b48a5cd205dp-460,0x1.6e5e3d4d3e0fap-148,4.01086787487124440e-45
12,90,0x1.d55a7fc6a0093p-150,0x1.92b48a5cd205dp-460,0x1.d55a7fc6a0094p-150,1.28457882007538032e-45
12,91,0x1.2c8e3fd3e0957p-151,0x1.92b48a5cd205dp-460,0x1.2c8e3fd3e0958p-151,4.11297057431255304e-46
12,92,0x1.80d0e1e8d54f6p-153,0x1.92b48a5cd205dp-460,0x1.80d0e1e8d54f7p-153,1.31650877862942314e-46
12,93,0x1.ec8e44346d478p-155,0x1.92b48a5cd205dp-460,0x1.ec8e44346d479p-155,4.21275381807030780e-47
12,94,0x1.3b23af41a91cap-156,0x1.92b48a5cd205dp-460,0x1.3b23af41a91cbp-156,1.34766951718615606e-47
12,95,0x1.9323d3b6655dbp-158,0x1.92b48a5cd205dp-460,0x1.9323d3b6655dcp-158,4.30999291807993227e-48
12,96,0x1.01c8a71c98a15p-159,0x1.92b48a5cd205dp-460,0x1.01c8a71c98a16p-159,1.37799088653126350e-48
12,97,0x1.4994ddaca564ep-161,0x1.92b48a5cd205dp-460,0x1.4994ddaca564fp-161,4.40446911149628416e-49
12,98,0x1.a542131fd0e39p-163,0x1.92b48a5cd205dp-460,0x1.a542131fd0e3ap-163,1.40740474381139695e-49
12,99,0x1.0d248bb78295ap-164,0x1.92b48a5cd205dp-460,0x1.0d248bb78295bp-164,4.49597039153286851e-50
12,100,0x1.57d10e2612e69p-166,0x1.92b48a5cd205dp-460,0x1.57d10e2612e6ap-166,1.43584521000839699e-50
12,101,0x1.b716852d58c87p-168,0x1.92b48a5cd205dp-460,0x1.b716852d58c88p-168,4.58429230402832025e-51
12,102,0x1.184d849e84766p-169,0x1.92b48a5cd205dp-460,0x1.184d849e84767p-169,1.46324891594871524e-51
12,103,0x1.65c7851b4ce07p-171,0x1.92b48a5cd205dp-460,0x1.65c7851b4ce08p-171,4.66923870583033401e-52
12,104,0x1.c88c1f36ff711p-173,0x1.92b48a5cd205dp-460,0x1.c88c1f36ff712p-173,1.48955523564730440e-52
12,105,0x1.233659ff740f2p-174,0x1.92b48a5cd205dp-460,0x1.233659ff740f3p-174,4.75062248132044654e-53
12,106,0x1.7367ab1a01de2p-176,0x1.92b48a5cd205dp-460,0x1.7367ab1a01de3p-176,1.51470650586377304e-53
12,107,0x1.d98e12aa8c34dp-178,0x1.92b48a5cd205dp-460,0x1.d98e12aa8c34ep-178,4.82826621366616704e-54
12,108,0x1.2dd20307e9263p-179,0x1.92b48a5cd205dp-460,0x1.2dd20307e9264p-179,1.53864823083631658e-54
12,109,0x1.80a12f6007011p-181,0x1.92b48a5cd205dp-460,0x1.80a12f6007012p-181,4.90200280767721279e-55
12,110,0x1.ea07f864402ccp-183,0x1.92b48a5cd205dp-460,0x1.ea07f864402cdp-183,1.56132927125453734e-55
12,111,0x1.3813c10aa8578p-184,0x1.92b48a5cd205dp-460,0x1.3813c10aa8579p-184,4.97167606145714606e-56
12,112,0x1.8d6429d0031aap-186,0x1.92b48a5cd205dp-460,0x1.8d6429d0031abp-186,1.58270201663523151e-56
12,113,0x1.f9e5fb195b682p-188,0x1.92b48a5cd205dp-460,0x1.f9e5fb195b683p-188,5.03714118437703743e-57
12,114,0x1.41ef39f457394p-189,0x1.92b48a5cd205dp-460,0x1.41ef39f457395p-189,1.60272254037409341e-57
12,115,0x1.99a13be637ce3p-191,0x1.92b48a5cd205dp-460,0x1.99a13be637ce4p-191,5.09826525924973619e-58
12,116,0x1.048a802b72f19p-192,0x1.92b48a5cd205dp-460,0x1.048a802b72f1ap-192,1.62135073685996303e-58
12,117,0x1.4b5891c164459p-194,0x1.92b48a5cd205dp-460,0x1.4b5891c16445ap-194,5.15492764694999416e-59
12,118,0x1.a549b04c7c4b8p-196,0x1.92b48a5cd205dp-460,0x1.a549b04c7c4b9p-196,1.63855044015572493e-59
12,119,0x1.0bc167ce57c3ap-197,0x1.92b48a5cd205dp-460,0x1.0bc167ce57c3bp-197,5.20702033210105400e-60
12,120,0x1.544482aaf394cp-199,0x1.92b48a5cd205dp-460,0x1.544482aaf394dp-199,1.65428952386989934e-60
12,121,0x1.b04f98b1f04b2p-201,0x1.92b48a5cd205dp-460,0x1.b04f98b1f04b3p-201,5.25444820883008150e-61
12,122,0x1.128f1b91ff7bfp-202,0x1.92b48a5cd205dp-460,0x1.128f1b91ff7cp-202,1.66853998196413539e-61
12,123,0x1.5ca873c5c32d8p-204,0x1.92b48a5cd205dp-460,0x1.5ca873c5c32d9p-204,5.29712930597860729e-62
12,124,0x1.baa5e991dfb53p-206,0x1.92b48a5cd205dp-460,0x1.baa5e991dfb54p-206,1.68127799036309989e-62
12,125,0x1.18eb96f55d77p-207,0x1.92b48a5cd205dp-460,0x1.18eb96f55d771p-207,5.33499495153674463e-63
12,126,0x1.647a8dd433068p-209,0x1.92b48a5cd205dp-460,0x1.647a8dd433069p-209,1.69248394935344357e-63
12,127,0x1.c440939d917fap-211,0x1.92b48a5cd205dp-460,0x1.c440939d917fbp-211,5.36798987644698832e-64
12,128,0x1.1ecf79536033fp-212,0x1.92b48a5cd205dp-460,0x1.1ecf79536034p-212,1.70214250687684300e-64
12,129,0x1.6bb1ce13c5f52p-214,0x1.92b48a5cd205dp-460,0x1.6bb1ce13c5f53p-214,5.39607225829225490e-65
12,130,0x1.cd149a861a606p-216,0x1.92b48a5cd205dp-460,0x1.cd149a861a607p-216,1.71024256293682907e-65
12,131,0x1.243413a8a6686p-217,0x1.92b48a5cd205dp-460,0x1.243413a8a6687p-217,5.41921370574061239e-66
12,132,0x1.724616d65d4b3p-219,0x1.92b48a5cd205dp-460,0x1.724616d65d4b4p-219,1.71677725545000485e-66
12,133,0x1.d51828ed8cb74p-221,0x1.92b48a5cd205dp-460,0x1.d51828ed8cb75p-221,5.43739918496151221e-67
12,134,0x1.29137483ce807p-222,0x1.92b48a5cd205dp-460,0x1.29137483ce808p-222,1.72174392797825948e-67
12,135,0x1.78303dbff235fp-224,0x1.92b48a5cd205dp-460,0x1.78303dbff236p-224,5.45062688955453262e-68
12,136,0x1.dc42a151c7ec4p-226,0x1.92b48a5cd205dp-460,0x1.dc42a151c7ec5p-226,1.72514407987854085e-68
12,137,0x1.2d687205eb671p-227,0x1.92b48a5cd205dp-460,0x1.2d687205eb672p-227,5.45890805583838719e-69
12,138,0x1.7d6a178a77846p-229,0x1.92b48a5cd205dp-460,0x1.7d6a178a77847p-229,1.72698329950026562e-69
12,139,0x1.e28cabce7ef3dp-231,0x1.92b48a5cd205dp-460,0x1.e28cabce7ef3ep-231,5.46226672563277197e-70
12,140,0x1.312eb1dfdbacap-232,0x1.92b48a5cd205dp-460,0x1.312eb1dfdbacbp-232,1.72727118114733860e-70
12,141,0x1.81ee813aac89dp-234,0x1.92b48a5cd205dp-460,0x1.81ee813aac89ep-234,5.46073945892762010e-71
12,142,0x1.e7f0409f94e43p-236,0x1.92b48a5cd205dp-460,0x1.e7f0409f94e44p-236,1.72602122660057162e-71
12,143,0x1.3462af4085fc4p-237,0x1.92b48a5cd205dp-460,0x1.3462af4085fc5p-237,5.45437499907249957e-72
12,144,0x1.85b966b9d245p-239,0x1.92b48a5cd205dp-460,0x1.85b966b9d2451p-239,1.72325073206739328e-72
12,145,0x1.ec68af5870428p-241,0x1.92b48a5cd205dp-460,0x1.ec68af5870429p-241,5.44323389333018873e-73
12,146,0x1.3701beaf34bc8p-242,0x1.92b48a5cd205dp-460,0x1.3701beaf34bc9p-242,1.71898066148877085e-73
12,147,0x1.88c7c6d13b33cp-244,0x1.92b48a5cd205dp-460,0x1.88c7c6d13b33dp-244,5.42738807182428270e-74
12,148,0x1.eff2a2d02cbeep-246,0x1.92b48a5cd205dp-460,0x1.eff2a2d02cbefp-246,1.71323550718759764e-74
12,149,0x1.390a0fd4524f2p-247,0x1.92b48a5cd205dp-460,0x1.390a0fd4524f3p-247,5.40692038806916897e-75
12,150,0x1.8b17b48d6d97ep-249,0x1.92b48a5cd205dp-460,0x1.8b17b48d6d97fp-249,1.70604313888861422e-75
12,151,0x1.f28c21cd6fd99p-251,0x1.92b48a5cd205dp-460,0x1.f28c21cd6fd9ap-251,5.38192412440260887e-76
12,152,0x1.3a7aad3982b5ap-252,0x1.92b48a5cd205dp-460,0x1.3a7aad3982b5bp-252,1.69743464217728112e-76
12,153,0x1.8ca85616e37cdp-254,0x1.92b48a5cd205dp-460,0x1.8ca85616e37cep-254,5.35250246574456390e-77
12,154,0x1.f4348c86ec7cp-256,0x1.92b48a5cd205dp-460,0x1.f4348c86ec7c1p-256,1.68744414749381373e-77
12,155,0x1.3b537a106c612p-257,0x1.92b48a5cd205dp-460,0x1.3b537a106c613p-257,5.31876794518428439e-78
12,156,0x1.8d79e1163ccf8p-259,0x1.92b48a5cd205dp-460,0x1.8d79e1163ccf9p-259,1.67610865077867754e-78
12,157,0x1.f4ec97172ea68p-261,0x1.92b48a5cd205dp-460,0x1.f4ec97172ea69p-261,5.28084186494842988e-79
12,158,0x1.3b952e155a86fp-262,0x1.92b48a5cd205dp-460,0x1.3b952e155a87p-262,1.66346782689807120e-79
12,159,0x1.8d8d94c0dbbdap-264,0x1.92b48a5cd205dp-460,0x1.8d8d94c0dbbdbp-264,5.23885369632816803e-80
12,160,0x1.f4b6410afb73ep-266,0x1.92b48a5cd205dp-460,0x1.f4b6410afb73fp-266,1.64956383698210099e-80
12,161,0x1.3b414fa82ce83p-267,0x1.92b48a5cd205dp-460,0x1.3b414fa82ce84p-267,5.19294046214423431e-81
12,162,0x1.8ce5b1b14c9f9p-269,0x1.92b48a5cd205dp-460,0x1.8ce5b1b14c9fap-269,1.63444113080453398e-81
12,163,0x1.f394ca3952122p-271,0x1.92b48a5cd205dp-460,0x1.f394ca3952123p-271,5.14324610530609169e-82
12,164,0x1.3a5a2c3ab522bp-272,0x1.92b48a5cd205dp-460,0x1.3a5a2c3ab522cp-272,1.61814624532236466e-82
12,165,0x1.8b856fb478571p-274,0x1.92b48a5cd205dp-460,0x1.8b856fb478572p-274,5.08992084697574895e-83
12,166,0x1.f18ca51ad493ap-276,0x1.92b48a5cd205dp-460,0x1.f18ca51ad493bp-276,1.60072760047571959e-83
12,167,0x1.38e2cf37a5a4ep-277,0x1.92b48a5cd205dp-460,0x1.38e2cf37a5a4fp-277,5.03312053777990411e-84
12,168,0x1.8970f1b9667e2p-279,0x1.92b48a5cd205dp-460,0x1.8970f1b9667e3p-279,1.58223529332418884e-84
12,169,0x1.eea366dc069abp-281,0x1.92b48a5cd205dp-460,0x1.eea366dc069acp-281,4.97300600542892860e-85
12,170,0x1.36def7888ad97p-282,0x1.92b48a5cd205dp-460,0x1.36def7888ad98p-282,1.56272089156571056e-85
12,171,0x1.86ad38153befbp-284,0x1.92b48a5cd205dp-460,0x1.86ad38153befcp-284,4.90974240199598028e-86
12,172,0x1.eadfb56a5c7f2p-286,0x1.92b48a5cd205dp-460,0x1.eadfb56a5c7f3p-286,1.54223722744846365e-86
12,173,0x1.34530be3e93abp-287,0x1.92b48a5cd205dp-460,0x1.34530be3e93acp-287,4.84349855398896593e-87
12,174,0x1.83401150284e9p-289,0x1.92b48a5cd205dp-460,0x1.83401150284eap-289,1.52083819304557232e-87
12,175,0x1.e64933bf85d81p-291,0x1.92b48a5cd205dp-460,0x1.e64933bf85d82p-291,4.77444631821311620e-88
12,176,0x1.31440e0e89ff1p-292,0x1.92b48a5cd205dp-460,0x1.31440e0e89ff2p-292,1.49857853781722493e-88
12,177,0x1.7f3009b21a507p-294,0x1.92b48a5cd205dp-460,0x1.7f3009b21a508p-294,4.70275994627223551e-89
12,178,0x1.e0e86cb0b5452p-296,0x1.92b48a5cd205dp-460,0x1.e0e86cb0b5453p-296,1.47551366933637828e-89
12,179,0x1.2db78d3c3f3b3p-297,0x1.92b48a5cd205dp-460,0x1.2db78d3c3f3b4p-297,4.62861546039645274e-90
12,180,0x1.7a8459c75c4d8p-299,0x1.92b48a5cd205dp-460,0x1.7a8459c75c4d9p-299,1.45169945800122240e-90
12,181,0x1.dac6bc88ec7a2p-301,0x1.92b48a5cd205dp-460,0x1.dac6bc88ec7a3p-301,4.55219004311563104e-91
12,182,0x1.29b397bcfd3e1p-302,0x1.92b48a5cd205dp-460,0x1.29b397bcfd3e2p-302,1.42719204650301438e-91
12,183,0x1.7544d415b0d78p-304,0x1.92b48a5cd205dp-460,0x1.7544d415b0d79p-304,4.47366144311717595e-92
12,184,0x1.d3ee39b592e45p-306,0x1.92b48a5cd205dp-460,0x1.d3ee39b592e46p-306,1.40204766476028585e-92
12,185,0x1.253eac2319cf7p-307,0x1.92b48a5cd205dp-460,0x1.253eac2319cf8p-307,4.39320739944414350e-93
12,186,0x1.6f79d23a351a5p-309,0x1.92b48a5cd205dp-460,0x1.6f79d23a351a6p-309,1.37632245097106737e-93
12,187,0x1.cc699ccbe55dcp-311,0x1.92b48a5cd205dp-460,0x1.cc699ccbe55ddp-311,4.31100508599985746e-94
12,188,0x1.205faa0edcc8dp-312,0x1.92b48a5cd205dp-460,0x1.205faa0edcc8ep-312,1.35007227937449336e-94
12,189,0x1.692c21a7426b3p-314,0x1.92b48a5cd205dp-460,0x1.692c21a7426b4p-314,4.22723057813133140e-95
12,190,0x1.c444282c315a5p-316,0x1.92b48a5cd205dp-460,0x1.c444282c315a6p-316,1.32335259525190531e-95
12,191,0x1.1b1dc2ca5cacap-317,0x1.92b48a5cd205dp-460,0x1.1b1dc2ca5cacbp-317,4.14205834287067405e-96
12,192,0x1.6264f037d0f6cp-319,0x1.92b48a5cd205dp-460,0x1.6264f037d0f6dp-319,1.29621825763552261e-96
12,193,0x1.bb898f8561428p-321,0x1.92b48a5cd205dp-460,0x1.bb898f8561429p-321,4.05566075421829205e-97
12,194,0x1.158069def244cp-322,0x1.92b48a5cd205dp-460,0x1.158069def244dp-322,1.26872339013178331e-97
12,195,0x1.5b2db8cb8ccd3p-324,0x1.92b48a5cd205dp-460,0x1.5b2db8cb8ccd4p-324,3.96820763465692191e-98
12,196,0x1.b245df7839b3bp-326,0x1.92b48a5cd205dp-460,0x1.b245df7839b3cp-326,1.24092124020508542e-98
12,197,0x1.0f8f45cb6edcap-327,0x1.92b48a5cd205dp-460,0x1.0f8f45cb6edcbp-327,3.87986582389492343e-99
12,198,0x1.5390301bf6c68p-329,0x1.92b48a5cd205dp-460,0x1.5390301bf6c69p-329,1.21286404720739663e-99
12,199,0x1.a8856595deed7p-331,0x1.92b48a5cd205dp-460,0x1.a8856595deed8p-331,3.79079877564896896e-100
12,200,0x1.095220ffc00b5p-332,0x1.92b48a5cd205dp-460,0x1.095220ffc00b6p-332,1.18460291938073678e-100
12,201,0x1.4b9631f79f6d9p-334,0x1.92b48a5cd205dp-460,0x1.4b9631f79f6dap-334,3.70116618309051689e-101
12,202,0x1.9e5498f0e890cp-336,0x1.92b48a5cd205dp-460,0x1.9e5498f0e890dp-336,1.15618772000199168e-101
12,203,0x1.02d0db3fda54p-337,0x1.92b48a5cd205dp-460,0x1.02d0db3fda541p-337,3.61112363340499177e-102
12,204,0x1.4349af0cdf013p-339,0x1.92b48a5cd205dp-460,0x1.4349af0cdf014p-339,1.12766696278368646e-102
12,205,0x1.93c0037387658p-341,0x1.92b48a5cd205dp-460,0x1.93c0037387659p-341,3.52082229173818404e-103
12,206,0x1.f826b71960b6cp-343,0x1.92b48a5cd205dp-460,0x1.f826b71960b6dp-343,1.09908771659187917e-103
12,207,0x1.3ab49b6976096p-344,0x1.92b48a5cd205dp-460,0x1.3ab49b6976097p-344,3.43040861463983264e-104
12,208,0x1.88d42c2827595p-346,0x1.92b48a5cd205dp-460,0x1.88d42c2827596p-346,1.07049551949066548e-104
12,209,0x1.ea43055d6dbc2p-348,0x1.92b48a5cd205dp-460,0x1.ea43055d6dbc3p-348,3.34002409295851973e-105
12,210,0x1.31e0ddd0525bdp-349,0x1.92b48a5cd205dp-460,0x1.31e0ddd0525bep-349,1.04193430207445709e-105
12,211,0x1.7d9d829c9eb96p-351,0x1.92b48a5cd205dp-460,0x1.7d9d829c9eb97p-351,3.24980502399183879e-106
12,212,0x1.dc063cf41a5f5p-353,0x1.92b48a5cd205dp-460,0x1.dc063cf41a5f6p-353,1.01344632000410911e-106
12,213,0x1.28d840025e45ep-354,0x1.92b48a5cd205dp-460,0x1.28d840025e45fp-354,3.15988231255593752e-107
12,214,0x1.72284b827ac4bp-356,0x1.92b48a5cd205dp-460,0x1.72284b827ac4cp-356,9.85072095619562059e-108
12,215,0x1.cd7fbbc1ca525p-358,0x1.92b48a5cd205dp-460,0x1.cd7fbbc1ca526p-358,3.07038130050961885e-108
12,216,0x1.1fa46012d64e9p-359,0x1.92b48a5cd205dp-460,0x1.1fa46012d64eap-359,9.56850368462077915e-109
12,217,0x1.66808ea966ea2p-361,0x1.92b48a5cd205dp-460,0x1.66808ea966ea3p-361,2.98142162414518385e-109
12,218,0x1.bebe8bca83ec8p-363,0x1.92b48a5cd205dp-460,0x1.bebe8bca83ec9p-363,9.28818054502850411e-110
12,219,0x1.164ea2db3560cp-364,0x1.92b48a5cd205dp-460,0x1.164ea2db3560dp-364,2.89311709874817036e-110
12,220,0x1.5ab2066b1caefp-366,0x1.92b48a5cd205dp-460,0x1.5ab2066b1cafp-366,9.01010213840549396e-111
12,221,0x1.afd14eef4fbdap-368,0x1.92b48a5cd205dp-460,0x1.afd14eef4fbdbp-368,2.80557562952769342e-111
12,222,0x1.0ce0279e67dp-369,0x1.92b48a5cd205dp-460,0x1.0ce0279e67d01p-369,8.73460026600434247e-112
12,223,0x1.4ec8109ad10fap-371,0x1.92b48a5cd205dp-460,0x1.4ec8109ad10fbp-371,2.71889914802602669e-112
12,224,0x1.a0c62c99d782ep-373,0x1.92b48a5cd205dp-460,0x1.a0c62c99d782fp-373,8.46198776740549657e-113
12,225,0x1.0361bce6b1137p-374,0x1.92b48a5cd205dp-460,0x1.0361bce6b1138p-374,2.63318357303721051e-113
12,226,0x1.42cda104c2fabp-376,0x1.92b48a5cd205dp-460,0x1.42cda104c2facp-376,8.19255843445842822e-114
12,227,0x1.91aac16403fcp-378,0x1.92b48a5cd205dp-460,0x1.91aac16403fc1p-378,2.54851879499245036e-114
12,228,0x1.f3b7ad4b2754bp-380,0x1.92b48a5cd205dp-460,0x1.f3b7ad4b2754cp-380,7.92658699770947203e-115
12,229,0x1.36cd3585744d7p-381,0x1.92b48a5cd205dp-460,0x1.36cd3585744d8p-381,2.46498868270790237e-115
12,230,0x1.828c10c306525p-383,0x1.92b48a5cd205dp-460,0x1.828c10c306526p-383,7.66432918174080706e-116
12,231,0x1.e0ad0b324236ap-385,0x1.92b48a5cd205dp-460,0x1.e0ad0b324236bp-385,2.38267111134111943e-116
12,232,0x1.2ad0cbbb414eap-386,0x1.92b48a5cd205dp-460,0x1.2ad0cbbb414ebp-386,7.40602182569466946e-117
12,233,0x1.737678b74308dp-388,0x1.92b48a5cd205dp-460,0x1.737678b74308ep-388,2.30163801035799348e-117
12,234,0x1.cdb2dfecd62ep-390,0x1.92b48a5cd205dp-460,0x1.cdb2dfecd62e1p-390,7.15188306514441442e-118
12,235,0x1.1ee1d85084a22p-391,0x1.92b48a5cd205dp-460,0x1.1ee1d85084a23p-391,2.22195543027950826e-118
12,236,0x1.6475a77d056ddp-393,0x1.92b48a5cd205dp-460,0x1.6475a77d056dep-393,6.90211257137720467e-119
12,237,0x1.bad796aacc897p-395,0x1.92b48a5cd205dp-460,0x1.bad796aacc898p-395,2.14368362695430018e-119
12,238,0x1.13093fd84982p-396,0x1.92b48a5cd205dp-460,0x1.13093fd849821p-396,6.65689184409007067e-120
12,239,0x1.55949334c88d4p-398,0x1.92b48a5cd205dp-460,0x1.55949334c88d5p-398,2.06687716208496085e-120
12,240,0x1.a828afaee39bep-400,0x1.92b48a5cd205dp-460,0x1.a828afaee39bfp-400,6.41638455346695575e-121
12,241,0x1.074f5133c186ap-401,0x1.92b48a5cd205dp-460,0x1.074f5133c186bp-401,1.99158501872900650e-121
12,242,0x1.46dd737543191p-403,0x1.92b48a5cd205dp-460,0x1.46dd737543192p-403,6.18073692758346436e-122
12,243,0x1.95b2b8fdd054dp-405,0x1.92b48a5cd205dp-460,0x1.95b2b8fdd054ep-405,1.91785073049538751e-122
12,244,0x1.f77782e6996e9p-407,0x1.92b48a5cd205dp-460,0x1.f77782e6996eap-407,5.95007818110139678e-123
12,245,0x1.3859bcb546e36p-408,0x1.92b48a5cd205dp-460,0x1.3859bcb546e38p-408,1.84571252316116737e-123
12,246,0x1.838149574445fp-410,0x1.92b48a5cd205dp-460,0x1.8381495744466p-410,5.72452098124381085e-124
12,247,0x1.e0ab5245c9a0bp-412,0x1.92b48a5cd205dp-460,0x1.e0ab5245c9a25p-412,1.77520346744934699e-124
12,248,0x1.2a121d77ec1bp-413,0x1.92b48a5cd205dp-460,0x1.2a121d77ec1e3p-413,5.50416194708800395e-125
12,249,0x1.719efd5c5b0f6p-415,0x1.92b48a5cd205dp-460,0x1.719efd5c5b1cp-415,1.70635164172509045e-125
12,250,0x1.ca4705de5333cp-417,0x1.92b48a5cd205dp-460,0x1.ca4705de53662p-417,5.28908217828993849e-126
12,251,0x1.1c0e7d226ed7fp-418,0x1.92b48a5cd205dp-460,0x1.1c0e7d226f3cap-418,1.63918030339296660e-126
12,252,0x1.601576c34be2bp-420,0x1.92b48a5cd205dp-460,0x1.601576c34d757p-420,5.07934780943594585e-127
12,253,0x1.b456571c45721p-422,0x1.92b48a5cd205dp-460,0x1.b456571c4bbcfp-422,1.57370806781069068e-127
12,254,0x1.0e55fc609832ep-423,0x1.92b48a5cd205dp-460,0x1.0e55fc60a4c89p-423,4.87501058633991061e-128
12,255,0x1.4eed5d753abap-425,0x1.92b48a5cd205dp-460,0x1.4eed5d756d10ap-425,1.50994909358794853e-128
12,256,0x1.9ee3c5aa0a00bp-427,0x1.92b48a5cd205dp-460,0x1.9ee3c5aad35bp-427,4.67610846093094400e-129
12,257,0x1.00eef6fa69108p-428,0x1.92b48a5cd205dp-460,0x1.00eef6fbfbc51p-428,1.44791327338716492e-129
12,258,0x1.3e2e627045234p-430,0x1.92b48a5cd205dp-460,0x1.3e2e62768ff57p-430,4.48266620359594619e-130
12,259,0x1.89f89bc45d299p-432,0x1.92b48a5cd205dp-460,0x1.89f89bdd88724p-432,1.38760643149300083e-130
12,260,0x1.e7be0df2a8883p-434,0x1.92b48a5cd205dp-460,0x1.e7be0e5755aadp-434,4.29469605314187773e-131
12,261,0x1.2ddf443b40534p-435,0x1.92b48a5cd205dp-460,0x1.2ddf45049a987p-435,1.32903055069734625e-131
12,262,0x1.759cf459bc1c9p-437,0x1.92b48a5cd205dp-460,0x1.759cf77f25315p-437,4.11219863786342376e-132
12,263,0x1.ce561157b0df9p-439,0x1.92b48a5cd205dp-460,0x1.ce561ded55328p-439,1.27218426508323170e-132
12,264,0x1.1e05d38f854a6p-440,0x1.92b48a5cd205dp-460,0x1.1e05ecbacdf03p-440,3.93516654930324234e-133
12,265,0x1.61d7be3e5a008p-442,0x1.92b48a5cd205dp-460,0x1.61d822eb7c97cp-442,1.21706601136946105e-133
12,266,0x1.b5ae2de47577fp-444,0x1.92b48a5cd205dp-460,0x1.b5afc098ffd4dp-444,3.76361459157550427e-134
12,267,0x1.0ea6d8870f9c4p-445,0x1.92b48a5cd205dp-460,0x1.0ea9fdf02455fp-445,1.16370395346089859e-134
12,268,0x1.4eae474833356p-447,0x1.92b48a5cd205dp-460,0x1.4ebadcec861cp-447,3.59787875673421159e-135
12,269,0x1.9dcb502e45969p-449,0x1.92b48a5cd205dp-460,0x1.9dfda6bf9130ep-449,1.11245563049338125e-135
12,270,0x1.ff85860c6d566p-451,0x1.92b48a5cd205dp-460,0x1.00277028cddfcp-450,3.44162241411883176e-136
12,271,0x1.3c181fec95d6p-452,0x1.92b48a5cd205dp-460,0x1.3daad476f2a81p-452,1.06702479737045175e-136
12,272,0x1.86836e89b1957p-454,0x1.92b48a5cd205dp-460,0x1.8cce40b324dd9p-454,3.33211420210624806e-137
12,273,0x1.e21002b3d8f72p-456,0x1.92b48a5cd205dp-460,0x1.fb3b4b59a6178p-456,1.06484974091926037e-137
12,274,0x1.28ef6d25d0e2p-457,0x1.92b48a5cd205dp-460,0x1.5b45fe716b22cp-457,3.64521838902388380e-138
12,275,0x1.6bdaf00818b34p-459,0x1.92b48a5cd205dp-460,0x1.1a9a9a9b40db2p-458,1.48320166630522281e-138
12,276,0x1.b78c502f14328p-461,0x1.92b48a5cd205dp-460,0x1.373d593a2e0f9p-459,8.16745843655499142e-139
12,277,0x1.ff3d677d9f651p-463,0x1.92b48a5cd205dp-460,0x1.d29c374c85f28p-460,6.12232351637984713e-139
12,278,0x1.0c3ec85d3d4fbp-464,0x1.92b48a5cd205dp-460,0x1.a37876e2a5dadp-460,5.50381109381803508e-139
12,279,0x1.9993acc140945p-467,0x1.92b48a5cd205dp-460,0x1.95e7b1b65487p-460,5.32582006595602817e-139
12,280,0x0p+0,0x1.92b48a5cd205dp-460,0x1.92b48a5cd205dp-460,5.28383571282275652e-139
