height,threshold,known_upper_hex,unknown_moment_hex,total_upper_hex,total_upper_decimal
1,0,0x1.8bd61e7a41077p-6,0x1.1c4cdfe2c949cp-643,0x1.8bd61e7a41078p-6,2.41599366791125092e-02
1,1,0x1.6df3fb57f26cbp-8,0x1.1c4cdfe2c949cp-643,0x1.6df3fb57f26ccp-8,5.58400045697178202e-03
1,2,0x1.27b41e91a99bap-10,0x1.1c4cdfe2c949cp-643,0x1.27b41e91a99bbp-10,1.12801968172392022e-03
1,3,0x1.a7aed508997cfp-13,0x1.1c4cdfe2c949cp-643,0x1.a7aed508997dp-13,2.02027768199274180e-04
1,4,0x1.104fb2da23e7fp-15,0x1.1c4cdfe2c949cp-643,0x1.104fb2da23e8p-15,3.24620393296034052e-05
1,5,0x1.3d2bd7bee0151p-18,0x1.1c4cdfe2c949cp-643,0x1.3d2bd7bee0152p-18,4.72622008274054858e-06
1,6,0x1.518a7efa1e48bp-21,0x1.1c4cdfe2c949cp-643,0x1.518a7efa1e48cp-21,6.28719106345687348e-07
1,7,0x1.4a90de9cc7a4cp-24,0x1.1c4cdfe2c949cp-643,0x1.4a90de9cc7a4dp-24,7.69658705210265830e-08
1,8,0x1.2bbe64081433p-27,0x1.1c4cdfe2c949cp-643,0x1.2bbe640814331p-27,8.72369022866613412e-09
1,9,0x1.f9fda4250c381p-31,0x1.1c4cdfe2c949cp-643,0x1.f9fda4250c382p-31,9.20391877843254624e-10
1,10,0x1.8f63bac2acaebp-34,0x1.1c4cdfe2c949cp-643,0x1.8f63bac2acaecp-34,9.08106741208649774e-11
1,11,0x1.28059fe4517f3p-37,0x1.1c4cdfe2c949cp-643,0x1.28059fe4517f4p-37,8.41345044495639518e-12
1,12,0x1.9d8e96619332ap-41,0x1.1c4cdfe2c949cp-643,0x1.9d8e96619332bp-41,7.34624773695959240e-13
1,13,0x1.11237052bf9dap-44,0x1.1c4cdfe2c949cp-643,0x1.11237052bf9dbp-44,6.06489153712907881e-14
1,14,0x1.5621e3828987ap-48,0x1.1c4cdfe2c949cp-643,0x1.5621e3828987bp-48,4.74804054095476510e-15
1,15,0x1.9775802c7cf3fp-52,0x1.1c4cdfe2c949cp-643,0x1.9775802c7cf4p-52,3.53414335146470532e-16
1,16,0x1.ce7a0d0d232bep-56,0x1.1c4cdfe2c949cp-643,0x1.ce7a0d0d232bfp-56,2.50709154851035656e-17
1,17,0x1.f55e812fe6c72p-60,0x1.1c4cdfe2c949cp-643,0x1.f55e812fe6c73p-60,1.69870478475621256e-18
1,18,0x1.0416b7df62b95p-63,0x1.1c4cdfe2c949cp-643,0x1.0416b7df62b96p-63,1.10151867338839756e-19
1,19,0x1.02b91f018ca7p-67,0x1.1c4cdfe2c949cp-643,0x1.02b91f018ca71p-67,6.84834421214793323e-21
1,20,0x1.ee5823c5eb799p-72,0x1.1c4cdfe2c949cp-643,0x1.ee5823c5eb79ap-72,4.08912017457068448e-22
1,21,0x1.c64697cc55d75p-76,0x1.1c4cdfe2c949cp-643,0x1.c64697cc55d76p-76,2.34855060162672202e-23
1,22,0x1.921ff840bba78p-80,0x1.1c4cdfe2c949cp-643,0x1.921ff840bba79p-80,1.29933557046982405e-24
1,23,0x1.57592c56ac475p-84,0x1.1c4cdfe2c949cp-643,0x1.57592c56ac476p-84,6.93386436149672153e-26
1,24,0x1.1b20ca9e604b7p-88,0x1.1c4cdfe2c949cp-643,0x1.1b20ca9e604b8p-88,3.57357892358503420e-27
1,25,0x1.c37b68d9829dep-93,0x1.1c4cdfe2c949cp-643,0x1.c37b68d9829dfp-93,1.78078276674738546e-28
1,26,0x1.5c6f1f7c6c49ep-97,0x1.1c4cdfe2c949cp-643,0x1.5c6f1f7c6c49fp-97,8.58956309919698441e-30
1,27,0x1.048db07b77c45p-101,0x1.1c4cdfe2c949cp-643,0x1.048db07b77c46p-101,4.01446190393135942e-31
1,28,0x1.79ef1d694fbfap-106,0x1.1c4cdfe2c949cp-643,0x1.79ef1d694fbfbp-106,1.81968622378894873e-32
1,29,0x1.0a142fc5653f6p-110,0x1.1c4cdfe2c949cp-643,0x1.0a142fc5653f7p-110,8.00701925546350343e-34
1,30,0x1.6c01cf83f0ca8p-115,0x1.1c4cdfe2c949cp-643,0x1.6c01cf83f0ca9p-115,3.42310606079151196e-35
1,31,0x1.e435c4fd086f5p-120,0x1.1c4cdfe2c949cp-643,0x1.e435c4fd086f6p-120,1.42296540792281826e-36
1,32,0x1.39636776ab1fbp-124,0x1.1c4cdfe2c949cp-643,0x1.39636776ab1fcp-124,5.75603395780858555e-38
1,33,0x1.8b07a338d6ef4p-129,0x1.1c4cdfe2c949cp-643,0x1.8b07a338d6ef5p-129,2.26736005200213026e-39
1,34,0x1.e53953e8b751bp-134,0x1.1c4cdfe2c949cp-643,0x1.e53953e8b751cp-134,8.70327753231175649e-41
1,35,0x1.22958ba559138p-138,0x1.1c4cdfe2c949cp-643,0x1.22958ba559139p-138,3.25756112060699360e-42
1,36,0x1.53958e593bddap-143,0x1.1c4cdfe2c949cp-643,0x1.53958e593bddbp-143,1.18964705654199185e-43
1,37,0x1.836e5bd963b27p-148,0x1.1c4cdfe2c949cp-643,0x1.836e5bd963b28p-148,4.24145773482434503e-45
1,38,0x1.afc62dd21ea43p-153,0x1.1c4cdfe2c949cp-643,0x1.afc62dd21ea44p-153,1.47715926428298026e-46
1,39,0x1.d64a78950dc4dp-158,0x1.1c4cdfe2c949cp-643,0x1.d64a78950dc4ep-158,5.02790771006532780e-48
1,40,0x1.f4e51723df04bp-163,0x1.1c4cdfe2c949cp-643,0x1.f4e51723df04cp-163,1.67346771291287029e-49
1,41,0x1.04f694636d9b2p-167,0x1.1c4cdfe2c949cp-643,0x1.04f694636d9b3p-167,5.44916590788301572e-51
1,42,0x1.0a26a8982096ap-172,0x1.1c4cdfe2c949cp-643,0x1.0a26a8982096bp-172,1.73671637500279968e-52
1,43,0x1.09cd4ca54d83ep-177,0x1.1c4cdfe2c949cp-643,0x1.09cd4ca54d83fp-177,5.42012080302285870e-54
1,44,0x1.040cbce505f39p-182,0x1.1c4cdfe2c949cp-643,0x1.040cbce505f3ap-182,1.65713265940669734e-55
1,45,0x1.f2b1303eda6c3p-188,0x1.1c4cdfe2c949cp-643,0x1.f2b1303eda6c4p-188,4.96539011394860497e-57
1,46,0x1.d4cfea4ae9679p-193,0x1.1c4cdfe2c949cp-643,0x1.d4cfea4ae967ap-193,1.45871264435684008e-58
1,47,0x1.b04429546c6e2p-198,0x1.1c4cdfe2c949cp-643,0x1.b04429546c6e3p-198,4.20312423901001294e-60
1,48,0x1.8710c1f180fc5p-203,0x1.1c4cdfe2c949cp-643,0x1.8710c1f180fc6p-203,1.18828433990384716e-61
1,49,0x1.5b40f28376c8p-208,0x1.1c4cdfe2c949cp-643,0x1.5b40f28376c81p-208,3.29737103771046494e-63
1,50,0x1.2ec155de3a939p-213,0x1.1c4cdfe2c949cp-643,0x1.2ec155de3a93ap-213,8.98385208934651598e-65
1,51,0x1.03412c622ab2fp-218,0x1.1c4cdfe2c949cp-643,0x1.03412c622ab3p-218,2.40407173916820558e-66
1,52,0x1.b43bc64308bf3p-224,0x1.1c4cdfe2c949cp-643,0x1.b43bc64308bf4p-224,6.32062483995284155e-68
1,53,0x1.68b260dc472b5p-229,0x1.1c4cdfe2c949cp-643,0x1.68b260dc472b6p-229,1.63317718964469393e-69
1,54,0x1.253197ee8a7ccp-234,0x1.1c4cdfe2c949cp-643,0x1.253197ee8a7cdp-234,4.14854418345021468e-71
1,55,0x1.d4b7712ec4c6ap-240,0x1.1c4cdfe2c949cp-643,0x1.d4b7712ec4c6bp-240,1.03626631931616924e-72
1,56,0x1.7086e593b5a94p-245,0x1.1c4cdfe2c949cp-643,0x1.7086e593b5a95p-245,2.54612862066304017e-74
1,57,0x1.1d164ed2a48dep-250,0x1.1c4cdfe2c949cp-643,0x1.1d164ed2a48dfp-250,6.15515149002426110e-76
1,58,0x1.b2169051945efp-256,0x1.1c4cdfe2c949cp-643,0x1.b2169051945fp-256,1.46439778968595548e-77
1,59,0x1.455382df0ed45p-261,0x1.1c4cdfe2c949cp-643,0x1.455382df0ed46p-261,3.42965336190359783e-79
1,60,0x1.e0237ab13e725p-267,0x1.1c4cdfe2c949cp-643,0x1.e0237ab13e726p-267,7.90893135205111270e-81
1,61,0x1.5cf325b294871p-272,0x1.1c4cdfe2c949cp-643,0x1.5cf325b294872p-272,1.79623916029051014e-82
1,62,0x1.f3a6d40a4af77p-278,0x1.1c4cdfe2c949cp-643,0x1.f3a6d40a4af78p-278,4.01872775206567688e-84
1,63,0x1.60771442997b1p-283,0x1.1c4cdfe2c949cp-643,0x1.60771442997b2p-283,8.85905601957931264e-86
1,64,0x1.ea13561d3d95bp-289,0x1.1c4cdfe2c949cp-643,0x1.ea13561d3d95cp-289,1.92466127625528549e-87
1,65,0x1.4fd84a63b843cp-294,0x1.1c4cdfe2c949cp-643,0x1.4fd84a63b843dp-294,4.12173482692343050e-89
1,66,0x1.c5d4101c368dp-300,0x1.1c4cdfe2c949cp-643,0x1.c5d4101c368d1p-300,8.70267925613379439e-91
1,67,0x1.2e604dfc80b2fp-305,0x1.1c4cdfe2c949cp-643,0x1.2e604dfc80b3p-305,1.81200314731222317e-92
1,68,0x1.8d6b99e033444p-311,0x1.1c4cdfe2c949cp-643,0x1.8d6b99e033445p-311,3.72118659921322577e-94
1,69,0x1.01a4e794bc8d5p-316,0x1.1c4cdfe2c949cp-643,0x1.01a4e794bc8d6p-316,7.53879103409974660e-96
1,70,0x1.499b91d268322p-322,0x1.1c4cdfe2c949cp-643,0x1.499b91d268323p-322,1.50694975240366424e-97
1,71,0x1.a02110f36603p-328,0x1.1c4cdfe2c949cp-643,0x1.a02110f366031p-328,2.97268992889740927e-99
1,72,0x1.0345f388aa483p-333,0x1.1c4cdfe2c949cp-643,0x1.0345f388aa484p-333,5.78800883866609275e-101
1,73,0x1.3ef2868b05852p-339,0x1.1c4cdfe2c949cp-643,0x1.3ef2868b05853p-339,1.11252690798378402e-102
1,74,0x1.8364f377fc71bp-345,0x1.1c4cdfe2c949cp-643,0x1.8364f377fc71cp-345,2.11137221392130062e-104
1,75,0x1.d0a778b1e595ep-351,0x1.1c4cdfe2c949cp-643,0x1.d0a778b1e595fp-351,3.95695772191932896e-106
1,76,0x1.13395dd438f0ap-356,0x1.1c4cdfe2c949cp-643,0x1.13395dd438f0bp-356,7.32433195978506911e-108
1,77,0x1.4211afa10ab4ap-362,0x1.1c4cdfe2c949cp-643,0x1.4211afa10ab4bp-362,1.33921604929605312e-109
1,78,0x1.7459c1ee550a5p-368,0x1.1c4cdfe2c949cp-643,0x1.7459c1ee550a6p-368,2.41921076474611392e-111
1,79,0x1.a95c9b24b9e02p-374,0x1.1c4cdfe2c949cp-643,0x1.a95c9b24b9e03p-374,4.31817344712029030e-113
1,80,0x1.e03546786f65ep-380,0x1.1c4cdfe2c949cp-643,0x1.e03546786f65fp-380,7.61712652634662347e-115
1,81,0x1.0be9f48aa47e7p-385,0x1.1c4cdfe2c949cp-643,0x1.0be9f48aa47e8p-385,1.32802707868322661e-116
1,82,0x1.2782ea04c551p-391,0x1.1c4cdfe2c949cp-643,0x1.2782ea04c5511p-391,2.28878998774459263e-118
1,83,0x1.424025b2ff4a6p-397,0x1.1c4cdfe2c949cp-643,0x1.424025b2ff4a7p-397,3.89982803827021668e-120
1,84,0x1.5b76bf7a4e0fep-403,0x1.1c4cdfe2c949cp-643,0x1.5b76bf7a4e0ffp-403,6.57024283160398890e-122
1,85,0x1.727d7e43893f8p-409,0x1.1c4cdfe2c949cp-643,0x1.727d7e43893f9p-409,1.09463301359414511e-123
1,86,0x1.86b45e6650b3p-415,0x1.1c4cdfe2c949cp-643,0x1.86b45e6650b31p-415,1.80368344921846129e-125
1,87,0x1.978beb1fc7b1ap-421,0x1.1c4cdfe2c949cp-643,0x1.978beb1fc7b1bp-421,2.93974112620650557e-127
1,88,0x1.a48bf0580893dp-427,0x1.1c4cdfe2c949cp-643,0x1.a48bf0580893ep-427,4.73986584344943837e-129
1,89,0x1.ad5913e1962e3p-433,0x1.1c4cdfe2c949cp-643,0x1.ad5913e1962e4p-433,7.56103616847381376e-131
1,90,0x1.b1b8f8df2df04p-439,0x1.1c4cdfe2c949cp-643,0x1.b1b8f8df2df05p-439,1.19344920127239485e-132
1,91,0x1.b194ab41b388ap-445,0x1.1c4cdfe2c949cp-643,0x1.b194ab41b388bp-445,1.86415467625410930e-134
1,92,0x1.acf931bd11c3ep-451,0x1.1c4cdfe2c949cp-643,0x1.acf931bd11c3fp-451,2.88179025675406230e-136
1,93,0x1.a4164712ac656p-457,0x1.1c4cdfe2c949cp-643,0x1.a4164712ac657p-457,4.40951963766529338e-138
1,94,0x1.973b5cefbb4e4p-463,0x1.1c4cdfe2c949cp-643,0x1.973b5cefbb4e5p-463,6.67903653050225777e-140
1,95,0x1.86d327e8bd7dp-469,0x1.1c4cdfe2c949cp-643,0x1.86d327e8bd7d1p-469,1.00155363935537823e-141
1,96,0x1.735e0ae94d5bbp-475,0x1.1c4cdfe2c949cp-643,0x1.735e0ae94d5bcp-475,1.48701660306766783e-143
1,97,0x1.5d6bc7204401bp-481,0x1.1c4cdfe2c949cp-643,0x1.5d6bc7204401cp-481,2.18615591112914684e-145
1,98,0x1.4594db488b89ep-487,0x1.1c4cdfe2c949cp-643,0x1.4594db488b89fp-487,3.18281816011523740e-147
1,99,0x1.2c73fa5c85b43p-493,0x1.1c4cdfe2c949cp-643,0x1.2c73fa5c85b44p-493,4.58932457124524336e-149
1,100,0x1.129ff7411a1cp-499,0x1.1c4cdfe2c949cp-643,0x1.129ff7411a1c1p-499,6.55438664959945248e-151
1,101,0x1.f14ce4c8e3b5ep-506,0x1.1c4cdfe2c949cp-643,0x1.f14ce4c8e3b5fp-506,9.27258893803348073e-153
1,102,0x1.be0f035f1c01cp-512,0x1.1c4cdfe2c949cp-643,0x1.be0f035f1c01dp-512,1.29955365701730714e-154
1,103,0x1.8c64e958234bep-518,0x1.1c4cdfe2c949cp-643,0x1.8c64e958234bfp-518,1.80446954327882841e-156
1,104,0x1.5d0780ead2aa3p-524,0x1.1c4cdfe2c949cp-643,0x1.5d0780ead2aa4p-524,2.48258545461265300e-158
1,105,0x1.30881583f7ad2p-530,0x1.1c4cdfe2c949cp-643,0x1.30881583f7ad3p-530,3.38450115080907554e-160
1,106,0x1.075074cbf69f2p-536,0x1.1c4cdfe2c949cp-643,0x1.075074cbf69f3p-536,4.57253222322368733e-162
1,107,0x1.c3499c186fa6bp-543,0x1.1c4cdfe2c949cp-643,0x1.c3499c186fa6cp-543,6.12245681027568283e-164
1,108,0x1.7f4de68cfe567p-549,0x1.1c4cdfe2c949cp-643,0x1.7f4de68cfe568p-549,8.12523827273616878e-166
1,109,0x1.42b530835d2a1p-555,0x1.1c4cdfe2c949cp-643,0x1.42b530835d2a2p-555,1.06886256133377788e-167
1,110,0x1.0d5459b5e4cd3p-561,0x1.1c4cdfe2c949cp-643,0x1.0d5459b5e4cd4p-561,1.39385110000773849e-169
1,111,0x1.bdafde54faf86p-568,0x1.1c4cdfe2c949cp-643,0x1.bdafde54faf87p-568,1.80199030774977745e-171
1,112,0x1.6d9c878f5ac68p-574,0x1.1c4cdfe2c949cp-643,0x1.6d9c878f5ac69p-574,2.30973579081573638e-173
1,113,0x1.2961dcaf1eb98p-580,0x1.1c4cdfe2c949cp-643,0x1.2961dcaf1eb99p-580,2.93546986999832374e-175
1,114,0x1.dfb541a09a4f2p-587,0x1.1c4cdfe2c949cp-643,0x1.dfb541a09a4f3p-587,3.69938533541792773e-177
1,115,0x1.7fafa9a167a92p-593,0x1.1c4cdfe2c949cp-643,0x1.7fafa9a167a97p-593,4.62326476111167293e-179
1,116,0x1.30597dc883c42p-599,0x1.1c4cdfe2c949cp-643,0x1.30597dc883d5fp-599,5.73014131292340442e-181
1,117,0x1.dee126514207fp-606,0x1.1c4cdfe2c949cp-643,0x1.dee126514aea6p-606,7.04383055530471958e-183
1,118,0x1.75af6abeb63c2p-612,0x1.1c4cdfe2c949cp-643,0x1.75af6ac0eed5fp-612,8.58832780299337166e-185
1,119,0x1.213f7fa007f21p-618,0x1.1c4cdfe2c949cp-643,0x1.213f802e2e621p-618,1.03870722761727808e-186
1,120,0x1.bc33084f25506p-625,0x1.1c4cdfe2c949cp-643,0x1.bc334f625d492p-625,1.24621139895445406e-188
1,121,0x1.525f0d136b6c4p-631,0x1.1c4cdfe2c949cp-643,0x1.5270d1e16998ep-631,1.48359499174777362e-190
1,122,0x1.ff40fb4b2272cp-638,0x1.1c4cdfe2c949cp-643,0x1.0411b1251c5e9p-637,1.78131845337844955e-192
1,123,0x1.76a8c7c9a015ap-644,0x1.1c4cdfe2c949cp-643,0x1.d7a143c79954ap-643,5.04747516029909098e-194
1,124,0x0p+0,0x1.1c4cdfe2c949cp-643,0x1.1c4cdfe2c949cp-643,3.04263689569431194e-194
1,125,0x0p+0,0x1.1c4cdfe2c949cp-643,0x1.1c4cdfe2c949cp-643,3.04263689569431194e-194
1,126,0x0p+0,0x1.1c4cdfe2c949cp-643,0x1.1c4cdfe2c949cp-643,3.04263689569431194e-194
1,127,0x0p+0,0x1.1c4cdfe2c949cp-643,0x1.1c4cdfe2c949cp-643,3.04263689569431194e-194
1,128,0x0p+0,0x1.1c4cdfe2c949cp-643,0x1.1c4cdfe2c949cp-643,3.04263689569431194e-194
1,129,0x0p+0,0x1.1c4cdfe2c949cp-643,0x1.1c4cdfe2c949cp-643,3.04263689569431194e-194
1,130,0x0p+0,0x1.1c4cdfe2c949cp-643,0x1.1c4cdfe2c949cp-643,3.04263689569431194e-194
1,131,0x0p+0,0x1.1c4cdfe2c949cp-643,0x1.1c4cdfe2c949cp-643,3.04263689569431194e-194
1,132,0x0p+0,0x1.1c4cdfe2c949cp-643,0x1.1c4cdfe2c949cp-643,3.04263689569431194e-194
1,133,0x0p+0,0x1.1c4cdfe2c949cp-643,0x1.1c4cdfe2c949cp-643,3.04263689569431194e-194
1,134,0x0p+0,0x1.1c4cdfe2c949cp-643,0x1.1c4cdfe2c949cp-643,3.04263689569431194e-194
1,135,0x0p+0,0x1.1c4cdfe2c949cp-643,0x1.1c4cdfe2c949cp-643,3.04263689569431194e-194
1,136,0x0p+0,0x1.1c4cdfe2c949cp-643,0x1.1c4cdfe2c949cp-643,3.04263689569431194e-194
1,137,0x0p+0,0x1.1c4cdfe2c949cp-643,0x1.1c4cdfe2c949cp-643,3.04263689569431194e-194
1,138,0x0p+0,0x1.1c4cdfe2c949cp-643,0x1.1c4cdfe2c949cp-643,3.04263689569431194e-194
1,139,0x0p+0,0x1.1c4cdfe2c949cp-643,0x1.1c4cdfe2c949cp-643,3.04263689569431194e-194
1,140,0x0p+0,0x1.1c4cdfe2c949cp-643,0x1.1c4cdfe2c949cp-643,3.04263689569431194e-194
1,141,0x0p+0,0x1.1c4cdfe2c949cp-643,0x1.1c4cdfe2c949cp-643,3.04263689569431194e-194
1,142,0x0p+0,0x1.1c4cdfe2c949cp-643,0x1.1c4cdfe2c949cp-643,3.04263689569431194e-194
1,143,0x0p+0,0x1.1c4cdfe2c949cp-643,0x1.1c4cdfe2c949cp-643,3.04263689569431194e-194
1,144,0x0p+0,0x1.1c4cdfe2c949cp-643,0x1.1c4cdfe2c949cp-643,3.04263689569431194e-194
1,145,0x0p+0,0x1.1c4cdfe2c949cp-643,0x1.1c4cdfe2c949cp-643,3.04263689569431194e-194
1,146,0x0p+0,0x1.1c4cdfe2c949cp-643,0x1.1c4cdfe2c949cp-643,3.04263689569431194e-194
1,147,0x0p+0,0x1.1c4cdfe2c949cp-643,0x1.1c4cdfe2c949cp-643,3.04263689569431194e-194
1,148,0x0p+0,0x1.1c4cdfe2c949cp-643,0x1.1c4cdfe2c949cp-643,3.04263689569431194e-194
1,149,0x0p+0,0x1.1c4cdfe2c949cp-643,0x1.1c4cdfe2c949cp-643,3.04263689569431194e-194
1,150,0x0p+0,0x1.1c4cdfe2c949cp-643,0x1.1c4cdfe2c949cp-643,3.04263689569431194e-194
1,151,0x0p+0,0x1.1c4cdfe2c949cp-643,0x1.1c4cdfe2c949cp-643,3.04263689569431194e-194
1,152,0x0p+0,0x1.1c4cdfe2c949cp-643,0x1.1c4cdfe2c949cp-643,3.04263689569431194e-194
1,153,0x0p+0,0x1.1c4cdfe2c949cp-643,0x1.1c4cdfe2c949cp-643,3.04263689569431194e-194
1,154,0x0p+0,0x1.1c4cdfe2c949cp-643,0x1.1c4cdfe2c949cp-643,3.04263689569431194e-194
1,155,0x0p+0,0x1.1c4cdfe2c949cp-643,0x1.1c4cdfe2c949cp-643,3.04263689569431194e-194
1,156,0x0p+0,0x1.1c4cdfe2c949cp-643,0x1.1c4cdfe2c949cp-643,3.04263689569431194e-194
1,157,0x0p+0,0x1.1c4cdfe2c949cp-643,0x1.1c4cdfe2c949cp-643,3.04263689569431194e-194
1,158,0x0p+0,0x1.1c4cdfe2c949cp-643,0x1.1c4cdfe2c949cp-643,3.04263689569431194e-194
1,159,0x0p+0,0x1.1c4cdfe2c949cp-643,0x1.1c4cdfe2c949cp-643,3.04263689569431194e-194
1,160,0x0p+0,0x1.1c4cdfe2c949cp-643,0x1.1c4cdfe2c949cp-643,3.04263689569431194e-194
1,161,0x0p+0,0x1.1c4cdfe2c949cp-643,0x1.1c4cdfe2c949cp-643,3.04263689569431194e-194
1,162,0x0p+0,0x1.1c4cdfe2c949cp-643,0x1.1c4cdfe2c949cp-643,3.04263689569431194e-194
1,163,0x0p+0,0x1.1c4cdfe2c949cp-643,0x1.1c4cdfe2c949cp-643,3.04263689569431194e-194
1,164,0x0p+0,0x1.1c4cdfe2c949cp-643,0x1.1c4cdfe2c949cp-643,3.04263689569431194e-194
1,165,0x0p+0,0x1.1c4cdfe2c949cp-643,0x1.1c4cdfe2c949cp-643,3.04263689569431194e-194
1,166,0x0p+0,0x1.1c4cdfe2c949cp-643,0x1.1c4cdfe2c949cp-643,3.04263689569431194e-194
1,167,0x0p+0,0x1.1c4cdfe2c949cp-643,0x1.1c4cdfe2c949cp-643,3.04263689569431194e-194
1,168,0x0p+0,0x1.1c4cdfe2c949cp-643,0x1.1c4cdfe2c949cp-643,3.04263689569431194e-194
1,169,0x0p+0,0x1.1c4cdfe2c949cp-643,0x1.1c4cdfe2c949cp-643,3.04263689569431194e-194
1,170,0x0p+0,0x1.1c4cdfe2c949cp-643,0x1.1c4cdfe2c949cp-643,3.04263689569431194e-194
1,171,0x0p+0,0x1.1c4cdfe2c949cp-643,0x1.1c4cdfe2c949cp-643,3.04263689569431194e-194
1,172,0x0p+0,0x1.1c4cdfe2c949cp-643,0x1.1c4cdfe2c949cp-643,3.04263689569431194e-194
1,173,0x0p+0,0x1.1c4cdfe2c949cp-643,0x1.1c4cdfe2c949cp-643,3.04263689569431194e-194
1,174,0x0p+0,0x1.1c4cdfe2c949cp-643,0x1.1c4cdfe2c949cp-643,3.04263689569431194e-194
1,175,0x0p+0,0x1.1c4cdfe2c949cp-643,0x1.1c4cdfe2c949cp-643,3.04263689569431194e-194
1,176,0x0p+0,0x1.1c4cdfe2c949cp-643,0x1.1c4cdfe2c949cp-643,3.04263689569431194e-194
1,177,0x0p+0,0x1.1c4cdfe2c949cp-643,0x1.1c4cdfe2c949cp-643,3.04263689569431194e-194
1,178,0x0p+0,0x1.1c4cdfe2c949cp-643,0x1.1c4cdfe2c949cp-643,3.04263689569431194e-194
1,179,0x0p+0,0x1.1c4cdfe2c949cp-643,0x1.1c4cdfe2c949cp-643,3.04263689569431194e-194
1,180,0x0p+0,0x1.1c4cdfe2c949cp-643,0x1.1c4cdfe2c949cp-643,3.04263689569431194e-194
1,181,0x0p+0,0x1.1c4cdfe2c949cp-643,0x1.1c4cdfe2c949cp-643,3.04263689569431194e-194
1,182,0x0p+0,0x1.1c4cdfe2c949cp-643,0x1.1c4cdfe2c949cp-643,3.04263689569431194e-194
1,183,0x0p+0,0x1.1c4cdfe2c949cp-643,0x1.1c4cdfe2c949cp-643,3.04263689569431194e-194
1,184,0x0p+0,0x1.1c4cdfe2c949cp-643,0x1.1c4cdfe2c949cp-643,3.04263689569431194e-194
1,185,0x0p+0,0x1.1c4cdfe2c949cp-643,0x1.1c4cdfe2c949cp-643,3.04263689569431194e-194
1,186,0x0p+0,0x1.1c4cdfe2c949cp-643,0x1.1c4cdfe2c949cp-643,3.04263689569431194e-194
1,187,0x0p+0,0x1.1c4cdfe2c949cp-643,0x1.1c4cdfe2c949cp-643,3.04263689569431194e-194
1,188,0x0p+0,0x1.1c4cdfe2c949cp-643,0x1.1c4cdfe2c949cp-643,3.04263689569431194e-194
1,189,0x0p+0,0x1.1c4cdfe2c949cp-643,0x1.1c4cdfe2c949cp-643,3.04263689569431194e-194
1,190,0x0p+0,0x1.1c4cdfe2c949cp-643,0x1.1c4cdfe2c949cp-643,3.04263689569431194e-194
1,191,0x0p+0,0x1.1c4cdfe2c949cp-643,0x1.1c4cdfe2c949cp-643,3.04263689569431194e-194
1,192,0x0p+0,0x1.1c4cdfe2c949cp-643,0x1.1c4cdfe2c949cp-643,3.04263689569431194e-194
1,193,0x0p+0,0x1.1c4cdfe2c949cp-643,0x1.1c4cdfe2c949cp-643,3.04263689569431194e-194
1,194,0x0p+0,0x1.1c4cdfe2c949cp-643,0x1.1c4cdfe2c949cp-643,3.04263689569431194e-194
1,195,0x0p+0,0x1.1c4cdfe2c949cp-643,0x1.1c4cdfe2c949cp-643,3.04263689569431194e-194
1,196,0x0p+0,0x1.1c4cdfe2c949cp-643,0x1.1c4cdfe2c949cp-643,3.04263689569431194e-194
1,197,0x0p+0,0x1.1c4cdfe2c949cp-643,0x1.1c4cdfe2c949cp-643,3.04263689569431194e-194
1,198,0x0p+0,0x1.1c4cdfe2c949cp-643,0x1.1c4cdfe2c949cp-643,3.04263689569431194e-194
1,199,0x0p+0,0x1.1c4cdfe2c949cp-643,0x1.1c4cdfe2c949cp-643,3.04263689569431194e-194
1,200,0x0p+0,0x1.1c4cdfe2c949cp-643,0x1.1c4cdfe2c949cp-643,3.04263689569431194e-194
1,201,0x0p+0,0x1.1c4cdfe2c949cp-643,0x1.1c4cdfe2c949cp-643,3.04263689569431194e-194
1,202,0x0p+0,0x1.1c4cdfe2c949cp-643,0x1.1c4cdfe2c949cp-643,3.04263689569431194e-194
1,203,0x0p+0,0x1.1c4cdfe2c949cp-643,0x1.1c4cdfe2c949cp-643,3.04263689569431194e-194
1,204,0x0p+0,0x1.1c4cdfe2c949cp-643,0x1.1c4cdfe2c949cp-643,3.04263689569431194e-194
1,205,0x0p+0,0x1.1c4cdfe2c949cp-643,0x1.1c4cdfe2c949cp-643,3.04263689569431194e-194
1,206,0x0p+0,0x1.1c4cdfe2c949cp-643,0x1.1c4cdfe2c949cp-643,3.04263689569431194e-194
1,207,0x0p+0,0x1.1c4cdfe2c949cp-643,0x1.1c4cdfe2c949cp-643,3.04263689569431194e-194
1,208,0x0p+0,0x1.1c4cdfe2c949cp-643,0x1.1c4cdfe2c949cp-643,3.04263689569431194e-194
1,209,0x0p+0,0x1.1c4cdfe2c949cp-643,0x1.1c4cdfe2c949cp-643,3.04263689569431194e-194
1,210,0x0p+0,0x1.1c4cdfe2c949cp-643,0x1.1c4cdfe2c949cp-643,3.04263689569431194e-194
1,211,0x0p+0,0x1.1c4cdfe2c949cp-643,0x1.1c4cdfe2c949cp-643,3.04263689569431194e-194
1,212,0x0p+0,0x1.1c4cdfe2c949cp-643,0x1.1c4cdfe2c949cp-643,3.04263689569431194e-194
1,213,0x0p+0,0x1.1c4cdfe2c949cp-643,0x1.1c4cdfe2c949cp-643,3.04263689569431194e-194
1,214,0x0p+0,0x1.1c4cdfe2c949cp-643,0x1.1c4cdfe2c949cp-643,3.04263689569431194e-194
1,215,0x0p+0,0x1.1c4cdfe2c949cp-643,0x1.1c4cdfe2c949cp-643,3.04263689569431194e-194
1,216,0x0p+0,0x1.1c4cdfe2c949cp-643,0x1.1c4cdfe2c949cp-643,3.04263689569431194e-194
1,217,0x0p+0,0x1.1c4cdfe2c949cp-643,0x1.1c4cdfe2c949cp-643,3.04263689569431194e-194
1,218,0x0p+0,0x1.1c4cdfe2c949cp-643,0x1.1c4cdfe2c949cp-643,3.04263689569431194e-194
1,219,0x0p+0,0x1.1c4cdfe2c949cp-643,0x1.1c4cdfe2c949cp-643,3.04263689569431194e-194
1,220,0x0p+0,0x1.1c4cdfe2c949cp-643,0x1.1c4cdfe2c949cp-643,3.04263689569431194e-194
1,221,0x0p+0,0x1.1c4cdfe2c949cp-643,0x1.1c4cdfe2c949cp-643,3.04263689569431194e-194
1,222,0x0p+0,0x1.1c4cdfe2c949cp-643,0x1.1c4cdfe2c949cp-643,3.04263689569431194e-194
1,223,0x0p+0,0x1.1c4cdfe2c949cp-643,0x1.1c4cdfe2c949cp-643,3.04263689569431194e-194
1,224,0x0p+0,0x1.1c4cdfe2c949cp-643,0x1.1c4cdfe2c949cp-643,3.04263689569431194e-194
1,225,0x0p+0,0x1.1c4cdfe2c949cp-643,0x1.1c4cdfe2c949cp-643,3.04263689569431194e-194
1,226,0x0p+0,0x1.1c4cdfe2c949cp-643,0x1.1c4cdfe2c949cp-643,3.04263689569431194e-194
1,227,0x0p+0,0x1.1c4cdfe2c949cp-643,0x1.1c4cdfe2c949cp-643,3.04263689569431194e-194
1,228,0x0p+0,0x1.1c4cdfe2c949cp-643,0x1.1c4cdfe2c949cp-643,3.04263689569431194e-194
1,229,0x0p+0,0x1.1c4cdfe2c949cp-643,0x1.1c4cdfe2c949cp-643,3.04263689569431194e-194
1,230,0x0p+0,0x1.1c4cdfe2c949cp-643,0x1.1c4cdfe2c949cp-643,3.04263689569431194e-194
1,231,0x0p+0,0x1.1c4cdfe2c949cp-643,0x1.1c4cdfe2c949cp-643,3.04263689569431194e-194
1,232,0x0p+0,0x1.1c4cdfe2c949cp-643,0x1.1c4cdfe2c949cp-643,3.04263689569431194e-194
1,233,0x0p+0,0x1.1c4cdfe2c949cp-643,0x1.1c4cdfe2c949cp-643,3.04263689569431194e-194
1,234,0x0p+0,0x1.1c4cdfe2c949cp-643,0x1.1c4cdfe2c949cp-643,3.04263689569431194e-194
1,235,0x0p+0,0x1.1c4cdfe2c949cp-643,0x1.1c4cdfe2c949cp-643,3.04263689569431194e-194
1,236,0x0p+0,0x1.1c4cdfe2c949cp-643,0x1.1c4cdfe2c949cp-643,3.04263689569431194e-194
1,237,0x0p+0,0x1.1c4cdfe2c949cp-643,0x1.1c4cdfe2c949cp-643,3.04263689569431194e-194
1,238,0x0p+0,0x1.1c4cdfe2c949cp-643,0x1.1c4cdfe2c949cp-643,3.04263689569431194e-194
1,239,0x0p+0,0x1.1c4cdfe2c949cp-643,0x1.1c4cdfe2c949cp-643,3.04263689569431194e-194
1,240,0x0p+0,0x1.1c4cdfe2c949cp-643,0x1.1c4cdfe2c949cp-643,3.04263689569431194e-194
1,241,0x0p+0,0x1.1c4cdfe2c949cp-643,0x1.1c4cdfe2c949cp-643,3.04263689569431194e-194
1,242,0x0p+0,0x1.1c4cdfe2c949cp-643,0x1.1c4cdfe2c949cp-643,3.04263689569431194e-194
1,243,0x0p+0,0x1.1c4cdfe2c949cp-643,0x1.1c4cdfe2c949cp-643,3.04263689569431194e-194
1,244,0x0p+0,0x1.1c4cdfe2c949cp-643,0x1.1c4cdfe2c949cp-643,3.04263689569431194e-194
1,245,0x0p+0,0x1.1c4cdfe2c949cp-643,0x1.1c4cdfe2c949cp-643,3.04263689569431194e-194
1,246,0x0p+0,0x1.1c4cdfe2c949cp-643,0x1.1c4cdfe2c949cp-643,3.04263689569431194e-194
1,247,0x0p+0,0x1.1c4cdfe2c949cp-643,0x1.1c4cdfe2c949cp-643,3.04263689569431194e-194
1,248,0x0p+0,0x1.1c4cdfe2c949cp-643,0x1.1c4cdfe2c949cp-643,3.04263689569431194e-194
1,249,0x0p+0,0x1.1c4cdfe2c949cp-643,0x1.1c4cdfe2c949cp-643,3.04263689569431194e-194
1,250,0x0p+0,0x1.1c4cdfe2c949cp-643,0x1.1c4cdfe2c949cp-643,3.04263689569431194e-194
1,251,0x0p+0,0x1.1c4cdfe2c949cp-643,0x1.1c4cdfe2c949cp-643,3.04263689569431194e-194
1,252,0x0p+0,0x1.1c4cdfe2c949cp-643,0x1.1c4cdfe2c949cp-643,3.04263689569431194e-194
1,253,0x0p+0,0x1.1c4cdfe2c949cp-643,0x1.1c4cdfe2c949cp-643,3.04263689569431194e-194
1,254,0x0p+0,0x1.1c4cdfe2c949cp-643,0x1.1c4cdfe2c949cp-643,3.04263689569431194e-194
1,255,0x0p+0,0x1.1c4cdfe2c949cp-643,0x1.1c4cdfe2c949cp-643,3.04263689569431194e-194
1,256,0x0p+0,0x1.1c4cdfe2c949cp-643,0x1.1c4cdfe2c949cp-643,3.04263689569431194e-194
1,257,0x0p+0,0x1.1c4cdfe2c949cp-643,0x1.1c4cdfe2c949cp-643,3.04263689569431194e-194
1,258,0x0p+0,0x1.1c4cdfe2c949cp-643,0x1.1c4cdfe2c949cp-643,3.04263689569431194e-194
1,259,0x0p+0,0x1.1c4cdfe2c949cp-643,0x1.1c4cdfe2c949cp-643,3.04263689569431194e-194
1,260,0x0p+0,0x1.1c4cdfe2c949cp-643,0x1.1c4cdfe2c949cp-643,3.04263689569431194e-194
1,261,0x0p+0,0x1.1c4cdfe2c949cp-643,0x1.1c4cdfe2c949cp-643,3.04263689569431194e-194
1,262,0x0p+0,0x1.1c4cdfe2c949cp-643,0x1.1c4cdfe2c949cp-643,3.04263689569431194e-194
1,263,0x0p+0,0x1.1c4cdfe2c949cp-643,0x1.1c4cdfe2c949cp-643,3.04263689569431194e-194
1,264,0x0p+0,0x1.1c4cdfe2c949cp-643,0x1.1c4cdfe2c949cp-643,3.04263689569431194e-194
1,265,0x0p+0,0x1.1c4cdfe2c949cp-643,0x1.1c4cdfe2c949cp-643,3.04263689569431194e-194
1,266,0x0p+0,0x1.1c4cdfe2c949cp-643,0x1.1c4cdfe2c949cp-643,3.04263689569431194e-194
1,267,0x0p+0,0x1.1c4cdfe2c949cp-643,0x1.1c4cdfe2c949cp-643,3.04263689569431194e-194
1,268,0x0p+0,0x1.1c4cdfe2c949cp-643,0x1.1c4cdfe2c949cp-643,3.04263689569431194e-194
1,269,0x0p+0,0x1.1c4cdfe2c949cp-643,0x1.1c4cdfe2c949cp-643,3.04263689569431194e-194
1,270,0x0p+0,0x1.1c4cdfe2c949cp-643,0x1.1c4cdfe2c949cp-643,3.04263689569431194e-194
1,271,0x0p+0,0x1.1c4cdfe2c949cp-643,0x1.1c4cdfe2c949cp-643,3.04263689569431194e-194
1,272,0x0p+0,0x1.1c4cdfe2c949cp-643,0x1.1c4cdfe2c949cp-643,3.04263689569431194e-194
1,273,0x0p+0,0x1.1c4cdfe2c949cp-643,0x1.1c4cdfe2c949cp-643,3.04263689569431194e-194
1,274,0x0p+0,0x1.1c4cdfe2c949cp-643,0x1.1c4cdfe2c949cp-643,3.04263689569431194e-194
1,275,0x0p+0,0x1.1c4cdfe2c949cp-643,0x1.1c4cdfe2c949cp-643,3.04263689569431194e-194
1,276,0x0p+0,0x1.1c4cdfe2c949cp-643,0x1.1c4cdfe2c949cp-643,3.04263689569431194e-194
1,277,0x0p+0,0x1.1c4cdfe2c949cp-643,0x1.1c4cdfe2c949cp-643,3.04263689569431194e-194
1,278,0x0p+0,0x1.1c4cdfe2c949cp-643,0x1.1c4cdfe2c949cp-643,3.04263689569431194e-194
1,279,0x0p+0,0x1.1c4cdfe2c949cp-643,0x1.1c4cdfe2c949cp-643,3.04263689569431194e-194
1,280,0x0p+0,0x1.1c4cdfe2c949cp-643,0x1.1c4cdfe2c949cp-643,3.04263689569431194e-194
2,0,0x1.a180a3f99c08p-5,0x1.addcc8a3c6a84p-642,0x1.a180a3f99c081p-5,5.09646608960574524e-02
2,1,0x1.98528226c56bbp-7,0x1.addcc8a3c6a84p-642,0x1.98528226c56bcp-7,1.24610076432348713e-02
2,2,0x1.63fe84c0fefe6p-9,0x1.addcc8a3c6a84p-642,0x1.63fe84c0fefe7p-9,2.71602030306715729e-03
2,3,0x1.1ade32efee23bp-11,0x1.addcc8a3c6a84p-642,0x1.1ade32efee23cp-11,5.39527825814074390e-04
2,4,0x1.a267de81a7167p-14,0x1.addcc8a3c6a84p-642,0x1.a267de81a7168p-14,9.97557017634091931e-05
2,5,0x1.25b70afe15862p-16,0x1.addcc8a3c6a84p-642,0x1.25b70afe15863p-16,1.75067789246131113e-05
2,6,0x1.8e0b647c70adfp-19,0x1.addcc8a3c6a84p-642,0x1.8e0b647c70aep-19,2.96566264365700995e-06
2,7,0x1.07993452da605p-21,0x1.addcc8a3c6a84p-642,0x1.07993452da606p-21,4.90990382890136641e-07
2,8,0x1.579e25b3754b7p-24,0x1.addcc8a3c6a84p-642,0x1.579e25b3754b8p-24,8.00047448770461090e-08
2,9,0x1.b9d00bb8982bfp-27,0x1.addcc8a3c6a84p-642,0x1.b9d00bb8982cp-27,1.28584412988672441e-08
2,10,0x1.17e1b77a06241p-29,0x1.addcc8a3c6a84p-642,0x1.17e1b77a06242p-29,2.03640742897983684e-09
2,11,0x1.5cab998ede9c9p-32,0x1.addcc8a3c6a84p-642,0x1.5cab998ede9cap-32,3.17113801302563818e-10
2,12,0x1.aa47e4e47e095p-35,0x1.addcc8a3c6a84p-642,0x1.aa47e4e47e096p-35,4.84625202685845632e-11
2,13,0x1.fee2178e06b1ep-38,0x1.addcc8a3c6a84p-642,0x1.fee2178e06b1fp-38,7.26008653256211023e-12
2,14,0x1.2bfa9d227c6ffp-40,0x1.addcc8a3c6a84p-642,0x1.2bfa9d227c7p-40,1.06573935520306974e-12
2,15,0x1.59369984be5a2p-43,0x1.addcc8a3c6a84p-642,0x1.59369984be5a3p-43,1.53305492747994663e-13
2,16,0x1.855ec7315e2b8p-46,0x1.addcc8a3c6a84p-642,0x1.855ec7315e2b9p-46,2.16143895527030467e-14
2,17,0x1.ae7bb10ce3293p-49,0x1.addcc8a3c6a84p-642,0x1.ae7bb10ce3294p-49,2.98707704629454141e-15
2,18,0x1.d27776588fb5cp-52,0x1.addcc8a3c6a84p-642,0x1.d27776588fb5dp-52,4.04595323881001014e-16
2,19,0x1.ef3eda93c372bp-55,0x1.addcc8a3c6a84p-642,0x1.ef3eda93c372cp-55,5.36946271650434679e-17
2,20,0x1.0178843c5aeb6p-57,0x1.addcc8a3c6a84p-642,0x1.0178843c5aeb7p-57,6.97875914385762086e-18
2,21,0x1.060bc69c3e3dp-60,0x1.addcc8a3c6a84p-642,0x1.060bc69c3e3d1p-60,8.87846380423443082e-19
2,22,0x1.04ed943c5725ap-63,0x1.addcc8a3c6a84p-642,0x1.04ed943c5725bp-63,1.10507324704198761e-19
2,23,0x1.fc29011fe8c0fp-67,0x1.addcc8a3c6a84p-642,0x1.fc29011fe8c1p-67,1.34508877925419684e-20
2,24,0x1.e3becbb5a261ap-70,0x1.addcc8a3c6a84p-642,0x1.e3becbb5a261bp-70,1.60057892059789709e-21
2,25,0x1.c21a31f53c1b3p-73,0x1.addcc8a3c6a84p-642,0x1.c21a31f53c1b4p-73,1.86157958368891628e-22
2,26,0x1.994e5203e0669p-76,0x1.addcc8a3c6a84p-642,0x1.994e5203e066ap-76,2.11606210814820423e-23
2,27,0x1.6bc7829dfee4ap-79,0x1.addcc8a3c6a84p-642,0x1.6bc7829dfee4bp-79,2.35086886450398025e-24
2,28,0x1.3c08673fb4611p-82,0x1.addcc8a3c6a84p-642,0x1.3c08673fb4612p-82,2.55289283344287552e-25
2,29,0x1.0c6b6739292f8p-85,0x1.addcc8a3c6a84p-642,0x1.0c6b6739292f9p-85,2.71034475917828753e-26
2,30,0x1.bde28badc2511p-89,0x1.addcc8a3c6a84p-642,0x1.bde28badc2512p-89,2.81392960330392919e-27
2,31,0x1.6a43c9949e14fp-92,0x1.addcc8a3c6a84p-642,0x1.6a43c9949e15p-92,2.85776533817498862e-28
2,32,0x1.2000820ac0138p-95,0x1.addcc8a3c6a84p-642,0x1.2000820ac0139p-95,2.83991882534009776e-29
2,33,0x1.c03d9ac71c7b9p-99,0x1.addcc8a3c6a84p-642,0x1.c03d9ac71c7bap-99,2.76249624508846463e-30
2,34,0x1.558fce4188abcp-102,0x1.addcc8a3c6a84p-642,0x1.558fce4188abdp-102,2.63129593913898496e-31
2,35,0x1.fde746d74e265p-106,0x1.addcc8a3c6a84p-642,0x1.fde746d74e266p-106,2.45509568593076470e-32
2,36,0x1.74f6aeac00585p-109,0x1.addcc8a3c6a84p-642,0x1.74f6aeac00586p-109,2.24469303363499655e-33
2,37,0x1.0b6b5cbde90c3p-112,0x1.addcc8a3c6a84p-642,0x1.0b6b5cbde90c4p-112,2.01183984031437580e-34
2,38,0x1.780e7d7af5293p-116,0x1.addcc8a3c6a84p-642,0x1.780e7d7af5294p-116,1.76820964579621068e-35
2,39,0x1.0361e70180072p-119,0x1.addcc8a3c6a84p-642,0x1.0361e70180073p-119,1.52451291241871553e-36
2,40,0x1.5f209414a1384p-123,0x1.addcc8a3c6a84p-642,0x1.5f209414a1385p-123,1.28983784374284205e-37
2,41,0x1.d298973af47dfp-127,0x1.addcc8a3c6a84p-642,0x1.d298973af47ep-127,1.07125201135613172e-38
2,42,0x1.306d1a588ed5cp-130,0x1.addcc8a3c6a84p-642,0x1.306d1a588ed5dp-130,8.73660299465262085e-40
2,43,0x1.8632b763386b6p-134,0x1.addcc8a3c6a84p-642,0x1.8632b763386b7p-134,6.99883537161985631e-41
2,44,0x1.eb6befc540d2dp-138,0x1.addcc8a3c6a84p-642,0x1.eb6befc540d2ep-138,5.50902697401983294e-42
2,45,0x1.30269ba267ed3p-141,0x1.addcc8a3c6a84p-642,0x1.30269ba267ed4p-141,4.26206066188562151e-43
2,46,0x1.7225cbb163b15p-145,0x1.addcc8a3c6a84p-642,0x1.7225cbb163b16p-145,3.24179574128124732e-44
2,47,0x1.bb00185753ba2p-149,0x1.addcc8a3c6a84p-642,0x1.bb00185753ba3p-149,2.42490523500240102e-45
2,48,0x1.04c62793c0d03p-152,0x1.addcc8a3c6a84p-642,0x1.04c62793c0d04p-152,1.78428839721174039e-46
2,49,0x1.2e15f205d980fp-156,0x1.addcc8a3c6a84p-642,0x1.2e15f205d981p-156,1.29184650101259944e-47
2,50,0x1.586a576cccbd1p-160,0x1.addcc8a3c6a84p-642,0x1.586a576cccbd2p-160,9.20541317376594216e-49
2,51,0x1.82921cc930966p-164,0x1.addcc8a3c6a84p-642,0x1.82921cc930967p-164,6.45757914499360909e-50
2,52,0x1.ab3ded9431be1p-168,0x1.addcc8a3c6a84p-642,0x1.ab3ded9431be2p-168,4.46061363336485409e-51
2,53,0x1.d111eda6eea98p-172,0x1.addcc8a3c6a84p-642,0x1.d111eda6eea99p-172,3.03472356121945662e-52
2,54,0x1.f2b97fce2d7ep-176,0x1.addcc8a3c6a84p-642,0x1.f2b97fce2d7e1p-176,2.03395618904856239e-53
2,55,0x1.077dd2180c109p-179,0x1.addcc8a3c6a84p-642,0x1.077dd2180c10ap-179,1.34325170124223714e-54
2,56,0x1.12671890f6f05p-183,0x1.addcc8a3c6a84p-642,0x1.12671890f6f06p-183,8.74297502793612455e-56
2,57,0x1.19b31d2d848e3p-187,0x1.addcc8a3c6a84p-642,0x1.19b31d2d848e4p-187,5.60966820045098492e-57
2,58,0x1.1d221e042ef87p-191,0x1.addcc8a3c6a84p-642,0x1.1d221e042ef88p-191,3.54877739725815753e-58
2,59,0x1.1c9d847082089p-195,0x1.addcc8a3c6a84p-642,0x1.1c9d84708208ap-195,2.21395671672735032e-59
2,60,0x1.18387f35dff08p-199,0x1.addcc8a3c6a84p-642,0x1.18387f35dff09p-199,1.36235753261519506e-60
2,61,0x1.102dc8321bdffp-203,0x1.addcc8a3c6a84p-642,0x1.102dc8321bep-203,8.27037624367408533e-62
2,62,0x1.04dae120f1907p-207,0x1.addcc8a3c6a84p-642,0x1.04dae120f1908p-207,4.95393260479230634e-63
2,63,0x1.ed7294e136cc4p-212,0x1.addcc8a3c6a84p-642,0x1.ed7294e136cc5p-212,2.92847810311628814e-64
2,64,0x1.ccacbad1a9e55p-216,0x1.addcc8a3c6a84p-642,0x1.ccacbad1a9e56p-216,1.70873752577931737e-65
2,65,0x1.a89509b5e8e2bp-220,0x1.addcc8a3c6a84p-642,0x1.a89509b5e8e2cp-220,9.84289269614676131e-67
2,66,0x1.82611a0797f49p-224,0x1.addcc8a3c6a84p-642,0x1.82611a0797f4ap-224,5.59828315931664712e-68
2,67,0x1.5b3b5d2649b55p-228,0x1.addcc8a3c6a84p-642,0x1.5b3b5d2649b56p-228,3.14442056267568775e-69
2,68,0x1.3435ac8b1b0dp-232,0x1.addcc8a3c6a84p-642,0x1.3435ac8b1b0d1p-232,1.74440487916095572e-70
2,69,0x1.0e3eff3cdd5d4p-236,0x1.addcc8a3c6a84p-642,0x1.0e3eff3cdd5d5p-236,9.55961637492260246e-72
2,70,0x1.d4392f6739bbcp-241,0x1.addcc8a3c6a84p-642,0x1.d4392f6739bbdp-241,5.17587971502882422e-73
2,71,0x1.90cd4d67428fbp-245,0x1.addcc8a3c6a84p-642,0x1.90cd4d67428fcp-245,2.76911464312619213e-74
2,72,0x1.53102f0682111p-249,0x1.addcc8a3c6a84p-642,0x1.53102f0682112p-249,1.46410354880153513e-75
2,73,0x1.1b82091b0ea81p-253,0x1.addcc8a3c6a84p-642,0x1.1b82091b0ea82p-253,7.65132017300392839e-77
2,74,0x1.d4accd0b6c0a3p-258,0x1.addcc8a3c6a84p-642,0x1.d4accd0b6c0a4p-258,3.95269172831439466e-78
2,75,0x1.7effa926f1d16p-262,0x1.addcc8a3c6a84p-642,0x1.7effa926f1d17p-262,2.01882392090323925e-79
2,76,0x1.3579ec5244484p-266,0x1.addcc8a3c6a84p-642,0x1.3579ec5244485p-266,1.01955000472984581e-80
2,77,0x1.ee975c5fe95b5p-271,0x1.addcc8a3c6a84p-642,0x1.ee975c5fe95b6p-271,5.09187391896424571e-82
2,78,0x1.86e2473996598p-275,0x1.addcc8a3c6a84p-642,0x1.86e2473996599p-275,2.51512172809500156e-83
2,79,0x1.31926a986cc61p-279,0x1.addcc8a3c6a84p-642,0x1.31926a986cc62p-279,1.22886652641778431e-84
2,80,0x1.d8a229b37543dp-284,0x1.addcc8a3c6a84p-642,0x1.d8a229b37543ep-284,5.93971654404866847e-86
2,81,0x1.69a2986dc926bp-288,0x1.addcc8a3c6a84p-642,0x1.69a2986dc926cp-288,2.84048111142674601e-87
2,82,0x1.11cc5fa639d2ap-292,0x1.addcc8a3c6a84p-642,0x1.11cc5fa639d2bp-292,1.34410161466798074e-88
2,83,0x1.9a48463daf5bcp-297,0x1.addcc8a3c6a84p-642,0x1.9a48463daf5bdp-297,6.29410707761257484e-90
2,84,0x1.303cee1e13a5p-301,0x1.addcc8a3c6a84p-642,0x1.303cee1e13a51p-301,2.91705628682733123e-91
2,85,0x1.be9c37e0a7a7fp-306,0x1.addcc8a3c6a84p-642,0x1.be9c37e0a7a8p-306,1.33816610715545161e-92
2,86,0x1.447fbdc9bd978p-310,0x1.addcc8a3c6a84p-642,0x1.447fbdc9bd979p-310,6.07679698853424284e-94
2,87,0x1.d2d80146be163p-315,0x1.addcc8a3c6a84p-642,0x1.d2d80146be164p-315,2.73201429611028219e-95
2,88,0x1.4c7efe0c8e2e7p-319,0x1.addcc8a3c6a84p-642,0x1.4c7efe0c8e2e8p-319,1.21612418809925839e-96
2,89,0x1.d4fc967e66a5p-324,0x1.addcc8a3c6a84p-642,0x1.d4fc967e66a51p-324,5.36045852035287003e-98
2,90,0x1.478c4f4b04ea3p-328,0x1.addcc8a3c6a84p-642,0x1.478c4f4b04ea4p-328,2.33989581935905058e-99
2,91,0x1.c5237115d3a9fp-333,0x1.addcc8a3c6a84p-642,0x1.c5237115d3aap-333,1.01158501627631161e-100
2,92,0x1.36762fc6b8a61p-337,0x1.addcc8a3c6a84p-642,0x1.36762fc6b8a62p-337,4.33171106317010672e-102
2,93,0x1.a5691df554ab4p-342,0x1.addcc8a3c6a84p-642,0x1.a5691df554ab5p-342,1.83741385514556874e-103
2,94,0x1.1b56071a843c9p-346,0x1.addcc8a3c6a84p-642,0x1.1b56071a843cap-346,7.72117442966389003e-105
2,95,0x1.797b11d3acdp-351,0x1.addcc8a3c6a84p-642,0x1.797b11d3acd01p-351,3.21459566911827163e-106
2,96,0x1.f24cf6036ac3dp-356,0x1.addcc8a3c6a84p-642,0x1.f24cf6036ac3ep-356,1.32609004122581494e-107
2,97,0x1.45e90b2d79fa7p-360,0x1.addcc8a3c6a84p-642,0x1.45e90b2d79fa8p-360,5.42075423042722090e-109
2,98,0x1.a67bfaf94d224p-365,0x1.addcc8a3c6a84p-642,0x1.a67bfaf94d225p-365,2.19594870022497375e-110
2,99,0x1.0f65724ff99bdp-369,0x1.addcc8a3c6a84p-642,0x1.0f65724ff99bep-369,8.81648591527552595e-112
2,100,0x1.599959bcf628ep-374,0x1.addcc8a3c6a84p-642,0x1.599959bcf628fp-374,3.50844090346686705e-113
2,101,0x1.b43c1c5b09bc1p-379,0x1.addcc8a3c6a84p-642,0x1.b43c1c5b09bc2p-379,1.38392321160635823e-114
2,102,0x1.10edf7c4309dp-383,0x1.addcc8a3c6a84p-642,0x1.10edf7c4309d1p-383,5.41155745075563861e-116
2,103,0x1.52936b5c9ffa8p-388,0x1.addcc8a3c6a84p-642,0x1.52936b5c9ffa9p-388,2.09786580197044621e-117
2,104,0x1.a06d438bae137p-393,0x1.addcc8a3c6a84p-642,0x1.a06d438bae138p-393,8.06325552473175013e-119
2,105,0x1.fbd80bc6efd7ap-398,0x1.addcc8a3c6a84p-642,0x1.fbd80bc6efd7bp-398,3.07292546277805200e-120
2,106,0x1.3310e87ee33p-402,0x1.addcc8a3c6a84p-642,0x1.3310e87ee3301p-402,1.16127098952031132e-121
2,107,0x1.703e0f875cc63p-407,0x1.addcc8a3c6a84p-642,0x1.703e0f875cc64p-407,4.35196727181954234e-123
2,108,0x1.b5f64223b81ebp-412,0x1.addcc8a3c6a84p-642,0x1.b5f64223b81ecp-412,1.61747731574760955e-124
2,109,0x1.024f067302be8p-416,0x1.addcc8a3c6a84p-642,0x1.024f067302be9p-416,5.96239657870539482e-126
2,110,0x1.2e39ace6e5464p-421,0x1.addcc8a3c6a84p-642,0x1.2e39ace6e5465p-421,2.18003100163722717e-127
2,111,0x1.5ec29e817b104p-426,0x1.addcc8a3c6a84p-642,0x1.5ec29e817b105p-426,7.90664480901922151e-129
2,112,0x1.93d63175eefc4p-431,0x1.addcc8a3c6a84p-642,0x1.93d63175eefc5p-431,2.84470790424554234e-130
2,113,0x1.cd42495fc93a9p-436,0x1.addcc8a3c6a84p-642,0x1.cd42495fc93aap-436,1.01537558015590833e-131
2,114,0x1.0559ee34f2849p-440,0x1.addcc8a3c6a84p-642,0x1.0559ee34f284ap-440,3.59572601543739299e-133
2,115,0x1.25dab93553faep-445,0x1.addcc8a3c6a84p-642,0x1.25dab93553fafp-445,1.26340952062369361e-134
2,116,0x1.47d766612567fp-450,0x1.addcc8a3c6a84p-642,0x1.47d766612568p-450,4.40479589602865808e-136
2,117,0x1.6af2ed6a71218p-455,0x1.addcc8a3c6a84p-642,0x1.6af2ed6a71219p-455,1.52390373743465244e-137
2,118,0x1.8ec08861173cap-460,0x1.addcc8a3c6a84p-642,0x1.8ec08861173cbp-460,5.23196694858231013e-139
2,119,0x1.b2c59296afbafp-465,0x1.addcc8a3c6a84p-642,0x1.b2c59296afbbp-465,1.78267997594691685e-140
2,120,0x1.d67c1435a6648p-470,0x1.addcc8a3c6a84p-642,0x1.d67c1435a6649p-470,6.02847635919869303e-142
2,121,0x1.f955ea31f1df1p-475,0x1.addcc8a3c6a84p-642,0x1.f955ea31f1df2p-475,2.02344774346268149e-143
2,122,0x1.0d603885bee09p-479,0x1.addcc8a3c6a84p-642,0x1.0d603885bee0ap-479,6.74141075612046574e-145
2,123,0x1.1d1448518c899p-484,0x1.addcc8a3c6a84p-642,0x1.1d1448518c89ap-484,2.22950118810428645e-146
2,124,0x1.2b7f805c8192ap-489,0x1.addcc8a3c6a84p-642,0x1.2b7f805c8192bp-489,7.31957992831873751e-148
2,125,0x1.385e4c8822307p-494,0x1.addcc8a3c6a84p-642,0x1.385e4c8822308p-494,2.38566361839509205e-149
2,126,0x1.43733f016f7cdp-499,0x1.addcc8a3c6a84p-642,0x1.43733f016f7cep-499,7.71968528974971724e-151
2,127,0x1.4c88fd62f59c7p-504,0x1.addcc8a3c6a84p-642,0x1.4c88fd62f59c8p-504,2.48016020299223908e-152
2,128,0x1.5373eedc4c8dp-509,0x1.addcc8a3c6a84p-642,0x1.5373eedc4c8d1p-509,7.91173474362671814e-154
2,129,0x1.5813985a5dbe4p-514,0x1.addcc8a3c6a84p-642,0x1.5813985a5dbe5p-514,2.50609384651284437e-155
2,130,0x1.5a53978e6e476p-519,0x1.addcc8a3c6a84p-642,0x1.5a53978e6e477p-519,7.88275535526889273e-157
2,131,0x1.5a2c326b397f7p-524,0x1.addcc8a3c6a84p-642,0x1.5a2c326b397f8p-524,2.46226647685788115e-158
2,132,0x1.57a275f2c1d7bp-529,0x1.addcc8a3c6a84p-642,0x1.57a275f2c1d7cp-529,7.63816840999658042e-160
2,133,0x1.52c7e4a7f7e3p-534,0x1.addcc8a3c6a84p-642,0x1.52c7e4a7f7e31p-534,2.35321268808616533e-161
2,134,0x1.4bb9ba4e2aba5p-539,0x1.addcc8a3c6a84p-642,0x1.4bb9ba4e2aba6p-539,7.20064214284257594e-163
2,135,0x1.429fcf834135p-544,0x1.addcc8a3c6a84p-642,0x1.429fcf8341351p-544,2.18846404122435127e-164
2,136,0x1.37ab2be96d82dp-549,0x1.addcc8a3c6a84p-642,0x1.37ab2be96d82ep-549,6.60671418965804476e-166
2,137,0x1.2b1458c92f8dp-554,0x1.addcc8a3c6a84p-642,0x1.2b1458c92f8d1p-554,1.98120334875343221e-167
2,138,0x1.1d19882f97679p-559,0x1.addcc8a3c6a84p-642,0x1.1d19882f9767ap-559,5.90186499851892933e-169
2,139,0x1.0dfca57dce86ep-564,0x1.addcc8a3c6a84p-642,0x1.0dfca57dce86fp-564,1.74656668870993411e-170
2,140,0x1.fc02c852e66b7p-570,0x1.addcc8a3c6a84p-642,0x1.fc02c852e66b8p-570,5.13494162235333663e-172
2,141,0x1.dad6c04f3efe1p-575,0x1.addcc8a3c6a84p-642,0x1.dad6c04f3efe2p-575,1.49988786849867718e-173
2,142,0x1.b8f8c299b3c5ep-580,0x1.addcc8a3c6a84p-642,0x1.b8f8c299b3c5fp-580,4.35284585041826272e-175
2,143,0x1.96e5a009fd3acp-585,0x1.addcc8a3c6a84p-642,0x1.96e5a009fd3adp-585,1.25515404657842137e-176
2,144,0x1.7510ccc2819b9p-590,0x1.addcc8a3c6a84p-642,0x1.7510ccc2819bcp-590,3.59623303678363492e-178
2,145,0x1.53e249a8ae6dbp-595,0x1.addcc8a3c6a84p-642,0x1.53e249a8ae712p-595,1.02386631283761635e-179
2,146,0x1.33b51c917dbedp-600,0x1.addcc8a3c6a84p-642,0x1.33b51c917e2a5p-600,2.89668100691015564e-181
2,147,0x1.14d6578057c89p-605,0x1.addcc8a3c6a84p-642,0x1.14d6578065378p-605,8.14398978030487611e-183
2,148,0x1.ef09522a89312p-611,0x1.addcc8a3c6a84p-642,0x1.ef09522de4eacp-611,2.27546325474771136e-184
2,149,0x1.b7e0d605c9c31p-616,0x1.addcc8a3c6a84p-642,0x1.b7e0d67140f55p-616,6.31851784131749121e-186
2,150,0x1.84783e9396841p-621,0x1.addcc8a3c6a84p-642,0x1.84784c027cc94p-621,1.74377365533423342e-187
2,151,0x1.54fa9435a0b3dp-626,0x1.addcc8a3c6a84p-642,0x1.54fc42126957ap-626,4.78319968463124639e-189
2,152,0x1.297b29482b1b8p-631,0x1.addcc8a3c6a84p-642,0x1.29b0e4e13f946p-631,1.30496380064625174e-190
2,153,0x1.01f8493196e64p-636,0x1.addcc8a3c6a84p-642,0x1.08afbc542600fp-636,3.62588921151713580e-192
2,154,0x1.bcbc535e28e88p-642,0x1.addcc8a3c6a84p-642,0x1.b54c8e00f7c87p-641,1.87202368777780035e-193
2,155,0x1.7d13f4020d30ap-647,0x1.addcc8a3c6a84p-642,0x1.b9c56843d711dp-642,9.45584058375642282e-194
2,156,0x1.4499df8151437p-652,0x1.addcc8a3c6a84p-642,0x1.ae2def1ba6fcap-642,9.20772749877444959e-194
2,157,0x1.12de6c60fb597p-657,0x1.addcc8a3c6a84p-642,0x1.addeee609f6a4p-642,9.20112199974889395e-194
2,158,0x1.cecaa96aa5f57p-663,0x1.addcc8a3c6a84p-642,0x1.addcd71a1bf3ap-642,9.20094717608904233e-194
2,159,0x1.83554fb8187c7p-668,0x1.addcc8a3c6a84p-642,0x1.addcc9049bfc4p-642,9.20094257618887152e-194
2,160,0x1.424e40d47f1bp-673,0x1.addcc8a3c6a84p-642,0x1.addcc8a64b44dp-642,9.20094245586132306e-194
2,161,0x1.0aa7a5e9bd8c9p-678,0x1.addcc8a3c6a84p-642,0x1.addcc8a3d752dp-642,9.20094245273189639e-194
2,162,0x1.b6b4cc3086a01p-684,0x1.addcc8a3c6a84p-642,0x1.addcc8a3c716p-642,9.20094245265097498e-194
2,163,0x1.66d5cbf76251ep-689,0x1.addcc8a3c6a84p-642,0x1.addcc8a3c6ab2p-642,9.20094245264889443e-194
2,164,0x1.23d9227e0180bp-694,0x1.addcc8a3c6a84p-642,0x1.addcc8a3c6a86p-642,9.20094245264884089e-194
2,165,0x1.d8112c1100cf5p-700,0x1.addcc8a3c6a84p-642,0x1.addcc8a3c6a85p-642,9.20094245264883967e-194
2,166,0x1.7ba79cfe15063p-705,0x1.addcc8a3c6a84p-642,0x1.addcc8a3c6a85p-642,9.20094245264883967e-194
2,167,0x1.2fa347a6c2fbp-710,0x1.addcc8a3c6a84p-642,0x1.addcc8a3c6a85p-642,9.20094245264883967e-194
2,168,0x1.e3004c127bacp-716,0x1.addcc8a3c6a84p-642,0x1.addcc8a3c6a85p-642,9.20094245264883967e-194
2,169,0x1.7e0c8934d8e4fp-721,0x1.addcc8a3c6a84p-642,0x1.addcc8a3c6a85p-642,9.20094245264883967e-194
2,170,0x1.2c8bdfee0b924p-726,0x1.addcc8a3c6a84p-642,0x1.addcc8a3c6a85p-642,9.20094245264883967e-194
2,171,0x1.d64b049d5a12ap-732,0x1.addcc8a3c6a84p-642,0x1.addcc8a3c6a85p-642,9.20094245264883967e-194
2,172,0x1.6df7c7015da6ap-737,0x1.addcc8a3c6a84p-642,0x1.addcc8a3c6a85p-642,9.20094245264883967e-194
2,173,0x1.1b414137addf3p-742,0x1.addcc8a3c6a84p-642,0x1.addcc8a3c6a85p-642,9.20094245264883967e-194
2,174,0x1.b420e56b506a4p-748,0x1.addcc8a3c6a84p-642,0x1.addcc8a3c6a85p-642,9.20094245264883967e-194
2,175,0x1.4df820e23edcbp-753,0x1.addcc8a3c6a84p-642,0x1.addcc8a3c6a85p-642,9.20094245264883967e-194
2,176,0x1.fcc66489efb7p-759,0x1.addcc8a3c6a84p-642,0x1.addcc8a3c6a85p-642,9.20094245264883967e-194
2,177,0x1.817ffff46bd77p-764,0x1.addcc8a3c6a84p-642,0x1.addcc8a3c6a85p-642,9.20094245264883967e-194
2,178,0x1.2290d4ede6321p-769,0x1.addcc8a3c6a84p-642,0x1.addcc8a3c6a85p-642,9.20094245264883967e-194
2,179,0x1.b3bd84c79f707p-775,0x1.addcc8a3c6a84p-642,0x1.addcc8a3c6a85p-642,9.20094245264883967e-194
2,180,0x1.4508302ebabf2p-780,0x1.addcc8a3c6a84p-642,0x1.addcc8a3c6a85p-642,9.20094245264883967e-194
2,181,0x1.e2677e9676315p-786,0x1.addcc8a3c6a84p-642,0x1.addcc8a3c6a85p-642,9.20094245264883967e-194
2,182,0x1.6426b4e8378d1p-791,0x1.addcc8a3c6a84p-642,0x1.addcc8a3c6a85p-642,9.20094245264883967e-194
2,183,0x1.059987a46be18p-796,0x1.addcc8a3c6a84p-642,0x1.addcc8a3c6a85p-642,9.20094245264883967e-194
2,184,0x1.7e5997845911cp-802,0x1.addcc8a3c6a84p-642,0x1.addcc8a3c6a85p-642,9.20094245264883967e-194
2,185,0x1.1601fc5be01fdp-807,0x1.addcc8a3c6a84p-642,0x1.addcc8a3c6a85p-642,9.20094245264883967e-194
2,186,0x1.923ff6fa5fb94p-813,0x1.addcc8a3c6a84p-642,0x1.addcc8a3c6a85p-642,9.20094245264883967e-194
2,187,0x1.218db9a4ae055p-818,0x1.addcc8a3c6a84p-642,0x1.addcc8a3c6a85p-642,9.20094245264883967e-194
2,188,0x1.9ec9edbcd644p-824,0x1.addcc8a3c6a84p-642,0x1.addcc8a3c6a85p-642,9.20094245264883967e-194
2,189,0x1.279feb2be0664p-829,0x1.addcc8a3c6a84p-642,0x1.addcc8a3c6a85p-642,9.20094245264883967e-194
2,190,0x1.a350b511d33d9p-835,0x1.addcc8a3c6a84p-642,0x1.addcc8a3c6a85p-642,9.20094245264883967e-194
2,191,0x1.27ec122703945p-840,0x1.addcc8a3c6a84p-642,0x1.addcc8a3c6a85p-642,9.20094245264883967e-194
2,192,0x1.9fa4dd8e5f658p-846,0x1.addcc8a3c6a84p-642,0x1.addcc8a3c6a85p-642,9.20094245264883967e-194
2,193,0x1.227c0fb48e685p-851,0x1.addcc8a3c6a84p-642,0x1.addcc8a3c6a85p-642,9.20094245264883967e-194
2,194,0x1.9410f2d9bc2a9p-857,0x1.addcc8a3c6a84p-642,0x1.addcc8a3c6a85p-642,9.20094245264883967e-194
2,195,0x1.17add1fb74ec2p-862,0x1.addcc8a3c6a84p-642,0x1.addcc8a3c6a85p-642,9.20094245264883967e-194
2,196,0x1.815072a0fdefp-868,0x1.addcc8a3c6a84p-642,0x1.addcc8a3c6a85p-642,9.20094245264883967e-194
2,197,0x1.0829223630f0fp-873,0x1.addcc8a3c6a84p-642,0x1.addcc8a3c6a85p-642,9.20094245264883967e-194
2,198,0x1.687c8923e1616p-879,0x1.addcc8a3c6a84p-642,0x1.addcc8a3c6a85p-642,9.20094245264883967e-194
2,199,0x1.e99e287429da8p-885,0x1.addcc8a3c6a84p-642,0x1.addcc8a3c6a85p-642,9.20094245264883967e-194
2,200,0x1.4af14742b4e3fp-890,0x1.addcc8a3c6a84p-642,0x1.addcc8a3c6a85p-642,9.20094245264883967e-194
2,201,0x1.bd4aa731da8a4p-896,0x1.addcc8a3c6a84p-642,0x1.addcc8a3c6a85p-642,9.20094245264883967e-194
2,202,0x1.2a2ecdac193a5p-901,0x1.addcc8a3c6a84p-642,0x1.addcc8a3c6a85p-642,9.20094245264883967e-194
2,203,0x1.8d7fca79081adp-907,0x1.addcc8a3c6a84p-642,0x1.addcc8a3c6a85p-642,9.20094245264883967e-194
2,204,0x1.07ba1f7fddf9dp-912,0x1.addcc8a3c6a84p-642,0x1.addcc8a3c6a85p-642,9.20094245264883967e-194
2,205,0x1.5c57cfb84c694p-918,0x1.addcc8a3c6a84p-642,0x1.addcc8a3c6a85p-642,9.20094245264883967e-194
2,206,0x1.ca01f2621f0aap-924,0x1.addcc8a3c6a84p-642,0x1.addcc8a3c6a85p-642,9.20094245264883967e-194
2,207,0x1.2bbaecd1a345bp-929,0x1.addcc8a3c6a84p-642,0x1.addcc8a3c6a85p-642,9.20094245264883967e-194
2,208,0x1.86868734162f5p-935,0x1.addcc8a3c6a84p-642,0x1.addcc8a3c6a85p-642,9.20094245264883967e-194
2,209,0x1.fa88a1e6f3fd2p-941,0x1.addcc8a3c6a84p-642,0x1.addcc8a3c6a85p-642,9.20094245264883967e-194
2,210,0x1.470767b592e7ap-946,0x1.addcc8a3c6a84p-642,0x1.addcc8a3c6a85p-642,9.20094245264883967e-194
2,211,0x1.a463a16d39dcap-952,0x1.addcc8a3c6a84p-642,0x1.addcc8a3c6a85p-642,9.20094245264883967e-194
2,212,0x1.0d002189e81fcp-957,0x1.addcc8a3c6a84p-642,0x1.addcc8a3c6a85p-642,9.20094245264883967e-194
2,213,0x1.56bc5c7bc567dp-963,0x1.addcc8a3c6a84p-642,0x1.addcc8a3c6a85p-642,9.20094245264883967e-194
2,214,0x1.b2c26de165d03p-969,0x1.addcc8a3c6a84p-642,0x1.addcc8a3c6a85p-642,9.20094245264883967e-194
2,215,0x1.128963fa10f74p-974,0x1.addcc8a3c6a84p-642,0x1.addcc8a3c6a85p-642,9.20094245264883967e-194
2,216,0x1.59356cc788646p-980,0x1.addcc8a3c6a84p-642,0x1.addcc8a3c6a85p-642,9.20094245264883967e-194
2,217,0x1.b02fc9bbc600fp-986,0x1.addcc8a3c6a84p-642,0x1.addcc8a3c6a85p-642,9.20094245264883967e-194
2,218,0x1.0d5e736dc62p-991,0x1.addcc8a3c6a84p-642,0x1.addcc8a3c6a85p-642,9.20094245264883967e-194
2,219,0x1.4e55113733d11p-997,0x1.addcc8a3c6a84p-642,0x1.addcc8a3c6a85p-642,9.20094245264883967e-194
2,220,0x1.9d2eb26dc6741p-1003,0x1.addcc8a3c6a84p-642,0x1.addcc8a3c6a85p-642,9.20094245264883967e-194
2,221,0x1.fc72876244959p-1009,0x1.addcc8a3c6a84p-642,0x1.addcc8a3c6a85p-642,9.20094245264883967e-194
2,222,0x1.3781fa2d5b407p-1014,0x1.addcc8a3c6a84p-642,0x1.addcc8a3c6a85p-642,9.20094245264883967e-194
2,223,0x1.7c152b44d6d3cp-1020,0x1.addcc8a3c6a84p-642,0x1.addcc8a3c6a85p-642,9.20094245264883967e-194
2,224,0x0.1cdcc2c73b183p-1022,0x1.addcc8a3c6a84p-642,0x1.addcc8a3c6a85p-642,9.20094245264883967e-194
2,225,0x0.008bae528d1f7p-1022,0x1.addcc8a3c6a84p-642,0x1.addcc8a3c6a85p-642,9.20094245264883967e-194
2,226,0x0.0002a12add611p-1022,0x1.addcc8a3c6a84p-642,0x1.addcc8a3c6a85p-642,9.20094245264883967e-194
2,227,0x0.00000c9efcaadp-1022,0x1.addcc8a3c6a84p-642,0x1.addcc8a3c6a85p-642,9.20094245264883967e-194
2,228,0x0.0000003c9a90fp-1022,0x1.addcc8a3c6a84p-642,0x1.addcc8a3c6a85p-642,9.20094245264883967e-194
2,229,0x0.00000001661bfp-1022,0x1.addcc8a3c6a84p-642,0x1.addcc8a3c6a85p-642,9.20094245264883967e-194
2,230,0x0.000000004969ap-1022,0x1.addcc8a3c6a84p-642,0x1.addcc8a3c6a85p-642,9.20094245264883967e-194
2,231,0x0.0000000041538p-1022,0x1.addcc8a3c6a84p-642,0x1.addcc8a3c6a85p-642,9.20094245264883967e-194
2,232,0x0.000000003e6e1p-1022,0x1.addcc8a3c6a84p-642,0x1.addcc8a3c6a85p-642,9.20094245264883967e-194
2,233,0x0.000000003bb24p-1022,0x1.addcc8a3c6a84p-642,0x1.addcc8a3c6a85p-642,9.20094245264883967e-194
2,234,0x0.000000003907fp-1022,0x1.addcc8a3c6a84p-642,0x1.addcc8a3c6a85p-642,9.20094245264883967e-194
2,235,0x0.00000000366fp-1022,0x1.addcc8a3c6a84p-642,0x1.addcc8a3c6a85p-642,9.20094245264883967e-194
2,236,0x0.0000000033e75p-1022,0x1.addcc8a3c6a84p-642,0x1.addcc8a3c6a85p-642,9.20094245264883967e-194
2,237,0x0.000000003170dp-1022,0x1.addcc8a3c6a84p-642,0x1.addcc8a3c6a85p-642,9.20094245264883967e-194
2,238,0x0.000000002f0b6p-1022,0x1.addcc8a3c6a84p-642,0x1.addcc8a3c6a85p-642,9.20094245264883967e-194
2,239,0x0.000000002cb6ep-1022,0x1.addcc8a3c6a84p-642,0x1.addcc8a3c6a85p-642,9.20094245264883967e-194
2,240,0x0.000000002a733p-1022,0x1.addcc8a3c6a84p-642,0x1.addcc8a3c6a85p-642,9.20094245264883967e-194
2,241,0x0.0000000028403p-1022,0x1.addcc8a3c6a84p-642,0x1.addcc8a3c6a85p-642,9.20094245264883967e-194
2,242,0x0.00000000261dcp-1022,0x1.addcc8a3c6a84p-642,0x1.addcc8a3c6a85p-642,9.20094245264883967e-194
2,243,0x0.00000000240bcp-1022,0x1.addcc8a3c6a84p-642,0x1.addcc8a3c6a85p-642,9.20094245264883967e-194
2,244,0x0.00000000220a1p-1022,0x1.addcc8a3c6a84p-642,0x1.addcc8a3c6a85p-642,9.20094245264883967e-194
2,245,0x0.0000000020189p-1022,0x1.addcc8a3c6a84p-642,0x1.addcc8a3c6a85p-642,9.20094245264883967e-194
2,246,0x0.000000001e372p-1022,0x1.addcc8a3c6a84p-642,0x1.addcc8a3c6a85p-642,9.20094245264883967e-194
2,247,0x0.000000001c65ap-1022,0x1.addcc8a3c6a84p-642,0x1.addcc8a3c6a85p-642,9.20094245264883967e-194
2,248,0x0.000000001aa3fp-1022,0x1.addcc8a3c6a84p-642,0x1.addcc8a3c6a85p-642,9.20094245264883967e-194
2,249,0x0.0000000018f1fp-1022,0x1.addcc8a3c6a84p-642,0x1.addcc8a3c6a85p-642,9.20094245264883967e-194
2,250,0x0.00000000174f7p-1022,0x1.addcc8a3c6a84p-642,0x1.addcc8a3c6a85p-642,9.20094245264883967e-194
2,251,0x0.0000000015bc5p-1022,0x1.addcc8a3c6a84p-642,0x1.addcc8a3c6a85p-642,9.20094245264883967e-194
2,252,0x0.0000000014387p-1022,0x1.addcc8a3c6a84p-642,0x1.addcc8a3c6a85p-642,9.20094245264883967e-194
2,253,0x0.0000000012c3bp-1022,0x1.addcc8a3c6a84p-642,0x1.addcc8a3c6a85p-642,9.20094245264883967e-194
2,254,0x0.00000000115dfp-1022,0x1.addcc8a3c6a84p-642,0x1.addcc8a3c6a85p-642,9.20094245264883967e-194
2,255,0x0.0000000010071p-1022,0x1.addcc8a3c6a84p-642,0x1.addcc8a3c6a85p-642,9.20094245264883967e-194
2,256,0x0.000000000ebefp-1022,0x1.addcc8a3c6a84p-642,0x1.addcc8a3c6a85p-642,9.20094245264883967e-194
2,257,0x0.000000000d857p-1022,0x1.addcc8a3c6a84p-642,0x1.addcc8a3c6a85p-642,9.20094245264883967e-194
2,258,0x0.000000000c5a7p-1022,0x1.addcc8a3c6a84p-642,0x1.addcc8a3c6a85p-642,9.20094245264883967e-194
2,259,0x0.000000000b3ddp-1022,0x1.addcc8a3c6a84p-642,0x1.addcc8a3c6a85p-642,9.20094245264883967e-194
2,260,0x0.000000000a2f7p-1022,0x1.addcc8a3c6a84p-642,0x1.addcc8a3c6a85p-642,9.20094245264883967e-194
2,261,0x0.00000000092f3p-1022,0x1.addcc8a3c6a84p-642,0x1.addcc8a3c6a85p-642,9.20094245264883967e-194
2,262,0x0.00000000083cfp-1022,0x1.addcc8a3c6a84p-642,0x1.addcc8a3c6a85p-642,9.20094245264883967e-194
2,263,0x0.0000000007589p-1022,0x1.addcc8a3c6a84p-642,0x1.addcc8a3c6a85p-642,9.20094245264883967e-194
2,264,0x0.000000000681fp-1022,0x1.addcc8a3c6a84p-642,0x1.addcc8a3c6a85p-642,9.20094245264883967e-194
2,265,0x0.0000000005b8fp-1022,0x1.addcc8a3c6a84p-642,0x1.addcc8a3c6a85p-642,9.20094245264883967e-194
2,266,0x0.0000000004fd7p-1022,0x1.addcc8a3c6a84p-642,0x1.addcc8a3c6a85p-642,9.20094245264883967e-194
2,267,0x0.00000000044f5p-1022,0x1.addcc8a3c6a84p-642,0x1.addcc8a3c6a85p-642,9.20094245264883967e-194
2,268,0x0.0000000003ae7p-1022,0x1.addcc8a3c6a84p-642,0x1.addcc8a3c6a85p-642,9.20094245264883967e-194
2,269,0x0.00000000031abp-1022,0x1.addcc8a3c6a84p-642,0x1.addcc8a3c6a85p-642,9.20094245264883967e-194
2,270,0x0.000000000293fp-1022,0x1.addcc8a3c6a84p-642,0x1.addcc8a3c6a85p-642,9.20094245264883967e-194
2,271,0x0.00000000021a1p-1022,0x1.addcc8a3c6a84p-642,0x1.addcc8a3c6a85p-642,9.20094245264883967e-194
2,272,0x0.0000000001acfp-1022,0x1.addcc8a3c6a84p-642,0x1.addcc8a3c6a85p-642,9.20094245264883967e-194
2,273,0x0.00000000014c7p-1022,0x1.addcc8a3c6a84p-642,0x1.addcc8a3c6a85p-642,9.20094245264883967e-194
2,274,0x0.0000000000f87p-1022,0x1.addcc8a3c6a84p-642,0x1.addcc8a3c6a85p-642,9.20094245264883967e-194
2,275,0x0.0000000000b0dp-1022,0x1.addcc8a3c6a84p-642,0x1.addcc8a3c6a85p-642,9.20094245264883967e-194
2,276,0x0.0000000000757p-1022,0x1.addcc8a3c6a84p-642,0x1.addcc8a3c6a85p-642,9.20094245264883967e-194
2,277,0x0.0000000000463p-1022,0x1.addcc8a3c6a84p-642,0x1.addcc8a3c6a85p-642,9.20094245264883967e-194
2,278,0x0.000000000022fp-1022,0x1.addcc8a3c6a84p-642,0x1.addcc8a3c6a85p-642,9.20094245264883967e-194
2,279,0x0.00000000000b9p-1022,0x1.addcc8a3c6a84p-642,0x1.addcc8a3c6a85p-642,9.20094245264883967e-194
2,280,0x0p+0,0x1.addcc8a3c6a84p-642,0x1.addcc8a3c6a84p-642,9.20094245264883846e-194
3,0,0x1.4b715a397076bp-4,0x1.fa1ed2ef4b7bbp-641,0x1.4b715a397076cp-4,8.09186481847327665e-02
3,1,0x1.57446008ff7fdp-6,0x1.fa1ed2ef4b7bbp-641,0x1.57446008ff7fep-6,2.09513604968307662e-02
3,2,0x1.424bee809e2b6p-8,0x1.fa1ed2ef4b7bbp-641,0x1.424bee809e2b7p-8,4.91785595715359732e-03
3,3,0x1.196e157647ff3p-10,0x1.fa1ed2ef4b7bbp-641,0x1.196e157647ff4p-10,1.07357030862686737e-03
3,4,0x1.d37d9c9240c45p-13,0x1.fa1ed2ef4b7bbp-641,0x1.d37d9c9240c46p-13,2.22916922730661226e-04
3,5,0x1.7801f4ef93904p-15,0x1.fa1ed2ef4b7bbp-641,0x1.7801f4ef93905p-15,4.48236040680883774e-05
3,6,0x1.2873f455a9553p-17,0x1.fa1ed2ef4b7bbp-641,0x1.2873f455a9554p-17,8.83498629928684143e-06
3,7,0x1.cd3083dc87bc8p-20,0x1.fa1ed2ef4b7bbp-641,0x1.cd3083dc87bc9p-20,1.71806481497732055e-06
3,8,0x1.62b4beb41e8a7p-22,0x1.fa1ed2ef4b7bbp-641,0x1.62b4beb41e8a8p-22,3.30345737660181540e-07
3,9,0x1.0dc13f506d74ap-24,0x1.fa1ed2ef4b7bbp-641,0x1.0dc13f506d74bp-24,6.28072005574515058e-08
3,10,0x1.957f631e14f5bp-27,0x1.fa1ed2ef4b7bbp-641,0x1.957f631e14f5cp-27,1.18015335803833049e-08
3,11,0x1.2d2067adce3afp-29,0x1.fa1ed2ef4b7bbp-641,0x1.2d2067adce3bp-29,2.19098424724429610e-09
3,12,0x1.b9f140130dc1bp-32,0x1.fa1ed2ef4b7bbp-641,0x1.b9f140130dc1cp-32,4.01944256689777161e-10
3,13,0x1.409498b852dc5p-34,0x1.fa1ed2ef4b7bbp-641,0x1.409498b852dc6p-34,7.28915564019381876e-11
3,14,0x1.cbf1fbf4d2677p-37,0x1.fa1ed2ef4b7bbp-641,0x1.cbf1fbf4d2678p-37,1.30724302720914403e-11
3,15,0x1.466a4859a2c3ep-39,0x1.fa1ed2ef4b7bbp-641,0x1.466a4859a2c3fp-39,2.31931925381106405e-12
3,16,0x1.ca7758dd10661p-42,0x1.fa1ed2ef4b7bbp-641,0x1.ca7758dd10662p-42,4.07199784735363373e-13
3,17,0x1.3eaba43933c65p-44,0x1.fa1ed2ef4b7bbp-641,0x1.3eaba43933c66p-44,7.07590596340347902e-14
3,18,0x1.b6876101ec70ep-47,0x1.fa1ed2ef4b7bbp-641,0x1.b6876101ec70fp-47,1.21716199332542867e-14
3,19,0x1.2ab961e2541a7p-49,0x1.fa1ed2ef4b7bbp-641,0x1.2ab961e2541a8p-49,2.07281518229387075e-15
3,20,0x1.92f710d434fb9p-52,0x1.fa1ed2ef4b7bbp-641,0x1.92f710d434fbap-52,3.49516509952305218e-16
3,21,0x1.0d2351a93b3bbp-54,0x1.fa1ed2ef4b7bbp-641,0x1.0d2351a93b3bcp-54,5.83599932266568337e-17
3,22,0x1.640959d54249fp-57,0x1.fa1ed2ef4b7bbp-641,0x1.640959d5424ap-57,9.65038940126231148e-18
3,23,0x1.d27afd76921cap-60,0x1.fa1ed2ef4b7bbp-641,0x1.d27afd76921cbp-60,1.58049717397632765e-18
3,24,0x1.2eaff5ae0c981p-62,0x1.fa1ed2ef4b7bbp-641,0x1.2eaff5ae0c982p-62,2.56386151837607067e-19
3,25,0x1.851a98a401519p-65,0x1.fa1ed2ef4b7bbp-641,0x1.851a98a40151ap-65,4.11979770124659148e-20
3,26,0x1.ef7fa32c4072bp-68,0x1.fa1ed2ef4b7bbp-641,0x1.ef7fa32c4072cp-68,6.55786915002844821e-21
3,27,0x1.388c5575adcd5p-70,0x1.fa1ed2ef4b7bbp-641,0x1.388c5575adcd6p-70,1.03413517666753655e-21
3,28,0x1.86a20f5641a9cp-73,0x1.fa1ed2ef4b7bbp-641,0x1.86a20f5641a9dp-73,1.61562041353226461e-22
3,29,0x1.e3b603cc37d0ap-76,0x1.fa1ed2ef4b7bbp-641,0x1.e3b603cc37d0bp-76,2.50072723446186807e-23
3,30,0x1.28b96ff52feb9p-78,0x1.fa1ed2ef4b7bbp-641,0x1.28b96ff52febap-78,3.83507252595102945e-24
3,31,0x1.68b2ae8d12bb4p-81,0x1.fa1ed2ef4b7bbp-641,0x1.68b2ae8d12bb5p-81,5.82739009146406630e-25
3,32,0x1.b272bea499301p-84,0x1.fa1ed2ef4b7bbp-641,0x1.b272bea499302p-84,8.77361196208546423e-26
3,33,0x1.033f4efb938c6p-86,0x1.fa1ed2ef4b7bbp-641,0x1.033f4efb938c7p-86,1.30886437702750628e-26
3,34,0x1.329368c4c1d9cp-89,0x1.fa1ed2ef4b7bbp-641,0x1.329368c4c1d9dp-89,1.93476541461195061e-27
3,35,0x1.673ce1841081ep-92,0x1.fa1ed2ef4b7bbp-641,0x1.673ce1841081fp-92,2.83388668797630841e-28
3,36,0x1.a11b5bb595432p-95,0x1.fa1ed2ef4b7bbp-641,0x1.a11b5bb595433p-95,4.11299126951762005e-29
3,37,0x1.dfe121a1780e6p-98,0x1.fa1ed2ef4b7bbp-641,0x1.dfe121a1780e7p-98,5.91497051868952479e-30
3,38,0x1.11874cd0e9f6cp-100,0x1.fa1ed2ef4b7bbp-641,0x1.11874cd0e9f6dp-100,8.42874814973175270e-31
3,39,0x1.34f7b88535c3dp-103,0x1.fa1ed2ef4b7bbp-641,0x1.34f7b88535c3ep-103,1.19010013381364531e-31
3,40,0x1.59ccf8e6a27e9p-106,0x1.fa1ed2ef4b7bbp-641,0x1.59ccf8e6a27eap-106,1.66496967694643826e-32
3,41,0x1.7f7871e5129adp-109,0x1.fa1ed2ef4b7bbp-641,0x1.7f7871e5129aep-109,2.30792904821730456e-33
3,42,0x1.a5541e3d71fb2p-112,0x1.fa1ed2ef4b7bbp-641,0x1.a5541e3d71fb3p-112,3.16972398837640232e-34
3,43,0x1.caa65b9d2d583p-115,0x1.fa1ed2ef4b7bbp-641,0x1.caa65b9d2d584p-115,4.31312232431818916e-35
3,44,0x1.eea71fe76c2bp-118,0x1.fa1ed2ef4b7bbp-641,0x1.eea71fe76c2b1p-118,5.81461607948961840e-36
3,45,0x1.084338dea5487p-120,0x1.fa1ed2ef4b7bbp-641,0x1.084338dea5488p-120,7.76597943949004744e-37
3,46,0x1.17b9f1baa6d86p-123,0x1.fa1ed2ef4b7bbp-641,0x1.17b9f1baa6d87p-123,1.02755230631913193e-37
3,47,0x1.25535b7652297p-126,0x1.fa1ed2ef4b7bbp-641,0x1.25535b7652298p-126,1.34688516649447315e-38
3,48,0x1.30b31e48927f7p-129,0x1.fa1ed2ef4b7bbp-641,0x1.30b31e48927f8p-129,1.74889039806625688e-39
3,49,0x1.3988f97ae81a8p-132,0x1.fa1ed2ef4b7bbp-641,0x1.3988f97ae81a9p-132,2.24950371100562252e-40
3,50,0x1.3f9473fe704f6p-135,0x1.fa1ed2ef4b7bbp-641,0x1.3f9473fe704f7p-135,2.86609162233312351e-41
3,51,0x1.42a7f116c942dp-138,0x1.fa1ed2ef4b7bbp-641,0x1.42a7f116c942ep-138,3.61709911040983460e-42
3,52,0x1.42aaf4268e5e6p-141,0x1.fa1ed2ef4b7bbp-641,0x1.42aaf4268e5e7p-141,4.52153875731129009e-43
3,53,0x1.3f9b6af9f7fa3p-144,0x1.fa1ed2ef4b7bbp-641,0x1.3f9b6af9f7fa4p-144,5.59831174915024147e-44
3,54,0x1.398de5e90c37fp-147,0x1.fa1ed2ef4b7bbp-641,0x1.398de5e90c38p-147,6.86536162849179897e-45
3,55,0x1.30acb788be39cp-150,0x1.fa1ed2ef4b7bbp-641,0x1.30acb788be39dp-150,8.33867490057250570e-46
3,56,0x1.253608ce68619p-153,0x1.fa1ed2ef4b7bbp-641,0x1.253608ce6861ap-153,1.00311578305397995e-46
3,57,0x1.177900d19d065p-156,0x1.fa1ed2ef4b7bbp-641,0x1.177900d19d066p-156,1.19514349832650381e-47
3,58,0x1.07d22f1b9c90ap-159,0x1.fa1ed2ef4b7bbp-641,0x1.07d22f1b9c90bp-159,1.41026308452492270e-48
3,59,0x1.ed4ee69c8b436p-163,0x1.fa1ed2ef4b7bbp-641,0x1.ed4ee69c8b437p-163,1.64812095642141134e-49
3,60,0x1.c8c747c0aa307p-166,0x1.fa1ed2ef4b7bbp-641,0x1.c8c747c0aa308p-166,1.90759576725278667e-50
3,61,0x1.a2e46e7c045afp-169,0x1.fa1ed2ef4b7bbp-641,0x1.a2e46e7c045bp-169,2.18671989412565528e-51
3,62,0x1.7c765db84a9e5p-172,0x1.fa1ed2ef4b7bbp-641,0x1.7c765db84a9e6p-172,2.48263278689243398e-52
3,63,0x1.563ef6a1959abp-175,0x1.fa1ed2ef4b7bbp-641,0x1.563ef6a1959acp-175,2.79157378983232051e-53
3,64,0x1.30ec08acc5596p-178,0x1.fa1ed2ef4b7bbp-641,0x1.30ec08acc5597p-178,3.10892021417373200e-54
3,65,0x1.0d12e2278b9cap-181,0x1.fa1ed2ef4b7bbp-641,0x1.0d12e2278b9cbp-181,3.42927388704290050e-55
3,66,0x1.d65af6498d672p-185,0x1.fa1ed2ef4b7bbp-641,0x1.d65af6498d673p-185,3.74659628260108707e-56
3,67,0x1.97326d8b28908p-188,0x1.fa1ed2ef4b7bbp-641,0x1.97326d8b28909p-188,4.05438888407443975e-57
3,68,0x1.5d2e392d634b2p-191,0x1.fa1ed2ef4b7bbp-641,0x1.5d2e392d634b3p-191,4.34591191868037879e-58
3,69,0x1.289aadafb02e3p-194,0x1.fa1ed2ef4b7bbp-641,0x1.289aadafb02e4p-194,4.61443136843390945e-59
3,70,0x1.f326d09c5a0fep-198,0x1.fa1ed2ef4b7bbp-641,0x1.f326d09c5a0ffp-198,4.85348150196568178e-60
3,71,0x1.a0138e3aebe1bp-201,0x1.fa1ed2ef4b7bbp-641,0x1.a0138e3aebe1cp-201,5.05712837024756756e-61
3,72,0x1.579883fc04413p-204,0x1.fa1ed2ef4b7bbp-641,0x1.579883fc04414p-204,5.22021896557497202e-62
3,73,0x1.191c338b1abbap-207,0x1.fa1ed2ef4b7bbp-641,0x1.191c338b1abbbp-207,5.33860116489027897e-63
3,74,0x1.c7bb939f7a49cp-211,0x1.fa1ed2ef4b7bbp-641,0x1.c7bb939f7a49dp-211,5.40930116130107553e-64
3,75,0x1.6e0661efb47a1p-214,0x1.fa1ed2ef4b7bbp-641,0x1.6e0661efb47a2p-214,5.43064771468636485e-65
3,76,0x1.234b1b078e8d1p-217,0x1.fa1ed2ef4b7bbp-641,0x1.234b1b078e8d2p-217,5.40233600578027232e-66
3,77,0x1.cb6f35141ab97p-221,0x1.fa1ed2ef4b7bbp-641,0x1.cb6f35141ab98p-221,5.32542786221380945e-67
3,78,0x1.670c7ee9b74fp-224,0x1.fa1ed2ef4b7bbp-641,0x1.670c7ee9b74f1p-224,5.20228929747538721e-68
3,79,0x1.161561deb474p-227,0x1.fa1ed2ef4b7bbp-641,0x1.161561deb4741p-227,5.03647031225834456e-69
3,80,0x1.aaeae4a9f6f8fp-231,0x1.fa1ed2ef4b7bbp-641,0x1.aaeae4a9f6f9p-231,4.83253542590164473e-70
3,81,0x1.44ce977d11861p-234,0x1.fa1ed2ef4b7bbp-641,0x1.44ce977d11862p-234,4.59585616529506603e-71
3,82,0x1.e9e5ca7fe8657p-238,0x1.fa1ed2ef4b7bbp-641,0x1.e9e5ca7fe8658p-238,4.33237855332870701e-72
3,83,0x1.6e3a0fea1c794p-241,0x1.fa1ed2ef4b7bbp-641,0x1.6e3a0fea1c795p-241,4.04837941795205956e-73
3,84,0x1.0f676c7d9219ap-244,0x1.fa1ed2ef4b7bbp-641,0x1.0f676c7d9219bp-244,3.75022509356503986e-74
3,85,0x1.8ece03118dad4p-248,0x1.fa1ed2ef4b7bbp-641,0x1.8ece03118dad5p-248,3.44414490617991641e-75
3,86,0x1.2280809ea82e9p-251,0x1.fa1ed2ef4b7bbp-641,0x1.2280809ea82eap-251,3.13602989305153741e-76
3,87,0x1.a3a1f98d8f42ep-255,0x1.fa1ed2ef4b7bbp-641,0x1.a3a1f98d8f42fp-255,2.83126472689425789e-77
3,88,0x1.2c87b30f67346p-258,0x1.fa1ed2ef4b7bbp-641,0x1.2c87b30f67347p-258,2.53459803919586325e-78
3,89,0x1.aaddb957c4242p-262,0x1.fa1ed2ef4b7bbp-641,0x1.aaddb957c4243p-262,2.25005351005039972e-79
3,90,0x1.2ca3ef4e0281fp-265,0x1.fa1ed2ef4b7bbp-641,0x1.2ca3ef4e0282p-265,1.98088143306569645e-80
3,91,0x1.a3fe0f8091dbap-269,0x1.fa1ed2ef4b7bbp-641,0x1.a3fe0f8091dbbp-269,1.72954815193031692e-81
3,92,0x1.22f7081c3b848p-272,0x1.fa1ed2ef4b7bbp-641,0x1.22f7081c3b849p-272,1.49775892673990146e-82
3,93,0x1.8fe1b0d9f7b96p-276,0x1.fa1ed2ef4b7bbp-641,0x1.8fe1b0d9f7b97p-276,1.28650849351190015e-83
3,94,0x1.109236405546ep-279,0x1.fa1ed2ef4b7bbp-641,0x1.109236405546fp-279,1.09615284528779735e-84
3,95,0x1.709d3d2e34a92p-283,0x1.fa1ed2ef4b7bbp-641,0x1.709d3d2e34a93p-283,9.26495556117739737e-86
3,96,0x1.ee8af6733171cp-287,0x1.fa1ed2ef4b7bbp-641,0x1.ee8af6733171dp-287,7.76882221067970999e-87
3,97,0x1.4921f6353c0fep-290,0x1.fa1ed2ef4b7bbp-641,0x1.4921f6353c0ffp-290,6.46297202226919386e-88
3,98,0x1.b2ab46bd7132fp-294,0x1.fa1ed2ef4b7bbp-641,0x1.b2ab46bd7133p-294,5.33457745968516472e-89
3,99,0x1.1ccb817b94ce7p-297,0x1.fa1ed2ef4b7bbp-641,0x1.1ccb817b94ce8p-297,4.36901562810572445e-90
3,100,0x1.7251ca397c8a1p-301,0x1.fa1ed2ef4b7bbp-641,0x1.7251ca397c8a2p-301,3.55065038674455215e-91
3,101,0x1.ddd81a116785p-305,0x1.fa1ed2ef4b7bbp-641,0x1.ddd81a1167851p-305,2.86350290921426636e-92
3,102,0x1.31f428e3740f1p-308,0x1.fa1ed2ef4b7bbp-641,0x1.31f428e3740f2p-308,2.29180229103351264e-93
3,103,0x1.84d6a59cb132p-312,0x1.fa1ed2ef4b7bbp-641,0x1.84d6a59cb1321p-312,1.82041584523069225e-94
3,104,0x1.ea7aa2e2fdfabp-316,0x1.fa1ed2ef4b7bbp-641,0x1.ea7aa2e2fdfacp-316,1.43516510079772901e-95
3,105,0x1.330bb67a09338p-319,0x1.fa1ed2ef4b7bbp-641,0x1.330bb67a09339p-319,1.12303815797424557e-96
3,106,0x1.7d97d092cfabbp-323,0x1.fa1ed2ef4b7bbp-641,0x1.7d97d092cfabcp-323,8.72312035390024955e-98
3,107,0x1.d6c43627de8e1p-327,0x1.fa1ed2ef4b7bbp-641,0x1.d6c43627de8e2p-327,6.72600147666128579e-99
3,108,0x1.20471924b334bp-330,0x1.fa1ed2ef4b7bbp-641,0x1.20471924b334cp-330,5.14840324396811538e-100
3,109,0x1.5e826762a273bp-334,0x1.fa1ed2ef4b7bbp-641,0x1.5e826762a273cp-334,3.91238098960259721e-101
3,110,0x1.a71eafd301155p-338,0x1.fa1ed2ef4b7bbp-641,0x1.a71eafd301156p-338,2.95178635759333673e-102
3,111,0x1.fb22c74e62514p-342,0x1.fa1ed2ef4b7bbp-641,0x1.fb22c74e62515p-342,2.21118883672032904e-103
3,112,0x1.2dc4c112a302bp-345,0x1.fa1ed2ef4b7bbp-641,0x1.2dc4c112a302cp-345,1.64469562436850034e-104
3,113,0x1.649c3c3510219p-349,0x1.fa1ed2ef4b7bbp-641,0x1.649c3c351021ap-349,1.21474584725292226e-105
3,114,0x1.a27af6c96a7aap-353,0x1.fa1ed2ef4b7bbp-641,0x1.a27af6c96a7abp-353,8.90936215585184134e-107
3,115,0x1.e7af11333c56fp-357,0x1.fa1ed2ef4b7bbp-641,0x1.e7af11333c57p-357,6.48918210729362772e-108
3,116,0x1.1a361aa3c7406p-360,0x1.fa1ed2ef4b7bbp-641,0x1.1a361aa3c7407p-360,4.69392409807079668e-109
3,117,0x1.44631bd9dc0d1p-364,0x1.fa1ed2ef4b7bbp-641,0x1.44631bd9dc0d2p-364,3.37213728170510257e-110
3,118,0x1.7256059b5173bp-368,0x1.fa1ed2ef4b7bbp-641,0x1.7256059b5173cp-368,2.40612169412562939e-111
3,119,0x1.a3f1a279f2d86p-372,0x1.fa1ed2ef4b7bbp-641,0x1.a3f1a279f2d87p-372,1.70526904990318752e-112
3,120,0x1.d902392d4a173p-376,0x1.fa1ed2ef4b7bbp-641,0x1.d902392d4a174p-376,1.20046853094936910e-113
3,121,0x1.089e1fc07ae2p-379,0x1.fa1ed2ef4b7bbp-641,0x1.089e1fc07ae21p-379,8.39480325811994396e-115
3,122,0x1.261dd8cf79b53p-383,0x1.fa1ed2ef4b7bbp-641,0x1.261dd8cf79b54p-383,5.83164685608242267e-116
3,123,0x1.44c212bf0a6cap-387,0x1.fa1ed2ef4b7bbp-641,0x1.44c212bf0a6cbp-387,4.02449787746451177e-117
3,124,0x1.6440d5fa04623p-391,0x1.fa1ed2ef4b7bbp-641,0x1.6440d5fa04624p-391,2.75924702754318088e-118
3,125,0x1.844544944bae1p-395,0x1.fa1ed2ef4b7bbp-641,0x1.844544944bae2p-395,1.87951687490454713e-119
3,126,0x1.a470e2a05d22bp-399,0x1.fa1ed2ef4b7bbp-641,0x1.a470e2a05d22cp-399,1.27202832405908131e-120
3,127,0x1.c45d463c8f596p-403,0x1.fa1ed2ef4b7bbp-641,0x1.c45d463c8f597p-403,8.55382097605761240e-122
3,128,0x1.e39e260843dd3p-407,0x1.fa1ed2ef4b7bbp-641,0x1.e39e260843dd4p-407,5.71549761219132298e-123
3,129,0x1.00e1dbf7d06d8p-410,0x1.fa1ed2ef4b7bbp-641,0x1.00e1dbf7d06d9p-410,3.79486150201221631e-124
3,130,0x1.0f2ea6f5e9ab5p-414,0x1.fa1ed2ef4b7bbp-641,0x1.0f2ea6f5e9ab6p-414,2.50381977835424480e-125
3,131,0x1.1c7e0d5cf18f9p-418,0x1.fa1ed2ef4b7bbp-641,0x1.1c7e0d5cf18fap-418,1.64169510422315235e-126
3,132,0x1.289b02ef0846bp-422,0x1.fa1ed2ef4b7bbp-641,0x1.289b02ef0846cp-422,1.06974701726620843e-127
3,133,0x1.33543a5e1422cp-426,0x1.fa1ed2ef4b7bbp-641,0x1.33543a5e1422dp-426,6.92764216264546320e-129
3,134,0x1.3c7d771e58bd6p-430,0x1.fa1ed2ef4b7bbp-641,0x1.3c7d771e58bd7p-430,4.45884142374623294e-130
3,135,0x1.43f0bfb7967c7p-434,0x1.fa1ed2ef4b7bbp-641,0x1.43f0bfb7967c8p-434,2.85237791146329939e-131
3,136,0x1.498f64e9881cep-438,0x1.fa1ed2ef4b7bbp-641,0x1.498f64e9881cfp-438,1.81366304536326243e-132
3,137,0x1.4d42d3a83b041p-442,0x1.fa1ed2ef4b7bbp-641,0x1.4d42d3a83b042p-442,1.14626887297035126e-133
3,138,0x1.4efd2a20e475fp-446,0x1.fa1ed2ef4b7bbp-641,0x1.4efd2a20e476p-446,7.20132508599840284e-135
3,139,0x1.4eb98a82a038p-450,0x1.fa1ed2ef4b7bbp-641,0x1.4eb98a82a0381p-450,4.49727906661269479e-136
3,140,0x1.4c7c290cb975p-454,0x1.fa1ed2ef4b7bbp-641,0x1.4c7c290cb9751p-454,2.79199130852473490e-137
3,141,0x1.485215bf74179p-458,0x1.fa1ed2ef4b7bbp-641,0x1.485215bf7417ap-458,1.72313860333875898e-138
3,142,0x1.4250c4d5f20bp-462,0x1.fa1ed2ef4b7bbp-641,0x1.4250c4d5f20b1p-462,1.05726348627530291e-139
3,143,0x1.3a955bc2e83f5p-466,0x1.fa1ed2ef4b7bbp-641,0x1.3a955bc2e83f6p-466,6.44937902146589422e-141
3,144,0x1.3143caa5c2c24p-470,0x1.fa1ed2ef4b7bbp-641,0x1.3143caa5c2c25p-470,3.91145931179630871e-142
3,145,0x1.2685bbf81cd3fp-474,0x1.fa1ed2ef4b7bbp-641,0x1.2685bbf81cd4p-474,2.35863326822403963e-143
3,146,0x1.1a89657927bc5p-478,0x1.fa1ed2ef4b7bbp-641,0x1.1a89657927bc6p-478,1.41415490016659637e-144
3,147,0x1.0d8046133b941p-482,0x1.fa1ed2ef4b7bbp-641,0x1.0d8046133b942p-482,8.43068023285012627e-146
3,148,0x1.ff3bb93add03cp-487,0x1.fa1ed2ef4b7bbp-641,0x1.ff3bb93add03dp-487,4.99771258732199951e-147
3,149,0x1.e22cc5ec1c232p-491,0x1.fa1ed2ef4b7bbp-641,0x1.e22cc5ec1c233p-491,2.94602724093837312e-148
3,150,0x1.c43b3021a60c2p-495,0x1.fa1ed2ef4b7bbp-641,0x1.c43b3021a60c3p-495,1.72692193412011234e-149
3,151,0x1.a5cb4490c4dd5p-499,0x1.fa1ed2ef4b7bbp-641,0x1.a5cb4490c4dd6p-499,1.00668271426437016e-150
3,152,0x1.873c234c5d9edp-503,0x1.fa1ed2ef4b7bbp-641,0x1.873c234c5d9eep-503,5.83592658328068594e-152
3,153,0x1.68e6100181cbbp-507,0x1.fa1ed2ef4b7bbp-641,0x1.68e6100181cbcp-507,3.36463167223334494e-153
3,154,0x1.4b1915c4900d1p-511,0x1.fa1ed2ef4b7bbp-641,0x1.4b1915c4900d2p-511,1.92925126008343712e-154
3,155,0x1.2e1c027522c2cp-515,0x1.fa1ed2ef4b7bbp-641,0x1.2e1c027522c2dp-515,1.10021237134929280e-155
3,156,0x1.122bba108635dp-519,0x1.fa1ed2ef4b7bbp-641,0x1.122bba108635ep-519,6.24041535534839488e-157
3,157,0x1.eef5bde7c189bp-524,0x1.fa1ed2ef4b7bbp-641,0x1.eef5bde7c189cp-524,3.52056484087487656e-158
3,158,0x1.bc639261630d6p-528,0x1.fa1ed2ef4b7bbp-641,0x1.bc639261630d7p-528,1.97553886396722028e-159
3,159,0x1.8cdd898c40302p-532,0x1.fa1ed2ef4b7bbp-641,0x1.8cdd898c40303p-532,1.10266999488037843e-160
3,160,0x1.608d19b7fc991p-536,0x1.fa1ed2ef4b7bbp-641,0x1.608d19b7fc992p-536,6.12215785900164171e-162
3,161,0x1.3789f2083e1efp-540,0x1.fa1ed2ef4b7bbp-641,0x1.3789f2083e1fp-540,3.38122901971582096e-163
3,162,0x1.11dba20bc1a09p-544,0x1.fa1ed2ef4b7bbp-641,0x1.11dba20bc1a0ap-544,1.85766642854699172e-164
3,163,0x1.def6ef0621df6p-549,0x1.fa1ed2ef4b7bbp-641,0x1.def6ef0621df7p-549,1.01530334603423963e-165
3,164,0x1.a0acf8eb47822p-553,0x1.fa1ed2ef4b7bbp-641,0x1.a0acf8eb47823p-553,5.52040039485994176e-167
3,165,0x1.689f02f72899ep-557,0x1.fa1ed2ef4b7bbp-641,0x1.689f02f72899fp-557,2.98609507069044977e-168
3,166,0x1.368244f9eeca3p-561,0x1.fa1ed2ef4b7bbp-641,0x1.368244f9eeca4p-561,1.60696519645837973e-169
3,167,0x1.09ff6dcb43808p-565,0x1.fa1ed2ef4b7bbp-641,0x1.09ff6dcb43809p-565,8.60380341403012503e-171
3,168,0x1.c56c84f816a87p-570,0x1.fa1ed2ef4b7bbp-641,0x1.c56c84f816a88p-570,4.58318004223078075e-172
3,169,0x1.8081d456ed07ep-574,0x1.fa1ed2ef4b7bbp-641,0x1.8081d456ed07fp-574,2.42910864376872603e-173
3,170,0x1.446db4388fbc5p-578,0x1.fa1ed2ef4b7bbp-641,0x1.446db4388fbc6p-578,1.28097773511167517e-174
3,171,0x1.105eb5f9a3342p-582,0x1.fa1ed2ef4b7bbp-641,0x1.105eb5f9a3343p-582,6.72143142330414316e-176
3,172,0x1.c70e94432d6eap-587,0x1.fa1ed2ef4b7bbp-641,0x1.c70e94432d6ebp-587,3.50928250588122695e-177
3,173,0x1.7a4253ce536ebp-591,0x1.fa1ed2ef4b7bbp-641,0x1.7a4253ce536f4p-591,1.82314819645070482e-178
3,174,0x1.38dff7b5a2bb8p-595,0x1.fa1ed2ef4b7bbp-641,0x1.38dff7b5a2c38p-595,9.42504216165674674e-180
3,175,0x1.01868550885dcp-599,0x1.fa1ed2ef4b7bbp-641,0x1.0186855088dc5p-599,4.84856054739100196e-181
3,176,0x1.a5dea18316588p-604,0x1.fa1ed2ef4b7bbp-641,0x1.a5dea18326298p-604,2.48210950877876522e-182
3,177,0x1.57deeb8cf1df3p-608,0x1.fa1ed2ef4b7bbp-641,0x1.57deeb8deeeebp-608,1.26449741825682272e-183
3,178,0x1.16f0bb9f5c5c7p-612,0x1.fa1ed2ef4b7bbp-641,0x1.16f0bbaf2d531p-612,6.41082691178131961e-185
3,179,0x1.c25df91d02aaep-617,0x1.fa1ed2ef4b7bbp-641,0x1.c25dfb17217dep-617,3.23459104063224442e-186
3,180,0x1.69d5e0c3de992p-621,0x1.fa1ed2ef4b7bbp-641,0x1.69d60065cbc82p-621,1.62421842722520672e-187
3,181,0x1.2152fd53a8224p-625,0x1.fa1ed2ef4b7bbp-641,0x1.2154f7727b11ap-625,8.11725267223202924e-189
3,182,0x1.cc7f5ac1636b5p-630,0x1.fa1ed2ef4b7bbp-641,0x1.ccbe9e9bc154dp-630,4.03945735440634659e-190
3,183,0x1.6cbe86baa7cb5p-634,0x1.fa1ed2ef4b7bbp-641,0x1.70b2c46086625p-634,2.02029100144291398e-191
3,184,0x1.1f8be07d1a559p-638,0x1.fa1ed2ef4b7bbp-641,0x1.5ecfbadb03c51p-638,1.20142469493215552e-192
3,185,0x1.c342221f054b7p-643,0x1.fa1ed2ef4b7bbp-641,0x1.3577adbb86675p-640,2.64958495348827776e-193
3,186,0x1.60719ad3b3141p-647,0x1.fa1ed2ef4b7bbp-641,0x1.ffa0995a9a481p-641,2.19021403712790354e-193
3,187,0x1.11fe787e931b8p-651,0x1.fa1ed2ef4b7bbp-641,0x1.fa63528d6b208p-641,2.16778497125462328e-193
3,188,0x1.a80d1aa2ae3aep-656,0x1.fa1ed2ef4b7bbp-641,0x1.fa22230980c12p-641,2.16669492592066314e-193
3,189,0x1.46a4145cb2b9ep-660,0x1.fa1ed2ef4b7bbp-641,0x1.fa1efbc3ce075p-641,2.16664219408234343e-193
3,190,0x1.f4eb2aec79d2bp-665,0x1.fa1ed2ef4b7bbp-641,0x1.fa1ed4e436a6bp-641,2.16663965483240445e-193
3,191,0x1.7e58aecb715b5p-669,0x1.fa1ed2ef4b7bbp-641,0x1.fa1ed3073106bp-641,2.16663953311538691e-193
3,192,0x1.2285a4c35d933p-673,0x1.fa1ed2ef4b7bbp-641,0x1.fa1ed2f06e016p-641,2.16663952730748173e-193
3,193,0x1.b783767de81f2p-678,0x1.fa1ed2ef4b7bbp-641,0x1.fa1ed2ef5937ep-641,2.16663952703160262e-193
3,194,0x1.4af7aa95a2496p-682,0x1.fa1ed2ef4b7bbp-641,0x1.fa1ed2ef4c214p-641,2.16663952701855718e-193
3,195,0x1.f03c03b2c5eb5p-687,0x1.fa1ed2ef4b7bbp-641,0x1.fa1ed2ef4b838p-641,2.16663952701794299e-193
3,196,0x1.725c8589a9c2dp-691,0x1.fa1ed2ef4b7bbp-641,0x1.fa1ed2ef4b7c2p-641,2.16663952701791428e-193
3,197,0x1.1331e35a9b83ep-695,0x1.fa1ed2ef4b7bbp-641,0x1.fa1ed2ef4b7bcp-641,2.16663952701791282e-193
3,198,0x1.9729f16e4fbap-700,0x1.fa1ed2ef4b7bbp-641,0x1.fa1ed2ef4b7bcp-641,2.16663952701791282e-193
3,199,0x1.2be39e0c10b31p-704,0x1.fa1ed2ef4b7bbp-641,0x1.fa1ed2ef4b7bcp-641,2.16663952701791282e-193
3,200,0x1.b7d40fcdc7cd4p-709,0x1.fa1ed2ef4b7bbp-641,0x1.fa1ed2ef4b7bcp-641,2.16663952701791282e-193
3,201,0x1.41220f71e4edap-713,0x1.fa1ed2ef4b7bbp-641,0x1.fa1ed2ef4b7bcp-641,2.16663952701791282e-193
3,202,0x1.d2e93e3a3dd15p-718,0x1.fa1ed2ef4b7bbp-641,0x1.fa1ed2ef4b7bcp-641,2.16663952701791282e-193
3,203,0x1.51f87b9b07c7cp-722,0x1.fa1ed2ef4b7bbp-641,0x1.fa1ed2ef4b7bcp-641,2.16663952701791282e-193
3,204,0x1.e72d79060a725p-727,0x1.fa1ed2ef4b7bbp-641,0x1.fa1ed2ef4b7bcp-641,2.16663952701791282e-193
3,205,0x1.5da0fe0bde84bp-731,0x1.fa1ed2ef4b7bbp-641,0x1.fa1ed2ef4b7bcp-641,2.16663952701791282e-193
3,206,0x1.f3b26ee91dc6cp-736,0x1.fa1ed2ef4b7bbp-641,0x1.fa1ed2ef4b7bcp-641,2.16663952701791282e-193
3,207,0x1.6393b008595cp-740,0x1.fa1ed2ef4b7bbp-641,0x1.fa1ed2ef4b7bcp-641,2.16663952701791282e-193
3,208,0x1.f7e9b2a770c6p-745,0x1.fa1ed2ef4b7bbp-641,0x1.fa1ed2ef4b7bcp-641,2.16663952701791282e-193
3,209,0x1.6390e4d1bf16fp-749,0x1.fa1ed2ef4b7bbp-641,0x1.fa1ed2ef4b7bcp-641,2.16663952701791282e-193
3,210,0x1.f3af1b1022fc2p-754,0x1.fa1ed2ef4b7bbp-641,0x1.fa1ed2ef4b7bcp-641,2.16663952701791282e-193
3,211,0x1.5da56a573f9ecp-758,0x1.fa1ed2ef4b7bbp-641,0x1.fa1ed2ef4b7bcp-641,2.16663952701791282e-193
3,212,0x1.e74a485844349p-763,0x1.fa1ed2ef4b7bbp-641,0x1.fa1ed2ef4b7bcp-641,2.16663952701791282e-193
3,213,0x1.52286efdac12bp-767,0x1.fa1ed2ef4b7bbp-641,0x1.fa1ed2ef4b7bcp-641,2.16663952701791282e-193
3,214,0x1.d3674d8048469p-772,0x1.fa1ed2ef4b7bbp-641,0x1.fa1ed2ef4b7bcp-641,2.16663952701791282e-193
3,215,0x1.41b368dd42403p-776,0x1.fa1ed2ef4b7bbp-641,0x1.fa1ed2ef4b7bcp-641,2.16663952701791282e-193
3,216,0x1.b9077de6f297fp-781,0x1.fa1ed2ef4b7bbp-641,0x1.fa1ed2ef4b7bcp-641,2.16663952701791282e-193
3,217,0x1.2d15049633107p-785,0x1.fa1ed2ef4b7bbp-641,0x1.fa1ed2ef4b7bcp-641,2.16663952701791282e-193
3,218,0x1.996c357067565p-790,0x1.fa1ed2ef4b7bbp-641,0x1.fa1ed2ef4b7bcp-641,2.16663952701791282e-193
3,219,0x1.1540a20f6efaap-794,0x1.fa1ed2ef4b7bbp-641,0x1.fa1ed2ef4b7bcp-641,2.16663952701791282e-193
3,220,0x1.75fe006273103p-799,0x1.fa1ed2ef4b7bbp-641,0x1.fa1ed2ef4b7bcp-641,2.16663952701791282e-193
3,221,0x1.f67858bcb717p-804,0x1.fa1ed2ef4b7bbp-641,0x1.fa1ed2ef4b7bcp-641,2.16663952701791282e-193
3,222,0x1.5032bfeff5512p-808,0x1.fa1ed2ef4b7bbp-641,0x1.fa1ed2ef4b7bcp-641,2.16663952701791282e-193
3,223,0x1.c01c4414eef71p-813,0x1.fa1ed2ef4b7bbp-641,0x1.fa1ed2ef4b7bcp-641,2.16663952701791282e-193
3,224,0x1.297548b6243cep-817,0x1.fa1ed2ef4b7bbp-641,0x1.fa1ed2ef4b7bcp-641,2.16663952701791282e-193
3,225,0x1.895ae0bd39d66p-822,0x1.fa1ed2ef4b7bbp-641,0x1.fa1ed2ef4b7bcp-641,2.16663952701791282e-193
3,226,0x1.03108df289c7bp-826,0x1.fa1ed2ef4b7bbp-641,0x1.fa1ed2ef4b7bcp-641,2.16663952701791282e-193
3,227,0x1.53e8c8ef1f418p-831,0x1.fa1ed2ef4b7bbp-641,0x1.fa1ed2ef4b7bcp-641,2.16663952701791282e-193
3,228,0x1.bc3f9b708cc8bp-836,0x1.fa1ed2ef4b7bbp-641,0x1.fa1ed2ef4b7bcp-641,2.16663952701791282e-193
3,229,0x1.212ef3254a90cp-840,0x1.fa1ed2ef4b7bbp-641,0x1.fa1ed2ef4b7bcp-641,2.16663952701791282e-193
3,230,0x1.7708f761ecef9p-845,0x1.fa1ed2ef4b7bbp-641,0x1.fa1ed2ef4b7bcp-641,2.16663952701791282e-193
3,231,0x1.e481274793836p-850,0x1.fa1ed2ef4b7bbp-641,0x1.fa1ed2ef4b7bcp-641,2.16663952701791282e-193
3,232,0x1.37c3e94e94903p-854,0x1.fa1ed2ef4b7bbp-641,0x1.fa1ed2ef4b7bcp-641,2.16663952701791282e-193
3,233,0x1.8fb1be048b24p-859,0x1.fa1ed2ef4b7bbp-641,0x1.fa1ed2ef4b7bcp-641,2.16663952701791282e-193
3,234,0x1.fe79b121d0c5bp-864,0x1.fa1ed2ef4b7bbp-641,0x1.fa1ed2ef4b7bcp-641,2.16663952701791282e-193
3,235,0x1.44bf1ada1cdcap-868,0x1.fa1ed2ef4b7bbp-641,0x1.fa1ed2ef4b7bcp-641,2.16663952701791282e-193
3,236,0x1.9ba05efd8a6e9p-873,0x1.fa1ed2ef4b7bbp-641,0x1.fa1ed2ef4b7bcp-641,2.16663952701791282e-193
3,237,0x1.03e5077dbc8d7p-877,0x1.fa1ed2ef4b7bbp-641,0x1.fa1ed2ef4b7bcp-641,2.16663952701791282e-193
3,238,0x1.46f5677a85babp-882,0x1.fa1ed2ef4b7bbp-641,0x1.fa1ed2ef4b7bcp-641,2.16663952701791282e-193
3,239,0x1.99cb49e672b69p-887,0x1.fa1ed2ef4b7bbp-641,0x1.fa1ed2ef4b7bcp-641,2.16663952701791282e-193
3,240,0x1.ffb53918f9a4p-892,0x1.fa1ed2ef4b7bbp-641,0x1.fa1ed2ef4b7bcp-641,2.16663952701791282e-193
3,241,0x1.3e4d10bc535f1p-896,0x1.fa1ed2ef4b7bbp-641,0x1.fa1ed2ef4b7bcp-641,2.16663952701791282e-193
3,242,0x1.8a8789c029e9p-901,0x1.fa1ed2ef4b7bbp-641,0x1.fa1ed2ef4b7bcp-641,2.16663952701791282e-193
3,243,0x1.e73777a92bb48p-906,0x1.fa1ed2ef4b7bbp-641,0x1.fa1ed2ef4b7bcp-641,2.16663952701791282e-193
3,244,0x1.2bbcf962df47cp-910,0x1.fa1ed2ef4b7bbp-641,0x1.fa1ed2ef4b7bcp-641,2.16663952701791282e-193
3,245,0x1.6f74aa1d7b718p-915,0x1.fa1ed2ef4b7bbp-641,0x1.fa1ed2ef4b7bcp-641,2.16663952701791282e-193
3,246,0x1.c0d5c56461829p-920,0x1.fa1ed2ef4b7bbp-641,0x1.fa1ed2ef4b7bcp-641,2.16663952701791282e-193
3,247,0x1.112041365804ep-924,0x1.fa1ed2ef4b7bbp-641,0x1.fa1ed2ef4b7bcp-641,2.16663952701791282e-193
3,248,0x1.4b34ff3ccd141p-929,0x1.fa1ed2ef4b7bbp-641,0x1.fa1ed2ef4b7bcp-641,2.16663952701791282e-193
3,249,0x1.9031fa23d9eccp-934,0x1.fa1ed2ef4b7bbp-641,0x1.fa1ed2ef4b7bcp-641,2.16663952701791282e-193
3,250,0x1.e1d22edb653e5p-939,0x1.fa1ed2ef4b7bbp-641,0x1.fa1ed2ef4b7bcp-641,2.16663952701791282e-193
3,251,0x1.21033460966e8p-943,0x1.fa1ed2ef4b7bbp-641,0x1.fa1ed2ef4b7bcp-641,2.16663952701791282e-193
3,252,0x1.597c59e0d794ap-948,0x1.fa1ed2ef4b7bbp-641,0x1.fa1ed2ef4b7bcp-641,2.16663952701791282e-193
3,253,0x1.9b87b9afa15f5p-953,0x1.fa1ed2ef4b7bbp-641,0x1.fa1ed2ef4b7bcp-641,2.16663952701791282e-193
3,254,0x1.e877fe69e114ep-958,0x1.fa1ed2ef4b7bbp-641,0x1.fa1ed2ef4b7bcp-641,2.16663952701791282e-193
3,255,0x1.20e023d9e783bp-962,0x1.fa1ed2ef4b7bbp-641,0x1.fa1ed2ef4b7bcp-641,2.16663952701791282e-193
3,256,0x1.547a60dea28aap-967,0x1.fa1ed2ef4b7bbp-641,0x1.fa1ed2ef4b7bcp-641,2.16663952701791282e-193
3,257,0x1.8fe561b05df41p-972,0x1.fa1ed2ef4b7bbp-641,0x1.fa1ed2ef4b7bcp-641,2.16663952701791282e-193
3,258,0x1.d40c2ec59e43fp-977,0x1.fa1ed2ef4b7bbp-641,0x1.fa1ed2ef4b7bcp-641,2.16663952701791282e-193
3,259,0x1.10f4d1a1d406dp-981,0x1.fa1ed2ef4b7bbp-641,0x1.fa1ed2ef4b7bcp-641,2.16663952701791282e-193
3,260,0x1.3d43c3112fc2ep-986,0x1.fa1ed2ef4b7bbp-641,0x1.fa1ed2ef4b7bcp-641,2.16663952701791282e-193
3,261,0x1.6f7e9e77a1608p-991,0x1.fa1ed2ef4b7bbp-641,0x1.fa1ed2ef4b7bcp-641,2.16663952701791282e-193
3,262,0x1.a83707a02d0ddp-996,0x1.fa1ed2ef4b7bbp-641,0x1.fa1ed2ef4b7bcp-641,2.16663952701791282e-193
3,263,0x1.e803799d505dp-1001,0x1.fa1ed2ef4b7bbp-641,0x1.fa1ed2ef4b7bcp-641,2.16663952701791282e-193
3,264,0x1.17bef7524ad46p-1005,0x1.fa1ed2ef4b7bbp-641,0x1.fa1ed2ef4b7bcp-641,2.16663952701791282e-193
3,265,0x1.3fa123d0ef9fcp-1010,0x1.fa1ed2ef4b7bbp-641,0x1.fa1ed2ef4b7bcp-641,2.16663952701791282e-193
3,266,0x1.6bf63972c6d38p-1015,0x1.fa1ed2ef4b7bbp-641,0x1.fa1ed2ef4b7bcp-641,2.16663952701791282e-193
3,267,0x1.9d0b2962e1961p-1020,0x1.fa1ed2ef4b7bbp-641,0x1.fa1ed2ef4b7bcp-641,2.16663952701791282e-193
3,268,0x0.3a65566d8d22cp-1022,0x1.fa1ed2ef4b7bbp-641,0x1.fa1ed2ef4b7bcp-641,2.16663952701791282e-193
3,269,0x0.020e9c2095f36p-1022,0x1.fa1ed2ef4b7bbp-641,0x1.fa1ed2ef4b7bcp-641,2.16663952701791282e-193
3,270,0x0.00127d115c0c6p-1022,0x1.fa1ed2ef4b7bbp-641,0x1.fa1ed2ef4b7bcp-641,2.16663952701791282e-193
3,271,0x0.0000a5a046bb5p-1022,0x1.fa1ed2ef4b7bbp-641,0x1.fa1ed2ef4b7bcp-641,2.16663952701791282e-193
3,272,0x0.000005c87cb22p-1022,0x1.fa1ed2ef4b7bbp-641,0x1.fa1ed2ef4b7bcp-641,2.16663952701791282e-193
3,273,0x0.00000034d4e68p-1022,0x1.fa1ed2ef4b7bbp-641,0x1.fa1ed2ef4b7bcp-641,2.16663952701791282e-193
3,274,0x0.00000002db7bdp-1022,0x1.fa1ed2ef4b7bbp-641,0x1.fa1ed2ef4b7bcp-641,2.16663952701791282e-193
3,275,0x0.00000000d4d4cp-1022,0x1.fa1ed2ef4b7bbp-641,0x1.fa1ed2ef4b7bcp-641,2.16663952701791282e-193
3,276,0x0.0000000084136p-1022,0x1.fa1ed2ef4b7bbp-641,0x1.fa1ed2ef4b7bcp-641,2.16663952701791282e-193
3,277,0x0.000000004f061p-1022,0x1.fa1ed2ef4b7bbp-641,0x1.fa1ed2ef4b7bcp-641,2.16663952701791282e-193
3,278,0x0.00000000278c4p-1022,0x1.fa1ed2ef4b7bbp-641,0x1.fa1ed2ef4b7bcp-641,2.16663952701791282e-193
3,279,0x0.000000000d32p-1022,0x1.fa1ed2ef4b7bbp-641,0x1.fa1ed2ef4b7bcp-641,2.16663952701791282e-193
3,280,0x0p+0,0x1.fa1ed2ef4b7bbp-641,0x1.fa1ed2ef4b7bbp-641,2.16663952701791257e-193
4,0,0x1.7f03967299d8bp-4,0x1.11e64d640672bp-639,0x1.7f03967299d8cp-4,9.35092808591574953e-02
4,1,0x1.a7b87120af99ep-6,0x1.11e64d640672bp-639,0x1.a7b87120af99fp-6,2.58618454706663857e-02
4,2,0x1.b05597d419397p-8,0x1.11e64d640672bp-639,0x1.b05597d419398p-8,6.59689862013559253e-03
4,3,0x1.a142dfd5debf8p-10,0x1.11e64d640672bp-639,0x1.a142dfd5debf9p-10,1.59172526534123574e-03
4,4,0x1.848114fdff2bfp-12,0x1.11e64d640672bp-639,0x1.848114fdff2cp-12,3.70506502690475664e-04
4,5,0x1.619fcbb4b5401p-14,0x1.11e64d640672bp-639,0x1.619fcbb4b5402p-14,8.43105797899285352e-05
4,6,0x1.3cfc47f23f952p-16,0x1.11e64d640672bp-639,0x1.3cfc47f23f953p-16,1.88938065059871369e-05
4,7,0x1.18b83b395ee5bp-18,0x1.11e64d640672bp-639,0x1.18b83b395ee5cp-18,4.18304880988768453e-06
4,8,0x1.ebba31acce85dp-21,0x1.11e64d640672bp-639,0x1.ebba31acce85ep-21,9.15913508237801185e-07
4,9,0x1.aa113b8cc4a5bp-23,0x1.11e64d640672bp-639,0x1.aa113b8cc4a5cp-23,1.98403054340272448e-07
4,10,0x1.6d559f5f78b5bp-25,0x1.11e64d640672bp-639,0x1.6d559f5f78b5cp-25,4.25305290948607923e-08
4,11,0x1.361f443fed801p-27,0x1.11e64d640672bp-639,0x1.361f443fed802p-27,9.02574204252003292e-09
4,12,0x1.04bb7bf690335p-29,0x1.11e64d640672bp-639,0x1.04bb7bf690336p-29,1.89707760202415841e-09
4,13,0x1.b265015bba78p-32,0x1.11e64d640672bp-639,0x1.b265015bba781p-32,3.95079543501403744e-10
4,14,0x1.66aadfa9b9b8dp-34,0x1.11e64d640672bp-639,0x1.66aadfa9b9b8ep-34,8.15515421269055233e-11
4,15,0x1.259cdb092077cp-36,0x1.11e64d640672bp-639,0x1.259cdb092077dp-36,1.66899506677285694e-11
4,16,0x1.dcbb5327ec9a6p-39,0x1.11e64d640672bp-639,0x1.dcbb5327ec9a7p-39,3.38738273064480087e-12
4,17,0x1.7fe96d5731661p-41,0x1.11e64d640672bp-639,0x1.7fe96d5731662p-41,6.81964395452740553e-13
4,18,0x1.32bdf79fa2d6ep-43,0x1.11e64d640672bp-639,0x1.32bdf79fa2d6fp-43,1.36220838913714728e-13
4,19,0x1.e66e5010c4efdp-46,0x1.11e64d640672bp-639,0x1.e66e5010c4efep-46,2.70023397643066758e-14
4,20,0x1.7ed38cb511638p-48,0x1.11e64d640672bp-639,0x1.7ed38cb511639p-48,5.31278307143387594e-15
4,21,0x1.2b1b7d81656fp-50,0x1.11e64d640672bp-639,0x1.2b1b7d81656f1p-50,1.03773720107075728e-15
4,22,0x1.d0176eeae7076p-53,0x1.11e64d640672bp-639,0x1.d0176eeae7077p-53,2.01267620719908570e-16
4,23,0x1.658e1be0c0a9cp-55,0x1.11e64d640672bp-639,0x1.658e1be0c0a9dp-55,3.87662030171702197e-17
4,24,0x1.119dcb18feba8p-57,0x1.11e64d640672bp-639,0x1.119dcb18feba9p-57,7.41638684801726323e-18
4,25,0x1.a00010d707eadp-60,0x1.11e64d640672bp-639,0x1.a00010d707eaep-60,1.40946369483691833e-18
4,26,0x1.3a315dc981e6cp-62,0x1.11e64d640672bp-639,0x1.3a315dc981e6dp-62,2.66131685008263576e-19
4,27,0x1.d7973ff81b129p-65,0x1.11e64d640672bp-639,0x1.d7973ff81b12ap-65,4.99316202536015522e-20
4,28,0x1.5fb76d386e636p-67,0x1.11e64d640672bp-639,0x1.5fb76d386e637p-67,9.30985851048989852e-21
4,29,0x1.04b5ba21df6bcp-69,0x1.11e64d640672bp-639,0x1.04b5ba21df6bdp-69,1.72523320901092184e-21
4,30,0x1.802e49b86e9c6p-72,0x1.11e64d640672bp-639,0x1.802e49b86e9c7p-72,3.17786919719421377e-22
4,31,0x1.196436ed98008p-74,0x1.11e64d640672bp-639,0x1.196436ed98009p-74,5.81903907110695327e-23
4,32,0x1.99cfca0aabb6ap-77,0x1.11e64d640672bp-639,0x1.99cfca0aabb6bp-77,1.05933835541304516e-23
4,33,0x1.28b63432e1cb1p-79,0x1.11e64d640672bp-639,0x1.28b63432e1cb2p-79,1.91745463963580329e-24
4,34,0x1.ab3a1dd0905d3p-82,0x1.11e64d640672bp-639,0x1.ab3a1dd0905d4p-82,3.45111236310673533e-25
4,35,0x1.31dda183080fap-84,0x1.11e64d640672bp-639,0x1.31dda183080fbp-84,6.17690954364983010e-26
4,36,0x1.b38e40deef9bap-87,0x1.11e64d640672bp-639,0x1.b38e40deef9bbp-87,1.09949710690842103e-26
4,37,0x1.3470227090b5p-89,0x1.11e64d640672bp-639,0x1.3470227090b51p-89,1.94651760005609785e-27
4,38,0x1.b280ae59399a5p-92,0x1.11e64d640672bp-639,0x1.b280ae59399a6p-92,3.42762161962684045e-28
4,39,0x1.306d8b8fad2efp-94,0x1.11e64d640672bp-639,0x1.306d8b8fad2fp-94,6.00378193191910996e-29
4,40,0x1.a85af1aadd107p-97,0x1.11e64d640672bp-639,0x1.a85af1aadd108p-97,1.04611645841138817e-29
4,41,0x1.263bbac42c472p-99,0x1.11e64d640672bp-639,0x1.263bbac42c473p-99,1.81335282843200222e-30
4,42,0x1.95eebc4b24a8fp-102,0x1.11e64d640672bp-639,0x1.95eebc4b24a9p-102,3.12719069568587456e-31
4,43,0x1.1698eabd7dc44p-104,0x1.11e64d640672bp-639,0x1.1698eabd7dc45p-104,5.36558943838615570e-32
4,44,0x1.7c7cef26ff2d7p-107,0x1.11e64d640672bp-639,0x1.7c7cef26ff2d8p-107,9.15991599049150095e-33
4,45,0x1.0286bc604389ap-109,0x1.11e64d640672bp-639,0x1.0286bc604389bp-109,1.55594864212864207e-33
4,46,0x1.5d94521dc82d1p-112,0x1.11e64d640672bp-639,0x1.5d94521dc82d2p-112,2.62994293758774316e-34
4,47,0x1.d661c858aecfbp-115,0x1.11e64d640672bp-639,0x1.d661c858aecfcp-115,4.42345072464374128e-35
4,48,0x1.3aec5da4e4b8fp-117,0x1.11e64d640672bp-639,0x1.3aec5da4e4b9p-117,7.40381129343602541e-36
4,49,0x1.a3a54991ceeccp-120,0x1.11e64d640672bp-639,0x1.a3a54991ceecdp-120,1.23322773856793593e-36
4,50,0x1.164079cd4878p-122,0x1.11e64d640672bp-639,0x1.164079cd48781p-122,2.04427179894066515e-37
4,51,0x1.6f3c0e5f27adfp-125,0x1.11e64d640672bp-639,0x1.6f3c0e5f27aep-125,3.37251711734348421e-38
4,52,0x1.e25efd089815ap-128,0x1.11e64d640672bp-639,0x1.e25efd089815bp-128,5.53734807124390261e-39
4,53,0x1.3b4e55fdc93a8p-130,0x1.11e64d640672bp-639,0x1.3b4e55fdc93a9p-130,9.04883841157876005e-40
4,54,0x1.9a44790c0f328p-133,0x1.11e64d640672bp-639,0x1.9a44790c0f329p-133,1.47176237701438933e-40
4,55,0x1.09aa715b09e7p-135,0x1.11e64d640672bp-639,0x1.09aa715b09e71p-135,2.38257322618077223e-41
4,56,0x1.5675343a460b1p-138,0x1.11e64d640672bp-639,0x1.5675343a460b2p-138,3.83908502980175255e-42
4,57,0x1.b76669a3d5b75p-141,0x1.11e64d640672bp-639,0x1.b76669a3d5b76p-141,6.15730614501954032e-43
4,58,0x1.189720f5b1c2ep-143,0x1.11e64d640672bp-639,0x1.189720f5b1c2fp-143,9.82977054752833384e-44
4,59,0x1.64b52d6344093p-146,0x1.11e64d640672bp-639,0x1.64b52d6344094p-146,1.56204370497140254e-44
4,60,0x1.c3650fd9d6b86p-149,0x1.11e64d640672bp-639,0x1.c3650fd9d6b87p-149,2.47085469676465769e-45
4,61,0x1.1c4d8dccabe71p-151,0x1.11e64d640672bp-639,0x1.1c4d8dccabe72p-151,3.89055937642113939e-46
4,62,0x1.647ea890fef75p-154,0x1.11e64d640672bp-639,0x1.647ea890fef76p-154,6.09809032219168637e-47
4,63,0x1.bcfcc0f5b2367p-157,0x1.11e64d640672bp-639,0x1.bcfcc0f5b2368p-157,9.51477122839557958e-48
4,64,0x1.147709dd10203p-159,0x1.11e64d640672bp-639,0x1.147709dd10204p-159,1.47785176044379140e-48
4,65,0x1.55f9db950f3c9p-162,0x1.11e64d640672bp-639,0x1.55f9db950f3cap-162,2.28505350674632818e-49
4,66,0x1.a51a75208815cp-165,0x1.11e64d640672bp-639,0x1.a51a75208815dp-165,3.51721928883173586e-50
4,67,0x1.021a72d21d3dfp-167,0x1.11e64d640672bp-639,0x1.021a72d21d3ep-167,5.38944867673606450e-51
4,68,0x1.3af9406a12ec8p-170,0x1.11e64d640672bp-639,0x1.3af9406a12ec9p-170,8.22119557899744123e-52
4,69,0x1.7ea6f52c319adp-173,0x1.11e64d640672bp-639,0x1.7ea6f52c319aep-173,1.24846098514997489e-52
4,70,0x1.cecb061200f5bp-176,0x1.11e64d640672bp-639,0x1.cecb061200f5cp-176,1.88741601947155866e-53
4,71,0x1.169be932bfaf7p-178,0x1.11e64d640672bp-639,0x1.169be932bfaf8p-178,2.84063863934734845e-54
4,72,0x1.4df54543c4b5dp-181,0x1.11e64d640672bp-639,0x1.4df54543c4b5ep-181,4.25620743105810840e-55
4,73,0x1.8e85040c4ce5fp-184,0x1.11e64d640672bp-639,0x1.8e85040c4ce6p-184,6.34878340065276600e-56
4,74,0x1.d972346d81014p-187,0x1.11e64d640672bp-639,0x1.d972346d81015p-187,9.42803965194154896e-57
4,75,0x1.17facfba8b48fp-189,0x1.11e64d640672bp-639,0x1.17facfba8b49p-189,1.39385452071905952e-57
4,76,0x1.49ab8b096a67ap-192,0x1.11e64d640672bp-639,0x1.49ab8b096a67bp-192,2.05154200848432274e-58
4,77,0x1.8274f10c6eb61p-195,0x1.11e64d640672bp-639,0x1.8274f10c6eb62p-195,3.00615823747738367e-59
4,78,0x1.c30426191b3e7p-198,0x1.11e64d640672bp-639,0x1.c30426191b3e8p-198,4.38543866024581957e-60
4,79,0x1.06038b6f79a2fp-200,0x1.11e64d640672bp-639,0x1.06038b6f79a3p-200,6.36920378495117944e-61
4,80,0x1.2f14a30291cep-203,0x1.11e64d640672bp-639,0x1.2f14a30291ce1p-203,9.20935195795426604e-62
4,81,0x1.5d08108dc35e7p-206,0x1.11e64d640672bp-639,0x1.5d08108dc35e8p-206,1.32570091130046979e-62
4,82,0x1.902b71fba3a66p-209,0x1.11e64d640672bp-639,0x1.902b71fba3a67p-209,1.89991928601963129e-63
4,83,0x1.c8c50b3fb6923p-212,0x1.11e64d640672bp-639,0x1.c8c50b3fb6924p-212,2.71080478627701006e-64
4,84,0x1.0388ad8b98f4ep-214,0x1.11e64d640672bp-639,0x1.0388ad8b98f4fp-214,3.85065892444654824e-65
4,85,0x1.25a0487dcab67p-217,0x1.11e64d640672bp-639,0x1.25a0487dcab68p-217,5.44559879430992611e-66
4,86,0x1.4ab9f926b03dap-220,0x1.11e64d640672bp-639,0x1.4ab9f926b03dbp-220,7.66707882617636018e-67
4,87,0x1.72dd9fa418341p-223,0x1.11e64d640672bp-639,0x1.72dd9fa418342p-223,1.07470109315366901e-67
4,88,0x1.9e09154bf2b71p-226,0x1.11e64d640672bp-639,0x1.9e09154bf2b72p-226,1.49974897803931966e-68
4,89,0x1.cc2efc22efa1bp-229,0x1.11e64d640672bp-639,0x1.cc2efc22efa1cp-229,2.08363720424174297e-69
4,90,0x1.fd35ad05f2cf9p-232,0x1.11e64d640672bp-639,0x1.fd35ad05f2cfap-232,2.88202460487962532e-70
4,91,0x1.187b27f1f2cd9p-234,0x1.11e64d640672bp-639,0x1.187b27f1f2cdap-234,3.96866661319107446e-71
4,92,0x1.339e14acbe32fp-237,0x1.11e64d640672bp-639,0x1.339e14acbe33p-237,5.44079176942390082e-72
4,93,0x1.4fe2144353f9cp-240,0x1.11e64d640672bp-639,0x1.4fe2144353f9dp-240,7.42590272951337102e-73
4,94,0x1.6d1e5f8315b2dp-243,0x1.11e64d640672bp-639,0x1.6d1e5f8315b2ep-243,1.00903237118358895e-73
4,95,0x1.8b2305c43239cp-246,0x1.11e64d640672bp-639,0x1.8b2305c43239dp-246,1.36498722612497599e-74
4,96,0x1.a9b92edaa1245p-249,0x1.11e64d640672bp-639,0x1.a9b92edaa1246p-249,1.83830939570106153e-75
4,97,0x1.c8a38bd777492p-252,0x1.11e64d640672bp-639,0x1.c8a38bd777493p-252,2.46475631221970386e-76
4,98,0x1.e79ef77281f1dp-255,0x1.11e64d640672bp-639,0x1.e79ef77281f1ep-255,3.28998189811772390e-77
4,99,0x1.0331a2bcced26p-257,0x1.11e64d640672bp-639,0x1.0331a2bcced27p-257,4.37195726083544501e-78
4,100,0x1.12521f87e062bp-260,0x1.11e64d640672bp-639,0x1.12521f87e062cp-260,5.78388821260033912e-79
4,101,0x1.210963f4027c7p-263,0x1.11e64d640672bp-639,0x1.210963f4027c8p-263,7.61770477080816311e-80
4,102,0x1.2f2f1388cc931p-266,0x1.11e64d640672bp-639,0x1.2f2f1388cc932p-266,9.98820187742013902e-81
4,103,0x1.3c9ab634ee65ap-269,0x1.11e64d640672bp-639,0x1.3c9ab634ee65bp-269,1.30379126992380596e-81
4,104,0x1.49247539bf1e6p-272,0x1.11e64d640672bp-639,0x1.49247539bf1e7p-272,1.69427952976167071e-82
4,105,0x1.54a5dd9a8ac77p-275,0x1.11e64d640672bp-639,0x1.54a5dd9a8ac78p-275,2.19188093514695350e-83
4,106,0x1.5efaa2f73ac7cp-278,0x1.11e64d640672bp-639,0x1.5efaa2f73ac7dp-278,2.82294510663611938e-84
4,107,0x1.68015d7b2e5d2p-281,0x1.11e64d640672bp-639,0x1.68015d7b2e5d3p-281,3.61943004371215692e-85
4,108,0x1.6f9c3d79c5c6fp-284,0x1.11e64d640672bp-639,0x1.6f9c3d79c5c7p-284,4.61986146698761746e-86
4,109,0x1.75b1af74efaedp-287,0x1.11e64d640672bp-639,0x1.75b1af74efaeep-287,5.87039738678302236e-87
4,110,0x1.7a2ceb9f65207p-290,0x1.11e64d640672bp-639,0x1.7a2ceb9f65208p-290,7.42599492025891173e-88
4,111,0x1.7cfe6c725505ep-293,0x1.11e64d640672bp-639,0x1.7cfe6c725505fp-293,9.35167190688300776e-89
4,112,0x1.7e1c48a0e7328p-296,0x1.11e64d640672bp-639,0x1.7e1c48a0e7329p-296,1.17238504763354905e-89
4,113,0x1.7d826d8cebcfbp-299,0x1.11e64d640672bp-639,0x1.7d826d8cebcfcp-299,1.46317634014182860e-90
4,114,0x1.7b32b857101a7p-302,0x1.11e64d640672bp-639,0x1.7b32b857101a8p-302,1.81788968651903206e-91
4,115,0x1.7734ecb057d54p-305,0x1.11e64d640672bp-639,0x1.7734ecb057d55p-305,2.24844352869327829e-92
4,116,0x1.719689a7a3425p-308,0x1.11e64d640672bp-639,0x1.719689a7a3426p-308,2.76846652516686053e-93
4,117,0x1.6a6a7dc16c8a8p-311,0x1.11e64d640672bp-639,0x1.6a6a7dc16c8a9p-311,3.39342866115616523e-94
4,118,0x1.61c8bcae6855ep-314,0x1.11e64d640672bp-639,0x1.61c8bcae6855fp-314,4.14075697907166714e-95
4,119,0x1.57cdb9e4b061p-317,0x1.11e64d640672bp-639,0x1.57cdb9e4b0611p-317,5.02992896221913469e-96
4,120,0x1.4c99cc2d139dp-320,0x1.11e64d640672bp-639,0x1.4c99cc2d139d1p-320,6.08253581468563167e-97
4,121,0x1.40507edb2cc7bp-323,0x1.11e64d640672bp-639,0x1.40507edb2cc7cp-323,7.32230722435907223e-98
4,122,0x1.3317d5dd079dfp-326,0x1.11e64d640672bp-639,0x1.3317d5dd079ep-326,8.77508873259533828e-99
4,123,0x1.25178a12b13c5p-329,0x1.11e64d640672bp-639,0x1.25178a12b13c6p-329,1.04687626248713940e-99
4,124,0x1.1678436dbeac6p-332,0x1.11e64d640672bp-639,0x1.1678436dbeac7p-332,1.24331033637966920e-100
4,125,0x1.0762d635a3062p-335,0x1.11e64d640672bp-639,0x1.0762d635a3063p-335,1.46995590679320268e-101
4,126,0x1.efff10f5d54bep-339,0x1.11e64d640672bp-639,0x1.efff10f5d54bfp-339,1.73009514489481468e-102
4,127,0x1.d0eac88cc2ac2p-342,0x1.11e64d640672bp-639,0x1.d0eac88cc2ac3p-342,2.02710879965842164e-103
4,128,0x1.b1d334e1862bfp-345,0x1.11e64d640672bp-639,0x1.b1d334e1862cp-345,2.36442820711077368e-104
4,129,0x1.92fdf2a81900fp-348,0x1.11e64d640672bp-639,0x1.92fdf2a81901p-348,2.74547789324142642e-105
4,130,0x1.74aaf37395a57p-351,0x1.11e64d640672bp-639,0x1.74aaf37395a58p-351,3.17360885860511449e-106
4,131,0x1.5713c72665e85p-354,0x1.11e64d640672bp-639,0x1.5713c72665e86p-354,3.65202296153943984e-107
4,132,0x1.3a6b1662c9168p-357,0x1.11e64d640672bp-639,0x1.3a6b1662c9169p-357,4.18368918235770619e-108
4,133,0x1.1edc4dcd229adp-360,0x1.11e64d640672bp-639,0x1.1edc4dcd229aep-360,4.77125294270664961e-109
4,134,0x1.048b787697ca3p-363,0x1.11e64d640672bp-639,0x1.048b787697ca4p-363,5.41694005951913414e-110
4,135,0x1.d72a8cf115719p-367,0x1.11e64d640672bp-639,0x1.d72a8cf11571ap-367,6.12245731612943305e-111
4,136,0x1.a81e7763e5185p-370,0x1.11e64d640672bp-639,0x1.a81e7763e5186p-370,6.88889201649080456e-112
4,137,0x1.7c100379a26ebp-373,0x1.11e64d640672bp-639,0x1.7c100379a26ecp-373,7.71661323298053809e-113
4,138,0x1.530faf2e532a2p-376,0x1.11e64d640672bp-639,0x1.530faf2e532a3p-376,8.60517774423092845e-114
4,139,0x1.2d22323fdb1d6p-379,0x1.11e64d640672bp-639,0x1.2d22323fdb1d7p-379,9.55324386734900460e-115
4,140,0x1.0a41b0d545c8ep-382,0x1.11e64d640672bp-639,0x1.0a41b0d545c8fp-382,1.05584965006996143e-115
4,141,0x1.d4be0c1b4ac79p-386,0x1.11e64d640672bp-639,0x1.d4be0c1b4ac7ap-386,1.16175866934638553e-116
4,142,0x1.9ac6368ee6773p-389,0x1.11e64d640672bp-639,0x1.9ac6368ee6774p-389,1.27260889343971802e-117
4,143,0x1.666083b2d8409p-392,0x1.11e64d640672bp-639,0x1.666083b2d840ap-392,1.38784790969513820e-118
4,144,0x1.37470c39d8a8p-395,0x1.11e64d640672bp-639,0x1.37470c39d8a81p-395,1.50681355890890553e-119
4,145,0x1.0d2be7f9bcb85p-398,0x1.11e64d640672bp-639,0x1.0d2be7f9bcb86p-398,1.62873657374797734e-120
4,146,0x1.cf771aa3a4208p-402,0x1.11e64d640672bp-639,0x1.cf771aa3a4209p-402,1.75274587974918855e-121
4,147,0x1.8d3dfa05a7deep-405,0x1.11e64d640672bp-639,0x1.8d3dfa05a7defp-405,1.87787662391194145e-122
4,148,0x1.52fb66fa32d22p-408,0x1.11e64d640672bp-639,0x1.52fb66fa32d23p-408,2.00308091371683235e-123
4,149,0x1.1ffeb6b9e0d77p-411,0x1.11e64d640672bp-639,0x1.1ffeb6b9e0d78p-411,2.12724116197780500e-124
4,150,0x1.e734fd0deaecfp-415,0x1.11e64d640672bp-639,0x1.e734fd0deaedp-415,2.24918584348659570e-125
4,151,0x1.9a4ded92961b3p-418,0x1.11e64d640672bp-639,0x1.9a4ded92961b4p-418,2.36770738146125207e-126
4,152,0x1.5807c3dcf7bc5p-421,0x1.11e64d640672bp-639,0x1.5807c3dcf7bc6p-421,2.48158179904410161e-127
4,153,0x1.1f33fcb811fbfp-424,0x1.11e64d640672bp-639,0x1.1f33fcb811fcp-424,2.58958969711820338e-128
4,154,0x1.dd7033fed94b1p-428,0x1.11e64d640672bp-639,0x1.dd7033fed94b2p-428,2.69053805796346694e-129
4,155,0x1.8b1dde6b2bc1cp-431,0x1.11e64d640672bp-639,0x1.8b1dde6b2bc1dp-431,2.78328232774952379e-130
4,156,0x1.45928b53712bp-434,0x1.11e64d640672bp-639,0x1.45928b53712b1p-434,2.86674820204260410e-131
4,157,0x1.0b1be2107c0d1p-437,0x1.11e64d640672bp-639,0x1.0b1be2107c0d2p-437,2.93995252911430294e-132
4,158,0x1.b465b405d5fd2p-441,0x1.11e64d640672bp-639,0x1.b465b405d5fd3p-441,3.00202275685571447e-133
4,159,0x1.62f46ee41db71p-444,0x1.11e64d640672bp-639,0x1.62f46ee41db72p-444,3.05221438056605962e-134
4,160,0x1.1f78ec797118dp-447,0x1.11e64d640672bp-639,0x1.1f78ec797118ep-447,3.08992589999190647e-135
4,161,0x1.cfa52a6100c23p-451,0x1.11e64d640672bp-639,0x1.cfa52a6100c24p-451,3.11471086300960421e-136
4,162,0x1.744b6e1ac051ap-454,0x1.11e64d640672bp-639,0x1.744b6e1ac051bp-454,3.12628665778060193e-137
4,163,0x1.29ab574198d83p-457,0x1.11e64d640672bp-639,0x1.29ab574198d84p-457,3.12453981187303103e-138
4,164,0x1.d9fb8b1b5db66p-461,0x1.11e64d640672bp-639,0x1.d9fb8b1b5db67p-461,3.10952766196471990e-139
4,165,0x1.77c3f19e64783p-464,0x1.11e64d640672bp-639,0x1.77c3f19e64784p-464,3.08147636725545715e-140
4,166,0x1.28a449cea7adcp-467,0x1.11e64d640672bp-639,0x1.28a449cea7addp-467,3.04077534935781825e-141
4,167,0x1.d2626102e02bfp-471,0x1.11e64d640672bp-639,0x1.d2626102e02cp-471,2.98796834694923584e-142
4,168,0x1.6d1660dbcd2eep-474,0x1.11e64d640672bp-639,0x1.6d1660dbcd2efp-474,2.92374137090561790e-143
4,169,0x1.1c9828ee54d2fp-477,0x1.11e64d640672bp-639,0x1.1c9828ee54d3p-477,2.84890793142606514e-144
4,170,0x1.b9d7af2d99a27p-481,0x1.11e64d640672bp-639,0x1.b9d7af2d99a28p-481,2.76439197978273568e-145
4,171,0x1.558f1b460c591p-484,0x1.11e64d640672bp-639,0x1.558f1b460c592p-484,2.67120906153634045e-146
4,172,0x1.06f098908ff15p-487,0x1.11e64d640672bp-639,0x1.06f098908ff16p-487,2.57044621383835254e-147
4,173,0x1.93285371de1fbp-491,0x1.11e64d640672bp-639,0x1.93285371de1fcp-491,2.46324115609074728e-148
4,174,0x1.33cc6404f60acp-494,0x1.11e64d640672bp-639,0x1.33cc6404f60adp-494,2.35076132093839646e-149
4,175,0x1.d40dffecba24ep-498,0x1.11e64d640672bp-639,0x1.d40dffecba24fp-498,2.23418325225129245e-150
4,176,0x1.626a02150ad56p-501,0x1.11e64d640672bp-639,0x1.626a02150ad57p-501,2.11467286001502527e-151
4,177,0x1.0b444dfa19f1ep-504,0x1.11e64d640672bp-639,0x1.0b444dfa19f1fp-504,1.99336697117426610e-152
4,178,0x1.9173df68f1b23p-508,0x1.11e64d640672bp-639,0x1.9173df68f1b24p-508,1.87135655308438736e-153
4,179,0x1.2c4751ca30b95p-511,0x1.11e64d640672bp-639,0x1.2c4751ca30b96p-511,1.74967191535654772e-154
4,180,0x1.bf62674406b2cp-515,0x1.11e64d640672bp-639,0x1.bf62674406b2dp-515,1.62927011967253291e-155
4,181,0x1.4beea0465d0e3p-518,0x1.11e64d640672bp-639,0x1.4beea0465d0e4p-518,1.51102474871563622e-156
4,182,0x1.ea904f1884a3fp-522,0x1.11e64d640672bp-639,0x1.ea904f1884a4p-522,1.39571810778181755e-157
4,183,0x1.690c442512df2p-525,0x1.11e64d640672bp-639,0x1.690c442512df3p-525,1.28403585859446435e-158
4,184,0x1.08a9baa5b6fb3p-528,0x1.11e64d640672bp-639,0x1.08a9baa5b6fb4p-528,1.17656401677733696e-159
4,185,0x1.82786e9f85d99p-532,0x1.11e64d640672bp-639,0x1.82786e9f85d9ap-532,1.07378818428310379e-160
4,186,0x1.190c2631d95fbp-535,0x1.11e64d640672bp-639,0x1.190c2631d95fcp-535,9.76094837276715981e-162
4,187,0x1.97251c8435bd1p-539,0x1.11e64d640672bp-639,0x1.97251c8435bd2p-539,8.83774449533196071e-163
4,188,0x1.25beac6587134p-542,0x1.11e64d640672bp-639,0x1.25beac6587135p-542,7.97026201740678161e-164
4,189,0x1.a630d9bfe99fap-546,0x1.11e64d640672bp-639,0x1.a630d9bfe99fbp-546,7.15964008238069382e-165
4,190,0x1.2e360f089ef85p-549,0x1.11e64d640672bp-639,0x1.2e360f089ef86p-549,6.40623584184152200e-166
4,191,0x1.aef6cd93e6496p-553,0x1.11e64d640672bp-639,0x1.aef6cd93e6497p-553,5.70970277198291594e-167
4,192,0x1.3216819a26a5ep-556,0x1.11e64d640672bp-639,0x1.3216819a26a5fp-556,5.06907397015182198e-168
4,193,0x1.b11a753aab0ffp-560,0x1.11e64d640672bp-639,0x1.b11a753aab1p-560,4.48284793402208234e-169
4,194,0x1.313a18742314ap-563,0x1.11e64d640672bp-639,0x1.313a18742314bp-563,3.94907455051615877e-170
4,195,0x1.ac8de3061c803p-567,0x1.11e64d640672bp-639,0x1.ac8de3061c804p-567,3.46543928936276165e-171
4,196,0x1.2bb314d1d334dp-570,0x1.11e64d640672bp-639,0x1.2bb314d1d334ep-570,3.02934389229256972e-172
4,197,0x1.a191ee1b11022p-574,0x1.11e64d640672bp-639,0x1.a191ee1b11023p-574,2.63798215974478981e-173
4,198,0x1.21c9dfc510028p-577,0x1.11e64d640672bp-639,0x1.21c9dfc510029p-577,2.28840974982738004e-174
4,199,0x1.90b0661497b7dp-581,0x1.11e64d640672bp-639,0x1.90b0661497b7ep-581,1.97760720833985639e-175
4,200,0x1.13f6fc4181b64p-584,0x1.11e64d640672bp-639,0x1.13f6fc4181b65p-584,1.70253573463767557e-176
4,201,0x1.7ab0fefde7d76p-588,0x1.11e64d640672bp-639,0x1.7ab0fefde7d79p-588,1.46018544894771626e-177
4,202,0x1.02d9a2579d6c7p-591,0x1.11e64d640672bp-639,0x1.02d9a2579d6d9p-591,1.24761615711151960e-178
4,203,0x1.608a2fb5b7ffcp-595,0x1.11e64d640672bp-639,0x1.608a2fb5b810fp-595,1.06199080543952779e-179
4,204,0x1.de580ba7f861fp-599,0x1.11e64d640672bp-639,0x1.de580ba7f973ep-599,9.00601979764146709e-181
4,205,0x1.434f96749b7acp-602,0x1.11e64d640672bp-639,0x1.434f9674a40ap-602,7.60891928964842094e-182
4,206,0x1.b36cef115c169p-606,0x1.11e64d640672bp-639,0x1.b36cef11e509cp-606,6.40466685455903370e-183
4,207,0x1.241f9bc4aed37p-609,0x1.11e64d640672bp-639,0x1.241f9bc8f66cbp-609,5.37104915955800123e-184
4,208,0x1.86852e224a3p-613,0x1.11e64d640672bp-639,0x1.86852e66c3c37p-613,4.48762170011768364e-185
4,209,0x1.0411fafef75cp-616,0x1.11e64d640672bp-639,0x1.0411fd22c3f6ep-616,3.73571221288255871e-186
4,210,0x1.591f5a7bc3a64p-620,0x1.11e64d640672bp-639,0x1.591f7cb88d52dp-620,3.09839384998590765e-187
4,211,0x1.c8512eca2c989p-624,0x1.11e64d640672bp-639,0x1.c8535296c760bp-624,2.56045683448445320e-188
4,212,0x1.2c9219982e116p-627,0x1.11e64d640672bp-639,0x1.2ca337fd0451dp-627,2.10860877857825085e-189
4,213,0x1.8a87464bdd0acp-631,0x1.11e64d640672bp-639,0x1.8b992c9941114p-631,1.73415226597536675e-190
4,214,0x1.01fe146b89c08p-634,0x1.11e64d640672bp-639,0x1.0a8d46d6a9f42p-634,1.46057715869580709e-191
4,215,0x1.5033549596ce9p-638,0x1.11e64d640672bp-639,0x1.d9267b479a07fp-638,1.62039889342384166e-192
4,216,0x1.b48b20896290dp-642,0x1.11e64d640672bp-639,0x1.4877b17532c4ep-639,5.62451758057783760e-193
4,217,0x1.1a673eada4dd8p-645,0x1.11e64d640672bp-639,0x1.164fea5ebd063p-639,4.76568137536617375e-193
4,218,0x1.6c131e0b0d42cp-649,0x1.11e64d640672bp-639,0x1.1241522b89361p-639,4.69621112379443205e-193
4,219,0x1.d3b28311f3e8p-653,0x1.11e64d640672bp-639,0x1.11ed9c2e12ba9p-639,4.69061180950694208e-193
4,220,0x1.2b57a673b8217p-656,0x1.11e64d640672bp-639,0x1.11e6e30fd9acap-639,4.69016210883545395e-193
4,221,0x1.7dd37fdaf3c7bp-660,0x1.11e64d640672bp-639,0x1.11e65952a2719p-639,4.69012611980131196e-193
4,222,0x1.e553273cc34b1p-664,0x1.11e64d640672bp-639,0x1.11e64e56b0066p-639,4.69012324981363341e-193
4,223,0x1.335b84a40c08cp-667,0x1.11e64d640672bp-639,0x1.11e64d773c2b1p-639,4.69012302174883678e-193
4,224,0x1.83f0adcbe683ap-671,0x1.11e64d640672bp-639,0x1.11e64d658a637p-639,4.69012300368915750e-193
4,225,0x1.e7f1c8476c5f4p-675,0x1.11e64d640672bp-639,0x1.11e64d6424f1ep-639,4.69012300226407347e-193
4,226,0x1.31cc82ce997dfp-678,0x1.11e64d640672bp-639,0x1.11e64d6408d66p-639,4.69012300215201260e-193
4,227,0x1.7df7a3aa43e0dp-682,0x1.11e64d640672bp-639,0x1.11e64d6406a28p-639,4.69012300214323096e-193
4,228,0x1.db76762c931ccp-686,0x1.11e64d640672bp-639,0x1.11e64d6406767p-639,4.69012300214254474e-193
4,229,0x1.26e798dba665ap-689,0x1.11e64d640672bp-639,0x1.11e64d6406731p-639,4.69012300214249218e-193
4,230,0x1.6c932983365bfp-693,0x1.11e64d640672bp-639,0x1.11e64d640672cp-639,4.69012300214248731e-193
4,231,0x1.c12a6bd044821p-697,0x1.11e64d640672bp-639,0x1.11e64d640672cp-639,4.69012300214248731e-193
4,232,0x1.13c01dc9e8d68p-700,0x1.11e64d640672bp-639,0x1.11e64d640672cp-639,4.69012300214248731e-193
4,233,0x1.516d739048b75p-704,0x1.11e64d640672bp-639,0x1.11e64d640672cp-639,4.69012300214248731e-193
4,234,0x1.9b8118137aa96p-708,0x1.11e64d640672bp-639,0x1.11e64d640672cp-639,4.69012300214248731e-193
4,235,0x1.f4271111c1619p-712,0x1.11e64d640672bp-639,0x1.11e64d640672cp-639,4.69012300214248731e-193
4,236,0x1.2eeda7b91d344p-715,0x1.11e64d640672bp-639,0x1.11e64d640672cp-639,4.69012300214248731e-193
4,237,0x1.6db8ddb7a2a03p-719,0x1.11e64d640672bp-639,0x1.11e64d640672cp-639,4.69012300214248731e-193
4,238,0x1.b80f35caa5d78p-723,0x1.11e64d640672bp-639,0x1.11e64d640672cp-639,4.69012300214248731e-193
4,239,0x1.07df79474e182p-726,0x1.11e64d640672bp-639,0x1.11e64d640672cp-639,4.69012300214248731e-193
4,240,0x1.3b674f5a058d4p-730,0x1.11e64d640672bp-639,0x1.11e64d640672cp-639,4.69012300214248731e-193
4,241,0x1.77c07b592bc66p-734,0x1.11e64d640672bp-639,0x1.11e64d640672cp-639,4.69012300214248731e-193
4,242,0x1.be2c4826bcbd2p-738,0x1.11e64d640672bp-639,0x1.11e64d640672cp-639,4.69012300214248731e-193
4,243,0x1.0806c855a9b6dp-741,0x1.11e64d640672bp-639,0x1.11e64d640672cp-639,4.69012300214248731e-193
4,244,0x1.377510f21acdp-745,0x1.11e64d640672bp-639,0x1.11e64d640672cp-639,4.69012300214248731e-193
4,245,0x1.6e35e4996685dp-749,0x1.11e64d640672bp-639,0x1.11e64d640672cp-639,4.69012300214248731e-193
4,246,0x1.ad307d9f15628p-753,0x1.11e64d640672bp-639,0x1.11e64d640672cp-639,4.69012300214248731e-193
4,247,0x1.f55e7f60281d3p-757,0x1.11e64d640672bp-639,0x1.11e64d640672cp-639,4.69012300214248731e-193
4,248,0x1.23e5e1809ac68p-760,0x1.11e64d640672bp-639,0x1.11e64d640672cp-639,4.69012300214248731e-193
4,249,0x1.52cae86a1b9d2p-764,0x1.11e64d640672bp-639,0x1.11e64d640672cp-639,4.69012300214248731e-193
4,250,0x1.87f57df438aacp-768,0x1.11e64d640672bp-639,0x1.11e64d640672cp-639,4.69012300214248731e-193
4,251,0x1.c4048ae2d5885p-772,0x1.11e64d640672bp-639,0x1.11e64d640672cp-639,4.69012300214248731e-193
4,252,0x1.03ceec49b4c16p-775,0x1.11e64d640672bp-639,0x1.11e64d640672cp-639,4.69012300214248731e-193
4,253,0x1.29b67aed7757p-779,0x1.11e64d640672bp-639,0x1.11e64d640672cp-639,4.69012300214248731e-193
4,254,0x1.5410ee15beb49p-783,0x1.11e64d640672bp-639,0x1.11e64d640672cp-639,4.69012300214248731e-193
4,255,0x1.8337a95fa1b88p-787,0x1.11e64d640672bp-639,0x1.11e64d640672cp-639,4.69012300214248731e-193
4,256,0x1.b7848756750fdp-791,0x1.11e64d640672bp-639,0x1.11e64d640672cp-639,4.69012300214248731e-193
4,257,0x1.f150c80ef4205p-795,0x1.11e64d640672bp-639,0x1.11e64d640672cp-639,4.69012300214248731e-193
4,258,0x1.1879ef976ce66p-798,0x1.11e64d640672bp-639,0x1.11e64d640672cp-639,4.69012300214248731e-193
4,259,0x1.3b611186fbf9ep-802,0x1.11e64d640672bp-639,0x1.11e64d640672cp-639,4.69012300214248731e-193
4,260,0x1.6185afbf0c654p-806,0x1.11e64d640672bp-639,0x1.11e64d640672cp-639,4.69012300214248731e-193
4,261,0x1.8b0ca7d8b4be6p-810,0x1.11e64d640672bp-639,0x1.11e64d640672cp-639,4.69012300214248731e-193
4,262,0x1.b81701d31c7d2p-814,0x1.11e64d640672bp-639,0x1.11e64d640672cp-639,4.69012300214248731e-193
4,263,0x1.e8c11b366281cp-818,0x1.11e64d640672bp-639,0x1.11e64d640672cp-639,4.69012300214248731e-193
4,264,0x1.0e90e6e05fbbbp-821,0x1.11e64d640672bp-639,0x1.11e64d640672cp-639,4.69012300214248731e-193
4,265,0x1.2aa4ca932ecdep-825,0x1.11e64d640672bp-639,0x1.11e64d640672cp-639,4.69012300214248731e-193
4,266,0x1.48a0dbe6238e1p-829,0x1.11e64d640672bp-639,0x1.11e64d640672cp-639,4.69012300214248731e-193
4,267,0x1.6885bb5bdb1d6p-833,0x1.11e64d640672bp-639,0x1.11e64d640672cp-639,4.69012300214248731e-193
4,268,0x1.8a4fa494927e7p-837,0x1.11e64d640672bp-639,0x1.11e64d640672cp-639,4.69012300214248731e-193
4,269,0x1.adf6144154519p-841,0x1.11e64d640672bp-639,0x1.11e64d640672cp-639,4.69012300214248731e-193
4,270,0x1.d36b7893f8c6fp-845,0x1.11e64d640672bp-639,0x1.11e64d640672cp-639,4.69012300214248731e-193
4,271,0x1.fa9cee7bab6a9p-849,0x1.11e64d640672bp-639,0x1.11e64d640672cp-639,4.69012300214248731e-193
4,272,0x1.11b906ebd1263p-852,0x1.11e64d640672bp-639,0x1.11e64d640672cp-639,4.69012300214248731e-193
4,273,0x1.26e662da9b06fp-856,0x1.11e64d640672bp-639,0x1.11e64d640672cp-639,4.69012300214248731e-193
4,274,0x1.3cc49e3b21e75p-860,0x1.11e64d640672bp-639,0x1.11e64d640672cp-639,4.69012300214248731e-193
4,275,0x1.533e7b87a08bfp-864,0x1.11e64d640672bp-639,0x1.11e64d640672cp-639,4.69012300214248731e-193
4,276,0x1.6a35c0ac62458p-868,0x1.11e64d640672bp-639,0x1.11e64d640672cp-639,4.69012300214248731e-193
4,277,0x1.813b0fad447ffp-872,0x1.11e64d640672bp-639,0x1.11e64d640672cp-639,4.69012300214248731e-193
4,278,0x1.943f5d212a94cp-876,0x1.11e64d640672bp-639,0x1.11e64d640672cp-639,4.69012300214248731e-193
4,279,0x1.79feaca408d9dp-880,0x1.11e64d640672bp-639,0x1.11e64d640672cp-639,4.69012300214248731e-193
4,280,0x0p+0,0x1.11e64d640672bp-639,0x1.11e64d640672bp-639,4.69012300214248634e-193
5,0,0x1.b241b07c289bap-4,0x1.1e16c81023edp-638,0x1.b241b07c289bbp-4,1.06019677538404730e-01
5,1,0x1.fb7e218ff6ae9p-6,0x1.1e16c81023edp-638,0x1.fb7e218ff6aeap-6,3.09748962170982925e-02
5,2,0x1.14c31f6410125p-7,0x1.1e16c81023edp-638,0x1.14c31f6410126p-7,8.44611199147544608e-03
5,3,0x1.2082c689f0e22p-9,0x1.1e16c81023edp-638,0x1.2082c689f0e23p-9,2.20116303987240433e-03
5,4,0x1.245bf458936e7p-11,0x1.1e16c81023edp-638,0x1.245bf458936e8p-11,5.57630915020116032e-04
5,5,0x1.22f5988f0e997p-13,0x1.1e16c81023edp-638,0x1.22f5988f0e998p-13,1.38740233951950521e-04
5,6,0x1.1ddeeec685d52p-15,0x1.1e16c81023edp-638,0x1.1ddeeec685d53p-15,3.40784586578222405e-05
5,7,0x1.15e993933f54dp-17,0x1.1e16c81023edp-638,0x1.15e993933f54ep-17,8.28243518080176393e-06
5,8,0x1.0b97b5085ea59p-19,0x1.1e16c81023edp-638,0x1.0b97b5085ea5ap-19,1.99372027881215652e-06
5,9,0x1.feb333ff7ff3p-22,0x1.1e16c81023edp-638,0x1.feb333ff7ff31p-22,4.75626450197042116e-07
5,10,0x1.e33d597b95a61p-24,0x1.1e16c81023edp-638,0x1.e33d597b95a62p-24,1.12512997968224978e-07
5,11,0x1.c5a58f6c249bp-26,0x1.1e16c81023edp-638,0x1.c5a58f6c249b1p-26,2.64057144349592566e-08
5,12,0x1.a6b189f2342ep-28,0x1.1e16c81023edp-638,0x1.a6b189f2342e1p-28,6.15100014169838229e-09
5,13,0x1.870fb4d451431p-30,0x1.1e16c81023edp-638,0x1.870fb4d451432p-30,1.42267291443981330e-09
5,14,0x1.6756c02e83ecbp-32,0x1.1e16c81023edp-638,0x1.6756c02e83eccp-32,3.26816798369718342e-10
5,15,0x1.4806f5cc2f8e1p-34,0x1.1e16c81023edp-638,0x1.4806f5cc2f8e2p-34,7.45847473976346348e-11
5,16,0x1.298ba11b2e0b8p-36,0x1.1e16c81023edp-638,0x1.298ba11b2e0b9p-36,1.69134993390733369e-11
5,17,0x1.0c3c33e35ef13p-38,0x1.1e16c81023edp-638,0x1.0c3c33e35ef14p-38,3.81185098420078884e-12
5,18,0x1.e0babbdf060fcp-41,0x1.1e16c81023edp-638,0x1.e0babbdf060fdp-41,8.53947009436953830e-13
5,19,0x1.ac449e85d3eb9p-43,0x1.1e16c81023edp-638,0x1.ac449e85d3ebap-43,1.90189217204231296e-13
5,20,0x1.7b5c6f0ff9ad9p-45,0x1.1e16c81023edp-638,0x1.7b5c6f0ff9adap-45,4.21175394202708942e-14
5,21,0x1.4e2bf373326dbp-47,0x1.1e16c81023edp-638,0x1.4e2bf373326dcp-47,9.27512743004226497e-15
5,22,0x1.24c4002aae613p-49,0x1.1e16c81023edp-638,0x1.24c4002aae614p-49,2.03146962823860842e-15
5,23,0x1.fe406e6fbad5fp-52,0x1.1e16c81023edp-638,0x1.fe406e6fbad6p-52,4.42572788422757720e-16
5,24,0x1.ba55756900d6ep-54,0x1.1e16c81023edp-638,0x1.ba55756900d6fp-54,9.59158583258974637e-17
5,25,0x1.7d7f6d3c21f14p-56,0x1.1e16c81023edp-638,0x1.7d7f6d3c21f15p-56,2.06810350389098240e-17
5,26,0x1.47615881b7ec7p-58,0x1.1e16c81023edp-638,0x1.47615881b7ec8p-58,4.43682982003643614e-18
5,27,0x1.178edf9e303fcp-60,0x1.1e16c81023edp-638,0x1.178edf9e303fdp-60,9.47179684263214970e-19
5,28,0x1.db23392d666f9p-63,0x1.1e16c81023edp-638,0x1.db23392d666fap-63,2.01228597115702246e-19
5,29,0x1.91db5baffc56bp-65,0x1.1e16c81023edp-638,0x1.91db5baffc56cp-65,4.25482508872514459e-20
5,30,0x1.524b1d7f9760ap-67,0x1.1e16c81023edp-638,0x1.524b1d7f9760bp-67,8.95455223792655963e-21
5,31,0x1.1b7a774145707p-69,0x1.1e16c81023edp-638,0x1.1b7a774145708p-69,1.87590257457968924e-21
5,32,0x1.d8f2b0f7c006dp-72,0x1.1e16c81023edp-638,0x1.d8f2b0f7c006ep-72,3.91213426945165450e-22
5,33,0x1.88c6cdf22ac2bp-74,0x1.1e16c81023edp-638,0x1.88c6cdf22ac2cp-74,8.12242930073335167e-23
5,34,0x1.44c5559097e8fp-76,0x1.1e16c81023edp-638,0x1.44c5559097e9p-76,1.67902587361106714e-23
5,35,0x1.0b6297094c27dp-78,0x1.1e16c81023edp-638,0x1.0b6297094c27ep-78,3.45587164025390132e-24
5,36,0x1.b66a0fdd6da17p-81,0x1.1e16c81023edp-638,0x1.b66a0fdd6da18p-81,7.08296509793914065e-25
5,37,0x1.65ebc07962c2p-83,0x1.1e16c81023edp-638,0x1.65ebc07962c21p-83,1.44563102538985333e-25
5,38,0x1.23015d9a93f59p-85,0x1.1e16c81023edp-638,0x1.23015d9a93f5ap-85,2.93840296476450169e-26
5,39,0x1.d7488f21ab886p-88,0x1.1e16c81023edp-638,0x1.d7488f21ab887p-88,5.94843322194777501e-27
5,40,0x1.7c191e665114fp-90,0x1.1e16c81023edp-638,0x1.7c191e665115p-90,1.19937818841813567e-27
5,41,0x1.315935e1968b5p-92,0x1.1e16c81023edp-638,0x1.315935e1968b6p-92,2.40877477087883224e-28
5,42,0x1.e8b14843a4d9p-95,0x1.1e16c81023edp-638,0x1.e8b14843a4d91p-95,4.81888018696477298e-29
5,43,0x1.85903ab2e2babp-97,0x1.1e16c81023edp-638,0x1.85903ab2e2bacp-97,9.60347915471652064e-30
5,44,0x1.355e25f88ba9dp-99,0x1.1e16c81023edp-638,0x1.355e25f88ba9ep-99,1.90662606745925184e-30
5,45,0x1.e9873428fa847p-102,0x1.1e16c81023edp-638,0x1.e9873428fa848p-102,3.77118761108494253e-31
5,46,0x1.81dff79716481p-104,0x1.1e16c81023edp-638,0x1.81dff79716482p-104,7.43167970148137077e-32
5,47,0x1.2f0fde5277094p-106,0x1.1e16c81023edp-638,0x1.2f0fde5277095p-106,1.45919038516793645e-32
5,48,0x1.da54d31133be7p-109,0x1.1e16c81023edp-638,0x1.da54d31133be8p-109,2.85477794409362379e-33
5,49,0x1.71e046d2c7382p-111,0x1.1e16c81023edp-638,0x1.71e046d2c7383p-111,5.56527671477729412e-34
5,50,0x1.1f691dcb82ee4p-113,0x1.1e16c81023edp-638,0x1.1f691dcb82ee5p-113,1.08111855827785588e-34
5,51,0x1.bd1c96488a703p-116,0x1.1e16c81023edp-638,0x1.bd1c96488a704p-116,2.09290500554461794e-35
5,52,0x1.577cf76447bc6p-118,0x1.1e16c81023edp-638,0x1.577cf76447bc7p-118,4.03768379779574820e-36
5,53,0x1.082a98aecd8acp-120,0x1.1e16c81023edp-638,0x1.082a98aecd8adp-120,7.76315254432148989e-37
5,54,0x1.94f5ce2322fd1p-123,0x1.1e16c81023edp-638,0x1.94f5ce2322fd2p-123,1.48758874989305845e-37
5,55,0x1.355d7db0b81bdp-125,0x1.1e16c81023edp-638,0x1.355d7db0b81bep-125,2.84107065562953023e-38
5,56,0x1.d71e4664a628dp-128,0x1.1e16c81023edp-638,0x1.d71e4664a628ep-128,5.40817241305592952e-39
5,57,0x1.658df519040afp-130,0x1.1e16c81023edp-638,0x1.658df519040bp-130,1.02613115165084035e-39
5,58,0x1.0e7da61d9dac8p-132,0x1.1e16c81023edp-638,0x1.0e7da61d9dac9p-132,1.94067642899791769e-40
5,59,0x1.97f2926f8eb21p-135,0x1.1e16c81023edp-638,0x1.97f2926f8eb22p-135,3.65860013466654883e-41
5,60,0x1.32a7d65b3f51bp-137,0x1.1e16c81023edp-638,0x1.32a7d65b3f51cp-137,6.87545666836797017e-42
5,61,0x1.cb959164a109bp-140,0x1.1e16c81023edp-638,0x1.cb959164a109cp-140,1.28802940686779928e-42
5,62,0x1.5751fcebc0332p-142,0x1.1e16c81023edp-638,0x1.5751fcebc0333p-142,2.40547080420059788e-43
5,63,0x1.ff5be7e42a6d2p-145,0x1.1e16c81023edp-638,0x1.ff5be7e42a6d3p-145,4.47854119631216932e-44
5,64,0x1.7ba948ae34a5bp-147,0x1.1e16c81023edp-638,0x1.7ba948ae34a5cp-147,8.31279293720708218e-45
5,65,0x1.19078fca3120ep-149,0x1.1e16c81023edp-638,0x1.19078fca3120fp-149,1.53830570219078918e-45
5,66,0x1.9ecba3b91dfd6p-152,0x1.1e16c81023edp-638,0x1.9ecba3b91dfd7p-152,2.83814575619626205e-46
5,67,0x1.3134bfabee6acp-154,0x1.1e16c81023edp-638,0x1.3134bfabee6adp-154,5.22076133684675145e-47
5,68,0x1.bfd0f282bccf2p-157,0x1.1e16c81023edp-638,0x1.bfd0f282bccf3p-157,9.57525869671088310e-48
5,69,0x1.4791ec169af38p-159,0x1.1e16c81023edp-638,0x1.4791ec169af39p-159,1.75103511852408528e-48
5,70,0x1.ddd5330fd1b49p-162,0x1.1e16c81023edp-638,0x1.ddd5330fd1b4ap-162,3.19283668234402089e-49
5,71,0x1.5b82100e65db9p-164,0x1.1e16c81023edp-638,0x1.5b82100e65dbap-164,5.80504545347185869e-50
5,72,0x1.f802db4a14622p-167,0x1.1e16c81023edp-638,0x1.f802db4a14623p-167,1.05242440482251533e-50
5,73,0x1.6c75f7149ffd7p-169,0x1.1e16c81023edp-638,0x1.6c75f7149ffd8p-169,1.90257415662985742e-51
5,74,0x1.06ce65cf44273p-171,0x1.1e16c81023edp-638,0x1.06ce65cf44274p-171,3.42978147712239977e-52
5,75,0x1.79f2f30a1fb91p-174,0x1.1e16c81023edp-638,0x1.79f2f30a1fb92p-174,6.16558108834082539e-53
5,76,0x1.0f0397a49db4dp-176,0x1.1e16c81023edp-638,0x1.0f0397a49db4ep-176,1.10528067379359658e-53
5,77,0x1.839899740a125p-179,0x1.1e16c81023edp-638,0x1.839899740a126p-179,1.97592383415380160e-54
5,78,0x1.14675afd3207p-181,0x1.1e16c81023edp-638,0x1.14675afd32071p-181,3.52269239893862248e-55
5,79,0x1.8925291662dd7p-184,0x1.1e16c81023edp-638,0x1.8925291662dd8p-184,6.26316371420821260e-56
5,80,0x1.16d6d88a36926p-186,0x1.1e16c81023edp-638,0x1.16d6d88a36927p-186,1.11054135089387522e-56
5,81,0x1.8a7852151a5fep-189,0x1.1e16c81023edp-638,0x1.8a7852151a5ffp-189,1.96383428166550904e-57
5,82,0x1.1647635b07a2bp-191,0x1.1e16c81023edp-638,0x1.1647635b07a2cp-191,3.46346719203154892e-58
5,83,0x1.8794396184014p-194,0x1.1e16c81023edp-638,0x1.8794396184015p-194,6.09200525748849499e-59
5,84,0x1.12c68d249f941p-196,0x1.1e16c81023edp-638,0x1.12c68d249f942p-196,1.06870793865487628e-59
5,85,0x1.809cb14451cdp-199,0x1.1e16c81023edp-638,0x1.809cb14451cd1p-199,1.86988035088254616e-60
5,86,0x1.0c78fc94a47d9p-201,0x1.1e16c81023edp-638,0x1.0c78fc94a47dap-201,3.26310374383512845e-61
5,87,0x1.75d4c14ba66b8p-204,0x1.1e16c81023edp-638,0x1.75d4c14ba66b9p-204,5.67958126873805586e-62
5,88,0x1.039822f50d2d4p-206,0x1.1e16c81023edp-638,0x1.039822f50d2d5p-206,9.85998041793788011e-63
5,89,0x1.679ab4f14f8c3p-209,0x1.1e16c81023edp-638,0x1.679ab4f14f8c4p-209,1.70732360756630431e-63
5,90,0x1.f0de022508993p-212,0x1.1e16c81023edp-638,0x1.f0de022508994p-212,2.94877271893336563e-64
5,91,0x1.5662ff9064f66p-214,0x1.1e16c81023edp-638,0x1.5662ff9064f67p-214,5.07993159370701931e-65
5,92,0x1.d6ac7288a0e1bp-217,0x1.1e16c81023edp-638,0x1.d6ac7288a0e1cp-217,8.72912748041774767e-66
5,93,0x1.42b2540ee37bcp-219,0x1.1e16c81023edp-638,0x1.42b2540ee37bdp-219,1.49618524430772180e-66
5,94,0x1.b95f6974761b8p-222,0x1.1e16c81023edp-638,0x1.b95f6974761b9p-222,2.55803491282889982e-67
5,95,0x1.2d17561d08dcp-224,0x1.1e16c81023edp-638,0x1.2d17561d08dc1p-224,4.36253583669399368e-68
5,96,0x1.99c4490cd563ap-227,0x1.1e16c81023edp-638,0x1.99c4490cd563bp-227,7.42143218301353899e-69
5,97,0x1.16244a1759858p-229,0x1.1e16c81023edp-638,0x1.16244a1759859p-229,1.25938123830554937e-69
5,98,0x1.78a946fba22b7p-232,0x1.1e16c81023edp-638,0x1.78a946fba22b8p-232,2.13182706569457934e-70
5,99,0x1.fcd2406bd0f67p-235,0x1.1e16c81023edp-638,0x1.fcd2406bd0f68p-235,3.59978309407803373e-71
5,100,0x1.56d56b92f243ep-237,0x1.1e16c81023edp-638,0x1.56d56b92f243fp-237,6.06365569800526753e-72
5,101,0x1.ccdc525166a1dp-240,0x1.1e16c81023edp-638,0x1.ccdc525166a1ep-240,1.01889794312958888e-72
5,102,0x1.3501ae0b06bcep-242,0x1.1e16c81023edp-638,0x1.3501ae0b06bcfp-242,1.70792496224895373e-73
5,103,0x1.9d5f5ebec385dp-245,0x1.1e16c81023edp-638,0x1.9d5f5ebec385ep-245,2.85596394136646068e-74
5,104,0x1.13d372e0ed03p-247,0x1.1e16c81023edp-638,0x1.13d372e0ed031p-247,4.76415916623235183e-75
5,105,0x1.6f35360e395c4p-250,0x1.1e16c81023edp-638,0x1.6f35360e395c5p-250,7.92817234949091010e-76
5,106,0x1.e7b1259b0a663p-253,0x1.1e16c81023edp-638,0x1.e7b1259b0a664p-253,1.31618441963145077e-76
5,107,0x1.43146284b44f4p-255,0x1.1e16c81023edp-638,0x1.43146284b44f5p-255,2.17982041130208876e-77
5,108,0x1.ab09e6327e73fp-258,0x1.1e16c81023edp-638,0x1.ab09e6327e74p-258,3.60154094056370616e-78
5,109,0x1.198dd618b557bp-260,0x1.1e16c81023edp-638,0x1.198dd618b557cp-260,5.93639701365185194e-79
5,110,0x1.72633b013dccap-263,0x1.1e16c81023edp-638,0x1.72633b013dccbp-263,9.76174899048877932e-80
5,111,0x1.e6193c222d40bp-266,0x1.1e16c81023edp-638,0x1.e6193c222d40cp-266,1.60142105783558073e-80
5,112,0x1.3e3a6049815f4p-268,0x1.1e16c81023edp-638,0x1.3e3a6049815f5p-268,2.62095539182008413e-81
5,113,0x1.9faeb099ba708p-271,0x1.1e16c81023edp-638,0x1.9faeb099ba709p-271,4.27949800270435555e-82
5,114,0x1.0edadc584f44cp-273,0x1.1e16c81023edp-638,0x1.0edadc584f44dp-273,6.97120661635082732e-83
5,115,0x1.60262812032c5p-276,0x1.1e16c81023edp-638,0x1.60262812032c6p-276,1.13294219338674003e-83
5,116,0x1.c8c6c08d09a82p-279,0x1.1e16c81023edp-638,0x1.c8c6c08d09a83p-279,1.83693960849891477e-84
5,117,0x1.278e7d8dc9fc4p-281,0x1.1e16c81023edp-638,0x1.278e7d8dc9fc5p-281,2.97147389928491195e-85
5,118,0x1.7d97be812c9edp-284,0x1.1e16c81023edp-638,0x1.7d97be812c9eep-284,4.79558266488381488e-86
5,119,0x1.eb88f38091619p-287,0x1.1e16c81023edp-638,0x1.eb88f3809161ap-287,7.72157147949398427e-87
5,120,0x1.3bd8addc5255cp-289,0x1.1e16c81023edp-638,0x1.3bd8addc5255dp-289,1.24041561002194927e-87
5,121,0x1.94f94c5f803e9p-292,0x1.1e16c81023edp-638,0x1.94f94c5f803eap-292,1.98805434128362017e-88
5,122,0x1.03079f72f81adp-294,0x1.1e16c81023edp-638,0x1.03079f72f81aep-294,3.17900346090431035e-89
5,123,0x1.4a9a45d8a303fp-297,0x1.1e16c81023edp-638,0x1.4a9a45d8a304p-297,5.07174750639255968e-90
5,124,0x1.a4fcb80482eddp-300,0x1.1e16c81023edp-638,0x1.a4fcb80482edep-300,8.07291183000080206e-91
5,125,0x1.0b6df8a54e045p-302,0x1.1e16c81023edp-638,0x1.0b6df8a54e046p-302,1.28206716840551725e-91
5,126,0x1.52fe0ca4d6d8ep-305,0x1.1e16c81023edp-638,0x1.52fe0ca4d6d8fp-305,2.03142734321025669e-92
5,127,0x1.acba7a701c11dp-308,0x1.1e16c81023edp-638,0x1.acba7a701c11ep-308,3.21146841095637457e-93
5,128,0x1.0e7e92d0a7c22p-310,0x1.1e16c81023edp-638,0x1.0e7e92d0a7c23p-310,5.06546946533142268e-94
5,129,0x1.548c967000db7p-313,0x1.1e16c81023edp-638,0x1.548c967000db8p-313,7.97170499556554551e-95
5,130,0x1.abc7303ffba95p-316,0x1.1e16c81023edp-638,0x1.abc7303ffba96p-316,1.25169907632752143e-95
5,131,0x1.0c1195f5743d7p-318,0x1.1e16c81023edp-638,0x1.0c1195f5743d8p-318,1.96095448154983004e-96
5,132,0x1.4f372e1d1f3bdp-321,0x1.1e16c81023edp-638,0x1.4f372e1d1f3bep-321,3.06517715222939633e-97
5,133,0x1.a23d1e20e2de7p-324,0x1.1e16c81023edp-638,0x1.a23d1e20e2de8p-324,4.78041607478875481e-98
5,134,0x1.04538404fc02fp-326,0x1.1e16c81023edp-638,0x1.04538404fc03p-326,7.43874005439742071e-99
5,135,0x1.435869af5c33ep-329,0x1.1e16c81023edp-638,0x1.435869af5c33fp-329,1.15493647659412783e-99
5,136,0x1.90b88052678cfp-332,0x1.1e16c81023edp-638,0x1.90b88052678dp-332,1.78913561215485636e-100
5,137,0x1.ef8051a9f6483p-335,0x1.1e16c81023edp-638,0x1.ef8051a9f6484p-335,2.76538904613435439e-101
5,138,0x1.31aa724599e26p-337,0x1.1e16c81023edp-638,0x1.31aa724599e27p-337,4.26479690400581767e-102
5,139,0x1.78474a36a53f2p-340,0x1.1e16c81023edp-638,0x1.78474a36a53f3p-340,6.56252371000593386e-103
5,140,0x1.ce2c0213c35fp-343,0x1.1e16c81023edp-638,0x1.ce2c0213c35f1p-343,1.00756962195950926e-103
5,141,0x1.1b346b531ff73p-345,0x1.1e16c81023edp-638,0x1.1b346b531ff74p-345,1.54351936747737180e-104
5,142,0x1.5a4ea5dfa1579p-348,0x1.1e16c81023edp-638,0x1.5a4ea5dfa157ap-348,2.35929956608631762e-105
5,143,0x1.a687b32a2f2a3p-351,0x1.1e16c81023edp-638,0x1.a687b32a2f2a4p-351,3.59823220312721715e-106
5,144,0x1.013184fcc1b8cp-353,0x1.1e16c81023edp-638,0x1.013184fcc1b8dp-353,5.47559659684482489e-107
5,145,0x1.3869c4964cc16p-356,0x1.1e16c81023edp-638,0x1.3869c4964cc17p-356,8.31401669653347560e-108
5,146,0x1.7aa62b4cad4b5p-359,0x1.1e16c81023edp-638,0x1.7aa62b4cad4b6p-359,1.25958801061200780e-108
5,147,0x1.c9e9ea8e6d995p-362,0x1.1e16c81023edp-638,0x1.c9e9ea8e6d996p-362,1.90408036628766446e-109
5,148,0x1.144637a081c47p-364,0x1.1e16c81023edp-638,0x1.144637a081c48p-364,2.87198441380329005e-110
5,149,0x1.4ca29b6ae6b18p-367,0x1.1e16c81023edp-638,0x1.4ca29b6ae6b19p-367,4.32234879998187555e-111
5,150,0x1.8f9c79146beb1p-370,0x1.1e16c81023edp-638,0x1.8f9c79146beb2p-370,6.49081625805765010e-112
5,151,0x1.df04055e02338p-373,0x1.1e16c81023edp-638,0x1.df04055e02339p-373,9.72571202612779244e-113
5,152,0x1.1e77a74b97e45p-375,0x1.1e16c81023edp-638,0x1.1e77a74b97e46p-375,1.45407518107390390e-113
5,153,0x1.55e17e5a2269cp-378,0x1.1e16c81023edp-638,0x1.55e17e5a2269dp-378,2.16918418142079614e-114
5,154,0x1.971ded713a6e3p-381,0x1.1e16c81023edp-638,0x1.971ded713a6e4p-381,3.22887195057017466e-115
5,155,0x1.e3bc979973b51p-384,0x1.1e16c81023edp-638,0x1.e3bc979973b52p-384,4.79568585659058241e-116
5,156,0x1.1ec1f89bd1495p-386,0x1.1e16c81023edp-638,0x1.1ec1f89bd1496p-386,7.10717151645035942e-117
5,157,0x1.533b9dc74095p-389,0x1.1e16c81023edp-638,0x1.533b9dc740951p-389,1.05096839507280738e-117
5,158,0x1.906e72c5e7b98p-392,0x1.1e16c81023edp-638,0x1.906e72c5e7b99p-392,1.55070755234069494e-118
5,159,0x1.d7a2a6bd669a9p-395,0x1.1e16c81023edp-638,0x1.d7a2a6bd669aap-395,2.28306408662495715e-119
5,160,0x1.1524773356405p-397,0x1.1e16c81023edp-638,0x1.1524773356406p-397,3.35393621043006006e-120
5,161,0x1.44ff1d1d28a9fp-400,0x1.1e16c81023edp-638,0x1.44ff1d1d28aap-400,4.91632408353619960e-121
5,162,0x1.7c47c74ea9487p-403,0x1.1e16c81023edp-638,0x1.7c47c74ea9488p-403,7.19077511760320516e-122
5,163,0x1.bbfefb0e244edp-406,0x1.1e16c81023edp-638,0x1.bbfefb0e244eep-406,1.04944787029412486e-122
5,164,0x1.02a0a0fd109c8p-408,0x1.1e16c81023edp-638,0x1.02a0a0fd109c9p-408,1.52825713647701609e-123
5,165,0x1.2ca496ce2152fp-411,0x1.1e16c81023edp-638,0x1.2ca496ce2153p-411,2.22066376665040175e-124
5,166,0x1.5cb8ab361904cp-414,0x1.1e16c81023edp-638,0x1.5cb8ab361904dp-414,3.21973688331899535e-125
5,167,0x1.939b27299966fp-417,0x1.1e16c81023edp-638,0x1.939b27299967p-417,4.65810772545278588e-126
5,168,0x1.d21c3ed47bc7ap-420,0x1.1e16c81023edp-638,0x1.d21c3ed47bc7bp-420,6.72435428855113101e-127
5,169,0x1.0c8f78220413p-422,0x1.1e16c81023edp-638,0x1.0c8f782204131p-422,9.68598702548850994e-128
5,170,0x1.34cce6504ebe1p-425,0x1.1e16c81023edp-638,0x1.34cce6504ebe2p-425,1.39216181232735650e-128
5,171,0x1.624bd2e9e3f0cp-428,0x1.1e16c81023edp-638,0x1.624bd2e9e3f0dp-428,1.99658759721220046e-129
5,172,0x1.959c0cfcbad05p-431,0x1.1e16c81023edp-638,0x1.959c0cfcbad06p-431,2.85719643878301333e-130
5,173,0x1.cf57fac488b05p-434,0x1.1e16c81023edp-638,0x1.cf57fac488b06p-434,4.07985896996348589e-131
5,174,0x1.081259307a57ep-436,0x1.1e16c81023edp-638,0x1.081259307a57fp-436,5.81304577413982263e-132
5,175,0x1.2c58fb268477ap-439,0x1.1e16c81023edp-638,0x1.2c58fb268477bp-439,8.26449038039205170e-133
5,176,0x1.54dd08cf1e2f1p-442,0x1.1e16c81023edp-638,0x1.54dd08cf1e2f2p-442,1.17241763637400755e-133
5,177,0x1.8200c803bd57dp-445,0x1.1e16c81023edp-638,0x1.8200c803bd57ep-445,1.65959723542348658e-134
5,178,0x1.b42b66d21fa8ep-448,0x1.1e16c81023edp-638,0x1.b42b66d21fa8fp-448,2.34410633277396802e-135
5,179,0x1.ebc8ad55bf453p-451,0x1.1e16c81023edp-638,0x1.ebc8ad55bf454p-451,3.30374327751028532e-136
5,180,0x1.14a44bd6f135ap-453,0x1.1e16c81023edp-638,0x1.14a44bd6f135bp-453,4.64611304783862843e-137
5,181,0x1.368f6b2ef004ap-456,0x1.1e16c81023edp-638,0x1.368f6b2ef004bp-456,6.51970357487303489e-138
5,182,0x1.5be119cb7178ep-459,0x1.1e16c81023edp-638,0x1.5be119cb7178fp-459,9.12894545606198044e-139
5,183,0x1.84d5ee14d0301p-462,0x1.1e16c81023edp-638,0x1.84d5ee14d0302p-462,1.27546377808050986e-139
5,184,0x1.b1ab4595bfe44p-465,0x1.1e16c81023edp-638,0x1.b1ab4595bfe45p-465,1.77815845874276982e-140
5,185,0x1.e29ecbdad88ffp-468,0x1.1e16c81023edp-638,0x1.e29ecbdad89p-468,2.47358960684805926e-141
5,186,0x1.0bf6f923628cfp-470,0x1.1e16c81023edp-638,0x1.0bf6f923628dp-470,3.43352111457485096e-142
5,187,0x1.28eaac7ee9d06p-473,0x1.1e16c81023edp-638,0x1.28eaac7ee9d07p-473,4.75561515911152350e-143
5,188,0x1.484814a677889p-476,0x1.1e16c81023edp-638,0x1.484814a67788ap-476,6.57246971942923220e-144
5,189,0x1.6a2bb11b74676p-479,0x1.1e16c81023edp-638,0x1.6a2bb11b74677p-479,9.06369722956005599e-145
5,190,0x1.8eb08c0f4b23dp-482,0x1.1e16c81023edp-638,0x1.8eb08c0f4b23ep-482,1.24720278554179613e-145
5,191,0x1.b5efd469d1206p-485,0x1.1e16c81023edp-638,0x1.b5efd469d1207p-485,1.71247252725047928e-146
5,192,0x1.e00072ccdbcc7p-488,0x1.1e16c81023edp-638,0x1.e00072ccdbcc8p-488,2.34619968935992527e-147
5,193,0x1.067b4d45265c4p-490,0x1.1e16c81023edp-638,0x1.067b4d45265c5p-490,3.20745892244263250e-148
5,194,0x1.1e71abd583aa7p-493,0x1.1e16c81023edp-638,0x1.1e71abd583aa8p-493,4.37534138972612344e-149
5,195,0x1.37ea0da6a75ecp-496,0x1.1e16c81023edp-638,0x1.37ea0da6a75edp-496,5.95548905096277715e-150
5,196,0x1.52e923e380b6p-499,0x1.1e16c81023edp-638,0x1.52e923e380b61p-499,8.08867682207116315e-151
5,197,0x1.6f715f0d8aaeep-502,0x1.1e16c81023edp-638,0x1.6f715f0d8aaefp-502,1.09620560963296612e-151
5,198,0x1.8d82b7384aad6p-505,0x1.1e16c81023edp-638,0x1.8d82b7384aad7p-505,1.48238478016200079e-152
5,199,0x1.ad1a76a99e242p-508,0x1.1e16c81023edp-638,0x1.ad1a76a99e243p-508,2.00024947864907818e-153
5,200,0x1.ce3307ccc5ae3p-511,0x1.1e16c81023edp-638,0x1.ce3307ccc5ae4p-511,2.69315636468797700e-154
5,201,0x1.f0c3c76c91cfap-514,0x1.1e16c81023edp-638,0x1.f0c3c76c91cfbp-514,3.61820396109696084e-155
5,202,0x1.0a606e15cc504p-516,0x1.1e16c81023edp-638,0x1.0a606e15cc505p-516,4.85041025522733369e-156
5,203,0x1.1d0d8a17d09e3p-519,0x1.1e16c81023edp-638,0x1.1d0d8a17d09e4p-519,6.48810292959136215e-157
5,204,0x1.305fe4f7912b9p-522,0x1.1e16c81023edp-638,0x1.305fe4f7912bap-522,8.65985635211370355e-158
5,205,0x1.444c68824b7c6p-525,0x1.1e16c81023edp-638,0x1.444c68824b7c7p-525,1.15333961748220571e-158
5,206,0x1.58c635edb201ap-528,0x1.1e16c81023edp-638,0x1.58c635edb201bp-528,1.53270000772963759e-159
5,207,0x1.6dbea57a84a5ep-531,0x1.1e16c81023edp-638,0x1.6dbea57a84a5fp-531,2.03240564948401589e-160
5,208,0x1.83254b35bf9c6p-534,0x1.1e16c81023edp-638,0x1.83254b35bf9c7p-534,2.68916076568035922e-161
5,209,0x1.98e8011b82e27p-537,0x1.1e16c81023edp-638,0x1.98e8011b82e28p-537,3.55039055651608519e-162
5,210,0x1.aef2f6cd6259cp-540,0x1.1e16c81023edp-638,0x1.aef2f6cd6259dp-540,4.67722575490690511e-163
5,211,0x1.c530c6fa598f6p-543,0x1.1e16c81023edp-638,0x1.c530c6fa598f7p-543,6.14827410545941188e-164
5,212,0x1.db8a92817a82fp-546,0x1.1e16c81023edp-638,0x1.db8a92817a83p-546,8.06437363336644014e-165
5,213,0x1.f1e82141ea893p-549,0x1.1e16c81023edp-638,0x1.f1e82141ea894p-549,1.05545673522171879e-165
5,214,0x1.041804399edc2p-551,0x1.1e16c81023edp-638,0x1.041804399edc3p-551,1.37835932206933677e-166
5,215,0x1.0f23eb2495eb7p-554,0x1.1e16c81023edp-638,0x1.0f23eb2495eb8p-554,1.79612484323372809e-167
5,216,0x1.1a0a2146b25b6p-557,0x1.1e16c81023edp-638,0x1.1a0a2146b25b7p-557,2.33540655107366998e-168
5,217,0x1.24bcb1e139927p-560,0x1.1e16c81023edp-638,0x1.24bcb1e139928p-560,3.02998314790906909e-169
5,218,0x1.2f2d7425d0cb9p-563,0x1.1e16c81023edp-638,0x1.2f2d7425d0cbap-563,3.92255931942419826e-170
5,219,0x1.394e29801a09cp-566,0x1.1e16c81023edp-638,0x1.394e29801a09dp-566,5.06699247451597083e-171
5,220,0x1.43109d3e42a1bp-569,0x1.1e16c81023edp-638,0x1.43109d3e42a1cp-569,6.53103899513978247e-172
5,221,0x1.4c66c5391088ep-572,0x1.1e16c81023edp-638,0x1.4c66c5391088fp-572,8.39973181882844301e-173
5,222,0x1.5542e314a331bp-575,0x1.1e16c81023edp-638,0x1.5542e314a331cp-575,1.07795229150791349e-173
5,223,0x1.5d97a5ad5705bp-578,0x1.1e16c81023edp-638,0x1.5d97a5ad5705cp-578,1.38033496300915950e-174
5,224,0x1.65584a4038033p-581,0x1.1e16c81023edp-638,0x1.65584a4038034p-581,1.76368134590844810e-175
5,225,0x1.6c78bcdc42c1p-584,0x1.1e16c81023edp-638,0x1.6c78bcdc42c11p-584,2.24856940977990116e-176
5,226,0x1.72edb7a990321p-587,0x1.1e16c81023edp-638,0x1.72edb7a990324p-587,2.86050611977482989e-177
5,227,0x1.78ace0955f7aap-590,0x1.1e16c81023edp-638,0x1.78ace0955f7bdp-590,3.63102917070054295e-178
5,228,0x1.7dace4f5daf7dp-593,0x1.1e16c81023edp-638,0x1.7dace4f5db00dp-593,4.59903526474732479e-179
5,229,0x1.81e592be6028dp-596,0x1.1e16c81023edp-638,0x1.81e592be60706p-596,5.81237683011942868e-180
5,230,0x1.854feee4ebf8cp-599,0x1.1e16c81023edp-638,0x1.854feee4ee35p-599,7.32977576924013019e-181
5,231,0x1.87e648a2f6691p-602,0x1.1e16c81023edp-638,0x1.87e648a3084a9p-602,9.22311035809996743e-182
5,232,0x1.89a449475811p-605,0x1.1e16c81023edp-638,0x1.89a44947e71c7p-605,1.15801398512793210e-182
5,233,0x1.8a87005b950aap-608,0x1.1e16c81023edp-638,0x1.8a8700600d65dp-608,1.45077407352689936e-183
5,234,0x1.8a8cebecdf922p-611,0x1.1e16c81023edp-638,0x1.8a8cec10a26b3p-611,1.81357389920515497e-184
5,235,0x1.89b5fcd80b52dp-614,0x1.1e16c81023edp-638,0x1.89b5fdf6221afp-614,2.26214345557051815e-185
5,236,0x1.8803970739e9bp-617,0x1.1e16c81023edp-638,0x1.88039ff7f02a4p-617,2.81549307943626053e-186
5,237,0x1.85788d9fefdbbp-620,0x1.1e16c81023edp-638,0x1.8578d525a1dfdp-620,3.49654374793592010e-187
5,238,0x1.82191b303224p-623,0x1.1e16c81023edp-638,0x1.821b575dc2445p-623,4.33291518984901206e-188
5,239,0x1.7dead5f8f57dfp-626,0x1.1e16c81023edp-638,0x1.7dfcb76576804p-626,5.35835557038523155e-189
5,240,0x1.78f4a0833aa65p-629,0x1.1e16c81023edp-638,0x1.7983abe742b85p-629,6.61951570971040558e-190
5,241,0x1.733e96bb63a67p-632,0x1.1e16c81023edp-638,0x1.77b6f1dba4363p-632,8.23494834121535970e-191
5,242,0x1.6cd1f7db570eap-635,0x1.1e16c81023edp-638,0x1.9094d0dd5b8c5p-635,1.09749733091002248e-191
5,243,0x1.65b90d77a8edfp-638,0x1.1e16c81023edp-638,0x1.41e7eac3e66d9p-637,2.20486380647243219e-192
5,244,0x1.5dff100e0602ep-641,0x1.1e16c81023edp-638,0x1.49d6aa11e4ad7p-638,1.12959871770261421e-192
5,245,0x1.55b0097b5a165p-644,0x1.1e16c81023edp-638,0x1.236d883611557p-638,9.98053605284108499e-193
5,246,0x1.4cd8b5c6798b5p-647,0x1.1e16c81023edp-638,0x1.1ebd346b0729dp-638,9.81995935392564833e-193
5,247,0x1.438662b063e16p-650,0x1.1e16c81023edp-638,0x1.1e2b00764ef35p-638,9.80040069920379105e-193
5,248,0x1.39c6ce7d7379ep-653,0x1.1e16c81023edp-638,0x1.1e193b9dc0e7fp-638,9.79802361756902802e-193
5,249,0x1.2fa8066afdd29p-656,0x1.1e16c81023edp-638,0x1.1e1713fa2587dp-638,9.79773534859428375e-193
5,250,0x1.253845431de63p-659,0x1.1e16c81023edp-638,0x1.1e16d139e6173p-638,9.79770046666971311e-193
5,251,0x1.1a85d27c9dd69p-662,0x1.1e16c81023edp-638,0x1.1e16c92aa9bf9p-638,9.79769625502477035e-193
5,252,0x1.0f9ee24f75302p-665,0x1.1e16c81023edp-638,0x1.1e16c83217c96p-638,9.79769574762308917e-193
5,253,0x1.0491771f27f72p-668,0x1.1e16c81023edp-638,0x1.1e16c8143632fp-638,9.79769568662714407e-193
5,254,0x1.f2d689277909bp-672,0x1.1e16c81023edp-638,0x1.1e16c810a0a2bp-638,9.79769567931071683e-193
5,255,0x1.dc73296060829p-675,0x1.1e16c81023edp-638,0x1.1e16c81032d0bp-638,9.79769567843503646e-193
5,256,0x1.c6125e55124e2p-678,0x1.1e16c81023edp-638,0x1.1e16c81025b32p-638,9.79769567833045683e-193
5,257,0x1.afcc867c38d2ep-681,0x1.1e16c81023edp-638,0x1.1e16c81024231p-638,9.79769567831799589e-193
5,258,0x1.99b8a84941f9dp-684,0x1.1e16c81023edp-638,0x1.1e16c81023f37p-638,9.79769567831651250e-193
5,259,0x1.83ec50acd3197p-687,0x1.1e16c81023edp-638,0x1.1e16c81023eddp-638,9.79769567831633729e-193
5,260,0x1.6e7b774bd47adp-690,0x1.1e16c81023edp-638,0x1.1e16c81023ed2p-638,9.79769567831631588e-193
5,261,0x1.5978687d71dccp-693,0x1.1e16c81023edp-638,0x1.1e16c81023ed1p-638,9.79769567831631393e-193
5,262,0x1.44f3b509725fp-696,0x1.1e16c81023edp-638,0x1.1e16c81023ed1p-638,9.79769567831631393e-193
5,263,0x1.30fc278aa71d2p-699,0x1.1e16c81023edp-638,0x1.1e16c81023ed1p-638,9.79769567831631393e-193
5,264,0x1.1d9ebf45330b7p-702,0x1.1e16c81023edp-638,0x1.1e16c81023ed1p-638,9.79769567831631393e-193
5,265,0x1.0ae6b02e7cf9dp-705,0x1.1e16c81023edp-638,0x1.1e16c81023ed1p-638,9.79769567831631393e-193
5,266,0x1.f1bacfa9841b2p-709,0x1.1e16c81023edp-638,0x1.1e16c81023ed1p-638,9.79769567831631393e-193
5,267,0x1.cf152d8db3045p-712,0x1.1e16c81023edp-638,0x1.1e16c81023ed1p-638,9.79769567831631393e-193
5,268,0x1.ade87c23667d9p-715,0x1.1e16c81023edp-638,0x1.1e16c81023ed1p-638,9.79769567831631393e-193
5,269,0x1.8e3d80c0664b8p-718,0x1.1e16c81023edp-638,0x1.1e16c81023ed1p-638,9.79769567831631393e-193
5,270,0x1.7019ec8136415p-721,0x1.1e16c81023edp-638,0x1.1e16c81023ed1p-638,9.79769567831631393e-193
5,271,0x1.538089eba4cb4p-724,0x1.1e16c81023edp-638,0x1.1e16c81023ed1p-638,9.79769567831631393e-193
5,272,0x1.38716d09b0f9bp-727,0x1.1e16c81023edp-638,0x1.1e16c81023ed1p-638,9.79769567831631393e-193
5,273,0x1.1eea197ba2b1fp-730,0x1.1e16c81023edp-638,0x1.1e16c81023ed1p-638,9.79769567831631393e-193
5,274,0x1.06e54e3acf0f4p-733,0x1.1e16c81023edp-638,0x1.1e16c81023ed1p-638,9.79769567831631393e-193
5,275,0x1.e0b0c62a629b1p-737,0x1.1e16c81023edp-638,0x1.1e16c81023ed1p-638,9.79769567831631393e-193
5,276,0x1.b641b652f4621p-740,0x1.1e16c81023edp-638,0x1.1e16c81023ed1p-638,9.79769567831631393e-193
5,277,0x1.8d2263620963ap-743,0x1.1e16c81023edp-638,0x1.1e16c81023ed1p-638,9.79769567831631393e-193
5,278,0x1.5dc8726977d6bp-746,0x1.1e16c81023edp-638,0x1.1e16c81023ed1p-638,9.79769567831631393e-193
5,279,0x1.02962761f1b3fp-749,0x1.1e16c81023edp-638,0x1.1e16c81023ed1p-638,9.79769567831631393e-193
5,280,0x0p+0,0x1.1e16c81023edp-638,0x1.1e16c81023edp-638,9.79769567831631198e-193
6,0,0x1.e3febabf14b69p-4,0x1.25f78fb3be0f9p-637,0x1.e3febabf14b6ap-4,1.18162850835955929e-01
6,1,0x1.2868532294db3p-5,0x1.25f78fb3be0f9p-637,0x1.2868532294db4p-5,3.61825584156138247e-02
6,2,0x1.5603b56dcae62p-7,0x1.25f78fb3be0f9p-637,0x1.5603b56dcae63p-7,1.04374538310231853e-02
6,3,0x1.7c1986b23ad26p-9,0x1.25f78fb3be0f9p-637,0x1.7c1986b23ad27p-9,2.89993066063733455e-03
6,4,0x1.9cda6f509e4a7p-11,0x1.25f78fb3be0f9p-637,0x1.9cda6f509e4a8p-11,7.87455102979302442e-04
6,5,0x1.b9db30bb2c4c3p-13,0x1.25f78fb3be0f9p-637,0x1.b9db30bb2c4c4p-13,2.10693460621002898e-04
6,6,0x1.d3c4a599f7cb3p-15,0x1.25f78fb3be0f9p-637,0x1.d3c4a599f7cb4p-15,5.57623090597867950e-05
6,7,0x1.eaa82d0f258fep-17,0x1.25f78fb3be0f9p-637,0x1.eaa82d0f258ffp-17,1.46227162345744112e-05
6,8,0x1.fe63b2efa68c1p-19,0x1.25f78fb3be0f9p-637,0x1.fe63b2efa68c2p-19,3.80269772632971820e-06
6,9,0x1.076c399224c15p-20,0x1.25f78fb3be0f9p-637,0x1.076c399224c16p-20,9.81326227865414606e-07
6,10,0x1.0dfca3aa45758p-22,0x1.25f78fb3be0f9p-637,0x1.0dfca3aa45759p-22,2.51444869052226689e-07
6,11,0x1.12e3bc8345034p-24,0x1.25f78fb3be0f9p-637,0x1.12e3bc8345035p-24,6.40027213903657493e-08
6,12,0x1.1626cbeb8e88dp-26,0x1.25f78fb3be0f9p-637,0x1.1626cbeb8e88ep-26,1.61905510510817198e-08
6,13,0x1.17ce938acebc4p-28,0x1.25f78fb3be0f9p-637,0x1.17ce938acebc5p-28,4.07172685395296937e-09
6,14,0x1.17e740c2685bdp-30,0x1.25f78fb3be0f9p-637,0x1.17e740c2685bep-30,1.01828238948691808e-09
6,15,0x1.1680aa4243afap-32,0x1.25f78fb3be0f9p-637,0x1.1680aa4243afbp-32,2.53296637259888139e-10
6,16,0x1.13ae62c673071p-34,0x1.25f78fb3be0f9p-637,0x1.13ae62c673072p-34,6.26826464872078292e-11
6,17,0x1.0f878618dcc39p-36,0x1.25f78fb3be0f9p-637,0x1.0f878618dcc3ap-36,1.54346588436536940e-11
6,18,0x1.0a264edbb0493p-38,0x1.25f78fb3be0f9p-637,0x1.0a264edbb0494p-38,3.78221387762790889e-12
6,19,0x1.03a78a9776bb4p-40,0x1.25f78fb3be0f9p-637,0x1.03a78a9776bb5p-40,9.22477946441931215e-13
6,20,0x1.f853f95d92b9bp-43,0x1.25f78fb3be0f9p-637,0x1.f853f95d92b9cp-43,2.23966633579429137e-13
6,21,0x1.e79b76f687281p-45,0x1.25f78fb3be0f9p-637,0x1.e79b76f687282p-45,5.41352833650999421e-14
6,22,0x1.d5671ee22ceaep-47,0x1.25f78fb3be0f9p-637,0x1.d5671ee22ceafp-47,1.30285453257766808e-14
6,23,0x1.c1f8b4271b89fp-49,0x1.25f78fb3be0f9p-637,0x1.c1f8b4271b8ap-49,3.12230449073958259e-15
6,24,0x1.ad9111efb6833p-51,0x1.25f78fb3be0f9p-637,0x1.ad9111efb6834p-51,7.45179404184855551e-16
6,25,0x1.986f2f7d032d4p-53,0x1.25f78fb3be0f9p-637,0x1.986f2f7d032d5p-53,1.77130150115330161e-16
6,26,0x1.82cf459414a3fp-55,0x1.25f78fb3be0f9p-637,0x1.82cf459414a4p-55,4.19379868758544494e-17
6,27,0x1.6cea1724471e7p-57,0x1.25f78fb3be0f9p-637,0x1.6cea1724471e8p-57,9.89102505451228469e-18
6,28,0x1.56f45d82b6934p-59,0x1.25f78fb3be0f9p-637,0x1.56f45d82b6935p-59,2.32395043867983580e-18
6,29,0x1.411e578c6895dp-61,0x1.25f78fb3be0f9p-637,0x1.411e578c6895ep-61,5.43995938559203031e-19
6,30,0x1.2b937a34e9d92p-63,0x1.25f78fb3be0f9p-637,0x1.2b937a34e9d93p-63,1.26875406456853608e-19
6,31,0x1.167a4069888a5p-65,0x1.25f78fb3be0f9p-637,0x1.167a4069888a6p-65,2.94849569980383849e-20
6,32,0x1.01f417b7eaf97p-67,0x1.25f78fb3be0f9p-637,0x1.01f417b7eaf98p-67,6.82797194611622097e-21
6,33,0x1.dc3acd98d2003p-70,0x1.25f78fb3be0f9p-637,0x1.dc3acd98d2004p-70,1.57571189872466064e-21
6,34,0x1.b61b553d19c2fp-72,0x1.25f78fb3be0f9p-637,0x1.b61b553d19c3p-72,3.62393425866781152e-22
6,35,0x1.91af4dfd0f8c3p-74,0x1.25f78fb3be0f9p-637,0x1.91af4dfd0f8c4p-74,8.30664663710298056e-23
6,36,0x1.6f134e568f653p-76,0x1.25f78fb3be0f9p-637,0x1.6f134e568f654p-76,1.89773541177626955e-23
6,37,0x1.4e5b9647f475cp-78,0x1.25f78fb3be0f9p-637,0x1.4e5b9647f475dp-78,4.32147278538912223e-24
6,38,0x1.2f94bd0d00c1dp-80,0x1.25f78fb3be0f9p-637,0x1.2f94bd0d00c1ep-80,9.80923146686220054e-25
6,39,0x1.12c46bf76f371p-82,0x1.25f78fb3be0f9p-637,0x1.12c46bf76f372p-82,2.21955235083344484e-25
6,40,0x1.efd441bd43259p-85,0x1.25f78fb3be0f9p-637,0x1.efd441bd4325ap-85,5.00659474981948345e-26
6,41,0x1.bdffe65faeb9bp-87,0x1.25f78fb3be0f9p-637,0x1.bdffe65faeb9cp-87,1.12586129684456274e-26
6,42,0x1.8ff6ae883e083p-89,0x1.25f78fb3be0f9p-637,0x1.8ff6ae883e084p-89,2.52412518451353469e-27
6,43,0x1.659bb88905f86p-91,0x1.25f78fb3be0f9p-637,0x1.659bb88905f87p-91,5.64206390104701874e-28
6,44,0x1.3ecbc3143a257p-93,0x1.25f78fb3be0f9p-637,0x1.3ecbc3143a258p-93,1.25742829042206877e-28
6,45,0x1.1b5e821367d42p-95,0x1.25f78fb3be0f9p-637,0x1.1b5e821367d43p-95,2.79423577214635065e-29
6,46,0x1.f64fb3d45a999p-98,0x1.25f78fb3be0f9p-637,0x1.f64fb3d45a99ap-98,6.19146525913869470e-30
6,47,0x1.bbf1fd30be41cp-100,0x1.25f78fb3be0f9p-637,0x1.bbf1fd30be41dp-100,1.36801198151594676e-30
6,48,0x1.8742ea68e255fp-102,0x1.25f78fb3be0f9p-637,0x1.8742ea68e256p-102,3.01416810300502363e-31
6,49,0x1.57dfee3b9d26cp-104,0x1.25f78fb3be0f9p-637,0x1.57dfee3b9d26dp-104,6.62278637497039920e-32
6,50,0x1.2d666e1b57534p-106,0x1.25f78fb3be0f9p-637,0x1.2d666e1b57535p-106,1.45118877930211405e-32
6,51,0x1.077511a66afb9p-108,0x1.25f78fb3be0f9p-637,0x1.077511a66afbap-108,3.17125190145422567e-33
6,52,0x1.cb59b4399e5cep-111,0x1.25f78fb3be0f9p-637,0x1.cb59b4399e5cfp-111,6.91153673745968652e-34
6,53,0x1.8f640a92f7babp-113,0x1.25f78fb3be0f9p-637,0x1.8f640a92f7bacp-113,1.50234116199157201e-34
6,54,0x1.5a597fda8dab5p-115,0x1.25f78fb3be0f9p-637,0x1.5a597fda8dab6p-115,3.25705605284900056e-35
6,55,0x1.2b93583a5fab9p-117,0x1.25f78fb3be0f9p-637,0x1.2b93583a5fabap-117,7.04298768610330205e-36
6,56,0x1.0274807a6ab8ep-119,0x1.25f78fb3be0f9p-637,0x1.0274807a6ab8fp-119,1.51906246427200042e-36
6,57,0x1.bcd40d44e6bf9p-122,0x1.25f78fb3be0f9p-637,0x1.bcd40d44e6bfap-122,3.26808241267502140e-37
6,58,0x1.7dd6ad36795cep-124,0x1.25f78fb3be0f9p-637,0x1.7dd6ad36795cfp-124,7.01326709881598883e-38
6,59,0x1.46f4879d087a8p-126,0x1.25f78fb3be0f9p-637,0x1.46f4879d087a9p-126,1.50130462448223859e-38
6,60,0x1.1745d0915525bp-128,0x1.25f78fb3be0f9p-637,0x1.1745d0915525cp-128,3.20589352871985031e-39
6,61,0x1.dbed8512f54cp-131,0x1.25f78fb3be0f9p-637,0x1.dbed8512f54c1p-131,6.82922917686607283e-40
6,62,0x1.948dc174faae3p-133,0x1.25f78fb3be0f9p-637,0x1.948dc174faae4p-133,1.45126534406733527e-40
6,63,0x1.57101f8784545p-135,0x1.25f78fb3be0f9p-637,0x1.57101f8784546p-135,3.07669522292468047e-41
6,64,0x1.223b204e6c4ap-137,0x1.25f78fb3be0f9p-637,0x1.223b204e6c4a1p-137,6.50720321500172176e-42
6,65,0x1.e9eb9256950b1p-140,0x1.25f78fb3be0f9p-637,0x1.e9eb9256950b2p-140,1.37304885255074592e-42
6,66,0x1.9c8ab29ce1452p-142,0x1.25f78fb3be0f9p-637,0x1.9c8ab29ce1453p-142,2.89047086937711358e-43
6,67,0x1.5a95ecedf8111p-144,0x1.25f78fb3be0f9p-637,0x1.5a95ecedf8112p-144,6.07087417761340811e-44
6,68,0x1.2282b9e004648p-146,0x1.25f78fb3be0f9p-637,0x1.2282b9e004649p-146,1.27216289354115322e-44
6,69,0x1.e5ea719dfba8fp-149,0x1.25f78fb3be0f9p-637,0x1.e5ea719dfba9p-149,2.65981663652242548e-45
6,70,0x1.9577a4972074dp-151,0x1.25f78fb3be0f9p-637,0x1.9577a4972074ep-151,5.54864045092357872e-46
6,71,0x1.51961d4dd6864p-153,0x1.25f78fb3be0f9p-637,0x1.51961d4dd6865p-153,1.15492988862096786e-46
6,72,0x1.1873517ddeb04p-155,0x1.25f78fb3be0f9p-637,0x1.1873517ddeb05p-155,2.39864991467373393e-47
6,73,0x1.d0f389ac2902p-158,0x1.25f78fb3be0f9p-637,0x1.d0f389ac29021p-158,4.97082191431435031e-48
6,74,0x1.809476575a1dfp-160,0x1.25f78fb3be0f9p-637,0x1.809476575a1ep-160,1.02789166710145002e-48
6,75,0x1.3d6aec88a01efp-162,0x1.25f78fb3be0f9p-637,0x1.3d6aec88a01fp-162,2.12095687831695615e-49
6,76,0x1.056cfca9e57fdp-164,0x1.25f78fb3be0f9p-637,0x1.056cfca9e57fep-164,4.36705916479213438e-50
6,77,0x1.adb5c76f7f9bcp-167,0x1.25f78fb3be0f9p-637,0x1.adb5c76f7f9bdp-167,8.97276501885662223e-51
6,78,0x1.606b5e63f8edfp-169,0x1.25f78fb3be0f9p-637,0x1.606b5e63f8eep-169,1.83971515550833674e-51
6,79,0x1.206db012b6f9dp-171,0x1.25f78fb3be0f9p-637,0x1.206db012b6f9ep-171,3.76416714073299716e-52
6,80,0x1.d72315862f9cfp-174,0x1.25f78fb3be0f9p-637,0x1.d72315862f9dp-174,7.68578169755190990e-53
6,81,0x1.80009b3664f43p-176,0x1.25f78fb3be0f9p-637,0x1.80009b3664f44p-176,1.56608273121586107e-53
6,82,0x1.38585451f9691p-178,0x1.25f78fb3be0f9p-637,0x1.38585451f9692p-178,3.18460384850295272e-54
6,83,0x1.fb17437261273p-181,0x1.25f78fb3be0f9p-637,0x1.fb17437261274p-181,6.46273894269045810e-55
6,84,0x1.9acd9b7241d4p-183,0x1.25f78fb3be0f9p-637,0x1.9acd9b7241d41p-183,1.30889436077382563e-55
6,85,0x1.4c2292e6e0179p-185,0x1.25f78fb3be0f9p-637,0x1.4c2292e6e017ap-185,2.64560834000874177e-56
6,86,0x1.0bfffc4c449bp-187,0x1.25f78fb3be0f9p-637,0x1.0bfffc4c449b1p-187,5.33685677738702817e-57
6,87,0x1.afa5e08b98a6ap-190,0x1.25f78fb3be0f9p-637,0x1.afa5e08b98a6bp-190,1.07446073376994182e-57
6,88,0x1.5aeed5565b2adp-192,0x1.25f78fb3be0f9p-637,0x1.5aeed5565b2aep-192,2.15896900324665628e-58
6,89,0x1.164d95f975e5fp-194,0x1.25f78fb3be0f9p-637,0x1.164d95f975e6p-194,4.32971063621359992e-59
6,90,0x1.bda374c3c487bp-197,0x1.25f78fb3be0f9p-637,0x1.bda374c3c487cp-197,8.66629748946880669e-60
6,91,0x1.641c6175eca79p-199,0x1.25f78fb3be0f9p-637,0x1.641c6175eca7ap-199,1.73131510598117111e-60
6,92,0x1.1c072425fe8cp-201,0x1.25f78fb3be0f9p-637,0x1.1c072425fe8c1p-201,3.45216783590592776e-61
6,93,0x1.c43726f46c45cp-204,0x1.25f78fb3be0f9p-637,0x1.c43726f46c45dp-204,6.87046772585226991e-62
6,94,0x1.675266d7c31a5p-206,0x1.25f78fb3be0f9p-637,0x1.675266d7c31a6p-206,1.36478610830264841e-62
6,95,0x1.1cfa50706678cp-208,0x1.25f78fb3be0f9p-637,0x1.1cfa50706678dp-208,2.70602591005802684e-63
6,96,0x1.c33173cf193a1p-211,0x1.25f78fb3be0f9p-637,0x1.c33173cf193a2p-211,5.35541918001829081e-64
6,97,0x1.6484f94235ee2p-213,0x1.25f78fb3be0f9p-637,0x1.6484f94235ee3p-213,1.05792324528398580e-64
6,98,0x1.1931fbf1d89cp-215,0x1.25f78fb3be0f9p-637,0x1.1931fbf1d89c1p-215,2.08602230629654714e-65
6,99,0x1.bac36d5943ba5p-218,0x1.25f78fb3be0f9p-637,0x1.bac36d5943ba6p-218,4.10575169848236035e-66
6,100,0x1.5bf3abd779757p-220,0x1.25f78fb3be0f9p-637,0x1.5bf3abd779758p-220,8.06640692631102685e-67
6,101,0x1.10f380ad96786p-222,0x1.25f78fb3be0f9p-637,0x1.10f380ad96787p-222,1.58192531864672129e-67
6,102,0x1.ab77dd84ff0e7p-225,0x1.25f78fb3be0f9p-637,0x1.ab77dd84ff0e8p-225,3.09681204140718196e-68
6,103,0x1.4e22393555094p-227,0x1.25f78fb3be0f9p-637,0x1.4e22393555095p-227,6.05161484935620650e-69
6,104,0x1.04b774797bf77p-229,0x1.25f78fb3be0f9p-637,0x1.04b774797bf78p-229,1.18048302519384485e-69
6,105,0x1.9625b7ae89f4bp-232,0x1.25f78fb3be0f9p-637,0x1.9625b7ae89f4cp-232,2.29871244720702578e-70
6,106,0x1.3bcc447cb41f4p-234,0x1.25f78fb3be0f9p-637,0x1.3bcc447cb41f5p-234,4.46838221493410265e-71
6,107,0x1.ea3dc9dfabd8bp-237,0x1.25f78fb3be0f9p-637,0x1.ea3dc9dfabd8cp-237,8.67083680039568652e-72
6,108,0x1.7bdd924d7af9ap-239,0x1.25f78fb3be0f9p-637,0x1.7bdd924d7af9bp-239,1.67965829333041226e-72
6,109,0x1.25d5b1d49c9fp-241,0x1.25f78fb3be0f9p-637,0x1.25d5b1d49c9f1p-241,3.24813617000560275e-73
6,110,0x1.c5cca1572880dp-244,0x1.25f78fb3be0f9p-637,0x1.c5cca1572880ep-244,6.27054010130188628e-74
6,111,0x1.5dd44409f2abap-246,0x1.25f78fb3be0f9p-637,0x1.5dd44409f2abbp-246,1.20847344752066237e-74
6,112,0x1.0d394f2de966p-248,0x1.25f78fb3be0f9p-637,0x1.0d394f2de9661p-248,2.32506267227903877e-75
6,113,0x1.9daf813ccc6abp-251,0x1.25f78fb3be0f9p-637,0x1.9daf813ccc6acp-251,4.46582284336597273e-76
6,114,0x1.3d4cd745bd978p-253,0x1.25f78fb3be0f9p-637,0x1.3d4cd745bd979p-253,8.56330519550336684e-77
6,115,0x1.e5ef0bd7cc5bep-256,0x1.25f78fb3be0f9p-637,0x1.e5ef0bd7cc5bfp-256,1.63929921204820775e-77
6,116,0x1.737aab5f31f13p-258,0x1.25f78fb3be0f9p-637,0x1.737aab5f31f14p-258,3.13296561617910087e-78
6,117,0x1.1b83da36981eap-260,0x1.25f78fb3be0f9p-637,0x1.1b83da36981ebp-260,5.97774352065823637e-79
6,118,0x1.b00d34ed0091ep-263,0x1.25f78fb3be0f9p-637,0x1.b00d34ed0091fp-263,1.13869334279240805e-79
6,119,0x1.48aad4c6548ep-265,0x1.25f78fb3be0f9p-637,0x1.48aad4c6548e1p-265,2.16554739430870449e-80
6,120,0x1.f33b5cb9cec28p-268,0x1.25f78fb3be0f9p-637,0x1.f33b5cb9cec29p-268,4.11171979440403522e-81
6,121,0x1.7a8b49e09f641p-270,0x1.25f78fb3be0f9p-637,0x1.7a8b49e09f642p-270,7.79431013787331636e-82
6,122,0x1.1e9233a476286p-272,0x1.25f78fb3be0f9p-637,0x1.1e9233a476287p-272,1.47514124330568885e-82
6,123,0x1.b131e93a19913p-275,0x1.25f78fb3be0f9p-637,0x1.b131e93a19914p-275,2.78737003732632603e-83
6,124,0x1.46e5fe4fe4513p-277,0x1.25f78fb3be0f9p-637,0x1.46e5fe4fe4514p-277,5.25852625112394899e-84
6,125,0x1.ec9689e47472fp-280,0x1.25f78fb3be0f9p-637,0x1.ec9689e47473p-280,9.90478637449364226e-85
6,126,0x1.728b42f002ac2p-282,0x1.25f78fb3be0f9p-637,0x1.728b42f002ac3p-282,1.86269192251502114e-85
6,127,0x1.164ce12dd3bb4p-284,0x1.25f78fb3be0f9p-637,0x1.164ce12dd3bb5p-284,3.49747772907360393e-86
6,128,0x1.a163063e6f54fp-287,0x1.25f78fb3be0f9p-637,0x1.a163063e6f55p-287,6.55677081992755875e-87
6,129,0x1.388175d34d3e1p-289,0x1.25f78fb3be0f9p-637,0x1.388175d34d3e2p-289,1.22729576798233495e-87
6,130,0x1.d33be326359bfp-292,0x1.25f78fb3be0f9p-637,0x1.d33be326359cp-292,2.29369505595739506e-88
6,131,0x1.5cbf56b173f1ap-294,0x1.25f78fb3be0f9p-637,0x1.5cbf56b173f1bp-294,4.28008415946616170e-89
6,132,0x1.03e89dc4beccdp-296,0x1.25f78fb3be0f9p-637,0x1.03e89dc4beccep-296,7.97447432127911189e-90
6,133,0x1.82cf16f9c6301p-299,0x1.25f78fb3be0f9p-637,0x1.82cf16f9c6302p-299,1.48350098510493713e-90
6,134,0x1.1f6572d72ba6bp-301,0x1.25f78fb3be0f9p-637,0x1.1f6572d72ba6cp-301,2.75557659699075821e-91
6,135,0x1.aa6b7ef35142cp-304,0x1.25f78fb3be0f9p-637,0x1.aa6b7ef35142dp-304,5.11068157551642126e-92
6,136,0x1.3bdeb265729b7p-306,0x1.25f78fb3be0f9p-637,0x1.3bdeb265729b8p-306,9.46432439670749955e-93
6,137,0x1.d341e80a133f3p-309,0x1.25f78fb3be0f9p-637,0x1.d341e80a133f4p-309,1.75003851252547230e-93
6,138,0x1.59155b60f5e34p-311,0x1.25f78fb3be0f9p-637,0x1.59155b60f5e35p-311,3.23113782785972259e-94
6,139,0x1.fcf30491b0f23p-314,0x1.25f78fb3be0f9p-637,0x1.fcf30491b0f24p-314,5.95683962390717079e-95
6,140,0x1.76c1ddf58dd01p-316,0x1.25f78fb3be0f9p-637,0x1.76c1ddf58dd02p-316,1.09655772359640698e-95
6,141,0x1.138a0a53ebf6cp-318,0x1.25f78fb3be0f9p-637,0x1.138a0a53ebf6dp-318,2.01560226794649467e-96
6,142,0x1.94951bf9db899p-321,0x1.25f78fb3be0f9p-637,0x1.94951bf9db89ap-321,3.69946118701241500e-97
6,143,0x1.289842b118d61p-323,0x1.25f78fb3be0f9p-637,0x1.289842b118d62p-323,6.78008159456220705e-98
6,144,0x1.b239b25ef6089p-326,0x1.25f78fb3be0f9p-637,0x1.b239b25ef608ap-326,1.24078532999929517e-98
6,145,0x1.3d65f987870fbp-328,0x1.25f78fb3be0f9p-637,0x1.3d65f987870fcp-328,2.26738937015066770e-99
6,146,0x1.cf5584f8cc75dp-331,0x1.25f78fb3be0f9p-637,0x1.cf5584f8cc75ep-331,4.13738272504385778e-100
6,147,0x1.51b2417eb0a73p-333,0x1.25f78fb3be0f9p-637,0x1.51b2417eb0a74p-333,7.53872317486159939e-101
6,148,0x1.eb8b82ff821ep-336,0x1.25f78fb3be0f9p-637,0x1.eb8b82ff821e1p-336,1.37165454160221251e-101
6,149,0x1.653ac29c4a75fp-338,0x1.25f78fb3be0f9p-637,0x1.653ac29c4a76p-338,2.49211945125349705e-102
6,150,0x1.033ecbfc986a6p-340,0x1.25f78fb3be0f9p-637,0x1.033ecbfc986a7p-340,4.52139448932040687e-103
6,151,0x1.77bd258ecfb2ap-343,0x1.25f78fb3be0f9p-637,0x1.77bd258ecfb2bp-343,8.19139047474881693e-104
6,152,0x1.0fe75d3c05e3fp-345,0x1.25f78fb3be0f9p-637,0x1.0fe75d3c05e4p-345,1.48192680660097072e-104
6,153,0x1.88f88e6d42b91p-348,0x1.25f78fb3be0f9p-637,0x1.88f88e6d42b92p-348,2.67720705525453479e-105
6,154,0x1.1b928431b142bp-350,0x1.25f78fb3be0f9p-637,0x1.1b928431b142cp-350,4.82975836507306537e-106
6,155,0x1.98af1af8c3016p-353,0x1.25f78fb3be0f9p-637,0x1.98af1af8c3017p-353,8.70080040923037952e-107
6,156,0x1.2615efba300b9p-355,0x1.25f78fb3be0f9p-637,0x1.2615efba300bap-355,1.56525631765901127e-107
6,157,0x1.a6a757ee51e78p-358,0x1.25f78fb3be0f9p-637,0x1.a6a757ee51e79p-358,2.81194127962671021e-108
6,158,0x1.2f4af01d87ff5p-360,0x1.25f78fb3be0f9p-637,0x1.2f4af01d87ff6p-360,5.04456347128213890e-109
6,159,0x1.b2ada0ff8f2dap-363,0x1.25f78fb3be0f9p-637,0x1.b2ada0ff8f2dbp-363,9.03731679812448824e-110
6,160,0x1.370f653690657p-365,0x1.25f78fb3be0f9p-637,0x1.370f653690658p-365,1.61679879886152726e-110
6,161,0x1.bc955f9a6bf4dp-368,0x1.25f78fb3be0f9p-637,0x1.bc955f9a6bf4ep-368,2.88851722124882149e-111
6,162,0x1.3d469135e2e5p-370,0x1.25f78fb3be0f9p-637,0x1.3d469135e2e51p-370,5.15345378758418123e-112
6,163,0x1.c43a1dbc907b5p-373,0x1.25f78fb3be0f9p-637,0x1.c43a1dbc907b6p-373,9.18180691592454694e-113
6,164,0x1.41d9c8e64ed8dp-375,0x1.25f78fb3be0f9p-637,0x1.41d9c8e64ed8ep-375,1.63367682412419961e-113
6,165,0x1.c980639b4c05ap-378,0x1.25f78fb3be0f9p-637,0x1.c980639b4c05bp-378,2.90278061982540354e-114
6,166,0x1.44b8fb96653cp-380,0x1.25f78fb3be0f9p-637,0x1.44b8fb96653c1p-380,5.15079402463960067e-115
6,167,0x1.cc5658d9e0d7p-383,0x1.25f78fb3be0f9p-637,0x1.cc5658d9e0d71p-383,9.12741621750925576e-116
6,168,0x1.45db0e47b2317p-385,0x1.25f78fb3be0f9p-637,0x1.45db0e47b2318p-385,1.61523980481891248e-116
6,169,0x1.ccb42446295a9p-388,0x1.25f78fb3be0f9p-637,0x1.ccb42446295aap-388,2.85458774479054100e-117
6,170,0x1.453e076e575c2p-390,0x1.25f78fb3be0f9p-637,0x1.453e076e575c3p-390,5.03812281914923292e-118
6,171,0x1.ca9c07836ba29p-393,0x1.25f78fb3be0f9p-637,0x1.ca9c07836ba2ap-393,8.88003700835798159e-119
6,172,0x1.42e70a4e96b74p-395,0x1.25f78fb3be0f9p-637,0x1.42e70a4e96b75p-395,1.56308701842872437e-119
6,173,0x1.c61a368effd6ep-398,0x1.25f78fb3be0f9p-637,0x1.c61a368effd6fp-398,2.74773947403610409e-120
6,174,0x1.3ee222cc209b9p-400,0x1.25f78fb3be0f9p-637,0x1.3ee222cc209bap-400,4.82384788158457223e-121
6,175,0x1.bf446d83fd207p-403,0x1.25f78fb3be0f9p-637,0x1.bf446d83fd208p-403,8.45744001248608310e-122
6,176,0x1.3941e4338d113p-405,0x1.25f78fb3be0f9p-637,0x1.3941e4338d114p-405,1.48085696936078819e-122
6,177,0x1.b639495571044p-408,0x1.25f78fb3be0f9p-637,0x1.b639495571045p-408,2.58951087778798586e-123
6,178,0x1.321edf15a959p-410,0x1.25f78fb3be0f9p-637,0x1.321edf15a9591p-410,4.52224780126954565e-124
6,179,0x1.ab1f6a4780687p-413,0x1.25f78fb3be0f9p-637,0x1.ab1f6a4780688p-413,7.88722979772023836e-125
6,180,0x1.2996f3a503d06p-415,0x1.25f78fb3be0f9p-637,0x1.2996f3a503d07p-415,1.37381946176669221e-125
6,181,0x1.9e2468a92c0bep-418,0x1.25f78fb3be0f9p-637,0x1.9e2468a92c0bfp-418,2.38985392526576088e-126
6,182,0x1.1fcc871a8e3efp-420,0x1.25f78fb3be0f9p-637,0x1.1fcc871a8e3fp-420,4.15193972985118293e-127
6,183,0x1.8f7ba5a1762ebp-423,0x1.25f78fb3be0f9p-637,0x1.8f7ba5a1762ecp-423,7.20394132992339031e-128
6,184,0x1.14e5a36c6ec1ep-425,0x1.25f78fb3be0f9p-637,0x1.14e5a36c6ec1fp-425,1.24833218271022627e-128
6,185,0x1.7f5d02c06c51dp-428,0x1.25f78fb3be0f9p-637,0x1.7f5d02c06c51ep-428,2.16039145891692368e-129
6,186,0x1.090b0914a6856p-430,0x1.25f78fb3be0f9p-637,0x1.090b0914a6857p-430,3.73403525174622132e-130
6,187,0x1.6e038b6a761bcp-433,0x1.25f78fb3be0f9p-637,0x1.6e038b6a761bdp-433,6.44569018278624734e-131
6,188,0x1.f8ce7585f7cc2p-436,0x1.25f78fb3be0f9p-637,0x1.f8ce7585f7cc3p-436,1.11123739314280575e-131
6,189,0x1.5bac1b23c52ecp-438,0x1.25f78fb3be0f9p-637,0x1.5bac1b23c52edp-438,1.91333938326587228e-132
6,190,0x1.de4b154379cb9p-441,0x1.25f78fb3be0f9p-637,0x1.de4b154379cbap-441,3.29022984892530501e-133
6,191,0x1.48940b421dfebp-443,0x1.25f78fb3be0f9p-637,0x1.48940b421dfecp-443,5.65081162100301973e-134
6,192,0x1.c2e260acefd3fp-446,0x1.25f78fb3be0f9p-637,0x1.c2e260acefd4p-446,9.69275130653443575e-135
6,193,0x1.34f7f1a8c4103p-448,0x1.25f78fb3be0f9p-637,0x1.34f7f1a8c4104p-448,1.66048985086936969e-135
6,194,0x1.a6e8dc51cf6fbp-451,0x1.25f78fb3be0f9p-637,0x1.a6e8dc51cf6fcp-451,2.84105437683798157e-136
6,195,0x1.211278fd616fap-453,0x1.25f78fb3be0f9p-637,0x1.211278fd616fbp-453,4.85487737001761534e-137
6,196,0x1.8aaf958f6bf27p-456,0x1.25f78fb3be0f9p-637,0x1.8aaf958f6bf28p-456,8.28578379819305153e-138
6,197,0x1.0d1b5950954c2p-458,0x1.25f78fb3be0f9p-637,0x1.0d1b5950954c3p-458,1.41236433928934764e-138
6,198,0x1.6e82c81559f32p-461,0x1.25f78fb3be0f9p-637,0x1.6e82c81559f33p-461,2.40446736983473169e-139
6,199,0x1.f28ced2c898ebp-464,0x1.25f78fb3be0f9p-637,0x1.f28ced2c898ecp-464,4.08837945797770388e-140
6,200,0x1.52a8bbc6f8c52p-466,0x1.25f78fb3be0f9p-637,0x1.52a8bbc6f8c53p-466,6.94296258230362665e-141
6,201,0x1.cb86512c4eb7ep-469,0x1.25f78fb3be0f9p-637,0x1.cb86512c4eb7fp-469,1.17760842988159856e-141
6,202,0x1.3760def077638p-471,0x1.25f78fb3be0f9p-637,0x1.3760def077639p-471,1.99489739013454761e-142
6,203,0x1.a5775c91d627p-474,0x1.25f78fb3be0f9p-637,0x1.a5775c91d6271p-474,3.37524186732197344e-143
6,204,0x1.1ce31e66c4a11p-476,0x1.25f78fb3be0f9p-637,0x1.1ce31e66c4a12p-476,5.70367812396136740e-144
6,205,0x1.80a999e908772p-479,0x1.25f78fb3be0f9p-637,0x1.80a999e908773p-479,9.62657872599864777e-145
6,206,0x1.035f7af0dc711p-481,0x1.25f78fb3be0f9p-637,0x1.035f7af0dc712p-481,1.62276949356617592e-145
6,207,0x1.5d5b33b62559fp-484,0x1.25f78fb3be0f9p-637,0x1.5d5b33b6255ap-484,2.73218850760854679e-146
6,208,0x1.d5fbb2b57ff71p-487,0x1.25f78fb3be0f9p-637,0x1.d5fbb2b57ff72p-487,4.59446001463055172e-147
6,209,0x1.3bbed8009e418p-489,0x1.25f78fb3be0f9p-637,0x1.3bbed8009e419p-489,7.71665887165769842e-148
6,210,0x1.a7bc11be2d7adp-492,0x1.25f78fb3be0f9p-637,0x1.a7bc11be2d7aep-492,1.29448237773012500e-148
6,211,0x1.1bfbe4e678a3fp-494,0x1.25f78fb3be0f9p-637,0x1.1bfbe4e678a4p-494,2.16888232652430236e-149
6,212,0x1.7c2ff46debf2ap-497,0x1.25f78fb3be0f9p-637,0x1.7c2ff46debf2bp-497,3.62952524793097536e-150
6,213,0x1.fc5daacb2d8d3p-500,0x1.25f78fb3be0f9p-637,0x1.fc5daacb2d8d4p-500,6.06650560641395857e-151
6,214,0x1.5378413aa979ap-502,0x1.25f78fb3be0f9p-637,0x1.5378413aa979bp-502,1.01275241140561561e-151
6,215,0x1.c4d3c8ba1a093p-505,0x1.25f78fb3be0f9p-637,0x1.c4d3c8ba1a094p-505,1.68867007927923505e-152
6,216,0x1.2da7eadc59734p-507,0x1.25f78fb3be0f9p-637,0x1.2da7eadc59735p-507,2.81231586304671915e-153
6,217,0x1.916bb63cdaf65p-510,0x1.25f78fb3be0f9p-637,0x1.916bb63cdaf66p-510,4.67801988464413715e-154
6,218,0x1.0ac52d79521aep-512,0x1.25f78fb3be0f9p-637,0x1.0ac52d79521afp-512,7.77212201536937563e-155
6,219,0x1.6226016bdf42ep-515,0x1.25f78fb3be0f9p-637,0x1.6226016bdf42fp-515,1.28972650295759094e-155
6,220,0x1.d595e50377b79p-518,0x1.25f78fb3be0f9p-637,0x1.d595e50377b7ap-518,2.13765188797298415e-156
6,221,0x1.36f43e9853a52p-520,0x1.25f78fb3be0f9p-637,0x1.36f43e9853a53p-520,3.53882061969601772e-157
6,222,0x1.9b549928c2456p-523,0x1.25f78fb3be0f9p-637,0x1.9b549928c2457p-523,5.85144565372100428e-158
6,223,0x1.0fbb2b39b66ddp-525,0x1.25f78fb3be0f9p-637,0x1.0fbb2b39b66dep-525,9.66388388761594947e-159
6,224,0x1.6697fbaf162d3p-528,0x1.25f78fb3be0f9p-637,0x1.6697fbaf162d4p-528,1.59413449787357516e-159
6,225,0x1.d8a9ad87b7403p-531,0x1.25f78fb3be0f9p-637,0x1.d8a9ad87b7404p-531,2.62653845847803020e-160
6,226,0x1.3723f93aa3082p-533,0x1.25f78fb3be0f9p-637,0x1.3723f93aa3083p-533,4.32243948057101104e-161
6,227,0x1.992582b4ad6d5p-536,0x1.25f78fb3be0f9p-637,0x1.992582b4ad6d6p-536,7.10495327918884357e-162
6,228,0x1.0cb1d7b15782dp-538,0x1.25f78fb3be0f9p-637,0x1.0cb1d7b15782ep-538,1.16649119085852101e-162
6,229,0x1.607fc5ac539efp-541,0x1.25f78fb3be0f9p-637,0x1.607fc5ac539fp-541,1.91289179918134612e-163
6,230,0x1.cde5faf4b98acp-544,0x1.25f78fb3be0f9p-637,0x1.cde5faf4b98adp-544,3.13320502395556272e-164
6,231,0x1.2e451e6ed6d4fp-546,0x1.25f78fb3be0f9p-637,0x1.2e451e6ed6d5p-546,5.12598630883499656e-165
6,232,0x1.8b27031892d49p-549,0x1.25f78fb3be0f9p-637,0x1.8b27031892d4ap-549,8.37639269309366934e-166
6,233,0x1.01fc608b394edp-551,0x1.25f78fb3be0f9p-637,0x1.01fc608b394eep-551,1.36718821811978181e-166
6,234,0x1.5078f4f45a901p-554,0x1.25f78fb3be0f9p-637,0x1.5078f4f45a902p-554,2.22890724544681393e-167
6,235,0x1.b6533aca124dap-557,0x1.25f78fb3be0f9p-637,0x1.b6533aca124dbp-557,3.62951675904083487e-168
6,236,0x1.1d2c0c66885a7p-559,0x1.25f78fb3be0f9p-637,0x1.1d2c0c66885a8p-559,5.90336230440821657e-169
6,237,0x1.72a19dd67e7fcp-562,0x1.25f78fb3be0f9p-637,0x1.72a19dd67e7fdp-562,9.59057357982016225e-170
6,238,0x1.e1241d757e532p-565,0x1.25f78fb3be0f9p-637,0x1.e1241d757e533p-565,1.55626990177464076e-170
6,239,0x1.37f030e173d77p-567,0x1.25f78fb3be0f9p-637,0x1.37f030e173d78p-567,2.52244159231523113e-171
6,240,0x1.94026009c7397p-570,0x1.25f78fb3be0f9p-637,0x1.94026009c7398p-570,4.08370013876469008e-172
6,241,0x1.05533e06bedf8p-572,0x1.25f78fb3be0f9p-637,0x1.05533e06bedf9p-572,6.60364545867929307e-173
6,242,0x1.51accea4f61cep-575,0x1.25f78fb3be0f9p-637,0x1.51accea4f61cfp-575,1.06662429756098915e-173
6,243,0x1.b3d3f69bb7e13p-578,0x1.25f78fb3be0f9p-637,0x1.b3d3f69bb7e14p-578,1.72082874097861333e-174
6,244,0x1.18ee736959634p-580,0x1.25f78fb3be0f9p-637,0x1.18ee736959635p-580,2.77308325301770726e-175
6,245,0x1.69c170e0d4f92p-583,0x1.25f78fb3be0f9p-637,0x1.69c170e0d4f93p-583,4.46362662789753558e-176
6,246,0x1.d14c1c2d73c08p-586,0x1.25f78fb3be0f9p-637,0x1.d14c1c2d73c0bp-586,7.17650699769920088e-177
6,247,0x1.2ae4c5e517ebfp-588,0x1.25f78fb3be0f9p-637,0x1.2ae4c5e517ec9p-588,1.15249557081992543e-177
6,248,0x1.7f8f95fb8ed88p-591,0x1.25f78fb3be0f9p-637,0x1.7f8f95fb8edd2p-591,1.84870197947966606e-178
6,249,0x1.eba5cf4eb9391p-594,0x1.25f78fb3be0f9p-637,0x1.eba5cf4eb95dep-594,2.96207886408919272e-179
6,250,0x1.3abc67326f4ebp-596,0x1.25f78fb3be0f9p-637,0x1.3abc67326fe1cp-596,4.74055260844627015e-180
6,251,0x1.92816d4231279p-599,0x1.25f78fb3be0f9p-637,0x1.92816d4235bf8p-599,7.57817325907780857e-181
6,252,0x1.0114ec2e3e18fp-601,0x1.25f78fb3be0f9p-637,0x1.0114ec2e50788p-601,1.21005149467558873e-181
6,253,0x1.4805fdced2deep-604,0x1.25f78fb3be0f9p-637,0x1.4805fdcf65dabp-604,1.92995634210043669e-182
6,254,0x1.a21083adbd5a7p-607,0x1.25f78fb3be0f9p-637,0x1.a21083b25538cp-607,3.07465199710954629e-183
6,255,0x1.0a1b86c6a931dp-609,0x1.25f78fb3be0f9p-637,0x1.0a1b86d908aaep-609,4.89271403532331464e-184
6,256,0x1.5261b968854ccp-612,0x1.25f78fb3be0f9p-637,0x1.5261b9fb8114bp-612,7.77695548186520155e-185
6,257,0x1.adcbf592413d3p-615,0x1.25f78fb3be0f9p-637,0x1.adcbfa2a1f7c1p-615,1.23474098734561864e-185
6,258,0x1.10a4e7fb28402p-617,0x1.25f78fb3be0f9p-637,0x1.10a4fa5aa13b7p-617,1.95816536055377502e-186
6,259,0x1.5983ced8bdd19p-620,0x1.25f78fb3be0f9p-637,0x1.598461d485ab8p-620,3.10193213018270247e-187
6,260,0x1.b55dbf3d52f6p-623,0x1.25f78fb3be0f9p-637,0x1.b562571b91c51p-623,4.90835277206441248e-188
6,261,0x1.148122993ee6bp-625,0x1.25f78fb3be0f9p-637,0x1.149382123a22ap-625,7.75938954878101640e-189
6,262,0x1.5d3810b04940bp-628,0x1.25f78fb3be0f9p-637,0x1.5dcb0c78231fcp-628,1.22668786584143849e-189
6,263,0x1.b88ed3237c26ep-631,0x1.25f78fb3be0f9p-637,0x1.bd26b1624b1f3p-631,1.95137287900268213e-190
6,264,0x1.1594724672474p-633,0x1.25f78fb3be0f9p-637,0x1.27f3eb41ae285p-633,3.24336066246186415e-191
6,265,0x1.5d6467743bbb2p-636,0x1.25f78fb3be0f9p-637,0x1.f0602f4e1ac2fp-636,6.79975592314085553e-192
6,266,0x1.b749b05b29379p-639,0x1.25f78fb3be0f9p-637,0x1.93c9fbca885d8p-637,2.76571406703854152e-192
6,267,0x1.13d88550a1b48p-641,0x1.25f78fb3be0f9p-637,0x1.37351808c82afp-637,2.13158526369607054e-192
6,268,0x1.5a09ffdcb9909p-644,0x1.25f78fb3be0f9p-637,0x1.28aba3b37782cp-637,2.03201594479251790e-192
6,269,0x1.b19b4dc36d515p-647,0x1.25f78fb3be0f9p-637,0x1.2663f6872eeafp-637,2.01639939797649106e-192
6,270,0x1.0f5cb32af3304p-649,0x1.25f78fb3be0f9p-637,0x1.2608857ef0bedp-637,2.01395283541811215e-192
6,271,0x1.53451270fd5dcp-652,0x1.25f78fb3be0f9p-637,0x1.25fa363de2f1ap-637,2.01356997549088260e-192
6,272,0x1.a7b205bfa818ep-655,0x1.25f78fb3be0f9p-637,0x1.25f7f9a03f7f9p-637,2.01351012934670508e-192
6,273,0x1.084422b335e35p-657,0x1.25f78fb3be0f9p-637,0x1.25f7a038003adp-637,2.01350078507549413e-192
6,274,0x1.49446bc5cb507p-660,0x1.25f78fb3be0f9p-637,0x1.25f7924646e73p-637,2.01349932771319097e-192
6,275,0x1.99ab5f754d1d3p-663,0x1.25f78fb3be0f9p-637,0x1.25f7901a28e78p-637,2.01349910067484470e-192
6,276,0x1.fc4829383b58bp-666,0x1.25f78fb3be0f9p-637,0x1.25f78fc3a050fp-637,2.01349906534697836e-192
6,277,0x1.384188b10b02fp-668,0x1.25f78fb3be0f9p-637,0x1.25f78fb62e92bp-637,2.01349905985825434e-192
6,278,0x1.6f336bffa8a72p-671,0x1.25f78fb3be0f9p-637,0x1.25f78fb419dc8p-637,2.01349905900871177e-192
6,279,0x1.5b7fdc7b5e942p-674,0x1.25f78fb3be0f9p-637,0x1.25f78fb3c8ebap-637,2.01349905887963115e-192
6,280,0x0p+0,0x1.25f78fb3be0f9p-637,0x1.25f78fb3be0f9p-637,2.01349905886231276e-192
7,0,0x1.043010e6d7c99p-3,0x1.16421bb5d42fdp-616,0x1.043010e6d7c9ap-3,1.27044803662077765e-01
7,1,0x1.4a5cabd7158dap-5,0x1.16421bb5d42fdp-616,0x1.4a5cabd7158dbp-5,4.03273922208186794e-02
7,2,0x1.8ec5cf8ae79dbp-7,0x1.16421bb5d42fdp-616,0x1.8ec5cf8ae79dcp-7,1.21695769683442465e-02
7,3,0x1.d3524a1fb9a6dp-9,0x1.16421bb5d42fdp-616,0x1.d3524a1fb9a6ep-9,3.56537966569030803e-03
7,4,0x1.0d391a4c0e806p-10,0x1.16421bb5d42fdp-616,0x1.0d391a4c0e807p-10,1.02700446133363751e-03
7,5,0x1.32da98d37e34dp-12,0x1.16421bb5d42fdp-616,0x1.32da98d37e34ep-12,2.92638678018476771e-04
7,6,0x1.5aca0e4bd0e47p-14,0x1.16421bb5d42fdp-616,0x1.5aca0e4bd0e48p-14,8.26810075383262221e-05
7,7,0x1.84ec723593f2ap-16,0x1.16421bb5d42fdp-616,0x1.84ec723593f2bp-16,2.31816540774968937e-05
7,8,0x1.b107287a29ab7p-18,0x1.16421bb5d42fdp-616,0x1.b107287a29ab8p-18,6.45261945401178594e-06
7,9,0x1.dedda86b42a3dp-20,0x1.16421bb5d42fdp-616,0x1.dedda86b42a3ep-20,1.78391430944120644e-06
7,10,0x1.071c1f4c2440cp-21,0x1.16421bb5d42fdp-616,0x1.071c1f4c2440dp-21,4.90080290587348473e-07
7,11,0x1.1f7056d611c37p-23,0x1.16421bb5d42fdp-616,0x1.1f7056d611c38p-23,1.33849133278890180e-07
7,12,0x1.384ece64fb2ffp-25,0x1.16421bb5d42fdp-616,0x1.384ece64fb3p-25,3.63574173335795640e-08
7,13,0x1.519801eb06c3cp-27,0x1.16421bb5d42fdp-616,0x1.519801eb06c3dp-27,9.82527211504801115e-09
7,14,0x1.6b294a95a9863p-29,0x1.16421bb5d42fdp-616,0x1.6b294a95a9864p-29,2.64234618459124740e-09
7,15,0x1.84dd277ef5b4fp-31,0x1.16421bb5d42fdp-616,0x1.84dd277ef5b5p-31,7.07339284254279492e-10
7,16,0x1.9e8bc6c468b16p-33,0x1.16421bb5d42fdp-616,0x1.9e8bc6c468b17p-33,1.88513696092341214e-10
7,17,0x1.b80ba53deb07bp-35,0x1.16421bb5d42fdp-616,0x1.b80ba53deb07cp-35,5.00273802277662177e-11
7,18,0x1.d132340326a2dp-37,0x1.16421bb5d42fdp-616,0x1.d132340326a2ep-37,1.32216685570040477e-11
7,19,0x1.e9d47cca42b23p-39,0x1.16421bb5d42fdp-616,0x1.e9d47cca42b24p-39,3.48045168966500949e-12
7,20,0x1.00e3e09fed464p-40,0x1.16421bb5d42fdp-616,0x1.00e3e09fed465p-40,9.12657136535462608e-13
7,21,0x1.0c7109554e095p-42,0x1.16421bb5d42fdp-616,0x1.0c7109554e096p-42,2.38423990473948853e-13
7,22,0x1.177d700023535p-44,0x1.16421bb5d42fdp-616,0x1.177d700023536p-44,6.20592444639189504e-14
7,23,0x1.21f5bc9632de1p-46,0x1.16421bb5d42fdp-616,0x1.21f5bc9632de2p-46,1.60960083514452024e-14
7,24,0x1.2bc7c35137cb9p-48,0x1.16421bb5d42fdp-616,0x1.2bc7c35137cbap-48,4.16028772619084630e-15
7,25,0x1.34e2ba3ed941cp-50,0x1.16421bb5d42fdp-616,0x1.34e2ba3ed941dp-50,1.07166239209379492e-15
7,26,0x1.3d376842bd2efp-52,0x1.16421bb5d42fdp-616,0x1.3d376842bd2fp-52,2.75141398069584508e-16
7,27,0x1.44b84d3fa7e3ep-54,0x1.16421bb5d42fdp-616,0x1.44b84d3fa7e3fp-54,7.04124104337163585e-17
7,28,0x1.4b59c32a60f3dp-56,0x1.16421bb5d42fdp-616,0x1.4b59c32a60f3ep-56,1.79625538748639880e-17
7,29,0x1.511217db6d2bap-58,0x1.16421bb5d42fdp-616,0x1.511217db6d2bbp-58,4.56815949720064370e-18
7,30,0x1.55d99f8a96e5dp-60,0x1.16421bb5d42fdp-616,0x1.55d99f8a96e5ep-60,1.15823315923690257e-18
7,31,0x1.59aabff77c0cfp-62,0x1.16421bb5d42fdp-616,0x1.59aabff77c0dp-62,2.92791330731188156e-19
7,32,0x1.5c81f45bd13ffp-64,0x1.16421bb5d42fdp-616,0x1.5c81f45bd14p-64,7.37993622755631092e-20
7,33,0x1.5e5dca5dc73cfp-66,0x1.16421bb5d42fdp-616,0x1.5e5dca5dc73dp-66,1.85482411406422591e-20
7,34,0x1.5f3ed8522574ep-68,0x1.16421bb5d42fdp-616,0x1.5f3ed8522574fp-68,4.64869533062607837e-21
7,35,0x1.5f27ad356ea39p-70,0x1.16421bb5d42fdp-616,0x1.5f27ad356ea3ap-70,1.16187438801580827e-21
7,36,0x1.5e1cbad90b48fp-72,0x1.16421bb5d42fdp-616,0x1.5e1cbad90b49p-72,2.89606045624211080e-22
7,37,0x1.5c243ad4654cep-74,0x1.16421bb5d42fdp-616,0x1.5c243ad4654cfp-74,7.19939794942326784e-23
7,38,0x1.59460ed99b3bfp-76,0x1.16421bb5d42fdp-616,0x1.59460ed99b3cp-76,1.78502300602003354e-23
7,39,0x1.558b9d199eaf2p-78,0x1.16421bb5d42fdp-616,0x1.558b9d199eaf3p-78,4.41437039039929934e-24
7,40,0x1.50ffa96bfadecp-80,0x1.16421bb5d42fdp-616,0x1.50ffa96bfadedp-80,1.08890145960864624e-24
7,41,0x1.4bae2bf313bf3p-82,0x1.16421bb5d42fdp-616,0x1.4bae2bf313bf4p-82,2.67929259568923568e-25
7,42,0x1.45a425f679d58p-84,0x1.16421bb5d42fdp-616,0x1.45a425f679d59p-84,6.57627174847430433e-26
7,43,0x1.3eef75aa1f47fp-86,0x1.16421bb5d42fdp-616,0x1.3eef75aa1f48p-86,1.61021222276092358e-26
7,44,0x1.379ea9931497dp-88,0x1.16421bb5d42fdp-616,0x1.379ea9931497ep-88,3.93319452468589906e-27
7,45,0x1.2fc0d4314fff3p-90,0x1.16421bb5d42fdp-616,0x1.2fc0d4314fff4p-90,9.58476216546882872e-28
7,46,0x1.2765608a49c62p-92,0x1.16421bb5d42fdp-616,0x1.2765608a49c63p-92,2.33026359379457084e-28
7,47,0x1.1e9be8225bcbfp-94,0x1.16421bb5d42fdp-616,0x1.1e9be8225bccp-94,5.65236609333423781e-29
7,48,0x1.15740ae349efcp-96,0x1.16421bb5d42fdp-616,0x1.15740ae349efdp-96,1.36795034000993006e-29
7,49,0x1.0bfd495d9bab3p-98,0x1.16421bb5d42fdp-616,0x1.0bfd495d9bab4p-98,3.30322439441353260e-30
7,50,0x1.0246e1c0f1a05p-100,0x1.16421bb5d42fdp-616,0x1.0246e1c0f1a06p-100,7.95877090281066788e-31
7,51,0x1.f0bf5fab65ba2p-103,0x1.16421bb5d42fdp-616,0x1.f0bf5fab65ba3p-103,1.91340197637010150e-31
7,52,0x1.dcac206165f3bp-105,0x1.16421bb5d42fdp-616,0x1.dcac206165f3cp-105,4.59018794642980466e-32
7,53,0x1.c86f8d904f866p-107,0x1.16421bb5d42fdp-616,0x1.c86f8d904f867p-107,1.09882910751379996e-32
7,54,0x1.b423d201758a8p-109,0x1.16421bb5d42fdp-616,0x1.b423d201758a9p-109,2.62492168125082042e-33
7,55,0x1.9fe19673f8661p-111,0x1.16421bb5d42fdp-616,0x1.9fe19673f8662p-111,6.25748484533157078e-34
7,56,0x1.8bbfe3a66054dp-113,0x1.16421bb5d42fdp-616,0x1.8bbfe3a66054ep-113,1.48864441866583253e-34
7,57,0x1.77d40b290ea6dp-115,0x1.16421bb5d42fdp-616,0x1.77d40b290ea6ep-115,3.53427230397702587e-35
7,58,0x1.643196badc81ap-117,0x1.16421bb5d42fdp-616,0x1.643196badc81bp-117,8.37407378887598692e-36
7,59,0x1.50ea3ddd9c83p-119,0x1.16421bb5d42fdp-616,0x1.50ea3ddd9c831p-119,1.98020843421181004e-36
7,60,0x1.3e0de13fcc8c7p-121,0x1.16421bb5d42fdp-616,0x1.3e0de13fcc8c8p-121,4.67338671054550919e-37
7,61,0x1.2baa8b8b9300ap-123,0x1.16421bb5d42fdp-616,0x1.2baa8b8b9300bp-123,1.10079973619591335e-37
7,62,0x1.19cc772112872p-125,0x1.16421bb5d42fdp-616,0x1.19cc772112873p-125,2.58791227669459840e-38
7,63,0x1.087e183b0eb47p-127,0x1.16421bb5d42fdp-616,0x1.087e183b0eb48p-127,6.07245130585200403e-39
7,64,0x1.ef9055f138286p-130,0x1.16421bb5d42fdp-616,0x1.ef9055f138287p-130,1.42219839048612175e-39
7,65,0x1.cf638989df5e9p-132,0x1.16421bb5d42fdp-616,0x1.cf638989df5eap-132,3.32465171578196395e-40
7,66,0x1.b080d12e2bc84p-134,0x1.16421bb5d42fdp-616,0x1.b080d12e2bc85p-134,7.75764554930512161e-41
7,67,0x1.92f03b0c45c33p-136,0x1.16421bb5d42fdp-616,0x1.92f03b0c45c34p-136,1.80683828012439056e-41
7,68,0x1.76b70e6612f0dp-138,0x1.16421bb5d42fdp-616,0x1.76b70e6612f0ep-138,4.20070114385482868e-42
7,69,0x1.5bd7ff1ecfafep-140,0x1.16421bb5d42fdp-616,0x1.5bd7ff1ecfaffp-140,9.74865787782691904e-43
7,70,0x1.4253631ffbf59p-142,0x1.16421bb5d42fdp-616,0x1.4253631ffbf5ap-142,2.25837276125084114e-43
7,71,0x1.2a2768c3c4cefp-144,0x1.16421bb5d42fdp-616,0x1.2a2768c3c4cfp-144,5.22253326904163150e-44
7,72,0x1.13504d854b271p-146,0x1.16421bb5d42fdp-616,0x1.13504d854b272p-146,1.20561450317401781e-44
7,73,0x1.fb912894b54efp-149,0x1.16421bb5d42fdp-616,0x1.fb912894b54fp-149,2.77833161455621069e-45
7,74,0x1.d312755bbea32p-151,0x1.16421bb5d42fdp-616,0x1.d312755bbea33p-151,6.39167403328714914e-46
7,75,0x1.ad13d98c901fp-153,0x1.16421bb5d42fdp-616,0x1.ad13d98c901f1p-153,1.46793382684484799e-46
7,76,0x1.89826ded59f88p-155,0x1.16421bb5d42fdp-616,0x1.89826ded59f89p-155,3.36562648822884082e-47
7,77,0x1.68496ad966c49p-157,0x1.16421bb5d42fdp-616,0x1.68496ad966c4ap-157,7.70369447074647924e-48
7,78,0x1.495281ff0a2b9p-159,0x1.16421bb5d42fdp-616,0x1.495281ff0a2bap-159,1.76040202244686779e-48
7,79,0x1.2c86326b1ba25p-161,0x1.16421bb5d42fdp-616,0x1.2c86326b1ba26p-161,4.01615247263262065e-49
7,80,0x1.11cc168dca585p-163,0x1.16421bb5d42fdp-616,0x1.11cc168dca586p-163,9.14744431314255204e-50
7,81,0x1.f2165804d6b8p-166,0x1.16421bb5d42fdp-616,0x1.f2165804d6b81p-166,2.08010954067422047e-50
7,82,0x1.c45429fdedce5p-168,0x1.16421bb5d42fdp-616,0x1.c45429fdedce6p-168,4.72253266579942907e-51
7,83,0x1.9a1ea6d04613bp-170,0x1.16421bb5d42fdp-616,0x1.9a1ea6d04613cp-170,1.07046245013239313e-51
7,84,0x1.7342fb38bde6ap-172,0x1.16421bb5d42fdp-616,0x1.7342fb38bde6bp-172,2.42259527638403287e-52
7,85,0x1.4f8eda34ce599p-174,0x1.16421bb5d42fdp-616,0x1.4f8eda34ce59ap-174,5.47404557004298323e-53
7,86,0x1.2ed0ce6fa32b3p-176,0x1.16421bb5d42fdp-616,0x1.2ed0ce6fa32b4p-176,1.23497769605889288e-53
7,87,0x1.10d88051c5746p-178,0x1.16421bb5d42fdp-616,0x1.10d88051c5747p-178,2.78187705856213695e-54
7,88,0x1.eaede295872f7p-181,0x1.16421bb5d42fdp-616,0x1.eaede295872f8p-181,6.25676319223974992e-55
7,89,0x1.b8fd59f87d02ap-183,0x1.16421bb5d42fdp-616,0x1.b8fd59f87d02bp-183,1.40507410165822009e-55
7,90,0x1.8b87e1f2aefep-185,0x1.16421bb5d42fdp-616,0x1.8b87e1f2aefe1p-185,3.15058452225516853e-56
7,91,0x1.623997aa11e2cp-187,0x1.16421bb5d42fdp-616,0x1.623997aa11e2dp-187,7.05391168959366801e-57
7,92,0x1.3cc2687bd1555p-189,0x1.16421bb5d42fdp-616,0x1.3cc2687bd1556p-189,1.57695890230909703e-57
7,93,0x1.1ad631cd30bcdp-191,0x1.16421bb5d42fdp-616,0x1.1ad631cd30bcep-191,3.52019417825643426e-58
7,94,0x1.f859a7e0a5aa2p-194,0x1.16421bb5d42fdp-616,0x1.f859a7e0a5aa3p-194,7.84644777780398921e-59
7,95,0x1.c104731d77494p-196,0x1.16421bb5d42fdp-616,0x1.c104731d77495p-196,1.74640126575363108e-59
7,96,0x1.8f2ca9fd6ea77p-198,0x1.16421bb5d42fdp-616,0x1.8f2ca9fd6ea78p-198,3.88135752832845600e-60
7,97,0x1.625a29b1e44c3p-200,0x1.16421bb5d42fdp-616,0x1.625a29b1e44c4p-200,8.61382479038271322e-61
7,98,0x1.3a1ca2225435ep-202,0x1.16421bb5d42fdp-616,0x1.3a1ca2225435fp-202,1.90890901864988008e-61
7,99,0x1.160b63813636bp-204,0x1.16421bb5d42fdp-616,0x1.160b63813636cp-204,4.22430442131957172e-62
7,100,0x1.eb8a42ecb6c6ep-207,0x1.16421bb5d42fdp-616,0x1.eb8a42ecb6c6fp-207,9.33490432885695581e-63
7,101,0x1.b1df5bc826463p-209,0x1.16421bb5d42fdp-616,0x1.b1df5bc826464p-209,2.05993283098968620e-63
7,102,0x1.7e6f5a3daf9f6p-211,0x1.16421bb5d42fdp-616,0x1.7e6f5a3daf9f7p-211,4.53929646599804180e-64
7,103,0x1.50a08a83a7e9fp-213,0x1.16421bb5d42fdp-616,0x1.50a08a83a7eap-213,9.98895488084501594e-65
7,104,0x1.27e5943bc1eadp-215,0x1.16421bb5d42fdp-616,0x1.27e5943bc1eaep-215,2.19508440996391744e-65
7,105,0x1.03bcce2a78b4ep-217,0x1.16421bb5d42fdp-616,0x1.03bcce2a78b4fp-217,4.81710004935810025e-66
7,106,0x1.c75f2032397fbp-220,0x1.16421bb5d42fdp-616,0x1.c75f2032397fcp-220,1.05566692751407940e-66
7,107,0x1.8ea309c95775dp-222,0x1.16421bb5d42fdp-616,0x1.8ea309c95775ep-222,2.31035362964547053e-67
7,108,0x1.5c7ffce29f8bbp-224,0x1.16421bb5d42fdp-616,0x1.5c7ffce29f8bcp-224,5.04944596572575274e-68
7,109,0x1.304299ea74af3p-226,0x1.16421bb5d42fdp-616,0x1.304299ea74af4p-226,1.10211295004657637e-68
7,110,0x1.0948359b8d637p-228,0x1.16421bb5d42fdp-616,0x1.0948359b8d638p-228,2.40230927306192586e-69
7,111,0x1.cdfb375e12f6fp-231,0x1.16421bb5d42fdp-616,0x1.cdfb375e12f7p-231,5.22944314536467219e-70
7,112,0x1.91bbbc340c872p-233,0x1.16421bb5d42fdp-616,0x1.91bbbc340c873p-233,1.13686506464862487e-70
7,113,0x1.5ce2640344f45p-235,0x1.16421bb5d42fdp-616,0x1.5ce2640344f46p-235,2.46826922324439762e-71
7,114,0x1.2e97b6746395bp-237,0x1.16421bb5d42fdp-616,0x1.2e97b6746395cp-237,5.35191743917449641e-72
7,115,0x1.061a4db8987dp-239,0x1.16421bb5d42fdp-616,0x1.061a4db8987d1p-239,1.15894451926569975e-72
7,116,0x1.c579d4e7ae503p-242,0x1.16421bb5d42fdp-616,0x1.c579d4e7ae504p-242,2.50642838437442274e-73
7,117,0x1.87c94d194b20ap-244,0x1.16421bb5d42fdp-616,0x1.87c94d194b20bp-244,5.41365249063118744e-74
7,118,0x1.520e8d519e4fcp-246,0x1.16421bb5d42fdp-616,0x1.520e8d519e4fdp-246,1.16780635389087926e-74
7,119,0x1.2353539f25dd8p-248,0x1.16421bb5d42fdp-616,0x1.2353539f25dd9p-248,2.51593607675887575e-75
7,120,0x1.f57959a509c97p-251,0x1.16421bb5d42fdp-616,0x1.f57959a509c98p-251,5.41351774786940907e-76
7,121,0x1.af108e818891bp-253,0x1.16421bb5d42fdp-616,0x1.af108e818891cp-253,1.16335849589370312e-76
7,122,0x1.7213f7ff80eep-255,0x1.16421bb5d42fdp-616,0x1.7213f7ff80ee1p-255,2.49691875904531948e-77
7,123,0x1.3d53182e6f861p-257,0x1.16421bb5d42fdp-616,0x1.3d53182e6f862p-257,5.35247778574425239e-78
7,124,0x1.0fc11dec04ae2p-259,0x1.16421bb5d42fdp-616,0x1.0fc11dec04ae3p-259,1.14595531392522384e-78
7,125,0x1.d0e23d7e2da7cp-262,0x1.16421bb5d42fdp-616,0x1.d0e23d7e2da7dp-262,2.45044826079914945e-79
7,126,0x1.8d254fddff611p-264,0x1.16421bb5d42fdp-616,0x1.8d254fddff612p-264,5.23348638504634483e-80
7,127,0x1.52dd423b3a1f8p-266,0x1.16421bb5d42fdp-616,0x1.52dd423b3a1f9p-266,1.11636701271367650e-80
7,128,0x1.20c8f56ecb5b1p-268,0x1.16421bb5d42fdp-616,0x1.20c8f56ecb5b2p-268,2.37845982843790359e-81
7,129,0x1.eb9e8aa72c1d5p-271,0x1.16421bb5d42fdp-616,0x1.eb9e8aa72c1d6p-271,5.06127735039691669e-82
7,130,0x1.a1f4e7e5d2394p-273,0x1.16421bb5d42fdp-616,0x1.a1f4e7e5d2395p-273,1.07572799757921649e-82
7,131,0x1.62e818144e78bp-275,0x1.16421bb5d42fdp-616,0x1.62e818144e78cp-275,2.28362781507430521e-83
7,132,0x1.2d0261f10197ep-277,0x1.16421bb5d42fdp-616,0x1.2d0261f10197fp-277,4.84207107056791474e-84
7,133,0x1.fdfd4a8f6d809p-280,0x1.16421bb5d42fdp-616,0x1.fdfd4a8f6d80ap-280,1.02546871252387446e-84
7,134,0x1.af84f1ae004cdp-282,0x1.16421bb5d42fdp-616,0x1.af84f1ae004cep-282,2.16920948563861664e-85
7,135,0x1.6cb1db2b5f627p-284,0x1.16421bb5d42fdp-616,0x1.6cb1db2b5f628p-284,4.58322077838614810e-86
7,136,0x1.33dbcf6f114adp-286,0x1.16421bb5d42fdp-616,0x1.33dbcf6f114aep-286,9.67236357188976003e-87
7,137,0x1.0393fdd36af5p-288,0x1.16421bb5d42fdp-616,0x1.0393fdd36af51p-288,2.03886898290100663e-87
7,138,0x1.b53b615146091p-291,0x1.16421bb5d42fdp-616,0x1.b53b615146092p-291,4.29282505342485145e-88
7,139,0x1.6fcfb7ee60d4ep-293,0x1.16421bb5d42fdp-616,0x1.6fcfb7ee60d4fp-293,9.02810270878725528e-89
7,140,0x1.350ee07b4fa33p-295,0x1.16421bb5d42fdp-616,0x1.350ee07b4fa34p-295,1.89649395254418506e-89
7,141,0x1.0364b8ad0b2bcp-297,0x1.16421bb5d42fdp-616,0x1.0364b8ad0b2bdp-297,3.97933329886117305e-90
7,142,0x1.b2ecae25278fbp-300,0x1.16421bb5d42fdp-616,0x1.b2ecae25278fcp-300,8.34017648100039462e-91
7,143,0x1.6c34ba198338bp-302,0x1.16421bb5d42fdp-616,0x1.6c34ba198338cp-302,1.74601671983637369e-91
7,144,0x1.30a47eb643f6ep-304,0x1.16421bb5d42fdp-616,0x1.30a47eb643f6fp-304,3.65116892832763062e-92
7,145,0x1.fd11a415c5d81p-307,0x1.16421bb5d42fdp-616,0x1.fd11a415c5d82p-307,7.62654681217670026e-93
7,146,0x1.a8dc7ce4aa82ep-309,0x1.16421bb5d42fdp-616,0x1.a8dc7ce4aa82fp-309,1.59125040957461893e-93
7,147,0x1.62303d2d3800cp-311,0x1.16421bb5d42fdp-616,0x1.62303d2d3800dp-311,3.31639122827050471e-94
7,148,0x1.26f1c9c636a6cp-313,0x1.16421bb5d42fdp-616,0x1.26f1c9c636a6dp-313,6.90417310875398982e-95
7,149,0x1.eaada7ab7cb6bp-316,0x1.16421bb5d42fdp-616,0x1.eaada7ab7cb6cp-316,1.43574823792661065e-95
7,150,0x1.97b4851152b06p-318,0x1.16421bb5d42fdp-616,0x1.97b4851152b07p-318,2.98241185306763471e-96
7,151,0x1.52645fecd85f4p-320,0x1.16421bb5d42fdp-616,0x1.52645fecd85f5p-320,6.18844625113759075e-97
7,152,0x1.188e8c0434677p-322,0x1.16421bb5d42fdp-616,0x1.188e8c0434678p-322,1.28269164939433971e-97
7,153,0x1.d0b537d432a5p-325,0x1.16421bb5d42fdp-616,0x1.d0b537d432a51p-325,2.65577625524319193e-98
7,154,0x1.80732b8d5571p-327,0x1.16421bb5d42fdp-616,0x1.80732b8d55711p-327,5.49276711492771528e-99
7,155,0x1.3db5eec59bb1bp-329,0x1.16421bb5d42fdp-616,0x1.3db5eec59bb1cp-329,1.13481029739572190e-99
7,156,0x1.06469761c6f91p-331,0x1.16421bb5d42fdp-616,0x1.06469761c6f92p-331,2.34201462752495233e-100
7,157,0x1.b0906eb62c63dp-334,0x1.16421bb5d42fdp-616,0x1.b0906eb62c63ep-334,4.82827553045817240e-101
7,158,0x1.64542cec0f1a4p-336,0x1.16421bb5d42fdp-616,0x1.64542cec0f1a5p-336,9.94334320075400737e-102
7,159,0x1.2537e27762e85p-338,0x1.16421bb5d42fdp-616,0x1.2537e27762e86p-338,2.04556163972730426e-102
7,160,0x1.e20fd4a328e86p-341,0x1.16421bb5d42fdp-616,0x1.e20fd4a328e87p-341,4.20372469359667411e-103
7,161,0x1.8bd8edae7e24bp-343,0x1.16421bb5d42fdp-616,0x1.8bd8edae7e24cp-343,8.62977143246943429e-104
7,162,0x1.44b62f44e2b0ap-345,0x1.16421bb5d42fdp-616,0x1.44b62f44e2b0bp-345,1.76973977935456857e-104
7,163,0x1.0a14e31e7c707p-347,0x1.16421bb5d42fdp-616,0x1.0a14e31e7c708p-347,3.62548712569429271e-105
7,164,0x1.b39f5ddaa5b35p-350,0x1.16421bb5d42fdp-616,0x1.b39f5ddaa5b36p-350,7.41945288188502756e-106
7,165,0x1.6439f54c2bea2p-352,0x1.16421bb5d42fdp-616,0x1.6439f54c2bea3p-352,1.51679770171662648e-106
7,166,0x1.230024f3bc478p-354,0x1.16421bb5d42fdp-616,0x1.230024f3bc479p-354,3.09767178567053253e-107
7,167,0x1.daf2714eb107bp-357,0x1.16421bb5d42fdp-616,0x1.daf2714eb107cp-357,6.31970446423349800e-108
7,168,0x1.83301da5463fap-359,0x1.16421bb5d42fdp-616,0x1.83301da5463fbp-359,1.28799277473973412e-108
7,169,0x1.3b52a4e04fae9p-361,0x1.16421bb5d42fdp-616,0x1.3b52a4e04faeap-361,2.62232800700727066e-109
7,170,0x1.0089195a5ce1ep-363,0x1.16421bb5d42fdp-616,0x1.0089195a5ce1fp-363,5.33358418007348932e-110
7,171,0x1.a0fe78ac93996p-366,0x1.16421bb5d42fdp-616,0x1.a0fe78ac93997p-366,1.08370594990747083e-110
7,172,0x1.5291013fc2e31p-368,0x1.16421bb5d42fdp-616,0x1.5291013fc2e32p-368,2.19971045248708670e-111
7,173,0x1.129cf523c68c4p-370,0x1.16421bb5d42fdp-616,0x1.129cf523c68c5p-370,4.46049353595953236e-112
7,174,0x1.bd08ccba21f45p-373,0x1.16421bb5d42fdp-616,0x1.bd08ccba21f46p-373,9.03577085225800856e-113
7,175,0x1.683fa390d19abp-375,0x1.16421bb5d42fdp-616,0x1.683fa390d19acp-375,1.82857993457933773e-113
7,176,0x1.23536a07bce7ep-377,0x1.16421bb5d42fdp-616,0x1.23536a07bce7fp-377,3.69684014553444633e-114
7,177,0x1.d6b64175529edp-380,0x1.16421bb5d42fdp-616,0x1.d6b64175529eep-380,7.46649697809901882e-115
7,178,0x1.7be71a31c5f63p-382,0x1.16421bb5d42fdp-616,0x1.7be71a31c5f64p-382,1.50651729171977339e-115
7,179,0x1.324f88f83874fp-384,0x1.16421bb5d42fdp-616,0x1.324f88f83875p-384,3.03671366984979382e-116
7,180,0x1.ed76e316ada94p-387,0x1.16421bb5d42fdp-616,0x1.ed76e316ada95p-387,6.11515601844007074e-117
7,181,0x1.8d18721487489p-389,0x1.16421bb5d42fdp-616,0x1.8d1872148748ap-389,1.23023102944549196e-117
7,182,0x1.3f3c3f93fba9ap-391,0x1.16421bb5d42fdp-616,0x1.3f3c3f93fba9bp-391,2.47253643292412856e-118
7,183,0x1.00647a8fd7ecfp-393,0x1.16421bb5d42fdp-616,0x1.00647a8fd7edp-393,4.96451751865229021e-119
7,184,0x1.9b7156bec930fp-396,0x1.16421bb5d42fdp-616,0x1.9b7156bec931p-396,9.95843618217168303e-120
7,185,0x1.49cf85116947cp-398,0x1.16421bb5d42fdp-616,0x1.49cf85116947dp-398,1.99565930739752469e-120
7,186,0x1.081ee691c9d7fp-400,0x1.16421bb5d42fdp-616,0x1.081ee691c9d8p-400,3.99543636516136072e-121
7,187,0x1.a69fc11283897p-403,0x1.16421bb5d42fdp-616,0x1.a69fc11283898p-403,7.99145722436355624e-122
7,188,0x1.51cd1f8501ebbp-405,0x1.16421bb5d42fdp-616,0x1.51cd1f8501ebcp-405,1.59688285744980085e-122
7,189,0x1.0dbefa156080cp-407,0x1.16421bb5d42fdp-616,0x1.0dbefa156080dp-407,3.18791562532465802e-123
7,190,0x1.ae65034a74579p-410,0x1.16421bb5d42fdp-616,0x1.ae65034a7457ap-410,6.35811834859166381e-124
7,191,0x1.5708dc5905eecp-412,0x1.16421bb5d42fdp-616,0x1.5708dc5905eedp-412,1.26689249598815526e-124
7,192,0x1.11262bcd5e1c3p-414,0x1.16421bb5d42fdp-616,0x1.11262bcd5e1c4p-414,2.52197985395386391e-125
7,193,0x1.b29809df96e24p-417,0x1.16421bb5d42fdp-616,0x1.b29809df96e25p-417,5.01574524022196501e-126
7,194,0x1.59681eefeabb1p-419,0x1.16421bb5d42fdp-616,0x1.59681eefeabb2p-419,9.96604024767139000e-127
7,195,0x1.1244304afdc13p-421,0x1.16421bb5d42fdp-616,0x1.1244304afdc14p-421,1.97835582415934097e-127
7,196,0x1.b326b4fa866e1p-424,0x1.16421bb5d42fdp-616,0x1.b326b4fa866e2p-424,3.92357589453577063e-128
7,197,0x1.58e2b26eb7146p-426,0x1.16421bb5d42fdp-616,0x1.58e2b26eb7147p-426,7.77422063415288803e-129
7,198,0x1.11176cb351713p-428,0x1.16421bb5d42fdp-616,0x1.11176cb351714p-428,1.53896972793088461e-129
7,199,0x1.b0163bbca0cadp-431,0x1.16421bb5d42fdp-616,0x1.b0163bbca0caep-431,3.04370776210870331e-130
7,200,0x1.5582d6cae0ebap-433,0x1.16421bb5d42fdp-616,0x1.5582d6cae0ebbp-433,6.01418417255552146e-131
7,201,0x1.0daccd3c386cfp-435,0x1.16421bb5d42fdp-616,0x1.0daccd3c386dp-435,1.18727854255160676e-131
7,202,0x1.a98299073d954p-438,0x1.16421bb5d42fdp-616,0x1.a98299073d955p-438,2.34170323238441898e-132
7,203,0x1.4f648c9a71e57p-440,0x1.16421bb5d42fdp-616,0x1.4f648c9a71e58p-440,4.61440425812669920e-133
7,204,0x1.081f0528e0fb3p-442,0x1.16421bb5d42fdp-616,0x1.081f0528e0fb4p-442,9.08458656824037841e-134
7,205,0x1.9f9d0f63641abp-445,0x1.16421bb5d42fdp-616,0x1.9f9d0f63641acp-445,1.78690567007652754e-134
7,206,0x1.46b42df7a0caap-447,0x1.16421bb5d42fdp-616,0x1.46b42df7a0cabp-447,3.51160932745417444e-135
7,207,0x1.0095464b0b1p-449,0x1.16421bb5d42fdp-616,0x1.0095464b0b101p-449,6.89477401151908093e-136
7,208,0x1.92a9de4b5fcf7p-452,0x1.16421bb5d42fdp-616,0x1.92a9de4b5fcf8p-452,1.35252191489975259e-136
7,209,0x1.3bac6c491216p-454,0x1.16421bb5d42fdp-616,0x1.3bac6c4912161p-454,2.65081955858848750e-137
7,210,0x1.ee830a42e80b5p-457,0x1.16421bb5d42fdp-616,0x1.ee830a42e80b6p-457,5.19073361274929624e-138
7,211,0x1.82fd4d817728ep-459,0x1.16421bb5d42fdp-616,0x1.82fd4d817728fp-459,1.01552627866029195e-138
7,212,0x1.2e93d24f97f55p-461,0x1.16421bb5d42fdp-616,0x1.2e93d24f97f56p-461,1.98503679020941172e-139
7,213,0x1.d8bcc8268cec4p-464,0x1.16421bb5d42fdp-616,0x1.d8bcc8268cec5p-464,3.87669858374671429e-140
7,214,0x1.70f83ab35cb3cp-466,0x1.16421bb5d42fdp-616,0x1.70f83ab35cb3dp-466,7.56436879659859282e-141
7,215,0x1.1fb9ef0af729p-468,0x1.16421bb5d42fdp-616,0x1.1fb9ef0af7291p-468,1.47469304009154448e-141
7,216,0x1.c059c7746f064p-471,0x1.16421bb5d42fdp-616,0x1.c059c7746f065p-471,2.87243314099483667e-142
7,217,0x1.5d045a0a24149p-473,0x1.16421bb5d42fdp-616,0x1.5d045a0a2414ap-473,5.59008826736115958e-143
7,218,0x1.0f7450a03df7ap-475,0x1.16421bb5d42fdp-616,0x1.0f7450a03df7bp-475,1.08694835153690840e-143
7,219,0x1.a5e3ef15b5523p-478,0x1.16421bb5d42fdp-616,0x1.a5e3ef15b5524p-478,2.11164892895018969e-144
7,220,0x1.47905b59ba5aap-480,0x1.16421bb5d42fdp-616,0x1.47905b59ba5abp-480,4.09881334103469266e-145
7,221,0x1.fc36ecd8011fp-483,0x1.16421bb5d42fdp-616,0x1.fc36ecd8011f1p-483,7.94912314204899679e-146
7,222,0x1.89e83b02ce498p-485,0x1.16421bb5d42fdp-616,0x1.89e83b02ce499p-485,1.54030243546728477e-146
7,223,0x1.310c2392d2f3bp-487,0x1.16421bb5d42fdp-616,0x1.310c2392d2f3cp-487,2.98208143762049915e-147
7,224,0x1.d80fbe059246ap-490,0x1.16421bb5d42fdp-616,0x1.d80fbe059246bp-490,5.76847128617386476e-148
7,225,0x1.6cf229f84a6e1p-492,0x1.16421bb5d42fdp-616,0x1.6cf229f84a6e2p-492,1.11488666225565249e-148
7,226,0x1.19e5454aa5cc3p-494,0x1.16421bb5d42fdp-616,0x1.19e5454aa5cc4p-494,2.15293271047302880e-149
7,227,0x1.b31ea4dcdc9b4p-497,0x1.16421bb5d42fdp-616,0x1.b31ea4dcdc9b5p-497,4.15394688591573799e-150
7,228,0x1.4f8799dd15ecbp-499,0x1.16421bb5d42fdp-616,0x1.4f8799dd15eccp-499,8.00798324738876128e-151
7,229,0x1.0283dc2cf3886p-501,0x1.16421bb5d42fdp-616,0x1.0283dc2cf3887p-501,1.54247483086674460e-151
7,230,0x1.8e0505e6b1b24p-504,0x1.16421bb5d42fdp-616,0x1.8e0505e6b1b25p-504,2.96856595331680629e-152
7,231,0x1.32253901939f7p-506,0x1.16421bb5d42fdp-616,0x1.32253901939f8p-506,5.70834178664026920e-153
7,232,0x1.d68fcd56ba2e4p-509,0x1.16421bb5d42fdp-616,0x1.d68fcd56ba2e5p-509,1.09675302962890935e-153
7,233,0x1.69562f457a4c7p-511,0x1.16421bb5d42fdp-616,0x1.69562f457a4c8p-511,2.10544681252794010e-154
7,234,0x1.153ba6e41afb7p-513,0x1.16421bb5d42fdp-616,0x1.153ba6e41afb8p-513,4.03847322281966691e-155
7,235,0x1.a90e5fe31f2c3p-516,0x1.16421bb5d42fdp-616,0x1.a90e5fe31f2c4p-516,7.73977929988955737e-156
7,236,0x1.45945911cb635p-518,0x1.16421bb5d42fdp-616,0x1.45945911cb636p-518,1.48210615689265836e-156
7,237,0x1.f25aa68ced19ep-521,0x1.16421bb5d42fdp-616,0x1.f25aa68ced19fp-521,2.83576561841671582e-157
7,238,0x1.7d17a587a7fc8p-523,0x1.16421bb5d42fdp-616,0x1.7d17a587a7fc9p-523,5.42128895198719633e-158
7,239,0x1.232e99d77dff3p-525,0x1.16421bb5d42fdp-616,0x1.232e99d77dff4p-525,1.03556386536586839e-158
7,240,0x1.bc9a3ddb95af8p-528,0x1.16421bb5d42fdp-616,0x1.bc9a3ddb95af9p-528,1.97648822217339155e-159
7,241,0x1.5326aa2ccb3e3p-530,0x1.16421bb5d42fdp-616,0x1.5326aa2ccb3e4p-530,3.76925464292545324e-160
7,242,0x1.027fca8dbbbeap-532,0x1.16421bb5d42fdp-616,0x1.027fca8dbbbebp-532,7.18226655028642810e-161
7,243,0x1.89bb6e2ce0882p-535,0x1.16421bb5d42fdp-616,0x1.89bb6e2ce0883p-535,1.36745559550828106e-161
7,244,0x1.2b9ca8c6dd1f7p-537,0x1.16421bb5d42fdp-616,0x1.2b9ca8c6dd1f8p-537,2.60142610955381517e-162
7,245,0x1.c79c937b2b4c5p-540,0x1.16421bb5d42fdp-616,0x1.c79c937b2b4c6p-540,4.94489612640707555e-163
7,246,0x1.5a233800beaa7p-542,0x1.16421bb5d42fdp-616,0x1.5a233800beaa8p-542,9.39184960386082509e-164
7,247,0x1.06c168d734956p-544,0x1.16421bb5d42fdp-616,0x1.06c168d734957p-544,1.78235504125228937e-164
7,248,0x1.8e99089da05f6p-547,0x1.16421bb5d42fdp-616,0x1.8e99089da05f7p-547,3.37977111881333986e-165
7,249,0x1.2e1778ae08763p-549,0x1.16421bb5d42fdp-616,0x1.2e1778ae08764p-549,6.40370308280747308e-166
7,250,0x1.c988f56b00d1ap-552,0x1.16421bb5d42fdp-616,0x1.c988f56b00d1bp-552,1.21234644990627691e-166
7,251,0x1.5a3447cf0829p-554,0x1.16421bb5d42fdp-616,0x1.5a3447cf08291p-554,2.29337352723149987e-167
7,252,0x1.05c115807a864p-556,0x1.16421bb5d42fdp-616,0x1.05c115807a865p-556,4.33487083464519824e-168
7,253,0x1.8b7e4d495f244p-559,0x1.16421bb5d42fdp-616,0x1.8b7e4d495f245p-559,8.18712954798824686e-169
7,254,0x1.2a8b7df8bab9p-561,0x1.16421bb5d42fdp-616,0x1.2a8b7df8bab91p-561,1.54504847809560927e-169
7,255,0x1.c25dc2324a883p-564,0x1.16421bb5d42fdp-616,0x1.c25dc2324a885p-564,2.91345498504202614e-170
7,256,0x1.536dc03cbecc2p-566,0x1.16421bb5d42fdp-616,0x1.536dc03cbecc7p-566,5.48947824507716998e-171
7,257,0x1.ff3b95d3b3e11p-569,0x1.16421bb5d42fdp-616,0x1.ff3b95d3b3e35p-569,1.03350164776170228e-171
7,258,0x1.80b200acb7811p-571,0x1.16421bb5d42fdp-616,0x1.80b200acb789dp-571,1.94423795307551990e-172
7,259,0x1.21401e5234025p-573,0x1.16421bb5d42fdp-616,0x1.21401e5234253p-573,3.65465664730018723e-173
7,260,0x1.b2a1974732967p-576,0x1.16421bb5d42fdp-616,0x1.b2a1974733accp-576,6.86441364185881875e-174
7,261,0x1.46492d7b636abp-578,0x1.16421bb5d42fdp-616,0x1.46492d7b67c3dp-578,1.28831119724046449e-174
7,262,0x1.e98411ebb95a4p-581,0x1.16421bb5d42fdp-616,0x1.e98411ebdc229p-581,2.41601349217698104e-175
7,263,0x1.6eeaa695d8be4p-583,0x1.16421bb5d42fdp-616,0x1.6eeaa69663df6p-583,4.52730682283482401e-176
7,264,0x1.12cf0f8ebe8bdp-585,0x1.16421bb5d42fdp-616,0x1.12cf0f90eb101p-585,8.47702094825470779e-177
7,265,0x1.9b53c81300105p-588,0x1.16421bb5d42fdp-616,0x1.9b53c82464322p-588,1.58602522477227558e-177
7,266,0x1.339831c42871fp-590,0x1.16421bb5d42fdp-616,0x1.33983209b8f8fp-590,2.96511251410401835e-178
7,267,0x1.cbb086c58ad0fp-593,0x1.16421bb5d42fdp-616,0x1.cbb088f20f087p-593,5.53907536906894840e-179
7,268,0x1.573b1e50b692fp-595,0x1.16421bb5d42fdp-616,0x1.573b2702c770bp-595,1.03394919934285916e-179
7,269,0x1.001452f777a97p-597,0x1.16421bb5d42fdp-616,0x1.001475bfbb204p-597,1.92853778241933463e-180
7,270,0x1.7dd231807a5bp-600,0x1.16421bb5d42fdp-616,0x1.7dd347c29610ep-600,3.59440784585322654e-181
7,271,0x1.1c6f430fe0d11p-602,0x1.16421bb5d42fdp-616,0x1.1c739c184fa87p-602,6.69439026244453394e-182
7,272,0x1.a772d9f1879f4p-605,0x1.16421bb5d42fdp-616,0x1.a795a234fe59dp-605,1.24609950727596049e-182
7,273,0x1.3af3c2a51f17cp-607,0x1.16421bb5d42fdp-616,0x1.3b7ee3b2fa01ep-607,2.32031025084780764e-183
7,274,0x1.d4159adec57edp-610,0x1.16421bb5d42fdp-616,0x1.d86ea34d9ccfap-610,4.34312322170199706e-184
7,275,0x1.5b55c4d1ce231p-612,0x1.16421bb5d42fdp-616,0x1.6cb9e68d2b662p-612,8.38242390149536055e-185
7,276,0x1.00c1b798a442bp-614,0x1.16421bb5d42fdp-616,0x1.46523e86194ebp-614,1.87494302424208042e-185
7,277,0x1.765a83c61f597p-617,0x1.16421bb5d42fdp-616,0x1.d16f5d98e3dc9p-616,6.68562117376642014e-186
7,278,0x1.020d71b6740eap-619,0x1.16421bb5d42fdp-616,0x1.3683c9eca2b1bp-616,4.46030965219734968e-186
7,279,0x1.16f69ae49393cp-622,0x1.16421bb5d42fdp-616,0x1.1a9df621667e3p-616,4.05957944064662813e-186
7,280,0x0p+0,0x1.16421bb5d42fdp-616,0x1.16421bb5d42fdp-616,3.99696856104463099e-186
8,0,0x1.160ed66a27cc7p-3,0x1.aa16966a47909p-576,0x1.160ed66a27cc8p-3,1.35770487894637748e-01
8,1,0x1.6cc7cc827165ep-5,0x1.aa16966a47909p-576,0x1.6cc7cc827165fp-5,4.45288652731903253e-02
8,2,0x1.ca75cb0639209p-7,0x1.aa16966a47909p-576,0x1.ca75cb063920ap-7,1.39910928086886162e-02
8,3,0x1.197b07a29b4edp-8,0x1.aa16966a47909p-576,0x1.197b07a29b4eep-8,4.29505287557428554e-03
8,4,0x1.555874c6184ccp-10,0x1.aa16966a47909p-576,0x1.555874c6184cdp-10,1.30212986689342007e-03
8,5,0x1.9a9f28346e111p-12,0x1.aa16966a47909p-576,0x1.9a9f28346e112p-12,3.91599375940924620e-04
8,6,0x1.ea9e95b201527p-14,0x1.aa16966a47909p-576,0x1.ea9e95b201528p-14,1.16972797315002667e-04
8,7,0x1.233199d890897p-15,0x1.aa16966a47909p-576,0x1.233199d890898p-15,3.47130005065181854e-05
8,8,0x1.57794086f27ap-17,0x1.aa16966a47909p-576,0x1.57794086f27a1p-17,1.02363121764653453e-05
8,9,0x1.92b583750516fp-19,0x1.aa16966a47909p-576,0x1.92b583750517p-19,3.00041613821905626e-06
8,10,0x1.d585c5d1b8d05p-21,0x1.aa16966a47909p-576,0x1.d585c5d1b8d06p-21,8.74553899712574528e-07
8,11,0x1.104b9c681a11bp-22,0x1.aa16966a47909p-576,0x1.104b9c681a11cp-22,2.53594811378090220e-07
8,12,0x1.3a50a89eb15e9p-24,0x1.aa16966a47909p-576,0x1.3a50a89eb15eap-24,7.31821807416606367e-08
8,13,0x1.69316b6a08858p-26,0x1.aa16966a47909p-576,0x1.69316b6a08859p-26,2.10242023028262282e-08
8,14,0x1.9d4fdc7a6809bp-28,0x1.aa16966a47909p-576,0x1.9d4fdc7a6809cp-28,6.01448057538922392e-09
8,15,0x1.d70fab85b0c7cp-30,0x1.aa16966a47909p-576,0x1.d70fab85b0c7dp-30,1.71371070235730209e-09
8,16,0x1.0b6abd234d7a8p-31,0x1.aa16966a47909p-576,0x1.0b6abd234d7a9p-31,4.86428595677961874e-10
8,17,0x1.2e830cac35464p-33,0x1.aa16966a47909p-576,0x1.2e830cac35465p-33,1.37566490648110459e-10
8,18,0x1.5502e00092b87p-35,0x1.aa16966a47909p-576,0x1.5502e00092b88p-35,3.87684884234330497e-11
8,19,0x1.7f1b9dd50825cp-37,0x1.aa16966a47909p-576,0x1.7f1b9dd50825dp-37,1.08885807627976074e-11
8,20,0x1.acfd8acc96f07p-39,0x1.aa16966a47909p-576,0x1.acfd8acc96f08p-39,3.04816011832103221e-12
8,21,0x1.ded7574a32ba9p-41,0x1.aa16966a47909p-576,0x1.ded7574a32baap-41,8.50592797418420719e-13
8,22,0x1.0a6ad442a6bb6p-42,0x1.aa16966a47909p-576,0x1.0a6ad442a6bb7p-42,2.36626097681387795e-13
8,23,0x1.27914ecbea9c5p-44,0x1.aa16966a47909p-576,0x1.27914ecbea9c6p-44,6.56291928779838235e-14
8,24,0x1.46f2a8c569a3fp-46,0x1.aa16966a47909p-576,0x1.46f2a8c569a4p-46,1.81492536412571845e-14
8,25,0x1.68a0adce9096dp-48,0x1.aa16966a47909p-576,0x1.68a0adce9096ep-48,5.00471403323445681e-15
8,26,0x1.8cab2791e85ddp-50,0x1.aa16966a47909p-576,0x1.8cab2791e85dep-50,1.37622056993312945e-15
8,27,0x1.b31f9e3df5941p-52,0x1.aa16966a47909p-576,0x1.b31f9e3df5942p-52,3.77409482426223902e-16
8,28,0x1.dc091a4a5fa19p-54,0x1.aa16966a47909p-576,0x1.dc091a4a5fa1ap-54,1.03223757105184749e-16
8,29,0x1.03b7f428b3734p-55,0x1.aa16966a47909p-576,0x1.03b7f428b3735p-55,2.81587437092111666e-17
8,30,0x1.1aacafe386fdfp-57,0x1.aa16966a47909p-576,0x1.1aacafe386fep-57,7.66190927028257197e-18
8,31,0x1.32e3d6aade1c7p-59,0x1.aa16966a47909p-576,0x1.32e3d6aade1c8p-59,2.07956749094238129e-18
8,32,0x1.4c5cd0d1c5be8p-61,0x1.aa16966a47909p-576,0x1.4c5cd0d1c5be9p-61,5.63044079763279392e-19
8,33,0x1.6715429df6ad7p-63,0x1.aa16966a47909p-576,0x1.6715429df6ad8p-63,1.52077586120438976e-19
8,34,0x1.8308f92775414p-65,0x1.aa16966a47909p-576,0x1.8308f92775415p-65,4.09789300760884948e-20
8,35,0x1.a031da75071c8p-67,0x1.aa16966a47909p-576,0x1.a031da75071c9p-67,1.10165830296938691e-20
8,36,0x1.be87d91fa09e1p-69,0x1.aa16966a47909p-576,0x1.be87d91fa09e2p-69,2.95489201767372899e-21
8,37,0x1.de00ebbdd2215p-71,0x1.aa16966a47909p-576,0x1.de00ebbdd2216p-71,7.90790616552479880e-22
8,38,0x1.fe91084e13f1bp-73,0x1.aa16966a47909p-576,0x1.fe91084e13f1cp-73,2.11165368747303449e-22
8,39,0x1.101511e5df5ffp-74,0x1.aa16966a47909p-576,0x1.101511e5df6p-74,5.62653017944513511e-23
8,40,0x1.215e1b075889ap-76,0x1.aa16966a47909p-576,0x1.215e1b075889bp-76,1.49599542849428927e-23
8,41,0x1.331aa104a38dbp-78,0x1.aa16966a47909p-576,0x1.331aa104a38dcp-78,3.96922642061169199e-24
8,42,0x1.4540b135c892dp-80,0x1.aa16966a47909p-576,0x1.4540b135c892ep-80,1.05094816772924485e-24
8,43,0x1.57c56d52e7489p-82,0x1.aa16966a47909p-576,0x1.57c56d52e748ap-82,2.77696163376285794e-25
8,44,0x1.6a9d161ba7bfbp-84,0x1.aa16966a47909p-576,0x1.6a9d161ba7bfcp-84,7.32292370963835466e-26
8,45,0x1.7dbb181516fefp-86,0x1.aa16966a47909p-576,0x1.7dbb181516ffp-86,1.92724821126205944e-26
8,46,0x1.91121a47fea16p-88,0x1.aa16966a47909p-576,0x1.91121a47fea17p-88,5.06222409799699621e-27
8,47,0x1.a4940ee3e2ef3p-90,0x1.aa16966a47909p-576,0x1.a4940ee3e2ef4p-90,1.32711127855078397e-27
8,48,0x1.b83245a5482bdp-92,0x1.aa16966a47909p-576,0x1.b83245a5482bep-92,3.47253711021603196e-28
8,49,0x1.cbdd7fd8c0957p-94,0x1.aa16966a47909p-576,0x1.cbdd7fd8c0958p-94,9.06924258058290963e-29
8,50,0x1.df8605cfa1003p-96,0x1.aa16966a47909p-576,0x1.df8605cfa1004p-96,2.36423351830572796e-29
8,51,0x1.f31bbd97205c8p-98,0x1.aa16966a47909p-576,0x1.f31bbd97205c9p-98,6.15198553108685919e-30
8,52,0x1.0347215f9167ep-99,0x1.aa16966a47909p-576,0x1.0347215f9167fp-99,1.59792313914500684e-30
8,53,0x1.0ce67f7d86627p-101,0x1.aa16966a47909p-576,0x1.0ce67f7d86628p-101,4.14306639507447971e-31
8,54,0x1.1663a1b25e7e5p-103,0x1.aa16966a47909p-576,0x1.1663a1b25e7e6p-103,1.07231613920172989e-31
8,55,0x1.1fb631141d562p-105,0x1.aa16966a47909p-576,0x1.1fb631141d563p-105,2.77056276074298335e-32
8,56,0x1.28d5e42ee0675p-107,0x1.aa16966a47909p-576,0x1.28d5e42ee0676p-107,7.14605503920787024e-33
8,57,0x1.31ba8bebccc63p-109,0x1.aa16966a47909p-576,0x1.31ba8bebccc64p-109,1.84003766695217473e-33
8,58,0x1.3a5c2054d90bdp-111,0x1.aa16966a47909p-576,0x1.3a5c2054d90bep-111,4.72996159177258548e-34
8,59,0x1.42b2cd18f5d59p-113,0x1.aa16966a47909p-576,0x1.42b2cd18f5d5ap-113,1.21385662603710065e-34
8,60,0x1.4ab6fdb4f56e7p-115,0x1.aa16966a47909p-576,0x1.4ab6fdb4f56e8p-115,3.11002711544158483e-35
8,61,0x1.52616926bd6eap-117,0x1.aa16966a47909p-576,0x1.52616926bd6ebp-117,7.95528757587497051e-36
8,62,0x1.59ab1d11bdd0ap-119,0x1.aa16966a47909p-576,0x1.59ab1d11bdd0bp-119,2.03165632965442198e-36
8,63,0x1.608d883d5a65bp-121,0x1.aa16966a47909p-576,0x1.608d883d5a65cp-121,5.18029869270533793e-37
8,64,0x1.67028457defb6p-123,0x1.aa16966a47909p-576,0x1.67028457defb7p-123,1.31879384151680905e-37
8,65,0x1.6d045eeab4953p-125,0x1.aa16966a47909p-576,0x1.6d045eeab4954p-125,3.35215240340855320e-38
8,66,0x1.728de16ed74eap-127,0x1.aa16966a47909p-576,0x1.728de16ed74ebp-127,8.50750768667591286e-39
8,67,0x1.779a5872f88f3p-129,0x1.aa16966a47909p-576,0x1.779a5872f88f4p-129,2.15585498709372243e-39
8,68,0x1.7c2599c7403adp-131,0x1.aa16966a47909p-576,0x1.7c2599c7403aep-131,5.45484017631558795e-40
8,69,0x1.802c09a538bc1p-133,0x1.aa16966a47909p-576,0x1.802c09a538bc2p-133,1.37814954166604380e-40
8,70,0x1.83aa9ecd15474p-135,0x1.aa16966a47909p-576,0x1.83aa9ecd15475p-135,3.47671328613827099e-41
8,71,0x1.869ee59426f7fp-137,0x1.aa16966a47909p-576,0x1.869ee59426f8p-137,8.75801878178926323e-42
8,72,0x1.890701e2f4b2ep-139,0x1.aa16966a47909p-576,0x1.890701e2f4b2fp-139,2.20299461429156881e-42
8,73,0x1.8ae1b023fb584p-141,0x1.aa16966a47909p-576,0x1.8ae1b023fb585p-141,5.53346971180441744e-43
8,74,0x1.8c2e452698a79p-143,0x1.aa16966a47909p-576,0x1.8c2e452698a7ap-143,1.38791866570067484e-43
8,75,0x1.8cecacfc04803p-145,0x1.aa16966a47909p-576,0x1.8cecacfc04804p-145,3.47631070417599182e-44
8,76,0x1.8d1d68d67c039p-147,0x1.aa16966a47909p-576,0x1.8d1d68d67c03ap-147,8.69494488802231994e-45
8,77,0x1.8cc18bf4dad7fp-149,0x1.aa16966a47909p-576,0x1.8cc18bf4dad8p-149,2.17177200042416830e-45
8,78,0x1.8bdab7a6cbe6ep-151,0x1.aa16966a47909p-576,0x1.8bdab7a6cbe6fp-151,5.41709095205916033e-46
8,79,0x1.8a6b1677782afp-153,0x1.aa16966a47909p-576,0x1.8a6b1677782bp-153,1.34935980052887710e-46
8,80,0x1.8875568e247b2p-155,0x1.aa16966a47909p-576,0x1.8875568e247b3p-155,3.35663626671458884e-47
8,81,0x1.85fca35583d7cp-157,0x1.aa16966a47909p-576,0x1.85fca35583d7dp-157,8.33874509011692193e-48
8,82,0x1.83049e7ba13a1p-159,0x1.aa16966a47909p-576,0x1.83049e7ba13a2p-159,2.06881633637559880e-48
8,83,0x1.7f91585d28e9ep-161,0x1.aa16966a47909p-576,0x1.7f91585d28e9fp-161,5.12593179180279747e-49
8,84,0x1.7ba747ef85cfcp-163,0x1.aa16966a47909p-576,0x1.7ba747ef85cfdp-163,1.26840540030102122e-49
8,85,0x1.774b423dbba87p-165,0x1.aa16966a47909p-576,0x1.774b423dbba88p-165,3.13460157607333401e-50
8,86,0x1.7282718c24063p-167,0x1.aa16966a47909p-576,0x1.7282718c24064p-167,7.73660028816751101e-51
8,87,0x1.6d524c373bfa2p-169,0x1.aa16966a47909p-576,0x1.6d524c373bfa3p-169,1.90706708486094646e-51
8,88,0x1.67c08b6184e1dp-171,0x1.aa16966a47909p-576,0x1.67c08b6184e1ep-171,4.69498432055472836e-52
8,89,0x1.61d321841f1ebp-173,0x1.aa16966a47909p-576,0x1.61d321841f1ecp-173,1.15440704631734279e-52
8,90,0x1.5b9030f53c9dfp-175,0x1.aa16966a47909p-576,0x1.5b9030f53c9ep-175,2.83494501102060895e-53
8,91,0x1.54fe0276d6a4bp-177,0x1.aa16966a47909p-576,0x1.54fe0276d6a4cp-177,6.95336903126147868e-54
8,92,0x1.4e22fbdf3a34dp-179,0x1.aa16966a47909p-576,0x1.4e22fbdf3a34ep-179,1.70339329122049003e-54
8,93,0x1.470596ec04a83p-181,0x1.aa16966a47909p-576,0x1.470596ec04a84p-181,4.16780670980786331e-55
8,94,0x1.3fac584f135a5p-183,0x1.aa16966a47909p-576,0x1.3fac584f135a6p-183,1.01853764989844623e-55
8,95,0x1.381dc703b97d8p-185,0x1.aa16966a47909p-576,0x1.381dc703b97d9p-185,2.48614990746042379e-56
8,96,0x1.306063f94b652p-187,0x1.aa16966a47909p-576,0x1.306063f94b653p-187,6.06124725849448740e-57
8,97,0x1.287aa21ebae02p-189,0x1.aa16966a47909p-576,0x1.287aa21ebae03p-189,1.47599485774670888e-57
8,98,0x1.2072ded9a13a3p-191,0x1.aa16966a47909p-576,0x1.2072ded9a13a4p-191,3.59004149479740877e-58
8,99,0x1.184f5af1ad5a1p-193,0x1.aa16966a47909p-576,0x1.184f5af1ad5a2p-193,8.72186648538016421e-59
8,100,0x1.101633f8038e8p-195,0x1.aa16966a47909p-576,0x1.101633f8038e9p-195,2.11649985085836026e-59
8,101,0x1.07cd5e30b48d9p-197,0x1.aa16966a47909p-576,0x1.07cd5e30b48dap-197,5.13014136228103336e-60
8,102,0x1.fef53e061c05fp-200,0x1.aa16966a47909p-576,0x1.fef53e061c06p-200,1.24207003957712980e-60
8,103,0x1.ee470fe857c13p-202,0x1.aa16966a47909p-576,0x1.ee470fe857c14p-202,3.00380563688746745e-61
8,104,0x1.dd9ae45bc3ae1p-204,0x1.aa16966a47909p-576,0x1.dd9ae45bc3ae2p-204,7.25620972680569321e-62
8,105,0x1.ccfaf525a51c3p-206,0x1.aa16966a47909p-576,0x1.ccfaf525a51c4p-206,1.75090787919780343e-62
8,106,0x1.bc70fcbeb1ef1p-208,0x1.aa16966a47909p-576,0x1.bc70fcbeb1ef2p-208,4.22022301043374264e-63
8,107,0x1.ac0630ab92dfbp-210,0x1.aa16966a47909p-576,0x1.ac0630ab92dfcp-210,1.01608314985576390e-63
8,108,0x1.9bc33ce70c7d9p-212,0x1.aa16966a47909p-576,0x1.9bc33ce70c7dap-212,2.44370007482625960e-64
8,109,0x1.8bb04056dd7a5p-214,0x1.aa16966a47909p-576,0x1.8bb04056dd7a6p-214,5.87076060090568571e-65
8,110,0x1.7bd4ca42a5dfcp-216,0x1.aa16966a47909p-576,0x1.7bd4ca42a5dfdp-216,1.40887226498382995e-65
8,111,0x1.6c37d8c29fb95p-218,0x1.aa16966a47909p-576,0x1.6c37d8c29fb96p-218,3.37740051701130627e-66
8,112,0x1.5cdfd81a96d23p-220,0x1.aa16966a47909p-576,0x1.5cdfd81a96d24p-220,8.08779398612368767e-67
8,113,0x1.4dd2a2f462d53p-222,0x1.aa16966a47909p-576,0x1.4dd2a2f462d54p-222,1.93471496758559613e-67
8,114,0x1.3f15836c2d579p-224,0x1.aa16966a47909p-576,0x1.3f15836c2d57ap-224,4.62323621539069911e-68
8,115,0x1.30ad34e003263p-226,0x1.aa16966a47909p-576,0x1.30ad34e003264p-226,1.10362136171841875e-68
8,116,0x1.229de6739463fp-228,0x1.aa16966a47909p-576,0x1.229de6739464p-228,2.63173245453042519e-69
8,117,0x1.14eb3e3898023p-230,0x1.aa16966a47909p-576,0x1.14eb3e3898024p-230,6.26922213446715567e-70
8,118,0x1.07985cec02c1cp-232,0x1.aa16966a47909p-576,0x1.07985cec02c1dp-232,1.49189577938368196e-70
8,119,0x1.f54fc4704c204p-235,0x1.aa16966a47909p-576,0x1.f54fc4704c205p-235,3.54665381882514904e-71
8,120,0x1.dc37e2d7a99e9p-237,0x1.aa16966a47909p-576,0x1.dc37e2d7a99eap-237,8.42281277805712829e-72
8,121,0x1.c3ec6d2db1e2dp-239,0x1.aa16966a47909p-576,0x1.c3ec6d2db1e2ep-239,1.99827859123236678e-72
8,122,0x1.ac6fd7f8a2e1cp-241,0x1.aa16966a47909p-576,0x1.ac6fd7f8a2e1dp-241,4.73606808375523324e-73
8,123,0x1.95c3bf97f3aep-243,0x1.aa16966a47909p-576,0x1.95c3bf97f3ae1p-243,1.12136059009456575e-73
8,124,0x1.7fe8f427bf391p-245,0x1.aa16966a47909p-576,0x1.7fe8f427bf392p-245,2.65240900681434626e-74
8,125,0x1.6adf85b94720bp-247,0x1.aa16966a47909p-576,0x1.6adf85b94720cp-247,6.26766710234679162e-75
8,126,0x1.56a6d0c624571p-249,0x1.aa16966a47909p-576,0x1.56a6d0c624572p-249,1.47959858654955432e-75
8,127,0x1.433d8ac535dbep-251,0x1.aa16966a47909p-576,0x1.433d8ac535dbfp-251,3.48944820892582354e-76
8,128,0x1.30a1cec9f1ffbp-253,0x1.aa16966a47909p-576,0x1.30a1cec9f1ffcp-253,8.22141822262899371e-77
8,129,0x1.1ed12a1867067p-255,0x1.aa16966a47909p-576,0x1.1ed12a1867068p-255,1.93515654371614216e-77
8,130,0x1.0dc8a899ef10dp-257,0x1.aa16966a47909p-576,0x1.0dc8a899ef10ep-257,4.55058313644158271e-78
8,131,0x1.fb09c240b6b16p-260,0x1.aa16966a47909p-576,0x1.fb09c240b6b17p-260,1.06905924581918512e-78
8,132,0x1.dc0402ce3eab5p-262,0x1.aa16966a47909p-576,0x1.dc0402ce3eab6p-262,2.50912569706987146e-79
8,133,0x1.be77b38790a45p-264,0x1.aa16966a47909p-576,0x1.be77b38790a46p-264,5.88343704605052357e-80
8,134,0x1.a25bd0f19ae8dp-266,0x1.aa16966a47909p-576,0x1.a25bd0f19ae8ep-266,1.37825617910492850e-80
8,135,0x1.87a6c93ef65e3p-268,0x1.aa16966a47909p-576,0x1.87a6c93ef65e4p-268,3.22567791011042569e-81
8,136,0x1.6e4e913ed0793p-270,0x1.aa16966a47909p-576,0x1.6e4e913ed0794p-270,7.54234353027109539e-82
8,137,0x1.5648b856fd62p-272,0x1.aa16966a47909p-576,0x1.5648b856fd621p-272,1.76192692523132490e-82
8,138,0x1.3f8a7b7c5ca68p-274,0x1.aa16966a47909p-576,0x1.3f8a7b7c5ca69p-274,4.11213856388957632e-83
8,139,0x1.2a08d71faa385p-276,0x1.aa16966a47909p-576,0x1.2a08d71faa386p-276,9.58843699895651994e-84
8,140,0x1.15b8980799012p-278,0x1.aa16966a47909p-576,0x1.15b8980799013p-278,2.23372687585388689e-84
8,141,0x1.028e6b13ab246p-280,0x1.aa16966a47909p-576,0x1.028e6b13ab247p-280,5.19895919662436031e-85
8,142,0x1.e0fdd7cb459a7p-283,0x1.aa16966a47909p-576,0x1.e0fdd7cb459a8p-283,1.20895108752084216e-85
8,143,0x1.befd64e338faep-285,0x1.aa16966a47909p-576,0x1.befd64e338fafp-285,2.80872295387854820e-86
8,144,0x1.9f04beedcfd17p-287,0x1.aa16966a47909p-576,0x1.9f04beedcfd18p-287,6.51956734260779145e-87
8,145,0x1.80fd4fcb0d613p-289,0x1.aa16966a47909p-576,0x1.80fd4fcb0d614p-289,1.51195954620284191e-87
8,146,0x1.64d0be6bb1751p-291,0x1.aa16966a47909p-576,0x1.64d0be6bb1752p-291,3.50328035178841130e-88
8,147,0x1.4a690172db93fp-293,0x1.aa16966a47909p-576,0x1.4a690172db94p-293,8.11007223714808257e-89
8,148,0x1.31b06fda66e35p-295,0x1.aa16966a47909p-576,0x1.31b06fda66e36p-295,1.87582110904480619e-89
8,149,0x1.1a91cfac9141cp-297,0x1.aa16966a47909p-576,0x1.1a91cfac9141dp-297,4.33487642075210076e-90
8,150,0x1.04f862e74aadbp-299,0x1.aa16966a47909p-576,0x1.04f862e74aadcp-299,1.00088077641992143e-90
8,151,0x1.e19fe53e01a17p-302,0x1.aa16966a47909p-576,0x1.e19fe53e01a18p-302,2.30892591394842993e-91
8,152,0x1.bc09b0efc3182p-304,0x1.aa16966a47909p-576,0x1.bc09b0efc3183p-304,5.32183432047235317e-92
8,153,0x1.99080d1ad76b9p-306,0x1.aa16966a47909p-576,0x1.99080d1ad76bap-306,1.22556983527843590e-92
8,154,0x1.78761bc17875ap-308,0x1.aa16966a47909p-576,0x1.78761bc17875bp-308,2.81995240374099128e-93
8,155,0x1.5a3046ccb99dp-310,0x1.aa16966a47909p-576,0x1.5a3046ccb99d1p-310,6.48297156295319141e-94
8,156,0x1.3e144798ec5ddp-312,0x1.aa16966a47909p-576,0x1.3e144798ec5dep-312,1.48914395143707455e-94
8,157,0x1.24012c245dedep-314,0x1.aa16966a47909p-576,0x1.24012c245dedfp-314,3.41767734182970677e-95
8,158,0x1.0bd75a1171311p-316,0x1.aa16966a47909p-576,0x1.0bd75a1171312p-316,7.83716185937582206e-96
8,159,0x1.eaf11f5867279p-319,0x1.aa16966a47909p-576,0x1.eaf11f586727ap-319,1.79564922842722233e-96
8,160,0x1.c18fc644bb544p-321,0x1.aa16966a47909p-576,0x1.c18fc644bb545p-321,4.11074609776677867e-97
8,161,0x1.9b53803685ec5p-323,0x1.aa16966a47909p-576,0x1.9b53803685ec6p-323,9.40281263744096461e-98
8,162,0x1.7807c7b721672p-325,0x1.aa16966a47909p-576,0x1.7807c7b721673p-325,2.14898997919954460e-98
8,163,0x1.577ab03dd6361p-327,0x1.aa16966a47909p-576,0x1.577ab03dd6362p-327,4.90740567371837978e-99
8,164,0x1.397cd99f0971dp-329,0x1.aa16966a47909p-576,0x1.397cd99f0971ep-329,1.11972651073352578e-99
8,165,0x1.1de16183741d4p-331,0x1.aa16966a47909p-576,0x1.1de16183741d5p-331,2.55279442165189074e-100
8,166,0x1.047dd32f2eb86p-333,0x1.aa16966a47909p-576,0x1.047dd32f2eb87p-333,5.81520516068944716e-101
8,167,0x1.da542bb7ed737p-336,0x1.aa16966a47909p-576,0x1.da542bb7ed738p-336,1.32361286299319103e-101
8,168,0x1.af80b3cb3e792p-338,0x1.aa16966a47909p-576,0x1.af80b3cb3e793p-338,3.01026730378911209e-102
8,169,0x1.883a0a064ce08p-340,0x1.aa16966a47909p-576,0x1.883a0a064ce09p-340,6.84067062833781625e-103
8,170,0x1.643d3b84ef964p-342,0x1.aa16966a47909p-576,0x1.643d3b84ef965p-342,1.55325661397169633e-103
8,171,0x1.434b6cf103c9p-344,0x1.aa16966a47909p-576,0x1.434b6cf103c91p-344,3.52403342224448754e-104
8,172,0x1.2529afa5f88a3p-346,0x1.aa16966a47909p-576,0x1.2529afa5f88a4p-346,7.98896373827126053e-105
8,173,0x1.09a0d66a1aedap-348,0x1.aa16966a47909p-576,0x1.09a0d66a1aedbp-348,1.80965522126657040e-105
8,174,0x1.e0fa940fe6b79p-351,0x1.aa16966a47909p-576,0x1.e0fa940fe6b7ap-351,4.09597701379969120e-106
8,175,0x1.b31dbc148b1ffp-353,0x1.aa16966a47909p-576,0x1.b31dbc148b2p-353,9.26353548618478014e-107
8,176,0x1.89514babbd7b9p-355,0x1.aa16966a47909p-576,0x1.89514babbd7bap-355,2.09341297332976764e-107
8,177,0x1.634194aaabee3p-357,0x1.aa16966a47909p-576,0x1.634194aaabee4p-357,4.72708289027504456e-108
8,178,0x1.40a0c0c87e69ap-359,0x1.aa16966a47909p-576,0x1.40a0c0c87e69bp-359,1.06657882740507223e-108
8,179,0x1.2126804227d7dp-361,0x1.aa16966a47909p-576,0x1.2126804227d7ep-361,2.40466946834733469e-109
8,180,0x1.048fba8e7bd59p-363,0x1.aa16966a47909p-576,0x1.048fba8e7bd5ap-363,5.41728588370064868e-110
8,181,0x1.d53c82b5125a4p-366,0x1.aa16966a47909p-576,0x1.d53c82b5125a5p-366,1.21947608430584783e-110
8,182,0x1.a6310bf85de78p-368,0x1.aa16966a47909p-576,0x1.a6310bf85de79p-368,2.74303410389334188e-111
8,183,0x1.7b92a2ff4a99fp-370,0x1.aa16966a47909p-576,0x1.7b92a2ff4a9ap-370,6.16533560649187889e-112
8,184,0x1.54fefed87dfe3p-372,0x1.aa16966a47909p-576,0x1.54fefed87dfe4p-372,1.38468513277910569e-112
8,185,0x1.321b76a9f41f1p-374,0x1.aa16966a47909p-576,0x1.321b76a9f41f2p-374,3.10752988455845668e-113
8,186,0x1.12948285010c7p-376,0x1.aa16966a47909p-576,0x1.12948285010c8p-376,6.96868365538620247e-114
8,187,0x1.ec3a83f7f622p-379,0x1.aa16966a47909p-576,0x1.ec3a83f7f6221p-379,1.56155937126516049e-114
8,188,0x1.b8de10fa63f8bp-381,0x1.aa16966a47909p-576,0x1.b8de10fa63f8cp-381,3.49654980421248108e-115
8,189,0x1.8a91ded9f99a3p-383,0x1.aa16966a47909p-576,0x1.8a91ded9f99a4p-383,7.82340015741382050e-116
8,190,0x1.60dedbe001d93p-385,0x1.aa16966a47909p-576,0x1.60dedbe001d94p-385,1.74915022077093915e-116
8,191,0x1.3b57ec9ea3616p-387,0x1.aa16966a47909p-576,0x1.3b57ec9ea3617p-387,3.90782883662265799e-117
8,192,0x1.199931b3244bfp-389,0x1.aa16966a47909p-576,0x1.199931b3244cp-389,8.72412594917335056e-118
8,193,0x1.f68eb07b1d1bfp-392,0x1.aa16966a47909p-576,0x1.f68eb07b1d1cp-392,1.94619964802689678e-118
8,194,0x1.c01de97fdd2eap-394,0x1.aa16966a47909p-576,0x1.c01de97fdd2ebp-394,4.33843416909300359e-119
8,195,0x1.8f47d01fd1d5bp-396,0x1.aa16966a47909p-576,0x1.8f47d01fd1d5cp-396,9.66406569671659870e-120
8,196,0x1.63819bfedaa93p-398,0x1.aa16966a47909p-576,0x1.63819bfedaa94p-398,2.15114182966009479e-120
8,197,0x1.3c4ceab9702b5p-400,0x1.aa16966a47909p-576,0x1.3c4ceab9702b6p-400,4.78477574581854705e-121
8,198,0x1.1936c1ccf7cfap-402,0x1.aa16966a47909p-576,0x1.1936c1ccf7cfbp-402,1.06350259259425551e-121
8,199,0x1.f3ad433b51cf3p-405,0x1.aa16966a47909p-576,0x1.f3ad433b51cf4p-405,2.36211470130420607e-122
8,200,0x1.bb9b51999dc24p-407,0x1.aa16966a47909p-576,0x1.bb9b51999dc25p-407,5.24263846892912383e-123
8,201,0x1.898b8e2300cf8p-409,0x1.aa16966a47909p-576,0x1.898b8e2300cf9p-409,1.16275002894409417e-123
8,202,0x1.5ce1fd8d735e5p-411,0x1.aa16966a47909p-576,0x1.5ce1fd8d735e6p-411,2.57698176249403747e-124
8,203,0x1.351168c7ea816p-413,0x1.aa16966a47909p-576,0x1.351168c7ea817p-413,5.70723656469042449e-125
8,204,0x1.119a163167c05p-415,0x1.aa16966a47909p-576,0x1.119a163167c06p-415,1.26308025149700280e-125
8,205,0x1.e411371ec19aep-418,0x1.aa16966a47909p-576,0x1.e411371ec19afp-418,2.79336409002794123e-126
8,206,0x1.abe98e8e76178p-420,0x1.aa16966a47909p-576,0x1.abe98e8e76179p-420,6.17328969832576460e-127
8,207,0x1.7a013ed459fafp-422,0x1.aa16966a47909p-576,0x1.7a013ed459fbp-422,1.36332454512551754e-127
8,208,0x1.4daeea5f06733p-424,0x1.aa16966a47909p-576,0x1.4daeea5f06734p-424,3.00868206937998816e-128
8,209,0x1.265a170d93715p-426,0x1.aa16966a47909p-576,0x1.265a170d93716p-426,6.63511945917781808e-129
8,210,0x1.03799ef2fa6ep-428,0x1.aa16966a47909p-576,0x1.03799ef2fa6e1p-428,1.46223625516217368e-129
8,211,0x1.c9248489e5826p-431,0x1.aa16966a47909p-576,0x1.c9248489e5827p-431,3.22020590860918914e-130
8,212,0x1.926ab040ba265p-433,0x1.aa16966a47909p-576,0x1.926ab040ba266p-433,7.08676388888712911e-131
8,213,0x1.61ff37d66f422p-435,0x1.aa16966a47909p-576,0x1.61ff37d66f423p-435,1.55851661253304601e-131
8,214,0x1.37302a73e18a8p-437,0x1.aa16966a47909p-576,0x1.37302a73e18a9p-437,3.42511357608543481e-132
8,215,0x1.115e307713453p-439,0x1.aa16966a47909p-576,0x1.115e307713454p-439,7.52210684108061260e-133
8,216,0x1.dff573347c7f7p-442,0x1.aa16966a47909p-576,0x1.dff573347c7f8p-442,1.65084348527353089e-133
8,217,0x1.a50ca9c7ed853p-444,0x1.aa16966a47909p-576,0x1.a50ca9c7ed854p-444,3.62055442612135949e-134
8,218,0x1.711e5e246e45ap-446,0x1.aa16966a47909p-576,0x1.711e5e246e45bp-446,7.93501819203715151e-135
8,219,0x1.435f68d010e49p-448,0x1.aa16966a47909p-576,0x1.435f68d010e4ap-448,1.73790215086888563e-135
8,220,0x1.1b1aa5f2ec903p-450,0x1.aa16966a47909p-576,0x1.1b1aa5f2ec904p-450,3.80371646720497247e-136
8,221,0x1.ef5d6b0dad3d5p-453,0x1.aa16966a47909p-576,0x1.ef5d6b0dad3d6p-453,8.31950031340956193e-137
8,222,0x1.b117e433915d5p-455,0x1.aa16966a47909p-576,0x1.b117e433915d6p-455,1.81841706620245322e-137
8,223,0x1.7a6532f214c89p-457,0x1.aa16966a47909p-576,0x1.7a6532f214c8ap-457,3.97189500466324522e-138
8,224,0x1.4a6245e3eb3cep-459,0x1.aa16966a47909p-576,0x1.4a6245e3eb3cfp-459,8.66983580729000298e-139
8,225,0x1.20457e4ed6467p-461,0x1.aa16966a47909p-576,0x1.20457e4ed6468p-461,1.89118353899419257e-139
8,226,0x1.f6b7f7233af8dp-464,0x1.aa16966a47909p-576,0x1.f6b7f7233af8ep-464,4.12256026733144994e-140
8,227,0x1.b60e5702b1ed1p-466,0x1.aa16966a47909p-576,0x1.b60e5702b1ed2p-466,8.98073131751125863e-141
8,228,0x1.7d7532d85be9ap-468,0x1.aa16966a47909p-576,0x1.7d7532d85be9bp-468,1.95509818135400704e-141
8,229,0x1.4bf3ebf1d4a1dp-470,0x1.aa16966a47909p-576,0x1.4bf3ebf1d4a1ep-470,4.25342161457629500e-142
8,230,0x1.20aea527d89a8p-472,0x1.aa16966a47909p-576,0x1.20aea527d89a9p-472,9.24745228266342018e-143
8,231,0x1.f5c62e2b0714fp-475,0x1.aa16966a47909p-576,0x1.f5c62e2b0715p-475,2.00918705447206228e-143
8,232,0x1.b3cb7184ada3ap-477,0x1.aa16966a47909p-576,0x1.b3cb7184ada3bp-477,4.36248601822540060e-144
8,233,0x1.7a3e693048d47p-479,0x1.aa16966a47909p-576,0x1.7a3e693048d48p-479,9.46594378654954542e-145
8,234,0x1.481444673739dp-481,0x1.aa16966a47909p-576,0x1.481444673739ep-481,2.05263049261151381e-145
8,235,0x1.1c61fc8cd81a2p-483,0x1.aa16966a47909p-576,0x1.1c61fc8cd81a3p-483,4.44810871935030801e-146
8,236,0x1.ecb16975d4009p-486,0x1.aa16966a47909p-576,0x1.ecb16975d400ap-486,9.63293317713998312e-147
8,237,0x1.aa84fbb3bfab4p-488,0x1.aa16966a47909p-576,0x1.aa84fbb3bfab5p-488,2.08478372066469947e-147
8,238,0x1.70feea22c4e24p-490,0x1.aa16966a47909p-576,0x1.70feea22c4e25p-490,4.50903426238151753e-148
8,239,0x1.3f0666a08640bp-492,0x1.aa16966a47909p-576,0x1.3f0666a08640cp-492,9.74601083949244837e-149
8,240,0x1.13a50b148dd5bp-494,0x1.aa16966a47909p-576,0x1.13a50b148dd5cp-494,2.10519254604751529e-149
8,241,0x1.dc05985ae00f1p-497,0x1.aa16966a47909p-576,0x1.dc05985ae00f2p-497,4.54442649288337859e-150
8,242,0x1.9ac4c15743c66p-499,0x1.aa16966a47909p-576,0x1.9ac4c15743c67p-499,9.80368638438708694e-151
8,243,0x1.623c21b861d2p-501,0x1.aa16966a47909p-576,0x1.623c21b861d21p-501,2.11360360399545736e-151
8,244,0x1.3149c63b2203fp-503,0x1.aa16966a47909p-576,0x1.3149c63b2204p-503,4.55388655043383110e-152
8,245,0x1.06f036c9fbb83p-505,0x1.aa16966a47909p-576,0x1.06f036c9fbb84p-505,9.80541850642682796e-153
8,246,0x1.c4a412f60a123p-508,0x1.aa16966a47909p-576,0x1.c4a412f60a124p-508,2.10996885494068855e-153
8,247,0x1.855bf292a9669p-510,0x1.aa16966a47909p-576,0x1.855bf292a966ap-510,4.53745837119126423e-154
8,248,0x1.4eb6e3f7f1202p-512,0x1.aa16966a47909p-576,0x1.4eb6e3f7f1203p-512,9.75161782167480888e-155
8,249,0x1.1f8f085dd9001p-514,0x1.aa16966a47909p-576,0x1.1f8f085dd9002p-514,2.09444426224062759e-155
8,250,0x1.edc8d73f95528p-517,0x1.aa16966a47909p-576,0x1.edc8d73f95529p-517,4.49562171090372280e-156
8,251,0x1.a7b09271d7c8bp-519,0x1.aa16966a47909p-576,0x1.a7b09271d7c8cp-519,9.64362306129655531e-157
8,252,0x1.6b51c5300b313p-521,0x1.aa16966a47909p-576,0x1.6b51c5300b314p-521,2.06738280642656485e-157
8,253,0x1.375bac43108bdp-523,0x1.aa16966a47909p-576,0x1.375bac43108bfp-523,4.42927318339616881e-158
8,254,0x1.0aa9d00914c94p-525,0x1.aa16966a47909p-576,0x1.0aa9d00914c98p-525,9.48365202081789060e-159
8,255,0x1.c87cbe9d561cbp-528,0x1.aa16966a47909p-576,0x1.c87cbe9d561e7p-528,2.02932220706955026e-159
8,256,0x1.867a7795a9b2ep-530,0x1.aa16966a47909p-576,0x1.867a7795a9b9ap-530,4.33969625835157275e-160
8,257,0x1.4dcf469f1e603p-532,0x1.aa16966a47909p-576,0x1.4dcf469f1e7aep-532,9.27472959568464592e-161
8,258,0x1.1d30c63119b2bp-534,0x1.aa16966a47909p-576,0x1.1d30c6311a1d4p-534,1.98096791519470670e-161
8,259,0x1.e70212eb44d7ep-537,0x1.aa16966a47909p-576,0x1.e70212eb482c2p-537,4.22852155458056069e-162
8,260,0x1.9f91985faf137p-539,0x1.aa16966a47909p-576,0x1.9f91985fbc643p-539,9.02059603019769622e-163
8,261,0x1.6264bd910c076p-541,0x1.aa16966a47909p-576,0x1.6264bd91414a4p-541,1.92317209945631268e-163
8,262,0x1.2e0a6f38d6f4dp-543,0x1.aa16966a47909p-576,0x1.2e0a6f39ac003p-543,4.09767908473065152e-164
8,263,0x1.01442aa218916p-545,0x1.aa16966a47909p-576,0x1.01442aa56cbeap-545,8.72559914130520226e-165
8,264,0x1.b5fe814d99fc3p-548,0x1.aa16966a47909p-576,0x1.b5fe81683b65ap-548,1.85690947727848839e-165
8,265,0x1.749deefb55172p-550,0x1.aa16966a47909p-576,0x1.749def65dabcdp-550,3.94934439962479203e-166
8,266,0x1.3ccedf237b1f1p-552,0x1.aa16966a47909p-576,0x1.3ccee0cd91b59p-552,8.39457530467088840e-167
8,267,0x1.0d3265d714f3p-554,0x1.aa16966a47909p-576,0x1.0d326c7f6f4ccp-554,1.78325151221962754e-167
8,268,0x1.c935665ef75c1p-557,0x1.aa16966a47909p-576,0x1.c9359ba1ca297p-557,3.78588664362614471e-168
8,269,0x1.8408bf8efcdddp-559,0x1.aa16966a47909p-576,0x1.8409949a4813p-559,8.03278366812110211e-169
8,270,0x1.492133bde323ap-561,0x1.aa16966a47909p-576,0x1.492487eb0ff84p-561,1.70340019723940100e-169
8,271,0x1.17001f3b2bfddp-563,0x1.aa16966a47909p-576,0x1.170d6fefdf502p-563,3.61042540809926490e-170
8,272,0x1.d8b999faba067p-566,0x1.aa16966a47909p-576,0x1.d9241fa054986p-566,7.65196845613581029e-171
8,273,0x1.903772fb9396ep-568,0x1.aa16966a47909p-576,0x1.91e18991fdde8p-568,1.62487507808289125e-171
8,274,0x1.5288075a83929p-570,0x1.aa16966a47909p-576,0x1.593061b42cb0ep-570,3.48914841024221446e-172
8,275,0x1.1dd919883469ap-572,0x1.aa16966a47909p-576,0x1.387a82eed8e2cp-572,7.89628363814792459e-173
8,276,0x1.e036b5d43ba2ep-575,0x1.aa16966a47909p-576,0x1.5aa10084afb5ap-574,2.18981441483610658e-173
8,277,0x1.8c1568d56d5bp-577,0x1.aa16966a47909p-576,0x1.3810a56a7f1f1p-575,9.85729205084891743e-174
8,278,0x1.31b3dde884855p-579,0x1.aa16966a47909p-576,0x1.d04d122758215p-576,7.33300879309490035e-174
8,279,0x1.6ae254bbd8ad2p-582,0x1.aa16966a47909p-576,0x1.afc21fbd36f35p-576,6.81903978173295074e-174
8,280,0x0p+0,0x1.aa16966a47909p-576,0x1.aa16966a47909p-576,6.72948876841660723e-174
9,0,0x1.2768ca8e8f06p-3,0x1.dd7abca35b29p-543,0x1.2768ca8e8f061p-3,1.44242842174096914e-01
9,1,0x1.8f45d9461c339p-5,0x1.dd7abca35b29p-543,0x1.8f45d9461c33ap-5,4.87393611555319711e-02
9,2,0x1.043f6467bb483p-6,0x1.dd7abca35b29p-543,0x1.043f6467bb484p-6,1.58842545051141176e-02
9,3,0x1.4d3e48e65a2b2p-8,0x1.dd7abca35b29p-543,0x1.4d3e48e65a2b3p-8,5.08488921909904228e-03
9,4,0x1.a6f05d897e174p-10,0x1.dd7abca35b29p-543,0x1.a6f05d897e175p-10,1.61338396935492329e-03
9,5,0x1.0ad457783d666p-11,0x1.dd7abca35b29p-543,0x1.0ad457783d667p-11,5.08936805117610257e-04
9,6,0x1.4edf32f690881p-13,0x1.dd7abca35b29p-543,0x1.4edf32f690882p-13,1.59679351513789729e-04
9,7,0x1.a1efe09839568p-15,0x1.dd7abca35b29p-543,0x1.a1efe09839569p-15,4.98219753255851365e-05
9,8,0x1.035ad8a0034fp-16,0x1.dd7abca35b29p-543,0x1.035ad8a0034f1p-16,1.54587547740907111e-05
9,9,0x1.402c5604df07dp-18,0x1.dd7abca35b29p-543,0x1.402c5604df07ep-18,4.77095227757403776e-06
9,10,0x1.8947b06898da4p-20,0x1.dd7abca35b29p-543,0x1.8947b06898da5p-20,1.46508230094368334e-06
9,11,0x1.e0d83b4157f5bp-22,0x1.dd7abca35b29p-543,0x1.e0d83b4157f5cp-22,4.47821481305487801e-07
9,12,0x1.24b13033cf867p-23,0x1.dd7abca35b29p-543,0x1.24b13033cf868p-23,1.36295399516834949e-07
9,13,0x1.62e6fa59a95a7p-25,0x1.dd7abca35b29p-543,0x1.62e6fa59a95a8p-25,4.13160605288005548e-08
9,14,0x1.acb906e5da955p-27,0x1.dd7abca35b29p-543,0x1.acb906e5da956p-27,1.24774745637286386e-08
9,15,0x1.0208944f3ce03p-28,0x1.dd7abca35b29p-543,0x1.0208944f3ce04p-28,3.75488180759889627e-09
9,16,0x1.358f6da52d78ep-30,0x1.dd7abca35b29p-543,0x1.358f6da52d78fp-30,1.12617369014828572e-09
9,17,0x1.722fb0f5229aep-32,0x1.dd7abca35b29p-543,0x1.722fb0f5229afp-32,3.36682472978345801e-10
9,18,0x1.b95354d668749p-34,0x1.dd7abca35b29p-543,0x1.b95354d66874ap-34,1.00345804018615056e-10
9,19,0x1.064a3e8b69f72p-35,0x1.dd7abca35b29p-543,0x1.064a3e8b69f73p-35,2.98189225821533378e-11
9,20,0x1.36e15ed7dacfdp-37,0x1.dd7abca35b29p-543,0x1.36e15ed7dacfep-37,8.83575107315313753e-12
9,21,0x1.6f746645d11f8p-39,0x1.dd7abca35b29p-543,0x1.6f746645d11f9p-39,2.61092257544174213e-12
9,22,0x1.b12952f1fba17p-41,0x1.dd7abca35b29p-543,0x1.b12952f1fba18p-41,7.69449254345761863e-13
9,23,0x1.fd4a135e1f223p-43,0x1.dd7abca35b29p-543,0x1.fd4a135e1f224p-43,2.26169908591290579e-13
9,24,0x1.2aa40829d43cfp-44,0x1.dd7abca35b29p-543,0x1.2aa40829d43dp-44,6.63115672513466839e-14
9,25,0x1.5d5ffa622eedcp-46,0x1.dd7abca35b29p-543,0x1.5d5ffa622eeddp-46,1.93942037040843624e-14
9,26,0x1.97beda5b048e1p-48,0x1.dd7abca35b29p-543,0x1.97beda5b048e2p-48,5.65860579700287586e-15
9,27,0x1.dac069f553eacp-50,0x1.dd7abca35b29p-543,0x1.dac069f553eadp-50,1.64712554982629502e-15
9,28,0x1.13c03b2353b1cp-51,0x1.dd7abca35b29p-543,0x1.13c03b2353b1dp-51,4.78351563870320208e-16
9,29,0x1.3f9c9d6d48579p-53,0x1.dd7abca35b29p-543,0x1.3f9c9d6d4857ap-53,1.38609513252431740e-16
9,30,0x1.71a2f24301d2bp-55,0x1.dd7abca35b29p-543,0x1.71a2f24301d2cp-55,4.00760706218825646e-17
9,31,0x1.aa929995a72dep-57,0x1.dd7abca35b29p-543,0x1.aa929995a72dfp-57,1.15622750093524071e-17
9,32,0x1.eb3e1cbfaacbfp-59,0x1.dd7abca35b29p-543,0x1.eb3e1cbfaaccp-59,3.32878951569609647e-18
9,33,0x1.1a464e6339427p-60,0x1.dd7abca35b29p-543,0x1.1a464e6339428p-60,9.56383659332457142e-19
9,34,0x1.43bda716652f4p-62,0x1.dd7abca35b29p-543,0x1.43bda716652f5p-62,2.74219150061311320e-19
9,35,0x1.728f80ac55f9ep-64,0x1.dd7abca35b29p-543,0x1.728f80ac55f9fp-64,7.84692502141083118e-20
9,36,0x1.a752db2ea8e15p-66,0x1.dd7abca35b29p-543,0x1.a752db2ea8e16p-66,2.24105677996160814e-20
9,37,0x1.e2ac1d636d695p-68,0x1.dd7abca35b29p-543,0x1.e2ac1d636d696p-68,6.38811501053163504e-21
9,38,0x1.12a6f3f3cd969p-69,0x1.dd7abca35b29p-543,0x1.12a6f3f3cd96ap-69,1.81749553503681053e-21
9,39,0x1.37fcf5cb3dfb3p-71,0x1.dd7abca35b29p-543,0x1.37fcf5cb3dfb4p-71,5.16141057549663774e-22
9,40,0x1.61c0e11d1b4ccp-73,0x1.dd7abca35b29p-543,0x1.61c0e11d1b4cdp-73,1.46308991512480262e-22
9,41,0x1.9063e4328e8b9p-75,0x1.dd7abca35b29p-543,0x1.9063e4328e8bap-75,4.13993764413684542e-23
9,42,0x1.c45ffb9b53896p-77,0x1.dd7abca35b29p-543,0x1.c45ffb9b53897p-77,1.16936179422806910e-23
9,43,0x1.fe385e592a539p-79,0x1.dd7abca35b29p-543,0x1.fe385e592a53ap-79,3.29722069534400113e-24
9,44,0x1.1f3cf44c9542fp-80,0x1.dd7abca35b29p-543,0x1.1f3cf44c9543p-80,9.28116366201547276e-25
9,45,0x1.42ddc218ff36cp-82,0x1.dd7abca35b29p-543,0x1.42ddc218ff36dp-82,2.60809274035106512e-25
9,46,0x1.6a4f47084852fp-84,0x1.dd7abca35b29p-543,0x1.6a4f47084853p-84,7.31678567054929140e-26
9,47,0x1.95e79bd7e702p-86,0x1.dd7abca35b29p-543,0x1.95e79bd7e7021p-86,2.04929514379692688e-26
9,48,0x1.c60271d5f7228p-88,0x1.dd7abca35b29p-543,0x1.c60271d5f7229p-88,5.73040614711660838e-27
9,49,0x1.fb013e3b34515p-90,0x1.dd7abca35b29p-543,0x1.fb013e3b34516p-90,1.59982523806637359e-27
9,50,0x1.1aa5b1095dc12p-91,0x1.dd7abca35b29p-543,0x1.1aa5b1095dc13p-91,4.45938703556085023e-28
9,51,0x1.3aa727143f1ffp-93,0x1.dd7abca35b29p-543,0x1.3aa727143f2p-93,1.24108701558975816e-28
9,52,0x1.5dbed139bd06ap-95,0x1.dd7abca35b29p-543,0x1.5dbed139bd06bp-95,3.44875571357578039e-29
9,53,0x1.8429a436d8f2bp-97,0x1.dd7abca35b29p-543,0x1.8429a436d8f2cp-97,9.56894840272538365e-30
9,54,0x1.ae27c3e4d59ebp-99,0x1.dd7abca35b29p-543,0x1.ae27c3e4d59ecp-99,2.65103691609710047e-30
9,55,0x1.dbfc8a79ef364p-101,0x1.dd7abca35b29p-543,0x1.dbfc8a79ef365p-101,7.33373304260671030e-31
9,56,0x1.06f746338db28p-102,0x1.dd7abca35b29p-543,0x1.06f746338db29p-102,2.02581571972960738e-31
9,57,0x1.2223cc451e9b3p-104,0x1.dd7abca35b29p-543,0x1.2223cc451e9b4p-104,5.58788997562607732e-32
9,58,0x1.3faa5a369334ap-106,0x1.dd7abca35b29p-543,0x1.3faa5a369334bp-106,1.53913310310104399e-32
9,59,0x1.5fb30a25a22dcp-108,0x1.dd7abca35b29p-543,0x1.5fb30a25a22ddp-108,4.23342721876202974e-33
9,60,0x1.8267874cfc585p-110,0x1.dd7abca35b29p-543,0x1.8267874cfc586p-110,1.16279346959452619e-33
9,61,0x1.a7f305693140bp-112,0x1.dd7abca35b29p-543,0x1.a7f305693140cp-112,3.18944005586909410e-34
9,62,0x1.d082359f64203p-114,0x1.dd7abca35b29p-543,0x1.d082359f64204p-114,8.73643634104276680e-35
9,63,0x1.fc4338c8f3f06p-116,0x1.dd7abca35b29p-543,0x1.fc4338c8f3f07p-116,2.38983919064135675e-35
9,64,0x1.15b2c784ccda4p-117,0x1.dd7abca35b29p-543,0x1.15b2c784ccda5p-117,6.52865699571328678e-36
9,65,0x1.2f0d024c1b0d2p-119,0x1.dd7abca35b29p-543,0x1.2f0d024c1b0d3p-119,1.78117261288617210e-36
9,66,0x1.4a494dd2c96e2p-121,0x1.dd7abca35b29p-543,0x1.4a494dd2c96e3p-121,4.85312164026076967e-37
9,67,0x1.678139a7dd862p-123,0x1.dd7abca35b29p-543,0x1.678139a7dd863p-123,1.32061201576328501e-37
9,68,0x1.86ced5ca1eddcp-125,0x1.dd7abca35b29p-543,0x1.86ced5ca1edddp-125,3.58900419603761669e-38
9,69,0x1.a84ca31bd67ffp-127,0x1.dd7abca35b29p-543,0x1.a84ca31bd68p-127,9.74143564948488098e-39
9,70,0x1.cc15824e7a1fbp-129,0x1.dd7abca35b29p-543,0x1.cc15824e7a1fcp-129,2.64075276322437037e-39
9,71,0x1.f244a145d7a23p-131,0x1.dd7abca35b29p-543,0x1.f244a145d7a24p-131,7.14979638776621560e-40
9,72,0x1.0d7ab37a5e8c7p-132,0x1.dd7abca35b29p-543,0x1.0d7ab37a5e8c8p-132,1.93341916581175752e-40
9,73,0x1.2321aedbceb11p-134,0x1.dd7abca35b29p-543,0x1.2321aedbceb12p-134,5.22191651963308734e-41
9,74,0x1.3a250e1a2780cp-136,0x1.dd7abca35b29p-543,0x1.3a250e1a2780dp-136,1.40867376240263000e-41
9,75,0x1.529296645aac2p-138,0x1.dd7abca35b29p-543,0x1.529296645aac3p-138,3.79553019737478852e-42
9,76,0x1.6c77f9ca73f9fp-140,0x1.dd7abca35b29p-543,0x1.6c77f9ca73fap-140,1.02145873380845652e-42
9,77,0x1.87e2c9981dc5ap-142,0x1.dd7abca35b29p-543,0x1.87e2c9981dc5bp-142,2.74574546931270034e-43
9,78,0x1.a4e0680db39ccp-144,0x1.dd7abca35b29p-543,0x1.a4e0680db39cdp-144,7.37217145071697717e-44
9,79,0x1.c37df9826cea7p-146,0x1.dd7abca35b29p-543,0x1.c37df9826cea8p-146,1.97710990692881484e-44
9,80,0x1.e3c854fb947b1p-148,0x1.dd7abca35b29p-543,0x1.e3c854fb947b2p-148,5.29627921722631217e-45
9,81,0x1.02e5fa2314005p-149,0x1.dd7abca35b29p-543,0x1.02e5fa2314006p-149,1.41716350594531536e-45
9,82,0x1.14ca71d0ccd9cp-151,0x1.dd7abca35b29p-543,0x1.14ca71d0ccd9dp-151,3.78775900236582083e-46
9,83,0x1.27975885e16ebp-153,0x1.dd7abca35b29p-543,0x1.27975885e16ecp-153,1.01125851300164229e-46
9,84,0x1.3b522d9fae9a5p-155,0x1.dd7abca35b29p-543,0x1.3b522d9fae9a6p-155,2.69689236577901369e-47
9,85,0x1.5000203bc808cp-157,0x1.dd7abca35b29p-543,0x1.5000203bc808dp-157,7.18440205740476272e-48
9,86,0x1.65a6068621237p-159,0x1.dd7abca35b29p-543,0x1.65a6068621238p-159,1.91182077687317132e-48
9,87,0x1.7c4854fdf784dp-161,0x1.dd7abca35b29p-543,0x1.7c4854fdf784ep-161,5.08202885576925153e-49
9,88,0x1.93eb15bc58a42p-163,0x1.dd7abca35b29p-543,0x1.93eb15bc58a43p-163,1.34947322387327912e-49
9,89,0x1.ac91dfc788f5fp-165,0x1.dd7abca35b29p-543,0x1.ac91dfc788f6p-165,3.57958216558405531e-50
9,90,0x1.c63fce7ef06b5p-167,0x1.dd7abca35b29p-543,0x1.c63fce7ef06b6p-167,9.48516680175238347e-51
9,91,0x1.e0f7792b7d95ep-169,0x1.dd7abca35b29p-543,0x1.e0f7792b7d95fp-169,2.51076328683585593e-51
9,92,0x1.fcbaeac0acc45p-171,0x1.dd7abca35b29p-543,0x1.fcbaeac0acc46p-171,6.63923817035729548e-52
9,93,0x1.0cc5cced451b1p-172,0x1.dd7abca35b29p-543,0x1.0cc5cced451b2p-172,1.75382342733276685e-52
9,94,0x1.1bb530828e9e9p-174,0x1.dd7abca35b29p-543,0x1.1bb530828e9eap-174,4.62819897168158812e-53
9,95,0x1.2b2bbbacd6633p-176,0x1.dd7abca35b29p-543,0x1.2b2bbbacd6634p-176,1.22011298103203801e-53
9,96,0x1.3b2934bf1e136p-178,0x1.dd7abca35b29p-543,0x1.3b2934bf1e137p-178,3.21331441811701290e-54
9,97,0x1.4bad0989bc3d1p-180,0x1.dd7abca35b29p-543,0x1.4bad0989bc3d2p-180,8.45424377735267193e-55
9,98,0x1.5cb64c4e8987ep-182,0x1.dd7abca35b29p-543,0x1.5cb64c4e8987fp-182,2.22212171507952265e-55
9,99,0x1.6e43b0f81a241p-184,0x1.dd7abca35b29p-543,0x1.6e43b0f81a242p-184,5.83492883379802047e-56
9,100,0x1.80538a99a5faap-186,0x1.dd7abca35b29p-543,0x1.80538a99a5fabp-186,1.53066793331720287e-56
9,101,0x1.92e3c93d04704p-188,0x1.dd7abca35b29p-543,0x1.92e3c93d04705p-188,4.01150290360376432e-57
9,102,0x1.a5f1f803d87efp-190,0x1.dd7abca35b29p-543,0x1.a5f1f803d87fp-190,1.05030854715616761e-57
9,103,0x1.b97b3ba0b7d05p-192,0x1.dd7abca35b29p-543,0x1.b97b3ba0b7d06p-192,2.74734536390714639e-58
9,104,0x1.cd7c512cbbb37p-194,0x1.dd7abca35b29p-543,0x1.cd7c512cbbb38p-194,7.17958006030385825e-59
9,105,0x1.e1f18d5d859ebp-196,0x1.dd7abca35b29p-543,0x1.e1f18d5d859ecp-196,1.87446384847960950e-59
9,106,0x1.f6d6dc1f5334bp-198,0x1.dd7abca35b29p-543,0x1.f6d6dc1f5334cp-198,4.88933847373166859e-60
9,107,0x1.0613e04b23d93p-199,0x1.dd7abca35b29p-543,0x1.0613e04b23d94p-199,1.27415091027930540e-60
9,108,0x1.10efaac4c99ep-201,0x1.dd7abca35b29p-543,0x1.10efaac4c99e1p-201,3.31735574063580040e-61
9,109,0x1.1bfc271d4e17bp-203,0x1.dd7abca35b29p-543,0x1.1bfc271d4e17cp-203,8.62911532441462716e-62
9,110,0x1.27367bd4e24d6p-205,0x1.dd7abca35b29p-543,0x1.27367bd4e24d7p-205,2.24257071870800776e-62
9,111,0x1.329b9d24eb4edp-207,0x1.dd7abca35b29p-543,0x1.329b9d24eb4eep-207,5.82283153699484188e-63
9,112,0x1.3e284e11477f7p-209,0x1.dd7abca35b29p-543,0x1.3e284e11477f8p-209,1.51054276843955624e-63
9,113,0x1.49d921b113538p-211,0x1.dd7abca35b29p-543,0x1.49d921b113539p-211,3.91511955915212113e-64
9,114,0x1.55aa7cae915cep-213,0x1.dd7abca35b29p-543,0x1.55aa7cae915cfp-213,1.01384759907169986e-64
9,115,0x1.619896fd8c5e6p-215,0x1.dd7abca35b29p-543,0x1.619896fd8c5e7p-215,2.62312131619945650e-65
9,116,0x1.6d9f7dc73cfc8p-217,0x1.dd7abca35b29p-543,0x1.6d9f7dc73cfc9p-217,6.78085564278304387e-66
9,117,0x1.79bb158a6fd1bp-219,0x1.dd7abca35b29p-543,0x1.79bb158a6fd1cp-219,1.75135174644230906e-66
9,118,0x1.85e71c6e5cd33p-221,0x1.dd7abca35b29p-543,0x1.85e71c6e5cd34p-221,4.51946806483873788e-67
9,119,0x1.921f2cc6568e6p-223,0x1.dd7abca35b29p-543,0x1.921f2cc6568e7p-223,1.16527544407825204e-67
9,120,0x1.9e5ebfc42f618p-225,0x1.dd7abca35b29p-543,0x1.9e5ebfc42f619p-225,3.00192221505606797e-68
9,121,0x1.aaa13056ece48p-227,0x1.dd7abca35b29p-543,0x1.aaa13056ece49p-227,7.72684228049435666e-69
9,122,0x1.b6e1be331eadbp-229,0x1.dd7abca35b29p-543,0x1.b6e1be331eadcp-229,1.98718640550567701e-69
9,123,0x1.c31b9101ee1abp-231,0x1.dd7abca35b29p-543,0x1.c31b9101ee1acp-231,5.10635799082066197e-70
9,124,0x1.cf49bbb3c116cp-233,0x1.dd7abca35b29p-543,0x1.cf49bbb3c116dp-233,1.31105863544520587e-70
9,125,0x1.db673ff31263p-235,0x1.dd7abca35b29p-543,0x1.db673ff312631p-235,3.36335929279729791e-71
9,126,0x1.e76f11b3ef333p-237,0x1.dd7abca35b29p-543,0x1.e76f11b3ef334p-237,8.62118094413772617e-72
9,127,0x1.f35c1adc5c716p-239,0x1.dd7abca35b29p-543,0x1.f35c1adc5c717p-239,2.20802829911710454e-72
9,128,0x1.ff293f01bd133p-241,0x1.dd7abca35b29p-543,0x1.ff293f01bd134p-241,5.65052617075102058e-73
9,129,0x1.0568af9b986eep-242,0x1.dd7abca35b29p-543,0x1.0568af9b986efp-242,1.44484580960435726e-73
9,130,0x1.0b27aef462d17p-244,0x1.dd7abca35b29p-543,0x1.0b27aef462d18p-244,3.69151316094906250e-74
9,131,0x1.10cf115f9f2d8p-246,0x1.dd7abca35b29p-543,0x1.10cf115f9f2d9p-246,9.42409315336885732e-75
9,132,0x1.165c4f4411757p-248,0x1.dd7abca35b29p-543,0x1.165c4f4411758p-248,2.40396892684970913e-75
9,133,0x1.1bcce78ee0892p-250,0x1.dd7abca35b29p-543,0x1.1bcce78ee0893p-250,6.12737040513109100e-76
9,134,0x1.211e61a56192p-252,0x1.dd7abca35b29p-543,0x1.211e61a561921p-252,1.56054851935671403e-76
9,135,0x1.264e4f5281d46p-254,0x1.dd7abca35b29p-543,0x1.264e4f5281d47p-254,3.97136771983733668e-77
9,136,0x1.2b5a4eada6f8bp-256,0x1.dd7abca35b29p-543,0x1.2b5a4eada6f8cp-256,1.00986754648920744e-77
9,137,0x1.30400bf8e5698p-258,0x1.dd7abca35b29p-543,0x1.30400bf8e5699p-258,2.56597252007853950e-78
9,138,0x1.34fd43747704fp-260,0x1.dd7abca35b29p-543,0x1.34fd43747705p-260,6.51485294791429233e-79
9,139,0x1.398fc3256a21ap-262,0x1.dd7abca35b29p-543,0x1.398fc3256a21bp-262,1.65281407677626881e-79
9,140,0x1.3df56c8d917aep-264,0x1.dd7abca35b29p-543,0x1.3df56c8d917afp-264,4.18997927855338066e-80
9,141,0x1.422c3652d0f67p-266,0x1.dd7abca35b29p-543,0x1.422c3652d0f68p-266,1.06137763016684614e-80
9,142,0x1.46322dd3f941fp-268,0x1.dd7abca35b29p-543,0x1.46322dd3f942p-268,2.68658040974875721e-81
9,143,0x1.4a0578a97cdcdp-270,0x1.dd7abca35b29p-543,0x1.4a0578a97cdcep-270,6.79521608088008455e-82
9,144,0x1.4da4561063e2cp-272,0x1.dd7abca35b29p-543,0x1.4da4561063e2dp-272,1.71744109131502257e-82
9,145,0x1.510d203e010e3p-274,0x1.dd7abca35b29p-543,0x1.510d203e010e4p-274,4.33747709884855638e-83
9,146,0x1.543e4d9b09271p-276,0x1.dd7abca35b29p-543,0x1.543e4d9b09272p-276,1.09463896880861942e-83
9,147,0x1.573671e4cef35p-278,0x1.dd7abca35b29p-543,0x1.573671e4cef36p-278,2.76047970618775275e-84
9,148,0x1.59f43f3387aa1p-280,0x1.dd7abca35b29p-543,0x1.59f43f3387aa2p-280,6.95632264988466929e-85
9,149,0x1.5c7686e49f8b2p-282,0x1.dd7abca35b29p-543,0x1.5c7686e49f8b3p-282,1.75169271357759331e-85
9,150,0x1.5ebc3a684aa85p-284,0x1.dd7abca35b29p-543,0x1.5ebc3a684aa86p-284,4.40778804090795161e-86
9,151,0x1.60c46bf1a31bep-286,0x1.dd7abca35b29p-543,0x1.60c46bf1a31bfp-286,1.10833120653009237e-86
9,152,0x1.628e4f08cbf9bp-288,0x1.dd7abca35b29p-543,0x1.628e4f08cbf9cp-288,2.78487683153571130e-87
9,153,0x1.641938feb6429p-290,0x1.dd7abca35b29p-543,0x1.641938feb642ap-290,6.99248378646663296e-88
9,154,0x1.6564a1424b913p-292,0x1.dd7abca35b29p-543,0x1.6564a1424b914p-292,1.75447606114274752e-88
9,155,0x1.66702196e837cp-294,0x1.dd7abca35b29p-543,0x1.66702196e837dp-294,4.39901426262226808e-89
9,156,0x1.673b762c34707p-296,0x1.dd7abca35b29p-543,0x1.673b762c34708p-296,1.10219049913498090e-89
9,157,0x1.67c67d97913c2p-298,0x1.dd7abca35b29p-543,0x1.67c67d97913c3p-298,2.75964193550153425e-90
9,158,0x1.681138af720bcp-300,0x1.dd7abca35b29p-543,0x1.681138af720bdp-300,6.90470268794263173e-91
9,159,0x1.681bca491f907p-302,0x1.dd7abca35b29p-543,0x1.681bca491f908p-302,1.72637358987578534e-91
9,160,0x1.67e676d982373p-304,0x1.dd7abca35b29p-543,0x1.67e676d982374p-304,4.31343742761508916e-92
9,161,0x1.6771a3f9b3742p-306,0x1.dd7abca35b29p-543,0x1.6771a3f9b3743p-306,1.07699202969661573e-92
9,162,0x1.66bdd7d034537p-308,0x1.dd7abca35b29p-543,0x1.66bdd7d034538p-308,2.68721911334956947e-93
9,163,0x1.65cbb85fc4f8fp-310,0x1.dd7abca35b29p-543,0x1.65cbb85fc4f9p-310,6.70033621100569732e-94
9,164,0x1.649c0abcf4801p-312,0x1.dd7abca35b29p-543,0x1.649c0abcf4802p-312,1.66953044589403281e-94
9,165,0x1.632fb22b9a04dp-314,0x1.dd7abca35b29p-543,0x1.632fb22b9a04ep-314,4.15716840083931117e-95
9,166,0x1.6187af257f42ep-316,0x1.dd7abca35b29p-543,0x1.6187af257f42fp-316,1.03444569866229060e-95
9,167,0x1.5fa51e4b9a5a4p-318,0x1.dd7abca35b29p-543,0x1.5fa51e4b9a5a5p-318,2.57232508032543755e-96
9,168,0x1.5d893743474f9p-320,0x1.dd7abca35b29p-543,0x1.5d893743474fap-320,6.39224384352532879e-97
9,169,0x1.5b354b8102956p-322,0x1.dd7abca35b29p-543,0x1.5b354b8102957p-322,1.58741830287072152e-97
9,170,0x1.58aac50233f9fp-324,0x1.dd7abca35b29p-543,0x1.58aac50233fap-324,3.93950113614603247e-98
9,171,0x1.55eb24f7a5772p-326,0x1.dd7abca35b29p-543,0x1.55eb24f7a5773p-326,9.77021429668286217e-99
9,172,0x1.52f802624aa39p-328,0x1.dd7abca35b29p-543,0x1.52f802624aa3ap-328,2.42148155541415528e-99
9,173,0x1.4fd308a4048efp-330,0x1.dd7abca35b29p-543,0x1.4fd308a4048fp-330,5.99754685027184935e-100
9,174,0x1.4c7df606128b3p-332,0x1.dd7abca35b29p-543,0x1.4c7df606128b4p-332,1.48450860945322694e-100
9,175,0x1.48fa9a36e294dp-334,0x1.dd7abca35b29p-543,0x1.48fa9a36e294ep-334,3.67205813043946051e-101
9,176,0x1.454ad4c0f4076p-336,0x1.dd7abca35b29p-543,0x1.454ad4c0f4077p-336,9.07727069123215674e-102
9,177,0x1.4170937c7d163p-338,0x1.dd7abca35b29p-543,0x1.4170937c7d164p-338,2.24244129538020151e-102
9,178,0x1.3d6dd0fd7eedep-340,0x1.dd7abca35b29p-543,0x1.3d6dd0fd7eedfp-340,5.53615280993964782e-103
9,179,0x1.394492ffedf36p-342,0x1.dd7abca35b29p-543,0x1.394492ffedf37p-342,1.36589516930035914e-103
9,180,0x1.34f6e8d38b04bp-344,0x1.dd7abca35b29p-543,0x1.34f6e8d38b04cp-344,3.36782948105938409e-104
9,181,0x1.3086e9c90038cp-346,0x1.dd7abca35b29p-543,0x1.3086e9c90038dp-346,8.29864804188514718e-105
9,182,0x1.2bf6b3a1c77b9p-348,0x1.dd7abca35b29p-543,0x1.2bf6b3a1c77bap-348,2.04357327419119658e-105
9,183,0x1.2748690453761p-350,0x1.dd7abca35b29p-543,0x1.2748690453762p-350,5.02921010837193791e-106
9,184,0x1.227e2ff5e41b4p-352,0x1.dd7abca35b29p-543,0x1.227e2ff5e41b5p-352,1.23690718426845261e-106
9,185,0x1.1d9a305b5f385p-354,0x1.dd7abca35b29p-543,0x1.1d9a305b5f386p-354,3.04020781295294506e-107
9,186,0x1.189e928273acdp-356,0x1.dd7abca35b29p-543,0x1.189e928273acep-356,7.46791396068981780e-108
9,187,0x1.138d7db43ae54p-358,0x1.dd7abca35b29p-543,0x1.138d7db43ae55p-358,1.83326926187592453e-108
9,188,0x1.0e6916d278143p-360,0x1.dd7abca35b29p-543,0x1.0e6916d278144p-360,4.49764479854490172e-109
9,189,0x1.09337f007ffc7p-362,0x1.dd7abca35b29p-543,0x1.09337f007ffc8p-362,1.10274987746330233e-109
9,190,0x1.03eed258bead9p-364,0x1.dd7abca35b29p-543,0x1.03eed258beadap-364,2.70210897729274766e-110
9,191,0x1.fd3a4d5f750bbp-367,0x1.dd7abca35b29p-543,0x1.fd3a4d5f750bcp-367,6.61703881716258273e-111
9,192,0x1.f28114cabb0d5p-369,0x1.dd7abca35b29p-543,0x1.f28114cabb0d6p-369,1.61942364790174446e-111
9,193,0x1.e7b6068a6ed52p-371,0x1.dd7abca35b29p-543,0x1.e7b6068a6ed53p-371,3.96090318750203426e-112
9,194,0x1.dcdd1aeca88b1p-373,0x1.dd7abca35b29p-543,0x1.dcdd1aeca88b2p-373,9.68201851870354302e-113
9,195,0x1.d1fa34f6597bbp-375,0x1.dd7abca35b29p-543,0x1.d1fa34f6597bcp-375,2.36524692838228159e-113
9,196,0x1.c71120843cf84p-377,0x1.dd7abca35b29p-543,0x1.c71120843cf85p-377,5.77466665206123628e-114
9,197,0x1.bc25908d8a524p-379,0x1.dd7abca35b29p-543,0x1.bc25908d8a525p-379,1.40902323202240748e-114
9,198,0x1.b13b1d88eced8p-381,0x1.dd7abca35b29p-543,0x1.b13b1d88eced9p-381,3.43598398626655647e-115
9,199,0x1.a65543f41c3bp-383,0x1.dd7abca35b29p-543,0x1.a65543f41c3b1p-383,8.37388096024829414e-116
9,200,0x1.9b7762fe4547dp-385,0x1.dd7abca35b29p-543,0x1.9b7762fe4547ep-385,2.03960483426183540e-116
9,201,0x1.90a4bb554d4b5p-387,0x1.dd7abca35b29p-543,0x1.90a4bb554d4b6p-387,4.96489188753203242e-117
9,202,0x1.85e06e15cf784p-389,0x1.dd7abca35b29p-543,0x1.85e06e15cf785p-389,1.20786662228256450e-117
9,203,0x1.7b2d7bdd92b81p-391,0x1.dd7abca35b29p-543,0x1.7b2d7bdd92b82p-391,2.93680076824137820e-118
9,204,0x1.708ec40010f49p-393,0x1.dd7abca35b29p-543,0x1.708ec40010f4ap-393,7.13636742427991690e-119
9,205,0x1.660703dc880d2p-395,0x1.dd7abca35b29p-543,0x1.660703dc880d3p-395,1.73311753109808926e-119
9,206,0x1.5b98d654ed909p-397,0x1.dd7abca35b29p-543,0x1.5b98d654ed90ap-397,4.20656690935352371e-120
9,207,0x1.5146b3650119fp-399,0x1.dd7abca35b29p-543,0x1.5146b365011ap-399,1.02041639669570754e-120
9,208,0x1.4712efd89e143p-401,0x1.dd7abca35b29p-543,0x1.4712efd89e144p-401,2.47387504011611624e-121
9,209,0x1.3cffbd2055086p-403,0x1.dd7abca35b29p-543,0x1.3cffbd2055087p-403,5.99417815121609440e-122
9,210,0x1.330f29433e137p-405,0x1.dd7abca35b29p-543,0x1.330f29433e138p-405,1.45155647680182054e-122
9,211,0x1.29431eece1d1cp-407,0x1.dd7abca35b29p-543,0x1.29431eece1d1dp-407,3.51310777598737336e-123
9,212,0x1.1f9d6596043b1p-409,0x1.dd7abca35b29p-543,0x1.1f9d6596043b2p-409,8.49773308103100783e-124
9,213,0x1.161fa1c70d1afp-411,0x1.dd7abca35b29p-543,0x1.161fa1c70d1bp-411,2.05432712290258847e-124
9,214,0x1.0ccb5572bc8d9p-413,0x1.dd7abca35b29p-543,0x1.0ccb5572bc8dap-413,4.96354354273778504e-125
9,215,0x1.03a1e067ce9f6p-415,0x1.dd7abca35b29p-543,0x1.03a1e067ce9f7p-415,1.19858987756286997e-125
9,216,0x1.f54901b050517p-418,0x1.dd7abca35b29p-543,0x1.f54901b050518p-418,2.89272210436510440e-126
9,217,0x1.e3a8a7e840577p-420,0x1.dd7abca35b29p-543,0x1.e3a8a7e840578p-420,6.97751792197368131e-127
9,218,0x1.d264ad30e826ap-422,0x1.dd7abca35b29p-543,0x1.d264ad30e826bp-422,1.68210901094539204e-127
9,219,0x1.c17ecc1ae48afp-424,0x1.dd7abca35b29p-543,0x1.c17ecc1ae48bp-424,4.05291065546875097e-128
9,220,0x1.b0f881abcb887p-426,0x1.dd7abca35b29p-543,0x1.b0f881abcb888p-426,9.75978876833142457e-129
9,221,0x1.a0d30f189c0edp-428,0x1.dd7abca35b29p-543,0x1.a0d30f189c0eep-428,2.34895704705716219e-129
9,222,0x1.910f7b99e1ffdp-430,0x1.dd7abca35b29p-543,0x1.910f7b99e1ffep-430,5.65030339660651497e-130
9,223,0x1.81ae9656b3a58p-432,0x1.dd7abca35b29p-543,0x1.81ae9656b3a59p-432,1.35841121228301627e-130
9,224,0x1.72b0f863b70b7p-434,0x1.dd7abca35b29p-543,0x1.72b0f863b70b8p-434,3.26403117705020765e-131
9,225,0x1.641706d36d84cp-436,0x1.dd7abca35b29p-543,0x1.641706d36d84dp-436,7.83865660432239047e-132
9,226,0x1.55e0f4d513cc1p-438,0x1.dd7abca35b29p-543,0x1.55e0f4d513cc2p-438,1.88145581360569993e-132
9,227,0x1.480ec5df784d3p-440,0x1.dd7abca35b29p-543,0x1.480ec5df784d4p-440,4.51348691030761936e-133
9,228,0x1.3aa04fe53e516p-442,0x1.dd7abca35b29p-543,0x1.3aa04fe53e517p-442,1.08217341960288150e-133
9,229,0x1.2d953d901c149p-444,0x1.dd7abca35b29p-543,0x1.2d953d901c14ap-444,2.59327620200417756e-134
9,230,0x1.20ed1080ba7e9p-446,0x1.dd7abca35b29p-543,0x1.20ed1080ba7eap-446,6.21110174198729705e-135
9,231,0x1.14a72390f79abp-448,0x1.dd7abca35b29p-543,0x1.14a72390f79acp-448,1.48681585276859752e-135
9,232,0x1.08c2ad16685cbp-450,0x1.dd7abca35b29p-543,0x1.08c2ad16685ccp-450,3.55725585101820514e-136
9,233,0x1.fa7d824625e23p-453,0x1.dd7abca35b29p-543,0x1.fa7d824625e24p-453,8.50634719331398711e-137
9,234,0x1.e434a784f04ecp-455,0x1.dd7abca35b29p-543,0x1.e434a784f04edp-455,2.03302111030561463e-137
9,235,0x1.cea8766241605p-457,0x1.dd7abca35b29p-543,0x1.cea8766241606p-457,4.85637422346859305e-138
9,236,0x1.b9d6641a02a75p-459,0x1.dd7abca35b29p-543,0x1.b9d6641a02a76p-459,1.15945677698288509e-138
9,237,0x1.a5bbb2fa50196p-461,0x1.dd7abca35b29p-543,0x1.a5bbb2fa50197p-461,2.76674940064709999e-139
9,238,0x1.9255769e84e73p-463,0x1.dd7abca35b29p-543,0x1.9255769e84e74p-463,6.59870336743711354e-140
9,239,0x1.7fa098135b702p-465,0x1.dd7abca35b29p-543,0x1.7fa098135b703p-465,1.57297412751943432e-140
9,240,0x1.6d99d9e1bb5f8p-467,0x1.dd7abca35b29p-543,0x1.6d99d9e1bb5f9p-467,3.74765334203374671e-141
9,241,0x1.5c3ddbfe0e99cp-469,0x1.dd7abca35b29p-543,0x1.5c3ddbfe0e99dp-469,8.92427131666409137e-142
9,242,0x1.4b891f9a310efp-471,0x1.dd7abca35b29p-543,0x1.4b891f9a310fp-471,2.12403807109601829e-142
9,243,0x1.3b780ad849642p-473,0x1.dd7abca35b29p-543,0x1.3b780ad849643p-473,5.05275986189933517e-143
9,244,0x1.2c06ec5d10e07p-475,0x1.dd7abca35b29p-543,0x1.2c06ec5d10e08p-475,1.20135814626633926e-143
9,245,0x1.1d31fec0486dp-477,0x1.dd7abca35b29p-543,0x1.1d31fec0486d1p-477,2.85492337914384146e-144
9,246,0x1.0ef56bda4d49dp-479,0x1.dd7abca35b29p-543,0x1.0ef56bda4d49ep-479,6.78102233274066749e-145
9,247,0x1.014d4fedf35afp-481,0x1.dd7abca35b29p-543,0x1.014d4fedf35bp-481,1.60981245722882640e-145
9,248,0x1.e86b795bf80c4p-484,0x1.dd7abca35b29p-543,0x1.e86b795bf80c5p-484,3.81975416432036603e-146
9,249,0x1.cf55783b5ebb5p-486,0x1.dd7abca35b29p-543,0x1.cf55783b5ebb6p-486,9.05891504131779328e-147
9,250,0x1.b750a698934fcp-488,0x1.dd7abca35b29p-543,0x1.b750a698934fdp-488,2.14732719520103254e-147
9,251,0x1.a05509d6338e9p-490,0x1.dd7abca35b29p-543,0x1.a05509d6338ebp-490,5.08747328036213474e-148
9,252,0x1.8a5aa77ca6731p-492,0x1.dd7abca35b29p-543,0x1.8a5aa77ca6736p-492,1.20472673562462997e-148
9,253,0x1.755989d17ce7p-494,0x1.dd7abca35b29p-543,0x1.755989d17ce8p-494,2.85139938913761284e-149
9,254,0x1.6149c425225d1p-496,0x1.dd7abca35b29p-543,0x1.6149c4252260ep-496,6.74545508588677384e-150
9,255,0x1.4e2376d7b5ce2p-498,0x1.dd7abca35b29p-543,0x1.4e2376d7b5dd2p-498,1.59495617546010361e-150
9,256,0x1.3bded3161c5dfp-500,0x1.dd7abca35b29p-543,0x1.3bded3161c99bp-500,3.76939061266884656e-151
9,257,0x1.2a741e50956b2p-502,0x1.dd7abca35b29p-543,0x1.2a741e509659fp-502,8.90387419409662208e-152
9,258,0x1.19dbb56c488b9p-504,0x1.dd7abca35b29p-543,0x1.19dbb56c4c469p-504,2.10219476978357919e-152
9,259,0x1.0a0e0fb171ea3p-506,0x1.dd7abca35b29p-543,0x1.0a0e0fb180d61p-506,4.96082074624024943e-153
9,260,0x1.f60782eff1678p-509,0x1.dd7abca35b29p-543,0x1.f60782f068c64p-509,1.17009558988233532e-153
9,261,0x1.d96afd28b82d8p-511,0x1.dd7abca35b29p-543,0x1.d96afd2a95a85p-511,2.75852515369180151e-154
9,262,0x1.be38390df88f3p-513,0x1.dd7abca35b29p-543,0x1.be3839156e7a3p-513,6.50011323159533333e-155
9,263,0x1.a46128df92dbbp-515,0x1.dd7abca35b29p-543,0x1.a46128fd6a879p-515,1.53092469916419512e-155
9,264,0x1.8bd8099050e53p-517,0x1.dd7abca35b29p-543,0x1.8bd80a07af947p-517,3.60392908360018740e-156
9,265,0x1.748f65c78d03ep-519,0x1.dd7abca35b29p-543,0x1.748f67a507c09p-519,8.47986062569988317e-157
9,266,0x1.5e7a1869b0077p-521,0x1.dd7abca35b29p-543,0x1.5e7a1fdf9afa1p-521,1.99430637267428153e-157
9,267,0x1.498b4e80eb068p-523,0x1.dd7abca35b29p-543,0x1.498b6c5896d0cp-523,4.68798842784498708e-158
9,268,0x1.35b687ebf275p-525,0x1.dd7abca35b29p-543,0x1.35b6ff4aa19dep-525,1.10147416761883096e-158
9,269,0x1.22ef949540acdp-527,0x1.dd7abca35b29p-543,0x1.22f1720ffd504p-527,2.58678569976505418e-159
9,270,0x1.112a86165443fp-529,0x1.dd7abca35b29p-543,0x1.1131fc0146d17p-529,6.07247135680394363e-160
9,271,0x1.005b78e61465ep-531,0x1.dd7abca35b29p-543,0x1.00795091de9bap-531,1.42519893334425336e-160
9,272,0x1.e0eba00100bc9p-534,0x1.dd7abca35b29p-543,0x1.e1da5d5f526a3p-534,3.34700919804145181e-161
9,273,0x1.c2d311649912dp-536,0x1.dd7abca35b29p-543,0x1.c68e06dddfc93p-536,7.89348157543052690e-162
9,274,0x1.a6344a4e1c96cp-538,0x1.dd7abca35b29p-543,0x1.b520203337701p-538,1.89770412204218685e-162
9,275,0x1.8a819060c9debp-540,0x1.dd7abca35b29p-543,0x1.c630e7f53543ep-540,4.92947806032600210e-163
9,276,0x1.6e1cd874ddcbdp-542,0x1.dd7abca35b29p-543,0x1.2e6d1b6345b03p-541,1.64116328184554952e-163
9,277,0x1.4c37bba6f69ebp-544,0x1.dd7abca35b29p-543,0x1.41cb4d3b6b3c4p-542,8.73133247391097003e-164
9,278,0x1.178c3bb5b9a3cp-546,0x1.dd7abca35b29p-543,0x1.0036220d092edp-542,6.95185861735368467e-164
9,279,0x1.644716fef632cp-549,0x1.dd7abca35b29p-543,0x1.e30bd8ff5701ep-543,6.55331631459074378e-164
9,280,0x0p+0,0x1.dd7abca35b29p-543,0x1.dd7abca35b29p-543,6.47779299887418868e-164
10,0,0x1.37286c569df8dp-3,0x1.e3963c5ae4e9cp-515,0x1.37286c569df8ep-3,1.51932569878905743e-01
10,1,0x1.afc32c01c6e38p-5,0x1.e3963c5ae4e9cp-515,0x1.afc32c01c6e39p-5,5.27053699026648961e-02
10,2,0x1.22b374edff69ap-6,0x1.e3963c5ae4e9cp-515,0x1.22b374edff69bp-6,1.77429811374084472e-02
10,3,0x1.82644d0dc107ap-8,0x1.e3963c5ae4e9cp-515,0x1.82644d0dc107bp-8,5.89587098307131196e-03
10,4,0x1.fec1ed371d497p-10,0x1.e3963c5ae4e9cp-515,0x1.fec1ed371d498p-10,1.94838533732636342e-03
10,5,0x1.505737dac7b39p-11,0x1.e3963c5ae4e9cp-515,0x1.505737dac7b3ap-11,6.41518966720023469e-04
10,6,0x1.b935f3edc9658p-13,0x1.e3963c5ae4e9cp-515,0x1.b935f3edc9659p-13,2.10385681776492276e-04
10,7,0x1.20134c2705528p-14,0x1.e3963c5ae4e9cp-515,0x1.20134c2705529p-14,6.86825229510758256e-05
10,8,0x1.7661859cdbf87p-16,0x1.e3963c5ae4e9cp-515,0x1.7661859cdbf88p-16,2.23148432385018955e-05
10,9,0x1.e440413bd0163p-18,0x1.e3963c5ae4e9cp-515,0x1.e440413bd0164p-18,7.21590214053410462e-06
10,10,0x1.37c846aa67b5ap-19,0x1.e3963c5ae4e9cp-515,0x1.37c846aa67b5bp-19,2.32295936548837116e-06
10,11,0x1.8fcd6fa1b46bbp-21,0x1.e3963c5ae4e9cp-515,0x1.8fcd6fa1b46bcp-21,7.44690158616642021e-07
10,12,0x1.feae46f2badbbp-23,0x1.e3963c5ae4e9cp-515,0x1.feae46f2badbcp-23,2.37804264800187560e-07
10,13,0x1.44f9526357443p-24,0x1.e3963c5ae4e9cp-515,0x1.44f9526357444p-24,7.56638854257486055e-08
10,14,0x1.9c31ee9d449b9p-26,0x1.e3963c5ae4e9cp-515,0x1.9c31ee9d449bap-26,2.39929095385421608e-08
10,15,0x1.0494178187757p-27,0x1.e3963c5ae4e9cp-515,0x1.0494178187758p-27,7.58383200948262285e-09
10,16,0x1.4877295399045p-29,0x1.e3963c5ae4e9cp-515,0x1.4877295399046p-29,2.38990086904351590e-09
10,17,0x1.9cd8ff40f1464p-31,0x1.e3963c5ae4e9cp-515,0x1.9cd8ff40f1465p-31,7.50965491282994366e-10
10,18,0x1.02bd7a3644064p-32,0x1.e3963c5ae4e9cp-515,0x1.02bd7a3644065p-32,2.35322791974571981e-10
10,19,0x1.43759e902e27cp-34,0x1.e3963c5ae4e9cp-515,0x1.43759e902e27dp-34,7.35461641698946418e-11
10,20,0x1.9356d4500ed9p-36,0x1.e3963c5ae4e9cp-515,0x1.9356d4500ed91p-36,2.29271777888646897e-11
10,21,0x1.f5b5f957bcc5dp-38,0x1.e3963c5ae4e9cp-515,0x1.f5b5f957bcc5ep-38,7.12973979827371501e-12
10,22,0x1.374bbc4314b63p-39,0x1.e3963c5ae4e9cp-515,0x1.374bbc4314b64p-39,2.21188998779579519e-12
10,23,0x1.81688770341p-41,0x1.e3963c5ae4e9cp-515,0x1.8168877034101p-41,6.84622699197428827e-13
10,24,0x1.dc18cedc0a5a7p-43,0x1.e3963c5ae4e9cp-515,0x1.dc18cedc0a5a8p-43,2.11429498986772365e-13
10,25,0x1.256c02b21b4efp-44,0x1.e3963c5ae4e9cp-515,0x1.256c02b21b4fp-44,6.51527534442227046e-14
10,26,0x1.68e8959f994b7p-46,0x1.e3963c5ae4e9cp-515,0x1.68e8959f994b8p-46,2.00344481600334460e-14
10,27,0x1.baff8f5244607p-48,0x1.e3963c5ae4e9cp-515,0x1.baff8f5244608p-48,6.14783613823079249e-15
10,28,0x1.0f549d726b053p-49,0x1.e3963c5ae4e9cp-515,0x1.0f549d726b054p-49,1.88273374286486419e-15
10,29,0x1.4bb770b49435ep-51,0x1.e3963c5ae4e9cp-515,0x1.4bb770b49435fp-51,5.75436510069844439e-16
10,30,0x1.94c250bdec3fbp-53,0x1.e3963c5ae4e9cp-515,0x1.94c250bdec3fcp-53,1.75536254162174767e-16
10,31,0x1.ecf3c7c64efe7p-55,0x1.e3963c5ae4e9cp-515,0x1.ecf3c7c64efe8p-55,5.34459918888011142e-17
10,32,0x1.2ba031b46232dp-56,0x1.e3963c5ae4e9cp-515,0x1.2ba031b46232ep-56,1.62427449112492888e-17
10,33,0x1.6b938a990bf2p-58,0x1.e3963c5ae4e9cp-515,0x1.6b938a990bf21p-58,4.92737813421711761e-18
10,34,0x1.b8646c22852b2p-60,0x1.e3963c5ae4e9cp-515,0x1.b8646c22852b3p-60,1.49210706658808508e-18
10,35,0x1.0a4105ff3eb78p-61,0x1.e3963c5ae4e9cp-515,0x1.0a4105ff3eb79p-61,4.51051816877943523e-19
10,36,0x1.4165190d6b307p-63,0x1.e3963c5ae4e9cp-515,0x1.4165190d6b308p-63,1.36116040415500138e-19
10,37,0x1.834dc4a939491p-65,0x1.e3963c5ae4e9cp-515,0x1.834dc4a939492p-65,4.10073830000404575e-20
10,38,0x1.d1f5606e138b7p-67,0x1.e3963c5ae4e9cp-515,0x1.d1f5606e138b8p-67,1.23338188688095557e-20
10,39,0x1.17d6b91d733bdp-68,0x1.e3963c5ae4e9cp-515,0x1.17d6b91d733bep-68,3.70363517881414163e-21
10,40,0x1.4f9657993749cp-70,0x1.e3963c5ae4e9cp-515,0x1.4f9657993749dp-70,1.11036514797577072e-21
10,41,0x1.91cf8941e67b1p-72,0x1.e3963c5ae4e9cp-515,0x1.91cf8941e67b2p-72,3.32370011139436337e-22
10,42,0x1.e05c297efef5fp-74,0x1.e3963c5ae4e9cp-515,0x1.e05c297efef6p-74,9.93361214530566681e-23
10,43,0x1.1eb2425fbfe0bp-75,0x1.e3963c5ae4e9cp-515,0x1.1eb2425fbfe0cp-75,2.96437052459704469e-23
10,44,0x1.55b5b9174b573p-77,0x1.e3963c5ae4e9cp-515,0x1.55b5b9174b574p-77,8.83299273749464655e-24
10,45,0x1.96ae13c3af2aep-79,0x1.e3963c5ae4e9cp-515,0x1.96ae13c3af2afp-79,2.62810783188138608e-24
10,46,0x1.e34d006a93e1dp-81,0x1.e3963c5ae4e9cp-515,0x1.e34d006a93e1ep-81,7.80814534250813338e-25
10,47,0x1.1ec49f300524fp-82,0x1.e3963c5ae4e9cp-515,0x1.1ec49f300525p-82,2.31649389234734595e-25
10,48,0x1.53d46d636fe5fp-84,0x1.e3963c5ae4e9cp-515,0x1.53d46d636fe6p-84,6.86280803897200365e-26
10,49,0x1.922669d2d40cp-86,0x1.e3963c5ae4e9cp-515,0x1.922669d2d40c1p-86,2.03033890716218205e-26
10,50,0x1.db3f272ea764fp-88,0x1.e3963c5ae4e9cp-515,0x1.db3f272ea765p-88,5.99845656571926257e-27
10,51,0x1.186f64d523565p-89,0x1.e3963c5ae4e9cp-515,0x1.186f64d523566p-89,1.76979449878339236e-27
10,52,0x1.4a84c18c0c95ap-91,0x1.e3963c5ae4e9cp-515,0x1.4a84c18c0c95bp-91,5.21466369730527418e-28
10,53,0x1.850895ff3cf55p-93,0x1.e3963c5ae4e9cp-515,0x1.850895ff3cf56p-93,1.53446674778880573e-28
10,54,0x1.c9500dd3d794fp-95,0x1.e3963c5ae4e9cp-515,0x1.c9500dd3d795p-95,4.50945148951825537e-29
10,55,0x1.0c71593397463p-96,0x1.e3963c5ae4e9cp-515,0x1.0c71593397464p-96,1.32352502785938212e-29
10,56,0x1.3ac0a81f10146p-98,0x1.e3963c5ae4e9cp-515,0x1.3ac0a81f10147p-98,3.87962490008314791e-30
10,57,0x1.7096dd4039855p-100,0x1.e3963c5ae4e9cp-515,0x1.7096dd4039856p-100,1.13580351374434157e-30
10,58,0x1.af19c2e60aafcp-102,0x1.e3963c5ae4e9cp-515,0x1.af19c2e60aafdp-102,3.32107845072851586e-31
10,59,0x1.f798eb1cdb167p-104,0x1.e3963c5ae4e9cp-515,0x1.f798eb1cdb168p-104,9.69893192273055410e-32
10,60,0x1.25c997cc7a0d5p-105,0x1.e3963c5ae4e9cp-515,0x1.25c997cc7a0d6p-105,2.82907045301156945e-32
10,61,0x1.565e6dace7116p-107,0x1.e3963c5ae4e9cp-515,0x1.565e6dace7117p-107,8.24223051815301926e-33
10,62,0x1.8e83483b8a731p-109,0x1.e3963c5ae4e9cp-515,0x1.8e83483b8a732p-109,2.39846179704572373e-33
10,63,0x1.cf527f2595617p-111,0x1.e3963c5ae4e9cp-515,0x1.cf527f2595618p-111,6.97129843902767179e-34
10,64,0x1.0d065f855eb77p-112,0x1.e3963c5ae4e9cp-515,0x1.0d065f855eb78p-112,2.02391836379861305e-34
10,65,0x1.380eeb8ee775ap-114,0x1.e3963c5ae4e9cp-515,0x1.380eeb8ee775bp-114,5.86916395875540077e-35
10,66,0x1.699109a154e89p-116,0x1.e3963c5ae4e9cp-515,0x1.699109a154e8ap-116,1.70007776290906283e-35
10,67,0x1.a2761883b5dd1p-118,0x1.e3963c5ae4e9cp-515,0x1.a2761883b5dd2p-118,4.91898907778216005e-36
10,68,0x1.e3c5ff8e5690bp-120,0x1.e3963c5ae4e9cp-515,0x1.e3c5ff8e5690cp-120,1.42168233723854980e-36
10,69,0x1.17556e1398d27p-121,0x1.e3963c5ae4e9cp-515,0x1.17556e1398d28p-121,4.10443998924233853e-37
10,70,0x1.423a8b1d53cbp-123,0x1.e3963c5ae4e9cp-515,0x1.423a8b1d53cb1p-123,1.18368124733962097e-37
10,71,0x1.734ff2da430f6p-125,0x1.e3963c5ae4e9cp-515,0x1.734ff2da430f7p-125,3.40996492437127260e-38
10,72,0x1.ab6b29e97c91dp-127,0x1.e3963c5ae4e9cp-515,0x1.ab6b29e97c91ep-127,9.81304998957454803e-39
10,73,0x1.eb7c62084d805p-129,0x1.e3963c5ae4e9cp-515,0x1.eb7c62084d806p-129,2.82099055029515238e-39
10,74,0x1.1a48c45543e39p-130,0x1.e3963c5ae4e9cp-515,0x1.1a48c45543e3ap-130,8.10116055346045597e-40
10,75,0x1.43ecd3473b406p-132,0x1.e3963c5ae4e9cp-515,0x1.43ecd3473b407p-132,2.32404860710438125e-40
10,76,0x1.73544bd6ad3ddp-134,0x1.e3963c5ae4e9cp-515,0x1.73544bd6ad3dep-134,6.66039235728097932e-41
10,77,0x1.a93d91bcf098ap-136,0x1.e3963c5ae4e9cp-515,0x1.a93d91bcf098bp-136,1.90684437336257370e-41
10,78,0x1.e67dbefb7354fp-138,0x1.e3963c5ae4e9cp-515,0x1.e67dbefb7355p-138,5.45375492025704852e-42
10,79,0x1.16018eb48cc69p-139,0x1.e3963c5ae4e9cp-515,0x1.16018eb48cc6ap-139,1.55827799298147139e-42
10,80,0x1.3d6bef163dda5p-141,0x1.e3963c5ae4e9cp-515,0x1.3d6bef163dda6p-141,4.44802424342309701e-43
10,81,0x1.6a128a33ae6a9p-143,0x1.e3963c5ae4e9cp-515,0x1.6a128a33ae6aap-143,1.26842881983180339e-43
10,82,0x1.9c9afc5ad34adp-145,0x1.e3963c5ae4e9cp-515,0x1.9c9afc5ad34aep-145,3.61364582368133570e-44
10,83,0x1.d5bdbdc25c9b9p-147,0x1.e3963c5ae4e9cp-515,0x1.d5bdbdc25c9bap-147,1.02851185875671323e-44
10,84,0x1.0b240b2bbc155p-148,0x1.e3963c5ae4e9cp-515,0x1.0b240b2bbc156p-148,2.92456239396452349e-45
10,85,0x1.2f8f1fccb9351p-150,0x1.e3963c5ae4e9cp-515,0x1.2f8f1fccb9352p-150,8.30814201561378742e-46
10,86,0x1.589edc138b25ep-152,0x1.e3963c5ae4e9cp-515,0x1.589edc138b25fp-152,2.35798945957973911e-46
10,87,0x1.86dfe66e05d81p-154,0x1.e3963c5ae4e9cp-515,0x1.86dfe66e05d82p-154,6.68618152462693648e-47
10,88,0x1.baee2dcc86da6p-156,0x1.e3963c5ae4e9cp-515,0x1.baee2dcc86da7p-156,1.89415792900326452e-47
10,89,0x1.f5766a084cdafp-158,0x1.e3963c5ae4e9cp-515,0x1.f5766a084cdbp-158,5.36116568630503597e-48
10,90,0x1.1b9bdecca6e3dp-159,0x1.e3963c5ae4e9cp-515,0x1.1b9bdecca6e3ep-159,1.51603954985407065e-48
10,91,0x1.4082bd8521aecp-161,0x1.e3963c5ae4e9cp-515,0x1.4082bd8521aedp-161,4.28324849891916219e-49
10,92,0x1.69e4885e08e4ep-163,0x1.e3963c5ae4e9cp-515,0x1.69e4885e08e4fp-163,1.20906756612825648e-49
10,93,0x1.98420ed67ed68p-165,0x1.e3963c5ae4e9cp-515,0x1.98420ed67ed69p-165,3.40993024688961213e-50
10,94,0x1.cc29590e2675bp-167,0x1.e3963c5ae4e9cp-515,0x1.cc29590e2675cp-167,9.60862077008112026e-51
10,95,0x1.031b6fc1f44cbp-168,0x1.e3963c5ae4e9cp-515,0x1.031b6fc1f44ccp-168,2.70520512068583168e-51
10,96,0x1.238b6de998f9ep-170,0x1.e3963c5ae4e9cp-515,0x1.238b6de998f9fp-170,7.60967032156659722e-52
10,97,0x1.47c35a0a1b593p-172,0x1.e3963c5ae4e9cp-515,0x1.47c35a0a1b594p-172,2.13875397287118597e-52
10,98,0x1.702b414b833bfp-174,0x1.e3963c5ae4e9cp-515,0x1.702b414b833cp-174,6.00603648190993107e-53
10,99,0x1.9d355de24e202p-176,0x1.e3963c5ae4e9cp-515,0x1.9d355de24e203p-176,1.68519439693096932e-53
10,100,0x1.cf5efa0243557p-178,0x1.e3963c5ae4e9cp-515,0x1.cf5efa0243558p-178,4.72443261227960676e-54
10,101,0x1.0398b1e64c103p-179,0x1.e3963c5ae4e9cp-515,0x1.0398b1e64c104p-179,1.32339528897669222e-54
10,102,0x1.22a1799e0756p-181,0x1.e3963c5ae4e9cp-515,0x1.22a1799e07561p-181,3.70401212832743928e-55
10,103,0x1.451c118da3523p-183,0x1.e3963c5ae4e9cp-515,0x1.451c118da3524p-183,1.03585908448453030e-55
10,104,0x1.6b625f0d6c834p-185,0x1.e3963c5ae4e9cp-515,0x1.6b625f0d6c835p-185,2.89452264917529915e-56
10,105,0x1.95d6909301ea4p-187,0x1.e3963c5ae4e9cp-515,0x1.95d6909301ea5p-187,8.08171829604242822e-57
10,106,0x1.c4e3ca0ec6eb3p-189,0x1.e3963c5ae4e9cp-515,0x1.c4e3ca0ec6eb4p-189,2.25467212515968193e-57
10,107,0x1.f8fedd148a823p-191,0x1.e3963c5ae4e9cp-515,0x1.f8fedd148a824p-191,6.28519018167367057e-58
10,108,0x1.195386b5c67f5p-192,0x1.e3963c5ae4e9cp-515,0x1.195386b5c67f6p-192,1.75069770279861534e-58
10,109,0x1.39337152ef327p-194,0x1.e3963c5ae4e9cp-515,0x1.39337152ef328p-194,4.87263571012260471e-59
10,110,0x1.5c6a83b14b9f6p-196,0x1.e3963c5ae4e9cp-515,0x1.5c6a83b14b9f7p-196,1.35512408682214565e-59
10,111,0x1.834a9b70d0ab1p-198,0x1.e3963c5ae4e9cp-515,0x1.834a9b70d0ab2p-198,3.76581330134605457e-60
10,112,0x1.ae2c9cc94d6bdp-200,0x1.e3963c5ae4e9cp-515,0x1.ae2c9cc94d6bep-200,1.04569571796253002e-60
10,113,0x1.dd70f8a5642a2p-202,0x1.e3963c5ae4e9cp-515,0x1.dd70f8a5642a3p-202,2.90148873738170845e-61
10,114,0x1.08c01d73ff4dp-203,0x1.e3963c5ae4e9cp-515,0x1.08c01d73ff4d1p-203,8.04465865016680730e-62
10,115,0x1.2565d099f46a3p-205,0x1.e3963c5ae4e9cp-515,0x1.2565d099f46a4p-205,2.22878229772407046e-62
10,116,0x1.44e6dd46d71efp-207,0x1.e3963c5ae4e9cp-515,0x1.44e6dd46d71fp-207,6.17025436949635401e-63
10,117,0x1.67858817f9c57p-209,0x1.e3963c5ae4e9cp-515,0x1.67858817f9c58p-209,1.70693089181780290e-63
10,118,0x1.8d896bf529de7p-211,0x1.e3963c5ae4e9cp-515,0x1.8d896bf529de8p-211,4.71854706196664686e-64
10,119,0x1.b73fd831199ccp-213,0x1.e3963c5ae4e9cp-515,0x1.b73fd831199cdp-213,1.30341323890000752e-64
10,120,0x1.e4fc33c6029bdp-215,0x1.e3963c5ae4e9cp-515,0x1.e4fc33c6029bep-215,3.59781991402453102e-65
10,121,0x1.0b8c32ec87449p-216,0x1.e3963c5ae4e9cp-515,0x1.0b8c32ec8744ap-216,9.92389396540006552e-66
10,122,0x1.26faa1d713f0fp-218,0x1.e3963c5ae4e9cp-515,0x1.26faa1d713f1p-218,2.73534509940349776e-66
10,123,0x1.44fd821a569f3p-220,0x1.e3963c5ae4e9cp-515,0x1.44fd821a569f4p-220,7.53409934547579499e-67
10,124,0x1.65ccdcaa0c171p-222,0x1.e3963c5ae4e9cp-515,0x1.65ccdcaa0c172p-222,2.07367946656331067e-67
10,125,0x1.89a4e78efe005p-224,0x1.e3963c5ae4e9cp-515,0x1.89a4e78efe006p-224,5.70354427015886980e-68
10,126,0x1.b0c6488465668p-226,0x1.e3963c5ae4e9cp-515,0x1.b0c6488465669p-226,1.56762695366761318e-68
10,127,0x1.db765aaa46cafp-228,0x1.e3963c5ae4e9cp-515,0x1.db765aaa46cbp-228,4.30563419250935799e-69
10,128,0x1.04ffbbae0aeffp-229,0x1.e3963c5ae4e9cp-515,0x1.04ffbbae0afp-229,1.18176139959254060e-69
10,129,0x1.1e58a11cbe84bp-231,0x1.e3963c5ae4e9cp-515,0x1.1e58a11cbe84cp-231,3.24132421064122022e-70
10,130,0x1.39f07c36c4301p-233,0x1.e3963c5ae4e9cp-515,0x1.39f07c36c4302p-233,8.88417004540091786e-71
10,131,0x1.57f4e19f54e41p-235,0x1.e3963c5ae4e9cp-515,0x1.57f4e19f54e42p-235,2.43340647997443765e-71
10,132,0x1.789686f80a801p-237,0x1.e3963c5ae4e9cp-515,0x1.789686f80a802p-237,6.66066415122505517e-72
10,133,0x1.9c096f7d65a1cp-239,0x1.e3963c5ae4e9cp-515,0x1.9c096f7d65a1dp-239,1.82191091294625307e-72
10,134,0x1.c2851a512b601p-241,0x1.e3963c5ae4e9cp-515,0x1.c2851a512b602p-241,4.98018057885939829e-73
10,135,0x1.ec44b2735679dp-243,0x1.e3963c5ae4e9cp-515,0x1.ec44b2735679ep-243,1.36041997668484247e-73
10,136,0x1.0cc3a0347cbddp-244,0x1.e3963c5ae4e9cp-515,0x1.0cc3a0347cbdep-244,3.71374818511343862e-74
10,137,0x1.2547eec77bf01p-246,0x1.e3963c5ae4e9cp-515,0x1.2547eec77bf02p-246,1.01312961589594461e-74
10,138,0x1.3fd2f48a7536ep-248,0x1.e3963c5ae4e9cp-515,0x1.3fd2f48a7536fp-248,2.76205435106869131e-75
10,139,0x1.5c8a9f4d6b741p-250,0x1.e3963c5ae4e9cp-515,0x1.5c8a9f4d6b742p-250,7.52515771063816717e-76
10,140,0x1.7b9737354eb75p-252,0x1.e3963c5ae4e9cp-515,0x1.7b9737354eb76p-252,2.04888071726774042e-76
10,141,0x1.9d237ba20e8cbp-254,0x1.e3963c5ae4e9cp-515,0x1.9d237ba20e8ccp-254,5.57489786167605367e-77
10,142,0x1.c15cc0d88b61p-256,0x1.e3963c5ae4e9cp-515,0x1.c15cc0d88b611p-256,1.51592528009939807e-77
10,143,0x1.e8730e69e04e8p-258,0x1.e3963c5ae4e9cp-515,0x1.e8730e69e04e9p-258,4.11946453429123137e-78
10,144,0x1.094c9f2833bf6p-259,0x1.e3963c5ae4e9cp-515,0x1.094c9f2833bf7p-259,1.11873510886353353e-78
10,145,0x1.20028e5cdc1dep-261,0x1.e3963c5ae4e9cp-515,0x1.20028e5cdc1dfp-261,3.03625826920839741e-79
10,146,0x1.3877c439d705fp-263,0x1.e3963c5ae4e9cp-515,0x1.3877c439d706p-263,8.23524449561965825e-80
10,147,0x1.52ca49f8a677cp-265,0x1.e3963c5ae4e9cp-515,0x1.52ca49f8a677dp-265,2.23224578561569666e-80
10,148,0x1.6f19d36d887c7p-267,0x1.e3963c5ae4e9cp-515,0x1.6f19d36d887c8p-267,6.04695338627818013e-81
10,149,0x1.8d87d00e7335dp-269,0x1.e3963c5ae4e9cp-515,0x1.8d87d00e7335ep-269,1.63704898979037487e-81
10,150,0x1.ae377c315666ep-271,0x1.e3963c5ae4e9cp-515,0x1.ae377c315666fp-271,4.42913087765240460e-82
10,151,0x1.d14df27961d9p-273,0x1.e3963c5ae4e9cp-515,0x1.d14df27961d91p-273,1.19759080658051460e-82
10,152,0x1.f6f23d6a5a0c7p-275,0x1.e3963c5ae4e9cp-515,0x1.f6f23d6a5a0c8p-275,3.23618098044079399e-83
10,153,0x1.0fa6b48c25616p-276,0x1.e3963c5ae4e9cp-515,0x1.0fa6b48c25617p-276,8.73962598318003375e-84
10,154,0x1.25454a74956adp-278,0x1.e3963c5ae4e9cp-515,0x1.25454a74956aep-278,2.35879320231615239e-84
10,155,0x1.3c6b82aea23dap-280,0x1.e3963c5ae4e9cp-515,0x1.3c6b82aea23dbp-280,6.36246086319674469e-85
10,156,0x1.55311ae93a5cbp-282,0x1.e3963c5ae4e9cp-515,0x1.55311ae93a5ccp-282,1.71514113910640614e-85
10,157,0x1.6faef51ac8f5cp-284,0x1.e3963c5ae4e9cp-515,0x1.6faef51ac8f5dp-284,4.62078031676848549e-86
10,158,0x1.8bff204a4318bp-286,0x1.e3963c5ae4e9cp-515,0x1.8bff204a4318cp-286,1.24414992310994451e-86
10,159,0x1.aa3ce14173c12p-288,0x1.e3963c5ae4e9cp-515,0x1.aa3ce14173c13p-288,3.34790601309480615e-87
10,160,0x1.ca84bb210ac5dp-290,0x1.e3963c5ae4e9cp-515,0x1.ca84bb210ac5ep-290,9.00364030267330787e-88
10,161,0x1.ecf477ce925d5p-292,0x1.e3963c5ae4e9cp-515,0x1.ecf477ce925d6p-292,2.41996193899124882e-88
10,162,0x1.08d5981a08285p-293,0x1.e3963c5ae4e9cp-515,0x1.08d5981a08286p-293,6.50048293732420581e-89
10,163,0x1.1c64aa245da36p-295,0x1.e3963c5ae4e9cp-515,0x1.1c64aa245da37p-295,1.74514112947490046e-89
10,164,0x1.3138596ce87ffp-297,0x1.e3963c5ae4e9cp-515,0x1.3138596ce88p-297,4.68235646776727975e-90
10,165,0x1.4762408521887p-299,0x1.e3963c5ae4e9cp-515,0x1.4762408521888p-299,1.25559192069210219e-90
10,166,0x1.5ef4b0bfcd6f5p-301,0x1.e3963c5ae4e9cp-515,0x1.5ef4b0bfcd6f6p-301,3.36499010212158627e-91
10,167,0x1.7802b5991212bp-303,0x1.e3963c5ae4e9cp-515,0x1.7802b5991212cp-303,9.01304247152614082e-92
10,168,0x1.92a017eb109a1p-305,0x1.e3963c5ae4e9cp-515,0x1.92a017eb109a2p-305,2.41275091321227182e-92
10,169,0x1.aee160e9c1d2ep-307,0x1.e3963c5ae4e9cp-515,0x1.aee160e9c1d2fp-307,6.45517603289745431e-93
10,170,0x1.ccdbdce0b11d1p-309,0x1.e3963c5ae4e9cp-515,0x1.ccdbdce0b11d2p-309,1.72607354380342248e-93
10,171,0x1.eca59dad13c8bp-311,0x1.e3963c5ae4e9cp-515,0x1.eca59dad13c8cp-311,4.61282703416495949e-94
10,172,0x1.072abe774fd44p-312,0x1.e3963c5ae4e9cp-515,0x1.072abe774fd45p-312,1.23206257508018740e-94
10,173,0x1.19018ef4b6563p-314,0x1.e3963c5ae4e9cp-515,0x1.19018ef4b6564p-314,3.28894888941684018e-95
10,174,0x1.2be377898c317p-316,0x1.e3963c5ae4e9cp-515,0x1.2be377898c318p-316,8.77488187255903823e-96
10,175,0x1.3fdd15a2a9d24p-318,0x1.e3963c5ae4e9cp-515,0x1.3fdd15a2a9d25p-318,2.33984047831951970e-96
10,176,0x1.54fb6d47fb623p-320,0x1.e3963c5ae4e9cp-515,0x1.54fb6d47fb624p-320,6.23581251815188887e-97
10,177,0x1.6b4be95259163p-322,0x1.e3963c5ae4e9cp-515,0x1.6b4be95259164p-322,1.66097340757409391e-97
10,178,0x1.82dc5b6b376fep-324,0x1.e3963c5ae4e9cp-515,0x1.82dc5b6b376ffp-324,4.42176982223640620e-98
10,179,0x1.9bbafbd33b1a8p-326,0x1.e3963c5ae4e9cp-515,0x1.9bbafbd33b1a9p-326,1.17650665393893620e-98
10,180,0x1.b5f668ecc0003p-328,0x1.e3963c5ae4e9cp-515,0x1.b5f668ecc0004p-328,3.12866037117863186e-99
10,181,0x1.d19da6876a7e5p-330,0x1.e3963c5ae4e9cp-515,0x1.d19da6876a7e6p-330,8.31551584450051696e-100
10,182,0x1.eec01ce9e36c5p-332,0x1.e3963c5ae4e9cp-515,0x1.eec01ce9e36c6p-332,2.20895904729687667e-100
10,183,0x1.06b6cbcb763bbp-333,0x1.e3963c5ae4e9cp-515,0x1.06b6cbcb763bcp-333,5.86482116051319069e-101
10,184,0x1.16db21e585a0ap-335,0x1.e3963c5ae4e9cp-515,0x1.16db21e585a0bp-335,1.55629333958984519e-101
10,185,0x1.27d557580d939p-337,0x1.e3963c5ae4e9cp-515,0x1.27d557580d93ap-337,4.12760992416381062e-102
10,186,0x1.39ade1a216dd3p-339,0x1.e3963c5ae4e9cp-515,0x1.39ade1a216dd4p-339,1.09415099517172911e-102
10,187,0x1.4c6d63f89d6ebp-341,0x1.e3963c5ae4e9cp-515,0x1.4c6d63f89d6ecp-341,2.89886642504224906e-103
10,188,0x1.601cade99f61dp-343,0x1.e3963c5ae4e9cp-515,0x1.601cade99f61ep-343,7.67630785213047229e-104
10,189,0x1.74c4b9d5424afp-345,0x1.e3963c5ae4e9cp-515,0x1.74c4b9d5424bp-345,2.03165841254651229e-104
10,190,0x1.8a6eab3c00354p-347,0x1.e3963c5ae4e9cp-515,0x1.8a6eab3c00355p-347,5.37432606209283008e-105
10,191,0x1.a123cce0e1638p-349,0x1.e3963c5ae4e9cp-515,0x1.a123cce0e1639p-349,1.42093176596085614e-105
10,192,0x1.b8ed8ebedd4e1p-351,0x1.e3963c5ae4e9cp-515,0x1.b8ed8ebedd4e2p-351,3.75490708670635818e-106
10,193,0x1.d1d583d0947e3p-353,0x1.e3963c5ae4e9cp-515,0x1.d1d583d0947e4p-353,9.91751322715035691e-107
10,194,0x1.ebe55fa9adc73p-355,0x1.e3963c5ae4e9cp-515,0x1.ebe55fa9adc74p-355,2.61809171865022583e-107
10,195,0x1.039379f09ddb3p-356,0x1.e3963c5ae4e9cp-515,0x1.039379f09ddb4p-356,6.90790325959203976e-108
10,196,0x1.11d216a65625ep-358,0x1.e3963c5ae4e9cp-515,0x1.11d216a65625fp-358,1.82174588373057033e-108
10,197,0x1.20b3888570597p-360,0x1.e3963c5ae4e9cp-515,0x1.20b3888570598p-360,4.80186933298256599e-109
10,198,0x1.303cdcaf96354p-362,0x1.e3963c5ae4e9cp-515,0x1.303cdcaf96355p-362,1.26507039936650745e-109
10,199,0x1.4073292e0d747p-364,0x1.e3963c5ae4e9cp-515,0x1.4073292e0d748p-364,3.33120746999782943e-110
10,200,0x1.515b8b2efeba2p-366,0x1.e3963c5ae4e9cp-515,0x1.515b8b2efeba3p-366,8.76742602956496271e-111
10,201,0x1.62fb252ab3572p-368,0x1.e3963c5ae4e9cp-515,0x1.62fb252ab3573p-368,2.30635832931583811e-111
10,202,0x1.75571cf0ef3ap-370,0x1.e3963c5ae4e9cp-515,0x1.75571cf0ef3a1p-370,6.06410195048102031e-112
10,203,0x1.8874999e9f778p-372,0x1.e3963c5ae4e9cp-515,0x1.8874999e9f779p-372,1.59364664669405098e-112
10,204,0x1.9c58c17c29844p-374,0x1.e3963c5ae4e9cp-515,0x1.9c58c17c29845p-374,4.18604778946168091e-113
10,205,0x1.b108b7c4bb9b7p-376,0x1.e3963c5ae4e9cp-515,0x1.b108b7c4bb9b8p-376,1.09901524284368747e-113
10,206,0x1.c6899a57135efp-378,0x1.e3963c5ae4e9cp-515,0x1.c6899a57135fp-378,2.88397441635359435e-114
10,207,0x1.dce07f5044cfdp-380,0x1.e3963c5ae4e9cp-515,0x1.dce07f5044cfep-380,7.56428715002589728e-115
10,208,0x1.f412729121289p-382,0x1.e3963c5ae4e9cp-515,0x1.f41272912128ap-382,1.98305281937850041e-115
10,209,0x1.0612399779bd9p-383,0x1.e3963c5ae4e9cp-515,0x1.0612399779bdap-383,5.19626125549771154e-116
10,210,0x1.128db8682ec42p-385,0x1.e3963c5ae4e9cp-515,0x1.128db8682ec43p-385,1.36093956158444260e-116
10,211,0x1.1f7e247b9b327p-387,0x1.e3963c5ae4e9cp-515,0x1.1f7e247b9b328p-387,3.56269464545427807e-117
10,212,0x1.2ce5e21c31397p-389,0x1.e3963c5ae4e9cp-515,0x1.2ce5e21c31398p-389,9.32204072023093680e-118
10,213,0x1.3ac749b159029p-391,0x1.e3963c5ae4e9cp-515,0x1.3ac749b15902ap-391,2.43801710193558403e-118
10,214,0x1.4924a64af4fcbp-393,0x1.e3963c5ae4e9cp-515,0x1.4924a64af4fccp-393,6.37318574820920078e-119
10,215,0x1.5800342597d43p-395,0x1.e3963c5ae4e9cp-515,0x1.5800342597d44p-395,1.66521837515106580e-119
10,216,0x1.675c1f28136ep-397,0x1.e3963c5ae4e9cp-515,0x1.675c1f28136e1p-397,4.34891891007424930e-120
10,217,0x1.773a815b12c3cp-399,0x1.e3963c5ae4e9cp-515,0x1.773a815b12c3dp-399,1.13523984058069931e-120
10,218,0x1.879d615b7b081p-401,0x1.e3963c5ae4e9cp-515,0x1.879d615b7b082p-401,2.96203941340907610e-121
10,219,0x1.9886b0c85a69ep-403,0x1.e3963c5ae4e9cp-515,0x1.9886b0c85a69fp-403,7.72487796563711576e-122
10,220,0x1.a9f84aad349ebp-405,0x1.e3963c5ae4e9cp-515,0x1.a9f84aad349ecp-405,2.01368109124416724e-122
10,221,0x1.bbf3f1e986dfap-407,0x1.e3963c5ae4e9cp-515,0x1.bbf3f1e986dfbp-407,5.24672988886978737e-123
10,222,0x1.ce7b4f9665f3fp-409,0x1.e3963c5ae4e9cp-515,0x1.ce7b4f9665f4p-409,1.36642671735119524e-123
10,223,0x1.e18ff16b217e5p-411,0x1.e3963c5ae4e9cp-515,0x1.e18ff16b217e6p-411,3.55700336905879049e-124
10,224,0x1.f5334821dfa15p-413,0x1.e3963c5ae4e9cp-515,0x1.f5334821dfa16p-413,9.25514366452902511e-125
10,225,0x1.04b352ee96891p-414,0x1.e3963c5ae4e9cp-515,0x1.04b352ee96892p-414,2.40704199618796555e-125
10,226,0x1.0f159e47c0d44p-416,0x1.e3963c5ae4e9cp-515,0x1.0f159e47c0d45p-416,6.25729224342144562e-126
10,227,0x1.19c10e32e18fbp-418,0x1.e3963c5ae4e9cp-515,0x1.19c10e32e18fcp-418,1.62589362016387224e-126
10,228,0x1.24b6191ae9e31p-420,0x1.e3963c5ae4e9cp-515,0x1.24b6191ae9e32p-420,4.22280838131668179e-127
10,229,0x1.2ff522f91ff87p-422,0x1.e3963c5ae4e9cp-515,0x1.2ff522f91ff88p-422,1.09626316305307424e-127
10,230,0x1.3b7e7c9211177p-424,0x1.e3963c5ae4e9cp-515,0x1.3b7e7c9211178p-424,2.84467790163643458e-128
10,231,0x1.475262b62c657p-426,0x1.e3963c5ae4e9cp-515,0x1.475262b62c658p-426,7.37830896819781327e-129
10,232,0x1.5370fd869570bp-428,0x1.e3963c5ae4e9cp-515,0x1.5370fd869570cp-428,1.91287530353418832e-129
10,233,0x1.5fda5fbebe477p-430,0x1.e3963c5ae4e9cp-515,0x1.5fda5fbebe478p-430,4.95704870934356040e-130
10,234,0x1.6c8e860359b69p-432,0x1.e3963c5ae4e9cp-515,0x1.6c8e860359b6ap-432,1.28400593376568089e-130
10,235,0x1.798d56373636ap-434,0x1.e3963c5ae4e9cp-515,0x1.798d56373636bp-434,3.32444232637829502e-131
10,236,0x1.86d69ed691ea5p-436,0x1.e3963c5ae4e9cp-515,0x1.86d69ed691ea6p-436,8.60357816640676731e-132
10,237,0x1.946a16597724ep-438,0x1.e3963c5ae4e9cp-515,0x1.946a16597724fp-438,2.22560735969503454e-132
10,238,0x1.a2475a9dafcd3p-440,0x1.e3963c5ae4e9cp-515,0x1.a2475a9dafcd4p-440,5.75476666911547249e-133
10,239,0x1.b06df058dc37cp-442,0x1.e3963c5ae4e9cp-515,0x1.b06df058dc37dp-442,1.48736382020279937e-133
10,240,0x1.bedd429337f57p-444,0x1.e3963c5ae4e9cp-515,0x1.bedd429337f58p-444,3.84253310060335674e-134
10,241,0x1.cd94a22b9434fp-446,0x1.e3963c5ae4e9cp-515,0x1.cd94a22b9435p-446,9.92269209997078120e-135
10,242,0x1.dc9345650c86dp-448,0x1.e3963c5ae4e9cp-515,0x1.dc9345650c86ep-448,2.56125893683512566e-135
10,243,0x1.ebd8477ef69ap-450,0x1.e3963c5ae4e9cp-515,0x1.ebd8477ef69a1p-450,6.60830541118375713e-136
10,244,0x1.fb62a8578b6f7p-452,0x1.e3963c5ae4e9cp-515,0x1.fb62a8578b6f8p-452,1.70427606482811718e-136
10,245,0x1.0598a60ce0013p-453,0x1.e3963c5ae4e9cp-515,0x1.0598a60ce0014p-453,4.39342856068473078e-137
10,246,0x1.0da17d7b615d6p-455,0x1.e3963c5ae4e9cp-515,0x1.0da17d7b615d7p-455,1.13209153121354128e-137
10,247,0x1.15cb3075c56eap-457,0x1.e3963c5ae4e9cp-515,0x1.15cb3075c56ebp-457,2.91591205483238197e-138
10,248,0x1.1e1506c9710f7p-459,0x1.e3963c5ae4e9cp-515,0x1.1e1506c9710f8p-459,7.50728257124665865e-139
10,249,0x1.267e3a0224f7dp-461,0x1.e3963c5ae4e9cp-515,0x1.267e3a0224f7ep-461,1.93199997706643851e-139
10,250,0x1.2f05f5600bcbdp-463,0x1.e3963c5ae4e9cp-515,0x1.2f05f5600bccp-463,4.96990434985192146e-140
10,251,0x1.37ab55d48d4f5p-465,0x1.e3963c5ae4e9cp-515,0x1.37ab55d48d4fep-465,1.27792700130284089e-140
10,252,0x1.406d6a060d098p-467,0x1.e3963c5ae4e9cp-515,0x1.406d6a060d0b7p-467,3.28459406774318066e-141
10,253,0x1.494b325ab63efp-469,0x1.e3963c5ae4e9cp-515,0x1.494b325ab6469p-469,8.43869983219445303e-142
10,254,0x1.5243a10a736abp-471,0x1.e3963c5ae4e9cp-515,0x1.5243a10a7389p-471,2.16714556336541312e-142
10,255,0x1.5b559a382add4p-473,0x1.e3963c5ae4e9cp-515,0x1.5b559a382b563p-473,5.56313839588886278e-143
10,256,0x1.647ff41255b3cp-475,0x1.e3963c5ae4e9cp-515,0x1.647ff41257976p-475,1.42748451805848871e-143
10,257,0x1.6dc176fb01c6fp-477,0x1.e3963c5ae4e9cp-515,0x1.6dc176fb09556p-477,3.66136673741132901e-144
10,258,0x1.7718ddb74a2cbp-479,0x1.e3963c5ae4e9cp-515,0x1.7718ddb768662p-479,9.38719536599858037e-145
10,259,0x1.8084d5a64c626p-481,0x1.e3963c5ae4e9cp-515,0x1.8084d5a6c548p-481,2.40574612363135532e-145
10,260,0x1.8a03feff97cefp-483,0x1.e3963c5ae4e9cp-515,0x1.8a03ff017b654p-483,6.16290618498432950e-146
10,261,0x1.9394ed190487dp-485,0x1.e3963c5ae4e9cp-515,0x1.9394ed2092e0dp-485,1.57813317526271693e-146
10,262,0x1.9d3626b3aace5p-487,0x1.e3963c5ae4e9cp-515,0x1.9d3626d1e4322p-487,4.03947177068551284e-147
10,263,0x1.a6e6264f038dfp-489,0x1.e3963c5ae4e9cp-515,0x1.a6e626c7e91d1p-489,1.03354369803459129e-147
10,264,0x1.b0a35a7eadf2ep-491,0x1.e3963c5ae4e9cp-515,0x1.b0a35c62442f5p-491,2.64336390146721649e-148
10,265,0x1.ba6c2635e846fp-493,0x1.e3963c5ae4e9cp-515,0x1.ba6c2dc441387p-493,6.75786403669611635e-149
10,266,0x1.c43ee0d8df32dp-495,0x1.e3963c5ae4e9cp-515,0x1.c43eff1242f89p-495,1.72697874219765394e-149
10,267,0x1.ce19d5636109fp-497,0x1.e3963c5ae4e9cp-515,0x1.ce1a4e48f020cp-497,4.41154536291720370e-150
10,268,0x1.d7fb3e1e465c5p-499,0x1.e3963c5ae4e9cp-515,0x1.d7fd21b482b74p-499,1.12648104272497405e-150
10,269,0x1.e1e133b438703p-501,0x1.e3963c5ae4e9cp-515,0x1.e1e8c20d29dbdp-501,2.87539447765193445e-151
10,270,0x1.ebc96e94bd7f3p-503,0x1.e3963c5ae4e9cp-515,0x1.ebe7a7f8832d9p-503,7.33758880423302110e-152
10,271,0x1.f5b06510e196ap-505,0x1.e3963c5ae4e9cp-515,0x1.f6294a9ff84ffp-505,1.87264501982425755e-152
10,272,0x1.ff8e2a9c1b644p-507,0x1.e3963c5ae4e9cp-515,0x1.00b8e06c3b24ap-506,4.78680362519410471e-153
10,273,0x1.04a5c66792146p-508,0x1.e3963c5ae4e9cp-515,0x1.086cf2e047de4p-508,1.23261005069202032e-153
10,274,0x1.094e8637541eep-510,0x1.e3963c5ae4e9cp-515,0x1.186b381a2b464p-510,3.26790491064989231e-154
10,275,0x1.0d446d53b1b71p-512,0x1.e3963c5ae4e9cp-515,0x1.49b734df0e545p-512,9.60598306974513717e-155
10,276,0x1.0ef39bf5d5c62p-514,0x1.e3963c5ae4e9cp-515,0x1.005f5d11a41d9p-513,3.73459680185235263e-155
10,277,0x1.0982ce5b69951p-516,0x1.e3963c5ae4e9cp-515,0x1.342bd1c44cda3p-514,2.24457576752127272e-155
10,278,0x1.deba17967a8b5p-519,0x1.e3963c5ae4e9cp-515,0x1.00c0eeea26495p-514,1.87007438718385326e-155
10,279,0x1.42cbb7310427p-521,0x1.e3963c5ae4e9cp-515,0x1.e8a16b37a8fa7p-515,1.77947904093334843e-155
10,280,0x0p+0,0x1.e3963c5ae4e9cp-515,0x1.e3963c5ae4e9cp-515,1.76111111494821186e-155
11,0,0x1.47044c245b2f1p-3,0x1.1d10bab55179bp-490,0x1.47044c245b2f2p-3,1.59676165446760943e-01
11,1,0x1.d13eab5686e61p-5,0x1.1d10bab55179bp-490,0x1.d13eab5686e62p-5,5.67925783581955251e-02
11,2,0x1.42f1704e02537p-6,0x1.1d10bab55179bp-490,0x1.42f1704e02538p-6,1.97108837819872373e-02
11,3,0x1.bc6603aeb544cp-8,0x1.1d10bab55179bp-490,0x1.bc6603aeb544dp-8,6.78098287490509505e-03
11,4,0x1.30ecd6665114p-9,0x1.1d10bab55179bp-490,0x1.30ecd66651141p-9,2.32639424499062096e-03
11,5,0x1.a1a165af2204ap-11,0x1.1d10bab55179bp-490,0x1.a1a165af2204bp-11,7.96566882756097132e-04
11,6,0x1.1d2cff0add55ap-12,0x1.1d10bab55179bp-490,0x1.1d2cff0add55bp-12,2.71964804304877176e-04
11,7,0x1.84004322ae507p-14,0x1.1d10bab55179bp-490,0x1.84004322ae508p-14,9.25066529288317814e-05
11,8,0x1.06da97f5808b7p-15,0x1.1d10bab55179bp-490,0x1.06da97f5808b8p-15,3.13346244347352510e-05
11,9,0x1.62a6c4310a0e8p-17,0x1.1d10bab55179bp-490,0x1.62a6c4310a0e9p-17,1.05694362862594543e-05
11,10,0x1.dc948759d91dfp-19,0x1.1d10bab55179bp-490,0x1.dc948759d91ep-19,3.55079911866700915e-06
11,11,0x1.3f002b030be13p-20,0x1.1d10bab55179bp-490,0x1.3f002b030be14p-20,1.18837005015279957e-06
11,12,0x1.a989b5f8ae8a5p-22,0x1.1d10bab55179bp-490,0x1.a989b5f8ae8a6p-22,3.96313083277466335e-07
11,13,0x1.1ae41c69a6b0dp-23,0x1.1d10bab55179bp-490,0x1.1ae41c69a6b0ep-23,1.31731414489165044e-07
11,14,0x1.76f61dabecfcbp-25,0x1.1d10bab55179bp-490,0x1.76f61dabecfccp-25,4.36512509189144447e-08
11,15,0x1.ef8dc3e47e42fp-27,0x1.1d10bab55179bp-490,0x1.ef8dc3e47e43p-27,1.44225129139703871e-08
11,16,0x1.469105ead23d1p-28,0x1.1d10bab55179bp-490,0x1.469105ead23d2p-28,4.75216797408039882e-09
11,17,0x1.ad49e19442af5p-30,0x1.1d10bab55179bp-490,0x1.ad49e19442af6p-30,1.56174282279445038e-09
11,18,0x1.1975b3a1dc0bcp-31,0x1.1d10bab55179bp-490,0x1.1975b3a1dc0bdp-31,5.11972343194108328e-10
11,19,0x1.7032055bd377ep-33,0x1.1d10bab55179bp-490,0x1.7032055bd377fp-33,1.67435880151608369e-10
11,20,0x1.e08eda77fb265p-35,0x1.1d10bab55179bp-490,0x1.e08eda77fb266p-35,5.46331217569154145e-11
11,21,0x1.38e9f0ec5e82dp-36,0x1.1d10bab55179bp-490,0x1.38e9f0ec5e82ep-36,1.77870920451866981e-11
11,22,0x1.96a3362b6f1a1p-38,0x1.1d10bab55179bp-490,0x1.96a3362b6f1a2p-38,5.77866707819619396e-12
11,23,0x1.07abeb20df469p-39,0x1.1d10bab55179bp-490,0x1.07abeb20df46ap-39,1.87349909115229556e-12
11,24,0x1.55414306bd5d3p-41,0x1.1d10bab55179bp-490,0x1.55414306bd5d4p-41,6.06190527091472223e-13
11,25,0x1.b8cebba8302d2p-43,0x1.1d10bab55179bp-490,0x1.b8cebba8302d3p-43,1.95757876983272174e-13
11,26,0x1.1c29860d9be1p-44,0x1.1d10bab55179bp-490,0x1.1c29860d9be11p-44,6.30966838197384750e-14
11,27,0x1.6db0637a1f70fp-46,0x1.1d10bab55179bp-490,0x1.6db0637a1f71p-46,2.02998183762128844e-14
11,28,0x1.d5c2707fa5e45p-48,0x1.1d10bab55179bp-490,0x1.d5c2707fa5e46p-48,6.51922306544857678e-15
11,29,0x1.2d31955534afp-49,0x1.1d10bab55179bp-490,0x1.2d31955534af1p-49,2.08995102396630446e-15
11,30,0x1.8191359a25f1ep-51,0x1.1d10bab55179bp-490,0x1.8191359a25f1fp-51,6.68852515306757292e-16
11,31,0x1.ecbf758b6b2a1p-53,0x1.1d10bab55179bp-490,0x1.ecbf758b6b2a2p-53,2.13695331975938405e-16
11,32,0x1.3a581ac2aec91p-54,0x1.1d10bab55179bp-490,0x1.3a581ac2aec92p-54,6.81625238744474142e-17
11,33,0x1.906bbe55a7a5cp-56,0x1.1d10bab55179bp-490,0x1.906bbe55a7a5dp-56,2.17068590221313506e-17
11,34,0x1.fd43822bbd88fp-58,0x1.1d10bab55179bp-490,0x1.fd43822bbd89p-58,6.90181019160874820e-18
11,35,0x1.4358710b501d4p-59,0x1.1d10bab55179bp-490,0x1.4358710b501d5p-59,2.19107416480547673e-18
11,36,0x1.99fa9f8bad303p-61,0x1.1d10bab55179bp-490,0x1.99fa9f8bad304p-61,6.94531436236516390e-19
11,37,0x1.03866c573904fp-62,0x1.1d10bab55179bp-490,0x1.03866c573905p-62,2.19826302418098534e-19
11,38,0x1.4816c70563c7ap-64,0x1.1d10bab55179bp-490,0x1.4816c70563c7bp-64,6.94755427200364914e-20
11,39,0x1.9e2bc1a5eb4c5p-66,0x1.1d10bab55179bp-490,0x1.9e2bc1a5eb4c6p-66,2.19260261294968604e-20
11,40,0x1.050cd6e01cbebp-67,0x1.1d10bab55179bp-490,0x1.050cd6e01cbecp-67,6.90994003446022094e-21
11,41,0x1.489ee6d47a2d1p-69,0x1.1d10bab55179bp-490,0x1.489ee6d47a2d2p-69,2.17462943948617320e-21
11,42,0x1.9d1dca58b6c17p-71,0x1.1d10bab55179bp-490,0x1.9d1dca58b6c18p-71,6.83443702021088707e-22
11,43,0x1.0351e609e0dbbp-72,0x1.1d10bab55179bp-490,0x1.0351e609e0dbcp-72,2.14504407262096399e-22
11,44,0x1.4520c98eecea9p-74,0x1.1d10bab55179bp-490,0x1.4520c98eeceaap-74,6.72349101699358266e-23
11,45,0x1.971b05763f12bp-76,0x1.1d10bab55179bp-490,0x1.971b05763f12cp-76,2.10468637470738453e-23
11,46,0x1.fd19480fe91ddp-78,0x1.1d10bab55179bp-490,0x1.fd19480fe91dep-78,6.57994719841253554e-24
11,47,0x1.3deb7f1ed7771p-79,0x1.1d10bab55179bp-490,0x1.3deb7f1ed7772p-79,2.05450925482976586e-24
11,48,0x1.8c926d37b5835p-81,0x1.1d10bab55179bp-490,0x1.8c926d37b5836p-81,6.40696586980823911e-25
11,49,0x1.ee131fe84e1a3p-83,0x1.1d10bab55179bp-490,0x1.ee131fe84e1a4p-83,1.99555184394930522e-25
11,50,0x1.3366f5ad07503p-84,0x1.1d10bab55179bp-490,0x1.3366f5ad07504p-84,6.20793771227561332e-26
11,51,0x1.7e0f811235f7p-86,0x1.1d10bab55179bp-490,0x1.7e0f811235f71p-86,1.92891290720241420e-26
11,52,0x1.da4aa2d767dadp-88,0x1.1d10bab55179bp-490,0x1.da4aa2d767daep-88,5.98640094900112482e-27
11,53,0x1.260d2856d4b04p-89,0x1.1d10bab55179bp-490,0x1.260d2856d4b05p-89,1.85572520834457710e-27
11,54,0x1.6c3192879469fp-91,0x1.1d10bab55179bp-490,0x1.6c319287946ap-91,5.74596252388182725e-28
11,55,0x1.c28e6ca196cf2p-93,0x1.1d10bab55179bp-490,0x1.c28e6ca196cf3p-93,1.77713143116707736e-28
11,56,0x1.1663320273288p-94,0x1.1d10bab55179bp-490,0x1.1663320273289p-94,5.49022502307326639e-29
11,57,0x1.57a31ec685884p-96,0x1.1d10bab55179bp-490,0x1.57a31ec685885p-96,1.69426214666630696e-29
11,58,0x1.a7b7aa4494275p-98,0x1.1d10bab55179bp-490,0x1.a7b7aa4494276p-98,5.22272069877072936e-30
11,59,0x1.04f2aff02f82ap-99,0x1.1d10bab55179bp-490,0x1.04f2aff02f82bp-99,1.60821619696311366e-30
11,60,0x1.4111b4148577bp-101,0x1.1d10bab55179bp-490,0x1.4111b4148577cp-101,4.94685358411189838e-31
11,61,0x1.8aa03c473522ep-103,0x1.1d10bab55179bp-490,0x1.8aa03c473522fp-103,1.52004375143913337e-31
11,62,0x1.e48793e2706e9p-105,0x1.1d10bab55179bp-490,0x1.e48793e2706eap-105,4.66585033069107928e-32
11,63,0x1.2926c551575fcp-106,0x1.1d10bab55179bp-490,0x1.2926c551575fdp-106,1.43073218089082698e-32
11,64,0x1.6c1a25b959e52p-108,0x1.1d10bab55179bp-490,0x1.6c1a25b959e53p-108,4.38272006641546317e-33
11,65,0x1.bdb03c1cf0305p-110,0x1.1d10bab55179bp-490,0x1.bdb03c1cf0306p-110,1.34119479476962380e-33
11,66,0x1.1081af1815c53p-111,0x1.1d10bab55179bp-490,0x1.1081af1815c54p-111,4.10022327001546092e-34
11,67,0x1.4ce8900049733p-113,0x1.1d10bab55179bp-490,0x1.4ce8900049734p-113,1.25226239718996563e-34
11,68,0x1.964d6a01af7f6p-115,0x1.1d10bab55179bp-490,0x1.964d6a01af7f7p-115,3.82084939595128401e-35
11,69,0x1.ef662759ffd45p-117,0x1.1d10bab55179bp-490,0x1.ef662759ffd46p-117,1.16467754104285582e-35
11,70,0x1.2dba862d55ffdp-118,0x1.1d10bab55179bp-490,0x1.2dba862d55ffep-118,3.54680276395362714e-36
11,71,0x1.6f321c10be2d2p-120,0x1.1d10bab55179bp-490,0x1.6f321c10be2d3p-120,1.07909129722658125e-36
11,72,0x1.be732e7defd89p-122,0x1.1d10bab55179bp-490,0x1.be732e7defd8ap-122,3.27999605298714777e-37
11,73,0x1.0f276962ce135p-123,0x1.1d10bab55179bp-490,0x1.0f276962ce136p-123,9.96062307994523772e-38
11,74,0x1.491279cd370c9p-125,0x1.1d10bab55179bp-490,0x1.491279cd370cap-125,3.02205060997275075e-38
11,75,0x1.8effdd531cfa6p-127,0x1.1d10bab55179bp-490,0x1.8effdd531cfa7p-127,9.16057859413477383e-39
11,76,0x1.e35a08fd3294fp-129,0x1.1d10bab55179bp-490,0x1.e35a08fd3295p-129,2.77430269732962890e-39
11,77,0x1.248209eab54adp-130,0x1.1d10bab55179bp-490,0x1.248209eab54aep-130,8.39456687108223041e-40
11,78,0x1.61b841a44580ap-132,0x1.1d10bab55179bp-490,0x1.61b841a44580bp-132,2.53781475704902955e-40
11,79,0x1.ab5e21ad1f35bp-134,0x1.1d10bab55179bp-490,0x1.ab5e21ad1f35cp-134,7.66553220628821198e-41
11,80,0x1.01f3a1e7accd5p-135,0x1.1d10bab55179bp-490,0x1.01f3a1e7accd6p-135,2.31339075826884815e-41
11,81,0x1.371f9c8e54675p-137,0x1.1d10bab55179bp-490,0x1.371f9c8e54676p-137,6.97562973422755305e-42
11,82,0x1.76efe0f005bc4p-139,0x1.1d10bab55179bp-490,0x1.76efe0f005bc5p-139,2.10159471515050787e-42
11,83,0x1.c37580abd3189p-141,0x1.1d10bab55179bp-490,0x1.c37580abd318ap-141,6.32628795861788851e-43
11,84,0x1.0f929781683fap-142,0x1.1d10bab55179bp-490,0x1.0f929781683fbp-142,1.90277150685412977e-43
11,85,0x1.4674b740a0cbdp-144,0x1.1d10bab55179bp-490,0x1.4674b740a0cbep-144,5.71827726327581015e-44
11,86,0x1.881bfa47d86c2p-146,0x1.1d10bab55179bp-490,0x1.881bfa47d86c3p-146,1.71706919607176752e-44
11,87,0x1.d69567a426bc7p-148,0x1.1d10bab55179bp-490,0x1.d69567a426bc8p-148,5.15178198279809882e-45
11,88,0x1.1a277c44b4233p-149,0x1.1d10bab55179bp-490,0x1.1a277c44b4234p-149,1.54446212157622259e-45
11,89,0x1.521478175a0b5p-151,0x1.1d10bab55179bp-490,0x1.521478175a0b6p-151,4.62647387879749255e-46
11,90,0x1.94c51a36ffb68p-153,0x1.1d10bab55179bp-490,0x1.94c51a36ffb69p-153,1.38477412860078492e-46
11,91,0x1.e43c13eb866f3p-155,0x1.1d10bab55179bp-490,0x1.e43c13eb866f4p-155,4.14158515620727960e-47
11,92,0x1.216ca6ac83d01p-156,0x1.1d10bab55179bp-490,0x1.216ca6ac83d02p-156,1.23770139410449365e-47
11,93,0x1.59b5201e0a8d4p-158,0x1.1d10bab55179bp-490,0x1.59b5201e0a8d5p-158,3.69597945200990292e-48
11,94,0x1.9c9e8cc2e163ap-160,0x1.1d10bab55179bp-490,0x1.9c9e8cc2e163bp-160,1.10283439821514738e-48
11,95,0x1.ec1b8b410d149p-162,0x1.1d10bab55179bp-490,0x1.ec1b8b410d14ap-162,3.28821952434967962e-49
11,96,0x1.253ba92ba9dd8p-163,0x1.1d10bab55179bp-490,0x1.253ba92ba9dd9p-163,9.79678685134549341e-50
11,97,0x1.5d32782d00ca1p-165,0x1.1d10bab55179bp-490,0x1.5d32782d00ca2p-165,2.91663065414803781e-50
11,98,0x1.9f888a5fa4b52p-167,0x1.1d10bab55179bp-490,0x1.9f888a5fa4b53p-167,8.67674143947244039e-51
11,99,0x1.ee1b662c49425p-169,0x1.1d10bab55179bp-490,0x1.ee1b662c49426p-169,2.57935903686592637e-51
11,100,0x1.258dea452cbf1p-170,0x1.1d10bab55179bp-490,0x1.258dea452cbf2p-170,7.66212620139607707e-52
11,101,0x1.5c8df834f0e98p-172,0x1.1d10bab55179bp-490,0x1.5c8df834f0e99p-172,2.27442468373043949e-52
11,102,0x1.9d8fc1125594bp-174,0x1.1d10bab55179bp-490,0x1.9d8fc1125594cp-174,6.74653740844538604e-53
11,103,0x1.ea5781e2c7707p-176,0x1.1d10bab55179bp-490,0x1.ea5781e2c7708p-176,1.99976856610387764e-53
11,104,0x1.227b6e4587667p-177,0x1.1d10bab55179bp-490,0x1.227b6e4587668p-177,5.92338900046886179e-54
11,105,0x1.57ecd5a57bc89p-179,0x1.1d10bab55179bp-490,0x1.57ecd5a57bc8ap-179,1.75329392185851991e-54
11,106,0x1.96ea7143bfd3ep-181,0x1.1d10bab55179bp-490,0x1.96ea7143bfd3fp-181,5.18603403844652744e-55
11,107,0x1.e11be92f0431dp-183,0x1.1d10bab55179bp-490,0x1.e11be92f0431ep-183,1.53290179809586715e-55
11,108,0x1.1c380969286e3p-184,0x1.1d10bab55179bp-490,0x1.1c380969286e4p-184,4.52786820380400233e-56
11,109,0x1.4f94427918fccp-186,0x1.1d10bab55179bp-490,0x1.4f94427918fcdp-186,1.33652103090131664e-56
11,110,0x1.8bf37ef027513p-188,0x1.1d10bab55179bp-490,0x1.8bf37ef027514p-188,3.94241614565073248e-57
11,111,0x1.d2de71598b6cdp-190,0x1.1d10bab55179bp-490,0x1.d2de71598b6cep-190,1.16213296150002568e-57
11,112,0x1.130f4a2b18ee7p-191,0x1.1d10bab55179bp-490,0x1.130f4a2b18ee8p-191,3.42340174783818625e-58
11,113,0x1.43e44173270d9p-193,0x1.1d10bab55179bp-490,0x1.43e44173270dap-193,1.00779126128124194e-58
11,114,0x1.7d23f4c2aa1e3p-195,0x1.1d10bab55179bp-490,0x1.7d23f4c2aa1e4p-195,2.96480358140687466e-59
11,115,0x1.c036a6812b67ap-197,0x1.1d10bab55179bp-490,0x1.c036a6812b67bp-197,8.71637288225335171e-60
11,116,0x1.075f7b2f50586p-198,0x1.1d10bab55179bp-490,0x1.075f7b2f50587p-198,2.56089693320509137e-60
11,117,0x1.355183f932252p-200,0x1.1d10bab55179bp-490,0x1.355183f932253p-200,7.51911427114253728e-61
11,118,0x1.6b0b862883261p-202,0x1.1d10bab55179bp-490,0x1.6b0b862883262p-202,2.20628386732318532e-61
11,119,0x1.a9d4b13ef70aap-204,0x1.1d10bab55179bp-490,0x1.a9d4b13ef70abp-204,6.46960878449192636e-62
11,120,0x1.f32844f6055cfp-206,0x1.1d10bab55179bp-490,0x1.f32844f6055dp-206,1.89591279176647024e-62
11,121,0x1.245ecaa30448fp-207,0x1.1d10bab55179bp-490,0x1.245ecaa30449p-207,5.55244359152498934e-63
11,122,0x1.56489fd3f1297p-209,0x1.1d10bab55179bp-490,0x1.56489fd3f1298p-209,1.62508897754043298e-63
11,123,0x1.9077dead56bf1p-211,0x1.1d10bab55179bp-490,0x1.9077dead56bf2p-211,4.75334164687705005e-64
11,124,0x1.d440c241647d6p-213,0x1.1d10bab55179bp-490,0x1.d440c241647d7p-213,1.38947741962210997e-64
11,125,0x1.11963c341edc6p-214,0x1.1d10bab55179bp-490,0x1.11963c341edc7p-214,4.05916019807743497e-65
11,126,0x1.3f808d0727e03p-216,0x1.1d10bab55179bp-490,0x1.3f808d0727e04p-216,1.18509934704385832e-65
11,127,0x1.74e5660b9959dp-218,0x1.1d10bab55179bp-490,0x1.74e5660b9959ep-218,3.45787116107499313e-66
11,128,0x1.b2f31931bd931p-220,0x1.1d10bab55179bp-490,0x1.b2f31931bd932p-220,1.00832358960685908e-66
11,129,0x1.fb063210d1ea5p-222,0x1.1d10bab55179bp-490,0x1.fb063210d1ea6p-222,2.93852701021258241e-67
11,130,0x1.275825b955e83p-223,0x1.1d10bab55179bp-490,0x1.275825b955e84p-223,8.55853897787468980e-68
11,131,0x1.57dfef48f3d1dp-225,0x1.1d10bab55179bp-490,0x1.57dfef48f3d1ep-225,2.49121546685642128e-68
11,132,0x1.9024973053487p-227,0x1.1d10bab55179bp-490,0x1.9024973053488p-227,7.24713195493695466e-69
11,133,0x1.d1583adbe71fcp-229,0x1.1d10bab55179bp-490,0x1.d1583adbe71fdp-229,2.10700589719852786e-69
11,134,0x1.0e6d611afae24p-230,0x1.1d10bab55179bp-490,0x1.0e6d611afae25p-230,6.12225626884334815e-70
11,135,0x1.3a203f41c5ff5p-232,0x1.1d10bab55179bp-490,0x1.3a203f41c5ff6p-232,1.77788995712265325e-70
11,136,0x1.6cacdad89d6fp-234,0x1.1d10bab55179bp-490,0x1.6cacdad89d6f1p-234,5.15997142023460219e-71
11,137,0x1.a71d9ce908e58p-236,0x1.1d10bab55179bp-490,0x1.a71d9ce908e59p-236,1.49671866040977499e-71
11,138,0x1.eaa41856299f5p-238,0x1.1d10bab55179bp-490,0x1.eaa41856299f6p-238,4.33895254475669161e-72
11,139,0x1.1c4f4cf284b46p-239,0x1.1d10bab55179bp-490,0x1.1c4f4cf284b47p-239,1.25713770353287623e-72
11,140,0x1.494f3dabe1f2bp-241,0x1.1d10bab55179bp-490,0x1.494f3dabe1f2cp-241,3.64028499093710873e-73
11,141,0x1.7d37a9a99a51cp-243,0x1.1d10bab55179bp-490,0x1.7d37a9a99a51dp-243,1.05352256128837462e-73
11,142,0x1.b90f8f84005c4p-245,0x1.1d10bab55179bp-490,0x1.b90f8f84005c5p-245,3.04726021634018714e-74
11,143,0x1.fe03c31ef3be7p-247,0x1.1d10bab55179bp-490,0x1.fe03c31ef3be8p-247,8.80914576147738655e-75
11,144,0x1.26b6179db9935p-248,0x1.1d10bab55179bp-490,0x1.26b6179db9936p-248,2.54517644335161604e-75
11,145,0x1.5468e59cf56d1p-250,0x1.1d10bab55179bp-490,0x1.5468e59cf56d2p-250,7.34959002511155915e-76
11,146,0x1.88faae2104109p-252,0x1.1d10bab55179bp-490,0x1.88faae210410ap-252,2.12114673639202933e-76
11,147,0x1.c56b8df152c33p-254,0x1.1d10bab55179bp-490,0x1.c56b8df152c34p-254,6.11845735762496047e-77
11,148,0x1.056fd85c35a53p-255,0x1.1d10bab55179bp-490,0x1.056fd85c35a54p-255,1.76391647889760201e-77
11,149,0x1.2d521bc07af47p-257,0x1.1d10bab55179bp-490,0x1.2d521bc07af48p-257,5.08253254862475939e-78
11,150,0x1.5b1a61b710da3p-259,0x1.1d10bab55179bp-490,0x1.5b1a61b710da4p-259,1.46369163873820586e-78
11,151,0x1.8fa0dcac71f68p-261,0x1.1d10bab55179bp-490,0x1.8fa0dcac71f69p-261,4.21296135088025501e-79
11,152,0x1.cbdbaabc922e4p-263,0x1.1d10bab55179bp-490,0x1.cbdbaabc922e5p-263,1.21197871043262130e-79
11,153,0x1.08716a423ddd6p-264,0x1.1d10bab55179bp-490,0x1.08716a423ddd7p-264,3.48476342747765556e-80
11,154,0x1.2ffa67ba1f4bdp-266,0x1.1d10bab55179bp-490,0x1.2ffa67ba1f4bep-266,1.00143680550977855e-80
11,155,0x1.5d3dc9eeeee9ep-268,0x1.1d10bab55179bp-490,0x1.5d3dc9eeeee9fp-268,2.87638404181583618e-81
11,156,0x1.91092c74a616dp-270,0x1.1d10bab55179bp-490,0x1.91092c74a616ep-270,8.25742021595988455e-82
11,157,0x1.cc46055c2cbebp-272,0x1.1d10bab55179bp-490,0x1.cc46055c2cbecp-272,2.36928444744205555e-82
11,158,0x1.07fea45966907p-273,0x1.1d10bab55179bp-490,0x1.07fea45966908p-273,6.79463948608450846e-83
11,159,0x1.2eadc08b5651cp-275,0x1.1d10bab55179bp-490,0x1.2eadc08b5651dp-275,1.94757017300991513e-83
11,160,0x1.5adab5bfaeb51p-277,0x1.1d10bab55179bp-490,0x1.5adab5bfaeb52p-277,5.57953958910027087e-84
11,161,0x1.8d4692fd51024p-279,0x1.1d10bab55179bp-490,0x1.8d4692fd51025p-279,1.59765581536065865e-84
11,162,0x1.c6cc01762b357p-281,0x1.1d10bab55179bp-490,0x1.c6cc01762b358p-281,4.57244769604382535e-85
11,163,0x1.0431451878f6dp-282,0x1.1d10bab55179bp-490,0x1.0431451878f6ep-282,1.30796452646909122e-85
11,164,0x1.29912150bb39ep-284,0x1.1d10bab55179bp-490,0x1.29912150bb39fp-284,3.73960651766143475e-86
11,165,0x1.5423f627ef865p-286,0x1.1d10bab55179bp-490,0x1.5423f627ef866p-286,1.06866008453563381e-86
11,166,0x1.849cca8634447p-288,0x1.1d10bab55179bp-490,0x1.849cca8634448p-288,3.05237586210030836e-87
11,167,0x1.bbc5e358104dep-290,0x1.1d10bab55179bp-490,0x1.bbc5e358104dfp-290,8.71409254229594488e-88
11,168,0x1.fa83ab8b8103fp-292,0x1.1d10bab55179bp-490,0x1.fa83ab8b8104p-292,2.48652621849837796e-88
11,169,0x1.20ebfab64aaedp-293,0x1.1d10bab55179bp-490,0x1.20ebfab64aaeep-293,7.09172046221283461e-89
11,170,0x1.4972cfd50524fp-295,0x1.1d10bab55179bp-490,0x1.4972cfd50525p-295,2.02161674851187597e-89
11,171,0x1.777a54b5b0538p-297,0x1.1d10bab55179bp-490,0x1.777a54b5b0539p-297,5.76017463961633358e-90
11,172,0x1.abbb611085538p-299,0x1.1d10bab55179bp-490,0x1.abbb611085539p-299,1.64045009362900600e-90
11,173,0x1.e706318bc8183p-301,0x1.1d10bab55179bp-490,0x1.e706318bc8184p-301,4.66962360510374396e-91
11,174,0x1.1522a096c81c9p-302,0x1.1d10bab55179bp-490,0x1.1522a096c81cap-302,1.32859658991624925e-91
11,175,0x1.3b403c095fb91p-304,0x1.1d10bab55179bp-490,0x1.3b403c095fb92p-304,3.77831106466616723e-92
11,176,0x1.66705c7a1bdd5p-306,0x1.1d10bab55179bp-490,0x1.66705c7a1bdd6p-306,1.07398078376762648e-92
11,177,0x1.9759ec03b980cp-308,0x1.1d10bab55179bp-490,0x1.9759ec03b980dp-308,3.05133880081325843e-93
11,178,0x1.ceb88372fb093p-310,0x1.1d10bab55179bp-490,0x1.ceb88372fb094p-310,8.66523528416918566e-94
11,179,0x1.06af70988b873p-311,0x1.1d10bab55179bp-490,0x1.06af70988b874p-311,2.45961522620864833e-94
11,180,0x1.2a1cd422b663ep-313,0x1.1d10bab55179bp-490,0x1.2a1cd422b663fp-313,6.97833383159502376e-95
11,181,0x1.522937a6c7ad7p-315,0x1.1d10bab55179bp-490,0x1.522937a6c7ad8p-315,1.97895047896712614e-95
11,182,0x1.7f69940e056cdp-317,0x1.1d10bab55179bp-490,0x1.7f69940e056cep-317,5.60941512253263907e-96
11,183,0x1.b284f4ca1636dp-319,0x1.1d10bab55179bp-490,0x1.b284f4ca1636ep-319,1.58928047988809711e-96
11,184,0x1.ec36932aba6a1p-321,0x1.1d10bab55179bp-490,0x1.ec36932aba6a2p-321,4.50074769674720960e-97
11,185,0x1.16a816f790a0bp-322,0x1.1d10bab55179bp-490,0x1.16a816f790a0cp-322,1.27400392324489829e-97
11,186,0x1.3b5e51bf3ac5cp-324,0x1.1d10bab55179bp-490,0x1.3b5e51bf3ac5dp-324,3.60462144653502968e-98
11,187,0x1.64c16aecd6ebap-326,0x1.1d10bab55179bp-490,0x1.64c16aecd6ebbp-326,1.01941770368417967e-98
11,188,0x1.9364700780921p-328,0x1.1d10bab55179bp-490,0x1.9364700780922p-328,2.88170219996985040e-99
11,189,0x1.c7ebd2df89404p-330,0x1.1d10bab55179bp-490,0x1.c7ebd2df89405p-330,8.14237761712404055e-100
11,190,0x1.0187b1879d196p-331,0x1.1d10bab55179bp-490,0x1.0187b1879d197p-331,2.29963752376943311e-100
11,191,0x1.22ce3f33503a9p-333,0x1.1d10bab55179bp-490,0x1.22ce3f33503aap-333,6.49193737094040950e-101
11,192,0x1.483c3ef8ff85ep-335,0x1.1d10bab55179bp-490,0x1.483c3ef8ff85fp-335,1.83187915181357608e-101
11,193,0x1.7251b2ecb2557p-337,0x1.1d10bab55179bp-490,0x1.7251b2ecb2558p-337,5.16687138283268460e-102
11,194,0x1.a19d6f79fe797p-339,0x1.1d10bab55179bp-490,0x1.a19d6f79fe798p-339,1.45669146459621944e-102
11,195,0x1.d6bec0ca13dbdp-341,0x1.1d10bab55179bp-490,0x1.d6bec0ca13dbep-341,4.10503957534805719e-103
11,196,0x1.09339e72d9e67p-342,0x1.1d10bab55179bp-490,0x1.09339e72d9e68p-342,1.15631914767845370e-103
11,197,0x1.2aae638c09f5dp-344,0x1.1d10bab55179bp-490,0x1.2aae638c09f5ep-344,3.25573781018121548e-104
11,198,0x1.503de4c328674p-346,0x1.1d10bab55179bp-490,0x1.503de4c328675p-346,9.16290535183809846e-105
11,199,0x1.7a5cd533d28b3p-348,0x1.1d10bab55179bp-490,0x1.7a5cd533d28b4p-348,2.57768460141130814e-105
11,200,0x1.a993c166fa6e7p-350,0x1.1d10bab55179bp-490,0x1.a993c166fa6e8p-350,7.24836199191461636e-106
11,201,0x1.de7a8ebe9f403p-352,0x1.1d10bab55179bp-490,0x1.de7a8ebe9f404p-352,2.03734326181509064e-106
11,202,0x1.0cdd113b093b3p-353,0x1.1d10bab55179bp-490,0x1.0cdd113b093b4p-353,5.72405086755306386e-107
11,203,0x1.2e071a0c44c4fp-355,0x1.1d10bab55179bp-490,0x1.2e071a0c44c5p-355,1.60752749079953855e-107
11,204,0x1.5323a7d5e339cp-357,0x1.1d10bab55179bp-490,0x1.5323a7d5e339dp-357,4.51262947875628494e-108
11,205,0x1.7ca6861851737p-359,0x1.1d10bab55179bp-490,0x1.7ca6861851738p-359,1.26624568153464144e-108
11,206,0x1.ab103dc3f8d1ep-361,0x1.1d10bab55179bp-490,0x1.ab103dc3f8d1fp-361,3.55159958429686712e-109
11,207,0x1.deef6ca00e4f5p-363,0x1.1d10bab55179bp-490,0x1.deef6ca00e4f6p-363,9.95745637568909481e-110
11,208,0x1.0c711f93fa089p-364,0x1.1d10bab55179bp-490,0x1.0c711f93fa08ap-364,2.79056342498554535e-110
11,209,0x1.2ccc081366f9ep-366,0x1.1d10bab55179bp-490,0x1.2ccc081366f9fp-366,7.81727013210826727e-111
11,210,0x1.50e998d217d53p-368,0x1.1d10bab55179bp-490,0x1.50e998d217d54p-368,2.18896460565651651e-111
11,211,0x1.793571832c4ecp-370,0x1.1d10bab55179bp-490,0x1.793571832c4edp-370,6.12693697158931980e-112
11,212,0x1.a626bc53675cdp-372,0x1.1d10bab55179bp-490,0x1.a626bc53675cep-372,1.71423275868516432e-112
11,213,0x1.d8415cbae7273p-374,0x1.1d10bab55179bp-490,0x1.d8415cbae7274p-374,4.79422615026228243e-113
11,214,0x1.080b9dec21f6cp-375,0x1.1d10bab55179bp-490,0x1.080b9dec21f6dp-375,1.34026362585897267e-113
11,215,0x1.2724da8786796p-377,0x1.1d10bab55179bp-490,0x1.2724da8786797p-377,3.74529101415348582e-114
11,216,0x1.49c592f010c94p-379,0x1.1d10bab55179bp-490,0x1.49c592f010c95p-379,1.04617697541376192e-114
11,217,0x1.70505219e3fecp-381,0x1.1d10bab55179bp-490,0x1.70505219e3fedp-381,2.92112150749450986e-115
11,218,0x1.9b31ef4a055f3p-383,0x1.1d10bab55179bp-490,0x1.9b31ef4a055f4p-383,8.15304015436400341e-116
11,219,0x1.cae2951113e53p-385,0x1.1d10bab55179bp-490,0x1.cae2951113e54p-385,2.27465558791831099e-116
11,220,0x1.ffe6e13214517p-387,0x1.1d10bab55179bp-490,0x1.ffe6e13214518p-387,6.34363858347280694e-117
11,221,0x1.1d688fd81fa13p-388,0x1.1d10bab55179bp-490,0x1.1d688fd81fa14p-388,1.76843269776975699e-117
11,222,0x1.3e2151b74cca5p-390,0x1.1d10bab55179bp-490,0x1.3e2151b74cca6p-390,4.92795303563935276e-118
11,223,0x1.62769f7fd64c9p-392,0x1.1d10bab55179bp-490,0x1.62769f7fd64cap-392,1.37269198567938280e-118
11,224,0x1.8aca703d9f82ep-394,0x1.1d10bab55179bp-490,0x1.8aca703d9f82fp-394,3.82215890982908155e-119
11,225,0x1.b788a9b5dc77cp-396,0x1.1d10bab55179bp-490,0x1.b788a9b5dc77dp-396,1.06383449590081402e-119
11,226,0x1.e928161299bbbp-398,0x1.1d10bab55179bp-490,0x1.e928161299bbcp-398,2.95984975491383838e-120
11,227,0x1.1015b80759ed7p-399,0x1.1d10bab55179bp-490,0x1.1015b80759ed8p-399,8.23182460036722799e-121
11,228,0x1.2e9143c9853b9p-401,0x1.1d10bab55179bp-490,0x1.2e9143c9853bap-401,2.28851606282391334e-121
11,229,0x1.5055c06edae4ep-403,0x1.1d10bab55179bp-490,0x1.5055c06edae4fp-403,6.35980505857315814e-122
11,230,0x1.75ba183b77357p-405,0x1.1d10bab55179bp-490,0x1.75ba183b77358p-405,1.76671374049508462e-122
11,231,0x1.9f1dcb32b9eabp-407,0x1.1d10bab55179bp-490,0x1.9f1dcb32b9eacp-407,4.90593366671752369e-123
11,232,0x1.cce9bda2d7632p-409,0x1.1d10bab55179bp-490,0x1.cce9bda2d7633p-409,1.36179210690642646e-123
11,233,0x1.ff91190dec727p-411,0x1.1d10bab55179bp-490,0x1.ff91190dec728p-411,3.77862817619850777e-124
11,234,0x1.1bc9207c93dc6p-412,0x1.1d10bab55179bp-490,0x1.1bc9207c93dc7p-412,1.04807474262006307e-124
11,235,0x1.3abbeea48a391p-414,0x1.1d10bab55179bp-490,0x1.3abbeea48a392p-414,2.90593330929484125e-125
11,236,0x1.5cecfdf958325p-416,0x1.1d10bab55179bp-490,0x1.5cecfdf958326p-416,8.05405998011146560e-126
11,237,0x1.82afa5f5f445dp-418,0x1.1d10bab55179bp-490,0x1.82afa5f5f445ep-418,2.23141545885621528e-126
11,238,0x1.ac5f39b5bb6c3p-420,0x1.1d10bab55179bp-490,0x1.ac5f39b5bb6c4p-420,6.17992074918087078e-127
11,239,0x1.da5fc1d80aa84p-422,0x1.1d10bab55179bp-490,0x1.da5fc1d80aa85p-422,1.71089276367552634e-127
11,240,0x1.068f632c6db2ap-423,0x1.1d10bab55179bp-490,0x1.068f632c6db2bp-423,4.73478877731084611e-128
11,241,0x1.228a14d3477b7p-425,0x1.1d10bab55179bp-490,0x1.228a14d3477b8p-425,1.30983588166427653e-128
11,242,0x1.41618b2abcebcp-427,0x1.1d10bab55179bp-490,0x1.41618b2abcebdp-427,3.62219748049280386e-129
11,243,0x1.635d8075e0e9dp-429,0x1.1d10bab55179bp-490,0x1.635d8075e0e9ep-429,1.00130605327170315e-129
11,244,0x1.88cc5fadf6795p-431,0x1.1d10bab55179bp-490,0x1.88cc5fadf6796p-431,2.76695146769078898e-130
11,245,0x1.b203dbf10d093p-433,0x1.1d10bab55179bp-490,0x1.b203dbf10d094p-433,7.64322644301677094e-131
11,246,0x1.df61948bb7c8dp-435,0x1.1d10bab55179bp-490,0x1.df61948bb7c8ep-435,2.11053663204065483e-131
11,247,0x1.08a5e34c3bb34p-436,0x1.1d10bab55179bp-490,0x1.08a5e34c3bb35p-436,5.82573251958628148e-132
11,248,0x1.241906a0ab63bp-438,0x1.1d10bab55179bp-490,0x1.241906a0ab63dp-438,1.60749694596946414e-132
11,249,0x1.424718e1a7103p-440,0x1.1d10bab55179bp-490,0x1.424718e1a7108p-440,4.43396468347508198e-133
11,250,0x1.63728633a1948p-442,0x1.1d10bab55179bp-490,0x1.63728633a195bp-442,1.22257988042555063e-133
11,251,0x1.87e3bbdd0a60fp-444,0x1.1d10bab55179bp-490,0x1.87e3bbdd0a657p-444,3.36981207298074730e-134
11,252,0x1.afe9abb204f56p-446,0x1.1d10bab55179bp-490,0x1.afe9abb205074p-446,9.28491686146361977e-135
11,253,0x1.dbda5a0c2bf27p-448,0x1.1d10bab55179bp-490,0x1.dbda5a0c2c39cp-448,2.55737685835223499e-135
11,254,0x1.0609bb8bd3f6dp-449,0x1.1d10bab55179bp-490,0x1.0609bb8bd4857p-449,7.04135576099676310e-136
11,255,0x1.207d82264d965p-451,0x1.1d10bab55179bp-490,0x1.207d82264fd08p-451,1.93804187312822259e-136
11,256,0x1.3d80037d3a6cep-453,0x1.1d10bab55179bp-490,0x1.3d80037d43557p-453,5.33231505457477507e-137
11,257,0x1.5d4da46d13f91p-455,0x1.1d10bab55179bp-490,0x1.5d4da46d379b3p-455,1.46661014221100839e-137
11,258,0x1.802813d651127p-457,0x1.1d10bab55179bp-490,0x1.802813d6df9aep-457,4.03236894861391810e-138
11,259,0x1.a656ba7e13a13p-459,0x1.1d10bab55179bp-490,0x1.a656ba804dc2bp-459,1.10828891465268902e-138
11,260,0x1.d0273394b8aap-461,0x1.1d10bab55179bp-490,0x1.d027339da12fep-461,3.04504221807255440e-139
11,261,0x1.fdedce8035fcfp-463,0x1.1d10bab55179bp-490,0x1.fdedcea3d8145p-463,8.36337745231582719e-140
11,262,0x1.18030d48cdeb4p-464,0x1.1d10bab55179bp-490,0x1.18030d90121ap-464,2.29624685730497418e-140
11,263,0x1.3369beaa5ee85p-466,0x1.1d10bab55179bp-490,0x1.3369bfc76fa31p-466,6.30237732703816711e-141
11,264,0x1.5160ea1445054p-468,0x1.1d10bab55179bp-490,0x1.5160ee8887f02p-468,1.72917778247337017e-141
11,265,0x1.722310d71c54fp-470,0x1.1d10bab55179bp-490,0x1.722322a828005p-470,4.74269136807005954e-142
11,266,0x1.95efa382a36adp-472,0x1.1d10bab55179bp-490,0x1.95efeac6d2183p-472,1.30035193294535722e-142
11,267,0x1.bd0b633bd3d27p-474,0x1.1d10bab55179bp-490,0x1.bd0c804c8e87dp-474,3.56409897782357720e-143
11,268,0x1.e7c0c24bb878ap-476,0x1.1d10bab55179bp-490,0x1.e7c5368ea34dfp-476,9.76556799548120463e-144
11,269,0x1.0b301756ec7fp-477,0x1.1d10bab55179bp-490,0x1.0b38ffdcc229ap-477,2.67500979261276862e-144
11,270,0x1.249ffc72c8fe9p-479,0x1.1d10bab55179bp-490,0x1.24c39e8a1fa8dp-479,7.32672664135441324e-145
11,271,0x1.405d60a1bd5b5p-481,0x1.1d10bab55179bp-490,0x1.40ebe8ff18042p-481,2.00784861896394432e-145
11,272,0x1.5e944e876629bp-483,0x1.1d10bab55179bp-490,0x1.60ce6ffcd0ccbp-483,5.51834157729555571e-146
11,273,0x1.7f62f0c487ca4p-485,0x1.1d10bab55179bp-490,0x1.884b769a32562p-485,1.53399754749861741e-146
11,274,0x1.a2adf939b75f1p-487,0x1.1d10bab55179bp-490,0x1.c6501090618e5p-487,4.44126895605313998e-147
11,275,0x1.c79013b882814p-489,0x1.1d10bab55179bp-490,0x1.2b0c3889959f2p-488,1.46171489328033660e-147
11,276,0x1.ea91c741dad77p-491,0x1.1d10bab55179bp-490,0x1.092ccf2b1f72cp-489,6.48074288476289904e-148
11,277,0x1.003a2382d7657p-492,0x1.1d10bab55179bp-490,0x1.5d1f439607532p-490,4.26618350024112082e-148
11,278,0x1.e90d0e156ea91p-495,0x1.1d10bab55179bp-490,0x1.2c592325fcef1p-490,3.67017846079686973e-148
11,279,0x1.59790d8deb1dap-497,0x1.1d10bab55179bp-490,0x1.1fc3acd06d5p-490,3.51640717720378270e-148
11,280,0x0p+0,0x1.1d10bab55179bp-490,0x1.1d10bab55179bp-490,3.48342600182863161e-148
12,0,0x1.5703ef39dfe0cp-3,0x1.726e78b8b118ap-469,0x1.5703ef39dfe0dp-3,1.67487973169031440e-01
12,1,0x1.f3cb4f5e1fc59p-5,0x1.726e78b8b118ap-469,0x1.f3cb4f5e1fc5ap-5,6.10100317144250531e-02
12,2,0x1.6518318f625bep-6,0x1.726e78b8b118ap-469,0x1.6518318f625bfp-6,2.17953189835833304e-02
12,3,0x1.fba95732a51b1p-8,0x1.726e78b8b118ap-469,0x1.fba95732a51b2p-8,7.74629954198184818e-03
12,4,0x1.68b41a209d857p-9,0x1.726e78b8b118ap-469,0x1.68b41a209d858p-9,2.75194949090988225e-03
12,5,0x1.0024dcdd8d61ap-10,0x1.726e78b8b118ap-469,0x1.0024dcdd8d61bp-10,9.77111797863533830e-04
12,6,0x1.6b12a3b46d1bfp-12,0x1.726e78b8b118ap-469,0x1.6b12a3b46d1cp-12,3.46253214299065831e-04
12,7,0x1.0086c27f510a4p-13,0x1.726e78b8b118ap-469,0x1.0086c27f510a5p-13,1.22321322104328476e-04
12,8,0x1.692df747b1cfcp-15,0x1.726e78b8b118ap-469,0x1.692df747b1cfdp-15,4.30559580855641657e-05
12,9,0x1.fa9eeeac775cbp-17,0x1.726e78b8b118ap-469,0x1.fa9eeeac775ccp-17,1.50984772852536135e-05
12,10,0x1.62046319a472dp-18,0x1.726e78b8b118ap-469,0x1.62046319a472ep-18,5.27526642603459970e-06
12,11,0x1.ed0c80b6be9ffp-20,0x1.726e78b8b118ap-469,0x1.ed0c80b6beap-20,1.83675005665953715e-06
12,12,0x1.563a1f15ce3b7p-21,0x1.726e78b8b118ap-469,0x1.563a1f15ce3b8p-21,6.37447530072509694e-07
12,13,0x1.d9a4229cf287fp-23,0x1.726e78b8b118ap-469,0x1.d9a4229cf288p-23,2.20556349099437435e-07
12,14,0x1.46d403eb19ca1p-24,0x1.726e78b8b118ap-469,0x1.46d403eb19ca2p-24,7.60956166287565854e-08
12,15,0x1.c1d75ab330175p-26,0x1.726e78b8b118ap-469,0x1.c1d75ab330176p-26,2.61842056481076969e-08
12,16,0x1.34cc37234e298p-27,0x1.726e78b8b118ap-469,0x1.34cc37234e299p-27,8.98719638172070250e-09
12,17,0x1.a6f12c5cac97fp-29,0x1.726e78b8b118ap-469,0x1.a6f12c5cac98p-29,3.07730867033046658e-09
12,18,0x1.20fb265cd54bap-30,0x1.726e78b8b118ap-469,0x1.20fb265cd54bbp-30,1.05130695052966424e-09
12,19,0x1.8a0adcd0b04ffp-32,0x1.726e78b8b118ap-469,0x1.8a0adcd0b05p-32,3.58379504061677668e-10
12,20,0x1.0c16f7fd25fc3p-33,0x1.726e78b8b118ap-469,0x1.0c16f7fd25fc4p-33,1.21913090656434051e-10
12,21,0x1.6c0fcdf860a0fp-35,0x1.726e78b8b118ap-469,0x1.6c0fcdf860a1p-35,4.13890275701996742e-11
12,22,0x1.ed6edd2a2124ap-37,0x1.726e78b8b118ap-469,0x1.ed6edd2a2124bp-37,1.40242111173021917e-11
12,23,0x1.4dc330773368ep-38,0x1.726e78b8b118ap-469,0x1.4dc330773368fp-38,4.74304980396024023e-12
12,24,0x1.c2b34e85b96edp-40,0x1.726e78b8b118ap-469,0x1.c2b34e85b96eep-40,1.60120953618352907e-12
12,25,0x1.2fc4becce68ffp-41,0x1.726e78b8b118ap-469,0x1.2fc4becce69p-41,5.39601317198459584e-13
12,26,0x1.98c6257b6f99cp-43,0x1.726e78b8b118ap-469,0x1.98c6257b6f99dp-43,1.81532126856143489e-13
12,27,0x1.129486914636cp-44,0x1.726e78b8b118ap-469,0x1.129486914636dp-44,6.09690472190295960e-14
12,28,0x1.7047d8d53389bp-46,0x1.726e78b8b118ap-469,0x1.7047d8d53389cp-46,2.04436829884927775e-14
12,29,0x1.ed2c6461a6a9bp-48,0x1.726e78b8b118ap-469,0x1.ed2c6461a6a9cp-48,6.84415589063071354e-15
12,30,0x1.49b2ef1c15f0dp-49,0x1.726e78b8b118ap-469,0x1.49b2ef1c15f0ep-49,2.28774611077831389e-15
12,31,0x1.b828439a2e654p-51,0x1.726e78b8b118ap-469,0x1.b828439a2e655p-51,7.63551169390115698e-16
12,32,0x1.2560524145588p-52,0x1.726e78b8b118ap-469,0x1.2560524145589p-52,2.54463338517737101e-16
12,33,0x1.8684e9b12dbc2p-54,0x1.726e78b8b118ap-469,0x1.8684e9b12dbc3p-54,8.46803510252182274e-17
12,34,0x1.038b94d867962p-55,0x1.726e78b8b118ap-469,0x1.038b94d867963p-55,2.81399513011522333e-17
12,35,0x1.5884131287ee4p-57,0x1.726e78b8b118ap-469,0x1.5884131287ee5p-57,9.33812261515926639e-18
12,36,0x1.c8ae488165bbbp-59,0x1.726e78b8b118ap-469,0x1.c8ae488165bbcp-59,3.09458943012308794e-18
12,37,0x1.2e46d2cfc9a0bp-60,0x1.726e78b8b118ap-469,0x1.2e46d2cfc9a0cp-60,1.02415314127716744e-18
12,38,0x1.8fa0adb7af147p-62,0x1.726e78b8b118ap-469,0x1.8fa0adb7af148p-62,3.38497786792760460e-19
12,39,0x1.07d32afd899e5p-63,0x1.726e78b8b118ap-469,0x1.07d32afd899e6p-63,1.11734180601264502e-19
12,40,0x1.5be685766a475p-65,0x1.726e78b8b118ap-469,0x1.5be685766a476p-65,3.68353954779923525e-20
12,41,0x1.ca32931c3577fp-67,0x1.726e78b8b118ap-469,0x1.ca32931c3578p-67,1.21283883537385379e-20
12,42,0x1.2d5c96a5efc35p-68,0x1.726e78b8b118ap-469,0x1.2d5c96a5efc36p-68,3.98848854173719839e-21
12,43,0x1.8bf0a7a84f13bp-70,0x1.726e78b8b118ap-469,0x1.8bf0a7a84f13cp-70,1.31005575966928942e-21
12,44,0x1.03cab2231f355p-71,0x1.726e78b8b118ap-469,0x1.03cab2231f356p-71,4.29789448521657257e-22
12,45,0x1.54856328c646ap-73,0x1.726e78b8b118ap-469,0x1.54856328c646bp-73,1.40836203005828788e-22
12,46,0x1.bdd2caacd4937p-75,0x1.726e78b8b118ap-469,0x1.bdd2caacd4938p-75,4.60970596627466635e-23
12,47,0x1.23839f03b47fbp-76,0x1.726e78b8b118ap-469,0x1.23839f03b47fcp-76,1.50709280704267545e-23
12,48,0x1.7ccdd29f9dfd1p-78,0x1.726e78b8b118ap-469,0x1.7ccdd29f9dfd2p-78,4.92177628027220022e-24
12,49,0x1.f0e55d4762263p-80,0x1.726e78b8b118ap-469,0x1.f0e55d4762264p-80,1.60555742218017452e-24
12,50,0x1.43d69f82e64fbp-81,0x1.726e78b8b118ap-469,0x1.43d69f82e64fcp-81,5.23189106374859587e-25
12,51,0x1.a5a7836422b04p-83,0x1.726e78b8b118ap-469,0x1.a5a7836422b05p-83,1.70304835145050584e-25
12,52,0x1.1237eb9faa7c6p-84,0x1.726e78b8b118ap-469,0x1.1237eb9faa7c7p-84,5.53779727571779967e-26
12,53,0x1.644c8ed9134dap-86,0x1.726e78b8b118ap-469,0x1.644c8ed9134dbp-86,1.79885052678131063e-26
12,54,0x1.ce7926628508dp-88,0x1.726e78b8b118ap-469,0x1.ce7926628508ep-88,5.83723296464120127e-27
12,55,0x1.2bd6cfd2916f9p-89,0x1.726e78b8b118ap-469,0x1.2bd6cfd2916fap-89,1.89225080517416959e-27
12,56,0x1.8467ca856f79bp-91,0x1.726e78b8b118ap-469,0x1.8467ca856f79cp-91,6.12795724482494327e-28
12,57,0x1.f6a2af0ced377p-93,0x1.726e78b8b118ap-469,0x1.f6a2af0ced378p-93,1.98254741278108452e-28
12,58,0x1.44e9bd1bd595bp-94,0x1.726e78b8b118ap-469,0x1.44e9bd1bd595cp-94,6.40777990720963636e-29
12,59,0x1.a3a7b1ecaac95p-96,0x1.726e78b8b118ap-469,0x1.a3a7b1ecaac96p-96,2.06905918410487759e-29
12,60,0x1.0ec0e80ef7cc5p-97,0x1.726e78b8b118ap-469,0x1.0ec0e80ef7cc6p-97,6.67459010596245348e-30
12,61,0x1.5d0aa0cae3588p-99,0x1.726e78b8b118ap-469,0x1.5d0aa0cae3589p-99,2.15113442399171026e-30
12,62,0x1.c18c498a3fd1dp-101,0x1.726e78b8b118ap-469,0x1.c18c498a3fd1ep-101,6.92638359292509444e-31
12,63,0x1.213b4a6eaa991p-102,0x1.726e78b8b118ap-469,0x1.213b4a6eaa992p-102,2.22815923185284102e-31
12,64,0x1.73d5d85c528d8p-104,0x1.726e78b8b118ap-469,0x1.73d5d85c528d9p-104,7.16128801534299978e-32
12,65,0x1.dd99daca789ffp-106,0x1.726e78b8b118ap-469,0x1.dd99daca78ap-106,2.29956514306950392e-32
12,66,0x1.3273f2fe05691p-107,0x1.726e78b8b118ap-469,0x1.3273f2fe05692p-107,7.37758584657147621e-33
12,67,0x1.88ecff4dd03f1p-109,0x1.726e78b8b118ap-469,0x1.88ecff4dd03f2p-109,2.36483596117597635e-33
12,68,0x1.f75c6aa05278p-111,0x1.726e78b8b118ap-469,0x1.f75c6aa052781p-111,7.57373458253635222e-34
12,69,0x1.4223e5a03be84p-112,0x1.726e78b8b118ap-469,0x1.4223e5a03be85p-112,2.42351367549373150e-34
12,70,0x1.9bf9895fdce07p-114,0x1.726e78b8b118ap-469,0x1.9bf9895fdce08p-114,7.74838390637974335e-35
12,71,0x1.073571fa5ac6dp-115,0x1.726e78b8b118ap-469,0x1.073571fa5ac6ep-115,2.47520338168203770e-35
12,72,0x1.500b9fec5c0c9p-117,0x1.726e78b8b118ap-469,0x1.500b9fec5c0cap-117,7.90038959764650100e-36
12,73,0x1.acaf0ff9bc849p-119,0x1.726e78b8b118ap-469,0x1.acaf0ff9bc84ap-119,2.51957714645194113e-36
12,74,0x1.1134ebe9847d2p-120,0x1.726e78b8b118ap-469,0x1.1134ebe9847d3p-120,8.02882403829160325e-37
12,75,0x1.5bf4bae584b06p-122,0x1.726e78b8b118ap-469,0x1.5bf4bae584b07p-122,2.55637678175642747e-37
12,76,0x1.bacd3dec44412p-124,0x1.726e78b8b118ap-469,0x1.bacd3dec44413p-124,8.13298324354553125e-38
12,77,0x1.1986dda8eea18p-125,0x1.726e78b8b118ap-469,0x1.1986dda8eea19p-125,2.58541551745809003e-38
12,78,0x1.65b3368e13821p-127,0x1.726e78b8b118ap-469,0x1.65b3368e13822p-127,8.21239041926225680e-39
12,79,0x1.c6214a293d9f1p-129,0x1.726e78b8b118ap-469,0x1.c6214a293d9f2p-129,2.60657858418658083e-39
12,80,0x1.200e491831cbbp-130,0x1.726e78b8b118ap-469,0x1.200e491831cbcp-130,8.26679611700686799e-40
12,81,0x1.6d266624d15cap-132,0x1.726e78b8b118ap-469,0x1.6d266624d15cbp-132,2.61982273930510203e-40
12,82,0x1.ce86f7cfdf989p-134,0x1.726e78b8b118ap-469,0x1.ce86f7cfdf98ap-134,8.29617512228417319e-41
12,83,0x1.24b77e4184af7p-135,0x1.726e78b8b118ap-469,0x1.24b77e4184af8p-135,2.62517478816720351e-41
12,84,0x1.72397887092fdp-137,0x1.726e78b8b118ap-469,0x1.72397887092fep-137,8.30072026870759761e-42
12,85,0x1.d3e917cebf777p-139,0x1.726e78b8b118ap-469,0x1.d3e917cebf778p-139,2.62272916980883457e-42
12,86,0x1.27785290735a9p-140,0x1.726e78b8b118ap-469,0x1.27785290735aap-140,8.28083342059400619e-43
12,87,0x1.74e39cc184dfcp-142,0x1.726e78b8b118ap-469,0x1.74e39cc184dfdp-142,2.61264469062658789e-43
12,88,0x1.d6418dfc47ca5p-144,0x1.726e78b8b118ap-469,0x1.d6418dfc47ca6p-144,8.23711390776136656e-44
12,89,0x1.28500ab5a61c7p-145,0x1.726e78b8b118ap-469,0x1.28500ab5a61c8p-145,2.59514050127153692e-44
12,90,0x1.7527c7101e64cp-147,0x1.726e78b8b118ap-469,0x1.7527c7101e64dp-147,8.17034472880935176e-45
12,91,0x1.d598e0a097ac3p-149,0x1.726e78b8b118ap-469,0x1.d598e0a097ac4p-149,2.57049142085625656e-45
12,92,0x1.2746fc964eed6p-150,0x1.726e78b8b118ap-469,0x1.2746fc964eed7p-150,8.08147686274709517e-46
12,93,0x1.73141e3721311p-152,0x1.726e78b8b118ap-469,0x1.73141e3721312p-152,2.53902271862893866e-46
12,94,0x1.d2055dc69f27dp-154,0x1.726e78b8b118ap-469,0x1.d2055dc69f27ep-154,7.97161204361082814e-47
12,95,0x1.246df1361f152p-155,0x1.726e78b8b118ap-469,0x1.246df1361f153p-155,2.50110446658570933e-47
12,96,0x1.6ec11c1f9c33fp-157,0x1.726e78b8b118ap-469,0x1.6ec11c1f9c34p-157,7.84198435902027055e-48
12,97,0x1.cba9e51f62c0fp-159,0x1.726e78b8b118ap-469,0x1.cba9e51f62c1p-159,2.45714557720504811e-48
12,98,0x1.1fdd508460ee1p-160,0x1.726e78b8b118ap-469,0x1.1fdd508460ee2p-160,7.69394103197711451e-49
12,99,0x1.68506eda36265p-162,0x1.726e78b8b118ap-469,0x1.68506eda36266p-162,2.40758763878754306e-49
12,100,0x1.c2b467bbc3aacp-164,0x1.726e78b8b118ap-469,0x1.c2b467bbc3aadp-164,7.52892273628503530e-50
12,101,0x1.19b4224dc84aap-165,0x1.726e78b8b118ap-469,0x1.19b4224dc84abp-165,2.35289865700418618e-50
12,102,0x1.5feba89a8b4b7p-167,0x1.726e78b8b118ap-469,0x1.5feba89a8b4b8p-167,7.34844378056498742e-51
12,103,0x1.b75c30597fa61p-169,0x1.726e78b8b118ap-469,0x1.b75c30597fa62p-169,2.29356680546378477e-51
12,104,0x1.1216f04c7b562p-170,0x1.726e78b8b118ap-469,0x1.1216f04c7b563p-170,7.15407247483875269e-52
12,105,0x1.55c2cde317665p-172,0x1.726e78b8b118ap-469,0x1.55c2cde317666p-172,2.23009428069434389e-52
12,106,0x1.a9e00780542adp-174,0x1.726e78b8b118ap-469,0x1.a9e00780542aep-174,6.94741196799644965e-53
12,107,0x1.092e956f22309p-175,0x1.726e78b8b118ap-469,0x1.092e956f2230ap-175,2.16299134819842233e-53
12,108,0x1.4a0ad104f568ep-177,0x1.726e78b8b118ap-469,0x1.4a0ad104f568fp-177,6.73008181511558220e-54
12,109,0x1.9a84464960741p-179,0x1.726e78b8b118ap-469,0x1.9a84464960742p-179,2.09277065649364554e-54
12,110,0x1.fe4e0c0bc6966p-181,0x1.726e78b8b118ap-469,0x1.fe4e0c0bc6967p-181,6.50370050152990147e-55
12,111,0x1.3cfc095d371acp-182,0x1.726e78b8b118ap-469,0x1.3cfc095d371adp-182,2.01994188558829710e-55
12,112,0x1.8990e98366fd1p-184,0x1.726e78b8b118ap-469,0x1.8990e98366fd2p-184,6.26986911668709145e-56
12,113,0x1.e85c374b821e8p-186,0x1.726e78b8b118ap-469,0x1.e85c374b821e9p-186,1.94500678546019578e-56
12,114,0x1.2ed0b376fa1acp-187,0x1.726e78b8b118ap-469,0x1.2ed0b376fa1adp-187,6.03015633607873081e-57
12,115,0x1.774fb51f206d1p-189,0x1.726e78b8b118ap-469,0x1.774fb51f206d2p-189,1.86845464907357776e-57
12,116,0x1.d0e4dcafc22e9p-191,0x1.726e78b8b118ap-469,0x1.d0e4dcafc22eap-191,5.78608483470183061e-58
12,117,0x1.1fc3858ce7647p-192,0x1.726e78b8b118ap-469,0x1.1fc3858ce7648p-192,1.79075825353408564e-58
12,118,0x1.640a758fa123cp-194,0x1.726e78b8b118ap-469,0x1.640a758fa123dp-194,5.53911922135561344e-59
12,119,0x1.b84486591151dp-196,0x1.726e78b8b118ap-469,0x1.b84486591151ep-196,1.71237029236868320e-59
12,120,0x1.100e61ef02c4fp-197,0x1.726e78b8b118ap-469,0x1.100e61ef02c5p-197,5.29065555025309926e-60
12,121,0x1.50096a3cdf2cdp-199,0x1.726e78b8b118ap-469,0x1.50096a3cdf2cep-199,1.63372031181454214e-60
12,122,0x1.9ed52d456d2cp-201,0x1.726e78b8b118ap-469,0x1.9ed52d456d2c1p-201,5.04201243549240045e-61
12,123,0x1.ffd25d650cfd1p-203,0x1.726e78b8b118ap-469,0x1.ffd25d650cfd2p-203,1.55521215457371538e-61
12,124,0x1.3b91e1712f3bdp-204,0x1.726e78b8b118ap-469,0x1.3b91e1712f3bep-204,4.79442376534028497e-62
12,125,0x1.84ec8f3b02ea9p-206,0x1.726e78b8b118ap-469,0x1.84ec8f3b02eaap-206,1.47722190586536847e-62
12,126,0x1.df11afcd5e457p-208,0x1.726e78b8b118ap-469,0x1.df11afcd5e458p-208,4.54903298740029035e-63
12,127,0x1.26e50b722f6b2p-209,0x1.726e78b8b118ap-469,0x1.26e50b722f6b3p-209,1.40009632888226120e-63
12,128,0x1.6adacbdb27abp-211,0x1.726e78b8b118ap-469,0x1.6adacbdb27ab1p-211,4.30688891282062747e-64
12,129,0x1.be3cfeda15f9bp-213,0x1.726e78b8b118ap-469,0x1.be3cfeda15f9cp-213,1.32415177000352232e-64
12,130,0x1.123f07d959a05p-214,0x1.726e78b8b118ap-469,0x1.123f07d959a06p-214,4.06894296791402150e-65
12,131,0x1.50e94bb3ae0e6p-216,0x1.726e78b8b118ap-469,0x1.50e94bb3ae0e7p-216,1.24967350836582521e-65
12,132,0x1.9dadb737eb77cp-218,0x1.726e78b8b118ap-469,0x1.9dadb737eb77dp-218,3.83604780499737537e-66
12,133,0x1.fbac5bb3df765p-220,0x1.726e78b8b118ap-469,0x1.fbac5bb3df766p-220,1.17691551966616033e-66
12,134,0x1.3759f13ad60f1p-221,0x1.726e78b8b118ap-469,0x1.3759f13ad60f2p-221,3.60895717090335487e-67
12,135,0x1.7db3881ed835dp-223,0x1.726e78b8b118ap-469,0x1.7db3881ed835ep-223,1.10610062034890700e-67
12,136,0x1.d3b51c08fc6d9p-225,0x1.726e78b8b118ap-469,0x1.d3b51c08fc6dap-225,3.38832692141168239e-68
12,137,0x1.1e66911aa03e9p-226,0x1.726e78b8b118ap-469,0x1.1e66911aa03eap-226,1.03742095558403904e-68
12,138,0x1.5e93d516c16e8p-228,0x1.726e78b8b118ap-469,0x1.5e93d516c16e9p-228,3.17471706265540132e-69
12,139,0x1.aceb54a1d646bp-230,0x1.726e78b8b118ap-469,0x1.aceb54a1d646cp-230,9.71038792626499377e-70
12,140,0x1.0640ad193cc71p-231,0x1.726e78b8b118ap-469,0x1.0640ad193cc72p-231,2.96859469619878197e-70
12,141,0x1.40897934cfe43p-233,0x1.726e78b8b118ap-469,0x1.40897934cfe44p-233,9.07087580190554270e-71
12,142,0x1.8794bf9c2951ep-235,0x1.726e78b8b118ap-469,0x1.8794bf9c2951fp-235,2.77033774274184365e-71
12,143,0x1.de22d6988eb6fp-237,0x1.726e78b8b118ap-469,0x1.de22d6988eb7p-237,8.45673234305168892e-72
12,144,0x1.23c4d34d5ee76p-238,0x1.726e78b8b118ap-469,0x1.23c4d34d5ee77p-238,2.58023932001953382e-72
12,145,0x1.63e9f89649f7cp-240,0x1.726e78b8b118ap-469,0x1.63e9f89649f7dp-240,7.86875611653304487e-73
12,146,0x1.b1f3843752319p-242,0x1.726e78b8b118ap-469,0x1.b1f384375231ap-242,2.39851265317119753e-73
12,147,0x1.086c1151495d3p-243,0x1.726e78b8b118ap-469,0x1.086c1151495d4p-243,7.30750132548451686e-74
12,148,0x1.4216f34034484p-245,0x1.726e78b8b118ap-469,0x1.4216f34034485p-245,2.22529640036109078e-74
12,149,0x1.8825a1c3fddf1p-247,0x1.726e78b8b118ap-469,0x1.8825a1c3fddf2p-247,6.77329517378942109e-75
12,150,0x1.dd3760a85212bp-249,0x1.726e78b8b118ap-469,0x1.dd3760a85212cp-249,2.06066028244979401e-75
12,151,0x1.223bafc3de565p-250,0x1.726e78b8b118ap-469,0x1.223bafc3de566p-250,6.26625602457878218e-76
12,152,0x1.60dcb9533bf13p-252,0x1.726e78b8b118ap-469,0x1.60dcb9533bf14p-252,1.90461091276455034e-76
12,153,0x1.acce4cfc69b71p-254,0x1.726e78b8b118ap-469,0x1.acce4cfc69b72p-254,5.78631203669322788e-77
12,154,0x1.046d1f83db3adp-255,0x1.726e78b8b118ap-469,0x1.046d1f83db3aep-255,1.75709773120522011e-77
12,155,0x1.3c2ed123ebab4p-257,0x1.726e78b8b118ap-469,0x1.3c2ed123ebab5p-257,5.33321999009676088e-78
12,156,0x1.7fb358bd60fa3p-259,0x1.726e78b8b118ap-469,0x1.7fb358bd60fa4p-259,1.61801895580304187e-78
12,157,0x1.d16c5a2e81032p-261,0x1.726e78b8b118ap-469,0x1.d16c5a2e81033p-261,4.90658404008662347e-79
12,158,0x1.1a25c384a6826p-262,0x1.726e78b8b118ap-469,0x1.1a25c384a6827p-262,1.48722747415964975e-79
12,159,0x1.55ee37403bec1p-264,0x1.726e78b8b118ap-469,0x1.55ee37403bec2p-264,4.50587417002367294e-80
12,160,0x1.9e31b6754d5a7p-266,0x1.726e78b8b118ap-469,0x1.9e31b6754d5a8p-266,1.36453660672335929e-80
12,161,0x1.f5815d948ba5ap-268,0x1.726e78b8b118ap-469,0x1.f5815d948ba5bp-268,4.13044414251617559e-81
12,162,0x1.2f79b3e3415c4p-269,0x1.726e78b8b118ap-469,0x1.2f79b3e3415c5p-269,1.24972568339639455e-81
12,163,0x1.6f1edf1da89c9p-271,0x1.726e78b8b118ap-469,0x1.6f1edf1da89cap-271,3.77954877897016258e-82
12,164,0x1.bbeadfa7febcdp-273,0x1.726e78b8b118ap-469,0x1.bbeadfa7febcep-273,1.14254538434145637e-82
12,165,0x1.0c458ffb0ed95p-274,0x1.726e78b8b118ap-469,0x1.0c458ffb0ed96p-274,3.45236042661004300e-83
12,166,0x1.441b3eab6adf2p-276,0x1.726e78b8b118ap-469,0x1.441b3eab6adf3p-276,1.04272280491681026e-83
12,167,0x1.876436b7ea31dp-278,0x1.726e78b8b118ap-469,0x1.876436b7ea31ep-278,3.14798450007903191e-84
12,168,0x1.d870b5a4ee27cp-280,0x1.726e78b8b118ap-469,0x1.d870b5a4ee27dp-280,9.49966213286178516e-85
12,169,0x1.1d036bae11dc6p-281,0x1.726e78b8b118ap-469,0x1.1d036bae11dc7p-281,2.86547401116152445e-85
12,170,0x1.57bcd86b6a97fp-283,0x1.726e78b8b118ap-469,0x1.57bcd86b6a98p-283,8.63969477332339700e-86
12,171,0x1.9e6270389c7c8p-285,0x1.726e78b8b118ap-469,0x1.9e6270389c7c9p-285,2.60384302477337614e-86
12,172,0x1.f356b66e0ab31p-287,0x1.726e78b8b118ap-469,0x1.f356b66e0ab32p-287,7.84416144963156300e-87
12,173,0x1.2cba3d0ded055p-288,0x1.726e78b8b118ap-469,0x1.2cba3d0ded056p-288,2.36207900192175132e-87
12,174,0x1.6a13173c58f9dp-290,0x1.726e78b8b118ap-469,0x1.6a13173c58f9ep-290,7.10983168693315186e-88
12,175,0x1.b3c0dcb78797fp-292,0x1.726e78b8b118ap-469,0x1.b3c0dcb78798p-292,2.13915401070590812e-88
12,176,0x1.061a63cb2d314p-293,0x1.726e78b8b118ap-469,0x1.061a63cb2d315p-293,6.43344271469421421e-89
12,177,0x1.3b2d0658ff9d7p-295,0x1.726e78b8b118ap-469,0x1.3b2d0658ff9d8p-295,1.93403480454599465e-89
12,178,0x1.7ad6a5fefb2bbp-297,0x1.726e78b8b118ap-469,0x1.7ad6a5fefb2bcp-297,5.81172956073581764e-90
12,179,0x1.c72c3821ad21dp-299,0x1.726e78b8b118ap-469,0x1.c72c3821ad21ep-299,1.74569178264505701e-90
12,180,0x1.1154f470e2aep-300,0x1.726e78b8b118ap-469,0x1.1154f470e2ae1p-300,5.24145165083943621e-91
12,181,0x1.48236583ec50ap-302,0x1.726e78b8b118ap-469,0x1.48236583ec50bp-302,1.57310686125994394e-91
12,182,0x1.89c61d4aeddbdp-304,0x1.726e78b8b118ap-469,0x1.89c61d4aeddbep-304,4.71941602309942425e-92
12,183,0x1.d858d08694c03p-306,0x1.726e78b8b118ap-469,0x1.d858d08694c04p-306,1.41528029571361780e-92
12,184,0x1.1b2f5a954e3f5p-307,0x1.726e78b8b118ap-469,0x1.1b2f5a954e3f6p-307,4.24249729876449250e-93
12,185,0x1.536b07b069e2fp-309,0x1.726e78b8b118ap-469,0x1.536b07b069e3p-309,1.27123650235173933e-93
12,186,0x1.96a7b0bfd9f89p-311,0x1.726e78b8b118ap-469,0x1.96a7b0bfd9f8ap-311,3.80765457742384799e-94
12,187,0x1.e70474b7b6a89p-313,0x1.726e78b8b118ap-469,0x1.e70474b7b6a8ap-313,1.14002893692596069e-94
12,188,0x1.2383cd2cb73cfp-314,0x1.726e78b8b118ap-469,0x1.2383cd2cb73dp-314,3.41194544447857418e-95
12,189,0x1.5cd8ee1df0d74p-316,0x1.726e78b8b118ap-469,0x1.5cd8ee1df0d75p-316,1.02074409134347985e-95
12,190,0x1.a14aa1699222bp-318,0x1.726e78b8b118ap-469,0x1.a14aa1699222cp-318,3.05253729335633915e-96
12,191,0x1.f2f818c026751p-320,0x1.726e78b8b118ap-469,0x1.f2f818c026752p-320,9.12504674494478074e-97
12,192,0x1.2a335a49cce89p-321,0x1.726e78b8b118ap-469,0x1.2a335a49cce8ap-321,2.72671617442894628e-97
12,193,0x1.644a795a89f13p-323,0x1.726e78b8b118ap-469,0x1.644a795a89f14p-323,8.14472045140956464e-98
12,194,0x1.a9886897d870bp-325,0x1.726e78b8b118ap-469,0x1.a9886897d870cp-325,2.43189338757090351e-98
12,195,0x1.fc09221942585p-327,0x1.726e78b8b118ap-469,0x1.fc09221942586p-327,7.25847965779036884e-99
12,196,0x1.2f269e7c0ba71p-328,0x1.726e78b8b118ap-469,0x1.2f269e7c0ba72p-328,2.16561003634793702e-99
12,197,0x1.69a632141e1efp-330,0x1.726e78b8b118ap-469,0x1.69a632141e1fp-330,6.45875746156522112e-100
12,198,0x1.af4591bfc354dp-332,0x1.726e78b8b118ap-469,0x1.af4591bfc354ep-332,1.92553975943274466e-100
12,199,0x1.010d28b86591dp-333,0x1.726e78b8b118ap-469,0x1.010d28b86591ep-333,5.73840843895726941e-101
12,200,0x1.324e40886d1b9p-335,0x1.726e78b8b118ap-469,0x1.324e40886d1bap-335,1.70948984959051974e-101
12,201,0x1.6cdc49d757198p-337,0x1.726e78b8b118ap-469,0x1.6cdc49d757199p-337,5.09070987610776635e-102
12,202,0x1.b2723d87e8683p-339,0x1.726e78b8b118ap-469,0x1.b2723d87e8684p-339,1.51540096290601672e-102
12,203,0x1.028e220df4ff2p-340,0x1.726e78b8b118ap-469,0x1.028e220df4ff3p-340,4.50935885163578496e-103
12,204,0x1.33a32ea230c15p-342,0x1.726e78b8b118ap-469,0x1.33a32ea230c16p-342,1.34134561135890751e-103
12,205,0x1.6de6d11e92486p-344,0x1.726e78b8b118ap-469,0x1.6de6d11e92487p-344,3.98846576424854205e-104
12,206,0x1.b30a4bcf83083p-346,0x1.726e78b8b118ap-469,0x1.b30a4bcf83084p-346,1.18552562078299056e-104
12,207,0x1.0286c5dabfa02p-347,0x1.726e78b8b118ap-469,0x1.0286c5dabfa03p-347,3.52254486221196080e-105
12,208,0x1.33269ce3cfaafp-349,0x1.726e78b8b118ap-469,0x1.33269ce3cfabp-349,1.04626872411034664e-105
12,209,0x1.6cc9a3278f543p-351,0x1.726e78b8b118ap-469,0x1.6cc9a3278f544p-351,3.10650229181472858e-106
12,210,0x1.b1152e2225fbdp-353,0x1.726e78b8b118ap-469,0x1.b1152e2225fbep-353,9.22024446919310700e-107
12,211,0x1.00fd2f553336fp-354,0x1.726e78b8b118ap-469,0x1.00fd2f553337p-354,2.73562214047529367e-107
12,212,0x1.30e1c748080c8p-356,0x1.726e78b8b118ap-469,0x1.30e1c748080c9p-356,8.11359429031354344e-108
12,213,0x1.69920af1ad221p-358,0x1.726e78b8b118ap-469,0x1.69920af1ad222p-358,2.40555090783335499e-108
12,214,0x1.aca5676f14efp-360,0x1.726e78b8b118ap-469,0x1.aca5676f14ef1p-360,7.12952312476001270e-109
12,215,0x1.fbfbe866e25a9p-362,0x1.726e78b8b118ap-469,0x1.fbfbe866e25aap-362,2.11228079580233004e-109
12,216,0x1.2ce57ba9b6e63p-363,0x1.726e78b8b118ap-469,0x1.2ce57ba9b6e64p-363,6.25588312834167658e-110
12,217,0x1.6456276598d25p-365,0x1.726e78b8b118ap-469,0x1.6456276598d26p-365,1.85213216686096475e-110
12,218,0x1.a5d7c0dd21a57p-367,0x1.726e78b8b118ap-469,0x1.a5d7c0dd21a58p-367,5.48153577946900405e-111
12,219,0x1.f3374347c05edp-369,0x1.726e78b8b118ap-469,0x1.f3374347c05eep-369,1.62173547936354326e-111
12,220,0x1.274972455779p-370,0x1.726e78b8b118ap-469,0x1.2749724557791p-370,4.79629425426867553e-112
12,221,0x1.5d3416dd978c9p-372,0x1.726e78b8b118ap-469,0x1.5d3416dd978cap-372,1.41801296983999933e-112
12,222,0x1.9cd23e11df6f3p-374,0x1.726e78b8b118ap-469,0x1.9cd23e11df6f4p-374,4.19086538439252245e-113
12,223,0x1.e7dc293c96ac6p-376,0x1.726e78b8b118ap-469,0x1.e7dc293c96ac7p-376,1.23816031546727132e-113
12,224,0x1.202b7cc51515cp-377,0x1.726e78b8b118ap-469,0x1.202b7cc51515dp-377,3.65679187946066222e-114
12,225,0x1.5450f3fdfccfdp-379,0x1.726e78b8b118ap-469,0x1.5450f3fdfccfep-379,1.07962847541415506e-114
12,226,0x1.91c2dd268e423p-381,0x1.726e78b8b118ap-469,0x1.91c2dd268e424p-381,3.18639539085230867e-115
12,227,0x1.da236a16d47e1p-383,0x1.726e78b8b118ap-469,0x1.da236a16d47e2p-383,9.40105877753274085e-116
12,228,0x1.17ae94fbe424dp-384,0x1.726e78b8b118ap-469,0x1.17ae94fbe424ep-384,2.77272089646100340e-116
12,229,0x1.49d7aefb2915dp-386,0x1.726e78b8b118ap-469,0x1.49d7aefb2915ep-386,8.17501089229047721e-117
12,230,0x1.84de2fc19956bp-388,0x1.726e78b8b118ap-469,0x1.84de2fc19956cp-388,2.40948279716806907e-117
12,231,0x1.ca4d37c713189p-390,0x1.726e78b8b118ap-469,0x1.ca4d37c71318ap-390,7.09926078399054544e-118
12,232,0x1.0df9d517a353ep-391,0x1.726e78b8b118ap-469,0x1.0df9d517a353fp-391,2.09101303535364929e-118
12,233,0x1.3df7cf09310eep-393,0x1.726e78b8b118ap-469,0x1.3df7cf09310efp-393,6.15680158542151839e-119
12,234,0x1.765ddb5e1c8ffp-395,0x1.726e78b8b118ap-469,0x1.765ddb5e1c9p-395,1.81221147356411930e-119
12,235,0x1.b89f5946b15cfp-397,0x1.726e78b8b118ap-469,0x1.b89f5946b15dp-397,5.33234675184552434e-120
12,236,0x1.0337633f2dc61p-398,0x1.726e78b8b118ap-469,0x1.0337633f2dc62p-398,1.56849870736507082e-120
12,237,0x1.30e427c48f73dp-400,0x1.726e78b8b118ap-469,0x1.30e427c48f73ep-400,4.61218484066702689e-121
12,238,0x1.667f0eb9f8f9p-402,0x1.726e78b8b118ap-469,0x1.667f0eb9f8f91p-402,1.35577143004219913e-121
12,239,0x1.a56354a95e589p-404,0x1.726e78b8b118ap-469,0x1.a56354a95e58ap-404,3.98404248730429984e-122
12,240,0x1.ef26b49dffc0dp-406,0x1.726e78b8b118ap-469,0x1.ef26b49dffc0ep-406,1.17036041783092278e-122
12,241,0x1.22d18df583de4p-407,0x1.726e78b8b118ap-469,0x1.22d18df583de5p-407,3.43695572528101712e-123
12,242,0x1.5580f9bcec8e1p-409,0x1.726e78b8b118ap-469,0x1.5580f9bcec8e2p-409,1.00899116226505957e-123
12,243,0x1.90e49fe3f9cadp-411,0x1.726e78b8b118ap-469,0x1.90e49fe3f9caep-411,2.96114967577993870e-124
12,244,0x1.d675718454b3bp-413,0x1.726e78b8b118ap-469,0x1.d675718454b3cp-413,8.68747140568781501e-125
12,245,0x1.13f5963140d4ep-414,0x1.726e78b8b118ap-469,0x1.13f5963140d4fp-414,2.54792652867531454e-125
12,246,0x1.43a35404aa7fbp-416,0x1.726e78b8b118ap-469,0x1.43a35404aa7fdp-416,7.47035685244767422e-126
12,247,0x1.7b6ee65664a12p-418,0x1.726e78b8b118ap-469,0x1.7b6ee65664a16p-418,2.18956165157626128e-126
12,248,0x1.bcb4bbbc8ca6dp-420,0x1.726e78b8b118ap-469,0x1.bcb4bbbc8ca7ap-420,6.41556389605200861e-127
12,249,0x1.048566a14e51dp-421,0x1.726e78b8b118ap-469,0x1.048566a14e535p-421,1.87920759413556699e-127
12,250,0x1.3124fcb4757d9p-423,0x1.726e78b8b118ap-469,0x1.3124fcb475837p-423,5.50271966433778048e-128
12,251,0x1.654c6f33af7ebp-425,0x1.726e78b8b118ap-469,0x1.654c6f33af95ep-425,1.61080570002587438e-128
12,252,0x1.a23c380606c18p-427,0x1.726e78b8b118ap-469,0x1.a23c3806071e3p-427,4.71381461721600262e-129
12,253,0x1.e969477380ad1p-429,0x1.726e78b8b118ap-469,0x1.e9694773821f9p-429,1.37900499704593364e-129
12,254,0x1.1e42bc4e56622p-430,0x1.726e78b8b118ap-469,0x1.1e42bc4e59471p-430,4.03295714006028428e-130
12,255,0x1.4ec4aea1690c4p-432,0x1.726e78b8b118ap-469,0x1.4ec4aea1749fcp-432,1.17908800517158080e-130
12,256,0x1.875fcb3a2185fp-434,0x1.726e78b8b118ap-469,0x1.875fcb3a4fd3dp-434,3.44614941765849106e-131
12,257,0x1.c968fbf4bbe9bp-436,0x1.726e78b8b118ap-469,0x1.c968fbf57521p-436,1.00690308162597936e-131
12,258,0x1.0b362f5595bd1p-437,0x1.726e78b8b118ap-469,0x1.0b362f57082bap-437,2.94108336189216899e-132
12,259,0x1.381b08f59d59dp-439,0x1.726e78b8b118ap-469,0x1.381b08fb6713cp-439,8.58802910116120419e-133
12,260,0x1.6c6e318833eb4p-441,0x1.726e78b8b118ap-469,0x1.6c6e319f5ad2ep-441,2.50695534303105234e-133
12,261,0x1.a965ca24ff5e5p-443,0x1.726e78b8b118ap-469,0x1.a965ca819afc9p-443,7.31588740099697286e-134
12,262,0x1.f069bcac52fdcp-445,0x1.726e78b8b118ap-469,0x1.f069be1ec1769p-445,2.13429850675518070e-134
12,263,0x1.218dccd05126ep-446,0x1.726e78b8b118ap-469,0x1.218dcfb52e186p-446,6.22460021347757571e-135
12,264,0x1.51afd778b3009p-448,0x1.726e78b8b118ap-469,0x1.51afe30c26c66p-448,1.81483185619738390e-135
12,265,0x1.89b3c38083e72p-450,0x1.726e78b8b118ap-469,0x1.89b3f1ce52fe4p-450,5.28969472385563459e-136
12,266,0x1.cadf025b29088p-452,0x1.726e78b8b118ap-469,0x1.cadfbb926564fp-452,1.54132919226005458e-136
12,267,0x1.0b5554dfbda24p-453,0x1.726e78b8b118ap-469,0x1.0b56c74e365bp-453,4.48987534341763470e-137
12,268,0x1.3765b54017b0fp-455,0x1.726e78b8b118ap-469,0x1.376b7ef9fa93cp-455,1.30755021729177229e-137
12,269,0x1.6a9d3bbb5adb9p-457,0x1.726e78b8b118ap-469,0x1.6ab462a2e666bp-457,3.80719495071472910e-138
12,270,0x1.a61f604212294p-459,0x1.726e78b8b118ap-469,0x1.a67bfbe040559p-459,1.10867080698968418e-138
12,271,0x1.eb39f13a40a97p-461,0x1.726e78b8b118ap-469,0x1.ecac5fb2f95aap-461,3.23214690207923232e-139
12,272,0x1.1db1464a6aa42p-462,0x1.726e78b8b118ap-469,0x1.2096233bdc066p-462,9.46625090924186145e-140
12,273,0x1.4c0e94ff21de2p-464,0x1.726e78b8b118ap-469,0x1.57a208c4e766fp-464,2.81797309541829434e-140
12,274,0x1.8149667622d9ap-466,0x1.726e78b8b118ap-469,0x1.af97358d38fccp-466,8.84818294982087343e-141
12,275,0x1.bd109ed194aecp-468,0x1.726e78b8b118ap-469,0x1.3b23ed96f69d9p-467,3.23039823613442302e-141
12,276,0x1.fbdd552541a2dp-470,0x1.726e78b8b118ap-469,0x1.382e91a5a8f51p-468,1.60003615854028445e-141
12,277,0x1.180ff37552649p-471,0x1.726e78b8b118ap-469,0x1.b872759605b1dp-469,1.12871898455949528e-141
12,278,0x1.186f4e42e5064p-473,0x1.726e78b8b118ap-469,0x1.83f56d9cdf691p-469,9.94208720030519834e-142
12,279,0x1.9c1462eb95c1bp-476,0x1.726e78b8b118ap-469,0x1.75a6a17e88443p-469,9.57542596873484343e-142
12,280,0x0p+0,0x1.726e78b8b118ap-469,0x1.726e78b8b118ap-469,9.49292420174403682e-142
13,0,0x1.670b85c156a6p-3,0x1.a0ff500917899p-450,0x1.670b85c156a61p-3,1.75314946139070421e-01
13,1,0x1.0b9a047d430b7p-4,0x1.a0ff500917899p-450,0x1.0b9a047d430b8p-4,6.53324294436882225e-02
13,2,0x1.8904645b8fc41p-6,0x1.a0ff500917899p-450,0x1.8904645b8fc42p-6,2.39878635459229786e-02
13,3,0x1.2012b7d574661p-7,0x1.a0ff500917899p-450,0x1.2012b7d574662p-7,8.79129387149929845e-03
13,4,0x1.a6fbb06102faap-9,0x1.a0ff500917899p-450,0x1.a6fbb06102fabp-9,3.22710540831923831e-03
13,5,0x1.36be0ddba71ep-10,0x1.a0ff500917899p-450,0x1.36be0ddba71e1p-10,1.18538817961343795e-03
13,6,0x1.c80996b44d08ap-12,0x1.a0ff500917899p-450,0x1.c80996b44d08bp-12,4.34911208930140777e-04
13,7,0x1.4dccff04c0668p-13,0x1.a0ff500917899p-450,0x1.4dccff04c0669p-13,1.59168608796322956e-04
13,8,0x1.e71e51091b969p-15,0x1.a0ff500917899p-450,0x1.e71e51091b96ap-15,5.80690412527059657e-05
13,9,0x1.623c7ea1e185bp-16,0x1.a0ff500917899p-450,0x1.623c7ea1e185cp-16,2.11141292605565920e-05
13,10,0x1.00bfb7690be57p-17,0x1.a0ff500917899p-450,0x1.00bfb7690be58p-17,7.65171326308417335e-06
13,11,0x1.72fff6af94b41p-19,0x1.a0ff500917899p-450,0x1.72fff6af94b42p-19,2.76416434256393439e-06
13,12,0x1.0b3e6e93b3ddcp-20,0x1.a0ff500917899p-450,0x1.0b3e6e93b3dddp-20,9.95561014006130693e-07
13,13,0x1.7fedfa1a2a75fp-22,0x1.a0ff500917899p-450,0x1.7fedfa1a2a76p-22,3.57562301221184988e-07
13,14,0x1.130e61685dc93p-23,0x1.a0ff500917899p-450,0x1.130e61685dc94p-23,1.28083011984479802e-07
13,15,0x1.89238a8c849fep-25,0x1.a0ff500917899p-450,0x1.89238a8c849ffp-25,4.57673837475501933e-08
13,16,0x1.184d4e12e7dd3p-26,0x1.a0ff500917899p-450,0x1.184d4e12e7dd4p-26,1.63157221722891313e-08
13,17,0x1.8ed1964527c9fp-28,0x1.a0ff500917899p-450,0x1.8ed1964527cap-28,5.80357590210542516e-09
13,18,0x1.1b207446c11b5p-29,0x1.a0ff500917899p-450,0x1.1b207446c11b6p-29,2.06001840878756481e-09
13,19,0x1.912f1fc0d3601p-31,0x1.a0ff500917899p-450,0x1.912f1fc0d3602p-31,7.29749587236742492e-10
13,20,0x1.1bb0020989811p-32,0x1.a0ff500917899p-450,0x1.1bb0020989812p-32,2.58012306481791861e-10
13,21,0x1.9076b0bbdb137p-34,0x1.a0ff500917899p-450,0x1.9076b0bbdb138p-34,9.10548883994013566e-11
13,22,0x1.1a269c850c6acp-35,0x1.a0ff500917899p-450,0x1.1a269c850c6adp-35,3.20768351459040125e-11
13,23,0x1.8ce670025de2fp-37,0x1.a0ff500917899p-450,0x1.8ce670025de3p-37,1.12805806402731149e-11
13,24,0x1.16b187bf4fe8p-38,0x1.a0ff500917899p-450,0x1.16b187bf4fe81p-38,3.96047252010042811e-12
13,25,0x1.86c031f7900bbp-40,0x1.a0ff500917899p-450,0x1.86c031f7900bcp-40,1.38822557871005480e-12
13,26,0x1.11808298e0d47p-41,0x1.a0ff500917899p-450,0x1.11808298e0d48p-41,4.85837135419642619e-13
13,27,0x1.7e48feaa7320cp-43,0x1.a0ff500917899p-450,0x1.7e48feaa7320dp-43,1.69768703935709577e-13
13,28,0x1.0ac543fca68d7p-44,0x1.a0ff500917899p-450,0x1.0ac543fca68d8p-44,5.92349655210747120e-14
13,29,0x1.73c82614f939bp-46,0x1.a0ff500917899p-450,0x1.73c82614f939cp-46,2.06380374503436839e-14
13,30,0x1.02b2b987e38dfp-47,0x1.a0ff500917899p-450,0x1.02b2b987e38ep-47,7.18031588285942578e-15
13,31,0x1.6786152324e09p-49,0x1.a0ff500917899p-450,0x1.6786152324e0ap-49,2.49469722677724741e-15
13,32,0x1.f2f8530ae7fbbp-51,0x1.a0ff500917899p-450,0x1.f2f8530ae7fbcp-51,8.65575002523182520e-16
13,33,0x1.59cb1584659ccp-52,0x1.a0ff500917899p-450,0x1.59cb1584659cdp-52,2.99927875136616078e-16
13,34,0x1.dea8a276e7fe7p-54,0x1.a0ff500917899p-450,0x1.dea8a276e7fe8p-54,1.03792566774616846e-16
13,35,0x1.4ade1546e7152p-55,0x1.a0ff500917899p-450,0x1.4ade1546e7153p-55,3.58727275489503474e-17
13,36,0x1.c8d920267a071p-57,0x1.a0ff500917899p-450,0x1.c8d920267a072p-57,1.23828938320812393e-17
13,37,0x1.3b0388d1c50ffp-58,0x1.a0ff500917899p-450,0x1.3b0388d1c51p-58,4.26923316643078579e-18
13,38,0x1.b1e853ccab84fp-60,0x1.a0ff500917899p-450,0x1.b1e853ccab85p-60,1.47013589141044961e-18
13,39,0x1.2a7c726e861a4p-61,0x1.a0ff500917899p-450,0x1.2a7c726e861a5p-61,5.05655157722203593e-19
13,40,0x1.9a2f4cb80a759p-63,0x1.a0ff500917899p-450,0x1.9a2f4cb80a75ap-63,1.73720004949044651e-19
13,41,0x1.1985956387539p-64,0x1.a0ff500917899p-450,0x1.198595638753ap-64,5.96145622672778449e-20
13,42,0x1.8200a059f13ffp-66,0x1.a0ff500917899p-450,0x1.8200a059f14p-66,2.04347993832888252e-20
13,43,0x1.0856d6ef3702p-67,0x1.a0ff500917899p-450,0x1.0856d6ef37021p-67,6.99700081775911212e-21
13,44,0x1.69a7a9d52622fp-69,0x1.a0ff500917899p-450,0x1.69a7a9d52623p-69,2.39323160658645210e-21
13,45,0x1.ee459992b099bp-71,0x1.a0ff500917899p-450,0x1.ee459992b099cp-71,8.17704223979073263e-22
13,46,0x1.5168089b8e3bbp-72,0x1.a0ff500917899p-450,0x1.5168089b8e3bcp-72,2.79096017197899038e-22
13,47,0x1.cc2cedcbc11adp-74,0x1.a0ff500917899p-450,0x1.cc2cedcbc11aep-74,9.51620637121478204e-23
13,48,0x1.397d59ddee9acp-75,0x1.a0ff500917899p-450,0x1.397d59ddee9adp-75,3.24140703490743386e-23
13,49,0x1.aab241c0f186fp-77,0x1.a0ff500917899p-450,0x1.aab241c0f187p-77,1.10298412467326354e-23
13,50,0x1.221b2707be1b7p-78,0x1.a0ff500917899p-450,0x1.221b2707be1b8p-78,3.74953299963364202e-24
13,51,0x1.8a18cd33e5d0ep-80,0x1.a0ff500917899p-450,0x1.8a18cd33e5d0fp-80,1.27339570137048435e-24
13,52,0x1.0b6d028ead734p-81,0x1.a0ff500917899p-450,0x1.0b6d028ead735p-81,4.32049714501839499e-25
13,53,0x1.6a98ae2581a5dp-83,0x1.a0ff500917899p-450,0x1.6a98ae2581a5ep-83,1.46451522593198068e-25
13,54,0x1.eb2d97c80b2b1p-85,0x1.a0ff500917899p-450,0x1.eb2d97c80b2b2p-85,4.95963133980036891e-26
13,55,0x1.4c5f60b6eb548p-86,0x1.a0ff500917899p-450,0x1.4c5f60b6eb549p-86,1.67805264667975449e-26
13,56,0x1.c16a26787a583p-88,0x1.a0ff500917899p-450,0x1.c16a26787a584p-88,5.67241035577613167e-27
13,57,0x1.2f905efc4e619p-89,0x1.a0ff500917899p-450,0x1.2f905efc4e61ap-89,1.91575785510700128e-27
13,58,0x1.99bb2c2333bb2p-91,0x1.a0ff500917899p-450,0x1.99bb2c2333bb3p-91,6.46441759521365616e-28
13,59,0x1.1445def5e6d86p-92,0x1.a0ff500917899p-450,0x1.1445def5e6d87p-92,2.17940916296901699e-28
13,60,0x1.743f9b5d6f6c7p-94,0x1.a0ff500917899p-450,0x1.743f9b5d6f6c8p-94,7.34130651546371401e-29
13,61,0x1.f5234b2b214p-96,0x1.a0ff500917899p-450,0x1.f5234b2b21401p-96,2.47080044000144637e-29
13,62,0x1.510b133acf408p-97,0x1.a0ff500917899p-450,0x1.510b133acf409p-97,8.30875790299675626e-30
13,63,0x1.c4fbcd2d6f13dp-99,0x1.a0ff500917899p-450,0x1.c4fbcd2d6f13ep-99,2.79172697155934428e-30
13,64,0x1.302720ffca501p-100,0x1.a0ff500917899p-450,0x1.302720ffca502p-100,9.37243321987920451e-31
13,65,0x1.981c53d4e9479p-102,0x1.a0ff500917899p-450,0x1.981c53d4e947ap-102,3.14397011795780117e-31
13,66,0x1.119485251419ep-103,0x1.a0ff500917899p-450,0x1.119485251419fp-103,1.05379243168387237e-31
13,67,0x1.6e8061068546fp-105,0x1.a0ff500917899p-450,0x1.6e8061068547p-105,3.52928087970126267e-32
13,68,0x1.ea98e74625ed3p-107,0x1.a0ff500917899p-450,0x1.ea98e74625ed4p-107,1.18106998773339294e-32
13,69,0x1.4819a6ae37968p-108,0x1.a0ff500917899p-450,0x1.4819a6ae37969p-108,3.94936249472404896e-33
13,70,0x1.b68391e574cd3p-110,0x1.a0ff500917899p-450,0x1.b68391e574cd4p-110,1.31960490251976084e-33
13,71,0x1.24d1b0e5452c5p-111,0x1.a0ff500917899p-450,0x1.24d1b0e5452c6p-111,4.40585221483441838e-34
13,72,0x1.86c45d2e60003p-113,0x1.a0ff500917899p-450,0x1.86c45d2e60004p-113,1.46990225932157906e-34
13,73,0x1.048b75da07b4p-114,0x1.a0ff500917899p-450,0x1.048b75da07b41p-114,4.90030242836695310e-35
13,74,0x1.5b2e56a1b34bdp-116,0x1.a0ff500917899p-450,0x1.5b2e56a1b34bep-116,1.63243726102148455e-35
13,75,0x1.ce498db583ce8p-118,0x1.a0ff500917899p-450,0x1.ce498db583ce9p-118,5.43416131422167384e-36
13,76,0x1.338e38918b3b6p-119,0x1.a0ff500917899p-450,0x1.338e38918b3b7p-119,1.80764906186711853e-36
13,77,0x1.98ef3ef14aacep-121,0x1.a0ff500917899p-450,0x1.98ef3ef14aacfp-121,6.00875322863908890e-37
13,78,0x1.0fac2b1e084f4p-122,0x1.a0ff500917899p-450,0x1.0fac2b1e084f5p-122,1.99593454824184639e-37
13,79,0x1.68b6a2321603dp-124,0x1.a0ff500917899p-450,0x1.68b6a2321603ep-124,6.62525903988794304e-38
13,80,0x1.de9aa4b6baf91p-126,0x1.a0ff500917899p-450,0x1.de9aa4b6baf92p-126,2.19764213836794994e-38
13,81,0x1.3d4b14ef60ef6p-127,0x1.a0ff500917899p-450,0x1.3d4b14ef60ef7p-127,7.28469663722092682e-39
13,82,0x1.a46a5352ec81bp-129,0x1.a0ff500917899p-450,0x1.a46a5352ec81cp-129,2.41306567394794984e-39
13,83,0x1.1656772c4aaebp-130,0x1.a0ff500917899p-450,0x1.1656772c4aaecp-130,7.98790184871076022e-40
13,84,0x1.704d5b057782bp-132,0x1.a0ff500917899p-450,0x1.704d5b057782cp-132,2.64243847887142919e-40
13,85,0x1.e7055d72a9a3bp-134,0x1.a0ff500917899p-450,0x1.e7055d72a9a3cp-134,8.73551000769066706e-41
13,86,0x1.41caac02a983dp-135,0x1.a0ff500917899p-450,0x1.41caac02a983ep-135,2.88592766121195748e-41
13,87,0x1.a8f5d32bd3a75p-137,0x1.a0ff500917899p-450,0x1.a8f5d32bd3a76p-137,9.52793840931314864e-42
13,88,0x1.186bca2c0cb17p-138,0x1.a0ff500917899p-450,0x1.186bca2c0cb18p-138,3.14362873476339144e-42
13,89,0x1.71d9481f2e8fp-140,0x1.a0ff500917899p-450,0x1.71d9481f2e8f1p-140,1.03653698970832438e-42
13,90,0x1.e77c2fbfe5a83p-142,0x1.a0ff500917899p-450,0x1.e77c2fbfe5a84p-142,3.41556063528683886e-43
13,91,0x1.4110efa805417p-143,0x1.a0ff500917899p-450,0x1.4110efa805418p-143,1.12477378140535452e-43
13,92,0x1.a6a7ada003e03p-145,0x1.a0ff500917899p-450,0x1.a6a7ada003e04p-145,3.70166120444754132e-44
13,93,0x1.1605730382c65p-146,0x1.a0ff500917899p-450,0x1.1605730382c66p-146,1.21747125446782115e-44
13,94,0x1.6d89cdae8e19cp-148,0x1.a0ff500917899p-450,0x1.6d89cdae8e19dp-148,4.00178321112111156e-45
13,95,0x1.e04fa9958942bp-150,0x1.a0ff500917899p-450,0x1.e04fa9958942cp-150,1.31456898611644446e-45
13,96,0x1.3b5e95ac679b1p-151,0x1.a0ff500917899p-450,0x1.3b5e95ac679b2p-151,4.31569097536752357e-46
13,97,0x1.9de4101330647p-153,0x1.a0ff500917899p-450,0x1.9de4101330648p-153,1.41597812726456175e-46
13,98,0x1.0f6ef6e1685d1p-154,0x1.a0ff500917899p-450,0x1.0f6ef6e1685d2p-154,4.64305765495351067e-47
13,99,0x1.63ce8bb2eff25p-156,0x1.a0ff500917899p-450,0x1.63ce8bb2eff26p-156,1.52158065567998977e-47
13,100,0x1.d2223cd26d32fp-158,0x1.a0ff500917899p-450,0x1.d2223cd26d33p-158,4.98346324791233106e-48
13,101,0x1.312857abf6db9p-159,0x1.a0ff500917899p-450,0x1.312857abf6dbap-159,1.63122886318773557e-48
13,102,0x1.8f50fce0d1adp-161,0x1.a0ff500917899p-450,0x1.8f50fce0d1ad1p-161,5.33639335734483746e-49
13,103,0x1.051d5a0d977b6p-162,0x1.a0ff500917899p-450,0x1.051d5a0d977b7p-162,1.74474509027607130e-49
13,104,0x1.554b3aced9313p-164,0x1.a0ff500917899p-450,0x1.554b3aced9314p-164,5.70123875658325443e-50
13,105,0x1.bdd778216d0c7p-166,0x1.a0ff500917899p-450,0x1.bdd778216d0c8p-166,1.86192171879911580e-50
13,106,0x1.230b6df4d15b5p-167,0x1.a0ff500917899p-450,0x1.230b6df4d15b6p-167,6.07729578406922111e-51
13,107,0x1.7bc6916cc9112p-169,0x1.a0ff500917899p-450,0x1.7bc6916cc9113p-169,1.98252143060174850e-51
13,108,0x1.ef48e565140e5p-171,0x1.a0ff500917899p-450,0x1.ef48e565140e6p-171,6.46376758796425476e-52
13,109,0x1.42c93f6b6fd46p-172,0x1.a0ff500917899p-450,0x1.42c93f6b6fd47p-172,2.10627773686744366e-52
13,110,0x1.a480a053c805bp-174,0x1.a0ff500917899p-450,0x1.a480a053c805cp-174,6.85976623074568734e-53
13,111,0x1.11c091e335737p-175,0x1.a0ff500917899p-450,0x1.11c091e335738p-175,2.23289577985034732e-53
13,112,0x1.643db2613a75p-177,0x1.a0ff500917899p-450,0x1.643db2613a751p-177,7.26431565398779712e-54
13,113,0x1.cf56cbd69761bp-179,0x1.a0ff500917899p-450,0x1.cf56cbd69761cp-179,2.36205340544490624e-54
13,114,0x1.2d286c4b280adp-180,0x1.a0ff500917899p-450,0x1.2d286c4b280aep-180,7.67635549332930111e-55
13,115,0x1.8748955ff5fd8p-182,0x1.a0ff500917899p-450,0x1.8748955ff5fd9p-182,2.49340250181675233e-55
13,116,0x1.fc1d8c72189f3p-184,0x1.a0ff500917899p-450,0x1.fc1d8c72189f4p-184,8.09474572343903874e-56
13,117,0x1.49beb96e1f586p-185,0x1.a0ff500917899p-450,0x1.49beb96e1f587p-185,2.62657059611503003e-56
13,118,0x1.abc2af2194982p-187,0x1.a0ff500917899p-450,0x1.abc2af2194983p-187,8.51827210275582996e-57
13,119,0x1.1550473699724p-188,0x1.a0ff500917899p-450,0x1.1550473699725p-188,2.76116269815521692e-57
13,120,0x1.6760b2cf60831p-190,0x1.a0ff500917899p-450,0x1.6760b2cf60832p-190,8.94565237804935978e-58
13,121,0x1.d17deef6fdf47p-192,0x1.a0ff500917899p-450,0x1.d17deef6fdf48p-192,2.89676337694973795e-58
13,122,0x1.2d517eccb75c9p-193,0x1.a0ff500917899p-450,0x1.2d517eccb75cap-193,9.37554319956402030e-59
13,123,0x1.85e64cf955961p-195,0x1.a0ff500917899p-450,0x1.85e64cf955962p-195,3.03293905311426792e-59
13,124,0x1.f845c055bb198p-197,0x1.a0ff500917899p-450,0x1.f845c055bb199p-197,9.80654768880637865e-60
13,125,0x1.45effea13bde4p-198,0x1.a0ff500917899p-450,0x1.45effea13bde5p-198,3.16924048753355288e-60
13,126,0x1.a5228c35744b3p-200,0x1.a0ff500917899p-450,0x1.a5228c35744b4p-200,1.02372235930401076e-60
13,127,0x1.0fefc080127e9p-201,0x1.a0ff500917899p-450,0x1.0fefc080127eap-201,3.30520544426688026e-61
13,128,0x1.5f05a59de6e2ap-203,0x1.a0ff500917899p-450,0x1.5f05a59de6e2bp-203,1.06660919533801540e-61
13,129,0x1.c4e3f40c665e9p-205,0x1.a0ff500917899p-450,0x1.c4e3f40c665eap-205,3.44036150354775789e-62
13,130,0x1.24058c2c2796dp-206,0x1.a0ff500917899p-450,0x1.24058c2c2796ep-206,1.10916462071247045e-62
13,131,0x1.786905ef92083p-208,0x1.a0ff500917899p-450,0x1.786905ef92084p-208,3.57422899891029535e-63
13,132,0x1.e4f50ff4b8acep-210,0x1.a0ff500917899p-450,0x1.e4f50ff4b8acfp-210,1.15123616397182581e-63
13,133,0x1.3841d6c87addcp-211,0x1.a0ff500917899p-450,0x1.3841d6c87adddp-211,3.70632405098474856e-64
13,134,0x1.91edddde1dcb5p-213,0x1.a0ff500917899p-450,0x1.91edddde1dcb6p-213,1.19267050975670304e-64
13,135,0x1.028e8976bcaebp-214,0x1.a0ff500917899p-450,0x1.028e8976bcaecp-214,3.83616166936145141e-65
13,136,0x1.4c803cd016cf2p-216,0x1.a0ff500917899p-450,0x1.4c803cd016cf3p-216,1.23331448698879101e-65
13,137,0x1.ab65a15e85b5fp-218,0x1.a0ff500917899p-450,0x1.ab65a15e85b6p-218,3.96325889314322857e-66
13,138,0x1.12904593bb2b2p-219,0x1.a0ff500917899p-450,0x1.12904593bb2b3p-219,1.27301606458873679e-66
13,139,0x1.609ad88dfeae7p-221,0x1.a0ff500917899p-450,0x1.609ad88dfeae8p-221,4.08713794039629069e-67
13,140,0x1.c4a011cf5d7e5p-223,0x1.a0ff500917899p-450,0x1.c4a011cf5d7e6p-223,1.31162534528619010e-67
13,141,0x1.2261132c07325p-224,0x1.a0ff500917899p-450,0x1.2261132c07326p-224,4.20732933667293843e-68
13,142,0x1.746ac0c394cdap-226,0x1.a0ff500917899p-450,0x1.746ac0c394cdbp-226,1.34899554812758493e-68
13,143,0x1.dd6be0f023572p-228,0x1.a0ff500917899p-450,0x1.dd6be0f023573p-228,4.32337499311046341e-69
13,144,0x1.31e1c16ff4658p-229,0x1.a0ff500917899p-450,0x1.31e1c16ff4659p-229,1.38498397044986777e-69
13,145,0x1.87c88e88a8ebfp-231,0x1.a0ff500917899p-450,0x1.87c88e88a8ecp-231,4.43483120530016171e-70
13,146,0x1.f5975bd833102p-233,0x1.a0ff500917899p-450,0x1.f5975bd833103p-233,1.41945292036130939e-70
13,147,0x1.40f304cce13dep-234,0x1.a0ff500917899p-450,0x1.40f304cce13dfp-234,4.54127154515781037e-71
13,148,0x1.9a8ce7b666485p-236,0x1.a0ff500917899p-450,0x1.9a8ce7b666486p-236,1.45227061115087473e-71
13,149,0x1.06788d3e73965p-237,0x1.a0ff500917899p-450,0x1.06788d3e73966p-237,4.64228961938656477e-72
13,150,0x1.4f75e5f621ccep-239,0x1.a0ff500917899p-450,0x1.4f75e5f621ccfp-239,1.48331200952631223e-72
13,151,0x1.ac910b1098ab1p-241,0x1.a0ff500917899p-450,0x1.ac910b1098ab2p-241,4.73750166978735481e-73
13,152,0x1.11a4581c81887p-242,0x1.a0ff500917899p-450,0x1.11a4581c81888p-242,1.51245963015216023e-73
13,153,0x1.5d4c30cf76c2ep-244,0x1.a0ff500917899p-450,0x1.5d4c30cf76c2fp-244,4.82654899260762281e-74
13,154,0x1.bdaf5b5646ec5p-246,0x1.a0ff500917899p-450,0x1.bdaf5b5646ec6p-246,1.53960426961080112e-74
13,155,0x1.1c37ace13bca7p-247,0x1.a0ff500917899p-450,0x1.1c37ace13bca8p-247,4.90910015630136043e-75
13,156,0x1.6a58e0fb0b9fap-249,0x1.a0ff500917899p-450,0x1.6a58e0fb0b9fbp-249,1.56464567363315595e-75
13,157,0x1.cdc3e66b7f607p-251,0x1.a0ff500917899p-450,0x1.cdc3e66b7f608p-251,4.98485299946149112e-76
13,158,0x1.261c52875f103p-252,0x1.a0ff500917899p-450,0x1.261c52875f104p-252,1.58749313223096858e-76
13,159,0x1.768089de0281p-254,0x1.a0ff500917899p-450,0x1.768089de02811p-254,5.05353639324634537e-77
13,160,0x1.dcace5e9d3bafp-256,0x1.a0ff500917899p-450,0x1.dcace5e9d3bbp-256,1.60806599819466961e-77
13,161,0x1.2f3d87e836cf6p-257,0x1.a0ff500917899p-450,0x1.2f3d87e836cf7p-257,5.11491175532170160e-78
13,162,0x1.81a9b80df371dp-259,0x1.a0ff500917899p-450,0x1.81a9b80df371ep-259,1.62629412529085195e-78
13,163,0x1.ea4b36923d0eep-261,0x1.a0ff500917899p-450,0x1.ea4b36923d0efp-261,5.16877430513107868e-79
13,164,0x1.37884cbc4dc82p-262,0x1.a0ff500917899p-450,0x1.37884cbc4dc83p-262,1.64211822338732679e-79
13,165,0x1.8bbd4a46428f7p-264,0x1.a0ff500917899p-450,0x1.8bbd4a46428f8p-264,5.21495405315888925e-80
13,166,0x1.f682c45843ddfp-266,0x1.a0ff500917899p-450,0x1.f682c45843dep-266,1.65549012863988027e-80
13,167,0x1.3eeba2fcdeeafp-267,0x1.a0ff500917899p-450,0x1.3eeba2fcdeebp-267,5.25331651971981930e-81
13,168,0x1.94a6c03c34025p-269,0x1.a0ff500917899p-450,0x1.94a6c03c34026p-269,1.66637298778085107e-81
13,169,0x1.009d748496fadp-270,0x1.a0ff500917899p-450,0x1.009d748496faep-270,5.28376318166069965e-82
13,170,0x1.4558c7769bc33p-272,0x1.a0ff500917899p-450,0x1.4558c7769bc34p-272,1.67474135644332986e-82
13,171,0x1.9c547dea47081p-274,0x1.a0ff500917899p-450,0x1.9c547dea47082p-274,5.30623164815606706e-83
13,172,0x1.052f5df40c56fp-275,0x1.a0ff500917899p-450,0x1.052f5df40c57p-275,1.68058121232736008e-83
13,173,0x1.4ac360969c8cbp-277,0x1.a0ff500917899p-450,0x1.4ac360969c8ccp-277,5.32069556948435141e-84
13,174,0x1.a2b802347d2d8p-279,0x1.a0ff500917899p-450,0x1.a2b802347d2d9p-279,1.68388988485206081e-84
13,175,0x1.08eea87b41fp-280,0x1.a0ff500917899p-450,0x1.08eea87b41f01p-280,5.32716428526146842e-85
13,176,0x1.4f21a2b74815fp-282,0x1.a0ff500917899p-450,0x1.4f21a2b74816p-282,1.68467590373214967e-85
13,177,0x1.a7c610157d42fp-284,0x1.a0ff500917899p-450,0x1.a7c610157d43p-284,5.32568222104326176e-86
13,178,0x1.0bd4f3827c891p-285,0x1.a0ff500917899p-450,0x1.0bd4f3827c892p-285,1.68295876966281314e-86
13,179,0x1.526c6972d7993p-287,0x1.a0ff500917899p-450,0x1.526c6972d7994p-287,5.31632804446704154e-87
13,180,0x1.ab76c9d59be8cp-289,0x1.a0ff500917899p-450,0x1.ab76c9d59be8dp-289,1.67876865098037246e-87
13,181,0x1.0dde0207173b8p-290,0x1.a0ff500917899p-450,0x1.0dde0207173b9p-290,5.29921359417183086e-88
13,182,0x1.549f45c1ecc47p-292,0x1.a0ff500917899p-450,0x1.549f45c1ecc48p-292,1.67214601078472825e-88
13,183,0x1.adc5be1e643acp-294,0x1.a0ff500917899p-450,0x1.adc5be1e643adp-294,5.27448259658066209e-89
13,184,0x1.0f07bfe2ab3fp-295,0x1.a0ff500917899p-450,0x1.0f07bfe2ab3f1p-295,1.66314116955934561e-89
13,185,0x1.55b880ecaa6a1p-297,0x1.a0ff500917899p-450,0x1.55b880ecaa6a2p-297,5.24230918724184319e-90
13,186,0x1.aeb1e70cfe6aap-299,0x1.a0ff500917899p-450,0x1.aeb1e70cfe6abp-299,1.65181380879658029e-90
13,187,0x1.0f523e51b7e7ep-300,0x1.a0ff500917899p-450,0x1.0f523e51b7e7fp-300,5.20289625480632703e-91
13,188,0x1.55b914922b282p-302,0x1.a0ff500917899p-450,0x1.55b914922b283p-302,1.63823242153038519e-91
13,189,0x1.ae3d9bb1ae2a9p-304,0x1.a0ff500917899p-450,0x1.ae3d9bb1ae2aap-304,5.15647362683782915e-92
13,190,0x1.0ebfa80e678c6p-305,0x1.a0ff500917899p-450,0x1.0ebfa80e678c7p-305,1.62247371599593945e-92
13,191,0x1.54a498437f03fp-307,0x1.a0ff500917899p-450,0x1.54a498437f04p-307,5.10329611752021786e-93
13,192,0x1.ac6e74b0b6354p-309,0x1.a0ff500917899p-450,0x1.ac6e74b0b6355p-309,1.60462197886948626e-93
13,193,0x1.0d542d7ebffbap-310,0x1.a0ff500917899p-450,0x1.0d542d7ebffbbp-310,5.04364145795059302e-94
13,194,0x1.528125632e311p-312,0x1.a0ff500917899p-450,0x1.528125632e312p-312,1.58476840469617885e-94
13,195,0x1.a94d24f79c703p-314,0x1.a0ff500917899p-450,0x1.a94d24f79c704p-314,4.97780813006915832e-95
13,196,0x1.0b15e99b4afb8p-315,0x1.a0ff500917899p-450,0x1.0b15e99b4afb9p-315,1.56301039819325496e-95
13,197,0x1.4f5732277e815p-317,0x1.a0ff500917899p-450,0x1.4f5732277e816p-317,4.90611312539681668e-96
13,198,0x1.a4e547afc5c34p-319,0x1.a0ff500917899p-450,0x1.a4e547afc5c35p-319,1.53945085611577285e-96
13,199,0x1.080cc0534ba8cp-320,0x1.a0ff500917899p-450,0x1.080cc0534ba8dp-320,4.82888964964904306e-97
13,200,0x1.4b3164c3847ddp-322,0x1.a0ff500917899p-450,0x1.4b3164c3847dep-322,1.51419743530095932e-97
13,201,0x1.9f4524c3af594p-324,0x1.a0ff500917899p-450,0x1.9f4524c3af595p-324,4.74648479395675817e-98
13,202,0x1.0442374d5dbe2p-325,0x1.a0ff500917899p-450,0x1.0442374d5dbe3p-325,1.48736181337076418e-98
13,203,0x1.461c5fd8ca232p-327,0x1.a0ff500917899p-450,0x1.461c5fd8ca233p-327,4.65925719288223270e-99
13,204,0x1.987d6d6e0b739p-329,0x1.a0ff500917899p-450,0x1.987d6d6e0b73ap-329,1.45905894836923942e-99
13,205,0x1.ff8293ed1ef21p-331,0x1.a0ff500917899p-450,0x1.ff8293ed1ef22p-331,4.56757468869540875e-100
13,206,0x1.40268968b7577p-332,0x1.a0ff500917899p-450,0x1.40268968b7578p-332,1.42940634335132088e-100
13,207,0x1.90a0f2616cbb4p-334,0x1.a0ff500917899p-450,0x1.90a0f2616cbb5p-334,4.47181202046678872e-101
13,208,0x1.f52c73bd10809p-336,0x1.a0ff500917899p-450,0x1.f52c73bd1080ap-336,1.39852332163125408e-101
13,209,0x1.395fcd89dc8a9p-337,0x1.a0ff500917899p-450,0x1.395fcd89dc8aap-337,4.37234855547416025e-102
13,210,0x1.87c45523fc459p-339,0x1.a0ff500917899p-450,0x1.87c45523fc45ap-339,1.36653031804110920e-102
13,211,0x1.e99cb8ca63943p-341,0x1.a0ff500917899p-450,0x1.e99cb8ca63944p-341,4.26956607923787234e-103
13,212,0x1.31d95e29f48d9p-342,0x1.a0ff500917899p-450,0x1.31d95e29f48dap-342,1.33354819115454747e-103
13,213,0x1.7dfdb63d4766bp-344,0x1.a0ff500917899p-450,0x1.7dfdb63d4766cp-344,4.16384665919252031e-104
13,214,0x1.dcefcd7bc82fp-346,0x1.a0ff500917899p-450,0x1.dcefcd7bc82f1p-346,1.29969756100618761e-104
13,215,0x1.29a57122505f8p-347,0x1.a0ff500917899p-450,0x1.29a57122505f9p-347,4.05557059560761922e-105
13,216,0x1.736461cd1c9e2p-349,0x1.a0ff500917899p-450,0x1.736461cd1c9e3p-349,1.26509817638310122e-105
13,217,0x1.cf43728b652e9p-351,0x1.a0ff500917899p-450,0x1.cf43728b652eap-351,3.94511447191562155e-106
13,218,0x1.20d6fdd9fe871p-352,0x1.a0ff500917899p-450,0x1.20d6fdd9fe872p-352,1.22986831529346872e-106
13,219,0x1.68107c12847fap-354,0x1.a0ff500917899p-450,0x1.68107c12847fbp-354,3.83284931508788890e-107
13,220,0x1.c0b6563d75f7fp-356,0x1.a0ff500917899p-450,0x1.c0b6563d75f8p-356,1.19412422173659615e-107
13,221,0x1.17817ba0231fep-357,0x1.a0ff500917899p-450,0x1.17817ba0231ffp-357,3.71913887515953750e-108
13,222,0x1.5c1aaf5229eb5p-359,0x1.a0ff500917899p-450,0x1.5c1aaf5229eb6p-359,1.15797958140718731e-108
13,223,0x1.b167ade3d0f63p-361,0x1.a0ff500917899p-450,0x1.b167ade3d0f64p-361,3.60433803146124561e-109
13,224,0x1.0db8a1d27f9a5p-362,0x1.a0ff500917899p-450,0x1.0db8a1d27f9a6p-362,1.12154503847808321e-109
13,225,0x1.4f9bdc6d227dcp-364,0x1.a0ff500917899p-450,0x1.4f9bdc6d227ddp-364,3.48879133156933221e-110
13,226,0x1.a176d348812cdp-366,0x1.a0ff500917899p-450,0x1.a176d348812cep-366,1.08492775512391634e-110
13,227,0x1.03902ac912015p-367,0x1.a0ff500917899p-450,0x1.03902ac912016p-367,3.37283166747332843e-111
13,228,0x1.42accf553d3ep-369,0x1.a0ff500917899p-450,0x1.42accf553d3e1p-369,1.04823101497248433e-111
13,229,0x1.9102e76a9b9e7p-371,0x1.a0ff500917899p-450,0x1.9102e76a9b9e8p-371,3.25677909199491383e-112
13,230,0x1.f23734c201905p-373,0x1.a0ff500917899p-450,0x1.f23734c201906p-373,1.01155387121640767e-112
13,231,0x1.3565f864184e4p-374,0x1.a0ff500917899p-450,0x1.3565f864184e5p-374,3.14093977706265065e-113
13,232,0x1.802a7bc4da79bp-376,0x1.a0ff500917899p-450,0x1.802a7bc4da79cp-376,9.74990839678580560e-114
13,233,0x1.dcdc11bf8bdb7p-378,0x1.a0ff500917899p-450,0x1.dcdc11bf8bdb8p-378,3.02560511411281792e-114
13,234,0x1.27df2b6f8a3abp-379,0x1.a0ff500917899p-450,0x1.27df2b6f8a3acp-379,9.38631636709983584e-115
13,235,0x1.6f0b431ee850ap-381,0x1.a0ff500917899p-450,0x1.6f0b431ee850bp-381,2.91105095561006104e-115
13,236,0x1.c733e58976ae2p-383,0x1.a0ff500917899p-450,0x1.c733e58976ae3p-383,9.02560961413324469e-116
13,237,0x1.1a2f6549b1a8cp-384,0x1.a0ff500917899p-450,0x1.1a2f6549b1a8dp-384,2.79753699549984560e-116
13,238,0x1.5dc1cab241138p-386,0x1.a0ff500917899p-450,0x1.5dc1cab241139p-386,8.66858321325379228e-117
13,239,0x1.b1621bf795b41p-388,0x1.a0ff500917899p-450,0x1.b1621bf795b42p-388,2.68530628532718025e-117
13,240,0x1.0c6c982e708d1p-389,0x1.a0ff500917899p-450,0x1.0c6c982e708d2p-389,8.31597900363761525e-118
13,241,0x1.4c693c339a7fbp-391,0x1.a0ff500917899p-450,0x1.4c693c339a7fcp-391,2.57458488176538168e-118
13,242,0x1.9b884981f4cb1p-393,0x1.a0ff500917899p-450,0x1.9b884981f4cb2p-393,7.96848467551259889e-119
13,243,0x1.fd56fee8a78c5p-395,0x1.a0ff500917899p-450,0x1.fd56fee8a78c6p-395,2.46558162042135758e-119
13,244,0x1.3b1b291b3df0dp-396,0x1.a0ff500917899p-450,0x1.3b1b291b3df0ep-396,7.62673324767346201e-120
13,245,0x1.85c5ecc5552aep-398,0x1.a0ff500917899p-450,0x1.85c5ecc5552b1p-398,2.35848801002105516e-120
13,246,0x1.e1fef559d0901p-400,0x1.a0ff500917899p-450,0x1.e1fef559d0909p-400,7.29130291552711251e-121
13,247,0x1.29ef5f52d2fd7p-401,0x1.a0ff500917899p-450,0x1.29ef5f52d2fe5p-401,2.25347824040449428e-121
13,248,0x1.70383be0b829p-403,0x1.a0ff500917899p-450,0x1.70383be0b82c5p-403,6.96271724799506790e-122
13,249,0x1.c6f4e07242b73p-405,0x1.a0ff500917899p-450,0x1.c6f4e07242c44p-405,2.15070929722017507e-122
13,250,0x1.18fbc73ecc4cap-406,0x1.a0ff500917899p-450,0x1.18fbc73ecc66cp-406,6.64144571001468595e-123
13,251,0x1.5af9fd8c85eb1p-408,0x1.a0ff500917899p-450,0x1.5af9fd8c86536p-408,2.05032117575540267e-123
13,252,0x1.ac596e64c8c3p-410,0x1.a0ff500917899p-450,0x1.ac596e64ca641p-410,6.32790448616136887e-124
13,253,0x1.08544aedcc00cp-411,0x1.a0ff500917899p-450,0x1.08544aedcf42dp-411,1.95243718599935568e-124
13,254,0x1.46236d96a90ecp-413,0x1.a0ff500917899p-450,0x1.46236d96b616dp-413,6.02245757999645120e-125
13,255,0x1.924a10d1405b1p-415,0x1.a0ff500917899p-450,0x1.924a10d1747b1p-415,1.85716434082288932e-125
13,256,0x1.f0158c2302b0cp-417,0x1.a0ff500917899p-450,0x1.f0158c23d3308p-417,5.72541816335587307e-126
13,257,0x1.31ca2c403c15ap-418,0x1.a0ff500917899p-450,0x1.31ca2c41dd15p-418,1.76459381922567231e-126
13,258,0x1.78e0ec336cb21p-420,0x1.a0ff500917899p-450,0x1.78e0ec39f0af6p-420,5.43705015172716708e-127
13,259,0x1.d05dfc84d58bdp-422,0x1.a0ff500917899p-450,0x1.d05dfc9ee580ep-422,1.67480149878818909e-127
13,260,0x1.1e0137cedb35dp-423,0x1.a0ff500917899p-450,0x1.1e013802fb1fep-423,5.15757000421493497e-128
13,261,0x1.6034d3d2dcd64p-425,0x1.a0ff500917899p-450,0x1.6034d4a35c7e5p-425,1.58784857400790521e-128
13,262,0x1.b19d45bdc9ed9p-427,0x1.a0ff500917899p-450,0x1.b19d48ffc88dbp-427,4.88714897288489712e-129
13,263,0x1.0ad8ef32294d1p-428,0x1.a0ff500917899p-450,0x1.0ad8f5b6268d4p-428,1.50378250419942004e-129
13,264,0x1.48594fea39a8p-430,0x1.a0ff500917899p-450,0x1.485969fa2ea8ap-430,4.62591830423949769e-130
13,265,0x1.93eaa2ffeb7dbp-432,0x1.a0ff500917899p-450,0x1.93eb0b3fbf8p-432,1.42264082092871207e-130
13,266,0x1.f0be282ec3879p-434,0x1.a0ff500917899p-450,0x1.f0bfc92e1390bp-434,4.37400284301586887e-131
13,267,0x1.315e8c35663bap-435,0x1.a0ff500917899p-450,0x1.3161ce34064dep-435,1.34448335765778674e-131
13,268,0x1.7758c3645c95dp-437,0x1.a0ff500917899p-450,0x1.7765cb5edcdeap-437,4.13183967106041510e-132
13,269,0x1.cd3bd84caa35fp-439,0x1.a0ff500917899p-450,0x1.cd6ff836ab58fp-439,1.26971050320804223e-132
13,270,0x1.1b4dfc5e1d809p-440,0x1.a0ff500917899p-450,0x1.1bb63c321fc68p-440,3.90336737066293188e-133
13,271,0x1.5be958d5aa2p-442,0x1.a0ff500917899p-450,0x1.5d8a5825b337ap-442,1.20226260598347601e-133
13,272,0x1.ab0b69b901a46p-444,0x1.a0ff500917899p-450,0x1.b18f66f926029p-444,3.72813244624058580e-134
13,273,0x1.05da0490bc56cp-445,0x1.a0ff500917899p-450,0x1.12e1ff1105132p-445,1.18184229298109403e-134
13,274,0x1.4073d1fc69ab7p-447,0x1.a0ff500917899p-450,0x1.7493bbfd8c9cbp-447,4.00468274032932059e-135
13,275,0x1.8615823a36c69p-449,0x1.a0ff500917899p-450,0x1.2b4a951f6145cp-448,1.60848170262518512e-135
13,276,0x1.d433792bd9ee3p-451,0x1.a0ff500917899p-450,0x1.458c864f82406p-449,8.74798936473588728e-136
13,277,0x1.0ea278fc5d509p-452,0x1.a0ff500917899p-450,0x1.e4a7ee482eddcp-450,6.51171765208316527e-136
13,278,0x1.1a78df27f63aap-454,0x1.a0ff500917899p-450,0x1.b2a6ddfb96ed5p-450,5.83987421636779222e-136
13,279,0x1.ad61bc5b4b525p-457,0x1.a0ff500917899p-450,0x1.a45a1381ce204p-450,5.64774343619965994e-136
13,280,0x0p+0,0x1.a0ff500917899p-450,0x1.a0ff500917899p-450,5.60267259864970737e-136
