height,threshold,known_upper_hex,unknown_moment_hex,total_upper_hex,total_upper_decimal
1,0,0x1.8bd61e7a41069p-6,0x1.1c4cdfe2c941bp-643,0x1.8bd61e7a4106ap-6,2.41599366791124607e-02
1,1,0x1.6df3fb57f26bep-8,0x1.1c4cdfe2c941bp-643,0x1.6df3fb57f26bfp-8,5.58400045697177075e-03
1,2,0x1.27b41e91a99adp-10,0x1.1c4cdfe2c941bp-643,0x1.27b41e91a99aep-10,1.12801968172391741e-03
1,3,0x1.a7aed508997bbp-13,0x1.1c4cdfe2c941bp-643,0x1.a7aed508997bcp-13,2.02027768199273639e-04
1,4,0x1.104fb2da23e71p-15,0x1.1c4cdfe2c941bp-643,0x1.104fb2da23e72p-15,3.24620393296033103e-05
1,5,0x1.3d2bd7bee013fp-18,0x1.1c4cdfe2c941bp-643,0x1.3d2bd7bee014p-18,4.72622008274053334e-06
1,6,0x1.518a7efa1e476p-21,0x1.1c4cdfe2c941bp-643,0x1.518a7efa1e477p-21,6.28719106345685125e-07
1,7,0x1.4a90de9cc7a35p-24,0x1.1c4cdfe2c941bp-643,0x1.4a90de9cc7a36p-24,7.69658705210262786e-08
1,8,0x1.2bbe64081431bp-27,0x1.1c4cdfe2c941bp-643,0x1.2bbe64081431cp-27,8.72369022866609939e-09
1,9,0x1.f9fda4250c35bp-31,0x1.1c4cdfe2c941bp-643,0x1.f9fda4250c35cp-31,9.20391877843250695e-10
1,10,0x1.8f63bac2acaccp-34,0x1.1c4cdfe2c941bp-643,0x1.8f63bac2acacdp-34,9.08106741208645768e-11
1,11,0x1.28059fe4517dap-37,0x1.1c4cdfe2c941bp-643,0x1.28059fe4517dbp-37,8.41345044495635479e-12
1,12,0x1.9d8e966193307p-41,0x1.1c4cdfe2c941bp-643,0x1.9d8e966193308p-41,7.34624773695955706e-13
1,13,0x1.11237052bf9c1p-44,0x1.1c4cdfe2c941bp-643,0x1.11237052bf9c2p-44,6.06489153712904726e-14
1,14,0x1.5621e38289859p-48,0x1.1c4cdfe2c941bp-643,0x1.5621e3828985ap-48,4.74804054095473907e-15
1,15,0x1.9775802c7cf16p-52,0x1.1c4cdfe2c941bp-643,0x1.9775802c7cf17p-52,3.53414335146468511e-16
1,16,0x1.ce7a0d0d2328dp-56,0x1.1c4cdfe2c941bp-643,0x1.ce7a0d0d2328ep-56,2.50709154851034147e-17
1,17,0x1.f55e812fe6c3ap-60,0x1.1c4cdfe2c941bp-643,0x1.f55e812fe6c3bp-60,1.69870478475620178e-18
1,18,0x1.0416b7df62b78p-63,0x1.1c4cdfe2c941bp-643,0x1.0416b7df62b79p-63,1.10151867338839059e-19
1,19,0x1.02b91f018ca51p-67,0x1.1c4cdfe2c941bp-643,0x1.02b91f018ca52p-67,6.84834421214788659e-21
1,20,0x1.ee5823c5eb75dp-72,0x1.1c4cdfe2c941bp-643,0x1.ee5823c5eb75ep-72,4.08912017457065627e-22
1,21,0x1.c64697cc55d3cp-76,0x1.1c4cdfe2c941bp-643,0x1.c64697cc55d3dp-76,2.34855060162670527e-23
1,22,0x1.921ff840bba45p-80,0x1.1c4cdfe2c941bp-643,0x1.921ff840bba46p-80,1.29933557046981469e-24
1,23,0x1.57592c56ac448p-84,0x1.1c4cdfe2c941bp-643,0x1.57592c56ac449p-84,6.93386436149666988e-26
1,24,0x1.1b20ca9e6049p-88,0x1.1c4cdfe2c941bp-643,0x1.1b20ca9e60491p-88,3.57357892358500622e-27
1,25,0x1.c37b68d98299fp-93,0x1.1c4cdfe2c941bp-643,0x1.c37b68d9829ap-93,1.78078276674737134e-28
1,26,0x1.5c6f1f7c6c46dp-97,0x1.1c4cdfe2c941bp-643,0x1.5c6f1f7c6c46ep-97,8.58956309919691575e-30
1,27,0x1.048db07b77c2p-101,0x1.1c4cdfe2c941bp-643,0x1.048db07b77c21p-101,4.01446190393132702e-31
1,28,0x1.79ef1d694fbc1p-106,0x1.1c4cdfe2c941bp-643,0x1.79ef1d694fbc2p-106,1.81968622378893314e-32
1,29,0x1.0a142fc5653cep-110,0x1.1c4cdfe2c941bp-643,0x1.0a142fc5653cfp-110,8.00701925546343502e-34
1,30,0x1.6c01cf83f0c6fp-115,0x1.1c4cdfe2c941bp-643,0x1.6c01cf83f0c7p-115,3.42310606079148150e-35
1,31,0x1.e435c4fd086a9p-120,0x1.1c4cdfe2c941bp-643,0x1.e435c4fd086aap-120,1.42296540792280557e-36
1,32,0x1.39636776ab1c8p-124,0x1.1c4cdfe2c941bp-643,0x1.39636776ab1c9p-124,5.75603395780853231e-38
1,33,0x1.8b07a338d6eb3p-129,0x1.1c4cdfe2c941bp-643,0x1.8b07a338d6eb4p-129,2.26736005200210906e-39
1,34,0x1.e53953e8b74ccp-134,0x1.1c4cdfe2c941bp-643,0x1.e53953e8b74cdp-134,8.70327753231167594e-41
1,35,0x1.22958ba559105p-138,0x1.1c4cdfe2c941bp-643,0x1.22958ba559106p-138,3.25756112060696111e-42
1,36,0x1.53958e593bd9ep-143,0x1.1c4cdfe2c941bp-643,0x1.53958e593bd9fp-143,1.18964705654197990e-43
1,37,0x1.836e5bd963ae2p-148,0x1.1c4cdfe2c941bp-643,0x1.836e5bd963ae3p-148,4.24145773482430210e-45
1,38,0x1.afc62dd21e9f6p-153,0x1.1c4cdfe2c941bp-643,0x1.afc62dd21e9f7p-153,1.47715926428296529e-46
1,39,0x1.d64a78950dbf9p-158,0x1.1c4cdfe2c941bp-643,0x1.d64a78950dbfap-158,5.02790771006527676e-48
1,40,0x1.f4e51723deffp-163,0x1.1c4cdfe2c941bp-643,0x1.f4e51723deff1p-163,1.67346771291285301e-49
1,41,0x1.04f694636d982p-167,0x1.1c4cdfe2c941bp-643,0x1.04f694636d983p-167,5.44916590788295875e-51
1,42,0x1.0a26a89820938p-172,0x1.1c4cdfe2c941bp-643,0x1.0a26a89820939p-172,1.73671637500278114e-52
1,43,0x1.09cd4ca54d80bp-177,0x1.1c4cdfe2c941bp-643,0x1.09cd4ca54d80cp-177,5.42012080302279959e-54
1,44,0x1.040cbce505f07p-182,0x1.1c4cdfe2c941bp-643,0x1.040cbce505f08p-182,1.65713265940667924e-55
1,45,0x1.f2b1303eda661p-188,0x1.1c4cdfe2c941bp-643,0x1.f2b1303eda662p-188,4.96539011394854951e-57
1,46,0x1.d4cfea4ae961bp-193,0x1.1c4cdfe2c941bp-643,0x1.d4cfea4ae961cp-193,1.45871264435682346e-58
1,47,0x1.b04429546c68ap-198,0x1.1c4cdfe2c941bp-643,0x1.b04429546c68bp-198,4.20312423900996431e-60
1,48,0x1.8710c1f180f73p-203,0x1.1c4cdfe2c941bp-643,0x1.8710c1f180f74p-203,1.18828433990383300e-61
1,49,0x1.5b40f28376c35p-208,0x1.1c4cdfe2c941bp-643,0x1.5b40f28376c36p-208,3.29737103771042447e-63
1,50,0x1.2ec155de3a8f8p-213,0x1.1c4cdfe2c941bp-643,0x1.2ec155de3a8f9p-213,8.98385208934640634e-65
1,51,0x1.03412c622aaf7p-218,0x1.1c4cdfe2c941bp-643,0x1.03412c622aaf8p-218,2.40407173916817606e-66
1,52,0x1.b43bc64308b93p-224,0x1.1c4cdfe2c941bp-643,0x1.b43bc64308b94p-224,6.32062483995276249e-68
1,53,0x1.68b260dc47263p-229,0x1.1c4cdfe2c941bp-643,0x1.68b260dc47264p-229,1.63317718964467283e-69
1,54,0x1.253197ee8a788p-234,0x1.1c4cdfe2c941bp-643,0x1.253197ee8a789p-234,4.14854418345015999e-71
1,55,0x1.d4b7712ec4bfep-240,0x1.1c4cdfe2c941bp-643,0x1.d4b7712ec4bffp-240,1.03626631931615567e-72
1,56,0x1.7086e593b5a3ep-245,0x1.1c4cdfe2c941bp-643,0x1.7086e593b5a3fp-245,2.54612862066300640e-74
1,57,0x1.1d164ed2a489ap-250,0x1.1c4cdfe2c941bp-643,0x1.1d164ed2a489bp-250,6.15515149002417765e-76
1,58,0x1.b216905194587p-256,0x1.1c4cdfe2c941bp-643,0x1.b216905194588p-256,1.46439778968593555e-77
1,59,0x1.455382df0ecf4p-261,0x1.1c4cdfe2c941bp-643,0x1.455382df0ecf5p-261,3.42965336190354929e-79
1,60,0x1.e0237ab13e6acp-267,0x1.1c4cdfe2c941bp-643,0x1.e0237ab13e6adp-267,7.90893135205099940e-81
1,61,0x1.5cf325b294817p-272,0x1.1c4cdfe2c941bp-643,0x1.5cf325b294818p-272,1.79623916029048381e-82
1,62,0x1.f3a6d40a4aef7p-278,0x1.1c4cdfe2c941bp-643,0x1.f3a6d40a4aef8p-278,4.01872775206561836e-84
1,63,0x1.6077144299755p-283,0x1.1c4cdfe2c941bp-643,0x1.6077144299756p-283,8.85905601957918120e-86
1,64,0x1.ea13561d3d8dbp-289,0x1.1c4cdfe2c941bp-643,0x1.ea13561d3d8dcp-289,1.92466127625525692e-87
1,65,0x1.4fd84a63b83e2p-294,0x1.1c4cdfe2c941bp-643,0x1.4fd84a63b83e3p-294,4.12173482692336772e-89
1,66,0x1.c5d4101c36857p-300,0x1.1c4cdfe2c941bp-643,0x1.c5d4101c36858p-300,8.70267925613366250e-91
1,67,0x1.2e604dfc80addp-305,0x1.1c4cdfe2c941bp-643,0x1.2e604dfc80adep-305,1.81200314731219524e-92
1,68,0x1.8d6b99e0333d7p-311,0x1.1c4cdfe2c941bp-643,0x1.8d6b99e0333d8p-311,3.72118659921316776e-94
1,69,0x1.01a4e794bc88dp-316,0x1.1c4cdfe2c941bp-643,0x1.01a4e794bc88ep-316,7.53879103409962685e-96
1,70,0x1.499b91d2682c4p-322,0x1.1c4cdfe2c941bp-643,0x1.499b91d2682c5p-322,1.50694975240363982e-97
1,71,0x1.a02110f365fb9p-328,0x1.1c4cdfe2c941bp-643,0x1.a02110f365fbap-328,2.97268992889736096e-99
1,72,0x1.0345f388aa438p-333,0x1.1c4cdfe2c941bp-643,0x1.0345f388aa439p-333,5.78800883866599758e-101
1,73,0x1.3ef2868b057f5p-339,0x1.1c4cdfe2c941bp-643,0x1.3ef2868b057f6p-339,1.11252690798376558e-102
1,74,0x1.8364f377fc6a9p-345,0x1.1c4cdfe2c941bp-643,0x1.8364f377fc6aap-345,2.11137221392126530e-104
1,75,0x1.d0a778b1e58d6p-351,0x1.1c4cdfe2c941bp-643,0x1.d0a778b1e58d7p-351,3.95695772191926313e-106
1,76,0x1.13395dd438eb8p-356,0x1.1c4cdfe2c941bp-643,0x1.13395dd438eb9p-356,7.32433195978494507e-108
1,77,0x1.4211afa10aae8p-362,0x1.1c4cdfe2c941bp-643,0x1.4211afa10aae9p-362,1.33921604929602996e-109
1,78,0x1.7459c1ee55034p-368,0x1.1c4cdfe2c941bp-643,0x1.7459c1ee55035p-368,2.41921076474607219e-111
1,79,0x1.a95c9b24b9d81p-374,0x1.1c4cdfe2c941bp-643,0x1.a95c9b24b9d82p-374,4.31817344712021586e-113
1,80,0x1.e03546786f5c8p-380,0x1.1c4cdfe2c941bp-643,0x1.e03546786f5c9p-380,7.61712652634648822e-115
1,81,0x1.0be9f48aa4792p-385,0x1.1c4cdfe2c941bp-643,0x1.0be9f48aa4793p-385,1.32802707868320266e-116
1,82,0x1.2782ea04c54bp-391,0x1.1c4cdfe2c941bp-643,0x1.2782ea04c54b1p-391,2.28878998774455037e-118
1,83,0x1.424025b2ff43ep-397,0x1.1c4cdfe2c941bp-643,0x1.424025b2ff43fp-397,3.89982803827014514e-120
1,84,0x1.5b76bf7a4e08fp-403,0x1.1c4cdfe2c941bp-643,0x1.5b76bf7a4e09p-403,6.57024283160386960e-122
1,85,0x1.727d7e4389381p-409,0x1.1c4cdfe2c941bp-643,0x1.727d7e4389382p-409,1.09463301359412513e-123
1,86,0x1.86b45e6650ab1p-415,0x1.1c4cdfe2c941bp-643,0x1.86b45e6650ab2p-415,1.80368344921842797e-125
1,87,0x1.978beb1fc7a93p-421,0x1.1c4cdfe2c941bp-643,0x1.978beb1fc7a94p-421,2.93974112620645022e-127
1,88,0x1.a48bf058088b1p-427,0x1.1c4cdfe2c941bp-643,0x1.a48bf058088b2p-427,4.73986584344934868e-129
1,89,0x1.ad5913e196253p-433,0x1.1c4cdfe2c941bp-643,0x1.ad5913e196254p-433,7.56103616847366961e-131
1,90,0x1.b1b8f8df2de72p-439,0x1.1c4cdfe2c941bp-643,0x1.b1b8f8df2de73p-439,1.19344920127237201e-132
1,91,0x1.b194ab41b37f6p-445,0x1.1c4cdfe2c941bp-643,0x1.b194ab41b37f7p-445,1.86415467625407314e-134
1,92,0x1.acf931bd11babp-451,0x1.1c4cdfe2c941bp-643,0x1.acf931bd11bacp-451,2.88179025675400617e-136
1,93,0x1.a4164712ac5c5p-457,0x1.1c4cdfe2c941bp-643,0x1.a4164712ac5c6p-457,4.40951963766520686e-138
1,94,0x1.973b5cefbb457p-463,0x1.1c4cdfe2c941bp-643,0x1.973b5cefbb458p-463,6.67903653050212632e-140
1,95,0x1.86d327e8bd746p-469,0x1.1c4cdfe2c941bp-643,0x1.86d327e8bd747p-469,1.00155363935535813e-141
1,96,0x1.735e0ae94d536p-475,0x1.1c4cdfe2c941bp-643,0x1.735e0ae94d537p-475,1.48701660306763756e-143
1,97,0x1.5d6bc72043f9bp-481,0x1.1c4cdfe2c941bp-643,0x1.5d6bc72043f9cp-481,2.18615591112910132e-145
1,98,0x1.4594db488b826p-487,0x1.1c4cdfe2c941bp-643,0x1.4594db488b827p-487,3.18281816011517073e-147
1,99,0x1.2c73fa5c85ad3p-493,0x1.1c4cdfe2c941bp-643,0x1.2c73fa5c85ad4p-493,4.58932457124514612e-149
1,100,0x1.129ff7411a158p-499,0x1.1c4cdfe2c941bp-643,0x1.129ff7411a159p-499,6.55438664959931140e-151
1,101,0x1.f14ce4c8e3aa3p-506,0x1.1c4cdfe2c941bp-643,0x1.f14ce4c8e3aa4p-506,9.27258893803328254e-153
1,102,0x1.be0f035f1bf72p-512,0x1.1c4cdfe2c941bp-643,0x1.be0f035f1bf73p-512,1.29955365701727899e-154
1,103,0x1.8c64e95823425p-518,0x1.1c4cdfe2c941bp-643,0x1.8c64e95823426p-518,1.80446954327878882e-156
1,104,0x1.5d0780ead2a1cp-524,0x1.1c4cdfe2c941bp-643,0x1.5d0780ead2a1dp-524,2.48258545461259842e-158
1,105,0x1.30881583f7a5cp-530,0x1.1c4cdfe2c941bp-643,0x1.30881583f7a5dp-530,3.38450115080900100e-160
1,106,0x1.075074cbf698ap-536,0x1.1c4cdfe2c941bp-643,0x1.075074cbf698bp-536,4.57253222322358467e-162
1,107,0x1.c3499c186f9bbp-543,0x1.1c4cdfe2c941bp-643,0x1.c3499c186f9bcp-543,6.12245681027554711e-164
1,108,0x1.7f4de68cfe4cdp-549,0x1.1c4cdfe2c941bp-643,0x1.7f4de68cfe4cep-549,8.12523827273598322e-166
1,109,0x1.42b530835d21dp-555,0x1.1c4cdfe2c941bp-643,0x1.42b530835d21ep-555,1.06886256133375304e-167
1,110,0x1.0d5459b5e4c62p-561,0x1.1c4cdfe2c941bp-643,0x1.0d5459b5e4c63p-561,1.39385110000770525e-169
1,111,0x1.bdafde54faecbp-568,0x1.1c4cdfe2c941bp-643,0x1.bdafde54faeccp-568,1.80199030774973448e-171
1,112,0x1.6d9c878f5abcep-574,0x1.1c4cdfe2c941bp-643,0x1.6d9c878f5abcfp-574,2.30973579081568108e-173
1,113,0x1.2961dcaf1eb18p-580,0x1.1c4cdfe2c941bp-643,0x1.2961dcaf1eb19p-580,2.93546986999825193e-175
1,114,0x1.dfb541a09a423p-587,0x1.1c4cdfe2c941bp-643,0x1.dfb541a09a424p-587,3.69938533541783699e-177
1,115,0x1.7fafa9a1679eap-593,0x1.1c4cdfe2c941bp-643,0x1.7fafa9a1679efp-593,4.62326476111155786e-179
1,116,0x1.30597dc883bbcp-599,0x1.1c4cdfe2c941bp-643,0x1.30597dc883cd9p-599,5.73014131292326102e-181
1,117,0x1.dee1265141fadp-606,0x1.1c4cdfe2c941bp-643,0x1.dee126514add4p-606,7.04383055530454400e-183
1,118,0x1.75af6abeb631cp-612,0x1.1c4cdfe2c941bp-643,0x1.75af6ac0eecb8p-612,8.58832780299315349e-185
1,119,0x1.213f7fa007eap-618,0x1.1c4cdfe2c941bp-643,0x1.213f802e2e5ap-618,1.03870722761725175e-186
1,120,0x1.bc33084f2544p-625,0x1.1c4cdfe2c941bp-643,0x1.bc334f625d3ccp-625,1.24621139895442248e-188
1,121,0x1.525f0d136b62cp-631,0x1.1c4cdfe2c941bp-643,0x1.5270d1e1698f6p-631,1.48359499174773574e-190
1,122,0x1.ff40fb4b22646p-638,0x1.1c4cdfe2c941bp-643,0x1.0411b1251c574p-637,1.78131845337840400e-192
1,123,0x1.76a8c7c9a00bp-644,0x1.1c4cdfe2c941bp-643,0x1.d7a143c799473p-643,5.04747516029896019e-194
1,124,0x0p+0,0x1.1c4cdfe2c941bp-643,0x1.1c4cdfe2c941bp-643,3.04263689569423346e-194
1,125,0x0p+0,0x1.1c4cdfe2c941bp-643,0x1.1c4cdfe2c941bp-643,3.04263689569423346e-194
1,126,0x0p+0,0x1.1c4cdfe2c941bp-643,0x1.1c4cdfe2c941bp-643,3.04263689569423346e-194
1,127,0x0p+0,0x1.1c4cdfe2c941bp-643,0x1.1c4cdfe2c941bp-643,3.04263689569423346e-194
1,128,0x0p+0,0x1.1c4cdfe2c941bp-643,0x1.1c4cdfe2c941bp-643,3.04263689569423346e-194
1,129,0x0p+0,0x1.1c4cdfe2c941bp-643,0x1.1c4cdfe2c941bp-643,3.04263689569423346e-194
1,130,0x0p+0,0x1.1c4cdfe2c941bp-643,0x1.1c4cdfe2c941bp-643,3.04263689569423346e-194
1,131,0x0p+0,0x1.1c4cdfe2c941bp-643,0x1.1c4cdfe2c941bp-643,3.04263689569423346e-194
1,132,0x0p+0,0x1.1c4cdfe2c941bp-643,0x1.1c4cdfe2c941bp-643,3.04263689569423346e-194
1,133,0x0p+0,0x1.1c4cdfe2c941bp-643,0x1.1c4cdfe2c941bp-643,3.04263689569423346e-194
1,134,0x0p+0,0x1.1c4cdfe2c941bp-643,0x1.1c4cdfe2c941bp-643,3.04263689569423346e-194
1,135,0x0p+0,0x1.1c4cdfe2c941bp-643,0x1.1c4cdfe2c941bp-643,3.04263689569423346e-194
1,136,0x0p+0,0x1.1c4cdfe2c941bp-643,0x1.1c4cdfe2c941bp-643,3.04263689569423346e-194
1,137,0x0p+0,0x1.1c4cdfe2c941bp-643,0x1.1c4cdfe2c941bp-643,3.04263689569423346e-194
1,138,0x0p+0,0x1.1c4cdfe2c941bp-643,0x1.1c4cdfe2c941bp-643,3.04263689569423346e-194
1,139,0x0p+0,0x1.1c4cdfe2c941bp-643,0x1.1c4cdfe2c941bp-643,3.04263689569423346e-194
1,140,0x0p+0,0x1.1c4cdfe2c941bp-643,0x1.1c4cdfe2c941bp-643,3.04263689569423346e-194
1,141,0x0p+0,0x1.1c4cdfe2c941bp-643,0x1.1c4cdfe2c941bp-643,3.04263689569423346e-194
1,142,0x0p+0,0x1.1c4cdfe2c941bp-643,0x1.1c4cdfe2c941bp-643,3.04263689569423346e-194
1,143,0x0p+0,0x1.1c4cdfe2c941bp-643,0x1.1c4cdfe2c941bp-643,3.04263689569423346e-194
1,144,0x0p+0,0x1.1c4cdfe2c941bp-643,0x1.1c4cdfe2c941bp-643,3.04263689569423346e-194
1,145,0x0p+0,0x1.1c4cdfe2c941bp-643,0x1.1c4cdfe2c941bp-643,3.04263689569423346e-194
1,146,0x0p+0,0x1.1c4cdfe2c941bp-643,0x1.1c4cdfe2c941bp-643,3.04263689569423346e-194
1,147,0x0p+0,0x1.1c4cdfe2c941bp-643,0x1.1c4cdfe2c941bp-643,3.04263689569423346e-194
1,148,0x0p+0,0x1.1c4cdfe2c941bp-643,0x1.1c4cdfe2c941bp-643,3.04263689569423346e-194
1,149,0x0p+0,0x1.1c4cdfe2c941bp-643,0x1.1c4cdfe2c941bp-643,3.04263689569423346e-194
1,150,0x0p+0,0x1.1c4cdfe2c941bp-643,0x1.1c4cdfe2c941bp-643,3.04263689569423346e-194
1,151,0x0p+0,0x1.1c4cdfe2c941bp-643,0x1.1c4cdfe2c941bp-643,3.04263689569423346e-194
1,152,0x0p+0,0x1.1c4cdfe2c941bp-643,0x1.1c4cdfe2c941bp-643,3.04263689569423346e-194
1,153,0x0p+0,0x1.1c4cdfe2c941bp-643,0x1.1c4cdfe2c941bp-643,3.04263689569423346e-194
1,154,0x0p+0,0x1.1c4cdfe2c941bp-643,0x1.1c4cdfe2c941bp-643,3.04263689569423346e-194
1,155,0x0p+0,0x1.1c4cdfe2c941bp-643,0x1.1c4cdfe2c941bp-643,3.04263689569423346e-194
1,156,0x0p+0,0x1.1c4cdfe2c941bp-643,0x1.1c4cdfe2c941bp-643,3.04263689569423346e-194
1,157,0x0p+0,0x1.1c4cdfe2c941bp-643,0x1.1c4cdfe2c941bp-643,3.04263689569423346e-194
1,158,0x0p+0,0x1.1c4cdfe2c941bp-643,0x1.1c4cdfe2c941bp-643,3.04263689569423346e-194
1,159,0x0p+0,0x1.1c4cdfe2c941bp-643,0x1.1c4cdfe2c941bp-643,3.04263689569423346e-194
1,160,0x0p+0,0x1.1c4cdfe2c941bp-643,0x1.1c4cdfe2c941bp-643,3.04263689569423346e-194
1,161,0x0p+0,0x1.1c4cdfe2c941bp-643,0x1.1c4cdfe2c941bp-643,3.04263689569423346e-194
1,162,0x0p+0,0x1.1c4cdfe2c941bp-643,0x1.1c4cdfe2c941bp-643,3.04263689569423346e-194
1,163,0x0p+0,0x1.1c4cdfe2c941bp-643,0x1.1c4cdfe2c941bp-643,3.04263689569423346e-194
1,164,0x0p+0,0x1.1c4cdfe2c941bp-643,0x1.1c4cdfe2c941bp-643,3.04263689569423346e-194
1,165,0x0p+0,0x1.1c4cdfe2c941bp-643,0x1.1c4cdfe2c941bp-643,3.04263689569423346e-194
1,166,0x0p+0,0x1.1c4cdfe2c941bp-643,0x1.1c4cdfe2c941bp-643,3.04263689569423346e-194
1,167,0x0p+0,0x1.1c4cdfe2c941bp-643,0x1.1c4cdfe2c941bp-643,3.04263689569423346e-194
1,168,0x0p+0,0x1.1c4cdfe2c941bp-643,0x1.1c4cdfe2c941bp-643,3.04263689569423346e-194
1,169,0x0p+0,0x1.1c4cdfe2c941bp-643,0x1.1c4cdfe2c941bp-643,3.04263689569423346e-194
1,170,0x0p+0,0x1.1c4cdfe2c941bp-643,0x1.1c4cdfe2c941bp-643,3.04263689569423346e-194
1,171,0x0p+0,0x1.1c4cdfe2c941bp-643,0x1.1c4cdfe2c941bp-643,3.04263689569423346e-194
1,172,0x0p+0,0x1.1c4cdfe2c941bp-643,0x1.1c4cdfe2c941bp-643,3.04263689569423346e-194
1,173,0x0p+0,0x1.1c4cdfe2c941bp-643,0x1.1c4cdfe2c941bp-643,3.04263689569423346e-194
1,174,0x0p+0,0x1.1c4cdfe2c941bp-643,0x1.1c4cdfe2c941bp-643,3.04263689569423346e-194
1,175,0x0p+0,0x1.1c4cdfe2c941bp-643,0x1.1c4cdfe2c941bp-643,3.04263689569423346e-194
1,176,0x0p+0,0x1.1c4cdfe2c941bp-643,0x1.1c4cdfe2c941bp-643,3.04263689569423346e-194
1,177,0x0p+0,0x1.1c4cdfe2c941bp-643,0x1.1c4cdfe2c941bp-643,3.04263689569423346e-194
1,178,0x0p+0,0x1.1c4cdfe2c941bp-643,0x1.1c4cdfe2c941bp-643,3.04263689569423346e-194
1,179,0x0p+0,0x1.1c4cdfe2c941bp-643,0x1.1c4cdfe2c941bp-643,3.04263689569423346e-194
1,180,0x0p+0,0x1.1c4cdfe2c941bp-643,0x1.1c4cdfe2c941bp-643,3.04263689569423346e-194
1,181,0x0p+0,0x1.1c4cdfe2c941bp-643,0x1.1c4cdfe2c941bp-643,3.04263689569423346e-194
1,182,0x0p+0,0x1.1c4cdfe2c941bp-643,0x1.1c4cdfe2c941bp-643,3.04263689569423346e-194
1,183,0x0p+0,0x1.1c4cdfe2c941bp-643,0x1.1c4cdfe2c941bp-643,3.04263689569423346e-194
1,184,0x0p+0,0x1.1c4cdfe2c941bp-643,0x1.1c4cdfe2c941bp-643,3.04263689569423346e-194
1,185,0x0p+0,0x1.1c4cdfe2c941bp-643,0x1.1c4cdfe2c941bp-643,3.04263689569423346e-194
1,186,0x0p+0,0x1.1c4cdfe2c941bp-643,0x1.1c4cdfe2c941bp-643,3.04263689569423346e-194
1,187,0x0p+0,0x1.1c4cdfe2c941bp-643,0x1.1c4cdfe2c941bp-643,3.04263689569423346e-194
1,188,0x0p+0,0x1.1c4cdfe2c941bp-643,0x1.1c4cdfe2c941bp-643,3.04263689569423346e-194
1,189,0x0p+0,0x1.1c4cdfe2c941bp-643,0x1.1c4cdfe2c941bp-643,3.04263689569423346e-194
1,190,0x0p+0,0x1.1c4cdfe2c941bp-643,0x1.1c4cdfe2c941bp-643,3.04263689569423346e-194
1,191,0x0p+0,0x1.1c4cdfe2c941bp-643,0x1.1c4cdfe2c941bp-643,3.04263689569423346e-194
1,192,0x0p+0,0x1.1c4cdfe2c941bp-643,0x1.1c4cdfe2c941bp-643,3.04263689569423346e-194
1,193,0x0p+0,0x1.1c4cdfe2c941bp-643,0x1.1c4cdfe2c941bp-643,3.04263689569423346e-194
1,194,0x0p+0,0x1.1c4cdfe2c941bp-643,0x1.1c4cdfe2c941bp-643,3.04263689569423346e-194
1,195,0x0p+0,0x1.1c4cdfe2c941bp-643,0x1.1c4cdfe2c941bp-643,3.04263689569423346e-194
1,196,0x0p+0,0x1.1c4cdfe2c941bp-643,0x1.1c4cdfe2c941bp-643,3.04263689569423346e-194
1,197,0x0p+0,0x1.1c4cdfe2c941bp-643,0x1.1c4cdfe2c941bp-643,3.04263689569423346e-194
1,198,0x0p+0,0x1.1c4cdfe2c941bp-643,0x1.1c4cdfe2c941bp-643,3.04263689569423346e-194
1,199,0x0p+0,0x1.1c4cdfe2c941bp-643,0x1.1c4cdfe2c941bp-643,3.04263689569423346e-194
1,200,0x0p+0,0x1.1c4cdfe2c941bp-643,0x1.1c4cdfe2c941bp-643,3.04263689569423346e-194
1,201,0x0p+0,0x1.1c4cdfe2c941bp-643,0x1.1c4cdfe2c941bp-643,3.04263689569423346e-194
1,202,0x0p+0,0x1.1c4cdfe2c941bp-643,0x1.1c4cdfe2c941bp-643,3.04263689569423346e-194
1,203,0x0p+0,0x1.1c4cdfe2c941bp-643,0x1.1c4cdfe2c941bp-643,3.04263689569423346e-194
1,204,0x0p+0,0x1.1c4cdfe2c941bp-643,0x1.1c4cdfe2c941bp-643,3.04263689569423346e-194
1,205,0x0p+0,0x1.1c4cdfe2c941bp-643,0x1.1c4cdfe2c941bp-643,3.04263689569423346e-194
1,206,0x0p+0,0x1.1c4cdfe2c941bp-643,0x1.1c4cdfe2c941bp-643,3.04263689569423346e-194
1,207,0x0p+0,0x1.1c4cdfe2c941bp-643,0x1.1c4cdfe2c941bp-643,3.04263689569423346e-194
1,208,0x0p+0,0x1.1c4cdfe2c941bp-643,0x1.1c4cdfe2c941bp-643,3.04263689569423346e-194
1,209,0x0p+0,0x1.1c4cdfe2c941bp-643,0x1.1c4cdfe2c941bp-643,3.04263689569423346e-194
1,210,0x0p+0,0x1.1c4cdfe2c941bp-643,0x1.1c4cdfe2c941bp-643,3.04263689569423346e-194
1,211,0x0p+0,0x1.1c4cdfe2c941bp-643,0x1.1c4cdfe2c941bp-643,3.04263689569423346e-194
1,212,0x0p+0,0x1.1c4cdfe2c941bp-643,0x1.1c4cdfe2c941bp-643,3.04263689569423346e-194
1,213,0x0p+0,0x1.1c4cdfe2c941bp-643,0x1.1c4cdfe2c941bp-643,3.04263689569423346e-194
1,214,0x0p+0,0x1.1c4cdfe2c941bp-643,0x1.1c4cdfe2c941bp-643,3.04263689569423346e-194
1,215,0x0p+0,0x1.1c4cdfe2c941bp-643,0x1.1c4cdfe2c941bp-643,3.04263689569423346e-194
1,216,0x0p+0,0x1.1c4cdfe2c941bp-643,0x1.1c4cdfe2c941bp-643,3.04263689569423346e-194
1,217,0x0p+0,0x1.1c4cdfe2c941bp-643,0x1.1c4cdfe2c941bp-643,3.04263689569423346e-194
1,218,0x0p+0,0x1.1c4cdfe2c941bp-643,0x1.1c4cdfe2c941bp-643,3.04263689569423346e-194
1,219,0x0p+0,0x1.1c4cdfe2c941bp-643,0x1.1c4cdfe2c941bp-643,3.04263689569423346e-194
1,220,0x0p+0,0x1.1c4cdfe2c941bp-643,0x1.1c4cdfe2c941bp-643,3.04263689569423346e-194
1,221,0x0p+0,0x1.1c4cdfe2c941bp-643,0x1.1c4cdfe2c941bp-643,3.04263689569423346e-194
1,222,0x0p+0,0x1.1c4cdfe2c941bp-643,0x1.1c4cdfe2c941bp-643,3.04263689569423346e-194
1,223,0x0p+0,0x1.1c4cdfe2c941bp-643,0x1.1c4cdfe2c941bp-643,3.04263689569423346e-194
1,224,0x0p+0,0x1.1c4cdfe2c941bp-643,0x1.1c4cdfe2c941bp-643,3.04263689569423346e-194
1,225,0x0p+0,0x1.1c4cdfe2c941bp-643,0x1.1c4cdfe2c941bp-643,3.04263689569423346e-194
1,226,0x0p+0,0x1.1c4cdfe2c941bp-643,0x1.1c4cdfe2c941bp-643,3.04263689569423346e-194
1,227,0x0p+0,0x1.1c4cdfe2c941bp-643,0x1.1c4cdfe2c941bp-643,3.04263689569423346e-194
1,228,0x0p+0,0x1.1c4cdfe2c941bp-643,0x1.1c4cdfe2c941bp-643,3.04263689569423346e-194
1,229,0x0p+0,0x1.1c4cdfe2c941bp-643,0x1.1c4cdfe2c941bp-643,3.04263689569423346e-194
1,230,0x0p+0,0x1.1c4cdfe2c941bp-643,0x1.1c4cdfe2c941bp-643,3.04263689569423346e-194
1,231,0x0p+0,0x1.1c4cdfe2c941bp-643,0x1.1c4cdfe2c941bp-643,3.04263689569423346e-194
1,232,0x0p+0,0x1.1c4cdfe2c941bp-643,0x1.1c4cdfe2c941bp-643,3.04263689569423346e-194
1,233,0x0p+0,0x1.1c4cdfe2c941bp-643,0x1.1c4cdfe2c941bp-643,3.04263689569423346e-194
1,234,0x0p+0,0x1.1c4cdfe2c941bp-643,0x1.1c4cdfe2c941bp-643,3.04263689569423346e-194
1,235,0x0p+0,0x1.1c4cdfe2c941bp-643,0x1.1c4cdfe2c941bp-643,3.04263689569423346e-194
1,236,0x0p+0,0x1.1c4cdfe2c941bp-643,0x1.1c4cdfe2c941bp-643,3.04263689569423346e-194
1,237,0x0p+0,0x1.1c4cdfe2c941bp-643,0x1.1c4cdfe2c941bp-643,3.04263689569423346e-194
1,238,0x0p+0,0x1.1c4cdfe2c941bp-643,0x1.1c4cdfe2c941bp-643,3.04263689569423346e-194
1,239,0x0p+0,0x1.1c4cdfe2c941bp-643,0x1.1c4cdfe2c941bp-643,3.04263689569423346e-194
1,240,0x0p+0,0x1.1c4cdfe2c941bp-643,0x1.1c4cdfe2c941bp-643,3.04263689569423346e-194
1,241,0x0p+0,0x1.1c4cdfe2c941bp-643,0x1.1c4cdfe2c941bp-643,3.04263689569423346e-194
1,242,0x0p+0,0x1.1c4cdfe2c941bp-643,0x1.1c4cdfe2c941bp-643,3.04263689569423346e-194
1,243,0x0p+0,0x1.1c4cdfe2c941bp-643,0x1.1c4cdfe2c941bp-643,3.04263689569423346e-194
1,244,0x0p+0,0x1.1c4cdfe2c941bp-643,0x1.1c4cdfe2c941bp-643,3.04263689569423346e-194
1,245,0x0p+0,0x1.1c4cdfe2c941bp-643,0x1.1c4cdfe2c941bp-643,3.04263689569423346e-194
1,246,0x0p+0,0x1.1c4cdfe2c941bp-643,0x1.1c4cdfe2c941bp-643,3.04263689569423346e-194
1,247,0x0p+0,0x1.1c4cdfe2c941bp-643,0x1.1c4cdfe2c941bp-643,3.04263689569423346e-194
1,248,0x0p+0,0x1.1c4cdfe2c941bp-643,0x1.1c4cdfe2c941bp-643,3.04263689569423346e-194
1,249,0x0p+0,0x1.1c4cdfe2c941bp-643,0x1.1c4cdfe2c941bp-643,3.04263689569423346e-194
1,250,0x0p+0,0x1.1c4cdfe2c941bp-643,0x1.1c4cdfe2c941bp-643,3.04263689569423346e-194
1,251,0x0p+0,0x1.1c4cdfe2c941bp-643,0x1.1c4cdfe2c941bp-643,3.04263689569423346e-194
1,252,0x0p+0,0x1.1c4cdfe2c941bp-643,0x1.1c4cdfe2c941bp-643,3.04263689569423346e-194
1,253,0x0p+0,0x1.1c4cdfe2c941bp-643,0x1.1c4cdfe2c941bp-643,3.04263689569423346e-194
1,254,0x0p+0,0x1.1c4cdfe2c941bp-643,0x1.1c4cdfe2c941bp-643,3.04263689569423346e-194
1,255,0x0p+0,0x1.1c4cdfe2c941bp-643,0x1.1c4cdfe2c941bp-643,3.04263689569423346e-194
1,256,0x0p+0,0x1.1c4cdfe2c941bp-643,0x1.1c4cdfe2c941bp-643,3.04263689569423346e-194
1,257,0x0p+0,0x1.1c4cdfe2c941bp-643,0x1.1c4cdfe2c941bp-643,3.04263689569423346e-194
1,258,0x0p+0,0x1.1c4cdfe2c941bp-643,0x1.1c4cdfe2c941bp-643,3.04263689569423346e-194
1,259,0x0p+0,0x1.1c4cdfe2c941bp-643,0x1.1c4cdfe2c941bp-643,3.04263689569423346e-194
1,260,0x0p+0,0x1.1c4cdfe2c941bp-643,0x1.1c4cdfe2c941bp-643,3.04263689569423346e-194
1,261,0x0p+0,0x1.1c4cdfe2c941bp-643,0x1.1c4cdfe2c941bp-643,3.04263689569423346e-194
1,262,0x0p+0,0x1.1c4cdfe2c941bp-643,0x1.1c4cdfe2c941bp-643,3.04263689569423346e-194
1,263,0x0p+0,0x1.1c4cdfe2c941bp-643,0x1.1c4cdfe2c941bp-643,3.04263689569423346e-194
1,264,0x0p+0,0x1.1c4cdfe2c941bp-643,0x1.1c4cdfe2c941bp-643,3.04263689569423346e-194
1,265,0x0p+0,0x1.1c4cdfe2c941bp-643,0x1.1c4cdfe2c941bp-643,3.04263689569423346e-194
1,266,0x0p+0,0x1.1c4cdfe2c941bp-643,0x1.1c4cdfe2c941bp-643,3.04263689569423346e-194
1,267,0x0p+0,0x1.1c4cdfe2c941bp-643,0x1.1c4cdfe2c941bp-643,3.04263689569423346e-194
1,268,0x0p+0,0x1.1c4cdfe2c941bp-643,0x1.1c4cdfe2c941bp-643,3.04263689569423346e-194
1,269,0x0p+0,0x1.1c4cdfe2c941bp-643,0x1.1c4cdfe2c941bp-643,3.04263689569423346e-194
1,270,0x0p+0,0x1.1c4cdfe2c941bp-643,0x1.1c4cdfe2c941bp-643,3.04263689569423346e-194
1,271,0x0p+0,0x1.1c4cdfe2c941bp-643,0x1.1c4cdfe2c941bp-643,3.04263689569423346e-194
1,272,0x0p+0,0x1.1c4cdfe2c941bp-643,0x1.1c4cdfe2c941bp-643,3.04263689569423346e-194
1,273,0x0p+0,0x1.1c4cdfe2c941bp-643,0x1.1c4cdfe2c941bp-643,3.04263689569423346e-194
1,274,0x0p+0,0x1.1c4cdfe2c941bp-643,0x1.1c4cdfe2c941bp-643,3.04263689569423346e-194
1,275,0x0p+0,0x1.1c4cdfe2c941bp-643,0x1.1c4cdfe2c941bp-643,3.04263689569423346e-194
1,276,0x0p+0,0x1.1c4cdfe2c941bp-643,0x1.1c4cdfe2c941bp-643,3.04263689569423346e-194
1,277,0x0p+0,0x1.1c4cdfe2c941bp-643,0x1.1c4cdfe2c941bp-643,3.04263689569423346e-194
1,278,0x0p+0,0x1.1c4cdfe2c941bp-643,0x1.1c4cdfe2c941bp-643,3.04263689569423346e-194
1,279,0x0p+0,0x1.1c4cdfe2c941bp-643,0x1.1c4cdfe2c941bp-643,3.04263689569423346e-194
1,280,0x0p+0,0x1.1c4cdfe2c941bp-643,0x1.1c4cdfe2c941bp-643,3.04263689569423346e-194
2,0,0x1.a180a3f99c06p-5,0x1.addcc8a3c69bep-642,0x1.a180a3f99c061p-5,5.09646608960572304e-02
2,1,0x1.98528226c569bp-7,0x1.addcc8a3c69bep-642,0x1.98528226c569cp-7,1.24610076432348158e-02
2,2,0x1.63fe84c0fefc7p-9,0x1.addcc8a3c69bep-642,0x1.63fe84c0fefc8p-9,2.71602030306714385e-03
2,3,0x1.1ade32efee221p-11,0x1.addcc8a3c69bep-642,0x1.1ade32efee222p-11,5.39527825814071572e-04
2,4,0x1.a267de81a713ep-14,0x1.addcc8a3c69bep-642,0x1.a267de81a713fp-14,9.97557017634086375e-05
2,5,0x1.25b70afe15843p-16,0x1.addcc8a3c69bep-642,0x1.25b70afe15844p-16,1.75067789246130063e-05
2,6,0x1.8e0b647c70abp-19,0x1.addcc8a3c69bep-642,0x1.8e0b647c70ab1p-19,2.96566264365699005e-06
2,7,0x1.07993452da5e4p-21,0x1.addcc8a3c69bep-642,0x1.07993452da5e5p-21,4.90990382890133148e-07
2,8,0x1.579e25b37548cp-24,0x1.addcc8a3c69bep-642,0x1.579e25b37548dp-24,8.00047448770455400e-08
2,9,0x1.b9d00bb898284p-27,0x1.addcc8a3c69bep-642,0x1.b9d00bb898285p-27,1.28584412988671465e-08
2,10,0x1.17e1b77a0621ap-29,0x1.addcc8a3c69bep-642,0x1.17e1b77a0621bp-29,2.03640742897982071e-09
2,11,0x1.5cab998ede995p-32,0x1.addcc8a3c69bep-642,0x1.5cab998ede996p-32,3.17113801302561131e-10
2,12,0x1.aa47e4e47e051p-35,0x1.addcc8a3c69bep-642,0x1.aa47e4e47e052p-35,4.84625202685841238e-11
2,13,0x1.fee2178e06acbp-38,0x1.addcc8a3c69bep-642,0x1.fee2178e06accp-38,7.26008653256204319e-12
2,14,0x1.2bfa9d227c6ccp-40,0x1.addcc8a3c69bep-642,0x1.2bfa9d227c6cdp-40,1.06573935520305945e-12
2,15,0x1.59369984be567p-43,0x1.addcc8a3c69bep-642,0x1.59369984be568p-43,1.53305492747993174e-13
2,16,0x1.855ec7315e272p-46,0x1.addcc8a3c69bep-642,0x1.855ec7315e273p-46,2.16143895527028259e-14
2,17,0x1.ae7bb10ce3245p-49,0x1.addcc8a3c69bep-642,0x1.ae7bb10ce3246p-49,2.98707704629451065e-15
2,18,0x1.d27776588fb04p-52,0x1.addcc8a3c69bep-642,0x1.d27776588fb05p-52,4.04595323880996676e-16
2,19,0x1.ef3eda93c36cbp-55,0x1.addcc8a3c69bep-642,0x1.ef3eda93c36ccp-55,5.36946271650428763e-17
2,20,0x1.0178843c5ae83p-57,0x1.addcc8a3c69bep-642,0x1.0178843c5ae84p-57,6.97875914385754229e-18
2,21,0x1.060bc69c3e39ap-60,0x1.addcc8a3c69bep-642,0x1.060bc69c3e39bp-60,8.87846380423432683e-19
2,22,0x1.04ed943c57222p-63,0x1.addcc8a3c69bep-642,0x1.04ed943c57223p-63,1.10507324704197413e-19
2,23,0x1.fc29011fe8ba2p-67,0x1.addcc8a3c69bep-642,0x1.fc29011fe8ba3p-67,1.34508877925418045e-20
2,24,0x1.e3becbb5a25bp-70,0x1.addcc8a3c69bep-642,0x1.e3becbb5a25b1p-70,1.60057892059787716e-21
2,25,0x1.c21a31f53c14ap-73,0x1.addcc8a3c69bep-642,0x1.c21a31f53c14bp-73,1.86157958368889160e-22
2,26,0x1.994e5203e0606p-76,0x1.addcc8a3c69bep-642,0x1.994e5203e0607p-76,2.11606210814817514e-23
2,27,0x1.6bc7829dfedf1p-79,0x1.addcc8a3c69bep-642,0x1.6bc7829dfedf2p-79,2.35086886450394756e-24
2,28,0x1.3c08673fb45c4p-82,0x1.addcc8a3c69bep-642,0x1.3c08673fb45c5p-82,2.55289283344284017e-25
2,29,0x1.0c6b6739292b5p-85,0x1.addcc8a3c69bep-642,0x1.0c6b6739292b6p-85,2.71034475917824907e-26
2,30,0x1.bde28badc249dp-89,0x1.addcc8a3c69bep-642,0x1.bde28badc249ep-89,2.81392960330388758e-27
2,31,0x1.6a43c9949e0eep-92,0x1.addcc8a3c69bep-642,0x1.6a43c9949e0efp-92,2.85776533817494513e-28
2,32,0x1.2000820ac00ebp-95,0x1.addcc8a3c69bep-642,0x1.2000820ac00ecp-95,2.83991882534005461e-29
2,33,0x1.c03d9ac71c74p-99,0x1.addcc8a3c69bep-642,0x1.c03d9ac71c741p-99,2.76249624508842225e-30
2,34,0x1.558fce4188a5bp-102,0x1.addcc8a3c69bep-642,0x1.558fce4188a5cp-102,2.63129593913894249e-31
2,35,0x1.fde746d74e1d3p-106,0x1.addcc8a3c69bep-642,0x1.fde746d74e1d4p-106,2.45509568593072474e-32
2,36,0x1.74f6aeac00518p-109,0x1.addcc8a3c69bep-642,0x1.74f6aeac00519p-109,2.24469303363495927e-33
2,37,0x1.0b6b5cbde9073p-112,0x1.addcc8a3c69bep-642,0x1.0b6b5cbde9074p-112,2.01183984031434159e-34
2,38,0x1.780e7d7af522p-116,0x1.addcc8a3c69bep-642,0x1.780e7d7af5221p-116,1.76820964579617995e-35
2,39,0x1.0361e70180022p-119,0x1.addcc8a3c69bep-642,0x1.0361e70180023p-119,1.52451291241868881e-36
2,40,0x1.5f209414a1315p-123,0x1.addcc8a3c69bep-642,0x1.5f209414a1316p-123,1.28983784374281887e-37
2,41,0x1.d298973af474dp-127,0x1.addcc8a3c69bep-642,0x1.d298973af474ep-127,1.07125201135611268e-38
2,42,0x1.306d1a588ecfap-130,0x1.addcc8a3c69bep-642,0x1.306d1a588ecfbp-130,8.73660299465246099e-40
2,43,0x1.8632b76338636p-134,0x1.addcc8a3c69bep-642,0x1.8632b76338637p-134,6.99883537161972581e-41
2,44,0x1.eb6befc540c88p-138,0x1.addcc8a3c69bep-642,0x1.eb6befc540c89p-138,5.50902697401972780e-42
2,45,0x1.30269ba267e6ap-141,0x1.addcc8a3c69bep-642,0x1.30269ba267e6bp-141,4.26206066188553787e-43
2,46,0x1.7225cbb163a96p-145,0x1.addcc8a3c69bep-642,0x1.7225cbb163a97p-145,3.24179574128118410e-44
2,47,0x1.bb00185753b0cp-149,0x1.addcc8a3c69bep-642,0x1.bb00185753b0dp-149,2.42490523500235435e-45
2,48,0x1.04c62793c0ca8p-152,0x1.addcc8a3c69bep-642,0x1.04c62793c0ca9p-152,1.78428839721170500e-46
2,49,0x1.2e15f205d97a3p-156,0x1.addcc8a3c69bep-642,0x1.2e15f205d97a4p-156,1.29184650101257319e-47
2,50,0x1.586a576cccb56p-160,0x1.addcc8a3c69bep-642,0x1.586a576cccb57p-160,9.20541317376575529e-49
2,51,0x1.82921cc9308dbp-164,0x1.addcc8a3c69bep-642,0x1.82921cc9308dcp-164,6.45757914499347711e-50
2,52,0x1.ab3ded9431b42p-168,0x1.addcc8a3c69bep-642,0x1.ab3ded9431b43p-168,4.46061363336475974e-51
2,53,0x1.d111eda6ee9eep-172,0x1.addcc8a3c69bep-642,0x1.d111eda6ee9efp-172,3.03472356121939357e-52
2,54,0x1.f2b97fce2d724p-176,0x1.addcc8a3c69bep-642,0x1.f2b97fce2d725p-176,2.03395618904851881e-53
2,55,0x1.077dd2180c0a5p-179,0x1.addcc8a3c69bep-642,0x1.077dd2180c0a6p-179,1.34325170124220817e-54
2,56,0x1.12671890f6e9bp-183,0x1.addcc8a3c69bep-642,0x1.12671890f6e9cp-183,8.74297502793593258e-56
2,57,0x1.19b31d2d84875p-187,0x1.addcc8a3c69bep-642,0x1.19b31d2d84876p-187,5.60966820045086041e-57
2,58,0x1.1d221e042ef15p-191,0x1.addcc8a3c69bep-642,0x1.1d221e042ef16p-191,3.54877739725807688e-58
2,59,0x1.1c9d847082019p-195,0x1.addcc8a3c69bep-642,0x1.1c9d84708201ap-195,2.21395671672730080e-59
2,60,0x1.18387f35dfe97p-199,0x1.addcc8a3c69bep-642,0x1.18387f35dfe98p-199,1.36235753261516384e-60
2,61,0x1.102dc8321bd91p-203,0x1.addcc8a3c69bep-642,0x1.102dc8321bd92p-203,8.27037624367389534e-62
2,62,0x1.04dae120f189cp-207,0x1.addcc8a3c69bep-642,0x1.04dae120f189dp-207,4.95393260479219083e-63
2,63,0x1.ed7294e136bf6p-212,0x1.addcc8a3c69bep-642,0x1.ed7294e136bf7p-212,2.92847810311621865e-64
2,64,0x1.ccacbad1a9d93p-216,0x1.addcc8a3c69bep-642,0x1.ccacbad1a9d94p-216,1.70873752577927647e-65
2,65,0x1.a89509b5e8d77p-220,0x1.addcc8a3c69bep-642,0x1.a89509b5e8d78p-220,9.84289269614652411e-67
2,66,0x1.82611a0797ea2p-224,0x1.addcc8a3c69bep-642,0x1.82611a0797ea3p-224,5.59828315931650959e-68
2,67,0x1.5b3b5d2649ab9p-228,0x1.addcc8a3c69bep-642,0x1.5b3b5d2649abap-228,3.14442056267560745e-69
2,68,0x1.3435ac8b1b045p-232,0x1.addcc8a3c69bep-642,0x1.3435ac8b1b046p-232,1.74440487916091100e-70
2,69,0x1.0e3eff3cdd55ap-236,0x1.addcc8a3c69bep-642,0x1.0e3eff3cdd55bp-236,9.55961637492235715e-72
2,70,0x1.d4392f6739ae4p-241,0x1.addcc8a3c69bep-642,0x1.d4392f6739ae5p-241,5.17587971502868850e-73
2,71,0x1.90cd4d6742842p-245,0x1.addcc8a3c69bep-642,0x1.90cd4d6742843p-245,2.76911464312611948e-74
2,72,0x1.53102f0682071p-249,0x1.addcc8a3c69bep-642,0x1.53102f0682072p-249,1.46410354880149586e-75
2,73,0x1.1b82091b0e9fbp-253,0x1.addcc8a3c69bep-642,0x1.1b82091b0e9fcp-253,7.65132017300372282e-77
2,74,0x1.d4accd0b6bfc7p-258,0x1.addcc8a3c69bep-642,0x1.d4accd0b6bfc8p-258,3.95269172831428920e-78
2,75,0x1.7effa926f1c5ep-262,0x1.addcc8a3c69bep-642,0x1.7effa926f1c5fp-262,2.01882392090318413e-79
2,76,0x1.3579ec52443edp-266,0x1.addcc8a3c69bep-642,0x1.3579ec52443eep-266,1.01955000472981753e-80
2,77,0x1.ee975c5fe94c5p-271,0x1.addcc8a3c69bep-642,0x1.ee975c5fe94c6p-271,5.09187391896410527e-82
2,78,0x1.86e24739964d9p-275,0x1.addcc8a3c69bep-642,0x1.86e24739964dap-275,2.51512172809493170e-83
2,79,0x1.31926a986cbc9p-279,0x1.addcc8a3c69bep-642,0x1.31926a986cbcap-279,1.22886652641774957e-84
2,80,0x1.d8a229b375355p-284,0x1.addcc8a3c69bep-642,0x1.d8a229b375356p-284,5.93971654404850274e-86
2,81,0x1.69a2986dc91b3p-288,0x1.addcc8a3c69bep-642,0x1.69a2986dc91b4p-288,2.84048111142666386e-87
2,82,0x1.11cc5fa639ca1p-292,0x1.addcc8a3c69bep-642,0x1.11cc5fa639ca2p-292,1.34410161466794252e-88
2,83,0x1.9a48463daf4fp-297,0x1.addcc8a3c69bep-642,0x1.9a48463daf4f1p-297,6.29410707761239695e-90
2,84,0x1.303cee1e139b6p-301,0x1.addcc8a3c69bep-642,0x1.303cee1e139b7p-301,2.91705628682724730e-91
2,85,0x1.be9c37e0a7996p-306,0x1.addcc8a3c69bep-642,0x1.be9c37e0a7997p-306,1.33816610715541193e-92
2,86,0x1.447fbdc9bd8cdp-310,0x1.addcc8a3c69bep-642,0x1.447fbdc9bd8cep-310,6.07679698853406082e-94
2,87,0x1.d2d80146be06ep-315,0x1.addcc8a3c69bep-642,0x1.d2d80146be06fp-315,2.73201429611020069e-95
2,88,0x1.4c7efe0c8e234p-319,0x1.addcc8a3c69bep-642,0x1.4c7efe0c8e235p-319,1.21612418809922118e-96
2,89,0x1.d4fc967e6694fp-324,0x1.addcc8a3c69bep-642,0x1.d4fc967e6695p-324,5.36045852035270306e-98
2,90,0x1.478c4f4b04deep-328,0x1.addcc8a3c69bep-642,0x1.478c4f4b04defp-328,2.33989581935897709e-99
2,91,0x1.c5237115d39a5p-333,0x1.addcc8a3c69bep-642,0x1.c5237115d39a6p-333,1.01158501627627989e-100
2,92,0x1.36762fc6b89b2p-337,0x1.addcc8a3c69bep-642,0x1.36762fc6b89b3p-337,4.33171106316996794e-102
2,93,0x1.a5691df5549c7p-342,0x1.addcc8a3c69bep-642,0x1.a5691df5549c8p-342,1.83741385514551001e-103
2,94,0x1.1b56071a84329p-346,0x1.addcc8a3c69bep-642,0x1.1b56071a8432ap-346,7.72117442966364219e-105
2,95,0x1.797b11d3acc2cp-351,0x1.addcc8a3c69bep-642,0x1.797b11d3acc2dp-351,3.21459566911816901e-106
2,96,0x1.f24cf6036ab22p-356,0x1.addcc8a3c69bep-642,0x1.f24cf6036ab23p-356,1.32609004122577214e-107
2,97,0x1.45e90b2d79eebp-360,0x1.addcc8a3c69bep-642,0x1.45e90b2d79eecp-360,5.42075423042704316e-109
2,98,0x1.a67bfaf94d134p-365,0x1.addcc8a3c69bep-642,0x1.a67bfaf94d135p-365,2.19594870022490285e-110
2,99,0x1.0f65724ff9922p-369,0x1.addcc8a3c69bep-642,0x1.0f65724ff9923p-369,8.81648591527523973e-112
2,100,0x1.599959bcf61c2p-374,0x1.addcc8a3c69bep-642,0x1.599959bcf61c3p-374,3.50844090346674934e-113
2,101,0x1.b43c1c5b09ac2p-379,0x1.addcc8a3c69bep-642,0x1.b43c1c5b09ac3p-379,1.38392321160631225e-114
2,102,0x1.10edf7c430933p-383,0x1.addcc8a3c69bep-642,0x1.10edf7c430934p-383,5.41155745075546166e-116
2,103,0x1.52936b5c9fee4p-388,0x1.addcc8a3c69bep-642,0x1.52936b5c9fee5p-388,2.09786580197037718e-117
2,104,0x1.a06d438bae042p-393,0x1.addcc8a3c69bep-642,0x1.a06d438bae043p-393,8.06325552473148047e-119
2,105,0x1.fbd80bc6efc4fp-398,0x1.addcc8a3c69bep-642,0x1.fbd80bc6efc5p-398,3.07292546277794916e-120
2,106,0x1.3310e87ee3243p-402,0x1.addcc8a3c69bep-642,0x1.3310e87ee3244p-402,1.16127098952027069e-121
2,107,0x1.703e0f875cb88p-407,0x1.addcc8a3c69bep-642,0x1.703e0f875cb89p-407,4.35196727181939523e-123
2,108,0x1.b5f64223b80e1p-412,0x1.addcc8a3c69bep-642,0x1.b5f64223b80e2p-412,1.61747731574755372e-124
2,109,0x1.024f067302b4ap-416,0x1.addcc8a3c69bep-642,0x1.024f067302b4bp-416,5.96239657870518751e-126
2,110,0x1.2e39ace6e53a1p-421,0x1.addcc8a3c69bep-642,0x1.2e39ace6e53a2p-421,2.18003100163714722e-127
2,111,0x1.5ec29e817b02cp-426,0x1.addcc8a3c69bep-642,0x1.5ec29e817b02dp-426,7.90664480901894474e-129
2,112,0x1.93d63175eeecbp-431,0x1.addcc8a3c69bep-642,0x1.93d63175eeeccp-431,2.84470790424544264e-130
2,113,0x1.cd42495fc928dp-436,0x1.addcc8a3c69bep-642,0x1.cd42495fc928ep-436,1.01537558015587280e-131
2,114,0x1.0559ee34f27a6p-440,0x1.addcc8a3c69bep-642,0x1.0559ee34f27a7p-440,3.59572601543726552e-133
2,115,0x1.25dab93553ef4p-445,0x1.addcc8a3c69bep-642,0x1.25dab93553ef5p-445,1.26340952062364815e-134
2,116,0x1.47d76661255abp-450,0x1.addcc8a3c69bep-642,0x1.47d76661255acp-450,4.40479589602849618e-136
2,117,0x1.6af2ed6a7112ep-455,0x1.addcc8a3c69bep-642,0x1.6af2ed6a7112fp-455,1.52390373743459660e-137
2,118,0x1.8ec08861172cdp-460,0x1.addcc8a3c69bep-642,0x1.8ec08861172cep-460,5.23196694858212144e-139
2,119,0x1.b2c59296afa9bp-465,0x1.addcc8a3c69bep-642,0x1.b2c59296afa9cp-465,1.78267997594685253e-140
2,120,0x1.d67c1435a651bp-470,0x1.addcc8a3c69bep-642,0x1.d67c1435a651cp-470,6.02847635919847381e-142
2,121,0x1.f955ea31f1cabp-475,0x1.addcc8a3c69bep-642,0x1.f955ea31f1cacp-475,2.02344774346260729e-143
2,122,0x1.0d603885bed5ap-479,0x1.addcc8a3c69bep-642,0x1.0d603885bed5bp-479,6.74141075612021680e-145
2,123,0x1.1d1448518c7d5p-484,0x1.addcc8a3c69bep-642,0x1.1d1448518c7d6p-484,2.22950118810419932e-146
2,124,0x1.2b7f805c81867p-489,0x1.addcc8a3c69bep-642,0x1.2b7f805c81868p-489,7.31957992831846662e-148
2,125,0x1.385e4c8822232p-494,0x1.addcc8a3c69bep-642,0x1.385e4c8822233p-494,2.38566361839499959e-149
2,126,0x1.43733f016f6f6p-499,0x1.addcc8a3c69bep-642,0x1.43733f016f6f7p-499,7.71968528974942556e-151
2,127,0x1.4c88fd62f58e5p-504,0x1.addcc8a3c69bep-642,0x1.4c88fd62f58e6p-504,2.48016020299214327e-152
2,128,0x1.5373eedc4c7e5p-509,0x1.addcc8a3c69bep-642,0x1.5373eedc4c7e6p-509,7.91173474362640680e-154
2,129,0x1.5813985a5daf7p-514,0x1.addcc8a3c69bep-642,0x1.5813985a5daf8p-514,2.50609384651274625e-155
2,130,0x1.5a53978e6e389p-519,0x1.addcc8a3c69bep-642,0x1.5a53978e6e38ap-519,7.88275535526858610e-157
2,131,0x1.5a2c326b39707p-524,0x1.addcc8a3c69bep-642,0x1.5a2c326b39708p-524,2.46226647685778412e-158
2,132,0x1.57a275f2c1c89p-529,0x1.addcc8a3c69bep-642,0x1.57a275f2c1c8ap-529,7.63816840999627466e-160
2,133,0x1.52c7e4a7f7d3ep-534,0x1.addcc8a3c69bep-642,0x1.52c7e4a7f7d3fp-534,2.35321268808606978e-161
2,134,0x1.4bb9ba4e2aabep-539,0x1.addcc8a3c69bep-642,0x1.4bb9ba4e2aabfp-539,7.20064214284229092e-163
2,135,0x1.429fcf834126ap-544,0x1.addcc8a3c69bep-642,0x1.429fcf834126bp-544,2.18846404122426259e-164
2,136,0x1.37ab2be96d74bp-549,0x1.addcc8a3c69bep-642,0x1.37ab2be96d74cp-549,6.60671418965777244e-166
2,137,0x1.2b1458c92f7f7p-554,0x1.addcc8a3c69bep-642,0x1.2b1458c92f7f8p-554,1.98120334875335051e-167
2,138,0x1.1d19882f975adp-559,0x1.addcc8a3c69bep-642,0x1.1d19882f975aep-559,5.90186499851868928e-169
2,139,0x1.0dfca57dce7afp-564,0x1.addcc8a3c69bep-642,0x1.0dfca57dce7bp-564,1.74656668870986388e-170
2,140,0x1.fc02c852e654cp-570,0x1.addcc8a3c69bep-642,0x1.fc02c852e654dp-570,5.13494162235312806e-172
2,141,0x1.dad6c04f3ee87p-575,0x1.addcc8a3c69bep-642,0x1.dad6c04f3ee88p-575,1.49988786849861506e-173
2,142,0x1.b8f8c299b3b1dp-580,0x1.addcc8a3c69bep-642,0x1.b8f8c299b3b1ep-580,4.35284585041808261e-175
2,143,0x1.96e5a009fd281p-585,0x1.addcc8a3c69bep-642,0x1.96e5a009fd282p-585,1.25515404657836895e-176
2,144,0x1.7510ccc2818a5p-590,0x1.addcc8a3c69bep-642,0x1.7510ccc2818a7p-590,3.59623303678348314e-178
2,145,0x1.53e249a8ae5ep-595,0x1.addcc8a3c69bep-642,0x1.53e249a8ae616p-595,1.02386631283757320e-179
2,146,0x1.33b51c917db03p-600,0x1.addcc8a3c69bep-642,0x1.33b51c917e1bbp-600,2.89668100691003043e-181
2,147,0x1.14d6578057bb3p-605,0x1.addcc8a3c69bep-642,0x1.14d65780652a2p-605,8.14398978030451826e-183
2,148,0x1.ef09522a891a5p-611,0x1.addcc8a3c69bep-642,0x1.ef09522de4d3fp-611,2.27546325474761600e-184
2,149,0x1.b7e0d605c9ae4p-616,0x1.addcc8a3c69bep-642,0x1.b7e0d67140e07p-616,6.31851784131721850e-186
2,150,0x1.84783e939671cp-621,0x1.addcc8a3c69bep-642,0x1.84784c027cb6ep-621,1.74377365533415841e-187
2,151,0x1.54fa9435a0a35p-626,0x1.addcc8a3c69bep-642,0x1.54fc421269472p-626,4.78319968463103588e-189
2,152,0x1.297b29482b0d1p-631,0x1.addcc8a3c69bep-642,0x1.29b0e4e13f85fp-631,1.30496380064619418e-190
2,153,0x1.01f8493196da2p-636,0x1.addcc8a3c69bep-642,0x1.08afbc5425f49p-636,3.62588921151698163e-192
2,154,0x1.bcbc535e28d38p-642,0x1.addcc8a3c69bep-642,0x1.b54c8e00f7b7bp-641,1.87202368777773514e-193
2,155,0x1.7d13f4020d1e2p-647,0x1.addcc8a3c69bep-642,0x1.b9c56843d704ep-642,9.45584058375617097e-194
2,156,0x1.4499df815133bp-652,0x1.addcc8a3c69bep-642,0x1.ae2def1ba6f03p-642,9.20772749877420747e-194
2,157,0x1.12de6c60fb4bfp-657,0x1.addcc8a3c69bep-642,0x1.addeee609f5dep-642,9.20112199974865305e-194
2,158,0x1.cecaa96aa5df5p-663,0x1.addcc8a3c69bep-642,0x1.addcd71a1be74p-642,9.20094717608880143e-194
2,159,0x1.83554fb818696p-668,0x1.addcc8a3c69bep-642,0x1.addcc9049befdp-642,9.20094257618862940e-194
2,160,0x1.424e40d47f0acp-673,0x1.addcc8a3c69bep-642,0x1.addcc8a64b387p-642,9.20094245586108216e-194
2,161,0x1.0aa7a5e9bd7f9p-678,0x1.addcc8a3c69bep-642,0x1.addcc8a3d7466p-642,9.20094245273165427e-194
2,162,0x1.b6b4cc30868a6p-684,0x1.addcc8a3c69bep-642,0x1.addcc8a3c7099p-642,9.20094245265073286e-194
2,163,0x1.66d5cbf7623fbp-689,0x1.addcc8a3c69bep-642,0x1.addcc8a3c69ebp-642,9.20094245264865231e-194
2,164,0x1.23d9227e0171cp-694,0x1.addcc8a3c69bep-642,0x1.addcc8a3c69cp-642,9.20094245264859999e-194
2,165,0x1.d8112c1100b7dp-700,0x1.addcc8a3c69bep-642,0x1.addcc8a3c69bfp-642,9.20094245264859877e-194
2,166,0x1.7ba79cfe14f2ep-705,0x1.addcc8a3c69bep-642,0x1.addcc8a3c69bfp-642,9.20094245264859877e-194
2,167,0x1.2fa347a6c2eb2p-710,0x1.addcc8a3c69bep-642,0x1.addcc8a3c69bfp-642,9.20094245264859877e-194
2,168,0x1.e3004c127b934p-716,0x1.addcc8a3c69bep-642,0x1.addcc8a3c69bfp-642,9.20094245264859877e-194
2,169,0x1.7e0c8934d8d12p-721,0x1.addcc8a3c69bep-642,0x1.addcc8a3c69bfp-642,9.20094245264859877e-194
2,170,0x1.2c8bdfee0b823p-726,0x1.addcc8a3c69bep-642,0x1.addcc8a3c69bfp-642,9.20094245264859877e-194
2,171,0x1.d64b049d59fa6p-732,0x1.addcc8a3c69bep-642,0x1.addcc8a3c69bfp-642,9.20094245264859877e-194
2,172,0x1.6df7c7015d936p-737,0x1.addcc8a3c69bep-642,0x1.addcc8a3c69bfp-642,9.20094245264859877e-194
2,173,0x1.1b414137add05p-742,0x1.addcc8a3c69bep-642,0x1.addcc8a3c69bfp-642,9.20094245264859877e-194
2,174,0x1.b420e56b5053bp-748,0x1.addcc8a3c69bep-642,0x1.addcc8a3c69bfp-642,9.20094245264859877e-194
2,175,0x1.4df820e23ecbp-753,0x1.addcc8a3c69bep-642,0x1.addcc8a3c69bfp-642,9.20094245264859877e-194
2,176,0x1.fcc66489ef9c1p-759,0x1.addcc8a3c69bep-642,0x1.addcc8a3c69bfp-642,9.20094245264859877e-194
2,177,0x1.817ffff46bc2ap-764,0x1.addcc8a3c69bep-642,0x1.addcc8a3c69bfp-642,9.20094245264859877e-194
2,178,0x1.2290d4ede622p-769,0x1.addcc8a3c69bep-642,0x1.addcc8a3c69bfp-642,9.20094245264859877e-194
2,179,0x1.b3bd84c79f593p-775,0x1.addcc8a3c69bep-642,0x1.addcc8a3c69bfp-642,9.20094245264859877e-194
2,180,0x1.4508302ebaad7p-780,0x1.addcc8a3c69bep-642,0x1.addcc8a3c69bfp-642,9.20094245264859877e-194
2,181,0x1.e2677e9676171p-786,0x1.addcc8a3c69bep-642,0x1.addcc8a3c69bfp-642,9.20094245264859877e-194
2,182,0x1.6426b4e83779bp-791,0x1.addcc8a3c69bep-642,0x1.addcc8a3c69bfp-642,9.20094245264859877e-194
2,183,0x1.059987a46bd38p-796,0x1.addcc8a3c69bep-642,0x1.addcc8a3c69bfp-642,9.20094245264859877e-194
2,184,0x1.7e59978458fc9p-802,0x1.addcc8a3c69bep-642,0x1.addcc8a3c69bfp-642,9.20094245264859877e-194
2,185,0x1.1601fc5be0104p-807,0x1.addcc8a3c69bep-642,0x1.addcc8a3c69bfp-642,9.20094245264859877e-194
2,186,0x1.923ff6fa5fa32p-813,0x1.addcc8a3c69bep-642,0x1.addcc8a3c69bfp-642,9.20094245264859877e-194
2,187,0x1.218db9a4adf5p-818,0x1.addcc8a3c69bep-642,0x1.addcc8a3c69bfp-642,9.20094245264859877e-194
2,188,0x1.9ec9edbcd62ccp-824,0x1.addcc8a3c69bep-642,0x1.addcc8a3c69bfp-642,9.20094245264859877e-194
2,189,0x1.279feb2be0557p-829,0x1.addcc8a3c69bep-642,0x1.addcc8a3c69bfp-642,9.20094245264859877e-194
2,190,0x1.a350b511d3262p-835,0x1.addcc8a3c69bep-642,0x1.addcc8a3c69bfp-642,9.20094245264859877e-194
2,191,0x1.27ec12270382ep-840,0x1.addcc8a3c69bep-642,0x1.addcc8a3c69bfp-642,9.20094245264859877e-194
2,192,0x1.9fa4dd8e5f4ddp-846,0x1.addcc8a3c69bep-642,0x1.addcc8a3c69bfp-642,9.20094245264859877e-194
2,193,0x1.227c0fb48e572p-851,0x1.addcc8a3c69bep-642,0x1.addcc8a3c69bfp-642,9.20094245264859877e-194
2,194,0x1.9410f2d9bc131p-857,0x1.addcc8a3c69bep-642,0x1.addcc8a3c69bfp-642,9.20094245264859877e-194
2,195,0x1.17add1fb74dbbp-862,0x1.addcc8a3c69bep-642,0x1.addcc8a3c69bfp-642,9.20094245264859877e-194
2,196,0x1.815072a0fdd89p-868,0x1.addcc8a3c69bep-642,0x1.addcc8a3c69bfp-642,9.20094245264859877e-194
2,197,0x1.0829223630e1ep-873,0x1.addcc8a3c69bep-642,0x1.addcc8a3c69bfp-642,9.20094245264859877e-194
2,198,0x1.687c8923e14c4p-879,0x1.addcc8a3c69bep-642,0x1.addcc8a3c69bfp-642,9.20094245264859877e-194
2,199,0x1.e99e287429bdep-885,0x1.addcc8a3c69bep-642,0x1.addcc8a3c69bfp-642,9.20094245264859877e-194
2,200,0x1.4af14742b4d06p-890,0x1.addcc8a3c69bep-642,0x1.addcc8a3c69bfp-642,9.20094245264859877e-194
2,201,0x1.bd4aa731da703p-896,0x1.addcc8a3c69bep-642,0x1.addcc8a3c69bfp-642,9.20094245264859877e-194
2,202,0x1.2a2ecdac19285p-901,0x1.addcc8a3c69bep-642,0x1.addcc8a3c69bfp-642,9.20094245264859877e-194
2,203,0x1.8d7fca7908037p-907,0x1.addcc8a3c69bep-642,0x1.addcc8a3c69bfp-642,9.20094245264859877e-194
2,204,0x1.07ba1f7fddea9p-912,0x1.addcc8a3c69bep-642,0x1.addcc8a3c69bfp-642,9.20094245264859877e-194
2,205,0x1.5c57cfb84c54ap-918,0x1.addcc8a3c69bep-642,0x1.addcc8a3c69bfp-642,9.20094245264859877e-194
2,206,0x1.ca01f2621eef4p-924,0x1.addcc8a3c69bep-642,0x1.addcc8a3c69bfp-642,9.20094245264859877e-194
2,207,0x1.2bbaecd1a3334p-929,0x1.addcc8a3c69bep-642,0x1.addcc8a3c69bfp-642,9.20094245264859877e-194
2,208,0x1.868687341618p-935,0x1.addcc8a3c69bep-642,0x1.addcc8a3c69bfp-642,9.20094245264859877e-194
2,209,0x1.fa88a1e6f3df4p-941,0x1.addcc8a3c69bep-642,0x1.addcc8a3c69bfp-642,9.20094245264859877e-194
2,210,0x1.470767b592d38p-946,0x1.addcc8a3c69bep-642,0x1.addcc8a3c69bfp-642,9.20094245264859877e-194
2,211,0x1.a463a16d39c3p-952,0x1.addcc8a3c69bep-642,0x1.addcc8a3c69bfp-642,9.20094245264859877e-194
2,212,0x1.0d002189e80ecp-957,0x1.addcc8a3c69bep-642,0x1.addcc8a3c69bfp-642,9.20094245264859877e-194
2,213,0x1.56bc5c7bc552ep-963,0x1.addcc8a3c69bep-642,0x1.addcc8a3c69bfp-642,9.20094245264859877e-194
2,214,0x1.b2c26de165b56p-969,0x1.addcc8a3c69bep-642,0x1.addcc8a3c69bfp-642,9.20094245264859877e-194
2,215,0x1.128963fa10e59p-974,0x1.addcc8a3c69bep-642,0x1.addcc8a3c69bfp-642,9.20094245264859877e-194
2,216,0x1.59356cc7884ebp-980,0x1.addcc8a3c69bep-642,0x1.addcc8a3c69bfp-642,9.20094245264859877e-194
2,217,0x1.b02fc9bbc5e65p-986,0x1.addcc8a3c69bep-642,0x1.addcc8a3c69bfp-642,9.20094245264859877e-194
2,218,0x1.0d5e736dc60eep-991,0x1.addcc8a3c69bep-642,0x1.addcc8a3c69bfp-642,9.20094245264859877e-194
2,219,0x1.4e55113733bc3p-997,0x1.addcc8a3c69bep-642,0x1.addcc8a3c69bfp-642,9.20094245264859877e-194
2,220,0x1.9d2eb26dc65a5p-1003,0x1.addcc8a3c69bep-642,0x1.addcc8a3c69bfp-642,9.20094245264859877e-194
2,221,0x1.fc72876244744p-1009,0x1.addcc8a3c69bep-642,0x1.addcc8a3c69bfp-642,9.20094245264859877e-194
2,222,0x1.3781fa2d5afd6p-1014,0x1.addcc8a3c69bep-642,0x1.addcc8a3c69bfp-642,9.20094245264859877e-194
2,223,0x1.7c152b44cb598p-1020,0x1.addcc8a3c69bep-642,0x1.addcc8a3c69bfp-642,9.20094245264859877e-194
2,224,0x0.1cdcc2c70f527p-1022,0x1.addcc8a3c69bep-642,0x1.addcc8a3c69bfp-642,9.20094245264859877e-194
2,225,0x0.008bae5263179p-1022,0x1.addcc8a3c69bep-642,0x1.addcc8a3c69bfp-642,9.20094245264859877e-194
2,226,0x0.0002a12ab508cp-1022,0x1.addcc8a3c69bep-642,0x1.addcc8a3c69bfp-642,9.20094245264859877e-194
2,227,0x0.00000c9ed5f4ep-1022,0x1.addcc8a3c69bep-642,0x1.addcc8a3c69bfp-642,9.20094245264859877e-194
2,228,0x0.0000003c75715p-1022,0x1.addcc8a3c69bep-642,0x1.addcc8a3c69bfp-642,9.20094245264859877e-194
2,229,0x0.000000014286dp-1022,0x1.addcc8a3c69bep-642,0x1.addcc8a3c69bfp-642,9.20094245264859877e-194
2,230,0x0.0000000027531p-1022,0x1.addcc8a3c69bep-642,0x1.addcc8a3c69bfp-642,9.20094245264859877e-194
2,231,0x0.0000000020bp-1022,0x1.addcc8a3c69bep-642,0x1.addcc8a3c69bfp-642,9.20094245264859877e-194
2,232,0x0.000000001f33p-1022,0x1.addcc8a3c69bep-642,0x1.addcc8a3c69bfp-642,9.20094245264859877e-194
2,233,0x0.000000001dd58p-1022,0x1.addcc8a3c69bep-642,0x1.addcc8a3c69bfp-642,9.20094245264859877e-194
2,234,0x0.000000001c80cp-1022,0x1.addcc8a3c69bep-642,0x1.addcc8a3c69bfp-642,9.20094245264859877e-194
2,235,0x0.000000001b34bp-1022,0x1.addcc8a3c69bep-642,0x1.addcc8a3c69bfp-642,9.20094245264859877e-194
2,236,0x0.0000000019f14p-1022,0x1.addcc8a3c69bep-642,0x1.addcc8a3c69bfp-642,9.20094245264859877e-194
2,237,0x0.0000000018b66p-1022,0x1.addcc8a3c69bep-642,0x1.addcc8a3c69bfp-642,9.20094245264859877e-194
2,238,0x0.000000001784p-1022,0x1.addcc8a3c69bep-642,0x1.addcc8a3c69bfp-642,9.20094245264859877e-194
2,239,0x0.00000000165a1p-1022,0x1.addcc8a3c69bep-642,0x1.addcc8a3c69bfp-642,9.20094245264859877e-194
2,240,0x0.0000000015388p-1022,0x1.addcc8a3c69bep-642,0x1.addcc8a3c69bfp-642,9.20094245264859877e-194
2,241,0x0.00000000141f4p-1022,0x1.addcc8a3c69bep-642,0x1.addcc8a3c69bfp-642,9.20094245264859877e-194
2,242,0x0.00000000130e4p-1022,0x1.addcc8a3c69bep-642,0x1.addcc8a3c69bfp-642,9.20094245264859877e-194
2,243,0x0.0000000012057p-1022,0x1.addcc8a3c69bep-642,0x1.addcc8a3c69bfp-642,9.20094245264859877e-194
2,244,0x0.000000001104cp-1022,0x1.addcc8a3c69bep-642,0x1.addcc8a3c69bfp-642,9.20094245264859877e-194
2,245,0x0.00000000100c2p-1022,0x1.addcc8a3c69bep-642,0x1.addcc8a3c69bfp-642,9.20094245264859877e-194
2,246,0x0.000000000f1b8p-1022,0x1.addcc8a3c69bep-642,0x1.addcc8a3c69bfp-642,9.20094245264859877e-194
2,247,0x0.000000000e32dp-1022,0x1.addcc8a3c69bep-642,0x1.addcc8a3c69bfp-642,9.20094245264859877e-194
2,248,0x0.000000000d52p-1022,0x1.addcc8a3c69bep-642,0x1.addcc8a3c69bfp-642,9.20094245264859877e-194
2,249,0x0.000000000c79p-1022,0x1.addcc8a3c69bep-642,0x1.addcc8a3c69bfp-642,9.20094245264859877e-194
2,250,0x0.000000000ba7cp-1022,0x1.addcc8a3c69bep-642,0x1.addcc8a3c69bfp-642,9.20094245264859877e-194
2,251,0x0.000000000ade3p-1022,0x1.addcc8a3c69bep-642,0x1.addcc8a3c69bfp-642,9.20094245264859877e-194
2,252,0x0.000000000a1c4p-1022,0x1.addcc8a3c69bep-642,0x1.addcc8a3c69bfp-642,9.20094245264859877e-194
2,253,0x0.000000000961ep-1022,0x1.addcc8a3c69bep-642,0x1.addcc8a3c69bfp-642,9.20094245264859877e-194
2,254,0x0.0000000008afp-1022,0x1.addcc8a3c69bep-642,0x1.addcc8a3c69bfp-642,9.20094245264859877e-194
2,255,0x0.0000000008039p-1022,0x1.addcc8a3c69bep-642,0x1.addcc8a3c69bfp-642,9.20094245264859877e-194
2,256,0x0.00000000075f8p-1022,0x1.addcc8a3c69bep-642,0x1.addcc8a3c69bfp-642,9.20094245264859877e-194
2,257,0x0.0000000006c2cp-1022,0x1.addcc8a3c69bep-642,0x1.addcc8a3c69bfp-642,9.20094245264859877e-194
2,258,0x0.00000000062d4p-1022,0x1.addcc8a3c69bep-642,0x1.addcc8a3c69bfp-642,9.20094245264859877e-194
2,259,0x0.00000000059efp-1022,0x1.addcc8a3c69bep-642,0x1.addcc8a3c69bfp-642,9.20094245264859877e-194
2,260,0x0.000000000517cp-1022,0x1.addcc8a3c69bep-642,0x1.addcc8a3c69bfp-642,9.20094245264859877e-194
2,261,0x0.000000000497ap-1022,0x1.addcc8a3c69bep-642,0x1.addcc8a3c69bfp-642,9.20094245264859877e-194
2,262,0x0.00000000041e8p-1022,0x1.addcc8a3c69bep-642,0x1.addcc8a3c69bfp-642,9.20094245264859877e-194
2,263,0x0.0000000003ac5p-1022,0x1.addcc8a3c69bep-642,0x1.addcc8a3c69bfp-642,9.20094245264859877e-194
2,264,0x0.000000000341p-1022,0x1.addcc8a3c69bep-642,0x1.addcc8a3c69bfp-642,9.20094245264859877e-194
2,265,0x0.0000000002dc8p-1022,0x1.addcc8a3c69bep-642,0x1.addcc8a3c69bfp-642,9.20094245264859877e-194
2,266,0x0.00000000027ecp-1022,0x1.addcc8a3c69bep-642,0x1.addcc8a3c69bfp-642,9.20094245264859877e-194
2,267,0x0.000000000227bp-1022,0x1.addcc8a3c69bep-642,0x1.addcc8a3c69bfp-642,9.20094245264859877e-194
2,268,0x0.0000000001d74p-1022,0x1.addcc8a3c69bep-642,0x1.addcc8a3c69bfp-642,9.20094245264859877e-194
2,269,0x0.00000000018d6p-1022,0x1.addcc8a3c69bep-642,0x1.addcc8a3c69bfp-642,9.20094245264859877e-194
2,270,0x0.00000000014ap-1022,0x1.addcc8a3c69bep-642,0x1.addcc8a3c69bfp-642,9.20094245264859877e-194
2,271,0x0.00000000010d1p-1022,0x1.addcc8a3c69bep-642,0x1.addcc8a3c69bfp-642,9.20094245264859877e-194
2,272,0x0.0000000000d68p-1022,0x1.addcc8a3c69bep-642,0x1.addcc8a3c69bfp-642,9.20094245264859877e-194
2,273,0x0.0000000000a64p-1022,0x1.addcc8a3c69bep-642,0x1.addcc8a3c69bfp-642,9.20094245264859877e-194
2,274,0x0.00000000007c4p-1022,0x1.addcc8a3c69bep-642,0x1.addcc8a3c69bfp-642,9.20094245264859877e-194
2,275,0x0.0000000000587p-1022,0x1.addcc8a3c69bep-642,0x1.addcc8a3c69bfp-642,9.20094245264859877e-194
2,276,0x0.00000000003acp-1022,0x1.addcc8a3c69bep-642,0x1.addcc8a3c69bfp-642,9.20094245264859877e-194
2,277,0x0.0000000000232p-1022,0x1.addcc8a3c69bep-642,0x1.addcc8a3c69bfp-642,9.20094245264859877e-194
2,278,0x0.0000000000118p-1022,0x1.addcc8a3c69bep-642,0x1.addcc8a3c69bfp-642,9.20094245264859877e-194
2,279,0x0.000000000005dp-1022,0x1.addcc8a3c69bep-642,0x1.addcc8a3c69bfp-642,9.20094245264859877e-194
2,280,0x0p+0,0x1.addcc8a3c69bep-642,0x1.addcc8a3c69bep-642,9.20094245264859756e-194
3,0,0x1.4b715a397073ap-4,0x1.fa1ed2ef4b6cfp-641,0x1.4b715a397073bp-4,8.09186481847320866e-02
3,1,0x1.57446008ff7c8p-6,0x1.fa1ed2ef4b6cfp-641,0x1.57446008ff7c9p-6,2.09513604968305824e-02
3,2,0x1.424bee809e281p-8,0x1.fa1ed2ef4b6cfp-641,0x1.424bee809e282p-8,4.91785595715355136e-03
3,3,0x1.196e157647fc1p-10,0x1.fa1ed2ef4b6cfp-641,0x1.196e157647fc2p-10,1.07357030862685653e-03
3,4,0x1.d37d9c9240bedp-13,0x1.fa1ed2ef4b6cfp-641,0x1.d37d9c9240beep-13,2.22916922730658841e-04
3,5,0x1.7801f4ef938bap-15,0x1.fa1ed2ef4b6cfp-641,0x1.7801f4ef938bbp-15,4.48236040680878760e-05
3,6,0x1.2873f455a9516p-17,0x1.fa1ed2ef4b6cfp-641,0x1.2873f455a9517p-17,8.83498629928673809e-06
3,7,0x1.cd3083dc87b61p-20,0x1.fa1ed2ef4b6cfp-641,0x1.cd3083dc87b62p-20,1.71806481497729874e-06
3,8,0x1.62b4beb41e854p-22,0x1.fa1ed2ef4b6cfp-641,0x1.62b4beb41e855p-22,3.30345737660177146e-07
3,9,0x1.0dc13f506d708p-24,0x1.fa1ed2ef4b6cfp-641,0x1.0dc13f506d709p-24,6.28072005574506323e-08
3,10,0x1.957f631e14ef2p-27,0x1.fa1ed2ef4b6cfp-641,0x1.957f631e14ef3p-27,1.18015335803831312e-08
3,11,0x1.2d2067adce35ep-29,0x1.fa1ed2ef4b6cfp-641,0x1.2d2067adce35fp-29,2.19098424724426261e-09
3,12,0x1.b9f140130dba2p-32,0x1.fa1ed2ef4b6cfp-641,0x1.b9f140130dba3p-32,4.01944256689770906e-10
3,13,0x1.409498b852d67p-34,0x1.fa1ed2ef4b6cfp-641,0x1.409498b852d68p-34,7.28915564019369727e-11
3,14,0x1.cbf1fbf4d25efp-37,0x1.fa1ed2ef4b6cfp-641,0x1.cbf1fbf4d25fp-37,1.30724302720912207e-11
3,15,0x1.466a4859a2bdbp-39,0x1.fa1ed2ef4b6cfp-641,0x1.466a4859a2bdcp-39,2.31931925381102407e-12
3,16,0x1.ca7758dd105d1p-42,0x1.fa1ed2ef4b6cfp-641,0x1.ca7758dd105d2p-42,4.07199784735356103e-13
3,17,0x1.3eaba43933bfdp-44,0x1.fa1ed2ef4b6cfp-641,0x1.3eaba43933bfep-44,7.07590596340334775e-14
3,18,0x1.b6876101ec67ap-47,0x1.fa1ed2ef4b6cfp-641,0x1.b6876101ec67bp-47,1.21716199332540532e-14
3,19,0x1.2ab961e25413fp-49,0x1.fa1ed2ef4b6cfp-641,0x1.2ab961e25414p-49,2.07281518229382973e-15
3,20,0x1.92f710d434f24p-52,0x1.fa1ed2ef4b6cfp-641,0x1.92f710d434f25p-52,3.49516509952297872e-16
3,21,0x1.0d2351a93b353p-54,0x1.fa1ed2ef4b6cfp-641,0x1.0d2351a93b354p-54,5.83599932266555518e-17
3,22,0x1.640959d542414p-57,0x1.fa1ed2ef4b6cfp-641,0x1.640959d542415p-57,9.65038940126209732e-18
3,23,0x1.d27afd769210cp-60,0x1.fa1ed2ef4b6cfp-641,0x1.d27afd769210dp-60,1.58049717397629107e-18
3,24,0x1.2eaff5ae0c904p-62,0x1.fa1ed2ef4b6cfp-641,0x1.2eaff5ae0c905p-62,2.56386151837601049e-19
3,25,0x1.851a98a401473p-65,0x1.fa1ed2ef4b6cfp-641,0x1.851a98a401474p-65,4.11979770124649158e-20
3,26,0x1.ef7fa32c4064bp-68,0x1.fa1ed2ef4b6cfp-641,0x1.ef7fa32c4064cp-68,6.55786915002827970e-21
3,27,0x1.388c5575adc42p-70,0x1.fa1ed2ef4b6cfp-641,0x1.388c5575adc43p-70,1.03413517666750890e-21
3,28,0x1.86a20f56419e2p-73,0x1.fa1ed2ef4b6cfp-641,0x1.86a20f56419e3p-73,1.61562041353222089e-22
3,29,0x1.e3b603cc37c1fp-76,0x1.fa1ed2ef4b6cfp-641,0x1.e3b603cc37c2p-76,2.50072723446179901e-23
3,30,0x1.28b96ff52fe25p-78,0x1.fa1ed2ef4b6cfp-641,0x1.28b96ff52fe26p-78,3.83507252595092072e-24
3,31,0x1.68b2ae8d12afdp-81,0x1.fa1ed2ef4b6cfp-641,0x1.68b2ae8d12afep-81,5.82739009146389825e-25
3,32,0x1.b272bea499215p-84,0x1.fa1ed2ef4b6cfp-641,0x1.b272bea499216p-84,8.77361196208519332e-26
3,33,0x1.033f4efb9383ap-86,0x1.fa1ed2ef4b6cfp-641,0x1.033f4efb9383bp-86,1.30886437702746611e-26
3,34,0x1.329368c4c1cf2p-89,0x1.fa1ed2ef4b6cfp-641,0x1.329368c4c1cf3p-89,1.93476541461188963e-27
3,35,0x1.673ce1841074fp-92,0x1.fa1ed2ef4b6cfp-641,0x1.673ce1841075p-92,2.83388668797621559e-28
3,36,0x1.a11b5bb595339p-95,0x1.fa1ed2ef4b6cfp-641,0x1.a11b5bb59533ap-95,4.11299126951748049e-29
3,37,0x1.dfe121a177fc1p-98,0x1.fa1ed2ef4b6cfp-641,0x1.dfe121a177fc2p-98,5.91497051868931950e-30
3,38,0x1.11874cd0e9ec4p-100,0x1.fa1ed2ef4b6cfp-641,0x1.11874cd0e9ec5p-100,8.42874814973145843e-31
3,39,0x1.34f7b88535b7ap-103,0x1.fa1ed2ef4b6cfp-641,0x1.34f7b88535b7bp-103,1.19010013381360262e-31
3,40,0x1.59ccf8e6a270ap-106,0x1.fa1ed2ef4b6cfp-641,0x1.59ccf8e6a270bp-106,1.66496967694637723e-32
3,41,0x1.7f7871e5128a3p-109,0x1.fa1ed2ef4b6cfp-641,0x1.7f7871e5128a4p-109,2.30792904821721356e-33
3,42,0x1.a5541e3d71e8dp-112,0x1.fa1ed2ef4b6cfp-641,0x1.a5541e3d71e8ep-112,3.16972398837627702e-34
3,43,0x1.caa65b9d2d438p-115,0x1.fa1ed2ef4b6cfp-641,0x1.caa65b9d2d439p-115,4.31312232431801222e-35
3,44,0x1.eea71fe76c14cp-118,0x1.fa1ed2ef4b6cfp-641,0x1.eea71fe76c14dp-118,5.81461607948938053e-36
3,45,0x1.084338dea53c1p-120,0x1.fa1ed2ef4b6cfp-641,0x1.084338dea53c2p-120,7.76597943948971669e-37
3,46,0x1.17b9f1baa6cb6p-123,0x1.fa1ed2ef4b6cfp-641,0x1.17b9f1baa6cb7p-123,1.02755230631908851e-37
3,47,0x1.25535b76521bap-126,0x1.fa1ed2ef4b6cfp-641,0x1.25535b76521bbp-126,1.34688516649441547e-38
3,48,0x1.30b31e4892707p-129,0x1.fa1ed2ef4b6cfp-641,0x1.30b31e4892708p-129,1.74889039806617858e-39
3,49,0x1.3988f97ae80acp-132,0x1.fa1ed2ef4b6cfp-641,0x1.3988f97ae80adp-132,2.24950371100551975e-40
3,50,0x1.3f9473fe703f3p-135,0x1.fa1ed2ef4b6cfp-641,0x1.3f9473fe703f4p-135,2.86609162233299147e-41
3,51,0x1.42a7f116c9321p-138,0x1.fa1ed2ef4b6cfp-641,0x1.42a7f116c9322p-138,3.61709911040966383e-42
3,52,0x1.42aaf4268e4dbp-141,0x1.fa1ed2ef4b6cfp-641,0x1.42aaf4268e4dcp-141,4.52153875731107741e-43
3,53,0x1.3f9b6af9f7e96p-144,0x1.fa1ed2ef4b6cfp-641,0x1.3f9b6af9f7e97p-144,5.59831174914997364e-44
3,54,0x1.398de5e90c271p-147,0x1.fa1ed2ef4b6cfp-641,0x1.398de5e90c272p-147,6.86536162849146293e-45
3,55,0x1.30acb788be28dp-150,0x1.fa1ed2ef4b6cfp-641,0x1.30acb788be28ep-150,8.33867490057208410e-46
3,56,0x1.253608ce68504p-153,0x1.fa1ed2ef4b6cfp-641,0x1.253608ce68505p-153,1.00311578305392609e-46
3,57,0x1.177900d19cf5dp-156,0x1.fa1ed2ef4b6cfp-641,0x1.177900d19cf5ep-156,1.19514349832643964e-47
3,58,0x1.07d22f1b9c80ep-159,0x1.fa1ed2ef4b6cfp-641,0x1.07d22f1b9c80fp-159,1.41026308452484613e-48
3,59,0x1.ed4ee69c8b23dp-163,0x1.fa1ed2ef4b6cfp-641,0x1.ed4ee69c8b23ep-163,1.64812095642131544e-49
3,60,0x1.c8c747c0aa118p-166,0x1.fa1ed2ef4b6cfp-641,0x1.c8c747c0aa119p-166,1.90759576725266917e-50
3,61,0x1.a2e46e7c043d6p-169,0x1.fa1ed2ef4b6cfp-641,0x1.a2e46e7c043d7p-169,2.18671989412551493e-51
3,62,0x1.7c765db84a826p-172,0x1.fa1ed2ef4b6cfp-641,0x1.7c765db84a827p-172,2.48263278689226818e-52
3,63,0x1.563ef6a19581dp-175,0x1.fa1ed2ef4b6cfp-641,0x1.563ef6a19581ep-175,2.79157378983213598e-53
3,64,0x1.30ec08acc5454p-178,0x1.fa1ed2ef4b6cfp-641,0x1.30ec08acc5455p-178,3.10892021417354539e-54
3,65,0x1.0d12e2278b898p-181,0x1.fa1ed2ef4b6cfp-641,0x1.0d12e2278b899p-181,3.42927388704267882e-55
3,66,0x1.d65af6498d427p-185,0x1.fa1ed2ef4b6cfp-641,0x1.d65af6498d428p-185,3.74659628260082129e-56
3,67,0x1.97326d8b286efp-188,0x1.fa1ed2ef4b6cfp-641,0x1.97326d8b286fp-188,4.05438888407413582e-57
3,68,0x1.5d2e392d632e2p-191,0x1.fa1ed2ef4b6cfp-641,0x1.5d2e392d632e3p-191,4.34591191868005052e-58
3,69,0x1.289aadafb0178p-194,0x1.fa1ed2ef4b6cfp-641,0x1.289aadafb0179p-194,4.61443136843358843e-59
3,70,0x1.f326d09c59e76p-198,0x1.fa1ed2ef4b6cfp-641,0x1.f326d09c59e77p-198,4.85348150196532362e-60
3,71,0x1.a0138e3aebbe9p-201,0x1.fa1ed2ef4b6cfp-641,0x1.a0138e3aebbeap-201,5.05712837024717929e-61
3,72,0x1.579883fc0423dp-204,0x1.fa1ed2ef4b6cfp-641,0x1.579883fc0423ep-204,5.22021896557456612e-62
3,73,0x1.191c338b1aa4bp-207,0x1.fa1ed2ef4b6cfp-641,0x1.191c338b1aa4cp-207,5.33860116488988279e-63
3,74,0x1.c7bb939f7a22p-211,0x1.fa1ed2ef4b6cfp-641,0x1.c7bb939f7a221p-211,5.40930116130064643e-64
3,75,0x1.6e0661efb457fp-214,0x1.fa1ed2ef4b6cfp-641,0x1.6e0661efb458p-214,5.43064771468590437e-65
3,76,0x1.234b1b078e74p-217,0x1.fa1ed2ef4b6cfp-641,0x1.234b1b078e741p-217,5.40233600577984959e-66
3,77,0x1.cb6f35141a8ddp-221,0x1.fa1ed2ef4b6cfp-641,0x1.cb6f35141a8dep-221,5.32542786221334955e-67
3,78,0x1.670c7ee9b72cp-224,0x1.fa1ed2ef4b6cfp-641,0x1.670c7ee9b72c1p-224,5.20228929747492599e-68
3,79,0x1.161561deb45b3p-227,0x1.fa1ed2ef4b6cfp-641,0x1.161561deb45b4p-227,5.03647031225793584e-69
3,80,0x1.aaeae4a9f6ce6p-231,0x1.fa1ed2ef4b6cfp-641,0x1.aaeae4a9f6ce7p-231,4.83253542590120655e-70
3,81,0x1.44ce977d1164dp-234,0x1.fa1ed2ef4b6cfp-641,0x1.44ce977d1164ep-234,4.59585616529463815e-71
3,82,0x1.e9e5ca7fe8347p-238,0x1.fa1ed2ef4b6cfp-641,0x1.e9e5ca7fe8348p-238,4.33237855332831290e-72
3,83,0x1.6e3a0fea1c515p-241,0x1.fa1ed2ef4b6cfp-641,0x1.6e3a0fea1c516p-241,4.04837941795165804e-73
3,84,0x1.0f676c7d91fe9p-244,0x1.fa1ed2ef4b6cfp-641,0x1.0f676c7d91feap-244,3.75022509356469976e-74
3,85,0x1.8ece03118d823p-248,0x1.fa1ed2ef4b6cfp-641,0x1.8ece03118d824p-248,3.44414490617957818e-75
3,86,0x1.2280809ea8128p-251,0x1.fa1ed2ef4b6cfp-641,0x1.2280809ea8129p-251,3.13602989305126190e-76
3,87,0x1.a3a1f98d8f159p-255,0x1.fa1ed2ef4b6cfp-641,0x1.a3a1f98d8f15ap-255,2.83126472689397984e-77
3,88,0x1.2c87b30f6715ap-258,0x1.fa1ed2ef4b6cfp-641,0x1.2c87b30f6715bp-258,2.53459803919562739e-78
3,89,0x1.aaddb957c3f36p-262,0x1.fa1ed2ef4b6cfp-641,0x1.aaddb957c3f37p-262,2.25005351005016601e-79
3,90,0x1.2ca3ef4e0262dp-265,0x1.fa1ed2ef4b6cfp-641,0x1.2ca3ef4e0262ep-265,1.98088143306550994e-80
3,91,0x1.a3fe0f8091aa2p-269,0x1.fa1ed2ef4b6cfp-641,0x1.a3fe0f8091aa3p-269,1.72954815193013153e-81
3,92,0x1.22f7081c3b657p-272,0x1.fa1ed2ef4b6cfp-641,0x1.22f7081c3b658p-272,1.49775892673975604e-82
3,93,0x1.8fe1b0d9f787p-276,0x1.fa1ed2ef4b6cfp-641,0x1.8fe1b0d9f7871p-276,1.28650849351175276e-83
3,94,0x1.1092364055274p-279,0x1.fa1ed2ef4b6cfp-641,0x1.1092364055275p-279,1.09615284528768169e-84
3,95,0x1.709d3d2e34785p-283,0x1.fa1ed2ef4b6cfp-641,0x1.709d3d2e34786p-283,9.26495556117628153e-86
3,96,0x1.ee8af6733134ap-287,0x1.fa1ed2ef4b6cfp-641,0x1.ee8af6733134bp-287,7.76882221067883668e-87
3,97,0x1.4921f6353be43p-290,0x1.fa1ed2ef4b6cfp-641,0x1.4921f6353be44p-290,6.46297202226841364e-88
3,98,0x1.b2ab46bd70facp-294,0x1.fa1ed2ef4b6cfp-641,0x1.b2ab46bd70fadp-294,5.33457745968453756e-89
3,99,0x1.1ccb817b94abdp-297,0x1.fa1ed2ef4b6cfp-641,0x1.1ccb817b94abep-297,4.36901562810524135e-90
3,100,0x1.7251ca397c56dp-301,0x1.fa1ed2ef4b6cfp-641,0x1.7251ca397c56ep-301,3.55065038674410523e-91
3,101,0x1.ddd81a1167473p-305,0x1.fa1ed2ef4b6cfp-641,0x1.ddd81a1167474p-305,2.86350290921392947e-92
3,102,0x1.31f428e373e25p-308,0x1.fa1ed2ef4b6cfp-641,0x1.31f428e373e26p-308,2.29180229103320778e-93
3,103,0x1.84d6a59cb0f9cp-312,0x1.fa1ed2ef4b6cfp-641,0x1.84d6a59cb0f9dp-312,1.82041584523045274e-94
3,104,0x1.ea7aa2e2fdb94p-316,0x1.fa1ed2ef4b6cfp-641,0x1.ea7aa2e2fdb95p-316,1.43516510079755487e-95
3,105,0x1.330bb67a0903p-319,0x1.fa1ed2ef4b6cfp-641,0x1.330bb67a09031p-319,1.12303815797408424e-96
3,106,0x1.7d97d092cf731p-323,0x1.fa1ed2ef4b6cfp-641,0x1.7d97d092cf732p-323,8.72312035389907228e-98
3,107,0x1.d6c43627de4abp-327,0x1.fa1ed2ef4b6cfp-641,0x1.d6c43627de4acp-327,6.72600147666041031e-99
3,108,0x1.20471924b30f4p-330,0x1.fa1ed2ef4b6cfp-641,0x1.20471924b30f5p-330,5.14840324396750730e-100
3,109,0x1.5e826762a23b4p-334,0x1.fa1ed2ef4b6cfp-641,0x1.5e826762a23b5p-334,3.91238098960202428e-101
3,110,0x1.a71eafd300d3bp-338,0x1.fa1ed2ef4b6cfp-641,0x1.a71eafd300d3cp-338,2.95178635759292035e-102
3,111,0x1.fb22c74e62086p-342,0x1.fa1ed2ef4b6cfp-641,0x1.fb22c74e62087p-342,2.21118883672004005e-103
3,112,0x1.2dc4c112a2d03p-345,0x1.fa1ed2ef4b6cfp-641,0x1.2dc4c112a2d04p-345,1.64469562436825002e-104
3,113,0x1.649c3c350fe6ap-349,0x1.fa1ed2ef4b6cfp-641,0x1.649c3c350fe6bp-349,1.21474584725273968e-105
3,114,0x1.a27af6c96a387p-353,0x1.fa1ed2ef4b6cfp-641,0x1.a27af6c96a388p-353,8.90936215585055975e-107
3,115,0x1.e7af11333c0afp-357,0x1.fa1ed2ef4b6cfp-641,0x1.e7af11333c0bp-357,6.48918210729270798e-108
3,116,0x1.1a361aa3c7162p-360,0x1.fa1ed2ef4b6cfp-641,0x1.1a361aa3c7163p-360,4.69392409807015756e-109
3,117,0x1.44631bd9dbd1cp-364,0x1.fa1ed2ef4b6cfp-641,0x1.44631bd9dbd1dp-364,3.37213728170454180e-110
3,118,0x1.7256059b5130dp-368,0x1.fa1ed2ef4b6cfp-641,0x1.7256059b5130ep-368,2.40612169412523422e-111
3,119,0x1.a3f1a279f28f3p-372,0x1.fa1ed2ef4b6cfp-641,0x1.a3f1a279f28f4p-372,1.70526904990291723e-112
3,120,0x1.d902392d49c9ep-376,0x1.fa1ed2ef4b6cfp-641,0x1.d902392d49c9fp-376,1.20046853094919065e-113
3,121,0x1.089e1fc07ab89p-379,0x1.fa1ed2ef4b6cfp-641,0x1.089e1fc07ab8ap-379,8.39480325811874836e-115
3,122,0x1.261dd8cf79875p-383,0x1.fa1ed2ef4b6cfp-641,0x1.261dd8cf79876p-383,5.83164685608159540e-116
3,123,0x1.44c212bf0a2d1p-387,0x1.fa1ed2ef4b6cfp-641,0x1.44c212bf0a2d2p-387,4.02449787746379538e-117
3,124,0x1.6440d5fa041aep-391,0x1.fa1ed2ef4b6cfp-641,0x1.6440d5fa041afp-391,2.75924702754267855e-118
3,125,0x1.844544944b636p-395,0x1.fa1ed2ef4b6cfp-641,0x1.844544944b637p-395,1.87951687490421832e-119
3,126,0x1.a470e2a05cd4ep-399,0x1.fa1ed2ef4b6cfp-641,0x1.a470e2a05cd4fp-399,1.27202832405886721e-120
3,127,0x1.c45d463c8f072p-403,0x1.fa1ed2ef4b6cfp-641,0x1.c45d463c8f073p-403,8.55382097605619789e-122
3,128,0x1.e39e260843871p-407,0x1.fa1ed2ef4b6cfp-641,0x1.e39e260843872p-407,5.71549761219039726e-123
3,129,0x1.00e1dbf7d0409p-410,0x1.fa1ed2ef4b6cfp-641,0x1.00e1dbf7d040ap-410,3.79486150201161255e-124
3,130,0x1.0f2ea6f5e97ccp-414,0x1.fa1ed2ef4b6cfp-641,0x1.0f2ea6f5e97cdp-414,2.50381977835385380e-125
3,131,0x1.1c7e0d5cf15dfp-418,0x1.fa1ed2ef4b6cfp-641,0x1.1c7e0d5cf15ep-418,1.64169510422289190e-126
3,132,0x1.289b02ef0805dp-422,0x1.fa1ed2ef4b6cfp-641,0x1.289b02ef0805ep-422,1.06974701726599563e-127
3,133,0x1.33543a5e13de5p-426,0x1.fa1ed2ef4b6cfp-641,0x1.33543a5e13de6p-426,6.92764216264406014e-129
3,134,0x1.3c7d771e58775p-430,0x1.fa1ed2ef4b6cfp-641,0x1.3c7d771e58776p-430,4.45884142374533521e-130
3,135,0x1.43f0bfb79633dp-434,0x1.fa1ed2ef4b6cfp-641,0x1.43f0bfb79633ep-434,2.85237791146271779e-131
3,136,0x1.498f64e987d06p-438,0x1.fa1ed2ef4b6cfp-641,0x1.498f64e987d07p-438,1.81366304536287954e-132
3,137,0x1.4d42d3a83ab85p-442,0x1.fa1ed2ef4b6cfp-641,0x1.4d42d3a83ab86p-442,1.14626887297011430e-133
3,138,0x1.4efd2a20e428fp-446,0x1.fa1ed2ef4b6cfp-641,0x1.4efd2a20e429p-446,7.20132508599689737e-135
3,139,0x1.4eb98a829fea1p-450,0x1.fa1ed2ef4b6cfp-641,0x1.4eb98a829fea2p-450,4.49727906661174242e-136
3,140,0x1.4c7c290cb927dp-454,0x1.fa1ed2ef4b6cfp-641,0x1.4c7c290cb927ep-454,2.79199130852414540e-137
3,141,0x1.485215bf73c9dp-458,0x1.fa1ed2ef4b6cfp-641,0x1.485215bf73c9ep-458,1.72313860333838786e-138
3,142,0x1.4250c4d5f1bbfp-462,0x1.fa1ed2ef4b6cfp-641,0x1.4250c4d5f1bcp-462,1.05726348627506704e-139
3,143,0x1.3a955bc2e7f44p-466,0x1.fa1ed2ef4b6cfp-641,0x1.3a955bc2e7f45p-466,6.44937902146449463e-141
3,144,0x1.3143caa5c2754p-470,0x1.fa1ed2ef4b6cfp-641,0x1.3143caa5c2755p-470,3.91145931179541138e-142
3,145,0x1.2685bbf81c8c7p-474,0x1.fa1ed2ef4b6cfp-641,0x1.2685bbf81c8c8p-474,2.35863326822351886e-143
3,146,0x1.1a89657927864p-478,0x1.fa1ed2ef4b6cfp-641,0x1.1a89657927865p-478,1.41415490016635027e-144
3,147,0x1.0d8046133b5fbp-482,0x1.fa1ed2ef4b6cfp-641,0x1.0d8046133b5fcp-482,8.43068023284863613e-146
3,148,0x1.ff3bb93adc9b6p-487,0x1.fa1ed2ef4b6cfp-641,0x1.ff3bb93adc9b7p-487,4.99771258732107151e-147
3,149,0x1.e22cc5ec1bbb4p-491,0x1.fa1ed2ef4b6cfp-641,0x1.e22cc5ec1bbb5p-491,2.94602724093779591e-148
3,150,0x1.c43b3021a5a6cp-495,0x1.fa1ed2ef4b6cfp-641,0x1.c43b3021a5a6dp-495,1.72692193411976027e-149
3,151,0x1.a5cb4490c47acp-499,0x1.fa1ed2ef4b6cfp-641,0x1.a5cb4490c47adp-499,1.00668271426415621e-150
3,152,0x1.873c234c5d3eap-503,0x1.fa1ed2ef4b6cfp-641,0x1.873c234c5d3ebp-503,5.83592658327938100e-152
3,153,0x1.68e6100181712p-507,0x1.fa1ed2ef4b6cfp-641,0x1.68e6100181713p-507,3.36463167223257705e-153
3,154,0x1.4b1915c48fb44p-511,0x1.fa1ed2ef4b6cfp-641,0x1.4b1915c48fb45p-511,1.92925126008296647e-154
3,155,0x1.2e1c027522732p-515,0x1.fa1ed2ef4b6cfp-641,0x1.2e1c027522733p-515,1.10021237134902907e-155
3,156,0x1.122bba1085fe7p-519,0x1.fa1ed2ef4b6cfp-641,0x1.122bba1085fe8p-519,6.24041535534724857e-157
3,157,0x1.eef5bde7c11e3p-524,0x1.fa1ed2ef4b6cfp-641,0x1.eef5bde7c11e4p-524,3.52056484087418114e-158
3,158,0x1.bc63926162a4fp-528,0x1.fa1ed2ef4b6cfp-641,0x1.bc63926162a5p-528,1.97553886396679803e-159
3,159,0x1.8cdd898c3fccp-532,0x1.fa1ed2ef4b6cfp-641,0x1.8cdd898c3fcc1p-532,1.10266999488012542e-160
3,160,0x1.608d19b7fc3aep-536,0x1.fa1ed2ef4b6cfp-641,0x1.608d19b7fc3afp-536,6.12215785900015415e-162
3,161,0x1.3789f2083dcc5p-540,0x1.fa1ed2ef4b6cfp-641,0x1.3789f2083dcc6p-540,3.38122901971500537e-163
3,162,0x1.11dba20bc1653p-544,0x1.fa1ed2ef4b6cfp-641,0x1.11dba20bc1654p-544,1.85766642854662542e-164
3,163,0x1.def6ef0621719p-549,0x1.fa1ed2ef4b6cfp-641,0x1.def6ef062171ap-549,1.01530334603402792e-165
3,164,0x1.a0acf8eb471c4p-553,0x1.fa1ed2ef4b6cfp-641,0x1.a0acf8eb471c5p-553,5.52040039485871421e-167
3,165,0x1.689f02f72839p-557,0x1.fa1ed2ef4b6cfp-641,0x1.689f02f728391p-557,2.98609507068972021e-168
3,166,0x1.368244f9ee744p-561,0x1.fa1ed2ef4b6cfp-641,0x1.368244f9ee745p-561,1.60696519645797524e-169
3,167,0x1.09ff6dcb4343ap-565,0x1.fa1ed2ef4b6cfp-641,0x1.09ff6dcb4343bp-565,8.60380341402833422e-171
3,168,0x1.c56c84f81639bp-570,0x1.fa1ed2ef4b6cfp-641,0x1.c56c84f81639cp-570,4.58318004222976262e-172
3,169,0x1.8081d456eca1bp-574,0x1.fa1ed2ef4b6cfp-641,0x1.8081d456eca1cp-574,2.42910864376813889e-173
3,170,0x1.446db4388f60fp-578,0x1.fa1ed2ef4b6cfp-641,0x1.446db4388f61p-578,1.28097773511134705e-174
3,171,0x1.105eb5f9a2f88p-582,0x1.fa1ed2ef4b6cfp-641,0x1.105eb5f9a2f89p-582,6.72143142330280494e-176
3,172,0x1.c70e94432cfb5p-587,0x1.fa1ed2ef4b6cfp-641,0x1.c70e94432cfb6p-587,3.50928250588041818e-177
3,173,0x1.7a4253ce5307ap-591,0x1.fa1ed2ef4b6cfp-641,0x1.7a4253ce53082p-591,1.82314819645025276e-178
3,174,0x1.38dff7b5a2609p-595,0x1.fa1ed2ef4b6cfp-641,0x1.38dff7b5a2688p-595,9.42504216165425356e-180
3,175,0x1.0186855088212p-599,0x1.fa1ed2ef4b6cfp-641,0x1.01868550889fbp-599,4.84856054738996385e-181
3,176,0x1.a5dea18315e67p-604,0x1.fa1ed2ef4b6cfp-641,0x1.a5dea18325b77p-604,2.48210950877815487e-182
3,177,0x1.57deeb8cf17a5p-608,0x1.fa1ed2ef4b6cfp-641,0x1.57deeb8dee89cp-608,1.26449741825648515e-183
3,178,0x1.16f0bb9f5c1b9p-612,0x1.fa1ed2ef4b6cfp-641,0x1.16f0bbaf2d123p-612,6.41082691177996355e-185
3,179,0x1.c25df91d02356p-617,0x1.fa1ed2ef4b6cfp-641,0x1.c25dfb1721085p-617,3.23459104063147650e-186
3,180,0x1.69d5e0c3de2fp-621,0x1.fa1ed2ef4b6cfp-641,0x1.69d60065cb5ep-621,1.62421842722477346e-187
3,181,0x1.2152fd53a7c8bp-625,0x1.fa1ed2ef4b6cfp-641,0x1.2154f7727ab8p-625,8.11725267222974237e-189
3,182,0x1.cc7f5ac162f2cp-630,0x1.fa1ed2ef4b6cfp-641,0x1.ccbe9e9bc0dc3p-630,4.03945735440538476e-190
3,183,0x1.6cbe86baa75fbp-634,0x1.fa1ed2ef4b6cfp-641,0x1.70b2c46085f69p-634,2.02029100144237700e-191
3,184,0x1.1f8be07d19fd7p-638,0x1.fa1ed2ef4b6cfp-641,0x1.5ecfbadb036b1p-638,1.20142469493187520e-192
3,185,0x1.c342221f04d02p-643,0x1.fa1ed2ef4b6cfp-641,0x1.3577adbb86508p-640,2.64958495348810012e-193
3,186,0x1.60719ad3b2a8cp-647,0x1.fa1ed2ef4b6cfp-641,0x1.ffa0995a9a37ap-641,2.19021403712783954e-193
3,187,0x1.11fe787e92d93p-651,0x1.fa1ed2ef4b6cfp-641,0x1.fa63528d6b11bp-641,2.16778497125456562e-193
3,188,0x1.a80d1aa2adc05p-656,0x1.fa1ed2ef4b6cfp-641,0x1.fa22230980b25p-641,2.16669492592060547e-193
3,189,0x1.46a4145cb252ap-660,0x1.fa1ed2ef4b6cfp-641,0x1.fa1efbc3cdf89p-641,2.16664219408228601e-193
3,190,0x1.f4eb2aec794cdp-665,0x1.fa1ed2ef4b6cfp-641,0x1.fa1ed4e43697ep-641,2.16663965483234678e-193
3,191,0x1.7e58aecb70e51p-669,0x1.fa1ed2ef4b6cfp-641,0x1.fa1ed30730f7ep-641,2.16663953311532925e-193
3,192,0x1.2285a4c35d317p-673,0x1.fa1ed2ef4b6cfp-641,0x1.fa1ed2f06df2ap-641,2.16663952730742431e-193
3,193,0x1.b783767de7a11p-678,0x1.fa1ed2ef4b6cfp-641,0x1.fa1ed2ef59291p-641,2.16663952703154496e-193
3,194,0x1.4af7aa95a1ddcp-682,0x1.fa1ed2ef4b6cfp-641,0x1.fa1ed2ef4c127p-641,2.16663952701849951e-193
3,195,0x1.f03c03b2c567dp-687,0x1.fa1ed2ef4b6cfp-641,0x1.fa1ed2ef4b74cp-641,2.16663952701788557e-193
3,196,0x1.725c8589a94ffp-691,0x1.fa1ed2ef4b6cfp-641,0x1.fa1ed2ef4b6d5p-641,2.16663952701785661e-193
3,197,0x1.1331e35a9b3c9p-695,0x1.fa1ed2ef4b6cfp-641,0x1.fa1ed2ef4b6dp-641,2.16663952701785539e-193
3,198,0x1.9729f16e4f3d5p-700,0x1.fa1ed2ef4b6cfp-641,0x1.fa1ed2ef4b6dp-641,2.16663952701785539e-193
3,199,0x1.2be39e0c104b7p-704,0x1.fa1ed2ef4b6cfp-641,0x1.fa1ed2ef4b6dp-641,2.16663952701785539e-193
3,200,0x1.b7d40fcdc7492p-709,0x1.fa1ed2ef4b6cfp-641,0x1.fa1ed2ef4b6dp-641,2.16663952701785539e-193
3,201,0x1.41220f71e4819p-713,0x1.fa1ed2ef4b6cfp-641,0x1.fa1ed2ef4b6dp-641,2.16663952701785539e-193
3,202,0x1.d2e93e3a3d49p-718,0x1.fa1ed2ef4b6cfp-641,0x1.fa1ed2ef4b6dp-641,2.16663952701785539e-193
3,203,0x1.51f87b9b07557p-722,0x1.fa1ed2ef4b6cfp-641,0x1.fa1ed2ef4b6dp-641,2.16663952701785539e-193
3,204,0x1.e72d790609e44p-727,0x1.fa1ed2ef4b6cfp-641,0x1.fa1ed2ef4b6dp-641,2.16663952701785539e-193
3,205,0x1.5da0fe0bde0e1p-731,0x1.fa1ed2ef4b6cfp-641,0x1.fa1ed2ef4b6dp-641,2.16663952701785539e-193
3,206,0x1.f3b26ee91d386p-736,0x1.fa1ed2ef4b6cfp-641,0x1.fa1ed2ef4b6dp-641,2.16663952701785539e-193
3,207,0x1.6393b00858e47p-740,0x1.fa1ed2ef4b6cfp-641,0x1.fa1ed2ef4b6dp-641,2.16663952701785539e-193
3,208,0x1.f7e9b2a770361p-745,0x1.fa1ed2ef4b6cfp-641,0x1.fa1ed2ef4b6dp-641,2.16663952701785539e-193
3,209,0x1.6390e4d1be9cdp-749,0x1.fa1ed2ef4b6cfp-641,0x1.fa1ed2ef4b6dp-641,2.16663952701785539e-193
3,210,0x1.f3af1b10226a4p-754,0x1.fa1ed2ef4b6cfp-641,0x1.fa1ed2ef4b6dp-641,2.16663952701785539e-193
3,211,0x1.5da56a573f254p-758,0x1.fa1ed2ef4b6cfp-641,0x1.fa1ed2ef4b6dp-641,2.16663952701785539e-193
3,212,0x1.e74a485843a4fp-763,0x1.fa1ed2ef4b6cfp-641,0x1.fa1ed2ef4b6dp-641,2.16663952701785539e-193
3,213,0x1.52286efdab9c4p-767,0x1.fa1ed2ef4b6cfp-641,0x1.fa1ed2ef4b6dp-641,2.16663952701785539e-193
3,214,0x1.d3674d8047b6bp-772,0x1.fa1ed2ef4b6cfp-641,0x1.fa1ed2ef4b6dp-641,2.16663952701785539e-193
3,215,0x1.41b368dd41c97p-776,0x1.fa1ed2ef4b6cfp-641,0x1.fa1ed2ef4b6dp-641,2.16663952701785539e-193
3,216,0x1.b9077de6f20c1p-781,0x1.fa1ed2ef4b6cfp-641,0x1.fa1ed2ef4b6dp-641,2.16663952701785539e-193
3,217,0x1.2d150496329e8p-785,0x1.fa1ed2ef4b6cfp-641,0x1.fa1ed2ef4b6dp-641,2.16663952701785539e-193
3,218,0x1.996c357066cf4p-790,0x1.fa1ed2ef4b6cfp-641,0x1.fa1ed2ef4b6dp-641,2.16663952701785539e-193
3,219,0x1.1540a20f6eabp-794,0x1.fa1ed2ef4b6cfp-641,0x1.fa1ed2ef4b6dp-641,2.16663952701785539e-193
3,220,0x1.75fe0062728b8p-799,0x1.fa1ed2ef4b6cfp-641,0x1.fa1ed2ef4b6dp-641,2.16663952701785539e-193
3,221,0x1.f67858bcb67ddp-804,0x1.fa1ed2ef4b6cfp-641,0x1.fa1ed2ef4b6dp-641,2.16663952701785539e-193
3,222,0x1.5032bfeff4d0cp-808,0x1.fa1ed2ef4b6cfp-641,0x1.fa1ed2ef4b6dp-641,2.16663952701785539e-193
3,223,0x1.c01c4414ee62fp-813,0x1.fa1ed2ef4b6cfp-641,0x1.fa1ed2ef4b6dp-641,2.16663952701785539e-193
3,224,0x1.297548b623c92p-817,0x1.fa1ed2ef4b6cfp-641,0x1.fa1ed2ef4b6dp-641,2.16663952701785539e-193
3,225,0x1.895ae0bd394c5p-822,0x1.fa1ed2ef4b6cfp-641,0x1.fa1ed2ef4b6dp-641,2.16663952701785539e-193
3,226,0x1.03108df28976bp-826,0x1.fa1ed2ef4b6cfp-641,0x1.fa1ed2ef4b6dp-641,2.16663952701785539e-193
3,227,0x1.53e8c8ef1ebf1p-831,0x1.fa1ed2ef4b6cfp-641,0x1.fa1ed2ef4b6dp-641,2.16663952701785539e-193
3,228,0x1.bc3f9b708c333p-836,0x1.fa1ed2ef4b6cfp-641,0x1.fa1ed2ef4b6dp-641,2.16663952701785539e-193
3,229,0x1.212ef3254a1fbp-840,0x1.fa1ed2ef4b6cfp-641,0x1.fa1ed2ef4b6dp-641,2.16663952701785539e-193
3,230,0x1.7708f761ec64dp-845,0x1.fa1ed2ef4b6cfp-641,0x1.fa1ed2ef4b6dp-641,2.16663952701785539e-193
3,231,0x1.e481274792e33p-850,0x1.fa1ed2ef4b6cfp-641,0x1.fa1ed2ef4b6dp-641,2.16663952701785539e-193
3,232,0x1.37c3e94e940eep-854,0x1.fa1ed2ef4b6cfp-641,0x1.fa1ed2ef4b6dp-641,2.16663952701785539e-193
3,233,0x1.8fb1be048a93ep-859,0x1.fa1ed2ef4b6cfp-641,0x1.fa1ed2ef4b6dp-641,2.16663952701785539e-193
3,234,0x1.fe79b121d023bp-864,0x1.fa1ed2ef4b6cfp-641,0x1.fa1ed2ef4b6dp-641,2.16663952701785539e-193
3,235,0x1.44bf1ada1c5b4p-868,0x1.fa1ed2ef4b6cfp-641,0x1.fa1ed2ef4b6dp-641,2.16663952701785539e-193
3,236,0x1.9ba05efd89dc7p-873,0x1.fa1ed2ef4b6cfp-641,0x1.fa1ed2ef4b6dp-641,2.16663952701785539e-193
3,237,0x1.03e5077dbc395p-877,0x1.fa1ed2ef4b6cfp-641,0x1.fa1ed2ef4b6dp-641,2.16663952701785539e-193
3,238,0x1.46f5677a85373p-882,0x1.fa1ed2ef4b6cfp-641,0x1.fa1ed2ef4b6dp-641,2.16663952701785539e-193
3,239,0x1.99cb49e672231p-887,0x1.fa1ed2ef4b6cfp-641,0x1.fa1ed2ef4b6dp-641,2.16663952701785539e-193
3,240,0x1.ffb53918f8f92p-892,0x1.fa1ed2ef4b6cfp-641,0x1.fa1ed2ef4b6dp-641,2.16663952701785539e-193
3,241,0x1.3e4d10bc52d7dp-896,0x1.fa1ed2ef4b6cfp-641,0x1.fa1ed2ef4b6dp-641,2.16663952701785539e-193
3,242,0x1.8a8789c029514p-901,0x1.fa1ed2ef4b6cfp-641,0x1.fa1ed2ef4b6dp-641,2.16663952701785539e-193
3,243,0x1.e73777a92b0c8p-906,0x1.fa1ed2ef4b6cfp-641,0x1.fa1ed2ef4b6dp-641,2.16663952701785539e-193
3,244,0x1.2bbcf962dec45p-910,0x1.fa1ed2ef4b6cfp-641,0x1.fa1ed2ef4b6dp-641,2.16663952701785539e-193
3,245,0x1.6f74aa1d7addcp-915,0x1.fa1ed2ef4b6cfp-641,0x1.fa1ed2ef4b6dp-641,2.16663952701785539e-193
3,246,0x1.c0d5c56460e0cp-920,0x1.fa1ed2ef4b6cfp-641,0x1.fa1ed2ef4b6dp-641,2.16663952701785539e-193
3,247,0x1.1120413657ab2p-924,0x1.fa1ed2ef4b6cfp-641,0x1.fa1ed2ef4b6dp-641,2.16663952701785539e-193
3,248,0x1.4b34ff3ccc89p-929,0x1.fa1ed2ef4b6cfp-641,0x1.fa1ed2ef4b6dp-641,2.16663952701785539e-193
3,249,0x1.9031fa23d955ep-934,0x1.fa1ed2ef4b6cfp-641,0x1.fa1ed2ef4b6dp-641,2.16663952701785539e-193
3,250,0x1.e1d22edb64931p-939,0x1.fa1ed2ef4b6cfp-641,0x1.fa1ed2ef4b6dp-641,2.16663952701785539e-193
3,251,0x1.2103346095ec3p-943,0x1.fa1ed2ef4b6cfp-641,0x1.fa1ed2ef4b6dp-641,2.16663952701785539e-193
3,252,0x1.597c59e0d7009p-948,0x1.fa1ed2ef4b6cfp-641,0x1.fa1ed2ef4b6dp-641,2.16663952701785539e-193
3,253,0x1.9b87b9afa0c09p-953,0x1.fa1ed2ef4b6cfp-641,0x1.fa1ed2ef4b6dp-641,2.16663952701785539e-193
3,254,0x1.e877fe69e062ep-958,0x1.fa1ed2ef4b6cfp-641,0x1.fa1ed2ef4b6dp-641,2.16663952701785539e-193
3,255,0x1.20e023d9e6fb2p-962,0x1.fa1ed2ef4b6cfp-641,0x1.fa1ed2ef4b6dp-641,2.16663952701785539e-193
3,256,0x1.547a60dea1f8ap-967,0x1.fa1ed2ef4b6cfp-641,0x1.fa1ed2ef4b6dp-641,2.16663952701785539e-193
3,257,0x1.8fe561b05d557p-972,0x1.fa1ed2ef4b6cfp-641,0x1.fa1ed2ef4b6dp-641,2.16663952701785539e-193
3,258,0x1.d40c2ec59d9abp-977,0x1.fa1ed2ef4b6cfp-641,0x1.fa1ed2ef4b6dp-641,2.16663952701785539e-193
3,259,0x1.10f4d1a1d3a9cp-981,0x1.fa1ed2ef4b6cfp-641,0x1.fa1ed2ef4b6dp-641,2.16663952701785539e-193
3,260,0x1.3d43c3112f33ap-986,0x1.fa1ed2ef4b6cfp-641,0x1.fa1ed2ef4b6dp-641,2.16663952701785539e-193
3,261,0x1.6f7e9e77a0c27p-991,0x1.fa1ed2ef4b6cfp-641,0x1.fa1ed2ef4b6dp-641,2.16663952701785539e-193
3,262,0x1.a83707a02c67ep-996,0x1.fa1ed2ef4b6cfp-641,0x1.fa1ed2ef4b6dp-641,2.16663952701785539e-193
3,263,0x1.e803799d4faa8p-1001,0x1.fa1ed2ef4b6cfp-641,0x1.fa1ed2ef4b6dp-641,2.16663952701785539e-193
3,264,0x1.17bef7524a503p-1005,0x1.fa1ed2ef4b6cfp-641,0x1.fa1ed2ef4b6dp-641,2.16663952701785539e-193
3,265,0x1.3fa123d0eed9ep-1010,0x1.fa1ed2ef4b6cfp-641,0x1.fa1ed2ef4b6dp-641,2.16663952701785539e-193
3,266,0x1.6bf63972c0a2bp-1015,0x1.fa1ed2ef4b6cfp-641,0x1.fa1ed2ef4b6dp-641,2.16663952701785539e-193
3,267,0x1.9d0b2962466cfp-1020,0x1.fa1ed2ef4b6cfp-641,0x1.fa1ed2ef4b6dp-641,2.16663952701785539e-193
3,268,0x0.3a65566b7c58p-1022,0x1.fa1ed2ef4b6cfp-641,0x1.fa1ed2ef4b6dp-641,2.16663952701785539e-193
3,269,0x0.020e9c1ed83dcp-1022,0x1.fa1ed2ef4b6cfp-641,0x1.fa1ed2ef4b6dp-641,2.16663952701785539e-193
3,270,0x0.00127d0fea0d8p-1022,0x1.fa1ed2ef4b6cfp-641,0x1.fa1ed2ef4b6dp-641,2.16663952701785539e-193
3,271,0x0.0000a59f19257p-1022,0x1.fa1ed2ef4b6cfp-641,0x1.fa1ed2ef4b6dp-641,2.16663952701785539e-193
3,272,0x0.000005c78c4e7p-1022,0x1.fa1ed2ef4b6cfp-641,0x1.fa1ed2ef4b6dp-641,2.16663952701785539e-193
3,273,0x0.000000341a91dp-1022,0x1.fa1ed2ef4b6cfp-641,0x1.fa1ed2ef4b6dp-641,2.16663952701785539e-193
3,274,0x0.00000002502bdp-1022,0x1.fa1ed2ef4b6cfp-641,0x1.fa1ed2ef4b6dp-641,2.16663952701785539e-193
3,275,0x0.000000007195ep-1022,0x1.fa1ed2ef4b6cfp-641,0x1.fa1ed2ef4b6dp-641,2.16663952701785539e-193
3,276,0x0.00000000420a7p-1022,0x1.fa1ed2ef4b6cfp-641,0x1.fa1ed2ef4b6dp-641,2.16663952701785539e-193
3,277,0x0.00000000276fdp-1022,0x1.fa1ed2ef4b6cfp-641,0x1.fa1ed2ef4b6dp-641,2.16663952701785539e-193
3,278,0x0.0000000013bcap-1022,0x1.fa1ed2ef4b6cfp-641,0x1.fa1ed2ef4b6dp-641,2.16663952701785539e-193
3,279,0x0.000000000695ep-1022,0x1.fa1ed2ef4b6cfp-641,0x1.fa1ed2ef4b6dp-641,2.16663952701785539e-193
3,280,0x0p+0,0x1.fa1ed2ef4b6cfp-641,0x1.fa1ed2ef4b6cfp-641,2.16663952701785515e-193
4,0,0x1.7f03967299d1bp-4,0x1.11e64d64066aap-639,0x1.7f03967299d1cp-4,9.35092808591559411e-02
4,1,0x1.a7b87120af91dp-6,0x1.11e64d64066aap-639,0x1.a7b87120af91ep-6,2.58618454706659382e-02
4,2,0x1.b05597d41930fp-8,0x1.11e64d64066aap-639,0x1.b05597d41931p-8,6.59689862013547457e-03
4,3,0x1.a142dfd5deb6fp-10,0x1.11e64d64066aap-639,0x1.a142dfd5deb7p-10,1.59172526534120604e-03
4,4,0x1.848114fdff23bp-12,0x1.11e64d64066aap-639,0x1.848114fdff23cp-12,3.70506502690468509e-04
4,5,0x1.619fcbb4b5384p-14,0x1.11e64d64066aap-639,0x1.619fcbb4b5385p-14,8.43105797899268412e-05
4,6,0x1.3cfc47f23f8dfp-16,0x1.11e64d64066aap-639,0x1.3cfc47f23f8ep-16,1.88938065059867473e-05
4,7,0x1.18b83b395edfp-18,0x1.11e64d64066aap-639,0x1.18b83b395edf1p-18,4.18304880988759391e-06
4,8,0x1.ebba31acce79bp-21,0x1.11e64d64066aap-639,0x1.ebba31acce79cp-21,9.15913508237780645e-07
4,9,0x1.aa113b8cc49aep-23,0x1.11e64d64066aap-639,0x1.aa113b8cc49afp-23,1.98403054340267870e-07
4,10,0x1.6d559f5f78ac2p-25,0x1.11e64d64066aap-639,0x1.6d559f5f78ac3p-25,4.25305290948597799e-08
4,11,0x1.361f443fed77bp-27,0x1.11e64d64066aap-639,0x1.361f443fed77cp-27,9.02574204251981124e-09
4,12,0x1.04bb7bf6902cp-29,0x1.11e64d64066aap-639,0x1.04bb7bf6902c1p-29,1.89707760202411002e-09
4,13,0x1.b265015bba6b6p-32,0x1.11e64d64066aap-639,0x1.b265015bba6b7p-32,3.95079543501393301e-10
4,14,0x1.66aadfa9b9ae1p-34,0x1.11e64d64066aap-639,0x1.66aadfa9b9ae2p-34,8.15515421269033003e-11
4,15,0x1.259cdb09206ebp-36,0x1.11e64d64066aap-639,0x1.259cdb09206ecp-36,1.66899506677281010e-11
4,16,0x1.dcbb5327ec8b3p-39,0x1.11e64d64066aap-639,0x1.dcbb5327ec8b4p-39,3.38738273064470273e-12
4,17,0x1.7fe96d5731599p-41,0x1.11e64d64066aap-639,0x1.7fe96d573159ap-41,6.81964395452720359e-13
4,18,0x1.32bdf79fa2ccap-43,0x1.11e64d64066aap-639,0x1.32bdf79fa2ccbp-43,1.36220838913710589e-13
4,19,0x1.e66e5010c4deep-46,0x1.11e64d64066aap-639,0x1.e66e5010c4defp-46,2.70023397643058207e-14
4,20,0x1.7ed38cb51155bp-48,0x1.11e64d64066aap-639,0x1.7ed38cb51155cp-48,5.31278307143370161e-15
4,21,0x1.2b1b7d816564p-50,0x1.11e64d64066aap-639,0x1.2b1b7d8165641p-50,1.03773720107072258e-15
4,22,0x1.d0176eeae6f5ep-53,0x1.11e64d64066aap-639,0x1.d0176eeae6f5fp-53,2.01267620719901668e-16
4,23,0x1.658e1be0c09bfp-55,0x1.11e64d64066aap-639,0x1.658e1be0c09cp-55,3.87662030171688577e-17
4,24,0x1.119dcb18feafcp-57,0x1.11e64d64066aap-639,0x1.119dcb18feafdp-57,7.41638684801699823e-18
4,25,0x1.a00010d707dap-60,0x1.11e64d64066aap-639,0x1.a00010d707da1p-60,1.40946369483686653e-18
4,26,0x1.3a315dc981d9ap-62,0x1.11e64d64066aap-639,0x1.3a315dc981d9bp-62,2.66131685008253466e-19
4,27,0x1.d7973ff81afe3p-65,0x1.11e64d64066aap-639,0x1.d7973ff81afe4p-65,4.99316202535995902e-20
4,28,0x1.5fb76d386e541p-67,0x1.11e64d64066aap-639,0x1.5fb76d386e542p-67,9.30985851048952989e-21
4,29,0x1.04b5ba21df5fep-69,0x1.11e64d64066aap-639,0x1.04b5ba21df5ffp-69,1.72523320901085037e-21
4,30,0x1.802e49b86e8aep-72,0x1.11e64d64066aap-639,0x1.802e49b86e8afp-72,3.17786919719408212e-22
4,31,0x1.196436ed97f32p-74,0x1.11e64d64066aap-639,0x1.196436ed97f33p-74,5.81903907110670172e-23
4,32,0x1.99cfca0aaba2dp-77,0x1.11e64d64066aap-639,0x1.99cfca0aaba2ep-77,1.05933835541299858e-23
4,33,0x1.28b63432e1bc2p-79,0x1.11e64d64066aap-639,0x1.28b63432e1bc3p-79,1.91745463963571550e-24
4,34,0x1.ab3a1dd090477p-82,0x1.11e64d64066aap-639,0x1.ab3a1dd090478p-82,3.45111236310657554e-25
4,35,0x1.31dda18307ff9p-84,0x1.11e64d64066aap-639,0x1.31dda18307ffap-84,6.17690954364953509e-26
4,36,0x1.b38e40deef846p-87,0x1.11e64d64066aap-639,0x1.b38e40deef847p-87,1.09949710690836766e-26
4,37,0x1.3470227090a4ap-89,0x1.11e64d64066aap-639,0x1.3470227090a4bp-89,1.94651760005600387e-27
4,38,0x1.b280ae5939824p-92,0x1.11e64d64066aap-639,0x1.b280ae5939825p-92,3.42762161962666781e-28
4,39,0x1.306d8b8fad1dfp-94,0x1.11e64d64066aap-639,0x1.306d8b8fad1ep-94,6.00378193191880504e-29
4,40,0x1.a85af1aadcf82p-97,0x1.11e64d64066aap-639,0x1.a85af1aadcf83p-97,1.04611645841133366e-29
4,41,0x1.263bbac42c35bp-99,0x1.11e64d64066aap-639,0x1.263bbac42c35cp-99,1.81335282843190449e-30
4,42,0x1.95eebc4b24906p-102,0x1.11e64d64066aap-639,0x1.95eebc4b24907p-102,3.12719069568570247e-31
4,43,0x1.1698eabd7db32p-104,0x1.11e64d64066aap-639,0x1.1698eabd7db33p-104,5.36558943838585574e-32
4,44,0x1.7c7cef26ff15cp-107,0x1.11e64d64066aap-639,0x1.7c7cef26ff15dp-107,9.15991599049098231e-33
4,45,0x1.0286bc604378dp-109,0x1.11e64d64066aap-639,0x1.0286bc604378ep-109,1.55594864212855005e-33
4,46,0x1.5d94521dc8164p-112,0x1.11e64d64066aap-639,0x1.5d94521dc8165p-112,2.62994293758758707e-34
4,47,0x1.d661c858aeaffp-115,0x1.11e64d64066aap-639,0x1.d661c858aebp-115,4.42345072464346973e-35
4,48,0x1.3aec5da4e4a38p-117,0x1.11e64d64066aap-639,0x1.3aec5da4e4a39p-117,7.40381129343556703e-36
4,49,0x1.a3a54991cecf7p-120,0x1.11e64d64066aap-639,0x1.a3a54991cecf8p-120,1.23322773856785759e-36
4,50,0x1.164079cd48645p-122,0x1.11e64d64066aap-639,0x1.164079cd48646p-122,2.04427179894053360e-37
4,51,0x1.6f3c0e5f27948p-125,0x1.11e64d64066aap-639,0x1.6f3c0e5f27949p-125,3.37251711734327175e-38
4,52,0x1.e25efd0897f23p-128,0x1.11e64d64066aap-639,0x1.e25efd0897f24p-128,5.53734807124353263e-39
4,53,0x1.3b4e55fdc922fp-130,0x1.11e64d64066aap-639,0x1.3b4e55fdc923p-130,9.04883841157814505e-40
4,54,0x1.9a44790c0f128p-133,0x1.11e64d64066aap-639,0x1.9a44790c0f129p-133,1.47176237701428493e-40
4,55,0x1.09aa715b09d22p-135,0x1.11e64d64066aap-639,0x1.09aa715b09d23p-135,2.38257322618060196e-41
4,56,0x1.5675343a45f08p-138,0x1.11e64d64066aap-639,0x1.5675343a45f09p-138,3.83908502980148173e-42
4,57,0x1.b76669a3d5933p-141,0x1.11e64d64066aap-639,0x1.b76669a3d5934p-141,6.15730614501907992e-43
4,58,0x1.189720f5b1abep-143,0x1.11e64d64066aap-639,0x1.189720f5b1abfp-143,9.82977054752760102e-44
4,59,0x1.64b52d6343eb7p-146,0x1.11e64d64066aap-639,0x1.64b52d6343eb8p-146,1.56204370497128406e-44
4,60,0x1.c3650fd9d690cp-149,0x1.11e64d64066aap-639,0x1.c3650fd9d690dp-149,2.47085469676446043e-45
4,61,0x1.1c4d8dccabce3p-151,0x1.11e64d64066aap-639,0x1.1c4d8dccabce4p-151,3.89055937642082980e-46
4,62,0x1.647ea890fed85p-154,0x1.11e64d64066aap-639,0x1.647ea890fed86p-154,6.09809032219120409e-47
4,63,0x1.bcfcc0f5b20d9p-157,0x1.11e64d64066aap-639,0x1.bcfcc0f5b20dap-157,9.51477122839478469e-48
4,64,0x1.147709dd1006cp-159,0x1.11e64d64066aap-639,0x1.147709dd1006dp-159,1.47785176044366773e-48
4,65,0x1.55f9db950f1cep-162,0x1.11e64d64066aap-639,0x1.55f9db950f1cfp-162,2.28505350674613561e-49
4,66,0x1.a51a752087ec1p-165,0x1.11e64d64066aap-639,0x1.a51a752087ec2p-165,3.51721928883141919e-50
4,67,0x1.021a72d21d251p-167,0x1.11e64d64066aap-639,0x1.021a72d21d252p-167,5.38944867673559210e-51
4,68,0x1.3af9406a12cdcp-170,0x1.11e64d64066aap-639,0x1.3af9406a12cddp-170,8.22119557899671126e-52
4,69,0x1.7ea6f52c3173bp-173,0x1.11e64d64066aap-639,0x1.7ea6f52c3173cp-173,1.24846098514985880e-52
4,70,0x1.cecb061200c62p-176,0x1.11e64d64066aap-639,0x1.cecb061200c63p-176,1.88741601947138225e-53
4,71,0x1.169be932bf92dp-178,0x1.11e64d64066aap-639,0x1.169be932bf92ep-178,2.84063863934708301e-54
4,72,0x1.4df54543c492dp-181,0x1.11e64d64066aap-639,0x1.4df54543c492ep-181,4.25620743105770271e-55
4,73,0x1.8e85040c4cb9p-184,0x1.11e64d64066aap-639,0x1.8e85040c4cb91p-184,6.34878340065211490e-56
4,74,0x1.d972346d80cd3p-187,0x1.11e64d64066aap-639,0x1.d972346d80cd4p-187,9.42803965194060604e-57
4,75,0x1.17facfba8b2a2p-189,0x1.11e64d64066aap-639,0x1.17facfba8b2a3p-189,1.39385452071892001e-57
4,76,0x1.49ab8b096a431p-192,0x1.11e64d64066aap-639,0x1.49ab8b096a432p-192,2.05154200848411581e-58
4,77,0x1.8274f10c6e887p-195,0x1.11e64d64066aap-639,0x1.8274f10c6e888p-195,3.00615823747706089e-59
4,78,0x1.c30426191b098p-198,0x1.11e64d64066aap-639,0x1.c30426191b099p-198,4.38543866024535143e-60
4,79,0x1.06038b6f79848p-200,0x1.11e64d64066aap-639,0x1.06038b6f79849p-200,6.36920378495050651e-61
4,80,0x1.2f14a30291ab2p-203,0x1.11e64d64066aap-639,0x1.2f14a30291ab3p-203,9.20935195795330225e-62
4,81,0x1.5d08108dc3353p-206,0x1.11e64d64066aap-639,0x1.5d08108dc3354p-206,1.32570091130032730e-62
4,82,0x1.902b71fba372ep-209,0x1.11e64d64066aap-639,0x1.902b71fba372fp-209,1.89991928601940891e-63
4,83,0x1.c8c50b3fb6583p-212,0x1.11e64d64066aap-639,0x1.c8c50b3fb6584p-212,2.71080478627669701e-64
4,84,0x1.0388ad8b98d38p-214,0x1.11e64d64066aap-639,0x1.0388ad8b98d39p-214,3.85065892444609788e-65
4,85,0x1.25a0487dca91cp-217,0x1.11e64d64066aap-639,0x1.25a0487dca91dp-217,5.44559879430930729e-66
4,86,0x1.4ab9f926b0142p-220,0x1.11e64d64066aap-639,0x1.4ab9f926b0143p-220,7.66707882617548518e-67
4,87,0x1.72dd9fa418001p-223,0x1.11e64d64066aap-639,0x1.72dd9fa418002p-223,1.07470109315353197e-67
4,88,0x1.9e09154bf27d1p-226,0x1.11e64d64066aap-639,0x1.9e09154bf27d2p-226,1.49974897803912859e-68
4,89,0x1.cc2efc22ef62dp-229,0x1.11e64d64066aap-639,0x1.cc2efc22ef62ep-229,2.08363720424148405e-69
4,90,0x1.fd35ad05f289ap-232,0x1.11e64d64066aap-639,0x1.fd35ad05f289bp-232,2.88202460487926532e-70
4,91,0x1.187b27f1f2a78p-234,0x1.11e64d64066aap-639,0x1.187b27f1f2a79p-234,3.96866661319058464e-71
4,92,0x1.339e14acbe097p-237,0x1.11e64d64066aap-639,0x1.339e14acbe098p-237,5.44079176942323325e-72
4,93,0x1.4fe2144353cb4p-240,0x1.11e64d64066aap-639,0x1.4fe2144353cb5p-240,7.42590272951243602e-73
4,94,0x1.6d1e5f831578ap-243,0x1.11e64d64066aap-639,0x1.6d1e5f831578bp-243,1.00903237118344270e-73
4,95,0x1.8b2305c431fafp-246,0x1.11e64d64066aap-639,0x1.8b2305c431fbp-246,1.36498722612477865e-74
4,96,0x1.a9b92edaa0dfdp-249,0x1.11e64d64066aap-639,0x1.a9b92edaa0dfep-249,1.83830939570079252e-75
4,97,0x1.c8a38bd777002p-252,0x1.11e64d64066aap-639,0x1.c8a38bd777003p-252,2.46475631221934550e-76
4,98,0x1.e79ef77281a65p-255,0x1.11e64d64066aap-639,0x1.e79ef77281a66p-255,3.28998189811726061e-77
4,99,0x1.0331a2bcceaabp-257,0x1.11e64d64066aap-639,0x1.0331a2bcceaacp-257,4.37195726083483617e-78
4,100,0x1.12521f87e038ep-260,0x1.11e64d64066aap-639,0x1.12521f87e038fp-260,5.78388821259953732e-79
4,101,0x1.210963f4024f9p-263,0x1.11e64d64066aap-639,0x1.210963f4024fap-263,7.61770477080708745e-80
4,102,0x1.2f2f1388cc648p-266,0x1.11e64d64066aap-639,0x1.2f2f1388cc649p-266,9.98820187741874388e-81
4,103,0x1.3c9ab634ee33ep-269,0x1.11e64d64066aap-639,0x1.3c9ab634ee33fp-269,1.30379126992361964e-81
4,104,0x1.49247539bee9dp-272,0x1.11e64d64066aap-639,0x1.49247539bee9ep-272,1.69427952976142463e-82
4,105,0x1.54a5dd9a8a8b4p-275,0x1.11e64d64066aap-639,0x1.54a5dd9a8a8b5p-275,2.19188093514660128e-83
4,106,0x1.5efaa2f73a877p-278,0x1.11e64d64066aap-639,0x1.5efaa2f73a878p-278,2.82294510663564893e-84
4,107,0x1.68015d7b2e196p-281,0x1.11e64d64066aap-639,0x1.68015d7b2e197p-281,3.61943004371153742e-85
4,108,0x1.6f9c3d79c5824p-284,0x1.11e64d64066aap-639,0x1.6f9c3d79c5825p-284,4.61986146698683237e-86
4,109,0x1.75b1af74ef689p-287,0x1.11e64d64066aap-639,0x1.75b1af74ef68ap-287,5.87039738678201868e-87
4,110,0x1.7a2ceb9f64d66p-290,0x1.11e64d64066aap-639,0x1.7a2ceb9f64d67p-290,7.42599492025758904e-88
4,111,0x1.7cfe6c7254bbep-293,0x1.11e64d64066aap-639,0x1.7cfe6c7254bbfp-293,9.35167190688135579e-89
4,112,0x1.7e1c48a0e6e76p-296,0x1.11e64d64066aap-639,0x1.7e1c48a0e6e77p-296,1.17238504763333941e-89
4,113,0x1.7d826d8ceb81ep-299,0x1.11e64d64066aap-639,0x1.7d826d8ceb81fp-299,1.46317634014155718e-90
4,114,0x1.7b32b8570fcb9p-302,0x1.11e64d64066aap-639,0x1.7b32b8570fcbap-302,1.81788968651868816e-91
4,115,0x1.7734ecb05787cp-305,0x1.11e64d64066aap-639,0x1.7734ecb05787dp-305,2.24844352869285591e-92
4,116,0x1.719689a7a2f47p-308,0x1.11e64d64066aap-639,0x1.719689a7a2f48p-308,2.76846652516632999e-93
4,117,0x1.6a6a7dc16c3d5p-311,0x1.11e64d64066aap-639,0x1.6a6a7dc16c3d6p-311,3.39342866115550791e-94
4,118,0x1.61c8bcae68091p-314,0x1.11e64d64066aap-639,0x1.61c8bcae68092p-314,4.14075697907084948e-95
4,119,0x1.57cdb9e4b0177p-317,0x1.11e64d64066aap-639,0x1.57cdb9e4b0178p-317,5.02992896221815586e-96
4,120,0x1.4c99cc2d1358bp-320,0x1.11e64d64066aap-639,0x1.4c99cc2d1358cp-320,6.08253581468449546e-97
4,121,0x1.40507edb2c8adp-323,0x1.11e64d64066aap-639,0x1.40507edb2c8aep-323,7.32230722435780659e-98
4,122,0x1.3317d5dd0761bp-326,0x1.11e64d64066aap-639,0x1.3317d5dd0761cp-326,8.77508873259377247e-99
4,123,0x1.25178a12b1016p-329,0x1.11e64d64066aap-639,0x1.25178a12b1017p-329,1.04687626248694794e-99
4,124,0x1.1678436dbe72ep-332,0x1.11e64d64066aap-639,0x1.1678436dbe72fp-332,1.24331033637943571e-100
4,125,0x1.0762d635a2cdbp-335,0x1.11e64d64066aap-639,0x1.0762d635a2cdcp-335,1.46995590679291621e-101
4,126,0x1.efff10f5d4de8p-339,0x1.11e64d64066aap-639,0x1.efff10f5d4de9p-339,1.73009514489446770e-102
4,127,0x1.d0eac88cc2416p-342,0x1.11e64d64066aap-639,0x1.d0eac88cc2417p-342,2.02710879965799832e-103
4,128,0x1.b1d334e185c64p-345,0x1.11e64d64066aap-639,0x1.b1d334e185c65p-345,2.36442820711026963e-104
4,129,0x1.92fdf2a8189ecp-348,0x1.11e64d64066aap-639,0x1.92fdf2a8189edp-348,2.74547789324081804e-105
4,130,0x1.74aaf37395472p-351,0x1.11e64d64066aap-639,0x1.74aaf37395473p-351,3.17360885860438402e-106
4,131,0x1.5713c7266591ep-354,0x1.11e64d64066aap-639,0x1.5713c7266591fp-354,3.65202296153860300e-107
4,132,0x1.3a6b1662c8d1ep-357,0x1.11e64d64066aap-639,0x1.3a6b1662c8d1fp-357,4.18368918235687570e-108
4,133,0x1.1edc4dcd22576p-360,0x1.11e64d64066aap-639,0x1.1edc4dcd22577p-360,4.77125294270562947e-109
4,134,0x1.048b7876978c1p-363,0x1.11e64d64066aap-639,0x1.048b7876978c2p-363,5.41694005951795941e-110
4,135,0x1.d72a8cf114fcap-367,0x1.11e64d64066aap-639,0x1.d72a8cf114fcbp-367,6.12245731612805106e-111
4,136,0x1.a81e7763e4a8bp-370,0x1.11e64d64066aap-639,0x1.a81e7763e4a8cp-370,6.88889201648915556e-112
4,137,0x1.7c100379a2087p-373,0x1.11e64d64066aap-639,0x1.7c100379a2088p-373,7.71661323297864995e-113
4,138,0x1.530faf2e52cd7p-376,0x1.11e64d64066aap-639,0x1.530faf2e52cd8p-376,8.60517774422878900e-114
4,139,0x1.2d22323fdad5ep-379,0x1.11e64d64066aap-639,0x1.2d22323fdad5fp-379,9.55324386734694161e-115
4,140,0x1.0a41b0d54585cp-382,0x1.11e64d64066aap-639,0x1.0a41b0d54585dp-382,1.05584965006971934e-115
4,141,0x1.d4be0c1b4a48fp-386,0x1.11e64d64066aap-639,0x1.d4be0c1b4a49p-386,1.16175866934610010e-116
4,142,0x1.9ac6368ee602bp-389,0x1.11e64d64066aap-639,0x1.9ac6368ee602cp-389,1.27260889343938977e-117
4,143,0x1.666083b2d7d9fp-392,0x1.11e64d64066aap-639,0x1.666083b2d7dap-392,1.38784790969477674e-118
4,144,0x1.37470c39d85a6p-395,0x1.11e64d64066aap-639,0x1.37470c39d85a7p-395,1.50681355890856378e-119
4,145,0x1.0d2be7f9bc70ap-398,0x1.11e64d64066aap-639,0x1.0d2be7f9bc70bp-398,1.62873657374758283e-120
4,146,0x1.cf771aa3a39b7p-402,0x1.11e64d64066aap-639,0x1.cf771aa3a39b8p-402,1.75274587974873088e-121
4,147,0x1.8d3dfa05a7685p-405,0x1.11e64d64066aap-639,0x1.8d3dfa05a7686p-405,1.87787662391143170e-122
4,148,0x1.52fb66fa326aap-408,0x1.11e64d64066aap-639,0x1.52fb66fa326abp-408,2.00308091371627612e-123
4,149,0x1.1ffeb6b9e08a2p-411,0x1.11e64d64066aap-639,0x1.1ffeb6b9e08a3p-411,2.12724116197728563e-124
4,150,0x1.e734fd0dea5cdp-415,0x1.11e64d64066aap-639,0x1.e734fd0dea5cep-415,2.24918584348599058e-125
4,151,0x1.9a4ded92959bfp-418,0x1.11e64d64066aap-639,0x1.9a4ded92959cp-418,2.36770738146058422e-126
4,152,0x1.5807c3dcf7503p-421,0x1.11e64d64066aap-639,0x1.5807c3dcf7504p-421,2.48158179904339227e-127
4,153,0x1.1f33fcb811abfp-424,0x1.11e64d64066aap-639,0x1.1f33fcb811acp-424,2.58958969711754734e-128
4,154,0x1.dd7033fed8ba6p-428,0x1.11e64d64066aap-639,0x1.dd7033fed8ba7p-428,2.69053805796272537e-129
4,155,0x1.8b1dde6b2b411p-431,0x1.11e64d64066aap-639,0x1.8b1dde6b2b412p-431,2.78328232774869934e-130
4,156,0x1.45928b5370bf5p-434,0x1.11e64d64066aap-639,0x1.45928b5370bf6p-434,2.86674820204174171e-131
4,157,0x1.0b1be2107bbe1p-437,0x1.11e64d64066aap-639,0x1.0b1be2107bbe2p-437,2.93995252911351213e-132
4,158,0x1.b465b405d5715p-441,0x1.11e64d64066aap-639,0x1.b465b405d5716p-441,3.00202275685483973e-133
4,159,0x1.62f46ee41d3dap-444,0x1.11e64d64066aap-639,0x1.62f46ee41d3dbp-444,3.05221438056510990e-134
4,160,0x1.1f78ec7970c37p-447,0x1.11e64d64066aap-639,0x1.1f78ec7970c38p-447,3.08992589999107187e-135
4,161,0x1.cfa52a61002b4p-451,0x1.11e64d64066aap-639,0x1.cfa52a61002b5p-451,3.11471086300868201e-136
4,162,0x1.744b6e1abfcf5p-454,0x1.11e64d64066aap-639,0x1.744b6e1abfcf6p-454,3.12628665777960669e-137
4,163,0x1.29ab5741987e3p-457,0x1.11e64d64066aap-639,0x1.29ab5741987e4p-457,3.12453981187217184e-138
4,164,0x1.d9fb8b1b5d19p-461,0x1.11e64d64066aap-639,0x1.d9fb8b1b5d191p-461,3.10952766196378090e-139
4,165,0x1.77c3f19e63f4dp-464,0x1.11e64d64066aap-639,0x1.77c3f19e63f4ep-464,3.08147636725447731e-140
4,166,0x1.28a449cea7531p-467,0x1.11e64d64066aap-639,0x1.28a449cea7532p-467,3.04077534935697278e-141
4,167,0x1.d2626102df8e7p-471,0x1.11e64d64066aap-639,0x1.d2626102df8e8p-471,2.98796834694831812e-142
4,168,0x1.6d1660dbccaa1p-474,0x1.11e64d64066aap-639,0x1.6d1660dbccaa2p-474,2.92374137090465056e-143
4,169,0x1.1c9828ee54778p-477,0x1.11e64d64066aap-639,0x1.1c9828ee54779p-477,2.84890793142523266e-144
4,170,0x1.b9d7af2d9905bp-481,0x1.11e64d64066aap-639,0x1.b9d7af2d9905cp-481,2.76439197978184374e-145
4,171,0x1.558f1b460bd8bp-484,0x1.11e64d64066aap-639,0x1.558f1b460bd8cp-484,2.67120906153542735e-146
4,172,0x1.06f098908f981p-487,0x1.11e64d64066aap-639,0x1.06f098908f982p-487,2.57044621383755902e-147
4,173,0x1.93285371dd8edp-491,0x1.11e64d64066aap-639,0x1.93285371dd8eep-491,2.46324115608994223e-148
4,174,0x1.33cc6404f5a6p-494,0x1.11e64d64066aap-639,0x1.33cc6404f5a61p-494,2.35076132093769664e-149
4,175,0x1.d40dffecb97b8p-498,0x1.11e64d64066aap-639,0x1.d40dffecb97b9p-498,2.23418325225055715e-150
4,176,0x1.626a02150a48fp-501,0x1.11e64d64066aap-639,0x1.626a02150a49p-501,2.11467286001426317e-151
4,177,0x1.0b444dfa1994fp-504,0x1.11e64d64066aap-639,0x1.0b444dfa1995p-504,1.99336697117363568e-152
4,178,0x1.9173df68f11a8p-508,0x1.11e64d64066aap-639,0x1.9173df68f11a9p-508,1.87135655308374428e-153
4,179,0x1.2c4751ca3054dp-511,0x1.11e64d64066aap-639,0x1.2c4751ca3054ep-511,1.74967191535601513e-154
4,180,0x1.bf62674406074p-515,0x1.11e64d64066aap-639,0x1.bf62674406075p-515,1.62927011967196488e-155
4,181,0x1.4beea0465c85dp-518,0x1.11e64d64066aap-639,0x1.4beea0465c85ep-518,1.51102474871507160e-156
4,182,0x1.ea904f1883eecp-522,0x1.11e64d64066aap-639,0x1.ea904f1883eedp-522,1.39571810778134871e-157
4,183,0x1.690c442512499p-525,0x1.11e64d64066aap-639,0x1.690c44251249ap-525,1.28403585859398059e-158
4,184,0x1.08a9baa5b69aep-528,0x1.11e64d64066aap-639,0x1.08a9baa5b69afp-528,1.17656401677694756e-159
4,185,0x1.82786e9f853e1p-532,0x1.11e64d64066aap-639,0x1.82786e9f853e2p-532,1.07378818428271085e-160
4,186,0x1.190c2631d8f99p-535,0x1.11e64d64066aap-639,0x1.190c2631d8f9ap-535,9.76094837276393396e-162
4,187,0x1.97251c8435187p-539,0x1.11e64d64066aap-639,0x1.97251c8435188p-539,8.83774449532871068e-163
4,188,0x1.25beac6586a9fp-542,0x1.11e64d64066aap-639,0x1.25beac6586aap-542,7.97026201740418276e-164
4,189,0x1.a630d9bfe8f8ap-546,0x1.11e64d64066aap-639,0x1.a630d9bfe8f8bp-546,7.15964008237811810e-165
4,190,0x1.2e360f089e8ap-549,0x1.11e64d64066aap-639,0x1.2e360f089e8a1p-549,6.40623584183939525e-166
4,191,0x1.aef6cd93e59dcp-553,0x1.11e64d64066aap-639,0x1.aef6cd93e59ddp-553,5.70970277198084794e-167
4,192,0x1.3216819a2637p-556,0x1.11e64d64066aap-639,0x1.3216819a26371p-556,5.06907397015015198e-168
4,193,0x1.b11a753aaa63dp-560,0x1.11e64d64066aap-639,0x1.b11a753aaa63ep-560,4.48284793402046201e-169
4,194,0x1.313a187422a32p-563,0x1.11e64d64066aap-639,0x1.313a187422a33p-563,3.94907455051482320e-170
4,195,0x1.ac8de3061bcbap-567,0x1.11e64d64066aap-639,0x1.ac8de3061bcbbp-567,3.46543928936143371e-171
4,196,0x1.2bb314d1d2c38p-570,0x1.11e64d64066aap-639,0x1.2bb314d1d2c39p-570,3.02934389229152803e-172
4,197,0x1.a191ee1b1051fp-574,0x1.11e64d64066aap-639,0x1.a191ee1b1052p-574,2.63798215974377749e-173
4,198,0x1.21c9dfc50f91ep-577,0x1.11e64d64066aap-639,0x1.21c9dfc50f91fp-577,2.28840974982657116e-174
4,199,0x1.90b066149708fp-581,0x1.11e64d64066aap-639,0x1.90b066149709p-581,1.97760720833907141e-175
4,200,0x1.13f6fc418146dp-584,0x1.11e64d64066aap-639,0x1.13f6fc418146ep-584,1.70253573463705030e-176
4,201,0x1.7ab0fefde72bcp-588,0x1.11e64d64066aap-639,0x1.7ab0fefde72bfp-588,1.46018544894711440e-177
4,202,0x1.02d9a2579cff7p-591,0x1.11e64d64066aap-639,0x1.02d9a2579d009p-591,1.24761615711104180e-178
4,203,0x1.608a2fb5b759ap-595,0x1.11e64d64066aap-639,0x1.608a2fb5b76acp-595,1.06199080543907248e-179
4,204,0x1.de580ba7f792cp-599,0x1.11e64d64066aap-639,0x1.de580ba7f8a4bp-599,9.00601979763791932e-181
4,205,0x1.434f96749ae0cp-602,0x1.11e64d64066aap-639,0x1.434f9674a37p-602,7.60891928964512467e-182
4,206,0x1.b36cef115b59cp-606,0x1.11e64d64066aap-639,0x1.b36cef11e44cfp-606,6.40466685455650782e-183
4,207,0x1.241f9bc4ae5cap-609,0x1.11e64d64066aap-639,0x1.241f9bc8f5f5ep-609,5.37104915955601443e-184
4,208,0x1.86852e22497b6p-613,0x1.11e64d64066aap-639,0x1.86852e66c30ecp-613,4.48762170011579521e-185
4,209,0x1.0411fafef6ed3p-616,0x1.11e64d64066aap-639,0x1.0411fd22c388p-616,3.73571221288111022e-186
4,210,0x1.591f5a7bc2fc6p-620,0x1.11e64d64066aap-639,0x1.591f7cb88ca8fp-620,3.09839384998452061e-187
4,211,0x1.c8512eca2bcf5p-624,0x1.11e64d64066aap-639,0x1.c8535296c6976p-624,2.56045683448342587e-188
4,212,0x1.2c9219982d95dp-627,0x1.11e64d64066aap-639,0x1.2ca337fd03d64p-627,2.10860877857746265e-189
4,213,0x1.8a87464bdc4efp-631,0x1.11e64d64066aap-639,0x1.8b992c9940556p-631,1.73415226597461772e-190
4,214,0x1.01fe146b894d4p-634,0x1.11e64d64066aap-639,0x1.0a8d46d6a980ap-634,1.46057715869523149e-191
4,215,0x1.5033549596234p-638,0x1.11e64d64066aap-639,0x1.d9267b4799589p-638,1.62039889342329541e-192
4,216,0x1.b48b208961c7ap-642,0x1.11e64d64066aap-639,0x1.4877b17532a3ap-639,5.62451758057731978e-193
4,217,0x1.1a673eada466p-645,0x1.11e64d64066aap-639,0x1.164fea5ebcfc4p-639,4.76568137536601899e-193
4,218,0x1.6c131e0b0c90cp-649,0x1.11e64d64066aap-639,0x1.1241522b892ddp-639,4.69621112379430357e-193
4,219,0x1.d3b28311f312ep-653,0x1.11e64d64066aap-639,0x1.11ed9c2e12b27p-639,4.69061180950681555e-193
4,220,0x1.2b57a673b7a2fp-656,0x1.11e64d64066aap-639,0x1.11e6e30fd9a48p-639,4.69016210883532742e-193
4,221,0x1.7dd37fdaf30b4p-660,0x1.11e64d64066aap-639,0x1.11e65952a2698p-639,4.69012611980118641e-193
4,222,0x1.e553273cc26a5p-664,0x1.11e64d64066aap-639,0x1.11e64e56affe4p-639,4.69012324981350688e-193
4,223,0x1.335b84a40b67fp-667,0x1.11e64d64066aap-639,0x1.11e64d773c22fp-639,4.69012302174871025e-193
4,224,0x1.83f0adcbe5c15p-671,0x1.11e64d64066aap-639,0x1.11e64d658a5b5p-639,4.69012300368903097e-193
4,225,0x1.e7f1c8476b754p-675,0x1.11e64d64066aap-639,0x1.11e64d6424e9cp-639,4.69012300226394693e-193
4,226,0x1.31cc82ce98db2p-678,0x1.11e64d64066aap-639,0x1.11e64d6408ce4p-639,4.69012300215188607e-193
4,227,0x1.7df7a3aa431d7p-682,0x1.11e64d64066aap-639,0x1.11e64d64069a6p-639,4.69012300214310443e-193
4,228,0x1.db76762c923ddp-686,0x1.11e64d64066aap-639,0x1.11e64d64066e6p-639,4.69012300214241918e-193
4,229,0x1.26e798dba5e3ap-689,0x1.11e64d64066aap-639,0x1.11e64d64066afp-639,4.69012300214236565e-193
4,230,0x1.6c932983359c5p-693,0x1.11e64d64066aap-639,0x1.11e64d64066abp-639,4.69012300214236176e-193
4,231,0x1.c12a6bd043a79p-697,0x1.11e64d64066aap-639,0x1.11e64d64066abp-639,4.69012300214236176e-193
4,232,0x1.13c01dc9e8556p-700,0x1.11e64d64066aap-639,0x1.11e64d64066abp-639,4.69012300214236176e-193
4,233,0x1.516d739047fd8p-704,0x1.11e64d64066aap-639,0x1.11e64d64066abp-639,4.69012300214236176e-193
4,234,0x1.9b81181379d7p-708,0x1.11e64d64066aap-639,0x1.11e64d64066abp-639,4.69012300214236176e-193
4,235,0x1.f4271111c06ebp-712,0x1.11e64d64066aap-639,0x1.11e64d64066abp-639,4.69012300214236176e-193
4,236,0x1.2eeda7b91c8cp-715,0x1.11e64d64066aap-639,0x1.11e64d64066abp-639,4.69012300214236176e-193
4,237,0x1.6db8ddb7a1d99p-719,0x1.11e64d64066aap-639,0x1.11e64d64066abp-639,4.69012300214236176e-193
4,238,0x1.b80f35caa4f7cp-723,0x1.11e64d64066aap-639,0x1.11e64d64066abp-639,4.69012300214236176e-193
4,239,0x1.07df79474d978p-726,0x1.11e64d64066aap-639,0x1.11e64d64066abp-639,4.69012300214236176e-193
4,240,0x1.3b674f5a04d6ep-730,0x1.11e64d64066aap-639,0x1.11e64d64066abp-639,4.69012300214236176e-193
4,241,0x1.77c07b592af7p-734,0x1.11e64d64066aap-639,0x1.11e64d64066abp-639,4.69012300214236176e-193
4,242,0x1.be2c4826bbd81p-738,0x1.11e64d64066aap-639,0x1.11e64d64066abp-639,4.69012300214236176e-193
4,243,0x1.0806c855a9337p-741,0x1.11e64d64066aap-639,0x1.11e64d64066abp-639,4.69012300214236176e-193
4,244,0x1.377510f21a16ep-745,0x1.11e64d64066aap-639,0x1.11e64d64066abp-639,4.69012300214236176e-193
4,245,0x1.6e35e49965b91p-749,0x1.11e64d64066aap-639,0x1.11e64d64066abp-639,4.69012300214236176e-193
4,246,0x1.ad307d9f147e4p-753,0x1.11e64d64066aap-639,0x1.11e64d64066abp-639,4.69012300214236176e-193
4,247,0x1.f55e7f6027233p-757,0x1.11e64d64066aap-639,0x1.11e64d64066abp-639,4.69012300214236176e-193
4,248,0x1.23e5e1809a387p-760,0x1.11e64d64066aap-639,0x1.11e64d64066abp-639,4.69012300214236176e-193
4,249,0x1.52cae86a1ad47p-764,0x1.11e64d64066aap-639,0x1.11e64d64066abp-639,4.69012300214236176e-193
4,250,0x1.87f57df437dp-768,0x1.11e64d64066aap-639,0x1.11e64d64066abp-639,4.69012300214236176e-193
4,251,0x1.c4048ae2d4954p-772,0x1.11e64d64066aap-639,0x1.11e64d64066abp-639,4.69012300214236176e-193
4,252,0x1.03ceec49b43aap-775,0x1.11e64d64066aap-639,0x1.11e64d64066abp-639,4.69012300214236176e-193
4,253,0x1.29b67aed76a5cp-779,0x1.11e64d64066aap-639,0x1.11e64d64066abp-639,4.69012300214236176e-193
4,254,0x1.5410ee15bde78p-783,0x1.11e64d64066aap-639,0x1.11e64d64066abp-639,4.69012300214236176e-193
4,255,0x1.8337a95fa0d5cp-787,0x1.11e64d64066aap-639,0x1.11e64d64066abp-639,4.69012300214236176e-193
4,256,0x1.b7848756741cdp-791,0x1.11e64d64066aap-639,0x1.11e64d64066abp-639,4.69012300214236176e-193
4,257,0x1.f150c80ef31bap-795,0x1.11e64d64066aap-639,0x1.11e64d64066abp-639,4.69012300214236176e-193
4,258,0x1.1879ef976c54ap-798,0x1.11e64d64066aap-639,0x1.11e64d64066abp-639,4.69012300214236176e-193
4,259,0x1.3b611186fb36p-802,0x1.11e64d64066aap-639,0x1.11e64d64066abp-639,4.69012300214236176e-193
4,260,0x1.6185afbf0b8dfp-806,0x1.11e64d64066aap-639,0x1.11e64d64066abp-639,4.69012300214236176e-193
4,261,0x1.8b0ca7d8b3d8ap-810,0x1.11e64d64066aap-639,0x1.11e64d64066abp-639,4.69012300214236176e-193
4,262,0x1.b81701d31b849p-814,0x1.11e64d64066aap-639,0x1.11e64d64066abp-639,4.69012300214236176e-193
4,263,0x1.e8c11b3661789p-818,0x1.11e64d64066aap-639,0x1.11e64d64066abp-639,4.69012300214236176e-193
4,264,0x1.0e90e6e05f2aep-821,0x1.11e64d64066aap-639,0x1.11e64d64066abp-639,4.69012300214236176e-193
4,265,0x1.2aa4ca932e103p-825,0x1.11e64d64066aap-639,0x1.11e64d64066abp-639,4.69012300214236176e-193
4,266,0x1.48a0dbe622bcap-829,0x1.11e64d64066aap-639,0x1.11e64d64066abp-639,4.69012300214236176e-193
4,267,0x1.6885bb5bda3cep-833,0x1.11e64d64066aap-639,0x1.11e64d64066abp-639,4.69012300214236176e-193
4,268,0x1.8a4fa49491923p-837,0x1.11e64d64066aap-639,0x1.11e64d64066abp-639,4.69012300214236176e-193
4,269,0x1.adf61441535a3p-841,0x1.11e64d64066aap-639,0x1.11e64d64066abp-639,4.69012300214236176e-193
4,270,0x1.d36b7893f7be5p-845,0x1.11e64d64066aap-639,0x1.11e64d64066abp-639,4.69012300214236176e-193
4,271,0x1.fa9cee7baa521p-849,0x1.11e64d64066aap-639,0x1.11e64d64066abp-639,4.69012300214236176e-193
4,272,0x1.11b906ebd08e7p-852,0x1.11e64d64066aap-639,0x1.11e64d64066abp-639,4.69012300214236176e-193
4,273,0x1.26e662da9a474p-856,0x1.11e64d64066aap-639,0x1.11e64d64066abp-639,4.69012300214236176e-193
4,274,0x1.3cc49e3b2113dp-860,0x1.11e64d64066aap-639,0x1.11e64d64066abp-639,4.69012300214236176e-193
4,275,0x1.533e7b879fad9p-864,0x1.11e64d64066aap-639,0x1.11e64d64066abp-639,4.69012300214236176e-193
4,276,0x1.6a35c0ac615dap-868,0x1.11e64d64066aap-639,0x1.11e64d64066abp-639,4.69012300214236176e-193
4,277,0x1.813b0fad438c7p-872,0x1.11e64d64066aap-639,0x1.11e64d64066abp-639,4.69012300214236176e-193
4,278,0x1.943f5d212996ep-876,0x1.11e64d64066aap-639,0x1.11e64d64066abp-639,4.69012300214236176e-193
4,279,0x1.79feaca407f58p-880,0x1.11e64d64066aap-639,0x1.11e64d64066abp-639,4.69012300214236176e-193
4,280,0x0p+0,0x1.11e64d64066aap-639,0x1.11e64d64066aap-639,4.69012300214236078e-193
5,0,0x1.b241b07c288bfp-4,0x1.1e16c81023e47p-638,0x1.b241b07c288cp-4,1.06019677538401247e-01
5,1,0x1.fb7e218ff69bdp-6,0x1.1e16c81023e47p-638,0x1.fb7e218ff69bep-6,3.09748962170972517e-02
5,2,0x1.14c31f641007ep-7,0x1.1e16c81023e47p-638,0x1.14c31f641007fp-7,8.44611199147515639e-03
5,3,0x1.2082c689f0d7p-9,0x1.1e16c81023e47p-638,0x1.2082c689f0d71p-9,2.20116303987232714e-03
5,4,0x1.245bf4589362dp-11,0x1.1e16c81023e47p-638,0x1.245bf4589362ep-11,5.57630915020095866e-04
5,5,0x1.22f5988f0e8d9p-13,0x1.1e16c81023e47p-638,0x1.22f5988f0e8dap-13,1.38740233951945372e-04
5,6,0x1.1ddeeec685c93p-15,0x1.1e16c81023e47p-638,0x1.1ddeeec685c94p-15,3.40784586578209463e-05
5,7,0x1.15e993933f48fp-17,0x1.1e16c81023e47p-638,0x1.15e993933f49p-17,8.28243518080144207e-06
5,8,0x1.0b97b5085e99dp-19,0x1.1e16c81023e47p-638,0x1.0b97b5085e99ep-19,1.99372027881207690e-06
5,9,0x1.feb333ff7fdcp-22,0x1.1e16c81023e47p-638,0x1.feb333ff7fdc1p-22,4.75626450197022635e-07
5,10,0x1.e33d597b958f8p-24,0x1.1e16c81023e47p-638,0x1.e33d597b958f9p-24,1.12512997968220200e-07
5,11,0x1.c5a58f6c24858p-26,0x1.1e16c81023e47p-638,0x1.c5a58f6c24859p-26,2.64057144349581185e-08
5,12,0x1.a6b189f234199p-28,0x1.1e16c81023e47p-638,0x1.a6b189f23419ap-28,6.15100014169811181e-09
5,13,0x1.870fb4d4512fap-30,0x1.1e16c81023e47p-638,0x1.870fb4d4512fbp-30,1.42267291443974899e-09
5,14,0x1.6756c02e83da6p-32,0x1.1e16c81023e47p-638,0x1.6756c02e83da7p-32,3.26816798369703194e-10
5,15,0x1.4806f5cc2f7d2p-34,0x1.1e16c81023e47p-638,0x1.4806f5cc2f7d3p-34,7.45847473976311322e-11
5,16,0x1.298ba11b2dfbdp-36,0x1.1e16c81023e47p-638,0x1.298ba11b2dfbep-36,1.69134993390725259e-11
5,17,0x1.0c3c33e35ee2cp-38,0x1.1e16c81023e47p-638,0x1.0c3c33e35ee2dp-38,3.81185098420060224e-12
5,18,0x1.e0babbdf05f54p-41,0x1.1e16c81023e47p-638,0x1.e0babbdf05f55p-41,8.53947009436911018e-13
5,19,0x1.ac449e85d3d37p-43,0x1.1e16c81023e47p-638,0x1.ac449e85d3d38p-43,1.90189217204221552e-13
5,20,0x1.7b5c6f0ff997cp-45,0x1.1e16c81023e47p-638,0x1.7b5c6f0ff997dp-45,4.21175394202686917e-14
5,21,0x1.4e2bf3733259fp-47,0x1.1e16c81023e47p-638,0x1.4e2bf373325ap-47,9.27512743004176642e-15
5,22,0x1.24c4002aae4fcp-49,0x1.1e16c81023e47p-638,0x1.24c4002aae4fdp-49,2.03146962823849838e-15
5,23,0x1.fe406e6fbab6fp-52,0x1.1e16c81023e47p-638,0x1.fe406e6fbab7p-52,4.42572788422733266e-16
5,24,0x1.ba55756900bb6p-54,0x1.1e16c81023e47p-638,0x1.ba55756900bb7p-54,9.59158583258920404e-17
5,25,0x1.7d7f6d3c21d91p-56,0x1.1e16c81023e47p-638,0x1.7d7f6d3c21d92p-56,2.06810350389086315e-17
5,26,0x1.47615881b7d76p-58,0x1.1e16c81023e47p-638,0x1.47615881b7d77p-58,4.43682982003617653e-18
5,27,0x1.178edf9e302d6p-60,0x1.1e16c81023e47p-638,0x1.178edf9e302d7p-60,9.47179684263158349e-19
5,28,0x1.db23392d664ffp-63,0x1.1e16c81023e47p-638,0x1.db23392d665p-63,2.01228597115690065e-19
5,29,0x1.91db5baffc3b3p-65,0x1.1e16c81023e47p-638,0x1.91db5baffc3b4p-65,4.25482508872487978e-20
5,30,0x1.524b1d7f9748fp-67,0x1.1e16c81023e47p-638,0x1.524b1d7f9749p-67,8.95455223792598938e-21
5,31,0x1.1b7a7741455c2p-69,0x1.1e16c81023e47p-638,0x1.1b7a7741455c3p-69,1.87590257457956699e-21
5,32,0x1.d8f2b0f7bfe44p-72,0x1.1e16c81023e47p-638,0x1.d8f2b0f7bfe45p-72,3.91213426945139449e-22
5,33,0x1.88c6cdf22aa58p-74,0x1.1e16c81023e47p-638,0x1.88c6cdf22aa59p-74,8.12242930073280272e-23
5,34,0x1.44c5559097d06p-76,0x1.1e16c81023e47p-638,0x1.44c5559097d07p-76,1.67902587361095166e-23
5,35,0x1.0b6297094c137p-78,0x1.1e16c81023e47p-638,0x1.0b6297094c138p-78,3.45587164025366182e-24
5,36,0x1.b66a0fdd6d7f5p-81,0x1.1e16c81023e47p-638,0x1.b66a0fdd6d7f6p-81,7.08296509793863924e-25
5,37,0x1.65ebc07962a5ap-83,0x1.1e16c81023e47p-638,0x1.65ebc07962a5bp-83,1.44563102538974910e-25
5,38,0x1.23015d9a93de2p-85,0x1.1e16c81023e47p-638,0x1.23015d9a93de3p-85,2.93840296476428645e-26
5,39,0x1.d7488f21ab61fp-88,0x1.1e16c81023e47p-638,0x1.d7488f21ab62p-88,5.94843322194733377e-27
5,40,0x1.7c191e6650f54p-90,0x1.1e16c81023e47p-638,0x1.7c191e6650f55p-90,1.19937818841804473e-27
5,41,0x1.315935e19670dp-92,0x1.1e16c81023e47p-638,0x1.315935e19670ep-92,2.40877477087864212e-28
5,42,0x1.e8b14843a4ae4p-95,0x1.1e16c81023e47p-638,0x1.e8b14843a4ae5p-95,4.81888018696438959e-29
5,43,0x1.85903ab2e2981p-97,0x1.1e16c81023e47p-638,0x1.85903ab2e2982p-97,9.60347915471574433e-30
5,44,0x1.355e25f88b8dcp-99,0x1.1e16c81023e47p-638,0x1.355e25f88b8ddp-99,1.90662606745909455e-30
5,45,0x1.e9873428fa56ep-102,0x1.1e16c81023e47p-638,0x1.e9873428fa56fp-102,3.77118761108462330e-31
5,46,0x1.81dff79716242p-104,0x1.1e16c81023e47p-638,0x1.81dff79716243p-104,7.43167970148074128e-32
5,47,0x1.2f0fde5276ec5p-106,0x1.1e16c81023e47p-638,0x1.2f0fde5276ec6p-106,1.45919038516780974e-32
5,48,0x1.da54d311339p-109,0x1.1e16c81023e47p-638,0x1.da54d31133901p-109,2.85477794409336960e-33
5,49,0x1.71e046d2c7138p-111,0x1.1e16c81023e47p-638,0x1.71e046d2c7139p-111,5.56527671477679293e-34
5,50,0x1.1f691dcb82d13p-113,0x1.1e16c81023e47p-638,0x1.1f691dcb82d14p-113,1.08111855827775646e-34
5,51,0x1.bd1c96488a424p-116,0x1.1e16c81023e47p-638,0x1.bd1c96488a425p-116,2.09290500554442149e-35
5,52,0x1.577cf7644798dp-118,0x1.1e16c81023e47p-638,0x1.577cf7644798ep-118,4.03768379779536800e-36
5,53,0x1.082a98aecd6eap-120,0x1.1e16c81023e47p-638,0x1.082a98aecd6ebp-120,7.76315254432073818e-37
5,54,0x1.94f5ce2322d1cp-123,0x1.1e16c81023e47p-638,0x1.94f5ce2322d1dp-123,1.48758874989291375e-37
5,55,0x1.355d7db0b7fa3p-125,0x1.1e16c81023e47p-638,0x1.355d7db0b7fa4p-125,2.84107065562924939e-38
5,56,0x1.d71e4664a5f4ap-128,0x1.1e16c81023e47p-638,0x1.d71e4664a5f4bp-128,5.40817241305538466e-39
5,57,0x1.658df51903e2fp-130,0x1.1e16c81023e47p-638,0x1.658df51903e3p-130,1.02613115165073595e-39
5,58,0x1.0e7da61d9d8d1p-132,0x1.1e16c81023e47p-638,0x1.0e7da61d9d8d2p-132,1.94067642899771255e-40
5,59,0x1.97f2926f8e826p-135,0x1.1e16c81023e47p-638,0x1.97f2926f8e827p-135,3.65860013466615987e-41
5,60,0x1.32a7d65b3f2d8p-137,0x1.1e16c81023e47p-638,0x1.32a7d65b3f2d9p-137,6.87545666836723225e-42
5,61,0x1.cb959164a0d15p-140,0x1.1e16c81023e47p-638,0x1.cb959164a0d16p-140,1.28802940686765559e-42
5,62,0x1.5751fcebc0097p-142,0x1.1e16c81023e47p-638,0x1.5751fcebc0098p-142,2.40547080420033223e-43
5,63,0x1.ff5be7e42a2dbp-145,0x1.1e16c81023e47p-638,0x1.ff5be7e42a2dcp-145,4.47854119631166402e-44
5,64,0x1.7ba948ae34763p-147,0x1.1e16c81023e47p-638,0x1.7ba948ae34764p-147,8.31279293720613629e-45
5,65,0x1.19078fca30fc7p-149,0x1.1e16c81023e47p-638,0x1.19078fca30fc8p-149,1.53830570219060779e-45
5,66,0x1.9ecba3b91dc78p-152,0x1.1e16c81023e47p-638,0x1.9ecba3b91dc79p-152,2.83814575619592679e-46
5,67,0x1.3134bfabee426p-154,0x1.1e16c81023e47p-638,0x1.3134bfabee427p-154,5.22076133684612331e-47
5,68,0x1.bfd0f282bc925p-157,0x1.1e16c81023e47p-638,0x1.bfd0f282bc926p-157,9.57525869670970049e-48
5,69,0x1.4791ec169ac6cp-159,0x1.1e16c81023e47p-638,0x1.4791ec169ac6dp-159,1.75103511852386772e-48
5,70,0x1.ddd5330fd1721p-162,0x1.1e16c81023e47p-638,0x1.ddd5330fd1722p-162,3.19283668234361676e-49
5,71,0x1.5b82100e65ab4p-164,0x1.1e16c81023e47p-638,0x1.5b82100e65ab5p-164,5.80504545347112469e-50
5,72,0x1.f802db4a141a2p-167,0x1.1e16c81023e47p-638,0x1.f802db4a141a3p-167,1.05242440482237860e-50
5,73,0x1.6c75f7149fc9dp-169,0x1.1e16c81023e47p-638,0x1.6c75f7149fc9ep-169,1.90257415662961232e-51
5,74,0x1.06ce65cf4400cp-171,0x1.1e16c81023e47p-638,0x1.06ce65cf4400dp-171,3.42978147712194354e-52
5,75,0x1.79f2f30a1f828p-174,0x1.1e16c81023e47p-638,0x1.79f2f30a1f829p-174,6.16558108834001586e-53
5,76,0x1.0f0397a49d8bep-176,0x1.1e16c81023e47p-638,0x1.0f0397a49d8bfp-176,1.10528067379344474e-53
5,77,0x1.8398997409d72p-179,0x1.1e16c81023e47p-638,0x1.8398997409d73p-179,1.97592383415352718e-54
5,78,0x1.14675afd31db6p-181,0x1.1e16c81023e47p-638,0x1.14675afd31db7p-181,3.52269239893811681e-55
5,79,0x1.89252916629f1p-184,0x1.1e16c81023e47p-638,0x1.89252916629f2p-184,6.26316371420730884e-56
5,80,0x1.16d6d88a3665bp-186,0x1.1e16c81023e47p-638,0x1.16d6d88a3665cp-186,1.11054135089371336e-56
5,81,0x1.8a7852151a1fcp-189,0x1.1e16c81023e47p-638,0x1.8a7852151a1fdp-189,1.96383428166521869e-57
5,82,0x1.1647635b07748p-191,0x1.1e16c81023e47p-638,0x1.1647635b07749p-191,3.46346719203102611e-58
5,83,0x1.8794396183bfep-194,0x1.1e16c81023e47p-638,0x1.8794396183bffp-194,6.09200525748756997e-59
5,84,0x1.12c68d249f652p-196,0x1.1e16c81023e47p-638,0x1.12c68d249f653p-196,1.06870793865471025e-59
5,85,0x1.809cb144518afp-199,0x1.1e16c81023e47p-638,0x1.809cb144518bp-199,1.86988035088225405e-60
5,86,0x1.0c78fc94a44ebp-201,0x1.1e16c81023e47p-638,0x1.0c78fc94a44ecp-201,3.26310374383461028e-61
5,87,0x1.75d4c14ba62b3p-204,0x1.1e16c81023e47p-638,0x1.75d4c14ba62b4p-204,5.67958126873716720e-62
5,88,0x1.039822f50cfe9p-206,0x1.1e16c81023e47p-638,0x1.039822f50cfeap-206,9.85998041793626731e-63
5,89,0x1.679ab4f14f4bfp-209,0x1.1e16c81023e47p-638,0x1.679ab4f14f4cp-209,1.70732360756602688e-63
5,90,0x1.f0de0225083ccp-212,0x1.1e16c81023e47p-638,0x1.f0de0225083cdp-212,2.94877271893286670e-64
5,91,0x1.5662ff9064b7fp-214,0x1.1e16c81023e47p-638,0x1.5662ff9064b8p-214,5.07993159370617678e-65
5,92,0x1.d6ac7288a0888p-217,0x1.1e16c81023e47p-638,0x1.d6ac7288a0889p-217,8.72912748041624330e-66
5,93,0x1.42b2540ee33eap-219,0x1.1e16c81023e47p-638,0x1.42b2540ee33ebp-219,1.49618524430746404e-66
5,94,0x1.b95f697475c4dp-222,0x1.1e16c81023e47p-638,0x1.b95f697475c4ep-222,2.55803491282844288e-67
5,95,0x1.2d17561d08a1fp-224,0x1.1e16c81023e47p-638,0x1.2d17561d08a2p-224,4.36253583669322855e-68
5,96,0x1.99c4490cd5112p-227,0x1.1e16c81023e47p-638,0x1.99c4490cd5113p-227,7.42143218301218004e-69
5,97,0x1.16244a17594e6p-229,0x1.1e16c81023e47p-638,0x1.16244a17594e7p-229,1.25938123830532236e-69
5,98,0x1.78a946fba1df5p-232,0x1.1e16c81023e47p-638,0x1.78a946fba1df6p-232,2.13182706569418749e-70
5,99,0x1.fcd2406bd08e8p-235,0x1.1e16c81023e47p-638,0x1.fcd2406bd08e9p-235,3.59978309407736496e-71
5,100,0x1.56d56b92f1fe5p-237,0x1.1e16c81023e47p-638,0x1.56d56b92f1fe6p-237,6.06365569800414854e-72
5,101,0x1.ccdc5251663edp-240,0x1.1e16c81023e47p-638,0x1.ccdc5251663eep-240,1.01889794312938982e-72
5,102,0x1.3501ae0b067b7p-242,0x1.1e16c81023e47p-638,0x1.3501ae0b067b8p-242,1.70792496224862479e-73
5,103,0x1.9d5f5ebec32a1p-245,0x1.1e16c81023e47p-638,0x1.9d5f5ebec32a2p-245,2.85596394136588416e-74
5,104,0x1.13d372e0ecc75p-247,0x1.1e16c81023e47p-638,0x1.13d372e0ecc76p-247,4.76415916623141419e-75
5,105,0x1.6f35360e390dfp-250,0x1.1e16c81023e47p-638,0x1.6f35360e390ep-250,7.92817234948937233e-76
5,106,0x1.e7b1259b09f73p-253,0x1.1e16c81023e47p-638,0x1.e7b1259b09f74p-253,1.31618441963117832e-76
5,107,0x1.43146284b405fp-255,0x1.1e16c81023e47p-638,0x1.43146284b406p-255,2.17982041130163889e-77
5,108,0x1.ab09e6327e0fp-258,0x1.1e16c81023e47p-638,0x1.ab09e6327e0f1p-258,3.60154094056293193e-78
5,109,0x1.198dd618b5161p-260,0x1.1e16c81023e47p-638,0x1.198dd618b5162p-260,5.93639701365059351e-79
5,110,0x1.72633b013d74bp-263,0x1.1e16c81023e47p-638,0x1.72633b013d74cp-263,9.76174899048667144e-80
5,111,0x1.e6193c222cca8p-266,0x1.1e16c81023e47p-638,0x1.e6193c222cca9p-266,1.60142105783522661e-80
5,112,0x1.3e3a604981145p-268,0x1.1e16c81023e47p-638,0x1.3e3a604981146p-268,2.62095539181952280e-81
5,113,0x1.9faeb099ba086p-271,0x1.1e16c81023e47p-638,0x1.9faeb099ba087p-271,4.27949800270338060e-82
5,114,0x1.0edadc584f026p-273,0x1.1e16c81023e47p-638,0x1.0edadc584f027p-273,6.97120661634927359e-83
5,115,0x1.6026281202d6ep-276,0x1.1e16c81023e47p-638,0x1.6026281202d6fp-276,1.13294219338649005e-83
5,116,0x1.c8c6c08d092fep-279,0x1.1e16c81023e47p-638,0x1.c8c6c08d092ffp-279,1.83693960849847495e-84
5,117,0x1.278e7d8dc9b12p-281,0x1.1e16c81023e47p-638,0x1.278e7d8dc9b13p-281,2.97147389928422502e-85
5,118,0x1.7d97be812c3a7p-284,0x1.1e16c81023e47p-638,0x1.7d97be812c3a8p-284,4.79558266488266761e-86
5,119,0x1.eb88f38090e0cp-287,0x1.1e16c81023e47p-638,0x1.eb88f38090e0dp-287,7.72157147949214388e-87
5,120,0x1.3bd8addc52042p-289,0x1.1e16c81023e47p-638,0x1.3bd8addc52043p-289,1.24041561002165772e-87
5,121,0x1.94f94c5f7fd02p-292,0x1.1e16c81023e47p-638,0x1.94f94c5f7fd03p-292,1.98805434128312710e-88
5,122,0x1.03079f72f7d54p-294,0x1.1e16c81023e47p-638,0x1.03079f72f7d55p-294,3.17900346090353390e-89
5,123,0x1.4a9a45d8a2abap-297,0x1.1e16c81023e47p-638,0x1.4a9a45d8a2abbp-297,5.07174750639132751e-90
5,124,0x1.a4fcb8048275p-300,0x1.1e16c81023e47p-638,0x1.a4fcb80482751p-300,8.07291182999869503e-91
5,125,0x1.0b6df8a54dbaap-302,0x1.1e16c81023e47p-638,0x1.0b6df8a54dbabp-302,1.28206716840519597e-91
5,126,0x1.52fe0ca4d67bdp-305,0x1.1e16c81023e47p-638,0x1.52fe0ca4d67bep-305,2.03142734320974949e-92
5,127,0x1.acba7a701b935p-308,0x1.1e16c81023e47p-638,0x1.acba7a701b936p-308,3.21146841095551277e-93
5,128,0x1.0e7e92d0a7763p-310,0x1.1e16c81023e47p-638,0x1.0e7e92d0a7764p-310,5.06546946533012933e-94
5,129,0x1.548c9670007cdp-313,0x1.1e16c81023e47p-638,0x1.548c9670007cep-313,7.97170499556353096e-95
5,130,0x1.abc7303ffb275p-316,0x1.1e16c81023e47p-638,0x1.abc7303ffb276p-316,1.25169907632717548e-95
5,131,0x1.0c1195f573eebp-318,0x1.1e16c81023e47p-638,0x1.0c1195f573eecp-318,1.96095448154930612e-96
5,132,0x1.4f372e1d1ed8ap-321,0x1.1e16c81023e47p-638,0x1.4f372e1d1ed8bp-321,3.06517715222857146e-97
5,133,0x1.a23d1e20e259dp-324,0x1.1e16c81023e47p-638,0x1.a23d1e20e259ep-324,4.78041607478737612e-98
5,134,0x1.04538404fbb3dp-326,0x1.1e16c81023e47p-638,0x1.04538404fbb3ep-326,7.43874005439536437e-99
5,135,0x1.435869af5bd2bp-329,0x1.1e16c81023e47p-638,0x1.435869af5bd2cp-329,1.15493647659381211e-99
5,136,0x1.90b8805267096p-332,0x1.1e16c81023e47p-638,0x1.90b8805267097p-332,1.78913561215432213e-100
5,137,0x1.ef8051a9f5a9ep-335,0x1.1e16c81023e47p-638,0x1.ef8051a9f5a9fp-335,2.76538904613355082e-101
5,138,0x1.31aa72459982p-337,0x1.1e16c81023e47p-638,0x1.31aa724599821p-337,4.26479690400459470e-102
5,139,0x1.78474a36a4bfap-340,0x1.1e16c81023e47p-638,0x1.78474a36a4bfbp-340,6.56252371000391144e-103
5,140,0x1.ce2c0213c2c5cp-343,0x1.1e16c81023e47p-638,0x1.ce2c0213c2c5dp-343,1.00756962195920541e-103
5,141,0x1.1b346b531f9c8p-345,0x1.1e16c81023e47p-638,0x1.1b346b531f9c9p-345,1.54351936747692228e-104
5,142,0x1.5a4ea5dfa0e7dp-348,0x1.1e16c81023e47p-638,0x1.5a4ea5dfa0e7ep-348,2.35929956608562520e-105
5,143,0x1.a687b32a2e941p-351,0x1.1e16c81023e47p-638,0x1.a687b32a2e942p-351,3.59823220312605441e-106
5,144,0x1.013184fcc162bp-353,0x1.1e16c81023e47p-638,0x1.013184fcc162cp-353,5.47559659684315847e-107
5,145,0x1.3869c4964c59p-356,0x1.1e16c81023e47p-638,0x1.3869c4964c591p-356,8.31401669653094934e-108
5,146,0x1.7aa62b4cacc16p-359,0x1.1e16c81023e47p-638,0x1.7aa62b4cacc17p-359,1.25958801061159048e-108
5,147,0x1.c9e9ea8e6cf4cp-362,0x1.1e16c81023e47p-638,0x1.c9e9ea8e6cf4dp-362,1.90408036628704212e-109
5,148,0x1.144637a08164ap-364,0x1.1e16c81023e47p-638,0x1.144637a08164bp-364,2.87198441380238419e-110
5,149,0x1.4ca29b6ae63dfp-367,0x1.1e16c81023e47p-638,0x1.4ca29b6ae63ep-367,4.32234879998050981e-111
5,150,0x1.8f9c79146b536p-370,0x1.1e16c81023e47p-638,0x1.8f9c79146b537p-370,6.49081625805540926e-112
5,151,0x1.df04055e01846p-373,0x1.1e16c81023e47p-638,0x1.df04055e01847p-373,9.72571202612455859e-113
5,152,0x1.1e77a74b977e8p-375,0x1.1e16c81023e47p-638,0x1.1e77a74b977e9p-375,1.45407518107343389e-113
5,153,0x1.55e17e5a21f1dp-378,0x1.1e16c81023e47p-638,0x1.55e17e5a21f1ep-378,2.16918418142010403e-114
5,154,0x1.971ded7139ccdp-381,0x1.1e16c81023e47p-638,0x1.971ded7139ccep-381,3.22887195056901062e-115
5,155,0x1.e3bc979972fccp-384,0x1.1e16c81023e47p-638,0x1.e3bc979972fcdp-384,4.79568585658892055e-116
5,156,0x1.1ec1f89bd0df8p-386,0x1.1e16c81023e47p-638,0x1.1ec1f89bd0df9p-386,7.10717151644797425e-117
5,157,0x1.533b9dc74017bp-389,0x1.1e16c81023e47p-638,0x1.533b9dc74017cp-389,1.05096839507245430e-117
5,158,0x1.906e72c5e7143p-392,0x1.1e16c81023e47p-638,0x1.906e72c5e7144p-392,1.55070755234011270e-118
5,159,0x1.d7a2a6bd65dep-395,0x1.1e16c81023e47p-638,0x1.d7a2a6bd65de1p-395,2.28306408662412699e-119
5,160,0x1.1524773355d4bp-397,0x1.1e16c81023e47p-638,0x1.1524773355d4cp-397,3.35393621042887548e-120
5,161,0x1.44ff1d1d282d1p-400,0x1.1e16c81023e47p-638,0x1.44ff1d1d282d2p-400,4.91632408353448155e-121
5,162,0x1.7c47c74ea8a49p-403,0x1.1e16c81023e47p-638,0x1.7c47c74ea8a4ap-403,7.19077511760038688e-122
5,163,0x1.bbfefb0e2395p-406,0x1.1e16c81023e47p-638,0x1.bbfefb0e23951p-406,1.04944787029372542e-122
5,164,0x1.02a0a0fd1033bp-408,0x1.1e16c81023e47p-638,0x1.02a0a0fd1033cp-408,1.52825713647645280e-123
5,165,0x1.2ca496ce20ddp-411,0x1.1e16c81023e47p-638,0x1.2ca496ce20dd1p-411,2.22066376664960947e-124
5,166,0x1.5cb8ab36187abp-414,0x1.1e16c81023e47p-638,0x1.5cb8ab36187acp-414,3.21973688331783600e-125
5,167,0x1.939b272998b2cp-417,0x1.1e16c81023e47p-638,0x1.939b272998b2dp-417,4.65810772545089452e-126
5,168,0x1.d21c3ed47afeep-420,0x1.1e16c81023e47p-638,0x1.d21c3ed47afefp-420,6.72435428854849701e-127
5,169,0x1.0c8f782203a26p-422,0x1.1e16c81023e47p-638,0x1.0c8f782203a27p-422,9.68598702548481561e-128
5,170,0x1.34cce6504e3dfp-425,0x1.1e16c81023e47p-638,0x1.34cce6504e3ep-425,1.39216181232683116e-128
5,171,0x1.624bd2e9e34d3p-428,0x1.1e16c81023e47p-638,0x1.624bd2e9e34d4p-428,1.99658759721136215e-129
5,172,0x1.959c0cfcba11p-431,0x1.1e16c81023e47p-638,0x1.959c0cfcba111p-431,2.85719643878178766e-130
5,173,0x1.cf57fac487dc8p-434,0x1.1e16c81023e47p-638,0x1.cf57fac487dc9p-434,4.07985896996178963e-131
5,174,0x1.0812593079e34p-436,0x1.1e16c81023e47p-638,0x1.0812593079e35p-436,5.81304577413748770e-132
5,175,0x1.2c58fb2683f8p-439,0x1.1e16c81023e47p-638,0x1.2c58fb2683f81p-439,8.26449038038885776e-133
5,176,0x1.54dd08cf1d9adp-442,0x1.1e16c81023e47p-638,0x1.54dd08cf1d9aep-442,1.17241763637354380e-133
5,177,0x1.8200c803bc981p-445,0x1.1e16c81023e47p-638,0x1.8200c803bc982p-445,1.65959723542273678e-134
5,178,0x1.b42b66d21ed62p-448,0x1.1e16c81023e47p-638,0x1.b42b66d21ed63p-448,2.34410633277293790e-135
5,179,0x1.ebc8ad55be5eep-451,0x1.1e16c81023e47p-638,0x1.ebc8ad55be5efp-451,3.30374327750887815e-136
5,180,0x1.14a44bd6f0b83p-453,0x1.1e16c81023e47p-638,0x1.14a44bd6f0b84p-453,4.64611304783671241e-137
5,181,0x1.368f6b2eef767p-456,0x1.1e16c81023e47p-638,0x1.368f6b2eef768p-456,6.51970357487032006e-138
5,182,0x1.5be119cb70c8ep-459,0x1.1e16c81023e47p-638,0x1.5be119cb70c8fp-459,9.12894545605777991e-139
5,183,0x1.84d5ee14cf671p-462,0x1.1e16c81023e47p-638,0x1.84d5ee14cf672p-462,1.27546377807991022e-139
5,184,0x1.b1ab4595bf07cp-465,0x1.1e16c81023e47p-638,0x1.b1ab4595bf07dp-465,1.77815845874194755e-140
5,185,0x1.e29ecbdad7a34p-468,0x1.1e16c81023e47p-638,0x1.e29ecbdad7a35p-468,2.47358960684695595e-141
5,186,0x1.0bf6f923620cep-470,0x1.1e16c81023e47p-638,0x1.0bf6f923620cfp-470,3.43352111457335857e-142
5,187,0x1.28eaac7ee9452p-473,0x1.1e16c81023e47p-638,0x1.28eaac7ee9453p-473,4.75561515910949504e-143
5,188,0x1.484814a676e98p-476,0x1.1e16c81023e47p-638,0x1.484814a676e99p-476,6.57246971942633586e-144
5,189,0x1.6a2bb11b739dbp-479,0x1.1e16c81023e47p-638,0x1.6a2bb11b739dcp-479,9.06369722955546538e-145
5,190,0x1.8eb08c0f4a4ap-482,0x1.1e16c81023e47p-638,0x1.8eb08c0f4a4a1p-482,1.24720278554117643e-145
5,191,0x1.b5efd469d035dp-485,0x1.1e16c81023e47p-638,0x1.b5efd469d035ep-485,1.71247252724964508e-146
5,192,0x1.e00072ccdad37p-488,0x1.1e16c81023e47p-638,0x1.e00072ccdad38p-488,2.34619968935881834e-147
5,193,0x1.067b4d4525d61p-490,0x1.1e16c81023e47p-638,0x1.067b4d4525d62p-490,3.20745892244114118e-148
5,194,0x1.1e71abd5831d4p-493,0x1.1e16c81023e47p-638,0x1.1e71abd5831d5p-493,4.37534138972416204e-149
5,195,0x1.37ea0da6a6c69p-496,0x1.1e16c81023e47p-638,0x1.37ea0da6a6c6ap-496,5.95548905096013438e-150
5,196,0x1.52e923e3800b6p-499,0x1.1e16c81023e47p-638,0x1.52e923e3800b7p-499,8.08867682206745946e-151
5,197,0x1.6f715f0d89d57p-502,0x1.1e16c81023e47p-638,0x1.6f715f0d89d58p-502,1.09620560963237614e-151
5,198,0x1.8d82b73849c53p-505,0x1.1e16c81023e47p-638,0x1.8d82b73849c54p-505,1.48238478016121329e-152
5,199,0x1.ad1a76a99d2c1p-508,0x1.1e16c81023e47p-638,0x1.ad1a76a99d2c2p-508,2.00024947864802651e-153
5,200,0x1.ce3307ccc4a8fp-511,0x1.1e16c81023e47p-638,0x1.ce3307ccc4a9p-511,2.69315636468659252e-154
5,201,0x1.f0c3c76c90bd1p-514,0x1.1e16c81023e47p-638,0x1.f0c3c76c90bd2p-514,3.61820396109514205e-155
5,202,0x1.0a606e15cbbebp-516,0x1.1e16c81023e47p-638,0x1.0a606e15cbbecp-516,4.85041025522492306e-156
5,203,0x1.1d0d8a17d0063p-519,0x1.1e16c81023e47p-638,0x1.1d0d8a17d0064p-519,6.48810292958821559e-157
5,204,0x1.305fe4f7908b8p-522,0x1.1e16c81023e47p-638,0x1.305fe4f7908b9p-522,8.65985635210956172e-158
5,205,0x1.444c68824acc4p-525,0x1.1e16c81023e47p-638,0x1.444c68824acc5p-525,1.15333961748163603e-158
5,206,0x1.58c635edb128p-528,0x1.1e16c81023e47p-638,0x1.58c635edb1281p-528,1.53270000772875770e-159
5,207,0x1.6dbea57a83baep-531,0x1.1e16c81023e47p-638,0x1.6dbea57a83bafp-531,2.03240564948282822e-160
5,208,0x1.83254b35bea65p-534,0x1.1e16c81023e47p-638,0x1.83254b35bea66p-534,2.68916076567880473e-161
5,209,0x1.98e8011b81dddp-537,0x1.1e16c81023e47p-638,0x1.98e8011b81ddep-537,3.55039055651402708e-162
5,210,0x1.aef2f6cd61467p-540,0x1.1e16c81023e47p-638,0x1.aef2f6cd61468p-540,4.67722575490418749e-163
5,211,0x1.c530c6fa58775p-543,0x1.1e16c81023e47p-638,0x1.c530c6fa58776p-543,6.14827410545595626e-164
5,212,0x1.db8a928179641p-546,0x1.1e16c81023e47p-638,0x1.db8a928179642p-546,8.06437363336201553e-165
5,213,0x1.f1e82141e95ccp-549,0x1.1e16c81023e47p-638,0x1.f1e82141e95cdp-549,1.05545673522113957e-165
5,214,0x1.041804399e407p-551,0x1.1e16c81023e47p-638,0x1.041804399e408p-551,1.37835932206858638e-166
5,215,0x1.0f23eb24954bep-554,0x1.1e16c81023e47p-638,0x1.0f23eb24954bfp-554,1.79612484323276676e-167
5,216,0x1.1a0a2146b1b74p-557,0x1.1e16c81023e47p-638,0x1.1a0a2146b1b75p-557,2.33540655107243396e-168
5,217,0x1.24bcb1e138e9bp-560,0x1.1e16c81023e47p-638,0x1.24bcb1e138e9cp-560,3.02998314790748053e-169
5,218,0x1.2f2d7425d01cbp-563,0x1.1e16c81023e47p-638,0x1.2f2d7425d01ccp-563,3.92255931942214048e-170
5,219,0x1.394e298019561p-566,0x1.1e16c81023e47p-638,0x1.394e298019562p-566,5.06699247451332781e-171
5,220,0x1.43109d3e41ea2p-569,0x1.1e16c81023e47p-638,0x1.43109d3e41ea3p-569,6.53103899513640745e-172
5,221,0x1.4c66c5390fc19p-572,0x1.1e16c81023e47p-638,0x1.4c66c5390fc1ap-572,8.39973181882386226e-173
5,222,0x1.5542e314a23dbp-575,0x1.1e16c81023e47p-638,0x1.5542e314a23dcp-575,1.07795229150721252e-173
5,223,0x1.5d97a5ad5607fp-578,0x1.1e16c81023e47p-638,0x1.5d97a5ad5608p-578,1.38033496300824827e-174
5,224,0x1.65584a4036fd5p-581,0x1.1e16c81023e47p-638,0x1.65584a4036fd6p-581,1.76368134590727259e-175
5,225,0x1.6c78bcdc41b22p-584,0x1.1e16c81023e47p-638,0x1.6c78bcdc41b23p-584,2.24856940977838127e-176
5,226,0x1.72edb7a98f21p-587,0x1.1e16c81023e47p-638,0x1.72edb7a98f213p-587,2.86050611977291469e-177
5,227,0x1.78ace0955e68p-590,0x1.1e16c81023e47p-638,0x1.78ace0955e692p-590,3.63102917069813471e-178
5,228,0x1.7dace4f5d9e06p-593,0x1.1e16c81023e47p-638,0x1.7dace4f5d9e96p-593,4.59903526474426243e-179
5,229,0x1.81e592be5f0c8p-596,0x1.1e16c81023e47p-638,0x1.81e592be5f541p-596,5.81237683011553394e-180
5,230,0x1.854feee4ead9ep-599,0x1.1e16c81023e47p-638,0x1.854feee4ed161p-599,7.32977576923521681e-181
5,231,0x1.87e648a2f5487p-602,0x1.1e16c81023e47p-638,0x1.87e648a30729ep-602,9.22311035809378825e-182
5,232,0x1.89a4494756eb2p-605,0x1.1e16c81023e47p-638,0x1.89a44947e5f69p-605,1.15801398512714583e-182
5,233,0x1.8a87005b93e76p-608,0x1.1e16c81023e47p-638,0x1.8a8700600c429p-608,1.45077407352592530e-183
5,234,0x1.8a8cebecde68cp-611,0x1.1e16c81023e47p-638,0x1.8a8cec10a141dp-611,1.81357389920391179e-184
5,235,0x1.89b5fcd80a254p-614,0x1.1e16c81023e47p-638,0x1.89b5fdf620ed6p-614,2.26214345556894229e-185
5,236,0x1.8803970738be6p-617,0x1.1e16c81023e47p-638,0x1.88039ff7eefefp-617,2.81549307943430540e-186
5,237,0x1.85788d9feeb1cp-620,0x1.1e16c81023e47p-638,0x1.8578d525a0b5dp-620,3.49654374793348689e-187
5,238,0x1.82191b3030f9ap-623,0x1.1e16c81023e47p-638,0x1.821b575dc119fp-623,4.33291518984596673e-188
5,239,0x1.7dead5f8f454fp-626,0x1.1e16c81023e47p-638,0x1.7dfcb76575573p-626,5.35835557038144163e-189
5,240,0x1.78f4a0833981fp-629,0x1.1e16c81023e47p-638,0x1.7983abe74193fp-629,6.61951570970574293e-190
5,241,0x1.733e96bb627f4p-632,0x1.1e16c81023e47p-638,0x1.77b6f1dba30eep-632,8.23494834120947283e-191
5,242,0x1.6cd1f7db55eafp-635,0x1.1e16c81023e47p-638,0x1.9094d0dd5a678p-635,1.09749733090929285e-191
5,243,0x1.65b90d77a7ccbp-638,0x1.1e16c81023e47p-638,0x1.41e7eac3e5d89p-637,2.20486380647150400e-192
5,244,0x1.5dff100e04e77p-641,0x1.1e16c81023e47p-638,0x1.49d6aa11e4816p-638,1.12959871770247697e-192
5,245,0x1.55b0097b58ffcp-644,0x1.1e16c81023e47p-638,0x1.236d883611487p-638,9.98053605284068008e-193
5,246,0x1.4cd8b5c678905p-647,0x1.1e16c81023e47p-638,0x1.1ebd346b0720cp-638,9.81995935392536606e-193
5,247,0x1.438662b0630f2p-650,0x1.1e16c81023e47p-638,0x1.1e2b00764eeabp-638,9.80040069920352241e-193
5,248,0x1.39c6ce7d72a78p-653,0x1.1e16c81023e47p-638,0x1.1e193b9dc0df6p-638,9.79802361756876132e-193
5,249,0x1.2fa8066afd03fp-656,0x1.1e16c81023e47p-638,0x1.1e1713fa257f3p-638,9.79773534859401511e-193
5,250,0x1.253845431d1d2p-659,0x1.1e16c81023e47p-638,0x1.1e16d139e60e9p-638,9.79770046666944447e-193
5,251,0x1.1a85d27c9d0ecp-662,0x1.1e16c81023e47p-638,0x1.1e16c92aa9b6fp-638,9.79769625502450170e-193
5,252,0x1.0f9ee24f746c5p-665,0x1.1e16c81023e47p-638,0x1.1e16c83217c0cp-638,9.79769574762282052e-193
5,253,0x1.0491771f2735cp-668,0x1.1e16c81023e47p-638,0x1.1e16c814362a5p-638,9.79769568662687543e-193
5,254,0x1.f2d689277791dp-672,0x1.1e16c81023e47p-638,0x1.1e16c810a09a2p-638,9.79769567931045014e-193
5,255,0x1.dc7329605f0fep-675,0x1.1e16c81023e47p-638,0x1.1e16c81032c81p-638,9.79769567843476782e-193
5,256,0x1.c6125e5510e5ep-678,0x1.1e16c81023e47p-638,0x1.1e16c81025aa9p-638,9.79769567833019014e-193
5,257,0x1.afcc867c37745p-681,0x1.1e16c81023e47p-638,0x1.1e16c810241a7p-638,9.79769567831772725e-193
5,258,0x1.99b8a84940a49p-684,0x1.1e16c81023e47p-638,0x1.1e16c81023eaep-638,9.79769567831624580e-193
5,259,0x1.83ec50acd1d0dp-687,0x1.1e16c81023e47p-638,0x1.1e16c81023e54p-638,9.79769567831607060e-193
5,260,0x1.6e7b774bd3403p-690,0x1.1e16c81023e47p-638,0x1.1e16c81023e49p-638,9.79769567831604918e-193
5,261,0x1.5978687d70be4p-693,0x1.1e16c81023e47p-638,0x1.1e16c81023e48p-638,9.79769567831604723e-193
5,262,0x1.44f3b509717d8p-696,0x1.1e16c81023e47p-638,0x1.1e16c81023e48p-638,9.79769567831604723e-193
5,263,0x1.30fc278aa64p-699,0x1.1e16c81023e47p-638,0x1.1e16c81023e48p-638,9.79769567831604723e-193
5,264,0x1.1d9ebf4532357p-702,0x1.1e16c81023e47p-638,0x1.1e16c81023e48p-638,9.79769567831604723e-193
5,265,0x1.0ae6b02e7c2dp-705,0x1.1e16c81023e47p-638,0x1.1e16c81023e48p-638,9.79769567831604723e-193
5,266,0x1.f1bacfa982911p-709,0x1.1e16c81023e47p-638,0x1.1e16c81023e48p-638,9.79769567831604723e-193
5,267,0x1.cf152d8db1861p-712,0x1.1e16c81023e47p-638,0x1.1e16c81023e48p-638,9.79769567831604723e-193
5,268,0x1.ade87c236511ap-715,0x1.1e16c81023e47p-638,0x1.1e16c81023e48p-638,9.79769567831604723e-193
5,269,0x1.8e3d80c064f38p-718,0x1.1e16c81023e47p-638,0x1.1e16c81023e48p-638,9.79769567831604723e-193
5,270,0x1.7019ec8134fa3p-721,0x1.1e16c81023e47p-638,0x1.1e16c81023e48p-638,9.79769567831604723e-193
5,271,0x1.538089eba3a56p-724,0x1.1e16c81023e47p-638,0x1.1e16c81023e48p-638,9.79769567831604723e-193
5,272,0x1.38716d09b0154p-727,0x1.1e16c81023e47p-638,0x1.1e16c81023e48p-638,9.79769567831604723e-193
5,273,0x1.1eea197ba1d88p-730,0x1.1e16c81023e47p-638,0x1.1e16c81023e48p-638,9.79769567831604723e-193
5,274,0x1.06e54e3ace3ffp-733,0x1.1e16c81023e47p-638,0x1.1e16c81023e48p-638,9.79769567831604723e-193
5,275,0x1.e0b0c62a610b8p-737,0x1.1e16c81023e47p-638,0x1.1e16c81023e48p-638,9.79769567831604723e-193
5,276,0x1.b641b652f2e6bp-740,0x1.1e16c81023e47p-638,0x1.1e16c81023e48p-638,9.79769567831604723e-193
5,277,0x1.8d2263620802p-743,0x1.1e16c81023e47p-638,0x1.1e16c81023e48p-638,9.79769567831604723e-193
5,278,0x1.5dc8726976915p-746,0x1.1e16c81023e47p-638,0x1.1e16c81023e48p-638,9.79769567831604723e-193
5,279,0x1.02962761f0c55p-749,0x1.1e16c81023e47p-638,0x1.1e16c81023e48p-638,9.79769567831604723e-193
5,280,0x0p+0,0x1.1e16c81023e47p-638,0x1.1e16c81023e47p-638,9.79769567831604529e-193
6,0,0x1.e3febabf14943p-4,0x1.25f78fb3be06ap-637,0x1.e3febabf14944p-4,1.18162850835948297e-01
6,1,0x1.2868532294c5ep-5,0x1.25f78fb3be06ap-637,0x1.2868532294c5fp-5,3.61825584156114586e-02
6,2,0x1.5603b56dcacd4p-7,0x1.25f78fb3be06ap-637,0x1.5603b56dcacd5p-7,1.04374538310224950e-02
6,3,0x1.7c1986b23ab63p-9,0x1.25f78fb3be06ap-637,0x1.7c1986b23ab64p-9,2.89993066063713896e-03
6,4,0x1.9cda6f509e2b6p-11,0x1.25f78fb3be06ap-637,0x1.9cda6f509e2b7p-11,7.87455102979248557e-04
6,5,0x1.b9db30bb2c2a7p-13,0x1.25f78fb3be06ap-637,0x1.b9db30bb2c2a8p-13,2.10693460620988262e-04
6,6,0x1.d3c4a599f7a6dp-15,0x1.25f78fb3be06ap-637,0x1.d3c4a599f7a6ep-15,5.57623090597828513e-05
6,7,0x1.eaa82d0f25694p-17,0x1.25f78fb3be06ap-637,0x1.eaa82d0f25695p-17,1.46227162345733643e-05
6,8,0x1.fe63b2efa6634p-19,0x1.25f78fb3be06ap-637,0x1.fe63b2efa6635p-19,3.80269772632944165e-06
6,9,0x1.076c399224abdp-20,0x1.25f78fb3be06ap-637,0x1.076c399224abep-20,9.81326227865341762e-07
6,10,0x1.0dfca3aa455f1p-22,0x1.25f78fb3be06ap-637,0x1.0dfca3aa455f2p-22,2.51444869052207684e-07
6,11,0x1.12e3bc8344ec2p-24,0x1.25f78fb3be06ap-637,0x1.12e3bc8344ec3p-24,6.40027213903608524e-08
6,12,0x1.1626cbeb8e71p-26,0x1.25f78fb3be06ap-637,0x1.1626cbeb8e711p-26,1.61905510510804592e-08
6,13,0x1.17ce938acea3fp-28,0x1.25f78fb3be06ap-637,0x1.17ce938acea4p-28,4.07172685395264760e-09
6,14,0x1.17e740c268434p-30,0x1.25f78fb3be06ap-637,0x1.17e740c268435p-30,1.01828238948683682e-09
6,15,0x1.1680aa424396cp-32,0x1.25f78fb3be06ap-637,0x1.1680aa424396dp-32,2.53296637259867563e-10
6,16,0x1.13ae62c672eep-34,0x1.25f78fb3be06ap-637,0x1.13ae62c672ee1p-34,6.26826464872026465e-11
6,17,0x1.0f878618dcaa8p-36,0x1.25f78fb3be06ap-637,0x1.0f878618dcaa9p-36,1.54346588436523983e-11
6,18,0x1.0a264edbb0304p-38,0x1.25f78fb3be06ap-637,0x1.0a264edbb0305p-38,3.78221387762758659e-12
6,19,0x1.03a78a9776a27p-40,0x1.25f78fb3be06ap-637,0x1.03a78a9776a28p-40,9.22477946441851042e-13
6,20,0x1.f853f95d92893p-43,0x1.25f78fb3be06ap-637,0x1.f853f95d92894p-43,2.23966633579409549e-13
6,21,0x1.e79b76f686f84p-45,0x1.25f78fb3be06ap-637,0x1.e79b76f686f85p-45,5.41352833650951143e-14
6,22,0x1.d5671ee22cbc3p-47,0x1.25f78fb3be06ap-637,0x1.d5671ee22cbc4p-47,1.30285453257755023e-14
6,23,0x1.c1f8b4271b5cap-49,0x1.25f78fb3be06ap-637,0x1.c1f8b4271b5cbp-49,3.12230449073929663e-15
6,24,0x1.ad9111efb6573p-51,0x1.25f78fb3be06ap-637,0x1.ad9111efb6574p-51,7.45179404184786132e-16
6,25,0x1.986f2f7d0302cp-53,0x1.25f78fb3be06ap-637,0x1.986f2f7d0302dp-53,1.77130150115313398e-16
6,26,0x1.82cf4594147b3p-55,0x1.25f78fb3be06ap-637,0x1.82cf4594147b4p-55,4.19379868758504312e-17
6,27,0x1.6cea172446f7ap-57,0x1.25f78fb3be06ap-637,0x1.6cea172446f7bp-57,9.89102505451132789e-18
6,28,0x1.56f45d82b66e4p-59,0x1.25f78fb3be06ap-637,0x1.56f45d82b66e5p-59,2.32395043867960778e-18
6,29,0x1.411e578c6872bp-61,0x1.25f78fb3be06ap-637,0x1.411e578c6872cp-61,5.43995938559148912e-19
6,30,0x1.2b937a34e9b7dp-63,0x1.25f78fb3be06ap-637,0x1.2b937a34e9b7ep-63,1.26875406456840777e-19
6,31,0x1.167a4069886aap-65,0x1.25f78fb3be06ap-637,0x1.167a4069886abp-65,2.94849569980353335e-20
6,32,0x1.01f417b7eadbcp-67,0x1.25f78fb3be06ap-637,0x1.01f417b7eadbdp-67,6.82797194611550628e-21
6,33,0x1.dc3acd98d1c8fp-70,0x1.25f78fb3be06ap-637,0x1.dc3acd98d1c9p-70,1.57571189872449438e-21
6,34,0x1.b61b553d198f8p-72,0x1.25f78fb3be06ap-637,0x1.b61b553d198f9p-72,3.62393425866742455e-22
6,35,0x1.91af4dfd0f5c8p-74,0x1.25f78fb3be06ap-637,0x1.91af4dfd0f5c9p-74,8.30664663710208366e-23
6,36,0x1.6f134e568f38fp-76,0x1.25f78fb3be06ap-637,0x1.6f134e568f39p-76,1.89773541177606149e-23
6,37,0x1.4e5b9647f44cap-78,0x1.25f78fb3be06ap-637,0x1.4e5b9647f44cbp-78,4.32147278538863881e-24
6,38,0x1.2f94bd0d009cp-80,0x1.25f78fb3be06ap-637,0x1.2f94bd0d009c1p-80,9.80923146686108933e-25
6,39,0x1.12c46bf76f145p-82,0x1.25f78fb3be06ap-637,0x1.12c46bf76f146p-82,2.21955235083318954e-25
6,40,0x1.efd441bd42e62p-85,0x1.25f78fb3be06ap-637,0x1.efd441bd42e63p-85,5.00659474981890088e-26
6,41,0x1.bdffe65fae7ffp-87,0x1.25f78fb3be06ap-637,0x1.bdffe65fae8p-87,1.12586129684443016e-26
6,42,0x1.8ff6ae883dd3bp-89,0x1.25f78fb3be06ap-637,0x1.8ff6ae883dd3cp-89,2.52412518451323336e-27
6,43,0x1.659bb88905c89p-91,0x1.25f78fb3be06ap-637,0x1.659bb88905c8ap-91,5.64206390104633267e-28
6,44,0x1.3ecbc31439fa3p-93,0x1.25f78fb3be06ap-637,0x1.3ecbc31439fa4p-93,1.25742829042191362e-28
6,45,0x1.1b5e821367acfp-95,0x1.25f78fb3be06ap-637,0x1.1b5e821367adp-95,2.79423577214599921e-29
6,46,0x1.f64fb3d45a542p-98,0x1.25f78fb3be06ap-637,0x1.f64fb3d45a543p-98,6.19146525913791629e-30
6,47,0x1.bbf1fd30be03ap-100,0x1.25f78fb3be06ap-637,0x1.bbf1fd30be03bp-100,1.36801198151577265e-30
6,48,0x1.8742ea68e21ecp-102,0x1.25f78fb3be06ap-637,0x1.8742ea68e21edp-102,3.01416810300463697e-31
6,49,0x1.57dfee3b9cf56p-104,0x1.25f78fb3be06ap-637,0x1.57dfee3b9cf57p-104,6.62278637496953434e-32
6,50,0x1.2d666e1b5726dp-106,0x1.25f78fb3be06ap-637,0x1.2d666e1b5726ep-106,1.45118877930191946e-32
6,51,0x1.077511a66ad46p-108,0x1.25f78fb3be06ap-637,0x1.077511a66ad47p-108,3.17125190145379666e-33
6,52,0x1.cb59b4399e17bp-111,0x1.25f78fb3be06ap-637,0x1.cb59b4399e17cp-111,6.91153673745873973e-34
6,53,0x1.8f640a92f77e2p-113,0x1.25f78fb3be06ap-637,0x1.8f640a92f77e3p-113,1.50234116199136482e-34
6,54,0x1.5a597fda8d75ap-115,0x1.25f78fb3be06ap-637,0x1.5a597fda8d75bp-115,3.25705605284854139e-35
6,55,0x1.2b93583a5f7c5p-117,0x1.25f78fb3be06ap-637,0x1.2b93583a5f7c6p-117,7.04298768610229175e-36
6,56,0x1.0274807a6a8fap-119,0x1.25f78fb3be06ap-637,0x1.0274807a6a8fbp-119,1.51906246427177992e-36
6,57,0x1.bcd40d44e677fp-122,0x1.25f78fb3be06ap-637,0x1.bcd40d44e678p-122,3.26808241267454282e-37
6,58,0x1.7dd6ad36791e8p-124,0x1.25f78fb3be06ap-637,0x1.7dd6ad36791e9p-124,7.01326709881494687e-38
6,59,0x1.46f4879d0844p-126,0x1.25f78fb3be06ap-637,0x1.46f4879d08441p-126,1.50130462448201100e-38
6,60,0x1.1745d09154f63p-128,0x1.25f78fb3be06ap-637,0x1.1745d09154f64p-128,3.20589352871935439e-39
6,61,0x1.dbed8512f4faep-131,0x1.25f78fb3be06ap-637,0x1.dbed8512f4fafp-131,6.82922917686501411e-40
6,62,0x1.948dc174fa6a1p-133,0x1.25f78fb3be06ap-637,0x1.948dc174fa6a2p-133,1.45126534406711300e-40
6,63,0x1.57101f8784194p-135,0x1.25f78fb3be06ap-637,0x1.57101f8784195p-135,3.07669522292419872e-41
6,64,0x1.223b204e6c16fp-137,0x1.25f78fb3be06ap-637,0x1.223b204e6c17p-137,6.50720321500068052e-42
6,65,0x1.e9eb925694b35p-140,0x1.25f78fb3be06ap-637,0x1.e9eb925694b36p-140,1.37304885255052226e-42
6,66,0x1.9c8ab29ce0fb9p-142,0x1.25f78fb3be06ap-637,0x1.9c8ab29ce0fbap-142,2.89047086937664482e-43
6,67,0x1.5a95ecedf7d12p-144,0x1.25f78fb3be06ap-637,0x1.5a95ecedf7d13p-144,6.07087417761238954e-44
6,68,0x1.2282b9e0042dcp-146,0x1.25f78fb3be06ap-637,0x1.2282b9e0042ddp-146,1.27216289354093517e-44
6,69,0x1.e5ea719dfb4d6p-149,0x1.25f78fb3be06ap-637,0x1.e5ea719dfb4d7p-149,2.65981663652196965e-45
6,70,0x1.9577a4972029p-151,0x1.25f78fb3be06ap-637,0x1.9577a49720291p-151,5.54864045092263516e-46
6,71,0x1.51961d4dd6458p-153,0x1.25f78fb3be06ap-637,0x1.51961d4dd6459p-153,1.15492988862076640e-46
6,72,0x1.1873517dde789p-155,0x1.25f78fb3be06ap-637,0x1.1873517dde78ap-155,2.39864991467330076e-47
6,73,0x1.d0f389ac28a59p-158,0x1.25f78fb3be06ap-637,0x1.d0f389ac28a5ap-158,4.97082191431345150e-48
6,74,0x1.8094765759d28p-160,0x1.25f78fb3be06ap-637,0x1.8094765759d29p-160,1.02789166710126664e-48
6,75,0x1.3d6aec889fde8p-162,0x1.25f78fb3be06ap-637,0x1.3d6aec889fde9p-162,2.12095687831656456e-49
6,76,0x1.056cfca9e5499p-164,0x1.25f78fb3be06ap-637,0x1.056cfca9e549ap-164,4.36705916479131017e-50
6,77,0x1.adb5c76f7f41ap-167,0x1.25f78fb3be06ap-637,0x1.adb5c76f7f41bp-167,8.97276501885491065e-51
6,78,0x1.606b5e63f8a3fp-169,0x1.25f78fb3be06ap-637,0x1.606b5e63f8a4p-169,1.83971515550798541e-51
6,79,0x1.206db012b6bc2p-171,0x1.25f78fb3be06ap-637,0x1.206db012b6bc3p-171,3.76416714073226496e-52
6,80,0x1.d72315862f36cp-174,0x1.25f78fb3be06ap-637,0x1.d72315862f36dp-174,7.68578169755039377e-53
6,81,0x1.80009b3664a1bp-176,0x1.25f78fb3be06ap-637,0x1.80009b3664a1cp-176,1.56608273121555507e-53
6,82,0x1.38585451f9234p-178,0x1.25f78fb3be06ap-637,0x1.38585451f9235p-178,3.18460384850230535e-54
6,83,0x1.fb17437260b4cp-181,0x1.25f78fb3be06ap-637,0x1.fb17437260b4dp-181,6.46273894268913163e-55
6,84,0x1.9acd9b724177fp-183,0x1.25f78fb3be06ap-637,0x1.9acd9b724178p-183,1.30889436077355885e-55
6,85,0x1.4c2292e6dfcb6p-185,0x1.25f78fb3be06ap-637,0x1.4c2292e6dfcb7p-185,2.64560834000818983e-56
6,86,0x1.0bfffc4c445c1p-187,0x1.25f78fb3be06ap-637,0x1.0bfffc4c445c2p-187,5.33685677738588829e-57
6,87,0x1.afa5e08b98416p-190,0x1.25f78fb3be06ap-637,0x1.afa5e08b98417p-190,1.07446073376971260e-57
6,88,0x1.5aeed5565ad9bp-192,0x1.25f78fb3be06ap-637,0x1.5aeed5565ad9cp-192,2.15896900324619713e-58
6,89,0x1.164d95f975a28p-194,0x1.25f78fb3be06ap-637,0x1.164d95f975a29p-194,4.32971063621264571e-59
6,90,0x1.bda374c3c41a5p-197,0x1.25f78fb3be06ap-637,0x1.bda374c3c41a6p-197,8.66629748946687220e-60
6,91,0x1.641c6175ec51p-199,0x1.25f78fb3be06ap-637,0x1.641c6175ec511p-199,1.73131510598078836e-60
6,92,0x1.1c072425fe44cp-201,0x1.25f78fb3be06ap-637,0x1.1c072425fe44dp-201,3.45216783590514015e-61
6,93,0x1.c43726f46bd3dp-204,0x1.25f78fb3be06ap-637,0x1.c43726f46bd3ep-204,6.87046772585069554e-62
6,94,0x1.675266d7c2cp-206,0x1.25f78fb3be06ap-637,0x1.675266d7c2c01p-206,1.36478610830233643e-62
6,95,0x1.1cfa5070662eap-208,0x1.25f78fb3be06ap-637,0x1.1cfa5070662ebp-208,2.70602591005738669e-63
6,96,0x1.c33173cf18c5ap-211,0x1.25f78fb3be06ap-637,0x1.c33173cf18c5bp-211,5.35541918001703385e-64
6,97,0x1.6484f9423590fp-213,0x1.25f78fb3be06ap-637,0x1.6484f9423591p-213,1.05792324528373431e-64
6,98,0x1.1931fbf1d8517p-215,0x1.25f78fb3be06ap-637,0x1.1931fbf1d8518p-215,2.08602230629604407e-65
6,99,0x1.bac36d5943437p-218,0x1.25f78fb3be06ap-637,0x1.bac36d5943438p-218,4.10575169848135779e-66
6,100,0x1.5bf3abd779177p-220,0x1.25f78fb3be06ap-637,0x1.5bf3abd779178p-220,8.06640692630904492e-67
6,101,0x1.10f380ad962ccp-222,0x1.25f78fb3be06ap-637,0x1.10f380ad962cdp-222,1.58192531864632267e-67
6,102,0x1.ab77dd84fe961p-225,0x1.25f78fb3be06ap-637,0x1.ab77dd84fe962p-225,3.09681204140638883e-68
6,103,0x1.4e22393554abap-227,0x1.25f78fb3be06ap-637,0x1.4e22393554abbp-227,6.05161484935466430e-69
6,104,0x1.04b774797bac3p-229,0x1.25f78fb3be06ap-637,0x1.04b774797bac4p-229,1.18048302519353497e-69
6,105,0x1.9625b7ae8980ep-232,0x1.25f78fb3be06ap-637,0x1.9625b7ae8980fp-232,2.29871244720642964e-70
6,106,0x1.3bcc447cb3c3fp-234,0x1.25f78fb3be06ap-637,0x1.3bcc447cb3c4p-234,4.46838221493292756e-71
6,107,0x1.ea3dc9dfab481p-237,0x1.25f78fb3be06ap-637,0x1.ea3dc9dfab482p-237,8.67083680039336007e-72
6,108,0x1.7bdd924d7a8bcp-239,0x1.25f78fb3be06ap-637,0x1.7bdd924d7a8bdp-239,1.67965829332997040e-72
6,109,0x1.25d5b1d49c469p-241,0x1.25f78fb3be06ap-637,0x1.25d5b1d49c46ap-241,3.24813617000471362e-73
6,110,0x1.c5cca15727f72p-244,0x1.25f78fb3be06ap-637,0x1.c5cca15727f73p-244,6.27054010130015592e-74
6,111,0x1.5dd44409f2421p-246,0x1.25f78fb3be06ap-637,0x1.5dd44409f2422p-246,1.20847344752033071e-74
6,112,0x1.0d394f2de911fp-248,0x1.25f78fb3be06ap-637,0x1.0d394f2de912p-248,2.32506267227837850e-75
6,113,0x1.9daf813ccbe7ap-251,0x1.25f78fb3be06ap-637,0x1.9daf813ccbe7bp-251,4.46582284336468594e-76
6,114,0x1.3d4cd745bd347p-253,0x1.25f78fb3be06ap-637,0x1.3d4cd745bd348p-253,8.56330519550093531e-77
6,115,0x1.e5ef0bd7cbbf6p-256,0x1.25f78fb3be06ap-637,0x1.e5ef0bd7cbbf7p-256,1.63929921204772758e-77
6,116,0x1.737aab5f317bdp-258,0x1.25f78fb3be06ap-637,0x1.737aab5f317bep-258,3.13296561617820055e-78
6,117,0x1.1b83da3697c2p-260,0x1.25f78fb3be06ap-637,0x1.1b83da3697c21p-260,5.97774352065646019e-79
6,118,0x1.b00d34ed00012p-263,0x1.25f78fb3be06ap-637,0x1.b00d34ed00013p-263,1.13869334279206109e-79
6,119,0x1.48aad4c65421dp-265,0x1.25f78fb3be06ap-637,0x1.48aad4c65421ep-265,2.16554739430805617e-80
6,120,0x1.f33b5cb9ce1aap-268,0x1.25f78fb3be06ap-637,0x1.f33b5cb9ce1abp-268,4.11171979440277773e-81
6,121,0x1.7a8b49e09ee81p-270,0x1.25f78fb3be06ap-637,0x1.7a8b49e09ee82p-270,7.79431013787099425e-82
6,122,0x1.1e9233a475c59p-272,0x1.25f78fb3be06ap-637,0x1.1e9233a475c5ap-272,1.47514124330522625e-82
6,123,0x1.b131e93a18f9ep-275,0x1.25f78fb3be06ap-637,0x1.b131e93a18f9fp-275,2.78737003732544054e-83
6,124,0x1.46e5fe4fe3e15p-277,0x1.25f78fb3be06ap-637,0x1.46e5fe4fe3e16p-277,5.25852625112231224e-84
6,125,0x1.ec9689e473c4ep-280,0x1.25f78fb3be06ap-637,0x1.ec9689e473c4fp-280,9.90478637449045904e-85
6,126,0x1.728b42f0022bep-282,0x1.25f78fb3be06ap-637,0x1.728b42f0022bfp-282,1.86269192251443479e-85
6,127,0x1.164ce12dd3561p-284,0x1.25f78fb3be06ap-637,0x1.164ce12dd3562p-284,3.49747772907244737e-86
6,128,0x1.a163063e6eb9cp-287,0x1.25f78fb3be06ap-637,0x1.a163063e6eb9dp-287,6.55677081992534154e-87
6,129,0x1.388175d34ccc3p-289,0x1.25f78fb3be06ap-637,0x1.388175d34ccc4p-289,1.22729576798192821e-87
6,130,0x1.d33be32634ee6p-292,0x1.25f78fb3be06ap-637,0x1.d33be32634ee7p-292,2.29369505595662014e-88
6,131,0x1.5cbf56b173724p-294,0x1.25f78fb3be06ap-637,0x1.5cbf56b173725p-294,4.28008415946473995e-89
6,132,0x1.03e89dc4be695p-296,0x1.25f78fb3be06ap-637,0x1.03e89dc4be696p-296,7.97447432127633535e-90
6,133,0x1.82cf16f9c59fcp-299,0x1.25f78fb3be06ap-637,0x1.82cf16f9c59fdp-299,1.48350098510443376e-90
6,134,0x1.1f6572d72b374p-301,0x1.25f78fb3be06ap-637,0x1.1f6572d72b375p-301,2.75557659698978644e-91
6,135,0x1.aa6b7ef350993p-304,0x1.25f78fb3be06ap-637,0x1.aa6b7ef350994p-304,5.11068157551457297e-92
6,136,0x1.3bdeb265722p-306,0x1.25f78fb3be06ap-637,0x1.3bdeb26572201p-306,9.46432439670413577e-93
6,137,0x1.d341e80a12829p-309,0x1.25f78fb3be06ap-637,0x1.d341e80a1282ap-309,1.75003851252482978e-93
6,138,0x1.59155b60f55cp-311,0x1.25f78fb3be06ap-637,0x1.59155b60f55c1p-311,3.23113782785857082e-94
6,139,0x1.fcf30491b0237p-314,0x1.25f78fb3be06ap-637,0x1.fcf30491b0238p-314,5.95683962390496996e-95
6,140,0x1.76c1ddf58d3ccp-316,0x1.25f78fb3be06ap-637,0x1.76c1ddf58d3cdp-316,1.09655772359601495e-95
6,141,0x1.138a0a53eb842p-318,0x1.25f78fb3be06ap-637,0x1.138a0a53eb843p-318,2.01560226794573207e-96
6,142,0x1.94951bf9dade2p-321,0x1.25f78fb3be06ap-637,0x1.94951bf9dade3p-321,3.69946118701098928e-97
6,143,0x1.289842b1185a6p-323,0x1.25f78fb3be06ap-637,0x1.289842b1185a7p-323,6.78008159455963549e-98
6,144,0x1.b239b25ef54ddp-326,0x1.25f78fb3be06ap-637,0x1.b239b25ef54dep-326,1.24078532999880983e-98
6,145,0x1.3d65f987868a9p-328,0x1.25f78fb3be06ap-637,0x1.3d65f987868aap-328,2.26738937014980277e-99
6,146,0x1.cf5584f8cbac2p-331,0x1.25f78fb3be06ap-637,0x1.cf5584f8cbac3p-331,4.13738272504221979e-100
6,147,0x1.51b2417eb018dp-333,0x1.25f78fb3be06ap-637,0x1.51b2417eb018ep-333,7.53872317485870867e-101
6,148,0x1.eb8b82ff81466p-336,0x1.25f78fb3be06ap-637,0x1.eb8b82ff81467p-336,1.37165454160166527e-101
6,149,0x1.653ac29c49de2p-338,0x1.25f78fb3be06ap-637,0x1.653ac29c49de3p-338,2.49211945125253383e-102
6,150,0x1.033ecbfc97f7p-340,0x1.25f78fb3be06ap-637,0x1.033ecbfc97f71p-340,4.52139448931857678e-103
6,151,0x1.77bd258ecf10bp-343,0x1.25f78fb3be06ap-637,0x1.77bd258ecf10cp-343,8.19139047474560609e-104
6,152,0x1.0fe75d3c0567bp-345,0x1.25f78fb3be06ap-637,0x1.0fe75d3c0567cp-345,1.48192680660035483e-104
6,153,0x1.88f88e6d42009p-348,0x1.25f78fb3be06ap-637,0x1.88f88e6d4200ap-348,2.67720705525339160e-105
6,154,0x1.1b928431b0bedp-350,0x1.25f78fb3be06ap-637,0x1.1b928431b0beep-350,4.82975836507102258e-106
6,155,0x1.98af1af8c23c2p-353,0x1.25f78fb3be06ap-637,0x1.98af1af8c23c3p-353,8.70080040922656018e-107
6,156,0x1.2615efba2f81cp-355,0x1.25f78fb3be06ap-637,0x1.2615efba2f81dp-355,1.56525631765834416e-107
6,157,0x1.a6a757ee5116ep-358,0x1.25f78fb3be06ap-637,0x1.a6a757ee5116fp-358,2.81194127962544784e-108
6,158,0x1.2f4af01d876eap-360,0x1.25f78fb3be06ap-637,0x1.2f4af01d876ebp-360,5.04456347127995018e-109
6,159,0x1.b2ada0ff8e57ep-363,0x1.25f78fb3be06ap-637,0x1.b2ada0ff8e57fp-363,9.03731679812044641e-110
6,160,0x1.370f65368fcf9p-365,0x1.25f78fb3be06ap-637,0x1.370f65368fcfap-365,1.61679879886081876e-110
6,161,0x1.bc955f9a6b144p-368,0x1.25f78fb3be06ap-637,0x1.bc955f9a6b145p-368,2.88851722124749453e-111
6,162,0x1.3d469135e249ep-370,0x1.25f78fb3be06ap-637,0x1.3d469135e249fp-370,5.15345378758188961e-112
6,163,0x1.c43a1dbc8f954p-373,0x1.25f78fb3be06ap-637,0x1.c43a1dbc8f955p-373,9.18180691592029862e-113
6,164,0x1.41d9c8e64e39ap-375,0x1.25f78fb3be06ap-637,0x1.41d9c8e64e39bp-375,1.63367682412346473e-113
6,165,0x1.c980639b4b182p-378,0x1.25f78fb3be06ap-637,0x1.c980639b4b183p-378,2.90278061982403302e-114
6,166,0x1.44b8fb966499ep-380,0x1.25f78fb3be06ap-637,0x1.44b8fb966499fp-380,5.15079402463726177e-115
6,167,0x1.cc5658d9dfe41p-383,0x1.25f78fb3be06ap-637,0x1.cc5658d9dfe42p-383,9.12741621750487484e-116
6,168,0x1.45db0e47b18b8p-385,0x1.25f78fb3be06ap-637,0x1.45db0e47b18b9p-385,1.61523980481816439e-116
6,169,0x1.ccb4244628628p-388,0x1.25f78fb3be06ap-637,0x1.ccb4244628629p-388,2.85458774478914308e-117
6,170,0x1.453e076e56b4p-390,0x1.25f78fb3be06ap-637,0x1.453e076e56b41p-390,5.03812281914686431e-118
6,171,0x1.ca9c07836aa7cp-393,0x1.25f78fb3be06ap-637,0x1.ca9c07836aa7dp-393,8.88003700835356466e-119
6,172,0x1.42e70a4e960dp-395,0x1.25f78fb3be06ap-637,0x1.42e70a4e960d1p-395,1.56308701842797483e-119
6,173,0x1.c61a368efed94p-398,0x1.25f78fb3be06ap-637,0x1.c61a368efed95p-398,2.74773947403470833e-120
6,174,0x1.3ee222cc1fef5p-400,0x1.25f78fb3be06ap-637,0x1.3ee222cc1fef6p-400,4.82384788158220238e-121
6,175,0x1.bf446d83fc239p-403,0x1.25f78fb3be06ap-637,0x1.bf446d83fc23ap-403,8.45744001248173422e-122
6,176,0x1.3941e4338c65ep-405,0x1.25f78fb3be06ap-637,0x1.3941e4338c65fp-405,1.48085696936005165e-122
6,177,0x1.b63949557007p-408,0x1.25f78fb3be06ap-637,0x1.b639495570071p-408,2.58951087778662483e-123
6,178,0x1.321edf15a8ad3p-410,0x1.25f78fb3be06ap-637,0x1.321edf15a8ad4p-410,4.52224780126723722e-124
6,179,0x1.ab1f6a477f6abp-413,0x1.25f78fb3be06ap-637,0x1.ab1f6a477f6acp-413,7.88722979771597671e-125
6,180,0x1.2996f3a503259p-415,0x1.25f78fb3be06ap-637,0x1.2996f3a50325ap-415,1.37381946176597503e-125
6,181,0x1.9e2468a92b13cp-418,0x1.25f78fb3be06ap-637,0x1.9e2468a92b13dp-418,2.38985392526445864e-126
6,182,0x1.1fcc871a8d962p-420,0x1.25f78fb3be06ap-637,0x1.1fcc871a8d963p-420,4.15193972984896797e-127
6,183,0x1.8f7ba5a1753b2p-423,0x1.25f78fb3be06ap-637,0x1.8f7ba5a1753b3p-423,7.20394132991939563e-128
6,184,0x1.14e5a36c6e1d5p-425,0x1.25f78fb3be06ap-637,0x1.14e5a36c6e1d6p-425,1.24833218270955152e-128
6,185,0x1.7f5d02c06b681p-428,0x1.25f78fb3be06ap-637,0x1.7f5d02c06b682p-428,2.16039145891572564e-129
6,186,0x1.090b0914a5e75p-430,0x1.25f78fb3be06ap-637,0x1.090b0914a5e76p-430,3.73403525174419602e-130
6,187,0x1.6e038b6a754a7p-433,0x1.25f78fb3be06ap-637,0x1.6e038b6a754a8p-433,6.44569018278289486e-131
6,188,0x1.f8ce7585f6977p-436,0x1.25f78fb3be06ap-637,0x1.f8ce7585f6978p-436,1.11123739314218774e-131
6,189,0x1.5bac1b23c461bp-438,0x1.25f78fb3be06ap-637,0x1.5bac1b23c461cp-438,1.91333938326484591e-132
6,190,0x1.de4b1543789ebp-441,0x1.25f78fb3be06ap-637,0x1.de4b1543789ecp-441,3.29022984892342259e-133
6,191,0x1.48940b421d374p-443,0x1.25f78fb3be06ap-637,0x1.48940b421d375p-443,5.65081162099990028e-134
6,192,0x1.c2e260aceeb1bp-446,0x1.25f78fb3be06ap-637,0x1.c2e260aceeb1cp-446,9.69275130652876091e-135
6,193,0x1.34f7f1a8c34e1p-448,0x1.25f78fb3be06ap-637,0x1.34f7f1a8c34e2p-448,1.66048985086842083e-135
6,194,0x1.a6e8dc51ce552p-451,0x1.25f78fb3be06ap-637,0x1.a6e8dc51ce553p-451,2.84105437683625515e-136
6,195,0x1.211278fd60b6ap-453,0x1.25f78fb3be06ap-637,0x1.211278fd60b6bp-453,4.85487737001478953e-137
6,196,0x1.8aaf958f6ae9bp-456,0x1.25f78fb3be06ap-637,0x1.8aaf958f6ae9cp-456,8.28578379818799657e-138
6,197,0x1.0d1b595094a02p-458,0x1.25f78fb3be06ap-637,0x1.0d1b595094a03p-458,1.41236433928852663e-138
6,198,0x1.6e82c815590fbp-461,0x1.25f78fb3be06ap-637,0x1.6e82c815590fcp-461,2.40446736983337465e-139
6,199,0x1.f28ced2c88406p-464,0x1.25f78fb3be06ap-637,0x1.f28ced2c88407p-464,4.08837945797521047e-140
6,200,0x1.52a8bbc6f7eap-466,0x1.25f78fb3be06ap-637,0x1.52a8bbc6f7ea1p-466,6.94296258229954088e-141
6,201,0x1.cb86512c4d7c3p-469,0x1.25f78fb3be06ap-637,0x1.cb86512c4d7c4p-469,1.17760842988086279e-141
6,202,0x1.3760def076944p-471,0x1.25f78fb3be06ap-637,0x1.3760def076945p-471,1.99489739013334001e-142
6,203,0x1.a5775c91d4f98p-474,0x1.25f78fb3be06ap-637,0x1.a5775c91d4f99p-474,3.37524186731977746e-143
6,204,0x1.1ce31e66c3dc5p-476,0x1.25f78fb3be06ap-637,0x1.1ce31e66c3dc6p-476,5.70367812395778481e-144
6,205,0x1.80a999e907635p-479,0x1.25f78fb3be06ap-637,0x1.80a999e907636p-479,9.62657872599236999e-145
6,206,0x1.035f7af0dbbd5p-481,0x1.25f78fb3be06ap-637,0x1.035f7af0dbbd6p-481,1.62276949356515310e-145
6,207,0x1.5d5b33b624717p-484,0x1.25f78fb3be06ap-637,0x1.5d5b33b624718p-484,2.73218850760689306e-146
6,208,0x1.d5fbb2b57ea69p-487,0x1.25f78fb3be06ap-637,0x1.d5fbb2b57ea6ap-487,4.59446001462755989e-147
6,209,0x1.3bbed8009d64fp-489,0x1.25f78fb3be06ap-637,0x1.3bbed8009d65p-489,7.71665887165279585e-148
6,210,0x1.a7bc11be2c3dfp-492,0x1.25f78fb3be06ap-637,0x1.a7bc11be2c3ep-492,1.29448237772924459e-148
6,211,0x1.1bfbe4e677d4fp-494,0x1.25f78fb3be06ap-637,0x1.1bfbe4e677d5p-494,2.16888232652286452e-149
6,212,0x1.7c2ff46dead3ep-497,0x1.25f78fb3be06ap-637,0x1.7c2ff46dead3fp-497,3.62952524792848561e-150
6,213,0x1.fc5daacb2c1aap-500,0x1.25f78fb3be06ap-637,0x1.fc5daacb2c1abp-500,6.06650560640993674e-151
6,214,0x1.5378413aa8893p-502,0x1.25f78fb3be06ap-637,0x1.5378413aa8894p-502,1.01275241140496323e-151
6,215,0x1.c4d3c8ba18ae4p-505,0x1.25f78fb3be06ap-637,0x1.c4d3c8ba18ae5p-505,1.68867007927805837e-152
6,216,0x1.2da7eadc5894dp-507,0x1.25f78fb3be06ap-637,0x1.2da7eadc5894ep-507,2.81231586304483307e-153
6,217,0x1.916bb63cd9b84p-510,0x1.25f78fb3be06ap-637,0x1.916bb63cd9b85p-510,4.67801988464076603e-154
6,218,0x1.0ac52d7951539p-512,0x1.25f78fb3be06ap-637,0x1.0ac52d795153ap-512,7.77212201536409439e-155
6,219,0x1.6226016bde429p-515,0x1.25f78fb3be06ap-637,0x1.6226016bde42ap-515,1.28972650295674199e-155
6,220,0x1.d595e50376415p-518,0x1.25f78fb3be06ap-637,0x1.d595e50376416p-518,2.13765188797143468e-156
6,221,0x1.36f43e9852b82p-520,0x1.25f78fb3be06ap-637,0x1.36f43e9852b83p-520,3.53882061969356465e-157
6,222,0x1.9b549928c0f82p-523,0x1.25f78fb3be06ap-637,0x1.9b549928c0f83p-523,5.85144565371669264e-158
6,223,0x1.0fbb2b39b59c8p-525,0x1.25f78fb3be06ap-637,0x1.0fbb2b39b59c9p-525,9.66388388760917918e-159
6,224,0x1.6697fbaf1522ep-528,0x1.25f78fb3be06ap-637,0x1.6697fbaf1522fp-528,1.59413449787249842e-159
6,225,0x1.d8a9ad87b5be8p-531,0x1.25f78fb3be06ap-637,0x1.d8a9ad87b5be9p-531,2.62653845847608095e-160
6,226,0x1.3723f93aa2115p-533,0x1.25f78fb3be06ap-637,0x1.3723f93aa2116p-533,4.32243948056789259e-161
6,227,0x1.992582b4ac12cp-536,0x1.25f78fb3be06ap-637,0x1.992582b4ac12dp-536,7.10495327918337009e-162
6,228,0x1.0cb1d7b156acap-538,0x1.25f78fb3be06ap-637,0x1.0cb1d7b156acbp-538,1.16649119085767532e-162
6,229,0x1.607fc5ac528d8p-541,0x1.25f78fb3be06ap-637,0x1.607fc5ac528d9p-541,1.91289179917999657e-163
6,230,0x1.cde5faf4b7fcfp-544,0x1.25f78fb3be06ap-637,0x1.cde5faf4b7fdp-544,3.13320502395310846e-164
6,231,0x1.2e451e6ed5db4p-546,0x1.25f78fb3be06ap-637,0x1.2e451e6ed5db5p-546,5.12598630883114551e-165
6,232,0x1.8b2703189178ap-549,0x1.25f78fb3be06ap-637,0x1.8b2703189178bp-549,8.37639269308696134e-166
6,233,0x1.01fc608b3877cp-551,0x1.25f78fb3be06ap-637,0x1.01fc608b3877dp-551,1.36718821811874525e-166
6,234,0x1.5078f4f4597f6p-554,0x1.25f78fb3be06ap-637,0x1.5078f4f4597f7p-554,2.22890724544517105e-167
6,235,0x1.b6533aca10c88p-557,0x1.25f78fb3be06ap-637,0x1.b6533aca10c89p-557,3.62951675903790437e-168
6,236,0x1.1d2c0c6687652p-559,0x1.25f78fb3be06ap-637,0x1.1d2c0c6687653p-559,5.90336230440359796e-169
6,237,0x1.72a19dd67d2f6p-562,0x1.25f78fb3be06ap-637,0x1.72a19dd67d2f7p-562,9.59057357981224588e-170
6,238,0x1.e1241d757ca9ep-565,0x1.25f78fb3be06ap-637,0x1.e1241d757ca9fp-565,1.55626990177338976e-170
6,239,0x1.37f030e172cd3p-567,0x1.25f78fb3be06ap-637,0x1.37f030e172cd4p-567,2.52244159231327301e-171
6,240,0x1.94026009c5c25p-570,0x1.25f78fb3be06ap-637,0x1.94026009c5c26p-570,4.08370013876124151e-172
6,241,0x1.05533e06bdf75p-572,0x1.25f78fb3be06ap-637,0x1.05533e06bdf76p-572,6.60364545867395676e-173
6,242,0x1.51accea4f4fc3p-575,0x1.25f78fb3be06ap-637,0x1.51accea4f4fc4p-575,1.06662429756015979e-173
6,243,0x1.b3d3f69bb64e6p-578,0x1.25f78fb3be06ap-637,0x1.b3d3f69bb64e7p-578,1.72082874097716681e-174
6,244,0x1.18ee7369586d2p-580,0x1.25f78fb3be06ap-637,0x1.18ee7369586d3p-580,2.77308325301549764e-175
6,245,0x1.69c170e0d3c4ep-583,0x1.25f78fb3be06ap-637,0x1.69c170e0d3c4fp-583,4.46362662789407639e-176
6,246,0x1.d14c1c2d72079p-586,0x1.25f78fb3be06ap-637,0x1.d14c1c2d7207cp-586,7.17650699769301560e-177
6,247,0x1.2ae4c5e516dacp-588,0x1.25f78fb3be06ap-637,0x1.2ae4c5e516db6p-588,1.15249557081896739e-177
6,248,0x1.7f8f95fb8d5dap-591,0x1.25f78fb3be06ap-637,0x1.7f8f95fb8d624p-591,1.84870197947800522e-178
6,249,0x1.eba5cf4eb76eap-594,0x1.25f78fb3be06ap-637,0x1.eba5cf4eb7936p-594,2.96207886408668036e-179
6,250,0x1.3abc67326e2f5p-596,0x1.25f78fb3be06ap-637,0x1.3abc67326ec25p-596,4.74055260844233261e-180
6,251,0x1.92816d422f916p-599,0x1.25f78fb3be06ap-637,0x1.92816d4234294p-599,7.57817325907085215e-181
6,252,0x1.0114ec2e3d24fp-601,0x1.25f78fb3be06ap-637,0x1.0114ec2e4f847p-601,1.21005149467454393e-181
6,253,0x1.4805fdced1b07p-604,0x1.25f78fb3be06ap-637,0x1.4805fdcf64ac4p-604,1.92995634209881832e-182
6,254,0x1.a21083adbbaf4p-607,0x1.25f78fb3be06ap-637,0x1.a21083b2538d8p-607,3.07465199710668848e-183
6,255,0x1.0a1b86c6a8341p-609,0x1.25f78fb3be06ap-637,0x1.0a1b86d907ad1p-609,4.89271403531907035e-184
6,256,0x1.5261b9688410ep-612,0x1.25f78fb3be06ap-637,0x1.5261b9fb7fd8cp-612,7.77695548185859760e-185
6,257,0x1.adcbf5923f845p-615,0x1.25f78fb3be06ap-637,0x1.adcbfa2a1dc32p-615,1.23474098734446654e-185
6,258,0x1.10a4e7fb273bp-617,0x1.25f78fb3be06ap-637,0x1.10a4fa5aa0364p-617,1.95816536055206892e-186
6,259,0x1.5983ced8bc8e7p-620,0x1.25f78fb3be06ap-637,0x1.598461d484685p-620,3.10193213018006361e-187
6,260,0x1.b55dbf3d512d5p-623,0x1.25f78fb3be06ap-637,0x1.b562571b8ffc5p-623,4.90835277205975071e-188
6,261,0x1.148122993dd74p-625,0x1.25f78fb3be06ap-637,0x1.1493821239133p-625,7.75938954877409040e-189
6,262,0x1.5d3810b047f34p-628,0x1.25f78fb3be06ap-637,0x1.5dcb0c7821d25p-628,1.22668786584037499e-189
6,263,0x1.b88ed3237a55ep-631,0x1.25f78fb3be06ap-637,0x1.bd26b162494ep-631,1.95137287900082749e-190
6,264,0x1.1594724671352p-633,0x1.25f78fb3be06ap-637,0x1.27f3eb41ad159p-633,3.24336066245912567e-191
6,265,0x1.5d6467743a6a8p-636,0x1.25f78fb3be06ap-637,0x1.f0602f4e196ddp-636,6.79975592313660546e-192
6,266,0x1.b749b05b27635p-639,0x1.25f78fb3be06ap-637,0x1.93c9fbca87df8p-637,2.76571406703775661e-192
6,267,0x1.13d88550a09f4p-641,0x1.25f78fb3be06ap-637,0x1.37351808c810ap-637,2.13158526369590663e-192
6,268,0x1.5a09ffdcb83c6p-644,0x1.25f78fb3be06ap-637,0x1.28aba3b377772p-637,2.03201594479244549e-192
6,269,0x1.b19b4dc36b767p-647,0x1.25f78fb3be06ap-637,0x1.2663f6872ee18p-637,2.01639939797643227e-192
6,270,0x1.0f5cb32af218fp-649,0x1.25f78fb3be06ap-637,0x1.2608857ef0b5dp-637,2.01395283541805609e-192
6,271,0x1.53451270fc085p-652,0x1.25f78fb3be06ap-637,0x1.25fa363de2e8ap-637,2.01356997549082654e-192
6,272,0x1.a7b205bfa639bp-655,0x1.25f78fb3be06ap-637,0x1.25f7f9a03f769p-637,2.01351012934664902e-192
6,273,0x1.084422b334cb2p-657,0x1.25f78fb3be06ap-637,0x1.25f7a0380031ep-637,2.01350078507543846e-192
6,274,0x1.49446bc5c9fcp-660,0x1.25f78fb3be06ap-637,0x1.25f7924646de3p-637,2.01349932771313491e-192
6,275,0x1.99ab5f754b436p-663,0x1.25f78fb3be06ap-637,0x1.25f7901a28de8p-637,2.01349910067478863e-192
6,276,0x1.fc482938392b2p-666,0x1.25f78fb3be06ap-637,0x1.25f78fc3a047fp-637,2.01349906534692230e-192
6,277,0x1.384188b109b2cp-668,0x1.25f78fb3be06ap-637,0x1.25f78fb62e89cp-637,2.01349905985819867e-192
6,278,0x1.6f336bffa6f15p-671,0x1.25f78fb3be06ap-637,0x1.25f78fb419d38p-637,2.01349905900865571e-192
6,279,0x1.5b7fdc7b5d07ap-674,0x1.25f78fb3be06ap-637,0x1.25f78fb3c8e2ap-637,2.01349905887957509e-192
6,280,0x0p+0,0x1.25f78fb3be06ap-637,0x1.25f78fb3be06ap-637,2.01349905886225709e-192
7,0,0x1.043010e6d7a4ep-3,0x1.16421bb5d34c6p-616,0x1.043010e6d7a4fp-3,1.27044803662061473e-01
7,1,0x1.4a5cabd7155ebp-5,0x1.16421bb5d34c6p-616,0x1.4a5cabd7155ecp-5,4.03273922208134684e-02
7,2,0x1.8ec5cf8ae7649p-7,0x1.16421bb5d34c6p-616,0x1.8ec5cf8ae764ap-7,1.21695769683426610e-02
7,3,0x1.d3524a1fb9635p-9,0x1.16421bb5d34c6p-616,0x1.d3524a1fb9636p-9,3.56537966568983966e-03
7,4,0x1.0d391a4c0e591p-10,0x1.16421bb5d34c6p-616,0x1.0d391a4c0e592p-10,1.02700446133350112e-03
7,5,0x1.32da98d37e07ap-12,0x1.16421bb5d34c6p-616,0x1.32da98d37e07bp-12,2.92638678018437577e-04
7,6,0x1.5aca0e4bd0b1p-14,0x1.16421bb5d34c6p-616,0x1.5aca0e4bd0b11p-14,8.26810075383150684e-05
7,7,0x1.84ec723593b86p-16,0x1.16421bb5d34c6p-616,0x1.84ec723593b87p-16,2.31816540774937361e-05
7,8,0x1.b107287a296a1p-18,0x1.16421bb5d34c6p-616,0x1.b107287a296a2p-18,6.45261945401089995e-06
7,9,0x1.dedda86b425abp-20,0x1.16421bb5d34c6p-616,0x1.dedda86b425acp-20,1.78391430944095869e-06
7,10,0x1.071c1f4c24184p-21,0x1.16421bb5d34c6p-616,0x1.071c1f4c24185p-21,4.90080290587279864e-07
7,11,0x1.1f7056d61196cp-23,0x1.16421bb5d34c6p-616,0x1.1f7056d61196dp-23,1.33849133278871254e-07
7,12,0x1.384ece64fafedp-25,0x1.16421bb5d34c6p-616,0x1.384ece64fafeep-25,3.63574173335743627e-08
7,13,0x1.519801eb068ep-27,0x1.16421bb5d34c6p-616,0x1.519801eb068e1p-27,9.82527211504658841e-09
7,14,0x1.6b294a95a94bep-29,0x1.16421bb5d34c6p-616,0x1.6b294a95a94bfp-29,2.64234618459086153e-09
7,15,0x1.84dd277ef5763p-31,0x1.16421bb5d34c6p-616,0x1.84dd277ef5764p-31,7.07339284254175682e-10
7,16,0x1.9e8bc6c4686d9p-33,0x1.16421bb5d34c6p-616,0x1.9e8bc6c4686dap-33,1.88513696092313168e-10
7,17,0x1.b80ba53deabfp-35,0x1.16421bb5d34c6p-616,0x1.b80ba53deabf1p-35,5.00273802277587021e-11
7,18,0x1.d132340326555p-37,0x1.16421bb5d34c6p-616,0x1.d132340326556p-37,1.32216685570020445e-11
7,19,0x1.e9d47cca425fep-39,0x1.16421bb5d34c6p-616,0x1.e9d47cca425ffp-39,3.48045168966447756e-12
7,20,0x1.00e3e09fed1abp-40,0x1.16421bb5d34c6p-616,0x1.00e3e09fed1acp-40,9.12657136535321850e-13
7,21,0x1.0c7109554ddb6p-42,0x1.16421bb5d34c6p-616,0x1.0c7109554ddb7p-42,2.38423990473911745e-13
7,22,0x1.177d70002323p-44,0x1.16421bb5d34c6p-616,0x1.177d700023231p-44,6.20592444639091938e-14
7,23,0x1.21f5bc9632ab7p-46,0x1.16421bb5d34c6p-616,0x1.21f5bc9632ab8p-46,1.60960083514426465e-14
7,24,0x1.2bc7c35137969p-48,0x1.16421bb5d34c6p-616,0x1.2bc7c3513796ap-48,4.16028772619017735e-15
7,25,0x1.34e2ba3ed90acp-50,0x1.16421bb5d34c6p-616,0x1.34e2ba3ed90adp-50,1.07166239209362137e-15
7,26,0x1.3d376842bcf6p-52,0x1.16421bb5d34c6p-616,0x1.3d376842bcf61p-52,2.75141398069539593e-16
7,27,0x1.44b84d3fa7a8fp-54,0x1.16421bb5d34c6p-616,0x1.44b84d3fa7a9p-54,7.04124104337047352e-17
7,28,0x1.4b59c32a60b73p-56,0x1.16421bb5d34c6p-616,0x1.4b59c32a60b74p-56,1.79625538748609990e-17
7,29,0x1.511217db6ced5p-58,0x1.16421bb5d34c6p-616,0x1.511217db6ced6p-58,4.56815949719987565e-18
7,30,0x1.55d99f8a96a5fp-60,0x1.16421bb5d34c6p-616,0x1.55d99f8a96a6p-60,1.15823315923670575e-18
7,31,0x1.59aabff77bcbbp-62,0x1.16421bb5d34c6p-616,0x1.59aabff77bcbcp-62,2.92791330731137890e-19
7,32,0x1.5c81f45bd0fdap-64,0x1.16421bb5d34c6p-616,0x1.5c81f45bd0fdbp-64,7.37993622755503379e-20
7,33,0x1.5e5dca5dc6f9cp-66,0x1.16421bb5d34c6p-616,0x1.5e5dca5dc6f9dp-66,1.85482411406390242e-20
7,34,0x1.5f3ed8522530ep-68,0x1.16421bb5d34c6p-616,0x1.5f3ed8522530fp-68,4.64869533062525985e-21
7,35,0x1.5f27ad356e5eap-70,0x1.16421bb5d34c6p-616,0x1.5f27ad356e5ebp-70,1.16187438801560082e-21
7,36,0x1.5e1cbad90b03ap-72,0x1.16421bb5d34c6p-616,0x1.5e1cbad90b03bp-72,2.89606045624158936e-22
7,37,0x1.5c243ad465077p-74,0x1.16421bb5d34c6p-616,0x1.5c243ad465078p-74,7.19939794942196187e-23
7,38,0x1.59460ed99af69p-76,0x1.16421bb5d34c6p-616,0x1.59460ed99af6ap-76,1.78502300601970734e-23
7,39,0x1.558b9d199e69bp-78,0x1.16421bb5d34c6p-616,0x1.558b9d199e69cp-78,4.41437039039848312e-24
7,40,0x1.50ffa96bfa996p-80,0x1.16421bb5d34c6p-616,0x1.50ffa96bfa997p-80,1.08890145960844237e-24
7,41,0x1.4bae2bf3137a6p-82,0x1.16421bb5d34c6p-616,0x1.4bae2bf3137a7p-82,2.67929259568873013e-25
7,42,0x1.45a425f679913p-84,0x1.16421bb5d34c6p-616,0x1.45a425f679914p-84,6.57627174847304963e-26
7,43,0x1.3eef75aa1f049p-86,0x1.16421bb5d34c6p-616,0x1.3eef75aa1f04ap-86,1.61021222276061422e-26
7,44,0x1.379ea99314555p-88,0x1.16421bb5d34c6p-616,0x1.379ea99314556p-88,3.93319452468513568e-27
7,45,0x1.2fc0d4314fbdcp-90,0x1.16421bb5d34c6p-616,0x1.2fc0d4314fbddp-90,9.58476216546695076e-28
7,46,0x1.2765608a4985ep-92,0x1.16421bb5d34c6p-616,0x1.2765608a4985fp-92,2.33026359379410987e-28
7,47,0x1.1e9be8225b8cap-94,0x1.16421bb5d34c6p-616,0x1.1e9be8225b8cbp-94,5.65236609333310221e-29
7,48,0x1.15740ae349b22p-96,0x1.16421bb5d34c6p-616,0x1.15740ae349b23p-96,1.36795034000965373e-29
7,49,0x1.0bfd495d9b6f4p-98,0x1.16421bb5d34c6p-616,0x1.0bfd495d9b6f5p-98,3.30322439441286068e-30
7,50,0x1.0246e1c0f165dp-100,0x1.16421bb5d34c6p-616,0x1.0246e1c0f165ep-100,7.95877090280902836e-31
7,51,0x1.f0bf5fab65496p-103,0x1.16421bb5d34c6p-616,0x1.f0bf5fab65497p-103,1.91340197636970652e-31
7,52,0x1.dcac20616586dp-105,0x1.16421bb5d34c6p-616,0x1.dcac20616586ep-105,4.59018794642885112e-32
7,53,0x1.c86f8d904f1dp-107,0x1.16421bb5d34c6p-616,0x1.c86f8d904f1d1p-107,1.09882910751356924e-32
7,54,0x1.b423d20175249p-109,0x1.16421bb5d34c6p-616,0x1.b423d2017524ap-109,2.62492168125026244e-33
7,55,0x1.9fe19673f803cp-111,0x1.16421bb5d34c6p-616,0x1.9fe19673f803dp-111,6.25748484533022542e-34
7,56,0x1.8bbfe3a65ff66p-113,0x1.16421bb5d34c6p-616,0x1.8bbfe3a65ff67p-113,1.48864441866550945e-34
7,57,0x1.77d40b290e4c2p-115,0x1.16421bb5d34c6p-616,0x1.77d40b290e4c3p-115,3.53427230397625024e-35
7,58,0x1.643196badc2a8p-117,0x1.16421bb5d34c6p-616,0x1.643196badc2a9p-117,8.37407378887412401e-36
7,59,0x1.50ea3ddd9c2fep-119,0x1.16421bb5d34c6p-616,0x1.50ea3ddd9c2ffp-119,1.98020843421136570e-36
7,60,0x1.3e0de13fcc3d4p-121,0x1.16421bb5d34c6p-616,0x1.3e0de13fcc3d5p-121,4.67338671054445094e-37
7,61,0x1.2baa8b8b92b4cp-123,0x1.16421bb5d34c6p-616,0x1.2baa8b8b92b4dp-123,1.10079973619565986e-37
7,62,0x1.19cc7721123fap-125,0x1.16421bb5d34c6p-616,0x1.19cc7721123fbp-125,2.58791227669400121e-38
7,63,0x1.087e183b0e70fp-127,0x1.16421bb5d34c6p-616,0x1.087e183b0e71p-127,6.07245130585059457e-39
7,64,0x1.ef9055f137a87p-130,0x1.16421bb5d34c6p-616,0x1.ef9055f137a88p-130,1.42219839048578782e-39
7,65,0x1.cf638989dee69p-132,0x1.16421bb5d34c6p-616,0x1.cf638989dee6ap-132,3.32465171578118092e-40
7,66,0x1.b080d12e2b579p-134,0x1.16421bb5d34c6p-616,0x1.b080d12e2b57ap-134,7.75764554930328331e-41
7,67,0x1.92f03b0c45589p-136,0x1.16421bb5d34c6p-616,0x1.92f03b0c4558ap-136,1.80683828012395571e-41
7,68,0x1.76b70e66128c6p-138,0x1.16421bb5d34c6p-616,0x1.76b70e66128c7p-138,4.20070114385380464e-42
7,69,0x1.5bd7ff1ecf521p-140,0x1.16421bb5d34c6p-616,0x1.5bd7ff1ecf522p-140,9.74865787782452781e-43
7,70,0x1.4253631ffb9ddp-142,0x1.16421bb5d34c6p-616,0x1.4253631ffb9dep-142,2.25837276125028197e-43
7,71,0x1.2a2768c3c47c2p-144,0x1.16421bb5d34c6p-616,0x1.2a2768c3c47c3p-144,5.22253326904031222e-44
7,72,0x1.13504d854ad9fp-146,0x1.16421bb5d34c6p-616,0x1.13504d854adap-146,1.20561450317371064e-44
7,73,0x1.fb912894b4bf1p-149,0x1.16421bb5d34c6p-616,0x1.fb912894b4bf2p-149,2.77833161455549442e-45
7,74,0x1.d312755bbe1e7p-151,0x1.16421bb5d34c6p-616,0x1.d312755bbe1e8p-151,6.39167403328549771e-46
7,75,0x1.ad13d98c8fa63p-153,0x1.16421bb5d34c6p-616,0x1.ad13d98c8fa64p-153,1.46793382684447209e-46
7,76,0x1.89826ded5987cp-155,0x1.16421bb5d34c6p-616,0x1.89826ded5987dp-155,3.36562648822796377e-47
7,77,0x1.68496ad9665bcp-157,0x1.16421bb5d34c6p-616,0x1.68496ad9665bdp-157,7.70369447074444097e-48
7,78,0x1.495281ff09c99p-159,0x1.16421bb5d34c6p-616,0x1.495281ff09c9ap-159,1.76040202244639134e-48
7,79,0x1.2c86326b1b48p-161,0x1.16421bb5d34c6p-616,0x1.2c86326b1b481p-161,4.01615247263152296e-49
7,80,0x1.11cc168dca058p-163,0x1.16421bb5d34c6p-616,0x1.11cc168dca059p-163,9.14744431314003572e-50
7,81,0x1.f2165804d6209p-166,0x1.16421bb5d34c6p-616,0x1.f2165804d620ap-166,2.08010954067364528e-50
7,82,0x1.c45429fded443p-168,0x1.16421bb5d34c6p-616,0x1.c45429fded444p-168,4.72253266579811750e-51
7,83,0x1.9a1ea6d04596fp-170,0x1.16421bb5d34c6p-616,0x1.9a1ea6d04597p-170,1.07046245013209699e-51
7,84,0x1.7342fb38bd737p-172,0x1.16421bb5d34c6p-616,0x1.7342fb38bd738p-172,2.42259527638334927e-52
7,85,0x1.4f8eda34cdefdp-174,0x1.16421bb5d34c6p-616,0x1.4f8eda34cdefep-174,5.47404557004141425e-53
7,86,0x1.2ed0ce6fa2ca7p-176,0x1.16421bb5d34c6p-616,0x1.2ed0ce6fa2ca8p-176,1.23497769605853402e-53
7,87,0x1.10d88051c51c3p-178,0x1.16421bb5d34c6p-616,0x1.10d88051c51c4p-178,2.78187705856131919e-54
7,88,0x1.eaede29586909p-181,0x1.16421bb5d34c6p-616,0x1.eaede2958690ap-181,6.25676319223790837e-55
7,89,0x1.b8fd59f87c72cp-183,0x1.16421bb5d34c6p-616,0x1.b8fd59f87c72dp-183,1.40507410165780317e-55
7,90,0x1.8b87e1f2ae7dap-185,0x1.16421bb5d34c6p-616,0x1.8b87e1f2ae7dbp-185,3.15058452225423852e-56
7,91,0x1.623997aa116d8p-187,0x1.16421bb5d34c6p-616,0x1.623997aa116d9p-187,7.05391168959154446e-57
7,92,0x1.3cc2687bd0eacp-189,0x1.16421bb5d34c6p-616,0x1.3cc2687bd0eadp-189,1.57695890230861453e-57
7,93,0x1.1ad631cd305c4p-191,0x1.16421bb5d34c6p-616,0x1.1ad631cd305c5p-191,3.52019417825534122e-58
7,94,0x1.f859a7e0a4fdap-194,0x1.16421bb5d34c6p-616,0x1.f859a7e0a4fdbp-194,7.84644777780154842e-59
7,95,0x1.c104731d76afbp-196,0x1.16421bb5d34c6p-616,0x1.c104731d76afcp-196,1.74640126575308788e-59
7,96,0x1.8f2ca9fd6e1e1p-198,0x1.16421bb5d34c6p-616,0x1.8f2ca9fd6e1e2p-198,3.88135752832724114e-60
7,97,0x1.625a29b1e3cfcp-200,0x1.16421bb5d34c6p-616,0x1.625a29b1e3cfdp-200,8.61382479037996208e-61
7,98,0x1.3a1ca22253c5dp-202,0x1.16421bb5d34c6p-616,0x1.3a1ca22253c5ep-202,1.90890901864926070e-61
7,99,0x1.160b638135d2p-204,0x1.16421bb5d34c6p-616,0x1.160b638135d21p-204,4.22430442131818044e-62
7,100,0x1.eb8a42ecb613bp-207,0x1.16421bb5d34c6p-616,0x1.eb8a42ecb613cp-207,9.33490432885386082e-63
7,101,0x1.b1df5bc825a8ep-209,0x1.16421bb5d34c6p-616,0x1.b1df5bc825a8fp-209,2.05993283098900692e-63
7,102,0x1.7e6f5a3daf13fp-211,0x1.16421bb5d34c6p-616,0x1.7e6f5a3daf14p-211,4.53929646599653655e-64
7,103,0x1.50a08a83a76cfp-213,0x1.16421bb5d34c6p-616,0x1.50a08a83a76dp-213,9.98895488084164245e-65
7,104,0x1.27e5943bc17b6p-215,0x1.16421bb5d34c6p-616,0x1.27e5943bc17b7p-215,2.19508440996316558e-65
7,105,0x1.03bcce2a7851ap-217,0x1.16421bb5d34c6p-616,0x1.03bcce2a7851bp-217,4.81710004935642615e-66
7,106,0x1.c75f203238d2dp-220,0x1.16421bb5d34c6p-616,0x1.c75f203238d2ep-220,1.05566692751371490e-66
7,107,0x1.8ea309c956df2p-222,0x1.16421bb5d34c6p-616,0x1.8ea309c956df3p-222,2.31035362964467624e-67
7,108,0x1.5c7ffce29f04ep-224,0x1.16421bb5d34c6p-616,0x1.5c7ffce29f04fp-224,5.04944596572397622e-68
7,109,0x1.304299ea74374p-226,0x1.16421bb5d34c6p-616,0x1.304299ea74375p-226,1.10211295004618125e-68
7,110,0x1.0948359b8cfa1p-228,0x1.16421bb5d34c6p-616,0x1.0948359b8cfa2p-228,2.40230927306105799e-69
7,111,0x1.cdfb375e123fp-231,0x1.16421bb5d34c6p-616,0x1.cdfb375e123f1p-231,5.22944314536277854e-70
7,112,0x1.91bbbc340be89p-233,0x1.16421bb5d34c6p-616,0x1.91bbbc340be8ap-233,1.13686506464821677e-70
7,113,0x1.5ce2640344679p-235,0x1.16421bb5d34c6p-616,0x1.5ce264034467ap-235,2.46826922324349198e-71
7,114,0x1.2e97b6746319cp-237,0x1.16421bb5d34c6p-616,0x1.2e97b6746319dp-237,5.35191743917250274e-72
7,115,0x1.061a4db898107p-239,0x1.16421bb5d34c6p-616,0x1.061a4db898108p-239,1.15894451926526316e-72
7,116,0x1.c579d4e7ad92bp-242,0x1.16421bb5d34c6p-616,0x1.c579d4e7ad92cp-242,2.50642838437347015e-73
7,117,0x1.87c94d194a7f4p-244,0x1.16421bb5d34c6p-616,0x1.87c94d194a7f5p-244,5.41365249062915940e-74
7,118,0x1.520e8d519dc1p-246,0x1.16421bb5d34c6p-616,0x1.520e8d519dc11p-246,1.16780635389043077e-74
7,119,0x1.2353539f255fcp-248,0x1.16421bb5d34c6p-616,0x1.2353539f255fdp-248,2.51593607675788805e-75
7,120,0x1.f57959a508ef3p-251,0x1.16421bb5d34c6p-616,0x1.f57959a508ef4p-251,5.41351774786726626e-76
7,121,0x1.af108e8187d83p-253,0x1.16421bb5d34c6p-616,0x1.af108e8187d84p-253,1.16335849589324780e-76
7,122,0x1.7213f7ff804e2p-255,0x1.16421bb5d34c6p-616,0x1.7213f7ff804e3p-255,2.49691875904433843e-77
7,123,0x1.3d53182e6ef97p-257,0x1.16421bb5d34c6p-616,0x1.3d53182e6ef98p-257,5.35247778574209508e-78
7,124,0x1.0fc11dec04336p-259,0x1.16421bb5d34c6p-616,0x1.0fc11dec04337p-259,1.14595531392475307e-78
7,125,0x1.d0e23d7e2cd66p-262,0x1.16421bb5d34c6p-616,0x1.d0e23d7e2cd67p-262,2.45044826079814571e-79
7,126,0x1.8d254fddfeb1fp-264,0x1.16421bb5d34c6p-616,0x1.8d254fddfeb2p-264,5.23348638504424594e-80
7,127,0x1.52dd423b3984cp-266,0x1.16421bb5d34c6p-616,0x1.52dd423b3984dp-266,1.11636701271321283e-80
7,128,0x1.20c8f56ecad3dp-268,0x1.16421bb5d34c6p-616,0x1.20c8f56ecad3ep-268,2.37845982843689048e-81
7,129,0x1.eb9e8aa72b359p-271,0x1.16421bb5d34c6p-616,0x1.eb9e8aa72b35ap-271,5.06127735039474674e-82
7,130,0x1.a1f4e7e5d1769p-273,0x1.16421bb5d34c6p-616,0x1.a1f4e7e5d176ap-273,1.07572799757876076e-82
7,131,0x1.62e818144dd25p-275,0x1.16421bb5d34c6p-616,0x1.62e818144dd26p-275,2.28362781507333158e-83
7,132,0x1.2d0261f10107ap-277,0x1.16421bb5d34c6p-616,0x1.2d0261f10107bp-277,4.84207107056580434e-84
7,133,0x1.fdfd4a8f6c88bp-280,0x1.16421bb5d34c6p-616,0x1.fdfd4a8f6c88cp-280,1.02546871252342115e-84
7,134,0x1.af84f1adff7acp-282,0x1.16421bb5d34c6p-616,0x1.af84f1adff7adp-282,2.16920948563765625e-85
7,135,0x1.6cb1db2b5eb3bp-284,0x1.16421bb5d34c6p-616,0x1.6cb1db2b5eb3cp-284,4.58322077838415073e-86
7,136,0x1.33dbcf6f10b34p-286,0x1.16421bb5d34c6p-616,0x1.33dbcf6f10b35p-286,9.67236357188542918e-87
7,137,0x1.0393fdd36a72p-288,0x1.16421bb5d34c6p-616,0x1.0393fdd36a721p-288,2.03886898290007082e-87
7,138,0x1.b53b6151452e6p-291,0x1.16421bb5d34c6p-616,0x1.b53b6151452e7p-291,4.29282505342289867e-88
7,139,0x1.6fcfb7ee601eap-293,0x1.16421bb5d34c6p-616,0x1.6fcfb7ee601ebp-293,9.02810270878318674e-89
7,140,0x1.350ee07b4f051p-295,0x1.16421bb5d34c6p-616,0x1.350ee07b4f052p-295,1.89649395254330257e-89
7,141,0x1.0364b8ad0aa4fp-297,0x1.16421bb5d34c6p-616,0x1.0364b8ad0aa5p-297,3.97933329885929209e-90
7,142,0x1.b2ecae2526ae7p-300,0x1.16421bb5d34c6p-616,0x1.b2ecae2526ae8p-300,8.34017648099646612e-91
7,143,0x1.6c34ba19827fbp-302,0x1.16421bb5d34c6p-616,0x1.6c34ba19827fcp-302,1.74601671983556707e-91
7,144,0x1.30a47eb64356ap-304,0x1.16421bb5d34c6p-616,0x1.30a47eb64356bp-304,3.65116892832588384e-92
7,145,0x1.fd11a415c4c84p-307,0x1.16421bb5d34c6p-616,0x1.fd11a415c4c85p-307,7.62654681217299669e-93
7,146,0x1.a8dc7ce4a99fap-309,0x1.16421bb5d34c6p-616,0x1.a8dc7ce4a99fbp-309,1.59125040957384484e-93
7,147,0x1.62303d2d3744fp-311,0x1.16421bb5d34c6p-616,0x1.62303d2d3745p-311,3.31639122826890532e-94
7,148,0x1.26f1c9c636063p-313,0x1.16421bb5d34c6p-616,0x1.26f1c9c636064p-313,6.90417310875057148e-95
7,149,0x1.eaada7ab7ba83p-316,0x1.16421bb5d34c6p-616,0x1.eaada7ab7ba84p-316,1.43574823792589079e-95
7,150,0x1.97b4851151d78p-318,0x1.16421bb5d34c6p-616,0x1.97b4851151d79p-318,2.98241185306619183e-96
7,151,0x1.52645fecd7a49p-320,0x1.16421bb5d34c6p-616,0x1.52645fecd7a4ap-320,6.18844625113448564e-97
7,152,0x1.188e8c0433c7cp-322,0x1.16421bb5d34c6p-616,0x1.188e8c0433c7dp-322,1.28269164939367571e-97
7,153,0x1.d0b537d4319bap-325,0x1.16421bb5d34c6p-616,0x1.d0b537d4319bbp-325,2.65577625524181259e-98
7,154,0x1.80732b8d549c7p-327,0x1.16421bb5d34c6p-616,0x1.80732b8d549c8p-327,5.49276711492495319e-99
7,155,0x1.3db5eec59afb8p-329,0x1.16421bb5d34c6p-616,0x1.3db5eec59afb9p-329,1.13481029739513006e-99
7,156,0x1.06469761c65e3p-331,0x1.16421bb5d34c6p-616,0x1.06469761c65e4p-331,2.34201462752369453e-100
7,157,0x1.b0906eb62b662p-334,0x1.16421bb5d34c6p-616,0x1.b0906eb62b663p-334,4.82827553045559703e-101
7,158,0x1.64542cec0e4d4p-336,0x1.16421bb5d34c6p-616,0x1.64542cec0e4d5p-336,9.94334320074880460e-102
7,159,0x1.2537e27762394p-338,0x1.16421bb5d34c6p-616,0x1.2537e27762395p-338,2.04556163972619352e-102
7,160,0x1.e20fd4a327c86p-341,0x1.16421bb5d34c6p-616,0x1.e20fd4a327c87p-341,4.20372469359438996e-103
7,161,0x1.8bd8edae7d3fbp-343,0x1.16421bb5d34c6p-616,0x1.8bd8edae7d3fcp-343,8.62977143246489376e-104
7,162,0x1.44b62f44e1ec4p-345,0x1.16421bb5d34c6p-616,0x1.44b62f44e1ec5p-345,1.76973977935359516e-104
7,163,0x1.0a14e31e7bcb6p-347,0x1.16421bb5d34c6p-616,0x1.0a14e31e7bcb7p-347,3.62548712569224722e-105
7,164,0x1.b39f5ddaa4a46p-350,0x1.16421bb5d34c6p-616,0x1.b39f5ddaa4a47p-350,7.41945288188083064e-106
7,165,0x1.6439f54c2b125p-352,0x1.16421bb5d34c6p-616,0x1.6439f54c2b126p-352,1.51679770171579073e-106
7,166,0x1.230024f3bb914p-354,0x1.16421bb5d34c6p-616,0x1.230024f3bb915p-354,3.09767178566876809e-107
7,167,0x1.daf2714eafddfp-357,0x1.16421bb5d34c6p-616,0x1.daf2714eafdep-357,6.31970446422989468e-108
7,168,0x1.83301da545546p-359,0x1.16421bb5d34c6p-616,0x1.83301da545547p-359,1.28799277473902239e-108
7,169,0x1.3b52a4e04ee55p-361,0x1.16421bb5d34c6p-616,0x1.3b52a4e04ee56p-361,2.62232800700574848e-109
7,170,0x1.0089195a5c3a2p-363,0x1.16421bb5d34c6p-616,0x1.0089195a5c3a3p-363,5.33358418007031732e-110
7,171,0x1.a0fe78ac9288ap-366,0x1.16421bb5d34c6p-616,0x1.a0fe78ac9288bp-366,1.08370594990682615e-110
7,172,0x1.5291013fc2097p-368,0x1.16421bb5d34c6p-616,0x1.5291013fc2098p-368,2.19971045248580073e-111
7,173,0x1.129cf523c5d6p-370,0x1.16421bb5d34c6p-616,0x1.129cf523c5d61p-370,4.46049353595684003e-112
7,174,0x1.bd08ccba20cbp-373,0x1.16421bb5d34c6p-616,0x1.bd08ccba20cb1p-373,9.03577085225251841e-113
7,175,0x1.683fa390d0b0dp-375,0x1.16421bb5d34c6p-616,0x1.683fa390d0b0ep-375,1.82857993457825806e-113
7,176,0x1.23536a07bc238p-377,0x1.16421bb5d34c6p-616,0x1.23536a07bc239p-377,3.69684014553217993e-114
7,177,0x1.d6b64175515c3p-380,0x1.16421bb5d34c6p-616,0x1.d6b64175515c4p-380,7.46649697809436447e-115
7,178,0x1.7be71a31c4fdcp-382,0x1.16421bb5d34c6p-616,0x1.7be71a31c4fddp-382,1.50651729171887737e-115
7,179,0x1.324f88f837a3fp-384,0x1.16421bb5d34c6p-616,0x1.324f88f837a4p-384,3.03671366984790936e-116
7,180,0x1.ed76e316ac53p-387,0x1.16421bb5d34c6p-616,0x1.ed76e316ac531p-387,6.11515601843621334e-117
7,181,0x1.8d18721486405p-389,0x1.16421bb5d34c6p-616,0x1.8d18721486406p-389,1.23023102944474740e-117
7,182,0x1.3f3c3f93faca2p-391,0x1.16421bb5d34c6p-616,0x1.3f3c3f93faca3p-391,2.47253643292255419e-118
7,183,0x1.00647a8fd735ap-393,0x1.16421bb5d34c6p-616,0x1.00647a8fd735bp-393,4.96451751864906198e-119
7,184,0x1.9b7156bec808cp-396,0x1.16421bb5d34c6p-616,0x1.9b7156bec808dp-396,9.95843618216516302e-120
7,185,0x1.49cf8511685d9p-398,0x1.16421bb5d34c6p-616,0x1.49cf8511685dap-398,1.99565930739623590e-120
7,186,0x1.081ee691c9163p-400,0x1.16421bb5d34c6p-616,0x1.081ee691c9164p-400,3.99543636515869507e-121
7,187,0x1.a69fc1128250ap-403,0x1.16421bb5d34c6p-616,0x1.a69fc1128250bp-403,7.99145722435817657e-122
7,188,0x1.51cd1f8500f8cp-405,0x1.16421bb5d34c6p-616,0x1.51cd1f8500f8dp-405,1.59688285744875636e-122
7,189,0x1.0dbefa155fb76p-407,0x1.16421bb5d34c6p-616,0x1.0dbefa155fb77p-407,3.18791562532249353e-123
7,190,0x1.ae65034a7313cp-410,0x1.16421bb5d34c6p-616,0x1.ae65034a7313dp-410,6.35811834858731315e-124
7,191,0x1.5708dc5904f3fp-412,0x1.16421bb5d34c6p-616,0x1.5708dc5904f4p-412,1.26689249598731280e-124
7,192,0x1.11262bcd5d4cp-414,0x1.16421bb5d34c6p-616,0x1.11262bcd5d4c1p-414,2.52197985395211570e-125
7,193,0x1.b29809df95935p-417,0x1.16421bb5d34c6p-616,0x1.b29809df95936p-417,5.01574524021844928e-126
7,194,0x1.59681eefe9b97p-419,0x1.16421bb5d34c6p-616,0x1.59681eefe9b98p-419,9.96604024766462949e-127
7,195,0x1.1244304afceaap-421,0x1.16421bb5d34c6p-616,0x1.1244304afceabp-421,1.97835582415793336e-127
7,196,0x1.b326b4fa85148p-424,0x1.16421bb5d34c6p-616,0x1.b326b4fa85149p-424,3.92357589453293684e-128
7,197,0x1.58e2b26eb60d4p-426,0x1.16421bb5d34c6p-616,0x1.58e2b26eb60d5p-426,7.77422063414749362e-129
7,198,0x1.11176cb350981p-428,0x1.16421bb5d34c6p-616,0x1.11176cb350982p-428,1.53896972792977177e-129
7,199,0x1.b0163bbc9f71ap-431,0x1.16421bb5d34c6p-616,0x1.b0163bbc9f71bp-431,3.04370776210649181e-130
7,200,0x1.5582d6cadfe22p-433,0x1.16421bb5d34c6p-616,0x1.5582d6cadfe23p-433,6.01418417255126904e-131
7,201,0x1.0daccd3c3790fp-435,0x1.16421bb5d34c6p-616,0x1.0daccd3c3791p-435,1.18727854255072585e-131
7,202,0x1.a98299073c36dp-438,0x1.16421bb5d34c6p-616,0x1.a98299073c36ep-438,2.34170323238266497e-132
7,203,0x1.4f648c9a70d84p-440,0x1.16421bb5d34c6p-616,0x1.4f648c9a70d85p-440,4.61440425812333086e-133
7,204,0x1.081f0528e01e9p-442,0x1.16421bb5d34c6p-616,0x1.081f0528e01eap-442,9.08458656823347670e-134
7,205,0x1.9f9d0f6362bedp-445,0x1.16421bb5d34c6p-616,0x1.9f9d0f6362beep-445,1.78690567007516724e-134
7,206,0x1.46b42df79fc12p-447,0x1.16421bb5d34c6p-616,0x1.46b42df79fc13p-447,3.51160932745157898e-135
7,207,0x1.0095464b0a35dp-449,0x1.16421bb5d34c6p-616,0x1.0095464b0a35ep-449,6.89477401151374855e-136
7,208,0x1.92a9de4b5e7a2p-452,0x1.16421bb5d34c6p-616,0x1.92a9de4b5e7a3p-452,1.35252191489870991e-136
7,209,0x1.3bac6c49110e8p-454,0x1.16421bb5d34c6p-616,0x1.3bac6c49110e9p-454,2.65081955858647507e-137
7,210,0x1.ee830a42e667ep-457,0x1.16421bb5d34c6p-616,0x1.ee830a42e667fp-457,5.19073361274529201e-138
7,211,0x1.82fd4d8175ee5p-459,0x1.16421bb5d34c6p-616,0x1.82fd4d8175ee6p-459,1.01552627865954120e-138
7,212,0x1.2e93d24f96f2ap-461,0x1.16421bb5d34c6p-616,0x1.2e93d24f96f2bp-461,1.98503679020786823e-139
7,213,0x1.d8bcc8268b51p-464,0x1.16421bb5d34c6p-616,0x1.d8bcc8268b511p-464,3.87669858374364705e-140
7,214,0x1.70f83ab35b7f5p-466,0x1.16421bb5d34c6p-616,0x1.70f83ab35b7f6p-466,7.56436879659284174e-141
7,215,0x1.1fb9ef0af62a6p-468,0x1.16421bb5d34c6p-616,0x1.1fb9ef0af62a7p-468,1.47469304009035756e-141
7,216,0x1.c059c7746d73fp-471,0x1.16421bb5d34c6p-616,0x1.c059c7746d74p-471,2.87243314099249247e-142
7,217,0x1.5d045a0a22e7ep-473,0x1.16421bb5d34c6p-616,0x1.5d045a0a22e7fp-473,5.59008826735677945e-143
7,218,0x1.0f7450a03cffdp-475,0x1.16421bb5d34c6p-616,0x1.0f7450a03cffep-475,1.08694835153600593e-143
7,219,0x1.a5e3ef15b3ca9p-478,0x1.16421bb5d34c6p-616,0x1.a5e3ef15b3caap-478,2.11164892894840694e-144
7,220,0x1.47905b59b938cp-480,0x1.16421bb5d34c6p-616,0x1.47905b59b938dp-480,4.09881334103139373e-145
7,221,0x1.fc36ecd7ff4ccp-483,0x1.16421bb5d34c6p-616,0x1.fc36ecd7ff4cdp-483,7.94912314204236408e-146
7,222,0x1.89e83b02cce93p-485,0x1.16421bb5d34c6p-616,0x1.89e83b02cce94p-485,1.54030243546603181e-146
7,223,0x1.310c2392d1debp-487,0x1.16421bb5d34c6p-616,0x1.310c2392d1decp-487,2.98208143761803634e-147
7,224,0x1.d80fbe0590902p-490,0x1.16421bb5d34c6p-616,0x1.d80fbe0590903p-490,5.76847128616899136e-148
7,225,0x1.6cf229f849273p-492,0x1.16421bb5d34c6p-616,0x1.6cf229f849274p-492,1.11488666225474429e-148
7,226,0x1.19e5454aa4bf3p-494,0x1.16421bb5d34c6p-616,0x1.19e5454aa4bf4p-494,2.15293271047116030e-149
7,227,0x1.b31ea4dcdaf7dp-497,0x1.16421bb5d34c6p-616,0x1.b31ea4dcdaf7ep-497,4.15394688591209617e-150
7,228,0x1.4f8799dd14b59p-499,0x1.16421bb5d34c6p-616,0x1.4f8799dd14b5ap-499,8.00798324738200781e-151
7,229,0x1.0283dc2cf28cfp-501,0x1.16421bb5d34c6p-616,0x1.0283dc2cf28dp-501,1.54247483086538014e-151
7,230,0x1.8e0505e6b02e7p-504,0x1.16421bb5d34c6p-616,0x1.8e0505e6b02e8p-504,2.96856595331417564e-152
7,231,0x1.3225390192789p-506,0x1.16421bb5d34c6p-616,0x1.322539019278ap-506,5.70834178663526863e-153
7,232,0x1.d68fcd56b85aap-509,0x1.16421bb5d34c6p-616,0x1.d68fcd56b85abp-509,1.09675302962791808e-153
7,233,0x1.69562f4578f86p-511,0x1.16421bb5d34c6p-616,0x1.69562f4578f87p-511,2.10544681252613795e-154
7,234,0x1.153ba6e419e6dp-513,0x1.16421bb5d34c6p-616,0x1.153ba6e419e6ep-513,4.03847322281600200e-155
7,235,0x1.a90e5fe31d7c1p-516,0x1.16421bb5d34c6p-616,0x1.a90e5fe31d7c2p-516,7.73977929988240102e-156
7,236,0x1.45945911ca26ep-518,0x1.16421bb5d34c6p-616,0x1.45945911ca26fp-518,1.48210615689134824e-156
7,237,0x1.f25aa68ceb253p-521,0x1.16421bb5d34c6p-616,0x1.f25aa68ceb254p-521,2.83576561841412463e-157
7,238,0x1.7d17a587a69p-523,0x1.16421bb5d34c6p-616,0x1.7d17a587a6901p-523,5.42128895198248038e-158
7,239,0x1.232e99d77cd56p-525,0x1.16421bb5d34c6p-616,0x1.232e99d77cd57p-525,1.03556386536490511e-158
7,240,0x1.bc9a3ddb93dbdp-528,0x1.16421bb5d34c6p-616,0x1.bc9a3ddb93dbep-528,1.97648822217150061e-159
7,241,0x1.5326aa2cc9e93p-530,0x1.16421bb5d34c6p-616,0x1.5326aa2cc9e94p-530,3.76925464292200644e-160
7,242,0x1.027fca8dbaad1p-532,0x1.16421bb5d34c6p-616,0x1.027fca8dbaad2p-532,7.18226655027951523e-161
7,243,0x1.89bb6e2cdee9ap-535,0x1.16421bb5d34c6p-616,0x1.89bb6e2cdee9bp-535,1.36745559550697177e-161
7,244,0x1.2b9ca8c6dbe64p-537,0x1.16421bb5d34c6p-616,0x1.2b9ca8c6dbe65p-537,2.60142610955134198e-162
7,245,0x1.c79c937b295fdp-540,0x1.16421bb5d34c6p-616,0x1.c79c937b295fep-540,4.94489612640221407e-163
7,246,0x1.5a233800bd465p-542,0x1.16421bb5d34c6p-616,0x1.5a233800bd466p-542,9.39184960385203680e-164
7,247,0x1.06c168d73377cp-544,0x1.16421bb5d34c6p-616,0x1.06c168d73377dp-544,1.78235504125052724e-164
7,248,0x1.8e99089d9ea61p-547,0x1.16421bb5d34c6p-616,0x1.8e99089d9ea62p-547,3.37977111880993658e-165
7,249,0x1.2e1778ae0731fp-549,0x1.16421bb5d34c6p-616,0x1.2e1778ae0732p-549,6.40370308280122175e-166
7,250,0x1.c988f56afed78p-552,0x1.16421bb5d34c6p-616,0x1.c988f56afed79p-552,1.21234644990505720e-166
7,251,0x1.5a3447cf06ba8p-554,0x1.16421bb5d34c6p-616,0x1.5a3447cf06ba9p-554,2.29337352722929178e-167
7,252,0x1.05c11580795fcp-556,0x1.16421bb5d34c6p-616,0x1.05c11580795fdp-556,4.33487083464076249e-168
7,253,0x1.8b7e4d495d646p-559,0x1.16421bb5d34c6p-616,0x1.8b7e4d495d647p-559,8.18712954797981450e-169
7,254,0x1.2a8b7df8b96cdp-561,0x1.16421bb5d34c6p-616,0x1.2a8b7df8b96cep-561,1.54504847809404571e-169
7,255,0x1.c25dc23248834p-564,0x1.16421bb5d34c6p-616,0x1.c25dc23248836p-564,2.91345498503898470e-170
7,256,0x1.536dc03cbd5b9p-566,0x1.16421bb5d34c6p-616,0x1.536dc03cbd5bep-566,5.48947824507174881e-171
7,257,0x1.ff3b95d3b1a03p-569,0x1.16421bb5d34c6p-616,0x1.ff3b95d3b1a26p-569,1.03350164776064151e-171
7,258,0x1.80b200acb5e28p-571,0x1.16421bb5d34c6p-616,0x1.80b200acb5eb4p-571,1.94423795307361434e-172
7,259,0x1.21401e5232b48p-573,0x1.16421bb5d34c6p-616,0x1.21401e5232d75p-573,3.65465664729635055e-173
7,260,0x1.b2a1974730934p-576,0x1.16421bb5d34c6p-616,0x1.b2a1974731a99p-576,6.86441364185141848e-174
7,261,0x1.46492d7b61f9ep-578,0x1.16421bb5d34c6p-616,0x1.46492d7b6652fp-578,1.28831119723913985e-174
7,262,0x1.e98411ebb71d5p-581,0x1.16421bb5d34c6p-616,0x1.e98411ebd9e5ap-581,2.41601349217440923e-175
7,263,0x1.6eeaa695d725ap-583,0x1.16421bb5d34c6p-616,0x1.6eeaa6966246bp-583,4.52730682283023770e-176
7,264,0x1.12cf0f8ebd40bp-585,0x1.16421bb5d34c6p-616,0x1.12cf0f90e9c4fp-585,8.47702094824541803e-177
7,265,0x1.9b53c812fe15fp-588,0x1.16421bb5d34c6p-616,0x1.9b53c8246237bp-588,1.58602522477049956e-177
7,266,0x1.339831c427067p-590,0x1.16421bb5d34c6p-616,0x1.33983209b78d6p-590,2.96511251410083091e-178
7,267,0x1.cbb086c5889cdp-593,0x1.16421bb5d34c6p-616,0x1.cbb088f20cd44p-593,5.53907536906276545e-179
7,268,0x1.573b1e50b5051p-595,0x1.16421bb5d34c6p-616,0x1.573b2702c5e2cp-595,1.03394919934176891e-179
7,269,0x1.001452f776748p-597,0x1.16421bb5d34c6p-616,0x1.001475bfb9eb4p-597,1.92853778241721817e-180
7,270,0x1.7dd2318078a49p-600,0x1.16421bb5d34c6p-616,0x1.7dd347c2945a7p-600,3.59440784584947275e-181
7,271,0x1.1c6f430fdf6fap-602,0x1.16421bb5d34c6p-616,0x1.1c739c184e46fp-602,6.69439026243696749e-182
7,272,0x1.a772d9f185805p-605,0x1.16421bb5d34c6p-616,0x1.a795a234fc3acp-605,1.24609950727450751e-182
7,273,0x1.3af3c2a51d983p-607,0x1.16421bb5d34c6p-616,0x1.3b7ee3b2f881ep-607,2.32031025084523912e-183
7,274,0x1.d4159adec32c6p-610,0x1.16421bb5d34c6p-616,0x1.d86ea34d9a79ap-610,4.34312322169699714e-184
7,275,0x1.5b55c4d1cc848p-612,0x1.16421bb5d34c6p-616,0x1.6cb9e68d29b95p-612,8.38242390148639721e-185
7,276,0x1.00c1b798a3015p-614,0x1.16421bb5d34c6p-616,0x1.46523e8617d47p-614,1.87494302424010381e-185
7,277,0x1.765a83c61d9cbp-617,0x1.16421bb5d34c6p-616,0x1.d16f5d98e21acp-616,6.68562117376054371e-186
7,278,0x1.020d71b672c13p-619,0x1.16421bb5d34c6p-616,0x1.3683c9eca1a49p-616,4.46030965219383378e-186
7,279,0x1.16f69ae49216bp-622,0x1.16421bb5d34c6p-616,0x1.1a9df6216594cp-616,4.05957944064357846e-186
7,280,0x0p+0,0x1.16421bb5d34c6p-616,0x1.16421bb5d34c6p-616,3.99696856104165971e-186
8,0,0x1.160ed66a277e4p-3,0x1.aa16966a45ddep-576,0x1.160ed66a277e5p-3,1.35770487894603026e-01
8,1,0x1.6cc7cc8270fefp-5,0x1.aa16966a45ddep-576,0x1.6cc7cc8270ffp-5,4.45288652731788970e-02
8,2,0x1.ca75cb06389e9p-7,0x1.aa16966a45ddep-576,0x1.ca75cb06389eap-7,1.39910928086850080e-02
8,3,0x1.197b07a29afeap-8,0x1.aa16966a45ddep-576,0x1.197b07a29afebp-8,4.29505287557317272e-03
8,4,0x1.555874c617ebp-10,0x1.aa16966a45ddep-576,0x1.555874c617eb1p-10,1.30212986689308094e-03
8,5,0x1.9a9f28346d9afp-12,0x1.aa16966a45ddep-576,0x1.9a9f28346d9bp-12,3.91599375940822163e-04
8,6,0x1.ea9e95b200c4ap-14,0x1.aa16966a45ddep-576,0x1.ea9e95b200c4bp-14,1.16972797314971917e-04
8,7,0x1.233199d89034dp-15,0x1.aa16966a45ddep-576,0x1.233199d89034ep-15,3.47130005065090104e-05
8,8,0x1.57794086f2159p-17,0x1.aa16966a45ddep-576,0x1.57794086f215ap-17,1.02363121764626230e-05
8,9,0x1.92b5837504a08p-19,0x1.aa16966a45ddep-576,0x1.92b5837504a09p-19,3.00041613821825370e-06
8,10,0x1.d585c5d1b8457p-21,0x1.aa16966a45ddep-576,0x1.d585c5d1b8458p-21,8.74553899712339266e-07
8,11,0x1.104b9c6819c0bp-22,0x1.aa16966a45ddep-576,0x1.104b9c6819c0cp-22,2.53594811378021611e-07
8,12,0x1.3a50a89eb100ap-24,0x1.aa16966a45ddep-576,0x1.3a50a89eb100bp-24,7.31821807416407447e-08
8,13,0x1.69316b6a0818ep-26,0x1.aa16966a45ddep-576,0x1.69316b6a0818fp-26,2.10242023028204776e-08
8,14,0x1.9d4fdc7a678cbp-28,0x1.aa16966a45ddep-576,0x1.9d4fdc7a678ccp-28,6.01448057538756956e-09
8,15,0x1.d70fab85b0389p-30,0x1.aa16966a45ddep-576,0x1.d70fab85b038ap-30,1.71371070235682832e-09
8,16,0x1.0b6abd234d28cp-31,0x1.aa16966a45ddep-576,0x1.0b6abd234d28dp-31,4.86428595677826630e-10
8,17,0x1.2e830cac34e95p-33,0x1.aa16966a45ddep-576,0x1.2e830cac34e96p-33,1.37566490648072022e-10
8,18,0x1.5502e000924efp-35,0x1.aa16966a45ddep-576,0x1.5502e000924fp-35,3.87684884234221414e-11
8,19,0x1.7f1b9dd507aeap-37,0x1.aa16966a45ddep-576,0x1.7f1b9dd507aebp-37,1.08885807627945281e-11
8,20,0x1.acfd8acc966a1p-39,0x1.aa16966a45ddep-576,0x1.acfd8acc966a2p-39,3.04816011832016384e-12
8,21,0x1.ded7574a3223ep-41,0x1.aa16966a45ddep-576,0x1.ded7574a3223fp-41,8.50592797418177270e-13
8,22,0x1.0a6ad442a667p-42,0x1.aa16966a45ddep-576,0x1.0a6ad442a6671p-42,2.36626097681319638e-13
8,23,0x1.27914ecbea3e1p-44,0x1.aa16966a45ddep-576,0x1.27914ecbea3e2p-44,6.56291928779647899e-14
8,24,0x1.46f2a8c5693b1p-46,0x1.aa16966a45ddep-576,0x1.46f2a8c5693b2p-46,1.81492536412518897e-14
8,25,0x1.68a0adce90227p-48,0x1.aa16966a45ddep-576,0x1.68a0adce90228p-48,5.00471403323298795e-15
8,26,0x1.8cab2791e7dd2p-50,0x1.aa16966a45ddep-576,0x1.8cab2791e7dd3p-50,1.37622056993272339e-15
8,27,0x1.b31f9e3df5064p-52,0x1.aa16966a45ddep-576,0x1.b31f9e3df5065p-52,3.77409482426112032e-16
8,28,0x1.dc091a4a5f054p-54,0x1.aa16966a45ddep-576,0x1.dc091a4a5f055p-54,1.03223757105153922e-16
8,29,0x1.03b7f428b31d9p-55,0x1.aa16966a45ddep-576,0x1.03b7f428b31dap-55,2.81587437092027172e-17
8,30,0x1.1aacafe386a01p-57,0x1.aa16966a45ddep-576,0x1.1aacafe386a02p-57,7.66190927028025778e-18
8,31,0x1.32e3d6aaddb5ep-59,0x1.aa16966a45ddep-576,0x1.32e3d6aaddb5fp-59,2.07956749094174921e-18
8,32,0x1.4c5cd0d1c54ebp-61,0x1.aa16966a45ddep-576,0x1.4c5cd0d1c54ecp-61,5.63044079763107118e-19
8,33,0x1.6715429df6343p-63,0x1.aa16966a45ddep-576,0x1.6715429df6344p-63,1.52077586120392273e-19
8,34,0x1.8308f92774bdap-65,0x1.aa16966a45ddep-576,0x1.8308f92774bdbp-65,4.09789300760758198e-20
8,35,0x1.a031da75068e6p-67,0x1.aa16966a45ddep-576,0x1.a031da75068e7p-67,1.10165830296904476e-20
8,36,0x1.be87d91fa004ap-69,0x1.aa16966a45ddep-576,0x1.be87d91fa004bp-69,2.95489201767280553e-21
8,37,0x1.de00ebbdd17bcp-71,0x1.aa16966a45ddep-576,0x1.de00ebbdd17bdp-71,7.90790616552230770e-22
8,38,0x1.fe91084e133fdp-73,0x1.aa16966a45ddep-576,0x1.fe91084e133fep-73,2.11165368747236540e-22
8,39,0x1.101511e5df007p-74,0x1.aa16966a45ddep-576,0x1.101511e5df008p-74,5.62653017944333896e-23
8,40,0x1.215e1b0758237p-76,0x1.aa16966a45ddep-576,0x1.215e1b0758238p-76,1.49599542849380879e-23
8,41,0x1.331aa104a3207p-78,0x1.aa16966a45ddep-576,0x1.331aa104a3208p-78,3.96922642061040777e-24
8,42,0x1.4540b135c81e9p-80,0x1.aa16966a45ddep-576,0x1.4540b135c81eap-80,1.05094816772890322e-24
8,43,0x1.57c56d52e6cd4p-82,0x1.aa16966a45ddep-576,0x1.57c56d52e6cd5p-82,2.77696163376195199e-25
8,44,0x1.6a9d161ba73d2p-84,0x1.aa16966a45ddep-576,0x1.6a9d161ba73d3p-84,7.32292370963595661e-26
8,45,0x1.7dbb181516746p-86,0x1.aa16966a45ddep-576,0x1.7dbb181516747p-86,1.92724821126142319e-26
8,46,0x1.91121a47fe0ecp-88,0x1.aa16966a45ddep-576,0x1.91121a47fe0edp-88,5.06222409799531305e-27
8,47,0x1.a4940ee3e2546p-90,0x1.aa16966a45ddep-576,0x1.a4940ee3e2547p-90,1.32711127855033969e-27
8,48,0x1.b83245a54788ep-92,0x1.aa16966a45ddep-576,0x1.b83245a54788fp-92,3.47253711021486294e-28
8,49,0x1.cbdd7fd8bfeabp-94,0x1.aa16966a45ddep-576,0x1.cbdd7fd8bfeacp-94,9.06924258057984696e-29
8,50,0x1.df8605cfa04cep-96,0x1.aa16966a45ddep-576,0x1.df8605cfa04cfp-96,2.36423351830492390e-29
8,51,0x1.f31bbd971fa05p-98,0x1.aa16966a45ddep-576,0x1.f31bbd971fa06p-98,6.15198553108474954e-30
8,52,0x1.0347215f91058p-99,0x1.aa16966a45ddep-576,0x1.0347215f91059p-99,1.59792313914445544e-30
8,53,0x1.0ce67f7d85fbdp-101,0x1.aa16966a45ddep-576,0x1.0ce67f7d85fbep-101,4.14306639507304164e-31
8,54,0x1.1663a1b25e12ep-103,0x1.aa16966a45ddep-576,0x1.1663a1b25e12fp-103,1.07231613920135351e-31
8,55,0x1.1fb631141ce65p-105,0x1.aa16966a45ddep-576,0x1.1fb631141ce66p-105,2.77056276074200408e-32
8,56,0x1.28d5e42edff31p-107,0x1.aa16966a45ddep-576,0x1.28d5e42edff32p-107,7.14605503920532491e-33
8,57,0x1.31ba8bebcc4dcp-109,0x1.aa16966a45ddep-576,0x1.31ba8bebcc4ddp-109,1.84003766695151548e-33
8,58,0x1.3a5c2054d88f3p-111,0x1.aa16966a45ddep-576,0x1.3a5c2054d88f4p-111,4.72996159177088004e-34
8,59,0x1.42b2cd18f5549p-113,0x1.aa16966a45ddep-576,0x1.42b2cd18f554ap-113,1.21385662603665933e-34
8,60,0x1.4ab6fdb4f4e93p-115,0x1.aa16966a45ddep-576,0x1.4ab6fdb4f4e94p-115,3.11002711544044516e-35
8,61,0x1.52616926bce5cp-117,0x1.aa16966a45ddep-576,0x1.52616926bce5dp-117,7.95528757587204384e-36
8,62,0x1.59ab1d11bd43fp-119,0x1.aa16966a45ddep-576,0x1.59ab1d11bd44p-119,2.03165632965366993e-36
8,63,0x1.608d883d59d53p-121,0x1.aa16966a45ddep-576,0x1.608d883d59d54p-121,5.18029869270340687e-37
8,64,0x1.67028457de676p-123,0x1.aa16966a45ddep-576,0x1.67028457de677p-123,1.31879384151631459e-37
8,65,0x1.6d045eeab3fe8p-125,0x1.aa16966a45ddep-576,0x1.6d045eeab3fe9p-125,3.35215240340729461e-38
8,66,0x1.728de16ed6b4cp-127,0x1.aa16966a45ddep-576,0x1.728de16ed6b4dp-127,8.50750768667269980e-39
8,67,0x1.779a5872f7f23p-129,0x1.aa16966a45ddep-576,0x1.779a5872f7f24p-129,2.15585498709290286e-39
8,68,0x1.7c2599c73f9a9p-131,0x1.aa16966a45ddep-576,0x1.7c2599c73f9aap-131,5.45484017631349660e-40
8,69,0x1.802c09a53818fp-133,0x1.aa16966a45ddep-576,0x1.802c09a53819p-133,1.37814954166551158e-40
8,70,0x1.83aa9ecd14a1cp-135,0x1.aa16966a45ddep-576,0x1.83aa9ecd14a1dp-135,3.47671328613692107e-41
8,71,0x1.869ee594265p-137,0x1.aa16966a45ddep-576,0x1.869ee59426501p-137,8.75801878178583872e-42
8,72,0x1.890701e2f408ep-139,0x1.aa16966a45ddep-576,0x1.890701e2f408fp-139,2.20299461429070217e-42
8,73,0x1.8ae1b023faac9p-141,0x1.aa16966a45ddep-576,0x1.8ae1b023faacap-141,5.53346971180222934e-43
8,74,0x1.8c2e452697fa3p-143,0x1.aa16966a45ddep-576,0x1.8c2e452697fa4p-143,1.38791866570012244e-43
8,75,0x1.8cecacfc03d0cp-145,0x1.aa16966a45ddep-576,0x1.8cecacfc03d0dp-145,3.47631070417459439e-44
8,76,0x1.8d1d68d67b52dp-147,0x1.aa16966a45ddep-576,0x1.8d1d68d67b52ep-147,8.69494488801880020e-45
8,77,0x1.8cc18bf4da27p-149,0x1.aa16966a45ddep-576,0x1.8cc18bf4da271p-149,2.17177200042328743e-45
8,78,0x1.8bdab7a6cb354p-151,0x1.aa16966a45ddep-576,0x1.8bdab7a6cb355p-151,5.41709095205694961e-46
8,79,0x1.8a6b16777778ap-153,0x1.aa16966a45ddep-576,0x1.8a6b16777778bp-153,1.34935980052832228e-46
8,80,0x1.8875568e23c84p-155,0x1.aa16966a45ddep-576,0x1.8875568e23c85p-155,3.35663626671319741e-47
8,81,0x1.85fca3558324bp-157,0x1.aa16966a45ddep-576,0x1.85fca3558324cp-157,8.33874509011343972e-48
8,82,0x1.83049e7ba088p-159,0x1.aa16966a45ddep-576,0x1.83049e7ba0881p-159,2.06881633637473312e-48
8,83,0x1.7f91585d2837p-161,0x1.aa16966a45ddep-576,0x1.7f91585d28371p-161,5.12593179180062337e-49
8,84,0x1.7ba747ef851d3p-163,0x1.aa16966a45ddep-576,0x1.7ba747ef851d4p-163,1.26840540030047865e-49
8,85,0x1.774b423dbaf7p-165,0x1.aa16966a45ddep-576,0x1.774b423dbaf71p-165,3.13460157607198612e-50
8,86,0x1.7282718c2355ep-167,0x1.aa16966a45ddep-576,0x1.7282718c2355fp-167,7.73660028816416265e-51
8,87,0x1.6d524c373b4b2p-169,0x1.aa16966a45ddep-576,0x1.6d524c373b4b3p-169,1.90706708486011561e-51
8,88,0x1.67c08b6184349p-171,0x1.aa16966a45ddep-576,0x1.67c08b618434ap-171,4.69498432055267198e-52
8,89,0x1.61d321841e72dp-173,0x1.aa16966a45ddep-576,0x1.61d321841e72ep-173,1.15440704631683278e-52
8,90,0x1.5b9030f53bf3ap-175,0x1.aa16966a45ddep-576,0x1.5b9030f53bf3bp-175,2.83494501101934550e-53
8,91,0x1.54fe0276d5fdp-177,0x1.aa16966a45ddep-576,0x1.54fe0276d5fd1p-177,6.95336903125836875e-54
8,92,0x1.4e22fbdf398eep-179,0x1.aa16966a45ddep-576,0x1.4e22fbdf398efp-179,1.70339329121972066e-54
8,93,0x1.470596ec0404ep-181,0x1.aa16966a45ddep-576,0x1.470596ec0404fp-181,4.16780670980597031e-55
8,94,0x1.3fac584f12ba4p-183,0x1.aa16966a45ddep-576,0x1.3fac584f12ba5p-183,1.01853764989798240e-55
8,95,0x1.381dc703b8dfdp-185,0x1.aa16966a45ddep-576,0x1.381dc703b8dfep-185,2.48614990745928142e-56
8,96,0x1.306063f94ac9ap-187,0x1.aa16966a45ddep-576,0x1.306063f94ac9bp-187,6.06124725849167109e-57
8,97,0x1.287aa21eba475p-189,0x1.aa16966a45ddep-576,0x1.287aa21eba476p-189,1.47599485774601697e-57
8,98,0x1.2072ded9a0a44p-191,0x1.aa16966a45ddep-576,0x1.2072ded9a0a45p-191,3.59004149479571154e-58
8,99,0x1.184f5af1acc75p-193,0x1.aa16966a45ddep-576,0x1.184f5af1acc76p-193,8.72186648537601133e-59
8,100,0x1.101633f802ffp-195,0x1.aa16966a45ddep-576,0x1.101633f802ff1p-195,2.11649985085734504e-59
8,101,0x1.07cd5e30b401bp-197,0x1.aa16966a45ddep-576,0x1.07cd5e30b401cp-197,5.13014136227855941e-60
8,102,0x1.fef53e061af51p-200,0x1.aa16966a45ddep-576,0x1.fef53e061af52p-200,1.24207003957652651e-60
8,103,0x1.ee470fe856b7cp-202,0x1.aa16966a45ddep-576,0x1.ee470fe856b7dp-202,3.00380563688600035e-61
8,104,0x1.dd9ae45bc2adbp-204,0x1.aa16966a45ddep-576,0x1.dd9ae45bc2adcp-204,7.25620972680215066e-62
8,105,0x1.ccfaf525a4269p-206,0x1.aa16966a45ddep-576,0x1.ccfaf525a426ap-206,1.75090787919695493e-62
8,106,0x1.bc70fcbeb1018p-208,0x1.aa16966a45ddep-576,0x1.bc70fcbeb1019p-208,4.22022301043169101e-63
8,107,0x1.ac0630ab91f8ap-210,0x1.aa16966a45ddep-576,0x1.ac0630ab91f8bp-210,1.01608314985526503e-63
8,108,0x1.9bc33ce70b9d2p-212,0x1.aa16966a45ddep-576,0x1.9bc33ce70b9d3p-212,2.44370007482504818e-64
8,109,0x1.8bb04056dca18p-214,0x1.aa16966a45ddep-576,0x1.8bb04056dca19p-214,5.87076060090276005e-65
8,110,0x1.7bd4ca42a50d3p-216,0x1.aa16966a45ddep-576,0x1.7bd4ca42a50d4p-216,1.40887226498311962e-65
8,111,0x1.6c37d8c29eed5p-218,0x1.aa16966a45ddep-576,0x1.6c37d8c29eed6p-218,3.37740051700958578e-66
8,112,0x1.5cdfd81a960cdp-220,0x1.aa16966a45ddep-576,0x1.5cdfd81a960cep-220,8.08779398611952614e-67
8,113,0x1.4dd2a2f46216p-222,0x1.aa16966a45ddep-576,0x1.4dd2a2f462161p-222,1.93471496758458837e-67
8,114,0x1.3f15836c2c9f7p-224,0x1.aa16966a45ddep-576,0x1.3f15836c2c9f8p-224,4.62323621538827276e-68
8,115,0x1.30ad34e002741p-226,0x1.aa16966a45ddep-576,0x1.30ad34e002742p-226,1.10362136171783194e-68
8,116,0x1.229de67393b95p-228,0x1.aa16966a45ddep-576,0x1.229de67393b96p-228,2.63173245452901991e-69
8,117,0x1.14eb3e38975e5p-230,0x1.aa16966a45ddep-576,0x1.14eb3e38975e6p-230,6.26922213446378145e-70
8,118,0x1.07985cec02249p-232,0x1.aa16966a45ddep-576,0x1.07985cec0224ap-232,1.49189577938287283e-70
8,119,0x1.f54fc4704af3dp-235,0x1.aa16966a45ddep-576,0x1.f54fc4704af3ep-235,3.54665381882321590e-71
8,120,0x1.dc37e2d7a882cp-237,0x1.aa16966a45ddep-576,0x1.dc37e2d7a882dp-237,8.42281277805256285e-72
8,121,0x1.c3ec6d2db0d6fp-239,0x1.aa16966a45ddep-576,0x1.c3ec6d2db0d7p-239,1.99827859123128952e-72
8,122,0x1.ac6fd7f8a1e41p-241,0x1.aa16966a45ddep-576,0x1.ac6fd7f8a1e42p-241,4.73606808375268271e-73
8,123,0x1.95c3bf97f2bb2p-243,0x1.aa16966a45ddep-576,0x1.95c3bf97f2bb3p-243,1.12136059009395530e-73
8,124,0x1.7fe8f427be4ffp-245,0x1.aa16966a45ddep-576,0x1.7fe8f427be5p-245,2.65240900681288140e-74
8,125,0x1.6adf85b946424p-247,0x1.aa16966a45ddep-576,0x1.6adf85b946425p-247,6.26766710234329733e-75
8,126,0x1.56a6d0c62382cp-249,0x1.aa16966a45ddep-576,0x1.56a6d0c62382dp-249,1.47959858654872052e-75
8,127,0x1.433d8ac535101p-251,0x1.aa16966a45ddep-576,0x1.433d8ac535102p-251,3.48944820892382248e-76
8,128,0x1.30a1cec9f13d1p-253,0x1.aa16966a45ddep-576,0x1.30a1cec9f13d2p-253,8.22141822262421656e-77
8,129,0x1.1ed12a18664dcp-255,0x1.aa16966a45ddep-576,0x1.1ed12a18664ddp-255,1.93515654371500885e-77
8,130,0x1.0dc8a899ee622p-257,0x1.aa16966a45ddep-576,0x1.0dc8a899ee623p-257,4.55058313643890285e-78
8,131,0x1.fb09c240b567bp-260,0x1.aa16966a45ddep-576,0x1.fb09c240b567cp-260,1.06905924581855291e-78
8,132,0x1.dc0402ce3d766p-262,0x1.aa16966a45ddep-576,0x1.dc0402ce3d767p-262,2.50912569706839041e-79
8,133,0x1.be77b3878f86p-264,0x1.aa16966a45ddep-576,0x1.be77b3878f861p-264,5.88343704604709210e-80
8,134,0x1.a25bd0f199dbep-266,0x1.aa16966a45ddep-576,0x1.a25bd0f199dbfp-266,1.37825617910412270e-80
8,135,0x1.87a6c93ef55cfp-268,0x1.aa16966a45ddep-576,0x1.87a6c93ef55dp-268,3.22567791010849872e-81
8,136,0x1.6e4e913ecf878p-270,0x1.aa16966a45ddep-576,0x1.6e4e913ecf879p-270,7.54234353026656939e-82
8,137,0x1.5648b856fc7c9p-272,0x1.aa16966a45ddep-576,0x1.5648b856fc7cap-272,1.76192692523025075e-82
8,138,0x1.3f8a7b7c5bce5p-274,0x1.aa16966a45ddep-576,0x1.3f8a7b7c5bce6p-274,4.11213856388704603e-83
8,139,0x1.2a08d71fa96c8p-276,0x1.aa16966a45ddep-576,0x1.2a08d71fa96c9p-276,9.58843699895055630e-84
8,140,0x1.15b898079840dp-278,0x1.aa16966a45ddep-576,0x1.15b898079840ep-278,2.23372687585248011e-84
8,141,0x1.028e6b13aa707p-280,0x1.aa16966a45ddep-576,0x1.028e6b13aa708p-280,5.19895919662106966e-85
8,142,0x1.e0fdd7cb444d7p-283,0x1.aa16966a45ddep-576,0x1.e0fdd7cb444d8p-283,1.20895108752008094e-85
8,143,0x1.befd64e337c87p-285,0x1.aa16966a45ddep-576,0x1.befd64e337c88p-285,2.80872295387679693e-86
8,144,0x1.9f04beedceb75p-287,0x1.aa16966a45ddep-576,0x1.9f04beedceb76p-287,6.51956734260376064e-87
8,145,0x1.80fd4fcb0c57cp-289,0x1.aa16966a45ddep-576,0x1.80fd4fcb0c57dp-289,1.51195954620189381e-87
8,146,0x1.64d0be6bb07acp-291,0x1.aa16966a45ddep-576,0x1.64d0be6bb07adp-291,3.50328035178617612e-88
8,147,0x1.4a690172daa81p-293,0x1.aa16966a45ddep-576,0x1.4a690172daa82p-293,8.11007223714281691e-89
8,148,0x1.31b06fda66069p-295,0x1.aa16966a45ddep-576,0x1.31b06fda6606ap-295,1.87582110904357419e-89
8,149,0x1.1a91cfac9072cp-297,0x1.aa16966a45ddep-576,0x1.1a91cfac9072dp-297,4.33487642074921260e-90
8,150,0x1.04f862e749ec8p-299,0x1.aa16966a45ddep-576,0x1.04f862e749ec9p-299,1.00088077641924757e-90
8,151,0x1.e19fe53e003c8p-302,0x1.aa16966a45ddep-576,0x1.e19fe53e003c9p-302,2.30892591394687364e-91
8,152,0x1.bc09b0efc1d39p-304,0x1.aa16966a45ddep-576,0x1.bc09b0efc1d3ap-304,5.32183432046881532e-92
8,153,0x1.99080d1ad6452p-306,0x1.aa16966a45ddep-576,0x1.99080d1ad6453p-306,1.22556983527763354e-92
8,154,0x1.78761bc177612p-308,0x1.aa16966a45ddep-576,0x1.78761bc177613p-308,2.81995240373910757e-93
8,155,0x1.5a3046ccb89b4p-310,0x1.aa16966a45ddep-576,0x1.5a3046ccb89b5p-310,6.48297156294880145e-94
8,156,0x1.3e144798eb6cp-312,0x1.aa16966a45ddep-576,0x1.3e144798eb6c1p-312,1.48914395143604493e-94
8,157,0x1.24012c245d0cfp-314,0x1.aa16966a45ddep-576,0x1.24012c245d0dp-314,3.41767734182731234e-95
8,158,0x1.0bd75a117062p-316,0x1.aa16966a45ddep-576,0x1.0bd75a1170621p-316,7.83716185937031167e-96
8,159,0x1.eaf11f5865ab1p-319,0x1.aa16966a45ddep-576,0x1.eaf11f5865ab2p-319,1.79564922842595659e-96
8,160,0x1.c18fc644b9fb1p-321,0x1.aa16966a45ddep-576,0x1.c18fc644b9fb2p-321,4.11074609776390798e-97
8,161,0x1.9b53803684b57p-323,0x1.aa16966a45ddep-576,0x1.9b53803684b58p-323,9.40281263743450127e-98
8,162,0x1.7807c7b72045ap-325,0x1.aa16966a45ddep-576,0x1.7807c7b72045bp-325,2.14898997919803987e-98
8,163,0x1.577ab03dd5292p-327,0x1.aa16966a45ddep-576,0x1.577ab03dd5293p-327,4.90740567371488514e-99
8,164,0x1.397cd99f0877fp-329,0x1.aa16966a45ddep-576,0x1.397cd99f0878p-329,1.11972651073271405e-99
8,165,0x1.1de161837335bp-331,0x1.aa16966a45ddep-576,0x1.1de161837335cp-331,2.55279442165001013e-100
8,166,0x1.047dd32f2de4p-333,0x1.aa16966a45ddep-576,0x1.047dd32f2de41p-333,5.81520516068513520e-101
8,167,0x1.da542bb7ebefdp-336,0x1.aa16966a45ddep-576,0x1.da542bb7ebefep-336,1.32361286299220727e-101
8,168,0x1.af80b3cb3d1f3p-338,0x1.aa16966a45ddep-576,0x1.af80b3cb3d1f4p-338,3.01026730378691718e-102
8,169,0x1.883a0a064ba73p-340,0x1.aa16966a45ddep-576,0x1.883a0a064ba74p-340,6.84067062833284645e-103
8,170,0x1.643d3b84ee743p-342,0x1.aa16966a45ddep-576,0x1.643d3b84ee744p-342,1.55325661397054608e-103
8,171,0x1.434b6cf102bc4p-344,0x1.aa16966a45ddep-576,0x1.434b6cf102bc5p-344,3.52403342224182320e-104
8,172,0x1.2529afa5f791ep-346,0x1.aa16966a45ddep-576,0x1.2529afa5f791fp-346,7.98896373826510621e-105
8,173,0x1.09a0d66a1a0aep-348,0x1.aa16966a45ddep-576,0x1.09a0d66a1a0afp-348,1.80965522126516543e-105
8,174,0x1.e0fa940fe51d6p-351,0x1.aa16966a45ddep-576,0x1.e0fa940fe51d7p-351,4.09597701379651423e-106
8,175,0x1.b31dbc1489b1ep-353,0x1.aa16966a45ddep-576,0x1.b31dbc1489b1fp-353,9.26353548617769209e-107
8,176,0x1.89514babbc34ap-355,0x1.aa16966a45ddep-576,0x1.89514babbc34bp-355,2.09341297332818503e-107
8,177,0x1.634194aaaac0bp-357,0x1.aa16966a45ddep-576,0x1.634194aaaac0cp-357,4.72708289027139586e-108
8,178,0x1.40a0c0c87d52bp-359,0x1.aa16966a45ddep-576,0x1.40a0c0c87d52cp-359,1.06657882740422832e-108
8,179,0x1.2126804226d97p-361,0x1.aa16966a45ddep-576,0x1.2126804226d98p-361,2.40466946834541069e-109
8,180,0x1.048fba8e7aef2p-363,0x1.aa16966a45ddep-576,0x1.048fba8e7aef3p-363,5.41728588369629131e-110
8,181,0x1.d53c82b510c0fp-366,0x1.aa16966a45ddep-576,0x1.d53c82b510c1p-366,1.21947608430488037e-110
8,182,0x1.a6310bf85c806p-368,0x1.aa16966a45ddep-576,0x1.a6310bf85c807p-368,2.74303410389121977e-111
8,183,0x1.7b92a2ff49508p-370,0x1.aa16966a45ddep-576,0x1.7b92a2ff49509p-370,6.16533560648701219e-112
8,184,0x1.54fefed87cce7p-372,0x1.aa16966a45ddep-576,0x1.54fefed87cce8p-372,1.38468513277798389e-112
8,185,0x1.321b76a9f308ap-374,0x1.aa16966a45ddep-576,0x1.321b76a9f308bp-374,3.10752988455588588e-113
8,186,0x1.12948285000f7p-376,0x1.aa16966a45ddep-576,0x1.12948285000f8p-376,6.96868365538036262e-114
8,187,0x1.ec3a83f7f45b9p-379,0x1.aa16966a45ddep-576,0x1.ec3a83f7f45bap-379,1.56155937126384930e-114
8,188,0x1.b8de10fa62658p-381,0x1.aa16966a45ddep-576,0x1.b8de10fa62659p-381,3.49654980420957279e-115
8,189,0x1.8a91ded9f838ep-383,0x1.aa16966a45ddep-576,0x1.8a91ded9f838fp-383,7.82340015740744916e-116
8,190,0x1.60dedbe00094ep-385,0x1.aa16966a45ddep-576,0x1.60dedbe00094fp-385,1.74915022076947706e-116
8,191,0x1.3b57ec9ea239dp-387,0x1.aa16966a45ddep-576,0x1.3b57ec9ea239ep-387,3.90782883661932679e-117
8,192,0x1.199931b3233e7p-389,0x1.aa16966a45ddep-576,0x1.199931b3233e8p-389,8.72412594916575691e-118
8,193,0x1.f68eb07b1b3bap-392,0x1.aa16966a45ddep-576,0x1.f68eb07b1b3bbp-392,1.94619964802520508e-118
8,194,0x1.c01de97fdb862p-394,0x1.aa16966a45ddep-576,0x1.c01de97fdb863p-394,4.33843416908926576e-119
8,195,0x1.8f47d01fd0678p-396,0x1.aa16966a45ddep-576,0x1.8f47d01fd0679p-396,9.66406569670853777e-120
8,196,0x1.63819bfed9587p-398,0x1.aa16966a45ddep-576,0x1.63819bfed9588p-398,2.15114182965824157e-120
8,197,0x1.3c4ceab96ef67p-400,0x1.aa16966a45ddep-576,0x1.3c4ceab96ef68p-400,4.78477574581429748e-121
8,198,0x1.1936c1ccf6b94p-402,0x1.aa16966a45ddep-576,0x1.1936c1ccf6b95p-402,1.06350259259329803e-121
8,199,0x1.f3ad433b4fdd6p-405,0x1.aa16966a45ddep-576,0x1.f3ad433b4fdd7p-405,2.36211470130206576e-122
8,200,0x1.bb9b51999c0d3p-407,0x1.aa16966a45ddep-576,0x1.bb9b51999c0d4p-407,5.24263846892442602e-123
8,201,0x1.898b8e22ff579p-409,0x1.aa16966a45ddep-576,0x1.898b8e22ff57ap-409,1.16275002894308398e-123
8,202,0x1.5ce1fd8d7207ep-411,0x1.aa16966a45ddep-576,0x1.5ce1fd8d7207fp-411,2.57698176249173702e-124
8,203,0x1.351168c7e94aep-413,0x1.aa16966a45ddep-576,0x1.351168c7e94afp-413,5.70723656468520975e-125
8,204,0x1.119a163166a91p-415,0x1.aa16966a45ddep-576,0x1.119a163166a92p-415,1.26308025149583033e-125
8,205,0x1.e411371ebfa89p-418,0x1.aa16966a45ddep-576,0x1.e411371ebfa8ap-418,2.79336409002532592e-126
8,206,0x1.abe98e8e7467ap-420,0x1.aa16966a45ddep-576,0x1.abe98e8e7467bp-420,6.17328969832009803e-127
8,207,0x1.7a013ed45880ap-422,0x1.aa16966a45ddep-576,0x1.7a013ed45880bp-422,1.36332454512427660e-127
8,208,0x1.4daeea5f051cfp-424,0x1.aa16966a45ddep-576,0x1.4daeea5f051dp-424,3.00868206937718153e-128
8,209,0x1.265a170d923ccp-426,0x1.aa16966a45ddep-576,0x1.265a170d923cdp-426,6.63511945917149215e-129
8,210,0x1.03799ef2f95b6p-428,0x1.aa16966a45ddep-576,0x1.03799ef2f95b7p-428,1.46223625516076614e-129
8,211,0x1.c9248489e3a3p-431,0x1.aa16966a45ddep-576,0x1.c9248489e3a31p-431,3.22020590860611794e-130
8,212,0x1.926ab040b88d9p-433,0x1.aa16966a45ddep-576,0x1.926ab040b88dap-433,7.08676388888058230e-131
8,213,0x1.61ff37d66dceap-435,0x1.aa16966a45ddep-576,0x1.61ff37d66dcebp-435,1.55851661253155846e-131
8,214,0x1.37302a73e03a8p-437,0x1.aa16966a45ddep-576,0x1.37302a73e03a9p-437,3.42511357608207132e-132
8,215,0x1.115e30771218fp-439,0x1.aa16966a45ddep-576,0x1.115e30771219p-439,7.52210684107309854e-133
8,216,0x1.dff573347a71ep-442,0x1.aa16966a45ddep-576,0x1.dff573347a71fp-442,1.65084348527188680e-133
8,217,0x1.a50ca9c7ebc59p-444,0x1.aa16966a45ddep-576,0x1.a50ca9c7ebc5ap-444,3.62055442611785878e-134
8,218,0x1.711e5e246cbbep-446,0x1.aa16966a45ddep-576,0x1.711e5e246cbbfp-446,7.93501819202945308e-135
8,219,0x1.435f68d00f803p-448,0x1.aa16966a45ddep-576,0x1.435f68d00f804p-448,1.73790215086714371e-135
8,220,0x1.1b1aa5f2eb50bp-450,0x1.aa16966a45ddep-576,0x1.1b1aa5f2eb50cp-450,3.80371646720106826e-136
8,221,0x1.ef5d6b0dab07ep-453,0x1.aa16966a45ddep-576,0x1.ef5d6b0dab07fp-453,8.31950031340092506e-137
8,222,0x1.b117e4338f792p-455,0x1.aa16966a45ddep-576,0x1.b117e4338f793p-455,1.81841706620060427e-137
8,223,0x1.7a6532f2132c3p-457,0x1.aa16966a45ddep-576,0x1.7a6532f2132c4p-457,3.97189500465930842e-138
8,224,0x1.4a6245e3e9c91p-459,0x1.aa16966a45ddep-576,0x1.4a6245e3e9c92p-459,8.66983580728112905e-139
8,225,0x1.20457e4ed4f9dp-461,0x1.aa16966a45ddep-576,0x1.20457e4ed4f9ep-461,1.89118353899220791e-139
8,226,0x1.f6b7f72338ab8p-464,0x1.aa16966a45ddep-576,0x1.f6b7f72338ab9p-464,4.12256026732705465e-140
8,227,0x1.b60e5702aff34p-466,0x1.aa16966a45ddep-576,0x1.b60e5702aff35p-466,8.98073131750182733e-141
8,228,0x1.7d7532d85a3f6p-468,0x1.aa16966a45ddep-576,0x1.7d7532d85a3f7p-468,1.95509818135202010e-141
8,229,0x1.4bf3ebf1d322bp-470,0x1.aa16966a45ddep-576,0x1.4bf3ebf1d322cp-470,4.25342161457183020e-142
8,230,0x1.20aea527d745ap-472,0x1.aa16966a45ddep-576,0x1.20aea527d745bp-472,9.24745228265348908e-143
8,231,0x1.f5c62e2b04bbcp-475,0x1.aa16966a45ddep-576,0x1.f5c62e2b04bbdp-475,2.00918705446987290e-143
8,232,0x1.b3cb7184ab9e4p-477,0x1.aa16966a45ddep-576,0x1.b3cb7184ab9e5p-477,4.36248601822069021e-144
8,233,0x1.7a3e69304722cp-479,0x1.aa16966a45ddep-576,0x1.7a3e69304722dp-479,9.46594378653967425e-145
8,234,0x1.4814446735b49p-481,0x1.aa16966a45ddep-576,0x1.4814446735b4ap-481,2.05263049260929888e-145
8,235,0x1.1c61fc8cd6bep-483,0x1.aa16966a45ddep-576,0x1.1c61fc8cd6be1p-483,4.44810871934535571e-146
8,236,0x1.ecb16975d1a33p-486,0x1.aa16966a45ddep-576,0x1.ecb16975d1a34p-486,9.63293317712921831e-147
8,237,0x1.aa84fbb3bda67p-488,0x1.aa16966a45ddep-576,0x1.aa84fbb3bda68p-488,2.08478372066240197e-147
8,238,0x1.70feea22c32ccp-490,0x1.aa16966a45ddep-576,0x1.70feea22c32cdp-490,4.50903426237665525e-148
8,239,0x1.3f0666a084bb5p-492,0x1.aa16966a45ddep-576,0x1.3f0666a084bb6p-492,9.74601083948162979e-149
8,240,0x1.13a50b148c7ccp-494,0x1.aa16966a45ddep-576,0x1.13a50b148c7cdp-494,2.10519254604511932e-149
8,241,0x1.dc05985addbe3p-497,0x1.aa16966a45ddep-576,0x1.dc05985addbe4p-497,4.54442649287823087e-150
8,242,0x1.9ac4c15741e37p-499,0x1.aa16966a45ddep-576,0x1.9ac4c15741e38p-499,9.80368638437660400e-151
8,243,0x1.623c21b860203p-501,0x1.aa16966a45ddep-576,0x1.623c21b860204p-501,2.11360360399310322e-151
8,244,0x1.3149c63b2080dp-503,0x1.aa16966a45ddep-576,0x1.3149c63b2080ep-503,4.55388655042857912e-152
8,245,0x1.06f036c9fa637p-505,0x1.aa16966a45ddep-576,0x1.06f036c9fa638p-505,9.80541850641527088e-153
8,246,0x1.c4a412f607cc4p-508,0x1.aa16966a45ddep-576,0x1.c4a412f607cc5p-508,2.10996885493822139e-153
8,247,0x1.855bf292a788bp-510,0x1.aa16966a45ddep-576,0x1.855bf292a788cp-510,4.53745837118619926e-154
8,248,0x1.4eb6e3f7ef748p-512,0x1.aa16966a45ddep-576,0x1.4eb6e3f7ef749p-512,9.75161782166347796e-155
8,249,0x1.1f8f085dd7855p-514,0x1.aa16966a45ddep-576,0x1.1f8f085dd7856p-514,2.09444426223811862e-155
8,250,0x1.edc8d73f92bf4p-517,0x1.aa16966a45ddep-576,0x1.edc8d73f92bf5p-517,4.49562171089826394e-156
8,251,0x1.a7b09271d59e1p-519,0x1.aa16966a45ddep-576,0x1.a7b09271d59e2p-519,9.64362306128507399e-157
8,252,0x1.6b51c53009635p-521,0x1.aa16966a45ddep-576,0x1.6b51c53009636p-521,2.06738280642417453e-157
8,253,0x1.375bac430ef04p-523,0x1.aa16966a45ddep-576,0x1.375bac430ef05p-523,4.42927318339084315e-158
8,254,0x1.0aa9d0091361p-525,0x1.aa16966a45ddep-576,0x1.0aa9d00913614p-525,9.48365202080623817e-159
8,255,0x1.c87cbe9d53b99p-528,0x1.aa16966a45ddep-576,0x1.c87cbe9d53bb4p-528,2.02932220706707913e-159
8,256,0x1.867a7795a7be2p-530,0x1.aa16966a45ddep-576,0x1.867a7795a7c4dp-530,4.33969625834651057e-160
8,257,0x1.4dcf469f1ca28p-532,0x1.aa16966a45ddep-576,0x1.4dcf469f1cbd3p-532,9.27472959567338347e-161
8,258,0x1.1d30c63118296p-534,0x1.aa16966a45ddep-576,0x1.1d30c6311893fp-534,1.98096791519222197e-161
8,259,0x1.e70212eb4232cp-537,0x1.aa16966a45ddep-576,0x1.e70212eb4586fp-537,4.22852155457521306e-162
8,260,0x1.9f91985face0fp-539,0x1.aa16966a45ddep-576,0x1.9f91985fba31bp-539,9.02059603018659131e-163
8,261,0x1.6264bd910a29dp-541,0x1.aa16966a45ddep-576,0x1.6264bd913f6cbp-541,1.92317209945395567e-163
8,262,0x1.2e0a6f38d54d1p-543,0x1.aa16966a45ddep-576,0x1.2e0a6f39aa586p-543,4.09767908472542219e-164
8,263,0x1.01442aa21720dp-545,0x1.aa16966a45ddep-576,0x1.01442aa56b4ep-545,8.72559914129383129e-165
8,264,0x1.b5fe814d978f9p-548,0x1.aa16966a45ddep-576,0x1.b5fe816838f9p-548,1.85690947727609534e-165
8,265,0x1.749deefb531d5p-550,0x1.aa16966a45ddep-576,0x1.749def65d8c2fp-550,3.94934439961991556e-166
8,266,0x1.3ccedf23795e7p-552,0x1.aa16966a45ddep-576,0x1.3ccee0cd8ff4ep-552,8.39457530466007539e-167
8,267,0x1.0d3265d7136d8p-554,0x1.aa16966a45ddep-576,0x1.0d326c7f6dc73p-554,1.78325151221728051e-167
8,268,0x1.c935665ef4cadp-557,0x1.aa16966a45ddep-576,0x1.c9359ba1c7982p-557,3.78588664362119450e-168
8,269,0x1.8408bf8efacbfp-559,0x1.aa16966a45ddep-576,0x1.8409949a46012p-559,8.03278366811112590e-169
8,270,0x1.492133bde14fbp-561,0x1.aa16966a45ddep-576,0x1.492487eb0e244p-561,1.70340019723719818e-169
8,271,0x1.17001f3b2a62cp-563,0x1.aa16966a45ddep-576,0x1.170d6fefddb4fp-563,3.61042540809442638e-170
8,272,0x1.d8b999fab7509p-566,0x1.aa16966a45ddep-576,0x1.d9241fa051e21p-566,7.65196845612559766e-171
8,273,0x1.903772fb9170ap-568,0x1.aa16966a45ddep-576,0x1.91e18991fbb68p-568,1.62487507808086141e-171
8,274,0x1.5288075a81a95p-570,0x1.aa16966a45ddep-576,0x1.593061b42ac0dp-570,3.48914841023765411e-172
8,275,0x1.1dd9198832bfdp-572,0x1.aa16966a45ddep-576,0x1.387a82eed71dbp-572,7.89628363813751196e-173
8,276,0x1.e036b5d438db6p-575,0x1.aa16966a45ddep-576,0x1.5aa10084ade53p-574,2.18981441483343807e-173
8,277,0x1.8c1568d56b301p-577,0x1.aa16966a45ddep-576,0x1.3810a56a7dbbp-575,9.85729205083868829e-174
8,278,0x1.31b3dde882c75p-579,0x1.aa16966a45ddep-576,0x1.d04d12275636dp-576,7.33300879308785469e-174
8,279,0x1.6ae254bbd6896p-582,0x1.aa16966a45ddep-576,0x1.afc21fbd35381p-576,6.81903978172658380e-174
8,280,0x0p+0,0x1.aa16966a45ddep-576,0x1.aa16966a45ddep-576,6.72948876841036328e-174
9,0,0x1.2768ca8e8e606p-3,0x1.dd7abca3589cbp-543,0x1.2768ca8e8e607p-3,1.44242842174023362e-01
9,1,0x1.8f45d9461b534p-5,0x1.dd7abca3589cbp-543,0x1.8f45d9461b535p-5,4.87393611555070675e-02
9,2,0x1.043f6467bab5ap-6,0x1.dd7abca3589cbp-543,0x1.043f6467bab5bp-6,1.58842545051059818e-02
9,3,0x1.4d3e48e6596efp-8,0x1.dd7abca3589cbp-543,0x1.4d3e48e6596fp-8,5.08488921909643066e-03
9,4,0x1.a6f05d897d27bp-10,0x1.dd7abca3589cbp-543,0x1.a6f05d897d27cp-10,1.61338396935409214e-03
9,5,0x1.0ad457783ccedp-11,0x1.dd7abca3589cbp-543,0x1.0ad457783cceep-11,5.08936805117347338e-04
9,6,0x1.4edf32f68fc97p-13,0x1.dd7abca3589cbp-543,0x1.4edf32f68fc98p-13,1.59679351513707059e-04
9,7,0x1.a1efe0983867dp-15,0x1.dd7abca3589cbp-543,0x1.a1efe0983867ep-15,4.98219753255592580e-05
9,8,0x1.035ad8a002ba7p-16,0x1.dd7abca3589cbp-543,0x1.035ad8a002ba8p-16,1.54587547740826575e-05
9,9,0x1.402c5604de4fdp-18,0x1.dd7abca3589cbp-543,0x1.402c5604de4fep-18,4.77095227757154410e-06
9,10,0x1.8947b06897f78p-20,0x1.dd7abca3589cbp-543,0x1.8947b06897f79p-20,1.46508230094291509e-06
9,11,0x1.e0d83b4156df9p-22,0x1.dd7abca3589cbp-543,0x1.e0d83b4156dfap-22,4.47821481305252220e-07
9,12,0x1.24b13033cedc9p-23,0x1.dd7abca3589cbp-543,0x1.24b13033cedcap-23,1.36295399516763005e-07
9,13,0x1.62e6fa59a88bdp-25,0x1.dd7abca3589cbp-543,0x1.62e6fa59a88bep-25,4.13160605287786776e-08
9,14,0x1.acb906e5d99aep-27,0x1.dd7abca3589cbp-543,0x1.acb906e5d99afp-27,1.24774745637220096e-08
9,15,0x1.0208944f3c48fp-28,0x1.dd7abca3589cbp-543,0x1.0208944f3c49p-28,3.75488180759689450e-09
9,16,0x1.358f6da52cc2ep-30,0x1.dd7abca3589cbp-543,0x1.358f6da52cc2fp-30,1.12617369014768354e-09
9,17,0x1.722fb0f521c09p-32,0x1.dd7abca3589cbp-543,0x1.722fb0f521c0ap-32,3.36682472978165218e-10
9,18,0x1.b95354d6676f5p-34,0x1.dd7abca3589cbp-543,0x1.b95354d6676f6p-34,1.00345804018561031e-10
9,19,0x1.064a3e8b695b6p-35,0x1.dd7abca3589cbp-543,0x1.064a3e8b695b7p-35,2.98189225821372337e-11
9,20,0x1.36e15ed7da169p-37,0x1.dd7abca3589cbp-543,0x1.36e15ed7da16ap-37,8.83575107314834894e-12
9,21,0x1.6f746645d043dp-39,0x1.dd7abca3589cbp-543,0x1.6f746645d043ep-39,2.61092257544032244e-12
9,22,0x1.b12952f1fa9d9p-41,0x1.dd7abca3589cbp-543,0x1.b12952f1fa9dap-41,7.69449254345342013e-13
9,23,0x1.fd4a135e1def9p-43,0x1.dd7abca3589cbp-543,0x1.fd4a135e1defap-43,2.26169908591166735e-13
9,24,0x1.2aa40829d3889p-44,0x1.dd7abca3589cbp-543,0x1.2aa40829d388ap-44,6.63115672513102575e-14
9,25,0x1.5d5ffa622e19fp-46,0x1.dd7abca3589cbp-543,0x1.5d5ffa622e1ap-46,1.93942037040736687e-14
9,26,0x1.97beda5b03961p-48,0x1.dd7abca3589cbp-543,0x1.97beda5b03962p-48,5.65860579699974566e-15
9,27,0x1.dac069f552c9p-50,0x1.dd7abca3589cbp-543,0x1.dac069f552c91p-50,1.64712554982538073e-15
9,28,0x1.13c03b235308ep-51,0x1.dd7abca3589cbp-543,0x1.13c03b235308fp-51,4.78351563870053771e-16
9,29,0x1.3f9c9d6d4793p-53,0x1.dd7abca3589cbp-543,0x1.3f9c9d6d47931p-53,1.38609513252354210e-16
9,30,0x1.71a2f24300eebp-55,0x1.dd7abca3589cbp-543,0x1.71a2f24300eecp-55,4.00760706218600821e-17
9,31,0x1.aa929995a625ep-57,0x1.dd7abca3589cbp-543,0x1.aa929995a625fp-57,1.15622750093458990e-17
9,32,0x1.eb3e1cbfa99aep-59,0x1.dd7abca3589cbp-543,0x1.eb3e1cbfa99afp-59,3.32878951569421638e-18
9,33,0x1.1a464e6338928p-60,0x1.dd7abca3589cbp-543,0x1.1a464e6338929p-60,9.56383659331914993e-19
9,34,0x1.43bda71664649p-62,0x1.dd7abca3589cbp-543,0x1.43bda7166464ap-62,2.74219150061155175e-19
9,35,0x1.728f80ac55114p-64,0x1.dd7abca3589cbp-543,0x1.728f80ac55115p-64,7.84692502140635099e-20
9,36,0x1.a752db2ea7d6bp-66,0x1.dd7abca3589cbp-543,0x1.a752db2ea7d6cp-66,2.24105677996032439e-20
9,37,0x1.e2ac1d636c382p-68,0x1.dd7abca3589cbp-543,0x1.e2ac1d636c383p-68,6.38811501052796149e-21
9,38,0x1.12a6f3f3cce82p-69,0x1.dd7abca3589cbp-543,0x1.12a6f3f3cce83p-69,1.81749553503576067e-21
9,39,0x1.37fcf5cb3d34p-71,0x1.dd7abca3589cbp-543,0x1.37fcf5cb3d341p-71,5.16141057549364070e-22
9,40,0x1.61c0e11d1a6a3p-73,0x1.dd7abca3589cbp-543,0x1.61c0e11d1a6a4p-73,1.46308991512395039e-22
9,41,0x1.9063e4328d8a2p-75,0x1.dd7abca3589cbp-543,0x1.9063e4328d8a3p-75,4.13993764413442449e-23
9,42,0x1.c45ffb9b52656p-77,0x1.dd7abca3589cbp-543,0x1.c45ffb9b52657p-77,1.16936179422738261e-23
9,43,0x1.fe385e5929095p-79,0x1.dd7abca3589cbp-543,0x1.fe385e5929096p-79,3.29722069534206010e-24
9,44,0x1.1f3cf44c94885p-80,0x1.dd7abca3589cbp-543,0x1.1f3cf44c94886p-80,9.28116366200998834e-25
9,45,0x1.42ddc218fe63fp-82,0x1.dd7abca3589cbp-543,0x1.42ddc218fe64p-82,2.60809274034951632e-25
9,46,0x1.6a4f470847659p-84,0x1.dd7abca3589cbp-543,0x1.6a4f47084765ap-84,7.31678567054493151e-26
9,47,0x1.95e79bd7e5f76p-86,0x1.dd7abca3589cbp-543,0x1.95e79bd7e5f77p-86,2.04929514379570260e-26
9,48,0x1.c60271d5f5f76p-88,0x1.dd7abca3589cbp-543,0x1.c60271d5f5f77p-88,5.73040614711317460e-27
9,49,0x1.fb013e3b33021p-90,0x1.dd7abca3589cbp-543,0x1.fb013e3b33022p-90,1.59982523806541148e-27
9,50,0x1.1aa5b1095d055p-91,0x1.dd7abca3589cbp-543,0x1.1aa5b1095d056p-91,4.45938703555815526e-28
9,51,0x1.3aa727143e4dfp-93,0x1.dd7abca3589cbp-543,0x1.3aa727143e4ep-93,1.24108701558900483e-28
9,52,0x1.5dbed139bc1c7p-95,0x1.dd7abca3589cbp-543,0x1.5dbed139bc1c8p-95,3.44875571357368013e-29
9,53,0x1.8429a436d7edcp-97,0x1.dd7abca3589cbp-543,0x1.8429a436d7eddp-97,9.56894840271953323e-30
9,54,0x1.ae27c3e4d47c2p-99,0x1.dd7abca3589cbp-543,0x1.ae27c3e4d47c3p-99,2.65103691609547182e-30
9,55,0x1.dbfc8a79edf3ap-101,0x1.dd7abca3589cbp-543,0x1.dbfc8a79edf3bp-101,7.33373304260218937e-31
9,56,0x1.06f746338cff6p-102,0x1.dd7abca3589cbp-543,0x1.06f746338cff7p-102,2.02581571972835235e-31
9,57,0x1.2223cc451dd4bp-104,0x1.dd7abca3589cbp-543,0x1.2223cc451dd4cp-104,5.58788997562260035e-32
9,58,0x1.3faa5a3692592p-106,0x1.dd7abca3589cbp-543,0x1.3faa5a3692593p-106,1.53913310310008279e-32
9,59,0x1.5fb30a25a13bp-108,0x1.dd7abca3589cbp-543,0x1.5fb30a25a13b1p-108,4.23342721875937220e-33
9,60,0x1.8267874cfb4d1p-110,0x1.dd7abca3589cbp-543,0x1.8267874cfb4d2p-110,1.16279346959379475e-33
9,61,0x1.a7f30569301aap-112,0x1.dd7abca3589cbp-543,0x1.a7f30569301abp-112,3.18944005586708204e-34
9,62,0x1.d082359f62dccp-114,0x1.dd7abca3589cbp-543,0x1.d082359f62dcdp-114,8.73643634103723419e-35
9,63,0x1.fc4338c8f28cfp-116,0x1.dd7abca3589cbp-543,0x1.fc4338c8f28dp-116,2.38983919063983676e-35
9,64,0x1.15b2c784cc17p-117,0x1.dd7abca3589cbp-543,0x1.15b2c784cc171p-117,6.52865699570911193e-36
9,65,0x1.2f0d024c1a371p-119,0x1.dd7abca3589cbp-543,0x1.2f0d024c1a372p-119,1.78117261288502782e-36
9,66,0x1.4a494dd2c883fp-121,0x1.dd7abca3589cbp-543,0x1.4a494dd2c884p-121,4.85312164025764004e-37
9,67,0x1.678139a7dc865p-123,0x1.dd7abca3589cbp-543,0x1.678139a7dc866p-123,1.32061201576243035e-37
9,68,0x1.86ced5ca1dc6fp-125,0x1.dd7abca3589cbp-543,0x1.86ced5ca1dc7p-125,3.58900419603528795e-38
9,69,0x1.a84ca31bd55p-127,0x1.dd7abca3589cbp-543,0x1.a84ca31bd5501p-127,9.74143564947853448e-39
9,70,0x1.cc15824e78d4fp-129,0x1.dd7abca3589cbp-543,0x1.cc15824e78d5p-129,2.64075276322264378e-39
9,71,0x1.f244a145d639dp-131,0x1.dd7abca3589cbp-543,0x1.f244a145d639ep-131,7.14979638776151249e-40
9,72,0x1.0d7ab37a5dc8p-132,0x1.dd7abca3589cbp-543,0x1.0d7ab37a5dc81p-132,1.93341916581047571e-40
9,73,0x1.2321aedbcddb8p-134,0x1.dd7abca3589cbp-543,0x1.2321aedbcddb9p-134,5.22191651962960345e-41
9,74,0x1.3a250e1a2699ep-136,0x1.dd7abca3589cbp-543,0x1.3a250e1a2699fp-136,1.40867376240168843e-41
9,75,0x1.5292966459b2ap-138,0x1.dd7abca3589cbp-543,0x1.5292966459b2bp-138,3.79553019737224468e-42
9,76,0x1.6c77f9ca72eccp-140,0x1.dd7abca3589cbp-543,0x1.6c77f9ca72ecdp-140,1.02145873380777038e-42
9,77,0x1.87e2c9981ca33p-142,0x1.dd7abca3589cbp-543,0x1.87e2c9981ca34p-142,2.74574546931084957e-43
9,78,0x1.a4e0680db2639p-144,0x1.dd7abca3589cbp-543,0x1.a4e0680db263ap-144,7.37217145071198781e-44
9,79,0x1.c37df9826b996p-146,0x1.dd7abca3589cbp-543,0x1.c37df9826b997p-146,1.97710990692747241e-44
9,80,0x1.e3c854fb93106p-148,0x1.dd7abca3589cbp-543,0x1.e3c854fb93107p-148,5.29627921722270096e-45
9,81,0x1.02e5fa23133ccp-149,0x1.dd7abca3589cbp-543,0x1.02e5fa23133cdp-149,1.41716350594434177e-45
9,82,0x1.14ca71d0cc072p-151,0x1.dd7abca3589cbp-543,0x1.14ca71d0cc073p-151,3.78775900236319939e-46
9,83,0x1.27975885e08c7p-153,0x1.dd7abca3589cbp-543,0x1.27975885e08c8p-153,1.01125851300093832e-46
9,84,0x1.3b522d9fada8p-155,0x1.dd7abca3589cbp-543,0x1.3b522d9fada81p-155,2.69689236577712880e-47
9,85,0x1.5000203bc7059p-157,0x1.dd7abca3589cbp-543,0x1.5000203bc705ap-157,7.18440205739972233e-48
9,86,0x1.65a60686200e9p-159,0x1.dd7abca3589cbp-543,0x1.65a60686200eap-159,1.91182077687182523e-48
9,87,0x1.7c4854fdf65dep-161,0x1.dd7abca3589cbp-543,0x1.7c4854fdf65dfp-161,5.08202885576566676e-49
9,88,0x1.93eb15bc576adp-163,0x1.dd7abca3589cbp-543,0x1.93eb15bc576aep-163,1.34947322387232710e-49
9,89,0x1.ac91dfc787a7ap-165,0x1.dd7abca3589cbp-543,0x1.ac91dfc787a7bp-165,3.57958216558151573e-50
9,90,0x1.c63fce7eef069p-167,0x1.dd7abca3589cbp-543,0x1.c63fce7eef06ap-167,9.48516680174560838e-51
9,91,0x1.e0f7792b7c1a3p-169,0x1.dd7abca3589cbp-543,0x1.e0f7792b7c1a4p-169,2.51076328683405326e-51
9,92,0x1.fcbaeac0ab2f3p-171,0x1.dd7abca3589cbp-543,0x1.fcbaeac0ab2f4p-171,6.63923817035248687e-52
9,93,0x1.0cc5cced44438p-172,0x1.dd7abca3589cbp-543,0x1.0cc5cced44439p-172,1.75382342733148755e-52
9,94,0x1.1bb530828dba7p-174,0x1.dd7abca3589cbp-543,0x1.1bb530828dba8p-174,4.62819897167820348e-53
9,95,0x1.2b2bbbacd571bp-176,0x1.dd7abca3589cbp-543,0x1.2b2bbbacd571cp-176,1.22011298103114224e-53
9,96,0x1.3b2934bf1d13bp-178,0x1.dd7abca3589cbp-543,0x1.3b2934bf1d13cp-178,3.21331441811464191e-54
9,97,0x1.4bad0989bb2eap-180,0x1.dd7abca3589cbp-543,0x1.4bad0989bb2ebp-180,8.45424377734640250e-55
9,98,0x1.5cb64c4e886b2p-182,0x1.dd7abca3589cbp-543,0x1.5cb64c4e886b3p-182,2.22212171507787235e-55
9,99,0x1.6e43b0f818f7dp-184,0x1.dd7abca3589cbp-543,0x1.6e43b0f818f7ep-184,5.83492883379367012e-56
9,100,0x1.80538a99a4be6p-186,0x1.dd7abca3589cbp-543,0x1.80538a99a4be7p-186,1.53066793331605733e-56
9,101,0x1.92e3c93d0323bp-188,0x1.dd7abca3589cbp-543,0x1.92e3c93d0323cp-188,4.01150290360075274e-57
9,102,0x1.a5f1f803d721ap-190,0x1.dd7abca3589cbp-543,0x1.a5f1f803d721bp-190,1.05030854715537680e-57
9,103,0x1.b97b3ba0b6624p-192,0x1.dd7abca3589cbp-543,0x1.b97b3ba0b6625p-192,2.74734536390507456e-58
9,104,0x1.cd7c512cba32dp-194,0x1.dd7abca3589cbp-543,0x1.cd7c512cba32ep-194,7.17958006029841600e-59
9,105,0x1.e1f18d5d8409ep-196,0x1.dd7abca3589cbp-543,0x1.e1f18d5d8409fp-196,1.87446384847817753e-59
9,106,0x1.f6d6dc1f51895p-198,0x1.dd7abca3589cbp-543,0x1.f6d6dc1f51896p-198,4.88933847372788913e-60
9,107,0x1.0613e04b22f9p-199,0x1.dd7abca3589cbp-543,0x1.0613e04b22f91p-199,1.27415091027831411e-60
9,108,0x1.10efaac4c8b33p-201,0x1.dd7abca3589cbp-543,0x1.10efaac4c8b34p-201,3.31735574063320472e-61
9,109,0x1.1bfc271d4d223p-203,0x1.dd7abca3589cbp-543,0x1.1bfc271d4d224p-203,8.62911532440784259e-62
9,110,0x1.27367bd4e14dbp-205,0x1.dd7abca3589cbp-543,0x1.27367bd4e14dcp-205,2.24257071870624123e-62
9,111,0x1.329b9d24ea442p-207,0x1.dd7abca3589cbp-543,0x1.329b9d24ea443p-207,5.82283153699023556e-63
9,112,0x1.3e284e114668bp-209,0x1.dd7abca3589cbp-543,0x1.3e284e114668cp-209,1.51054276843835258e-63
9,113,0x1.49d921b112319p-211,0x1.dd7abca3589cbp-543,0x1.49d921b11231ap-211,3.91511955914899120e-64
9,114,0x1.55aa7cae90302p-213,0x1.dd7abca3589cbp-543,0x1.55aa7cae90303p-213,1.01384759907088820e-64
9,115,0x1.619896fd8b256p-215,0x1.dd7abca3589cbp-543,0x1.619896fd8b257p-215,2.62312131619734469e-65
9,116,0x1.6d9f7dc73bb85p-217,0x1.dd7abca3589cbp-543,0x1.6d9f7dc73bb86p-217,6.78085564277757564e-66
9,117,0x1.79bb158a6e829p-219,0x1.dd7abca3589cbp-543,0x1.79bb158a6e82ap-219,1.75135174644089588e-66
9,118,0x1.85e71c6e5b78cp-221,0x1.dd7abca3589cbp-543,0x1.85e71c6e5b78dp-221,4.51946806483508567e-67
9,119,0x1.921f2cc65527cp-223,0x1.dd7abca3589cbp-543,0x1.921f2cc65527dp-223,1.16527544407730687e-67
9,120,0x1.9e5ebfc42deeap-225,0x1.dd7abca3589cbp-543,0x1.9e5ebfc42deebp-225,3.00192221505362433e-68
9,121,0x1.aaa13056eb657p-227,0x1.dd7abca3589cbp-543,0x1.aaa13056eb658p-227,7.72684228048804679e-69
9,122,0x1.b6e1be331d238p-229,0x1.dd7abca3589cbp-543,0x1.b6e1be331d239p-229,1.98718640550405373e-69
9,123,0x1.c31b9101ec83ap-231,0x1.dd7abca3589cbp-543,0x1.c31b9101ec83bp-231,5.10635799081647122e-70
9,124,0x1.cf49bbb3bf714p-233,0x1.dd7abca3589cbp-543,0x1.cf49bbb3bf715p-233,1.31105863544412103e-70
9,125,0x1.db673ff310abdp-235,0x1.dd7abca3589cbp-543,0x1.db673ff310abep-235,3.36335929279447199e-71
9,126,0x1.e76f11b3ed6dcp-237,0x1.dd7abca3589cbp-543,0x1.e76f11b3ed6ddp-237,8.62118094413043213e-72
9,127,0x1.f35c1adc5a9d7p-239,0x1.dd7abca3589cbp-543,0x1.f35c1adc5a9d8p-239,2.20802829911522272e-72
9,128,0x1.ff293f01bb2f7p-241,0x1.dd7abca3589cbp-543,0x1.ff293f01bb2f8p-241,5.65052617074615705e-73
9,129,0x1.0568af9b97761p-242,0x1.dd7abca3589cbp-543,0x1.0568af9b97762p-242,1.44484580960310650e-73
9,130,0x1.0b27aef461d1dp-244,0x1.dd7abca3589cbp-543,0x1.0b27aef461d1ep-244,3.69151316094584999e-74
9,131,0x1.10cf115f9e27cp-246,0x1.dd7abca3589cbp-543,0x1.10cf115f9e27dp-246,9.42409315336063361e-75
9,132,0x1.165c4f441068ap-248,0x1.dd7abca3589cbp-543,0x1.165c4f441068bp-248,2.40396892684759773e-75
9,133,0x1.1bcce78edf768p-250,0x1.dd7abca3589cbp-543,0x1.1bcce78edf769p-250,6.12737040512569836e-76
9,134,0x1.211e61a560796p-252,0x1.dd7abca3589cbp-543,0x1.211e61a560797p-252,1.56054851935533642e-76
9,135,0x1.264e4f5280b4bp-254,0x1.dd7abca3589cbp-543,0x1.264e4f5280b4cp-254,3.97136771983380598e-77
9,136,0x1.2b5a4eada5d32p-256,0x1.dd7abca3589cbp-543,0x1.2b5a4eada5d33p-256,1.00986754648830674e-77
9,137,0x1.30400bf8e43dfp-258,0x1.dd7abca3589cbp-543,0x1.30400bf8e43ep-258,2.56597252007624172e-78
9,138,0x1.34fd437475d28p-260,0x1.dd7abca3589cbp-543,0x1.34fd437475d29p-260,6.51485294790841605e-79
9,139,0x1.398fc32568e95p-262,0x1.dd7abca3589cbp-543,0x1.398fc32568e96p-262,1.65281407677477158e-79
9,140,0x1.3df56c8d903d9p-264,0x1.dd7abca3589cbp-543,0x1.3df56c8d903dap-264,4.18997927854957764e-80
9,141,0x1.422c3652cfb32p-266,0x1.dd7abca3589cbp-543,0x1.422c3652cfb33p-266,1.06137763016587741e-80
9,142,0x1.46322dd3f7f92p-268,0x1.dd7abca3589cbp-543,0x1.46322dd3f7f93p-268,2.68658040974629419e-81
9,143,0x1.4a0578a97b8e5p-270,0x1.dd7abca3589cbp-543,0x1.4a0578a97b8e6p-270,6.79521608087382048e-82
9,144,0x1.4da4561062908p-272,0x1.dd7abca3589cbp-543,0x1.4da4561062909p-272,1.71744109131343900e-82
9,145,0x1.510d203dffb79p-274,0x1.dd7abca3589cbp-543,0x1.510d203dffb7ap-274,4.33747709884454624e-83
9,146,0x1.543e4d9b07cc4p-276,0x1.dd7abca3589cbp-543,0x1.543e4d9b07cc5p-276,1.09463896880760463e-83
9,147,0x1.573671e4cd944p-278,0x1.dd7abca3589cbp-543,0x1.573671e4cd945p-278,2.76047970618518469e-84
9,148,0x1.59f43f3386459p-280,0x1.dd7abca3589cbp-543,0x1.59f43f338645ap-280,6.95632264987814969e-85
9,149,0x1.5c7686e49e227p-282,0x1.dd7abca3589cbp-543,0x1.5c7686e49e228p-282,1.75169271357594427e-85
9,150,0x1.5ebc3a68493bap-284,0x1.dd7abca3589cbp-543,0x1.5ebc3a68493bbp-284,4.40778804090378328e-86
9,151,0x1.60c46bf1a1ac2p-286,0x1.dd7abca3589cbp-543,0x1.60c46bf1a1ac3p-286,1.10833120652904154e-86
9,152,0x1.628e4f08ca879p-288,0x1.dd7abca3589cbp-543,0x1.628e4f08ca87ap-288,2.78487683153306726e-87
9,153,0x1.641938feb4ccbp-290,0x1.dd7abca3589cbp-543,0x1.641938feb4cccp-290,6.99248378645995587e-88
9,154,0x1.6564a1424a179p-292,0x1.dd7abca3589cbp-543,0x1.6564a1424a17ap-292,1.75447606114106151e-88
9,155,0x1.66702196e6bb1p-294,0x1.dd7abca3589cbp-543,0x1.66702196e6bb2p-294,4.39901426261801885e-89
9,156,0x1.673b762c32f1cp-296,0x1.dd7abca3589cbp-543,0x1.673b762c32f1dp-296,1.10219049913391301e-89
9,157,0x1.67c67d978fba4p-298,0x1.dd7abca3589cbp-543,0x1.67c67d978fba5p-298,2.75964193549884230e-90
9,158,0x1.681138af70875p-300,0x1.dd7abca3589cbp-543,0x1.681138af70876p-300,6.90470268793585715e-91
9,159,0x1.681bca491e0a5p-302,0x1.dd7abca3589cbp-543,0x1.681bca491e0a6p-302,1.72637358987408434e-91
9,160,0x1.67e676d980af8p-304,0x1.dd7abca3589cbp-543,0x1.67e676d980af9p-304,4.31343742761081962e-92
9,161,0x1.6771a3f9b1ecp-306,0x1.dd7abca3589cbp-543,0x1.6771a3f9b1ec1p-306,1.07699202969554716e-92
9,162,0x1.66bdd7d032c98p-308,0x1.dd7abca3589cbp-543,0x1.66bdd7d032c99p-308,2.68721911334688569e-93
9,163,0x1.65cbb85fc36e2p-310,0x1.dd7abca3589cbp-543,0x1.65cbb85fc36e3p-310,6.70033621099897294e-94
9,164,0x1.649c0abcf2f55p-312,0x1.dd7abca3589cbp-543,0x1.649c0abcf2f56p-312,1.66953044589235199e-94
9,165,0x1.632fb22b987a6p-314,0x1.dd7abca3589cbp-543,0x1.632fb22b987a7p-314,4.15716840083511243e-95
9,166,0x1.6187af257db75p-316,0x1.dd7abca3589cbp-543,0x1.6187af257db76p-316,1.03444569866123792e-95
9,167,0x1.5fa51e4b98cebp-318,0x1.dd7abca3589cbp-543,0x1.5fa51e4b98cecp-318,2.57232508032280586e-96
9,168,0x1.5d89374345c58p-320,0x1.dd7abca3589cbp-543,0x1.5d89374345c59p-320,6.39224384351877449e-97
9,169,0x1.5b354b81010c1p-322,0x1.dd7abca3589cbp-543,0x1.5b354b81010c2p-322,1.58741830286908606e-97
9,170,0x1.58aac50232702p-324,0x1.dd7abca3589cbp-543,0x1.58aac50232703p-324,3.93950113614193864e-98
9,171,0x1.55eb24f7a3eep-326,0x1.dd7abca3589cbp-543,0x1.55eb24f7a3ee1p-326,9.77021429667264544e-99
9,172,0x1.52f80262491bdp-328,0x1.dd7abca3589cbp-543,0x1.52f80262491bep-328,2.42148155541161004e-99
9,173,0x1.4fd308a403088p-330,0x1.dd7abca3589cbp-543,0x1.4fd308a403089p-330,5.99754685026550755e-100
9,174,0x1.4c7df60611077p-332,0x1.dd7abca3589cbp-543,0x1.4c7df60611078p-332,1.48450860945165241e-100
9,175,0x1.48fa9a36e112ep-334,0x1.dd7abca3589cbp-543,0x1.48fa9a36e112fp-334,3.67205813043554257e-101
9,176,0x1.454ad4c0f287dp-336,0x1.dd7abca3589cbp-543,0x1.454ad4c0f287ep-336,9.07727069122242216e-102
9,177,0x1.4170937c7b997p-338,0x1.dd7abca3589cbp-543,0x1.4170937c7b998p-338,2.24244129537778571e-102
9,178,0x1.3d6dd0fd7d73ap-340,0x1.dd7abca3589cbp-543,0x1.3d6dd0fd7d73bp-340,5.53615280993364797e-103
9,179,0x1.394492ffec7bbp-342,0x1.dd7abca3589cbp-543,0x1.394492ffec7bcp-342,1.36589516929886934e-103
9,180,0x1.34f6e8d3898f6p-344,0x1.dd7abca3589cbp-543,0x1.34f6e8d3898f7p-344,3.36782948105568314e-104
9,181,0x1.3086e9c8fec78p-346,0x1.dd7abca3589cbp-543,0x1.3086e9c8fec79p-346,8.29864804187599548e-105
9,182,0x1.2bf6b3a1c60bfp-348,0x1.dd7abca3589cbp-543,0x1.2bf6b3a1c60cp-348,2.04357327418891873e-105
9,183,0x1.27486904520aap-350,0x1.dd7abca3589cbp-543,0x1.27486904520abp-350,5.02921010836630813e-106
9,184,0x1.227e2ff5e2b45p-352,0x1.dd7abca3589cbp-543,0x1.227e2ff5e2b46p-352,1.23690718426706259e-106
9,185,0x1.1d9a305b5dd42p-354,0x1.dd7abca3589cbp-543,0x1.1d9a305b5dd43p-354,3.04020781294949664e-107
9,186,0x1.189e9282724cep-356,0x1.dd7abca3589cbp-543,0x1.189e9282724cfp-356,7.46791396068129962e-108
9,187,0x1.138d7db4398ap-358,0x1.dd7abca3589cbp-543,0x1.138d7db4398a1p-358,1.83326926187382335e-108
9,188,0x1.0e6916d276bdbp-360,0x1.dd7abca3589cbp-543,0x1.0e6916d276bdcp-360,4.49764479853972062e-109
9,189,0x1.09337f007eaa7p-362,0x1.dd7abca3589cbp-543,0x1.09337f007eaa8p-362,1.10274987746202407e-109
9,190,0x1.03eed258bd60ap-364,0x1.dd7abca3589cbp-543,0x1.03eed258bd60bp-364,2.70210897728959988e-110
9,191,0x1.fd3a4d5f727cdp-367,0x1.dd7abca3589cbp-543,0x1.fd3a4d5f727cep-367,6.61703881715484329e-111
9,192,0x1.f28114cab8897p-369,0x1.dd7abca3589cbp-543,0x1.f28114cab8898p-369,1.61942364789984210e-111
9,193,0x1.e7b6068a6c5ebp-371,0x1.dd7abca3589cbp-543,0x1.e7b6068a6c5ecp-371,3.96090318749737761e-112
9,194,0x1.dcdd1aeca6259p-373,0x1.dd7abca3589cbp-543,0x1.dcdd1aeca625ap-373,9.68201851869221416e-113
9,195,0x1.d1fa34f65728fp-375,0x1.dd7abca3589cbp-543,0x1.d1fa34f65729p-375,2.36524692837953594e-113
9,196,0x1.c71120843ab99p-377,0x1.dd7abca3589cbp-543,0x1.c71120843ab9ap-377,5.77466665205460369e-114
9,197,0x1.bc25908d8827ap-379,0x1.dd7abca3589cbp-543,0x1.bc25908d8827bp-379,1.40902323202080722e-114
9,198,0x1.b13b1d88eacc7p-381,0x1.dd7abca3589cbp-543,0x1.b13b1d88eacc8p-381,3.43598398626262479e-115
9,199,0x1.a65543f41a23cp-383,0x1.dd7abca3589cbp-543,0x1.a65543f41a23dp-383,8.37388096023864189e-116
9,200,0x1.9b7762fe433abp-385,0x1.dd7abca3589cbp-543,0x1.9b7762fe433acp-385,2.03960483425946799e-116
9,201,0x1.90a4bb554b489p-387,0x1.dd7abca3589cbp-543,0x1.90a4bb554b48ap-387,4.96489188752623082e-117
9,202,0x1.85e06e15cd7e8p-389,0x1.dd7abca3589cbp-543,0x1.85e06e15cd7e9p-389,1.20786662228113947e-117
9,203,0x1.7b2d7bdd90c83p-391,0x1.dd7abca3589cbp-543,0x1.7b2d7bdd90c84p-391,2.93680076823788516e-118
9,204,0x1.708ec4000f0eep-393,0x1.dd7abca3589cbp-543,0x1.708ec4000f0efp-393,7.13636742427136370e-119
9,205,0x1.660703dc862fep-395,0x1.dd7abca3589cbp-543,0x1.660703dc862ffp-395,1.73311753109598811e-119
9,206,0x1.5b98d654ebbdep-397,0x1.dd7abca3589cbp-543,0x1.5b98d654ebbdfp-397,4.20656690934838708e-120
9,207,0x1.5146b364ff513p-399,0x1.dd7abca3589cbp-543,0x1.5146b364ff514p-399,1.02041639669445073e-120
9,208,0x1.4712efd89c55fp-401,0x1.dd7abca3589cbp-543,0x1.4712efd89c56p-401,2.47387504011304645e-121
9,209,0x1.3cffbd2053546p-403,0x1.dd7abca3589cbp-543,0x1.3cffbd2053547p-403,5.99417815120859618e-122
9,210,0x1.330f29433c685p-405,0x1.dd7abca3589cbp-543,0x1.330f29433c686p-405,1.45155647679998414e-122
9,211,0x1.29431eece0325p-407,0x1.dd7abca3589cbp-543,0x1.29431eece0326p-407,3.51310777598290799e-123
9,212,0x1.1f9d659602a6bp-409,0x1.dd7abca3589cbp-543,0x1.1f9d659602a6cp-409,8.49773308102014167e-124
9,213,0x1.161fa1c70b90ap-411,0x1.dd7abca3589cbp-543,0x1.161fa1c70b90bp-411,2.05432712289993954e-124
9,214,0x1.0ccb5572bb0d5p-413,0x1.dd7abca3589cbp-543,0x1.0ccb5572bb0d6p-413,4.96354354273133169e-125
9,215,0x1.03a1e067cd293p-415,0x1.dd7abca3589cbp-543,0x1.03a1e067cd294p-415,1.19858987756129888e-125
9,216,0x1.f54901b04d7e1p-418,0x1.dd7abca3589cbp-543,0x1.f54901b04d7e2p-418,2.89272210436130789e-126
9,217,0x1.e3a8a7e83da0fp-420,0x1.dd7abca3589cbp-543,0x1.e3a8a7e83da1p-420,6.97751792196456889e-127
9,218,0x1.d264ad30e58bfp-422,0x1.dd7abca3589cbp-543,0x1.d264ad30e58cp-422,1.68210901094320517e-127
9,219,0x1.c17ecc1ae214bp-424,0x1.dd7abca3589cbp-543,0x1.c17ecc1ae214cp-424,4.05291065546358259e-128
9,220,0x1.b0f881abc932ep-426,0x1.dd7abca3589cbp-543,0x1.b0f881abc932fp-426,9.75978876831917375e-129
9,221,0x1.a0d30f1899c96p-428,0x1.dd7abca3589cbp-543,0x1.a0d30f1899c97p-428,2.34895704705418213e-129
9,222,0x1.910f7b99dfc93p-430,0x1.dd7abca3589cbp-543,0x1.910f7b99dfc94p-430,5.65030339659925462e-130
9,223,0x1.81ae9656b1815p-432,0x1.dd7abca3589cbp-543,0x1.81ae9656b1816p-432,1.35841121228126025e-130
9,224,0x1.72b0f863b4f52p-434,0x1.dd7abca3589cbp-543,0x1.72b0f863b4f53p-434,3.26403117704592870e-131
9,225,0x1.641706d36b7cep-436,0x1.dd7abca3589cbp-543,0x1.641706d36b7cfp-436,7.83865660431198215e-132
9,226,0x1.55e0f4d511d3ep-438,0x1.dd7abca3589cbp-543,0x1.55e0f4d511d3fp-438,1.88145581360317637e-132
9,227,0x1.480ec5df7664dp-440,0x1.dd7abca3589cbp-543,0x1.480ec5df7664ep-440,4.51348691030150832e-133
9,228,0x1.3aa04fe53c795p-442,0x1.dd7abca3589cbp-543,0x1.3aa04fe53c796p-442,1.08217341960140477e-133
9,229,0x1.2d953d901a4a9p-444,0x1.dd7abca3589cbp-543,0x1.2d953d901a4aap-444,2.59327620200059572e-134
9,230,0x1.20ed1080b8c28p-446,0x1.dd7abca3589cbp-543,0x1.20ed1080b8c29p-446,6.21110174197861492e-135
9,231,0x1.14a72390f5ee7p-448,0x1.dd7abca3589cbp-543,0x1.14a72390f5ee8p-448,1.48681585276650428e-135
9,232,0x1.08c2ad1666c0ep-450,0x1.dd7abca3589cbp-543,0x1.08c2ad1666c0fp-450,3.55725585101317290e-136
9,233,0x1.fa7d824622cafp-453,0x1.dd7abca3589cbp-543,0x1.fa7d824622cbp-453,8.50634719330190103e-137
9,234,0x1.e434a784ed5e5p-455,0x1.dd7abca3589cbp-543,0x1.e434a784ed5e6p-455,2.03302111030274132e-137
9,235,0x1.cea876623e9f5p-457,0x1.dd7abca3589cbp-543,0x1.cea876623e9f6p-457,4.85637422346186265e-138
9,236,0x1.b9d6641a00159p-459,0x1.dd7abca3589cbp-543,0x1.b9d6641a0015ap-459,1.15945677698131526e-138
9,237,0x1.a5bbb2fa4da47p-461,0x1.dd7abca3589cbp-543,0x1.a5bbb2fa4da48p-461,2.76674940064334734e-139
9,238,0x1.9255769e82881p-463,0x1.dd7abca3589cbp-543,0x1.9255769e82882p-463,6.59870336742805726e-140
9,239,0x1.7fa0981359289p-465,0x1.dd7abca3589cbp-543,0x1.7fa098135928ap-465,1.57297412751725812e-140
9,240,0x1.6d99d9e1b92bbp-467,0x1.dd7abca3589cbp-543,0x1.6d99d9e1b92bcp-467,3.74765334202849033e-141
9,241,0x1.5c3ddbfe0c77cp-469,0x1.dd7abca3589cbp-543,0x1.5c3ddbfe0c77dp-469,8.92427131665136558e-142
9,242,0x1.4b891f9a2f023p-471,0x1.dd7abca3589cbp-543,0x1.4b891f9a2f024p-471,2.12403807109296067e-142
9,243,0x1.3b780ad84769dp-473,0x1.dd7abca3589cbp-543,0x1.3b780ad84769ep-473,5.05275986189195968e-143
9,244,0x1.2c06ec5d0ef92p-475,0x1.dd7abca3589cbp-543,0x1.2c06ec5d0ef93p-475,1.20135814626456458e-143
9,245,0x1.1d31fec04698fp-477,0x1.dd7abca3589cbp-543,0x1.1d31fec04699p-477,2.85492337913958003e-144
9,246,0x1.0ef56bda4b89fp-479,0x1.dd7abca3589cbp-543,0x1.0ef56bda4b8ap-479,6.78102233273047339e-145
9,247,0x1.014d4fedf1adep-481,0x1.dd7abca3589cbp-543,0x1.014d4fedf1adfp-481,1.60981245722638492e-145
9,248,0x1.e86b795bf4e33p-484,0x1.dd7abca3589cbp-543,0x1.e86b795bf4e34p-484,3.81975416431461131e-146
9,249,0x1.cf55783b5bca3p-486,0x1.dd7abca3589cbp-543,0x1.cf55783b5bca4p-486,9.05891504130440116e-147
9,250,0x1.b750a69890a2dp-488,0x1.dd7abca3589cbp-543,0x1.b750a69890a2ep-488,2.14732719519798764e-147
9,251,0x1.a05509d630fa8p-490,0x1.dd7abca3589cbp-543,0x1.a05509d630fa9p-490,5.08747328035479825e-148
9,252,0x1.8a5aa77ca3f79p-492,0x1.dd7abca3589cbp-543,0x1.8a5aa77ca3f7dp-492,1.20472673562286410e-148
9,253,0x1.755989d17a846p-494,0x1.dd7abca3589cbp-543,0x1.755989d17a855p-494,2.85139938913337093e-149
9,254,0x1.6149c42520153p-496,0x1.dd7abca3589cbp-543,0x1.6149c4252018fp-496,6.74545508587663359e-150
9,255,0x1.4e2376d7b39e1p-498,0x1.dd7abca3589cbp-543,0x1.4e2376d7b3adp-498,1.59495617545767193e-150
9,256,0x1.3bded3161a439p-500,0x1.dd7abca3589cbp-543,0x1.3bded3161a7f4p-500,3.76939061266300273e-151
9,257,0x1.2a741e5093694p-502,0x1.dd7abca3589cbp-543,0x1.2a741e509458p-502,8.90387419408267727e-152
9,258,0x1.19dbb56c46a13p-504,0x1.dd7abca3589cbp-543,0x1.19dbb56c4a5c3p-504,2.10219476978025282e-152
9,259,0x1.0a0e0fb170197p-506,0x1.dd7abca3589cbp-543,0x1.0a0e0fb17f055p-506,4.96082074623236806e-153
9,260,0x1.f60782efedf6ap-509,0x1.dd7abca3589cbp-543,0x1.f60782f065555p-509,1.17009558988046793e-153
9,261,0x1.d96afd28b4ee4p-511,0x1.dd7abca3589cbp-543,0x1.d96afd2a9269p-511,2.75852515368739600e-154
9,262,0x1.be38390df593bp-513,0x1.dd7abca3589cbp-543,0x1.be3839156b7ebp-513,6.50011323158521797e-155
9,263,0x1.a46128df90216p-515,0x1.dd7abca3589cbp-543,0x1.a46128fd67cd3p-515,1.53092469916188199e-155
9,264,0x1.8bd809904e4ap-517,0x1.dd7abca3589cbp-543,0x1.8bd80a07acf93p-517,3.60392908359466230e-156
9,265,0x1.748f65c78a866p-519,0x1.dd7abca3589cbp-543,0x1.748f67a505431p-519,8.47986062568668625e-157
9,266,0x1.5e7a1869ada6bp-521,0x1.dd7abca3589cbp-543,0x1.5e7a1fdf98994p-521,1.99430637267113077e-157
9,267,0x1.498b4e80e8c13p-523,0x1.dd7abca3589cbp-543,0x1.498b6c58948b7p-523,4.68798842783746597e-158
9,268,0x1.35b687ebf04b9p-525,0x1.dd7abca3589cbp-543,0x1.35b6ff4a9f747p-525,1.10147416761704085e-158
9,269,0x1.22ef94953e9c1p-527,0x1.dd7abca3589cbp-543,0x1.22f1720ffb3f7p-527,2.58678569976077803e-159
9,270,0x1.112a8616524cbp-529,0x1.dd7abca3589cbp-543,0x1.1131fc0144da2p-529,6.07247135679376873e-160
9,271,0x1.005b78e6128b1p-531,0x1.dd7abca3589cbp-543,0x1.00795091dcc0ap-531,1.42519893334185273e-160
9,272,0x1.e0eba000fd46ep-534,0x1.dd7abca3589cbp-543,0x1.e1da5d5f4ef33p-534,3.34700919803584823e-161
9,273,0x1.c2d3116495e85p-536,0x1.dd7abca3589cbp-543,0x1.c68e06dddc999p-536,7.89348157541764521e-162
9,274,0x1.a6344a4e19bb5p-538,0x1.dd7abca3589cbp-543,0x1.b520203334804p-538,1.89770412203921839e-162
9,275,0x1.8a819060c7278p-540,0x1.dd7abca3589cbp-543,0x1.c630e7f5323b2p-540,4.92947806031833478e-163
9,276,0x1.6e1cd874db3ccp-542,0x1.dd7abca3589cbp-543,0x1.2e6d1b6343c59p-541,1.64116328184312804e-163
9,277,0x1.4c37bba6f4416p-544,0x1.dd7abca3589cbp-543,0x1.41cb4d3b695ebp-542,8.73133247389918495e-164
9,278,0x1.178c3bb5b79e9p-546,0x1.dd7abca3589cbp-543,0x1.0036220d07c85p-542,6.95185861734483776e-164
9,279,0x1.644716fef399cp-549,0x1.dd7abca3589cbp-543,0x1.e30bd8ff546b2p-543,6.55331631458256625e-164
9,280,0x0p+0,0x1.dd7abca3589cbp-543,0x1.dd7abca3589cbp-543,6.47779299886613993e-164
10,0,0x1.37286c569c9c9p-3,0x1.e3963c5ae124ap-515,0x1.37286c569c9cap-3,1.51932569878751090e-01
10,1,0x1.afc32c01c4ffcp-5,0x1.e3963c5ae124ap-515,0x1.afc32c01c4ffdp-5,5.27053699026111891e-02
10,2,0x1.22b374edfe237p-6,0x1.e3963c5ae124ap-515,0x1.22b374edfe238p-6,1.77429811373903402e-02
10,3,0x1.82644d0dbf557p-8,0x1.e3963c5ae124ap-515,0x1.82644d0dbf558p-8,5.89587098306528640e-03
10,4,0x1.fec1ed371b0a9p-10,0x1.e3963c5ae124ap-515,0x1.fec1ed371b0aap-10,1.94838533732436892e-03
10,5,0x1.505737dac6387p-11,0x1.e3963c5ae124ap-515,0x1.505737dac6388p-11,6.41518966719365793e-04
10,6,0x1.b935f3edc7734p-13,0x1.e3963c5ae124ap-515,0x1.b935f3edc7735p-13,2.10385681776276195e-04
10,7,0x1.20134c27040cap-14,0x1.e3963c5ae124ap-515,0x1.20134c27040cbp-14,6.86825229510051628e-05
10,8,0x1.7661859cda506p-16,0x1.e3963c5ae124ap-515,0x1.7661859cda507p-16,2.23148432384789071e-05
10,9,0x1.e440413bcdf0cp-18,0x1.e3963c5ae124ap-515,0x1.e440413bcdf0dp-18,7.21590214052665836e-06
10,10,0x1.37c846aa66534p-19,0x1.e3963c5ae124ap-515,0x1.37c846aa66535p-19,2.32295936548596982e-06
10,11,0x1.8fcd6fa1b2a45p-21,0x1.e3963c5ae124ap-515,0x1.8fcd6fa1b2a46p-21,7.44690158615870586e-07
10,12,0x1.feae46f2b8952p-23,0x1.e3963c5ae124ap-515,0x1.feae46f2b8953p-23,2.37804264799940835e-07
10,13,0x1.44f9526355d0cp-24,0x1.e3963c5ae124ap-515,0x1.44f9526355d0dp-24,7.56638854256699506e-08
10,14,0x1.9c31ee9d42c39p-26,0x1.e3963c5ae124ap-515,0x1.9c31ee9d42c3ap-26,2.39929095385171734e-08
10,15,0x1.04941781864a8p-27,0x1.e3963c5ae124ap-515,0x1.04941781864a9p-27,7.58383200947471004e-09
10,16,0x1.48772953978adp-29,0x1.e3963c5ae124ap-515,0x1.48772953978aep-29,2.38990086904101782e-09
10,17,0x1.9cd8ff40ef6bp-31,0x1.e3963c5ae124ap-515,0x1.9cd8ff40ef6b1p-31,7.50965491282208131e-10
10,18,0x1.02bd7a3642dbep-32,0x1.e3963c5ae124ap-515,0x1.02bd7a3642dbfp-32,2.35322791974325171e-10
10,19,0x1.43759e902cb2p-34,0x1.e3963c5ae124ap-515,0x1.43759e902cb21p-34,7.35461641698173521e-11
10,20,0x1.9356d4500d06p-36,0x1.e3963c5ae124ap-515,0x1.9356d4500d061p-36,2.29271777888405464e-11
10,21,0x1.f5b5f957ba7fcp-38,0x1.e3963c5ae124ap-515,0x1.f5b5f957ba7fdp-38,7.12973979826619204e-12
10,22,0x1.374bbc43134c4p-39,0x1.e3963c5ae124ap-515,0x1.374bbc43134c5p-39,2.21188998779345623e-12
10,23,0x1.81688770324fp-41,0x1.e3963c5ae124ap-515,0x1.81688770324f1p-41,6.84622699196703429e-13
10,24,0x1.dc18cedc082e8p-43,0x1.e3963c5ae124ap-515,0x1.dc18cedc082e9p-43,2.11429498986547824e-13
10,25,0x1.256c02b219f7bp-44,0x1.e3963c5ae124ap-515,0x1.256c02b219f7cp-44,6.51527534441533859e-14
10,26,0x1.68e8959f97a46p-46,0x1.e3963c5ae124ap-515,0x1.68e8959f97a47p-46,2.00344481600120869e-14
10,27,0x1.baff8f5242587p-48,0x1.e3963c5ae124ap-515,0x1.baff8f5242588p-48,6.14783613822422917e-15
10,28,0x1.0f549d7269c61p-49,0x1.e3963c5ae124ap-515,0x1.0f549d7269c62p-49,1.88273374286285023e-15
10,29,0x1.4bb770b492aeep-51,0x1.e3963c5ae124ap-515,0x1.4bb770b492aefp-51,5.75436510069227550e-16
10,30,0x1.94c250bdea618p-53,0x1.e3963c5ae124ap-515,0x1.94c250bdea619p-53,1.75536254161986156e-16
10,31,0x1.ecf3c7c64cb6fp-55,0x1.e3963c5ae124ap-515,0x1.ecf3c7c64cb7p-55,5.34459918887435768e-17
10,32,0x1.2ba031b460cf5p-56,0x1.e3963c5ae124ap-515,0x1.2ba031b460cf6p-56,1.62427449112317614e-17
10,33,0x1.6b938a990a41ep-58,0x1.e3963c5ae124ap-515,0x1.6b938a990a41fp-58,4.92737813421179126e-18
10,34,0x1.b8646c22831ebp-60,0x1.e3963c5ae124ap-515,0x1.b8646c22831ecp-60,1.49210706658646903e-18
10,35,0x1.0a4105ff3d79dp-61,0x1.e3963c5ae124ap-515,0x1.0a4105ff3d79ep-61,4.51051816877454049e-19
10,36,0x1.4165190d69b03p-63,0x1.e3963c5ae124ap-515,0x1.4165190d69b04p-63,1.36116040415352131e-19
10,37,0x1.834dc4a93778fp-65,0x1.e3963c5ae124ap-515,0x1.834dc4a93779p-65,4.10073829999957639e-20
10,38,0x1.d1f5606e115b9p-67,0x1.e3963c5ae124ap-515,0x1.d1f5606e115bap-67,1.23338188687960773e-20
10,39,0x1.17d6b91d71eaep-68,0x1.e3963c5ae124ap-515,0x1.17d6b91d71eafp-68,3.70363517881008590e-21
10,40,0x1.4f96579935b5p-70,0x1.e3963c5ae124ap-515,0x1.4f96579935b51p-70,1.11036514797455272e-21
10,41,0x1.91cf8941e4958p-72,0x1.e3963c5ae124ap-515,0x1.91cf8941e4959p-72,3.32370011139071041e-22
10,42,0x1.e05c297efcb07p-74,0x1.e3963c5ae124ap-515,0x1.e05c297efcb08p-74,9.93361214529473001e-23
10,43,0x1.1eb2425fbe84bp-75,0x1.e3963c5ae124ap-515,0x1.1eb2425fbe84cp-75,2.96437052459377212e-23
10,44,0x1.55b5b91749b75p-77,0x1.e3963c5ae124ap-515,0x1.55b5b91749b76p-77,8.83299273748486938e-24
10,45,0x1.96ae13c3ad3afp-79,0x1.e3963c5ae124ap-515,0x1.96ae13c3ad3bp-79,2.62810783187847123e-24
10,46,0x1.e34d006a91937p-81,0x1.e3963c5ae124ap-515,0x1.e34d006a91938p-81,7.80814534249945860e-25
10,47,0x1.1ec49f3003c5ep-82,0x1.e3963c5ae124ap-515,0x1.1ec49f3003c5fp-82,2.31649389234476676e-25
10,48,0x1.53d46d636e44fp-84,0x1.e3963c5ae124ap-515,0x1.53d46d636e45p-84,6.86280803896434457e-26
10,49,0x1.922669d2d21dap-86,0x1.e3963c5ae124ap-515,0x1.922669d2d21dbp-86,2.03033890715991200e-26
10,50,0x1.db3f272ea51b8p-88,0x1.e3963c5ae124ap-515,0x1.db3f272ea51b9p-88,5.99845656571254208e-27
10,51,0x1.186f64d521fbep-89,0x1.e3963c5ae124ap-515,0x1.186f64d521fbfp-89,1.76979449878140391e-27
10,52,0x1.4a84c18c0afbdp-91,0x1.e3963c5ae124ap-515,0x1.4a84c18c0afbep-91,5.21466369729939367e-28
10,53,0x1.850895ff3b124p-93,0x1.e3963c5ae124ap-515,0x1.850895ff3b125p-93,1.53446674778707283e-28
10,54,0x1.c9500dd3d55cp-95,0x1.e3963c5ae124ap-515,0x1.c9500dd3d55c1p-95,4.50945148951315296e-29
10,55,0x1.0c71593395f7bp-96,0x1.e3963c5ae124ap-515,0x1.0c71593395f7cp-96,1.32352502785788217e-29
10,56,0x1.3ac0a81f0e8b1p-98,0x1.e3963c5ae124ap-515,0x1.3ac0a81f0e8b2p-98,3.87962490007873873e-30
10,57,0x1.7096dd4037b7ep-100,0x1.e3963c5ae124ap-515,0x1.7096dd4037b7fp-100,1.13580351374304835e-30
10,58,0x1.af19c2e60892ep-102,0x1.e3963c5ae124ap-515,0x1.af19c2e60892fp-102,3.32107845072472623e-31
10,59,0x1.f798eb1cd89cep-104,0x1.e3963c5ae124ap-515,0x1.f798eb1cd89cfp-104,9.69893192271945648e-32
10,60,0x1.25c997cc789a6p-105,0x1.e3963c5ae124ap-515,0x1.25c997cc789a7p-105,2.82907045300832074e-32
10,61,0x1.565e6dace5604p-107,0x1.e3963c5ae124ap-515,0x1.565e6dace5605p-107,8.24223051814353587e-33
10,62,0x1.8e83483b887a1p-109,0x1.e3963c5ae124ap-515,0x1.8e83483b887a2p-109,2.39846179704295945e-33
10,63,0x1.cf527f2593153p-111,0x1.e3963c5ae124ap-515,0x1.cf527f2593154p-111,6.97129843901962185e-34
10,64,0x1.0d065f855d607p-112,0x1.e3963c5ae124ap-515,0x1.0d065f855d608p-112,2.02391836379626615e-34
10,65,0x1.380eeb8ee5e63p-114,0x1.e3963c5ae124ap-515,0x1.380eeb8ee5e64p-114,5.86916395874856812e-35
10,66,0x1.699109a153191p-116,0x1.e3963c5ae124ap-515,0x1.699109a153192p-116,1.70007776290708072e-35
10,67,0x1.a2761883b3c33p-118,0x1.e3963c5ae124ap-515,0x1.a2761883b3c34p-118,4.91898907777640960e-36
10,68,0x1.e3c5ff8e54225p-120,0x1.e3963c5ae124ap-515,0x1.e3c5ff8e54226p-120,1.42168233723688635e-36
10,69,0x1.17556e139769bp-121,0x1.e3963c5ae124ap-515,0x1.17556e139769cp-121,4.10443998923751754e-37
10,70,0x1.423a8b1d5229bp-123,0x1.e3963c5ae124ap-515,0x1.423a8b1d5229cp-123,1.18368124733822675e-37
10,71,0x1.734ff2da412dap-125,0x1.e3963c5ae124ap-515,0x1.734ff2da412dbp-125,3.40996492436724884e-38
10,72,0x1.ab6b29e97a66p-127,0x1.e3963c5ae124ap-515,0x1.ab6b29e97a661p-127,9.81304998956294212e-39
10,73,0x1.eb7c62084b007p-129,0x1.e3963c5ae124ap-515,0x1.eb7c62084b008p-129,2.82099055029181209e-39
10,74,0x1.1a48c45542727p-130,0x1.e3963c5ae124ap-515,0x1.1a48c45542728p-130,8.10116055345082136e-40
10,75,0x1.43ecd34739976p-132,0x1.e3963c5ae124ap-515,0x1.43ecd34739977p-132,2.32404860710160800e-40
10,76,0x1.73544bd6ab565p-134,0x1.e3963c5ae124ap-515,0x1.73544bd6ab566p-134,6.66039235727302661e-41
10,77,0x1.a93d91bcee694p-136,0x1.e3963c5ae124ap-515,0x1.a93d91bcee695p-136,1.90684437336029240e-41
10,78,0x1.e67dbefb70d34p-138,0x1.e3963c5ae124ap-515,0x1.e67dbefb70d35p-138,5.45375492025050601e-42
10,79,0x1.16018eb48b56bp-139,0x1.e3963c5ae124ap-515,0x1.16018eb48b56cp-139,1.55827799297959601e-42
10,80,0x1.3d6bef163c34dp-141,0x1.e3963c5ae124ap-515,0x1.3d6bef163c34ep-141,4.44802424341772511e-43
10,81,0x1.6a128a33ac88p-143,0x1.e3963c5ae124ap-515,0x1.6a128a33ac881p-143,1.26842881983026586e-43
10,82,0x1.9c9afc5ad1245p-145,0x1.e3963c5ae124ap-515,0x1.9c9afc5ad1246p-145,3.61364582367695072e-44
10,83,0x1.d5bdbdc25a276p-147,0x1.e3963c5ae124ap-515,0x1.d5bdbdc25a277p-147,1.02851185875546228e-44
10,84,0x1.0b240b2bbaaf2p-148,0x1.e3963c5ae124ap-515,0x1.0b240b2bbaaf3p-148,2.92456239396095708e-45
10,85,0x1.2f8f1fccb79ccp-150,0x1.e3963c5ae124ap-515,0x1.2f8f1fccb79cdp-150,8.30814201560362368e-46
10,86,0x1.589edc1389559p-152,0x1.e3963c5ae124ap-515,0x1.589edc138955ap-152,2.35798945957684970e-46
10,87,0x1.86dfe66e03c86p-154,0x1.e3963c5ae124ap-515,0x1.86dfe66e03c87p-154,6.68618152461872696e-47
10,88,0x1.baee2dcc84842p-156,0x1.e3963c5ae124ap-515,0x1.baee2dcc84843p-156,1.89415792900093770e-47
10,89,0x1.f5766a084a332p-158,0x1.e3963c5ae124ap-515,0x1.f5766a084a333p-158,5.36116568629842585e-48
10,90,0x1.1b9bdecca560fp-159,0x1.e3963c5ae124ap-515,0x1.1b9bdecca561p-159,1.51603954985218977e-48
10,91,0x1.4082bd851ff7ep-161,0x1.e3963c5ae124ap-515,0x1.4082bd851ff7fp-161,4.28324849891382796e-49
10,92,0x1.69e4885e06f4bp-163,0x1.e3963c5ae124ap-515,0x1.69e4885e06f4cp-163,1.20906756612674878e-49
10,93,0x1.98420ed67ca58p-165,0x1.e3963c5ae124ap-515,0x1.98420ed67ca59p-165,3.40993024688535052e-50
10,94,0x1.cc29590e23fbbp-167,0x1.e3963c5ae124ap-515,0x1.cc29590e23fbcp-167,9.60862077006907988e-51
10,95,0x1.031b6fc1f2e6ap-168,0x1.e3963c5ae124ap-515,0x1.031b6fc1f2e6bp-168,2.70520512068243167e-51
10,96,0x1.238b6de99764cp-170,0x1.e3963c5ae124ap-515,0x1.238b6de99764dp-170,7.60967032155697999e-52
10,97,0x1.47c35a0a1990bp-172,0x1.e3963c5ae124ap-515,0x1.47c35a0a1990cp-172,2.13875397286847677e-52
10,98,0x1.702b414b813aap-174,0x1.e3963c5ae124ap-515,0x1.702b414b813abp-174,6.00603648190231515e-53
10,99,0x1.9d355de24bdf3p-176,0x1.e3963c5ae124ap-515,0x1.9d355de24bdf4p-176,1.68519439692882935e-53
10,100,0x1.cf5efa0240cc9p-178,0x1.e3963c5ae124ap-515,0x1.cf5efa0240ccap-178,4.72443261227358973e-54
10,101,0x1.0398b1e64aa2cp-179,0x1.e3963c5ae124ap-515,0x1.0398b1e64aa2dp-179,1.32339528897499787e-54
10,102,0x1.22a1799e05bb7p-181,0x1.e3963c5ae124ap-515,0x1.22a1799e05bb8p-181,3.70401212832268034e-55
10,103,0x1.451c118da185dp-183,0x1.e3963c5ae124ap-515,0x1.451c118da185ep-183,1.03585908448319623e-55
10,104,0x1.6b625f0d6a7fap-185,0x1.e3963c5ae124ap-515,0x1.6b625f0d6a7fbp-185,2.89452264917156369e-56
10,105,0x1.95d69092ffa9fp-187,0x1.e3963c5ae124ap-515,0x1.95d69092ffaap-187,8.08171829603199042e-57
10,106,0x1.c4e3ca0ec467p-189,0x1.e3963c5ae124ap-515,0x1.c4e3ca0ec4671p-189,2.25467212515676516e-57
10,107,0x1.f8fedd1487b06p-191,0x1.e3963c5ae124ap-515,0x1.f8fedd1487b07p-191,6.28519018166549995e-58
10,108,0x1.195386b5c4eadp-192,0x1.e3963c5ae124ap-515,0x1.195386b5c4eaep-192,1.75069770279632595e-58
10,109,0x1.39337152ed6f2p-194,0x1.e3963c5ae124ap-515,0x1.39337152ed6f3p-194,4.87263571011621887e-59
10,110,0x1.5c6a83b149a8cp-196,0x1.e3963c5ae124ap-515,0x1.5c6a83b149a8dp-196,1.35512408682036768e-59
10,111,0x1.834a9b70ce7c1p-198,0x1.e3963c5ae124ap-515,0x1.834a9b70ce7c2p-198,3.76581330134111109e-60
10,112,0x1.ae2c9cc94afe8p-200,0x1.e3963c5ae124ap-515,0x1.ae2c9cc94afe9p-200,1.04569571796115639e-60
10,113,0x1.dd70f8a56175dp-202,0x1.e3963c5ae124ap-515,0x1.dd70f8a56175ep-202,2.90148873737788194e-61
10,114,0x1.08c01d73fdca6p-203,0x1.e3963c5ae124ap-515,0x1.08c01d73fdca7p-203,8.04465865015612264e-62
10,115,0x1.2565d099f2bb4p-205,0x1.e3963c5ae124ap-515,0x1.2565d099f2bb5p-205,2.22878229772109315e-62
10,116,0x1.44e6dd46d5411p-207,0x1.e3963c5ae124ap-515,0x1.44e6dd46d5412p-207,6.17025436948809999e-63
10,117,0x1.67858817f7b48p-209,0x1.e3963c5ae124ap-515,0x1.67858817f7b49p-209,1.70693089181551891e-63
10,118,0x1.8d896bf527942p-211,0x1.e3963c5ae124ap-515,0x1.8d896bf527943p-211,4.71854706196031750e-64
10,119,0x1.b73fd83117141p-213,0x1.e3963c5ae124ap-515,0x1.b73fd83117142p-213,1.30341323889825685e-64
10,120,0x1.e4fc33c5ffcc5p-215,0x1.e3963c5ae124ap-515,0x1.e4fc33c5ffcc6p-215,3.59781991401967655e-65
10,121,0x1.0b8c32ec85b4bp-216,0x1.e3963c5ae124ap-515,0x1.0b8c32ec85b4cp-216,9.92389396538657572e-66
10,122,0x1.26faa1d712365p-218,0x1.e3963c5ae124ap-515,0x1.26faa1d712366p-218,2.73534509939976477e-66
10,123,0x1.44fd821a54b68p-220,0x1.e3963c5ae124ap-515,0x1.44fd821a54b69p-220,7.53409934546549132e-67
10,124,0x1.65ccdcaa09fc7p-222,0x1.e3963c5ae124ap-515,0x1.65ccdcaa09fc8p-222,2.07367946656047153e-67
10,125,0x1.89a4e78efbb03p-224,0x1.e3963c5ae124ap-515,0x1.89a4e78efbb04p-224,5.70354427015106693e-68
10,126,0x1.b0c6488462da7p-226,0x1.e3963c5ae124ap-515,0x1.b0c6488462da8p-226,1.56762695366546500e-68
10,127,0x1.db765aaa43fadp-228,0x1.e3963c5ae124ap-515,0x1.db765aaa43faep-228,4.30563419250342698e-69
10,128,0x1.04ffbbae0961p-229,0x1.e3963c5ae124ap-515,0x1.04ffbbae09611p-229,1.18176139959089776e-69
10,129,0x1.1e58a11cbccd9p-231,0x1.e3963c5ae124ap-515,0x1.1e58a11cbccdap-231,3.24132421063669938e-70
10,130,0x1.39f07c36c24d5p-233,0x1.e3963c5ae124ap-515,0x1.39f07c36c24d6p-233,8.88417004538849295e-71
10,131,0x1.57f4e19f52d2bp-235,0x1.e3963c5ae124ap-515,0x1.57f4e19f52d2cp-235,2.43340647997103142e-71
10,132,0x1.789686f8083cfp-237,0x1.e3963c5ae124ap-515,0x1.789686f8083dp-237,6.66066415121573931e-72
10,133,0x1.9c096f7d6327bp-239,0x1.e3963c5ae124ap-515,0x1.9c096f7d6327cp-239,1.82191091294370317e-72
10,134,0x1.c2851a5128a82p-241,0x1.e3963c5ae124ap-515,0x1.c2851a5128a83p-241,4.98018057885240147e-73
10,135,0x1.ec44b273537bdp-243,0x1.e3963c5ae124ap-515,0x1.ec44b273537bep-243,1.36041997668291717e-73
10,136,0x1.0cc3a0347b17dp-244,0x1.e3963c5ae124ap-515,0x1.0cc3a0347b17ep-244,3.71374818510813523e-74
10,137,0x1.2547eec77a226p-246,0x1.e3963c5ae124ap-515,0x1.2547eec77a227p-246,1.01312961589449407e-74
10,138,0x1.3fd2f48a733ecp-248,0x1.e3963c5ae124ap-515,0x1.3fd2f48a733edp-248,2.76205435106473164e-75
10,139,0x1.5c8a9f4d694ecp-250,0x1.e3963c5ae124ap-515,0x1.5c8a9f4d694edp-250,7.52515771062738067e-76
10,140,0x1.7b9737354c612p-252,0x1.e3963c5ae124ap-515,0x1.7b9737354c613p-252,2.04888071726480387e-76
10,141,0x1.9d237ba20c00dp-254,0x1.e3963c5ae124ap-515,0x1.9d237ba20c00ep-254,5.57489786166805339e-77
10,142,0x1.c15cc0d888999p-256,0x1.e3963c5ae124ap-515,0x1.c15cc0d88899ap-256,1.51592528009721526e-77
10,143,0x1.e8730e69dd432p-258,0x1.e3963c5ae124ap-515,0x1.e8730e69dd433p-258,4.11946453428525322e-78
10,144,0x1.094c9f283214cp-259,0x1.e3963c5ae124ap-515,0x1.094c9f283214dp-259,1.11873510886189733e-78
10,145,0x1.20028e5cda4d1p-261,0x1.e3963c5ae124ap-515,0x1.20028e5cda4d2p-261,3.03625826920394076e-79
10,146,0x1.3877c439d50d1p-263,0x1.e3963c5ae124ap-515,0x1.3877c439d50d2p-263,8.23524449560755631e-80
10,147,0x1.52ca49f8a453ep-265,0x1.e3963c5ae124ap-515,0x1.52ca49f8a453fp-265,2.23224578561241349e-80
10,148,0x1.6f19d36d862c7p-267,0x1.e3963c5ae124ap-515,0x1.6f19d36d862c8p-267,6.04695338626931117e-81
10,149,0x1.8d87d00e70b54p-269,0x1.e3963c5ae124ap-515,0x1.8d87d00e70b55p-269,1.63704898978797575e-81
10,150,0x1.ae377c3153af8p-271,0x1.e3963c5ae124ap-515,0x1.ae377c3153af9p-271,4.42913087764589357e-82
10,151,0x1.d14df2795ee47p-273,0x1.e3963c5ae124ap-515,0x1.d14df2795ee48p-273,1.19759080657874361e-82
10,152,0x1.f6f23d6a56d08p-275,0x1.e3963c5ae124ap-515,0x1.f6f23d6a56d09p-275,3.23618098043594883e-83
10,153,0x1.0fa6b48c239f1p-276,0x1.e3963c5ae124ap-515,0x1.0fa6b48c239f2p-276,8.73962598316685740e-84
10,154,0x1.25454a7493843p-278,0x1.e3963c5ae124ap-515,0x1.25454a7493844p-278,2.35879320231259268e-84
10,155,0x1.3c6b82aea02fep-280,0x1.e3963c5ae124ap-515,0x1.3c6b82aea02ffp-280,6.36246086318712988e-85
10,156,0x1.55311ae938258p-282,0x1.e3963c5ae124ap-515,0x1.55311ae938259p-282,1.71514113910381299e-85
10,157,0x1.6faef51ac6932p-284,0x1.e3963c5ae124ap-515,0x1.6faef51ac6933p-284,4.62078031676150613e-86
10,158,0x1.8bff204a40872p-286,0x1.e3963c5ae124ap-515,0x1.8bff204a40873p-286,1.24414992310806555e-86
10,159,0x1.aa3ce14170fc5p-288,0x1.e3963c5ae124ap-515,0x1.aa3ce14170fc6p-288,3.34790601308974263e-87
10,160,0x1.ca84bb2107c63p-290,0x1.e3963c5ae124ap-515,0x1.ca84bb2107c64p-290,9.00364030265959872e-88
10,161,0x1.ecf477ce8f19cp-292,0x1.e3963c5ae124ap-515,0x1.ecf477ce8f19dp-292,2.41996193898751821e-88
10,162,0x1.08d5981a0665p-293,0x1.e3963c5ae124ap-515,0x1.08d5981a06651p-293,6.50048293731413073e-89
10,163,0x1.1c64aa245bbcep-295,0x1.e3963c5ae124ap-515,0x1.1c64aa245bbcfp-295,1.74514112947218531e-89
10,164,0x1.3138596ce6748p-297,0x1.e3963c5ae124ap-515,0x1.3138596ce6749p-297,4.68235646775997650e-90
10,165,0x1.476240851f578p-299,0x1.e3963c5ae124ap-515,0x1.476240851f579p-299,1.25559192069014558e-90
10,166,0x1.5ef4b0bfcb15cp-301,0x1.e3963c5ae124ap-515,0x1.5ef4b0bfcb15dp-301,3.36499010211634046e-91
10,167,0x1.7802b5990f9p-303,0x1.e3963c5ae124ap-515,0x1.7802b5990f901p-303,9.01304247151212976e-92
10,168,0x1.92a017eb0de96p-305,0x1.e3963c5ae124ap-515,0x1.92a017eb0de97p-305,2.41275091320851835e-92
10,169,0x1.aee160e9bef06p-307,0x1.e3963c5ae124ap-515,0x1.aee160e9bef07p-307,6.45517603288739191e-93
10,170,0x1.ccdbdce0ae01dp-309,0x1.e3963c5ae124ap-515,0x1.ccdbdce0ae01ep-309,1.72607354380071357e-93
10,171,0x1.eca59dad106a2p-311,0x1.e3963c5ae124ap-515,0x1.eca59dad106a3p-311,4.61282703415761398e-94
10,172,0x1.072abe774e042p-312,0x1.e3963c5ae124ap-515,0x1.072abe774e043p-312,1.23206257507821118e-94
10,173,0x1.19018ef4b4661p-314,0x1.e3963c5ae124ap-515,0x1.19018ef4b4662p-314,3.28894888941155899e-95
10,174,0x1.2be377898a1f2p-316,0x1.e3963c5ae124ap-515,0x1.2be377898a1f3p-316,8.77488187254492542e-96
10,175,0x1.3fdd15a2a79b5p-318,0x1.e3963c5ae124ap-515,0x1.3fdd15a2a79b6p-318,2.33984047831574784e-96
10,176,0x1.54fb6d47f9071p-320,0x1.e3963c5ae124ap-515,0x1.54fb6d47f9072p-320,6.23581251814185731e-97
10,177,0x1.6b4be95256932p-322,0x1.e3963c5ae124ap-515,0x1.6b4be95256933p-322,1.66097340757141996e-97
10,178,0x1.82dc5b6b34c43p-324,0x1.e3963c5ae124ap-515,0x1.82dc5b6b34c44p-324,4.42176982222929899e-98
10,179,0x1.9bbafbd33843p-326,0x1.e3963c5ae124ap-515,0x1.9bbafbd338431p-326,1.17650665393704554e-98
10,180,0x1.b5f668ecbcf8bp-328,0x1.e3963c5ae124ap-515,0x1.b5f668ecbcf8cp-328,3.12866037117359334e-99
10,181,0x1.d19da687673fcp-330,0x1.e3963c5ae124ap-515,0x1.d19da687673fdp-330,8.31551584448702628e-100
10,182,0x1.eec01ce9dfea3p-332,0x1.e3963c5ae124ap-515,0x1.eec01ce9dfea4p-332,2.20895904729322965e-100
10,183,0x1.06b6cbcb745bp-333,0x1.e3963c5ae124ap-515,0x1.06b6cbcb745b1p-333,5.86482116050343104e-101
10,184,0x1.16db21e583a14p-335,0x1.e3963c5ae124ap-515,0x1.16db21e583a15p-335,1.55629333958724951e-101
10,185,0x1.27d557580b744p-337,0x1.e3963c5ae124ap-515,0x1.27d557580b745p-337,4.12760992415691615e-102
10,186,0x1.39ade1a2149d1p-339,0x1.e3963c5ae124ap-515,0x1.39ade1a2149d2p-339,1.09415099516990140e-102
10,187,0x1.4c6d63f89b0bbp-341,0x1.e3963c5ae124ap-515,0x1.4c6d63f89b0bcp-341,2.89886642503740318e-103
10,188,0x1.601cade99cdbcp-343,0x1.e3963c5ae124ap-515,0x1.601cade99cdbdp-343,7.67630785211766238e-104
10,189,0x1.74c4b9d53f9ffp-345,0x1.e3963c5ae124ap-515,0x1.74c4b9d53fap-345,2.03165841254312672e-104
10,190,0x1.8a6eab3bfd62p-347,0x1.e3963c5ae124ap-515,0x1.8a6eab3bfd621p-347,5.37432606208386736e-105
10,191,0x1.a123cce0de685p-349,0x1.e3963c5ae124ap-515,0x1.a123cce0de686p-349,1.42093176595849174e-105
10,192,0x1.b8ed8ebeda243p-351,0x1.e3963c5ae124ap-515,0x1.b8ed8ebeda244p-351,3.75490708670008555e-106
10,193,0x1.d1d583d0911e8p-353,0x1.e3963c5ae124ap-515,0x1.d1d583d0911e9p-353,9.91751322713363337e-107
10,194,0x1.ebe55fa9aa242p-355,0x1.e3963c5ae124ap-515,0x1.ebe55fa9aa243p-355,2.61809171864571880e-107
10,195,0x1.039379f09bebep-356,0x1.e3963c5ae124ap-515,0x1.039379f09bebfp-356,6.90790325958005137e-108
10,196,0x1.11d216a6541a8p-358,0x1.e3963c5ae124ap-515,0x1.11d216a6541a9p-358,1.82174588372740343e-108
10,197,0x1.20b388856e30dp-360,0x1.e3963c5ae124ap-515,0x1.20b388856e30ep-360,4.80186933297420626e-109
10,198,0x1.303cdcaf93efcp-362,0x1.e3963c5ae124ap-515,0x1.303cdcaf93efdp-362,1.26507039936430832e-109
10,199,0x1.4073292e0b0f8p-364,0x1.e3963c5ae124ap-515,0x1.4073292e0b0f9p-364,3.33120746999203437e-110
10,200,0x1.515b8b2efc333p-366,0x1.e3963c5ae124ap-515,0x1.515b8b2efc334p-366,8.76742602954967143e-111
10,201,0x1.62fb252ab0aecp-368,0x1.e3963c5ae124ap-515,0x1.62fb252ab0aedp-368,2.30635832931181770e-111
10,202,0x1.75571cf0ec6f5p-370,0x1.e3963c5ae124ap-515,0x1.75571cf0ec6f6p-370,6.06410195047046240e-112
10,203,0x1.8874999e9c88bp-372,0x1.e3963c5ae124ap-515,0x1.8874999e9c88cp-372,1.59364664669127809e-112
10,204,0x1.9c58c17c2670cp-374,0x1.e3963c5ae124ap-515,0x1.9c58c17c2670dp-374,4.18604778945440994e-113
10,205,0x1.b108b7c4b85efp-376,0x1.e3963c5ae124ap-515,0x1.b108b7c4b85fp-376,1.09901524284177509e-113
10,206,0x1.c6899a570ff2p-378,0x1.e3963c5ae124ap-515,0x1.c6899a570ff21p-378,2.88397441634853389e-114
10,207,0x1.dce07f5041263p-380,0x1.e3963c5ae124ap-515,0x1.dce07f5041264p-380,7.56428715001237061e-115
10,208,0x1.f41272911d44dp-382,0x1.e3963c5ae124ap-515,0x1.f41272911d44ep-382,1.98305281937490911e-115
10,209,0x1.0612399777b2bp-383,0x1.e3963c5ae124ap-515,0x1.0612399777b2cp-383,5.19626125548828246e-116
10,210,0x1.128db8682c9e9p-385,0x1.e3963c5ae124ap-515,0x1.128db8682c9eap-385,1.36093956158196502e-116
10,211,0x1.1f7e247b98f08p-387,0x1.e3963c5ae124ap-515,0x1.1f7e247b98f09p-387,3.56269464544776430e-117
10,212,0x1.2ce5e21c2edcdp-389,0x1.e3963c5ae124ap-515,0x1.2ce5e21c2edcep-389,9.32204072021390040e-118
10,213,0x1.3ac749b15689bp-391,0x1.e3963c5ae124ap-515,0x1.3ac749b15689cp-391,2.43801710193112593e-118
10,214,0x1.4924a64af2667p-393,0x1.e3963c5ae124ap-515,0x1.4924a64af2668p-393,6.37318574819753822e-119
10,215,0x1.580034259520bp-395,0x1.e3963c5ae124ap-515,0x1.580034259520cp-395,1.66521837514802139e-119
10,216,0x1.675c1f28109c2p-397,0x1.e3963c5ae124ap-515,0x1.675c1f28109c3p-397,4.34891891006630393e-120
10,217,0x1.773a815b0fd25p-399,0x1.e3963c5ae124ap-515,0x1.773a815b0fd26p-399,1.13523984057862612e-120
10,218,0x1.879d615b77f6ap-401,0x1.e3963c5ae124ap-515,0x1.879d615b77f6bp-401,2.96203941340367300e-121
10,219,0x1.9886b0c85737bp-403,0x1.e3963c5ae124ap-515,0x1.9886b0c85737cp-403,7.72487796562304477e-122
10,220,0x1.a9f84aad31493p-405,0x1.e3963c5ae124ap-515,0x1.a9f84aad31494p-405,2.01368109124049767e-122
10,221,0x1.bbf3f1e98364p-407,0x1.e3963c5ae124ap-515,0x1.bbf3f1e983641p-407,5.24672988886020365e-123
10,222,0x1.ce7b4f9662491p-409,0x1.e3963c5ae124ap-515,0x1.ce7b4f9662492p-409,1.36642671734867235e-123
10,223,0x1.e18ff16b1d945p-411,0x1.e3963c5ae124ap-515,0x1.e18ff16b1d946p-411,3.55700336905205918e-124
10,224,0x1.f5334821db849p-413,0x1.e3963c5ae124ap-515,0x1.f5334821db84ap-413,9.25514366451134450e-125
10,225,0x1.04b352ee9461bp-414,0x1.e3963c5ae124ap-515,0x1.04b352ee9461cp-414,2.40704199618333547e-125
10,226,0x1.0f159e47be95ap-416,0x1.e3963c5ae124ap-515,0x1.0f159e47be95bp-416,6.25729224340938231e-126
10,227,0x1.19c10e32df3a9p-418,0x1.e3963c5ae124ap-515,0x1.19c10e32df3aap-418,1.62589362016073833e-126
10,228,0x1.24b6191ae7745p-420,0x1.e3963c5ae124ap-515,0x1.24b6191ae7746p-420,4.22280838130851079e-127
10,229,0x1.2ff522f91d707p-422,0x1.e3963c5ae124ap-515,0x1.2ff522f91d708p-422,1.09626316305094867e-127
10,230,0x1.3b7e7c920e75ep-424,0x1.e3963c5ae124ap-515,0x1.3b7e7c920e75fp-424,2.84467790163091102e-128
10,231,0x1.475262b629ac6p-426,0x1.e3963c5ae124ap-515,0x1.475262b629ac7p-426,7.37830896818352256e-129
10,232,0x1.5370fd86929f6p-428,0x1.e3963c5ae124ap-515,0x1.5370fd86929f7p-428,1.91287530353049136e-129
10,233,0x1.5fda5fbebb5d8p-430,0x1.e3963c5ae124ap-515,0x1.5fda5fbebb5d9p-430,4.95704870933400246e-130
10,234,0x1.6c8e860356bp-432,0x1.e3963c5ae124ap-515,0x1.6c8e860356b01p-432,1.28400593376319971e-130
10,235,0x1.798d56373314dp-434,0x1.e3963c5ae124ap-515,0x1.798d56373314ep-434,3.32444232637187385e-131
10,236,0x1.86d69ed68eaedp-436,0x1.e3963c5ae124ap-515,0x1.86d69ed68eaeep-436,8.60357816639020008e-132
10,237,0x1.946a165973cd5p-438,0x1.e3963c5ae124ap-515,0x1.946a165973cd6p-438,2.22560735969075228e-132
10,238,0x1.a2475a9dac56p-440,0x1.e3963c5ae124ap-515,0x1.a2475a9dac561p-440,5.75476666910437110e-133
10,239,0x1.b06df058d8a38p-442,0x1.e3963c5ae124ap-515,0x1.b06df058d8a39p-442,1.48736382019993311e-133
10,240,0x1.bedd4293343dbp-444,0x1.e3963c5ae124ap-515,0x1.bedd4293343dcp-444,3.84253310059591346e-134
10,241,0x1.cd94a22b9050cp-446,0x1.e3963c5ae124ap-515,0x1.cd94a22b9050dp-446,9.92269209995130415e-135
10,242,0x1.dc93456508623p-448,0x1.e3963c5ae124ap-515,0x1.dc93456508624p-448,2.56125893682994143e-135
10,243,0x1.ebd8477ef2492p-450,0x1.e3963c5ae124ap-515,0x1.ebd8477ef2493p-450,6.60830541117025584e-136
10,244,0x1.fb62a85786f51p-452,0x1.e3963c5ae124ap-515,0x1.fb62a85786f52p-452,1.70427606482461509e-136
10,245,0x1.0598a60cddafcp-453,0x1.e3963c5ae124ap-515,0x1.0598a60cddafdp-453,4.39342856067566621e-137
10,246,0x1.0da17d7b5ef71p-455,0x1.e3963c5ae124ap-515,0x1.0da17d7b5ef72p-455,1.13209153121119543e-137
10,247,0x1.15cb3075c2f61p-457,0x1.e3963c5ae124ap-515,0x1.15cb3075c2f62p-457,2.91591205482634311e-138
10,248,0x1.1e1506c96e837p-459,0x1.e3963c5ae124ap-515,0x1.1e1506c96e838p-459,7.50728257123109757e-139
10,249,0x1.267e3a0222593p-461,0x1.e3963c5ae124ap-515,0x1.267e3a0222594p-461,1.93199997706243712e-139
10,250,0x1.2f05f56009172p-463,0x1.e3963c5ae124ap-515,0x1.2f05f56009174p-463,4.96990434984158794e-140
10,251,0x1.37ab55d48a87p-465,0x1.e3963c5ae124ap-515,0x1.37ab55d48a878p-465,1.27792700130018433e-140
10,252,0x1.406d6a060a2dap-467,0x1.e3963c5ae124ap-515,0x1.406d6a060a2f9p-467,3.28459406773635745e-141
10,253,0x1.494b325ab34e3p-469,0x1.e3963c5ae124ap-515,0x1.494b325ab355cp-469,8.43869983217690700e-142
10,254,0x1.5243a10a7065bp-471,0x1.e3963c5ae124ap-515,0x1.5243a10a7083fp-471,2.16714556336090863e-142
10,255,0x1.5b559a3827c3fp-473,0x1.e3963c5ae124ap-515,0x1.5b559a38283cep-473,5.56313839587730654e-143
10,256,0x1.647ff4125285fp-475,0x1.e3963c5ae124ap-515,0x1.647ff41254699p-475,1.42748451805552500e-143
10,257,0x1.6dc176fafe821p-477,0x1.e3963c5ae124ap-515,0x1.6dc176fb06107p-477,3.66136673740370919e-144
10,258,0x1.7718ddb746d2cp-479,0x1.e3963c5ae124ap-515,0x1.7718ddb7650c3p-479,9.38719536597905282e-145
10,259,0x1.8084d5a648f34p-481,0x1.e3963c5ae124ap-515,0x1.8084d5a6c1d8dp-481,2.40574612362635251e-145
10,260,0x1.8a03feff944b5p-483,0x1.e3963c5ae124ap-515,0x1.8a03ff0177e19p-483,6.16290618497153086e-146
10,261,0x1.9394ed1900ed9p-485,0x1.e3963c5ae124ap-515,0x1.9394ed208f469p-485,1.57813317525943703e-146
10,262,0x1.9d3626b3a7209p-487,0x1.e3963c5ae124ap-515,0x1.9d3626d1e0846p-487,4.03947177067713971e-147
10,263,0x1.a6e6264effc7ep-489,0x1.e3963c5ae124ap-515,0x1.a6e626c7e557p-489,1.03354369803244397e-147
10,264,0x1.b0a35a7eaa169p-491,0x1.e3963c5ae124ap-515,0x1.b0a35c624052fp-491,2.64336390146172420e-148
10,265,0x1.ba6c2635e44f6p-493,0x1.e3963c5ae124ap-515,0x1.ba6c2dc43d40dp-493,6.75786403668200705e-149
10,266,0x1.c43ee0d8db18dp-495,0x1.e3963c5ae124ap-515,0x1.c43eff123ede8p-495,1.72697874219400701e-149
10,267,0x1.ce19d5635cbddp-497,0x1.e3963c5ae124ap-515,0x1.ce1a4e48ebd49p-497,4.41154536290765116e-150
10,268,0x1.d7fb3e1e41df5p-499,0x1.e3963c5ae124ap-515,0x1.d7fd21b47e3a4p-499,1.12648104272247997e-150
10,269,0x1.e1e133b433cfdp-501,0x1.e3963c5ae124ap-515,0x1.e1e8c20d253b6p-501,2.87539447764550692e-151
10,270,0x1.ebc96e94b8bf1p-503,0x1.e3963c5ae124ap-515,0x1.ebe7a7f87e6d3p-503,7.33758880421651898e-152
10,271,0x1.f5b06510dcbb1p-505,0x1.e3963c5ae124ap-515,0x1.f6294a9ff3736p-505,1.87264501982003642e-152
10,272,0x1.ff8e2a9c16683p-507,0x1.e3963c5ae124ap-515,0x1.00b8e06c38a4bp-506,4.78680362518325246e-153
10,273,0x1.04a5c6678f898p-508,0x1.e3963c5ae124ap-515,0x1.086cf2e0454bdp-508,1.23261005068922883e-153
10,274,0x1.094e863751868p-510,0x1.e3963c5ae124ap-515,0x1.186b381a288fbp-510,3.26790491064253068e-154
10,275,0x1.0d446d53af132p-512,0x1.e3963c5ae124ap-515,0x1.49b734df0b37cp-512,9.60598306972403038e-155
10,276,0x1.0ef39bf5d31d2p-514,0x1.e3963c5ae124ap-515,0x1.005f5d11a1d7cp-513,3.73459680184464439e-155
10,277,0x1.0982ce5b66f95p-516,0x1.e3963c5ae124ap-515,0x1.342bd1c44a50bp-514,2.24457576751697022e-155
10,278,0x1.deba179675d79p-519,0x1.e3963c5ae124ap-515,0x1.00c0eeea24411p-514,1.87007438718040695e-155
10,279,0x1.42cbb73100f99p-521,0x1.e3963c5ae124ap-515,0x1.e8a16b37a5289p-515,1.77947904093010954e-155
10,280,0x0p+0,0x1.e3963c5ae124ap-515,0x1.e3963c5ae124ap-515,1.76111111494501521e-155
11,0,0x1.47044c245853ep-3,0x1.1d10bab54df0dp-490,0x1.47044c245853fp-3,1.59676165446436231e-01
11,1,0x1.d13eab5682d52p-5,0x1.1d10bab54df0dp-490,0x1.d13eab5682d53p-5,5.67925783580799579e-02
11,2,0x1.42f1704dff805p-6,0x1.1d10bab54df0dp-490,0x1.42f1704dff806p-6,1.97108837819470959e-02
11,3,0x1.bc6603aeb160ep-8,0x1.1d10bab54df0dp-490,0x1.bc6603aeb160fp-8,6.78098287489127452e-03
11,4,0x1.30ecd6664e681p-9,0x1.1d10bab54df0dp-490,0x1.30ecd6664e682p-9,2.32639424498587520e-03
11,5,0x1.a1a165af1e5b3p-11,0x1.1d10bab54df0dp-490,0x1.a1a165af1e5b4p-11,7.96566882754470938e-04
11,6,0x1.1d2cff0adad4ep-12,0x1.1d10bab54df0dp-490,0x1.1d2cff0adad4fp-12,2.71964804304321415e-04
11,7,0x1.84004322aae7ep-14,0x1.1d10bab54df0dp-490,0x1.84004322aae7fp-14,9.25066529286425746e-05
11,8,0x1.06da97f57e3bbp-15,0x1.1d10bab54df0dp-490,0x1.06da97f57e3bcp-15,3.13346244346710934e-05
11,9,0x1.62a6c43106ef6p-17,0x1.1d10bab54df0dp-490,0x1.62a6c43106ef7p-17,1.05694362862377941e-05
11,10,0x1.dc948759d4eb1p-19,0x1.1d10bab54df0dp-490,0x1.dc948759d4eb2p-19,3.55079911865972552e-06
11,11,0x1.3f002b0309111p-20,0x1.1d10bab54df0dp-490,0x1.3f002b0309112p-20,1.18837005015035970e-06
11,12,0x1.a989b5f8aac8dp-22,0x1.1d10bab54df0dp-490,0x1.a989b5f8aac8ep-22,3.96313083276651913e-07
11,13,0x1.1ae41c69a4311p-23,0x1.1d10bab54df0dp-490,0x1.1ae41c69a4312p-23,1.31731414488894100e-07
11,14,0x1.76f61dabe9abbp-25,0x1.1d10bab54df0dp-490,0x1.76f61dabe9abcp-25,4.36512509188245534e-08
11,15,0x1.ef8dc3e479dfap-27,0x1.1d10bab54df0dp-490,0x1.ef8dc3e479dfbp-27,1.44225129139406533e-08
11,16,0x1.469105eacf581p-28,0x1.1d10bab54df0dp-490,0x1.469105eacf582p-28,4.75216797407059178e-09
11,17,0x1.ad49e1943ee06p-30,0x1.1d10bab54df0dp-490,0x1.ad49e1943ee07p-30,1.56174282279122459e-09
11,18,0x1.1975b3a1d98bep-31,0x1.1d10bab54df0dp-490,0x1.1975b3a1d98bfp-31,5.11972343193049744e-10
11,19,0x1.7032055bd0321p-33,0x1.1d10bab54df0dp-490,0x1.7032055bd0322p-33,1.67435880151261859e-10
11,20,0x1.e08eda77f6df7p-35,0x1.1d10bab54df0dp-490,0x1.e08eda77f6df8p-35,5.46331217568022071e-11
11,21,0x1.38e9f0ec5bb94p-36,0x1.1d10bab54df0dp-490,0x1.38e9f0ec5bb95p-36,1.77870920451498078e-11
11,22,0x1.96a3362b6b796p-38,0x1.1d10bab54df0dp-490,0x1.96a3362b6b797p-38,5.77866707818419096e-12
11,23,0x1.07abeb20dcebfp-39,0x1.1d10bab54df0dp-490,0x1.07abeb20dcecp-39,1.87349909114840119e-12
11,24,0x1.55414306ba506p-41,0x1.1d10bab54df0dp-490,0x1.55414306ba507p-41,6.06190527090210753e-13
11,25,0x1.b8cebba82c3b5p-43,0x1.1d10bab54df0dp-490,0x1.b8cebba82c3b6p-43,1.95757876982864314e-13
11,26,0x1.1c29860d99554p-44,0x1.1d10bab54df0dp-490,0x1.1c29860d99555p-44,6.30966838196068551e-14
11,27,0x1.6db0637a1c293p-46,0x1.1d10bab54df0dp-490,0x1.6db0637a1c294p-46,2.02998183761704879e-14
11,28,0x1.d5c2707fa1ac6p-48,0x1.1d10bab54df0dp-490,0x1.d5c2707fa1ac7p-48,6.51922306543494606e-15
11,29,0x1.2d31955531f9ep-49,0x1.1d10bab54df0dp-490,0x1.2d31955531f9fp-49,2.08995102396193023e-15
11,30,0x1.8191359a22798p-51,0x1.1d10bab54df0dp-490,0x1.8191359a22799p-51,6.68852515305355684e-16
11,31,0x1.ecbf758b66b95p-53,0x1.1d10bab54df0dp-490,0x1.ecbf758b66b96p-53,2.13695331975490037e-16
11,32,0x1.3a581ac2abf2ep-54,0x1.1d10bab54df0dp-490,0x1.3a581ac2abf2fp-54,6.81625238743041990e-17
11,33,0x1.906bbe55a407cp-56,0x1.1d10bab54df0dp-490,0x1.906bbe55a407dp-56,2.17068590220856953e-17
11,34,0x1.fd43822bb8ee8p-58,0x1.1d10bab54df0dp-490,0x1.fd43822bb8ee9p-58,6.90181019159422284e-18
11,35,0x1.4358710b4d303p-59,0x1.1d10bab54df0dp-490,0x1.4358710b4d304p-59,2.19107416480086028e-18
11,36,0x1.99fa9f8ba9795p-61,0x1.1d10bab54df0dp-490,0x1.99fa9f8ba9796p-61,6.94531436235051336e-19
11,37,0x1.03866c5736aa5p-62,0x1.1d10bab54df0dp-490,0x1.03866c5736aa6p-62,2.19826302417634289e-19
11,38,0x1.4816c70560ccdp-64,0x1.1d10bab54df0dp-490,0x1.4816c70560ccep-64,6.94755427198895791e-20
11,39,0x1.9e2bc1a5e7882p-66,0x1.1d10bab54df0dp-490,0x1.9e2bc1a5e7883p-66,2.19260261294504365e-20
11,40,0x1.050cd6e01a5e5p-67,0x1.1d10bab54df0dp-490,0x1.050cd6e01a5e6p-67,6.90994003444557485e-21
11,41,0x1.489ee6d4772e1p-69,0x1.1d10bab54df0dp-490,0x1.489ee6d4772e2p-69,2.17462943948155699e-21
11,42,0x1.9d1dca58b2fcp-71,0x1.1d10bab54df0dp-490,0x1.9d1dca58b2fc1p-71,6.83443702019636079e-22
11,43,0x1.0351e609de7d1p-72,0x1.1d10bab54df0dp-490,0x1.0351e609de7d2p-72,2.14504407261640026e-22
11,44,0x1.4520c98ee9f12p-74,0x1.1d10bab54df0dp-490,0x1.4520c98ee9f13p-74,6.72349101697926162e-23
11,45,0x1.971b05763b57dp-76,0x1.1d10bab54df0dp-490,0x1.971b05763b57ep-76,2.10468637470289473e-23
11,46,0x1.fd19480fe4725p-78,0x1.1d10bab54df0dp-490,0x1.fd19480fe4726p-78,6.57994719839848251e-24
11,47,0x1.3deb7f1ed48bbp-79,0x1.1d10bab54df0dp-490,0x1.3deb7f1ed48bcp-79,2.05450925482537319e-24
11,48,0x1.8c926d37b1ddap-81,0x1.1d10bab54df0dp-490,0x1.8c926d37b1ddbp-81,6.40696586979451981e-25
11,49,0x1.ee131fe8498ddp-83,0x1.1d10bab54df0dp-490,0x1.ee131fe8498dep-83,1.99555184394502798e-25
11,50,0x1.3366f5ad047aep-84,0x1.1d10bab54df0dp-490,0x1.3366f5ad047afp-84,6.20793771226229144e-26
11,51,0x1.7e0f811232706p-86,0x1.1d10bab54df0dp-490,0x1.7e0f811232707p-86,1.92891290719826956e-26
11,52,0x1.da4aa2d76378ep-88,0x1.1d10bab54df0dp-490,0x1.da4aa2d76378fp-88,5.98640094898824561e-27
11,53,0x1.260d2856d1f7fp-89,0x1.1d10bab54df0dp-490,0x1.260d2856d1f8p-89,1.85572520834058047e-27
11,54,0x1.6c319287910a3p-91,0x1.1d10bab54df0dp-490,0x1.6c319287910a4p-91,5.74596252386943305e-28
11,55,0x1.c28e6ca192a17p-93,0x1.1d10bab54df0dp-490,0x1.c28e6ca192a18p-93,1.77713143116324005e-28
11,56,0x1.166332027092ap-94,0x1.1d10bab54df0dp-490,0x1.166332027092bp-94,5.49022502306139459e-29
11,57,0x1.57a31ec68255ap-96,0x1.1d10bab54df0dp-490,0x1.57a31ec68255bp-96,1.69426214666263612e-29
11,58,0x1.a7b7aa4490346p-98,0x1.1d10bab54df0dp-490,0x1.a7b7aa4490347p-98,5.22272069875939636e-30
11,59,0x1.04f2aff02d133p-99,0x1.1d10bab54df0dp-490,0x1.04f2aff02d134p-99,1.60821619695961918e-30
11,60,0x1.4111b4148277cp-101,0x1.1d10bab54df0dp-490,0x1.4111b4148277dp-101,4.94685358410113729e-31
11,61,0x1.8aa03c4731723p-103,0x1.1d10bab54df0dp-490,0x1.8aa03c4731724p-103,1.52004375143582390e-31
11,62,0x1.e48793e26be58p-105,0x1.1d10bab54df0dp-490,0x1.e48793e26be59p-105,4.66585033068091057e-32
11,63,0x1.2926c55154969p-106,0x1.1d10bab54df0dp-490,0x1.2926c5515496ap-106,1.43073218088770389e-32
11,64,0x1.6c1a25b95679ap-108,0x1.1d10bab54df0dp-490,0x1.6c1a25b95679bp-108,4.38272006640587851e-33
11,65,0x1.bdb03c1cebff8p-110,0x1.1d10bab54df0dp-490,0x1.bdb03c1cebff9p-110,1.34119479476668762e-33
11,66,0x1.1081af1813346p-111,0x1.1d10bab54df0dp-490,0x1.1081af1813347p-111,4.10022327000647274e-34
11,67,0x1.4ce89000464f8p-113,0x1.1d10bab54df0dp-490,0x1.4ce89000464f9p-113,1.25226239718721611e-34
11,68,0x1.964d6a01aba9p-115,0x1.1d10bab54df0dp-490,0x1.964d6a01aba91p-115,3.82084939594288191e-35
11,69,0x1.ef662759fb253p-117,0x1.1d10bab54df0dp-490,0x1.ef662759fb254p-117,1.16467754104029185e-35
11,70,0x1.2dba862d53242p-118,0x1.1d10bab54df0dp-490,0x1.2dba862d53243p-118,3.54680276394580463e-36
11,71,0x1.6f321c10bab17p-120,0x1.1d10bab54df0dp-490,0x1.6f321c10bab18p-120,1.07909129722419798e-36
11,72,0x1.be732e7deb9b1p-122,0x1.1d10bab54df0dp-490,0x1.be732e7deb9b2p-122,3.27999605297989456e-37
11,73,0x1.0f276962cb7f7p-123,0x1.1d10bab54df0dp-490,0x1.0f276962cb7f8p-123,9.96062307992319159e-38
11,74,0x1.491279cd33ea1p-125,0x1.1d10bab54df0dp-490,0x1.491279cd33ea2p-125,3.02205060996604796e-38
11,75,0x1.8effdd53192bdp-127,0x1.1d10bab54df0dp-490,0x1.8effdd53192bep-127,9.16057859411442402e-39
11,76,0x1.e35a08fd2df6ep-129,0x1.1d10bab54df0dp-490,0x1.e35a08fd2df6fp-129,2.77430269732345825e-39
11,77,0x1.248209eab27e1p-130,0x1.1d10bab54df0dp-490,0x1.248209eab27e2p-130,8.39456687106352237e-40
11,78,0x1.61b841a4421cep-132,0x1.1d10bab54df0dp-490,0x1.61b841a4421cfp-132,2.53781475704336723e-40
11,79,0x1.ab5e21ad1b1c2p-134,0x1.1d10bab54df0dp-490,0x1.ab5e21ad1b1c3p-134,7.66553220627109020e-41
11,80,0x1.01f3a1e7aa528p-135,0x1.1d10bab54df0dp-490,0x1.01f3a1e7aa529p-135,2.31339075826367022e-41
11,81,0x1.371f9c8e51682p-137,0x1.1d10bab54df0dp-490,0x1.371f9c8e51683p-137,6.97562973421190890e-42
11,82,0x1.76efe0f0021ebp-139,0x1.1d10bab54df0dp-490,0x1.76efe0f0021ecp-139,2.10159471514578946e-42
11,83,0x1.c37580abcebd1p-141,0x1.1d10bab54df0dp-490,0x1.c37580abcebd2p-141,6.32628795860367176e-43
11,84,0x1.0f929781659f4p-142,0x1.1d10bab54df0dp-490,0x1.0f929781659f5p-142,1.90277150684984515e-43
11,85,0x1.4674b7409da1fp-144,0x1.1d10bab54df0dp-490,0x1.4674b7409da2p-144,5.71827726326290810e-44
11,86,0x1.881bfa47d49e9p-146,0x1.1d10bab54df0dp-490,0x1.881bfa47d49eap-146,1.71706919606789008e-44
11,87,0x1.d69567a4222a7p-148,0x1.1d10bab54df0dp-490,0x1.d69567a4222a8p-148,5.15178198278644934e-45
11,88,0x1.1a277c44b1648p-149,0x1.1d10bab54df0dp-490,0x1.1a277c44b1649p-149,1.54446212157272433e-45
11,89,0x1.5214781756bf8p-151,0x1.1d10bab54df0dp-490,0x1.5214781756bf9p-151,4.62647387878699044e-46
11,90,0x1.94c51a36fbc31p-153,0x1.1d10bab54df0dp-490,0x1.94c51a36fbc32p-153,1.38477412859763783e-46
11,91,0x1.e43c13eb81b3fp-155,0x1.1d10bab54df0dp-490,0x1.e43c13eb81b4p-155,4.14158515619785757e-47
11,92,0x1.216ca6ac80fa1p-156,0x1.1d10bab54df0dp-490,0x1.216ca6ac80fa2p-156,1.23770139410166996e-47
11,93,0x1.59b5201e07285p-158,0x1.1d10bab54df0dp-490,0x1.59b5201e07286p-158,3.69597945200145385e-48
11,94,0x1.9c9e8cc2dd55cp-160,0x1.1d10bab54df0dp-490,0x1.9c9e8cc2dd55dp-160,1.10283439821262445e-48
11,95,0x1.ec1b8b41083d8p-162,0x1.1d10bab54df0dp-490,0x1.ec1b8b41083d9p-162,3.28821952434214964e-49
11,96,0x1.253ba92ba6f9p-163,0x1.1d10bab54df0dp-490,0x1.253ba92ba6f91p-163,9.79678685132299272e-50
11,97,0x1.5d32782cfd56dp-165,0x1.1d10bab54df0dp-490,0x1.5d32782cfd56ep-165,2.91663065414132825e-50
11,98,0x1.9f888a5fa0993p-167,0x1.1d10bab54df0dp-490,0x1.9f888a5fa0994p-167,8.67674143945246290e-51
11,99,0x1.ee1b662c445d7p-169,0x1.1d10bab54df0dp-490,0x1.ee1b662c445d8p-169,2.57935903685997800e-51
11,100,0x1.258dea4529d53p-170,0x1.1d10bab54df0dp-490,0x1.258dea4529d54p-170,7.66212620137837081e-52
11,101,0x1.5c8df834ed729p-172,0x1.1d10bab54df0dp-490,0x1.5c8df834ed72ap-172,2.27442468372517576e-52
11,102,0x1.9d8fc1125176ep-174,0x1.1d10bab54df0dp-490,0x1.9d8fc1125176fp-174,6.74653740842975081e-53
11,103,0x1.ea5781e2c28d1p-176,0x1.1d10bab54df0dp-490,0x1.ea5781e2c28d2p-176,1.99976856609923604e-53
11,104,0x1.227b6e45847f7p-177,0x1.1d10bab54df0dp-490,0x1.227b6e45847f8p-177,5.92338900045508210e-54
11,105,0x1.57ecd5a578578p-179,0x1.1d10bab54df0dp-490,0x1.57ecd5a578579p-179,1.75329392185443486e-54
11,106,0x1.96ea7143bbc0ap-181,0x1.1d10bab54df0dp-490,0x1.96ea7143bbc0bp-181,5.18603403843443486e-55
11,107,0x1.e11be92eff5e8p-183,0x1.1d10bab54df0dp-490,0x1.e11be92eff5e9p-183,1.53290179809228744e-55
11,108,0x1.1c3809692591fp-184,0x1.1d10bab54df0dp-490,0x1.1c3809692592p-184,4.52786820379339270e-56
11,109,0x1.4f944279159aep-186,0x1.1d10bab54df0dp-490,0x1.4f944279159afp-186,1.33652103089818021e-56
11,110,0x1.8bf37ef023533p-188,0x1.1d10bab54df0dp-490,0x1.8bf37ef023534p-188,3.94241614564147758e-57
11,111,0x1.d2de715986b5ep-190,0x1.1d10bab54df0dp-490,0x1.d2de715986b5fp-190,1.16213296149729328e-57
11,112,0x1.130f4a2b1625p-191,0x1.1d10bab54df0dp-490,0x1.130f4a2b16251p-191,3.42340174783011043e-58
11,113,0x1.43e4417323c42p-193,0x1.1d10bab54df0dp-490,0x1.43e4417323c43p-193,1.00779126127886076e-58
11,114,0x1.7d23f4c2a63ecp-195,0x1.1d10bab54df0dp-490,0x1.7d23f4c2a63edp-195,2.96480358139986049e-59
11,115,0x1.c036a68126d7ep-197,0x1.1d10bab54df0dp-490,0x1.c036a68126d7fp-197,8.71637288223269787e-60
11,116,0x1.075f7b2f4da91p-198,0x1.1d10bab54df0dp-490,0x1.075f7b2f4da92p-198,2.56089693319901317e-60
11,117,0x1.355183f92efaep-200,0x1.1d10bab54df0dp-490,0x1.355183f92efafp-200,7.51911427112462380e-61
11,118,0x1.6b0b86287f6e7p-202,0x1.1d10bab54df0dp-490,0x1.6b0b86287f6e8p-202,2.20628386731792556e-61
11,119,0x1.a9d4b13ef2aedp-204,0x1.1d10bab54df0dp-490,0x1.a9d4b13ef2aeep-204,6.46960878447650822e-62
11,120,0x1.f32844f6003eap-206,0x1.1d10bab54df0dp-490,0x1.f32844f6003ebp-206,1.89591279176194381e-62
11,121,0x1.245ecaa30145ep-207,0x1.1d10bab54df0dp-490,0x1.245ecaa30145fp-207,5.55244359151167130e-63
11,122,0x1.56489fd3eda1cp-209,0x1.1d10bab54df0dp-490,0x1.56489fd3eda1dp-209,1.62508897753653079e-63
11,123,0x1.9077dead529dep-211,0x1.1d10bab54df0dp-490,0x1.9077dead529dfp-211,4.75334164686563749e-64
11,124,0x1.d440c2415fa78p-213,0x1.1d10bab54df0dp-490,0x1.d440c2415fa79p-213,1.38947741961876920e-64
11,125,0x1.11963c341c066p-214,0x1.1d10bab54df0dp-490,0x1.11963c341c067p-214,4.05916019806763832e-65
11,126,0x1.3f808d07248e6p-216,0x1.1d10bab54df0dp-490,0x1.3f808d07248e7p-216,1.18509934704099148e-65
11,127,0x1.74e5660b95795p-218,0x1.1d10bab54df0dp-490,0x1.74e5660b95796p-218,3.45787116106662263e-66
11,128,0x1.b2f31931b90cap-220,0x1.1d10bab54df0dp-490,0x1.b2f31931b90cbp-220,1.00832358960441659e-66
11,129,0x1.fb063210cca0fp-222,0x1.1d10bab54df0dp-490,0x1.fb063210cca1p-222,2.93852701020544864e-67
11,130,0x1.275825b952cfap-223,0x1.1d10bab54df0dp-490,0x1.275825b952cfbp-223,8.55853897785380143e-68
11,131,0x1.57dfef48f0367p-225,0x1.1d10bab54df0dp-490,0x1.57dfef48f0368p-225,2.49121546685033728e-68
11,132,0x1.902497304f16cp-227,0x1.1d10bab54df0dp-490,0x1.902497304f16dp-227,7.24713195491926869e-69
11,133,0x1.d1583adbe23d2p-229,0x1.1d10bab54df0dp-490,0x1.d1583adbe23d3p-229,2.10700589719337773e-69
11,134,0x1.0e6d611af8082p-230,0x1.1d10bab54df0dp-490,0x1.0e6d611af8083p-230,6.12225626882831472e-70
11,135,0x1.3a203f41c2adp-232,0x1.1d10bab54df0dp-490,0x1.3a203f41c2ad1p-232,1.77788995711827622e-70
11,136,0x1.6cacdad899939p-234,0x1.1d10bab54df0dp-490,0x1.6cacdad89993ap-234,5.15997142022189496e-71
11,137,0x1.a71d9ce9046b8p-236,0x1.1d10bab54df0dp-490,0x1.a71d9ce9046b9p-236,1.49671866040608806e-71
11,138,0x1.eaa41856246b5p-238,0x1.1d10bab54df0dp-490,0x1.eaa41856246b6p-238,4.33895254474597826e-72
11,139,0x1.1c4f4cf281acep-239,0x1.1d10bab54df0dp-490,0x1.1c4f4cf281acfp-239,1.25713770352975753e-72
11,140,0x1.494f3dabde6eep-241,0x1.1d10bab54df0dp-490,0x1.494f3dabde6efp-241,3.64028499092806218e-73
11,141,0x1.7d37a9a9963ffp-243,0x1.1d10bab54df0dp-490,0x1.7d37a9a9964p-243,1.05352256128575607e-73
11,142,0x1.b90f8f83fba79p-245,0x1.1d10bab54df0dp-490,0x1.b90f8f83fba7ap-245,3.04726021633261732e-74
11,143,0x1.fe03c31eee48ap-247,0x1.1d10bab54df0dp-490,0x1.fe03c31eee48bp-247,8.80914576145542818e-75
11,144,0x1.26b6179db6685p-248,0x1.1d10bab54df0dp-490,0x1.26b6179db6686p-248,2.54517644334524601e-75
11,145,0x1.5468e59cf1c31p-250,0x1.1d10bab54df0dp-490,0x1.5468e59cf1c32p-250,7.34959002509314023e-76
11,146,0x1.88faae20ffd6cp-252,0x1.1d10bab54df0dp-490,0x1.88faae20ffd6dp-252,2.12114673638671861e-76
11,147,0x1.c56b8df14de07p-254,0x1.1d10bab54df0dp-490,0x1.c56b8df14de08p-254,6.11845735760961035e-77
11,148,0x1.056fd85c32d0fp-255,0x1.1d10bab54df0dp-490,0x1.056fd85c32d1p-255,1.76391647889315775e-77
11,149,0x1.2d521bc077aeep-257,0x1.1d10bab54df0dp-490,0x1.2d521bc077aefp-257,5.08253254861191042e-78
11,150,0x1.5b1a61b70d14dp-259,0x1.1d10bab54df0dp-490,0x1.5b1a61b70d14ep-259,1.46369163873450343e-78
11,151,0x1.8fa0dcac6da02p-261,0x1.1d10bab54df0dp-490,0x1.8fa0dcac6da03p-261,4.21296135086960866e-79
11,152,0x1.cbdbaabc8d2dbp-263,0x1.1d10bab54df0dp-490,0x1.cbdbaabc8d2dcp-263,1.21197871042955178e-79
11,153,0x1.08716a423af8cp-264,0x1.1d10bab54df0dp-490,0x1.08716a423af8dp-264,3.48476342746877911e-80
11,154,0x1.2ffa67ba1bf54p-266,0x1.1d10bab54df0dp-490,0x1.2ffa67ba1bf55p-266,1.00143680550721805e-80
11,155,0x1.5d3dc9eeeb15p-268,0x1.1d10bab54df0dp-490,0x1.5d3dc9eeeb151p-268,2.87638404180848876e-81
11,156,0x1.91092c74a1b14p-270,0x1.1d10bab54df0dp-490,0x1.91092c74a1b15p-270,8.25742021593880647e-82
11,157,0x1.cc46055c27b15p-272,0x1.1d10bab54df0dp-490,0x1.cc46055c27b16p-272,2.36928444743600039e-82
11,158,0x1.07fea45963a5fp-273,0x1.1d10bab54df0dp-490,0x1.07fea45963a6p-273,6.79463948606703411e-83
11,159,0x1.2eadc08b52f6ap-275,0x1.1d10bab54df0dp-490,0x1.2eadc08b52f6bp-275,1.94757017300488746e-83
11,160,0x1.5adab5bfaadd6p-277,0x1.1d10bab54df0dp-490,0x1.5adab5bfaadd7p-277,5.57953958908587929e-84
11,161,0x1.8d4692fd4c9c3p-279,0x1.1d10bab54df0dp-490,0x1.8d4692fd4c9c4p-279,1.59765581535654001e-84
11,162,0x1.c6cc017626294p-281,0x1.1d10bab54df0dp-490,0x1.c6cc017626295p-281,4.57244769603200972e-85
11,163,0x1.04314518760fep-282,0x1.1d10bab54df0dp-490,0x1.04314518760ffp-282,1.30796452646569455e-85
11,164,0x1.29912150b7e52p-284,0x1.1d10bab54df0dp-490,0x1.29912150b7e53p-284,3.73960651765168793e-86
11,165,0x1.5423f627ebb8bp-286,0x1.1d10bab54df0dp-490,0x1.5423f627ebb8cp-286,1.06866008453285171e-86
11,166,0x1.849cca862fedp-288,0x1.1d10bab54df0dp-490,0x1.849cca862fed1p-288,3.05237586209236862e-87
11,167,0x1.bbc5e3580b57p-290,0x1.1d10bab54df0dp-490,0x1.bbc5e3580b571p-290,8.71409254227324810e-88
11,168,0x1.fa83ab8b7b519p-292,0x1.1d10bab54df0dp-490,0x1.fa83ab8b7b51ap-292,2.48652621849186662e-88
11,169,0x1.20ebfab6476a1p-293,0x1.1d10bab54df0dp-490,0x1.20ebfab6476a2p-293,7.09172046219415503e-89
11,170,0x1.4972cfd5016b8p-295,0x1.1d10bab54df0dp-490,0x1.4972cfd5016b9p-295,2.02161674850655485e-89
11,171,0x1.777a54b5ac15fp-297,0x1.1d10bab54df0dp-490,0x1.777a54b5ac16p-297,5.76017463960118729e-90
11,172,0x1.abbb6110807f6p-299,0x1.1d10bab54df0dp-490,0x1.abbb6110807f7p-299,1.64045009362469426e-90
11,173,0x1.e706318bc2929p-301,0x1.1d10bab54df0dp-490,0x1.e706318bc292ap-301,4.66962360509141673e-91
11,174,0x1.1522a096c4f1ap-302,0x1.1d10bab54df0dp-490,0x1.1522a096c4f1bp-302,1.32859658991271344e-91
11,175,0x1.3b403c095c1dbp-304,0x1.1d10bab54df0dp-490,0x1.3b403c095c1dcp-304,3.77831106465610210e-92
11,176,0x1.66705c7a17c46p-306,0x1.1d10bab54df0dp-490,0x1.66705c7a17c47p-306,1.07398078376476803e-92
11,177,0x1.9759ec03b4daap-308,0x1.1d10bab54df0dp-490,0x1.9759ec03b4dabp-308,3.05133880080515043e-93
11,178,0x1.ceb88372f5bdfp-310,0x1.1d10bab54df0dp-490,0x1.ceb88372f5bep-310,8.66523528414610326e-94
11,179,0x1.06af7098887f6p-311,0x1.1d10bab54df0dp-490,0x1.06af7098887f7p-311,2.45961522620204157e-94
11,180,0x1.2a1cd422b2f0ep-313,0x1.1d10bab54df0dp-490,0x1.2a1cd422b2f0fp-313,6.97833383157622487e-95
11,181,0x1.522937a6c3c4p-315,0x1.1d10bab54df0dp-490,0x1.522937a6c3c41p-315,1.97895047896179604e-95
11,182,0x1.7f69940e01001p-317,0x1.1d10bab54df0dp-490,0x1.7f69940e01002p-317,5.60941512251756656e-96
11,183,0x1.b284f4ca11339p-319,0x1.1d10bab54df0dp-490,0x1.b284f4ca1133ap-319,1.58928047988382835e-96
11,184,0x1.ec36932ab4b6ep-321,0x1.1d10bab54df0dp-490,0x1.ec36932ab4b6fp-321,4.50074769673507452e-97
11,185,0x1.16a816f78d5e4p-322,0x1.1d10bab54df0dp-490,0x1.16a816f78d5e5p-322,1.27400392324142857e-97
11,186,0x1.3b5e51bf3713p-324,0x1.1d10bab54df0dp-490,0x1.3b5e51bf37131p-324,3.60462144652518783e-98
11,187,0x1.64c16aecd2bfp-326,0x1.1d10bab54df0dp-490,0x1.64c16aecd2bf1p-326,1.01941770368140247e-98
11,188,0x1.936470077bdbdp-328,0x1.1d10bab54df0dp-490,0x1.936470077bdbep-328,2.88170219996201324e-99
11,189,0x1.c7ebd2df83eb1p-330,0x1.1d10bab54df0dp-490,0x1.c7ebd2df83eb2p-330,8.14237761710186605e-100
11,190,0x1.0187b1879a0eep-331,0x1.1d10bab54df0dp-490,0x1.0187b1879a0efp-331,2.29963752376311060e-100
11,191,0x1.22ce3f334cc82p-333,0x1.1d10bab54df0dp-490,0x1.22ce3f334cc83p-333,6.49193737092249291e-101
11,192,0x1.483c3ef8fba28p-335,0x1.1d10bab54df0dp-490,0x1.483c3ef8fba29p-335,1.83187915180852368e-101
11,193,0x1.7251b2ecadf49p-337,0x1.1d10bab54df0dp-490,0x1.7251b2ecadf4ap-337,5.16687138281846103e-102
11,194,0x1.a19d6f79f98a6p-339,0x1.1d10bab54df0dp-490,0x1.a19d6f79f98a7p-339,1.45669146459221247e-102
11,195,0x1.d6bec0ca0e49cp-341,0x1.1d10bab54df0dp-490,0x1.d6bec0ca0e49dp-341,4.10503957533674699e-103
11,196,0x1.09339e72d6ba5p-342,0x1.1d10bab54df0dp-490,0x1.09339e72d6ba6p-342,1.15631914767523320e-103
11,197,0x1.2aae638c0661cp-344,0x1.1d10bab54df0dp-490,0x1.2aae638c0661dp-344,3.25573781017213379e-104
11,198,0x1.503de4c324616p-346,0x1.1d10bab54df0dp-490,0x1.503de4c324617p-346,9.16290535181257344e-105
11,199,0x1.7a5cd533ce05cp-348,0x1.1d10bab54df0dp-490,0x1.7a5cd533ce05dp-348,2.57768460140413649e-105
11,200,0x1.a993c166f559cp-350,0x1.1d10bab54df0dp-490,0x1.a993c166f559dp-350,7.24836199189446824e-106
11,201,0x1.de7a8ebe9983ap-352,0x1.1d10bab54df0dp-490,0x1.de7a8ebe9983bp-352,2.03734326180940350e-106
11,202,0x1.0cdd113b05f8p-353,0x1.1d10bab54df0dp-490,0x1.0cdd113b05f81p-353,5.72405086753689216e-107
11,203,0x1.2e071a0c4118ap-355,0x1.1d10bab54df0dp-490,0x1.2e071a0c4118bp-355,1.60752749079498675e-107
11,204,0x1.5323a7d5df1d7p-357,0x1.1d10bab54df0dp-490,0x1.5323a7d5df1d8p-357,4.51262947874355002e-108
11,205,0x1.7ca686184cd74p-359,0x1.1d10bab54df0dp-490,0x1.7ca686184cd75p-359,1.26624568153107083e-108
11,206,0x1.ab103dc3f3a7p-361,0x1.1d10bab54df0dp-490,0x1.ab103dc3f3a71p-361,3.55159958428686135e-109
11,207,0x1.deef6ca0087d3p-363,0x1.1d10bab54df0dp-490,0x1.deef6ca0087d4p-363,9.95745637566091783e-110
11,208,0x1.0c711f93f6bb1p-364,0x1.1d10bab54df0dp-490,0x1.0c711f93f6bb2p-364,2.79056342497755152e-110
11,209,0x1.2ccc081363469p-366,0x1.1d10bab54df0dp-490,0x1.2ccc08136346ap-366,7.81727013208587620e-111
11,210,0x1.50e998d213b39p-368,0x1.1d10bab54df0dp-490,0x1.50e998d213b3ap-368,2.18896460565026689e-111
11,211,0x1.7935718327b1p-370,0x1.1d10bab54df0dp-490,0x1.7935718327b11p-370,6.12693697157186208e-112
11,212,0x1.a626bc536230bp-372,0x1.1d10bab54df0dp-490,0x1.a626bc536230cp-372,1.71423275868027408e-112
11,213,0x1.d8415cbae157bp-374,0x1.1d10bab54df0dp-490,0x1.d8415cbae157cp-374,4.79422615024854838e-113
11,214,0x1.080b9dec1eacdp-375,0x1.1d10bab54df0dp-490,0x1.080b9dec1eacep-375,1.34026362585508588e-113
11,215,0x1.2724da8782cb1p-377,0x1.1d10bab54df0dp-490,0x1.2724da8782cb2p-377,3.74529101414261038e-114
11,216,0x1.49c592f00cae5p-379,0x1.1d10bab54df0dp-490,0x1.49c592f00cae6p-379,1.04617697541072965e-114
11,217,0x1.70505219df6acp-381,0x1.1d10bab54df0dp-490,0x1.70505219df6adp-381,2.92112150748605592e-115
11,218,0x1.9b31ef4a0043ep-383,0x1.1d10bab54df0dp-490,0x1.9b31ef4a0043fp-383,8.15304015434042844e-116
11,219,0x1.cae295110e2ddp-385,0x1.1d10bab54df0dp-490,0x1.cae295110e2dep-385,2.27465558791171368e-116
11,220,0x1.ffe6e1320ddb1p-387,0x1.1d10bab54df0dp-490,0x1.ffe6e1320ddb2p-387,6.34363858345416094e-117
11,221,0x1.1d688fd81c01p-388,0x1.1d10bab54df0dp-490,0x1.1d688fd81c011p-388,1.76843269776452632e-117
11,222,0x1.3e2151b748c2p-390,0x1.1d10bab54df0dp-490,0x1.3e2151b748c21p-390,4.92795303562480913e-118
11,223,0x1.62769f7fd1d28p-392,0x1.1d10bab54df0dp-490,0x1.62769f7fd1d29p-392,1.37269198567534626e-118
11,224,0x1.8aca703d9a89ap-394,0x1.1d10bab54df0dp-490,0x1.8aca703d9a89bp-394,3.82215890981787026e-119
11,225,0x1.b788a9b5d6f02p-396,0x1.1d10bab54df0dp-490,0x1.b788a9b5d6f03p-396,1.06383449589769779e-119
11,226,0x1.e9281612938bap-398,0x1.1d10bab54df0dp-490,0x1.e9281612938bbp-398,2.95984975490512084e-120
11,227,0x1.1015b807566d5p-399,0x1.1d10bab54df0dp-490,0x1.1015b807566d6p-399,8.23182460034256985e-121
11,228,0x1.2e9143c981587p-401,0x1.1d10bab54df0dp-490,0x1.2e9143c981588p-401,2.28851606281706777e-121
11,229,0x1.5055c06ed6942p-403,0x1.1d10bab54df0dp-490,0x1.5055c06ed6943p-403,6.35980505855415891e-122
11,230,0x1.75ba183b726fp-405,0x1.1d10bab54df0dp-490,0x1.75ba183b726f1p-405,1.76671374048982883e-122
11,231,0x1.9f1dcb32b49f7p-407,0x1.1d10bab54df0dp-490,0x1.9f1dcb32b49f8p-407,4.90593366670295665e-123
11,232,0x1.cce9bda2d17b5p-409,0x1.1d10bab54df0dp-490,0x1.cce9bda2d17b6p-409,1.36179210690236400e-123
11,233,0x1.ff91190de5cbbp-411,0x1.1d10bab54df0dp-490,0x1.ff91190de5cbcp-411,3.77862817618706891e-124
11,234,0x1.1bc9207c9028ep-412,0x1.1d10bab54df0dp-490,0x1.1bc9207c9028fp-412,1.04807474261688049e-124
11,235,0x1.3abbeea486202p-414,0x1.1d10bab54df0dp-490,0x1.3abbeea486203p-414,2.90593330928603296e-125
11,236,0x1.5cecfdf953ab3p-416,0x1.1d10bab54df0dp-490,0x1.5cecfdf953ab4p-416,8.05405998008713167e-126
11,237,0x1.82afa5f5ef455p-418,0x1.1d10bab54df0dp-490,0x1.82afa5f5ef456p-418,2.23141545884949479e-126
11,238,0x1.ac5f39b5b5e2p-420,0x1.1d10bab54df0dp-490,0x1.ac5f39b5b5e21p-420,6.17992074916226296e-127
11,239,0x1.da5fc1d8047b6p-422,0x1.1d10bab54df0dp-490,0x1.da5fc1d8047b7p-422,1.71089276367034074e-127
11,240,0x1.068f632c6a38bp-423,0x1.1d10bab54df0dp-490,0x1.068f632c6a38cp-423,4.73478877729625019e-128
11,241,0x1.228a14d343a14p-425,0x1.1d10bab54df0dp-490,0x1.228a14d343a15p-425,1.30983588166023290e-128
11,242,0x1.41618b2ab8ad7p-427,0x1.1d10bab54df0dp-490,0x1.41618b2ab8ad8p-427,3.62219748048166844e-129
11,243,0x1.635d8075dc3e9p-429,0x1.1d10bab54df0dp-490,0x1.635d8075dc3eap-429,1.00130605326864013e-129
11,244,0x1.88cc5fadf152p-431,0x1.1d10bab54df0dp-490,0x1.88cc5fadf1521p-431,2.76695146768233659e-130
11,245,0x1.b203dbf107582p-433,0x1.1d10bab54df0dp-490,0x1.b203dbf107583p-433,7.64322644299343367e-131
11,246,0x1.df61948bb1737p-435,0x1.1d10bab54df0dp-490,0x1.df61948bb1738p-435,2.11053663203416258e-131
11,247,0x1.08a5e34c38236p-436,0x1.1d10bab54df0dp-490,0x1.08a5e34c38237p-436,5.82573251956802499e-132
11,248,0x1.241906a0a7749p-438,0x1.1d10bab54df0dp-490,0x1.241906a0a774bp-438,1.60749694596442328e-132
11,249,0x1.424718e1a2bcep-440,0x1.1d10bab54df0dp-490,0x1.424718e1a2bd3p-440,4.43396468346122616e-133
11,250,0x1.637286339cd2fp-442,0x1.1d10bab54df0dp-490,0x1.637286339cd41p-442,1.22257988042174159e-133
11,251,0x1.87e3bbdd05275p-444,0x1.1d10bab54df0dp-490,0x1.87e3bbdd052bdp-444,3.36981207297028623e-134
11,252,0x1.afe9abb1ff342p-446,0x1.1d10bab54df0dp-490,0x1.afe9abb1ff46p-446,9.28491686143481540e-135
11,253,0x1.dbda5a0c258fp-448,0x1.1d10bab54df0dp-490,0x1.dbda5a0c25d65p-448,2.55737685834424114e-135
11,254,0x1.0609bb8bd06p-449,0x1.1d10bab54df0dp-490,0x1.0609bb8bd0ee9p-449,7.04135576097430627e-136
11,255,0x1.207d822649a1dp-451,0x1.1d10bab54df0dp-490,0x1.207d82264bdcp-451,1.93804187312203635e-136
11,256,0x1.3d80037d3615cp-453,0x1.1d10bab54df0dp-490,0x1.3d80037d3efe5p-453,5.33231505455780299e-137
11,257,0x1.5d4da46d0f39fp-455,0x1.1d10bab54df0dp-490,0x1.5d4da46d32dc1p-455,1.46661014220636824e-137
11,258,0x1.802813d64bde9p-457,0x1.1d10bab54df0dp-490,0x1.802813d6da66fp-457,4.03236894860120253e-138
11,259,0x1.a656ba7e0dea9p-459,0x1.1d10bab54df0dp-490,0x1.a656ba80480c1p-459,1.10828891464919822e-138
11,260,0x1.d0273394b255fp-461,0x1.1d10bab54df0dp-490,0x1.d027339d9adbdp-461,3.04504221806288803e-139
11,261,0x1.fdedce802ee78p-463,0x1.1d10bab54df0dp-490,0x1.fdedcea3d0feep-463,8.36337745228877672e-140
11,262,0x1.18030d48ca042p-464,0x1.1d10bab54df0dp-490,0x1.18030d900e32dp-464,2.29624685729752190e-140
11,263,0x1.3369beaa5aa19p-466,0x1.1d10bab54df0dp-490,0x1.3369bfc76b5c5p-466,6.30237732701775457e-141
11,264,0x1.5160ea1440595p-468,0x1.1d10bab54df0dp-490,0x1.5160ee8883443p-468,1.72917778246779536e-141
11,265,0x1.722310d7173bp-470,0x1.1d10bab54df0dp-490,0x1.722322a822e66p-470,4.74269136805484059e-142
11,266,0x1.95efa3829dd49p-472,0x1.1d10bab54df0dp-490,0x1.95efeac6cc81fp-472,1.30035193294119031e-142
11,267,0x1.bd0b633bcdaf3p-474,0x1.1d10bab54df0dp-490,0x1.bd0c804c88648p-474,3.56409897781213250e-143
11,268,0x1.e7c0c24bb1a59p-476,0x1.1d10bab54df0dp-490,0x1.e7c5368e9c7adp-476,9.76556799544939152e-144
11,269,0x1.0b301756e8b46p-477,0x1.1d10bab54df0dp-490,0x1.0b38ffdcbe5edp-477,2.67500979260392994e-144
11,270,0x1.249ffc72c4d93p-479,0x1.1d10bab54df0dp-490,0x1.24c39e8a1b82fp-479,7.32672664133024386e-145
11,271,0x1.405d60a1b8d65p-481,0x1.1d10bab54df0dp-490,0x1.40ebe8ff137d5p-481,2.00784861895735038e-145
11,272,0x1.5e944e87613d5p-483,0x1.1d10bab54df0dp-490,0x1.60ce6ffccbd94p-483,5.51834157727752559e-146
11,273,0x1.7f62f0c4826b9p-485,0x1.1d10bab54df0dp-490,0x1.884b769a2cdb2p-485,1.53399754749362777e-146
11,274,0x1.a2adf939b180ep-487,0x1.1d10bab54df0dp-490,0x1.c65010905b3fp-487,4.44126895603877819e-147
11,275,0x1.c79013b87c159p-489,0x1.1d10bab54df0dp-490,0x1.2b0c38899187p-488,1.46171489327567715e-147
11,276,0x1.ea91c741d3c8fp-491,0x1.1d10bab54df0dp-490,0x1.092ccf2b1beabp-489,6.48074288474280392e-148
11,277,0x1.003a2382d3b1ap-492,0x1.1d10bab54df0dp-490,0x1.5d1f439602dd4p-490,4.26618350022843027e-148
11,278,0x1.e90d0e15679b9p-495,0x1.1d10bab54df0dp-490,0x1.2c592325f92dbp-490,3.67017846078618521e-148
11,279,0x1.59790d8de626ap-497,0x1.1d10bab54df0dp-490,0x1.1fc3acd069bd2p-490,3.51640717719361497e-148
11,280,0x0p+0,0x1.1d10bab54df0dp-490,0x1.1d10bab54df0dp-490,3.48342600181857502e-148
12,0,0x1.5703ef39d9e3ep-3,0x1.726e78b8a92dfp-469,0x1.5703ef39d9e3fp-3,1.67487973168350707e-01
12,1,0x1.f3cb4f5e170b5p-5,0x1.726e78b8a92dfp-469,0x1.f3cb4f5e170b6p-5,6.10100317141770016e-02
12,2,0x1.6518318f5c1eep-6,0x1.726e78b8a92dfp-469,0x1.6518318f5c1efp-6,2.17953189834946791e-02
12,3,0x1.fba957329c3bbp-8,0x1.726e78b8a92dfp-469,0x1.fba957329c3bcp-8,7.74629954195032653e-03
12,4,0x1.68b41a209736cp-9,0x1.726e78b8a92dfp-469,0x1.68b41a209736dp-9,2.75194949089867811e-03
12,5,0x1.0024dcdd88e68p-10,0x1.726e78b8a92dfp-469,0x1.0024dcdd88e69p-10,9.77111797859553941e-04
12,6,0x1.6b12a3b466c1p-12,0x1.726e78b8a92dfp-469,0x1.6b12a3b466c11p-12,3.46253214297654688e-04
12,7,0x1.0086c27f4c8c3p-13,0x1.726e78b8a92dfp-469,0x1.0086c27f4c8c4p-13,1.22321322103829717e-04
12,8,0x1.692df747ab7bcp-15,0x1.726e78b8a92dfp-469,0x1.692df747ab7bdp-15,4.30559580853885250e-05
12,9,0x1.fa9eeeac6e7b2p-17,0x1.726e78b8a92dfp-469,0x1.fa9eeeac6e7b3p-17,1.50984772851919886e-05
12,10,0x1.620463199e3d4p-18,0x1.726e78b8a92dfp-469,0x1.620463199e3d5p-18,5.27526642601305712e-06
12,11,0x1.ed0c80b6b5f8ep-20,0x1.726e78b8a92dfp-469,0x1.ed0c80b6b5f8fp-20,1.83675005665203223e-06
12,12,0x1.563a1f15c8391p-21,0x1.726e78b8a92dfp-469,0x1.563a1f15c8392p-21,6.37447530069903585e-07
12,13,0x1.d9a4229cea359p-23,0x1.726e78b8a92dfp-469,0x1.d9a4229cea35ap-23,2.20556349098535186e-07
12,14,0x1.46d403eb140b6p-24,0x1.726e78b8a92dfp-469,0x1.46d403eb140b7p-24,7.60956166284451553e-08
12,15,0x1.c1d75ab3282e1p-26,0x1.726e78b8a92dfp-469,0x1.c1d75ab3282e2p-26,2.61842056480004811e-08
12,16,0x1.34cc372348ba5p-27,0x1.726e78b8a92dfp-469,0x1.34cc372348ba6p-27,8.98719638168387808e-09
12,17,0x1.a6f12c5ca5257p-29,0x1.726e78b8a92dfp-469,0x1.a6f12c5ca5258p-29,3.07730867031785043e-09
12,18,0x1.20fb265cd0344p-30,0x1.726e78b8a92dfp-469,0x1.20fb265cd0345p-30,1.05130695052535174e-09
12,19,0x1.8a0adcd0a95ddp-32,0x1.726e78b8a92dfp-469,0x1.8a0adcd0a95dep-32,3.58379504060206838e-10
12,20,0x1.0c16f7fd2141cp-33,0x1.726e78b8a92dfp-469,0x1.0c16f7fd2141dp-33,1.21913090655933426e-10
12,21,0x1.6c0fcdf85a342p-35,0x1.726e78b8a92dfp-469,0x1.6c0fcdf85a343p-35,4.13890275700296046e-11
12,22,0x1.ed6edd2a186ep-37,0x1.726e78b8a92dfp-469,0x1.ed6edd2a186e1p-37,1.40242111172445315e-11
12,23,0x1.4dc330772d832p-38,0x1.726e78b8a92dfp-469,0x1.4dc330772d833p-38,4.74304980394072717e-12
12,24,0x1.c2b34e85b176fp-40,0x1.726e78b8a92dfp-469,0x1.c2b34e85b177p-40,1.60120953617693788e-12
12,25,0x1.2fc4becce1303p-41,0x1.726e78b8a92dfp-469,0x1.2fc4becce1304p-41,5.39601317196236940e-13
12,26,0x1.98c6257b685d6p-43,0x1.726e78b8a92dfp-469,0x1.98c6257b685d7p-43,1.81532126855395321e-13
12,27,0x1.129486914159cp-44,0x1.726e78b8a92dfp-469,0x1.129486914159dp-44,6.09690472187781703e-14
12,28,0x1.7047d8d52d02dp-46,0x1.726e78b8a92dfp-469,0x1.7047d8d52d02ep-46,2.04436829884084199e-14
12,29,0x1.ed2c64619dea8p-48,0x1.726e78b8a92dfp-469,0x1.ed2c64619dea9p-48,6.84415589060245103e-15
12,30,0x1.49b2ef1c1017p-49,0x1.726e78b8a92dfp-469,0x1.49b2ef1c10171p-49,2.28774611076886137e-15
12,31,0x1.b828439a26942p-51,0x1.726e78b8a92dfp-469,0x1.b828439a26943p-51,7.63551169386958480e-16
12,32,0x1.256052414022p-52,0x1.726e78b8a92dfp-469,0x1.2560524140221p-52,2.54463338516684367e-16
12,33,0x1.8684e9b126caap-54,0x1.726e78b8a92dfp-469,0x1.8684e9b126cabp-54,8.46803510248676773e-17
12,34,0x1.038b94d862f7fp-55,0x1.726e78b8a92dfp-469,0x1.038b94d862f8p-55,2.81399513010356606e-17
12,35,0x1.5884131281cc1p-57,0x1.726e78b8a92dfp-469,0x1.5884131281cc2p-57,9.33812261512055828e-18
12,36,0x1.c8ae48815d993p-59,0x1.726e78b8a92dfp-469,0x1.c8ae48815d994p-59,3.09458943011025355e-18
12,37,0x1.2e46d2cfc43d9p-60,0x1.726e78b8a92dfp-469,0x1.2e46d2cfc43dap-60,1.02415314127291769e-18
12,38,0x1.8fa0adb7a7f3fp-62,0x1.726e78b8a92dfp-469,0x1.8fa0adb7a7f4p-62,3.38497786791354916e-19
12,39,0x1.07d32afd84e8dp-63,0x1.726e78b8a92dfp-469,0x1.07d32afd84e8ep-63,1.11734180600800161e-19
12,40,0x1.5be685766410ap-65,0x1.726e78b8a92dfp-469,0x1.5be685766410bp-65,3.68353954778391750e-20
12,41,0x1.ca32931c2d479p-67,0x1.726e78b8a92dfp-469,0x1.ca32931c2d47ap-67,1.21283883536880695e-20
12,42,0x1.2d5c96a5ea5fcp-68,0x1.726e78b8a92dfp-469,0x1.2d5c96a5ea5fdp-68,3.98848854172059252e-21
12,43,0x1.8bf0a7a847fddp-70,0x1.726e78b8a92dfp-469,0x1.8bf0a7a847fdep-70,1.31005575966383099e-21
12,44,0x1.03cab2231a8e8p-71,0x1.726e78b8a92dfp-469,0x1.03cab2231a8e9p-71,4.29789448519865522e-22
12,45,0x1.54856328c02c7p-73,0x1.726e78b8a92dfp-469,0x1.54856328c02c8p-73,1.40836203005241158e-22
12,46,0x1.bdd2caaccc94cp-75,0x1.726e78b8a92dfp-469,0x1.bdd2caaccc94dp-75,4.60970596625541940e-23
12,47,0x1.23839f03af447p-76,0x1.726e78b8a92dfp-469,0x1.23839f03af448p-76,1.50709280703637833e-23
12,48,0x1.7ccdd29f97267p-78,0x1.726e78b8a92dfp-469,0x1.7ccdd29f97268p-78,4.92177628025162173e-24
12,49,0x1.f0e55d475937fp-80,0x1.726e78b8a92dfp-469,0x1.f0e55d475938p-80,1.60555742217345584e-24
12,50,0x1.43d69f82e07cep-81,0x1.726e78b8a92dfp-469,0x1.43d69f82e07cfp-81,5.23189106372669036e-25
12,51,0x1.a5a783641b19ep-83,0x1.726e78b8a92dfp-469,0x1.a5a783641b19fp-83,1.70304835144337068e-25
12,52,0x1.1237eb9fa58c7p-84,0x1.726e78b8a92dfp-469,0x1.1237eb9fa58c8p-84,5.53779727569458481e-26
12,53,0x1.644c8ed90ce1fp-86,0x1.726e78b8a92dfp-469,0x1.644c8ed90ce2p-86,1.79885052677376319e-26
12,54,0x1.ce7926627cb17p-88,0x1.726e78b8a92dfp-469,0x1.ce7926627cb18p-88,5.83723296461668838e-27
12,55,0x1.2bd6cfd28c065p-89,0x1.726e78b8a92dfp-469,0x1.2bd6cfd28c066p-89,1.89225080516621865e-27
12,56,0x1.8467ca856875ep-91,0x1.726e78b8a92dfp-469,0x1.8467ca856875fp-91,6.12795724479917463e-28
12,57,0x1.f6a2af0ce421fp-93,0x1.726e78b8a92dfp-469,0x1.f6a2af0ce422p-93,1.98254741277274220e-28
12,58,0x1.44e9bd1bcfb54p-94,0x1.726e78b8a92dfp-469,0x1.44e9bd1bcfb55p-94,6.40777990718265184e-29
12,59,0x1.a3a7b1eca330fp-96,0x1.726e78b8a92dfp-469,0x1.a3a7b1eca331p-96,2.06905918409615871e-29
12,60,0x1.0ec0e80ef2e53p-97,0x1.726e78b8a92dfp-469,0x1.0ec0e80ef2e54p-97,6.67459010593431261e-30
12,61,0x1.5d0aa0cadd04dp-99,0x1.726e78b8a92dfp-469,0x1.5d0aa0cadd04ep-99,2.15113442398263160e-30
12,62,0x1.c18c498a37aa4p-101,0x1.726e78b8a92dfp-469,0x1.c18c498a37aa5p-101,6.92638359289584146e-31
12,63,0x1.213b4a6ea558cp-102,0x1.726e78b8a92dfp-469,0x1.213b4a6ea558dp-102,2.22815923184342211e-31
12,64,0x1.73d5d85c4bcb7p-104,0x1.726e78b8a92dfp-469,0x1.73d5d85c4bcb8p-104,7.16128801531269561e-32
12,65,0x1.dd99daca6ff0ap-106,0x1.726e78b8a92dfp-469,0x1.dd99daca6ff0bp-106,2.29956514305976791e-32
12,66,0x1.3273f2fdffd56p-107,0x1.726e78b8a92dfp-469,0x1.3273f2fdffd57p-107,7.37758584654021658e-33
12,67,0x1.88ecff4dc9171p-109,0x1.726e78b8a92dfp-469,0x1.88ecff4dc9172p-109,2.36483596116594831e-33
12,68,0x1.f75c6aa0494bcp-111,0x1.726e78b8a92dfp-469,0x1.f75c6aa0494bdp-111,7.57373458250421746e-34
12,69,0x1.4223e5a03607fp-112,0x1.726e78b8a92dfp-469,0x1.4223e5a03608p-112,2.42351367548343859e-34
12,70,0x1.9bf9895fd55b3p-114,0x1.726e78b8a92dfp-469,0x1.9bf9895fd55b4p-114,7.74838390634681062e-35
12,71,0x1.073571fa55f84p-115,0x1.726e78b8a92dfp-469,0x1.073571fa55f85p-115,2.47520338167151289e-35
12,72,0x1.500b9fec55e7fp-117,0x1.726e78b8a92dfp-469,0x1.500b9fec55e8p-117,7.90038959761287495e-36
12,73,0x1.acaf0ff9b4ad1p-119,0x1.726e78b8a92dfp-469,0x1.acaf0ff9b4ad2p-119,2.51957714644120998e-36
12,74,0x1.1134ebe97f7cdp-120,0x1.726e78b8a92dfp-469,0x1.1134ebe97f7cep-120,8.02882403825738351e-37
12,75,0x1.5bf4bae57e505p-122,0x1.726e78b8a92dfp-469,0x1.5bf4bae57e506p-122,2.55637678174552218e-37
12,76,0x1.bacd3dec3c229p-124,0x1.726e78b8a92dfp-469,0x1.bacd3dec3c22ap-124,8.13298324351080932e-38
12,77,0x1.1986dda8e976bp-125,0x1.726e78b8a92dfp-469,0x1.1986dda8e976cp-125,2.58541551744704139e-38
12,78,0x1.65b3368e0cef8p-127,0x1.726e78b8a92dfp-469,0x1.65b3368e0cef9p-127,8.21239041922712326e-39
12,79,0x1.c6214a2935456p-129,0x1.726e78b8a92dfp-469,0x1.c6214a2935457p-129,2.60657858417542158e-39
12,80,0x1.200e49182c7f1p-130,0x1.726e78b8a92dfp-469,0x1.200e49182c7f2p-130,8.26679611697145843e-40
12,81,0x1.6d266624caa2dp-132,0x1.726e78b8a92dfp-469,0x1.6d266624caa2ep-132,2.61982273929386668e-40
12,82,0x1.ce86f7cfd712p-134,0x1.726e78b8a92dfp-469,0x1.ce86f7cfd7121p-134,8.29617512224856848e-41
12,83,0x1.24b77e417f48fp-135,0x1.726e78b8a92dfp-469,0x1.24b77e417f49p-135,2.62517478815592697e-41
12,84,0x1.7239788702597p-137,0x1.726e78b8a92dfp-469,0x1.7239788702598p-137,8.30072026867190471e-42
12,85,0x1.d3e917ceb6d1dp-139,0x1.726e78b8a92dfp-469,0x1.d3e917ceb6d1ep-139,2.62272916979754975e-42
12,86,0x1.277852906de32p-140,0x1.726e78b8a92dfp-469,0x1.277852906de33p-140,8.28083342055833528e-43
12,87,0x1.74e39cc17df7ap-142,0x1.726e78b8a92dfp-469,0x1.74e39cc17df7bp-142,2.61264469061532075e-43
12,88,0x1.d6418dfc3f136p-144,0x1.726e78b8a92dfp-469,0x1.d6418dfc3f137p-144,8.23711390772582568e-44
12,89,0x1.28500ab5a09dbp-145,0x1.726e78b8a92dfp-469,0x1.28500ab5a09dcp-145,2.59514050126033151e-44
12,90,0x1.7527c71017771p-147,0x1.726e78b8a92dfp-469,0x1.7527c71017772p-147,8.17034472877403118e-45
12,91,0x1.d598e0a08ef2ep-149,0x1.726e78b8a92dfp-469,0x1.d598e0a08ef2fp-149,2.57049142084513821e-45
12,92,0x1.2746fc96496ffp-150,0x1.726e78b8a92dfp-469,0x1.2746fc96497p-150,8.08147686271211094e-46
12,93,0x1.73141e371a48fp-152,0x1.726e78b8a92dfp-469,0x1.73141e371a49p-152,2.53902271861793560e-46
12,94,0x1.d2055dc6967a3p-154,0x1.726e78b8a92dfp-469,0x1.d2055dc6967a4p-154,7.97161204357626513e-47
12,95,0x1.246df13619a15p-155,0x1.726e78b8a92dfp-469,0x1.246df13619a16p-155,2.50110446657485163e-47
12,96,0x1.6ec11c1f955bcp-157,0x1.726e78b8a92dfp-469,0x1.6ec11c1f955bdp-157,7.84198435898619590e-48
12,97,0x1.cba9e51f5a2b3p-159,0x1.726e78b8a92dfp-469,0x1.cba9e51f5a2b4p-159,2.45714557719436325e-48
12,98,0x1.1fdd50845b8cap-160,0x1.726e78b8a92dfp-469,0x1.1fdd50845b8cbp-160,7.69394103194363087e-49
12,99,0x1.68506eda2f68ep-162,0x1.726e78b8a92dfp-469,0x1.68506eda2f68fp-162,2.40758763877705730e-49
12,100,0x1.c2b467bbbb3b4p-164,0x1.726e78b8a92dfp-469,0x1.c2b467bbbb3b5p-164,7.52892273625222622e-50
12,101,0x1.19b4224dc3037p-165,0x1.726e78b8a92dfp-469,0x1.19b4224dc3038p-165,2.35289865699392195e-50
12,102,0x1.5feba89a84b0dp-167,0x1.726e78b8a92dfp-469,0x1.5feba89a84b0ep-167,7.34844378053288054e-51
12,103,0x1.b75c305977665p-169,0x1.726e78b8a92dfp-469,0x1.b75c305977666p-169,2.29356680545375864e-51
12,104,0x1.1216f04c762f9p-170,0x1.726e78b8a92dfp-469,0x1.1216f04c762fap-170,7.15407247480745145e-52
12,105,0x1.55c2cde310f73p-172,0x1.726e78b8a92dfp-469,0x1.55c2cde310f74p-172,2.23009428068456866e-52
12,106,0x1.a9e007804c254p-174,0x1.726e78b8a92dfp-469,0x1.a9e007804c255p-174,6.94741196796598130e-53
12,107,0x1.092e956f1d30fp-175,0x1.726e78b8a92dfp-469,0x1.092e956f1d31p-175,2.16299134818892954e-53
12,108,0x1.4a0ad104ef2d7p-177,0x1.726e78b8a92dfp-469,0x1.4a0ad104ef2d8p-177,6.73008181508599317e-54
12,109,0x1.9a84464958b37p-179,0x1.726e78b8a92dfp-469,0x1.9a84464958b38p-179,2.09277065648444382e-54
12,110,0x1.fe4e0c0bbcf0ap-181,0x1.726e78b8a92dfp-469,0x1.fe4e0c0bbcf0bp-181,6.50370050150127394e-55
12,111,0x1.3cfc095d311a2p-182,0x1.726e78b8a92dfp-469,0x1.3cfc095d311a3p-182,2.01994188557939139e-55
12,112,0x1.8990e9835f881p-184,0x1.726e78b8a92dfp-469,0x1.8990e9835f882p-184,6.26986911665943179e-56
12,113,0x1.e85c374b78dc4p-186,0x1.726e78b8a92dfp-469,0x1.e85c374b78dc5p-186,1.94500678545161009e-56
12,114,0x1.2ed0b376f45b4p-187,0x1.726e78b8a92dfp-469,0x1.2ed0b376f45b5p-187,6.03015633605207995e-57
12,115,0x1.774fb51f194acp-189,0x1.726e78b8a92dfp-469,0x1.774fb51f194adp-189,1.86845464906530851e-57
12,116,0x1.d0e4dcafb958p-191,0x1.726e78b8a92dfp-469,0x1.d0e4dcafb9581p-191,5.78608483467621932e-58
12,117,0x1.1fc3858ce1ea3p-192,0x1.726e78b8a92dfp-469,0x1.1fc3858ce1ea4p-192,1.79075825352614919e-58
12,118,0x1.640a758f9a5acp-194,0x1.726e78b8a92dfp-469,0x1.640a758f9a5adp-194,5.53911922133103577e-59
12,119,0x1.b844865908ed7p-196,0x1.726e78b8a92dfp-469,0x1.b844865908ed8p-196,1.71237029236108360e-59
12,120,0x1.100e61eefd941p-197,0x1.726e78b8a92dfp-469,0x1.100e61eefd942p-197,5.29065555022959562e-60
12,121,0x1.50096a3cd8c03p-199,0x1.726e78b8a92dfp-469,0x1.50096a3cd8c04p-199,1.63372031180727008e-60
12,122,0x1.9ed52d45653d6p-201,0x1.726e78b8a92dfp-469,0x1.9ed52d45653d7p-201,5.04201243546995332e-61
12,123,0x1.ffd25d6503317p-203,0x1.726e78b8a92dfp-469,0x1.ffd25d6503318p-203,1.55521215456678538e-61
12,124,0x1.3b91e171292e6p-204,0x1.726e78b8a92dfp-469,0x1.3b91e171292e7p-204,4.79442376531887505e-62
12,125,0x1.84ec8f3afb732p-206,0x1.726e78b8a92dfp-469,0x1.84ec8f3afb733p-206,1.47722190585876547e-62
12,126,0x1.df11afcd5512p-208,0x1.726e78b8a92dfp-469,0x1.df11afcd55121p-208,4.54903298737994840e-63
12,127,0x1.26e50b7229be3p-209,0x1.726e78b8a92dfp-469,0x1.26e50b7229be4p-209,1.40009632887598730e-63
12,128,0x1.6adacbdb20ae5p-211,0x1.726e78b8a92dfp-469,0x1.6adacbdb20ae6p-211,4.30688891280131822e-64
12,129,0x1.be3cfeda0d624p-213,0x1.726e78b8a92dfp-469,0x1.be3cfeda0d625p-213,1.32415176999758648e-64
12,130,0x1.123f07d95456ap-214,0x1.726e78b8a92dfp-469,0x1.123f07d95456bp-214,4.06894296789575482e-65
12,131,0x1.50e94bb3a78bfp-216,0x1.726e78b8a92dfp-469,0x1.50e94bb3a78cp-216,1.24967350836020348e-65
12,132,0x1.9dadb737e3789p-218,0x1.726e78b8a92dfp-469,0x1.9dadb737e378ap-218,3.83604780498010989e-66
12,133,0x1.fbac5bb3d5a3dp-220,0x1.726e78b8a92dfp-469,0x1.fbac5bb3d5a3ep-220,1.17691551966085866e-66
12,134,0x1.3759f13ad005ep-221,0x1.726e78b8a92dfp-469,0x1.3759f13ad005fp-221,3.60895717088706521e-67
12,135,0x1.7db3881ed0cep-223,0x1.726e78b8a92dfp-469,0x1.7db3881ed0ce1p-223,1.10610062034391050e-67
12,136,0x1.d3b51c08f3597p-225,0x1.726e78b8a92dfp-469,0x1.d3b51c08f3598p-225,3.38832692139636903e-68
12,137,0x1.1e66911a9aac9p-226,0x1.726e78b8a92dfp-469,0x1.1e66911a9aacap-226,1.03742095557934118e-68
12,138,0x1.5e93d516ba9b5p-228,0x1.726e78b8a92dfp-469,0x1.5e93d516ba9b6p-228,3.17471706264101133e-69
12,139,0x1.aceb54a1cded7p-230,0x1.726e78b8a92dfp-469,0x1.aceb54a1cded8p-230,9.71038792622098731e-70
12,140,0x1.0640ad1937ab2p-231,0x1.726e78b8a92dfp-469,0x1.0640ad1937ab3p-231,2.96859469618531661e-70
12,141,0x1.40897934c9a16p-233,0x1.726e78b8a92dfp-469,0x1.40897934c9a17p-233,9.07087580186428986e-71
12,142,0x1.8794bf9c21abcp-235,0x1.726e78b8a92dfp-469,0x1.8794bf9c21abdp-235,2.77033774272924421e-71
12,143,0x1.de22d698855dfp-237,0x1.726e78b8a92dfp-469,0x1.de22d698855ep-237,8.45673234301319485e-72
12,144,0x1.23c4d34d592f9p-238,0x1.726e78b8a92dfp-469,0x1.23c4d34d592fap-238,2.58023932000776030e-72
12,145,0x1.63e9f89642fdbp-240,0x1.726e78b8a92dfp-469,0x1.63e9f89642fdcp-240,7.86875611649713137e-73
12,146,0x1.b1f3843749b0ep-242,0x1.726e78b8a92dfp-469,0x1.b1f3843749b0fp-242,2.39851265316025552e-73
12,147,0x1.086c1151442cep-243,0x1.726e78b8a92dfp-469,0x1.086c1151442cfp-243,7.30750132545113032e-74
12,148,0x1.4216f3402df02p-245,0x1.726e78b8a92dfp-469,0x1.4216f3402df03p-245,2.22529640035088537e-74
12,149,0x1.8825a1c3f6263p-247,0x1.726e78b8a92dfp-469,0x1.8825a1c3f6264p-247,6.77329517375836617e-75
12,150,0x1.dd3760a848abfp-249,0x1.726e78b8a92dfp-469,0x1.dd3760a848acp-249,2.06066028244034204e-75
12,151,0x1.223bafc3d89a9p-250,0x1.726e78b8a92dfp-469,0x1.223bafc3d89aap-250,6.26625602454996090e-76
12,152,0x1.60dcb95334f7fp-252,0x1.726e78b8a92dfp-469,0x1.60dcb95334f8p-252,1.90461091275578638e-76
12,153,0x1.acce4cfc613e6p-254,0x1.726e78b8a92dfp-469,0x1.acce4cfc613e7p-254,5.78631203666661216e-77
12,154,0x1.046d1f83d614ep-255,0x1.726e78b8a92dfp-469,0x1.046d1f83d614fp-255,1.75709773119713276e-77
12,155,0x1.3c2ed123e565p-257,0x1.726e78b8a92dfp-469,0x1.3c2ed123e5651p-257,5.33321999007211954e-78
12,156,0x1.7fb358bd595d6p-259,0x1.726e78b8a92dfp-469,0x1.7fb358bd595d7p-259,1.61801895579556773e-78
12,157,0x1.d16c5a2e77c5ap-261,0x1.726e78b8a92dfp-469,0x1.d16c5a2e77c5bp-261,4.90658404006394289e-79
12,158,0x1.1a25c384a0e41p-262,0x1.726e78b8a92dfp-469,0x1.1a25c384a0e42p-262,1.48722747415275443e-79
12,159,0x1.55ee3740351c4p-264,0x1.726e78b8a92dfp-469,0x1.55ee3740351c5p-264,4.50587417000277319e-80
12,160,0x1.9e31b675451a3p-266,0x1.726e78b8a92dfp-469,0x1.9e31b675451a4p-266,1.36453660671703042e-80
12,161,0x1.f5815d9481a64p-268,0x1.726e78b8a92dfp-469,0x1.f5815d9481a65p-268,4.13044414249700413e-81
12,162,0x1.2f79b3e33b49fp-269,0x1.726e78b8a92dfp-469,0x1.2f79b3e33b4ap-269,1.24972568339057312e-81
12,163,0x1.6f1edf1da1443p-271,0x1.726e78b8a92dfp-469,0x1.6f1edf1da1444p-271,3.77954877895255597e-82
12,164,0x1.bbeadfa7f5dadp-273,0x1.726e78b8a92dfp-469,0x1.bbeadfa7f5daep-273,1.14254538433613331e-82
12,165,0x1.0c458ffb09788p-274,0x1.726e78b8a92dfp-469,0x1.0c458ffb09789p-274,3.45236042659392853e-83
12,166,0x1.441b3eab645aap-276,0x1.726e78b8a92dfp-469,0x1.441b3eab645abp-276,1.04272280491192816e-83
12,167,0x1.876436b7e254ap-278,0x1.726e78b8a92dfp-469,0x1.876436b7e254bp-278,3.14798450006430521e-84
12,168,0x1.d870b5a4e4a7ep-280,0x1.726e78b8a92dfp-469,0x1.d870b5a4e4a7fp-280,9.49966213281731152e-85
12,169,0x1.1d036bae0c1d3p-281,0x1.726e78b8a92dfp-469,0x1.1d036bae0c1d4p-281,2.86547401114807206e-85
12,170,0x1.57bcd86b63a7bp-283,0x1.726e78b8a92dfp-469,0x1.57bcd86b63a7cp-283,8.63969477328279238e-86
12,171,0x1.9e627038941fap-285,0x1.726e78b8a92dfp-469,0x1.9e627038941fbp-285,2.60384302476114118e-86
12,172,0x1.f356b66e009d8p-287,0x1.726e78b8a92dfp-469,0x1.f356b66e009d9p-287,7.84416144959467934e-87
12,173,0x1.2cba3d0de6ec8p-288,0x1.726e78b8a92dfp-469,0x1.2cba3d0de6ec9p-288,2.36207900191060139e-87
12,174,0x1.6a13173c51a34p-290,0x1.726e78b8a92dfp-469,0x1.6a13173c51a35p-290,7.10983168689960229e-88
12,175,0x1.b3c0dcb77ec4p-292,0x1.726e78b8a92dfp-469,0x1.b3c0dcb77ec41p-292,2.13915401069581796e-88
12,176,0x1.061a63cb27ep-293,0x1.726e78b8a92dfp-469,0x1.061a63cb27e01p-293,6.43344271466382571e-89
12,177,0x1.3b2d0658f931bp-295,0x1.726e78b8a92dfp-469,0x1.3b2d0658f931cp-295,1.93403480453682090e-89
12,178,0x1.7ad6a5fef3759p-297,0x1.726e78b8a92dfp-469,0x1.7ad6a5fef375ap-297,5.81172956070827370e-90
12,179,0x1.c72c3821a3dcdp-299,0x1.726e78b8a92dfp-469,0x1.c72c3821a3dcep-299,1.74569178263677971e-90
12,180,0x1.1154f470dd17ep-300,0x1.726e78b8a92dfp-469,0x1.1154f470dd17fp-300,5.24145165081449397e-91
12,181,0x1.48236583e5977p-302,0x1.726e78b8a92dfp-469,0x1.48236583e5978p-302,1.57310686125243931e-91
12,182,0x1.89c61d4ae5cd3p-304,0x1.726e78b8a92dfp-469,0x1.89c61d4ae5cd4p-304,4.71941602307694086e-92
12,183,0x1.d858d0868b161p-306,0x1.726e78b8a92dfp-469,0x1.d858d0868b162p-306,1.41528029570687558e-92
12,184,0x1.1b2f5a95486ecp-307,0x1.726e78b8a92dfp-469,0x1.1b2f5a95486edp-307,4.24249729874421014e-93
12,185,0x1.536b07b062e9ap-309,0x1.726e78b8a92dfp-469,0x1.536b07b062e9bp-309,1.27123650234565790e-93
12,186,0x1.96a7b0bfd19f4p-311,0x1.726e78b8a92dfp-469,0x1.96a7b0bfd19f5p-311,3.80765457740564681e-94
12,187,0x1.e70474b7aca5fp-313,0x1.726e78b8a92dfp-469,0x1.e70474b7aca6p-313,1.14002893692050491e-94
12,188,0x1.2383cd2cb137fp-314,0x1.726e78b8a92dfp-469,0x1.2383cd2cb138p-314,3.41194544446217039e-95
12,189,0x1.5cd8ee1de9a34p-316,0x1.726e78b8a92dfp-469,0x1.5cd8ee1de9a35p-316,1.02074409133857255e-95
12,190,0x1.a14aa16989878p-318,0x1.726e78b8a92dfp-469,0x1.a14aa16989879p-318,3.05253729334168121e-96
12,191,0x1.f2f818c01c28bp-320,0x1.726e78b8a92dfp-469,0x1.f2f818c01c28cp-320,9.12504674490093083e-97
12,192,0x1.2a335a49c6b84p-321,0x1.726e78b8a92dfp-469,0x1.2a335a49c6b85p-321,2.72671617441577063e-97
12,193,0x1.644a795a828c1p-323,0x1.726e78b8a92dfp-469,0x1.644a795a828c2p-323,8.14472045137020502e-98
12,194,0x1.a9886897cf9fp-325,0x1.726e78b8a92dfp-469,0x1.a9886897cf9f1p-325,2.43189338755916872e-98
12,195,0x1.fc09221937ccap-327,0x1.726e78b8a92dfp-469,0x1.fc09221937ccbp-327,7.25847965775528840e-99
12,196,0x1.2f269e7c0553dp-328,0x1.726e78b8a92dfp-469,0x1.2f269e7c0553ep-328,2.16561003633741655e-99
12,197,0x1.69a632141695ap-330,0x1.726e78b8a92dfp-469,0x1.69a632141695bp-330,6.45875746153388363e-100
12,198,0x1.af4591bfba5c6p-332,0x1.726e78b8a92dfp-469,0x1.af4591bfba5c7p-332,1.92553975942341951e-100
12,199,0x1.010d28b86036bp-333,0x1.726e78b8a92dfp-469,0x1.010d28b86036cp-333,5.73840843892943073e-101
12,200,0x1.324e408866b0bp-335,0x1.726e78b8a92dfp-469,0x1.324e408866b0cp-335,1.70948984958218070e-101
12,201,0x1.6cdc49d74f763p-337,0x1.726e78b8a92dfp-469,0x1.6cdc49d74f764p-337,5.09070987608295401e-102
12,202,0x1.b2723d87df52bp-339,0x1.726e78b8a92dfp-469,0x1.b2723d87df52cp-339,1.51540096289863925e-102
12,203,0x1.028e220def957p-340,0x1.726e78b8a92dfp-469,0x1.028e220def958p-340,4.50935885161380500e-103
12,204,0x1.33a32ea22a45cp-342,0x1.726e78b8a92dfp-469,0x1.33a32ea22a45dp-342,1.34134561135232647e-103
12,205,0x1.6de6d11e8a95dp-344,0x1.726e78b8a92dfp-469,0x1.6de6d11e8a95ep-344,3.98846576422900622e-104
12,206,0x1.b30a4bcf79e4ep-346,0x1.726e78b8a92dfp-469,0x1.b30a4bcf79e4fp-346,1.18552562077719268e-104
12,207,0x1.0286c5daba2f5p-347,0x1.726e78b8a92dfp-469,0x1.0286c5daba2f6p-347,3.52254486219470067e-105
12,208,0x1.33269ce3c929ap-349,0x1.726e78b8a92dfp-469,0x1.33269ce3c929bp-349,1.04626872410518738e-105
12,209,0x1.6cc9a327879dfp-351,0x1.726e78b8a92dfp-469,0x1.6cc9a327879ep-351,3.10650229179943765e-106
12,210,0x1.b1152e221cd5ep-353,0x1.726e78b8a92dfp-469,0x1.b1152e221cd5fp-353,9.22024446914776016e-107
12,211,0x1.00fd2f552dc75p-354,0x1.726e78b8a92dfp-469,0x1.00fd2f552dc76p-354,2.73562214046182068e-107
12,212,0x1.30e1c748018efp-356,0x1.726e78b8a92dfp-469,0x1.30e1c748018fp-356,8.11359429027332748e-108
12,213,0x1.69920af1a5713p-358,0x1.726e78b8a92dfp-469,0x1.69920af1a5714p-358,2.40555090782144148e-108
12,214,0x1.aca5676f0bd49p-360,0x1.726e78b8a92dfp-469,0x1.aca5676f0bd4ap-360,7.12952312472475945e-109
12,215,0x1.fbfbe866d78b5p-362,0x1.726e78b8a92dfp-469,0x1.fbfbe866d78b6p-362,2.11228079579186478e-109
12,216,0x1.2ce57ba9b0741p-363,0x1.726e78b8a92dfp-469,0x1.2ce57ba9b0742p-363,6.25588312831047414e-110
12,217,0x1.6456276591336p-365,0x1.726e78b8a92dfp-469,0x1.6456276591337p-365,1.85213216685174211e-110
12,218,0x1.a5d7c0dd18a3dp-367,0x1.726e78b8a92dfp-469,0x1.a5d7c0dd18a3ep-367,5.48153577944175569e-111
12,219,0x1.f3374347b5b18p-369,0x1.726e78b8a92dfp-469,0x1.f3374347b5b19p-369,1.62173547935546755e-111
12,220,0x1.27497245511d6p-370,0x1.726e78b8a92dfp-469,0x1.27497245511d7p-370,4.79629425424463101e-112
12,221,0x1.5d3416dd900a5p-372,0x1.726e78b8a92dfp-469,0x1.5d3416dd900a6p-372,1.41801296983290009e-112
12,222,0x1.9cd23e11d6922p-374,0x1.726e78b8a92dfp-469,0x1.9cd23e11d6923p-374,4.19086538437157225e-113
12,223,0x1.e7dc293c8c2d5p-376,0x1.726e78b8a92dfp-469,0x1.e7dc293c8c2d6p-376,1.23816031546106893e-113
12,224,0x1.202b7cc50ed85p-377,0x1.726e78b8a92dfp-469,0x1.202b7cc50ed86p-377,3.65679187944222584e-114
12,225,0x1.5450f3fdf5733p-379,0x1.726e78b8a92dfp-469,0x1.5450f3fdf5734p-379,1.07962847540871735e-114
12,226,0x1.91c2dd268595p-381,0x1.726e78b8a92dfp-469,0x1.91c2dd2685951p-381,3.18639539083628667e-115
12,227,0x1.da236a16ca3d8p-383,0x1.726e78b8a92dfp-469,0x1.da236a16ca3d9p-383,9.40105877748541170e-116
12,228,0x1.17ae94fbde0ep-384,0x1.726e78b8a92dfp-469,0x1.17ae94fbde0e1p-384,2.77272089644694825e-116
12,229,0x1.49d7aefb21e65p-386,0x1.726e78b8a92dfp-469,0x1.49d7aefb21e66p-386,8.17501089224901221e-117
12,230,0x1.84de2fc190dedp-388,0x1.726e78b8a92dfp-469,0x1.84de2fc190deep-388,2.40948279715585232e-117
12,231,0x1.ca4d37c7091dp-390,0x1.726e78b8a92dfp-469,0x1.ca4d37c7091d1p-390,7.09926078395454164e-118
12,232,0x1.0df9d5179d6a9p-391,0x1.726e78b8a92dfp-469,0x1.0df9d5179d6aap-391,2.09101303534298921e-118
12,233,0x1.3df7cf092a176p-393,0x1.726e78b8a92dfp-469,0x1.3df7cf092a177p-393,6.15680158539011005e-119
12,234,0x1.765ddb5e14609p-395,0x1.726e78b8a92dfp-469,0x1.765ddb5e1460ap-395,1.81221147355489415e-119
12,235,0x1.b89f5946a7bd1p-397,0x1.726e78b8a92dfp-469,0x1.b89f5946a7bd2p-397,5.33234675181840554e-120
12,236,0x1.0337633f2815bp-398,0x1.726e78b8a92dfp-469,0x1.0337633f2815cp-398,1.56849870735705598e-120
12,237,0x1.30e427c488bc9p-400,0x1.726e78b8a92dfp-469,0x1.30e427c488bcap-400,4.61218484064337309e-121
12,238,0x1.667f0eb9f1188p-402,0x1.726e78b8a92dfp-469,0x1.667f0eb9f1189p-402,1.35577143003526327e-121
12,239,0x1.a56354a9551adp-404,0x1.726e78b8a92dfp-469,0x1.a56354a9551aep-404,3.98404248728395704e-122
12,240,0x1.ef26b49df4ddap-406,0x1.726e78b8a92dfp-469,0x1.ef26b49df4ddbp-406,1.17036041782493111e-122
12,241,0x1.22d18df57d6b4p-407,0x1.726e78b8a92dfp-469,0x1.22d18df57d6b5p-407,3.43695572526327118e-123
12,242,0x1.5580f9bce4fc4p-409,0x1.726e78b8a92dfp-469,0x1.5580f9bce4fc5p-409,1.00899116225985238e-123
12,243,0x1.90e49fe3f0ec6p-411,0x1.726e78b8a92dfp-469,0x1.90e49fe3f0ec7p-411,2.96114967576468619e-124
12,244,0x1.d67571844a4a1p-413,0x1.726e78b8a92dfp-469,0x1.d67571844a4a2p-413,8.68747140564304667e-125
12,245,0x1.13f596313aad9p-414,0x1.726e78b8a92dfp-469,0x1.13f596313aadap-414,2.54792652866208610e-125
12,246,0x1.43a35404a349ap-416,0x1.726e78b8a92dfp-469,0x1.43a35404a349bp-416,7.47035685240891785e-126
12,247,0x1.7b6ee6565c3p-418,0x1.726e78b8a92dfp-469,0x1.7b6ee6565c303p-418,2.18956165156491863e-126
12,248,0x1.bcb4bbbc82c09p-420,0x1.726e78b8a92dfp-469,0x1.bcb4bbbc82c15p-420,6.41556389601875628e-127
12,249,0x1.048566a1487dp-421,0x1.726e78b8a92dfp-469,0x1.048566a1487e8p-421,1.87920759412577351e-127
12,250,0x1.3124fcb46ea3fp-423,0x1.726e78b8a92dfp-469,0x1.3124fcb46ea9cp-423,5.50271966430901815e-128
12,251,0x1.654c6f33a77fdp-425,0x1.726e78b8a92dfp-469,0x1.654c6f33a797p-425,1.61080570001748165e-128
12,252,0x1.a23c3805fd6b1p-427,0x1.726e78b8a92dfp-469,0x1.a23c3805fdc7bp-427,4.71381461719149840e-129
12,253,0x1.e969477375b68p-429,0x1.726e78b8a92dfp-469,0x1.e96947737728fp-429,1.37900499703874120e-129
12,254,0x1.1e42bc4e4fe95p-430,0x1.726e78b8a92dfp-469,0x1.1e42bc4e52ce3p-430,4.03295714003905420e-130
12,255,0x1.4ec4aea1617ddp-432,0x1.726e78b8a92dfp-469,0x1.4ec4aea16d115p-432,1.17908800516538415e-130
12,256,0x1.875fcb3a18b52p-434,0x1.726e78b8a92dfp-469,0x1.875fcb3a4702fp-434,3.44614941764041726e-131
12,257,0x1.c968fbf4b19b6p-436,0x1.726e78b8a92dfp-469,0x1.c968fbf56ad2ap-436,1.00690308162069712e-131
12,258,0x1.0b362f558faacp-437,0x1.726e78b8a92dfp-469,0x1.0b362f5702194p-437,2.94108336187660905e-132
12,259,0x1.381b08f596425p-439,0x1.726e78b8a92dfp-469,0x1.381b08fb5ffc4p-439,8.58802910111576942e-133
12,260,0x1.6c6e31882ba8cp-441,0x1.726e78b8a92dfp-469,0x1.6c6e319f52905p-441,2.50695534301782256e-133
12,261,0x1.a965ca24f5bf5p-443,0x1.726e78b8a92dfp-469,0x1.a965ca81915d8p-443,7.31588740095844743e-134
12,262,0x1.f069bcac47befp-445,0x1.726e78b8a92dfp-469,0x1.f069be1eb637bp-445,2.13429850674392338e-134
12,263,0x1.218dccd04a876p-446,0x1.726e78b8a92dfp-469,0x1.218dcfb52778ep-446,6.22460021344442599e-135
12,264,0x1.51afd778ab4ccp-448,0x1.726e78b8a92dfp-469,0x1.51afe30c1f129p-448,1.81483185618774588e-135
12,265,0x1.89b3c3807aefp-450,0x1.726e78b8a92dfp-469,0x1.89b3f1ce4a062p-450,5.28969472382757653e-136
12,266,0x1.cadf025b1e92p-452,0x1.726e78b8a92dfp-469,0x1.cadfbb925aee6p-452,1.54132919225187174e-136
12,267,0x1.0b5554dfb77a5p-453,0x1.726e78b8a92dfp-469,0x1.0b56c74e3033p-453,4.48987534339356181e-137
12,268,0x1.3765b5401083ep-455,0x1.726e78b8a92dfp-469,0x1.376b7ef9f3669p-455,1.30755021728475668e-137
12,269,0x1.6a9d3bbb5287ep-457,0x1.726e78b8a92dfp-469,0x1.6ab462a2de128p-457,3.80719495069437380e-138
12,270,0x1.a61f6042087dbp-459,0x1.726e78b8a92dfp-469,0x1.a67bfbe036a8p-459,1.10867080698377106e-138
12,271,0x1.eb39f13a3561cp-461,0x1.726e78b8a92dfp-469,0x1.ecac5fb2ee0afp-461,3.23214690206195471e-139
12,272,0x1.1db1464a64012p-462,0x1.726e78b8a92dfp-469,0x1.2096233bd5538p-462,9.46625090919070097e-140
12,273,0x1.4c0e94ff1a2d5p-464,0x1.726e78b8a92dfp-469,0x1.57a208c4df76cp-464,2.81797309540313760e-140
12,274,0x1.8149667619f53p-466,0x1.726e78b8a92dfp-469,0x1.af97358d2f1afp-466,8.84818294977370293e-141
12,275,0x1.bd109ed18a668p-468,0x1.726e78b8a92dfp-469,0x1.3b23ed96ef7ecp-467,3.23039823611742908e-141
12,276,0x1.fbdd552535ceep-470,0x1.726e78b8a92dfp-469,0x1.382e91a5a20abp-468,1.60003615853203192e-141
12,277,0x1.180ff3754bd99p-471,0x1.726e78b8a92dfp-469,0x1.b8727595fc246p-469,1.12871898455379563e-141
12,278,0x1.186f4e42de7eap-473,0x1.726e78b8a92dfp-469,0x1.83f56d9cd715ep-469,9.94208720025552608e-142
12,279,0x1.9c1462eb8c36bp-476,0x1.726e78b8a92dfp-469,0x1.75a6a17e80466p-469,9.57542596868716104e-142
12,280,0x0p+0,0x1.726e78b8a92dfp-469,0x1.726e78b8a92dfp-469,9.49292420169680018e-142
13,0,0x1.670b85c14a1e2p-3,0x1.a0ff5009073f3p-450,0x1.670b85c14a1e3p-3,1.75314946137645839e-01
13,1,0x1.0b9a047d39b41p-4,0x1.a0ff5009073f3p-450,0x1.0b9a047d39b42p-4,6.53324294431572306e-02
13,2,0x1.8904645b820b4p-6,0x1.a0ff5009073f3p-450,0x1.8904645b820b5p-6,2.39878635457279784e-02
13,3,0x1.2012b7d56a569p-7,0x1.a0ff5009073f3p-450,0x1.2012b7d56a56ap-7,8.79129387142781397e-03
13,4,0x1.a6fbb060f433fp-9,0x1.a0ff5009073f3p-450,0x1.a6fbb060f434p-9,3.22710540829299065e-03
13,5,0x1.36be0ddb9c425p-10,0x1.a0ff5009073f3p-450,0x1.36be0ddb9c426p-10,1.18538817960379397e-03
13,6,0x1.c80996b43d181p-12,0x1.a0ff5009073f3p-450,0x1.c80996b43d182p-12,4.34911208926601454e-04
13,7,0x1.4dccff04b4bafp-13,0x1.a0ff5009073f3p-450,0x1.4dccff04b4bbp-13,1.59168608795027308e-04
13,8,0x1.e71e51090a8ddp-15,0x1.a0ff5009073f3p-450,0x1.e71e51090a8dep-15,5.80690412522331723e-05
13,9,0x1.623c7ea1d5219p-16,0x1.a0ff5009073f3p-450,0x1.623c7ea1d521ap-16,2.11141292603846308e-05
13,10,0x1.00bfb76902e9bp-17,0x1.a0ff5009073f3p-450,0x1.00bfb76902e9cp-17,7.65171326302183851e-06
13,11,0x1.72fff6af87b8p-19,0x1.a0ff5009073f3p-450,0x1.72fff6af87b81p-19,2.76416434254140967e-06
13,12,0x1.0b3e6e93aa829p-20,0x1.a0ff5009073f3p-450,0x1.0b3e6e93aa82ap-20,9.95561013998015483e-07
13,13,0x1.7fedfa1a1d04p-22,0x1.a0ff5009073f3p-450,0x1.7fedfa1a1d041p-22,3.57562301218269554e-07
13,14,0x1.130e61685426ap-23,0x1.a0ff5009073f3p-450,0x1.130e61685426bp-23,1.28083011983435173e-07
13,15,0x1.89238a8c76d95p-25,0x1.a0ff5009073f3p-450,0x1.89238a8c76d96p-25,4.57673837471768040e-08
13,16,0x1.184d4e12de09fp-26,0x1.a0ff5009073f3p-450,0x1.184d4e12de0ap-26,1.63157221721559751e-08
13,17,0x1.8ed1964519cep-28,0x1.a0ff5009073f3p-450,0x1.8ed1964519ce1p-28,5.80357590205804508e-09
13,18,0x1.1b207446b72dp-29,0x1.a0ff5009073f3p-450,0x1.1b207446b72d1p-29,2.06001840877074120e-09
13,19,0x1.912f1fc0c54cap-31,0x1.a0ff5009073f3p-450,0x1.912f1fc0c54cbp-31,7.29749587230781105e-10
13,20,0x1.1bb002097f8c1p-32,0x1.a0ff5009073f3p-450,0x1.1bb002097f8c2p-32,2.58012306479683378e-10
13,21,0x1.9076b0bbcd046p-34,0x1.a0ff5009073f3p-450,0x1.9076b0bbcd047p-34,9.10548883986570879e-11
13,22,0x1.1a269c8502821p-35,0x1.a0ff5009073f3p-450,0x1.1a269c8502822p-35,3.20768351456417252e-11
13,23,0x1.8ce670024ff16p-37,0x1.a0ff5009073f3p-450,0x1.8ce670024ff17p-37,1.12805806401808439e-11
13,24,0x1.16b187bf461cap-38,0x1.a0ff5009073f3p-450,0x1.16b187bf461cbp-38,3.96047252006802106e-12
13,25,0x1.86c031f7824fp-40,0x1.a0ff5009073f3p-450,0x1.86c031f7824f1p-40,1.38822557869869177e-12
13,26,0x1.11808298d7364p-41,0x1.a0ff5009073f3p-450,0x1.11808298d7365p-41,4.85837135415664741e-13
13,27,0x1.7e48feaa65ae3p-43,0x1.a0ff5009073f3p-450,0x1.7e48feaa65ae4p-43,1.69768703934319137e-13
13,28,0x1.0ac543fc9d2a5p-44,0x1.a0ff5009073f3p-450,0x1.0ac543fc9d2a6p-44,5.92349655205894048e-14
13,29,0x1.73c82614ec23bp-46,0x1.a0ff5009073f3p-450,0x1.73c82614ec23cp-46,2.06380374501745521e-14
13,30,0x1.02b2b987da72p-47,0x1.a0ff5009073f3p-450,0x1.02b2b987da721p-47,7.18031588280055940e-15
13,31,0x1.6786152318367p-49,0x1.a0ff5009073f3p-450,0x1.6786152318368p-49,2.49469722675678673e-15
13,32,0x1.f2f8530ad6669p-51,0x1.a0ff5009073f3p-450,0x1.f2f8530ad666ap-51,8.65575002516080997e-16
13,33,0x1.59cb1584596c8p-52,0x1.a0ff5009073f3p-450,0x1.59cb1584596c9p-52,2.99927875134154635e-16
13,34,0x1.dea8a276d71d9p-54,0x1.a0ff5009073f3p-450,0x1.dea8a276d71dap-54,1.03792566773764704e-16
13,35,0x1.4ade1546db694p-55,0x1.a0ff5009073f3p-450,0x1.4ade1546db695p-55,3.58727275486557203e-17
13,36,0x1.c8d9202669e84p-57,0x1.a0ff5009073f3p-450,0x1.c8d9202669e85p-57,1.23828938319795055e-17
13,37,0x1.3b0388d1b9f16p-58,0x1.a0ff5009073f3p-450,0x1.3b0388d1b9f17p-58,4.26923316639569921e-18
13,38,0x1.b1e853cc9c325p-60,0x1.a0ff5009073f3p-450,0x1.b1e853cc9c326p-60,1.47013589139836210e-18
13,39,0x1.2a7c726e7b8edp-61,0x1.a0ff5009073f3p-450,0x1.2a7c726e7b8eep-61,5.05655157718044451e-19
13,40,0x1.9a2f4cb7fbf6ep-63,0x1.a0ff5009073f3p-450,0x1.9a2f4cb7fbf6fp-63,1.73720004947615347e-19
13,41,0x1.198595637d602p-64,0x1.a0ff5009073f3p-450,0x1.198595637d603p-64,5.96145622667872263e-20
13,42,0x1.8200a059e399cp-66,0x1.a0ff5009073f3p-450,0x1.8200a059e399dp-66,2.04347993831205862e-20
13,43,0x1.0856d6ef2da83p-67,0x1.a0ff5009073f3p-450,0x1.0856d6ef2da84p-67,6.99700081770148318e-21
13,44,0x1.69a7a9d51956bp-69,0x1.a0ff5009073f3p-450,0x1.69a7a9d51956cp-69,2.39323160656673390e-21
13,45,0x1.ee4599929f1a6p-71,0x1.a0ff5009073f3p-450,0x1.ee4599929f1a7p-71,8.17704223972333543e-22
13,46,0x1.5168089b8248dp-72,0x1.a0ff5009073f3p-450,0x1.5168089b8248ep-72,2.79096017195597796e-22
13,47,0x1.cc2cedcbb0ccfp-74,0x1.a0ff5009073f3p-450,0x1.cc2cedcbb0cdp-74,9.51620637113628018e-23
13,48,0x1.397d59dde37e6p-75,0x1.a0ff5009073f3p-450,0x1.397d59dde37e7p-75,3.24140703488068549e-23
13,49,0x1.aab241c0e265fp-77,0x1.a0ff5009073f3p-450,0x1.aab241c0e266p-77,1.10298412466415817e-23
13,50,0x1.221b2707b3d13p-78,0x1.a0ff5009073f3p-450,0x1.221b2707b3d14p-78,3.74953299960267657e-24
13,51,0x1.8a18cd33d7d48p-80,0x1.a0ff5009073f3p-450,0x1.8a18cd33d7d49p-80,1.27339570135996258e-24
13,52,0x1.0b6d028ea3f5p-81,0x1.a0ff5009073f3p-450,0x1.0b6d028ea3f51p-81,4.32049714498268568e-25
13,53,0x1.6a98ae2574c5ap-83,0x1.a0ff5009073f3p-450,0x1.6a98ae2574c5bp-83,1.46451522591987241e-25
13,54,0x1.eb2d97c7f9b85p-85,0x1.a0ff5009073f3p-450,0x1.eb2d97c7f9b86p-85,4.95963133975934829e-26
13,55,0x1.4c5f60b6df84dp-86,0x1.a0ff5009073f3p-450,0x1.4c5f60b6df84ep-86,1.67805264666587040e-26
13,56,0x1.c16a26786a5e2p-88,0x1.a0ff5009073f3p-450,0x1.c16a26786a5e3p-88,5.67241035572918006e-27
13,57,0x1.2f905efc4395dp-89,0x1.a0ff5009073f3p-450,0x1.2f905efc4395ep-89,1.91575785509113814e-27
13,58,0x1.99bb2c232526ep-91,0x1.a0ff5009073f3p-450,0x1.99bb2c232526fp-91,6.46441759516010101e-28
13,59,0x1.1445def5dd02dp-92,0x1.a0ff5009073f3p-450,0x1.1445def5dd02ep-92,2.17940916295095437e-28
13,60,0x1.743f9b5d622adp-94,0x1.a0ff5009073f3p-450,0x1.743f9b5d622aep-94,7.34130651540284385e-29
13,61,0x1.f5234b2b0f659p-96,0x1.a0ff5009073f3p-450,0x1.f5234b2b0f65ap-96,2.47080043998095183e-29
13,62,0x1.510b133ac33d8p-97,0x1.a0ff5009073f3p-450,0x1.510b133ac33d9p-97,8.30875790292781238e-30
13,63,0x1.c4fbcd2d5eed7p-99,0x1.a0ff5009073f3p-450,0x1.c4fbcd2d5eed8p-99,2.79172697153617031e-30
13,64,0x1.302720ffbf772p-100,0x1.a0ff5009073f3p-450,0x1.302720ffbf773p-100,9.37243321980137815e-31
13,65,0x1.981c53d4dab77p-102,0x1.a0ff5009073f3p-450,0x1.981c53d4dab78p-102,3.14397011793168010e-31
13,66,0x1.119485250a55dp-103,0x1.a0ff5009073f3p-450,0x1.119485250a55ep-103,1.05379243167511404e-31
13,67,0x1.6e80610678305p-105,0x1.a0ff5009073f3p-450,0x1.6e80610678306p-105,3.52928087967191751e-32
13,68,0x1.ea98e74614664p-107,0x1.a0ff5009073f3p-450,0x1.ea98e74614665p-107,1.18106998772356866e-32
13,69,0x1.4819a6ae2bdcap-108,0x1.a0ff5009073f3p-450,0x1.4819a6ae2bdcbp-108,3.94936249469118551e-33
13,70,0x1.b68391e5651f3p-110,0x1.a0ff5009073f3p-450,0x1.b68391e5651f4p-110,1.31960490250877488e-33
13,71,0x1.24d1b0e53ab3p-111,0x1.a0ff5009073f3p-450,0x1.24d1b0e53ab31p-111,4.40585221479772581e-34
13,72,0x1.86c45d2e5203dp-113,0x1.a0ff5009073f3p-450,0x1.86c45d2e5203ep-113,1.46990225930933010e-34
13,73,0x1.048b75d9fe5fdp-114,0x1.a0ff5009073f3p-450,0x1.048b75d9fe5fep-114,4.90030242832610150e-35
13,74,0x1.5b2e56a1a6dc8p-116,0x1.a0ff5009073f3p-450,0x1.5b2e56a1a6dc9p-116,1.63243726100787136e-35
13,75,0x1.ce498db5733e3p-118,0x1.a0ff5009073f3p-450,0x1.ce498db5733e4p-118,5.43416131417634042e-36
13,76,0x1.338e38918034dp-119,0x1.a0ff5009073f3p-450,0x1.338e38918034ep-119,1.80764906185203044e-36
13,77,0x1.98ef3ef13c017p-121,0x1.a0ff5009073f3p-450,0x1.98ef3ef13c018p-121,6.00875322858890190e-37
13,78,0x1.0fac2b1dfe8f8p-122,0x1.a0ff5009073f3p-450,0x1.0fac2b1dfe8f9p-122,1.99593454822517001e-37
13,79,0x1.68b6a232091p-124,0x1.a0ff5009073f3p-450,0x1.68b6a23209101p-124,6.62525903983255313e-38
13,80,0x1.de9aa4b6a9c81p-126,0x1.a0ff5009073f3p-450,0x1.de9aa4b6a9c82p-126,2.19764213834957051e-38
13,81,0x1.3d4b14ef5588bp-127,0x1.a0ff5009073f3p-450,0x1.3d4b14ef5588cp-127,7.28469663715998179e-39
13,82,0x1.a46a5352dd64cp-129,0x1.a0ff5009073f3p-450,0x1.a46a5352dd64dp-129,2.41306567392775305e-39
13,83,0x1.1656772c40ac8p-130,0x1.a0ff5009073f3p-450,0x1.1656772c40ac9p-130,7.98790184864388401e-40
13,84,0x1.704d5b056a428p-132,0x1.a0ff5009073f3p-450,0x1.704d5b056a429p-132,2.64243847884929414e-40
13,85,0x1.e7055d72981bep-134,0x1.a0ff5009073f3p-450,0x1.e7055d72981bfp-134,8.73551000761745620e-41
13,86,0x1.41caac029ded7p-135,0x1.a0ff5009073f3p-450,0x1.41caac029ded8p-135,2.88592766118776186e-41
13,87,0x1.a8f5d32bc4576p-137,0x1.a0ff5009073f3p-450,0x1.a8f5d32bc4577p-137,9.52793840923321494e-42
13,88,0x1.186bca2c0295dp-138,0x1.a0ff5009073f3p-450,0x1.186bca2c0295ep-138,3.14362873473700857e-42
13,89,0x1.71d9481f2138p-140,0x1.a0ff5009073f3p-450,0x1.71d9481f21381p-140,1.03653698969961973e-42
13,90,0x1.e77c2fbfd4118p-142,0x1.a0ff5009073f3p-450,0x1.e77c2fbfd4119p-142,3.41556063525814608e-43
13,91,0x1.4110efa7f9aa1p-143,0x1.a0ff5009073f3p-450,0x1.4110efa7f9aa2p-143,1.12477378139589993e-43
13,92,0x1.a6a7ad9ff49cp-145,0x1.a0ff5009073f3p-450,0x1.a6a7ad9ff49c1p-145,3.70166120441641081e-44
13,93,0x1.1605730378ba9p-146,0x1.a0ff5009073f3p-450,0x1.1605730378baap-146,1.21747125445757857e-44
13,94,0x1.6d89cdae80e28p-148,0x1.a0ff5009073f3p-450,0x1.6d89cdae80e29p-148,4.00178321108742514e-45
13,95,0x1.e04fa99577e28p-150,0x1.a0ff5009073f3p-450,0x1.e04fa99577e29p-150,1.31456898610537201e-45
13,96,0x1.3b5e95ac5c30fp-151,0x1.a0ff5009073f3p-450,0x1.3b5e95ac5c31p-151,4.31569097533115472e-46
13,97,0x1.9de4101321675p-153,0x1.a0ff5009073f3p-450,0x1.9de4101321676p-153,1.41597812725262251e-46
13,98,0x1.0f6ef6e15e87bp-154,0x1.a0ff5009073f3p-450,0x1.0f6ef6e15e87cp-154,4.64305765491434652e-47
13,99,0x1.63ce8bb2e30bdp-156,0x1.a0ff5009073f3p-450,0x1.63ce8bb2e30bep-156,1.52158065566714508e-47
13,100,0x1.d2223cd25c4aap-158,0x1.a0ff5009073f3p-450,0x1.d2223cd25c4abp-158,4.98346324787024488e-48
13,101,0x1.312857abebc8ap-159,0x1.a0ff5009073f3p-450,0x1.312857abebc8bp-159,1.63122886317395288e-48
13,102,0x1.8f50fce0c32ep-161,0x1.a0ff5009073f3p-450,0x1.8f50fce0c32e1p-161,5.33639335729973276e-49
13,103,0x1.051d5a0d8e001p-162,0x1.a0ff5009073f3p-450,0x1.051d5a0d8e002p-162,1.74474509026132013e-49
13,104,0x1.554b3aceccca7p-164,0x1.a0ff5009073f3p-450,0x1.554b3aceccca8p-164,5.70123875653502075e-50
13,105,0x1.bdd778215cd7cp-166,0x1.a0ff5009073f3p-450,0x1.bdd778215cd7dp-166,1.86192171878335815e-50
13,106,0x1.230b6df4c6c5fp-167,0x1.a0ff5009073f3p-450,0x1.230b6df4c6c6p-167,6.07729578401776701e-51
13,107,0x1.7bc6916cbb3f5p-169,0x1.a0ff5009073f3p-450,0x1.7bc6916cbb3f6p-169,1.98252143058495174e-51
13,108,0x1.ef48e5650206ap-171,0x1.a0ff5009073f3p-450,0x1.ef48e5650206bp-171,6.46376758790946905e-52
13,109,0x1.42c93f6b64124p-172,0x1.a0ff5009073f3p-450,0x1.42c93f6b64125p-172,2.10627773684957939e-52
13,110,0x1.a480a053b8b28p-174,0x1.a0ff5009073f3p-450,0x1.a480a053b8b29p-174,6.85976623068747970e-53
13,111,0x1.11c091e32b788p-175,0x1.a0ff5009073f3p-450,0x1.11c091e32b789p-175,2.23289577983139375e-53
13,112,0x1.643db2612d75p-177,0x1.a0ff5009073f3p-450,0x1.643db2612d751p-177,7.26431565392607593e-54
13,113,0x1.cf56cbd68678bp-179,0x1.a0ff5009073f3p-450,0x1.cf56cbd68678cp-179,2.36205340542483480e-54
13,114,0x1.2d286c4b1d0b8p-180,0x1.a0ff5009073f3p-450,0x1.2d286c4b1d0b9p-180,7.67635549326403503e-55
13,115,0x1.8748955fe7b0ap-182,0x1.a0ff5009073f3p-450,0x1.8748955fe7b0bp-182,2.49340250179553524e-55
13,116,0x1.fc1d8c72060c6p-184,0x1.a0ff5009073f3p-450,0x1.fc1d8c72060c7p-184,8.09474572337014585e-56
13,117,0x1.49beb96e1347bp-185,0x1.a0ff5009073f3p-450,0x1.49beb96e1347cp-185,2.62657059609265390e-56
13,118,0x1.abc2af2184f0fp-187,0x1.a0ff5009073f3p-450,0x1.abc2af2184f1p-187,8.51827210268325436e-57
13,119,0x1.155047368f4b1p-188,0x1.a0ff5009073f3p-450,0x1.155047368f4b2p-188,2.76116269813167951e-57
13,120,0x1.6760b2cf53575p-190,0x1.a0ff5009073f3p-450,0x1.6760b2cf53576p-190,8.94565237797302607e-58
13,121,0x1.d17deef6ece32p-192,0x1.a0ff5009073f3p-450,0x1.d17deef6ece33p-192,2.89676337692500853e-58
13,122,0x1.2d517eccac4f1p-193,0x1.a0ff5009073f3p-450,0x1.2d517eccac4f2p-193,9.37554319948394829e-59
13,123,0x1.85e64cf947467p-195,0x1.a0ff5009073f3p-450,0x1.85e64cf947468p-195,3.03293905308834870e-59
13,124,0x1.f845c055a8963p-197,0x1.a0ff5009073f3p-450,0x1.f845c055a8964p-197,9.80654768872255503e-60
13,125,0x1.45effea12fe48p-198,0x1.a0ff5009073f3p-450,0x1.45effea12fe49p-198,3.16924048750644112e-60
13,126,0x1.a5228c3564cffp-200,0x1.a0ff5009073f3p-450,0x1.a5228c3564dp-200,1.02372235929524858e-60
13,127,0x1.0fefc080087e6p-201,0x1.a0ff5009073f3p-450,0x1.0fefc080087e7p-201,3.30520544423857920e-61
13,128,0x1.5f05a59dd9f63p-203,0x1.a0ff5009073f3p-450,0x1.5f05a59dd9f64p-203,1.06660919532887229e-61
13,129,0x1.c4e3f40c55b11p-205,0x1.a0ff5009073f3p-450,0x1.c4e3f40c55b12p-205,3.44036150351826020e-62
13,130,0x1.24058c2c1cd4p-206,0x1.a0ff5009073f3p-450,0x1.24058c2c1cd41p-206,1.10916462070295405e-62
13,131,0x1.786905ef8425fp-208,0x1.a0ff5009073f3p-450,0x1.786905ef8426p-208,3.57422899887960025e-63
13,132,0x1.e4f50ff4a6c8ap-210,0x1.a0ff5009073f3p-450,0x1.e4f50ff4a6c8bp-210,1.15123616396193686e-63
13,133,0x1.3841d6c86f561p-211,0x1.a0ff5009073f3p-450,0x1.3841d6c86f562p-211,3.70632405095288448e-64
13,134,0x1.91edddde0ef19p-213,0x1.a0ff5009073f3p-450,0x1.91edddde0ef1ap-213,1.19267050974644287e-64
13,135,0x1.028e8976b320ep-214,0x1.a0ff5009073f3p-450,0x1.028e8976b320fp-214,3.83616166932844759e-65
13,136,0x1.4c803cd00a832p-216,0x1.a0ff5009073f3p-450,0x1.4c803cd00a833p-216,1.23331448697817123e-65
13,137,0x1.ab65a15e75e68p-218,0x1.a0ff5009073f3p-450,0x1.ab65a15e75e69p-218,3.96325889310909347e-66
13,138,0x1.12904593b1023p-219,0x1.a0ff5009073f3p-450,0x1.12904593b1024p-219,1.27301606457776895e-66
13,139,0x1.609ad88df19d5p-221,0x1.a0ff5009073f3p-450,0x1.609ad88df19d6p-221,4.08713794036102572e-67
13,140,0x1.c4a011cf4cb7bp-223,0x1.a0ff5009073f3p-450,0x1.c4a011cf4cb7cp-223,1.31162534527487141e-67
13,141,0x1.2261132bfc6dfp-224,0x1.a0ff5009073f3p-450,0x1.2261132bfc6ep-224,4.20732933663661562e-68
13,142,0x1.746ac0c386fb3p-226,0x1.a0ff5009073f3p-450,0x1.746ac0c386fb4p-226,1.34899554811592777e-68
13,143,0x1.dd6be0f0119d4p-228,0x1.a0ff5009073f3p-450,0x1.dd6be0f0119d5p-228,4.32337499307308905e-69
13,144,0x1.31e1c16fe906ep-229,0x1.a0ff5009073f3p-450,0x1.31e1c16fe906fp-229,1.38498397043788168e-69
13,145,0x1.87c88e889a5a5p-231,0x1.a0ff5009073f3p-450,0x1.87c88e889a5a6p-231,4.43483120526176479e-70
13,146,0x1.f5975bd82069fp-233,0x1.a0ff5009073f3p-450,0x1.f5975bd8206ap-233,1.41945292034902169e-70
13,147,0x1.40f304ccd54b9p-234,0x1.a0ff5009073f3p-450,0x1.40f304ccd54bap-234,4.54127154511845327e-71
13,148,0x1.9a8ce7b656ffap-236,0x1.a0ff5009073f3p-450,0x1.9a8ce7b656ffbp-236,1.45227061113828674e-71
13,149,0x1.06788d3e69cfap-237,0x1.a0ff5009073f3p-450,0x1.06788d3e69cfbp-237,4.64228961934630625e-72
13,150,0x1.4f75e5f6154a1p-239,0x1.a0ff5009073f3p-450,0x1.4f75e5f6154a2p-239,1.48331200951343203e-72
13,151,0x1.ac910b1088b01p-241,0x1.a0ff5009073f3p-450,0x1.ac910b1088b02p-241,4.73750166974622462e-73
13,152,0x1.11a4581c77535p-242,0x1.a0ff5009073f3p-450,0x1.11a4581c77536p-242,1.51245963013902428e-73
13,153,0x1.5d4c30cf69b6bp-244,0x1.a0ff5009073f3p-450,0x1.5d4c30cf69b6cp-244,4.82654899256564575e-74
13,154,0x1.bdaf5b5636468p-246,0x1.a0ff5009073f3p-450,0x1.bdaf5b5636469p-246,1.53960426959741128e-74
13,155,0x1.1c37ace1312a5p-247,0x1.a0ff5009073f3p-450,0x1.1c37ace1312a6p-247,4.90910015625862973e-75
13,156,0x1.6a58e0fafe0ffp-249,0x1.a0ff5009073f3p-450,0x1.6a58e0fafe1p-249,1.56464567361952168e-75
13,157,0x1.cdc3e66b6e163p-251,0x1.a0ff5009073f3p-450,0x1.cdc3e66b6e164p-251,4.98485299941803337e-76
13,158,0x1.261c5287540a3p-252,0x1.a0ff5009073f3p-450,0x1.261c5287540a4p-252,1.58749313221711512e-76
13,159,0x1.768089ddf4763p-254,0x1.a0ff5009073f3p-450,0x1.768089ddf4764p-254,5.05353639320222720e-77
13,160,0x1.dcace5e9c1d8ep-256,0x1.a0ff5009073f3p-450,0x1.dcace5e9c1d8fp-256,1.60806599818062328e-77
13,161,0x1.2f3d87e82b6c1p-257,0x1.a0ff5009073f3p-450,0x1.2f3d87e82b6c2p-257,5.11491175527697803e-78
13,162,0x1.81a9b80de4f3ep-259,0x1.a0ff5009073f3p-450,0x1.81a9b80de4f3fp-259,1.62629412527662350e-78
13,163,0x1.ea4b36922aa04p-261,0x1.a0ff5009073f3p-450,0x1.ea4b36922aa05p-261,5.16877430508583616e-79
13,164,0x1.37884cbc420dep-262,0x1.a0ff5009073f3p-450,0x1.37884cbc420dfp-262,1.64211822337293390e-79
13,165,0x1.8bbd4a4633aa5p-264,0x1.a0ff5009073f3p-450,0x1.8bbd4a4633aa6p-264,5.21495405311318860e-80
13,166,0x1.f682c45830f2dp-266,0x1.a0ff5009073f3p-450,0x1.f682c45830f2ep-266,1.65549012862536895e-80
13,167,0x1.3eeba2fcd2e48p-267,0x1.a0ff5009073f3p-450,0x1.3eeba2fcd2e49p-267,5.25331651967370011e-81
13,168,0x1.94a6c03c24c11p-269,0x1.a0ff5009073f3p-450,0x1.94a6c03c24c12p-269,1.66637298776622459e-81
13,169,0x1.009d74848d4d2p-270,0x1.a0ff5009073f3p-450,0x1.009d74848d4d3p-270,5.28376318161430073e-82
13,170,0x1.4558c7768f788p-272,0x1.a0ff5009073f3p-450,0x1.4558c7768f789p-272,1.67474135642859810e-82
13,171,0x1.9c547dea37757p-274,0x1.a0ff5009073f3p-450,0x1.9c547dea37758p-274,5.30623164810940685e-83
13,172,0x1.052f5df40278dp-275,0x1.a0ff5009073f3p-450,0x1.052f5df40278ep-275,1.68058121231257697e-83
13,173,0x1.4ac3609690075p-277,0x1.a0ff5009073f3p-450,0x1.4ac3609690076p-277,5.32069556943745601e-84
13,174,0x1.a2b802346d554p-279,0x1.a0ff5009073f3p-450,0x1.a2b802346d555p-279,1.68388988483722484e-84
13,175,0x1.08eea87b37e8fp-280,0x1.a0ff5009073f3p-450,0x1.08eea87b37e9p-280,5.32716428521452251e-85
13,176,0x1.4f21a2b73b609p-282,0x1.a0ff5009073f3p-450,0x1.4f21a2b73b60ap-282,1.68467590371727541e-85
13,177,0x1.a7c610156d317p-284,0x1.a0ff5009073f3p-450,0x1.a7c610156d318p-284,5.32568222099624498e-86
13,178,0x1.0bd4f38272605p-285,0x1.a0ff5009073f3p-450,0x1.0bd4f38272606p-285,1.68295876964795002e-86
13,179,0x1.526c6972cabc7p-287,0x1.a0ff5009073f3p-450,0x1.526c6972cabc8p-287,5.31632804441999690e-87
13,180,0x1.ab76c9d58babdp-289,0x1.a0ff5009073f3p-450,0x1.ab76c9d58babep-289,1.67876865096552457e-87
13,181,0x1.0dde02070cfacp-290,0x1.a0ff5009073f3p-450,0x1.0dde02070cfadp-290,5.29921359412495499e-88
13,182,0x1.549f45c1dfcc3p-292,0x1.a0ff5009073f3p-450,0x1.549f45c1dfcc4p-292,1.67214601076990402e-88
13,183,0x1.adc5be1e53dfp-294,0x1.a0ff5009073f3p-450,0x1.adc5be1e53df1p-294,5.27448259653391849e-89
13,184,0x1.0f07bfe2a0ed7p-295,0x1.a0ff5009073f3p-450,0x1.0f07bfe2a0ed8p-295,1.66314116954460307e-89
13,185,0x1.55b880ec9d603p-297,0x1.a0ff5009073f3p-450,0x1.55b880ec9d604p-297,5.24230918719527155e-90
13,186,0x1.aeb1e70cedfe3p-299,0x1.a0ff5009073f3p-450,0x1.aeb1e70cedfe4p-299,1.65181380878191471e-90
13,187,0x1.0f523e51ad8e6p-300,0x1.a0ff5009073f3p-450,0x1.0f523e51ad8e7p-300,5.20289625476011816e-91
13,188,0x1.55b914921e17bp-302,0x1.a0ff5009073f3p-450,0x1.55b914921e17cp-302,1.63823242151580295e-91
13,189,0x1.ae3d9bb19db9fp-304,0x1.a0ff5009073f3p-450,0x1.ae3d9bb19dbap-304,5.15647362679195356e-92
13,190,0x1.0ebfa80e5d324p-305,0x1.a0ff5009073f3p-450,0x1.0ebfa80e5d325p-305,1.62247371598149577e-92
13,191,0x1.54a4984371f52p-307,0x1.a0ff5009073f3p-450,0x1.54a4984371f53p-307,5.10329611747467047e-93
13,192,0x1.ac6e74b0a5cccp-309,0x1.a0ff5009073f3p-450,0x1.ac6e74b0a5ccdp-309,1.60462197885517781e-93
13,193,0x1.0d542d7eb5aa7p-310,0x1.a0ff5009073f3p-450,0x1.0d542d7eb5aa8p-310,5.04364145790560874e-94
13,194,0x1.528125632131cp-312,0x1.a0ff5009073f3p-450,0x1.528125632131dp-312,1.58476840468201129e-94
13,195,0x1.a94d24f78c1eep-314,0x1.a0ff5009073f3p-450,0x1.a94d24f78c1efp-314,4.97780813002469125e-95
13,196,0x1.0b15e99b40ba4p-315,0x1.a0ff5009073f3p-450,0x1.0b15e99b40ba5p-315,1.56301039817928221e-95
13,197,0x1.4f57322771996p-317,0x1.a0ff5009073f3p-450,0x1.4f57322771997p-317,4.90611312535285408e-96
13,198,0x1.a4e547afb592cp-319,0x1.a0ff5009073f3p-450,0x1.a4e547afb592dp-319,1.53945085610198604e-96
13,199,0x1.080cc053417fdp-320,0x1.a0ff5009073f3p-450,0x1.080cc053417fep-320,4.82888964960578256e-97
13,200,0x1.4b3164c377b73p-322,0x1.a0ff5009073f3p-450,0x1.4b3164c377b74p-322,1.51419743528735953e-97
13,201,0x1.9f4524c39f577p-324,0x1.a0ff5009073f3p-450,0x1.9f4524c39f578p-324,4.74648479391415974e-98
13,202,0x1.0442374d53b4ep-325,0x1.a0ff5009073f3p-450,0x1.0442374d53b4fp-325,1.48736181335740998e-98
13,203,0x1.461c5fd8bd878p-327,0x1.a0ff5009073f3p-450,0x1.461c5fd8bd879p-327,4.65925719284029210e-99
13,204,0x1.987d6d6dfbaaep-329,0x1.a0ff5009073f3p-450,0x1.987d6d6dfbaafp-329,1.45905894835611298e-99
13,205,0x1.ff8293ed0b2e3p-331,0x1.a0ff5009073f3p-450,0x1.ff8293ed0b2e4p-331,4.56757468865431542e-100
13,206,0x1.40268968aaf1p-332,0x1.a0ff5009073f3p-450,0x1.40268968aaf11p-332,1.42940634333843043e-100
13,207,0x1.90a0f2615d393p-334,0x1.a0ff5009073f3p-450,0x1.90a0f2615d394p-334,4.47181202042648558e-101
13,208,0x1.f52c73bcfd167p-336,0x1.a0ff5009073f3p-450,0x1.f52c73bcfd168p-336,1.39852332161864020e-101
13,209,0x1.395fcd89d05e2p-337,0x1.a0ff5009073f3p-450,0x1.395fcd89d05e3p-337,4.37234855543461357e-102
13,210,0x1.87c45523ed105p-339,0x1.a0ff5009073f3p-450,0x1.87c45523ed106p-339,1.36653031802875815e-102
13,211,0x1.e99cb8ca5090ap-341,0x1.a0ff5009073f3p-450,0x1.e99cb8ca5090bp-341,4.26956607919926738e-103
13,212,0x1.31d95e29e8a51p-342,0x1.a0ff5009073f3p-450,0x1.31d95e29e8a52p-342,1.33354819114245855e-103
13,213,0x1.7dfdb63d38897p-344,0x1.a0ff5009073f3p-450,0x1.7dfdb63d38898p-344,4.16384665915479570e-104
13,214,0x1.dcefcd7bb59fap-346,0x1.a0ff5009073f3p-450,0x1.dcefcd7bb59fbp-346,1.29969756099441153e-104
13,215,0x1.29a5712244c27p-347,0x1.a0ff5009073f3p-450,0x1.29a5712244c28p-347,4.05557059557077616e-105
13,216,0x1.736461cd0e20cp-349,0x1.a0ff5009073f3p-450,0x1.736461cd0e20dp-349,1.26509817637160931e-105
13,217,0x1.cf43728b531cap-351,0x1.a0ff5009073f3p-450,0x1.cf43728b531cbp-351,3.94511447187979282e-106
13,218,0x1.20d6fdd9f33b9p-352,0x1.a0ff5009073f3p-450,0x1.20d6fdd9f33bap-352,1.22986831528227112e-106
13,219,0x1.68107c12766a1p-354,0x1.a0ff5009073f3p-450,0x1.68107c12766a2p-354,3.83284931505298172e-107
13,220,0x1.c0b6563d646cdp-356,0x1.a0ff5009073f3p-450,0x1.c0b6563d646cep-356,1.19412422172572597e-107
13,221,0x1.17817ba0182d6p-357,0x1.a0ff5009073f3p-450,0x1.17817ba0182d7p-357,3.71913887512562207e-108
13,222,0x1.5c1aaf521c47cp-359,0x1.a0ff5009073f3p-450,0x1.5c1aaf521c47dp-359,1.15797958139662372e-108
13,223,0x1.b167ade3c000bp-361,0x1.a0ff5009073f3p-450,0x1.b167ade3c000cp-361,3.60433803142840800e-109
13,224,0x1.0db8a1d2750a8p-362,0x1.a0ff5009073f3p-450,0x1.0db8a1d2750a9p-362,1.12154503846785786e-109
13,225,0x1.4f9bdc6d154dap-364,0x1.a0ff5009073f3p-450,0x1.4f9bdc6d154dbp-364,3.48879133153741241e-110
13,226,0x1.a176d34870c9ap-366,0x1.a0ff5009073f3p-450,0x1.a176d34870c9bp-366,1.08492775511400043e-110
13,227,0x1.03902ac907d03p-367,0x1.a0ff5009073f3p-450,0x1.03902ac907d04p-367,3.37283166744249325e-111
13,228,0x1.42accf553088p-369,0x1.a0ff5009073f3p-450,0x1.42accf5530881p-369,1.04823101496287022e-111
13,229,0x1.9102e76a8bd6dp-371,0x1.a0ff5009073f3p-450,0x1.9102e76a8bd6ep-371,3.25677909196507562e-112
13,230,0x1.f23734c1edf28p-373,0x1.a0ff5009073f3p-450,0x1.f23734c1edf29p-373,1.01155387120713442e-112
13,231,0x1.3565f8640c154p-374,0x1.a0ff5009073f3p-450,0x1.3565f8640c155p-374,3.14093977703376067e-113
13,232,0x1.802a7bc4cb4f7p-376,0x1.a0ff5009073f3p-450,0x1.802a7bc4cb4f8p-376,9.74990839669619377e-114
13,233,0x1.dcdc11bf79091p-378,0x1.a0ff5009073f3p-450,0x1.dcdc11bf79092p-378,3.02560511408501295e-114
13,234,0x1.27df2b6f7e82fp-379,0x1.a0ff5009073f3p-450,0x1.27df2b6f7e83p-379,9.38631636701328388e-115
13,235,0x1.6f0b431ed9c7bp-381,0x1.a0ff5009073f3p-450,0x1.6f0b431ed9c7cp-381,2.91105095558322094e-115
13,236,0x1.c733e58964a99p-383,0x1.a0ff5009073f3p-450,0x1.c733e58964a9ap-383,9.02560961405006561e-116
13,237,0x1.1a2f6549a6781p-384,0x1.a0ff5009073f3p-450,0x1.1a2f6549a6782p-384,2.79753699547401592e-116
13,238,0x1.5dc1cab233342p-386,0x1.a0ff5009073f3p-450,0x1.5dc1cab233343p-386,8.66858321317373914e-117
13,239,0x1.b1621bf7848a9p-388,0x1.a0ff5009073f3p-450,0x1.b1621bf7848aap-388,2.68530628530242129e-117
13,240,0x1.0c6c982e65ea1p-389,0x1.a0ff5009073f3p-450,0x1.0c6c982e65ea2p-389,8.31597900356088979e-118
13,241,0x1.4c693c338d45dp-391,0x1.a0ff5009073f3p-450,0x1.4c693c338d45ep-391,2.57458488174153089e-118
13,242,0x1.9b884981e4711p-393,0x1.a0ff5009073f3p-450,0x1.9b884981e4712p-393,7.96848467543888130e-119
13,243,0x1.fd56fee8934e1p-395,0x1.a0ff5009073f3p-450,0x1.fd56fee8934e2p-395,2.46558162039854207e-119
13,244,0x1.3b1b291b315cap-396,0x1.a0ff5009073f3p-450,0x1.3b1b291b315cbp-396,7.62673324760257559e-120
13,245,0x1.85c5ecc545a01p-398,0x1.a0ff5009073f3p-450,0x1.85c5ecc545a03p-398,2.35848800999915828e-120
13,246,0x1.e1fef559bd569p-400,0x1.a0ff5009073f3p-450,0x1.e1fef559bd57p-400,7.29130291545940062e-121
13,247,0x1.29ef5f52c711p-401,0x1.a0ff5009073f3p-450,0x1.29ef5f52c711ep-401,2.25347824038349625e-121
13,248,0x1.70383be0a96f6p-403,0x1.a0ff5009073f3p-450,0x1.70383be0a972bp-403,6.96271724793023879e-122
13,249,0x1.c6f4e07230882p-405,0x1.a0ff5009073f3p-450,0x1.c6f4e07230953p-405,2.15070929720016091e-122
13,250,0x1.18fbc73ec1093p-406,0x1.a0ff5009073f3p-450,0x1.18fbc73ec1234p-406,6.64144570995269876e-123
13,251,0x1.5af9fd8c7803dp-408,0x1.a0ff5009073f3p-450,0x1.5af9fd8c786c1p-408,2.05032117573627386e-123
13,252,0x1.ac596e64b7a0cp-410,0x1.a0ff5009073f3p-450,0x1.ac596e64b941cp-410,6.32790448610243546e-124
13,253,0x1.08544aedc16c3p-411,0x1.a0ff5009073f3p-450,0x1.08544aedc4ae3p-411,1.95243718598115948e-124
13,254,0x1.46236d969bf05p-413,0x1.a0ff5009073f3p-450,0x1.46236d96a8f85p-413,6.02245757994004624e-125
13,255,0x1.924a10d13032fp-415,0x1.a0ff5009073f3p-450,0x1.924a10d16452ep-415,1.85716434080552282e-125
13,256,0x1.f0158c22eec1p-417,0x1.a0ff5009073f3p-450,0x1.f0158c23bf40bp-417,5.72541816330229998e-126
13,257,0x1.31ca2c402fbe2p-418,0x1.a0ff5009073f3p-450,0x1.31ca2c41d0bd8p-418,1.76459381920909018e-126
13,258,0x1.78e0ec335d80bp-420,0x1.a0ff5009073f3p-450,0x1.78e0ec39e17ep-420,5.43705015167613517e-127
13,259,0x1.d05dfc84c2d45p-422,0x1.a0ff5009073f3p-450,0x1.d05dfc9ed2c96p-422,1.67480149877247196e-127
13,260,0x1.1e0137cecfa51p-423,0x1.a0ff5009073f3p-450,0x1.1e013802ef8f2p-423,5.15757000416637553e-128
13,261,0x1.6034d3d2ce9cep-425,0x1.a0ff5009073f3p-450,0x1.6034d4a34e44fp-425,1.58784857399297461e-128
13,262,0x1.b19d45bdb873cp-427,0x1.a0ff5009073f3p-450,0x1.b19d48ffb713ep-427,4.88714897283903757e-129
13,263,0x1.0ad8ef321e88fp-428,0x1.a0ff5009073f3p-450,0x1.0ad8f5b61bc92p-428,1.50378250418529398e-129
13,264,0x1.48594fea2c577p-430,0x1.a0ff5009073f3p-450,0x1.485969fa21581p-430,4.62591830419582265e-130
13,265,0x1.93eaa2ffdb23cp-432,0x1.a0ff5009073f3p-450,0x1.93eb0b3faf261p-432,1.42264082091530312e-130
13,266,0x1.f0be282eaf692p-434,0x1.a0ff5009073f3p-450,0x1.f0bfc92dff723p-434,4.37400284297462196e-131
13,267,0x1.315e8c3559ce9p-435,0x1.a0ff5009073f3p-450,0x1.3161ce33f9e0ap-435,1.34448335764504849e-131
13,268,0x1.7758c3644d544p-437,0x1.a0ff5009073f3p-450,0x1.7765cb5ecd9c8p-437,4.13183967102131317e-132
13,269,0x1.cd3bd84c9778p-439,0x1.a0ff5009073f3p-450,0x1.cd6ff8369898fp-439,1.26971050319602973e-132
13,270,0x1.1b4dfc5e11f2dp-440,0x1.a0ff5009073f3p-450,0x1.1bb63c321434ap-440,3.90336737062586989e-133
13,271,0x1.5be958d59bf2fp-442,0x1.a0ff5009073f3p-450,0x1.5d8a5825a4fa3p-442,1.20226260597207216e-133
13,272,0x1.ab0b69b8f0477p-444,0x1.a0ff5009073f3p-450,0x1.b18f66f914647p-444,3.72813244620531375e-134
13,273,0x1.05da0490b1b05p-445,0x1.a0ff5009073f3p-450,0x1.12e1ff10f9ea5p-445,1.18184229296992299e-134
13,274,0x1.4073d1fc5c915p-447,0x1.a0ff5009073f3p-450,0x1.7493bbfd7d794p-447,4.00468274029143511e-135
13,275,0x1.8615823a26d92p-449,0x1.a0ff5009073f3p-450,0x1.2b4a951f553c6p-448,1.60848170261012367e-135
13,276,0x1.d433792bc6d1p-451,0x1.a0ff5009073f3p-450,0x1.458c864f7553ep-449,8.74798936465502923e-136
13,277,0x1.0ea278fc5235ap-452,0x1.a0ff5009073f3p-450,0x1.e4a7ee481bccap-450,6.51171765202351917e-136
13,278,0x1.1a78df27eaa7fp-454,0x1.a0ff5009073f3p-450,0x1.b2a6ddfb85e9bp-450,5.83987421631456759e-136
13,279,0x1.ad61bc5b39c84p-457,0x1.a0ff5009073f3p-450,0x1.a45a1381bdb2dp-450,5.64774343614827057e-136
13,280,0x0p+0,0x1.a0ff5009073f3p-450,0x1.a0ff5009073f3p-450,5.60267259859874646e-136
14,0,0x1.77c716d2d9447p-3,0x1.190622fc9244fp-432,0x1.77c716d2d9448p-3,1.83485201177207680e-01
14,1,0x1.1e6d01639c6dp-4,0x1.190622fc9244fp-432,0x1.1e6d01639c6d1p-4,6.99281744253099775e-02
14,2,0x1.b009f24259bfep-6,0x1.190622fc9244fp-432,0x1.b009f24259bffp-6,2.63695588886569931e-02
14,3,0x1.462cbb0ba1e2p-7,0x1.190622fc9244fp-432,0x1.462cbb0ba1e21p-7,9.95406277731009267e-03
14,4,0x1.ee1fb57b0465ep-9,0x1.190622fc9244fp-432,0x1.ee1fb57b0465fp-9,3.76986589754650615e-03
14,5,0x1.76e1da7dd7c5ep-10,0x1.190622fc9244fp-432,0x1.76e1da7dd7c5fp-10,1.43006225649579939e-03
14,6,0x1.1c4275297119ap-11,0x1.190622fc9244fp-432,0x1.1c4275297119bp-11,5.42182159897697399e-04
14,7,0x1.ae36e5c13778bp-13,0x1.190622fc9244fp-432,0x1.ae36e5c13778cp-13,2.05142232551244384e-04
14,8,0x1.44a7b62a44a62p-14,0x1.190622fc9244fp-432,0x1.44a7b62a44a63p-14,7.74038132116766181e-05
14,9,0x1.e88246a9d9ceap-16,0x1.190622fc9244fp-432,0x1.e88246a9d9cebp-16,2.91173989021260484e-05
14,10,0x1.6e69d3d8129afp-17,0x1.190622fc9244fp-432,0x1.6e69d3d8129bp-17,1.09199699382015283e-05
14,11,0x1.12074db54e112p-18,0x1.190622fc9244fp-432,0x1.12074db54e113p-18,4.08334328954480498e-06
14,12,0x1.98bc69e320e5ep-20,0x1.190622fc9244fp-432,0x1.98bc69e320e5fp-20,1.52266022082703425e-06
14,13,0x1.30091bc769243p-21,0x1.190622fc9244fp-432,0x1.30091bc769244p-21,5.66310398509929301e-07
14,14,0x1.c333501ac5937p-23,0x1.190622fc9244fp-432,0x1.c333501ac5938p-23,2.10106578212626070e-07
14,15,0x1.4e06ed3f9fbe6p-24,0x1.190622fc9244fp-432,0x1.4e06ed3f9fbe7p-24,7.77717348247053353e-08
14,16,0x1.ed7d376600b78p-26,0x1.190622fc9244fp-432,0x1.ed7d376600b79p-26,2.87248477434762261e-08
14,17,0x1.6bc990192b34ap-27,0x1.190622fc9244fp-432,0x1.6bc990192b34bp-27,1.05876055026834586e-08
14,18,0x1.0ba633a1de9b3p-28,0x1.190622fc9244fp-432,0x1.0ba633a1de9b4p-28,3.89480883817915453e-09
14,19,0x1.8919547c09b9ap-30,0x1.190622fc9244fp-432,0x1.8919547c09b9bp-30,1.43008563238807823e-09
14,20,0x1.202852cef2537p-31,0x1.190622fc9244fp-432,0x1.202852cef2538p-31,5.24155463709905066e-10
14,21,0x1.a5bc85a298e4bp-33,0x1.190622fc9244fp-432,0x1.a5bc85a298e4cp-33,1.91783517089104895e-10
14,22,0x1.341baa9da0569p-34,0x1.190622fc9244fp-432,0x1.341baa9da056ap-34,7.00556647960642165e-11
14,23,0x1.c1785f3d18449p-36,0x1.190622fc9244fp-432,0x1.c1785f3d1844ap-36,2.55494230274561357e-11
14,24,0x1.4756b51f1a2d7p-37,0x1.190622fc9244fp-432,0x1.4756b51f1a2d8p-37,9.30352545068044718e-12
14,25,0x1.dc129832524adp-39,0x1.190622fc9244fp-432,0x1.dc129832524aep-39,3.38269952376414516e-12
14,26,0x1.59b0ce66992aep-40,0x1.190622fc9244fp-432,0x1.59b0ce66992afp-40,1.22813989884876230e-12
14,27,0x1.f552dfec54c71p-42,0x1.190622fc9244fp-432,0x1.f552dfec54c72p-42,4.45264917644646358e-13
14,28,0x1.6b032ff17d5aap-43,0x1.190622fc9244fp-432,0x1.6b032ff17d5abp-43,1.61209912222567038e-13
14,29,0x1.0682125937bc1p-44,0x1.190622fc9244fp-432,0x1.0682125937bc2p-44,5.82885056834555147e-14
14,30,0x1.7b29c27138d2ap-46,0x1.190622fc9244fp-432,0x1.7b29c27138d2bp-46,2.10477814734729219e-14
14,31,0x1.117acfc8ed8a4p-47,0x1.190622fc9244fp-432,0x1.117acfc8ed8a5p-47,7.59058740988837049e-15
14,32,0x1.8a03c7de32148p-49,0x1.190622fc9244fp-432,0x1.8a03c7de32149p-49,2.73402667514490447e-15
14,33,0x1.1b7dd57aef864p-50,0x1.190622fc9244fp-432,0x1.1b7dd57aef865p-50,9.83558854845986900e-16
14,34,0x1.977461d4a8f7cp-52,0x1.190622fc9244fp-432,0x1.977461d4a8f7dp-52,3.53410545427382858e-16
14,35,0x1.247834a39f615p-53,0x1.190622fc9244fp-432,0x1.247834a39f616p-53,1.26838449990327323e-16
14,36,0x1.a362f79433ac3p-55,0x1.190622fc9244fp-432,0x1.a362f79433ac4p-55,4.54699852265126872e-17
14,37,0x1.2c5a1fd75067cp-56,0x1.190622fc9244fp-432,0x1.2c5a1fd75067dp-56,1.62821171669121053e-17
14,38,0x1.adbb7e2bc3d26p-58,0x1.190622fc9244fp-432,0x1.adbb7e2bc3d27p-58,5.82395993906687632e-18
14,39,0x1.331714185142cp-59,0x1.190622fc9244fp-432,0x1.331714185142dp-59,2.08092380116066208e-18
14,40,0x1.b66ea4ec3e8bdp-61,0x1.190622fc9244fp-432,0x1.b66ea4ec3e8bep-61,7.42733043889033521e-19
14,41,0x1.38a5eefddabfdp-62,0x1.190622fc9244fp-432,0x1.38a5eefddabfep-62,2.64823307641906148e-19
14,42,0x1.bd71e81d10f6fp-64,0x1.190622fc9244fp-432,0x1.bd71e81d10f7p-64,9.43266367905574225e-20
14,43,0x1.3d00f35d6463p-65,0x1.190622fc9244fp-432,0x1.3d00f35d64631p-65,3.35640737120124301e-20
14,44,0x1.c2bf8bfd55de9p-67,0x1.190622fc9244fp-432,0x1.c2bf8bfd55deap-67,1.19312062992340354e-20
14,45,0x1.4025bdf31b4dcp-68,0x1.190622fc9244fp-432,0x1.4025bdf31b4ddp-68,4.23711595146140557e-21
14,46,0x1.c656823e1ab33p-70,0x1.190622fc9244fp-432,0x1.c656823e1ab34p-70,1.50327809191506095e-21
14,47,0x1.42152ba03cff2p-71,0x1.190622fc9244fp-432,0x1.42152ba03cff3p-71,5.32841125076715616e-22
14,48,0x1.c83a3c470d0d9p-73,0x1.190622fc9244fp-432,0x1.c83a3c470d0dap-73,1.88691264120632702e-22
14,49,0x1.42d332ee8e9f4p-74,0x1.190622fc9244fp-432,0x1.42d332ee8e9f5p-74,6.67586444657689507e-23
14,50,0x1.c8726cb5dfb09p-76,0x1.190622fc9244fp-432,0x1.c8726cb5dfb0ap-76,2.35977553318389043e-23
14,51,0x1.4266b29adee86p-77,0x1.190622fc9244fp-432,0x1.4266b29adee87p-77,8.33387472903011881e-24
14,52,0x1.c70aba9df418ep-79,0x1.190622fc9244fp-432,0x1.c70aba9df418fp-79,2.94063942103178490e-24
14,53,0x1.40d936f38cbdbp-80,0x1.190622fc9244fp-432,0x1.40d936f38cbdcp-80,1.03671740006574664e-24
14,54,0x1.c41269179c8b6p-82,0x1.190622fc9244fp-432,0x1.c41269179c8b7p-82,3.65180785606685913e-25
14,55,0x1.3e36b7dac35efp-83,0x1.190622fc9244fp-432,0x1.3e36b7dac35fp-83,1.28525507213335269e-25
14,56,0x1.bf9bf5ac33726p-85,0x1.190622fc9244fp-432,0x1.bf9bf5ac33727p-85,4.51969807919459986e-26
14,57,0x1.3a8d513681302p-86,0x1.190622fc9244fp-432,0x1.3a8d513681303p-86,1.58808186623796315e-26
14,58,0x1.b9bcb01ea438cp-88,0x1.190622fc9244fp-432,0x1.b9bcb01ea438dp-88,5.57550558229492380e-27
14,59,0x1.35ecf78af836bp-89,0x1.190622fc9244fp-432,0x1.35ecf78af836cp-89,1.95590584439170736e-27
14,60,0x1.b28c4df7a0475p-91,0x1.190622fc9244fp-432,0x1.b28c4df7a0476p-91,6.85595959341140710e-28
14,61,0x1.30672a67140d3p-92,0x1.190622fc9244fp-432,0x1.30672a67140d4p-92,2.40131618845352659e-28
14,62,0x1.aa247c1ab0021p-94,0x1.190622fc9244fp-432,0x1.aa247c1ab0022p-94,8.40417932598740946e-29
14,63,0x1.2a0ea62fcb766p-95,0x1.190622fc9244fp-432,0x1.2a0ea62fcb767p-95,2.93907113732790825e-29
14,64,0x1.a0a0707eebad2p-97,0x1.190622fc9244fp-432,0x1.a0a0707eebad3p-97,1.02706415236388620e-29
14,65,0x1.22f716b658e37p-98,0x1.190622fc9244fp-432,0x1.22f716b658e38p-98,3.58642286589699621e-30
14,66,0x1.961c7df4e2754p-100,0x1.190622fc9244fp-432,0x1.961c7df4e2755p-100,1.25142705206416825e-30
14,67,0x1.1b34cbe0986f2p-101,0x1.190622fc9244fp-432,0x1.1b34cbe0986f3p-101,4.36348296158131734e-31
14,68,0x1.8ab5abac9df01p-103,0x1.190622fc9244fp-432,0x1.8ab5abac9df02p-103,1.52036627159673350e-31
14,69,0x1.12dc7182ba273p-104,0x1.190622fc9244fp-432,0x1.12dc7182ba274p-104,5.29363236586343639e-32
14,70,0x1.7e8951f45f4ccp-106,0x1.190622fc9244fp-432,0x1.7e8951f45f4cdp-106,1.84184580157836461e-32
14,71,0x1.0a02cb5f55ff6p-107,0x1.190622fc9244fp-432,0x1.0a02cb5f55ff7p-107,6.40397985140692004e-33
14,72,0x1.71b4bd6c3e3ecp-109,0x1.190622fc9244fp-432,0x1.71b4bd6c3e3edp-109,2.22508714252358971e-33
14,73,0x1.00bc7617d4f6ap-110,0x1.190622fc9244fp-432,0x1.00bc7617d4f6bp-110,7.72587329703349042e-34
14,74,0x1.6454d9adbcacbp-112,0x1.190622fc9244fp-432,0x1.6454d9adbcaccp-112,2.68073985533492965e-34
14,75,0x1.ee3b5b5835248p-114,0x1.190622fc9244fp-432,0x1.ee3b5b5835249p-114,9.29546819892136496e-35
14,76,0x1.5685e42a15f91p-115,0x1.190622fc9244fp-432,0x1.5685e42a15f92p-115,3.22107093223081508e-35
14,77,0x1.da7433fcab323p-117,0x1.190622fc9244fp-432,0x1.da7433fcab324p-117,1.11543580127666739e-35
14,78,0x1.486327c7d1aeep-118,0x1.190622fc9244fp-432,0x1.486327c7d1aefp-118,3.86017446304193939e-36
14,79,0x1.c649434f6ab42p-120,0x1.190622fc9244fp-432,0x1.c649434f6ab43p-120,1.33502710538047759e-36
14,80,0x1.3a06c19107f7ep-121,0x1.190622fc9244fp-432,0x1.3a06c19107f7fp-121,4.61420310920458399e-37
14,81,0x1.b1de868a4f4fap-123,0x1.190622fc9244fp-432,0x1.b1de868a4f4fbp-123,1.59378387847248875e-37
14,82,0x1.2b896e90bba85p-124,0x1.190622fc9244fp-432,0x1.2b896e90bba86p-124,5.50162292521083070e-38
14,83,0x1.9d55ea819c808p-126,0x1.190622fc9244fp-432,0x1.9d55ea819c809p-126,1.89794403905720666e-38
14,84,0x1.1d0262cf68fcap-127,0x1.190622fc9244fp-432,0x1.1d0262cf68fcbp-127,6.54349308310418982e-39
14,85,0x1.88cf17fbf0726p-129,0x1.190622fc9244fp-432,0x1.88cf17fbf0727p-129,2.25461285694308471e-39
14,86,0x1.0e872935ede48p-130,0x1.190622fc9244fp-432,0x1.0e872935ede49p-130,7.76377205813154848e-40
14,87,0x1.74674c64d3774p-132,0x1.190622fc9244fp-432,0x1.74674c64d3775p-132,2.67186414525524540e-40
14,88,0x1.002b8bfa95b1cp-133,0x1.190622fc9244fp-432,0x1.002b8bfa95b1dp-133,9.18965182112652250e-41
14,89,0x1.60393e418a7b9p-135,0x1.190622fc9244fp-432,0x1.60393e418a7bap-135,3.15885055020201352e-41
14,90,0x1.e4030a3cf93b4p-137,0x1.190622fc9244fp-432,0x1.e4030a3cf93b5p-137,1.08519215538162647e-41
14,91,0x1.4c5d0caa139e7p-138,0x1.190622fc9244fp-432,0x1.4c5d0caa139e8p-138,3.72592341123566402e-42
14,92,0x1.c8326cd35be0fp-140,0x1.190622fc9244fp-432,0x1.c8326cd35be1p-140,1.27853623552131749e-42
14,93,0x1.38e838ea869acp-141,0x1.190622fc9244fp-432,0x1.38e838ea869adp-141,4.38476264589736200e-43
14,94,0x1.ad01d08455f7cp-143,0x1.190622fc9244fp-432,0x1.ad01d08455f7dp-143,1.50291743387788298e-43
14,95,0x1.25eda95b29a86p-144,0x1.190622fc9244fp-432,0x1.25eda95b29a87p-144,5.14851708854064180e-44
14,96,0x1.928a1d5a59827p-146,0x1.190622fc9244fp-432,0x1.928a1d5a59828p-146,1.76274374293677804e-44
14,97,0x1.137db46ef2ed3p-147,0x1.190622fc9244fp-432,0x1.137db46ef2ed4p-147,6.03195567973715740e-45
14,98,0x1.78e0a784204dap-149,0x1.190622fc9244fp-432,0x1.78e0a784204dbp-149,2.06296070543657049e-45
14,99,0x1.01a632f053a52p-150,0x1.190622fc9244fp-432,0x1.01a632f053a53p-150,7.05162986295602567e-46
14,100,0x1.60174da6090b8p-152,0x1.190622fc9244fp-432,0x1.60174da6090b9p-152,2.40910457833114876e-46
14,101,0x1.e0e530c4c5cfp-154,0x1.190622fc9244fp-432,0x1.e0e530c4c5cf1p-154,8.22604749657834989e-47
14,102,0x1.483c9f208fa47p-155,0x1.190622fc9244fp-432,0x1.483c9f208fa48p-155,2.80735918031285189e-47
14,103,0x1.bfd82100227aap-157,0x1.190622fc9244fp-432,0x1.bfd82100227abp-157,9.57585853200683806e-48
14,104,0x1.315c08dde8d1cp-158,0x1.190622fc9244fp-432,0x1.315c08dde8d1dp-158,3.26461649205299069e-48
14,105,0x1.a03341b675e07p-160,0x1.190622fc9244fp-432,0x1.a03341b675e08p-160,1.11240526421550999e-48
14,106,0x1.1b7e074731335p-161,0x1.190622fc9244fp-432,0x1.1b7e074731336p-161,3.78854105580240288e-49
14,107,0x1.82009b52e2d1bp-163,0x1.190622fc9244fp-432,0x1.82009b52e2d1cp-163,1.28961689086099323e-49
14,108,0x1.06a85c14ebe5fp-164,0x1.190622fc9244fp-432,0x1.06a85c14ebe6p-164,4.38763819542628839e-50
14,109,0x1.654681b6d88acp-166,0x1.190622fc9244fp-432,0x1.654681b6d88adp-166,1.49205175899856930e-50
14,110,0x1.e5bc8d8b62cc3p-168,0x1.190622fc9244fp-432,0x1.e5bc8d8b62cc4p-168,5.07132604925277691e-51
14,111,0x1.4a07e55b10fc2p-169,0x1.190622fc9244fp-432,0x1.4a07e55b10fc3p-169,1.72284138982459418e-51
14,112,0x1.c0417d3fdf7ffp-171,0x1.190622fc9244fp-432,0x1.c0417d3fdf8p-171,5.85001137624831324e-52
14,113,0x1.3044a5e5c42b5p-172,0x1.190622fc9244fp-432,0x1.3044a5e5c42b6p-172,1.98544236039614171e-52
14,114,0x1.9cdd5a7f1c271p-174,0x1.190622fc9244fp-432,0x1.9cdd5a7f1c272p-174,6.73516906098278172e-53
14,115,0x1.17f9e4e1996c8p-175,0x1.190622fc9244fp-432,0x1.17f9e4e1996c9p-175,2.28366201756190226e-53
14,116,0x1.7b8a519aa2d2dp-177,0x1.190622fc9244fp-432,0x1.7b8a519aa2d2ep-177,7.73942520463412504e-54
14,117,0x1.0122576a545cap-178,0x1.190622fc9244fp-432,0x1.0122576a545cbp-178,2.62168530323154745e-54
14,118,0x1.5c3f5a3693a5p-180,0x1.190622fc9244fp-432,0x1.5c3f5a3693a51p-180,8.87664364796445346e-55
14,119,0x1.d76d2b9b765eep-182,0x1.190622fc9244fp-432,0x1.d76d2b9b765efp-182,3.00410263537122214e-55
14,120,0x1.3ef0a5fd5f787p-183,0x1.190622fc9244fp-432,0x1.3ef0a5fd5f788p-183,1.01620157278764152e-55
14,121,0x1.af5ad08fcc4d9p-185,0x1.190622fc9244fp-432,0x1.af5ad08fcc4dap-185,3.43593877463724925e-56
14,122,0x1.23900ab7cc8d7p-186,0x1.190622fc9244fp-432,0x1.23900ab7cc8d8p-186,1.16121530219712928e-56
14,123,0x1.89f82052b1606p-188,0x1.190622fc9244fp-432,0x1.89f82052b1607p-188,3.92268259120644544e-57
14,124,0x1.0a0d66e8ba2e3p-189,0x1.190622fc9244fp-432,0x1.0a0d66e8ba2e4p-189,1.32451827856646779e-57
14,125,0x1.672d19b4c3e4dp-191,0x1.190622fc9244fp-432,0x1.672d19b4c3e4ep-191,4.47031763019588226e-58
14,126,0x1.e4ae007dbd74dp-193,0x1.190622fc9244fp-432,0x1.e4ae007dbd74ep-193,1.50808457341052297e-58
14,127,0x1.46dfb8a3b7248p-194,0x1.190622fc9244fp-432,0x1.46dfb8a3b7249p-194,5.08535335716875307e-59
14,128,0x1.b8b3b6bb66a1p-196,0x1.190622fc9244fp-432,0x1.b8b3b6bb66a11p-196,1.71405957666679493e-59
14,129,0x1.28f46d6a3f31dp-197,0x1.190622fc9244fp-432,0x1.28f46d6a3f31ep-197,5.77485694769250297e-60
14,130,0x1.900419531181bp-199,0x1.190622fc9244fp-432,0x1.900419531181cp-199,1.94477011754834888e-60
14,131,0x1.0d4e89e786105p-200,0x1.190622fc9244fp-432,0x1.0d4e89e786106p-200,6.54648546686265878e-61
14,132,0x1.6a7603d23f03dp-202,0x1.190622fc9244fp-432,0x1.6a7603d23f03ep-202,2.20273468216995814e-61
14,133,0x1.e7a1492caf48cp-204,0x1.190622fc9244fp-432,0x1.e7a1492caf48dp-204,7.40851826625830312e-62
14,134,0x1.47df8961eae09p-205,0x1.190622fc9244fp-432,0x1.47df8961eae0ap-205,2.49067367043789063e-62
14,135,0x1.b8b9e2d1b9493p-207,0x1.190622fc9244fp-432,0x1.b8b9e2d1b9494p-207,8.36988940709616346e-63
14,136,0x1.28166b53a3a5fp-208,0x1.190622fc9244fp-432,0x1.28166b53a3a6p-208,2.81151962875877349e-63
14,137,0x1.8dab214828337p-210,0x1.190622fc9244fp-432,0x1.8dab214828338p-210,9.44021989955576050e-64
14,138,0x1.0af081ba0944p-211,0x1.190622fc9244fp-432,0x1.0af081ba09441p-211,3.16842738918516225e-64
14,139,0x1.6639a80ce476cp-213,0x1.190622fc9244fp-432,0x1.6639a80ce476dp-213,1.06298495295316405e-64
14,140,0x1.e0882d15f939p-215,0x1.190622fc9244fp-432,0x1.e0882d15f9391p-215,3.56478403973058639e-65
14,141,0x1.422af53edc375p-216,0x1.190622fc9244fp-432,0x1.422af53edc376p-216,1.19498680256154555e-65
14,142,0x1.afd067d65917ep-218,0x1.190622fc9244fp-432,0x1.afd067d65917fp-218,4.00421864481611902e-66
14,143,0x1.2145c7a568845p-219,0x1.190622fc9244fp-432,0x1.2145c7a568846p-219,1.34121453011157530e-66
14,144,0x1.8369ccb941797p-221,0x1.190622fc9244fp-432,0x1.8369ccb941798p-221,4.49061162921731163e-67
14,145,0x1.035274233066ap-222,0x1.190622fc9244fp-432,0x1.035274233066bp-222,1.50293604885988032e-67
14,146,0x1.5b06e73a13c71p-224,0x1.190622fc9244fp-432,0x1.5b06e73a13c72p-224,5.02810373353291232e-68
14,147,0x1.d0365782be662p-226,0x1.190622fc9244fp-432,0x1.d0365782be663p-226,1.68150294679929116e-68
14,148,0x1.365d0e1b49e66p-227,0x1.190622fc9244fp-432,0x1.365d0e1b49e67p-227,5.62110444416548125e-69
14,149,0x1.9ed8671aec612p-229,0x1.190622fc9244fp-432,0x1.9ed8671aec613p-229,1.87835305739748193e-69
14,150,0x1.1524a90c269dap-230,0x1.190622fc9244fp-432,0x1.1524a90c269dbp-230,6.27429979615944540e-70
14,151,0x1.72281f167c7ecp-232,0x1.190622fc9244fp-432,0x1.72281f167c7edp-232,2.09501281543673519e-70
14,152,0x1.ee32c9d9779bcp-234,0x1.190622fc9244fp-432,0x1.ee32c9d9779bdp-234,6.99265944306058760e-71
14,153,0x1.49c743fabb7c7p-235,0x1.190622fc9244fp-432,0x1.49c743fabb7c8p-235,2.33309936388753782e-71
14,154,0x1.b7f4b0ec62af8p-237,0x1.190622fc9244fp-432,0x1.b7f4b0ec62af9p-237,7.78144288431473399e-72
14,155,0x1.255c80858fc61p-238,0x1.190622fc9244fp-432,0x1.255c80858fc62p-238,2.59432237668913151e-72
14,156,0x1.87143607b4339p-240,0x1.190622fc9244fp-432,0x1.87143607b433ap-240,8.64620473768842171e-73
14,157,0x1.04937cfd050dcp-241,0x1.190622fc9244fp-432,0x1.04937cfd050ddp-241,2.88048556145565770e-73
14,158,0x1.5b1d9e554778cp-243,0x1.190622fc9244fp-432,0x1.5b1d9e554778dp-243,9.59279894184254301e-74
14,159,0x1.ce39cccbcecfep-245,0x1.190622fc9244fp-432,0x1.ce39cccbcecffp-245,3.19348780549960300e-74
14,160,0x1.33a44571db62ep-246,0x1.190622fc9244fp-432,0x1.33a44571db62fp-246,1.06273817725954531e-74
14,161,0x1.995ccfab3b779p-248,0x1.190622fc9244fp-432,0x1.995ccfab3b77ap-248,3.53532392818810253e-75
14,162,0x1.10428b43bcbf5p-249,0x1.190622fc9244fp-432,0x1.10428b43bcbf6p-249,1.17564135556419419e-75
14,163,0x1.6a052fe216f5ap-251,0x1.190622fc9244fp-432,0x1.6a052fe216f5bp-251,3.90808500254192551e-76
14,164,0x1.e13364f74f892p-253,0x1.190622fc9244fp-432,0x1.e13364f74f893p-253,1.29866589586149767e-76
14,165,0x1.3fb1b909ce9e8p-254,0x1.190622fc9244fp-432,0x1.3fb1b909ce9e9p-254,4.31395820917372206e-77
14,166,0x1.a8a364b9988b4p-256,0x1.190622fc9244fp-432,0x1.a8a364b9988b5p-256,1.43251857464500332e-77
14,167,0x1.19ea8bf985a7p-257,0x1.190622fc9244fp-432,0x1.19ea8bf985a71p-257,4.75522618615875821e-78
14,168,0x1.7631fc6156b01p-259,0x1.190622fc9244fp-432,0x1.7631fc6156b02p-259,1.57793618860935536e-78
14,169,0x1.f0819157b3e16p-261,0x1.190622fc9244fp-432,0x1.f0819157b3e17p-261,5.23426583925418801e-79
14,170,0x1.494889255a468p-262,0x1.190622fc9244fp-432,0x1.494889255a469p-262,1.73568508897317903e-79
14,171,0x1.b49c5c0cdfc28p-264,0x1.190622fc9244fp-432,0x1.b49c5c0cdfc29p-264,5.75354657804728864e-80
14,172,0x1.215c510dc77a7p-265,0x1.190622fc9244fp-432,0x1.215c510dc77a8p-265,1.90656052899561181e-80
14,173,0x1.7f69643cb034cp-267,0x1.190622fc9244fp-432,0x1.7f69643cb034dp-267,6.31562794513164850e-81
14,174,0x1.fbdbd86153eefp-269,0x1.190622fc9244fp-432,0x1.fbdbd86153efp-269,2.09138581456471702e-81
14,175,0x1.503c2a8f89b4cp-270,0x1.190622fc9244fp-432,0x1.503c2a8f89b4dp-270,6.92315660728865229e-82
14,176,0x1.bd1150183f75ap-272,0x1.190622fc9244fp-432,0x1.bd1150183f75bp-272,2.29101124838878131e-82
14,177,0x1.2676e3ec5f19cp-273,0x1.190622fc9244fp-432,0x1.2676e3ec5f19dp-273,7.57886267990284856e-83
14,178,0x1.8583cf4f41cfdp-275,0x1.190622fc9244fp-432,0x1.8583cf4f41cfep-275,2.50631285909172649e-83
14,179,0x1.018996595e16fp-276,0x1.190622fc9244fp-432,0x1.018996595e17p-276,8.28555535845899273e-84
14,180,0x1.5471058dc563bp-278,0x1.190622fc9244fp-432,0x1.5471058dc563cp-278,2.73819090740123851e-84
14,181,0x1.c1e26bf553b42p-280,0x1.190622fc9244fp-432,0x1.c1e26bf553b43p-280,9.04611783396259119e-85
14,182,0x1.29284c40bab57p-281,0x1.190622fc9244fp-432,0x1.29284c40bab58p-281,2.98756816262335754e-85
14,183,0x1.886d896921762p-283,0x1.190622fc9244fp-432,0x1.886d896921763p-283,9.86350147248664032e-86
14,184,0x1.03096c6febcbp-284,0x1.190622fc9244fp-432,0x1.03096c6febcb1p-284,3.25538794371745239e-86
14,185,0x1.55dced10c14d4p-286,0x1.190622fc9244fp-432,0x1.55dced10c14d5p-286,1.07407192427687686e-86
14,186,0x1.c306d8cf8662dp-288,0x1.190622fc9244fp-432,0x1.c306d8cf8662ep-288,3.54261192051782243e-87
14,187,0x1.296db8bd9c4f1p-289,0x1.190622fc9244fp-432,0x1.296db8bd9c4f2p-289,1.16808383798527644e-87
14,188,0x1.8826cefa462dcp-291,0x1.190622fc9244fp-432,0x1.8826cefa462ddp-291,3.85021767198927142e-88
14,189,0x1.02702d317617bp-292,0x1.190622fc9244fp-432,0x1.02702d317617cp-292,1.26869722771746898e-88
14,190,0x1.5486e330cc113p-294,0x1.190622fc9244fp-432,0x1.5486e330cc114p-294,4.17919599984691140e-89
14,191,0x1.c08c41bb3df41p-296,0x1.190622fc9244fp-432,0x1.c08c41bb3df42p-296,1.37622716042095605e-89
14,192,0x1.27530f937fefcp-297,0x1.190622fc9244fp-432,0x1.27530f937fefdp-297,4.53054799741011900e-90
14,193,0x1.84c31385b96b6p-299,0x1.190622fc9244fp-432,0x1.84c31385b96b7p-299,1.49099146518087230e-90
14,194,0x1.ff9a3b2d6a6c9p-301,0x1.190622fc9244fp-432,0x1.ff9a3b2d6a6cap-301,4.90528187518787434e-91
14,195,0x1.508636f26c4afp-302,0x1.190622fc9244fp-432,0x1.508636f26c4bp-302,1.61330969126296946e-91
14,196,0x1.ba95800ff0852p-304,0x1.190622fc9244fp-432,0x1.ba95800ff0853p-304,5.30440954639825885e-92
14,197,0x1.22f1f3f7871a3p-305,0x1.190622fc9244fp-432,0x1.22f1f3f7871a4p-305,1.74350199095687550e-92
14,198,0x1.7e67955bef45ap-307,0x1.190622fc9244fp-432,0x1.7e67955bef45bp-307,5.72894297740053988e-93
14,199,0x1.f67605e50e90cp-309,0x1.190622fc9244fp-432,0x1.f67605e50e90dp-309,1.88188792908162612e-93
14,200,0x1.4a010f4b7d0b2p-310,0x1.190622fc9244fp-432,0x1.4a010f4b7d0b3p-310,6.17989030984956740e-94
14,201,0x1.b1588c74f1d79p-312,0x1.190622fc9244fp-432,0x1.b1588c74f1d7ap-312,2.02878522160169836e-94
14,202,0x1.1c7054793bb32p-313,0x1.190622fc9244fp-432,0x1.1c7054793bb33p-313,6.65825176325824989e-95
14,203,0x1.75495a16600c5p-315,0x1.190622fc9244fp-432,0x1.75495a16600c6p-315,2.18450840640134048e-95
14,204,0x1.e9bd7ad1cd543p-317,0x1.190622fc9244fp-432,0x1.e9bd7ad1cd544p-317,7.16501532856179905e-96
14,205,0x1.412a7d92baea9p-318,0x1.190622fc9244fp-432,0x1.412a7d92baeaap-318,2.34936744987051183e-96
14,206,0x1.a51bd878b4beep-320,0x1.190622fc9244fp-432,0x1.a51bd878b4befp-320,7.70115226520004013e-97
14,207,0x1.13fe9a9936246p-321,0x1.190622fc9244fp-432,0x1.13fe9a9936247p-321,2.52366629356597923e-97
14,208,0x1.69aab50ae239p-323,0x1.190622fc9244fp-432,0x1.69aab50ae2391p-323,8.26761241616271153e-98
14,209,0x1.d9cb32721bb22p-325,0x1.190622fc9244fp-432,0x1.d9cb32721bb23p-325,2.70770134581755728e-98
14,210,0x1.364035ad27f8dp-326,0x1.190622fc9244fp-432,0x1.364035ad27f8ep-326,8.86531935734954728e-99
14,211,0x1.96333979e9bbep-328,0x1.190622fc9244fp-432,0x1.96333979e9bbfp-328,2.90175992374982866e-99
14,212,0x1.09d596f63ba71p-329,0x1.190622fc9244fp-432,0x1.09d596f63ba72p-329,9.49516539948238413e-100
14,213,0x1.5bd87c40ae22cp-331,0x1.190622fc9244fp-432,0x1.5bd87c40ae22dp-331,3.10611865177867810e-100
14,214,0x1.c706de6abffecp-333,0x1.190622fc9244fp-432,0x1.c706de6abffedp-333,1.01580064626365334e-100
14,215,0x1.29880c5a3a9e7p-334,0x1.190622fc9244fp-432,0x1.29880c5a3a9e8p-334,3.32104182321053199e-101
14,216,0x1.84fc8fd289e2dp-336,0x1.190622fc9244fp-432,0x1.84fc8fd289e2ep-336,1.08546568452284434e-101
14,217,0x1.fc688cee3050dp-338,0x1.190622fc9244fp-432,0x1.fc688cee3050ep-338,3.54677973212136104e-102
14,218,0x1.4c27116114e55p-339,0x1.190622fc9244fp-432,0x1.4c27116114e56p-339,1.15858839109887726e-102
14,219,0x1.b1e15a28d58d3p-341,0x1.190622fc9244fp-432,0x1.b1e15a28d58d4p-341,3.78356698321025771e-103
14,220,0x1.1b4d5c05c55cap-342,0x1.190622fc9244fp-432,0x1.1b4d5c05c55cbp-342,1.23524027190341813e-103
14,221,0x1.71dc54baf3526p-344,0x1.190622fc9244fp-432,0x1.71dc54baf3527p-344,4.03162078780821812e-104
14,222,0x1.e2bb186704a1bp-346,0x1.190622fc9244fp-432,0x1.e2bb186704a1cp-346,1.31548706236330708e-104
14,223,0x1.3aef62da70be3p-347,0x1.190622fc9244fp-432,0x1.3aef62da70be4p-347,4.29113925466984692e-105
14,224,0x1.9ad0ba58b4398p-349,0x1.190622fc9244fp-432,0x1.9ad0ba58b4399p-349,1.39938818715980888e-105
14,225,0x1.0bde6ebb09ea6p-350,0x1.190622fc9244fp-432,0x1.0bde6ebb09ea7p-350,4.56229968457795953e-106
14,226,0x1.5d3a368dddbe9p-352,0x1.190622fc9244fp-432,0x1.5d3a368dddbeap-352,1.48699622264470624e-106
14,227,0x1.c72bf37d6eb66p-354,0x1.190622fc9244fp-432,0x1.c72bf37d6eb67p-354,4.84525687814549546e-107
14,228,0x1.288c0645c004bp-355,0x1.190622fc9244fp-432,0x1.288c0645c004cp-355,1.57835636494993250e-107
14,229,0x1.824c85bd39e83p-357,0x1.190622fc9244fp-432,0x1.824c85bd39e84p-357,5.14014146649851652e-108
14,230,0x1.f714110e7c79dp-359,0x1.190622fc9244fp-432,0x1.f714110e7c79ep-359,1.67350590689485169e-108
14,231,0x1.477de663b4168p-360,0x1.190622fc9244fp-432,0x1.477de663b4169p-360,5.44705827477145696e-109
14,232,0x1.aa43784eb8749p-362,0x1.190622fc9244fp-432,0x1.aa43784eb874ap-362,1.77247372686180285e-109
14,233,0x1.1556887f0554ep-363,0x1.190622fc9244fp-432,0x1.1556887f0554fp-363,5.76608472852274642e-110
14,234,0x1.68ca3b869c2b7p-365,0x1.190622fc9244fp-432,0x1.68ca3b869c2b8p-365,1.87527979285862632e-110
14,235,0x1.d53a5256780b2p-367,0x1.190622fc9244fp-432,0x1.d53a5256780b3p-367,6.09726931330227227e-111
14,236,0x1.310c33e6c0614p-368,0x1.190622fc9244fp-432,0x1.310c33e6c0615p-368,1.98193468501317429e-111
14,237,0x1.8c857fb1c7576p-370,0x1.190622fc9244fp-432,0x1.8c857fb1c7577p-370,6.44063009764500753e-112
14,238,0x1.01a50a3ad1cddp-371,0x1.190622fc9244fp-432,0x1.01a50a3ad1cdep-371,2.09243913975027929e-112
14,239,0x1.4eba43a24f388p-373,0x1.190622fc9244fp-432,0x1.4eba43a24f389p-373,6.79615332975394122e-113
14,240,0x1.b2c22da774668p-375,0x1.190622fc9244fp-432,0x1.b2c22da774669p-375,2.20678361888267581e-113
14,241,0x1.1a448d52cc854p-376,0x1.190622fc9244fp-432,0x1.1a448d52cc855p-376,7.16379211803399452e-114
14,242,0x1.6e6e31cbafc07p-378,0x1.190622fc9244fp-432,0x1.6e6e31cbafc08p-378,2.32494790680771215e-114
14,243,0x1.db90735f1c8d2p-380,0x1.190622fc9244fp-432,0x1.db90735f1c8d4p-380,7.54346520548089755e-115
14,244,0x1.34855d3b3ceap-381,0x1.190622fc9244fp-432,0x1.34855d3b3cea3p-381,2.44690073893743140e-115
14,245,0x1.90337c276aa0ap-383,0x1.190622fc9244fp-432,0x1.90337c276aa13p-383,7.93505584768200908e-116
14,246,0x1.037ef24fffa47p-384,0x1.190622fc9244fp-432,0x1.037ef24fffa59p-384,2.57259946440188228e-116
14,247,0x1.506f70edb365ap-386,0x1.190622fc9244fp-432,0x1.506f70edb36a1p-386,8.33841080387962901e-117
14,248,0x1.b413672fd031dp-388,0x1.190622fc9244fp-432,0x1.b413672fd0437p-388,2.70198974595443218e-117
14,249,0x1.1a8a975445551p-389,0x1.190622fc9244fp-432,0x1.1a8a975445784p-389,8.75333945015228383e-118
14,250,0x1.6e08dbd725d3cp-391,0x1.190622fc9244fp-432,0x1.6e08dbd726605p-391,2.83500529987376504e-118
14,251,0x1.da14c27577327p-393,0x1.190622fc9244fp-432,0x1.da14c27579648p-393,9.17961302332046681e-119
14,252,0x1.32eee6eadee6cp-394,0x1.190622fc9244fp-432,0x1.32eee6eae34aep-394,2.97156767850529566e-119
14,253,0x1.8d559f908ba32p-396,0x1.190622fc9244fp-432,0x1.8d559f909d339p-396,9.61696400368070672e-120
14,254,0x1.011dd78d11ef5p-397,0x1.190622fc9244fp-432,0x1.011dd78d35102p-397,3.11158609794312873e-120
14,255,0x1.4cade3227b854p-399,0x1.190622fc9244fp-432,0x1.4cade32308086p-399,1.00650856444716048e-120
14,256,0x1.ae577facf1058p-401,0x1.190622fc9244fp-432,0x1.ae577faf2311dp-401,3.25495731354431971e-121
14,257,0x1.1644b497628bp-402,0x1.190622fc9244fp-432,0x1.1644b49bc6a39p-402,1.05236316592163726e-121
14,258,0x1.67c7b036378f4p-404,0x1.190622fc9244fp-432,0x1.67c7b047c7f17p-404,3.40156554967809169e-122
14,259,0x1.d10dd839557adp-406,0x1.190622fc9244fp-432,0x1.d10dd87f97039p-406,1.09922161168433850e-122
14,260,0x1.2c7e0a573abb8p-407,0x1.190622fc9244fp-432,0x1.2c7e0ae3bdcdp-407,3.55128252950075068e-123
14,261,0x1.843a7534fef04p-409,0x1.190622fc9244fp-432,0x1.843a77670b364p-409,1.14704139914610909e-123
14,262,0x1.f575771643f5p-411,0x1.190622fc9244fp-432,0x1.f5757fde750cfp-411,3.70396804957710907e-124
14,263,0x1.43c7468c0d0fep-412,0x1.190622fc9244fp-432,0x1.43c7581c6f3fbp-412,1.19577668208559931e-124
14,264,0x1.a2023c26777aep-414,0x1.190622fc9244fp-432,0x1.a2028268003a1p-414,3.85947556704404046e-125
14,265,0x1.0dc43613bfbebp-415,0x1.190622fc9244fp-432,0x1.0dc4c296d13dp-415,1.24538383097393056e-125
14,266,0x1.5c1c048d03aa5p-417,0x1.190622fc9244fp-432,0x1.5c1e369949a38p-417,4.01770780096213397e-126
14,267,0x1.c11879eb6564dp-419,0x1.190622fc9244fp-432,0x1.c121421c7d497p-419,1.29587715689471852e-126
14,268,0x1.219e44caf6703p-420,0x1.190622fc9244fp-432,0x1.21afd52d26396p-420,4.17917571901814009e-127
14,269,0x1.75736df8d2b47p-422,0x1.190622fc9244fp-432,0x1.75b9af8191d91p-422,1.34788985162384244e-127
14,270,0x1.e16a9cc1d3271p-424,0x1.190622fc9244fp-432,0x1.e283a2e4cfb96p-424,4.35062825311628026e-128
14,271,0x1.3630a091f6952p-425,0x1.190622fc9244fp-432,0x1.3862acd7efb9bp-425,1.40832430628554823e-128
14,272,0x1.8f82e8bb268eep-427,0x1.190622fc9244fp-432,0x1.984b19d30b211p-427,4.60176255921149600e-129
14,273,0x1.010017b77f5eep-428,0x1.190622fc9244fp-432,0x1.129079e748833p-428,1.54726981567406695e-129
14,274,0x1.49d2b4c94efbbp-430,0x1.190622fc9244fp-432,0x1.90143d88738cfp-430,5.63647681059316409e-130
14,275,0x1.a4a3cff44d0dbp-432,0x1.190622fc9244fp-432,0x1.5ed4f9786fa95p-431,2.47133157581827168e-130
14,276,0x1.07fd13c18befdp-433,0x1.190622fc9244fp-432,0x1.9d04acdd583cep-432,1.45469237835283603e-130
14,277,0x1.3e1ae4b28f89p-435,0x1.190622fc9244fp-432,0x1.40c97f92e4361p-432,1.12984484164243095e-130
14,278,0x1.5852f7a8240a1p-437,0x1.190622fc9244fp-432,0x1.23c8bab9d3655p-432,1.02769330941146751e-130
14,279,0x1.0d9a5d338b713p-439,0x1.190622fc9244fp-432,0x1.1b2157b6f95bep-432,9.97213552510642478e-131
14,280,0x0p+0,0x1.190622fc9244fp-432,0x1.190622fc9244fp-432,9.89795043407375598e-131
15,0,0x1.89656b2f37b98p-3,0x1.225537582c672p-416,0x1.89656b2f37b99p-3,1.92087972048253148e-01
15,1,0x1.329a543247221p-4,0x1.225537582c672p-416,0x1.329a543247222p-4,7.48542107507508548e-02
15,2,0x1.dabd44a234a0ep-6,0x1.225537582c672p-416,0x1.dabd44a234a0fp-6,2.89757890939857342e-02
15,3,0x1.70d7edf31ff6fp-7,0x1.225537582c672p-416,0x1.70d7edf31ff7p-7,1.12562095512200589e-02
15,4,0x1.1fe8c9931124fp-8,0x1.225537582c672p-416,0x1.1fe8c9931125p-8,4.39314767124139583e-03
15,5,0x1.c288c3f36a793p-10,0x1.225537582c672p-416,0x1.c288c3f36a794p-10,1.71865173329386213e-03
15,6,0x1.607b9f855eb2fp-11,0x1.225537582c672p-416,0x1.607b9f855eb3p-11,6.72307782834868570e-04
15,7,0x1.1350399c2dd4ep-12,0x1.225537582c672p-416,0x1.1350399c2dd4fp-12,2.62559298572513764e-04
15,8,0x1.ad0573ee82203p-14,0x1.225537582c672p-416,0x1.ad0573ee82204p-14,1.02286648804413071e-04
15,9,0x1.4d598b73c5de8p-15,0x1.225537582c672p-416,0x1.4d598b73c5de9p-15,3.97383909371237628e-05
15,10,0x1.02496498e0e2fp-16,0x1.225537582c672p-416,0x1.02496498e0e3p-16,1.53950864816411004e-05
15,11,0x1.8f296fae8d46cp-18,0x1.225537582c672p-416,0x1.8f296fae8d46dp-18,5.94797522395383795e-06
15,12,0x1.33a30c7005206p-19,0x1.225537582c672p-416,0x1.33a30c7005207p-19,2.29207358160900042e-06
15,13,0x1.d90938df59235p-21,0x1.225537582c672p-416,0x1.d90938df59236p-21,8.81098255617129404e-07
15,14,0x1.6ad7f45660ba5p-22,0x1.225537582c672p-416,0x1.6ad7f45660ba6p-22,3.37924409697812004e-07
15,15,0x1.15b798ccb100dp-23,0x1.225537582c672p-416,0x1.15b798ccb100ep-23,1.29322137351379197e-07
15,16,0x1.a84151efebf93p-25,0x1.225537582c672p-416,0x1.a84151efebf94p-25,4.93898005821236941e-08
15,17,0x1.436dfe2c4bdcdp-26,0x1.225537582c672p-416,0x1.436dfe2c4bdcep-26,1.88260839566756872e-08
15,18,0x1.ec39545c626fap-28,0x1.225537582c672p-416,0x1.ec39545c626fbp-28,7.16280109910916584e-09
15,19,0x1.75e5d654257b8p-29,0x1.225537582c672p-416,0x1.75e5d654257b9p-29,2.72046455681539846e-09
15,20,0x1.1b8a12f22776dp-30,0x1.225537582c672p-416,0x1.1b8a12f22776ep-30,1.03151015206718757e-09
15,21,0x1.ad57936dcbb7ep-32,0x1.225537582c672p-416,0x1.ad57936dcbb7fp-32,3.90484359137490519e-10
15,22,0x1.448e5b5a051a5p-33,0x1.225537582c672p-416,0x1.448e5b5a051a6p-33,1.47591018237749658e-10
15,23,0x1.e9f472121a588p-35,0x1.225537582c672p-416,0x1.e9f472121a589p-35,5.57014192942200310e-11
15,24,0x1.7149812380e0cp-36,0x1.225537582c672p-416,0x1.7149812380e0dp-36,2.09915428257521864e-11
15,25,0x1.15f2bdde0ed75p-37,0x1.225537582c672p-416,0x1.15f2bdde0ed76p-37,7.89976325128291888e-12
15,26,0x1.a1d56c86fa83fp-39,0x1.225537582c672p-416,0x1.a1d56c86fa84p-39,2.96888691227486038e-12
15,27,0x1.39a55f68314cap-40,0x1.225537582c672p-416,0x1.39a55f68314cbp-40,1.11429438847680176e-12
15,28,0x1.d6456b0caa904p-42,0x1.225537582c672p-416,0x1.d6456b0caa905p-42,4.17684699889695820e-13
15,29,0x1.601d4d219041p-43,0x1.225537582c672p-416,0x1.601d4d2190411p-43,1.56370231508739134e-13
15,30,0x1.0752da66d6e51p-44,0x1.225537582c672p-416,0x1.0752da66d6e52p-44,5.84695947315968607e-14
15,31,0x1.89608b75ee4d9p-46,0x1.225537582c672p-416,0x1.89608b75ee4dap-46,2.18368172433762397e-14
15,32,0x1.257d7e0ba4504p-47,0x1.225537582c672p-416,0x1.257d7e0ba4505p-47,8.14598956487084350e-15
15,33,0x1.b56fa8c59b9cap-49,0x1.225537582c672p-416,0x1.b56fa8c59b9cbp-49,3.03532316645669360e-15
15,34,0x1.45a1054729125p-50,0x1.225537582c672p-416,0x1.45a1054729126p-50,1.12975249567048110e-15
15,35,0x1.e4457d2ca9ca2p-52,0x1.225537582c672p-416,0x1.e4457d2ca9ca3p-52,4.20038518950090071e-16
15,36,0x1.67b7b7976833bp-53,0x1.225537582c672p-416,0x1.67b7b7976833cp-53,1.56002660933810532e-16
15,37,0x1.0aeb7ba187a49p-54,0x1.225537582c672p-416,0x1.0aeb7ba187a4ap-54,5.78790173794194258e-17
15,38,0x1.8bb79ffae8ef6p-56,0x1.225537582c672p-416,0x1.8bb79ffae8ef7p-56,2.14518769963766166e-17
15,39,0x1.25097bcaa355p-57,0x1.225537582c672p-416,0x1.25097bcaa3551p-57,7.94278502450902570e-18
15,40,0x1.b19278adc7297p-59,0x1.225537582c672p-416,0x1.b19278adc7298p-59,2.93799919500829836e-18
15,41,0x1.40711e119eddbp-60,0x1.225537582c672p-416,0x1.40711e119eddcp-60,1.08569926955509485e-18
15,42,0x1.d935a296bc436p-62,0x1.225537582c672p-416,0x1.d935a296bc437p-62,4.00824047752263932e-19
15,43,0x1.5d13ae68402edp-63,0x1.225537582c672p-416,0x1.5d13ae68402eep-63,1.47839809239455649e-19
15,44,0x1.014514754c8e7p-64,0x1.225537582c672p-416,0x1.014514754c8e8p-64,5.44790084273624598e-20
15,45,0x1.7adf6cacaab6cp-66,0x1.225537582c672p-416,0x1.7adf6cacaab6dp-66,2.00573564845784237e-20
15,46,0x1.16ba68a8eb3dap-67,0x1.225537582c672p-416,0x1.16ba68a8eb3dbp-67,7.37787295028612185e-21
15,47,0x1.99bf9c882a4d7p-69,0x1.225537582c672p-416,0x1.99bf9c882a4d8p-69,2.71148800423695713e-21
15,48,0x1.2ceb1c5262225p-70,0x1.225537582c672p-416,0x1.2ceb1c5262226p-70,9.95655468761341969e-22
15,49,0x1.b99c9e2de2009p-72,0x1.225537582c672p-416,0x1.b99c9e2de200ap-72,3.65292709824225888e-22
15,50,0x1.43c57e0efcd09p-73,0x1.225537582c672p-416,0x1.43c57e0efcd0ap-73,1.33908735133955121e-22
15,51,0x1.da5c0fd03fc2cp-75,0x1.225537582c672p-416,0x1.da5c0fd03fc2dp-75,4.90476347471075379e-23
15,52,0x1.5b35f757c42a1p-76,0x1.225537582c672p-416,0x1.5b35f757c42a2p-76,1.79503779186001092e-23
15,53,0x1.fbe0f7809af81p-78,0x1.225537582c672p-416,0x1.fbe0f7809af82p-78,6.56417933624061868e-24
15,54,0x1.73272cfb2c0d5p-79,0x1.225537582c672p-416,0x1.73272cfb2c0d6p-79,2.39852024058932636e-24
15,55,0x1.0f05fa854237bp-80,0x1.225537582c672p-416,0x1.0f05fa854237cp-80,8.75723687058553376e-25
15,56,0x1.8b82250c450f3p-82,0x1.225537582c672p-416,0x1.8b82250c450f4p-82,3.19489123265488257e-25
15,57,0x1.205dbd9e43039p-83,0x1.225537582c672p-416,0x1.205dbd9e4303ap-83,1.16470170381084612e-25
15,58,0x1.a42e71d84ad67p-85,0x1.225537582c672p-416,0x1.a42e71d84ad68p-85,4.24274814713307934e-26
15,59,0x1.31e607f974a1bp-86,0x1.225537582c672p-416,0x1.31e607f974a1cp-86,1.54439305152463226e-26
15,60,0x1.bd12615fdc9d4p-88,0x1.225537582c672p-416,0x1.bd12615fdc9d5p-88,5.61759586733082254e-27
15,61,0x1.438c490f8e141p-89,0x1.225537582c672p-416,0x1.438c490f8e142p-89,2.04187488104687209e-27
15,62,0x1.d61330c008a0ap-91,0x1.225537582c672p-416,0x1.d61330c008a0bp-91,7.41647521065099014e-28
15,63,0x1.553d4277f4e1bp-92,0x1.225537582c672p-416,0x1.553d4277f4e1cp-92,2.69190339529370080e-28
15,64,0x1.ef1542e8e1e96p-94,0x1.225537582c672p-416,0x1.ef1542e8e1e97p-94,9.76379161816788367e-29
15,65,0x1.66e52f962c96p-95,0x1.225537582c672p-416,0x1.66e52f962c961p-95,3.53898047004777709e-29
15,66,0x1.03fe2cf9eae2ap-96,0x1.225537582c672p-416,0x1.03fe2cf9eae2bp-96,1.28186383602150703e-29
15,67,0x1.786feee2752f3p-98,0x1.225537582c672p-416,0x1.786feee2752f4p-98,4.63994720296887853e-30
15,68,0x1.1055e931c68b1p-99,0x1.225537582c672p-416,0x1.1055e931c68b2p-99,1.67839765365991399e-30
15,69,0x1.89c92c4aa0af7p-101,0x1.225537582c672p-416,0x1.89c92c4aa0af8p-101,6.06723140550163738e-31
15,70,0x1.1c836fc8f5b66p-102,0x1.225537582c672p-416,0x1.1c836fc8f5b67p-102,2.19181169494233329e-31
15,71,0x1.9adc8c25979f3p-104,0x1.225537582c672p-416,0x1.9adc8c25979f4p-104,7.91290491790333744e-32
15,72,0x1.287864475b023p-105,0x1.225537582c672p-416,0x1.287864475b024p-105,2.85490495063570211e-32
15,73,0x1.ab95d633b2e99p-107,0x1.225537582c672p-416,0x1.ab95d633b2e9ap-107,1.02937416561976351e-32
15,74,0x1.34269259444d6p-108,0x1.225537582c672p-416,0x1.34269259444d7p-108,3.70922877436934980e-33
15,75,0x1.bbe12027eeb7dp-110,0x1.225537582c672p-416,0x1.bbe12027eeb7ep-110,1.33575097220036820e-33
15,76,0x1.3f800b96ef14p-111,0x1.225537582c672p-416,0x1.3f800b96ef141p-111,4.80730435796117430e-34
15,77,0x1.cbaaf739ea1aap-113,0x1.225537582c672p-416,0x1.cbaaf739ea1abp-113,1.72907821807286584e-34
15,78,0x1.4a77447174ed1p-114,0x1.225537582c672p-416,0x1.4a77447174ed2p-114,6.21537255380826044e-35
15,79,0x1.dae08846854fcp-116,0x1.225537582c672p-416,0x1.dae08846854fdp-116,2.23286129667252539e-35
15,80,0x1.54ff2ff1473aep-117,0x1.225537582c672p-416,0x1.54ff2ff1473afp-117,8.01679683563779706e-36
15,81,0x1.e96fc60c8ea49p-119,0x1.225537582c672p-416,0x1.e96fc60c8ea4ap-119,2.87664988443211323e-36
15,82,0x1.5f0b59f854ff1p-120,0x1.225537582c672p-416,0x1.5f0b59f854ff2p-120,1.03162660105021034e-36
15,83,0x1.f7478d1c18273p-122,0x1.225537582c672p-416,0x1.f7478d1c18274p-122,3.69751378441792687e-37
15,84,0x1.688fffc0edc19p-123,0x1.225537582c672p-416,0x1.688fffc0edc1ap-123,1.32449742952899298e-37
15,85,0x1.022be28cc6a43p-124,0x1.225537582c672p-416,0x1.022be28cc6a44p-124,4.74186019325848668e-38
15,86,0x1.7182265a46dcp-126,0x1.225537582c672p-416,0x1.7182265a46dc1p-126,1.69669935193461258e-38
15,87,0x1.0848bf809950fp-127,0x1.225537582c672p-416,0x1.0848bf809951p-127,6.06766701773456564e-39
15,88,0x1.79d7aeec094e4p-129,0x1.225537582c672p-416,0x1.79d7aeec094e5p-129,2.16870966481205744e-39
15,89,0x1.0df38812122ecp-130,0x1.225537582c672p-416,0x1.0df38812122edp-130,7.74722222402409021e-40
15,90,0x1.8187689351293p-132,0x1.225537582c672p-416,0x1.8187689351294p-132,2.76603448727978292e-40
15,91,0x1.132614d275272p-133,0x1.225537582c672p-416,0x1.132614d275273p-133,9.87047752065837847e-41
15,92,0x1.88891fb4dfabcp-135,0x1.225537582c672p-416,0x1.88891fb4dfabdp-135,3.52038137343713813e-41
15,93,0x1.17daf6238a826p-136,0x1.225537582c672p-416,0x1.17daf6238a827p-136,1.25491464876680726e-41
15,94,0x1.8ed5aaa9c371dp-138,0x1.225537582c672p-416,0x1.8ed5aaa9c371ep-138,4.47109089642786922e-42
15,95,0x1.1c0d7c396872p-139,0x1.225537582c672p-416,0x1.1c0d7c3968721p-139,1.59217031893368419e-42
15,96,0x1.9466f3b53c539p-141,0x1.225537582c672p-416,0x1.9466f3b53c53ap-141,5.66688120436209818e-43
15,97,0x1.1fb9bd2d5cf49p-142,0x1.225537582c672p-416,0x1.1fb9bd2d5cf4ap-142,2.01594680681863717e-43
15,98,0x1.9938003bfbd0ap-144,0x1.225537582c672p-416,0x1.9938003bfbd0bp-144,7.16797013697487135e-44
15,99,0x1.22dc991fa396fp-145,0x1.225537582c672p-416,0x1.22dc991fa397p-145,2.54740043517872334e-44
15,100,0x1.9d44f53df2fa3p-147,0x1.225537582c672p-416,0x1.9d44f53df2fa4p-147,9.04865202287188063e-45
15,101,0x1.2573bc6bd7a6ep-148,0x1.225537582c672p-416,0x1.2573bc6bd7a6fp-148,3.21260912841588340e-45
15,102,0x1.a08b191c82e8bp-150,0x1.225537582c672p-416,0x1.a08b191c82e8cp-150,1.14004210814257329e-45
15,103,0x1.277d9ffa01beap-151,0x1.225537582c672p-416,0x1.277d9ffa01bebp-151,4.04365913456894009e-46
15,104,0x1.a308d2bf0053ep-153,0x1.225537582c672p-416,0x1.a308d2bf0053fp-153,1.43357508136472851e-46
15,105,0x1.28f987bba4152p-154,0x1.225537582c672p-416,0x1.28f987bba4153p-154,5.07995885507784378e-47
15,106,0x1.a4bda62ef51cfp-156,0x1.225537582c672p-416,0x1.a4bda62ef51dp-156,1.79926593247038022e-47
15,107,0x1.29e77f6933ffp-157,0x1.225537582c672p-416,0x1.29e77f6933ff1p-157,6.36982454119198643e-48
15,108,0x1.a5aa2ecc4f102p-159,0x1.225537582c672p-416,0x1.a5aa2ecc4f103p-159,2.25402146867484135e-48
15,109,0x1.2a485598f357dp-160,0x1.225537582c672p-416,0x1.2a485598f357ep-160,7.97239089616616290e-49
15,110,0x1.a5d0173faa164p-162,0x1.225537582c672p-416,0x1.a5d0173faa165p-162,2.81851628107651523e-49
15,111,0x1.2a1d954c10d5ep-163,0x1.225537582c672p-416,0x1.2a1d954c10d5fp-163,9.95990933178188326e-50
15,112,0x1.a5320f561175bp-165,0x1.225537582c672p-416,0x1.a5320f561175cp-165,3.51798935239063725e-50
15,113,0x1.29697e12531e9p-166,0x1.225537582c672p-416,0x1.29697e12531eap-166,1.24205079944463332e-50
15,114,0x1.a3d3bff5e833ap-168,0x1.225537582c672p-416,0x1.a3d3bff5e833bp-168,4.38319994169721240e-51
15,115,0x1.282efae754a21p-169,0x1.225537582c672p-416,0x1.282efae754a22p-169,1.54615009616690709e-51
15,116,0x1.a1b9bd6020d9bp-171,0x1.225537582c672p-416,0x1.a1b9bd6020d9cp-171,5.45157274199707660e-52
15,117,0x1.267197ee7c0dep-172,0x1.225537582c672p-416,0x1.267197ee7c0dfp-172,1.92133495132763204e-52
15,118,0x1.9ee977f388916p-174,0x1.225537582c672p-416,0x1.9ee977f388917p-174,6.76856759934177801e-53
15,119,0x1.24357734688a7p-175,0x1.225537582c672p-416,0x1.24357734688a8p-175,2.38343964450115799e-53
15,120,0x1.9b692ba9ad361p-177,0x1.225537582c672p-416,0x1.9b692ba9ad362p-177,8.38931524433238961e-54
15,121,0x1.217f449d7d483p-178,0x1.225537582c672p-416,0x1.217f449d7d484p-178,2.95165154048327281e-54
15,122,0x1.973fce85d7c04p-180,0x1.225537582c672p-416,0x1.973fce85d7c05p-180,1.03805676493624226e-54
15,123,0x1.1e5429299b72bp-181,0x1.225537582c672p-416,0x1.1e5429299b72cp-181,3.64918416378283213e-55
15,124,0x1.9274fe2ebeca4p-183,0x1.225537582c672p-416,0x1.9274fe2ebeca5p-183,1.28230199376835585e-55
15,125,0x1.1ab9bdb4f3ec9p-184,0x1.225537582c672p-416,0x1.1ab9bdb4f3ecap-184,4.50407788283752462e-56
15,126,0x1.8d10eceb0370dp-186,0x1.225537582c672p-416,0x1.8d10eceb0370ep-186,1.58140704030524781e-56
15,127,0x1.16b5fd5d34d7cp-187,0x1.225537582c672p-416,0x1.16b5fd5d34d7dp-187,5.55015094999888427e-57
15,128,0x1.871c4e374c26ep-189,0x1.225537582c672p-416,0x1.871c4e374c26fp-189,1.94710963439482835e-57
15,129,0x1.124f37b13c46cp-190,0x1.225537582c672p-416,0x1.124f37b13c46dp-190,6.82812743222959852e-58
15,130,0x1.80a0432af49d8p-192,0x1.225537582c672p-416,0x1.80a0432af49d9p-192,2.39353362921082261e-58
15,131,0x1.0d8c02cff57c7p-193,0x1.225537582c672p-416,0x1.0d8c02cff57c8p-193,8.38697294136168466e-59
15,132,0x1.79a646dde14c6p-195,0x1.225537582c672p-416,0x1.79a646dde14c7p-195,2.93764840677525443e-59
15,133,0x1.08732d992517fp-196,0x1.225537582c672p-416,0x1.08732d992518p-196,1.02854741144361141e-59
15,134,0x1.72381aff21c3dp-198,0x1.225537582c672p-416,0x1.72381aff21c3ep-198,3.59981172012804359e-60
15,135,0x1.030bb210b7703p-199,0x1.225537582c672p-416,0x1.030bb210b7704p-199,1.25941035973817125e-60
15,136,0x1.6a5fb4c8c1f75p-201,0x1.225537582c672p-416,0x1.6a5fb4c8c1f76p-201,4.40441019364962291e-61
15,137,0x1.fab9502560d4cp-203,0x1.225537582c672p-416,0x1.fab9502560d4dp-203,1.53972189541049249e-61
15,138,0x1.62272a798a2f7p-204,0x1.225537582c672p-416,0x1.62272a798a2f8p-204,5.38061396256505542e-62
15,139,0x1.eeda70e664b68p-206,0x1.225537582c672p-416,0x1.eeda70e664b69p-206,1.87956515759551910e-62
15,140,0x1.5998a1798a302p-207,0x1.225537582c672p-416,0x1.5998a1798a303p-207,6.56326452370914052e-63
15,141,0x1.e28921467e491p-209,0x1.225537582c672p-416,0x1.e28921467e492p-209,2.29097504358950707e-63
15,142,0x1.50be3d4a3872fp-210,0x1.225537582c672p-416,0x1.50be3d4a3873p-210,7.99391783652924107e-64
15,143,0x1.d5d3addfd04b1p-212,0x1.225537582c672p-416,0x1.d5d3addfd04b2p-212,2.78829555658313808e-64
15,144,0x1.47a20f5ebb75p-213,0x1.225537582c672p-416,0x1.47a20f5ebb751p-213,9.72206810564719673e-65
15,145,0x1.c8c83edd460bdp-215,0x1.225537582c672p-416,0x1.c8c83edd460bep-215,3.38859876002962441e-65
15,146,0x1.3e4e07f4b1872p-216,0x1.225537582c672p-416,0x1.3e4e07f4b1873p-216,1.18065815495187678e-65
15,147,0x1.bb74c34cebe65p-218,0x1.225537582c672p-416,0x1.bb74c34cebe66p-218,4.11217528101672977e-66
15,148,0x1.34cbe8018b21cp-219,0x1.225537582c672p-416,0x1.34cbe8018b21dp-219,1.43173738756554466e-66
15,149,0x1.ade6de05608f9p-221,0x1.225537582c672p-416,0x1.ade6de05608fap-221,4.98310779527954747e-67
15,150,0x1.2b2534445a0adp-222,0x1.225537582c672p-416,0x1.2b2534445a0aep-222,1.73373702103798528e-67
15,151,0x1.a02bd431eccd5p-224,0x1.225537582c672p-416,0x1.a02bd431eccd6p-224,6.02994062194955573e-68
15,152,0x1.21632987e23d6p-225,0x1.225537582c672p-416,0x1.21632987e23d7p-225,2.09647919467675406e-68
15,153,0x1.92507d93225a2p-227,0x1.225537582c672p-416,0x1.92507d93225a3p-227,7.28646048230962050e-69
15,154,0x1.178eb21ccb6ccp-228,0x1.225537582c672p-416,0x1.178eb21ccb6cdp-228,2.53158214633193875e-69
15,155,0x1.8461367c75798p-230,0x1.225537582c672p-416,0x1.8461367c75799p-230,8.79260566203338155e-70
15,156,0x1.0db05c90154c1p-231,0x1.225537582c672p-416,0x1.0db05c90154c2p-231,3.05277030222701662e-70
15,157,0x1.7669d392234fp-233,0x1.225537582c672p-416,0x1.7669d392234f1p-233,1.05955232919934127e-70
15,158,0x1.03d0539e6e058p-234,0x1.225537582c672p-416,0x1.03d0539e6e059p-234,3.67623464845882035e-71
15,159,0x1.68759745eca29p-236,0x1.225537582c672p-416,0x1.68759745eca2ap-236,1.27507972634072212e-71
15,160,0x1.f3ecaec3909a6p-238,0x1.225537582c672p-416,0x1.f3ecaec3909a7p-238,4.42105098939137867e-72
15,161,0x1.5a8f290cc2433p-239,0x1.225537582c672p-416,0x1.5a8f290cc2434p-239,1.53238724571424344e-72
15,162,0x1.e0536f672571ep-241,0x1.225537582c672p-416,0x1.e0536f672571fp-241,5.30966476110571274e-73
15,163,0x1.4cc08e437c003p-242,0x1.225537582c672p-416,0x1.4cc08e437c004p-242,1.83917045366207893e-73
15,164,0x1.cce29f7681498p-244,0x1.225537582c672p-416,0x1.cce29f7681499p-244,6.36845226642487523e-74
15,165,0x1.3f1324b51a4bp-245,0x1.225537582c672p-416,0x1.3f1324b51a4b1p-245,2.20446685753825004e-74
15,166,0x1.b9a7053ce0c2cp-247,0x1.225537582c672p-416,0x1.b9a7053ce0c2dp-247,7.62836954720434183e-75
15,167,0x1.318f9eb1e7951p-248,0x1.225537582c672p-416,0x1.318f9eb1e7952p-248,2.63887643150099307e-75
15,168,0x1.a6ac728bc878bp-250,0x1.225537582c672p-416,0x1.a6ac728bc878cp-250,9.12570162646007671e-76
15,169,0x1.243e00a412884p-251,0x1.225537582c672p-416,0x1.243e00a412885p-251,3.15481609327090459e-76
15,170,0x1.93fdc25178858p-253,0x1.225537582c672p-416,0x1.93fdc25178859p-253,1.09029265560170946e-76
15,171,0x1.1725a00c0d27dp-254,0x1.225537582c672p-416,0x1.1725a00c0d27ep-254,3.76681299016755821e-77
15,172,0x1.81a4d81bc91c3p-256,0x1.225537582c672p-416,0x1.81a4d81bc91c4p-256,1.30097106149578374e-77
15,173,0x1.0a4d23cd1bc87p-257,0x1.225537582c672p-416,0x1.0a4d23cd1bc88p-257,4.49184209183736427e-78
15,174,0x1.6faaa164fafbdp-259,0x1.225537582c672p-416,0x1.6faaa164fafbep-259,1.55040531423553944e-78
15,175,0x1.fb750b620f71ep-261,0x1.225537582c672p-416,0x1.fb750b620f71fp-261,5.34971430221211781e-79
15,176,0x1.5e1718863be68p-262,0x1.225537582c672p-416,0x1.5e1718863be69p-262,1.84536018787156869e-79
15,177,0x1.e2e62a11ad5a2p-264,0x1.225537582c672p-416,0x1.e2e62a11ad5a3p-264,6.36352210234844780e-80
15,178,0x1.4cf1492a5f8f3p-265,0x1.225537582c672p-416,0x1.4cf1492a5f8f4p-265,2.19371623604788810e-80
15,179,0x1.caf6f49f6a529p-267,0x1.225537582c672p-416,0x1.caf6f49f6a52ap-267,7.56015062755174498e-81
15,180,0x1.3c3f561a90b33p-268,0x1.225537582c672p-416,0x1.3c3f561a90b34p-268,2.60464278893718388e-81
15,181,0x1.b3af7769d11cbp-270,0x1.225537582c672p-416,0x1.b3af7769d11ccp-270,8.97086307598009918e-82
15,182,0x1.2c06803e7b392p-271,0x1.225537582c672p-416,0x1.2c06803e7b393p-271,3.08879599143050060e-82
15,183,0x1.9d1684e32d1cep-273,0x1.225537582c672p-416,0x1.9d1684e32d1cfp-273,1.06319704519393575e-82
15,184,0x1.1c4b2ea99d05ap-274,0x1.225537582c672p-416,0x1.1c4b2ea99d05bp-274,3.65854523513685606e-83
15,185,0x1.8731c19ee8ab6p-276,0x1.225537582c672p-416,0x1.8731c19ee8ab7p-276,1.25855968763352124e-83
15,186,0x1.0d10f78ffd7a1p-277,0x1.225537582c672p-416,0x1.0d10f78ffd7a2p-277,4.32823174635135562e-84
15,187,0x1.7205b18bf0703p-279,0x1.225537582c672p-416,0x1.7205b18bf0704p-279,1.48805530611402416e-84
15,188,0x1.fcb553faf15d3p-281,0x1.225537582c672p-416,0x1.fcb553faf15d4p-281,5.11446354647787469e-85
15,189,0x1.5d95c628da6edp-282,0x1.225537582c672p-416,0x1.5d95c628da6eep-282,1.75733320570821578e-85
15,190,0x1.e054b0580f2bep-284,0x1.225537582c672p-416,0x1.e054b0580f2bfp-284,6.03645150464866640e-86
15,191,0x1.49e46d8081715p-285,0x1.225537582c672p-416,0x1.49e46d8081716p-285,2.07292430578612201e-86
15,192,0x1.c502c4addef9cp-287,0x1.225537582c672p-416,0x1.c502c4addef9dp-287,7.11639175899232074e-87
15,193,0x1.36f321c010d2dp-288,0x1.225537582c672p-416,0x1.36f321c010d2ep-288,2.44237008948723065e-87
15,194,0x1.aac103d4fc211p-290,0x1.225537582c672p-416,0x1.aac103d4fc212p-290,8.37990039801204428e-88
15,195,0x1.24c2793a11f7ap-291,0x1.225537582c672p-416,0x1.24c2793a11f7bp-291,2.87436908995128644e-88
15,196,0x1.918fa9e3c23e7p-293,0x1.225537582c672p-416,0x1.918fa9e3c23e8p-293,9.85650697204217237e-89
15,197,0x1.135236acddeb9p-294,0x1.225537582c672p-416,0x1.135236acddebap-294,3.37894310626880370e-89
15,198,0x1.796dd34d70f68p-296,0x1.225537582c672p-416,0x1.796dd34d70f69p-296,1.15802141523020035e-89
15,199,0x1.02a159a5d43e4p-297,0x1.225537582c672p-416,0x1.02a159a5d43e5p-297,3.96762559012025431e-90
15,200,0x1.62599410566bfp-299,0x1.225537582c672p-416,0x1.62599410566cp-299,1.35901316775820586e-90
15,201,0x1.e55c5dbbaec52p-301,0x1.225537582c672p-416,0x1.e55c5dbbaec53p-301,4.65367491676710378e-91
15,202,0x1.4c500ec30ce2fp-302,0x1.225537582c672p-416,0x1.4c500ec30ce3p-302,1.59311936323722084e-91
15,203,0x1.c6ecc0dd83fa1p-304,0x1.225537582c672p-416,0x1.c6ecc0dd83fa2p-304,5.45231555349060930e-92
15,204,0x1.374d8b5567587p-305,0x1.225537582c672p-416,0x1.374d8b5567588p-305,1.86549690919701337e-92
15,205,0x1.a9ee0b8989f33p-307,0x1.225537582c672p-416,0x1.a9ee0b8989f34p-307,6.38101046692541600e-93
15,206,0x1.234d8d5e3ca39p-308,0x1.225537582c672p-416,0x1.234d8d5e3ca3ap-308,2.18205772568742688e-93
15,207,0x1.8e596663b1a25p-310,0x1.225537582c672p-416,0x1.8e596663b1a26p-310,7.45976847030737733e-94
15,208,0x1.104ae9d3cbd13p-311,0x1.225537582c672p-416,0x1.104ae9d3cbd14p-311,2.54957193880617555e-94
15,209,0x1.7427121939172p-313,0x1.225537582c672p-416,0x1.7427121939173p-313,8.71149060488472697e-95
15,210,0x1.fc7fb821d55a7p-315,0x1.225537582c672p-416,0x1.fc7fb821d55a8p-315,2.97578411544865514e-95
15,211,0x1.5b4e848e34f98p-316,0x1.225537582c672p-416,0x1.5b4e848e34f99p-316,1.01623600791955434e-95
15,212,0x1.da4c341b0bf2ap-318,0x1.225537582c672p-416,0x1.da4c341b0bf2bp-318,3.46954404226294907e-96
15,213,0x1.43c684d9db863p-319,0x1.225537582c672p-416,0x1.43c684d9db864p-319,1.18422807582828567e-96
15,214,0x1.b9edcf6a4ef6fp-321,0x1.225537582c672p-416,0x1.b9edcf6a4ef7p-321,4.04095370639006791e-97
15,215,0x1.2d8545f64e368p-322,0x1.225537582c672p-416,0x1.2d8545f64e369p-322,1.37853697050351167e-97
15,216,0x1.9b565294658c9p-324,0x1.225537582c672p-416,0x1.9b565294658cap-324,4.70153230383134749e-98
15,217,0x1.1880800e1bc6ep-325,0x1.225537582c672p-416,0x1.1880800e1bc6fp-325,1.60305098306550923e-98
15,218,0x1.7e76e9909c496p-327,0x1.225537582c672p-416,0x1.7e76e9909c497p-327,5.46440128416307159e-99
15,219,0x1.04ad8856deb89p-328,0x1.225537582c672p-416,0x1.04ad8856deb8ap-328,1.86219693138566853e-99
15,220,0x1.63404477eb24bp-330,0x1.225537582c672p-416,0x1.63404477eb24cp-330,6.34449163880935983e-100
15,221,0x1.e402ceda5d823p-332,0x1.225537582c672p-416,0x1.e402ceda5d824p-332,2.16100951019760219e-100
15,222,0x1.49a2b610fbb5ap-333,0x1.225537582c672p-416,0x1.49a2b610fbb5bp-333,7.35877585522022403e-101
15,223,0x1.c0e1dc552118p-335,0x1.225537582c672p-416,0x1.c0e1dc5521181p-335,2.50520885150747972e-101
15,224,0x1.318e5031a5d8bp-336,0x1.225537582c672p-416,0x1.318e5031a5d8cp-336,8.52652719214726993e-102
15,225,0x1.9fe191e449409p-338,0x1.225537582c672p-416,0x1.9fe191e44940ap-338,2.90128717397493348e-102
15,226,0x1.1af2fdf3fb44ap-339,0x1.225537582c672p-416,0x1.1af2fdf3fb44bp-339,9.86960918287432127e-103
15,227,0x1.80eb22e914b27p-341,0x1.225537582c672p-416,0x1.80eb22e914b28p-341,3.35660548262738186e-103
15,228,0x1.05c09bc1f1d1cp-342,0x1.225537582c672p-416,0x1.05c09bc1f1d1dp-342,1.14127985448689391e-103
15,229,0x1.63e7bddd7cb8dp-344,0x1.225537582c672p-416,0x1.63e7bddd7cb8ep-344,3.87950136945209251e-104
15,230,0x1.e3ce1a7e55c0fp-346,0x1.225537582c672p-416,0x1.e3ce1a7e55c1p-346,1.31841449670391196e-104
15,231,0x1.48c0a9d55ce87p-347,0x1.225537582c672p-416,0x1.48c0a9d55ce88p-347,4.47940906145444259e-105
15,232,0x1.beaca2387c55p-349,0x1.225537582c672p-416,0x1.beaca2387c551p-349,1.52153715607941094e-105
15,233,0x1.2f5f6115a0cdap-350,0x1.225537582c672p-416,0x1.2f5f6115a0cdbp-350,5.16699296605245553e-106
15,234,0x1.9bfd25c4a3d09p-352,0x1.225537582c672p-416,0x1.9bfd25c4a3d0ap-352,1.75423200996105476e-106
15,235,0x1.17ada8d88458dp-353,0x1.225537582c672p-416,0x1.17ada8d88458ep-353,5.95429607458204488e-107
15,236,0x1.7ba0759160325p-355,0x1.225537582c672p-416,0x1.7ba0759160326p-355,2.02054455350251236e-107
15,237,0x1.0195a659b5eedp-356,0x1.225537582c672p-416,0x1.0195a659b5eeep-356,6.85490470359940108e-108
15,238,0x1.5d77f750ea7f2p-358,0x1.225537582c672p-416,0x1.5d77f750ea7f3p-358,2.32503646661259390e-108
15,239,0x1.da03e290889cap-360,0x1.225537582c672p-416,0x1.da03e290889cbp-360,7.88413118097199186e-109
15,240,0x1.4165be48de3edp-361,0x1.225537582c672p-416,0x1.4165be48de3eep-361,2.67284642559248665e-109
15,241,0x1.b3bb477d8351p-363,0x1.225537582c672p-416,0x1.b3bb477d83511p-363,9.05921621983871169e-110
15,242,0x1.274ca039a1b32p-364,0x1.225537582c672p-416,0x1.274ca039a1b34p-364,3.06975743326720682e-110
15,243,0x1.9028cfc7e1d33p-366,0x1.225537582c672p-416,0x1.9028cfc7e1d38p-366,1.03995528687656786e-110
15,244,0x1.0f10470f19fa1p-367,0x1.225537582c672p-416,0x1.0f10470f19fabp-367,3.52227128884265447e-111
15,245,0x1.6f2506af6eb2ap-369,0x1.225537582c672p-416,0x1.6f2506af6eb4fp-369,1.19269340812127590e-111
15,246,0x1.f12a7f1bd5a94p-371,0x1.225537582c672p-416,0x1.f12a7f1bd5b26p-371,4.03769086921902114e-112
15,247,0x1.5089c121ea506p-372,0x1.225537582c672p-416,0x1.5089c121ea629p-372,1.36658261121174938e-112
15,248,0x1.c7820a62f1fcdp-374,0x1.225537582c672p-416,0x1.c7820a62f2457p-374,4.62421094718000125e-113
15,249,0x1.34322ca2bdd3ep-375,0x1.225537582c672p-416,0x1.34322ca2be651p-375,1.56436701243503044e-113
15,250,0x1.a0f416de89edep-377,0x1.225537582c672p-416,0x1.a0f416de8c329p-377,5.29101832886350017e-114
15,251,0x1.19fadaa90849cp-378,0x1.225537582c672p-416,0x1.19fadaa90cd32p-378,1.78912145733577797e-114
15,252,0x1.7d4f892817e03p-380,0x1.225537582c672p-416,0x1.7d4f89282a059p-380,6.04840215333000486e-115
15,253,0x1.01c1c8bdcd189p-381,0x1.225537582c672p-416,0x1.01c1c8bdf1634p-381,2.04428811350155892e-115
15,254,0x1.5c654cdcf4fe1p-383,0x1.225537582c672p-416,0x1.5c654cdd8628bp-383,6.90787526118625380e-116
15,255,0x1.d6cccb45a6cf1p-385,0x1.225537582c672p-416,0x1.d6cccb47eb798p-385,2.33371671519744000e-116
15,256,0x1.3e0859f447d2ap-386,0x1.225537582c672p-416,0x1.3e0859f8d1278p-386,7.88230760932541461e-117
15,257,0x1.ad9327919fbe9p-388,0x1.225537582c672p-416,0x1.ad9327a3c5121p-388,2.66170878194000568e-117
15,258,0x1.220db6772c777p-389,0x1.225537582c672p-416,0x1.220db69b771e6p-389,8.98607280658534941e-118
15,259,0x1.879b52aef3259p-391,0x1.225537582c672p-416,0x1.879b53401dc14p-391,3.03306618289972731e-118
15,260,0x1.084c74f29ac71p-392,0x1.225537582c672p-416,0x1.084c7614effe7p-392,1.02352091882327481e-118
15,261,0x1.64acdbf56531fp-394,0x1.225537582c672p-416,0x1.64ace07eba0f6p-394,3.45314471257234587e-119
15,262,0x1.e13b5f8bc67b7p-396,0x1.225537582c672p-416,0x1.e13b71b119f1p-396,1.16475996289365911e-119
15,263,0x1.44922c922bfebp-397,0x1.225537582c672p-416,0x1.449250dcd2e9cp-397,3.92791608201319629e-120
15,264,0x1.b5b90026549e2p-399,0x1.225537582c672p-416,0x1.b5b99150f04a4p-399,1.32432016127100892e-120
15,265,0x1.2718742028f1ap-400,0x1.225537582c672p-416,0x1.271996756049dp-400,4.46406909545893780e-121
15,266,0x1.8dcbcb680e2abp-402,0x1.225537582c672p-416,0x1.8dd054bceb8b7p-402,1.50446335779558556e-121
15,267,0x1.0c0f62f7ec4b3p-403,0x1.225537582c672p-416,0x1.0c1875a1a70cap-403,5.06945624823917832e-122
15,268,0x1.6930abe236255p-405,0x1.225537582c672p-416,0x1.6954f689212aep-405,1.70811882755988424e-122
15,269,0x1.e68f44a2be18ep-407,0x1.225537582c672p-416,0x1.e7206f3e6a2f2p-407,5.75696688853711802e-123
15,270,0x1.47a208f62e735p-408,0x1.225537582c672p-416,0x1.48c45e2d869fcp-408,1.94271952258881401e-123
15,271,0x1.b9124d9b95303p-410,0x1.225537582c672p-416,0x1.bd9ba278f5e1dp-410,6.58286184755996281e-124
15,272,0x1.28b57c13a9438p-411,0x1.225537582c672p-416,0x1.31c825ce6aa6cp-411,2.25862165542193936e-124
15,273,0x1.8eae6a68c4a49p-413,0x1.225537582c672p-416,0x1.b2f91153ca318p-413,8.03219135123775153e-125
15,274,0x1.0b0df3234463bp-414,0x1.225537582c672p-416,0x1.53a340f94f7d8p-414,3.13586771581699517e-125
15,275,0x1.633107a853f43p-416,0x1.225537582c672p-416,0x1.42c31f80402dbp-415,1.49002824292239665e-125
15,276,0x1.d0168cd46245bp-418,0x1.225537582c672p-416,0x1.965ada8d44f89p-416,9.37966519584711079e-126
15,277,0x1.22287ea419a46p-419,0x1.225537582c672p-416,0x1.469a472caf9bbp-416,7.53878817614765889e-126
15,278,0x1.446a864a4906fp-421,0x1.225537582c672p-416,0x1.2c788b8a7eaf6p-416,6.93560300791658353e-126
15,279,0x1.04d6cb67aee63p-423,0x1.225537582c672p-416,0x1.245ee4eefbc4fp-416,6.74863060954431491e-126
15,280,0x0p+0,0x1.225537582c672p-416,0x1.225537582c672p-416,6.70159308434481742e-126
16,0,0x1.9c1ac823a640ep-3,0x1.15c95f562fac1p-401,0x1.9c1ac823a640fp-3,2.01222957218107429e-01
16,1,0x1.4866dc0d822acp-4,0x1.15c95f562fac1p-401,0x1.4866dc0d822adp-4,8.01762195407131479e-02
16,2,0x1.04e716a49b4e8p-5,0x1.15c95f562fac1p-401,0x1.04e716a49b4e9p-5,3.18484728094093409e-02
16,3,0x1.a0ef8673c83afp-7,0x1.15c95f562fac1p-401,0x1.a0ef8673c83bp-7,1.27238661294216405e-02
16,4,0x1.4f1335321ad2p-8,0x1.15c95f562fac1p-401,0x1.4f1335321ad21p-8,5.11283920978236693e-03
16,5,0x1.0e146736eb7b5p-9,0x1.15c95f562fac1p-401,0x1.0e146736eb7b6p-9,2.06054458563805898e-03
16,6,0x1.b3822f53f4bb5p-11,0x1.15c95f562fac1p-401,0x1.b3822f53f4bb6p-11,8.30666608175759407e-04
16,7,0x1.5ea6a536df5e9p-12,0x1.15c95f562fac1p-401,0x1.5ea6a536df5eap-12,3.34406813116887498e-04
16,8,0x1.19b484b455237p-13,0x1.15c95f562fac1p-401,0x1.19b484b455238p-13,1.34327483133704759e-04
16,9,0x1.c37b992fbdfdap-15,0x1.15c95f562fac1p-401,0x1.c37b992fbdfdbp-15,5.38209445703483327e-05
16,10,0x1.68d90826f5493p-16,0x1.15c95f562fac1p-401,0x1.68d90826f5494p-16,2.15082037831782776e-05
16,11,0x1.1fac244d32537p-17,0x1.15c95f562fac1p-401,0x1.1fac244d32538p-17,8.57330646865610399e-06
16,12,0x1.c98dfb5bf8ea4p-19,0x1.15c95f562fac1p-401,0x1.c98dfb5bf8ea5p-19,3.40904754912877432e-06
16,13,0x1.6b0a75b7de937p-20,0x1.15c95f562fac1p-401,0x1.6b0a75b7de938p-20,1.35243258900118195e-06
16,14,0x1.1f6ca43aa6c05p-21,0x1.15c95f562fac1p-401,0x1.1f6ca43aa6c06p-21,5.35369628923573528e-07
16,15,0x1.c62f07719f309p-23,0x1.15c95f562fac1p-401,0x1.c62f07719f30ap-23,2.11495769831311235e-07
16,16,0x1.662739a2f9473p-24,0x1.15c95f562fac1p-401,0x1.662739a2f9474p-24,8.33890454878491927e-08
16,17,0x1.19e8def13e5eap-25,0x1.15c95f562fac1p-401,0x1.19e8def13e5ebp-25,3.28186028439566591e-08
16,18,0x1.bb056285e803ep-27,0x1.15c95f562fac1p-401,0x1.bb056285e803fp-27,1.28936090795546238e-08
16,19,0x1.5b86a64b32a46p-28,0x1.15c95f562fac1p-401,0x1.5b86a64b32a47p-28,5.05716852699877666e-09
16,20,0x1.102eb3b1f312bp-29,0x1.15c95f562fac1p-401,0x1.102eb3b1f312cp-29,1.98038781985712713e-09
16,21,0x1.a9b280e5f4497p-31,0x1.15c95f562fac1p-401,0x1.a9b280e5f4498p-31,7.74338840222010147e-10
16,22,0x1.4c691f6860a04p-32,0x1.15c95f562fac1p-401,0x1.4c691f6860a05p-32,3.02325711794620965e-10
16,23,0x1.033335169054dp-33,0x1.15c95f562fac1p-401,0x1.033335169054ep-33,1.17870526451373419e-10
16,24,0x1.93acd9981bfabp-35,0x1.15c95f562fac1p-401,0x1.93acd9981bfacp-35,4.58925564116324326e-11
16,25,0x1.39eca157888a1p-36,0x1.15c95f562fac1p-401,0x1.39eca157888a2p-36,1.78445325720095838e-11
16,26,0x1.e7a186c1979e4p-38,0x1.15c95f562fac1p-401,0x1.e7a186c1979e5p-38,6.92965276224885299e-12
16,27,0x1.7a41d041fee77p-39,0x1.15c95f562fac1p-401,0x1.7a41d041fee78p-39,2.68767823294365686e-12
16,28,0x1.250f7ef5573bp-40,0x1.15c95f562fac1p-401,0x1.250f7ef5573b1p-40,1.04116015713227423e-12
16,29,0x1.c5925d4763f4ep-42,0x1.15c95f562fac1p-401,0x1.c5925d4763f4fp-42,4.02852627543546755e-13
16,30,0x1.5e98636272164p-43,0x1.15c95f562fac1p-401,0x1.5e98636272165p-43,1.55695574871799353e-13
16,31,0x1.0eb1d68f5feaap-44,0x1.15c95f562fac1p-401,0x1.0eb1d68f5feabp-44,6.01062933151332715e-14
16,32,0x1.a18ccb88e9537p-46,0x1.15c95f562fac1p-401,0x1.a18ccb88e9538p-46,2.31786801249543240e-14
16,33,0x1.41b1b1578ce75p-47,0x1.15c95f562fac1p-401,0x1.41b1b1578ce76p-47,8.92880525832570278e-15
16,34,0x1.ef2b62e4cf329p-49,0x1.15c95f562fac1p-401,0x1.ef2b62e4cf32ap-49,3.43592847055643969e-15
16,35,0x1.7cb4e4bb0dc29p-50,0x1.15c95f562fac1p-401,0x1.7cb4e4bb0dc2ap-50,1.32084140553177324e-15
16,36,0x1.2468eaaa38388p-51,0x1.15c95f562fac1p-401,0x1.2468eaaa38389p-51,5.07250197926065524e-16
16,37,0x1.c0be174fadb4ap-53,0x1.15c95f562fac1p-401,0x1.c0be174fadb4bp-53,1.94611056090233681e-16
16,38,0x1.57ff380c64779p-54,0x1.15c95f562fac1p-401,0x1.57ff380c6477ap-54,7.45924478826813292e-17
16,39,0x1.0773c85f4632dp-55,0x1.15c95f562fac1p-401,0x1.0773c85f4632ep-55,2.85635530187760861e-17
16,40,0x1.9328d75959fa2p-57,0x1.15c95f562fac1p-401,0x1.9328d75959fa3p-57,1.09276611187986697e-17
16,41,0x1.343224e24f063p-58,0x1.15c95f562fac1p-401,0x1.343224e24f064p-58,4.17683296946557795e-18
16,42,0x1.d6c7d6f1a09eep-60,0x1.15c95f562fac1p-401,0x1.d6c7d6f1a09efp-60,1.59506679624541630e-18
16,43,0x1.674073e6f7437p-61,0x1.15c95f562fac1p-401,0x1.674073e6f7438p-61,6.08596168604134528e-19
16,44,0x1.11e85fb1eab8fp-62,0x1.15c95f562fac1p-401,0x1.11e85fb1eab9p-62,2.32008855037602177e-19
16,45,0x1.a1524fe8a6cbep-64,0x1.15c95f562fac1p-401,0x1.a1524fe8a6cbfp-64,8.83712717607327027e-20
16,46,0x1.3da594f348ba4p-65,0x1.15c95f562fac1p-401,0x1.3da594f348ba5p-65,3.36321635777215699e-20
16,47,0x1.e328fdf6f694ep-67,0x1.15c95f562fac1p-401,0x1.e328fdf6f694fp-67,1.27891420262078226e-20
16,48,0x1.6f292043bce09p-68,0x1.15c95f562fac1p-401,0x1.6f292043bce0ap-68,4.85933072301528542e-21
16,49,0x1.16c9dfcd6a73fp-69,0x1.15c95f562fac1p-401,0x1.16c9dfcd6a74p-69,1.84486800880847068e-21
16,50,0x1.a70a9266b0b94p-71,0x1.15c95f562fac1p-401,0x1.a70a9266b0b95p-71,6.99863117389414414e-22
16,51,0x1.40b808c1649f7p-72,0x1.15c95f562fac1p-401,0x1.40b808c1649f8p-72,2.65292442591451177e-22
16,52,0x1.e5eb9cc4f0e7p-74,0x1.15c95f562fac1p-401,0x1.e5eb9cc4f0e71p-74,1.00485975436977408e-22
16,53,0x1.6fd4ea54ce861p-75,0x1.15c95f562fac1p-401,0x1.6fd4ea54ce862p-75,3.80329064285319493e-23
16,54,0x1.163c1327d9fadp-76,0x1.15c95f562fac1p-401,0x1.163c1327d9faep-76,1.43843951577721169e-23
16,55,0x1.a49dafda360acp-78,0x1.15c95f562fac1p-401,0x1.a49dafda360adp-78,5.43633392502322686e-24
16,56,0x1.3db32764ee54cp-79,0x1.15c95f562fac1p-401,0x1.3db32764ee54dp-79,2.05308696561507648e-24
16,57,0x1.df96bb2b26e6dp-81,0x1.15c95f562fac1p-401,0x1.df96bb2b26e6ep-81,7.74817484282133545e-25
16,58,0x1.69bb2f79250fep-82,0x1.15c95f562fac1p-401,0x1.69bb2f79250ffp-82,2.92204130777361414e-25
16,59,0x1.10a5c928229c8p-83,0x1.15c95f562fac1p-401,0x1.10a5c928229c9p-83,1.10121488927781981e-25
16,60,0x1.9ab9520f1dc1cp-85,0x1.15c95f562fac1p-401,0x1.9ab9520f1dc1dp-85,4.14725163717135467e-26
16,61,0x1.35275f11ac71dp-86,0x1.15c95f562fac1p-401,0x1.35275f11ac71ep-86,1.56082778939991144e-26
16,62,0x1.d1179af633171p-88,0x1.15c95f562fac1p-401,0x1.d1179af633172p-88,5.87028896693669819e-27
16,63,0x1.5d9ccc817a37bp-89,0x1.15c95f562fac1p-401,0x1.5d9ccc817a37cp-89,2.20636503747943983e-27
16,64,0x1.06a2693613f68p-90,0x1.15c95f562fac1p-401,0x1.06a2693613f69p-90,8.28728098575002861e-28
16,65,0x1.8a56066390fbcp-92,0x1.15c95f562fac1p-401,0x1.8a56066390fbdp-92,3.11076281521386169e-28
16,66,0x1.27da24266bbd9p-93,0x1.15c95f562fac1p-401,0x1.27da24266bbdap-93,1.16693083272789249e-28
16,67,0x1.bba61fa0f35d9p-95,0x1.15c95f562fac1p-401,0x1.bba61fa0f35dap-95,4.37471610903659093e-29
16,68,0x1.4c6ec959350d3p-96,0x1.15c95f562fac1p-401,0x1.4c6ec959350d4p-96,1.63902004904740418e-29
16,69,0x1.f1e3165aaa366p-98,0x1.15c95f562fac1p-401,0x1.f1e3165aaa367p-98,6.13693182389147584e-30
16,70,0x1.749e1fd3ccf0cp-99,0x1.15c95f562fac1p-401,0x1.749e1fd3ccf0dp-99,2.29643371046795460e-30
16,71,0x1.16b2cbf2c4fadp-100,0x1.15c95f562fac1p-401,0x1.16b2cbf2c4faep-100,8.58805825930408330e-31
16,72,0x1.a0a7bcd36ec4p-102,0x1.15c95f562fac1p-401,0x1.a0a7bcd36ec41p-102,3.20979509728791635e-31
16,73,0x1.37445dafa6916p-103,0x1.15c95f562fac1p-401,0x1.37445dafa6917p-103,1.19895708206796077e-31
16,74,0x1.d0cccf5e5669fp-105,0x1.15c95f562fac1p-401,0x1.d0cccf5e566ap-105,4.47586156816398363e-32
16,75,0x1.5ad4d964d1299p-106,0x1.15c95f562fac1p-401,0x1.5ad4d964d129ap-106,1.66993265030815318e-32
16,76,0x1.02a7f290121a7p-107,0x1.15c95f562fac1p-401,0x1.02a7f290121a8p-107,6.22691777866744240e-33
16,77,0x1.8193b956856fap-109,0x1.15c95f562fac1p-401,0x1.8193b956856fbp-109,2.32060743833707094e-33
16,78,0x1.1f3a544d4fc9fp-110,0x1.15c95f562fac1p-401,0x1.1f3a544d4fcap-110,8.64344867117568451e-34
16,79,0x1.abb1282dd820cp-112,0x1.15c95f562fac1p-401,0x1.abb1282dd820dp-112,3.21759713676161681e-34
16,80,0x1.3e3fcc6203d8p-113,0x1.15c95f562fac1p-401,0x1.3e3fcc6203d81p-113,1.19712048419951900e-34
16,81,0x1.d95dcb81b9e4ep-115,0x1.15c95f562fac1p-401,0x1.d95dcb81b9e4fp-115,4.45151610575407248e-35
16,82,0x1.5fdadd1e5b127p-116,0x1.15c95f562fac1p-401,0x1.5fdadd1e5b128p-116,1.65441396066685707e-35
16,83,0x1.056544f58dbbcp-117,0x1.15c95f562fac1p-401,0x1.056544f58dbbdp-117,6.14538063430191338e-36
16,84,0x1.842e212b637fcp-119,0x1.15c95f562fac1p-401,0x1.842e212b637fdp-119,2.28151812354353014e-36
16,85,0x1.20142669dd616p-120,0x1.15c95f562fac1p-401,0x1.20142669dd617p-120,8.46587243854891711e-37
16,86,0x1.ab5c1e1dcb17p-122,0x1.15c95f562fac1p-401,0x1.ab5c1e1dcb171p-122,3.13974419543450344e-37
16,87,0x1.3cd3df1da1d1ap-123,0x1.15c95f562fac1p-401,0x1.3cd3df1da1d1bp-123,1.16384087902130453e-37
16,88,0x1.d5871445fff17p-125,0x1.15c95f562fac1p-401,0x1.d5871445fff18p-125,4.31193049821605682e-38
16,89,0x1.5bbc815d3e63fp-126,0x1.15c95f562fac1p-401,0x1.5bbc815d3e64p-126,1.59672700686076873e-38
16,90,0x1.016865fa4ffcbp-127,0x1.15c95f562fac1p-401,0x1.016865fa4ffccp-127,5.90979339605716291e-39
16,91,0x1.7ce5b80c0a83p-129,0x1.15c95f562fac1p-401,0x1.7ce5b80c0a831p-129,2.18624351037733174e-39
16,92,0x1.19ad30393719dp-130,0x1.15c95f562fac1p-401,0x1.19ad30393719ep-130,8.08371959446746075e-40
16,93,0x1.a066a06716969p-132,0x1.15c95f562fac1p-401,0x1.a066a0671696ap-132,2.98752983431763688e-40
16,94,0x1.33a2047981ff7p-133,0x1.15c95f562fac1p-401,0x1.33a2047981ff8p-133,1.10357883752819332e-40
16,95,0x1.c655a2756605dp-135,0x1.15c95f562fac1p-401,0x1.c655a2756605ep-135,4.07461280891421819e-41
16,96,0x1.4f566fe88ae29p-136,0x1.15c95f562fac1p-401,0x1.4f566fe88ae2ap-136,1.50370600668669753e-41
16,97,0x1.eec8485ff20d9p-138,0x1.15c95f562fac1p-401,0x1.eec8485ff20dap-138,5.54670202662344154e-42
16,98,0x1.6cd9543526241p-139,0x1.15c95f562fac1p-401,0x1.6cd9543526242p-139,2.04504904381091840e-42
16,99,0x1.0ce98a7854d16p-140,0x1.15c95f562fac1p-401,0x1.0ce98a7854d17p-140,7.53652699554504831e-43
16,100,0x1.8c38c9fba7d9dp-142,0x1.15c95f562fac1p-401,0x1.8c38c9fba7d9ep-142,2.77612522368307303e-43
16,101,0x1.23c4acbe0b7b7p-143,0x1.15c95f562fac1p-401,0x1.23c4acbe0b7b8p-143,1.02213603963199581e-43
16,102,0x1.ad8202e14cd81p-145,0x1.15c95f562fac1p-401,0x1.ad8202e14cd82p-145,3.76167937283715814e-44
16,103,0x1.3bfe85bea6245p-146,0x1.15c95f562fac1p-401,0x1.3bfe85bea6246p-146,1.38375695883683765e-44
16,104,0x1.d0c12b92f1c09p-148,0x1.15c95f562fac1p-401,0x1.d0c12b92f1c0ap-148,5.08796770954304437e-45
16,105,0x1.559f4d1794d4ep-149,0x1.15c95f562fac1p-401,0x1.559f4d1794d4fp-149,1.86997954080276974e-45
16,106,0x1.f6014ddd3ce96p-151,0x1.15c95f562fac1p-401,0x1.f6014ddd3ce97p-151,6.86971648256738826e-46
16,107,0x1.70ae623873b6cp-152,0x1.15c95f562fac1p-401,0x1.70ae623873b6dp-152,2.52261904337953077e-46
16,108,0x1.0ea6198b160aep-153,0x1.15c95f562fac1p-401,0x1.0ea6198b160afp-153,9.25927211939982264e-47
16,109,0x1.8d3237a304de4p-155,0x1.15c95f562fac1p-401,0x1.8d3237a304de5p-155,3.39715802658521664e-47
16,110,0x1.23552388a6b6ep-156,0x1.15c95f562fac1p-401,0x1.23552388a6b6fp-156,1.24586147395940136e-47
16,111,0x1.ab303ea1b7b31p-158,0x1.15c95f562fac1p-401,0x1.ab303ea1b7b32p-158,4.56709691564435022e-48
16,112,0x1.39113dec62c64p-159,0x1.15c95f562fac1p-401,0x1.39113dec62c65p-159,1.67351073594230389e-48
16,113,0x1.caacd39e042b3p-161,0x1.15c95f562fac1p-401,0x1.caacd39e042b4p-161,6.12965315715266255e-49
16,114,0x1.4fdd1732cee6p-162,0x1.15c95f562fac1p-401,0x1.4fdd1732cee61p-162,2.24421117911875004e-49
16,115,0x1.ebab2b3ff0835p-164,0x1.15c95f562fac1p-401,0x1.ebab2b3ff0836p-164,8.21321599887149372e-50
16,116,0x1.67ba8648d51e3p-165,0x1.15c95f562fac1p-401,0x1.67ba8648d51e4p-165,3.00459355649422521e-50
16,117,0x1.0716a03fe4bbcp-166,0x1.15c95f562fac1p-401,0x1.0716a03fe4bbdp-166,1.09870835149188959e-50
16,118,0x1.80aa7e3e51d84p-168,0x1.15c95f562fac1p-401,0x1.80aa7e3e51d85p-168,4.01610031287527100e-51
16,119,0x1.1919e1e933187p-169,0x1.15c95f562fac1p-401,0x1.1919e1e933188p-169,1.46741622866186232e-51
16,120,0x1.9aad02ce6b67bp-171,0x1.15c95f562fac1p-401,0x1.9aad02ce6b67cp-171,5.35956957942080026e-52
16,121,0x1.2bdf05cba0f81p-172,0x1.15c95f562fac1p-401,0x1.2bdf05cba0f82p-172,1.95675076491076708e-52
16,122,0x1.b5c11dd902e16p-174,0x1.15c95f562fac1p-401,0x1.b5c11dd902e17p-174,7.14120123055010590e-53
16,123,0x1.3f6502f7235e1p-175,0x1.15c95f562fac1p-401,0x1.3f6502f7235e2p-175,2.60518357134742550e-53
16,124,0x1.d1e4d5e76870ep-177,0x1.15c95f562fac1p-401,0x1.d1e4d5e76870fp-177,9.50031085922078631e-54
16,125,0x1.53aa160cabf55p-178,0x1.15c95f562fac1p-401,0x1.53aa160cabf56p-178,3.46314628137449113e-54
16,126,0x1.ef1525d51750ap-180,0x1.15c95f562fac1p-401,0x1.ef1525d51750bp-180,1.26193935837725316e-54
16,127,0x1.68abbbc5c21f6p-181,0x1.15c95f562fac1p-401,0x1.68abbbc5c21f7p-181,4.59665430493328747e-55
16,128,0x1.06a6fad9cc6f8p-182,0x1.15c95f562fac1p-401,0x1.06a6fad9cc6f9p-182,1.67371679638958477e-55
16,129,0x1.7e66ac62a4a6dp-184,0x1.15c95f562fac1p-401,0x1.7e66ac62a4a6ep-184,6.09200048066057578e-56
16,130,0x1.16450a7f66bfbp-185,0x1.15c95f562fac1p-401,0x1.16450a7f66bfcp-185,2.21654597266505606e-56
16,131,0x1.94d6d80d40f05p-187,0x1.15c95f562fac1p-401,0x1.94d6d80d40f06p-187,8.06182636618280885e-57
16,132,0x1.26619b1a60cf5p-188,0x1.15c95f562fac1p-401,0x1.26619b1a60cf6p-188,2.93110265438082174e-57
16,133,0x1.abf7643dbe76ep-190,0x1.15c95f562fac1p-401,0x1.abf7643dbe76fp-190,1.06529651180543018e-57
16,134,0x1.36f8f5f0f45f9p-191,0x1.15c95f562fac1p-401,0x1.36f8f5f0f45fap-191,3.87037327140676314e-58
16,135,0x1.c3c2aa2bac7cap-193,0x1.15c95f562fac1p-401,0x1.c3c2aa2bac7cbp-193,1.40565596387265065e-58
16,136,0x1.4806d3980ef25p-194,0x1.15c95f562fac1p-401,0x1.4806d3980ef26p-194,5.10328738777140728e-59
16,137,0x1.dc3236550feebp-196,0x1.15c95f562fac1p-401,0x1.dc3236550feecp-196,1.85210991505705038e-59
16,138,0x1.59865c021244cp-197,0x1.15c95f562fac1p-401,0x1.59865c021244dp-197,6.71939489722573901e-60
16,139,0x1.f53ec922a48b4p-199,0x1.15c95f562fac1p-401,0x1.f53ec922a48b5p-199,2.43691944504837374e-60
16,140,0x1.6b7227594f2afp-200,0x1.15c95f562fac1p-401,0x1.6b7227594f2bp-200,8.83488073731476454e-61
16,141,0x1.07702c57515d8p-201,0x1.15c95f562fac1p-401,0x1.07702c57515d9p-201,3.20191366738151819e-61
16,142,0x1.7dc43fa942e7fp-203,0x1.15c95f562fac1p-401,0x1.7dc43fa942e8p-203,1.16002898531611927e-61
16,143,0x1.148709d8a3f79p-204,0x1.15c95f562fac1p-401,0x1.148709d8a3f7ap-204,4.20125688442415354e-62
16,144,0x1.9076235822144p-206,0x1.15c95f562fac1p-401,0x1.9076235822145p-206,1.52104363304943775e-62
16,145,0x1.21df32ca1f39fp-207,0x1.15c95f562fac1p-401,0x1.21df32ca1f3ap-207,5.50499593436172751e-63
16,146,0x1.a380c870b786ap-209,0x1.15c95f562fac1p-401,0x1.a380c870b786bp-209,1.99170985565739590e-63
16,147,0x1.2f737dd5ec50fp-210,0x1.15c95f562fac1p-401,0x1.2f737dd5ec51p-210,7.20360211618214309e-64
16,148,0x1.b6dca0bb1508fp-212,0x1.15c95f562fac1p-401,0x1.b6dca0bb1509p-212,2.60452638412343812e-64
16,149,0x1.3d3e65c973727p-213,0x1.15c95f562fac1p-401,0x1.3d3e65c973728p-213,9.41377947254337457e-65
16,150,0x1.ca819ea10a766p-215,0x1.15c95f562fac1p-401,0x1.ca819ea10a767p-215,3.40138897452733441e-65
16,151,0x1.4b3a0d51e2f56p-216,0x1.15c95f562fac1p-401,0x1.4b3a0d51e2f57p-216,1.22858835677394127e-65
16,152,0x1.de673ad9d1fabp-218,0x1.15c95f562fac1p-401,0x1.de673ad9d1facp-218,4.43624061695357382e-66
16,153,0x1.596043438f5c4p-219,0x1.15c95f562fac1p-401,0x1.596043438f5c5p-219,1.60133860161980920e-66
16,154,0x1.f2847ad6e0eb6p-221,0x1.15c95f562fac1p-401,0x1.f2847ad6e0eb7p-221,5.77845054664284967e-67
16,155,0x1.67aa87675db29p-222,0x1.15c95f562fac1p-401,0x1.67aa87675db2ap-222,2.08449346310658768e-67
16,156,0x1.0367fbf52be14p-223,0x1.15c95f562fac1p-401,0x1.0367fbf52be15p-223,7.51711741594322255e-68
16,157,0x1.76120fc8663a7p-225,0x1.15c95f562fac1p-401,0x1.76120fc8663a8p-225,2.70997030701161860e-68
16,158,0x1.0d9ff38f122d8p-226,0x1.15c95f562fac1p-401,0x1.0d9ff38f122d9p-226,9.76654301011870598e-69
16,159,0x1.848fce7b05208p-228,0x1.15c95f562fac1p-401,0x1.848fce7b05209p-228,3.51869045953311651e-69
16,160,0x1.17e510d8c9a1ap-229,0x1.15c95f562fac1p-401,0x1.17e510d8c9a1bp-229,1.26731868939559405e-69
16,161,0x1.931c77d5a3a47p-231,0x1.15c95f562fac1p-401,0x1.931c77d5a3a48p-231,4.56305711530670630e-70
16,162,0x1.22321718e53b2p-232,0x1.15c95f562fac1p-401,0x1.22321718e53b3p-232,1.64244925732964449e-70
16,163,0x1.a1b08912a7d6bp-234,0x1.15c95f562fac1p-401,0x1.a1b08912a7d6cp-234,5.91009827466948895e-71
16,164,0x1.2c81a5103e10ep-235,0x1.15c95f562fac1p-401,0x1.2c81a5103e10fp-235,2.12600761342644179e-71
16,165,0x1.b0444f522e0c2p-237,0x1.15c95f562fac1p-401,0x1.b0444f522e0c3p-237,7.64544870563077964e-72
16,166,0x1.36ce3a0d87119p-238,0x1.15c95f562fac1p-401,0x1.36ce3a0d8711ap-238,2.74858938267686992e-72
16,167,0x1.becfeef177026p-240,0x1.15c95f562fac1p-401,0x1.becfeef177027p-240,9.87838928594953565e-73
16,168,0x1.41123b39be324p-241,0x1.15c95f562fac1p-401,0x1.41123b39be325p-241,3.54921618096812630e-73
16,169,0x1.cd4b6b2d51b14p-243,0x1.15c95f562fac1p-401,0x1.cd4b6b2d51b15p-243,1.27482174557533990e-73
16,170,0x1.4b47f915b1e6cp-244,0x1.15c95f562fac1p-401,0x1.4b47f915b1e6dp-244,4.57759968458824107e-74
16,171,0x1.dbaeae043a0efp-246,0x1.15c95f562fac1p-401,0x1.dbaeae043a0fp-246,1.64322915637637748e-74
16,172,0x1.5569b52075885p-247,0x1.15c95f562fac1p-401,0x1.5569b52075886p-247,5.89699904845498511e-75
16,173,0x1.e9f1904c6eb71p-249,0x1.15c95f562fac1p-401,0x1.e9f1904c6eb72p-249,2.11561779089768039e-75
16,174,0x1.5f71a79e532aep-250,0x1.15c95f562fac1p-401,0x1.5f71a79e532afp-250,7.58782327487817338e-76
16,175,0x1.f80be1f1e057cp-252,0x1.15c95f562fac1p-401,0x1.f80be1f1e057dp-252,2.72064363223384755e-76
16,176,0x1.695a05778edfcp-253,0x1.15c95f562fac1p-401,0x1.695a05778edfdp-253,9.75216788071043188e-77
16,177,0x1.02fab927cb688p-254,0x1.15c95f562fac1p-401,0x1.02fab927cb689p-254,3.49467132013464996e-77
16,178,0x1.731d062626103p-256,0x1.15c95f562fac1p-401,0x1.731d062626104p-256,1.25195221102002814e-77
16,179,0x1.09d30c4bfd36cp-257,0x1.15c95f562fac1p-401,0x1.09d30c4bfd36dp-257,4.48379761640004780e-78
16,180,0x1.7cb4e9a99e10fp-259,0x1.15c95f562fac1p-401,0x1.7cb4e9a99e11p-259,1.60539411543664893e-78
16,181,0x1.108ade1fad3d7p-260,0x1.15c95f562fac1p-401,0x1.108ade1fad3d8p-260,5.74639295044552216e-79
16,182,0x1.861bfe77ef3e1p-262,0x1.15c95f562fac1p-401,0x1.861bfe77ef3e2p-262,2.05630500220006978e-79
16,183,0x1.171e2eae07986p-263,0x1.15c95f562fac1p-401,0x1.171e2eae07987p-263,7.35629037237699059e-80
16,184,0x1.8f4ca762a5d97p-265,0x1.15c95f562fac1p-401,0x1.8f4ca762a5d98p-265,2.63093351260393714e-80
16,185,0x1.1d890e77d8d62p-266,0x1.15c95f562fac1p-401,0x1.1d890e77d8d63p-266,9.40678270094609024e-81
16,186,0x1.984161676eecp-268,0x1.15c95f562fac1p-401,0x1.984161676eec1p-268,3.36242903071271227e-81
16,187,0x1.23c7a2868d0f2p-269,0x1.15c95f562fac1p-401,0x1.23c7a2868d0f3p-269,1.20156275672649214e-81
16,188,0x1.a0f4c96375a87p-271,0x1.15c95f562fac1p-401,0x1.a0f4c96375a88p-271,4.29261208241355279e-82
16,189,0x1.29d6286790929p-272,0x1.15c95f562fac1p-401,0x1.29d628679092ap-272,1.53313081408982927e-82
16,190,0x1.a961a1a133feap-274,0x1.15c95f562fac1p-401,0x1.a961a1a133febp-274,5.47418778137908149e-83
16,191,0x1.2fb0fa0a42469p-275,0x1.15c95f562fac1p-401,0x1.2fb0fa0a4246ap-275,1.95408566871631111e-83
16,192,0x1.b182d738a71d4p-277,0x1.15c95f562fac1p-401,0x1.b182d738a71d5p-277,6.97351042184904459e-84
16,193,0x1.3554917ae42cap-278,0x1.15c95f562fac1p-401,0x1.3554917ae42cbp-278,2.48796213169033062e-84
16,194,0x1.b953873a3508bp-280,0x1.15c95f562fac1p-401,0x1.b953873a3508cp-280,8.87403302009188241e-85
16,195,0x1.3abd8c753cf55p-281,0x1.15c95f562fac1p-401,0x1.3abd8c753cf56p-281,3.16434464977485952e-85
16,196,0x1.c0cf039cfad62p-283,0x1.15c95f562fac1p-401,0x1.c0cf039cfad63p-283,1.12806072596536306e-85
16,197,0x1.3fe8afc9ed2eap-284,0x1.15c95f562fac1p-401,0x1.3fe8afc9ed2ebp-284,4.02038489385305509e-86
16,198,0x1.c7f0d7e9b20cep-286,0x1.15c95f562fac1p-401,0x1.c7f0d7e9b20cfp-286,1.43248382411600882e-86
16,199,0x1.44d2ea91d2eacp-287,0x1.15c95f562fac1p-401,0x1.44d2ea91d2eadp-287,5.10269070193521638e-87
16,200,0x1.ceb4cd9bdda64p-289,0x1.15c95f562fac1p-401,0x1.ceb4cd9bdda65p-289,1.81717463105269038e-87
16,201,0x1.4979592b36569p-290,0x1.15c95f562fac1p-401,0x1.4979592b3656ap-290,6.46967497256960613e-88
16,202,0x1.d516f0337be6cp-292,0x1.15c95f562fac1p-401,0x1.d516f0337be6dp-292,2.30280470314597116e-88
16,203,0x1.4dd947fce0638p-293,0x1.15c95f562fac1p-401,0x1.4dd947fce0639p-293,8.19447370039525969e-89
16,204,0x1.db1390f20f2abp-295,0x1.15c95f562fac1p-401,0x1.db1390f20f2acp-295,2.91524325025882430e-89
16,205,0x1.51f035fba8e91p-296,0x1.15c95f562fac1p-401,0x1.51f035fba8e92p-296,1.03685676039216238e-89
16,206,0x1.e0a74a3e6cacdp-298,0x1.15c95f562fac1p-401,0x1.e0a74a3e6cacep-298,3.68683256430261857e-90
16,207,0x1.55bbd6ef7a5edp-299,0x1.15c95f562fac1p-401,0x1.55bbd6ef7a5eep-299,1.31062727434843831e-90
16,208,0x1.e5cf02ab6262ep-301,0x1.15c95f562fac1p-401,0x1.e5cf02ab6262fp-301,4.65796873618186886e-91
16,209,0x1.593a15753e491p-302,0x1.15c95f562fac1p-401,0x1.593a15753e492p-302,1.65503034117690665e-91
16,210,0x1.ea87ef9decbeep-304,0x1.15c95f562fac1p-401,0x1.ea87ef9decbefp-304,5.87905890305884694e-92
16,211,0x1.5c6914bb9c9fcp-305,0x1.15c95f562fac1p-401,0x1.5c6914bb9c9fdp-305,2.08786569131198770e-92
16,212,0x1.eecf97905ebebp-307,0x1.15c95f562fac1p-401,0x1.eecf97905ebecp-307,7.41294246620097383e-93
16,213,0x1.5f4731f8f18a5p-308,0x1.15c95f562fac1p-401,0x1.5f4731f8f18a6p-308,2.63131264646391532e-93
16,214,0x1.f2a3d3f08ae93p-310,0x1.15c95f562fac1p-401,0x1.f2a3d3f08ae94p-310,9.33788350409094923e-94
16,215,0x1.61d30599568cbp-311,0x1.15c95f562fac1p-401,0x1.61d30599568ccp-311,3.31298175722362936e-94
16,216,0x1.f602d297a7af4p-313,0x1.15c95f562fac1p-401,0x1.f602d297a7af5p-313,1.17512657484039801e-94
16,217,0x1.640b6424158d1p-314,0x1.15c95f562fac1p-401,0x1.640b6424158d2p-314,4.16721275447940779e-95
16,218,0x1.f8eb16db54a88p-316,0x1.15c95f562fac1p-401,0x1.f8eb16db54a89p-316,1.47741509260494245e-95
16,219,0x1.65ef5ed8543bfp-317,0x1.15c95f562fac1p-401,0x1.65ef5ed8543cp-317,5.23667505570889489e-96
16,220,0x1.fb5b7a37ce71p-319,0x1.15c95f562fac1p-401,0x1.fb5b7a37ce711p-319,1.85568971275177371e-96
16,221,0x1.677e44013c2ddp-320,0x1.15c95f562fac1p-401,0x1.677e44013c2dep-320,6.57433957795462684e-97
16,222,0x1.fd532c9403856p-322,0x1.15c95f562fac1p-401,0x1.fd532c9403857p-322,2.32860775030514182e-97
16,223,0x1.68b79f0256be2p-323,0x1.15c95f562fac1p-401,0x1.68b79f0256be3p-323,8.24590582939804265e-98
16,224,0x1.fed1b420dc38cp-325,0x1.15c95f562fac1p-401,0x1.fed1b420dc38dp-325,2.91929926575593286e-98
16,225,0x1.699b381d4299p-326,0x1.15c95f562fac1p-401,0x1.699b381d42991p-326,1.03327867516794884e-98
16,226,0x1.ffd6ecd5a1369p-328,0x1.15c95f562fac1p-401,0x1.ffd6ecd5a136ap-328,3.65641345940062054e-99
16,227,0x1.6a2913f252f47p-329,0x1.15c95f562fac1p-401,0x1.6a2913f252f48p-329,1.29357762530916218e-99
16,228,0x1.003183c5ff4b9p-330,0x1.15c95f562fac1p-401,0x1.003183c5ff4bap-330,4.57540383291739683e-100
16,229,0x1.6a6172be0d223p-332,0x1.15c95f562fac1p-401,0x1.6a6172be0d224p-332,1.61795516362071968e-100
16,230,0x1.003b445f55c71p-333,0x1.15c95f562fac1p-401,0x1.003b445f55c72p-333,5.72010522460081382e-101
16,231,0x1.6a44cf55d7e55p-335,0x1.15c95f562fac1p-401,0x1.6a44cf55d7e56p-335,2.02181961778905532e-101
16,232,0x1.000923772020ep-336,0x1.15c95f562fac1p-401,0x1.000923772020fp-336,7.14466733045814262e-102
16,233,0x1.69d3dde687e76p-338,0x1.15c95f562fac1p-401,0x1.69d3dde687e77p-338,2.52419671612941636e-102
16,234,0x1.ff3768b03ad3fp-340,0x1.15c95f562fac1p-401,0x1.ff3768b03ad4p-340,8.91592325548436279e-103
16,235,0x1.690f8a77c5c81p-341,0x1.15c95f562fac1p-401,0x1.690f8a77c5c82p-341,3.14855831248041202e-103
16,236,0x1.fde7626ca1ed2p-343,0x1.15c95f562fac1p-401,0x1.fde7626ca1ed3p-343,1.11162884954742562e-103
16,237,0x1.67f8f73793a1cp-344,0x1.15c95f562fac1p-401,0x1.67f8f73793a1dp-344,3.92383627053260759e-104
16,238,0x1.fc23f3cf15a3bp-346,0x1.15c95f562fac1p-401,0x1.fc23f3cf15a3cp-346,1.38473061264412639e-104
16,239,0x1.66917a9179801p-347,0x1.15c95f562fac1p-401,0x1.66917a9179802p-347,4.88566182786913313e-105
16,240,0x1.f9ef24f07688fp-349,0x1.15c95f562fac1p-401,0x1.f9ef24f076891p-349,1.72339785911505131e-105
16,241,0x1.64da9d1519e51p-350,0x1.15c95f562fac1p-401,0x1.64da9d1519e54p-350,6.07787931128136550e-106
16,242,0x1.f74b433e9663bp-352,0x1.15c95f562fac1p-401,0x1.f74b433e96644p-352,2.14300561765815172e-106
16,243,0x1.62d617302092ep-353,0x1.15c95f562fac1p-401,0x1.62d617302094p-353,7.55439339110607108e-107
16,244,0x1.f43ade27a5b23p-355,0x1.15c95f562fac1p-401,0x1.f43ade27a5b69p-355,2.66244880965454435e-107
16,245,0x1.6085cebfa6ea9p-356,0x1.15c95f562fac1p-401,0x1.6085cebfa6f34p-356,9.38142149757045202e-108
16,246,0x1.f0c0c38f45169p-358,0x1.15c95f562fac1p-401,0x1.f0c0c38f45395p-358,3.30492852545452568e-108
16,247,0x1.5debd47d49739p-359,0x1.15c95f562fac1p-401,0x1.5debd47d49b91p-359,1.16402379996095875e-108
16,248,0x1.ecdffc1349c12p-361,0x1.15c95f562fac1p-401,0x1.ecdffc134ad6fp-361,4.09890957256847145e-109
16,249,0x1.5b0a614c425f9p-362,0x1.15c95f562fac1p-401,0x1.5b0a614c448b3p-362,1.44305147716070323e-109
16,250,0x1.e89bc7265fbefp-364,0x1.15c95f562fac1p-401,0x1.e89bc726686d4p-364,5.07928565084096548e-110
16,251,0x1.57e3d36aebdf6p-365,0x1.15c95f562fac1p-401,0x1.57e3d36afd3cp-365,1.78743844488469511e-110
16,252,0x1.e3f79706c3994p-367,0x1.15c95f562fac1p-401,0x1.e3f79707090bap-367,6.28879602391605453e-111
16,253,0x1.547aab8d10ceep-368,0x1.15c95f562fac1p-401,0x1.547aab8d9bb39p-368,2.21213787173851302e-111
16,254,0x1.def70c9740ff8p-370,0x1.15c95f562fac1p-401,0x1.def70c996c924p-370,7.77974658224928754e-112
16,255,0x1.50d189e350fd7p-371,0x1.15c95f562fac1p-401,0x1.50d189e7a822fp-371,2.73544252611375104e-112
16,256,0x1.d99df320208cbp-373,0x1.15c95f562fac1p-401,0x1.d99df3317d22bp-373,9.61609903261918611e-113
16,257,0x1.4ceb2b12e5829p-374,0x1.15c95f562fac1p-401,0x1.4ceb2b359eae8p-374,3.37971245844213758e-113
16,258,0x1.d3f03bfa049ecp-376,0x1.15c95f562fac1p-401,0x1.d3f03c84e94e7p-376,1.18760050215995581e-113
16,259,0x1.48ca651a25098p-377,0x1.15c95f562fac1p-401,0x1.48ca662fee68ep-377,4.17225737332504249e-114
16,260,0x1.cdf1fa0a7fb09p-379,0x1.15c95f562fac1p-401,0x1.cdf1fe61a52dfp-379,1.46548784058107818e-114
16,261,0x1.447223ec913b1p-380,0x1.15c95f562fac1p-401,0x1.44722c9adc35dp-380,5.14640662425829873e-115
16,262,0x1.c7a75c3ee098p-382,0x1.15c95f562fac1p-401,0x1.c7a77ef80c82dp-382,1.80691259916093209e-115
16,263,0x1.3fe56430778a6p-383,0x1.15c95f562fac1p-401,0x1.3fe5a9a2cf5ffp-383,6.34281471638261814e-116
16,264,0x1.c114a105c4p-385,0x1.15c95f562fac1p-401,0x1.c115b6cf23563p-385,2.22607647450736490e-116
16,265,0x1.3b2720de2069dp-386,0x1.15c95f562fac1p-401,0x1.3b294c70df163p-386,7.81114361568438758e-117
16,266,0x1.ba3dd8d667355p-388,0x1.15c95f562fac1p-401,0x1.ba46872161e6dp-388,2.74040403714259551e-117
16,267,0x1.3639e60a4dcd8p-389,0x1.15c95f562fac1p-401,0x1.364b42a043308p-389,9.61313583214805370e-118
16,268,0x1.b32559aede648p-391,0x1.15c95f562fac1p-401,0x1.b36acc06b3f07p-391,3.37238606834653912e-118
16,269,0x1.311cfe3fb87b1p-392,0x1.15c95f562fac1p-401,0x1.31a7e2ef6392fp-392,1.18368020499809625e-118
16,270,0x1.abc17f6fdf76ap-394,0x1.15c95f562fac1p-401,0x1.aded122e8bd6p-394,4.16232044709293254e-119
16,271,0x1.2bb9fef1770b8p-395,0x1.15c95f562fac1p-401,0x1.3011246ecfca4p-395,1.47190907409669815e-119
16,272,0x1.a3bafe4160107p-397,0x1.15c95f562fac1p-401,0x1.b5179436c30b4p-397,5.28962297839603962e-120
16,273,0x1.2571a46ff8d56p-398,0x1.15c95f562fac1p-401,0x1.482ad05abecafp-398,1.98571532354527195e-120
16,274,0x1.98e12103f2207p-400,0x1.15c95f562fac1p-401,0x1.11e2e85784fb4p-399,8.28632886431231077e-121
16,275,0x1.1a85e22e4d444p-401,0x1.15c95f562fac1p-401,0x1.1827a0c23e783p-400,4.23798906538560143e-121
16,276,0x1.7ed84a2cd8c65p-403,0x1.15c95f562fac1p-401,0x1.757f71e165ddbp-401,2.82500914492488745e-121
16,277,0x1.ef06b4d8f96b8p-405,0x1.15c95f562fac1p-401,0x1.34b9caa3bf42dp-401,2.33509538421123498e-121
16,278,0x1.1cf18c2626e12p-406,0x1.15c95f562fac1p-401,0x1.1eb0ebb760e32p-401,2.16843285803992460e-121
16,279,0x1.d54ee3b7c31dfp-409,0x1.15c95f562fac1p-401,0x1.179eae39e76f3p-401,2.11494834917199959e-121
16,280,0x0p+0,0x1.15c95f562fac1p-401,0x1.15c95f562fac1p-401,2.10108239004646908e-121
17,0,0x1.b0649beda3ecdp-3,0x1.1de1071a7db14p-387,0x1.b0649beda3ecep-3,2.11129396619517740e-01
17,1,0x1.606bb09aa3ed8p-4,0x1.1de1071a7db14p-387,0x1.606bb09aa3ed9p-4,8.60402010532611700e-02
17,2,0x1.1f50f0214d92dp-5,0x1.1de1071a7db14p-387,0x1.1f50f0214d92ep-5,3.50727739373034448e-02
17,3,0x1.d80aa53df5a04p-7,0x1.1de1071a7db14p-387,0x1.d80aa53df5a05p-7,1.44055659147115465e-02
17,4,0x1.8658d8b14842bp-8,0x1.1de1071a7db14p-387,0x1.8658d8b14842cp-8,5.95622339577154756e-03
17,5,0x1.43dda33054b3dp-9,0x1.1de1071a7db14p-387,0x1.43dda33054b3ep-9,2.47089974451722341e-03
17,6,0x1.0cd8ea4e98f5cp-10,0x1.1de1071a7db14p-387,0x1.0cd8ea4e98f5dp-10,1.02557115646902749e-03
17,7,0x1.bdd3a4744684ep-12,0x1.1de1071a7db14p-387,0x1.bdd3a4744684fp-12,4.25173500177349182e-04
17,8,0x1.70e895a4aca52p-13,0x1.1de1071a7db14p-387,0x1.70e895a4aca53p-13,1.75909296691383917e-04
17,9,0x1.308a125d12858p-14,0x1.1de1071a7db14p-387,0x1.308a125d12859p-14,7.26078373684281147e-05
17,10,0x1.f592884264dd6p-16,0x1.1de1071a7db14p-387,0x1.f592884264dd7p-16,2.98960442336024950e-05
17,11,0x1.9c0c545b670b7p-17,0x1.1de1071a7db14p-387,0x1.9c0c545b670b8p-17,1.22799921687333566e-05
17,12,0x1.51b8e88129413p-18,0x1.1de1071a7db14p-387,0x1.51b8e88129414p-18,5.03245439734558876e-06
17,13,0x1.1432c7feec18bp-19,0x1.1de1071a7db14p-387,0x1.1432c7feec18cp-19,2.05783817316274161e-06
17,14,0x1.c2d529f06708ap-21,0x1.1de1071a7db14p-387,0x1.c2d529f06708bp-21,8.39741288105874819e-07
17,15,0x1.6f39d115e13d5p-22,0x1.1de1071a7db14p-387,0x1.6f39d115e13d6p-22,3.42005720959095581e-07
17,16,0x1.2a92cc3e760cap-23,0x1.1de1071a7db14p-387,0x1.2a92cc3e760cbp-23,1.39034087311449592e-07
17,17,0x1.e4aa0f0e57bf2p-25,0x1.1de1071a7db14p-387,0x1.e4aa0f0e57bf3p-25,5.64223495587626373e-08
17,18,0x1.88b7b3011c6c6p-26,0x1.1de1071a7db14p-387,0x1.88b7b3011c6c7p-26,2.28591714484771198e-08
17,19,0x1.3db612b0b3947p-27,0x1.1de1071a7db14p-387,0x1.3db612b0b3948p-27,9.24661355938390918e-09
17,20,0x1.00a45505a07d1p-28,0x1.1de1071a7db14p-387,0x1.00a45505a07d2p-28,3.73463149782707100e-09
17,21,0x1.9e055c7772c7cp-30,0x1.1de1071a7db14p-387,0x1.9e055c7772c7dp-30,1.50619941333669304e-09
17,22,0x1.4d7d0fba305a8p-31,0x1.1de1071a7db14p-387,0x1.4d7d0fba305a9p-31,6.06612086320743589e-10
17,23,0x1.0c42747ca97acp-32,0x1.1de1071a7db14p-387,0x1.0c42747ca97adp-32,2.43980675759273507e-10
17,24,0x1.af0498ca9a70ep-34,0x1.1de1071a7db14p-387,0x1.af0498ca9a70fp-34,9.80021369314350477e-11
17,25,0x1.59d3d4fb2998ap-35,0x1.1de1071a7db14p-387,0x1.59d3d4fb2998bp-35,3.93160313005560072e-11
17,26,0x1.15230e6836c97p-36,0x1.1de1071a7db14p-387,0x1.15230e6836c98p-36,1.57534110817713355e-11
17,27,0x1.bba7c0e888b66p-38,0x1.1de1071a7db14p-387,0x1.bba7c0e888b67p-38,6.30472083141751912e-12
17,28,0x1.62b48b95930a5p-39,0x1.1de1071a7db14p-387,0x1.62b48b95930a6p-39,2.52033242195897813e-12
17,29,0x1.1b45a38676db2p-40,0x1.1de1071a7db14p-387,0x1.1b45a38676db3p-40,1.00638440318090600e-12
17,30,0x1.c3f4cb2f4a09fp-42,0x1.1de1071a7db14p-387,0x1.c3f4cb2f4a0ap-42,4.01417766007516046e-13
17,31,0x1.68295ed2c6274p-43,0x1.1de1071a7db14p-387,0x1.68295ed2c6275p-43,1.59943881756456241e-13
17,32,0x1.1eb69a282419bp-44,0x1.1de1071a7db14p-387,0x1.1eb69a282419cp-44,6.36631391484303008e-14
17,33,0x1.c806397038a79p-46,0x1.1de1071a7db14p-387,0x1.c806397038a7ap-46,2.53144346562477056e-14
17,34,0x1.6a4cad7d97721p-47,0x1.1de1071a7db14p-387,0x1.6a4cad7d97722p-47,1.00558317854923428e-14
17,35,0x1.1f8f0250d474dp-48,0x1.1de1071a7db14p-387,0x1.1f8f0250d474ep-48,3.99067763675342720e-15
17,36,0x1.c80a304ad76f4p-50,0x1.1de1071a7db14p-387,0x1.c80a304ad76f5p-50,1.58220589193811872e-15
17,37,0x1.6947f2e6f5285p-51,0x1.1de1071a7db14p-387,0x1.6947f2e6f5286p-51,6.26722719108792438e-16
17,38,0x1.1df3783307b24p-52,0x1.1de1071a7db14p-387,0x1.1df3783307b25p-52,2.48023002176394798e-16
17,39,0x1.c4405b838da04p-54,0x1.1de1071a7db14p-387,0x1.c4405b838da05p-54,9.80663892953424586e-17
17,40,0x1.6551e0bb59556p-55,0x1.1de1071a7db14p-387,0x1.6551e0bb59557p-55,3.87406941797250081e-17
17,41,0x1.1a127bfc1f7cp-56,0x1.1de1071a7db14p-387,0x1.1a127bfc1f7c1p-56,1.52911648381769082e-17
17,42,0x1.bcf71a7968b26p-58,0x1.1de1071a7db14p-387,0x1.bcf71a7968b27p-58,6.03040360316515662e-18
17,43,0x1.5eac008307f2ap-59,0x1.1de1071a7db14p-387,0x1.5eac008307f2bp-59,2.37624510732655118e-18
17,44,0x1.14227c49d992cp-60,0x1.1de1071a7db14p-387,0x1.14227c49d992dp-60,9.35580785585591522e-19
17,45,0x1.b2884bc397d0ep-62,0x1.1de1071a7db14p-387,0x1.b2884bc397d0fp-62,3.68063264588800086e-19
17,46,0x1.55a01ad99f35p-63,0x1.1de1071a7db14p-387,0x1.55a01ad99f351p-63,1.44683988817486277e-19
17,47,0x1.0c5fbfbd05fe1p-64,0x1.1de1071a7db14p-387,0x1.0c5fbfbd05fe2p-64,5.68304091643266465e-20
17,48,0x1.a555f7e91eee8p-66,0x1.1de1071a7db14p-387,0x1.a555f7e91eee9p-66,2.23053322732561939e-20
17,49,0x1.4a7d927d6cd2ep-67,0x1.1de1071a7db14p-387,0x1.4a7d927d6cd2fp-67,8.74801113244740622e-21
17,50,0x1.030a4efc55cd4p-68,0x1.1de1071a7db14p-387,0x1.030a4efc55cd5p-68,3.42836939733449373e-21
17,51,0x1.95c70b5bceadfp-70,0x1.1de1071a7db14p-387,0x1.95c70b5bceaep-70,1.34260518051694502e-21
17,52,0x1.3d96d5facecf4p-71,0x1.1de1071a7db14p-387,0x1.3d96d5facecf5p-71,5.25407262246448643e-22
17,53,0x1.f0c7f064a5d95p-73,0x1.1de1071a7db14p-387,0x1.f0c7f064a5d96p-73,2.05463810846894540e-22
17,54,0x1.844443abe2dbfp-74,0x1.1de1071a7db14p-387,0x1.844443abe2dcp-74,8.02916629135792460e-23
17,55,0x1.2f3f01a6e8438p-75,0x1.1de1071a7db14p-387,0x1.2f3f01a6e8439p-75,3.13549138041720795e-23
17,56,0x1.d95cfc9458602p-77,0x1.1de1071a7db14p-387,0x1.d95cfc9458603p-77,1.22361526803553784e-23
17,57,0x1.713569bb5212cp-78,0x1.1de1071a7db14p-387,0x1.713569bb5212dp-78,4.77190988734686267e-24
17,58,0x1.1fc7c3f2747b8p-79,0x1.1de1071a7db14p-387,0x1.1fc7c3f2747b9p-79,1.85973681782802685e-24
17,59,0x1.c05400ce81d7ap-81,0x1.1de1071a7db14p-387,0x1.c05400ce81d7bp-81,7.24313170398127494e-25
17,60,0x1.5cfee9ff96164p-82,0x1.1de1071a7db14p-387,0x1.5cfee9ff96165p-82,2.81916528229787270e-25
17,61,0x1.0f7f8f8a9d451p-83,0x1.1de1071a7db14p-387,0x1.0f7f8f8a9d452p-83,1.09657283633713275e-25
17,62,0x1.a62742402988bp-85,0x1.1de1071a7db14p-387,0x1.a62742402988cp-85,4.26265955193334999e-26
17,63,0x1.47ffd46f640a1p-86,0x1.1de1071a7db14p-387,0x1.47ffd46f640a2p-86,1.65597345612368927e-26
17,64,0x1.fd604250f9d59p-88,0x1.1de1071a7db14p-387,0x1.fd604250f9d5ap-88,6.42922914960838747e-27
17,65,0x1.8b48e1afde1a9p-89,0x1.1de1071a7db14p-387,0x1.8b48e1afde1aap-89,2.49459713040105509e-27
17,66,0x1.3290477e1d85ep-90,0x1.1de1071a7db14p-387,0x1.3290477e1d85fp-90,9.67344127272573344e-28
17,67,0x1.db3ab49aa1cedp-92,0x1.1de1071a7db14p-387,0x1.db3ab49aa1ceep-92,3.74889830220771836e-28
17,68,0x1.70213646389d3p-93,0x1.1de1071a7db14p-387,0x1.70213646389d4p-93,1.45201577762767401e-28
17,69,0x1.1d004474c3cd3p-94,0x1.1de1071a7db14p-387,0x1.1d004474c3cd4p-94,5.62065454996179051e-29
17,70,0x1.b908dcdefdd18p-96,0x1.1de1071a7db14p-387,0x1.b908dcdefdd19p-96,2.17446856090273029e-29
17,71,0x1.550da8d0419bp-97,0x1.1de1071a7db14p-387,0x1.550da8d0419b1p-97,8.40761437630664850e-30
17,72,0x1.0796e7811ee5ep-98,0x1.1de1071a7db14p-387,0x1.0796e7811ee5fp-98,3.24899106081815942e-30
17,73,0x1.9736ba7ce5174p-100,0x1.1de1071a7db14p-387,0x1.9736ba7ce5175p-100,1.25482434975873663e-30
17,74,0x1.3a6005c1a2ad8p-101,0x1.1de1071a7db14p-387,0x1.3a6005c1a2ad9p-101,4.84371516345433521e-31
17,75,0x1.e523f5c7d6ef4p-103,0x1.1de1071a7db14p-387,0x1.e523f5c7d6ef5p-103,1.86869311321150429e-31
17,76,0x1.7621652030087p-104,0x1.1de1071a7db14p-387,0x1.7621652030088p-104,7.20549035425914382e-32
17,77,0x1.205e395598d53p-105,0x1.1de1071a7db14p-387,0x1.205e395598d54p-105,2.77688343145241347e-32
17,78,0x1.bc4bb54baeb9cp-107,0x1.1de1071a7db14p-387,0x1.bc4bb54baeb9dp-107,1.06960307549524054e-32
17,79,0x1.5617065bbb44ap-108,0x1.1de1071a7db14p-387,0x1.5617065bbb44bp-108,4.11775787877056268e-33
17,80,0x1.0742675c63f34p-109,0x1.1de1071a7db14p-387,0x1.0742675c63f35p-109,1.58443481778589099e-33
17,81,0x1.94fb3a1999487p-111,0x1.1de1071a7db14p-387,0x1.94fb3a1999488p-111,6.09348218017974001e-34
17,82,0x1.375739f35ecd6p-112,0x1.1de1071a7db14p-387,0x1.375739f35ecd7p-112,2.34226730849984761e-34
17,83,0x1.de769ec3e139bp-114,0x1.1de1071a7db14p-387,0x1.de769ec3e139cp-114,8.99889562929123352e-35
17,84,0x1.6f76e72239b68p-115,0x1.1de1071a7db14p-387,0x1.6f76e72239b69p-115,3.45561921549131153e-35
17,85,0x1.1a13c1599243dp-116,0x1.1de1071a7db14p-387,0x1.1a13c1599243ep-116,1.32632047478708429e-35
17,86,0x1.b0d9db84c046cp-118,0x1.1de1071a7db14p-387,0x1.b0d9db84c046dp-118,5.08813912109591867e-36
17,87,0x1.4bf2705a4dabcp-119,0x1.1de1071a7db14p-387,0x1.4bf2705a4dabdp-119,1.95100927427134153e-36
17,88,0x1.fce2eea64f132p-121,0x1.1de1071a7db14p-387,0x1.fce2eea64f133p-121,7.47741439865460549e-37
17,89,0x1.85e29594d0e99p-122,0x1.1de1071a7db14p-387,0x1.85e29594d0e9ap-122,2.86442329099795286e-37
17,90,0x1.2a9236e5f23a9p-123,0x1.1de1071a7db14p-387,0x1.2a9236e5f23aap-123,1.09677718861142780e-37
17,91,0x1.c912e39a94f9ap-125,0x1.1de1071a7db14p-387,0x1.c912e39a94f9bp-125,4.19755978684310100e-38
17,92,0x1.5db2d40c56ap-126,0x1.1de1071a7db14p-387,0x1.5db2d40c56a01p-126,1.60573698351869099e-38
17,93,0x1.0b6cd1791dd1bp-127,0x1.1de1071a7db14p-387,0x1.0b6cd1791dd1cp-127,6.13977852711860694e-39
17,94,0x1.98d483119a4bcp-129,0x1.1de1071a7db14p-387,0x1.98d483119a4bdp-129,2.34656983557307699e-39
17,95,0x1.385c9a7b239ffp-130,0x1.1de1071a7db14p-387,0x1.385c9a7b23ap-130,8.96434208022825050e-40
17,96,0x1.dd195bc4f8e8p-132,0x1.1de1071a7db14p-387,0x1.dd195bc4f8e81p-132,3.42301785733476758e-40
17,97,0x1.6c32824f95ce9p-133,0x1.1de1071a7db14p-387,0x1.6c32824f95ceap-133,1.30649374321436182e-40
17,98,0x1.15e40062dedfcp-134,0x1.1de1071a7db14p-387,0x1.15e40062dedfdp-134,4.98441874330651733e-41
17,99,0x1.a7e37695b9d32p-136,0x1.1de1071a7db14p-387,0x1.a7e37695b9d33p-136,1.90078189960843479e-41
17,100,0x1.4327ce85fed4dp-137,0x1.1de1071a7db14p-387,0x1.4327ce85fed4ep-137,7.24539678316645803e-42
17,101,0x1.ec828f7383bbp-139,0x1.1de1071a7db14p-387,0x1.ec828f7383bb1p-139,2.76061403446112248e-42
17,102,0x1.77261ecf552b7p-140,0x1.1de1071a7db14p-387,0x1.77261ecf552b8p-140,1.05139117628673949e-42
17,103,0x1.1da222a724532p-141,0x1.1de1071a7db14p-387,0x1.1da222a724533p-141,4.00257562469371958e-43
17,104,0x1.b2c5c6cd19fc2p-143,0x1.1de1071a7db14p-387,0x1.b2c5c6cd19fc3p-143,1.52311531816505829e-43
17,105,0x1.4ac0f7202572ep-144,0x1.1de1071a7db14p-387,0x1.4ac0f7202572fp-144,5.79355938929354246e-44
17,106,0x1.f708fd6ca027bp-146,0x1.1de1071a7db14p-387,0x1.f708fd6ca027cp-146,2.20281980275312612e-44
17,107,0x1.7e5ec3e8feb95p-147,0x1.1de1071a7db14p-387,0x1.7e5ec3e8feb96p-147,8.37210533789920163e-45
17,108,0x1.2288126e97bedp-148,0x1.1de1071a7db14p-387,0x1.2288126e97beep-148,3.18063584827051382e-45
17,109,0x1.b952e8cc9459p-150,0x1.1de1071a7db14p-387,0x1.b952e8cc94591p-150,1.20786416781284393e-45
17,110,0x1.4f0e67a85090fp-151,0x1.1de1071a7db14p-387,0x1.4f0e67a85091p-151,4.58509604956057952e-46
17,111,0x1.fc8d5ebb83fdcp-153,0x1.1de1071a7db14p-387,0x1.fc8d5ebb83fddp-153,1.73982776947730948e-46
17,112,0x1.81ca80fbc14c1p-154,0x1.1de1071a7db14p-387,0x1.81ca80fbc14c2p-154,6.59922337369614759e-47
17,113,0x1.248c8e9019c71p-155,0x1.1de1071a7db14p-387,0x1.248c8e9019c72p-155,2.50212728867850641e-47
17,114,0x1.bb835cd0a20e5p-157,0x1.1de1071a7db14p-387,0x1.bb835cd0a20e6p-157,9.48325004539651044e-48
17,115,0x1.500f5769c5731p-158,0x1.1de1071a7db14p-387,0x1.500f5769c5732p-158,3.59283645953140999e-48
17,116,0x1.fd15da37c017dp-160,0x1.1de1071a7db14p-387,0x1.fd15da37c017ep-160,1.36066538727593543e-48
17,117,0x1.81737c9082754p-161,0x1.1de1071a7db14p-387,0x1.81737c9082755p-161,5.15110074770138821e-49
17,118,0x1.23bb610350a58p-162,0x1.1de1071a7db14p-387,0x1.23bb610350a59p-162,1.94932714556900493e-49
17,119,0x1.b96f1ba42495dp-164,0x1.1de1071a7db14p-387,0x1.b96f1ba42495ep-164,7.37405786574236448e-50
17,120,0x1.4dda7af5f830ap-165,0x1.1de1071a7db14p-387,0x1.4dda7af5f830bp-165,2.78847402934061513e-50
17,121,0x1.f8cb9673172fdp-167,0x1.1de1071a7db14p-387,0x1.f8cb9673172fep-167,1.05406169420749810e-50
17,122,0x1.7d7de3977d3fp-168,0x1.1de1071a7db14p-387,0x1.7d7de3977d3f1p-168,3.98295975526589479e-51
17,123,0x1.2033a469a165p-169,0x1.1de1071a7db14p-387,0x1.2033a469a1651p-169,1.50448321604711330e-51
17,124,0x1.b34abb6278938p-171,0x1.1de1071a7db14p-387,0x1.b34abb6278939p-171,5.68082464392601915e-52
17,125,0x1.489bae24c0e86p-172,0x1.1de1071a7db14p-387,0x1.489bae24c0e87p-172,2.14426807261252577e-52
17,126,0x1.eff6f02ddc17cp-174,0x1.1de1071a7db14p-387,0x1.eff6f02ddc17dp-174,8.09080008909192434e-53
17,127,0x1.7624dd506bd39p-175,0x1.1de1071a7db14p-387,0x1.7624dd506bd3ap-175,3.05175440979147429e-53
17,128,0x1.1a25547ae18bfp-176,0x1.1de1071a7db14p-387,0x1.1a25547ae18cp-176,1.15067961369541911e-53
17,129,0x1.a9639043838eep-178,0x1.1de1071a7db14p-387,0x1.a9639043838efp-178,4.33717534464462312e-54
17,130,0x1.4090e453926cep-179,0x1.1de1071a7db14p-387,0x1.4090e453926cfp-179,1.63421144342723859e-54
17,131,0x1.e2faa89ae214fp-181,0x1.1de1071a7db14p-387,0x1.e2faa89ae215p-181,6.15544122836892956e-55
17,132,0x1.6bb6c45157ad5p-182,0x1.1de1071a7db14p-387,0x1.6bb6c45157ad6p-182,2.31771889896661676e-55
17,133,0x1.11ce5b079984fp-183,0x1.1de1071a7db14p-387,0x1.11ce5b079985p-183,8.72396491390988441e-56
17,134,0x1.9c1b15cedb7a3p-185,0x1.1de1071a7db14p-387,0x1.9c1b15cedb7a4p-185,3.28261209461536451e-56
17,135,0x1.3606995e62a85p-186,0x1.1de1071a7db14p-387,0x1.3606995e62a86p-186,1.23474889682282474e-56
17,136,0x1.d24e64bc45ecep-188,0x1.1de1071a7db14p-387,0x1.d24e64bc45ecfp-188,4.64292921576464394e-57
17,137,0x1.5e90e8a11818ep-189,0x1.1de1071a7db14p-387,0x1.5e90e8a11818fp-189,1.74526230625240051e-57
17,138,0x1.07774d23e3695p-190,0x1.1de1071a7db14p-387,0x1.07774d23e3696p-190,6.55821229093773185e-58
17,139,0x1.8be1ee868acdp-192,0x1.1de1071a7db14p-387,0x1.8be1ee868acd1p-192,2.46358313113241596e-58
17,140,0x1.2953fe3df9c7ap-193,0x1.1de1071a7db14p-387,0x1.2953fe3df9c7bp-193,9.25138648744759162e-59
17,141,0x1.be78d68e7a24fp-195,0x1.1de1071a7db14p-387,0x1.be78d68e7a25p-195,3.47300278212530769e-59
17,142,0x1.4f1b1d8078b1dp-196,0x1.1de1071a7db14p-387,0x1.4f1b1d8078b1ep-196,1.30335578318339386e-59
17,143,0x1.f6e014b968fe4p-198,0x1.1de1071a7db14p-387,0x1.f6e014b968fe5p-198,4.88968871209439131e-60
17,144,0x1.7932c4904c07p-199,0x1.1de1071a7db14p-387,0x1.7932c4904c071p-199,1.83383660723485545e-60
17,145,0x1.1ad718d45ebd9p-200,0x1.1de1071a7db14p-387,0x1.1ad718d45ebdap-200,6.87546494747190698e-61
17,146,0x1.a809e28fca88ep-202,0x1.1de1071a7db14p-387,0x1.a809e28fca88fp-202,2.57695192286347105e-61
17,147,0x1.3dc3501747ac7p-203,0x1.1de1071a7db14p-387,0x1.3dc3501747ac8p-203,9.65548650190373436e-62
17,148,0x1.dc18d6770b303p-205,0x1.1de1071a7db14p-387,0x1.dc18d6770b304p-205,3.61664922438347551e-62
17,149,0x1.648d4e248a6dap-206,0x1.1de1071a7db14p-387,0x1.648d4e248a6dbp-206,1.35426536813270871e-62
17,150,0x1.0af1080867d01p-207,0x1.1de1071a7db14p-387,0x1.0af1080867d02p-207,5.06952274215908136e-63
17,151,0x1.8f9509bc9782fp-209,0x1.1de1071a7db14p-387,0x1.8f9509bc9783p-209,1.89712982923983578e-63
17,152,0x1.2af95bc5d87cep-210,0x1.1de1071a7db14p-387,0x1.2af95bc5d87cfp-210,7.09732102149260924e-64
17,153,0x1.bf424b2b150e7p-212,0x1.1de1071a7db14p-387,0x1.bf424b2b150e8p-212,2.65436109350791821e-64
17,154,0x1.4e71adc2b2f79p-213,0x1.1de1071a7db14p-387,0x1.4e71adc2b2f7ap-213,9.92417564484225016e-65
17,155,0x1.f405299930317p-215,0x1.1de1071a7db14p-387,0x1.f405299930318p-215,3.70935575032374170e-65
17,156,0x1.75ac52b5b8a48p-216,0x1.1de1071a7db14p-387,0x1.75ac52b5b8a49p-216,1.38603069830044046e-65
17,157,0x1.172b466543331p-217,0x1.1de1071a7db14p-387,0x1.172b466543332p-217,5.17747765504861524e-66
17,158,0x1.a1020a00a9316p-219,0x1.1de1071a7db14p-387,0x1.a1020a00a9317p-219,1.93346063641970928e-66
17,159,0x1.375c598f51f3fp-220,0x1.1de1071a7db14p-387,0x1.375c598f51f4p-220,7.21813236082338055e-67
17,160,0x1.d0d25de838418p-222,0x1.1de1071a7db14p-387,0x1.d0d25de838419p-222,2.69393699538035917e-67
17,161,0x1.5adbddd4397bbp-223,0x1.1de1071a7db14p-387,0x1.5adbddd4397bcp-223,1.00513358840910463e-67
17,162,0x1.02c2034e5cfd9p-224,0x1.1de1071a7db14p-387,0x1.02c2034e5cfdap-224,3.74916506555630853e-68
17,163,0x1.81f51a11f24afp-226,0x1.1de1071a7db14p-387,0x1.81f51a11f24bp-226,1.39804264621984030e-68
17,164,0x1.1fc2a7f4671cdp-227,0x1.1de1071a7db14p-387,0x1.1fc2a7f4671cep-227,5.21173122037309318e-69
17,165,0x1.acf8d5444d83bp-229,0x1.1de1071a7db14p-387,0x1.acf8d5444d83cp-229,1.94231640188751668e-69
17,166,0x1.3fa640aa3a8dfp-230,0x1.1de1071a7db14p-387,0x1.3fa640aa3a8ep-230,7.23660650841937070e-70
17,167,0x1.dc3da0f73b9d6p-232,0x1.1de1071a7db14p-387,0x1.dc3da0f73b9d7p-232,2.69542705130629031e-70
17,168,0x1.62ac2441ea7e8p-233,0x1.1de1071a7db14p-387,0x1.62ac2441ea7e9p-233,1.00368740259302582e-70
17,169,0x1.0810129ba9289p-234,0x1.1de1071a7db14p-387,0x1.0810129ba928ap-234,3.73635598123244744e-71
17,170,0x1.891812c8cba36p-236,0x1.1de1071a7db14p-387,0x1.891812c8cba37p-236,1.39052087636349535e-71
17,171,0x1.2481b6e848fbdp-237,0x1.1de1071a7db14p-387,0x1.2481b6e848fbep-237,5.17352886368041726e-72
17,172,0x1.b3326c8e930abp-239,0x1.1de1071a7db14p-387,0x1.b3326c8e930acp-239,1.92431840178954664e-72
17,173,0x1.43a89c52fb664p-240,0x1.1de1071a7db14p-387,0x1.43a89c52fb665p-240,7.15563655401280879e-73
17,174,0x1.e14869dea349p-242,0x1.1de1071a7db14p-387,0x1.e14869dea3491p-242,2.66012156713309163e-73
17,175,0x1.65bd22736769bp-243,0x1.1de1071a7db14p-387,0x1.65bd22736769cp-243,9.88637643303603228e-74
17,176,0x1.09d6299fe568cp-244,0x1.1de1071a7db14p-387,0x1.09d6299fe568dp-244,3.67329511909672326e-74
17,177,0x1.8afb51708fbdcp-246,0x1.1de1071a7db14p-387,0x1.8afb51708fbddp-246,1.36445145440492269e-74
17,178,0x1.255add0555948p-247,0x1.1de1071a7db14p-387,0x1.255add0555949p-247,5.06692533043600305e-75
17,179,0x1.b3a3021552c56p-249,0x1.1de1071a7db14p-387,0x1.b3a3021552c57p-249,1.88111620322226273e-75
17,180,0x1.4360d8917506fp-250,0x1.1de1071a7db14p-387,0x1.4360d8917507p-250,6.98187386328253063e-76
17,181,0x1.dff805ea1674p-252,0x1.1de1071a7db14p-387,0x1.dff805ea16741p-252,2.59068237847709638e-76
17,182,0x1.641982cd992a8p-253,0x1.1de1071a7db14p-387,0x1.641982cd992a9p-253,9.61042693235515741e-77
17,183,0x1.082127954b92fp-254,0x1.1de1071a7db14p-387,0x1.082127954b93p-254,3.56416714190594673e-77
17,184,0x1.87b93b83f76dcp-256,0x1.1de1071a7db14p-387,0x1.87b93b83f76ddp-256,1.32148075352571457e-77
17,185,0x1.22670c35f5769p-257,0x1.1de1071a7db14p-387,0x1.22670c35f576ap-257,4.89836952836873736e-78
17,186,0x1.ae7777a04ac4cp-259,0x1.1de1071a7db14p-387,0x1.ae7777a04ac4dp-259,1.81522593344633683e-78
17,187,0x1.3ef605e1f5ec4p-260,0x1.1de1071a7db14p-387,0x1.3ef605e1f5ec5p-260,6.72510057114954871e-79
17,188,0x1.d88edca5a834p-262,0x1.1de1071a7db14p-387,0x1.d88edca5a8341p-262,2.49090027408889363e-79
17,189,0x1.5df8b4a034ad4p-263,0x1.1de1071a7db14p-387,0x1.5df8b4a034ad5p-263,9.22367223030982567e-80
17,190,0x1.031eadcab7fap-264,0x1.1de1071a7db14p-387,0x1.031eadcab7fa1p-264,3.41461579685312027e-80
17,191,0x1.7f9c163cdf2bcp-266,0x1.1de1071a7db14p-387,0x1.7f9c163cdf2bdp-266,1.26377798166387846e-80
17,192,0x1.1be22590ae651p-267,0x1.1de1071a7db14p-387,0x1.1be22590ae652p-267,4.67617944504989152e-81
17,193,0x1.a40f9884def31p-269,0x1.1de1071a7db14p-387,0x1.a40f9884def32p-269,1.72983022556929280e-81
17,194,0x1.36b440806c205p-270,0x1.1de1071a7db14p-387,0x1.36b440806c206p-270,6.39746918191692167e-82
17,195,0x1.cb852ad6ab7e9p-272,0x1.1de1071a7db14p-387,0x1.cb852ad6ab7eap-272,2.36540661537020025e-82
17,196,0x1.53b9351ffaa4ep-273,0x1.1de1071a7db14p-387,0x1.53b9351ffaa4fp-273,8.74373055108476221e-83
17,197,0x1.f6314eea6fe56p-275,0x1.1de1071a7db14p-387,0x1.f6314eea6fe57p-275,3.23133172885756866e-83
17,198,0x1.7317112e633b1p-276,0x1.1de1071a7db14p-387,0x1.7317112e633b2p-276,1.19387980692238312e-83
17,199,0x1.122594592bf71p-277,0x1.1de1071a7db14p-387,0x1.122594592bf72p-277,4.40995754543732439e-84
17,200,0x1.94f5c4831b0f3p-279,0x1.1de1071a7db14p-387,0x1.94f5c4831b0f4p-279,1.62855865215790651e-84
17,201,0x1.2b064699648b1p-280,0x1.1de1071a7db14p-387,0x1.2b064699648b2p-280,6.01267933742317755e-85
17,202,0x1.b97f2b270c58cp-282,0x1.1de1071a7db14p-387,0x1.b97f2b270c58dp-282,2.21936519291046705e-85
17,203,0x1.45d90818ab361p-283,0x1.1de1071a7db14p-387,0x1.45d90818ab362p-283,8.19004009703544494e-86
17,204,0x1.e0df168f748dcp-285,0x1.1de1071a7db14p-387,0x1.e0df168f748ddp-285,3.02162282739772725e-86
17,205,0x1.62bd884c321ebp-286,0x1.1de1071a7db14p-387,0x1.62bd884c321ecp-286,1.11453029631892429e-86
17,206,0x1.05a1aaf1200dep-287,0x1.1de1071a7db14p-387,0x1.05a1aaf1200dfp-287,4.10999538790060547e-87
17,207,0x1.81d4e1b65a868p-289,0x1.1de1071a7db14p-387,0x1.81d4e1b65a869p-289,1.51526658764639160e-87
17,208,0x1.1c6dde9589b06p-290,0x1.1de1071a7db14p-387,0x1.1c6dde9589b07p-290,5.58515766866590236e-88
17,209,0x1.a3419e98c0116p-292,0x1.1de1071a7db14p-387,0x1.a3419e98c0117p-292,2.05816849144570215e-88
17,210,0x1.34ed15b3e8238p-293,0x1.1de1071a7db14p-387,0x1.34ed15b3e8239p-293,7.58273579840605594e-89
17,211,0x1.c727bccb9de02p-295,0x1.1de1071a7db14p-387,0x1.c727bccb9de03p-295,2.79299942309970397e-89
17,212,0x1.4f3947a991687p-296,0x1.1de1071a7db14p-387,0x1.4f3947a991688p-296,1.02852794951085392e-89
17,213,0x1.edacb0a87bc44p-298,0x1.1de1071a7db14p-387,0x1.edacb0a87bc45p-298,3.78671032572415091e-90
17,214,0x1.6b6d7569badefp-299,0x1.1de1071a7db14p-387,0x1.6b6d7569badfp-299,1.39382806475806594e-90
17,215,0x1.0b7bb37affc36p-300,0x1.1de1071a7db14p-387,0x1.0b7bb37affc37p-300,5.12929713104138349e-91
17,216,0x1.89a5aa7a533dbp-302,0x1.1de1071a7db14p-387,0x1.89a5aa7a533dcp-302,1.88715875582243392e-91
17,217,0x1.219822e160cf5p-303,0x1.1de1071a7db14p-387,0x1.219822e160cf6p-303,6.94162792233753353e-92
17,218,0x1.a9fefd2972204p-305,0x1.1de1071a7db14p-387,0x1.a9fefd2972205p-305,2.55280081479157490e-92
17,219,0x1.3940960e900b9p-306,0x1.1de1071a7db14p-387,0x1.3940960e900bap-306,9.38589336113814089e-93
17,220,0x1.cc978deeaf283p-308,0x1.1de1071a7db14p-387,0x1.cc978deeaf284p-308,3.45014835180300962e-93
17,221,0x1.528ab84b1ed61p-309,0x1.1de1071a7db14p-387,0x1.528ab84b1ed62p-309,1.26795479149060090e-93
17,222,0x1.f18e85ebdfa28p-311,0x1.1de1071a7db14p-387,0x1.f18e85ebdfa29p-311,4.65879916507629141e-94
17,223,0x1.6d8cef3f53e31p-312,0x1.1de1071a7db14p-387,0x1.6d8cef3f53e32p-312,1.71138925226485052e-94
17,224,0x1.0c820a407cb52p-313,0x1.1de1071a7db14p-387,0x1.0c820a407cb53p-313,6.28533704596804996e-95
17,225,0x1.8a5e58e5c2b1ep-315,0x1.1de1071a7db14p-387,0x1.8a5e58e5c2b1fp-315,2.30788235916307869e-95
17,226,0x1.218cb5f395c8p-316,0x1.1de1071a7db14p-387,0x1.218cb5f395c81p-316,8.47236097674822124e-96
17,227,0x1.a916c8c9d91eep-318,0x1.1de1071a7db14p-387,0x1.a916c8c9d91efp-318,3.10957675933430854e-96
17,228,0x1.37f85e63d1b5dp-319,0x1.1de1071a7db14p-387,0x1.37f85e63d1b5ep-319,1.14104958061196390e-96
17,229,0x1.c9cec48a63ef3p-321,0x1.1de1071a7db14p-387,0x1.c9cec48a63ef4p-321,4.18614730615103362e-97
17,230,0x1.4fd6986177049p-322,0x1.1de1071a7db14p-387,0x1.4fd698617704ap-322,1.53543559885488765e-97
17,231,0x1.ec9f7f9867e27p-324,0x1.1de1071a7db14p-387,0x1.ec9f7f9867e28p-324,5.63061924175583014e-98
17,232,0x1.693971ef3983dp-325,0x1.1de1071a7db14p-387,0x1.693971ef3983ep-325,2.06437464312590996e-98
17,233,0x1.08d16b158c2fp-326,0x1.1de1071a7db14p-387,0x1.08d16b158c2f1p-326,7.56709202402475547e-99
17,234,0x1.84336e671471ap-328,0x1.1de1071a7db14p-387,0x1.84336e671471bp-328,2.77317961141139795e-99
17,235,0x1.1c79a3b116f95p-329,0x1.1de1071a7db14p-387,0x1.1c79a3b116f96p-329,1.01609848169173224e-99
17,236,0x1.a0d78208ab92ap-331,0x1.1de1071a7db14p-387,0x1.a0d78208ab92bp-331,3.72222619890201185e-100
17,237,0x1.3155f74833b3fp-332,0x1.1de1071a7db14p-387,0x1.3155f74833b4p-332,1.36326161961464968e-100
17,238,0x1.bf390ced038b8p-334,0x1.1de1071a7db14p-387,0x1.bf390ced038b9p-334,4.99189533812388994e-101
17,239,0x1.47743dd44b178p-335,0x1.1de1071a7db14p-387,0x1.47743dd44b17ap-335,1.82751890356824223e-101
17,240,0x1.df6bd55bd0ad3p-337,0x1.1de1071a7db14p-387,0x1.df6bd55bd0ad8p-337,6.68911638841649891e-102
17,241,0x1.5ee295641dda4p-338,0x1.1de1071a7db14p-387,0x1.5ee295641ddadp-338,2.44785910629739737e-102
17,242,0x1.00c200bf8a936p-339,0x1.1de1071a7db14p-387,0x1.00c200bf8a948p-339,8.95602280730966312e-103
17,243,0x1.77af5d6db80b8p-341,0x1.1de1071a7db14p-387,0x1.77af5d6db81p-341,3.27608673262675135e-103
17,244,0x1.12cb083925304p-342,0x1.1de1071a7db14p-387,0x1.12cb083925393p-342,1.19813935055644076e-103
17,245,0x1.91e931ab451f5p-344,0x1.1de1071a7db14p-387,0x1.91e931ab45431p-344,4.38098056106396717e-104
17,246,0x1.25db69556f12dp-345,0x1.1de1071a7db14p-387,0x1.25db69556f5a5p-345,1.60157648431977955e-104
17,247,0x1.ad9ee48167c6ep-347,0x1.1de1071a7db14p-387,0x1.ad9ee48168e4dp-347,5.85378424721474375e-105
17,248,0x1.39fdb0dc30f37p-348,0x1.1de1071a7db14p-387,0x1.39fdb0dc332f4p-348,2.13913757221102465e-105
17,249,0x1.cadf78ee25342p-350,0x1.1de1071a7db14p-387,0x1.cadf78ee2e233p-350,7.81545018373678001e-106
17,250,0x1.4f3c8badb3e0fp-351,0x1.1de1071a7db14p-387,0x1.4f3c8badc5bf1p-351,2.85484716170980511e-106
17,251,0x1.e9ba1bffe440ep-353,0x1.1de1071a7db14p-387,0x1.e9ba1c002bb93p-353,1.04261892747514863e-106
17,252,0x1.65a2c1f95333p-354,0x1.1de1071a7db14p-387,0x1.65a2c1f9e2239p-354,3.80699688994034231e-107
17,253,0x1.051f0eea33dddp-355,0x1.1de1071a7db14p-387,0x1.051f0eeb51beep-355,1.38980512485941531e-107
17,254,0x1.7d3b321f32de2p-357,0x1.1de1071a7db14p-387,0x1.7d3b3223aa624p-357,5.07271026044451932e-108
17,255,0x1.163d750fd09c4p-358,0x1.1de1071a7db14p-387,0x1.163d7518bfa48p-358,1.85114849287474325e-108
17,256,0x1.9610cb3c71a7ap-360,0x1.1de1071a7db14p-387,0x1.9610cb602dc89p-360,6.75394934030890804e-109
17,257,0x1.2840001b6d29ep-361,0x1.1de1071a7db14p-387,0x1.28400062e56bbp-361,2.46371216347986039e-109
17,258,0x1.b02e875a2096ap-363,0x1.1de1071a7db14p-387,0x1.b02e8878019dcp-363,8.98541318162830912e-110
17,259,0x1.3b2e7540758eep-364,0x1.1de1071a7db14p-387,0x1.3b2e777c379d2p-364,3.27644095427965210e-110
17,260,0x1.cb9f6501d7d3dp-366,0x1.1de1071a7db14p-387,0x1.cb9f6df0e00cbp-366,1.19449176136092971e-110
17,261,0x1.4f109a3050844p-367,0x1.1de1071a7db14p-387,0x1.4f10ac0e60f5fp-367,4.35392409548178979e-111
17,262,0x1.e86e5e793ae48p-369,0x1.1de1071a7db14p-387,0x1.e86ea5f17cab2p-369,1.58670408294452241e-111
17,263,0x1.63ee2c0057f63p-370,0x1.1de1071a7db14p-387,0x1.63eebaf0db837p-370,5.78135094083301445e-112
17,264,0x1.0353291e09735p-371,0x1.1de1071a7db14p-387,0x1.035446ff108ddp-371,2.10611983177245017e-112
17,265,0x1.79cebac5a6742p-373,0x1.1de1071a7db14p-387,0x1.79d33249c2de2p-373,7.67118271496615563e-113
17,266,0x1.1328c31334d7cp-374,0x1.1de1071a7db14p-387,0x1.1331b21b6dabbp-374,2.79370672221756203e-113
17,267,0x1.90b8c988b82fp-376,0x1.1de1071a7db14p-387,0x1.90dc85a99b7ecp-376,1.01736295489699086e-113
17,268,0x1.23bb3b6d5e31dp-377,0x1.1de1071a7db14p-387,0x1.2402b3af24d14p-377,3.70552901300426629e-114
17,269,0x1.a8abfbb70401ep-379,0x1.1de1071a7db14p-387,0x1.a9c9dcbe1e7fap-379,1.35078313777122936e-114
17,270,0x1.3501581ec45fp-380,0x1.1de1071a7db14p-387,0x1.373d1a2cf95a7p-380,4.93691043147406558e-115
17,271,0x1.c17afa4d31c01p-382,0x1.1de1071a7db14p-387,0x1.ca6a028605adap-382,1.81785675899745747e-115
17,272,0x1.46a18d0dbd33dp-383,0x1.1de1071a7db14p-387,0x1.587f9d7f650efp-383,6.83060272156756534e-116
17,273,0x1.d9dd6b418e271p-385,0x1.1de1071a7db14p-387,0x1.10aad68416c9bp-384,2.70317905890396262e-116
17,274,0x1.56589a4c52c3fp-386,0x1.1de1071a7db14p-387,0x1.e5491dd9919c9p-386,1.20276040726474908e-116
17,275,0x1.ea15157416b8bp-388,0x1.1de1071a7db14p-387,0x1.0975c8ea4486dp-386,6.57931920157437486e-117
17,276,0x1.57591cd688384p-389,0x1.1de1071a7db14p-387,0x1.73b74e501fbf5p-387,4.60641448362635553e-117
17,277,0x1.c9c13413ce64dp-391,0x1.1de1071a7db14p-387,0x1.3a7d1a5bba979p-387,3.89723626503846090e-117
17,278,0x1.0e9c29a05777p-392,0x1.1de1071a7db14p-387,0x1.2655e867806dp-387,3.64749304805534290e-117
17,279,0x1.c78f60b6def32p-395,0x1.1de1071a7db14p-387,0x1.1fa8967b34904p-387,3.56474931233328262e-117
17,280,0x0p+0,0x1.1de1071a7db14p-387,0x1.1de1071a7db14p-387,3.54269683431016311e-117
18,0,0x1.c6a58a62203ap-3,0x1.65699f4fcf7e9p-374,0x1.c6a58a62203a1p-3,2.21995431060375587e-01
18,1,0x1.7b2e324bcee1cp-4,0x1.65699f4fcf7e9p-374,0x1.7b2e324bcee1dp-4,9.25733532612231375e-02
18,2,0x1.3d480d095e756p-5,0x1.65699f4fcf7e9p-374,0x1.3d480d095e757p-5,3.87306456204458624e-02
18,3,0x1.0bea84bf452d2p-6,0x1.65699f4fcf7e9p-374,0x1.0bea84bf452d3p-6,1.63523002966766245e-02
18,4,0x1.c7bebe783e9f3p-8,0x1.65699f4fcf7e9p-374,0x1.c7bebe783e9f4p-8,6.95411825312896096e-03
18,5,0x1.8500a44d4d287p-9,0x1.65699f4fcf7e9p-374,0x1.8500a44d4d288p-9,2.96785359992163614e-03
18,6,0x1.4c3fa82a2bbdbp-10,0x1.65699f4fcf7e9p-374,0x1.4c3fa82a2bbdcp-10,1.26742805381829024e-03
18,7,0x1.1b79f7aeb2f38p-11,0x1.65699f4fcf7e9p-374,0x1.1b79f7aeb2f39p-11,5.40688391845268253e-04
18,8,0x1.e2d055ed03b2ep-13,0x1.65699f4fcf7e9p-374,0x1.e2d055ed03b2fp-13,2.30223565637699299e-04
18,9,0x1.9a3e5347ccacfp-14,0x1.65699f4fcf7e9p-374,0x1.9a3e5347ccadp-14,9.78096624038402464e-05
18,10,0x1.5bc57d0c9d97dp-15,0x1.65699f4fcf7e9p-374,0x1.5bc57d0c9d97ep-15,4.14575862110353816e-05
18,11,0x1.26235da99edb9p-16,0x1.65699f4fcf7e9p-374,0x1.26235da99edbap-16,1.75319998221132022e-05
18,12,0x1.f0757303b9903p-18,0x1.65699f4fcf7e9p-374,0x1.f0757303b9904p-18,7.39781239975632706e-06
18,13,0x1.a219037a943cap-19,0x1.65699f4fcf7e9p-374,0x1.a219037a943cbp-19,3.11507068077212558e-06
18,14,0x1.5f691eff3df52p-20,0x1.65699f4fcf7e9p-374,0x1.5f691eff3df53p-20,1.30910660783679023e-06
18,15,0x1.26cf579c866e1p-21,0x1.65699f4fcf7e9p-374,0x1.26cf579c866e2p-21,5.49126287166536762e-07
18,16,0x1.edc79ee531a54p-23,0x1.65699f4fcf7e9p-374,0x1.edc79ee531a55p-23,2.29934122552953000e-07
18,17,0x1.9cd3b9af0e935p-24,0x1.65699f4fcf7e9p-374,0x1.9cd3b9af0e936p-24,9.61187882489019689e-08
18,18,0x1.5898ff65c6fb8p-25,0x1.65699f4fcf7e9p-374,0x1.5898ff65c6fb9p-25,4.01164459830160861e-08
18,19,0x1.1f357131d5a0bp-26,0x1.65699f4fcf7e9p-374,0x1.1f357131d5a0cp-26,1.67177500240231623e-08
18,20,0x1.de0f7d597732dp-28,0x1.65699f4fcf7e9p-374,0x1.de0f7d597732ep-28,6.95669596361693861e-09
18,21,0x1.8d505295a67fdp-29,0x1.65699f4fcf7e9p-374,0x1.8d505295a67fep-29,2.89083807831456496e-09
18,22,0x1.49c38fc04d6afp-30,0x1.65699f4fcf7e9p-374,0x1.49c38fc04d6bp-30,1.19967412399620302e-09
18,23,0x1.11588abda97d1p-31,0x1.65699f4fcf7e9p-374,0x1.11588abda97d2p-31,4.97213235608125009e-10
18,24,0x1.c498a5cdede43p-33,0x1.65699f4fcf7e9p-374,0x1.c498a5cdede44p-33,2.05816959339488652e-10
18,25,0x1.763ec081fa44ap-34,0x1.65699f4fcf7e9p-374,0x1.763ec081fa44bp-34,8.50934895731300703e-11
18,26,0x1.3518bae803155p-35,0x1.65699f4fcf7e9p-374,0x1.3518bae803156p-35,3.51402152277570560e-11
18,27,0x1.fe000146fb633p-37,0x1.65699f4fcf7e9p-374,0x1.fe000146fb634p-37,1.44950723634350697e-11
18,28,0x1.a4477ccbc7e46p-38,0x1.65699f4fcf7e9p-374,0x1.a4477ccbc7e47p-38,5.97252733294521506e-12
18,29,0x1.59f8b9df65d68p-39,0x1.65699f4fcf7e9p-374,0x1.59f8b9df65d69p-39,2.45827597347786328e-12
18,30,0x1.1c8140fbe2613p-40,0x1.65699f4fcf7e9p-374,0x1.1c8140fbe2614p-40,1.01076444219207678e-12
18,31,0x1.d371031503455p-42,0x1.65699f4fcf7e9p-374,0x1.d371031503456p-42,4.15171411275517880e-13
18,32,0x1.7f9f3ca9abbp-43,0x1.65699f4fcf7e9p-374,0x1.7f9f3ca9abb01p-43,1.70362399472213826e-13
18,33,0x1.3a870dc4afdeep-44,0x1.65699f4fcf7e9p-374,0x1.3a870dc4afdefp-44,6.98391464299322333e-14
18,34,0x1.01a228bc4d0bep-45,0x1.65699f4fcf7e9p-374,0x1.01a228bc4d0bfp-45,2.86030570423506142e-14
18,35,0x1.a5ab9d284f23ep-47,0x1.65699f4fcf7e9p-374,0x1.a5ab9d284f23fp-47,1.17037037501015160e-14
18,36,0x1.58c3281356c57p-48,0x1.65699f4fcf7e9p-374,0x1.58c3281356c58p-48,4.78453846339618477e-15
18,37,0x1.19a18af02ab87p-49,0x1.65699f4fcf7e9p-374,0x1.19a18af02ab88p-49,1.95420781139121800e-15
18,38,0x1.cbb82ce23f721p-51,0x1.65699f4fcf7e9p-374,0x1.cbb82ce23f722p-51,7.97486096035493121e-16
18,39,0x1.76e3eec095ed6p-52,0x1.65699f4fcf7e9p-374,0x1.76e3eec095ed7p-52,3.25165555783987400e-16
18,40,0x1.31754b2daf49ep-53,0x1.65699f4fcf7e9p-374,0x1.31754b2daf49fp-53,1.32471368242178963e-16
18,41,0x1.f15c817583d2p-55,0x1.65699f4fcf7e9p-374,0x1.f15c817583d21p-55,5.39240256601237043e-17
18,42,0x1.94962f27d4368p-56,0x1.65699f4fcf7e9p-374,0x1.94962f27d4369p-56,2.19326866259123186e-17
18,43,0x1.48db471eebae9p-57,0x1.65699f4fcf7e9p-374,0x1.48db471eebaeap-57,8.91367475617894583e-18
18,44,0x1.0b17daf0bff44p-58,0x1.65699f4fcf7e9p-374,0x1.0b17daf0bff45p-58,3.61978763635159043e-18
18,45,0x1.b186eae05fa56p-60,0x1.65699f4fcf7e9p-374,0x1.b186eae05fa57p-60,1.46884668270611180e-18
18,46,0x1.5f91faed2263ap-61,0x1.65699f4fcf7e9p-374,0x1.5f91faed2263bp-61,5.95583144776064570e-19
18,47,0x1.1ce54bbe264f4p-62,0x1.65699f4fcf7e9p-374,0x1.1ce54bbe264f5p-62,2.41316033413704092e-19
18,48,0x1.cd650a8ac9705p-64,0x1.65699f4fcf7e9p-374,0x1.cd650a8ac9706p-64,9.77041264764052343e-20
18,49,0x1.7559d3d570449p-65,0x1.65699f4fcf7e9p-374,0x1.7559d3d57044ap-65,3.95300629388622184e-20
18,50,0x1.2de4d9edaf836p-66,0x1.65699f4fcf7e9p-374,0x1.2de4d9edaf837p-66,1.59821326563445833e-20
18,51,0x1.e7e2f51faa2dap-68,0x1.65699f4fcf7e9p-374,0x1.e7e2f51faa2dbp-68,6.45712476150056958e-21
18,52,0x1.89f66ab2601bcp-69,0x1.65699f4fcf7e9p-374,0x1.89f66ab2601bdp-69,2.60702557044718183e-21
18,53,0x1.3de79e922537dp-70,0x1.65699f4fcf7e9p-374,0x1.3de79e922537ep-70,1.05185862752424122e-21
18,54,0x1.005c01ce1e582p-71,0x1.65699f4fcf7e9p-374,0x1.005c01ce1e583p-71,4.24111055260828205e-22
18,55,0x1.9d2fa04060d26p-73,0x1.65699f4fcf7e9p-374,0x1.9d2fa04060d27p-73,1.70889740416497284e-22
18,56,0x1.4cc25da977a8bp-74,0x1.65699f4fcf7e9p-374,0x1.4cc25da977a8cp-74,6.88129983389928324e-23
18,57,0x1.0bd0e4f862eafp-75,0x1.65699f4fcf7e9p-374,0x1.0bd0e4f862ebp-75,2.76915247262918637e-23
18,58,0x1.aed295cedb87dp-77,0x1.65699f4fcf7e9p-374,0x1.aed295cedb87ep-77,1.11365031511655967e-23
18,59,0x1.5a4e414daf8f1p-78,0x1.65699f4fcf7e9p-374,0x1.5a4e414daf8f2p-78,4.47589605909032519e-24
18,60,0x1.163297b7f92c1p-79,0x1.65699f4fcf7e9p-374,0x1.163297b7f92c2p-79,1.79781003095049552e-24
18,61,0x1.beb27e31dfe7ep-81,0x1.65699f4fcf7e9p-374,0x1.beb27e31dfe7fp-81,7.21678310587715422e-25
18,62,0x1.666974769c866p-82,0x1.65699f4fcf7e9p-374,0x1.666974769c867p-82,2.89522854068297142e-25
18,63,0x1.1f67a94359e53p-83,0x1.65699f4fcf7e9p-374,0x1.1f67a94359e54p-83,1.16081925367605874e-25
18,64,0x1.cca94406f93d5p-85,0x1.65699f4fcf7e9p-374,0x1.cca94406f93d6p-85,4.65148936584641100e-26
18,65,0x1.70f79b5023a66p-86,0x1.65699f4fcf7e9p-374,0x1.70f79b5023a67p-86,1.86280838494795281e-26
18,66,0x1.275b1a9030196p-87,0x1.65699f4fcf7e9p-374,0x1.275b1a9030197p-87,7.45583046986877268e-27
18,67,0x1.d89803a89e043p-89,0x1.65699f4fcf7e9p-374,0x1.d89803a89e044p-89,2.98248621973059287e-27
18,68,0x1.79e2282e2e036p-90,0x1.65699f4fcf7e9p-374,0x1.79e2282e2e037p-90,1.19238984476023564e-27
18,69,0x1.2dfc985bca986p-91,0x1.65699f4fcf7e9p-374,0x1.2dfc985bca987p-91,4.76451002749118002e-28
18,70,0x1.e267587078763p-93,0x1.65699f4fcf7e9p-374,0x1.e267587078764p-93,1.90274707060586086e-28
18,71,0x1.81188d25bbf93p-94,0x1.65699f4fcf7e9p-374,0x1.81188d25bbf94p-94,7.59467758049936123e-29
18,72,0x1.33409950cef04p-95,0x1.65699f4fcf7e9p-374,0x1.33409950cef05p-95,3.02974198249069701e-29
18,73,0x1.ea077e1d7f373p-97,0x1.65699f4fcf7e9p-374,0x1.ea077e1d7f374p-97,1.20801541259513572e-29
18,74,0x1.86904b419051cp-98,0x1.65699f4fcf7e9p-374,0x1.86904b419051dp-98,4.81406864309117950e-30
18,75,0x1.3720614930939p-99,0x1.65699f4fcf7e9p-374,0x1.372061493093ap-99,1.91746500135376337e-30
18,76,0x1.ef70484d6d15cp-101,0x1.65699f4fcf7e9p-374,0x1.ef70484d6d15dp-101,7.63344033280211717e-31
18,77,0x1.8a44e120c689fp-102,0x1.65699f4fcf7e9p-374,0x1.8a44e120c68ap-102,3.03733835659288001e-31
18,78,0x1.3999eb4f92a7dp-103,0x1.65699f4fcf7e9p-374,0x1.3999eb4f92a7ep-103,1.20794806365071811e-31
18,79,0x1.f2a0f2f186f46p-105,0x1.65699f4fcf7e9p-374,0x1.f2a0f2f186f47p-105,4.80161978993433506e-32
18,80,0x1.8c379b88972ep-106,0x1.65699f4fcf7e9p-374,0x1.8c379b88972e1p-106,1.90771650677317514e-32
18,81,0x1.3aafbc8f22231p-107,0x1.65699f4fcf7e9p-374,0x1.3aafbc8f22232p-107,7.57580121831080595e-33
18,82,0x1.f39fcf76bef14p-109,0x1.65699f4fcf7e9p-374,0x1.f39fcf76bef15p-109,3.00700413161015711e-33
18,83,0x1.8c6f4b0c5153p-110,0x1.65699f4fcf7e9p-374,0x1.8c6f4b0c51531p-110,1.19297739785949522e-33
18,84,0x1.3a68a2d1b67efp-111,0x1.65699f4fcf7e9p-374,0x1.3a68a2d1b67fp-111,4.73069684690216917e-34
18,85,0x1.f279d2fd38314p-113,0x1.65699f4fcf7e9p-374,0x1.f279d2fd38315p-113,1.87505784285866281e-34
18,86,0x1.8af7e2649a606p-114,0x1.65699f4fcf7e9p-374,0x1.8af7e2649a607p-114,7.42852805322358276e-35
18,87,0x1.38cf618009d6p-115,0x1.65699f4fcf7e9p-374,0x1.38cf618009d61p-115,2.94165186931971572e-35
18,88,0x1.ef420a711e94ep-117,0x1.65699f4fcf7e9p-374,0x1.ef420a711e94fp-117,1.16434589617252682e-35
18,89,0x1.87e20160664a7p-118,0x1.65699f4fcf7e9p-374,0x1.87e20160664a8p-118,4.60656056968948830e-36
18,90,0x1.35f2504ec8e24p-119,0x1.65699f4fcf7e9p-374,0x1.35f2504ec8e25p-119,1.82170202178635094e-36
18,91,0x1.ea10f99ecc68ep-121,0x1.65699f4fcf7e9p-374,0x1.ea10f99ecc68fp-121,7.20087722055644764e-37
18,92,0x1.83427087630a6p-122,0x1.65699f4fcf7e9p-374,0x1.83427087630a7p-122,2.84513368308060191e-37
18,93,0x1.31e2eedde88cdp-123,0x1.65699f4fcf7e9p-374,0x1.31e2eedde88cep-123,1.12364938303443653e-37
18,94,0x1.e303ea782d789p-125,0x1.65699f4fcf7e9p-374,0x1.e303ea782d78ap-125,4.43579494032019342e-38
18,95,0x1.7d319190a2a6fp-126,0x1.65699f4fcf7e9p-374,0x1.7d319190a2a7p-126,1.75035529520583535e-38
18,96,0x1.2cb5708fe5904p-127,0x1.65699f4fcf7e9p-374,0x1.2cb5708fe5905p-127,6.90393428653336128e-39
18,97,0x1.da3c31b481fecp-129,0x1.65699f4fcf7e9p-374,0x1.da3c31b481fedp-129,2.72197617343701089e-39
18,98,0x1.75cac8bc1db8cp-130,0x1.65699f4fcf7e9p-374,0x1.75cac8bc1db8dp-130,1.07273079070390092e-39
18,99,0x1.268043c6eb288p-131,0x1.65699f4fcf7e9p-374,0x1.268043c6eb289p-131,4.22588259287038878e-40
18,100,0x1.cfde6dc28c5e7p-133,0x1.65699f4fcf7e9p-374,0x1.cfde6dc28c5e8p-133,1.66404793445038799e-40
18,101,0x1.6d2be2ee0015ap-134,0x1.65699f4fcf7e9p-374,0x1.6d2be2ee0015bp-134,6.54994132566142475e-41
18,102,0x1.1f5b97898730bp-135,0x1.65699f4fcf7e9p-374,0x1.1f5b97898730cp-135,2.57711371047273347e-41
18,103,0x1.c411c4b51e09dp-137,0x1.65699f4fcf7e9p-374,0x1.c411c4b51e09ep-137,1.01357466699784840e-41
18,104,0x1.63747c23f030ap-138,0x1.65699f4fcf7e9p-374,0x1.63747c23f030bp-138,3.98478858069001409e-42
18,105,0x1.1760e2531f628p-139,0x1.65699f4fcf7e9p-374,0x1.1760e2531f629p-139,1.56597039108825968e-42
18,106,0x1.b6ff2568b2049p-141,0x1.65699f4fcf7e9p-374,0x1.b6ff2568b204ap-141,6.15165351899389025e-43
18,107,0x1.58c56983590bp-142,0x1.65699f4fcf7e9p-374,0x1.58c56983590b1p-142,2.41563635389825372e-43
18,108,0x1.0eaa6c8991543p-143,0x1.65699f4fcf7e9p-374,0x1.0eaa6c8991544p-143,9.48208639720163937e-44
18,109,0x1.a8d08fa4535b7p-145,0x1.65699f4fcf7e9p-374,0x1.a8d08fa4535b8p-145,3.72057609527456541e-44
18,110,0x1.4d4029d8f810ap-146,0x1.65699f4fcf7e9p-374,0x1.4d4029d8f810bp-146,1.45932377507864699e-44
18,111,0x1.0552e0bd0f97p-147,0x1.65699f4fcf7e9p-374,0x1.0552e0bd0f971p-147,5.72175871857179463e-45
18,112,0x1.99b0666e6cbf1p-149,0x1.65699f4fcf7e9p-374,0x1.99b0666e6cbf2p-149,2.24256505782103847e-45
18,113,0x1.41065ef23afe8p-150,0x1.65699f4fcf7e9p-374,0x1.41065ef23afe9p-150,8.78616562758040661e-46
18,114,0x1.f6e9c6fa24d99p-152,0x1.65699f4fcf7e9p-374,0x1.f6e9c6fa24d9ap-152,3.44107170018933981e-46
18,115,0x1.89c8cf3cfd46cp-153,0x1.65699f4fcf7e9p-374,0x1.89c8cf3cfd46dp-153,1.34719114281576164e-46
18,116,0x1.343951c4bfc71p-154,0x1.65699f4fcf7e9p-374,0x1.343951c4bfc72p-154,5.27238382883334237e-47
18,117,0x1.e2556860f504ap-156,0x1.65699f4fcf7e9p-374,0x1.e2556860f504bp-156,2.06266286170583667e-47
18,118,0x1.794320154b617p-157,0x1.65699f4fcf7e9p-374,0x1.794320154b618p-157,8.06666493437618750e-48
18,119,0x1.26f982e38c9abp-158,0x1.65699f4fcf7e9p-374,0x1.26f982e38c9acp-158,3.15359137651088462e-48
18,120,0x1.cd1bb005be3e2p-160,0x1.65699f4fcf7e9p-374,0x1.cd1bb005be3e3p-160,1.23243360325536895e-48
18,121,0x1.68475e1e2fb8p-161,0x1.65699f4fcf7e9p-374,0x1.68475e1e2fb81p-161,4.81470204323050676e-49
18,122,0x1.1966484fdd573p-162,0x1.65699f4fcf7e9p-374,0x1.1966484fdd574p-162,1.88028690583815441e-49
18,123,0x1.b76d9f402bf2fp-164,0x1.65699f4fcf7e9p-374,0x1.b76d9f402bf3p-164,7.34055134733841127e-50
18,124,0x1.56fbcd9d700fp-165,0x1.65699f4fcf7e9p-374,0x1.56fbcd9d700f1p-165,2.86473274610470667e-50
18,125,0x1.0b9d7947a440bp-166,0x1.65699f4fcf7e9p-374,0x1.0b9d7947a440cp-166,1.11761293789320127e-50
18,126,0x1.a179b04707d7ep-168,0x1.65699f4fcf7e9p-374,0x1.a179b04707d7fp-168,4.35864598517265036e-51
18,127,0x1.458493d79c61ep-169,0x1.65699f4fcf7e9p-374,0x1.458493d79c61fp-169,1.69928262608569932e-51
18,128,0x1.fb7650a0ef997p-171,0x1.65699f4fcf7e9p-374,0x1.fb7650a0ef998p-171,6.62269030171439988e-52
18,129,0x1.8b6b6ea8df759p-172,0x1.65699f4fcf7e9p-374,0x1.8b6b6ea8df75ap-172,2.58023365639932533e-52
18,130,0x1.34036ad4f91f2p-173,0x1.65699f4fcf7e9p-374,0x1.34036ad4f91f3p-173,1.00494044081131606e-52
18,131,0x1.dfb2d6c8d46cp-175,0x1.65699f4fcf7e9p-374,0x1.dfb2d6c8d46c1p-175,3.91272418956116478e-53
18,132,0x1.756b260951765p-176,0x1.65699f4fcf7e9p-374,0x1.756b260951766p-176,1.52291857945800533e-53
18,133,0x1.229766a70189cp-177,0x1.65699f4fcf7e9p-374,0x1.229766a70189dp-177,5.92561695841518976e-54
18,134,0x1.c42063b0dbb06p-179,0x1.65699f4fcf7e9p-374,0x1.c42063b0dbb07p-179,2.30489313174763508e-54
18,135,0x1.5f9da65862ccap-180,0x1.65699f4fcf7e9p-374,0x1.5f9da65862ccbp-180,8.96250108536528955e-55
18,136,0x1.115ccb7211748p-181,0x1.65699f4fcf7e9p-374,0x1.115ccb7211749p-181,3.48393243706232466e-55
18,137,0x1.a8ea4ea4524f3p-183,0x1.65699f4fcf7e9p-374,0x1.a8ea4ea4524f4p-183,1.35385813514681634e-55
18,138,0x1.4a241c5761d5bp-184,0x1.65699f4fcf7e9p-374,0x1.4a241c5761d5cp-184,5.25945048163441212e-56
18,139,0x1.006cf3364bd9p-185,0x1.65699f4fcf7e9p-374,0x1.006cf3364bd91p-185,2.04254763529220101e-56
18,140,0x1.8e3745db68485p-187,0x1.65699f4fcf7e9p-374,0x1.8e3745db68486p-187,7.92993180752573691e-57
18,141,0x1.351bfcf0952ep-188,0x1.65699f4fcf7e9p-374,0x1.351bfcf0952e1p-188,3.07774731611119157e-57
18,142,0x1.dfbc84339fd62p-190,0x1.65699f4fcf7e9p-374,0x1.dfbc84339fd63p-190,1.19416275929525227e-57
18,143,0x1.74294314f97aap-191,0x1.65699f4fcf7e9p-374,0x1.74294314f97abp-191,4.63192941593042854e-58
18,144,0x1.209f01abc7cfbp-192,0x1.65699f4fcf7e9p-374,0x1.209f01abc7cfcp-192,1.79609363459185416e-58
18,145,0x1.bf884f987cba1p-194,0x1.65699f4fcf7e9p-374,0x1.bf884f987cba2p-194,6.96250341032366205e-59
18,146,0x1.5add9431fa82ep-195,0x1.65699f4fcf7e9p-374,0x1.5add9431fa82fp-195,2.69818696315767276e-59
18,147,0x1.0cc33460bccdep-196,0x1.65699f4fcf7e9p-374,0x1.0cc33460bccdfp-196,1.04532078466414782e-59
18,148,0x1.a05e58ff25757p-198,0x1.65699f4fcf7e9p-374,0x1.a05e58ff25758p-198,4.04854346836128492e-60
18,149,0x1.426cf5607e25ap-199,0x1.65699f4fcf7e9p-374,0x1.426cf5607e25bp-199,1.56754652654200567e-60
18,150,0x1.f3361060aa98p-201,0x1.65699f4fcf7e9p-374,0x1.f3361060aa981p-201,6.06757587125835358e-61
18,151,0x1.825a0fc67b2f3p-202,0x1.65699f4fcf7e9p-374,0x1.825a0fc67b2f4p-202,2.34792302150288144e-61
18,152,0x1.2aebba52ad73dp-203,0x1.65699f4fcf7e9p-374,0x1.2aebba52ad73ep-203,9.08295302139298779e-62
18,153,0x1.ce6afb88244c1p-205,0x1.65699f4fcf7e9p-374,0x1.ce6afb88244c2p-205,3.51273640137716543e-62
18,154,0x1.65918115b5c0bp-206,0x1.65699f4fcf7e9p-374,0x1.65918115b5c0cp-206,1.35812589494550902e-62
18,155,0x1.146a03fdf58f7p-207,0x1.65699f4fcf7e9p-374,0x1.146a03fdf58f8p-207,5.24941806951570825e-63
18,156,0x1.ab3ca1af79e02p-209,0x1.65699f4fcf7e9p-374,0x1.ab3ca1af79e03p-209,2.02842818893754679e-63
18,157,0x1.4a15a460a392fp-210,0x1.65699f4fcf7e9p-374,0x1.4a15a460a393p-210,7.83585026547498705e-64
18,158,0x1.fde800db4fe04p-212,0x1.65699f4fcf7e9p-374,0x1.fde800db4fe05p-212,3.02615591561720928e-64
18,159,0x1.89bc5a40e4f1ap-213,0x1.65699f4fcf7e9p-374,0x1.89bc5a40e4f1bp-213,1.16835765892301445e-64
18,160,0x1.2ff2b2a01c928p-214,0x1.65699f4fcf7e9p-374,0x1.2ff2b2a01c929p-214,4.50962372975603073e-65
18,161,0x1.d524649fa6167p-216,0x1.65699f4fcf7e9p-374,0x1.d524649fa6168p-216,1.74014498688286211e-65
18,162,0x1.69f5d17a0a37fp-217,0x1.65699f4fcf7e9p-374,0x1.69f5d17a0a38p-217,6.71292551279581313e-66
18,163,0x1.1730856785afep-218,0x1.65699f4fcf7e9p-374,0x1.1730856785affp-218,2.58892885653895637e-66
18,164,0x1.ae937c116638bp-220,0x1.65699f4fcf7e9p-374,0x1.ae937c116638cp-220,9.98184726570598907e-67
18,165,0x1.4bef84f782cp-221,0x1.65699f4fcf7e9p-374,0x1.4bef84f782c01p-221,3.84755516629268428e-67
18,166,0x1.ffa5f66ccc334p-223,0x1.65699f4fcf7e9p-374,0x1.ffa5f66ccc335p-223,1.48266327299866879e-67
18,167,0x1.8a39748cbe996p-224,0x1.65699f4fcf7e9p-374,0x1.8a39748cbe997p-224,5.71195194447968007e-68
18,168,0x1.2fab44ce5a1bap-225,0x1.65699f4fcf7e9p-374,0x1.2fab44ce5a1bbp-225,2.19994334324097966e-68
18,169,0x1.d3b4bd45e3832p-227,0x1.65699f4fcf7e9p-374,0x1.d3b4bd45e3833p-227,8.47079111532251694e-69
18,170,0x1.681504820de12p-228,0x1.65699f4fcf7e9p-374,0x1.681504820de13p-228,3.26078793996497288e-69
18,171,0x1.1526b66947276p-229,0x1.65699f4fcf7e9p-374,0x1.1526b66947277p-229,1.25489625627298764e-69
18,172,0x1.aa879c7ac29c1p-231,0x1.65699f4fcf7e9p-374,0x1.aa879c7ac29c2p-231,4.82814545685278298e-70
18,173,0x1.482010143d823p-232,0x1.65699f4fcf7e9p-374,0x1.482010143d824p-232,1.85712307470253960e-70
18,174,0x1.f8b7ad6c9bfb5p-234,0x1.65699f4fcf7e9p-374,0x1.f8b7ad6c9bfb6p-234,7.14149939821522625e-71
18,175,0x1.841346a31c30ep-235,0x1.65699f4fcf7e9p-374,0x1.841346a31c30fp-235,2.74553542524655023e-71
18,176,0x1.2a504b08e44e9p-236,0x1.65699f4fcf7e9p-374,0x1.2a504b08e44eap-236,1.05524712242352181e-71
18,177,0x1.ca82f313dcd91p-238,0x1.65699f4fcf7e9p-374,0x1.ca82f313dcd92p-238,4.05481757156180498e-72
18,178,0x1.6047abe4edee1p-239,0x1.65699f4fcf7e9p-374,0x1.6047abe4edee2p-239,1.55768277532507381e-72
18,179,0x1.0e97d5ad2450fp-240,0x1.65699f4fcf7e9p-374,0x1.0e97d5ad2451p-240,5.98243240358262512e-73
18,180,0x1.9f9788e93dce9p-242,0x1.65699f4fcf7e9p-374,0x1.9f9788e93dceap-242,2.29703806861391260e-73
18,181,0x1.3f10ba0089afbp-243,0x1.65699f4fcf7e9p-374,0x1.3f10ba0089afcp-243,8.81760652959006224e-74
18,182,0x1.e9cba57cec296p-245,0x1.65699f4fcf7e9p-374,0x1.e9cba57cec297p-245,3.38396515425035515e-74
18,183,0x1.77d947383271ep-246,0x1.65699f4fcf7e9p-374,0x1.77d947383271fp-246,1.29835723821625052e-74
18,184,0x1.20571237435d1p-247,0x1.65699f4fcf7e9p-374,0x1.20571237435d2p-247,4.98030778443230418e-75
18,185,0x1.ba4de99bae61fp-249,0x1.65699f4fcf7e9p-374,0x1.ba4de99bae62p-249,1.90990744160712582e-75
18,186,0x1.53286ef4a242fp-250,0x1.65699f4fcf7e9p-374,0x1.53286ef4a243p-250,7.32256290740649374e-76
18,187,0x1.0400b36f192fdp-251,0x1.65699f4fcf7e9p-374,0x1.0400b36f192fep-251,2.80678433710123498e-76
18,188,0x1.8e8c03e8ca56bp-253,0x1.65699f4fcf7e9p-374,0x1.8e8c03e8ca56cp-253,1.07559953274024095e-76
18,189,0x1.3162755d22e13p-254,0x1.65699f4fcf7e9p-374,0x1.3162755d22e14p-254,4.12086391950893047e-77
18,190,0x1.d3e32ed1a008ap-256,0x1.65699f4fcf7e9p-374,0x1.d3e32ed1a008bp-256,1.57841981932993354e-77
18,191,0x1.66589a121950cp-257,0x1.65699f4fcf7e9p-374,0x1.66589a121950dp-257,6.04440884514096316e-78
18,192,0x1.1262bea29b486p-258,0x1.65699f4fcf7e9p-374,0x1.1262bea29b487p-258,2.31410286991568412e-78
18,193,0x1.a418848cac94p-260,0x1.65699f4fcf7e9p-374,0x1.a418848cac941p-260,8.85746557856722149e-79
18,194,0x1.418447ad8ad15p-261,0x1.65699f4fcf7e9p-374,0x1.418447ad8ad16p-261,3.38949289078257848e-79
18,195,0x1.ec068de085903p-263,0x1.65699f4fcf7e9p-374,0x1.ec068de085904p-263,1.29675782333517653e-79
18,196,0x1.786487f815ce2p-264,0x1.65699f4fcf7e9p-374,0x1.786487f815ce3p-264,4.96000793109077139e-80
18,197,0x1.1fde6432aea6dp-265,0x1.65699f4fcf7e9p-374,0x1.1fde6432aea6ep-265,1.89673061871900737e-80
18,198,0x1.b83a7333b9a63p-267,0x1.65699f4fcf7e9p-374,0x1.b83a7333b9a64p-267,7.25152202075043413e-81
18,199,0x1.50895730d3347p-268,0x1.65699f4fcf7e9p-374,0x1.50895730d3348p-268,2.77174551378561884e-81
18,200,0x1.0135b28760bffp-269,0x1.65699f4fcf7e9p-374,0x1.0135b28760cp-269,1.05920162272807923e-81
18,201,0x1.8912ed23f5303p-271,0x1.65699f4fcf7e9p-374,0x1.8912ed23f5304p-271,4.04674139323773567e-82
18,202,0x1.2c48d9253dda7p-272,0x1.65699f4fcf7e9p-374,0x1.2c48d9253dda8p-272,1.54573208321136872e-82
18,203,0x1.cab1f519f66a7p-274,0x1.65699f4fcf7e9p-374,0x1.cab1f519f66a8p-274,5.90289920269531183e-83
18,204,0x1.5e420d2e62419p-275,0x1.65699f4fcf7e9p-374,0x1.5e420d2e6241ap-275,2.25371662040961310e-83
18,205,0x1.0b656d13e4a69p-276,0x1.65699f4fcf7e9p-374,0x1.0b656d13e4a6ap-276,8.60273322675484793e-84
18,206,0x1.982f1ae1503a4p-278,0x1.65699f4fcf7e9p-374,0x1.982f1ae1503a5p-278,3.28304791752704586e-84
18,207,0x1.377afd8c62d2dp-279,0x1.65699f4fcf7e9p-374,0x1.377afd8c62d2ep-279,1.25262770181378465e-84
18,208,0x1.db45003968f79p-281,0x1.65699f4fcf7e9p-374,0x1.db45003968f7ap-281,4.77827597703769485e-85
18,209,0x1.6a836b8af57e1p-282,0x1.65699f4fcf7e9p-374,0x1.6a836b8af57e2p-282,1.82232265246663185e-85
18,210,0x1.1472a8e0bf5e6p-283,0x1.65699f4fcf7e9p-374,0x1.1472a8e0bf5e7p-283,6.94839565933660435e-86
18,211,0x1.a58a14ba980cap-285,0x1.65699f4fcf7e9p-374,0x1.a58a14ba980cbp-285,2.64880154857112550e-86
18,212,0x1.4152294639849p-286,0x1.65699f4fcf7e9p-374,0x1.415229463984ap-286,1.00953250437692068e-86
18,213,0x1.e9c088efce08cp-288,0x1.65699f4fcf7e9p-374,0x1.e9c088efce08dp-288,3.84678205140055150e-87
18,214,0x1.7527ea8d4821ep-289,0x1.65699f4fcf7e9p-374,0x1.7527ea8d4821fp-289,1.46548584143971794e-87
18,215,0x1.1c41da5305f78p-290,0x1.65699f4fcf7e9p-374,0x1.1c41da5305f79p-290,5.58178139054947641e-88
18,216,0x1.b0fb7eb3eeb84p-292,0x1.65699f4fcf7e9p-374,0x1.b0fb7eb3eeb85p-292,2.12555108065081070e-88
18,217,0x1.49b0d9fd16f34p-293,0x1.65699f4fcf7e9p-374,0x1.49b0d9fd16f35p-293,8.09241540337943568e-89
18,218,0x1.f5f97f8b402cdp-295,0x1.65699f4fcf7e9p-374,0x1.f5f97f8b402cep-295,3.08030030058348077e-89
18,219,0x1.7e10311c5637ep-296,0x1.65699f4fcf7e9p-374,0x1.7e10311c5637fp-296,1.17224012550690939e-89
18,220,0x1.22bc3d699dd0dp-297,0x1.65699f4fcf7e9p-374,0x1.22bc3d699dd0ep-297,4.46014631459351119e-90
18,221,0x1.ba625e2780a96p-299,0x1.65699f4fcf7e9p-374,0x1.ba625e2780a97p-299,1.69664502094036085e-90
18,222,0x1.507f3dfe0996ap-300,0x1.65699f4fcf7e9p-374,0x1.507f3dfe0996bp-300,6.45271647880871153e-91
18,223,0x1.ffcd9771073bcp-302,0x1.65699f4fcf7e9p-374,0x1.ffcd9771073bdp-302,2.45360274880012341e-91
18,224,0x1.8523a2fe205dp-303,0x1.65699f4fcf7e9p-374,0x1.8523a2fe205d1p-303,9.32773795110712353e-92
18,225,0x1.27d03adf24597p-304,0x1.65699f4fcf7e9p-374,0x1.27d03adf24598p-304,3.54535063620960017e-92
18,226,0x1.c1a5a8d4ef03dp-306,0x1.65699f4fcf7e9p-374,0x1.c1a5a8d4ef03ep-306,1.34726542768413013e-92
18,227,0x1.55ab98cf9b81p-307,0x1.65699f4fcf7e9p-374,0x1.55ab98cf9b811p-307,5.11868725364988580e-93
18,228,0x1.0391e9cdd51e6p-308,0x1.65699f4fcf7e9p-374,0x1.0391e9cdd51e7p-308,1.94435617408708308e-93
18,229,0x1.8a50c22d7cd59p-310,0x1.65699f4fcf7e9p-374,0x1.8a50c22d7cd5ap-310,7.38422951609998224e-94
18,230,0x1.2b71aaf70883ap-311,0x1.65699f4fcf7e9p-374,0x1.2b71aaf70883bp-311,2.80379992886396820e-94
18,231,0x1.c6b49f8771ccfp-313,0x1.65699f4fcf7e9p-374,0x1.c6b49f8771cdp-313,1.06439213247505129e-94
18,232,0x1.592a7fd5bd813p-314,0x1.65699f4fcf7e9p-374,0x1.592a7fd5bd814p-314,4.03988890500578158e-95
18,233,0x1.05f66b247d50bp-315,0x1.65699f4fcf7e9p-374,0x1.05f66b247d50cp-315,1.53302997607164521e-95
18,234,0x1.8d8d61f6fc735p-317,0x1.65699f4fcf7e9p-374,0x1.8d8d61f6fc736p-317,5.81628465828122300e-96
18,235,0x1.2d99f534fc43cp-318,0x1.65699f4fcf7e9p-374,0x1.2d99f534fc43dp-318,2.20625020730656263e-96
18,236,0x1.c986f38b804cbp-320,0x1.65699f4fcf7e9p-374,0x1.c986f38b804ccp-320,8.36716428558594826e-97
18,237,0x1.5af6eeb1f4e4p-321,0x1.65699f4fcf7e9p-374,0x1.5af6eeb1f4e41p-321,3.17260911853859842e-97
18,238,0x1.071179e35dc1bp-322,0x1.65699f4fcf7e9p-374,0x1.071179e35dc1dp-322,1.20273484486630293e-97
18,239,0x1.8ed6ac1ea99edp-324,0x1.65699f4fcf7e9p-374,0x1.8ed6ac1ea99f3p-324,4.55867449625509180e-98
18,240,0x1.2e480d6baf995p-325,0x1.65699f4fcf7e9p-374,0x1.2e480d6baf9a1p-325,1.72751945717624791e-98
18,241,0x1.ca1cb7f175ebbp-327,0x1.65699f4fcf7e9p-374,0x1.ca1cb7f175ee8p-327,6.54520559417152752e-99
18,242,0x1.5b123461cab7fp-328,0x1.65699f4fcf7e9p-374,0x1.5b123461cabd9p-328,2.47936190405992919e-99
18,243,0x1.06e505238f17ep-329,0x1.65699f4fcf7e9p-374,0x1.06e505238f231p-329,9.39016325254315677e-100
18,244,0x1.8e30f9ca6281fp-331,0x1.65699f4fcf7e9p-374,0x1.8e30f9ca62aeap-331,3.55568475284743180e-100
18,245,0x1.2d804fa94de66p-332,0x1.65699f4fcf7e9p-374,0x1.2d804fa94e3fcp-332,1.34614096802199223e-100
18,246,0x1.c87e213d4bf6fp-334,0x1.65699f4fcf7e9p-374,0x1.c87e213d4d5c6p-334,5.09536517819957084e-101
18,247,0x1.5983bb542bc0dp-335,0x1.65699f4fcf7e9p-374,0x1.5983bb542e8bbp-335,1.92831447851297774e-101
18,248,0x1.057791394c8bfp-336,0x1.65699f4fcf7e9p-374,0x1.057791395221ap-336,7.29622930816564187e-102
18,249,0x1.8ba78340e0122p-338,0x1.65699f4fcf7e9p-374,0x1.8ba78340f668cp-338,2.76018023304635881e-102
18,250,0x1.2b4c3d8350f47p-339,0x1.65699f4fcf7e9p-374,0x1.2b4c3d837da1bp-339,1.04398689944494064e-102
18,251,0x1.c4bb179545dd2p-341,0x1.65699f4fcf7e9p-374,0x1.c4bb1795f891fp-341,3.94794943833596015e-103
18,252,0x1.5658afbe07da4p-342,0x1.65699f4fcf7e9p-374,0x1.5658afbf6d43ep-342,1.49268209412119990e-103
18,253,0x1.02d3eefd49cecp-343,0x1.65699f4fcf7e9p-374,0x1.02d3ef0014a2p-343,5.64264272498061858e-104
18,254,0x1.874beaafef1e9p-345,0x1.65699f4fcf7e9p-374,0x1.874beabb1a6b9p-345,2.13263999665606586e-104
18,255,0x1.27ba2015f1561p-346,0x1.65699f4fcf7e9p-374,0x1.27ba202c47f01p-346,8.05884106924080316e-105
18,256,0x1.beeaa0af6865ep-348,0x1.65699f4fcf7e9p-374,0x1.beeaa108c2cdcp-348,3.04472414826311682e-105
18,257,0x1.51a38848a2255p-349,0x1.65699f4fcf7e9p-374,0x1.51a388fb56f5p-349,1.15012199106918054e-105
18,258,0x1.fe11ba7de162dp-351,0x1.65699f4fcf7e9p-374,0x1.fe11bd48b4a17p-351,4.34370914315964705e-106
18,259,0x1.8135a6ac81f75p-352,0x1.65699f4fcf7e9p-374,0x1.8135ac4228749p-352,1.64020726100728565e-106
18,260,0x1.22dc91e8efe27p-353,0x1.65699f4fcf7e9p-374,0x1.22dc9d143cdcfp-353,6.19238871735962770e-107
18,261,0x1.b72a24a8eb9ccp-355,0x1.65699f4fcf7e9p-374,0x1.b72a51561f86cp-355,2.33743528229197236e-107
18,262,0x1.4b7b702089deap-356,0x1.65699f4fcf7e9p-374,0x1.4b7bc97af1b2ap-356,8.82152258825375303e-108
18,263,0x1.f4511a3781369p-358,0x1.65699f4fcf7e9p-374,0x1.f4527fa120866p-358,3.32867514064834014e-108
18,264,0x1.79812894b4f0bp-359,0x1.65699f4fcf7e9p-374,0x1.7983f367f3905p-359,1.25581683748499965e-108
18,265,0x1.1cc9a6bb570ddp-360,0x1.65699f4fcf7e9p-374,0x1.1ccf3c61d44d1p-360,4.73713858353072686e-109
18,266,0x1.ad9b6e09df37bp-362,0x1.65699f4fcf7e9p-374,0x1.adb1c4a3d434bp-362,1.78673977281730421e-109
18,267,0x1.43f970e2c904p-363,0x1.65699f4fcf7e9p-374,0x1.44261e16b2fdfp-363,6.73932121082346098e-110
18,268,0x1.e888192bfc19cp-365,0x1.65699f4fcf7e9p-374,0x1.e93acdfba4018p-365,2.54287162936271071e-110
18,269,0x1.703ff5c88761bp-366,0x1.65699f4fcf7e9p-374,0x1.71a55f67d7313p-366,9.60655375836074883e-111
18,270,0x1.157e7e91091cep-367,0x1.65699f4fcf7e9p-374,0x1.184951cfa8bbep-367,3.64211503430718815e-111
18,271,0x1.a1fe2b19af8e8p-369,0x1.65699f4fcf7e9p-374,0x1.ad2978142e0a8p-369,1.39416085199201598e-111
18,272,0x1.3a8018a966e97p-370,0x1.65699f4fcf7e9p-374,0x1.50d6b29e63e16p-370,5.47121238570541581e-112
18,273,0x1.d844f5ee51e17p-372,0x1.65699f4fcf7e9p-374,0x1.18cfaee122e09p-371,2.28058448231325522e-112
18,274,0x1.60f2ff08fba8dp-373,0x1.65699f4fcf7e9p-374,0x1.09d3e75871b41p-372,1.07944858432626975e-112
18,275,0x1.050d61ca470ffp-374,0x1.65699f4fcf7e9p-374,0x1.353b808d0b474p-373,6.27851137813744075e-113
18,276,0x1.794b97f57213fp-376,0x1.65699f4fcf7e9p-374,0x1.c3bc854d2c039p-374,4.58592292754968756e-113
18,277,0x1.02b75aad38b56p-377,0x1.65699f4fcf7e9p-374,0x1.85c08aa576954p-374,3.95667280120301526e-113
18,278,0x1.39809f1cd9c4ap-379,0x1.65699f4fcf7e9p-374,0x1.6f35a448b64ccp-374,3.72782579846391211e-113
18,279,0x1.0d454d16cbdd1p-381,0x1.65699f4fcf7e9p-374,0x1.678429e9fd165p-374,3.64972547606023314e-113
18,280,0x0p+0,0x1.65699f4fcf7e9p-374,0x1.65699f4fcf7e9p-374,3.62836943249092053e-113
19,0,0x1.df59e707eb099p-3,0x1.2c146728366fp-361,0x1.df59e707eb09ap-3,2.34058194092885697e-01
19,1,0x1.9958fc7c4b9cbp-4,0x1.2c146728366fp-361,0x1.9958fc7c4b9ccp-4,9.99383795467345127e-02
19,2,0x1.5fab4b7717ba4p-5,0x1.2c146728366fp-361,0x1.5fab4b7717ba5p-5,4.29283594064522670e-02
19,3,0x1.3140351b10f7ap-6,0x1.2c146728366fp-361,0x1.3140351b10f7bp-6,1.86310309038755056e-02
19,4,0x1.0afa15c3912c8p-7,0x1.2c146728366fp-361,0x1.0afa15c3912c9p-7,8.14748823825918630e-03
19,5,0x1.d4b0676ff2eebp-9,0x1.2c146728366fp-361,0x1.d4b0676ff2eecp-9,3.57581389105187352e-03
19,6,0x1.9bada6b102d22p-10,0x1.2c146728366fp-361,0x1.9bada6b102d23p-10,1.57042817977776843e-03
19,7,0x1.693e05d9b144p-11,0x1.2c146728366fp-361,0x1.693e05d9b1441p-11,6.89014962710239707e-04
19,8,0x1.3c69b40a89515p-12,0x1.2c146728366fp-361,0x1.3c69b40a89516p-12,3.01754859409379489e-04
19,9,0x1.148de79b1336dp-13,0x1.2c146728366fp-361,0x1.148de79b1336ep-13,1.31871373783811126e-04
19,10,0x1.e25b94b0c6fe4p-15,0x1.2c146728366fp-361,0x1.e25b94b0c6fe5p-15,5.75015232071316831e-05
19,11,0x1.a3bbe38e4232p-16,0x1.2c146728366fp-361,0x1.a3bbe38e42321p-16,2.50180924519532383e-05
19,12,0x1.6c784ab84d68dp-17,0x1.2c146728366fp-361,0x1.6c784ab84d68ep-17,1.08620491664310875e-05
19,13,0x1.3bd8f506be4efp-18,0x1.2c146728366fp-361,0x1.3bd8f506be4fp-18,4.70649434335914036e-06
19,14,0x1.1131384a69103p-19,0x1.2c146728366fp-361,0x1.1131384a69104p-19,2.03544099016035505e-06
19,15,0x1.d7bf5be66eb47p-21,0x1.2c146728366fp-361,0x1.d7bf5be66eb48p-21,8.78698185150788204e-07
19,16,0x1.969d4434c1e77p-22,0x1.2c146728366fp-361,0x1.969d4434c1e78p-22,3.78689097233344467e-07
19,17,0x1.5de8c1b99ec75p-23,0x1.2c146728366fp-361,0x1.5de8c1b99ec76p-23,1.62939171311499979e-07
19,18,0x1.2ca67c5f44066p-24,0x1.2c146728366fp-361,0x1.2ca67c5f44067p-24,7.00006110752288584e-08
19,19,0x1.01f2b048ca90dp-25,0x1.2c146728366fp-361,0x1.01f2b048ca90ep-25,3.00290997123314274e-08
19,20,0x1.ba0082c85e67fp-27,0x1.2c146728366fp-361,0x1.ba0082c85e68p-27,1.28639511410579944e-08
19,21,0x1.7a2efc15cef22p-28,0x1.2c146728366fp-361,0x1.7a2efc15cef23p-28,5.50329472774646524e-09
19,22,0x1.43295c5a8074fp-29,0x1.2c146728366fp-361,0x1.43295c5a8075p-29,2.35130985276861257e-09
19,23,0x1.13cd0e64c055fp-30,0x1.2c146728366fp-361,0x1.13cd0e64c056p-30,1.00335819616991304e-09
19,24,0x1.d6325c443bc9fp-32,0x1.2c146728366fp-361,0x1.d6325c443bcap-32,4.27641425972642829e-10
19,25,0x1.9056d08ac8cbfp-33,0x1.2c146728366fp-361,0x1.9056d08ac8ccp-33,1.82053154094463774e-10
19,26,0x1.5479ec634f7b8p-34,0x1.2c146728366fp-361,0x1.5479ec634f7b9p-34,7.74153393748712422e-11
19,27,0x1.213f85274217cp-35,0x1.2c146728366fp-361,0x1.213f85274217dp-35,3.28837047060136387e-11
19,28,0x1.eaeef8ddd9e48p-37,0x1.2c146728366fp-361,0x1.eaeef8ddd9e49p-37,1.39531688575700094e-11
19,29,0x1.a031a43f44f8cp-38,0x1.2c146728366fp-361,0x1.a031a43f44f8dp-38,5.91447122335690734e-12
19,30,0x1.607a431b25b06p-39,0x1.2c146728366fp-361,0x1.607a431b25b07p-39,2.50450388575251139e-12
19,31,0x1.2a39115df3259p-40,0x1.2c146728366fp-361,0x1.2a39115df325ap-40,1.05950065165408380e-12
19,32,0x1.f827d74a8db51p-42,0x1.2c146728366fp-361,0x1.f827d74a8db52p-42,4.47780149700159673e-13
19,33,0x1.a9bf5a79f2aafp-43,0x1.2c146728366fp-361,0x1.a9bf5a79f2abp-43,1.89069859461844817e-13
19,34,0x1.6734884c5cb21p-44,0x1.2c146728366fp-361,0x1.6734884c5cb22p-44,7.97595777750288284e-14
19,35,0x1.2ecadb0d3a2d8p-45,0x1.2c146728366fp-361,0x1.2ecadb0d3a2d9p-45,3.36167099671781029e-14
19,36,0x1.fe0831d06a5d9p-47,0x1.2c146728366fp-361,0x1.fe0831d06a5dap-47,1.41562320228104493e-14
19,37,0x1.ad303492befe6p-48,0x1.2c146728366fp-361,0x1.ad303492befe7p-48,5.95618418758018547e-15
19,38,0x1.68db1bdf2745ap-49,0x1.2c146728366fp-361,0x1.68db1bdf2745bp-49,2.50394076333124333e-15
19,39,0x1.2f2741d10113ap-50,0x1.2c146728366fp-361,0x1.2f2741d10113bp-50,1.05177445929343693e-15
19,40,0x1.fcf1c91915e6p-52,0x1.2c146728366fp-361,0x1.fcf1c91915e61p-52,4.41438964169004229e-16
19,41,0x1.aae0f08211f07p-53,0x1.2c146728366fp-361,0x1.aae0f08211f08p-53,1.85129112500908645e-16
19,42,0x1.65c47519e60fep-54,0x1.2c146728366fp-361,0x1.65c47519e60ffp-54,7.75784410283861367e-17
19,43,0x1.2b9dc36ea78e1p-55,0x1.2c146728366fp-361,0x1.2b9dc36ea78e2p-55,3.24844603592029671e-17
19,44,0x1.f575170778aa5p-57,0x1.2c146728366fp-361,0x1.f575170778aa6p-57,1.35920295918821981e-17
19,45,0x1.a35392fd3cc3dp-58,0x1.2c146728366fp-361,0x1.a35392fd3cc3ep-58,5.68293325846258275e-18
19,46,0x1.5e649c3ad26e9p-59,0x1.2c146728366fp-361,0x1.5e649c3ad26eap-59,2.37435538405217223e-18
19,47,0x1.24952c5f6ca8dp-60,0x1.2c146728366fp-361,0x1.24952c5f6ca8ep-60,9.91308774990848314e-19
19,48,0x1.e8471723b072cp-62,0x1.2c146728366fp-361,0x1.e8471723b072dp-62,4.13587296623943018e-19
19,49,0x1.9726839f7992fp-63,0x1.2c146728366fp-361,0x1.9726839f7993p-63,1.72434921086174739e-19
19,50,0x1.53457f72fef16p-64,0x1.2c146728366fp-361,0x1.53457f72fef17p-64,7.18435295526520786e-20
19,51,0x1.1a8507424b29ap-65,0x1.2c146728366fp-361,0x1.1a8507424b29bp-65,2.99129306289302657e-20
19,52,0x1.d6361bf66e4ffp-67,0x1.2c146728366fp-361,0x1.d6361bf66e5p-67,1.24463911759448416e-20
19,53,0x1.870b1bcf8d214p-68,0x1.2c146728366fp-361,0x1.870b1bcf8d215p-68,5.17541621513854639e-21
19,54,0x1.44ff01f171f88p-69,0x1.2c146728366fp-361,0x1.44ff01f171f89p-69,2.15064393945126467e-21
19,55,0x1.0deef74da4b58p-70,0x1.2c146728366fp-361,0x1.0deef74da4b59p-70,8.93134902635638884e-22
19,56,0x1.c01ebb8de00b1p-72,0x1.2c146728366fp-361,0x1.c01ebb8de00b2p-72,3.70676216918604306e-22
19,57,0x1.73bc76465a968p-73,0x1.2c146728366fp-361,0x1.73bc76465a969p-73,1.53746480428809528e-22
19,58,0x1.342f640c4d067p-74,0x1.2c146728366fp-361,0x1.342f640c4d068p-74,6.37311891602117537e-23
19,59,0x1.feb0f0c1e7bacp-76,0x1.2c146728366fp-361,0x1.feb0f0c1e7badp-76,2.64021148662071602e-23
19,60,0x1.a6e18fb6306bcp-77,0x1.2c146728366fp-361,0x1.a6e18fb6306bdp-77,1.09312202063749650e-23
19,61,0x1.5df70f9d21fa6p-78,0x1.2c146728366fp-361,0x1.5df70f9d21fa7p-78,4.52319267029700753e-24
19,62,0x1.2174729df6867p-79,0x1.2c146728366fp-361,0x1.2174729df6868p-79,1.87055828057309303e-24
19,63,0x1.de8ab056ad9fdp-81,0x1.2c146728366fp-361,0x1.de8ab056ad9fep-81,7.73125899521829937e-25
19,64,0x1.8b5a47965254dp-82,0x1.2c146728366fp-361,0x1.8b5a47965254ep-82,3.19363331249963283e-25
19,65,0x1.467195c74e6cep-83,0x1.2c146728366fp-361,0x1.467195c74e6cfp-83,1.31849557058352794e-25
19,66,0x1.0d65c30ba07e4p-84,0x1.2c146728366fp-361,0x1.0d65c30ba07e5p-84,5.44043933586637755e-26
19,67,0x1.bc66365c6dc29p-86,0x1.2c146728366fp-361,0x1.bc66365c6dc2ap-86,2.24364293140728612e-26
19,68,0x1.6e5853d8c33f5p-87,0x1.2c146728366fp-361,0x1.6e5853d8c33f6p-87,9.24784868849123835e-27
19,69,0x1.2dd71a2d24b61p-88,0x1.2c146728366fp-361,0x1.2dd71a2d24b62p-88,3.80975947933827810e-27
19,70,0x1.f1203f32ef023p-90,0x1.2c146728366fp-361,0x1.f1203f32ef024p-90,1.56865295295119512e-27
19,71,0x1.992acaa87df32p-91,0x1.2c146728366fp-361,0x1.992acaa87df33p-91,6.45551944273333660e-28
19,72,0x1.50994b52c1ba2p-92,0x1.2c146728366fp-361,0x1.50994b52c1ba3p-92,2.65529638475510949e-28
19,73,0x1.14c2b7b33a407p-93,0x1.2c146728366fp-361,0x1.14c2b7b33a408p-93,1.09162814852674848e-28
19,74,0x1.c6e458b7e1a4dp-95,0x1.2c146728366fp-361,0x1.c6e458b7e1a4ep-95,4.48558122651980187e-29
19,75,0x1.75a6d0608887cp-96,0x1.2c146728366fp-361,0x1.75a6d0608887dp-96,1.84224470555355850e-29
19,76,0x1.32c503f2492e1p-97,0x1.2c146728366fp-361,0x1.32c503f2492e2p-97,7.56245430060979119e-30
19,77,0x1.f7794637a9ddfp-99,0x1.2c146728366fp-361,0x1.f7794637a9dep-99,3.10289641074250175e-30
19,78,0x1.9cf47010deb78p-100,0x1.2c146728366fp-361,0x1.9cf47010deb79p-100,1.27251533181847562e-30
19,79,0x1.528c911689ee6p-101,0x1.2c146728366fp-361,0x1.528c911689ee7p-101,5.21617462316456753e-31
19,80,0x1.156b423903c42p-102,0x1.2c146728366fp-361,0x1.156b423903c43p-102,2.13715807694941714e-31
19,81,0x1.c67110f435b4fp-104,0x1.2c146728366fp-361,0x1.c67110f435b5p-104,8.75222810497969479e-32
19,82,0x1.740a39873214p-105,0x1.2c146728366fp-361,0x1.740a398732141p-105,3.58261430774825090e-32
19,83,0x1.3070c2b426956p-106,0x1.2c146728366fp-361,0x1.3070c2b426957p-106,1.46582754818069697e-32
19,84,0x1.f205a00ce30abp-108,0x1.2c146728366fp-361,0x1.f205a00ce30acp-108,5.99472144738009157e-33
19,85,0x1.972a168ae9144p-109,0x1.2c146728366fp-361,0x1.972a168ae9145p-109,2.45053163348480768e-33
19,86,0x1.4cbc1680d26b4p-110,0x1.2c146728366fp-361,0x1.4cbc1680d26b5p-110,1.00128712132718633e-33
19,87,0x1.0fca85fea44e5p-111,0x1.2c146728366fp-361,0x1.0fca85fea44e6p-111,4.08945806074881181e-34
19,88,0x1.bbd38203fa4d4p-113,0x1.2c146728366fp-361,0x1.bbd38203fa4d5p-113,1.66948862060187204e-34
19,89,0x1.6a386e580d1dap-114,0x1.2c146728366fp-361,0x1.6a386e580d1dbp-114,6.81260917735121903e-35
19,90,0x1.277e2aaebbd74p-115,0x1.2c146728366fp-361,0x1.277e2aaebbd75p-115,2.77880130159305320e-35
19,91,0x1.e1e9290ca5568p-117,0x1.2c146728366fp-361,0x1.e1e9290ca5569p-117,1.13296680512645125e-35
19,92,0x1.88cd4cf9f8ea3p-118,0x1.2c146728366fp-361,0x1.88cd4cf9f8ea4p-118,4.61736480055393922e-36
19,93,0x1.40095a3497b18p-119,0x1.2c146728366fp-361,0x1.40095a3497b19p-119,1.88100568108563600e-36
19,94,0x1.04a497bfc7eebp-120,0x1.2c146728366fp-361,0x1.04a497bfc7eecp-120,7.65960760372705602e-37
19,95,0x1.a85ea7d2ec59ep-122,0x1.2c146728366fp-361,0x1.a85ea7d2ec59fp-122,3.11777651109069333e-37
19,96,0x1.5954e9e8f64abp-123,0x1.2c146728366fp-361,0x1.5954e9e8f64acp-123,1.26854829897675897e-37
19,97,0x1.18e6b2141fffp-124,0x1.2c146728366fp-361,0x1.18e6b2141fff1p-124,5.15933938382084526e-38
19,98,0x1.c8cd14b8f61a5p-126,0x1.2c146728366fp-361,0x1.c8cd14b8f61a6p-126,2.09752777149332603e-38
19,99,0x1.7347100e879d1p-127,0x1.2c146728366fp-361,0x1.7347100e879d2p-127,8.52411539395273898e-39
19,100,0x1.2da5c28497da7p-128,0x1.2c146728366fp-361,0x1.2da5c28497da8p-128,3.46274347104774805e-39
19,101,0x1.e9f604396749ep-130,0x1.2c146728366fp-361,0x1.e9f604396749fp-130,1.40611911602366483e-39
19,102,0x1.8dc3954b0f29ap-131,0x1.2c146728366fp-361,0x1.8dc3954b0f29bp-131,5.70763343724900991e-40
19,103,0x1.42cac96d1bc35p-132,0x1.2c146728366fp-361,0x1.42cac96d1bc36p-132,2.31591999744468061e-40
19,104,0x1.05da03d9e9ef3p-133,0x1.2c146728366fp-361,0x1.05da03d9e9ef4p-133,9.39346623384748301e-41
19,105,0x1.a8ac0f418266cp-135,0x1.2c146728366fp-361,0x1.a8ac0f418266dp-135,3.80859118388995017e-41
19,106,0x1.583d194e2d02ap-136,0x1.2c146728366fp-361,0x1.583d194e2d02bp-136,1.54361957107177866e-41
19,107,0x1.16ef91252136ep-137,0x1.2c146728366fp-361,0x1.16ef91252136fp-137,6.25395712126019304e-42
19,108,0x1.c3e0237acf3d7p-139,0x1.2c146728366fp-361,0x1.c3e0237acf3d8p-139,2.53285000879370512e-42
19,109,0x1.6de28df06832cp-140,0x1.2c146728366fp-361,0x1.6de28df06832dp-140,1.02542811647483928e-42
19,110,0x1.282691bf0bde4p-141,0x1.2c146728366fp-361,0x1.282691bf0bde5p-141,4.14995467044944388e-43
19,111,0x1.df3dd1a65b9b1p-143,0x1.2c146728366fp-361,0x1.df3dd1a65b9b2p-143,1.67890087579684956e-43
19,112,0x1.839fc914e9dfap-144,0x1.2c146728366fp-361,0x1.839fc914e9dfbp-144,6.78971428705272002e-44
19,113,0x1.39690513c8781p-145,0x1.2c146728366fp-361,0x1.39690513c8782p-145,2.74488299512421601e-44
19,114,0x1.faa1c41c092eep-147,0x1.2c146728366fp-361,0x1.faa1c41c092efp-147,1.10928515866783980e-44
19,115,0x1.995873ce7f91fp-148,0x1.2c146728366fp-361,0x1.995873ce7f92p-148,4.48136909724249766e-45
19,116,0x1.4aa037298a75p-149,0x1.2c146728366fp-361,0x1.4aa037298a751p-149,1.80978704786530728e-45
19,117,0x1.0af3d2b80f836p-150,0x1.2c146728366fp-361,0x1.0af3d2b80f837p-150,7.30625070127453503e-46
19,118,0x1.aeef838d07a3ap-152,0x1.2c146728366fp-361,0x1.aeef838d07a3bp-152,2.94858103508119014e-46
19,119,0x1.5bb4f83a6a448p-153,0x1.2c146728366fp-361,0x1.5bb4f83a6a449p-153,1.18955361998945866e-46
19,120,0x1.18753ceb2798ap-154,0x1.2c146728366fp-361,0x1.18753ceb2798bp-154,4.79742809775168281e-47
19,121,0x1.c44781d6dd712p-156,0x1.2c146728366fp-361,0x1.c44781d6dd713p-156,1.93413795008949611e-47
19,122,0x1.6c8fd6283989fp-157,0x1.2c146728366fp-361,0x1.6c8fd628398ap-157,7.79510462510990014e-48
19,123,0x1.25c27d822c971p-158,0x1.2c146728366fp-361,0x1.25c27d822c972p-158,3.14060253278375667e-48
19,124,0x1.d942d5a3d39fep-160,0x1.2c146728366fp-361,0x1.d942d5a3d39ffp-160,1.26491549293609477e-48
19,125,0x1.7d1956f3f53c9p-161,0x1.2c146728366fp-361,0x1.7d1956f3f53cap-161,5.09293956469871359e-49
19,126,0x1.32c8fa9f4ea5cp-162,0x1.2c146728366fp-361,0x1.32c8fa9f4ea5dp-162,2.04991079971326655e-49
19,127,0x1.edc40d4a0ffdcp-164,0x1.2c146728366fp-361,0x1.edc40d4a0ffddp-164,8.24824924710272791e-50
19,128,0x1.8d3a3361446b9p-165,0x1.2c146728366fp-361,0x1.8d3a3361446bap-165,3.31779760499250242e-50
19,129,0x1.3f76521c9e37ap-166,0x1.2c146728366fp-361,0x1.3f76521c9e37bp-166,1.33413635746972617e-50
19,130,0x1.00d713f780ea8p-167,0x1.2c146728366fp-361,0x1.00d713f780ea9p-167,5.36307253773511050e-51
19,131,0x1.9cdb90f143454p-169,0x1.2c146728366fp-361,0x1.9cdb90f143455p-169,2.15521765322845750e-51
19,132,0x1.4bb8873f72157p-170,0x1.2c146728366fp-361,0x1.4bb8873f72158p-170,8.65831723153334059e-52
19,133,0x1.0a726ebab7e8dp-171,0x1.2c146728366fp-361,0x1.0a726ebab7e8ep-171,3.47729562652473407e-52
19,134,0x1.abe73a6675bcap-173,0x1.2c146728366fp-361,0x1.abe73a6675bcbp-173,1.39609944517384631e-52
19,135,0x1.577e2f0d67dc8p-174,0x1.2c146728366fp-361,0x1.577e2f0d67dc9p-174,5.60348947684455435e-53
19,136,0x1.13a671f677ceap-175,0x1.2c146728366fp-361,0x1.13a671f677cebp-175,2.24837665986008320e-53
19,137,0x1.ba47d60de069p-177,0x1.2c146728366fp-361,0x1.ba47d60de0691p-177,9.01879887583703214e-54
19,138,0x1.62b69aaaafcbp-178,0x1.2c146728366fp-361,0x1.62b69aaaafcb1p-178,3.61658166439524747e-54
19,139,0x1.1c6618cb4df91p-179,0x1.2c146728366fp-361,0x1.1c6618cb4df92p-179,1.44983504970420786e-54
19,140,0x1.c7e919169c449p-181,0x1.2c146728366fp-361,0x1.c7e919169c44ap-181,5.81045913590664890e-55
19,141,0x1.6d51ff34b2527p-182,0x1.2c146728366fp-361,0x1.6d51ff34b2528p-182,2.32795526204525960e-55
19,142,0x1.24a51d530bd9ep-183,0x1.2c146728366fp-361,0x1.24a51d530bd9fp-183,9.32420696816379452e-56
19,143,0x1.d4b7f75161386p-185,0x1.2c146728366fp-361,0x1.d4b7f75161387p-185,3.73355919085352100e-56
19,144,0x1.77419a999bfb7p-186,0x1.2c146728366fp-361,0x1.77419a999bfb8p-186,1.49454430196608604e-56
19,145,0x1.2c5814fe2c68p-187,0x1.2c146728366fp-361,0x1.2c5814fe2c681p-187,5.98094636240586757e-57
19,146,0x1.e0a2cec40ede8p-189,0x1.2c146728366fp-361,0x1.e0a2cec40ede9p-189,2.39280397505632858e-57
19,147,0x1.8077d4fca2187p-190,0x1.2c146728366fp-361,0x1.8077d4fca2188p-190,9.57020328306889823e-58
19,148,0x1.33748a196277fp-191,0x1.2c146728366fp-361,0x1.33748a196278p-191,3.82659721480065617e-58
19,149,0x1.eb998e91b6e5dp-193,0x1.2c146728366fp-361,0x1.eb998e91b6e5ep-193,1.52961663157958519e-58
19,150,0x1.88e85e4782db2p-194,0x1.2c146728366fp-361,0x1.88e85e4782db3p-194,6.11267637218943144e-59
19,151,0x1.39f112342275fp-195,0x1.2c146728366fp-361,0x1.39f112342276p-195,2.44207986998369787e-59
19,152,0x1.f58dd8cd9f474p-197,0x1.2c146728366fp-361,0x1.f58dd8cd9f475p-197,9.75368362824305773e-60
19,153,0x1.9088479b7cb3p-198,0x1.2c146728366fp-361,0x1.9088479b7cb31p-198,3.89456076177702090e-60
19,154,0x1.3fc5612f40539p-199,0x1.2c146728366fp-361,0x1.3fc5612f4053ap-199,1.55464055202377464e-60
19,155,0x1.fe731ee6a1f56p-201,0x1.2c146728366fp-361,0x1.fe731ee6a1f57p-201,6.20417230677785659e-61
19,156,0x1.974e18665a37fp-202,0x1.2c146728366fp-361,0x1.974e18665a38p-202,2.47525938472445160e-61
19,157,0x1.44ea58c96c8e7p-203,0x1.2c146728366fp-361,0x1.44ea58c96c8e8p-203,9.87282034053407430e-62
19,158,0x1.031f5c37e0f78p-204,0x1.2c146728366fp-361,0x1.031f5c37e0f79p-204,3.93682441863099566e-62
19,159,0x1.9d31def2d997dp-206,0x1.2c146728366fp-361,0x1.9d31def2d997ep-206,1.56940771729317434e-62
19,160,0x1.495a148e2dea6p-207,0x1.2c146728366fp-361,0x1.495a148e2dea7p-207,6.25476610435712564e-63
19,161,0x1.0673fa11266e2p-208,0x1.2c146728366fp-361,0x1.0673fa11266e3p-208,2.49214056888529639e-63
19,162,0x1.a22d3c5e4c1d9p-210,0x1.2c146728366fp-361,0x1.a22d3c5e4c1dap-210,9.92706301829429155e-64
19,163,0x1.4d0ff21aa0d55p-211,0x1.2c146728366fp-361,0x1.4d0ff21aa0d56p-211,3.95326939865133503e-64
19,164,0x1.093411867e52fp-212,0x1.2c146728366fp-361,0x1.093411867e53p-212,1.57391048693125682e-64
19,165,0x1.a63b6bef7564p-214,0x1.2c146728366fp-361,0x1.a63b6bef75641p-214,6.26458384248572582e-65
19,166,0x1.500895b98644p-215,0x1.2c146728366fp-361,0x1.500895b986441p-215,2.49283530688234654e-65
19,167,0x1.0b5d4efcef224p-216,0x1.2c146728366fp-361,0x1.0b5d4efcef225p-216,9.91709997844192618e-66
19,168,0x1.a95945dc224ap-218,0x1.2c146728366fp-361,0x1.a95945dc224a1p-218,3.94426524168273971e-66
19,169,0x1.5241eb65c4ec2p-219,0x1.2c146728366fp-361,0x1.5241eb65c4ec3p-219,1.56833349073117067e-66
19,170,0x1.0cee6294f6237p-220,0x1.2c146728366fp-361,0x1.0cee6294f6238p-220,6.23450769071354283e-67
19,171,0x1.ab853d9b5ddf6p-222,0x1.2c146728366fp-361,0x1.ab853d9b5ddf7p-222,2.47775244012271722e-67
19,172,0x1.53bb244f3aa53p-223,0x1.2c146728366fp-361,0x1.53bb244f3aa54p-223,9.84478436959100058e-68
19,173,0x1.0de6fd4c7cf09p-224,0x1.2c146728366fp-361,0x1.0de6fd4c7cf0ap-224,3.91063781499569437e-68
19,174,0x1.acbf5bf158559p-226,0x1.2c146728366fp-361,0x1.acbf5bf15855ap-226,1.55303989433220170e-68
19,175,0x1.5474b109692a7p-227,0x1.2c146728366fp-361,0x1.5474b109692a8p-227,6.16611740818520918e-69
19,176,0x1.0e47cb873c0f5p-228,0x1.2c146728366fp-361,0x1.0e47cb873c0f6p-228,2.44757301054750283e-69
19,177,0x1.ad0934efcc7ecp-230,0x1.2c146728366fp-361,0x1.ad0934efcc7edp-230,9.71303000815111589e-70
19,178,0x1.5470389603313p-231,0x1.2c146728366fp-361,0x1.5470389603314p-231,3.85362570671988176e-70
19,179,0x1.0e126d27c89b1p-232,0x1.2c146728366fp-361,0x1.0e126d27c89b2p-232,1.52855322604376802e-70
19,180,0x1.ac65da31ca679p-234,0x1.2c146728366fp-361,0x1.ac65da31ca67ap-234,6.06161491243022794e-71
19,181,0x1.53b08c8685979p-235,0x1.2c146728366fp-361,0x1.53b08c868597ap-235,2.40321906618444936e-71
19,182,0x1.0d496b6a70b61p-236,0x1.2c146728366fp-361,0x1.0d496b6a70b62p-236,9.52568280572084195e-72
19,183,0x1.aad9c9a428ba9p-238,0x1.2c146728366fp-361,0x1.aad9c9a428baap-238,3.77482739558009443e-72
19,184,0x1.52399a77c6c44p-239,0x1.2c146728366fp-361,0x1.52399a77c6c45p-239,1.49553573064366947e-72
19,185,0x1.0bf02cb8cdb35p-240,0x1.2c146728366fp-361,0x1.0bf02cb8cdb36p-240,5.92373582225449434e-73
19,186,0x1.a86ad93467322p-242,0x1.2c146728366fp-361,0x1.a86ad93467323p-242,2.34581760229703153e-73
19,187,0x1.50105b30ae2d3p-243,0x1.2c146728366fp-361,0x1.50105b30ae2d4p-243,9.28737411793629480e-74
19,188,0x1.0a0ae6b18ab06p-244,0x1.2c146728366fp-361,0x1.0a0ae6b18ab07p-244,3.67614173791845302e-74
19,189,0x1.a5201fc676d46p-246,0x1.2c146728366fp-361,0x1.a5201fc676d47p-246,1.45476426801057204e-74
19,190,0x1.4d3abfb211ad7p-247,0x1.2c146728366fp-361,0x1.4d3abfb211ad8p-247,5.75565204388874793e-75
19,191,0x1.079e8ea3482e4p-248,0x1.2c146728366fp-361,0x1.079e8ea3482e5p-248,2.27666126172161306e-75
19,192,0x1.a101dbd6a90bcp-250,0x1.2c146728366fp-361,0x1.a101dbd6a90bdp-250,9.00336248068078942e-76
19,193,0x1.49bf9c8907b79p-251,0x1.2c146728366fp-361,0x1.49bf9c8907b7ap-251,3.55970434229002588e-76
19,194,0x1.04b0c8bbc4b3ap-252,0x1.2c146728366fp-361,0x1.04b0c8bbc4b3bp-252,1.40710477647243080e-76
19,195,0x1.9c19582ffcc9bp-254,0x1.2c146728366fp-361,0x1.9c19582ffcc9cp-254,5.56086944008425814e-77
19,196,0x1.45a693b6dd693p-255,0x1.2c146728366fp-361,0x1.45a693b6dd694p-255,2.19716739169735396e-77
19,197,0x1.0147d62d90152p-256,0x1.2c146728366fp-361,0x1.0147d62d90153p-256,8.67937003853592997e-78
19,198,0x1.9670cf203178dp-258,0x1.2c146728366fp-361,0x1.9670cf203178ep-258,3.42782231603519299e-78
19,199,0x1.40f7fd825d543p-259,0x1.2c146728366fp-361,0x1.40f7fd825d544p-259,1.35348627816965756e-78
19,200,0x1.fad5051d313eep-261,0x1.2c146728366fp-361,0x1.fad5051d313efp-261,5.34312442005640281e-79
19,201,0x1.90134c928a864p-262,0x1.2c146728366fp-361,0x1.90134c928a865p-262,2.10883696178811868e-79
19,202,0x1.3bbcd08543d8bp-263,0x1.2c146728366fp-361,0x1.3bbcd08543d8cp-263,8.32141955398861569e-80
19,203,0x1.f2402161d0c64p-265,0x1.2c146728366fp-361,0x1.f2402161d0c65p-265,3.28290968443570248e-80
19,204,0x1.890c8f7821abbp-266,0x1.2c146728366fp-361,0x1.890c8f7821abcp-266,1.29487532370390154e-80
19,205,0x1.35fe8946ba2c4p-267,0x1.2c146728366fp-361,0x1.35fe8946ba2c5p-267,5.10628294359907600e-81
19,206,0x1.e8e04e6a06118p-269,0x1.2c146728366fp-361,0x1.e8e04e6a06119p-269,2.01321470050387586e-81
19,207,0x1.8168eae12dc4p-270,0x1.2c146728366fp-361,0x1.8168eae12dc41p-270,7.93567726380329706e-82
19,208,0x1.2fc711b096588p-271,0x1.2c146728366fp-361,0x1.2fc711b096589p-271,3.12742552156478495e-82
19,209,0x1.dec57a25333d2p-273,0x1.2c146728366fp-361,0x1.dec57a25333d3p-273,1.23225166407806074e-82
19,210,0x1.79352725e6c43p-274,0x1.2c146728366fp-361,0x1.79352725e6c44p-274,4.85424497853704581e-83
19,211,0x1.2920a8a90d386p-275,0x1.2c146728366fp-361,0x1.2920a8a90d387p-275,1.91185162035258423e-83
19,212,0x1.d4000ca1a7edfp-277,0x1.2c146728366fp-361,0x1.d4000ca1a7eep-277,7.52830607505000354e-84
19,213,0x1.707e6377d8273p-278,0x1.2c146728366fp-361,0x1.707e6377d8274p-278,2.96381651437467867e-84
19,214,0x1.2215ca159de49p-279,0x1.2c146728366fp-361,0x1.2215ca159de4ap-279,1.16658580808729745e-84
19,215,0x1.c8a0c246b51cbp-281,0x1.2c146728366fp-361,0x1.c8a0c246b51ccp-281,4.59085692150645245e-85
19,216,0x1.6751f82daea61p-282,0x1.2c146728366fp-361,0x1.6751f82daea62p-282,1.80627088604646388e-85
19,217,0x1.1ab1178667d5ep-283,0x1.2c146728366fp-361,0x1.1ab1178667d5fp-283,7.10533272218788240e-86
19,218,0x1.bcb88739684a3p-285,0x1.2c146728366fp-361,0x1.bcb88739684a4p-285,2.79446532958588631e-86
19,219,0x1.5dbd5a14089a4p-286,0x1.2c146728366fp-361,0x1.5dbd5a14089a5p-286,1.09881898145581599e-86
19,220,0x1.12fd41c2fa31cp-287,0x1.2c146728366fp-361,0x1.12fd41c2fa31dp-287,4.31983392164010329e-87
19,221,0x1.b058544319b1ep-289,0x1.2c146728366fp-361,0x1.b058544319b1fp-289,1.69793775175537884e-87
19,222,0x1.53cdff05b8a64p-290,0x1.2c146728366fp-361,0x1.53cdff05b8a65p-290,6.67253159060416194e-88
19,223,0x1.0b04f36b1f0d2p-291,0x1.2c146728366fp-361,0x1.0b04f36b1f0d3p-291,2.62164578704351485e-88
19,224,0x1.a3910d8669b4ep-293,0x1.2c146728366fp-361,0x1.a3910d8669b4fp-293,1.02984585814943450e-88
19,225,0x1.499144056b311p-294,0x1.2c146728366fp-361,0x1.499144056b312p-294,4.04469346638236895e-89
19,226,0x1.02d2bcd753cb8p-295,0x1.2c146728366fp-361,0x1.02d2bcd753cb9p-295,1.58823406283542906e-89
19,227,0x1.967363445db31p-297,0x1.2c146728366fp-361,0x1.967363445db32p-297,6.23532699850174725e-90
19,228,0x1.3f145509e4bc4p-298,0x1.2c146728366fp-361,0x1.3f145509e4bc5p-298,2.44748548176824749e-90
19,229,0x1.f4e202bb527dfp-300,0x1.2c146728366fp-361,0x1.f4e202bb527ep-300,9.60500291542468634e-91
19,230,0x1.890fb4e8368e3p-301,0x1.2c146728366fp-361,0x1.890fb4e8368e4p-301,3.76870102584336703e-91
19,231,0x1.346416a54032p-302,0x1.2c146728366fp-361,0x1.346416a540321p-302,1.47843759594709051e-91
19,232,0x1.e3d3cc31947b1p-304,0x1.2c146728366fp-361,0x1.e3d3cc31947b2p-304,5.79871485868498584e-92
19,233,0x1.7b75f6858c853p-305,0x1.2c146728366fp-361,0x1.7b75f6858c854p-305,2.27393615554910908e-92
19,234,0x1.298d11a6d7919p-306,0x1.2c146728366fp-361,0x1.298d11a6d791ap-306,8.91544139442969624e-93
19,235,0x1.d28e8490053fep-308,0x1.2c146728366fp-361,0x1.d28e8490053ffp-308,3.49482802955905398e-93
19,236,0x1.6db598e960264p-309,0x1.2c146728366fp-361,0x1.6db598e960266p-309,1.36970630756111995e-93
19,237,0x1.1e9b60cef79e4p-310,0x1.2c146728366fp-361,0x1.1e9b60cef79e7p-310,5.36720384740335819e-94
19,238,0x1.c12522b0da089p-312,0x1.2c146728366fp-361,0x1.c12522b0da093p-312,2.10275180999104945e-94
19,239,0x1.5fdd74544f5dep-313,0x1.2c146728366fp-361,0x1.5fdd74544f5f1p-313,8.23659157048905699e-95
19,240,0x1.139aa0a3476bdp-314,0x1.2c146728366fp-361,0x1.139aa0a3476e3p-314,3.22572198477335671e-95
19,241,0x1.afa9cd42046d3p-316,0x1.2c146728366fp-361,0x1.afa9cd420476ap-316,1.26306738107903632e-95
19,242,0x1.51fbb5ea19fa5p-317,0x1.2c146728366fp-361,0x1.51fbb5ea1a0d2p-317,4.94477551332981476e-96
19,243,0x1.0895e16b00a53p-318,0x1.2c146728366fp-361,0x1.0895e16b00cacp-318,1.93547428546706830e-96
19,244,0x1.9e2dc5aa6b287p-320,0x1.2c146728366fp-361,0x1.9e2dc5aa6bbe8p-320,7.57441829043920008e-97
19,245,0x1.441dcfd938c8cp-321,0x1.2c146728366fp-361,0x1.441dcfd939f4ep-321,2.96368815055889089e-97
19,246,0x1.fb2f36a5968fp-323,0x1.2c146728366fp-361,0x1.fb2f36a59b3f6p-323,1.15941081159279949e-97
19,247,0x1.8cc156584c11bp-324,0x1.2c146728366fp-361,0x1.8cc1565855726p-324,4.53486218195587962e-98
19,248,0x1.36506c349413p-325,0x1.2c146728366fp-361,0x1.36506c34a6d45p-325,1.77342581014739544e-98
19,249,0x1.e5534962ae18p-327,0x1.2c146728366fp-361,0x1.e5534962f91d2p-327,6.93400928277502892e-99
19,250,0x1.7b73c46a7998fp-328,0x1.2c146728366fp-361,0x1.7b73c46b0fa33p-328,2.71068186447022152e-99
19,251,0x1.289f627165efbp-329,0x1.2c146728366fp-361,0x1.289f627292042p-329,1.05948714727852500e-99
19,252,0x1.cfaa54bf2a444p-331,0x1.2c146728366fp-361,0x1.cfaa54c3da95ep-331,4.14034105923372110e-100
19,253,0x1.6a53449c4fc89p-332,0x1.2c146728366fp-361,0x1.6a5344a5b06bdp-332,1.61770785482989365e-100
19,254,0x1.1b15af73325ep-333,0x1.2c146728366fp-361,0x1.1b15af85f3a48p-333,6.31957526657647600e-101
19,255,0x1.ba4554201e21cp-335,0x1.2c146728366fp-361,0x1.ba45546b233b9p-335,2.46831040076547821e-101
19,256,0x1.596cf34c609c1p-336,0x1.2c146728366fp-361,0x1.596cf3e26acfbp-336,9.63908938696145946e-102
19,257,0x1.0dbd6ffadec2cp-337,0x1.2c146728366fp-361,0x1.0dbd7126f329fp-337,3.76354282051573559e-102
19,258,0x1.a533dce03864p-339,0x1.2c146728366fp-361,0x1.a533e1908a00bp-339,1.46920571970229622e-102
19,259,0x1.48cccf03bda4dp-340,0x1.2c146728366fp-361,0x1.48ccd86460de2p-340,5.73447351725594601e-103
19,260,0x1.009fdc7cc8d14p-341,0x1.2c146728366fp-361,0x1.009fef3e0f43dp-341,2.23784520740900216e-103
19,261,0x1.908416acd65c8p-343,0x1.2c146728366fp-361,0x1.908461b1f0269p-343,8.73157526488364451e-104
19,262,0x1.387daf22005afp-344,0x1.2c146728366fp-361,0x1.387e452c33ef1p-344,3.40629421806128361e-104
19,263,0x1.e78a7510fa46ep-346,0x1.2c146728366fp-361,0x1.e78ccd39c8975p-346,1.32861974249943504e-104
19,264,0x1.7c4287b5f10e1p-347,0x1.2c146728366fp-361,0x1.7c4738078daefp-347,5.18146975380132588e-105
19,265,0x1.2888e3d333c88p-348,0x1.2c146728366fp-361,0x1.289244766d0a4p-348,2.02046228554981095e-105
19,266,0x1.ce68524223d8ap-350,0x1.2c146728366fp-361,0x1.ce8dd4cf08df7p-350,7.87814590795610794e-106
19,267,0x1.687775f49d45ep-351,0x1.2c146728366fp-361,0x1.68c27b0e67538p-351,3.07220054544200443e-106
19,268,0x1.18f158f437d2p-352,0x1.2c146728366fp-361,0x1.19876327cbed4p-352,1.19873856581160494e-106
19,269,0x1.b5d15258dd1b5p-354,0x1.2c146728366fp-361,0x1.b8297b272d883p-354,4.68548067474645697e-107
19,270,0x1.550618fde1d41p-355,0x1.2c146728366fp-361,0x1.59b66a9a82addp-355,1.84003776787424349e-107
19,271,0x1.0978200f394ffp-356,0x1.2c146728366fp-361,0x1.12d8c3487b037p-356,7.31428960986266731e-108
19,272,0x1.9cd308ca547a5p-358,0x1.2c146728366fp-361,0x1.c25595af5b483p-358,2.99610223275252718e-108
19,273,0x1.40338dd151e22p-359,0x1.2c146728366fp-361,0x1.8b38a79b5f7dep-359,1.31471598059369656e-108
19,274,0x1.ee1a269dc5141p-361,0x1.2c146728366fp-361,0x1.8d1746e2fdc19p-360,6.60467661391968431e-109
19,275,0x1.78de2846efd7p-362,0x1.2c146728366fp-361,0x1.e8837b4bae5a8p-361,4.06263923923736142e-109
19,276,0x1.185807aa2a1dp-363,0x1.2c146728366fp-361,0x1.722a6912c0f64p-361,3.07841902165336012e-109
19,277,0x1.8abae4b0f1d4ep-365,0x1.2c146728366fp-361,0x1.44c01573458c5p-361,2.70073017909269269e-109
19,278,0x1.e963671e503d2p-367,0x1.2c146728366fp-361,0x1.33b9f4c4afbp-361,2.55915354509933492e-109
19,279,0x1.ac5673088115ep-369,0x1.2c146728366fp-361,0x1.2dc0bd9b3ef02p-361,2.50947597793113147e-109
19,280,0x0p+0,0x1.2c146728366fp-361,0x1.2c146728366fp-361,2.49556114719866095e-109
20,0,0x1.fb331e8837fe8p-3,0x1.7085dd1f30cb4p-349,0x1.fb331e8837fe9p-3,2.47656096012178112e-01
20,1,0x1.bbdeb83ea0cb2p-4,0x1.7085dd1f30cb4p-349,0x1.bbdeb83ea0cb3p-4,1.08366698938015913e-01
20,2,0x1.87b6b070f718dp-5,0x1.7085dd1f30cb4p-349,0x1.87b6b070f718ep-5,4.78166051977694101e-02
20,3,0x1.5d93f47cf4e96p-6,0x1.7085dd1f30cb4p-349,0x1.5d93f47cf4e97p-6,2.13365447596759149e-02
20,4,0x1.3a633c25da90ep-7,0x1.7085dd1f30cb4p-349,0x1.3a633c25da90fp-7,9.59434925944837973e-03
20,5,0x1.1bbc432e06983p-8,0x1.7085dd1f30cb4p-349,0x1.1bbc432e06984p-8,4.32945861941858371e-03
20,6,0x1.003a1147fb97p-9,0x1.7085dd1f30cb4p-349,0x1.003a1147fb971p-9,1.95485554649293308e-03
20,7,0x1.ce4e919babb21p-11,0x1.7085dd1f30cb4p-349,0x1.ce4e919babb22p-11,8.81780451399059385e-04
20,8,0x1.a0547a0c88ea6p-12,0x1.7085dd1f30cb4p-349,0x1.a0547a0c88ea7p-12,3.97043216056251097e-04
20,9,0x1.76259cf44dcb4p-13,0x1.7085dd1f30cb4p-349,0x1.76259cf44dcb5p-13,1.78407157031412100e-04
20,10,0x1.4f836a2f201f8p-14,0x1.7085dd1f30cb4p-349,0x1.4f836a2f201f9p-14,7.99926135517449894e-05
20,11,0x1.2c3af9e1d2be2p-15,0x1.7085dd1f30cb4p-349,0x1.2c3af9e1d2be3p-15,3.57902497528301534e-05
20,12,0x1.0c1c0d30c4c2fp-16,0x1.7085dd1f30cb4p-349,0x1.0c1c0d30c4c3p-16,1.59805760545189929e-05
20,13,0x1.ddebe3e8c191dp-18,0x1.7085dd1f30cb4p-349,0x1.ddebe3e8c191ep-18,7.12158451033329610e-06
20,14,0x1.a92de846a507fp-19,0x1.7085dd1f30cb4p-349,0x1.a92de846a508p-19,3.16783283278205966e-06
20,15,0x1.7999a541656d2p-20,0x1.7085dd1f30cb4p-349,0x1.7999a541656d3p-20,1.40667027923506657e-06
20,16,0x1.4ecb05b9d46f3p-21,0x1.7085dd1f30cb4p-349,0x1.4ecb05b9d46f4p-21,6.23600661978620801e-07
20,17,0x1.285fe82986d4bp-22,0x1.7085dd1f30cb4p-349,0x1.285fe82986d4cp-22,2.76020389296343306e-07
20,18,0x1.05f966a63fd3fp-23,0x1.7085dd1f30cb4p-349,0x1.05f966a63fd4p-23,1.21991253716739152e-07
20,19,0x1.ce799f94793c6p-25,0x1.7085dd1f30cb4p-349,0x1.ce799f94793c7p-25,5.38391865844810195e-08
20,20,0x1.97a8a73ef5131p-26,0x1.7085dd1f30cb4p-349,0x1.97a8a73ef5132p-26,2.37288653134788803e-08
20,21,0x1.66dede4f2a58cp-27,0x1.7085dd1f30cb4p-349,0x1.66dede4f2a58dp-27,1.04445085066195599e-08
20,22,0x1.3b8645c164cd6p-28,0x1.7085dd1f30cb4p-349,0x1.3b8645c164cd7p-28,4.59148580388299398e-09
20,23,0x1.1513fff1c2d75p-29,0x1.7085dd1f30cb4p-349,0x1.1513fff1c2d76p-29,2.01600868714227804e-09
20,24,0x1.e6105932080cfp-31,0x1.7085dd1f30cb4p-349,0x1.e6105932080dp-31,8.84145012631658156e-10
20,25,0x1.a9db2e261d7e5p-32,0x1.7085dd1f30cb4p-349,0x1.a9db2e261d7e6p-32,3.87313932993620622e-10
20,26,0x1.74b288b80b8cdp-33,0x1.7085dd1f30cb4p-349,0x1.74b288b80b8cep-33,1.69483154725301757e-10
20,27,0x1.45d3d6bbd10a1p-34,0x1.7085dd1f30cb4p-349,0x1.45d3d6bbd10a2p-34,7.40845951726439037e-11
20,28,0x1.1c8ebfa2d9e35p-35,0x1.7085dd1f30cb4p-349,0x1.1c8ebfa2d9e36p-35,3.23504550164437248e-11
20,29,0x1.f087d838e09d4p-37,0x1.7085dd1f30cb4p-349,0x1.f087d838e09d5p-37,1.41122496597345943e-11
20,30,0x1.b0c79280fbbd6p-38,0x1.7085dd1f30cb4p-349,0x1.b0c79280fbbd7p-38,6.15016772401887750e-12
20,31,0x1.78da9d04631c9p-39,0x1.7085dd1f30cb4p-349,0x1.78da9d04631cap-39,2.67770842577432447e-12
20,32,0x1.47d99775e7a78p-40,0x1.7085dd1f30cb4p-349,0x1.47d99775e7a79p-40,1.16475706361579566e-12
20,33,0x1.1cf5863141a16p-41,0x1.7085dd1f30cb4p-349,0x1.1cf5863141a17p-41,5.06189008688627218e-13
20,34,0x1.eeeb461f50368p-43,0x1.7085dd1f30cb4p-349,0x1.eeeb461f50369p-43,2.19788204850092956e-13
20,35,0x1.ad6a9d0eb5c8p-44,0x1.7085dd1f30cb4p-349,0x1.ad6a9d0eb5c81p-44,9.53496079884424179e-14
20,36,0x1.744445ea93d76p-45,0x1.7085dd1f30cb4p-349,0x1.744445ea93d77p-45,4.13299052579978714e-14
20,37,0x1.427455a4a283p-46,0x1.7085dd1f30cb4p-349,0x1.427455a4a2831p-46,1.78998167293981004e-14
20,38,0x1.17147379686cdp-47,0x1.7085dd1f30cb4p-349,0x1.17147379686cep-47,7.74602290635244588e-15
20,39,0x1.e2b19e7381f9ap-49,0x1.7085dd1f30cb4p-349,0x1.e2b19e7381f9bp-49,3.34936123297011242e-15
20,40,0x1.a11ab2dbbf957p-50,0x1.7085dd1f30cb4p-349,0x1.a11ab2dbbf958p-50,1.44712121335515196e-15
20,41,0x1.6826749f6b7e8p-51,0x1.7085dd1f30cb4p-349,0x1.6826749f6b7e9p-51,6.24761036345680969e-16
20,42,0x1.36bd085a1e5d4p-52,0x1.7085dd1f30cb4p-349,0x1.36bd085a1e5d5p-52,2.69522606222670766e-16
20,43,0x1.0be83aff9856dp-53,0x1.7085dd1f30cb4p-349,0x1.0be83aff9856ep-53,1.16186205727759944e-16
20,44,0x1.cd9f7baa2f2fdp-55,0x1.7085dd1f30cb4p-349,0x1.cd9f7baa2f2fep-55,5.00492638571095781e-17
20,45,0x1.8d6b8508bf4bdp-56,0x1.7085dd1f30cb4p-349,0x1.8d6b8508bf4bep-56,2.15441812984616791e-17
20,46,0x1.55e7df6995a2p-57,0x1.7085dd1f30cb4p-349,0x1.55e7df6995a21p-57,9.26737399801015930e-18
20,47,0x1.25f14d9f0045dp-58,0x1.7085dd1f30cb4p-349,0x1.25f14d9f0045ep-58,3.98366494216300796e-18
20,48,0x1.f9124f8671a6ep-60,0x1.7085dd1f30cb4p-349,0x1.f9124f8671a6fp-60,1.71124889282511663e-18
20,49,0x1.b1a203acb5f06p-61,0x1.7085dd1f30cb4p-349,0x1.b1a203acb5f07p-61,7.34602653383599299e-19
20,50,0x1.740d993c44103p-62,0x1.7085dd1f30cb4p-349,0x1.740d993c44104p-62,3.15141250291753399e-19
20,51,0x1.3f02ca07ffedbp-63,0x1.7085dd1f30cb4p-349,0x1.3f02ca07ffedcp-63,1.35106369405856664e-19
20,52,0x1.115b0e0c7049fp-64,0x1.7085dd1f30cb4p-349,0x1.115b0e0c704ap-64,5.78853174792856447e-20
20,53,0x1.d42c689e15c9p-66,0x1.7085dd1f30cb4p-349,0x1.d42c689e15c91p-66,2.47848972032859486e-20
20,54,0x1.90ab386b25f3bp-67,0x1.7085dd1f30cb4p-349,0x1.90ab386b25f3cp-67,1.06056156135420816e-20
20,55,0x1.56affcca907e8p-68,0x1.7085dd1f30cb4p-349,0x1.56affcca907e9p-68,4.53543065062984435e-21
20,56,0x1.24eb6b76eb8c4p-69,0x1.7085dd1f30cb4p-349,0x1.24eb6b76eb8c5p-69,1.93837936969197957e-21
20,57,0x1.f475e9753cc0dp-71,0x1.7085dd1f30cb4p-349,0x1.f475e9753cc0ep-71,8.27942600639090859e-22
20,58,0x1.ab4608c9df7eap-72,0x1.7085dd1f30cb4p-349,0x1.ab4608c9df7ebp-72,3.53432414686192323e-22
20,59,0x1.6c93ed6d574eep-73,0x1.7085dd1f30cb4p-349,0x1.6c93ed6d574efp-73,1.50785861169074500e-22
20,60,0x1.36e759695d5b2p-74,0x1.7085dd1f30cb4p-349,0x1.36e759695d5b3p-74,6.42933799200263628e-23
20,61,0x1.08fb5ad7d3253p-75,0x1.7085dd1f30cb4p-349,0x1.08fb5ad7d3254p-75,2.73984816319875607e-23
20,62,0x1.c36f0e896021bp-77,0x1.7085dd1f30cb4p-349,0x1.c36f0e896021cp-77,1.16692906275974449e-23
20,63,0x1.805424d36cd91p-78,0x1.7085dd1f30cb4p-349,0x1.805424d36cd92p-78,4.96733185416882148e-24
20,64,0x1.47054bf4ad338p-79,0x1.7085dd1f30cb4p-349,0x1.47054bf4ad339p-79,2.11332167869337051e-24
20,65,0x1.161bc63e693a3p-80,0x1.7085dd1f30cb4p-349,0x1.161bc63e693a4p-80,8.98617008528991135e-25
20,66,0x1.d8c5e3860ebb2p-82,0x1.7085dd1f30cb4p-349,0x1.d8c5e3860ebb3p-82,3.81902990437634502e-25
20,67,0x1.91a2f4906b22bp-83,0x1.7085dd1f30cb4p-349,0x1.91a2f4906b22cp-83,1.62219708348877458e-25
20,68,0x1.5506df9fe7079p-84,0x1.7085dd1f30cb4p-349,0x1.5506df9fe707ap-84,6.88698238441647806e-26
20,69,0x1.216a4a04169fdp-85,0x1.7085dd1f30cb4p-349,0x1.216a4a04169fep-85,2.92234662735711141e-26
20,70,0x1.eafaf0978f55cp-87,0x1.7085dd1f30cb4p-349,0x1.eafaf0978f55dp-87,1.23940835698329491e-26
20,71,0x1.a041319220045p-88,0x1.7085dd1f30cb4p-349,0x1.a041319220046p-88,5.25387247956752435e-27
20,72,0x1.60ba2ef43332dp-89,0x1.7085dd1f30cb4p-349,0x1.60ba2ef43332ep-89,2.22602208461066716e-27
20,73,0x1.2abfb1e9a3083p-90,0x1.7085dd1f30cb4p-349,0x1.2abfb1e9a3084p-90,9.42685021969675505e-28
20,74,0x1.f9d0f8c7db80ep-92,0x1.7085dd1f30cb4p-349,0x1.f9d0f8c7db80fp-92,3.99018701210768323e-28
20,75,0x1.abff5b542a091p-93,0x1.7085dd1f30cb4p-349,0x1.abff5b542a092p-93,1.68815242638359826e-28
20,76,0x1.69faab7d51ebap-94,0x1.7085dd1f30cb4p-349,0x1.69faab7d51ebbp-94,7.13878057481716055e-29
20,77,0x1.32001ea207a75p-95,0x1.7085dd1f30cb4p-349,0x1.32001ea207a76p-95,3.01739757160129202e-29
20,78,0x1.028efa287a4d5p-96,0x1.7085dd1f30cb4p-349,0x1.028efa287a4d6p-96,1.27479184999486417e-29
20,79,0x1.b4be2f71e66dp-98,0x1.7085dd1f30cb4p-349,0x1.b4be2f71e66d1p-98,5.38327200745207927e-30
20,80,0x1.70b17b6f2cf1fp-99,0x1.7085dd1f30cb4p-349,0x1.70b17b6f2cf2p-99,2.27224783021623145e-30
20,81,0x1.371b3b4ba1d07p-100,0x1.7085dd1f30cb4p-349,0x1.371b3b4ba1d08p-100,9.58670529063292448e-31
20,82,0x1.0665a0582f444p-101,0x1.7085dd1f30cb4p-349,0x1.0665a0582f445p-101,4.04286557662664299e-31
20,83,0x1.ba6eaf824b8dfp-103,0x1.7085dd1f30cb4p-349,0x1.ba6eaf824b8ep-103,1.70418748237414001e-31
20,84,0x1.74d5621947e3ap-104,0x1.7085dd1f30cb4p-349,0x1.74d5621947e3bp-104,7.18051256074347773e-32
20,85,0x1.3a0c123da340ep-105,0x1.7085dd1f30cb4p-349,0x1.3a0c123da340fp-105,3.02416408275927568e-32
20,86,0x1.086a98d50fd7fp-106,0x1.7085dd1f30cb4p-349,0x1.086a98d50fd8p-106,1.27311863005666667e-32
20,87,0x1.bd11a46f92d6ap-108,0x1.7085dd1f30cb4p-349,0x1.bd11a46f92d6bp-108,5.35732219607842250e-33
20,88,0x1.766a3d8cf6701p-109,0x1.7085dd1f30cb4p-349,0x1.766a3d8cf6702p-109,2.25342832305946093e-33
20,89,0x1.3ad88aae5fe66p-110,0x1.7085dd1f30cb4p-349,0x1.3ad88aae5fe67p-110,9.47454814688910395e-34
20,90,0x1.08a50a3b9f774p-111,0x1.7085dd1f30cb4p-349,0x1.08a50a3b9f775p-111,3.98193068805204066e-34
20,91,0x1.bcb6aebef47bp-113,0x1.7085dd1f30cb4p-349,0x1.bcb6aebef47b1p-113,1.67282665322022633e-34
20,92,0x1.75802734ebb0bp-114,0x1.7085dd1f30cb4p-349,0x1.75802734ebb0cp-114,7.02476549229120251e-35
20,93,0x1.39909b557248ap-115,0x1.7085dd1f30cb4p-349,0x1.39909b557248bp-115,2.94874986834130974e-35
20,94,0x1.07245d361416bp-116,0x1.7085dd1f30cb4p-349,0x1.07245d361416cp-116,1.23728796021616772e-35
20,95,0x1.b97af65da2a28p-118,0x1.7085dd1f30cb4p-349,0x1.b97af65da2a29p-118,5.18957624208346619e-36
20,96,0x1.7232477f872d2p-119,0x1.7085dd1f30cb4p-349,0x1.7232477f872d3p-119,2.17581890489963797e-36
20,97,0x1.364d3ff972039p-120,0x1.7085dd1f30cb4p-349,0x1.364d3ff97203ap-120,9.11894907248923920e-37
20,98,0x1.03ff5188b43aep-121,0x1.7085dd1f30cb4p-349,0x1.03ff5188b43afp-121,3.82031752354239540e-37
20,99,0x1.b3878e7ead906p-123,0x1.7085dd1f30cb4p-349,0x1.b3878e7ead907p-123,1.59988277525791741e-37
20,100,0x1.6ca56e25bf901p-124,0x1.7085dd1f30cb4p-349,0x1.6ca56e25bf902p-124,6.69749315962007961e-38
20,101,0x1.312f40d485f72p-125,0x1.7085dd1f30cb4p-349,0x1.312f40d485f73p-125,2.80267775977265510e-38
20,102,0x1.fea5defad7a73p-127,0x1.7085dd1f30cb4p-349,0x1.fea5defad7a74p-127,1.17239015872585837e-38
20,103,0x1.ab0fa2eae963ap-128,0x1.7085dd1f30cb4p-349,0x1.ab0fa2eae963bp-128,4.90242076772265157e-39
20,104,0x1.650681120cdfbp-129,0x1.7085dd1f30cb4p-349,0x1.650681120cdfcp-129,2.04922533682187722e-39
20,105,0x1.2a5ddaf1c780cp-130,0x1.7085dd1f30cb4p-349,0x1.2a5ddaf1c780dp-130,8.56270211732568184e-40
20,106,0x1.f282c4b7a270bp-132,0x1.7085dd1f30cb4p-349,0x1.f282c4b7a270cp-132,3.57663968431672894e-40
20,107,0x1.a04e83f0e10b7p-133,0x1.7085dd1f30cb4p-349,0x1.a04e83f0e10b8p-133,1.49342704758156469e-40
20,108,0x1.5b88d38c990d2p-134,0x1.7085dd1f30cb4p-349,0x1.5b88d38c990d3p-134,6.23359398783994511e-41
20,109,0x1.2205582cf4d68p-135,0x1.7085dd1f30cb4p-349,0x1.2205582cf4d69p-135,2.60099717853515421e-41
20,110,0x1.e3e190288d0c2p-137,0x1.7085dd1f30cb4p-349,0x1.e3e190288d0c3p-137,1.08489896105474876e-41
20,111,0x1.9385a50b4fefbp-138,0x1.7085dd1f30cb4p-349,0x1.9385a50b4fefcp-138,4.52363862767964585e-42
20,112,0x1.5064763c6462dp-139,0x1.7085dd1f30cb4p-349,0x1.5064763c6462ep-139,1.88554477743935245e-42
20,113,0x1.1855a472bfdd8p-140,0x1.7085dd1f30cb4p-349,0x1.1855a472bfdd9p-140,7.85664722286609167e-43
20,114,0x1.d31402930f94cp-142,0x1.7085dd1f30cb4p-349,0x1.d31402930f94dp-142,3.27257957164773417e-43
20,115,0x1.84faa083edccdp-143,0x1.7085dd1f30cb4p-349,0x1.84faa083edccep-143,1.36268922961910411e-43
20,116,0x1.43d48ee5830d6p-144,0x1.7085dd1f30cb4p-349,0x1.43d48ee5830d7p-144,5.67228637122657368e-44
20,117,0x1.0d80ec626b268p-145,0x1.7085dd1f30cb4p-349,0x1.0d80ec626b269p-145,2.36034369084757691e-44
20,118,0x1.c06f171ee017fp-147,0x1.7085dd1f30cb4p-349,0x1.c06f171ee018p-147,9.81859063501674151e-45
20,119,0x1.74f54ffd9f762p-148,0x1.7085dd1f30cb4p-349,0x1.74f54ffd9f763p-148,4.08301426187997950e-45
20,120,0x1.3615c4bb04c04p-149,0x1.7085dd1f30cb4p-349,0x1.3615c4bb04c05p-149,1.69735031531613006e-45
20,121,0x1.01ba4fa308497p-150,0x1.7085dd1f30cb4p-349,0x1.01ba4fa308498p-150,7.05378005959687116e-46
20,122,0x1.ac48dc48ad2cap-152,0x1.7085dd1f30cb4p-349,0x1.ac48dc48ad2cbp-152,2.93044222685656376e-46
20,123,0x1.63be071bb45e4p-153,0x1.7085dd1f30cb4p-349,0x1.63be071bb45e5p-153,1.21704378180692887e-46
20,124,0x1.2764cbc6f3983p-154,0x1.7085dd1f30cb4p-349,0x1.2764cbc6f3984p-154,5.05291487274835497e-47
20,125,0x1.ea695e80b20a2p-156,0x1.7085dd1f30cb4p-349,0x1.ea695e80b20a3p-156,2.09720770114327275e-47
20,126,0x1.96f67f6e8d171p-157,0x1.7085dd1f30cb4p-349,0x1.96f67f6e8d172p-157,8.70172823366615102e-48
20,127,0x1.519bfa989444fp-158,0x1.7085dd1f30cb4p-349,0x1.519bfa989445p-158,3.60940081161852088e-48
20,128,0x1.17fd1779056a2p-159,0x1.7085dd1f30cb4p-349,0x1.17fd1779056a3p-159,1.49668750931333485e-48
20,129,0x1.d0433ca69571cp-161,0x1.7085dd1f30cb4p-349,0x1.d0433ca69571dp-161,6.20432405824624519e-49
20,130,0x1.80ca94225deb1p-162,0x1.7085dd1f30cb4p-349,0x1.80ca94225deb2p-162,2.57114167115262812e-49
20,131,0x1.3ed3db3558fecp-163,0x1.7085dd1f30cb4p-349,0x1.3ed3db3558fedp-163,1.06518882575871772e-49
20,132,0x1.0817b9fdbcaa5p-164,0x1.7085dd1f30cb4p-349,0x1.0817b9fdbcaa6p-164,4.41160999984178324e-50
20,133,0x1.b560f26549b04p-166,0x1.7085dd1f30cb4p-349,0x1.b560f26549b05p-166,1.82657867302447942e-50
20,134,0x1.6a139d8e884aep-167,0x1.7085dd1f30cb4p-349,0x1.6a139d8e884afp-167,7.56051265602290244e-51
20,135,0x1.2ba6a91f69306p-168,0x1.7085dd1f30cb4p-349,0x1.2ba6a91f69307p-168,3.12850260367638891e-51
20,136,0x1.efd4e75e311bep-170,0x1.7085dd1f30cb4p-349,0x1.efd4e75e311bfp-170,1.29418100652844949e-51
20,137,0x1.9a1b4aff1c489p-171,0x1.7085dd1f30cb4p-349,0x1.9a1b4aff1c48ap-171,5.35214102971474082e-52
20,138,0x1.531add14c923dp-172,0x1.7085dd1f30cb4p-349,0x1.531add14c923ep-172,2.21276295355291290e-52
20,139,0x1.1850c1d481666p-173,0x1.7085dd1f30cb4p-349,0x1.1850c1d481667p-173,9.14571854004281666e-53
20,140,0x1.cf4de7a6036adp-175,0x1.7085dd1f30cb4p-349,0x1.cf4de7a6036aep-175,3.77900215343909334e-53
20,141,0x1.7ec3f74f80095p-176,0x1.7085dd1f30cb4p-349,0x1.7ec3f74f80096p-176,1.56103836113450658e-53
20,142,0x1.3c23667ede116p-177,0x1.7085dd1f30cb4p-349,0x1.3c23667ede117p-177,6.44655796456978988e-54
20,143,0x1.05092844cb2b1p-178,0x1.7085dd1f30cb4p-349,0x1.05092844cb2b2p-178,2.66146543885794174e-54
20,144,0x1.aef49403865ddp-180,0x1.7085dd1f30cb4p-349,0x1.aef49403865dep-180,1.09848245684826644e-54
20,145,0x1.63a4b1f0a8c4dp-181,0x1.7085dd1f30cb4p-349,0x1.63a4b1f0a8c4ep-181,4.53258022752967402e-55
20,146,0x1.256977afd6a0ap-182,0x1.7085dd1f30cb4p-349,0x1.256977afd6a0bp-182,1.86972902397038158e-55
20,147,0x1.e4020a05af18ap-184,0x1.7085dd1f30cb4p-349,0x1.e4020a05af18bp-184,7.71069174644922181e-56
20,148,0x1.8f190c03882ddp-185,0x1.7085dd1f30cb4p-349,0x1.8f190c03882dep-185,3.17899769981507421e-56
20,149,0x1.48feb03e1dc0ep-186,0x1.7085dd1f30cb4p-349,0x1.48feb03e1dc0fp-186,1.31029769238328214e-56
20,150,0x1.0f220fcc451a4p-187,0x1.7085dd1f30cb4p-349,0x1.0f220fcc451a5p-187,5.39924843078416415e-57
20,151,0x1.bec6b582a8c2p-189,0x1.7085dd1f30cb4p-349,0x1.bec6b582a8c21p-189,2.22423613019748378e-57
20,152,0x1.70010553a502ep-190,0x1.7085dd1f30cb4p-349,0x1.70010553a502fp-190,9.16037774684085675e-58
20,153,0x1.2f0a59ff29bf2p-191,0x1.7085dd1f30cb4p-349,0x1.2f0a59ff29bf3p-191,3.77165052285351059e-58
20,154,0x1.f2f580952249ep-193,0x1.7085dd1f30cb4p-349,0x1.f2f580952249fp-193,1.55251471905427835e-58
20,155,0x1.9aa9d45ead078p-194,0x1.7085dd1f30cb4p-349,0x1.9aa9d45ead079p-194,6.38891148018364112e-59
20,156,0x1.51e7aee1382adp-195,0x1.7085dd1f30cb4p-349,0x1.51e7aee1382aep-195,2.62848506675966854e-59
20,157,0x1.15f7401ab4db1p-196,0x1.7085dd1f30cb4p-349,0x1.15f7401ab4db2p-196,1.08111597277117008e-59
20,158,0x1.c9336290f51c9p-198,0x1.7085dd1f30cb4p-349,0x1.c9336290f51cap-198,4.44557356676801908e-60
20,159,0x1.77e87ee55c72ep-199,0x1.7085dd1f30cb4p-349,0x1.77e87ee55c72fp-199,1.82756436428407846e-60
20,160,0x1.34fdd7656dba6p-200,0x1.7085dd1f30cb4p-349,0x1.34fdd7656dba7p-200,7.51116893746651211e-61
20,161,0x1.fbd893995893bp-202,0x1.7085dd1f30cb4p-349,0x1.fbd893995893cp-202,3.08626311560554176e-61
20,162,0x1.a13ba3b00f41cp-203,0x1.7085dd1f30cb4p-349,0x1.a13ba3b00f41dp-203,1.26779644750975372e-61
20,163,0x1.56b3c609d39b5p-204,0x1.7085dd1f30cb4p-349,0x1.56b3c609d39b6p-204,5.20664374722008958e-62
20,164,0x1.196a4cc4aec5dp-205,0x1.7085dd1f30cb4p-349,0x1.196a4cc4aec5ep-205,2.13775793448196725e-62
20,165,0x1.ce101ebf6f8e2p-207,0x1.7085dd1f30cb4p-349,0x1.ce101ebf6f8e3p-207,8.77510045319979434e-63
20,166,0x1.7b3e5953c8669p-208,0x1.7085dd1f30cb4p-349,0x1.7b3e5953c866ap-208,3.60113282616279152e-63
20,167,0x1.37314f13a101bp-209,0x1.7085dd1f30cb4p-349,0x1.37314f13a101cp-209,1.47747526871653612e-63
20,168,0x1.fe94d2efff7c7p-211,0x1.7085dd1f30cb4p-349,0x1.fe94d2efff7c8p-211,6.06032467294533767e-64
20,169,0x1.a2c2b2bb6239bp-212,0x1.7085dd1f30cb4p-349,0x1.a2c2b2bb6239cp-212,2.48523067143084884e-64
20,170,0x1.575eb3013a3adp-213,0x1.7085dd1f30cb4p-349,0x1.575eb3013a3aep-213,1.01890385210526786e-64
20,171,0x1.197c1c93f4bdap-214,0x1.7085dd1f30cb4p-349,0x1.197c1c93f4bdbp-214,4.17634077010894142e-65
20,172,0x1.cd658ae18c5bap-216,0x1.7085dd1f30cb4p-349,0x1.cd658ae18c5bbp-216,1.71141529359479169e-65
20,173,0x1.7a0f76daf7c73p-217,0x1.7085dd1f30cb4p-349,0x1.7a0f76daf7c74p-217,7.01151994115886383e-66
20,174,0x1.35b40841e5319p-218,0x1.7085dd1f30cb4p-349,0x1.35b40841e531ap-218,2.87188300872397348e-66
20,175,0x1.fb4af11696fa6p-220,0x1.7085dd1f30cb4p-349,0x1.fb4af11696fa7p-220,1.17603334744521608e-66
20,176,0x1.9f6000ecaf64bp-221,0x1.7085dd1f30cb4p-349,0x1.9f6000ecaf64cp-221,4.81472361615480135e-67
20,177,0x1.5408853875cdap-222,0x1.7085dd1f30cb4p-349,0x1.5408853875cdbp-222,1.97070866240892942e-67
20,178,0x1.164b03e26482p-223,0x1.7085dd1f30cb4p-349,0x1.164b03e264821p-223,8.06442352520908065e-68
20,179,0x1.c76be91b7e353p-225,0x1.7085dd1f30cb4p-349,0x1.c76be91b7e354p-225,3.29932094576571382e-68
20,180,0x1.748f3998b2725p-226,0x1.7085dd1f30cb4p-349,0x1.748f3998b2726p-226,1.34951160866581726e-68
20,181,0x1.30b45f1302f5bp-227,0x1.7085dd1f30cb4p-349,0x1.30b45f1302f5cp-227,5.51861370310703079e-69
20,182,0x1.f24dc0783c2ecp-229,0x1.7085dd1f30cb4p-349,0x1.f24dc0783c2edp-229,2.25623927746829423e-69
20,183,0x1.975cebab46d56p-230,0x1.7085dd1f30cb4p-349,0x1.975cebab46d57p-230,9.22237083548398134e-70
20,184,0x1.4cf1c3dc05ecbp-231,0x1.7085dd1f30cb4p-349,0x1.4cf1c3dc05eccp-231,3.76879698832371480e-70
20,185,0x1.100f6b9427e4bp-232,0x1.7085dd1f30cb4p-349,0x1.100f6b9427e4cp-232,1.53980636295383086e-70
20,186,0x1.bc8553669fb35p-234,0x1.7085dd1f30cb4p-349,0x1.bc8553669fb36p-234,6.28974647421033896e-71
20,187,0x1.6b1288f7443fcp-235,0x1.7085dd1f30cb4p-349,0x1.6b1288f7443fdp-235,2.56864621782566720e-71
20,188,0x1.287b808669c5fp-236,0x1.7085dd1f30cb4p-349,0x1.287b808669c6p-236,1.04876942873603175e-71
20,189,0x1.e41aeb12baf0bp-238,0x1.7085dd1f30cb4p-349,0x1.e41aeb12baf0cp-238,4.28115319693572413e-72
20,190,0x1.8b24fc568b09bp-239,0x1.7085dd1f30cb4p-349,0x1.8b24fc568b09cp-239,1.74721755798397702e-72
20,191,0x1.42762ccc28bccp-240,0x1.7085dd1f30cb4p-349,0x1.42762ccc28bcdp-240,7.12917225468091454e-73
20,192,0x1.07175fb2e717bp-241,0x1.7085dd1f30cb4p-349,0x1.07175fb2e717cp-241,2.90828908378843721e-73
20,193,0x1.ad363d0e7989cp-243,0x1.7085dd1f30cb4p-349,0x1.ad363d0e7989dp-243,1.18615873530144138e-73
20,194,0x1.5e0983a563a27p-244,0x1.7085dd1f30cb4p-349,0x1.5e0983a563a28p-244,4.83676793210879199e-74
20,195,0x1.1d681fbd48035p-245,0x1.7085dd1f30cb4p-349,0x1.1d681fbd48036p-245,1.97185653137021348e-74
20,196,0x1.d152153d676dp-247,0x1.7085dd1f30cb4p-349,0x1.d152153d676d1p-247,8.03717489958849447e-75
20,197,0x1.7b3e7fa90804ep-248,0x1.7085dd1f30cb4p-349,0x1.7b3e7fa90804fp-248,3.27521627720181449e-75
20,198,0x1.35068682de3d4p-249,0x1.7085dd1f30cb4p-349,0x1.35068682de3d5p-249,1.33439810963568417e-75
20,199,0x1.f782d44014e2dp-251,0x1.7085dd1f30cb4p-349,0x1.f782d44014e2ep-251,5.43550788420975622e-76
20,200,0x1.9a1ce4e90ca3p-252,0x1.7085dd1f30cb4p-349,0x1.9a1ce4e90ca31p-252,2.21362740859504735e-76
20,201,0x1.4df8669a27398p-253,0x1.7085dd1f30cb4p-349,0x1.4df8669a27399p-253,9.01319980558698204e-77
20,202,0x1.0fe894c45acd2p-254,0x1.7085dd1f30cb4p-349,0x1.0fe894c45acd3p-254,3.66913720363211413e-77
20,203,0x1.baab23ae2add8p-256,0x1.7085dd1f30cb4p-349,0x1.baab23ae2add9p-256,1.49334370856702144e-77
20,204,0x1.68427d4f634e1p-257,0x1.7085dd1f30cb4p-349,0x1.68427d4f634e2p-257,6.07668692400250185e-78
20,205,0x1.2522003773fbap-258,0x1.7085dd1f30cb4p-349,0x1.2522003773fbbp-258,2.47221133430046615e-78
20,206,0x1.dcee3c104d746p-260,0x1.7085dd1f30cb4p-349,0x1.dcee3c104d747p-260,1.00557936650849928e-78
20,207,0x1.83e85c5fd2c12p-261,0x1.7085dd1f30cb4p-349,0x1.83e85c5fd2c13p-261,4.08939933035621852e-79
20,208,0x1.3b702ea826578p-262,0x1.7085dd1f30cb4p-349,0x1.3b702ea826579p-262,1.66270603449553562e-79
20,209,0x1.0074d158bac03p-263,0x1.7085dd1f30cb4p-349,0x1.0074d158bac04p-263,6.75903320662491071e-80
20,210,0x1.a0ec54adf60ffp-265,0x1.7085dd1f30cb4p-349,0x1.a0ec54adf61p-265,2.74705409672651454e-80
20,211,0x1.52d49e2cd76e9p-266,0x1.7085dd1f30cb4p-349,0x1.52d49e2cd76eap-266,1.11625581460189227e-80
20,212,0x1.134f9370638e3p-267,0x1.7085dd1f30cb4p-349,0x1.134f9370638e4p-267,4.53497094999803477e-81
20,213,0x1.bf4f6225fc7b6p-269,0x1.7085dd1f30cb4p-349,0x1.bf4f6225fc7b7p-269,1.84204356456441461e-81
20,214,0x1.6b4fb927fc2ddp-270,0x1.7085dd1f30cb4p-349,0x1.6b4fb927fc2dep-270,7.48066580904632431e-82
20,215,0x1.27076d35502b2p-271,0x1.7085dd1f30cb4p-349,0x1.27076d35502b3p-271,3.03735764047472811e-82
20,216,0x1.df111908b4bbap-273,0x1.7085dd1f30cb4p-349,0x1.df111908b4bbbp-273,1.23301194082995233e-82
20,217,0x1.84e0c7d743fdfp-274,0x1.7085dd1f30cb4p-349,0x1.84e0c7d743fep-274,5.00443038551351489e-83
20,218,0x1.3b9b7dac86748p-275,0x1.7085dd1f30cb4p-349,0x1.3b9b7dac86749p-275,2.03075899632813577e-83
20,219,0x1.0017ca68f1506p-276,0x1.7085dd1f30cb4p-349,0x1.0017ca68f1507p-276,8.23908198230874266e-84
20,220,0x1.9f85e336f1c4bp-278,0x1.7085dd1f30cb4p-349,0x1.9f85e336f1c4cp-278,3.34207588022430242e-84
20,221,0x1.5109eff2cbaecp-279,0x1.7085dd1f30cb4p-349,0x1.5109eff2cbaedp-279,1.35541150260921580e-84
20,222,0x1.1153b47669322p-280,0x1.7085dd1f30cb4p-349,0x1.1153b47669323p-280,5.49596223098361336e-85
20,223,0x1.bb3be961191eap-282,0x1.7085dd1f30cb4p-349,0x1.bb3be961191ebp-282,2.22809833416939325e-85
20,224,0x1.674ff26d33059p-283,0x1.7085dd1f30cb4p-349,0x1.674ff26d3305ap-283,9.03115586051340063e-86
20,225,0x1.2339c9b3b0181p-284,0x1.7085dd1f30cb4p-349,0x1.2339c9b3b0182p-284,3.65991512983604615e-86
20,226,0x1.d7fe738e37ebcp-286,0x1.7085dd1f30cb4p-349,0x1.d7fe738e37ebdp-286,1.48291994830471472e-86
20,227,0x1.7e69af4e635ecp-287,0x1.7085dd1f30cb4p-349,0x1.7e69af4e635edp-287,6.00736105837088641e-87
20,228,0x1.35c6b8e83b84cp-288,0x1.7085dd1f30cb4p-349,0x1.35c6b8e83b84dp-288,2.43315297369854130e-87
20,229,0x1.f5c7cdd9f42b7p-290,0x1.7085dd1f30cb4p-349,0x1.f5c7cdd9f42b8p-290,9.85314919564135251e-88
20,230,0x1.9652468b65bfp-291,0x1.7085dd1f30cb4p-349,0x1.9652468b65bf1p-291,3.98933935035471106e-88
20,231,0x1.48f65c35a53b5p-292,0x1.7085dd1f30cb4p-349,0x1.48f65c35a53b6p-292,1.61490689574396890e-88
20,232,0x1.0a487875d470ap-293,0x1.7085dd1f30cb4p-349,0x1.0a487875d470bp-293,6.53604283801243028e-89
20,233,0x1.af03c958396d9p-295,0x1.7085dd1f30cb4p-349,0x1.af03c958396dap-295,2.64486486758547873e-89
20,234,0x1.5cc3b5ee252cbp-296,0x1.7085dd1f30cb4p-349,0x1.5cc3b5ee252ccp-296,1.07007343892423619e-89
20,235,0x1.1a28becf745dap-297,0x1.7085dd1f30cb4p-349,0x1.1a28becf745dcp-297,4.32858030020694648e-90
20,236,0x1.c877374186e36p-299,0x1.7085dd1f30cb4p-349,0x1.c877374186e3cp-299,1.75065056299996273e-90
20,237,0x1.7128eeb809d32p-300,0x1.7085dd1f30cb4p-349,0x1.7128eeb809d3ep-300,7.07906412587063860e-91
20,238,0x1.2a7fdd621e48ep-301,0x1.7085dd1f30cb4p-349,0x1.2a7fdd621e4a6p-301,2.86203477805176194e-91
20,239,0x1.e2a47cf59fc1cp-303,0x1.7085dd1f30cb4p-349,0x1.e2a47cf59fc79p-303,1.15690297782782884e-91
20,240,0x1.861f550bbac97p-304,0x1.7085dd1f30cb4p-349,0x1.861f550bbad5p-304,4.67565254520255929e-92
20,241,0x1.3b484a8717a15p-305,0x1.7085dd1f30cb4p-349,0x1.3b484a8717b86p-305,1.88934412443781611e-92
20,242,0x1.fd8274cb8f6f1p-307,0x1.7085dd1f30cb4p-349,0x1.fd8274cb8fcb4p-307,7.63314886967873243e-93
20,243,0x1.9b9f5e170bf25p-308,0x1.7085dd1f30cb4p-349,0x1.9b9f5e170caaap-308,3.08333354109566154e-93
20,244,0x1.4c7bd09d1d258p-309,0x1.7085dd1f30cb4p-349,0x1.4c7bd09d1e961p-309,1.24526468129926091e-93
20,245,0x1.0c837489aeacfp-310,0x1.7085dd1f30cb4p-349,0x1.0c837489b18ep-310,5.02837315884627115e-94
20,246,0x1.b1a0a80db7a8fp-312,0x1.7085dd1f30cb4p-349,0x1.b1a0a80dc32d2p-312,2.03010391451140799e-94
20,247,0x1.5e139040348f3p-313,0x1.7085dd1f30cb4p-349,0x1.5e1390404b979p-313,8.19472248568658466e-95
20,248,0x1.1a934c1b66b66p-314,0x1.7085dd1f30cb4p-349,0x1.1a934c1b94c72p-314,3.30731618813529649e-95
20,249,0x1.c819fdebbaf47p-316,0x1.7085dd1f30cb4p-349,0x1.c819fdec73376p-316,1.33457484510349310e-95
20,250,0x1.700803a7b7c71p-317,0x1.7085dd1f30cb4p-349,0x1.700803a9284cfp-317,5.38438582008209364e-96
20,251,0x1.28ea9d56cf7a1p-318,0x1.7085dd1f30cb4p-349,0x1.28ea9d59b085dp-318,2.17197935370853797e-96
20,252,0x1.df015caa76ed8p-320,0x1.7085dd1f30cb4p-349,0x1.df015cb5fb1c7p-320,8.75995267443371755e-97
20,253,0x1.825103299effep-321,0x1.7085dd1f30cb4p-349,0x1.82510340a75dcp-321,3.53243870492585883e-97
20,254,0x1.3782c55f955b2p-322,0x1.7085dd1f30cb4p-349,0x1.3782c58da616dp-322,1.42421178968988367e-97
20,255,0x1.f64bf9dc78f4ap-324,0x1.7085dd1f30cb4p-349,0x1.f64bfa94bbe33p-324,5.74118900294717916e-98
20,256,0x1.94e5caccb3a72p-325,0x1.7085dd1f30cb4p-349,0x1.94e5cc3d39844p-325,2.31396453036043642e-98
20,257,0x1.4654a6df8fc08p-326,0x1.7085dd1f30cb4p-349,0x1.4654a9c09b7acp-326,9.32479732199019122e-99
20,258,0x1.06f7258b5a2c9p-327,0x1.7085dd1f30cb4p-349,0x1.06f72b4d71a11p-327,3.75707819973450062e-99
20,259,0x1.a7bcffc990a66p-329,0x1.7085dd1f30cb4p-349,0x1.a7bd16d1ee786p-329,1.51352472083665479e-99
20,260,0x1.5558ad421c765p-330,0x1.7085dd1f30cb4p-349,0x1.5558db52d81a4p-330,6.09617855436140048e-100
20,261,0x1.12ee030c8798cp-331,0x1.7085dd1f30cb4p-349,0x1.12ee5f2dfee09p-331,2.45502208041069273e-100
20,262,0x1.bacca6bc4a076p-333,0x1.7085dd1f30cb4p-349,0x1.bace17422726ap-333,9.88516758308385012e-101
20,263,0x1.6486b1c2a465fp-334,0x1.7085dd1f30cb4p-349,0x1.648992ce5ea46p-334,3.97966551298964358e-101
20,264,0x1.1f03d6a376957p-335,0x1.7085dd1f30cb4p-349,0x1.1f0998baeb124p-335,1.60195423903548164e-101
20,265,0x1.ce093f07d5e0ap-337,0x1.7085dd1f30cb4p-349,0x1.ce204765a7d3bp-337,6.44780631597529020e-102
20,266,0x1.73d446019ff88p-338,0x1.7085dd1f30cb4p-349,0x1.740256bd43deap-338,2.59522553669454516e-102
20,267,0x1.2b2e10f425f93p-339,0x1.7085dd1f30cb4p-349,0x1.2b8a326b6dc57p-339,1.04483108820504272e-102
20,268,0x1.e159cb9ccdf13p-341,0x1.7085dd1f30cb4p-349,0x1.e2ca5179ed22p-341,4.21007714906227658e-103
20,269,0x1.831e9ef12a4eep-342,0x1.7085dd1f30cb4p-349,0x1.85ffaaab68b08p-342,1.70045316461877511e-103
20,270,0x1.3735e88752407p-343,0x1.7085dd1f30cb4p-349,0x1.3cf7fffbcf03ap-343,6.91015785970607634e-104
20,271,0x1.f40545ec280f8p-345,0x1.7085dd1f30cb4p-349,0x1.0586d1df0d8e2p-344,2.85073902005613908e-104
20,272,0x1.9123bfb75afbp-346,0x1.7085dd1f30cb4p-349,0x1.bf347b5b41147p-346,1.21867581517260299e-104
20,273,0x1.40e748d16ac4dp-347,0x1.7085dd1f30cb4p-349,0x1.9d08c01936f7ap-347,5.62778545939018730e-105
20,274,0x1.fe60d80806f2bp-349,0x1.7085dd1f30cb4p-349,0x1.b7735a939bdfp-348,2.99386081606515688e-105
20,275,0x1.90c3fe5dd661fp-350,0x1.7085dd1f30cb4p-349,0x1.1c73ee270dfe2p-348,1.93790211686890422e-105
20,276,0x1.325e0d0b1b96fp-351,0x1.7085dd1f30cb4p-349,0x1.bd1d6061f7b1p-349,1.51622459034096431e-105
20,277,0x1.ba2da8f430c64p-353,0x1.7085dd1f30cb4p-349,0x1.8c28b7ae73d7bp-349,1.34946346951454461e-105
20,278,0x1.180efa4f4dfb2p-354,0x1.7085dd1f30cb4p-349,0x1.794654f1ab3b2p-349,1.28513653160088468e-105
20,279,0x1.f30358301c702p-357,0x1.7085dd1f30cb4p-349,0x1.7278e07760e7cp-349,1.26196451467941572e-105
20,280,0x0p+0,0x1.7085dd1f30cb4p-349,0x1.7085dd1f30cb4p-349,1.25532458471748857e-105
21,0,0x1.0d7f9c4cc41a4p-2,0x1.647a8da5a2d17p-337,0x1.0d7f9c4cc41a5p-2,2.63182108102251456e-01
21,1,0x1.e3e3a2d4a652ep-4,0x1.647a8da5a2d17p-337,0x1.e3e3a2d4a652fp-4,1.18137012536313022e-01
21,2,0x1.b6f41e99ee106p-5,0x1.647a8da5a2d17p-337,0x1.b6f41e99ee107p-5,5.35832021409437462e-02
21,3,0x1.92e4d469cdf7p-6,0x1.647a8da5a2d17p-337,0x1.92e4d469cdf71p-6,2.45906900738356895e-02
21,4,0x1.749dcf2484d96p-7,0x1.647a8da5a2d17p-337,0x1.749dcf2484d97p-7,1.13713513792735155e-02
21,5,0x1.59c04605b4de8p-8,0x1.647a8da5a2d17p-337,0x1.59c04605b4de9p-8,5.27574262169448142e-03
21,6,0x1.40f828a38095ap-9,0x1.647a8da5a2d17p-337,0x1.40f828a38095bp-9,2.44880195691725206e-03
21,7,0x1.29a5c965aaa04p-10,0x1.647a8da5a2d17p-337,0x1.29a5c965aaa05p-10,1.13543550234374122e-03
21,8,0x1.138843b172ae4p-11,0x1.647a8da5a2d17p-337,0x1.138843b172ae5p-11,5.25536123114758573e-04
21,9,0x1.fd13bb4b98d02p-13,0x1.647a8da5a2d17p-337,0x1.fd13bb4b98d03p-13,2.42746866535893750e-04
21,10,0x1.d54c19a623cb1p-14,0x1.647a8da5a2d17p-337,0x1.d54c19a623cb2p-14,1.11889187424762585e-04
21,11,0x1.afbae9c3d95fdp-15,0x1.647a8da5a2d17p-337,0x1.afbae9c3d95fep-15,5.14662420119486739e-05
21,12,0x1.8c616694e3454p-16,0x1.647a8da5a2d17p-337,0x1.8c616694e3455p-16,2.36261172009043335e-05
21,13,0x1.6b3cb931067f5p-17,0x1.647a8da5a2d17p-337,0x1.6b3cb931067f6p-17,1.08253121613894996e-05
21,14,0x1.4c44e6a141daep-18,0x1.647a8da5a2d17p-337,0x1.4c44e6a141dafp-18,4.95119607647009639e-06
21,15,0x1.2f6d0cbc61681p-19,0x1.647a8da5a2d17p-337,0x1.2f6d0cbc61682p-19,2.26069968628750177e-06
21,16,0x1.14a423a8c1ce5p-20,0x1.647a8da5a2d17p-337,0x1.14a423a8c1ce6p-20,1.03056866346419425e-06
21,17,0x1.f7abc74103fa9p-22,0x1.647a8da5a2d17p-337,0x1.f7abc74103faap-22,4.69080180976774341e-07
21,18,0x1.c9d74665bd8ap-23,0x1.647a8da5a2d17p-337,0x1.c9d74665bd8a1p-23,2.13198791225177263e-07
21,19,0x1.9f9a388ed08f1p-24,0x1.647a8da5a2d17p-337,0x1.9f9a388ed08f2p-24,9.67649802343468190e-08
21,20,0x1.78c22572a798dp-25,0x1.647a8da5a2d17p-337,0x1.78c22572a798ep-25,4.38604485137791575e-08
21,21,0x1.551bba41bc975p-26,0x1.647a8da5a2d17p-337,0x1.551bba41bc976p-26,1.98551168899853581e-08
21,22,0x1.3473a5756d361p-27,0x1.647a8da5a2d17p-337,0x1.3473a5756d362p-27,8.97712724543428392e-09
21,23,0x1.16974427ae231p-28,0x1.647a8da5a2d17p-337,0x1.16974427ae232p-28,4.05403092318420931e-09
21,24,0x1.f6aa505e32d81p-30,0x1.647a8da5a2d17p-337,0x1.f6aa505e32d82p-30,1.82868566777979034e-09
21,25,0x1.c4fafb1c43c84p-31,0x1.647a8da5a2d17p-337,0x1.c4fafb1c43c85p-31,8.23966536956079977e-10
21,26,0x1.97c4a9d15636fp-32,0x1.647a8da5a2d17p-337,0x1.97c4a9d15637p-32,3.70863032196935618e-10
21,27,0x1.6eafafb331fd2p-33,0x1.647a8da5a2d17p-337,0x1.6eafafb331fd3p-33,1.66749612034871610e-10
21,28,0x1.4968d67ac9da4p-34,0x1.647a8da5a2d17p-337,0x1.4968d67ac9da5p-34,7.48990539022141891e-11
21,29,0x1.27a185b9ac827p-35,0x1.647a8da5a2d17p-337,0x1.27a185b9ac828p-35,3.36093474670599512e-11
21,30,0x1.090fd2a604939p-36,0x1.647a8da5a2d17p-337,0x1.090fd2a60493ap-36,1.50670193756434256e-11
21,31,0x1.dadcfa433919fp-38,0x1.647a8da5a2d17p-337,0x1.dadcfa43391ap-38,6.74821185532539145e-12
21,32,0x1.a8f9bbeb996cp-39,0x1.647a8da5a2d17p-337,0x1.a8f9bbeb996c1p-39,3.01963271231192878e-12
21,33,0x1.7bfd9328e43c5p-40,0x1.647a8da5a2d17p-337,0x1.7bfd9328e43c6p-40,1.34999754212585642e-12
21,34,0x1.5378d43eeb3c1p-41,0x1.647a8da5a2d17p-337,0x1.5378d43eeb3c2p-41,6.03023388758464149e-13
21,35,0x1.2f042600b3d4fp-42,0x1.647a8da5a2d17p-337,0x1.2f042600b3d5p-42,2.69132453990166083e-13
21,36,0x1.0e401fe7ec642p-43,0x1.647a8da5a2d17p-337,0x1.0e401fe7ec643p-43,1.20015325165111723e-13
21,37,0x1.e1a9c46372282p-45,0x1.647a8da5a2d17p-337,0x1.e1a9c46372283p-45,5.34753522463233074e-14
21,38,0x1.ace35519c5655p-46,0x1.647a8da5a2d17p-337,0x1.ace35519c5656p-46,2.38080675886790532e-14
21,39,0x1.7d98ced581e98p-47,0x1.647a8da5a2d17p-337,0x1.7d98ced581e99p-47,1.05914417801884428e-14
21,40,0x1.53429738dded1p-48,0x1.647a8da5a2d17p-337,0x1.53429738dded2p-48,4.70817995655125861e-15
21,41,0x1.2d64c71c52269p-49,0x1.647a8da5a2d17p-337,0x1.2d64c71c5226ap-49,2.09133865216510294e-15
21,42,0x1.0b8e5a518daccp-50,0x1.647a8da5a2d17p-337,0x1.0b8e5a518dacdp-50,9.28271576452956662e-16
21,43,0x1.dab0cc8c81d88p-52,0x1.647a8da5a2d17p-337,0x1.dab0cc8c81d89p-52,4.11728482182942222e-16
21,44,0x1.a4cab16499d1dp-53,0x1.647a8da5a2d17p-337,0x1.a4cab16499d1ep-53,1.82489340176474105e-16
21,45,0x1.74c07e4c4deaep-54,0x1.647a8da5a2d17p-337,0x1.74c07e4c4deafp-54,8.08276898440338995e-17
21,46,0x1.49f8300cc0152p-55,0x1.647a8da5a2d17p-337,0x1.49f8300cc0153p-55,3.57753630519684673e-17
21,47,0x1.23e65a8c30fb5p-56,0x1.647a8da5a2d17p-337,0x1.23e65a8c30fb6p-56,1.58239209033689780e-17
21,48,0x1.020cf203cb39fp-57,0x1.647a8da5a2d17p-337,0x1.020cf203cb3ap-57,6.99447465693580529e-18
21,49,0x1.c7f44fd6d92bap-59,0x1.647a8da5a2d17p-337,0x1.c7f44fd6d92bbp-59,3.08966680941356278e-18
21,50,0x1.928eb6a4d0c27p-60,0x1.647a8da5a2d17p-337,0x1.928eb6a4d0c28p-60,1.36391777600032188e-18
21,51,0x1.63303857161cbp-61,0x1.647a8da5a2d17p-337,0x1.63303857161ccp-61,6.01712486265322379e-19
21,52,0x1.393281da967ap-62,0x1.647a8da5a2d17p-337,0x1.393281da967a1p-62,2.65288426934892456e-19
21,53,0x1.14001b9686731p-63,0x1.647a8da5a2d17p-337,0x1.14001b9686732p-63,1.16890725004294017e-19
21,54,0x1.e625b2e8df10bp-65,0x1.647a8da5a2d17p-337,0x1.e625b2e8df10cp-65,5.14728434311656370e-20
21,55,0x1.abe4d58af559p-66,0x1.647a8da5a2d17p-337,0x1.abe4d58af5591p-66,2.26525135732697885e-20
21,56,0x1.7866107b4b25ap-67,0x1.647a8da5a2d17p-337,0x1.7866107b4b25bp-67,9.96319033991952883e-21
21,57,0x1.4ae87c6e1f023p-68,0x1.647a8da5a2d17p-337,0x1.4ae87c6e1f024p-68,4.37953288163283315e-21
21,58,0x1.22bfa2e08de5p-69,0x1.647a8da5a2d17p-337,0x1.22bfa2e08de51p-69,1.92401270179497566e-21
21,59,0x1.fea2f1fc15212p-71,0x1.647a8da5a2d17p-337,0x1.fea2f1fc15213p-71,8.44777233819409074e-22
21,60,0x1.c02910ef4b015p-72,0x1.647a8da5a2d17p-337,0x1.c02910ef4b016p-72,3.70709606315182612e-22
21,61,0x1.891c85e655146p-73,0x1.647a8da5a2d17p-337,0x1.891c85e655147p-73,1.62587071832552734e-22
21,62,0x1.58a2f9b4b4c5bp-74,0x1.647a8da5a2d17p-337,0x1.58a2f9b4b4c5cp-74,7.12691831702424567e-23
21,63,0x1.2dfa18f0f5f3bp-75,0x1.647a8da5a2d17p-337,0x1.2dfa18f0f5f3cp-75,3.12236840935346863e-23
21,64,0x1.087514f9ca6adp-76,0x1.647a8da5a2d17p-337,0x1.087514f9ca6aep-76,1.36721246159032425e-23
21,65,0x1.cef4c48c4f584p-78,0x1.647a8da5a2d17p-337,0x1.cef4c48c4f585p-78,5.98356766103830265e-24
21,66,0x1.95035dacc0b55p-79,0x1.647a8da5a2d17p-337,0x1.95035dacc0b56p-79,2.61733612460293415e-24
21,67,0x1.622417e2045a1p-80,0x1.647a8da5a2d17p-337,0x1.622417e2045a2p-80,1.14429125219423301e-24
21,68,0x1.35808d53b579dp-81,0x1.647a8da5a2d17p-337,0x1.35808d53b579ep-81,5.00027701919006271e-25
21,69,0x1.0e5ad606215ffp-82,0x1.647a8da5a2d17p-337,0x1.0e5ad606216p-82,2.18390891050203373e-25
21,70,0x1.d815b71c5758dp-84,0x1.647a8da5a2d17p-337,0x1.d815b71c5758ep-84,9.53367712321074407e-26
21,71,0x1.9bf7e6177ae47p-85,0x1.647a8da5a2d17p-337,0x1.9bf7e6177ae48p-85,4.15981733360869567e-26
21,72,0x1.67556d9fb45fep-86,0x1.647a8da5a2d17p-337,0x1.67556d9fb45ffp-86,1.81417159037330047e-26
21,73,0x1.394633386c068p-87,0x1.647a8da5a2d17p-337,0x1.394633386c069p-87,7.90815308899412354e-27
21,74,0x1.10fd5bd647f1p-88,0x1.647a8da5a2d17p-337,0x1.10fd5bd647f11p-88,3.44561420975526835e-27
21,75,0x1.db8c709f3b083p-90,0x1.647a8da5a2d17p-337,0x1.db8c709f3b084p-90,1.50056677570188400e-27
21,76,0x1.9e030cbfb93bdp-91,0x1.647a8da5a2d17p-337,0x1.9e030cbfb93bep-91,6.53195625369553415e-28
21,77,0x1.6845fb86c0774p-92,0x1.647a8da5a2d17p-337,0x1.6845fb86c0775p-92,2.84205576184025012e-28
21,78,0x1.395e436a054a9p-93,0x1.647a8da5a2d17p-337,0x1.395e436a054aap-93,1.23601967333022346e-28
21,79,0x1.10729f9868f99p-94,0x1.647a8da5a2d17p-337,0x1.10729f9868f9ap-94,5.37308442252850528e-29
21,80,0x1.d9881787024bcp-96,0x1.647a8da5a2d17p-337,0x1.d9881787024bdp-96,2.33469108578723739e-29
21,81,0x1.9b5564ee108cdp-97,0x1.647a8da5a2d17p-337,0x1.9b5564ee108cep-97,1.01401554193198059e-29
21,82,0x1.65266733a233p-98,0x1.647a8da5a2d17p-337,0x1.65266733a2331p-98,4.40221378046439797e-30
21,83,0x1.35f8736e4c922p-99,0x1.647a8da5a2d17p-337,0x1.35f8736e4c923p-99,1.91034076690321918e-30
21,84,0x1.0ce8ab3917448p-100,0x1.647a8da5a2d17p-337,0x1.0ce8ab3917449p-100,8.28639409439908257e-31
21,85,0x1.d26062c05ba4dp-102,0x1.647a8da5a2d17p-337,0x1.d26062c05ba4ep-102,3.59283391942548130e-31
21,86,0x1.94419ca1f24ddp-103,0x1.647a8da5a2d17p-337,0x1.94419ca1f24dep-103,1.55713861240180026e-31
21,87,0x1.5e43f00b7e1b9p-104,0x1.647a8da5a2d17p-337,0x1.5e43f00b7e1bap-104,6.74586586798556895e-32
21,88,0x1.2f5c64d332efcp-105,0x1.647a8da5a2d17p-337,0x1.2f5c64d332efdp-105,2.92125933601713316e-32
21,89,0x1.06a17caf5eb07p-106,0x1.647a8da5a2d17p-337,0x1.06a17caf5eb08p-106,1.26452134743126408e-32
21,90,0x1.c68e398a30aa1p-108,0x1.647a8da5a2d17p-337,0x1.c68e398a30aa2p-108,5.47151359350454576e-33
21,91,0x1.8935e60256828p-109,0x1.647a8da5a2d17p-337,0x1.8935e60256829p-109,2.36654985996525316e-33
21,92,0x1.5402924c8621p-110,0x1.647a8da5a2d17p-337,0x1.5402924c86211p-110,1.02318051055976398e-33
21,93,0x1.25e47202780d5p-111,0x1.647a8da5a2d17p-337,0x1.25e47202780d6p-111,4.42200082425392078e-34
21,94,0x1.fbdcda4c2e5c6p-113,0x1.647a8da5a2d17p-337,0x1.fbdcda4c2e5c7p-113,1.91036717390558497e-34
21,95,0x1.b6a398ea06bdbp-114,0x1.647a8da5a2d17p-337,0x1.b6a398ea06bdcp-114,8.24988364347486063e-35
21,96,0x1.7ab4d809ea902p-115,0x1.647a8da5a2d17p-337,0x1.7ab4d809ea903p-115,3.56133807264818355e-35
21,97,0x1.46d6c8d81744fp-116,0x1.647a8da5a2d17p-337,0x1.46d6c8d81745p-116,1.53678960256566794e-35
21,98,0x1.19f838f94f26cp-117,0x1.647a8da5a2d17p-337,0x1.19f838f94f26dp-117,6.62907389303980164e-36
21,99,0x1.e656dcc418c94p-119,0x1.647a8da5a2d17p-337,0x1.e656dcc418c95p-119,2.85844553464547696e-36
21,100,0x1.a3434b2fbea26p-120,0x1.647a8da5a2d17p-337,0x1.a3434b2fbea27p-120,1.23210282624604964e-36
21,101,0x1.694e3dd7c01p-121,0x1.647a8da5a2d17p-337,0x1.694e3dd7c0101p-121,5.30890910415284072e-37
21,102,0x1.373f52f624118p-122,0x1.647a8da5a2d17p-337,0x1.373f52f624119p-122,2.28668445604587507e-37
21,103,0x1.0c073980ea23ep-123,0x1.647a8da5a2d17p-337,0x1.0c073980ea23fp-123,9.84580187074313225e-38
21,104,0x1.cd74cd2b053bcp-125,0x1.647a8da5a2d17p-337,0x1.cd74cd2b053bdp-125,4.23780641897019827e-38
21,105,0x1.8d18eaed68caap-126,0x1.647a8da5a2d17p-337,0x1.8d18eaed68cabp-126,1.82338153779322441e-38
21,106,0x1.55983a68c123dp-127,0x1.647a8da5a2d17p-337,0x1.55983a68c123ep-127,7.84262834110924689e-39
21,107,0x1.25bf531fa2a0cp-128,0x1.647a8da5a2d17p-337,0x1.25bf531fa2a0dp-128,3.37205434311767636e-39
21,108,0x1.f9079b884bd59p-130,0x1.647a8da5a2d17p-337,0x1.f9079b884bd5ap-130,1.44936420731115354e-39
21,109,0x1.b1fdcaf047f74p-131,0x1.647a8da5a2d17p-337,0x1.b1fdcaf047f75p-131,6.22747086138960549e-40
21,110,0x1.74d192c3aaa88p-132,0x1.647a8da5a2d17p-337,0x1.74d192c3aaa89p-132,2.67484260190844616e-40
21,111,0x1.402911014d407p-133,0x1.647a8da5a2d17p-337,0x1.402911014d408p-133,1.14851916517336981e-40
21,112,0x1.12d908bbfc67ep-134,0x1.647a8da5a2d17p-337,0x1.12d908bbfc67fp-134,4.92984045292367019e-41
21,113,0x1.d7bd6652d1711p-136,0x1.647a8da5a2d17p-337,0x1.d7bd6652d1712p-136,2.11535461431088083e-41
21,114,0x1.94b4bd04fcd54p-137,0x1.647a8da5a2d17p-337,0x1.94b4bd04fcd55p-137,9.07382254730851887e-42
21,115,0x1.5b158110b4bebp-138,0x1.647a8da5a2d17p-337,0x1.5b158110b4becp-138,3.89094621659117748e-42
21,116,0x1.2991cb7f0de3cp-139,0x1.647a8da5a2d17p-337,0x1.2991cb7f0de3dp-139,1.66793479717894229e-42
21,117,0x1.fe12a5374f801p-141,0x1.647a8da5a2d17p-337,0x1.fe12a5374f802p-141,7.14764278273099457e-43
21,118,0x1.b5068fa6153efp-142,0x1.647a8da5a2d17p-337,0x1.b5068fa6153fp-142,3.06201671678714907e-43
21,119,0x1.765209f411a47p-143,0x1.647a8da5a2d17p-337,0x1.765209f411a48p-143,1.31133672974120458e-43
21,120,0x1.4082dc4747af5p-144,0x1.647a8da5a2d17p-337,0x1.4082dc4747af6p-144,5.61414769349789017e-44
21,121,0x1.1259e121539cdp-145,0x1.647a8da5a2d17p-337,0x1.1259e121539cep-145,2.40279851971427827e-44
21,122,0x1.d58828fb7bfd3p-147,0x1.647a8da5a2d17p-337,0x1.d58828fb7bfd4p-147,1.02805358729245402e-44
21,123,0x1.91a920e7542dap-148,0x1.647a8da5a2d17p-337,0x1.91a920e7542dbp-148,4.39723799752220013e-45
21,124,0x1.577eb06366bd2p-149,0x1.647a8da5a2d17p-337,0x1.577eb06366bd3p-149,1.88022986877507784e-45
21,125,0x1.25a9ac56a6cfdp-150,0x1.647a8da5a2d17p-337,0x1.25a9ac56a6cfep-150,8.03728927633265694e-46
21,126,0x1.f5f7d73d446a4p-152,0x1.647a8da5a2d17p-337,0x1.f5f7d73d446a5p-152,3.43460530744385921e-46
21,127,0x1.ace310b889861p-153,0x1.647a8da5a2d17p-337,0x1.ace310b889862p-153,1.46728187959187983e-46
21,128,0x1.6e56168e6b316p-154,0x1.647a8da5a2d17p-337,0x1.6e56168e6b317p-154,6.26643638852170324e-47
21,129,0x1.38d0c3b39211ap-155,0x1.647a8da5a2d17p-337,0x1.38d0c3b39211bp-155,2.67546301503289457e-47
21,130,0x1.0b0908752fbbbp-156,0x1.647a8da5a2d17p-337,0x1.0b0908752fbbcp-156,1.14195597906089399e-47
21,131,0x1.c7c6cd5a45149p-158,0x1.647a8da5a2d17p-337,0x1.c7c6cd5a4514ap-158,4.87273413789830687e-48
21,132,0x1.84d8eadda8ad7p-159,0x1.647a8da5a2d17p-337,0x1.84d8eadda8ad8p-159,2.07859486261999260e-48
21,133,0x1.4ba69154f20bcp-160,0x1.647a8da5a2d17p-337,0x1.4ba69154f20bdp-160,8.86424166996989029e-49
21,134,0x1.1ac93bef39f66p-161,0x1.647a8da5a2d17p-337,0x1.1ac93bef39f67p-161,3.77910315239948496e-49
21,135,0x1.e21acf3cc42b6p-163,0x1.647a8da5a2d17p-337,0x1.e21acf3cc42b7p-163,1.61069061840448834e-49
21,136,0x1.9ad6d030d45c7p-164,0x1.647a8da5a2d17p-337,0x1.9ad6d030d45c8p-164,6.86297678789028288e-50
21,137,0x1.5e02768883af1p-165,0x1.647a8da5a2d17p-337,0x1.5e02768883af2p-165,2.92341676145815131e-50
21,138,0x1.2a1a70a18e9b9p-166,0x1.647a8da5a2d17p-337,0x1.2a1a70a18e9bap-166,1.24493739019374302e-50
21,139,0x1.fba5f1808c48fp-168,0x1.647a8da5a2d17p-337,0x1.fba5f1808c49p-168,5.30009467818369475e-51
21,140,0x1.b01feafe0d51bp-169,0x1.647a8da5a2d17p-337,0x1.b01feafe0d51cp-169,2.25579608123447047e-51
21,141,0x1.6fbc689ef461ep-170,0x1.647a8da5a2d17p-337,0x1.6fbc689ef461fp-170,9.59835670858052538e-52
21,142,0x1.38db2e415a1d3p-171,0x1.647a8da5a2d17p-337,0x1.38db2e415a1d4p-171,4.08296358725860321e-52
21,143,0x1.0a18270e0364ep-172,0x1.647a8da5a2d17p-337,0x1.0a18270e0364fp-172,1.73634662439331105e-52
21,144,0x1.c485996112baep-174,0x1.647a8da5a2d17p-337,0x1.c485996112bafp-174,7.38210747704777483e-53
21,145,0x1.80ad8a98c5f6fp-175,0x1.647a8da5a2d17p-337,0x1.80ad8a98c5f7p-175,3.13767549244824110e-53
21,146,0x1.46eb19c524b7dp-176,0x1.647a8da5a2d17p-337,0x1.46eb19c524b7ep-176,1.33327615502259344e-53
21,147,0x1.15c2099baedb1p-177,0x1.647a8da5a2d17p-337,0x1.15c2099baedb2p-177,5.66392266122832499e-54
21,148,0x1.d7db247efcbap-179,0x1.647a8da5a2d17p-337,0x1.d7db247efcba1p-179,2.40547205650853442e-54
21,149,0x1.90b0c06bf01d5p-180,0x1.647a8da5a2d17p-337,0x1.90b0c06bf01d6p-180,1.02133870824426219e-54
21,150,0x1.542b6f7b99a54p-181,0x1.647a8da5a2d17p-337,0x1.542b6f7b99a55p-181,4.33537239551240914e-55
21,151,0x1.20b726a5e63f2p-182,0x1.647a8da5a2d17p-337,0x1.20b726a5e63f3p-182,1.83980088673566091e-55
21,152,0x1.e9f6679446158p-184,0x1.647a8da5a2d17p-337,0x1.e9f6679446159p-184,7.80555324172862156e-56
21,153,0x1.9fa338dedde9fp-185,0x1.647a8da5a2d17p-337,0x1.9fa338deddeap-185,3.31074438528661995e-56
21,154,0x1.607f749f2d622p-186,0x1.647a8da5a2d17p-337,0x1.607f749f2d623p-186,1.40390377644373939e-56
21,155,0x1.2adfd0fcff0eep-187,0x1.647a8da5a2d17p-337,0x1.2adfd0fcff0efp-187,5.95167752684730244e-57
21,156,0x1.fab0695e7c608p-189,0x1.647a8da5a2d17p-337,0x1.fab0695e7c609p-189,2.52250724719531945e-57
21,157,0x1.ad64eb46b7f4fp-190,0x1.647a8da5a2d17p-337,0x1.ad64eb46b7f5p-190,1.06885070414421074e-57
21,158,0x1.6bccde3595a0dp-191,0x1.647a8da5a2d17p-337,0x1.6bccde3595a0ep-191,4.52786922239825227e-58
21,159,0x1.34267c04be993p-192,0x1.647a8da5a2d17p-337,0x1.34267c04be994p-192,1.91762421067538637e-58
21,160,0x1.04f2f280d1a9ap-193,0x1.647a8da5a2d17p-337,0x1.04f2f280d1a9bp-193,8.11944846714657864e-59
21,161,0x1.b9d906d781804p-195,0x1.647a8da5a2d17p-337,0x1.b9d906d781805p-195,3.43703170625065051e-59
21,162,0x1.75fc2b5dfaa58p-196,0x1.647a8da5a2d17p-337,0x1.75fc2b5dfaa59p-196,1.45457162328703907e-59
21,163,0x1.3c7804ca5ab14p-197,0x1.647a8da5a2d17p-337,0x1.3c7804ca5ab15p-197,6.15434475342405499e-60
21,164,0x1.0bbbe0037fb56p-198,0x1.647a8da5a2d17p-337,0x1.0bbbe0037fb57p-198,2.60330010742144627e-60
21,165,0x1.c4e651a0c6956p-200,0x1.647a8da5a2d17p-337,0x1.c4e651a0c6957p-200,1.10093814333079750e-60
21,166,0x1.7ef8f18dbcba9p-201,0x1.647a8da5a2d17p-337,0x1.7ef8f18dbcbaap-201,4.65477210758771330e-61
21,167,0x1.43c3ef02243cdp-202,0x1.647a8da5a2d17p-337,0x1.43c3ef02243cep-202,1.96757501696200285e-61
21,168,0x1.11a5b5cd8c649p-203,0x1.647a8da5a2d17p-337,0x1.11a5b5cd8c64ap-203,8.31499688423663706e-62
21,169,0x1.ce7775c5a8a6ep-205,0x1.647a8da5a2d17p-337,0x1.ce7775c5a8a6fp-205,3.51310665436999625e-62
21,170,0x1.86b2199e668c7p-206,0x1.647a8da5a2d17p-337,0x1.86b2199e668c8p-206,1.48395100788709143e-62
21,171,0x1.49fc9512116e9p-207,0x1.647a8da5a2d17p-337,0x1.49fc9512116eap-207,6.26682117363961792e-63
21,172,0x1.16a597df69c5dp-208,0x1.647a8da5a2d17p-337,0x1.16a597df69c5ep-208,2.64591002843788900e-63
21,173,0x1.d67b3bf732a19p-210,0x1.647a8da5a2d17p-337,0x1.d67b3bf732a1ap-210,1.11687196313562148e-63
21,174,0x1.8d1a0cf4c16dbp-211,0x1.647a8da5a2d17p-337,0x1.8d1a0cf4c16dcp-211,4.71338333235368945e-64
21,175,0x1.4f174aa3be0a3p-212,0x1.647a8da5a2d17p-337,0x1.4f174aa3be0a4p-212,1.98867445427693900e-64
21,176,0x1.1ab32fd785625p-213,0x1.647a8da5a2d17p-337,0x1.1ab32fd785626p-213,8.38873910989138276e-65
21,177,0x1.dce4b2b058a67p-215,0x1.647a8da5a2d17p-337,0x1.dce4b2b058a68p-215,3.53779150577164955e-65
21,178,0x1.9226d26dee1cdp-216,0x1.647a8da5a2d17p-337,0x1.9226d26dee1cep-216,1.49166336774712998e-65
21,179,0x1.530c718cde01ep-217,0x1.647a8da5a2d17p-337,0x1.530c718cde01fp-217,6.28800590419228162e-66
21,180,0x1.1dc8bba9812a7p-218,0x1.647a8da5a2d17p-337,0x1.1dc8bba9812a8p-218,2.65008047887783152e-66
21,181,0x1.e1ab422870c99p-220,0x1.647a8da5a2d17p-337,0x1.e1ab422870c9ap-220,1.11663096042817411e-66
21,182,0x1.95d21b210ef11p-221,0x1.647a8da5a2d17p-337,0x1.95d21b210ef12p-221,4.70397729579211018e-67
21,183,0x1.55d7812e377a8p-222,0x1.647a8da5a2d17p-337,0x1.55d7812e377a9p-222,1.98119025366663886e-67
21,184,0x1.1fe311043a129p-223,0x1.647a8da5a2d17p-337,0x1.1fe311043a12ap-223,8.34243867960248590e-68
21,185,0x1.e4caad602e2d2p-225,0x1.647a8da5a2d17p-337,0x1.e4caad602e2d3p-225,3.51209450220335817e-68
21,186,0x1.98193f5fee658p-226,0x1.647a8da5a2d17p-337,0x1.98193f5fee659p-226,1.47824406594365590e-68
21,187,0x1.577700b4f50d1p-227,0x1.647a8da5a2d17p-337,0x1.577700b4f50d2p-227,6.22061499506586548e-69
21,188,0x1.210195d04f8eap-228,0x1.647a8da5a2d17p-337,0x1.210195d04f8ebp-228,2.61714732859109002e-69
21,189,0x1.e643011382a89p-230,0x1.647a8da5a2d17p-337,0x1.e643011382a8ap-230,1.10085755550708173e-69
21,190,0x1.98fd2cb4f1eap-231,0x1.647a8da5a2d17p-337,0x1.98fd2cb4f1ea1p-231,4.62959099941317637e-70
21,191,0x1.57ec74eec0abp-232,0x1.647a8da5a2d17p-337,0x1.57ec74eec0ab1p-232,1.94653892861651908e-70
21,192,0x1.21262e68e2a94p-233,0x1.647a8da5a2d17p-337,0x1.21262e68e2a95p-233,8.18263084055386623e-71
21,193,0x1.e61871b6095d6p-235,0x1.647a8da5a2d17p-337,0x1.e61871b6095d7p-235,3.43900368333775989e-71
21,194,0x1.988245e6cdd71p-236,0x1.647a8da5a2d17p-337,0x1.988245e6cdd72p-236,1.44504894925879885e-71
21,195,0x1.573c429d32aaep-237,0x1.647a8da5a2d17p-337,0x1.573c429d32aafp-237,6.07076084661111390e-72
21,196,0x1.20552260ddbbdp-238,0x1.647a8da5a2d17p-337,0x1.20552260ddbbep-238,2.54985067725239517e-72
21,197,0x1.e45329ee0104cp-240,0x1.647a8da5a2d17p-337,0x1.e45329ee0104dp-240,1.07077404514042838e-72
21,198,0x1.96b0364979fdbp-241,0x1.647a8da5a2d17p-337,0x1.96b0364979fdcp-241,4.49565305991174356e-73
21,199,0x1.556d8667ab743p-242,0x1.647a8da5a2d17p-337,0x1.556d8667ab744p-242,1.88712211678461207e-73
21,200,0x1.1e94f8cf79aefp-243,0x1.647a8da5a2d17p-337,0x1.1e94f8cf79afp-243,7.91990329381013866e-74
21,201,0x1.e0ff0b4230211p-245,0x1.647a8da5a2d17p-337,0x1.e0ff0b4230212p-245,3.32317185887190696e-74
21,202,0x1.9391b9d6ec90dp-246,0x1.647a8da5a2d17p-337,0x1.9391b9d6ec90ep-246,1.39411679880594988e-74
21,203,0x1.5289e3b2fb7ep-247,0x1.647a8da5a2d17p-337,0x1.5289e3b2fb7e1p-247,5.84735335363823131e-75
21,204,0x1.1bee4d3e64265p-248,0x1.647a8da5a2d17p-337,0x1.1bee4d3e64266p-248,2.45207481802704750e-75
21,205,0x1.dc2b62e0993d8p-250,0x1.647a8da5a2d17p-337,0x1.dc2b62e0993d9p-250,1.02806996711696130e-75
21,206,0x1.8f345bb0a428dp-251,0x1.647a8da5a2d17p-337,0x1.8f345bb0a428ep-251,4.30949694737212179e-76
21,207,0x1.4e9d4bc3f8181p-252,0x1.647a8da5a2d17p-337,0x1.4e9d4bc3f8182p-252,1.80611667614689215e-76
21,208,0x1.186b9e6aae9efp-253,0x1.647a8da5a2d17p-337,0x1.186b9e6aae9fp-253,7.56799287424492776e-77
21,209,0x1.d5ea948671787p-255,0x1.647a8da5a2d17p-337,0x1.d5ea948671788p-255,3.17052861127407430e-77
21,210,0x1.89a82cc4f3cd4p-256,0x1.647a8da5a2d17p-337,0x1.89a82cc4f3cd5p-256,1.32800297943657167e-77
21,211,0x1.49b5bea546ea7p-257,0x1.647a8da5a2d17p-337,0x1.49b5bea546ea8p-257,5.56138792670351996e-78
21,212,0x1.141918179cfd7p-258,0x1.647a8da5a2d17p-337,0x1.141918179cfd8p-258,2.32854401548433692e-78
21,213,0x1.ce51bda5941acp-260,0x1.647a8da5a2d17p-337,0x1.ce51bda5941adp-260,9.74772314779214759e-79
21,214,0x1.82ff74609e38fp-261,0x1.647a8da5a2d17p-337,0x1.82ff74609e39p-261,4.07980814417706398e-79
21,215,0x1.43e3075195c02p-262,0x1.647a8da5a2d17p-337,0x1.43e3075195c03p-262,1.70723953876960343e-79
21,216,0x1.0f045937d41cp-263,0x1.647a8da5a2d17p-337,0x1.0f045937d41c1p-263,7.14278679045882862e-80
21,217,0x1.c57852e9552b8p-265,0x1.647a8da5a2d17p-337,0x1.c57852e9552b9p-265,2.98785666300218563e-80
21,218,0x1.7b4e5c7734adep-266,0x1.647a8da5a2d17p-337,0x1.7b4e5c7734adfp-266,1.24959999079777560e-80
21,219,0x1.3d3674a2b4224p-267,0x1.647a8da5a2d17p-337,0x1.3d3674a2b4225p-267,5.22518633596265215e-81
21,220,0x1.093c37aed86ddp-268,0x1.647a8da5a2d17p-337,0x1.093c37aed86dep-268,2.18450174986734801e-81
21,221,0x1.bb77ba3517efp-270,0x1.647a8da5a2d17p-337,0x1.bb77ba3517ef1p-270,9.13110179143910338e-82
21,222,0x1.72aa9b63c7093p-271,0x1.647a8da5a2d17p-337,0x1.72aa9b63c7094p-271,3.81605362646056639e-82
21,223,0x1.35c2907c66e6dp-272,0x1.647a8da5a2d17p-337,0x1.35c2907c66e6ep-272,1.59450752735153690e-82
21,224,0x1.02d082e2f9a91p-273,0x1.647a8da5a2d17p-337,0x1.02d082e2f9a92p-273,6.66131264589383909e-83
21,225,0x1.b06ae323b21e2p-275,0x1.647a8da5a2d17p-337,0x1.b06ae323b21e3p-275,2.78236766249270184e-83
21,226,0x1.692b1cd0dcfd1p-276,0x1.647a8da5a2d17p-337,0x1.692b1cd0dcfd2p-276,1.16195948873047436e-83
21,227,0x1.2d9ad6984e0c2p-277,0x1.647a8da5a2d17p-337,0x1.2d9ad6984e0c3p-277,4.85165083596326543e-84
21,228,0x1.f7a38c8f1b5c7p-279,0x1.647a8da5a2d17p-337,0x1.f7a38c8f1b5c8p-279,2.02539847985430903e-84
21,229,0x1.a46ddff0e78a9p-280,0x1.647a8da5a2d17p-337,0x1.a46ddff0e78aap-280,8.45384183844083439e-85
21,230,0x1.5ee7ab5bb628p-281,0x1.647a8da5a2d17p-337,0x1.5ee7ab5bb6281p-281,3.52793648857605084e-85
21,231,0x1.24d36c3ff09cap-282,0x1.647a8da5a2d17p-337,0x1.24d36c3ff09cbp-282,1.47200979700981261e-85
21,232,0x1.e8a219e3608a5p-284,0x1.647a8da5a2d17p-337,0x1.e8a219e3608a6p-284,6.14078998009848075e-86
21,233,0x1.979d808fcfbb4p-285,0x1.647a8da5a2d17p-337,0x1.979d808fcfbb6p-285,2.56130729664771986e-86
21,234,0x1.53f89c64d77ccp-286,0x1.647a8da5a2d17p-337,0x1.53f89c64d77cfp-286,1.06812805376089288e-86
21,235,0x1.1b80da242be7dp-287,0x1.647a8da5a2d17p-337,0x1.1b80da242be83p-287,4.45358188058556023e-87
21,236,0x1.d8bf4e5f47e91p-289,0x1.647a8da5a2d17p-337,0x1.d8bf4e5f47ea8p-289,1.85660850414791562e-87
21,237,0x1.8a16f1837cb48p-290,0x1.647a8da5a2d17p-337,0x1.8a16f1837cb75p-290,7.73849116625910409e-88
21,238,0x1.48767f5870babp-291,0x1.647a8da5a2d17p-337,0x1.48767f5870c05p-291,3.22490996186252178e-88
21,239,0x1.11b7c95f18544p-292,0x1.647a8da5a2d17p-337,0x1.11b7c95f185f7p-292,1.34370683490458113e-88
21,240,0x1.c81de5faeb75fp-294,0x1.647a8da5a2d17p-337,0x1.c81de5faeba28p-294,5.59779988875640817e-89
21,241,0x1.7bf75fdc80d2bp-295,0x1.647a8da5a2d17p-337,0x1.7bf75fdc812bdp-295,2.33161264020593340e-89
21,242,0x1.3c79d18d9e02fp-296,0x1.647a8da5a2d17p-337,0x1.3c79d18d9eb53p-296,9.71005966066682912e-90
21,243,0x1.078cc48833d77p-297,0x1.647a8da5a2d17p-337,0x1.078cc488353bfp-297,4.04309676079462515e-90
21,244,0x1.b6e05023666c1p-299,0x1.647a8da5a2d17p-337,0x1.b6e050236bfep-299,1.68319093554130819e-90
21,245,0x1.6d5ba387b4d28p-300,0x1.647a8da5a2d17p-337,0x1.6d5ba387bff66p-300,7.00615778782968996e-91
21,246,0x1.301ab7ad682ecp-301,0x1.647a8da5a2d17p-337,0x1.301ab7ad7e767p-301,2.91577490618967873e-91
21,247,0x1.fa27fb36f132p-303,0x1.647a8da5a2d17p-337,0x1.fa27fb374a50bp-303,1.21326561569272355e-91
21,248,0x1.a5285037a2301p-304,0x1.647a8da5a2d17p-337,0x1.a5285038546d6p-304,5.04761084905370160e-92
21,249,0x1.5e5ff0e269f6cp-305,0x1.647a8da5a2d17p-337,0x1.5e5ff0e3ce715p-305,2.09963682989720306e-92
21,250,0x1.2370bd62d24dp-306,0x1.647a8da5a2d17p-337,0x1.2370bd659b422p-306,8.73234932807948634e-93
21,251,0x1.e4c232975754cp-308,0x1.647a8da5a2d17p-337,0x1.e4c232a27b293p-308,3.63117248913512997e-93
21,252,0x1.9316a756d9e0dp-309,0x1.647a8da5a2d17p-337,0x1.9316a76d2189bp-309,1.50970389030924306e-93
21,253,0x1.4f1f924c69453p-310,0x1.647a8da5a2d17p-337,0x1.4f1f9278f896fp-310,6.27575585633935468e-94
21,254,0x1.16929bdf6968cp-311,0x1.647a8da5a2d17p-337,0x1.16929c38880c3p-311,2.60837441010521860e-94
21,255,0x1.cf0e0047f2619p-313,0x1.647a8da5a2d17p-337,0x1.cf0e01ac6cef4p-313,1.08393615047506533e-94
21,256,0x1.80cac7fc7b063p-314,0x1.647a8da5a2d17p-337,0x1.80cacac570218p-314,4.50368085190313131e-95
21,257,0x1.3fb4a9dbdd166p-315,0x1.647a8da5a2d17p-337,0x1.3fb4af6dc74dp-315,1.87094886611494282e-95
21,258,0x1.099606dfa1ee6p-316,0x1.647a8da5a2d17p-337,0x1.09961203765b9p-316,7.77117931599680312e-96
21,259,0x1.b92f68c456e69p-318,0x1.647a8da5a2d17p-337,0x1.b92f9553a89b5p-318,3.22732729117577212e-96
21,260,0x1.6e628e927be9bp-319,0x1.647a8da5a2d17p-337,0x1.6e62e7b11f532p-319,1.34007992293224303e-96
21,261,0x1.3037f17a7cc7ap-320,0x1.647a8da5a2d17p-337,0x1.3038a3b7c39a8p-320,5.56353681247018817e-97
21,262,0x1.f91edab43ef82p-322,0x1.647a8da5a2d17p-337,0x1.f921a3a95a437p-322,2.30943530068748858e-97
21,263,0x1.a348113909bp-323,0x1.647a8da5a2d17p-337,0x1.a34da32340469p-323,9.58516702686982607e-98
21,264,0x1.5bf976f9d9707p-324,0x1.647a8da5a2d17p-337,0x1.5c049ace469d9p-324,3.97780171250188199e-98
21,265,0x1.20bf795bc5c58p-325,0x1.647a8da5a2d17p-337,0x1.20d5c104a01fbp-325,1.65067368134398198e-98
21,266,0x1.df1f9bf2fe1e4p-327,0x1.647a8da5a2d17p-337,0x1.df78ba966787p-327,6.85037487453474654e-99
21,267,0x1.8d6f70638fcdfp-328,0x1.647a8da5a2d17p-337,0x1.8e21adaa629f6p-328,2.84412092988159799e-99
21,268,0x1.499a564fd591ap-329,0x1.647a8da5a2d17p-337,0x1.4afed0dd7b348p-329,1.18226106143719136e-99
21,269,0x1.11447a1e1073cp-330,0x1.647a8da5a2d17p-337,0x1.140d6f395bb97p-330,4.93007034589108996e-100
21,270,0x1.c4e9af3f45f6ap-332,0x1.647a8da5a2d17p-337,0x1.d00d83ac730d3p-332,2.07190034512117786e-100
21,271,0x1.7704da705b1dep-333,0x1.647a8da5a2d17p-337,0x1.8d4c834ab54bp-333,8.86928922909335532e-101
21,272,0x1.36063484e61c1p-334,0x1.647a8da5a2d17p-337,0x1.629586399a764p-334,3.95786261581291402e-101
21,273,0x1.feec96354653dp-336,0x1.647a8da5a2d17p-337,0x1.5894ee840bde5p-335,1.92310845725728225e-101
21,274,0x1.a23252f70b0abp-337,0x1.647a8da5a2d17p-337,0x1.8356704e56ee1p-336,1.08086438339272393e-101
21,275,0x1.51997f8ad1369p-338,0x1.647a8da5a2d17p-337,0x1.06a3a6b585b66p-336,7.32893958803262711e-102
21,276,0x1.08da07d5f49acp-339,0x1.647a8da5a2d17p-337,0x1.a6b10f9b1ff82p-337,5.89759789946807263e-102
21,277,0x1.87524bb8670b7p-341,0x1.647a8da5a2d17p-337,0x1.7cefb26129423p-337,5.31500739280824903e-102
21,278,0x1.f9e014b543b28p-343,0x1.647a8da5a2d17p-337,0x1.6c620df877e04p-337,5.08404789969244677e-102
21,279,0x1.ca5589e0d1f67p-345,0x1.647a8da5a2d17p-337,0x1.6644e32f83a37p-337,4.99874333934176154e-102
21,280,0x0p+0,0x1.647a8da5a2d17p-337,0x1.647a8da5a2d17p-337,4.97376326458234316e-102
22,0,0x1.1fe5cc0dafbbep-2,0x1.222375795b9bap-325,0x1.1fe5cc0dafbbfp-2,2.81150043807368578e-01
22,1,0x1.0975b054bdd36p-3,0x1.222375795b9bap-325,0x1.0975b054bdd37p-3,1.29619004808526589e-01
22,2,0x1.ef75ee633c3f1p-5,0x1.222375795b9bap-325,0x1.ef75ee633c3f2p-5,6.04810386665873973e-02
22,3,0x1.d3ed85f9f1fd5p-6,0x1.222375795b9bap-325,0x1.d3ed85f9f1fd6p-6,2.85600479471950983e-02
22,4,0x1.bd269b1ce051fp-7,0x1.222375795b9bap-325,0x1.bd269b1ce052p-7,1.35849244486530574e-02
22,5,0x1.a8bbaac415ac7p-8,0x1.222375795b9bap-325,0x1.a8bbaac415ac8p-8,6.48091239062038166e-03
22,6,0x1.955928de43f7cp-9,0x1.222375795b9bap-325,0x1.955928de43f7dp-9,3.09256194953627531e-03
22,7,0x1.826596272e18cp-10,0x1.222375795b9bap-325,0x1.826596272e18dp-10,1.47398690186948127e-03
22,8,0x1.6faaf6a878ec8p-11,0x1.222375795b9bap-325,0x1.6faaf6a878ec9p-11,7.01270725639046721e-04
22,9,0x1.5d22274b71f81p-12,0x1.222375795b9bap-325,0x1.5d22274b71f82p-12,3.32959568109185531e-04
22,10,0x1.4ad7cb029be84p-13,0x1.222375795b9bap-325,0x1.4ad7cb029be85p-13,1.57758208007664211e-04
22,11,0x1.38df4bbbd5c9ap-14,0x1.222375795b9bap-325,0x1.38df4bbbd5c9bp-14,7.45945571315347246e-05
22,12,0x1.274cd40a1d16bp-15,0x1.222375795b9bap-325,0x1.274cd40a1d16cp-15,3.52025163729310605e-05
22,13,0x1.1632a8657a372p-16,0x1.222375795b9bap-325,0x1.1632a8657a373p-16,1.65818859353713485e-05
22,14,0x1.05a023415d42ep-17,0x1.222375795b9bap-325,0x1.05a023415d42fp-17,7.79704862694839320e-06
22,15,0x1.eb42f59e9152p-19,0x1.222375795b9bap-325,0x1.eb42f59e91521p-19,3.66018384959317197e-06
22,16,0x1.cc7fc85b8fd3p-20,0x1.222375795b9bap-325,0x1.cc7fc85b8fd31p-20,1.71549301954106211e-06
22,17,0x1.af03bb69c8193p-21,0x1.222375795b9bap-325,0x1.af03bb69c8194p-21,8.02827213795169224e-07
22,18,0x1.92d70b06ee8c2p-22,0x1.222375795b9bap-325,0x1.92d70b06ee8c3p-22,3.75173997143142624e-07
22,19,0x1.77fddf0e3996ap-23,0x1.222375795b9bap-325,0x1.77fddf0e3996bp-23,1.75084771964621899e-07
22,20,0x1.5e78eacc4ae49p-24,0x1.222375795b9bap-325,0x1.5e78eacc4ae4ap-24,8.16006988131966349e-08
22,21,0x1.4645fc8eb51dcp-25,0x1.222375795b9bap-325,0x1.4645fc8eb51ddp-25,3.79832211149475502e-08
22,22,0x1.2f607c546b51cp-26,0x1.222375795b9bap-325,0x1.2f607c546b51dp-26,1.76588595566352130e-08
22,23,0x1.19c1da8a48e08p-27,0x1.222375795b9bap-325,0x1.19c1da8a48e09p-27,8.20021496935586471e-09
22,24,0x1.0561f051f09fdp-28,0x1.222375795b9bap-325,0x1.0561f051f09fep-28,3.80361704800999705e-09
22,25,0x1.e46ea5e14a66bp-30,0x1.222375795b9bap-325,0x1.e46ea5e14a66cp-30,1.76235414484313262e-09
22,26,0x1.c06f37e05af77p-31,0x1.222375795b9bap-325,0x1.c06f37e05af78p-31,8.15697506106550873e-10
22,27,0x1.9eaf4eaa93d64p-32,0x1.222375795b9bap-325,0x1.9eaf4eaa93d65p-32,3.77153623142255590e-10
22,28,0x1.7f17924961a91p-33,0x1.222375795b9bap-325,0x1.7f17924961a92p-33,1.74210106664341122e-10
22,29,0x1.618ff68eccfb7p-34,0x1.222375795b9bap-325,0x1.618ff68eccfb8p-34,8.03907723647387508e-11
22,30,0x1.46000977a9f0fp-35,0x1.222375795b9bap-325,0x1.46000977a9f1p-35,3.70619255206317869e-11
22,31,0x1.2c4f35c5438ccp-36,0x1.222375795b9bap-325,0x1.2c4f35c5438cdp-36,1.70706138205595753e-11
22,32,0x1.1464fb38eb375p-37,0x1.222375795b9bap-325,0x1.1464fb38eb376p-37,7.85560298336009622e-12
22,33,0x1.fc523b603eac6p-39,0x1.222375795b9bap-325,0x1.fc523b603eac7p-39,3.61183949241587440e-12
22,34,0x1.d3079875888cep-40,0x1.222375795b9bap-325,0x1.d3079875888cfp-40,1.65922269733966519e-12
22,35,0x1.acbb8249fa5fep-41,0x1.222375795b9bap-325,0x1.acbb8249fa5ffp-41,7.61581831913126645e-13
22,36,0x1.8940b7a52028bp-42,0x1.222375795b9bap-325,0x1.8940b7a52028cp-42,3.49278652401221440e-13
22,37,0x1.686b6a6340594p-43,0x1.222375795b9bap-325,0x1.686b6a6340595p-43,1.60058451869053031e-13
22,38,0x1.4a115eea9a02cp-44,0x1.222375795b9bap-325,0x1.4a115eea9a02dp-44,7.32897863641206970e-14
22,39,0x1.2e0a036be165bp-45,0x1.222375795b9bap-325,0x1.2e0a036be165cp-45,3.35330779484603453e-14
22,40,0x1.142e8007d9c96p-46,0x1.222375795b9bap-325,0x1.142e8007d9c97p-46,1.53311608460071619e-14
22,41,0x1.f8b381aba2db7p-48,0x1.222375795b9bap-325,0x1.f8b381aba2db8p-48,7.00413612336888588e-15
22,42,0x1.ccd0f5575f651p-49,0x1.222375795b9bap-325,0x1.ccd0f5575f652p-49,3.19755502361473496e-15
22,43,0x1.a47256dfae457p-50,0x1.222375795b9bap-325,0x1.a47256dfae458p-50,1.45871730697449583e-15
22,44,0x1.7f582d4e0fa72p-51,0x1.222375795b9bap-325,0x1.7f582d4e0fa73p-51,6.64996601705399421e-16
22,45,0x1.5d467db8e54bfp-52,0x1.222375795b9bap-325,0x1.5d467db8e54cp-52,3.02948079703292328e-16
22,46,0x1.3e04b8e02befbp-53,0x1.222375795b9bap-325,0x1.3e04b8e02befcp-53,1.37918516008296620e-16
22,47,0x1.215da48e35326p-54,0x1.222375795b9bap-325,0x1.215da48e35327p-54,6.27462041022313884e-17
22,48,0x1.071f419629906p-55,0x1.222375795b9bap-325,0x1.071f419629907p-55,2.85277546509323487e-17
22,49,0x1.de355e5e976b7p-57,0x1.222375795b9bap-325,0x1.de355e5e976b8p-57,1.29618665847869124e-17
22,50,0x1.b24818a78455p-58,0x1.222375795b9bap-325,0x1.b24818a784551p-58,5.88561353239927394e-18
22,51,0x1.8a24af67b48aep-59,0x1.222375795b9bap-325,0x1.8a24af67b48afp-59,2.67081889827333025e-18
22,52,0x1.657e9d76299eep-60,0x1.222375795b9bap-325,0x1.657e9d76299efp-60,1.21123878536655176e-18
22,53,0x1.440e982556ee2p-61,0x1.222375795b9bap-325,0x1.440e982556ee3p-61,5.48973926927635438e-19
22,54,0x1.25924bfae6e31p-62,0x1.222375795b9bap-325,0x1.25924bfae6e32p-62,2.48664709042830260e-19
22,55,0x1.09cc19b5cbdfbp-63,0x1.222375795b9bap-325,0x1.09cc19b5cbdfcp-63,1.12569521349015714e-19
22,56,0x1.e105a84a1738cp-65,0x1.222375795b9bap-325,0x1.e105a84a1738dp-65,5.09301957914128050e-20
22,57,0x1.b302fe76c438ap-66,0x1.222375795b9bap-325,0x1.b302fe76c438bp-66,2.30293273981095346e-20
22,58,0x1.892e21703284dp-67,0x1.222375795b9bap-325,0x1.892e21703284ep-67,1.04073931775991010e-20
22,59,0x1.632c655811422p-68,0x1.222375795b9bap-325,0x1.632c655811423p-68,4.70068109224622508e-21
22,60,0x1.40aa1024cf3b1p-69,0x1.222375795b9bap-325,0x1.40aa1024cf3b2p-69,2.12197839524585884e-21
22,61,0x1.2159e74f7ef84p-70,0x1.222375795b9bap-325,0x1.2159e74f7ef85p-70,9.57382764348071320e-22
22,62,0x1.04f4c23b585b7p-71,0x1.222375795b9bap-325,0x1.04f4c23b585b8p-71,4.31715634670636429e-22
22,63,0x1.d672430037ed3p-73,0x1.222375795b9bap-325,0x1.d672430037ed4p-73,1.94572043718056014e-22
22,64,0x1.a7d5965eabdfdp-74,0x1.222375795b9bap-325,0x1.a7d5965eabdfep-74,8.76468842907002859e-23
22,65,0x1.7da4d83b805c2p-75,0x1.222375795b9bap-325,0x1.7da4d83b805c3p-75,3.94610568999443271e-23
22,66,0x1.577a7c5b11e4dp-76,0x1.222375795b9bap-325,0x1.577a7c5b11e4ep-76,1.77574201847804325e-23
22,67,0x1.34f9671799787p-77,0x1.222375795b9bap-325,0x1.34f9671799788p-77,7.98679663329149352e-24
22,68,0x1.15cc4d95ccb98p-78,0x1.222375795b9bap-325,0x1.15cc4d95ccb99p-78,3.59045575765856008e-24
22,69,0x1.f34a3ef086369p-80,0x1.222375795b9bap-325,0x1.f34a3ef08636ap-80,1.61329307409592592e-24
22,70,0x1.c078f396ab62cp-81,0x1.222375795b9bap-325,0x1.c078f396ab62dp-81,7.24546347374353235e-25
22,71,0x1.92a245b47d355p-82,0x1.222375795b9bap-325,0x1.92a245b47d356p-82,3.25245054959899576e-25
22,72,0x1.694f1d2ede25cp-83,0x1.222375795b9bap-325,0x1.694f1d2ede25dp-83,1.45931558711434201e-25
22,73,0x1.4412d67a40209p-84,0x1.222375795b9bap-325,0x1.4412d67a4020ap-84,6.54461393288953800e-26
22,74,0x1.228a6b8f9041p-85,0x1.222375795b9bap-325,0x1.228a6b8f90411p-85,2.93371139279087903e-26
22,75,0x1.045babd44f58dp-86,0x1.222375795b9bap-325,0x1.045babd44f58ep-86,1.31447244209766262e-26
22,76,0x1.d26904673af8bp-88,0x1.222375795b9bap-325,0x1.d26904673af8cp-88,5.88692465705224447e-27
22,77,0x1.a194914cb931ep-89,0x1.222375795b9bap-325,0x1.a194914cb931fp-89,2.63530245335618168e-27
22,78,0x1.75b250d525e8fp-90,0x1.222375795b9bap-325,0x1.75b250d525e9p-90,1.17917838193098379e-27
22,79,0x1.4e470c5b320b8p-91,0x1.222375795b9bap-325,0x1.4e470c5b320b9p-91,5.27396953436474889e-28
22,80,0x1.2ae2f2e23b325p-92,0x1.222375795b9bap-325,0x1.2ae2f2e23b326p-92,2.35779889630134491e-28
22,81,0x1.0b209cf0dda0dp-93,0x1.222375795b9bap-325,0x1.0b209cf0dda0ep-93,1.05363179207155518e-28
22,82,0x1.dd48484631bd8p-95,0x1.222375795b9bap-325,0x1.dd48484631bd9p-95,4.70636736111263851e-29
22,83,0x1.aa349a50932d1p-96,0x1.222375795b9bap-325,0x1.aa349a50932d2p-96,2.10135525307318409e-29
22,84,0x1.7c6f85de703b7p-97,0x1.222375795b9bap-325,0x1.7c6f85de703b8p-97,9.37846251657430021e-30
22,85,0x1.5370c3a1f4642p-98,0x1.222375795b9bap-325,0x1.5370c3a1f4643p-98,4.18392700559606468e-30
22,86,0x1.2ebd2334619f8p-99,0x1.222375795b9bap-325,0x1.2ebd2334619f9p-99,1.86577201837548763e-30
22,87,0x1.0de55ac2238c4p-100,0x1.222375795b9bap-325,0x1.0de55ac2238c5p-100,8.31681002734510520e-31
22,88,0x1.e109e09621dfcp-102,0x1.222375795b9bap-325,0x1.e109e09621dfdp-102,3.70578644691031077e-31
22,89,0x1.ac82751da4d5p-103,0x1.222375795b9bap-325,0x1.ac82751da4d51p-103,1.65055893844309466e-31
22,90,0x1.7d90efb46f8aep-104,0x1.222375795b9bap-325,0x1.7d90efb46f8afp-104,7.34869688697004967e-32
22,91,0x1.53a1f20cbd7c5p-105,0x1.222375795b9bap-325,0x1.53a1f20cbd7c6p-105,3.27054296864841773e-32
22,92,0x1.2e30be2b97af1p-106,0x1.222375795b9bap-325,0x1.2e30be2b97af2p-106,1.45499385917964914e-32
22,93,0x1.0cc5d3ebb9687p-107,0x1.222375795b9bap-325,0x1.0cc5d3ebb9688p-107,6.47046895207266808e-33
22,94,0x1.ddeb5c10df081p-109,0x1.222375795b9bap-325,0x1.ddeb5c10df082p-109,2.87637260171898728e-33
22,95,0x1.a8bf384000d42p-110,0x1.222375795b9bap-325,0x1.a8bf384000d43p-110,1.27817636524052451e-33
22,96,0x1.79596e96594ddp-111,0x1.222375795b9bap-325,0x1.79596e96594dep-111,5.67772187878814040e-34
22,97,0x1.4f1dde26178a5p-112,0x1.222375795b9bap-325,0x1.4f1dde26178a6p-112,2.52113762299853788e-34
22,98,0x1.2980596fd6da4p-113,0x1.222375795b9bap-325,0x1.2980596fd6da5p-113,1.11907575540752277e-34
22,99,0x1.080315c5d6a15p-114,0x1.222375795b9bap-325,0x1.080315c5d6a16p-114,4.96551479155307374e-35
22,100,0x1.d46a80037cdd9p-116,0x1.222375795b9bap-325,0x1.d46a80037cddap-116,2.20248152178496506e-35
22,101,0x1.9f63669e578efp-117,0x1.222375795b9bap-325,0x1.9f63669e578fp-117,9.76573163853456543e-36
22,102,0x1.703b9e1c3c26ap-118,0x1.222375795b9bap-325,0x1.703b9e1c3c26bp-118,4.32855671780562805e-36
22,103,0x1.4650d219f93ddp-119,0x1.222375795b9bap-325,0x1.4650d219f93dep-119,1.91791134431404058e-36
22,104,0x1.2111b32525216p-120,0x1.222375795b9bap-325,0x1.2111b32525217p-120,8.49497852042453304e-37
22,105,0x1.fff87b948088cp-122,0x1.222375795b9bap-325,0x1.fff87b948088dp-122,3.76136618769773504e-37
22,106,0x1.c53858b2d0ca6p-123,0x1.222375795b9bap-325,0x1.c53858b2d0ca7p-123,1.66486772269696670e-37
22,107,0x1.91131ef24dd99p-124,0x1.222375795b9bap-325,0x1.91131ef24dd9ap-124,7.36657864807368720e-38
22,108,0x1.62cf13e6c7323p-125,0x1.222375795b9bap-325,0x1.62cf13e6c7324p-125,3.25840511360595394e-38
22,109,0x1.39c658ed74dbap-126,0x1.222375795b9bap-325,0x1.39c658ed74dbbp-126,1.44078319640351625e-38
22,110,0x1.1564dc9d7b314p-127,0x1.222375795b9bap-325,0x1.1564dc9d7b315p-127,6.36865370603415637e-39
22,111,0x1.ea4d016190f11p-129,0x1.222375795b9bap-325,0x1.ea4d016190f12p-129,2.81418859050642748e-39
22,112,0x1.b12aded599de3p-130,0x1.222375795b9bap-325,0x1.b12aded599de4p-130,1.24312965171786986e-39
22,113,0x1.7e9137e78d50cp-131,0x1.222375795b9bap-325,0x1.7e9137e78d50dp-131,5.48957094847475898e-40
22,114,0x1.51c4d30ee5af1p-132,0x1.222375795b9bap-325,0x1.51c4d30ee5af2p-132,2.42337261816481365e-40
22,115,0x1.2a1eeb6b19fe3p-133,0x1.222375795b9bap-325,0x1.2a1eeb6b19fe4p-133,1.06945584838598705e-40
22,116,0x1.070b0494638f7p-134,0x1.222375795b9bap-325,0x1.070b0494638f8p-134,4.71810311786632318e-41
22,117,0x1.d009ef123f814p-136,0x1.222375795b9bap-325,0x1.d009ef123f815p-136,2.08082196382760609e-41
22,118,0x1.992e662f5947dp-137,0x1.222375795b9bap-325,0x1.992e662f5947ep-137,9.17416084251862974e-42
22,119,0x1.68b255561c82ap-138,0x1.222375795b9bap-325,0x1.68b255561c82bp-138,4.04354889734216000e-42
22,120,0x1.3ddbddb6e53a1p-139,0x1.222375795b9bap-325,0x1.3ddbddb6e53a2p-139,1.78166048384306172e-42
22,121,0x1.1805d727661fdp-140,0x1.222375795b9bap-325,0x1.1805d727661fep-140,7.84791079135266300e-43
22,122,0x1.ed3b200c47996p-142,0x1.222375795b9bap-325,0x1.ed3b200c47997p-142,3.45581891835498805e-43
22,123,0x1.b24193bdd79fp-143,0x1.222375795b9bap-325,0x1.b24193bdd79f1p-143,1.52130622745710866e-43
22,124,0x1.7e37d9441c695p-144,0x1.222375795b9bap-325,0x1.7e37d9441c696p-144,6.69502148996820449e-44
22,125,0x1.5050d5b403a54p-145,0x1.222375795b9bap-325,0x1.5050d5b403a55p-145,2.94549224506123135e-44
22,126,0x1.27d6a3adc574fp-146,0x1.222375795b9bap-325,0x1.27d6a3adc575p-146,1.29549357721900657e-44
22,127,0x1.0428028c2d8bcp-147,0x1.222375795b9bap-325,0x1.0428028c2d8bdp-147,5.69619700128037941e-45
22,128,0x1.c96c187dbfdd9p-149,0x1.222375795b9bap-325,0x1.c96c187dbfddap-149,2.50384802601558217e-45
22,129,0x1.920454e58fc5p-150,0x1.222375795b9bap-325,0x1.920454e58fc51p-150,1.10028455706805910e-45
22,130,0x1.613888d14fca3p-151,0x1.222375795b9bap-325,0x1.613888d14fca4p-151,4.83367009176038367e-46
22,131,0x1.36423f091e9cdp-152,0x1.222375795b9bap-325,0x1.36423f091e9cep-152,2.12287667986398382e-46
22,132,0x1.1071da76cd48fp-153,0x1.222375795b9bap-325,0x1.1071da76cd49p-153,9.32071277883472403e-47
22,133,0x1.de58063d1c50fp-155,0x1.222375795b9bap-325,0x1.de58063d1c51p-155,4.09120175592820244e-47
22,134,0x1.a3ceb7251778ep-156,0x1.222375795b9bap-325,0x1.a3ceb7251778fp-156,1.79527459697170329e-47
22,135,0x1.7054ee43fb8c2p-157,0x1.222375795b9bap-325,0x1.7054ee43fb8c3p-157,7.87571305164061930e-48
22,136,0x1.431413a273044p-158,0x1.222375795b9bap-325,0x1.431413a273045p-158,3.45405044744929937e-48
22,137,0x1.1b4e97c1acdfcp-159,0x1.222375795b9bap-325,0x1.1b4e97c1acdfdp-159,1.51442592012808613e-48
22,138,0x1.f0ba2d40e84ap-161,0x1.222375795b9bap-325,0x1.f0ba2d40e84a1p-161,6.63817536198814624e-49
22,139,0x1.b3579975bd6dap-162,0x1.222375795b9bap-325,0x1.b3579975bd6dbp-162,2.90891807462876253e-49
22,140,0x1.7d70aa2abc813p-163,0x1.222375795b9bap-325,0x1.7d70aa2abc814p-163,1.27437453631260254e-49
22,141,0x1.4e1f50ab7fb2ep-164,0x1.222375795b9bap-325,0x1.4e1f50ab7fb2fp-164,5.58143973903736888e-50
22,142,0x1.2498ab8b94687p-165,0x1.222375795b9bap-325,0x1.2498ab8b94688p-165,2.44387889234068988e-50
22,143,0x1.0029dfbc25ffcp-166,0x1.222375795b9bap-325,0x1.0029dfbc25ffdp-166,1.06978898495871874e-50
22,144,0x1.c06a9a99fc524p-168,0x1.222375795b9bap-325,0x1.c06a9a99fc525p-168,4.68168588631231627e-51
22,145,0x1.88602b5a9ccffp-169,0x1.222375795b9bap-325,0x1.88602b5a9cdp-169,2.04829652584650957e-51
22,146,0x1.573fd4b35c645p-170,0x1.222375795b9bap-325,0x1.573fd4b35c646p-170,8.95922578959236723e-52
22,147,0x1.2c3237c0b6746p-171,0x1.222375795b9bap-325,0x1.2c3237c0b6747p-171,3.91774273027058626e-52
22,148,0x1.0679c40c0d197p-172,0x1.222375795b9bap-325,0x1.0679c40c0d198p-172,1.71273351661864081e-52
22,149,0x1.cadf5a7be9118p-174,0x1.222375795b9bap-325,0x1.cadf5a7be9119p-174,7.48570651904443472e-53
22,150,0x1.9102759242851p-175,0x1.222375795b9bap-325,0x1.9102759242852p-175,3.27088722122405300e-53
22,151,0x1.5e5acebfeaac4p-176,0x1.222375795b9bap-325,0x1.5e5acebfeaac5p-176,1.42885700115853232e-53
22,152,0x1.32058e4ca2fa4p-177,0x1.222375795b9bap-325,0x1.32058e4ca2fa5p-177,6.24026494705651133e-54
22,153,0x1.0b3b59243ec57p-178,0x1.222375795b9bap-325,0x1.0b3b59243ec58p-178,2.72463913654784887e-54
22,154,0x1.d29a1348d2652p-180,0x1.222375795b9bap-325,0x1.d29a1348d2653p-180,1.18934342995164360e-54
22,155,0x1.9741957e481dp-181,0x1.222375795b9bap-325,0x1.9741957e481d1p-181,5.19037230243594998e-55
22,156,0x1.635f144ce305ep-182,0x1.222375795b9bap-325,0x1.635f144ce305fp-182,2.26455723350930008e-55
22,157,0x1.36056ef4a03ffp-183,0x1.222375795b9bap-325,0x1.36056ef4a04p-183,9.87784609415904092e-56
22,158,0x1.0e648f26c404ap-184,0x1.222375795b9bap-325,0x1.0e648f26c404bp-184,4.30760597352011573e-56
22,159,0x1.d78bd01822f15p-186,0x1.222375795b9bap-325,0x1.d78bd01822f16p-186,1.87804086939704569e-56
22,160,0x1.9b12bf7b4733dp-187,0x1.222375795b9bap-325,0x1.9b12bf7b4733ep-187,8.18596805511504008e-57
22,161,0x1.66452d932df2fp-188,0x1.222375795b9bap-325,0x1.66452d932df3p-188,3.56723375065326716e-57
22,162,0x1.382d058de24cfp-189,0x1.222375795b9bap-325,0x1.382d058de24dp-189,1.55414014680245674e-57
22,163,0x1.0ff2a47c2c41cp-190,0x1.222375795b9bap-325,0x1.0ff2a47c2c41dp-190,6.76934181287842518e-58
22,164,0x1.d9b2452411251p-192,0x1.222375795b9bap-325,0x1.d9b2452411252p-192,2.94781973205843614e-58
22,165,0x1.9c761d319835ap-193,0x1.222375795b9bap-325,0x1.9c761d319835bp-193,1.28337674384686195e-58
22,166,0x1.670f1c2f3831bp-194,0x1.222375795b9bap-325,0x1.670f1c2f3831cp-194,5.58607447706811308e-59
22,167,0x1.387fac8d20c79p-195,0x1.222375795b9bap-325,0x1.387fac8d20c7ap-195,2.43085543800250249e-59
22,168,0x1.0fe9e686734e3p-196,0x1.222375795b9bap-325,0x1.0fe9e686734e4p-196,1.05757684139100329e-59
22,169,0x1.d91750dd90009p-198,0x1.222375795b9bap-325,0x1.d91750dd9000ap-198,4.60008281889607701e-60
22,170,0x1.9b7650e4f4662p-199,0x1.222375795b9bap-325,0x1.9b7650e4f4663p-199,2.00041826694045100e-60
22,171,0x1.65c7e289fe26p-200,0x1.222375795b9bap-325,0x1.65c7e289fe261p-200,8.69716948201677878e-61
22,172,0x1.370879d9e6a77p-201,0x1.222375795b9bap-325,0x1.370879d9e6a78p-201,3.78039802949842008e-61
22,173,0x1.0e5544bf7cc3ep-202,0x1.222375795b9bap-325,0x1.0e5544bf7cc3fp-202,1.64285828962564827e-61
22,174,0x1.d5d02fd1280f8p-204,0x1.222375795b9bap-325,0x1.d5d02fd1280f9p-204,7.13782935968611114e-62
22,175,0x1.9827b7898d165p-205,0x1.222375795b9bap-325,0x1.9827b7898d166p-205,3.10053185883862822e-62
22,176,0x1.6282d43d795cdp-206,0x1.222375795b9bap-325,0x1.6282d43d795cep-206,1.34651348066055613e-62
22,177,0x1.33d99d5218d11p-207,0x1.222375795b9bap-325,0x1.33d99d5218d12p-207,5.84642213925263574e-63
22,178,0x1.0b45bcf113d6dp-208,0x1.222375795b9bap-325,0x1.0b45bcf113d6ep-208,2.53790331628953785e-63
22,179,0x1.cffc6f57828e8p-210,0x1.222375795b9bap-325,0x1.cffc6f57828e9p-210,1.10145279955036525e-63
22,180,0x1.92a7745458f7fp-211,0x1.222375795b9bap-325,0x1.92a7745458f8p-211,4.77928682893308742e-64
22,181,0x1.5d5ab900a3351p-212,0x1.222375795b9bap-325,0x1.5d5ab900a3352p-212,2.07332389623543163e-64
22,182,0x1.2f0b997ad99a3p-213,0x1.222375795b9bap-325,0x1.2f0b997ad99a4p-213,8.99246024210881608e-65
22,183,0x1.06d1a80dc5086p-214,0x1.222375795b9bap-325,0x1.06d1a80dc5087p-214,3.89939896828549882e-65
22,184,0x1.c7c4ac643f71dp-216,0x1.222375795b9bap-325,0x1.c7c4ac643f71ep-216,1.69053841654029005e-65
22,185,0x1.8b1a518989ba3p-217,0x1.222375795b9bap-325,0x1.8b1a518989ba4p-217,7.32758880308229238e-66
22,186,0x1.5670cc7786c39p-218,0x1.222375795b9bap-325,0x1.5670cc7786c3ap-218,3.17545713410614463e-66
22,187,0x1.28bc5f7ab9d04p-219,0x1.222375795b9bap-325,0x1.28bc5f7ab9d05p-219,1.37581796601599294e-66
22,188,0x1.0113efa8b6831p-220,0x1.222375795b9bap-325,0x1.0113efa8b6832p-220,5.95971773494588729e-67
22,189,0x1.bd592c7319a93p-222,0x1.222375795b9bap-325,0x1.bd592c7319a94p-222,2.58107622111799333e-67
22,190,0x1.81ab82c6586e1p-223,0x1.222375795b9bap-325,0x1.81ab82c6586e2p-223,1.11760109640723183e-67
22,191,0x1.4deba595a2122p-224,0x1.222375795b9bap-325,0x1.4deba595a2123p-224,4.83820295024753449e-68
22,192,0x1.210e57ab41503p-225,0x1.222375795b9bap-325,0x1.210e57ab41504p-225,2.09407888017114629e-68
22,193,0x1.f45668487ab0dp-227,0x1.222375795b9bap-325,0x1.f45668487ab0ep-227,9.06179218261964020e-69
22,194,0x1.b0f05ea137328p-228,0x1.222375795b9bap-325,0x1.b0f05ea137329p-228,3.92055613700487335e-69
22,195,0x1.768b54f542704p-229,0x1.222375795b9bap-325,0x1.768b54f542705p-229,1.69587633281148660e-69
22,196,0x1.43f6101e61a76p-230,0x1.222375795b9bap-325,0x1.43f6101e61a77p-230,7.33422127833425489e-70
22,197,0x1.18275fdf096adp-231,0x1.222375795b9bap-325,0x1.18275fdf096aep-231,3.17122870692975455e-70
22,198,0x1.e471d6e90b653p-233,0x1.222375795b9bap-325,0x1.e471d6e90b654p-233,1.37092987610152535e-70
22,199,0x1.a2c5527ff4a9dp-234,0x1.222375795b9bap-325,0x1.a2c5527ff4a9ep-234,5.92539669173325734e-71
22,200,0x1.69edd79547c52p-235,0x1.222375795b9bap-325,0x1.69edd79547c53p-235,2.56055743308524271e-71
22,201,0x1.38bde24760d97p-236,0x1.222375795b9bap-325,0x1.38bde24760d98p-236,1.10628467874083752e-71
22,202,0x1.0e2fc7f3332dp-237,0x1.222375795b9bap-325,0x1.0e2fc7f3332d1p-237,4.77875692616109686e-72
22,203,0x1.d2c0ffa291535p-239,0x1.222375795b9bap-325,0x1.d2c0ffa291536p-239,2.06385426433480949e-72
22,204,0x1.931631354cc7bp-240,0x1.222375795b9bap-325,0x1.931631354cc7cp-240,8.91167893240562465e-73
22,205,0x1.5c098a1153a36p-241,0x1.222375795b9bap-325,0x1.5c098a1153a37p-241,3.84730683735565945e-73
22,206,0x1.2c72d7a3d7f12p-242,0x1.222375795b9bap-325,0x1.2c72d7a3d7f13p-242,1.66062385717401207e-73
22,207,0x1.035154769afcap-243,0x1.222375795b9bap-325,0x1.035154769afcbp-243,7.16643623627842869e-74
22,208,0x1.bf8ce9ea5199bp-245,0x1.222375795b9bap-325,0x1.bf8ce9ea5199cp-245,3.09209685885937669e-74
22,209,0x1.8222c424de4afp-246,0x1.222375795b9bap-325,0x1.8222c424de4bp-246,1.33389356030633048e-74
22,210,0x1.4d1616aa86d4fp-247,0x1.222375795b9bap-325,0x1.4d1616aa86d5p-247,5.75317857293136478e-75
22,211,0x1.1f4579637f2a5p-248,0x1.222375795b9bap-325,0x1.1f4579637f2a6p-248,2.48092408890888014e-75
22,212,0x1.ef6c9c5f6e995p-250,0x1.222375795b9bap-325,0x1.ef6c9c5f6e996p-250,1.06964185619777645e-75
22,213,0x1.ab1f33437e64fp-251,0x1.222375795b9bap-325,0x1.ab1f33437e65p-251,4.61087064306908831e-76
22,214,0x1.702b12bd80673p-252,0x1.222375795b9bap-325,0x1.702b12bd80674p-252,1.98722694015831792e-76
22,215,0x1.3d4b23054e4fp-253,0x1.222375795b9bap-325,0x1.3d4b23054e4f1p-253,8.56312554504423087e-77
22,216,0x1.11661aa4eb964p-254,0x1.222375795b9bap-325,0x1.11661aa4eb965p-254,3.68924765633975029e-77
22,217,0x1.d71148497a17fp-256,0x1.222375795b9bap-325,0x1.d71148497a18p-256,1.58914781672594386e-77
22,218,0x1.95c09437176b3p-257,0x1.222375795b9bap-325,0x1.95c09437176b4p-257,6.84403305205941917e-78
22,219,0x1.5d6e1f3c1c0e4p-258,0x1.222375795b9bap-325,0x1.5d6e1f3c1c0e5p-258,2.94700956586664130e-78
22,220,0x1.2cdf3cd453c97p-259,0x1.222375795b9bap-325,0x1.2cdf3cd453c98p-259,1.26874096431922714e-78
22,221,0x1.0303ee3744c61p-260,0x1.222375795b9bap-325,0x1.0303ee3744c62p-260,5.46118225673450246e-79
22,222,0x1.bde24922003bfp-262,0x1.222375795b9bap-325,0x1.bde24922003cp-262,2.35029831654502103e-79
22,223,0x1.7fb78e7e294f4p-263,0x1.222375795b9bap-325,0x1.7fb78e7e294f5p-263,1.01130518953258279e-79
22,224,0x1.4a28c85581688p-264,0x1.222375795b9bap-325,0x1.4a28c85581689p-264,4.35075595707276575e-80
22,225,0x1.1c06e77a47097p-265,0x1.222375795b9bap-325,0x1.1c06e77a47098p-265,1.87141783400492469e-80
22,226,0x1.e8987375f37dbp-267,0x1.222375795b9bap-325,0x1.e8987375f37dcp-267,8.04823531168221860e-81
22,227,0x1.a42d9feb85adbp-268,0x1.222375795b9bap-325,0x1.a42d9feb85adcp-268,3.46062654828863516e-81
22,228,0x1.6947497af7b87p-269,0x1.222375795b9bap-325,0x1.6947497af7b88p-269,1.48776136341845051e-81
22,229,0x1.3694d3dc27d71p-270,0x1.222375795b9bap-325,0x1.3694d3dc27d72p-270,6.39494170045529266e-82
22,230,0x1.0af3cddee1c4ep-271,0x1.222375795b9bap-325,0x1.0af3cddee1c4fp-271,2.74830529437989623e-82
22,231,0x1.cad35159308d8p-273,0x1.222375795b9bap-325,0x1.cad35159308dap-273,1.18091523950422826e-82
22,232,0x1.8a3c90822e565p-274,0x1.222375795b9bap-325,0x1.8a3c90822e568p-274,5.07338874888424951e-83
22,233,0x1.52aea00bc3c44p-275,0x1.222375795b9bap-325,0x1.52aea00bc3c49p-275,2.17923220834773472e-83
22,234,0x1.22e824af125acp-276,0x1.222375795b9bap-325,0x1.22e824af125b6p-276,9.35912222727644081e-84
22,235,0x1.f3a8345860e03p-278,0x1.222375795b9bap-325,0x1.f3a8345860e28p-278,4.01877098952270202e-84
22,236,0x1.ad07812ab2d63p-279,0x1.222375795b9bap-325,0x1.ad07812ab2dacp-279,1.72535398818692414e-84
22,237,0x1.7052b9cc4e343p-280,0x1.222375795b9bap-325,0x1.7052b9cc4e3d5p-280,7.40611177174211267e-85
22,238,0x1.3c2760d6a73a3p-281,0x1.222375795b9bap-325,0x1.3c2760d6a74c6p-281,3.17855469282346494e-85
22,239,0x1.0f541c9bc2fep-282,0x1.222375795b9bap-325,0x1.0f541c9bc3225p-282,1.36394472279732945e-85
22,240,0x1.d1a3e78791f74p-284,0x1.222375795b9bap-325,0x1.d1a3e78792886p-284,5.85183108188988574e-86
22,241,0x1.8f7cecd9a946dp-285,0x1.222375795b9bap-325,0x1.8f7cecd9aa69p-285,2.51023856192124675e-86
22,242,0x1.56ad677f9f90dp-286,0x1.222375795b9bap-325,0x1.56ad677fa1d52p-286,1.07663052236709078e-86
22,243,0x1.25e5c0778ab54p-287,0x1.222375795b9bap-325,0x1.25e5c0778f3ddp-287,4.61686444780661174e-87
22,244,0x1.f80a52d399f92p-289,0x1.222375795b9bap-325,0x1.f80a52d3ac1b6p-289,1.97950485781539418e-87
22,245,0x1.b026450328d3bp-290,0x1.222375795b9bap-325,0x1.b02645034d182p-290,8.48584896042600257e-88
22,246,0x1.7273c85c689a8p-291,0x1.222375795b9bap-325,0x1.7273c85cb1236p-291,3.63716969495342761e-88
22,247,0x1.3d831b6e24e16p-292,0x1.222375795b9bap-325,0x1.3d831b6eb5f32p-292,1.55869675854975103e-88
22,248,0x1.1017fb814f3d3p-293,0x1.222375795b9bap-325,0x1.1017fb827160bp-293,6.67866656853727278e-89
22,249,0x1.d244f6159d48ep-295,0x1.222375795b9bap-325,0x1.d244f61a25d6cp-295,2.86119995938695722e-89
22,250,0x1.8f71aab1dc238p-296,0x1.222375795b9bap-325,0x1.8f71aabaed3f3p-296,1.22556749127909500e-89
22,251,0x1.5624398a80a32p-297,0x1.222375795b9bap-325,0x1.5624399ca2da8p-297,5.24876444350531071e-90
22,252,0x1.25034ad941a8bp-298,0x1.222375795b9bap-325,0x1.25034afd86176p-298,2.24754301727868177e-90
22,253,0x1.f5cc4a12e666ap-300,0x1.222375795b9bap-325,0x1.f5cc4aa3f8216p-300,9.62255215254809310e-91
22,254,0x1.ad9bbfbbc1f4fp-301,0x1.222375795b9bap-325,0x1.ad9bc0dde56a7p-301,4.11911688737192827e-91
22,255,0x1.6fbf12daeecafp-302,0x1.222375795b9bap-325,0x1.6fbf151f35b5fp-302,1.76298977333230848e-91
22,256,0x1.3abe373604e06p-303,0x1.222375795b9bap-325,0x1.3abe3bbe92b65p-303,7.54444966393963615e-92
22,257,0x1.0d564a7a094e1p-304,0x1.222375795b9bap-325,0x1.0d56538b24f9ep-304,3.22803112483303821e-92
22,258,0x1.cce438718f303p-306,0x1.222375795b9bap-325,0x1.cce45cb5fddf6p-306,1.38095831303937745e-92
22,259,0x1.8a47816245196p-307,0x1.222375795b9bap-325,0x1.8a47c9eb2277cp-307,5.90685869381941165e-93
22,260,0x1.513e12c044705p-308,0x1.222375795b9bap-325,0x1.513ea3d1ff2dp-308,2.52619276449120142e-93
22,261,0x1.206986d0b6af8p-309,0x1.222375795b9bap-325,0x1.206aa8f42c28ep-309,1.08021869301666249e-93
22,262,0x1.ed3a80d739ecp-311,0x1.222375795b9bap-325,0x1.ed3f09650fd17p-311,4.61843849057066303e-94
22,263,0x1.a5aec1e46e909p-312,0x1.222375795b9bap-325,0x1.a5b7d3001a5b7p-312,1.97434748558204285e-94
22,264,0x1.687572cb0cb9ep-313,0x1.222375795b9bap-325,0x1.68879502644fap-313,8.43941492595942277e-95
22,265,0x1.34132449349fap-314,0x1.222375795b9bap-325,0x1.343768b7e3cb2p-314,3.60742406720489836e-95
22,266,0x1.074251762f2ebp-315,0x1.222375795b9bap-325,0x1.078ada538d85ap-315,1.54227524245323924e-95
22,267,0x1.c1d71681aeb59p-317,0x1.222375795b9bap-325,0x1.c2f939f728113p-317,6.59785050699962193e-96
22,268,0x1.803d31ce8f414p-318,0x1.222375795b9bap-325,0x1.828178b981f88p-318,2.82733566102826427e-96
22,269,0x1.48189df8eed91p-319,0x1.222375795b9bap-325,0x1.4ca12bced4478p-319,1.21661251154061614e-96
22,270,0x1.1801a9159c86p-320,0x1.222375795b9bap-325,0x1.2112c4c16762ep-320,5.28651446265451693e-97
22,271,0x1.dd77efc6c9986p-322,0x1.222375795b9bap-325,0x1.00de2f3afa85fp-321,2.34877424218449041e-97
22,272,0x1.9654f1a846054p-323,0x1.222375795b9bap-325,0x1.deddcf069cec3p-323,1.09467660654451619e-97
22,273,0x1.5883107b6aa68p-324,0x1.222375795b9bap-325,0x1.e994cb3818745p-324,5.59585168186768849e-98
22,274,0x1.21ecbb0b13e37p-325,0x1.222375795b9bap-325,0x1.2208184237bf9p-324,3.31502484913562894e-98
22,275,0x1.e0b0a79acbc67p-327,0x1.222375795b9bap-325,0x1.9a4f9f600e8d4p-325,2.34490164395533683e-98
22,276,0x1.828ff1e5736ddp-328,0x1.222375795b9bap-325,0x1.527573b60a096p-325,1.93427068640416992e-98
22,277,0x1.2407bab4e5058p-329,0x1.222375795b9bap-325,0x1.3463f124a9ecp-325,1.76243168426706332e-98
22,278,0x1.80e890e3d95cbp-331,0x1.222375795b9bap-325,0x1.282717bceb012p-325,1.69249404404653908e-98
22,279,0x1.6263d45bbad1cp-333,0x1.222375795b9bap-325,0x1.2385d94db7568p-325,1.66603469218413257e-98
22,280,0x0p+0,0x1.222375795b9bap-325,0x1.222375795b9bap-325,1.65812330048830421e-98
23,0,0x1.35816f948c94ap-2,0x1.a6266a9ef57b8p-314,0x1.35816f948c94bp-2,3.02251571122856333e-01
23,1,0x1.25832bc3102b5p-3,0x1.a6266a9ef57b8p-314,0x1.25832bc3102b6p-3,1.43316594972949297e-01
23,2,0x1.1a0c7231d34e6p-4,0x1.a6266a9ef57b8p-314,0x1.1a0c7231d34e7p-4,6.88595257499461239e-02
23,3,0x1.1240a610ae0afp-5,0x1.a6266a9ef57b8p-314,0x1.1240a610ae0bp-5,3.34780925235816929e-02
23,4,0x1.0c79ec03233f8p-6,0x1.a6266a9ef57b8p-314,0x1.0c79ec03233f9p-6,1.63864903266137431e-02
23,5,0x1.077a66b7d6c8bp-7,0x1.a6266a9ef57b8p-314,0x1.077a66b7d6c8cp-7,8.04071441205269494e-03
23,6,0x1.028fe3df021cbp-8,0x1.a6266a9ef57b8p-314,0x1.028fe3df021ccp-8,3.94534409770881320e-03
23,7,0x1.facf66d94d168p-10,0x1.a6266a9ef57b8p-314,0x1.facf66d94d169p-10,1.93332734336334523e-03
23,8,0x1.efc6cb7f9f94ep-11,0x1.a6266a9ef57b8p-314,0x1.efc6cb7f9f94fp-11,9.45618710787058076e-04
23,9,0x1.e3fc8f5366bbdp-12,0x1.a6266a9ef57b8p-314,0x1.e3fc8f5366bbep-12,4.61565553644124080e-04
23,10,0x1.d77f0cd43d1f7p-13,0x1.a6266a9ef57b8p-314,0x1.d77f0cd43d1f8p-13,2.24826950791303998e-04
23,11,0x1.ca66a6f7ca79p-14,0x1.a6266a9ef57b8p-314,0x1.ca66a6f7ca791p-14,1.09291311556929000e-04
23,12,0x1.bccf1355089ecp-15,0x1.a6266a9ef57b8p-314,0x1.bccf1355089edp-15,5.30253516120188329e-05
23,13,0x1.aed419a27755bp-16,0x1.a6266a9ef57b8p-314,0x1.aed419a27755cp-16,2.56793806644358547e-05
23,14,0x1.a0900e27debecp-17,0x1.a6266a9ef57b8p-314,0x1.a0900e27debedp-17,1.24145363569107642e-05
23,15,0x1.921b2c4491d5fp-18,0x1.a6266a9ef57b8p-314,0x1.921b2c4491d6p-18,5.99184847211524353e-06
23,16,0x1.838b61b34e51p-19,0x1.a6266a9ef57b8p-314,0x1.838b61b34e511p-19,2.88743123069409277e-06
23,17,0x1.74f450fea5d92p-20,0x1.a6266a9ef57b8p-314,0x1.74f450fea5d93p-20,1.38936326236024261e-06
23,18,0x1.66676d63dffc9p-21,0x1.a6266a9ef57b8p-314,0x1.66676d63dffcap-21,6.67579496113618166e-07
23,19,0x1.57f420f775dbdp-22,0x1.a6266a9ef57b8p-314,0x1.57f420f775dbep-22,3.20331778406201322e-07
23,20,0x1.49a7f587a550ep-23,0x1.a6266a9ef57b8p-314,0x1.49a7f587a550fp-23,1.53508079349267309e-07
23,21,0x1.3b8ebcb6b5727p-24,0x1.a6266a9ef57b8p-314,0x1.3b8ebcb6b5728p-24,7.34714714443859605e-08
23,22,0x1.2db2b5cfda0cfp-25,0x1.a6266a9ef57b8p-314,0x1.2db2b5cfda0dp-25,3.51222798612144176e-08
23,23,0x1.201cb0daf0d67p-26,0x1.a6266a9ef57b8p-314,0x1.201cb0daf0d68p-26,1.67703298849962886e-08
23,24,0x1.12d42eeb14686p-27,0x1.a6266a9ef57b8p-314,0x1.12d42eeb14687p-27,7.99857199064397706e-09
23,25,0x1.05df7fd5ceb9ap-28,0x1.a6266a9ef57b8p-314,0x1.05df7fd5ceb9bp-28,3.81075434212299689e-09
23,26,0x1.f287bb20a1c33p-30,0x1.a6266a9ef57b8p-314,0x1.f287bb20a1c34p-30,1.81364229897941781e-09
23,27,0x1.da0b0ae028b95p-31,0x1.a6266a9ef57b8p-314,0x1.da0b0ae028b96p-31,8.62279438840801737e-10
23,28,0x1.c24f9f0c17fe2p-32,0x1.a6266a9ef57b8p-314,0x1.c24f9f0c17fe3p-32,4.09555487402306392e-10
23,29,0x1.ab5a88872c477p-33,0x1.a6266a9ef57b8p-314,0x1.ab5a88872c478p-33,1.94337938297507718e-10
23,30,0x1.952f612174a58p-34,0x1.a6266a9ef57b8p-314,0x1.952f612174a59p-34,9.21284199299978521e-11
23,31,0x1.7fd070e94b68ap-35,0x1.a6266a9ef57b8p-314,0x1.7fd070e94b68bp-35,4.36346252729225335e-11
23,32,0x1.6b3ed0d7fca71p-36,0x1.a6266a9ef57b8p-314,0x1.6b3ed0d7fca72p-36,2.06481089550123300e-11
23,33,0x1.577a8b08ddd7bp-37,0x1.a6266a9ef57b8p-314,0x1.577a8b08ddd7cp-37,9.76225135219035114e-12
23,34,0x1.4482b8a31c0a9p-38,0x1.a6266a9ef57b8p-314,0x1.4482b8a31c0aap-38,4.61157341418461215e-12
23,35,0x1.32559d9994adcp-39,0x1.a6266a9ef57b8p-314,0x1.32559d9994addp-39,2.17663708237133222e-12
23,36,0x1.20f0c2604e944p-40,0x1.a6266a9ef57b8p-314,0x1.20f0c2604e945p-40,1.02652274572328290e-12
23,37,0x1.10510bb453e6dp-41,0x1.a6266a9ef57b8p-314,0x1.10510bb453e6ep-41,4.83731427971624353e-13
23,38,0x1.0072d0908660dp-42,0x1.a6266a9ef57b8p-314,0x1.0072d0908660ep-42,2.27772018972488565e-13
23,39,0x1.e2a3dcd0bf06fp-44,0x1.a6266a9ef57b8p-314,0x1.e2a3dcd0bf07p-44,1.07167627688883745e-13
23,40,0x1.c5d3b780859c5p-45,0x1.a6266a9ef57b8p-314,0x1.c5d3b780859c6p-45,5.03849205434227695e-14
23,41,0x1.aa6b7273fb707p-46,0x1.a6266a9ef57b8p-314,0x1.aa6b7273fb708p-46,2.36710492965158717e-14
23,42,0x1.9060c25668182p-47,0x1.a6266a9ef57b8p-314,0x1.9060c25668183p-47,1.11127208922510701e-14
23,43,0x1.77a8eba570ccp-48,0x1.a6266a9ef57b8p-314,0x1.77a8eba570cc1p-48,5.21332762621421894e-15
23,44,0x1.6038dc824a146p-49,0x1.a6266a9ef57b8p-314,0x1.6038dc824a147p-49,2.44403188450929584e-15
23,45,0x1.4a054410d22eep-50,0x1.a6266a9ef57b8p-314,0x1.4a054410d22efp-50,1.14498886014900607e-15
23,46,0x1.3502a78ac7539p-51,0x1.a6266a9ef57b8p-314,0x1.3502a78ac753ap-51,5.36047541406555908e-16
23,47,0x1.2125752c1bd93p-52,0x1.a6266a9ef57b8p-314,0x1.2125752c1bd94p-52,2.50794453917319632e-16
23,48,0x1.0e62151c37bbfp-53,0x1.a6266a9ef57b8p-314,0x1.0e62151c37bcp-53,1.17259992781850001e-16
23,49,0x1.f959f0ed802f8p-55,0x1.a6266a9ef57b8p-314,0x1.f959f0ed802f9p-55,5.47903012581772830e-17
23,50,0x1.d7f54d2a8054fp-56,0x1.a6266a9ef57b8p-314,0x1.d7f54d2a8055p-56,2.55849057602892192e-17
23,51,0x1.b87f917397dfcp-57,0x1.a6266a9ef57b8p-314,0x1.b87f917397dfdp-57,1.19397307027236027e-17
23,52,0x1.9ae26872d54dfp-58,0x1.a6266a9ef57b8p-314,0x1.9ae26872d54ep-58,5.56852207382564115e-18
23,53,0x1.7f07e68790e5p-59,0x1.a6266a9ef57b8p-314,0x1.7f07e68790e51p-59,2.59551807504166844e-18
23,54,0x1.64da98c8b60bfp-60,0x1.a6266a9ef57b8p-314,0x1.64da98c8b60cp-60,1.20906802161581591e-18
23,55,0x1.4c4591af9edefp-61,0x1.a6266a9ef57b8p-314,0x1.4c4591af9edfp-61,5.62890246570283202e-19
23,56,0x1.3534739e803acp-62,0x1.a6266a9ef57b8p-314,0x1.3534739e803adp-62,2.61906728611403346e-19
23,57,0x1.1f937972b7e27p-63,0x1.a6266a9ef57b8p-314,0x1.1f937972b7e28p-63,1.21793203871152513e-19
23,58,0x1.0b4f7d50a638cp-64,0x1.a6266a9ef57b8p-314,0x1.0b4f7d50a638dp-64,5.66052014123370423e-20
23,59,0x1.f0abfba838f73p-66,0x1.a6266a9ef57b8p-314,0x1.f0abfba838f74p-66,2.62935866230719423e-20
23,60,0x1.cd2a439ba4ecap-67,0x1.a6266a9ef57b8p-314,0x1.cd2a439ba4ecbp-67,1.22069384012459671e-20
23,61,0x1.abf775679bafep-68,0x1.a6266a9ef57b8p-314,0x1.abf775679baffp-68,5.66409125536282726e-21
23,62,0x1.8cf28bd0587c3p-69,0x1.a6266a9ef57b8p-314,0x1.8cf28bd0587c4p-69,2.62677785154151706e-21
23,63,0x1.6ffbd9eeb3492p-70,0x1.a6266a9ef57b8p-314,0x1.6ffbd9eeb3493p-70,1.21755624096829343e-21
23,64,0x1.54f509d8d24d4p-71,0x1.a6266a9ef57b8p-314,0x1.54f509d8d24d5p-71,5.64066340499464128e-22
23,65,0x1.3bc119b00ea8cp-72,0x1.a6266a9ef57b8p-314,0x1.3bc119b00ea8dp-72,2.61185833812541622e-22
23,66,0x1.24445748aa27dp-73,0x1.a6266a9ef57b8p-314,0x1.24445748aa27ep-73,1.20878780196359214e-22
23,67,0x1.0e645a9bd226cp-74,0x1.a6266a9ef57b8p-314,0x1.0e645a9bd226dp-74,5.59157566145908161e-23
23,68,0x1.f40ffe60f3a4fp-76,0x1.a6266a9ef57b8p-314,0x1.f40ffe60f3a5p-76,2.58526240375836935e-23
23,69,0x1.ce2eb947aa876p-77,0x1.a6266a9ef57b8p-314,0x1.ce2eb947aa877p-77,1.19471379867971666e-23
23,70,0x1.aaf77ced5f9f5p-78,0x1.a6266a9ef57b8p-314,0x1.aaf77ced5f9f6p-78,5.51841590304979847e-24
23,71,0x1.8a3f3682f4e48p-79,0x1.a6266a9ef57b8p-314,0x1.8a3f3682f4e49p-79,2.54776104185347644e-24
23,72,0x1.6bdd16db86715p-80,0x1.a6266a9ef57b8p-314,0x1.6bdd16db86716p-80,1.17570679832966650e-24
23,73,0x1.4faa7f2196faep-81,0x1.a6266a9ef57b8p-314,0x1.4faa7f2196fafp-81,5.42297674711426808e-25
23,74,0x1.3582ed004f8b4p-82,0x1.a6266a9ef57b8p-314,0x1.3582ed004f8b5p-82,2.50021341122626844e-25
23,75,0x1.1d43e66d7014bp-83,0x1.a6266a9ef57b8p-314,0x1.1d43e66d7014cp-83,1.15217710770208329e-25
23,76,0x1.06cce53bb1e64p-84,0x1.a6266a9ef57b8p-314,0x1.06cce53bb1e65p-84,5.30721126389318825e-26
23,77,0x1.e3fe8531b2184p-86,0x1.a6266a9ef57b8p-314,0x1.e3fe8531b2185p-86,2.44354635786940003e-26
23,78,0x1.bd7c452d06104p-87,0x1.a6266a9ef57b8p-314,0x1.bd7c452d06105p-87,1.12456332799554803e-26
23,79,0x1.99dcbfb1c977ep-88,0x1.a6266a9ef57b8p-314,0x1.99dcbfb1c977fp-88,5.17318952022709076e-27
23,80,0x1.78ecef0636717p-89,0x1.a6266a9ef57b8p-314,0x1.78ecef0636718p-89,2.37873446928059039e-27
23,81,0x1.5a7ceaeadfa78p-90,0x1.a6266a9ef57b8p-314,0x1.5a7ceaeadfa79p-90,1.09332322169474462e-27
23,82,0x1.3e5fc1dde716ep-91,0x1.a6266a9ef57b8p-314,0x1.3e5fc1dde716fp-91,5.02305685597277097e-28
23,83,0x1.246b53423985bp-92,0x1.a6266a9ef57b8p-314,0x1.246b53423985cp-92,2.30678105721043487e-28
23,84,0x1.0c782a833176fp-93,0x1.a6266a9ef57b8p-314,0x1.0c782a833177p-93,1.05892506436919786e-28
23,85,0x1.ecc2b69111712p-95,0x1.a6266a9ef57b8p-314,0x1.ecc2b69111713p-95,4.85899464487322746e-29
23,86,0x1.c408bd94e7b2cp-96,0x1.a6266a9ef57b8p-314,0x1.c408bd94e7b2dp-96,2.22870039418384468e-29
23,87,0x1.9e81e4a43f91ap-97,0x1.a6266a9ef57b8p-314,0x1.9e81e4a43f91bp-97,1.02183962148471846e-29
23,88,0x1.7bf1eddf10e92p-98,0x1.a6266a9ef57b8p-314,0x1.7bf1eddf10e93p-98,4.68318413964945258e-30
23,89,0x1.5c20a4d5710cp-99,0x1.a6266a9ef57b8p-314,0x1.5c20a4d5710c1p-99,2.14550145893932092e-30
23,90,0x1.3ed9a2e7df947p-100,0x1.a6266a9ef57b8p-314,0x1.3ed9a2e7df948p-100,9.82532857983104184e-31
23,91,0x1.23ec1627d1f5ap-101,0x1.a6266a9ef57b8p-314,0x1.23ec1627d1f5bp-101,4.49777385261752160e-31
23,92,0x1.0b2a8ab6f4bdap-102,0x1.a6266a9ef57b8p-314,0x1.0b2a8ab6f4bdbp-102,2.05817337796289745e-31
23,93,0x1.e8d56d40453afp-104,0x1.a6266a9ef57b8p-314,0x1.e8d56d40453bp-104,9.41459457360001738e-32
23,94,0x1.bf0a9044260d5p-105,0x1.a6266a9ef57b8p-314,0x1.bf0a9044260d6p-105,4.30485078191145202e-32
23,95,0x1.98ab6cc263cd9p-106,0x1.a6266a9ef57b8p-314,0x1.98ab6cc263cdap-106,1.96767268619285123e-32
23,96,0x1.757428e7cc172p-107,0x1.a6266a9ef57b8p-314,0x1.757428e7cc173p-107,8.99057197957321447e-33
23,97,0x1.5525cd75751a7p-108,0x1.a6266a9ef57b8p-314,0x1.5525cd75751a8p-108,4.10641566243951534e-33
23,98,0x1.3785f4e8c154fp-109,0x1.a6266a9ef57b8p-314,0x1.3785f4e8c155p-109,1.87491247103242896e-33
23,99,0x1.1c5e7ef89530dp-110,0x1.a6266a9ef57b8p-314,0x1.1c5e7ef89530ep-110,8.55742207735215768e-34
23,100,0x1.037d48435a936p-111,0x1.a6266a9ef57b8p-314,0x1.037d48435a937p-111,3.90436230233298321e-34
23,101,0x1.d967cc10006a4p-113,0x1.a6266a9ef57b8p-314,0x1.d967cc10006a5p-113,1.78075341099474599e-34
23,102,0x1.afaecb863c36ep-114,0x1.a6266a9ef57b8p-314,0x1.afaecb863c36fp-114,8.11905095296144084e-35
23,103,0x1.8980211183455p-115,0x1.a6266a9ef57b8p-314,0x1.8980211183456p-115,3.70046096147258292e-35
23,104,0x1.669263e61e29ap-116,0x1.a6266a9ef57b8p-314,0x1.669263e61e29bp-116,1.68599667425973559e-35
23,105,0x1.46a1c4fbb51c3p-117,0x1.a6266a9ef57b8p-314,0x1.46a1c4fbb51c4p-117,7.67907934651177750e-36
23,106,0x1.296faa4f191adp-118,0x1.a6266a9ef57b8p-314,0x1.296faa4f191aep-118,3.49634563965354556e-36
23,107,0x1.0ec250601ef85p-119,0x1.a6266a9ef57b8p-314,0x1.0ec250601ef86p-119,1.59137860349543256e-36
23,108,0x1.ecc8e33c6b61p-121,0x1.a6266a9ef57b8p-314,0x1.ecc8e33c6b611p-121,7.24082064265309275e-37
23,109,0x1.c049e6efbdf61p-122,0x1.a6266a9ef57b8p-314,0x1.c049e6efbdf62p-122,3.29350506843467404e-37
23,110,0x1.97ad3185e161dp-123,0x1.a6266a9ef57b8p-314,0x1.97ad3185e161ep-123,1.49756708156610747e-37
23,111,0x1.729f726af76a4p-124,0x1.a6266a9ef57b8p-314,0x1.729f726af76a5p-124,6.80726647293779335e-38
23,112,0x1.50d3fb52ae788p-125,0x1.a6266a9ef57b8p-314,0x1.50d3fb52ae789p-125,3.09327714254325347e-38
23,113,0x1.320441cd28901p-126,0x1.a6266a9ef57b8p-314,0x1.320441cd28902p-126,1.40515944806869095e-38
23,114,0x1.15ef6966f9618p-127,0x1.a6266a9ef57b8p-314,0x1.15ef6966f9619p-127,6.38107929525143058e-39
23,115,0x1.f8b3abaccf0a4p-129,0x1.a6266a9ef57b8p-314,0x1.f8b3abaccf0a5p-129,2.89684648327615976e-39
23,116,0x1.ca19897a374b5p-130,0x1.a6266a9ef57b8p-314,0x1.ca19897a374b6p-130,1.31468181866905868e-39
23,117,0x1.9fabdd14ea21dp-131,0x1.a6266a9ef57b8p-314,0x1.9fabdd14ea21ep-131,5.96459124196624051e-40
23,118,0x1.790e5c1f97a9p-132,0x1.a6266a9ef57b8p-314,0x1.790e5c1f97a91p-132,2.70524479669131651e-40
23,119,0x1.55ec5cb9e92e5p-133,0x1.a6266a9ef57b8p-314,0x1.55ec5cb9e92e6p-133,1.22658964746083475e-40
23,120,0x1.35f83d00b4812p-134,0x1.a6266a9ef57b8p-314,0x1.35f83d00b4813p-134,5.55980848296645188e-41
23,121,0x1.18ead595ddefep-135,0x1.a6266a9ef57b8p-314,0x1.18ead595ddeffp-135,2.51935367230100973e-41
23,122,0x1.fd05ecf42e50dp-137,0x1.a6266a9ef57b8p-314,0x1.fd05ecf42e50ep-137,1.14126936644268493e-41
23,123,0x1.cd09db1837348p-138,0x1.a6266a9ef57b8p-314,0x1.cd09db1837349p-138,5.16842032927387424e-42
23,124,0x1.a1742c147a9bp-139,0x1.a6266a9ef57b8p-314,0x1.a1742c147a9b1p-139,2.33990946205501512e-42
23,125,0x1.79e0e0f802ae7p-140,0x1.a6266a9ef57b8p-314,0x1.79e0e0f802ae8p-140,1.05904093503180434e-42
23,126,0x1.55f484e459085p-141,0x1.a6266a9ef57b8p-314,0x1.55f484e459086p-141,4.79181230445602908e-43
23,127,0x1.355b7b27e7b0ap-142,0x1.a6266a9ef57b8p-314,0x1.355b7b27e7b0bp-142,2.16750988311679055e-43
23,128,0x1.17c95af00d4c4p-143,0x1.a6266a9ef57b8p-314,0x1.17c95af00d4c5p-143,9.80161135586673233e-44
23,129,0x1.f9f0af3f5ddeep-145,0x1.a6266a9ef57b8p-314,0x1.f9f0af3f5ddefp-145,4.43108243098477240e-44
23,130,0x1.c95169cb93cc4p-146,0x1.a6266a9ef57b8p-314,0x1.c95169cb93cc5p-146,2.00262199973311926e-44
23,131,0x1.9d408b7b2ffcdp-147,0x1.a6266a9ef57b8p-314,0x1.9d408b7b2ffcep-147,9.04827457477631843e-45
23,132,0x1.7553eb1e844e2p-148,0x1.a6266a9ef57b8p-314,0x1.7553eb1e844e3p-148,4.08706001387637208e-45
23,133,0x1.512ab569c265cp-149,0x1.a6266a9ef57b8p-314,0x1.512ab569c265dp-149,1.84559125782617685e-45
23,134,0x1.306ca3675b64ep-150,0x1.a6266a9ef57b8p-314,0x1.306ca3675b64fp-150,8.33182421606139786e-46
23,135,0x1.12c9410982c79p-151,0x1.a6266a9ef57b8p-314,0x1.12c9410982c7ap-151,3.76032625101965946e-46
23,136,0x1.efee854ec9d0ap-153,0x1.a6266a9ef57b8p-314,0x1.efee854ec9d0bp-153,1.69665126930956354e-46
23,137,0x1.bf67d08e7bfd9p-154,0x1.a6266a9ef57b8p-314,0x1.bf67d08e7bfdap-154,7.65318208756742889e-47
23,138,0x1.9384db53ea342p-155,0x1.a6266a9ef57b8p-314,0x1.9384db53ea343p-155,3.45123605551902396e-47
23,139,0x1.6bd70c3e72c5cp-156,0x1.a6266a9ef57b8p-314,0x1.6bd70c3e72c5dp-156,1.55593407015501871e-47
23,140,0x1.47f9c674d2b84p-157,0x1.a6266a9ef57b8p-314,0x1.47f9c674d2b85p-157,7.01281468140380213e-48
23,141,0x1.27918b219ce46p-158,0x1.a6266a9ef57b8p-314,0x1.27918b219ce47p-158,3.15994053730747038e-48
23,142,0x1.0a4b2d71fbf0bp-159,0x1.a6266a9ef57b8p-314,0x1.0a4b2d71fbf0cp-159,1.42348060564257400e-48
23,143,0x1.dfb62f461a8bap-161,0x1.a6266a9ef57b8p-314,0x1.dfb62f461a8bbp-161,6.41078196385796570e-49
23,144,0x1.aff93f8a067b8p-162,0x1.a6266a9ef57b8p-314,0x1.aff93f8a067b9p-162,2.88640965669280940e-49
23,145,0x1.84e2d5e8ce54ap-163,0x1.a6266a9ef57b8p-314,0x1.84e2d5e8ce54bp-163,1.29925122688888190e-49
23,146,0x1.5e01bbc2bbdcbp-164,0x1.a6266a9ef57b8p-314,0x1.5e01bbc2bbdccp-164,5.84678591557440202e-50
23,147,0x1.3aef3325a249bp-165,0x1.a6266a9ef57b8p-314,0x1.3aef3325a249cp-165,2.63045462916794825e-50
23,148,0x1.1b4e06cfcf8a4p-166,0x1.a6266a9ef57b8p-314,0x1.1b4e06cfcf8a5p-166,1.18313601368557864e-50
23,149,0x1.fd935db581db1p-168,0x1.a6266a9ef57b8p-314,0x1.fd935db581db2p-168,5.32021801092498443e-51
23,150,0x1.ca2b10b8e2b3ap-169,0x1.a6266a9ef57b8p-314,0x1.ca2b10b8e2b3bp-169,2.39174972686335706e-51
23,151,0x1.9bd83cdea5a7fp-170,0x1.a6266a9ef57b8p-314,0x1.9bd83cdea5a8p-170,1.07496476907318044e-51
23,152,0x1.721d065fde002p-171,0x1.a6266a9ef57b8p-314,0x1.721d065fde003p-171,4.83020496500424620e-52
23,153,0x1.4c876eb7cba6bp-172,0x1.a6266a9ef57b8p-314,0x1.4c876eb7cba6cp-172,2.16985318589558818e-52
23,154,0x1.2ab03eb1617b7p-173,0x1.a6266a9ef57b8p-314,0x1.2ab03eb1617b8p-173,9.74516560253337798e-53
23,155,0x1.0c3a0902a71c9p-174,0x1.a6266a9ef57b8p-314,0x1.0c3a0902a71cap-174,4.37565220965775966e-53
23,156,0x1.e1a086c468f36p-176,0x1.a6266a9ef57b8p-314,0x1.e1a086c468f37p-176,1.96422698933495828e-53
23,157,0x1.b04ce85b23a41p-177,0x1.a6266a9ef57b8p-314,0x1.b04ce85b23a42p-177,8.81528707881112403e-54
23,158,0x1.83eee5bd57b5ap-178,0x1.a6266a9ef57b8p-314,0x1.83eee5bd57b5bp-178,3.95528468419316249e-54
23,159,0x1.5c097365fd92bp-179,0x1.a6266a9ef57b8p-314,0x1.5c097365fd92cp-179,1.77425535165221588e-54
23,160,0x1.382b8e119c823p-180,0x1.a6266a9ef57b8p-314,0x1.382b8e119c824p-180,7.95705151090174290e-55
23,161,0x1.17ef1a2bc67f8p-181,0x1.a6266a9ef57b8p-314,0x1.17ef1a2bc67f9p-181,3.56768464031258716e-55
23,162,0x1.f5efbae025437p-183,0x1.a6266a9ef57b8p-314,0x1.f5efbae025438p-183,1.59926178164439768e-55
23,163,0x1.c1e520e82ee62p-184,0x1.a6266a9ef57b8p-314,0x1.c1e520e82ee63p-184,7.16724138521124046e-56
23,164,0x1.93280c01a8418p-185,0x1.a6266a9ef57b8p-314,0x1.93280c01a8419p-185,3.21132626329349599e-56
23,165,0x1.6930cc9e1d276p-186,0x1.a6266a9ef57b8p-314,0x1.6930cc9e1d277p-186,1.43852464657815758e-56
23,166,0x1.4384f8c767e8cp-187,0x1.a6266a9ef57b8p-314,0x1.4384f8c767e8dp-187,6.44245215991540183e-57
23,167,0x1.21b627df05deap-188,0x1.a6266a9ef57b8p-314,0x1.21b627df05debp-188,2.88460700195391565e-57
23,168,0x1.0360cc70e25ep-189,0x1.a6266a9ef57b8p-314,0x1.0360cc70e25e1p-189,1.29129120041962368e-57
23,169,0x1.d05652ce484f8p-191,0x1.a6266a9ef57b8p-314,0x1.d05652ce484f9p-191,5.77915499200489238e-58
23,170,0x1.9f88c04fe6d3ap-192,0x1.a6266a9ef57b8p-314,0x1.9f88c04fe6d3bp-192,2.58587557830598509e-58
23,171,0x1.73c72ab97d67p-193,0x1.a6266a9ef57b8p-314,0x1.73c72ab97d671p-193,1.15679007352967368e-58
23,172,0x1.4c8e54a9348cp-194,0x1.a6266a9ef57b8p-314,0x1.4c8e54a9348c1p-194,5.17375235018866003e-59
23,173,0x1.296812428d3ep-195,0x1.a6266a9ef57b8p-314,0x1.296812428d3e1p-195,2.31345671421124049e-59
23,174,0x1.09ea03711609fp-196,0x1.a6266a9ef57b8p-314,0x1.09ea0371160ap-196,1.03424225021788561e-59
23,175,0x1.db68da28ad9bbp-198,0x1.a6266a9ef57b8p-314,0x1.db68da28ad9bcp-198,4.62262667557301011e-60
23,176,0x1.a8e25c78726e5p-199,0x1.a6266a9ef57b8p-314,0x1.a8e25c78726e6p-199,2.06567266725524303e-60
23,177,0x1.7ba59dbbe324dp-200,0x1.a6266a9ef57b8p-314,0x1.7ba59dbbe324ep-200,9.22870584319456436e-61
23,178,0x1.53274b495154ep-201,0x1.a6266a9ef57b8p-314,0x1.53274b495154fp-201,4.12218235458890674e-61
23,179,0x1.2eea256eaac86p-202,0x1.a6266a9ef57b8p-314,0x1.2eea256eaac87p-202,1.84086171213405005e-61
23,180,0x1.0e7d9afd777c6p-203,0x1.a6266a9ef57b8p-314,0x1.0e7d9afd777c7p-203,8.21907921822031202e-62
23,181,0x1.e2f90e8f203a8p-205,0x1.a6266a9ef57b8p-314,0x1.e2f90e8f203a9p-205,3.66888134899994668e-62
23,182,0x1.af181e9f47909p-206,0x1.a6266a9ef57b8p-314,0x1.af181e9f4790ap-206,1.63739373790945078e-62
23,183,0x1.80b5367832ac2p-207,0x1.a6266a9ef57b8p-314,0x1.80b5367832ac3p-207,7.30603913928170830e-63
23,184,0x1.573dd2bf65c36p-208,0x1.a6266a9ef57b8p-314,0x1.573dd2bf65c37p-208,3.25927288795638877e-63
23,185,0x1.322e70d44d455p-209,0x1.a6266a9ef57b8p-314,0x1.322e70d44d456p-209,1.45368315648365349e-63
23,186,0x1.11110d18405dep-210,0x1.a6266a9ef57b8p-314,0x1.11110d18405dfp-210,6.48230614236278795e-64
23,187,0x1.e6f78e3923284p-212,0x1.a6266a9ef57b8p-314,0x1.e6f78e3923285p-212,2.89001766904557010e-64
23,188,0x1.b21f5029ea5f2p-213,0x1.a6266a9ef57b8p-314,0x1.b21f5029ea5f3p-213,1.28819933454969606e-64
23,189,0x1.82ef10861b033p-214,0x1.a6266a9ef57b8p-314,0x1.82ef10861b034p-214,5.74086960424734842e-65
23,190,0x1.58ce20bd5cd8ep-215,0x1.a6266a9ef57b8p-314,0x1.58ce20bd5cd8fp-215,2.55790704132418507e-65
23,191,0x1.3333a88c1ddc4p-216,0x1.a6266a9ef57b8p-314,0x1.3333a88c1ddc5p-216,1.13947477111471961e-65
23,192,0x1.11a509048ce44p-217,0x1.a6266a9ef57b8p-314,0x1.11a509048ce45p-217,5.07502244401222354e-66
23,193,0x1.e768d19eb4221p-219,0x1.a6266a9ef57b8p-314,0x1.e768d19eb4222p-219,2.25987765556428553e-66
23,194,0x1.b1fecb3e176a7p-220,0x1.a6266a9ef57b8p-314,0x1.b1fecb3e176a8p-220,1.00611124646604319e-66
23,195,0x1.825bce64eff6fp-221,0x1.a6266a9ef57b8p-314,0x1.825bce64eff7p-221,4.47838675794332813e-67
23,196,0x1.57e221376a689p-222,0x1.a6266a9ef57b8p-314,0x1.57e221376a68ap-222,1.99302206754081399e-67
23,197,0x1.320499a2c1741p-223,0x1.a6266a9ef57b8p-314,0x1.320499a2c1742p-223,8.86784167134814529e-68
23,198,0x1.1044e7b26326fp-224,0x1.a6266a9ef57b8p-314,0x1.1044e7b26327p-224,3.94493142361854503e-68
23,199,0x1.e46418744e816p-226,0x1.a6266a9ef57b8p-314,0x1.e46418744e817p-226,1.75459577114350680e-68
23,200,0x1.aecdeee07a37ep-227,0x1.a6266a9ef57b8p-314,0x1.aecdeee07a37fp-227,7.80245325920347186e-69
23,201,0x1.7f1296fcc06ap-228,0x1.a6266a9ef57b8p-314,0x1.7f1296fcc06a1p-228,3.46898267785574176e-69
23,202,0x1.54907ee91784p-229,0x1.a6266a9ef57b8p-314,0x1.54907ee917841p-229,1.54202112130625784e-69
23,203,0x1.2eb73ec17dea2p-230,0x1.a6266a9ef57b8p-314,0x1.2eb73ec17dea3p-230,6.85324287228911439e-70
23,204,0x1.0d05cd408ba57p-231,0x1.a6266a9ef57b8p-314,0x1.0d05cd408ba58p-231,3.04522862801045634e-70
23,205,0x1.de11c720b432cp-233,0x1.a6266a9ef57b8p-314,0x1.de11c720b432dp-233,1.35288858393154719e-70
23,206,0x1.a8b31712fbdc7p-234,0x1.a6266a9ef57b8p-314,0x1.a8b31712fbdc8p-234,6.00928596622683860e-71
23,207,0x1.7937a82f26e2dp-235,0x1.a6266a9ef57b8p-314,0x1.7937a82f26e2ep-235,2.66871860018872870e-71
23,208,0x1.4efb4fce46939p-236,0x1.a6266a9ef57b8p-314,0x1.4efb4fce4693ap-236,1.18495572270760575e-71
23,209,0x1.296b85c4fd33bp-237,0x1.a6266a9ef57b8p-314,0x1.296b85c4fd33cp-237,5.26043000267602227e-72
23,210,0x1.080586b72f593p-238,0x1.a6266a9ef57b8p-314,0x1.080586b72f594p-238,2.33485816441762901e-72
23,211,0x1.d4a95042c962bp-240,0x1.a6266a9ef57b8p-314,0x1.d4a95042c962cp-240,1.03614430233821743e-72
23,212,0x1.9fe1b2076d83bp-241,0x1.a6266a9ef57b8p-314,0x1.9fe1b2076d83cp-241,4.59727845516447064e-73
23,213,0x1.70fa95388fefep-242,0x1.a6266a9ef57b8p-314,0x1.70fa95388feffp-242,2.03940060837680369e-73
23,214,0x1.474e7a2943185p-243,0x1.a6266a9ef57b8p-314,0x1.474e7a2943186p-243,9.04535855428568309e-74
23,215,0x1.2249d8de72303p-244,0x1.a6266a9ef57b8p-314,0x1.2249d8de72304p-244,4.01116818697081433e-74
23,216,0x1.016934c3afd89p-245,0x1.a6266a9ef57b8p-314,0x1.016934c3afd8ap-245,1.77843556026225531e-74
23,217,0x1.c86ec87eb872ep-247,0x1.a6266a9ef57b8p-314,0x1.c86ec87eb872fp-247,7.88366027104810217e-75
23,218,0x1.94980d8da26f1p-248,0x1.a6266a9ef57b8p-314,0x1.94980d8da26f2p-248,3.49414160735208746e-75
23,219,0x1.6694493dfb815p-249,0x1.a6266a9ef57b8p-314,0x1.6694493dfb816p-249,1.54837538966558389e-75
23,220,0x1.3dbde7e75eae7p-250,0x1.a6266a9ef57b8p-314,0x1.3dbde7e75eae8p-250,6.86017978244132166e-76
23,221,0x1.19817ec227ddbp-251,0x1.a6266a9ef57b8p-314,0x1.19817ec227ddcp-251,3.03891485899630487e-76
23,222,0x1.f2b7a9c3d801p-253,0x1.a6266a9ef57b8p-314,0x1.f2b7a9c3d8011p-253,1.34593994461170338e-76
23,223,0x1.b9b043a3d31f3p-254,0x1.a6266a9ef57b8p-314,0x1.b9b043a3d31f4p-254,5.96015095640431325e-77
23,224,0x1.871cf866095fap-255,0x1.a6266a9ef57b8p-314,0x1.871cf866095fbp-255,2.63884314009000094e-77
23,225,0x1.5a44e69ea246bp-256,0x1.a6266a9ef57b8p-314,0x1.5a44e69ea246cp-256,1.16814011437965668e-77
23,226,0x1.32839e393a237p-257,0x1.a6266a9ef57b8p-314,0x1.32839e393a238p-257,5.17013226081176098e-78
23,227,0x1.0f46e53ebb5d6p-258,0x1.a6266a9ef57b8p-314,0x1.0f46e53ebb5d7p-258,2.28788412119442831e-78
23,228,0x1.e019742c803ep-260,0x1.a6266a9ef57b8p-314,0x1.e019742c803e1p-260,1.01226064242551961e-78
23,229,0x1.a8c31979abe98p-261,0x1.a6266a9ef57b8p-314,0x1.a8c31979abe99p-261,4.47792621575268525e-79
23,230,0x1.77bd523ba42fcp-262,0x1.a6266a9ef57b8p-314,0x1.77bd523ba42fep-262,1.98056028193976172e-79
23,231,0x1.4c519aa2e7c57p-263,0x1.a6266a9ef57b8p-314,0x1.4c519aa2e7c5bp-263,8.75842552363816536e-80
23,232,0x1.25ddce2745409p-264,0x1.a6266a9ef57b8p-314,0x1.25ddce274541p-264,3.87249755157860814e-80
23,233,0x1.03d1e8847eb92p-265,0x1.a6266a9ef57b8p-314,0x1.03d1e8847ebap-265,1.71192086664619948e-80
23,234,0x1.cb5c0a8cf6c9cp-267,0x1.a6266a9ef57b8p-314,0x1.cb5c0a8cf6cd1p-267,7.56665493049553889e-81
23,235,0x1.96012e5f377b8p-268,0x1.a6266a9ef57b8p-314,0x1.96012e5f37822p-268,3.34389141004466195e-81
23,236,0x1.66c9a2f20ff27p-269,0x1.a6266a9ef57b8p-314,0x1.66c9a2f20fffbp-269,1.47750404214610841e-81
23,237,0x1.3d027b1e8f80dp-270,0x1.a6266a9ef57b8p-314,0x1.3d027b1e8f9b4p-270,6.52730256651054592e-82
23,238,0x1.180cf0fe0d26p-271,0x1.a6266a9ef57b8p-314,0x1.180cf0fe0d5adp-271,2.88315269135965138e-82
23,239,0x1.eeb84f21484ddp-273,0x1.a6266a9ef57b8p-314,0x1.eeb84f214920fp-273,1.27329973576071361e-82
23,240,0x1.b4e6570db1987p-274,0x1.a6266a9ef57b8p-314,0x1.b4e6570db33eap-274,5.62241676360354189e-83
23,241,0x1.81c658ab83554p-275,0x1.a6266a9ef57b8p-314,0x1.81c658ab86a19p-275,2.48224743831148434e-83
23,242,0x1.5493cef097a87p-276,0x1.a6266a9ef57b8p-314,0x1.5493cef09e411p-276,1.09571353668864990e-83
23,243,0x1.2ca080cf7b8bp-277,0x1.a6266a9ef57b8p-314,0x1.2ca080cf88bc4p-277,4.83592068072662001e-84
23,244,0x1.095200d70aaebp-278,0x1.a6266a9ef57b8p-314,0x1.095200d725112p-278,2.13398695978089468e-84
23,245,0x1.d43ee799ce972p-280,0x1.a6266a9ef57b8p-314,0x1.d43ee79a3820cp-280,9.41531959883390236e-85
23,246,0x1.9d1f2cfdcafafp-281,0x1.a6266a9ef57b8p-314,0x1.9d1f2cfe9e0e3p-281,4.15345342895553669e-85
23,247,0x1.6c6df7bbd2bd6p-282,0x1.a6266a9ef57b8p-314,0x1.6c6df7bd78e3dp-282,1.83195522943572488e-85
23,248,0x1.416cfa68b511ap-283,0x1.a6266a9ef57b8p-314,0x1.416cfa6c015e8p-283,8.07889297650965389e-86
23,249,0x1.1b73adeb1e433p-284,0x1.a6266a9ef57b8p-314,0x1.1b73adf1b6dcep-284,3.56221884701767828e-86
23,250,0x1.f3d9b4f235778p-286,0x1.a6266a9ef57b8p-314,0x1.f3d9b50c97de3p-286,1.57043995184692666e-86
23,251,0x1.b8a8ce649d1fp-287,0x1.a6266a9ef57b8p-314,0x1.b8a8ce9961ec6p-287,6.92236221761062934e-87
23,252,0x1.846ad111de887p-288,0x1.a6266a9ef57b8p-314,0x1.846ad17b68232p-288,3.05084260429381972e-87
23,253,0x1.5650cd0ac7df5p-289,0x1.a6266a9ef57b8p-314,0x1.5650cddddb14ap-289,1.34436758212338591e-87
23,254,0x1.2da3a965ab2f1p-290,0x1.a6266a9ef57b8p-314,0x1.2da3ab0bd199bp-290,5.92310262973681084e-88
23,255,0x1.09c16c60c56e3p-291,0x1.a6266a9ef57b8p-314,0x1.09c16fad12437p-291,2.60923825969585208e-88
23,256,0x1.d435a3f502441p-293,0x1.a6266a9ef57b8p-314,0x1.d435b12635991p-293,1.14924267360175151e-88
23,257,0x1.9c62507f0b625p-294,0x1.a6266a9ef57b8p-314,0x1.9c626ae1720c4p-294,5.06108444033593545e-89
23,258,0x1.6b28d3068fe5dp-295,0x1.a6266a9ef57b8p-314,0x1.6b2907cb5d39bp-295,2.22848466719556525e-89
23,259,0x1.3fc31b2126e46p-296,0x1.a6266a9ef57b8p-314,0x1.3fc384aac18c2p-296,9.81093813520305686e-90
23,260,0x1.1982173c0ca87p-297,0x1.a6266a9ef57b8p-314,0x1.1982ea4f41f7fp-297,4.31864285675455564e-90
23,261,0x1.ef961ddd110c8p-299,0x1.a6266a9ef57b8p-314,0x1.ef996a29e64a7p-299,1.90073685007566927e-90
23,262,0x1.b42a93555d857p-300,0x1.a6266a9ef57b8p-314,0x1.b4312bef08015p-300,8.36448309756220022e-91
23,263,0x1.7fcff12b1f0b3p-301,0x1.a6266a9ef57b8p-314,0x1.7fdd225e7402ep-301,3.68051425785449851e-91
23,264,0x1.51b0b5a23a599p-302,0x1.a6266a9ef57b8p-314,0x1.51cb1808e448fp-302,1.61939360925745050e-91
23,265,0x1.291027160d6f7p-303,0x1.a6266a9ef57b8p-314,0x1.2944ebe3614e2p-303,7.12559768935908208e-92
23,266,0x1.054750e42505cp-304,0x1.a6266a9ef57b8p-314,0x1.05b0da7eccc32p-304,3.13638858151725073e-92
23,267,0x1.cb84755cdc22p-306,0x1.a6266a9ef57b8p-314,0x1.cd2a9bc77b178p-306,1.38178048985309084e-92
23,268,0x1.93fa78176b8b5p-307,0x1.a6266a9ef57b8p-314,0x1.9746c4eca9765p-307,6.10155676759661777e-93
23,269,0x1.630482fb16314p-308,0x1.a6266a9ef57b8p-314,0x1.699d1ca592073p-308,2.70873343168174205e-93
23,270,0x1.37cb839f2ca37p-309,0x1.a6266a9ef57b8p-314,0x1.44fcb6f4244f5p-309,1.21718778695295471e-93
23,271,0x1.11860515b279bp-310,0x1.a6266a9ef57b8p-314,0x1.2be86bbfa1d17p-310,5.61628678580983386e-94
23,272,0x1.dedc80ea91e1bp-312,0x1.a6266a9ef57b8p-314,0x1.24330dc927a05p-311,2.73596631618167723e-94
23,273,0x1.a168aa063902ep-313,0x1.a6266a9ef57b8p-314,0x1.3a3defaad9e05p-312,1.47117905211733389e-94
23,274,0x1.68d6e6805116bp-314,0x1.a6266a9ef57b8p-314,0x1.877ea88fa3492p-313,9.16425879357585704e-95
23,275,0x1.32e535b9a09f7p-315,0x1.a6266a9ef57b8p-314,0x1.1fcc82bde2e5ap-313,6.73690582201035846e-95
23,276,0x1.f980cbcd3948bp-317,0x1.a6266a9ef57b8p-314,0x1.e55684189ca4ap-314,5.68048804797509319e-95
23,277,0x1.862c3ec13e343p-318,0x1.a6266a9ef57b8p-314,0x1.be892e8b095edp-314,5.22634101860319345e-95
23,278,0x1.05f7567e4b1bdp-319,0x1.a6266a9ef57b8p-314,0x1.ae562552e7d46p-314,5.03674062365291707e-95
23,279,0x1.e9ec465a6571fp-322,0x1.a6266a9ef57b8p-314,0x1.a81056e54fe1p-314,4.96332396677082690e-95
23,280,0x0p+0,0x1.a6266a9ef57b8p-314,0x1.a6266a9ef57b8p-314,4.94092493665726331e-95
24,0,0x1.4f414fda67d34p-2,0x1.22921647f2221p-302,0x1.4f414fda67d35p-2,3.27397582726877190e-01
24,1,0x1.477d489c20d13p-3,0x1.22921647f2221p-302,0x1.477d489c20d14p-3,1.59906928314832997e-01
24,2,0x1.4465158758f24p-4,0x1.22921647f2221p-302,0x1.4465158758f25p-4,7.91979638066178799e-02
24,3,0x1.44fd9f8fff969p-5,0x1.22921647f2221p-302,0x1.44fd9f8fff96ap-5,3.96717182593303159e-02
24,4,0x1.478e30b6cfb34p-6,0x1.22921647f2221p-302,0x1.478e30b6cfb35p-6,1.99923969005297471e-02
24,5,0x1.4ac8b932e5ab1p-7,0x1.22921647f2221p-302,0x1.4ac8b932e5ab2p-7,1.00947288790796709e-02
24,6,0x1.4deb9978f2436p-8,0x1.22921647f2221p-302,0x1.4deb9978f2437p-8,5.09521958242325265e-03
24,7,0x1.5095d6c7c9305p-9,0x1.22921647f2221p-302,0x1.5095d6c7c9306p-9,2.56794211226674379e-03
24,8,0x1.529c5e1f5806ap-10,0x1.22921647f2221p-302,0x1.529c5e1f5806bp-10,1.29169773557438295e-03
24,9,0x1.53efb82923013p-11,0x1.22921647f2221p-302,0x1.53efb82923014p-11,6.48377235067611972e-04
24,10,0x1.548e28d9cd91ep-12,0x1.22921647f2221p-302,0x1.548e28d9cd91fp-12,3.24778853257783344e-04
24,11,0x1.547cb1b078c91p-13,0x1.22921647f2221p-302,0x1.547cb1b078c92p-13,1.62356894647695610e-04
24,12,0x1.53c38b865247cp-14,0x1.22921647f2221p-302,0x1.53c38b865247dp-14,8.10060138053559097e-05
24,13,0x1.526c5aa2e5fabp-15,0x1.22921647f2221p-302,0x1.526c5aa2e5facp-15,4.03431961537020626e-05
24,14,0x1.508143a174b38p-16,0x1.22921647f2221p-302,0x1.508143a174b39p-16,2.00572573073140778e-05
24,15,0x1.4e0c74c738242p-17,0x1.22921647f2221p-302,0x1.4e0c74c738243p-17,9.95542576592943039e-06
24,16,0x1.4b17ec02cfd81p-18,0x1.22921647f2221p-302,0x1.4b17ec02cfd82p-18,4.93367679404944998e-06
24,17,0x1.47ad5c42272adp-19,0x1.22921647f2221p-302,0x1.47ad5c42272aep-19,2.44138530643000972e-06
24,18,0x1.43d6229aa427bp-20,0x1.22921647f2221p-302,0x1.43d6229aa427cp-20,1.20638484327556118e-06
24,19,0x1.3f9b431955dcbp-21,0x1.22921647f2221p-302,0x1.3f9b431955dccp-21,5.95313483102199962e-07
24,20,0x1.3b0569019f562p-22,0x1.22921647f2221p-302,0x1.3b0569019f563p-22,2.93386293127718072e-07
24,21,0x1.361ce85c36a62p-23,0x1.22921647f2221p-302,0x1.361ce85c36a63p-23,1.44407581787283449e-07
24,22,0x1.30e9bfd58ee3dp-24,0x1.22921647f2221p-302,0x1.30e9bfd58ee3ep-24,7.09931094683170033e-08
24,23,0x1.2b739a7e7eb6ep-25,0x1.22921647f2221p-302,0x1.2b739a7e7eb6fp-25,3.48607516082939586e-08
24,24,0x1.25c1d14bc0ae2p-26,0x1.22921647f2221p-302,0x1.25c1d14bc0ae3p-26,1.70989136591160395e-08
24,25,0x1.1fdb6c5383b3cp-27,0x1.22921647f2221p-302,0x1.1fdb6c5383b3dp-27,8.37774486505276929e-09
24,26,0x1.19c723d68f60bp-28,0x1.22921647f2221p-302,0x1.19c723d68f60cp-28,4.10040797718675378e-09
24,27,0x1.138b6126b10f9p-29,0x1.22921647f2221p-302,0x1.138b6126b10fap-29,2.00484974745443323e-09
24,28,0x1.0d2e3f7ba0c0fp-30,0x1.22921647f2221p-302,0x1.0d2e3f7ba0c1p-30,9.79273522434634944e-10
24,29,0x1.06b58cc519051p-31,0x1.22921647f2221p-302,0x1.06b58cc519052p-31,4.77865213230705555e-10
24,30,0x1.0026ca85dc492p-32,0x1.22921647f2221p-302,0x1.0026ca85dc493p-32,2.32968457343393025e-10
24,31,0x1.f30e5d80eed0cp-34,0x1.22921647f2221p-302,0x1.f30e5d80eed0dp-34,1.13472222949981404e-10
24,32,0x1.e5b749f7fe67ep-35,0x1.22921647f2221p-302,0x1.e5b749f7fe67fp-35,5.52195129356712569e-11
24,33,0x1.d8519ec9be483p-36,0x1.22921647f2221p-302,0x1.d8519ec9be484p-36,2.68482170419877667e-11
24,34,0x1.cae610181e5dap-37,0x1.22921647f2221p-302,0x1.cae610181e5dbp-37,1.30426850284438445e-11
24,35,0x1.bd7cc48b43d7dp-38,0x1.22921647f2221p-302,0x1.bd7cc48b43d7ep-38,6.33075634970478325e-12
24,36,0x1.b01d584d0956ap-39,0x1.22921647f2221p-302,0x1.b01d584d0956bp-39,3.07035910378182184e-12
24,37,0x1.a2cee040e7016p-40,0x1.22921647f2221p-302,0x1.a2cee040e7017p-40,1.48790529883496153e-12
24,38,0x1.9597ed74ff8ebp-41,0x1.22921647f2221p-302,0x1.9597ed74ff8ecp-41,7.20478729222137295e-13
24,39,0x1.887e90c81cf96p-42,0x1.22921647f2221p-302,0x1.887e90c81cf97p-42,3.48605052996209320e-13
24,40,0x1.7b885ebfb9ddap-43,0x1.22921647f2221p-302,0x1.7b885ebfb9ddbp-43,1.68546374969628907e-13
24,41,0x1.6eba7388be48dp-44,0x1.22921647f2221p-302,0x1.6eba7388be48ep-44,8.14300461307655385e-14
24,42,0x1.6219771d4d998p-45,0x1.22921647f2221p-302,0x1.6219771d4d999p-45,3.93129388812086545e-14
24,43,0x1.55a9a189de421p-46,0x1.22921647f2221p-302,0x1.55a9a189de422p-46,1.89660854317610339e-14
24,44,0x1.496ebf4bcce91p-47,0x1.22921647f2221p-302,0x1.496ebf4bcce92p-47,9.14359161848701177e-15
24,45,0x1.3d6c35c3acbb2p-48,0x1.22921647f2221p-302,0x1.3d6c35c3acbb3p-48,4.40512481185349970e-15
24,46,0x1.31a507b5ba09ap-49,0x1.22921647f2221p-302,0x1.31a507b5ba09bp-49,2.12083579096744199e-15
24,47,0x1.261bd9d30696dp-50,0x1.22921647f2221p-302,0x1.261bd9d30696ep-50,1.02039485363102372e-15
24,48,0x1.1ad2f74634e5p-51,0x1.22921647f2221p-302,0x1.1ad2f74634e51p-51,4.90621580871602834e-16
24,49,0x1.0fcc563edeba1p-52,0x1.22921647f2221p-302,0x1.0fcc563edeba2p-52,2.35747351330643987e-16
24,50,0x1.05099c77106f6p-53,0x1.22921647f2221p-302,0x1.05099c77106f7p-53,1.13206988799679151e-16
24,51,0x1.f518475d29526p-55,0x1.22921647f2221p-302,0x1.f518475d29527p-55,5.43288112985793346e-17
24,52,0x1.e0a9fc3041dfep-56,0x1.22921647f2221p-302,0x1.e0a9fc3041dffp-56,2.60568478871157852e-17
24,53,0x1.ccc9f56994185p-57,0x1.22921647f2221p-302,0x1.ccc9f56994186p-57,1.24897081865793643e-17
24,54,0x1.b9795334fb662p-58,0x1.22921647f2221p-302,0x1.b9795334fb663p-58,5.98308736928620571e-18
24,55,0x1.a6b8c0452a1efp-59,0x1.22921647f2221p-302,0x1.a6b8c0452a1fp-59,2.86447354964726488e-18
24,56,0x1.948879fbd05adp-60,0x1.22921647f2221p-302,0x1.948879fbd05aep-60,1.37061149418265660e-18
24,57,0x1.82e85858392p-61,0x1.22921647f2221p-302,0x1.82e8585839201p-61,6.55446966152163975e-19
24,58,0x1.71d7d5a87178bp-62,0x1.22921647f2221p-302,0x1.71d7d5a87178cp-62,3.13269294328319378e-19
24,59,0x1.615615f9a5a44p-63,0x1.22921647f2221p-302,0x1.615615f9a5a45p-63,1.49643732267039618e-19
24,60,0x1.5161ee44f2194p-64,0x1.22921647f2221p-302,0x1.5161ee44f2195p-64,7.14435322152852413e-20
24,61,0x1.41f9eb566fef4p-65,0x1.22921647f2221p-302,0x1.41f9eb566fef5p-65,3.40905612033138269e-20
24,62,0x1.331c586cc62e7p-66,0x1.22921647f2221p-302,0x1.331c586cc62e8p-66,1.62583063687943386e-20
24,63,0x1.24c74590032dap-67,0x1.22921647f2221p-302,0x1.24c74590032dbp-67,7.74977985752233633e-21
24,64,0x1.16f88d9ef269p-68,0x1.22921647f2221p-302,0x1.16f88d9ef2691p-68,3.69214926424068163e-21
24,65,0x1.09addc128c1ep-69,0x1.22921647f2221p-302,0x1.09addc128c1e1p-69,1.75811706543775774e-21
24,66,0x1.f9c964eef8e95p-71,0x1.22921647f2221p-302,0x1.f9c964eef8e96p-71,8.36753898653593535e-22
24,67,0x1.e134db3c307b4p-72,0x1.22921647f2221p-302,0x1.e134db3c307b5p-72,3.98044662836108669e-22
24,68,0x1.c9989502cae45p-73,0x1.22921647f2221p-302,0x1.c9989502cae46p-73,1.89257279603759132e-22
24,69,0x1.b2eed5cc4be47p-74,0x1.22921647f2221p-302,0x1.b2eed5cc4be48p-74,8.99420259585762044e-23
24,70,0x1.9d31b366275b7p-75,0x1.22921647f2221p-302,0x1.9d31b366275b8p-75,4.27232731072153369e-23
24,71,0x1.885b1e076da18p-76,0x1.22921647f2221p-302,0x1.885b1e076da19p-76,2.02843259999144152e-23
24,72,0x1.7464e7eee1e5fp-77,0x1.22921647f2221p-302,0x1.7464e7eee1e6p-77,9.62616352200696688e-24
24,73,0x1.6148cc7d08373p-78,0x1.22921647f2221p-302,0x1.6148cc7d08374p-78,4.56609346539143877e-24
24,74,0x1.4f0076ce03cedp-79,0x1.22921647f2221p-302,0x1.4f0076ce03ceep-79,2.16489847446852264e-24
24,75,0x1.3d8587d75d792p-80,0x1.22921647f2221p-302,0x1.3d8587d75d793p-80,1.02596763638594229e-24
24,76,0x1.2cd19c0dfe067p-81,0x1.22921647f2221p-302,0x1.2cd19c0dfe068p-81,4.85998962645640333e-25
24,77,0x1.1cde5098d26f9p-82,0x1.22921647f2221p-302,0x1.1cde5098d26fap-82,2.30114874930833962e-25
24,78,0x1.0da54814af856p-83,0x1.22921647f2221p-302,0x1.0da54814af857p-83,1.08909003085250059e-25
24,79,0x1.fe405ddc4477ap-85,0x1.22921647f2221p-302,0x1.fe405ddc4477bp-85,5.15222280566690861e-26
24,80,0x1.e2917eabd1789p-86,0x1.22921647f2221p-302,0x1.e2917eabd178ap-86,2.43634749959879601e-26
24,81,0x1.c83189a9b0052p-87,0x1.22921647f2221p-302,0x1.c83189a9b0053p-87,1.15159431278274513e-26
24,82,0x1.af143f07e5317p-88,0x1.22921647f2221p-302,0x1.af143f07e5318p-88,5.44098301783402676e-27
24,83,0x1.972d8ddadf556p-89,0x1.22921647f2221p-302,0x1.972d8ddadf557p-89,2.56965410318433477e-27
24,84,0x1.80719936cd932p-90,0x1.22921647f2221p-302,0x1.80719936cd933p-90,1.21309055994459608e-27
24,85,0x1.6ad4bcb189c9p-91,0x1.22921647f2221p-302,0x1.6ad4bcb189c91p-91,5.72446388885268529e-28
24,86,0x1.564b905235958p-92,0x1.22921647f2221p-302,0x1.564b905235959p-92,2.70023278381325794e-28
24,87,0x1.42caebf77b0b1p-93,0x1.22921647f2221p-302,0x1.42caebf77b0b2p-93,1.27319256192640638e-28
24,88,0x1.3047ea3d2afp-94,0x1.22921647f2221p-302,0x1.3047ea3d2af01p-94,6.00088300943765699e-29
24,89,0x1.1eb7eae9b5f63p-95,0x1.22921647f2221p-302,0x1.1eb7eae9b5f64p-95,2.82726198553122626e-29
24,90,0x1.0e1094ebbd102p-96,0x1.22921647f2221p-302,0x1.0e1094ebbd103p-96,1.33152212991137743e-29
24,91,0x1.fc8fafdf5f741p-98,0x1.22921647f2221p-302,0x1.fc8fafdf5f742p-98,6.26850171269325218e-30
24,92,0x1.dea7db2a4d04ep-99,0x1.22921647f2221p-302,0x1.dea7db2a4d04fp-99,2.94994343189353134e-30
24,93,0x1.c256b496ba0edp-100,0x1.22921647f2221p-302,0x1.c256b496ba0eep-100,1.38771323854738287e-30
24,94,0x1.a789dbb7c34d4p-101,0x1.22921647f2221p-302,0x1.a789dbb7c34d5p-101,6.52564397479294954e-31
24,95,0x1.8e2f875485a06p-102,0x1.22921647f2221p-302,0x1.8e2f875485a07p-102,3.06751073425171450e-31
24,96,0x1.7636855e65cdap-103,0x1.22921647f2221p-302,0x1.7636855e65cdbp-103,1.44141593880701586e-31
24,97,0x1.5f8e3a6a988c4p-104,0x1.22921647f2221p-302,0x1.5f8e3a6a988c5p-104,6.77071416449363945e-32
24,98,0x1.4a26a0ba9fc92p-105,0x1.22921647f2221p-302,0x1.4a26a0ba9fc93p-105,3.17923742637357215e-32
24,99,0x1.35f046ded4e9fp-106,0x1.22921647f2221p-302,0x1.35f046ded4eap-106,1.49229998708364251e-32
24,100,0x1.22dc4dfd7c7dep-107,0x1.22921647f2221p-302,0x1.22dc4dfd7c7dfp-107,7.00221339804601612e-33
24,101,0x1.10dc67c846f67p-108,0x1.22921647f2221p-302,0x1.10dc67c846f68p-108,3.28444431754958876e-33
24,102,0x1.ffc5a85318361p-110,0x1.22921647f2221p-302,0x1.ffc5a85318362p-110,1.54005814292883941e-33
24,103,0x1.dfc4bd63f90e2p-111,0x1.22921647f2221p-302,0x1.dfc4bd63f90e3p-111,7.21875429033037539e-34
24,104,0x1.c19cb79debe58p-112,0x1.22921647f2221p-302,0x1.c19cb79debe59p-112,3.38250607267531545e-34
24,105,0x1.a5354ba2395ep-113,0x1.22921647f2221p-302,0x1.a5354ba2395e1p-113,1.58440909559598716e-34
24,106,0x1.8a773394adc23p-114,0x1.22921647f2221p-302,0x1.8a773394adc24p-114,7.41907392977477934e-35
24,107,0x1.714c289389c3p-115,0x1.22921647f2221p-302,0x1.714c289389c31p-115,3.47285694512708903e-35
24,108,0x1.599edbf7abb74p-116,0x1.22921647f2221p-302,0x1.599edbf7abb75p-116,1.62509998770490285e-35
24,109,0x1.435af068411d1p-117,0x1.22921647f2221p-302,0x1.435af068411d2p-117,7.60204494283530611e-36
24,110,0x1.2e6cf2cc6bc76p-118,0x1.22921647f2221p-302,0x1.2e6cf2cc6bc77p-118,3.55499560612449577e-36
24,111,0x1.1ac253246c308p-119,0x1.22921647f2221p-302,0x1.1ac253246c309p-119,1.66190851268026943e-36
24,112,0x1.08495d5312c9ep-120,0x1.22921647f2221p-302,0x1.08495d5312c9fp-120,7.76668455260708655e-37
24,113,0x1.ede263bee9b25p-122,0x1.22921647f2221p-302,0x1.ede263bee9b26p-122,3.62848903227301985e-37
24,114,0x1.cd537d6c4ce98p-123,0x1.22921647f2221p-302,0x1.cd537d6c4ce99p-123,1.69464457094917206e-37
24,115,0x1.aec76fe1148f9p-124,0x1.22921647f2221p-302,0x1.aec76fe1148fap-124,7.91216157461638828e-38
24,116,0x1.9221215041e09p-125,0x1.22921647f2221p-302,0x1.9221215041e0ap-125,3.69297543071027752e-38
24,117,0x1.7744e7b649415p-126,0x1.22921647f2221p-302,0x1.7744e7b649416p-126,1.72315147803304559e-38
24,118,0x1.5e187ace54499p-127,0x1.22921647f2221p-302,0x1.5e187ace5449ap-127,8.03780133022099718e-39
24,119,0x1.4682e63bec3dp-128,0x1.22921647f2221p-302,0x1.4682e63bec3d1p-128,3.74816619838143063e-39
24,120,0x1.306c7bf068259p-129,0x1.22921647f2221p-302,0x1.306c7bf06825ap-129,1.74730672547664288e-39
24,121,0x1.1bbec6d288997p-130,0x1.22921647f2221p-302,0x1.1bbec6d288998p-130,8.14308849360488867e-40
24,122,0x1.08647dadcaf77p-131,0x1.22921647f2221p-302,0x1.08647dadcaf78p-131,3.79384692812742556e-40
24,123,0x1.ec92ecdc5b733p-133,0x1.22921647f2221p-302,0x1.ec92ecdc5b734p-133,1.76702230288156749e-40
24,124,0x1.cab53358bdd0ep-134,0x1.22921647f2221p-302,0x1.cab53358bdd0fp-134,8.22766792148039626e-41
24,125,0x1.ab0bad1b37b6ep-135,0x1.22921647f2221p-302,0x1.ab0bad1b37b6fp-135,3.82987748921451248e-41
24,126,0x1.8d742df3cba31p-136,0x1.22921647f2221p-302,0x1.8d742df3cba32p-136,1.78224459603725424e-41
24,127,0x1.71ce6855316fbp-137,0x1.22921647f2221p-302,0x1.71ce6855316fcp-137,8.29134354479629363e-42
24,128,0x1.57fbd725d003ap-138,0x1.22921647f2221p-302,0x1.57fbd725d003bp-138,3.85619122344527320e-42
24,129,0x1.3fdfa84690657p-139,0x1.22921647f2221p-302,0x1.3fdfa84690658p-139,1.79295388217331725e-42
24,130,0x1.295ea7d0b3b2fp-140,0x1.22921647f2221p-302,0x1.295ea7d0b3b3p-140,8.33407542859185687e-43
24,131,0x1.145f2c0b0764p-141,0x1.22921647f2221p-302,0x1.145f2c0b07641p-141,3.87279330989997255e-43
24,132,0x1.00c90216197fp-142,0x1.22921647f2221p-302,0x1.00c90216197f1p-142,1.79916344862306436e-43
24,133,0x1.dd0ab69ccf63dp-144,0x1.22921647f2221p-302,0x1.dd0ab69ccf63ep-144,8.35597512933763096e-44
24,134,0x1.bafd76c5defbdp-145,0x1.22921647f2221p-302,0x1.bafd76c5defbep-145,3.87975836153975699e-44
24,135,0x1.9b41ce3c03043p-146,0x1.22921647f2221p-302,0x1.9b41ce3c03044p-146,1.80091836563864864e-44
24,136,0x1.7db1a7bb8b00ap-147,0x1.22921647f2221p-302,0x1.7db1a7bb8b00bp-147,8.35729949846997008e-45
24,137,0x1.62292f72ed5efp-148,0x1.22921647f2221p-302,0x1.62292f72ed5fp-148,3.87722732528799588e-45
24,138,0x1.4886b4a00ecf8p-149,0x1.22921647f2221p-302,0x1.4886b4a00ecf9p-149,1.79829394770819668e-45
24,139,0x1.30aa8c791e531p-150,0x1.22921647f2221p-302,0x1.30aa8c791e532p-150,8.33844309626896190e-46
24,140,0x1.1a76f6594ada8p-151,0x1.22921647f2221p-302,0x1.1a76f6594ada9p-151,3.86540376376461548e-46
24,141,0x1.05d001292b69cp-152,0x1.22921647f2221p-302,0x1.05d001292b69dp-152,1.79139394048731883e-46
24,142,0x1.e536e3f4b49eep-154,0x1.22921647f2221p-302,0x1.e536e3f4b49efp-154,8.29992939174596606e-47
24,143,0x1.c181579afac3fp-155,0x1.22921647f2221p-302,0x1.c181579afac4p-155,3.84454960159219993e-47
24,144,0x1.a05130f37de08p-156,0x1.22921647f2221p-302,0x1.a05130f37de09p-156,1.78034847238274146e-47
24,145,0x1.817b2559273fbp-157,0x1.22921647f2221p-302,0x1.817b2559273fcp-157,8.24240093187518716e-48
24,146,0x1.64d6a1f11ee9ap-158,0x1.22921647f2221p-302,0x1.64d6a1f11ee9bp-158,3.81498042217214975e-48
24,147,0x1.4a3da3d3fcc9ep-159,0x1.22921647f2221p-302,0x1.4a3da3d3fcc9fp-159,1.76531181094395638e-48
24,148,0x1.318c922fe3f43p-160,0x1.22921647f2221p-302,0x1.318c922fe3f44p-160,8.16660866748666559e-49
24,149,0x1.1aa21a50f8de9p-161,0x1.22921647f2221p-302,0x1.1aa21a50f8deap-161,3.77706040212843840e-49
24,150,0x1.055f0d7dc2c06p-162,0x1.22921647f2221p-302,0x1.055f0d7dc2c07p-162,1.74645996457257510e-49
24,151,0x1.e34c812a6e496p-164,0x1.22921647f2221p-302,0x1.e34c812a6e497p-164,8.07340062365115096e-50
24,152,0x1.beb8dab8d682bp-165,0x1.22921647f2221p-302,0x1.beb8dab8d682cp-165,3.73119697034442875e-50
24,153,0x1.9cd02ad45e4a4p-166,0x1.22921647f2221p-302,0x1.9cd02ad45e4a5p-166,1.72398816970247324e-50
24,154,0x1.7d62cd3e53788p-167,0x1.22921647f2221p-302,0x1.7d62cd3e53789p-167,7.96371009969665844e-51
24,155,0x1.60444232d0fe7p-168,0x1.22921647f2221p-302,0x1.60444232d0fe8p-168,3.67783527680539487e-51
24,156,0x1.454afd2572195p-169,0x1.22921647f2221p-302,0x1.454afd2572196p-169,1.69810830260177493e-51
24,157,0x1.2c503633197abp-170,0x1.22921647f2221p-302,0x1.2c503633197acp-170,7.83854357842231571e-52
24,158,0x1.152fbe292aa2bp-171,0x1.22921647f2221p-302,0x1.152fbe292aa2cp-171,3.61745255346092068e-52
24,159,0x1.ff8faa06f42a6p-173,0x1.22921647f2221p-302,0x1.ff8faa06f42a7p-173,1.66904625337303121e-52
24,160,0x1.d7f205864c5c1p-174,0x1.22921647f2221p-302,0x1.d7f205864c5c2p-174,7.69896851595549483e-53
24,161,0x1.b34be502f839bp-175,0x1.22921647f2221p-302,0x1.b34be502f839cp-175,3.55055244519462371e-53
24,162,0x1.91669f460392ep-176,0x1.22921647f2221p-302,0x1.91669f460392fp-176,1.63703929765522821e-53
24,163,0x1.720f4a1f68d54p-177,0x1.22921647f2221p-302,0x1.720f4a1f68d55p-177,7.54610117338930985e-54
24,164,0x1.55167cad069a7p-178,0x1.22921647f2221p-302,0x1.55167cad069a8p-178,3.47765938390455019e-54
24,165,0x1.3a5015460b10fp-179,0x1.22921647f2221p-302,0x1.3a5015460b11p-179,1.60233349904173792e-54
24,166,0x1.219302dabe6acp-180,0x1.22921647f2221p-302,0x1.219302dabe6adp-180,7.38109463922237630e-55
24,167,0x1.0ab9119a7c6e7p-181,0x1.22921647f2221p-302,0x1.0ab9119a7c6e8p-181,3.39931307283258802e-55
24,168,0x1.eb3d75671c376p-183,0x1.22921647f2221p-302,0x1.eb3d75671c377p-183,1.56518117240267138e-55
24,169,0x1.c445ee04db3bcp-184,0x1.22921647f2221p-302,0x1.c445ee04db3bdp-184,7.20512717806697972e-56
24,170,0x1.a04e290f9ed04p-185,0x1.22921647f2221p-302,0x1.a04e290f9ed05p-185,3.31606314180403179e-56
24,171,0x1.7f1d1cfd249a4p-186,0x1.22921647f2221p-302,0x1.7f1d1cfd249a5p-186,1.52583843521611584e-56
24,172,0x1.607dcfd8e9a05p-187,0x1.22921647f2221p-302,0x1.607dcfd8e9a06p-187,7.01939102645873601e-57
24,173,0x1.443f11143e4c9p-188,0x1.22921647f2221p-302,0x1.443f11143e4cap-188,3.22846402711718585e-57
24,174,0x1.2a3337c16da19p-189,0x1.22921647f2221p-302,0x1.2a3337c16da1ap-189,1.48456287074903305e-57
24,175,0x1.122fe4f993dcdp-190,0x1.22921647f2221p-302,0x1.122fe4f993dcep-190,6.82508174125222325e-58
24,176,0x1.f81b945fb3c58p-192,0x1.22921647f2221p-302,0x1.f81b945fb3c59p-192,3.13707012262279731e-58
24,177,0x1.cf50e66f94996p-193,0x1.22921647f2221p-302,0x1.cf50e66f94997p-193,1.44161132355867533e-58
24,178,0x1.a9bc278eb4c08p-194,0x1.22921647f2221p-302,0x1.a9bc278eb4c09p-194,6.62338819034926528e-59
24,179,0x1.871eb08018a4ap-195,0x1.22921647f2221p-302,0x1.871eb08018a4bp-195,3.04243124119919742e-59
24,180,0x1.673e731a82338p-196,0x1.22921647f2221p-302,0x1.673e731a82339p-196,1.39723784437515653e-59
24,181,0x1.49e5a7d0cd55ep-197,0x1.22921647f2221p-302,0x1.49e5a7d0cd55fp-197,6.41548325968351832e-60
24,182,0x1.2ee280ac57fbcp-198,0x1.22921647f2221p-302,0x1.2ee280ac57fbdp-198,2.94508841850248783e-60
24,183,0x1.1606e1648df75p-199,0x1.22921647f2221p-302,0x1.1606e1648df76p-199,1.35169179803996715e-60
24,184,0x1.fe50388687189p-201,0x1.22921647f2221p-302,0x1.fe5038868718ap-201,6.20251533476671087e-61
24,185,0x1.d43d6713d4253p-202,0x1.22921647f2221p-302,0x1.d43d6713d4254p-202,2.84557008367953267e-61
24,186,0x1.ad8c3e1fb323dp-203,0x1.22921647f2221p-302,0x1.ad8c3e1fb323ep-203,1.30521614486943811e-61
24,187,0x1.89f92babd386dp-204,0x1.22921647f2221p-302,0x1.89f92babd386ep-204,5.98560059992999210e-62
24,188,0x1.6945b69ecb18ep-205,0x1.22921647f2221p-302,0x1.6945b69ecb18fp-205,2.74438861477967191e-62
24,189,0x1.4b3820480e6f4p-206,0x1.22921647f2221p-302,0x1.4b3820480e6f5p-206,1.25804590263241436e-62
24,190,0x1.2f9b0c6444d1p-207,0x1.22921647f2221p-302,0x1.2f9b0c6444d11p-207,5.76581618387861165e-63
24,191,0x1.163d2f36d98fcp-208,0x1.22921647f2221p-302,0x1.163d2f36d98fdp-208,2.64203728998772598e-63
24,192,0x1.fde202a7e2c2p-210,0x1.22921647f2221p-302,0x1.fde202a7e2c21p-210,1.21040679332350055e-63
24,193,0x1.d318f177bd4d8p-211,0x1.22921647f2221p-302,0x1.d318f177bd4d9p-211,5.54419416651831791e-64
24,194,0x1.abd18dddacf49p-212,0x1.22921647f2221p-302,0x1.abd18dddacf4ap-212,2.53898763960645018e-64
24,195,0x1.87c4374a0916p-213,0x1.22921647f2221p-302,0x1.87c4374a09161p-213,1.16251407610863189e-64
24,196,0x1.66aed7b860b4dp-214,0x1.22921647f2221p-302,0x1.66aed7b860b4ep-214,5.32171644933492060e-65
24,197,0x1.485479e1ebd3cp-215,0x1.22921647f2221p-302,0x1.485479e1ebd3dp-215,2.43568719799793456e-65
24,198,0x1.2c7ce6fc4265fp-216,0x1.22921647f2221p-302,0x1.2c7ce6fc4266p-216,1.11457156524513485e-65
24,199,0x1.12f44b8213b5cp-217,0x1.22921647f2221p-302,0x1.12f44b8213b5dp-217,5.09931048004243313e-66
24,200,0x1.f715c51777691p-219,0x1.22921647f2221p-302,0x1.f715c51777692p-219,2.33255764950723554e-66
24,201,0x1.cc294e8a84d12p-220,0x1.22921647f2221p-302,0x1.cc294e8a84d13p-220,1.06677082945743450e-66
24,202,0x1.a4d2182d23509p-221,0x1.22921647f2221p-302,0x1.a4d2182d2350ap-221,4.87784581184509168e-67
24,203,0x1.80c56e3307a1cp-222,0x1.22921647f2221p-302,0x1.80c56e3307a1dp-222,2.22999335776711804e-67
24,204,0x1.5fbe86ffbfb1p-223,0x1.22921647f2221p-302,0x1.5fbe86ffbfb11p-223,1.01929056719135408e-67
24,205,0x1.417e0f22d2726p-224,0x1.22921647f2221p-302,0x1.417e0f22d2727p-224,4.65813146852161749e-68
24,206,0x1.25c9bddfc1f4p-225,0x1.22921647f2221p-302,0x1.25c9bddfc1f41p-225,2.12836026373776846e-68
24,207,0x1.0c6bf1a86b0bdp-226,0x1.22921647f2221p-302,0x1.0c6bf1a86b0bep-226,9.72296150384782552e-69
24,208,0x1.ea66a7f4b4847p-228,0x1.22921647f2221p-302,0x1.ea66a7f4b4848p-228,4.44091407868261917e-69
24,209,0x1.bfe508325be47p-229,0x1.22921647f2221p-302,0x1.bfe508325be48p-229,2.02799513438643694e-69
24,210,0x1.98ff905214796p-230,0x1.22921647f2221p-302,0x1.98ff905214797p-230,9.25939327882401860e-70
24,211,0x1.75698869080a6p-231,0x1.22921647f2221p-302,0x1.75698869080a7p-231,4.22687673596140531e-70
24,212,0x1.54dc6d6288deep-232,0x1.22921647f2221p-302,0x1.54dc6d6288defp-232,1.92920514104532833e-70
24,213,0x1.3717743c0a83fp-233,0x1.22921647f2221p-302,0x1.3717743c0a84p-233,8.80358078380933682e-71
24,214,0x1.1bdf16b6de5aap-234,0x1.22921647f2221p-302,0x1.1bdf16b6de5abp-234,4.01663853655015706e-71
24,215,0x1.02fca8cfb7bacp-235,0x1.22921647f2221p-302,0x1.02fca8cfb7badp-235,1.83226774419484505e-71
24,216,0x1.d87becb034a01p-237,0x1.22921647f2221p-302,0x1.d87becb034a02p-237,8.35676601815408021e-72
24,217,0x1.aee9d0325a84ap-238,0x1.22921647f2221p-302,0x1.aee9d0325a84bp-238,3.81075474136221209e-72
24,218,0x1.88ee5fe414b5cp-239,0x1.22921647f2221p-302,0x1.88ee5fe414b5dp-239,1.73743085968209953e-72
24,219,0x1.663bf6db18dcfp-240,0x1.22921647f2221p-302,0x1.663bf6db18ddp-240,7.92005437372332532e-73
24,220,0x1.468b58a9cc9dbp-241,0x1.22921647f2221p-302,0x1.468b58a9cc9dcp-241,3.60971750710890721e-73
24,221,0x1.299b2d99ea544p-242,0x1.22921647f2221p-302,0x1.299b2d99ea545p-242,1.64491328016515057e-73
24,222,0x1.0f2f8928b06f9p-243,0x1.22921647f2221p-302,0x1.0f2f8928b06fap-243,7.49441695827275473e-74
24,223,0x1.ee22f3ff917c5p-245,0x1.22921647f2221p-302,0x1.ee22f3ff917c6p-245,3.41395712866751041e-74
24,224,0x1.c21d4568572d7p-246,0x1.22921647f2221p-302,0x1.c21d4568572d8p-246,1.55490532484690031e-74
24,225,0x1.99f1b542cc743p-247,0x1.22921647f2221p-302,0x1.99f1b542cc744p-247,7.08069393639056594e-75
24,226,0x1.754bac87d600dp-248,0x1.22921647f2221p-302,0x1.754bac87d600ep-248,3.22384373420451909e-75
24,227,0x1.53ddad00f6e87p-249,0x1.22921647f2221p-302,0x1.53ddad00f6e88p-249,1.46756969028099795e-75
24,228,0x1.3560bca2bb19ap-250,0x1.22921647f2221p-302,0x1.3560bca2bb19cp-250,6.67959876166039650e-76
24,229,0x1.1993dcb7e574ep-251,0x1.22921647f2221p-302,0x1.1993dcb7e5751p-251,3.03968937450008367e-76
24,230,0x1.003b8bf4facbbp-252,0x1.22921647f2221p-302,0x1.003b8bf4faccp-252,1.38304247515592800e-76
24,231,0x1.d242a539cca22p-254,0x1.22921647f2221p-302,0x1.d242a539cca35p-254,6.29172317486786937e-77
24,232,0x1.a826afdec7dfep-255,0x1.22921647f2221p-302,0x1.a826afdec7e23p-255,2.86175044872315581e-77
24,233,0x1.81c800515bcabp-256,0x1.22921647f2221p-302,0x1.81c800515bcf4p-256,1.30143435245111431e-77
24,234,0x1.5ed324cf5f291p-257,0x1.22921647f2221p-302,0x1.5ed324cf5f323p-257,5.91754284583839506e-78
24,235,0x1.3efbcbb993685p-258,0x1.22921647f2221p-302,0x1.3efbcbb9937a8p-258,2.69023041041179404e-78
24,236,0x1.21fc2b5e284dbp-259,0x1.22921647f2221p-302,0x1.21fc2b5e28721p-259,1.22283186315599508e-78
24,237,0x1.0794762220512p-260,0x1.22921647f2221p-302,0x1.079476222099dp-260,5.55742354063712788e-79
24,238,0x1.df14b41fe111dp-262,0x1.22921647f2221p-302,0x1.df14b41fe2347p-262,2.52528269953384474e-79
24,239,0x1.b35115c963063p-263,0x1.22921647f2221p-302,0x1.b35115c9654b6p-263,1.14729880681442740e-79
24,240,0x1.8b7cab8d9f602p-264,0x1.22921647f2221p-302,0x1.8b7cab8da3ea7p-264,5.21162770120916933e-80
24,241,0x1.673e7bc2f4525p-265,0x1.22921647f2221p-302,0x1.673e7bc2fd66fp-265,2.36701384914575921e-80
24,242,0x1.4645425e59414p-266,0x1.22921647f2221p-302,0x1.4645425e6b6a7p-266,1.07487770545310463e-80
24,243,0x1.2846c99763fcap-267,0x1.22921647f2221p-302,0x1.2846c997884efp-267,4.88032133087496802e-81
24,244,0x1.0cff5065ea269p-268,0x1.22921647f2221p-302,0x1.0cff506632cb2p-268,2.21548671826567803e-81
24,245,0x1.e861fb77d7acep-270,0x1.22921647f2221p-302,0x1.e861fb78fa3fp-270,1.00559131897630494e-81
24,246,0x1.bb46bee9595c8p-271,0x1.22921647f2221p-302,0x1.bb46beeb9e80bp-271,4.56358108669823734e-82
24,247,0x1.9245e80cdd5f4p-272,0x1.22921647f2221p-302,0x1.9245e81167a7ap-272,2.07072380649277013e-82
24,248,0x1.6d017c2e8969dp-273,0x1.22921647f2221p-302,0x1.6d017c379dfa9p-273,9.39444192254223671e-83
24,249,0x1.4b23c24e0adaap-274,0x1.22921647f2221p-302,0x1.4b23c26033fc1p-274,4.26140149274020943e-83
24,250,0x1.2c5e8d214a671p-275,0x1.22921647f2221p-302,0x1.2c5e8d459ca9ep-275,1.93271061489484685e-83
24,251,0x1.106a94687a216p-276,0x1.22921647f2221p-302,0x1.106a94b11ea7p-276,8.76424221235376482e-84
24,252,0x1.ee0db8a375d1ap-278,0x1.22921647f2221p-302,0x1.ee0db9c607e7fp-278,3.97370225044095437e-84
24,253,0x1.bff0538839543p-279,0x1.22921647f2221p-302,0x1.bff055cd5d80cp-279,1.80139907586661887e-84
24,254,0x1.96110502707b2p-280,0x1.22921647f2221p-302,0x1.9611098cb8d44p-280,8.16504281799117792e-85
24,255,0x1.700d70444b04fp-281,0x1.22921647f2221p-302,0x1.700d7958dbb73p-281,3.70033617890892348e-85
24,256,0x1.4d8bfa103d771p-282,0x1.22921647f2221p-302,0x1.4d8c0c395edb9p-282,1.67671162890417241e-85
24,257,0x1.2e3b04d53b859p-283,0x1.22921647f2221p-302,0x1.2e3b29277e4e9p-283,7.59644519367749491e-86
24,258,0x1.11d03d77a8e9ap-284,0x1.22921647f2221p-302,0x1.11d0861c2e7bap-284,3.44110387258112311e-86
24,259,0x1.f00feea160052p-286,0x1.22921647f2221p-302,0x1.f0111133764d2p-286,1.55855209071976385e-86
24,260,0x1.c1492bf907fb6p-287,0x1.22921647f2221p-302,0x1.c14b711d348b5p-287,7.05801487971611421e-87
24,261,0x1.96dc0720e1337p-288,0x1.22921647f2221p-302,0x1.96e091693a534p-288,3.19583727355571427e-87
24,262,0x1.706263730f694p-289,0x1.22921647f2221p-302,0x1.706b7803c1a8ep-289,1.44688578624532234e-87
24,263,0x1.4d7f48046a2f6p-290,0x1.22921647f2221p-302,0x1.4d917125ceae9p-290,6.55006856279272950e-88
24,264,0x1.2dde01dfcf875p-291,0x1.22921647f2221p-302,0x1.2e0254229885ap-291,2.96518176221704942e-88
24,265,0x1.11314d34689ccp-292,0x1.22921647f2221p-302,0x1.1179f1b9fa995p-292,1.34252093669682438e-88
24,266,0x1.ee64f5a9b77b3p-294,0x1.22921647f2221p-302,0x1.ef8787bfff6d6p-294,6.08150053419963246e-89
24,267,0x1.bf4100faf312dp-295,0x1.22921647f2221p-302,0x1.c186252782f72p-295,2.75844419080387603e-89
24,268,0x1.947dace88ce8bp-296,0x1.22921647f2221p-302,0x1.9907f541acb14p-296,1.25498239482451106e-89
24,269,0x1.6da7e29d97f27p-297,0x1.22921647f2221p-302,0x1.76bc734fd7839p-297,5.74879596619227211e-90
24,270,0x1.4a4e0e7af0923p-298,0x1.22921647f2221p-302,0x1.5c772fdf6fb46p-298,2.67289073959105968e-90
24,271,0x1.29f9438f8e481p-299,0x1.22921647f2221p-302,0x1.4e4b86588c8c6p-299,1.28209804047622774e-90
24,272,0x1.0c2281c0d18c3p-300,0x1.22921647f2221p-302,0x1.54c70752ce14cp-300,6.53479835899036386e-91
24,273,0x1.e0447857ab75cp-302,0x1.22921647f2221p-302,0x1.816b474fcecbfp-301,3.69542612018638722e-91
24,274,0x1.aa30d90aac655p-303,0x1.22921647f2221p-302,0x1.f7aa82cd4854cp-302,2.41459351159914577e-91
24,275,0x1.739bdce6c8aecp-304,0x1.22921647f2221p-302,0x1.7f790d81a44dcp-302,1.83838293226536217e-91
24,276,0x1.3931b3d6ab304p-305,0x1.22921647f2221p-302,0x1.49b84cc2c7882p-302,1.58068936613571304e-91
24,277,0x1.ed9f2cabe30acp-307,0x1.22921647f2221p-302,0x1.31ff0fad513a7p-302,1.46695761577202062e-91
24,278,0x1.5172a5182d66dp-308,0x1.22921647f2221p-302,0x1.27d7e0dc52d7bp-302,1.41828348371447123e-91
24,279,0x1.405278c628858p-310,0x1.22921647f2221p-302,0x1.23d268c0b84aap-302,1.39900491780771856e-91
24,280,0x0p+0,0x1.22921647f2221p-302,0x1.22921647f2221p-302,1.39300633916507717e-91
25,0,0x1.6e6ba2b0e69fep-2,0x1.8fd87f88ac349p-291,0x1.6e6ba2b0e69ffp-2,3.57832471892521598e-01
25,1,0x1.71513a26c2059p-3,0x1.8fd87f88ac349p-291,0x1.71513a26c205ap-3,1.80330709750935736e-01
25,2,0x1.798bba0d7a1c1p-4,0x1.8fd87f88ac349p-291,0x1.798bba0d7a1c2p-4,9.21742694550920228e-02
25,3,0x1.86098d84ace06p-5,0x1.8fd87f88ac349p-291,0x1.86098d84ace07p-5,4.76119770077297264e-02
25,4,0x1.9504f1ffa69e1p-6,0x1.8fd87f88ac349p-291,0x1.9504f1ffa69e2p-6,2.47204173343592640e-02
25,5,0x1.a5229186eba91p-7,0x1.8fd87f88ac349p-291,0x1.a5229186eba92p-7,1.28520212727754359e-02
25,6,0x1.b591959d147bcp-8,0x1.8fd87f88ac349p-291,0x1.b591959d147bdp-8,6.67676832843427677e-03
25,7,0x1.c5e0a657eadacp-9,0x1.8fd87f88ac349p-291,0x1.c5e0a657eadadp-9,3.46281080779472237e-03
25,8,0x1.d5d41bede891cp-10,0x1.8fd87f88ac349p-291,0x1.d5d41bede891dp-10,1.79225368945218973e-03
25,9,0x1.e54c41110e118p-11,0x1.8fd87f88ac349p-291,0x1.e54c41110e119p-11,9.25632224727332355e-04
25,10,0x1.f437b374aa037p-12,0x1.8fd87f88ac349p-291,0x1.f437b374aa038p-12,4.77044660593953490e-04
25,11,0x1.01463e798c455p-12,0x1.8fd87f88ac349p-291,0x1.01463e798c456p-12,2.45355978765242843e-04
25,12,0x1.082248a809259p-13,0x1.8fd87f88ac349p-291,0x1.082248a80925ap-13,1.25948868345509777e-04
25,13,0x1.0eadff8b46797p-14,0x1.8fd87f88ac349p-291,0x1.0eadff8b46798p-14,6.45350648266470933e-05
25,14,0x1.14e7ffc729b5cp-15,0x1.8fd87f88ac349p-291,0x1.14e7ffc729b5dp-15,3.30097969308193519e-05
25,15,0x1.1acf3dd4b9b5ap-16,0x1.8fd87f88ac349p-291,0x1.1acf3dd4b9b5bp-16,1.68567620048258554e-05
25,16,0x1.2062e76c3fab5p-17,0x1.8fd87f88ac349p-291,0x1.2062e76c3fab6p-17,8.59458278812167849e-06
25,17,0x1.25a2553ad0c38p-18,0x1.8fd87f88ac349p-291,0x1.25a2553ad0c39p-18,4.37548924986640136e-06
25,18,0x1.2a8d04fe8e035p-19,0x1.8fd87f88ac349p-291,0x1.2a8d04fe8e036p-19,2.22437722577006403e-06
25,19,0x1.2f2297c8a199ap-20,0x1.8fd87f88ac349p-291,0x1.2f2297c8a199bp-20,1.12926635345705936e-06
25,20,0x1.3362d21f4b725p-21,0x1.8fd87f88ac349p-291,0x1.3362d21f4b726p-21,5.72551076693485370e-07
25,21,0x1.374d9ccf67944p-22,0x1.8fd87f88ac349p-291,0x1.374d9ccf67945p-22,2.89923673480163947e-07
25,22,0x1.3ae305d3ae6f3p-23,0x1.8fd87f88ac349p-291,0x1.3ae305d3ae6f4p-23,1.46630596211710514e-07
25,23,0x1.3e2341092f0aep-24,0x1.8fd87f88ac349p-291,0x1.3e2341092f0afp-24,7.40722080503319980e-08
25,24,0x1.410ea89370dc6p-25,0x1.8fd87f88ac349p-291,0x1.410ea89370dc7p-25,3.73759842203840149e-08
25,25,0x1.43a5bce8a1352p-26,0x1.8fd87f88ac349p-291,0x1.43a5bce8a1353p-26,1.88387589161374749e-08
25,26,0x1.45e92488d2fc6p-27,0x1.8fd87f88ac349p-291,0x1.45e92488d2fc7p-27,9.48525015619123487e-09
25,27,0x1.47d9ab67fc4c5p-28,0x1.8fd87f88ac349p-291,0x1.47d9ab67fc4c6p-28,4.77084936138927710e-09
25,28,0x1.49784213f11b3p-29,0x1.8fd87f88ac349p-291,0x1.49784213f11b4p-29,2.39720799631834485e-09
25,29,0x1.4ac5fc9fb01aap-30,0x1.8fd87f88ac349p-291,0x1.4ac5fc9fb01abp-30,1.20334656815606554e-09
25,30,0x1.4bc4115cc4486p-31,0x1.8fd87f88ac349p-291,0x1.4bc4115cc4487p-31,6.03478638238342810e-10
25,31,0x1.4c73d76aae8c5p-32,0x1.8fd87f88ac349p-291,0x1.4c73d76aae8c6p-32,3.02363792569286476e-10
25,32,0x1.4cd6c52373441p-33,0x1.8fd87f88ac349p-291,0x1.4cd6c52373442p-33,1.51357628780917987e-10
25,33,0x1.4cee6e6b9e6cfp-34,0x1.8fd87f88ac349p-291,0x1.4cee6e6b9e6dp-34,7.56998298087137852e-11
25,34,0x1.4cbc82eb5e02cp-35,0x1.8fd87f88ac349p-291,0x1.4cbc82eb5e02dp-35,3.78277460039906016e-11
25,35,0x1.4c42cc35b5ffap-36,0x1.8fd87f88ac349p-291,0x1.4c42cc35b5ffbp-36,1.88868471294875813e-11
25,36,0x1.4b832be249ffep-37,0x1.8fd87f88ac349p-291,0x1.4b832be249fffp-37,9.42214877471226423e-12
25,37,0x1.4a7f999dc2d19p-38,0x1.8fd87f88ac349p-291,0x1.4a7f999dc2d1ap-38,4.69666528243828325e-12
25,38,0x1.493a21346f115p-39,0x1.8fd87f88ac349p-291,0x1.493a21346f116p-39,2.33929902411020830e-12
25,39,0x1.47b4e09a62a5ap-40,0x1.8fd87f88ac349p-291,0x1.47b4e09a62a5bp-40,1.16424755052986978e-12
25,40,0x1.45f205f407347p-41,0x1.8fd87f88ac349p-291,0x1.45f205f407348p-41,5.78995346492583353e-13
25,41,0x1.43f3cda1c5c5bp-42,0x1.8fd87f88ac349p-291,0x1.43f3cda1c5c5cp-42,2.87727492004699591e-13
25,42,0x1.41bc80512e48ep-43,0x1.8fd87f88ac349p-291,0x1.41bc80512e48fp-43,1.42879633885929624e-13
25,43,0x1.3f4e7115c38e8p-44,0x1.8fd87f88ac349p-291,0x1.3f4e7115c38e9p-44,7.09002663335829816e-14
25,44,0x1.3cabfb8b58afcp-45,0x1.8fd87f88ac349p-291,0x1.3cabfb8b58afdp-45,3.51576331394098173e-14
25,45,0x1.39d78203b733dp-46,0x1.8fd87f88ac349p-291,0x1.39d78203b733ep-46,1.74217211553777256e-14
25,46,0x1.36d36bc113116p-47,0x1.8fd87f88ac349p-291,0x1.36d36bc113117p-47,8.62715074236202669e-15
25,47,0x1.33a2233ea2984p-48,0x1.8fd87f88ac349p-291,0x1.33a2233ea2985p-48,4.26927035794502995e-15
25,48,0x1.3046148884157p-49,0x1.8fd87f88ac349p-291,0x1.3046148884158p-49,2.11132327463369004e-15
25,49,0x1.2cc1aba3f1724p-50,0x1.8fd87f88ac349p-291,0x1.2cc1aba3f1725p-50,1.04345880989447824e-15
25,50,0x1.291753089af59p-51,0x1.8fd87f88ac349p-291,0x1.291753089af5ap-51,5.15370924308881685e-16
25,51,0x1.2549722bdd955p-52,0x1.8fd87f88ac349p-291,0x1.2549722bdd956p-52,2.54385833896434119e-16
25,52,0x1.215a6c1e66c98p-53,0x1.8fd87f88ac349p-291,0x1.215a6c1e66c99p-53,1.25486952539740028e-16
25,53,0x1.1d4c9e3cb7836p-54,0x1.8fd87f88ac349p-291,0x1.1d4c9e3cb7837p-54,6.18644218985590978e-17
25,54,0x1.19225ef2d9b07p-55,0x1.8fd87f88ac349p-291,0x1.19225ef2d9b08p-55,3.04806376862847577e-17
25,55,0x1.14ddfc937f809p-56,0x1.8fd87f88ac349p-291,0x1.14ddfc937f80ap-56,1.50089974767420491e-17
25,56,0x1.1081bc42a964fp-57,0x1.8fd87f88ac349p-291,0x1.1081bc42a965p-57,7.38631104185126636e-18
25,57,0x1.0c0fd8f3d76c4p-58,0x1.8fd87f88ac349p-291,0x1.0c0fd8f3d76c5p-58,3.63291623594116083e-18
25,58,0x1.078a827bb41dfp-59,0x1.8fd87f88ac349p-291,0x1.078a827bb41ep-59,1.78582364225651526e-18
25,59,0x1.02f3dcb51241dp-60,0x1.8fd87f88ac349p-291,0x1.02f3dcb51241ep-60,8.77365490088528120e-19
25,60,0x1.fc9bfd7208148p-62,0x1.8fd87f88ac349p-291,0x1.fc9bfd7208149p-62,4.30808864890449176e-19
25,61,0x1.f335e453818c1p-63,0x1.8fd87f88ac349p-291,0x1.f335e453818c2p-63,2.11423877008333587e-19
25,62,0x1.e9b9651ffd21dp-64,0x1.8fd87f88ac349p-291,0x1.e9b9651ffd21ep-64,1.03703132967516970e-19
25,63,0x1.e02a5994aeae7p-65,0x1.8fd87f88ac349p-291,0x1.e02a5994aeae8p-65,5.08394923536940971e-20
25,64,0x1.d68c7d1c87c04p-66,0x1.8fd87f88ac349p-291,0x1.d68c7d1c87c05p-66,2.49106452112559811e-20
25,65,0x1.cce36bf458b64p-67,0x1.8fd87f88ac349p-291,0x1.cce36bf458b65p-67,1.21996134691284438e-20
25,66,0x1.c332a270083fdp-68,0x1.8fd87f88ac349p-291,0x1.c332a270083fep-68,5.97155304361417940e-21
25,67,0x1.b97d7c5fbb901p-69,0x1.8fd87f88ac349p-291,0x1.b97d7c5fbb902p-69,2.92153693391503411e-21
25,68,0x1.afc73493bb0e4p-70,0x1.8fd87f88ac349p-291,0x1.afc73493bb0e5p-70,1.42863404522241026e-21
25,69,0x1.a612e47dd32ddp-71,0x1.8fd87f88ac349p-291,0x1.a612e47dd32dep-71,6.98262527204855033e-22
25,70,0x1.9c6383eee7271p-72,0x1.8fd87f88ac349p-291,0x1.9c6383eee7272p-72,3.41119963855639868e-22
25,71,0x1.92bbe8ef6385ep-73,0x1.8fd87f88ac349p-291,0x1.92bbe8ef6385fp-73,1.66566887944425196e-22
25,72,0x1.891ec7b138cp-74,0x1.8fd87f88ac349p-291,0x1.891ec7b138c01p-74,8.12953591080497804e-23
25,73,0x1.7f8eb29a02121p-75,0x1.8fd87f88ac349p-291,0x1.7f8eb29a02122p-75,3.96589069528597764e-23
25,74,0x1.760e1a63fac0ep-76,0x1.8fd87f88ac349p-291,0x1.760e1a63fac0fp-76,1.93381949143805104e-23
25,75,0x1.6c9f4e546354fp-77,0x1.8fd87f88ac349p-291,0x1.6c9f4e546355p-77,9.42526526052937664e-24
25,76,0x1.63447c85f95abp-78,0x1.8fd87f88ac349p-291,0x1.63447c85f95acp-78,4.59172514081250601e-24
25,77,0x1.59ffb246269d4p-79,0x1.8fd87f88ac349p-291,0x1.59ffb246269d5p-79,2.23596492893469690e-24
25,78,0x1.50d2dc8390707p-80,0x1.8fd87f88ac349p-291,0x1.50d2dc8390708p-80,1.08833599879318466e-24
25,79,0x1.47bfc84cb4797p-81,0x1.8fd87f88ac349p-291,0x1.47bfc84cb4798p-81,5.29507310013146851e-25
25,80,0x1.3ec8235d46498p-82,0x1.8fd87f88ac349p-291,0x1.3ec8235d46499p-82,2.57509878912419572e-25
25,81,0x1.35ed7cb907f78p-83,0x1.8fd87f88ac349p-291,0x1.35ed7cb907f79p-83,1.25178794825744742e-25
25,82,0x1.2d314552df9c6p-84,0x1.8fd87f88ac349p-291,0x1.2d314552df9c7p-84,6.08253337172852148e-26
25,83,0x1.2494d0bef4135p-85,0x1.8fd87f88ac349p-291,0x1.2494d0bef4136p-85,2.95431625245287344e-26
25,84,0x1.1c1955eea481ep-86,0x1.8fd87f88ac349p-291,0x1.1c1955eea481fp-86,1.43433323937118264e-26
25,85,0x1.13bfeff537e99p-87,0x1.8fd87f88ac349p-291,0x1.13bfeff537e9ap-87,6.96090244847205039e-27
25,86,0x1.0b899ed42c3e1p-88,0x1.8fd87f88ac349p-291,0x1.0b899ed42c3e2p-88,3.37679899791932973e-27
25,87,0x1.0377484e1723ap-89,0x1.8fd87f88ac349p-291,0x1.0377484e1723bp-89,1.63746033483136619e-27
25,88,0x1.f713717e2ae77p-91,0x1.8fd87f88ac349p-291,0x1.f713717e2ae78p-91,7.93713899433746674e-28
25,89,0x1.e78347f3a3d71p-92,0x1.8fd87f88ac349p-291,0x1.e78347f3a3d72p-92,3.84579801846286943e-28
25,90,0x1.d83f4c506db8fp-93,0x1.8fd87f88ac349p-291,0x1.d83f4c506db9p-93,1.86268699800585091e-28
25,91,0x1.c948895dd4a7cp-94,0x1.8fd87f88ac349p-291,0x1.c948895dd4a7dp-94,9.01832385762520804e-29
25,92,0x1.ba9fde257fb91p-95,0x1.8fd87f88ac349p-291,0x1.ba9fde257fb92p-95,4.36461438345659805e-29
25,93,0x1.ac45ffbead65cp-96,0x1.8fd87f88ac349p-291,0x1.ac45ffbead65dp-96,2.11155105323067166e-29
25,94,0x1.9e3b7b1c4de7bp-97,0x1.8fd87f88ac349p-291,0x1.9e3b7b1c4de7cp-97,1.02116157636798876e-29
25,95,0x1.9080b6da97d7p-98,0x1.8fd87f88ac349p-291,0x1.9080b6da97d71p-98,4.93657802444572387e-30
25,96,0x1.8315f50aca4f1p-99,0x1.8fd87f88ac349p-291,0x1.8315f50aca4f2p-99,2.38560024339254979e-30
25,97,0x1.75fb54fbe6933p-100,0x1.8fd87f88ac349p-291,0x1.75fb54fbe6934p-100,1.15242028933842726e-30
25,98,0x1.6930d4ff41787p-101,0x1.8fd87f88ac349p-291,0x1.6930d4ff41788p-101,5.56502464968277270e-31
25,99,0x1.5cb65427e2b3ap-102,0x1.8fd87f88ac349p-291,0x1.5cb65427e2b3bp-102,2.68638123833347877e-31
25,100,0x1.508b9403bd8b1p-103,0x1.8fd87f88ac349p-291,0x1.508b9403bd8b2p-103,1.29632506169415627e-31
25,101,0x1.44b03a4de3354p-104,0x1.8fd87f88ac349p-291,0x1.44b03a4de3355p-104,6.25327092226089543e-32
25,102,0x1.3923d298e361p-105,0x1.8fd87f88ac349p-291,0x1.3923d298e3611p-105,3.01542786111917720e-32
25,103,0x1.2de5cff0a2fd2p-106,0x1.8fd87f88ac349p-291,0x1.2de5cff0a2fd3p-106,1.45358457147031073e-32
25,104,0x1.22f58e7304314p-107,0x1.8fd87f88ac349p-291,0x1.22f58e7304315p-107,7.00458806528207219e-33
25,105,0x1.185254deccb76p-108,0x1.8fd87f88ac349p-291,0x1.185254deccb77p-108,3.37424861236264102e-33
25,106,0x1.0dfb5618493bfp-109,0x1.8fd87f88ac349p-291,0x1.0dfb5618493cp-109,1.62489374770651860e-33
25,107,0x1.03efb2a33d2efp-110,0x1.8fd87f88ac349p-291,0x1.03efb2a33d2fp-110,7.82217408506392236e-34
25,108,0x1.f45cf4237cd06p-112,0x1.8fd87f88ac349p-291,0x1.f45cf4237cd07p-112,3.76431358537770973e-34
25,109,0x1.e16d58cf56925p-113,0x1.8fd87f88ac349p-291,0x1.e16d58cf56926p-113,1.81092761327777469e-34
25,110,0x1.cf0e76e4f0f08p-114,0x1.8fd87f88ac349p-291,0x1.cf0e76e4f0f09p-114,8.70912482943961235e-35
25,111,0x1.bd3e182a4219cp-115,0x1.8fd87f88ac349p-291,0x1.bd3e182a4219dp-115,4.18704087674971152e-35
25,112,0x1.abf9ef1021ea7p-116,0x1.8fd87f88ac349p-291,0x1.abf9ef1021ea8p-116,2.01233491084346841e-35
25,113,0x1.9b3f9919db1f5p-117,0x1.8fd87f88ac349p-291,0x1.9b3f9919db1f6p-117,9.66840412230730696e-36
25,114,0x1.8b0ca12c57ca1p-118,0x1.8fd87f88ac349p-291,0x1.8b0ca12c57ca2p-118,4.64378260775257482e-36
25,115,0x1.7b5e81c4dd493p-119,0x1.8fd87f88ac349p-291,0x1.7b5e81c4dd494p-119,2.22973156705451408e-36
25,116,0x1.6c32a7175ff91p-120,0x1.8fd87f88ac349p-291,0x1.6c32a7175ff92p-120,1.07028132373266301e-36
25,117,0x1.5d867114895f7p-121,0x1.8fd87f88ac349p-291,0x1.5d867114895f8p-121,5.13581068172789908e-37
25,118,0x1.4f5735579cb72p-122,0x1.8fd87f88ac349p-291,0x1.4f5735579cb73p-122,2.46369405445732347e-37
25,119,0x1.41a240fc758cdp-123,0x1.8fd87f88ac349p-291,0x1.41a240fc758cep-123,1.18149599926584099e-37
25,120,0x1.3464da5dea9b3p-124,0x1.8fd87f88ac349p-291,0x1.3464da5dea9b4p-124,5.66430241089901434e-38
25,121,0x1.279c42bcec482p-125,0x1.8fd87f88ac349p-291,0x1.279c42bcec483p-125,2.71475271419080977e-38
25,122,0x1.1b45b7d0c2246p-126,0x1.8fd87f88ac349p-291,0x1.1b45b7d0c2247p-126,1.30072277645552472e-38
25,123,0x1.0f5e7540d5981p-127,0x1.8fd87f88ac349p-291,0x1.0f5e7540d5982p-127,6.23032615296829249e-39
25,124,0x1.03e3b60881975p-128,0x1.8fd87f88ac349p-291,0x1.03e3b60881976p-128,2.98338510552007354e-39
25,125,0x1.f1a56b8acf933p-130,0x1.8fd87f88ac349p-291,0x1.f1a56b8acf934p-130,1.42817447301300769e-39
25,126,0x1.dc5163e1a63c5p-131,0x1.8fd87f88ac349p-291,0x1.dc5163e1a63c6p-131,6.83482710310507453e-40
25,127,0x1.c7c5d6096cabp-132,0x1.8fd87f88ac349p-291,0x1.c7c5d6096cab1p-132,3.27000945042954310e-40
25,128,0x1.b3fd4b19b5443p-133,0x1.8fd87f88ac349p-291,0x1.b3fd4b19b5444p-133,1.56403536585038313e-40
25,129,0x1.a0f25649ae86ep-134,0x1.8fd87f88ac349p-291,0x1.a0f25649ae86fp-134,7.47861339046384790e-41
25,130,0x1.8e9f96c6ddb09p-135,0x1.8fd87f88ac349p-291,0x1.8e9f96c6ddb0ap-135,3.57497824286123142e-41
25,131,0x1.7cffb967e4847p-136,0x1.8fd87f88ac349p-291,0x1.7cffb967e4848p-136,1.70845825745573991e-41
25,132,0x1.6c0d7a3c96a08p-137,0x1.8fd87f88ac349p-291,0x1.6c0d7a3c96a09p-137,8.16234263009296330e-42
25,133,0x1.5bc3a5fca609cp-138,0x1.8fd87f88ac349p-291,0x1.5bc3a5fca609dp-138,3.89857209269556712e-42
25,134,0x1.4c1d1b5630a17p-139,0x1.8fd87f88ac349p-291,0x1.4c1d1b5630a18p-139,1.86156166205440064e-42
25,135,0x1.3d14cc1d7900bp-140,0x1.8fd87f88ac349p-291,0x1.3d14cc1d7900cp-140,8.88650908094342650e-43
25,136,0x1.2ea5be5f14dd7p-141,0x1.8fd87f88ac349p-291,0x1.2ea5be5f14dd8p-141,4.24099387420866284e-43
25,137,0x1.20cb0d55d9bcep-142,0x1.8fd87f88ac349p-291,0x1.20cb0d55d9bcfp-142,2.02342714377640674e-43
25,138,0x1.137fea45ce647p-143,0x1.8fd87f88ac349p-291,0x1.137fea45ce648p-143,9.65143155863464384e-44
25,139,0x1.06bf9d3d64457p-144,0x1.8fd87f88ac349p-291,0x1.06bf9d3d64458p-144,4.60236324749210150e-44
25,140,0x1.f50b0b7c70427p-146,0x1.8fd87f88ac349p-291,0x1.f50b0b7c70428p-146,2.19409683833439534e-44
25,141,0x1.dd9a369d28d51p-147,0x1.8fd87f88ac349p-291,0x1.dd9a369d28d52p-147,1.04572422476767499e-44
25,142,0x1.c723dbe9d511fp-148,0x1.8fd87f88ac349p-291,0x1.c723dbe9d512p-148,4.98271161919194325e-45
25,143,0x1.b19f4d3ce45cep-149,0x1.8fd87f88ac349p-291,0x1.b19f4d3ce45cfp-149,2.37357118859267461e-45
25,144,0x1.9d040ee42ef39p-150,0x1.8fd87f88ac349p-291,0x1.9d040ee42ef3ap-150,1.13038765520130725e-45
25,145,0x1.8949d821b35d7p-151,0x1.8fd87f88ac349p-291,0x1.8949d821b35d8p-151,5.38197760592870135e-46
25,146,0x1.7668938969f93p-152,0x1.8fd87f88ac349p-291,0x1.7668938969f94p-152,2.56180692288702166e-46
25,147,0x1.64585f3e543e5p-153,0x1.8fd87f88ac349p-291,0x1.64585f3e543e6p-153,1.21910641150852931e-46
25,148,0x1.53118d10dd6fp-154,0x1.8fd87f88ac349p-291,0x1.53118d10dd6f1p-154,5.80000305993018868e-47
25,149,0x1.428ca28092035p-155,0x1.8fd87f88ac349p-291,0x1.428ca28092036p-155,2.75871530305194626e-47
25,150,0x1.32c258a3226p-156,0x1.8fd87f88ac349p-291,0x1.32c258a322601p-156,1.31183211312212149e-47
25,151,0x1.23ab9bf29451p-157,0x1.8fd87f88ac349p-291,0x1.23ab9bf294511p-157,6.23652971178478905e-48
25,152,0x1.15418c04757d1p-158,0x1.8fd87f88ac349p-291,0x1.15418c04757d2p-158,2.96416066684787898e-48
25,153,0x1.077d7b2bcf967p-159,0x1.8fd87f88ac349p-291,0x1.077d7b2bcf968p-159,1.40849440591026883e-48
25,154,0x1.f4b1dc0f1b271p-161,0x1.8fd87f88ac349p-291,0x1.f4b1dc0f1b272p-161,6.69119647985806810e-49
25,155,0x1.db9b35fddf629p-162,0x1.8fd87f88ac349p-291,0x1.db9b35fddf62ap-162,3.17795928688299982e-49
25,156,0x1.c3aad35b35347p-163,0x1.8fd87f88ac349p-291,0x1.c3aad35b35348p-163,1.50900048355298626e-49
25,157,0x1.acd4e481794f5p-164,0x1.8fd87f88ac349p-291,0x1.acd4e481794f6p-164,7.16353748987655514e-50
25,158,0x1.970df98d6622dp-165,0x1.8fd87f88ac349p-291,0x1.970df98d6622ep-165,3.39987856522403688e-50
25,159,0x1.824b00e50fb03p-166,0x1.8fd87f88ac349p-291,0x1.824b00e50fb04p-166,1.61323476738017980e-50
25,160,0x1.6e8145a92108fp-167,0x1.8fd87f88ac349p-291,0x1.6e8145a92109p-167,7.65298084154141760e-51
25,161,0x1.5ba66e12caaebp-168,0x1.8fd87f88ac349p-291,0x1.5ba66e12caaecp-168,3.62963657972347340e-51
25,162,0x1.49b079c0b0cecp-169,0x1.8fd87f88ac349p-291,0x1.49b079c0b0cedp-169,1.72105875159651792e-51
25,163,0x1.3895bff508b78p-170,0x1.8fd87f88ac349p-291,0x1.3895bff508b79p-170,8.15884815187813491e-52
25,164,0x1.284cedc6f5f8ep-171,0x1.8fd87f88ac349p-291,0x1.284cedc6f5f8fp-171,3.86690199469790334e-52
25,165,0x1.18cd0449199b6p-172,0x1.8fd87f88ac349p-291,0x1.18cd0449199b7p-172,1.83231101921249105e-52
25,166,0x1.0a0d56a72884dp-173,0x1.8fd87f88ac349p-291,0x1.0a0d56a72884ep-173,8.68035489744213793e-53
25,167,0x1.f80b1078836adp-175,0x1.8fd87f88ac349p-291,0x1.f80b1078836aep-175,4.11129434501475346e-53
25,168,0x1.dd5b154742fd9p-176,0x1.8fd87f88ac349p-291,0x1.dd5b154742fdap-176,1.94680743231715444e-53
25,169,0x1.c3fb378a6844bp-177,0x1.8fd87f88ac349p-291,0x1.c3fb378a6844cp-177,9.21661156958690013e-54
25,170,0x1.abdc87bee11adp-178,0x1.8fd87f88ac349p-291,0x1.abdc87bee11aep-178,4.36238469893103554e-54
25,171,0x1.94f0a71f9619ep-179,0x1.8fd87f88ac349p-291,0x1.94f0a71f9619fp-179,2.06434149858758956e-54
25,172,0x1.7f29c3b5efd7p-180,0x1.8fd87f88ac349p-291,0x1.7f29c3b5efd71p-180,9.76662564885567144e-55
25,173,0x1.6a7a946c3de7p-181,0x1.8fd87f88ac349p-291,0x1.6a7a946c3de71p-181,4.61969670122182727e-55
25,174,0x1.56d65524158ffp-182,0x1.8fd87f88ac349p-291,0x1.56d65524159p-182,2.18468491415481922e-55
25,175,0x1.4430c2d293bedp-183,0x1.8fd87f88ac349p-291,0x1.4430c2d293beep-183,1.03293043962902257e-55
25,176,0x1.327e17a4458efp-184,0x1.8fd87f88ac349p-291,0x1.327e17a4458fp-184,4.88270799429101591e-56
25,177,0x1.21b3072a540b2p-185,0x1.8fd87f88ac349p-291,0x1.21b3072a540b3p-185,2.30758828115950926e-56
25,178,0x1.11c4ba926b147p-186,0x1.8fd87f88ac349p-291,0x1.11c4ba926b148p-186,1.09034584511601299e-56
25,179,0x1.02a8cceab05ffp-187,0x1.8fd87f88ac349p-291,0x1.02a8cceab06p-187,5.15085201111503192e-57
25,180,0x1.e8aa8ee5fc769p-189,0x1.8fd87f88ac349p-291,0x1.e8aa8ee5fc76ap-189,2.43278199655360642e-57
25,181,0x1.cd813bf8ec812p-190,0x1.8fd87f88ac349p-291,0x1.cd813bf8ec813p-190,1.14878062164092088e-57
25,182,0x1.b3c356b0c479ap-191,0x1.8fd87f88ac349p-291,0x1.b3c356b0c479bp-191,5.42352013008648873e-58
25,183,0x1.9b5f5bae7ab06p-192,0x1.8fd87f88ac349p-291,0x1.9b5f5bae7ab07p-192,2.55997730696129915e-58
25,184,0x1.844487b149cbdp-193,0x1.8fd87f88ac349p-291,0x1.844487b149cbep-193,1.20809790050981736e-58
25,185,0x1.6e62d0d9ae378p-194,0x1.8fd87f88ac349p-291,0x1.6e62d0d9ae379p-194,5.70006417814085828e-59
25,186,0x1.59aae0109cc1dp-195,0x1.8fd87f88ac349p-291,0x1.59aae0109cc1ep-195,2.68886752272331993e-59
25,187,0x1.460e0a93e3635p-196,0x1.8fd87f88ac349p-291,0x1.460e0a93e3636p-196,1.26815269133894371e-59
25,188,0x1.337e4ba87ba46p-197,0x1.8fd87f88ac349p-291,0x1.337e4ba87ba47p-197,5.97979926501581839e-60
25,189,0x1.21ee3e736f45cp-198,0x1.8fd87f88ac349p-291,0x1.21ee3e736f45dp-198,2.81912938263609934e-60
25,190,0x1.115117f9cb8dep-199,0x1.8fd87f88ac349p-291,0x1.115117f9cb8dfp-199,1.32879253782703040e-60
25,191,0x1.019aa147fde94p-200,0x1.8fd87f88ac349p-291,0x1.019aa147fde95p-200,6.26200692814738476e-61
25,192,0x1.e57e6381aa6b7p-202,0x1.8fd87f88ac349p-291,0x1.e57e6381aa6b8p-202,2.95042455937741851e-61
25,193,0x1.c96753288c1ccp-203,0x1.8fd87f88ac349p-291,0x1.c96753288c1cdp-203,1.38985823713223026e-61
25,194,0x1.aedad8bbeb2e1p-204,0x1.8fd87f88ac349p-291,0x1.aedad8bbeb2e2p-204,6.54593856459249271e-62
25,195,0x1.95c4b7d6eb2b7p-205,0x1.8fd87f88ac349p-291,0x1.95c4b7d6eb2b8p-205,3.08240129420483512e-62
25,196,0x1.7e11a6540bf62p-206,0x1.8fd87f88ac349p-291,0x1.7e11a6540bf63p-206,1.45118461735130164e-62
25,197,0x1.67af4277363c2p-207,0x1.8fd87f88ac349p-291,0x1.67af4277363c3p-207,6.83081912352019463e-63
25,198,0x1.528c0965aa16ap-208,0x1.8fd87f88ac349p-291,0x1.528c0965aa16bp-208,3.21469614823557790e-63
25,199,0x1.3e974deb060c9p-209,0x1.8fd87f88ac349p-291,0x1.3e974deb060cap-209,1.51260136702721989e-63
25,200,0x1.2bc12f8a7d7b5p-210,0x1.8fd87f88ac349p-291,0x1.2bc12f8a7d7b6p-210,7.11585103026582191e-64
25,201,0x1.19fa91db3957fp-211,0x1.8fd87f88ac349p-291,0x1.19fa91db3958p-211,3.34693585648383904e-64
25,202,0x1.0935142ec512fp-212,0x1.8fd87f88ac349p-291,0x1.0935142ec513p-212,1.57393391010893558e-64
25,203,0x1.f2c61300a60bdp-214,0x1.8fd87f88ac349p-291,0x1.f2c61300a60bep-214,7.40021831071919689e-65
25,204,0x1.d4eee1571fefcp-215,0x1.8fd87f88ac349p-291,0x1.d4eee1571fefdp-215,3.47873926985138152e-65
25,205,0x1.b8cbd9d3581a4p-216,0x1.8fd87f88ac349p-291,0x1.b8cbd9d3581a5p-216,1.63500431935723411e-65
25,206,0x1.9e457d26609eep-217,0x1.8fd87f88ac349p-291,0x1.9e457d26609efp-217,7.68309088294441711e-66
25,207,0x1.8545784a565a3p-218,0x1.8fd87f88ac349p-291,0x1.8545784a565a4p-218,3.60971936945487932e-66
25,208,0x1.6db6971066ce1p-219,0x1.8fd87f88ac349p-291,0x1.6db6971066ce2p-219,1.69563226083994089e-66
25,209,0x1.5784b72f6fc7ep-220,0x1.8fd87f88ac349p-291,0x1.5784b72f6fc7fp-220,7.96362898142346320e-67
25,210,0x1.429cbbd017569p-221,0x1.8fd87f88ac349p-291,0x1.429cbbd01756ap-221,3.73948533703241860e-67
25,211,0x1.2eec81932f4a3p-222,0x1.8fd87f88ac349p-291,0x1.2eec81932f4a4p-222,1.75563596188983362e-67
25,212,0x1.1c62d30f2f515p-223,0x1.8fd87f88ac349p-291,0x1.1c62d30f2f516p-223,8.24098767819317298e-68
25,213,0x1.0aef5dc18b4bep-224,0x1.8fd87f88ac349p-291,0x1.0aef5dc18b4bfp-224,3.86764466471071292e-68
25,214,0x1.f5054ee1513cdp-226,0x1.8fd87f88ac349p-291,0x1.f5054ee1513cep-226,1.81483319471198131e-68
25,215,0x1.d61c07f669ae4p-227,0x1.8fd87f88ac349p-291,0x1.d61c07f669ae5p-227,8.51432146440518601e-69
25,216,0x1.b9071723433a1p-228,0x1.8fd87f88ac349p-291,0x1.b9071723433a2p-228,3.99380528713078299e-69
25,217,0x1.9dac22ad1b3e2p-229,0x1.8fd87f88ac349p-291,0x1.9dac22ad1b3e3p-229,1.87304226772411272e-69
25,218,0x1.83f234c5cf669p-230,0x1.8fd87f88ac349p-291,0x1.83f234c5cf66ap-230,8.78278885549374115e-70
25,219,0x1.6bc1aa5540eaep-231,0x1.8fd87f88ac349p-291,0x1.6bc1aa5540eafp-231,4.11757771883076088e-70
25,220,0x1.5504227d8eb07p-232,0x1.8fd87f88ac349p-291,0x1.5504227d8eb08p-232,1.93008301669508031e-70
25,221,0x1.3fa46ed3f4273p-233,0x1.8fd87f88ac349p-291,0x1.3fa46ed3f4274p-233,9.04555698317658413e-71
25,222,0x1.2b8e8448310ddp-234,0x1.8fd87f88ac349p-291,0x1.2b8e8448310dep-234,4.23857717986312245e-71
25,223,0x1.18af6cb476bffp-235,0x1.8fd87f88ac349p-291,0x1.18af6cb476cp-235,1.98577778781117798e-71
25,224,0x1.06f5390ff1fbep-236,0x1.8fd87f88ac349p-291,0x1.06f5390ff1fbfp-236,9.30180613794275862e-72
25,225,0x1.ec9de87c4846ep-238,0x1.8fd87f88ac349p-291,0x1.ec9de87c4846fp-238,4.35642569287908095e-72
25,226,0x1.cd592ceab8b15p-239,0x1.8fd87f88ac349p-291,0x1.cd592ceab8b17p-239,2.03995240494380124e-72
25,227,0x1.affdf26d7f12dp-240,0x1.8fd87f88ac349p-291,0x1.affdf26d7f131p-240,9.55073422646583784e-73
25,228,0x1.946f97a4dc5f6p-241,0x1.8fd87f88ac349p-291,0x1.946f97a4dc5fdp-241,4.47075413533347101e-73
25,229,0x1.7a9310e4ee58dp-242,0x1.8fd87f88ac349p-291,0x1.7a9310e4ee59ap-242,2.09243711361367255e-73
25,230,0x1.624ed34ed0ab5p-243,0x1.8fd87f88ac349p-291,0x1.624ed34ed0acep-243,9.79156110952859237e-74
25,231,0x1.4b8ac0e2de6a9p-244,0x1.8fd87f88ac349p-291,0x1.4b8ac0e2de6dbp-244,4.58120423104817337e-74
25,232,0x1.363015823d5c8p-245,0x1.8fd87f88ac349p-291,0x1.363015823d62cp-245,2.14306749444159927e-74
25,233,0x1.222954d6219b6p-246,0x1.8fd87f88ac349p-291,0x1.222954d621a7ep-246,1.00235327875231497e-74
25,234,0x1.0f6239137d687p-247,0x1.8fd87f88ac349p-291,0x1.0f6239137d817p-247,4.68743046610869564e-75
25,235,0x1.fb8f45242d2bdp-249,0x1.8fd87f88ac349p-291,0x1.fb8f45242d8fdp-249,2.19168533924012654e-75
25,236,0x1.da8f105c808e5p-250,0x1.8fd87f88ac349p-291,0x1.da8f105c81564p-250,1.02459254023769341e-75
25,237,0x1.bba1d0d97a02ap-251,0x1.8fd87f88ac349p-291,0x1.bba1d0d97b928p-251,4.78910191494039772e-76
25,238,0x1.9ea776b123395p-252,0x1.8fd87f88ac349p-291,0x1.9ea776b126591p-252,2.23813948332550417e-76
25,239,0x1.8381ca25abb63p-253,0x1.8fd87f88ac349p-291,0x1.8381ca25b1f5ap-253,1.04580490268316250e-76
25,240,0x1.6a145219a58e4p-254,0x1.8fd87f88ac349p-291,0x1.6a145219b20d1p-254,4.88590396342556283e-77
25,241,0x1.52443bca02e6ap-255,0x1.8fd87f88ac349p-291,0x1.52443bca1be43p-255,2.28228658812663957e-77
25,242,0x1.3bf843bf7cdc6p-256,0x1.8fd87f88ac349p-291,0x1.3bf843bfaed77p-256,1.06592512144655877e-77
25,243,0x1.27189fe98d52ep-257,0x1.8fd87f88ac349p-291,0x1.27189fe9f149p-257,4.97753991718080654e-78
25,244,0x1.138eead5a41b2p-258,0x1.8fd87f88ac349p-291,0x1.138eead66c076p-258,2.32399186884796202e-78
25,245,0x1.01460ff5bc088p-259,0x1.8fd87f88ac349p-291,0x1.01460ff74be1p-259,1.08489202878804558e-78
25,246,0x1.e05471d3dc876p-261,0x1.8fd87f88ac349p-291,0x1.e05471da1be96p-261,5.06373248581536591e-79
25,247,0x1.c05177823199bp-262,0x1.8fd87f88ac349p-291,0x1.c051778eb05dbp-262,2.36312976401280843e-79
25,248,0x1.a260144a4113dp-263,0x1.8fd87f88ac349p-291,0x1.a26014633e9bdp-263,1.10264883602106796e-79
25,249,0x1.865f42cf8d919p-264,0x1.8fd87f88ac349p-291,0x1.865f430188a19p-264,5.14422515036291763e-80
25,250,0x1.6c2ff6cae9ad3p-265,0x1.8fd87f88ac349p-291,0x1.6c2ff72edfcd2p-265,2.39958455947110447e-80
25,251,0x1.53b5006787f41p-266,0x1.8fd87f88ac349p-291,0x1.53b5012f7433ep-266,1.11914342400756339e-80
25,252,0x1.3cd2f123c3b55p-267,0x1.8fd87f88ac349p-291,0x1.3cd2f2b39c34ep-267,5.21878357511873081e-81
25,253,0x1.2770022273655p-268,0x1.8fd87f88ac349p-291,0x1.2770054224647p-268,2.43325113337530418e-81
25,254,0x1.1373fbd9ead8cp-269,0x1.8fd87f88ac349p-291,0x1.137402194cd6fp-269,1.13432879119198244e-81
25,255,0x1.00c81f0dbdadbp-270,0x1.8fd87f88ac349p-291,0x1.00c82b8c81aap-270,5.28719877134745125e-82
25,256,0x1.deae1dfeedf72p-272,0x1.8fd87f88ac349p-291,0x1.deae4ff9fde84p-272,2.46403754011102670e-82
25,257,0x1.be197980643dbp-273,0x1.8fd87f88ac349p-291,0x1.be19dd76841fep-273,1.14816538549549871e-82
25,258,0x1.9faca7101d031p-274,0x1.8fd87f88ac349p-291,0x1.9fad6efc5cc77p-274,5.34930934991351810e-83
25,259,0x1.83444bdd2b61ap-275,0x1.8fd87f88ac349p-291,0x1.8345dbb5aaea5p-275,2.49188683994766157e-83
25,260,0x1.68bf379845998p-276,0x1.8fd87f88ac349p-291,0x1.68c2574944aaep-276,1.16064279477025025e-83
25,261,0x1.4ffe40d0ee4fcp-277,0x1.8fd87f88ac349p-291,0x1.50048032ec728p-277,5.40521828155097305e-84
25,262,0x1.38e420afd82cep-278,0x1.8fd87f88ac349p-291,0x1.38f09f73d4725p-278,2.51699426160414909e-84
25,263,0x1.23554bdbeb4a5p-279,0x1.8fd87f88ac349p-291,0x1.236e4963e3d52p-279,1.17199755012200282e-84
25,264,0x1.0f37c49899563p-280,0x1.8fd87f88ac349p-291,0x1.0f69bfa88a6bcp-280,5.45747837329844192e-85
25,265,0x1.f8e5be10bb118p-282,0x1.8fd87f88ac349p-291,0x1.f9adaa507f67ap-282,2.54200056935156351e-85
25,266,0x1.d5ddd5d640588p-283,0x1.8fd87f88ac349p-291,0x1.d76dae55c904cp-283,1.18491457586963931e-85
25,267,0x1.b52958e804ab5p-284,0x1.8fd87f88ac349p-291,0x1.b84909e71603cp-284,5.53318841649337191e-86
25,268,0x1.9698fa5df1fe2p-285,0x1.8fd87f88ac349p-291,0x1.9cd85c5c14afp-285,2.59417020631664964e-86
25,269,0x1.79f9a4a80692p-286,0x1.8fd87f88ac349p-291,0x1.867868a44bf3bp-286,1.22678747354330917e-86
25,270,0x1.5f0f7411a8ecap-287,0x1.8fd87f88ac349p-291,0x1.780cfc0a33affp-287,5.90741803587941996e-87
25,271,0x1.458d4012c8096p-288,0x1.8fd87f88ac349p-291,0x1.77885003dd9p-288,2.94963839850700535e-87
25,272,0x1.2d06ab05f815p-289,0x1.8fd87f88ac349p-291,0x1.90fccae823223p-289,1.57478797928114863e-87
25,273,0x1.14da12b8e50bfp-290,0x1.8fd87f88ac349p-291,0x1.dcc6527d3b264p-290,9.36212618184545985e-88
25,274,0x1.f81fda5afd031p-292,0x1.8fd87f88ac349p-291,0x1.45f4365b155b1p-290,6.40055371020274823e-88
25,275,0x1.c260a9df0c39dp-293,0x1.8fd87f88ac349p-291,0x1.0038550037a19p-290,5.03123263382071963e-88
25,276,0x1.84374a2a5db13p-294,0x1.8fd87f88ac349p-291,0x1.c05f68cdf7eacp-291,4.40220691386663565e-88
25,277,0x1.382d2f33eb986p-295,0x1.8fd87f88ac349p-291,0x1.a35b527beaee2p-291,4.11732273979155308e-88
25,278,0x1.b25f2e5e5b806p-297,0x1.8fd87f88ac349p-291,0x1.96a1fc4225a2ap-291,3.99239640469406117e-88
25,279,0x1.a26cfc86f1e7p-299,0x1.8fd87f88ac349p-291,0x1.917aec8533268p-291,3.94180737284751713e-88
25,280,0x0p+0,0x1.8fd87f88ac349p-291,0x1.8fd87f88ac349p-291,3.92575978684513623e-88
26,0,0x1.94c6e9284667cp-2,0x1.2272af1db8283p-279,0x1.94c6e9284667dp-2,3.95290034373466715e-01
26,1,0x1.a5ba72a0c11cfp-3,0x1.2272af1db8283p-279,0x1.a5ba72a0c11dp-3,2.05922027140458486e-01
26,2,0x1.bd83d97be79e3p-4,0x1.2272af1db8283p-279,0x1.bd83d97be79e4p-4,1.08768319651495527e-01
26,3,0x1.db14dc1fc14acp-5,0x1.2272af1db8283p-279,0x1.db14dc1fc14adp-5,5.79933451936452752e-02
26,4,0x1.fcb384eb1d5b1p-6,0x1.2272af1db8283p-279,0x1.fcb384eb1d5b2p-6,3.10486600905812219e-02
26,5,0x1.1086f59872d17p-6,0x1.2272af1db8283p-279,0x1.1086f59872d18p-6,1.66337393182348359e-02
26,6,0x1.23ac382af679dp-7,0x1.2272af1db8283p-279,0x1.23ac382af679ep-7,8.90114538735869640e-03
26,7,0x1.3791df02e0a1fp-8,0x1.2272af1db8283p-279,0x1.3791df02e0a2p-8,4.75417799578051193e-03
26,8,0x1.4c1a0e179f7a2p-9,0x1.2272af1db8283p-279,0x1.4c1a0e179f7a3p-9,2.53373548531406331e-03
26,9,0x1.61343353dc42cp-10,0x1.2272af1db8283p-279,0x1.61343353dc42dp-10,1.34736598280605779e-03
26,10,0x1.76d6625f8baaap-11,0x1.2272af1db8283p-279,0x1.76d6625f8baabp-11,7.14945675957275539e-04
26,11,0x1.8cf9f2f0a57f1p-12,0x1.2272af1db8283p-279,0x1.8cf9f2f0a57f2p-12,3.78586161823845432e-04
26,12,0x1.a399c5075032ep-13,0x1.2272af1db8283p-279,0x1.a399c5075032fp-13,2.00081187566447547e-04
26,13,0x1.bab159716c795p-14,0x1.2272af1db8283p-279,0x1.bab159716c796p-14,1.05546181450559503e-04
26,14,0x1.d23c581939e13p-15,0x1.2272af1db8283p-279,0x1.d23c581939e14p-15,5.55796288582122123e-05
26,15,0x1.ea3650bc52e08p-16,0x1.2272af1db8283p-279,0x1.ea3650bc52e09p-16,2.92189222233351809e-05
26,16,0x1.014d4d9fb7971p-16,0x1.2272af1db8283p-279,0x1.014d4d9fb7972p-16,1.53363922653580778e-05
26,17,0x1.0db2249d32f8bp-17,0x1.2272af1db8283p-279,0x1.0db2249d32f8cp-17,8.03756329972157624e-06
26,18,0x1.1a47107015c0ep-18,0x1.2272af1db8283p-279,0x1.1a47107015c0fp-18,4.20626393812015853e-06
26,19,0x1.27094e78159b7p-19,0x1.2272af1db8283p-279,0x1.27094e78159b8p-19,2.19819213146817028e-06
26,20,0x1.33f5f7a83e427p-20,0x1.2272af1db8283p-279,0x1.33f5f7a83e428p-20,1.14724341854071149e-06
26,21,0x1.410a02823d8a6p-21,0x1.2272af1db8283p-279,0x1.410a02823d8a7p-21,5.97981923782286278e-07
26,22,0x1.4e4245663c42dp-22,0x1.2272af1db8283p-279,0x1.4e4245663c42ep-22,3.11302832747017724e-07
26,23,0x1.5b9b7907f0e47p-23,0x1.2272af1db8283p-279,0x1.5b9b7907f0e48p-23,1.61867270030452055e-07
26,24,0x1.69123af0ba6afp-24,0x1.2272af1db8283p-279,0x1.69123af0ba6bp-24,8.40684426618470314e-08
26,25,0x1.76a31002f9cf3p-25,0x1.2272af1db8283p-279,0x1.76a31002f9cf4p-25,4.36134826238264345e-08
26,26,0x1.844a66f9557f4p-26,0x1.2272af1db8283p-279,0x1.844a66f9557f5p-26,2.26014895456579584e-08
26,27,0x1.92049adfc54cfp-27,0x1.2272af1db8283p-279,0x1.92049adfc54dp-27,1.17002633688764495e-08
26,28,0x1.9fcdf585b9a29p-28,0x1.2272af1db8283p-279,0x1.9fcdf585b9a2ap-28,6.05075223755498364e-09
26,29,0x1.ada2b1e93d96ap-29,0x1.2272af1db8283p-279,0x1.ada2b1e93d96bp-29,3.12600988551192869e-09
26,30,0x1.bb7efe9b0e8dfp-30,0x1.2272af1db8283p-279,0x1.bb7efe9b0e8ep-30,1.61342931269075268e-09
26,31,0x1.c95f001b8c92bp-31,0x1.2272af1db8283p-279,0x1.c95f001b8c92cp-31,8.31953176006309455e-10
26,32,0x1.d73ed3303d051p-32,0x1.2272af1db8283p-279,0x1.d73ed3303d052p-32,4.28595203611368986e-10
26,33,0x1.e51a8f316dca8p-33,0x1.2272af1db8283p-279,0x1.e51a8f316dca9p-33,2.20599644059360027e-10
26,34,0x1.f2ee484f60c87p-34,0x1.2272af1db8283p-279,0x1.f2ee484f60c88p-34,1.13443727710572042e-10
26,35,0x1.005b08e72464cp-34,0x1.2272af1db8283p-279,0x1.005b08e72464dp-34,5.82885160377961790e-11
26,36,0x1.0737001c25239p-35,0x1.2272af1db8283p-279,0x1.0737001c2523ap-35,2.99240634180452149e-11
26,37,0x1.0e0915c2519edp-36,0x1.2272af1db8283p-279,0x1.0e0915c2519eep-36,1.53497403668367939e-11
26,38,0x1.14cf58998a1e4p-37,0x1.2272af1db8283p-279,0x1.14cf58998a1e5p-37,7.86741184342379110e-12
26,39,0x1.1b87db2d50999p-38,0x1.2272af1db8283p-279,0x1.1b87db2d5099ap-38,4.02921341625670771e-12
26,40,0x1.2230b4d560913p-39,0x1.2272af1db8283p-279,0x1.2230b4d560914p-39,2.06192580734171169e-12
26,41,0x1.28c802af0c002p-40,0x1.2272af1db8283p-279,0x1.28c802af0c003p-40,1.05437895197434664e-12
26,42,0x1.2f4be88eee8bap-41,0x1.2272af1db8283p-279,0x1.2f4be88eee8bbp-41,5.38762842887164333e-13
26,43,0x1.35ba91ea8cb1dp-42,0x1.2272af1db8283p-279,0x1.35ba91ea8cb1ep-42,2.75094426353791561e-13
26,44,0x1.3c1232b97a3e3p-43,0x1.2272af1db8283p-279,0x1.3c1232b97a3e4p-43,1.40363759057915145e-13
26,45,0x1.4251084da984cp-44,0x1.2272af1db8283p-279,0x1.4251084da984dp-44,7.15686472195418852e-14
26,46,0x1.48755a228bb26p-45,0x1.2272af1db8283p-279,0x1.48755a228bb27p-45,3.64662085639121719e-14
26,47,0x1.4e7d7aa2b1bc4p-46,0x1.2272af1db8283p-279,0x1.4e7d7aa2b1bc5p-46,1.85679334418820326e-14
26,48,0x1.5467c7e3a5093p-47,0x1.2272af1db8283p-279,0x1.5467c7e3a5094p-47,9.44814764807520221e-15
26,49,0x1.5a32ac57b6c0cp-48,0x1.2272af1db8283p-279,0x1.5a32ac57b6c0dp-48,4.80446158190696838e-15
26,50,0x1.5fdc9f758ca86p-49,0x1.2272af1db8283p-279,0x1.5fdc9f758ca87p-49,2.44153175561724514e-15
26,51,0x1.656426553a8ccp-50,0x1.2272af1db8283p-279,0x1.656426553a8cdp-50,1.23994984389118125e-15
26,52,0x1.6ac7d442bf5cap-51,0x1.2272af1db8283p-279,0x1.6ac7d442bf5cbp-51,6.29323993250439149e-16
26,53,0x1.70064b45c539cp-52,0x1.2272af1db8283p-279,0x1.70064b45c539dp-52,3.19210444594247504e-16
26,54,0x1.751e3c9e8be2bp-53,0x1.2272af1db8283p-279,0x1.751e3c9e8be2cp-53,1.61814187256695670e-16
26,55,0x1.7a0e6937ecd7cp-54,0x1.2272af1db8283p-279,0x1.7a0e6937ecd7dp-54,8.19778908398388233e-17
26,56,0x1.7ed5a20e70848p-55,0x1.2272af1db8283p-279,0x1.7ed5a20e70849p-55,4.15070000976605483e-17
26,57,0x1.8372c88c7375ap-56,0x1.2272af1db8283p-279,0x1.8372c88c7375bp-56,2.10036183665354730e-17
26,58,0x1.87e4cedb6234ap-57,0x1.2272af1db8283p-279,0x1.87e4cedb6234bp-57,1.06223022290789945e-17
26,59,0x1.8c2ab82a19becp-58,0x1.2272af1db8283p-279,0x1.8c2ab82a19bedp-58,5.36906229960653478e-18
26,60,0x1.904398e881ae4p-59,0x1.2272af1db8283p-279,0x1.904398e881ae5p-59,2.71229471678736745e-18
26,61,0x1.942e96f87c14cp-60,0x1.2272af1db8283p-279,0x1.942e96f87c14dp-60,1.36942185269311510e-18
26,62,0x1.97eae9d44d9d3p-61,0x1.2272af1db8283p-279,0x1.97eae9d44d9d4p-61,6.91039345517677847e-19
26,63,0x1.9b77daaaa6e52p-62,0x1.2272af1db8283p-279,0x1.9b77daaaa6e53p-62,3.48527105492775126e-19
26,64,0x1.9ed4c4707e0a6p-63,0x1.2272af1db8283p-279,0x1.9ed4c4707e0a7p-63,1.75687814121381690e-19
26,65,0x1.a20113e8ed1cep-64,0x1.2272af1db8283p-279,0x1.a20113e8ed1cfp-64,8.85158345009402819e-20
26,66,0x1.a4fc47a34f933p-65,0x1.2272af1db8283p-279,0x1.a4fc47a34f934p-65,4.45735702253552561e-20
26,67,0x1.a7c5efefddef5p-66,0x1.2272af1db8283p-279,0x1.a7c5efefddef6p-66,2.24343660077528882e-20
26,68,0x1.aa5daecb0b821p-67,0x1.2272af1db8283p-279,0x1.aa5daecb0b822p-67,1.12858126833325795e-20
26,69,0x1.acc337bfee9ccp-68,0x1.2272af1db8283p-279,0x1.acc337bfee9cdp-68,5.67462535704788364e-21
26,70,0x1.aef64fc1ff917p-69,0x1.2272af1db8283p-279,0x1.aef64fc1ff918p-69,2.85186831162173296e-21
26,71,0x1.b0f6ccfe7e91fp-70,0x1.2272af1db8283p-279,0x1.b0f6ccfe7e92p-70,1.43255792352928480e-21
26,72,0x1.b2c496a5d3d84p-71,0x1.2272af1db8283p-279,0x1.b2c496a5d3d85p-71,7.19263194893200791e-22
26,73,0x1.b45fa4ad4083dp-72,0x1.2272af1db8283p-279,0x1.b45fa4ad4083ep-72,3.60959787141558668e-22
26,74,0x1.b5c7ff89393b7p-73,0x1.2272af1db8283p-279,0x1.b5c7ff89393b8p-73,1.81062078341549864e-22
26,75,0x1.b6fdbfe0c5f3p-74,0x1.2272af1db8283p-279,0x1.b6fdbfe0c5f31p-74,9.07812543072696255e-23
26,76,0x1.b8010e3a442b6p-75,0x1.2272af1db8283p-279,0x1.b8010e3a442b7p-75,4.54953600343990645e-23
26,77,0x1.b8d222a1ea9ffp-76,0x1.2272af1db8283p-279,0x1.b8d222a1eaap-76,2.27899033276874696e-23
26,78,0x1.b971444a6ea8cp-77,0x1.2272af1db8283p-279,0x1.b971444a6ea8dp-77,1.14110198368313668e-23
26,79,0x1.b9dec9282c874p-78,0x1.2272af1db8283p-279,0x1.b9dec9282c875p-78,5.71103921532395120e-24
26,80,0x1.ba1b158734882p-79,0x1.2272af1db8283p-279,0x1.ba1b158734883p-79,2.85704175138331069e-24
26,81,0x1.ba269b9c9f366p-80,0x1.2272af1db8283p-279,0x1.ba269b9c9f367p-80,1.42866632604576597e-24
26,82,0x1.ba01db138af06p-81,0x1.2272af1db8283p-279,0x1.ba01db138af07p-81,7.14101224716501866e-25
26,83,0x1.b9ad609624f53p-82,0x1.2272af1db8283p-279,0x1.b9ad609624f54p-82,3.56784045290284487e-25
26,84,0x1.b929c5531f7e1p-83,0x1.2272af1db8283p-279,0x1.b929c5531f7e2p-83,1.78184384213241637e-25
26,85,0x1.b877ae7ff5baap-84,0x1.2272af1db8283p-279,0x1.b877ae7ff5babp-84,8.89517045309736147e-26
26,86,0x1.b797ccd85d7bfp-85,0x1.2272af1db8283p-279,0x1.b797ccd85d7cp-85,4.43875465984907254e-26
26,87,0x1.b68adc1b45239p-86,0x1.2272af1db8283p-279,0x1.b68adc1b4523ap-86,2.21407341602835304e-26
26,88,0x1.b551a285baea3p-87,0x1.2272af1db8283p-279,0x1.b551a285baea4p-87,1.10394807166209362e-26
26,89,0x1.b3ecf04c18e88p-88,0x1.2272af1db8283p-279,0x1.b3ecf04c18e89p-88,5.50215387825816196e-27
26,90,0x1.b25d9f11cf69bp-89,0x1.2272af1db8283p-279,0x1.b25d9f11cf69cp-89,2.74123300777566484e-27
26,91,0x1.b0a4916024f6fp-90,0x1.2272af1db8283p-279,0x1.b0a4916024f7p-90,1.36518009987033636e-27
26,92,0x1.aec2b21c415c4p-91,0x1.2272af1db8283p-279,0x1.aec2b21c415c5p-91,6.79620283650789048e-28
26,93,0x1.acb8f3fcd673ep-92,0x1.2272af1db8283p-279,0x1.acb8f3fcd673fp-92,3.38202398104695523e-28
26,94,0x1.aa8850ffb7016p-93,0x1.2272af1db8283p-279,0x1.aa8850ffb7017p-93,1.68237401484338544e-28
26,95,0x1.a831c9dfa93dp-94,0x1.2272af1db8283p-279,0x1.a831c9dfa93d1p-94,8.36576116718338547e-29
26,96,0x1.a5b6658abfde3p-95,0x1.2272af1db8283p-279,0x1.a5b6658abfde4p-95,4.15840617706372951e-29
26,97,0x1.a3173099819afp-96,0x1.2272af1db8283p-279,0x1.a3173099819bp-96,2.06627611566481816e-29
26,98,0x1.a0553cc7240dbp-97,0x1.2272af1db8283p-279,0x1.a0553cc7240dcp-97,1.02633998322394930e-29
26,99,0x1.9d71a06b1be8fp-98,0x1.2272af1db8283p-279,0x1.9d71a06b1be9p-98,5.09608895244389974e-30
26,100,0x1.9a6d75f4413fcp-99,0x1.2272af1db8283p-279,0x1.9a6d75f4413fdp-99,2.52945525893747711e-30
26,101,0x1.9749db65c37b1p-100,0x1.2272af1db8283p-279,0x1.9749db65c37b2p-100,1.25505460134362880e-30
26,102,0x1.9407f1d62560fp-101,0x1.2272af1db8283p-279,0x1.9407f1d62561p-101,6.22508373292464265e-31
26,103,0x1.90a8dcf0764abp-102,0x1.2272af1db8283p-279,0x1.90a8dcf0764acp-102,3.08656944841408320e-31
26,104,0x1.8d2dc277fa6e8p-103,0x1.2272af1db8283p-279,0x1.8d2dc277fa6e9p-103,1.52987689043039708e-31
26,105,0x1.8997c9ce70cc7p-104,0x1.2272af1db8283p-279,0x1.8997c9ce70cc8p-104,7.58032396442152236e-32
26,106,0x1.85e81b7d2217fp-105,0x1.2272af1db8283p-279,0x1.85e81b7d2218p-105,3.75466465101003463e-32
26,107,0x1.821fe0c0e0a96p-106,0x1.2272af1db8283p-279,0x1.821fe0c0e0a97p-106,1.85912195380575433e-32
26,108,0x1.7e4043191e478p-107,0x1.2272af1db8283p-279,0x1.7e4043191e479p-107,9.20235866348119504e-33
26,109,0x1.7a4a6bda39656p-108,0x1.2272af1db8283p-279,0x1.7a4a6bda39657p-108,4.55350876625764441e-33
26,110,0x1.763f83c32045ap-109,0x1.2272af1db8283p-279,0x1.763f83c32045bp-109,2.25242384583265703e-33
26,111,0x1.7220b296654efp-110,0x1.2272af1db8283p-279,0x1.7220b296654fp-110,1.11381260762620423e-33
26,112,0x1.6def1eb6dccd2p-111,0x1.2272af1db8283p-279,0x1.6def1eb6dccd3p-111,5.50596381619303261e-34
26,113,0x1.69abecc7d9566p-112,0x1.2272af1db8283p-279,0x1.69abecc7d9567p-112,2.72091456757632480e-34
26,114,0x1.65583f511918ap-113,0x1.2272af1db8283p-279,0x1.65583f511918bp-113,1.34418142437075484e-34
26,115,0x1.60f5366673747p-114,0x1.2272af1db8283p-279,0x1.60f5366673748p-114,6.63839955316960533e-35
26,116,0x1.5c83ef5353779p-115,0x1.2272af1db8283p-279,0x1.5c83ef535377ap-115,3.27742279421188671e-35
26,117,0x1.5805844a09181p-116,0x1.2272af1db8283p-279,0x1.5805844a09182p-116,1.61758155351234022e-35
26,118,0x1.537b0c16f86bap-117,0x1.2272af1db8283p-279,0x1.537b0c16f86bbp-117,7.98115180157980132e-36
26,119,0x1.4ee599d7ab8a5p-118,0x1.2272af1db8283p-279,0x1.4ee599d7ab8a6p-118,3.93669389019473169e-36
26,120,0x1.4a463cb5c9595p-119,0x1.2272af1db8283p-279,0x1.4a463cb5c9596p-119,1.94117824470993508e-36
26,121,0x1.459dffa5f1209p-120,0x1.2272af1db8283p-279,0x1.459dffa5f120ap-120,9.56902895317444986e-37
26,122,0x1.40ede92a78899p-121,0x1.2272af1db8283p-279,0x1.40ede92a7889ap-121,4.71563281376076306e-37
26,123,0x1.3c36fb1a0782p-122,0x1.2272af1db8283p-279,0x1.3c36fb1a07821p-122,2.32317921634324065e-37
26,124,0x1.377a326a0b658p-123,0x1.2272af1db8283p-279,0x1.377a326a0b659p-123,1.14418701216660430e-37
26,125,0x1.32b886fcf8e9ap-124,0x1.2272af1db8283p-279,0x1.32b886fcf8e9bp-124,5.63357154918570919e-38
26,126,0x1.2df2eb745265ep-125,0x1.2272af1db8283p-279,0x1.2df2eb745265fp-125,2.77296275278815366e-38
26,127,0x1.292a4d0666579p-126,0x1.2272af1db8283p-279,0x1.292a4d066657ap-126,1.36451585275123955e-38
26,128,0x1.245f9357b8578p-127,0x1.2272af1db8283p-279,0x1.245f9357b8579p-127,6.71256273195605432e-39
26,129,0x1.1f93a05805389p-128,0x1.2272af1db8283p-279,0x1.1f93a0580538ap-128,3.30121821883940356e-39
26,130,0x1.1ac75022d18e9p-129,0x1.2272af1db8283p-279,0x1.1ac75022d18eap-129,1.62306937249924742e-39
26,131,0x1.15fb78e3708bap-130,0x1.2272af1db8283p-279,0x1.15fb78e3708bbp-130,7.97770114708344598e-40
26,132,0x1.1130eabc6fec1p-131,0x1.2272af1db8283p-279,0x1.1130eabc6fec2p-131,3.92009977218337079e-40
26,133,0x1.0c686fb25482cp-132,0x1.2272af1db8283p-279,0x1.0c686fb25482dp-132,1.92573262976036962e-40
26,134,0x1.07a2cb9991f7ap-133,0x1.2272af1db8283p-279,0x1.07a2cb9991f7bp-133,9.45747478268293188e-41
26,135,0x1.02e0bc07a754ap-134,0x1.2272af1db8283p-279,0x1.02e0bc07a754bp-134,4.64339405349724804e-41
26,136,0x1.fc45f08e925f7p-136,0x1.2272af1db8283p-279,0x1.fc45f08e925f8p-136,2.27917586310436107e-41
26,137,0x1.f2d4629f02fadp-137,0x1.2272af1db8283p-279,0x1.f2d4629f02faep-137,1.11841471080533204e-41
26,138,0x1.e96e237b58e57p-138,0x1.2272af1db8283p-279,0x1.e96e237b58e58p-138,5.48670262532229704e-42
26,139,0x1.e0147ba4729fap-139,0x1.2272af1db8283p-279,0x1.e0147ba4729fbp-139,2.69094153221691678e-42
26,140,0x1.d6c8a6e02adf1p-140,0x1.2272af1db8283p-279,0x1.d6c8a6e02adf2p-140,1.31941722162558654e-42
26,141,0x1.cd8bd43d4f27ep-141,0x1.2272af1db8283p-279,0x1.cd8bd43d4f27fp-141,6.46763991459023933e-43
26,142,0x1.c45f261c8237p-142,0x1.2272af1db8283p-279,0x1.c45f261c82371p-142,3.16953866939219249e-43
26,143,0x1.bb43b23dd5116p-143,0x1.2272af1db8283p-279,0x1.bb43b23dd5117p-143,1.55286444239943898e-43
26,144,0x1.b23a81d2e143bp-144,0x1.2272af1db8283p-279,0x1.b23a81d2e143cp-144,7.60604738883736808e-44
26,145,0x1.a94491952ea4bp-145,0x1.2272af1db8283p-279,0x1.a94491952ea4cp-145,3.72454487568735058e-44
26,146,0x1.a062d1e0aeebcp-146,0x1.2272af1db8283p-279,0x1.a062d1e0aeebdp-146,1.82337838548911618e-44
26,147,0x1.979626d2197abp-147,0x1.2272af1db8283p-279,0x1.979626d2197acp-147,8.92422466199912845e-45
26,148,0x1.8edf6868f1ef8p-148,0x1.2272af1db8283p-279,0x1.8edf6868f1ef9p-148,4.36671627844605063e-45
26,149,0x1.863f62ad046c9p-149,0x1.2272af1db8283p-279,0x1.863f62ad046cap-149,2.13614594445017196e-45
26,150,0x1.7db6d5d722e5bp-150,0x1.2272af1db8283p-279,0x1.7db6d5d722e5cp-150,1.04471781815395694e-45
26,151,0x1.7546767cef5c9p-151,0x1.2272af1db8283p-279,0x1.7546767cef5cap-151,5.10810574479434180e-46
26,152,0x1.6ceeedbf7f89cp-152,0x1.2272af1db8283p-279,0x1.6ceeedbf7f89dp-152,2.49697506951587604e-46
26,153,0x1.64b0d97ca72b4p-153,0x1.2272af1db8283p-279,0x1.64b0d97ca72b5p-153,1.22028880938696205e-46
26,154,0x1.5c8ccc82b70c5p-154,0x1.2272af1db8283p-279,0x1.5c8ccc82b70c6p-154,5.96218961856139878e-47
26,155,0x1.54834ec67fab4p-155,0x1.2272af1db8283p-279,0x1.54834ec67fab5p-155,2.91235493746059435e-47
26,156,0x1.4c94dd9b6766p-156,0x1.2272af1db8283p-279,0x1.4c94dd9b67661p-156,1.42225938189231554e-47
26,157,0x1.44c1ebed65125p-157,0x1.2272af1db8283p-279,0x1.44c1ebed65126p-157,6.94400321559761698e-48
26,158,0x1.3d0ae27cb1037p-158,0x1.2272af1db8283p-279,0x1.3d0ae27cb1038p-158,3.38952021931108249e-48
26,159,0x1.3570201aff9d5p-159,0x1.2272af1db8283p-279,0x1.3570201aff9d6p-159,1.65410987868231162e-48
26,160,0x1.2df1f9ea19c9dp-160,0x1.2272af1db8283p-279,0x1.2df1f9ea19c9ep-160,8.07028527440088433e-49
26,161,0x1.2690bb9ba8dbep-161,0x1.2272af1db8283p-279,0x1.2690bb9ba8dbfp-161,3.93651953082067636e-49
26,162,0x1.1f4ca7b20cb5p-162,0x1.2272af1db8283p-279,0x1.1f4ca7b20cb51p-162,1.91970946992812755e-49
26,163,0x1.1825f7c2144b8p-163,0x1.2272af1db8283p-279,0x1.1825f7c2144b9p-163,9.35963151509631944e-50
26,164,0x1.111cdcb57207dp-164,0x1.2272af1db8283p-279,0x1.111cdcb57207ep-164,4.56228812934315220e-50
26,165,0x1.0a317f0dc6c77p-165,0x1.2272af1db8283p-279,0x1.0a317f0dc6c78p-165,2.22335055753111483e-50
26,166,0x1.0363ff281fb8dp-166,0x1.2272af1db8283p-279,0x1.0363ff281fb8ep-166,1.08326574099642799e-50
26,167,0x1.f968eb0189373p-168,0x1.2272af1db8283p-279,0x1.f968eb0189374p-168,5.27672489666277319e-51
26,168,0x1.ec45e5ee6ac9fp-169,0x1.2272af1db8283p-279,0x1.ec45e5ee6acap-169,2.56978517246619063e-51
26,169,0x1.df5f02246f489p-170,0x1.2272af1db8283p-279,0x1.df5f02246f48ap-170,1.25121702127342406e-51
26,170,0x1.d2b44487aae32p-171,0x1.2272af1db8283p-279,0x1.d2b44487aae33p-171,6.09077362039663071e-52
26,171,0x1.c645a45a6232p-172,0x1.2272af1db8283p-279,0x1.c645a45a62321p-172,2.96426336628695802e-52
26,172,0x1.ba130bc4242b7p-173,0x1.2272af1db8283p-279,0x1.ba130bc4242b8p-173,1.44233502316695540e-52
26,173,0x1.ae1c585822b9ep-174,0x1.2272af1db8283p-279,0x1.ae1c585822b9fp-174,7.01650855675101880e-53
26,174,0x1.a2615b9a98ab2p-175,0x1.2272af1db8283p-279,0x1.a2615b9a98ab3p-175,3.41257358388521950e-53
26,175,0x1.96e1db850e74bp-176,0x1.2272af1db8283p-279,0x1.96e1db850e74cp-176,1.65939412630236804e-53
26,176,0x1.8b9d930952001p-177,0x1.2272af1db8283p-279,0x1.8b9d930952002p-177,8.06722422467857539e-54
26,177,0x1.80943292f857ep-178,0x1.2272af1db8283p-279,0x1.80943292f857fp-178,3.92108498895552778e-54
26,178,0x1.75c5608742b2ap-179,0x1.2272af1db8283p-279,0x1.75c5608742b2bp-179,1.90544500267721172e-54
26,179,0x1.6b30b9c342f19p-180,0x1.2272af1db8283p-279,0x1.6b30b9c342f1ap-180,9.25752934586383777e-55
26,180,0x1.60d5d2181e2d2p-181,0x1.2272af1db8283p-279,0x1.60d5d2181e2d3p-181,4.49679169664125677e-55
26,181,0x1.56b434c54e634p-182,0x1.2272af1db8283p-279,0x1.56b434c54e635p-182,2.18383543657054465e-55
26,182,0x1.4ccb64f0c6d0fp-183,0x1.2272af1db8283p-279,0x1.4ccb64f0c6d1p-183,1.06034448065166116e-55
26,183,0x1.431ade1ce0d15p-184,0x1.2272af1db8283p-279,0x1.431ade1ce0d16p-184,5.14735884956216298e-56
26,184,0x1.39a2149bf9764p-185,0x1.2272af1db8283p-279,0x1.39a2149bf9765p-185,2.49823198821600157e-56
26,185,0x1.30607601aa43bp-186,0x1.2272af1db8283p-279,0x1.30607601aa43cp-186,1.21225054757538787e-56
26,186,0x1.2755699189a6ep-187,0x1.2272af1db8283p-279,0x1.2755699189a6fp-187,5.88117045388666140e-57
26,187,0x1.1e8050ab61e07p-188,0x1.2272af1db8283p-279,0x1.1e8050ab61e08p-188,2.85264245940904584e-57
26,188,0x1.15e08734cf17dp-189,0x1.2272af1db8283p-279,0x1.15e08734cf17ep-189,1.38338656715204219e-57
26,189,0x1.0d75640037567p-190,0x1.2272af1db8283p-279,0x1.0d75640037568p-190,6.70737887137512961e-58
26,190,0x1.053e393110fcp-191,0x1.2272af1db8283p-279,0x1.053e393110fc1p-191,3.25143910941539873e-58
26,191,0x1.fa74a93adc3bbp-193,0x1.2272af1db8283p-279,0x1.fa74a93adc3bcp-193,1.57584080186875131e-58
26,192,0x1.ead200598a03ep-194,0x1.2272af1db8283p-279,0x1.ead200598a03fp-194,7.63595584145996582e-59
26,193,0x1.db930467df156p-195,0x1.2272af1db8283p-279,0x1.db930467df157p-195,3.69938255923610973e-59
26,194,0x1.ccb63b9cba1b1p-196,0x1.2272af1db8283p-279,0x1.ccb63b9cba1b2p-196,1.79188553953654130e-59
26,195,0x1.be3a2668e7353p-197,0x1.2272af1db8283p-279,0x1.be3a2668e7354p-197,8.67774488453576955e-60
26,196,0x1.b01d401e3e44bp-198,0x1.2272af1db8283p-279,0x1.b01d401e3e44cp-198,4.20164631151039940e-60
26,197,0x1.a25dff911cb6p-199,0x1.2272af1db8283p-279,0x1.a25dff911cb61p-199,2.03398856127945975e-60
26,198,0x1.94fad7b43d1aap-200,0x1.2272af1db8283p-279,0x1.94fad7b43d1abp-200,9.84451491382064880e-61
26,199,0x1.87f2382ef1743p-201,0x1.2272af1db8283p-279,0x1.87f2382ef1744p-201,4.76384180215564527e-61
26,200,0x1.7b428dedc75ffp-202,0x1.2272af1db8283p-279,0x1.7b428dedc76p-202,2.30482484217117162e-61
26,201,0x1.6eea43ad9f987p-203,0x1.2272af1db8283p-279,0x1.6eea43ad9f988p-203,1.11490148585473315e-61
26,202,0x1.62e7c281444cp-204,0x1.2272af1db8283p-279,0x1.62e7c281444c1p-204,5.39204388831572042e-62
26,203,0x1.573972518bcccp-205,0x1.2272af1db8283p-279,0x1.573972518bccdp-205,2.60728843841087691e-62
26,204,0x1.4bddba5816e66p-206,0x1.2272af1db8283p-279,0x1.4bddba5816e67p-206,1.26050290759892605e-62
26,205,0x1.40d30194bbddbp-207,0x1.2272af1db8283p-279,0x1.40d30194bbddcp-207,6.09281666538465707e-63
26,206,0x1.3617af3db0b76p-208,0x1.2272af1db8283p-279,0x1.3617af3db0b77p-208,2.94450450941708833e-63
26,207,0x1.2baa2b2a88d56p-209,0x1.2272af1db8283p-279,0x1.2baa2b2a88d57p-209,1.42274333040961620e-63
26,208,0x1.2188de3a1b50cp-210,0x1.2272af1db8283p-279,0x1.2188de3a1b50dp-210,6.87323949387208123e-64
26,209,0x1.17b232b368b4cp-211,0x1.2272af1db8283p-279,0x1.17b232b368b4dp-211,3.31984141762546387e-64
26,210,0x1.0e2494a197dc5p-212,0x1.2272af1db8283p-279,0x1.0e2494a197dc6p-212,1.60322508804747841e-64
26,211,0x1.04de722b22bbbp-213,0x1.2272af1db8283p-279,0x1.04de722b22bbcp-213,7.74093310476450534e-65
26,212,0x1.f7bc77c8997c5p-215,0x1.2272af1db8283p-279,0x1.f7bc77c8997c6p-215,3.73692284314746974e-65
26,213,0x1.e644ca39fa84bp-216,0x1.2272af1db8283p-279,0x1.e644ca39fa84cp-216,1.80367089273094937e-65
26,214,0x1.d552c85432c38p-217,0x1.2272af1db8283p-279,0x1.d552c85432c39p-217,8.70408563990724332e-66
26,215,0x1.c4e36554f1becp-218,0x1.2272af1db8283p-279,0x1.c4e36554f1bedp-218,4.19963984482388767e-66
26,216,0x1.b4f39b8f2542fp-219,0x1.2272af1db8283p-279,0x1.b4f39b8f2543p-219,2.02592941757767108e-66
26,217,0x1.a5806ce3fb15p-220,0x1.2272af1db8283p-279,0x1.a5806ce3fb151p-220,9.77147847188417447e-67
26,218,0x1.9686e333c5bc2p-221,0x1.2272af1db8283p-279,0x1.9686e333c5bc3p-221,4.71216279363886142e-67
26,219,0x1.880410c6ff798p-222,0x1.2272af1db8283p-279,0x1.880410c6ff799p-222,2.27198080777988300e-67
26,220,0x1.79f510afa6cebp-223,0x1.2272af1db8283p-279,0x1.79f510afa6cecp-223,1.09525116360160845e-67
26,221,0x1.6c57072330583p-224,0x1.2272af1db8283p-279,0x1.6c57072330584p-224,5.27895309899887543e-68
26,222,0x1.5f2721cd49ec3p-225,0x1.2272af1db8283p-279,0x1.5f2721cd49ec4p-225,2.54394208278528770e-68
26,223,0x1.5262981baae9ap-226,0x1.2272af1db8283p-279,0x1.5262981baae9bp-226,1.22572286955464479e-68
26,224,0x1.4606ab832da5bp-227,0x1.2272af1db8283p-279,0x1.4606ab832da5dp-227,5.90477464307592089e-69
26,225,0x1.3a10a7be6da8fp-228,0x1.2272af1db8283p-279,0x1.3a10a7be6da92p-228,2.84407238932210801e-69
26,226,0x1.2e7de3062624fp-229,0x1.2272af1db8283p-279,0x1.2e7de30626254p-229,1.36963408499452916e-69
26,227,0x1.234bbe438baf5p-230,0x1.2272af1db8283p-279,0x1.234bbe438baffp-230,6.59470483332395942e-70
26,228,0x1.1877a53cdbcabp-231,0x1.2272af1db8283p-279,0x1.1877a53cdbcbep-231,3.17477806278415344e-70
26,229,0x1.0dff0ebc5c3f4p-232,0x1.2272af1db8283p-279,0x1.0dff0ebc5c419p-232,1.52812500856753998e-70
26,230,0x1.03df7cb203927p-233,0x1.2272af1db8283p-279,0x1.03df7cb20397p-233,7.35414517845952395e-71
26,231,0x1.f42cf8a006846p-235,0x1.2272af1db8283p-279,0x1.f42cf8a006969p-235,3.53861745230268155e-71
26,232,0x1.e1434c44d72adp-236,0x1.2272af1db8283p-279,0x1.e1434c44d74f2p-236,1.70240711588406480e-71
26,233,0x1.cefd3c443ffeep-237,0x1.2272af1db8283p-279,0x1.cefd3c4440478p-237,8.18883128870824432e-72
26,234,0x1.bd562786a4487p-238,0x1.2272af1db8283p-279,0x1.bd562786a4d9bp-238,3.93830546280575915e-72
26,235,0x1.ac4983ff7146fp-239,0x1.2272af1db8283p-279,0x1.ac4983ff72697p-239,1.89376521900127584e-72
26,236,0x1.9bd2deb96b78ep-240,0x1.2272af1db8283p-279,0x1.9bd2deb96dbddp-240,9.10484219702128580e-73
26,237,0x1.8beddbdb41b42p-241,0x1.2272af1db8283p-279,0x1.8beddbdb463dfp-241,4.37671776553225278e-73
26,238,0x1.7c9636a4c9fedp-242,0x1.2272af1db8283p-279,0x1.7c9636a4d3127p-242,2.10355936433703164e-73
26,239,0x1.6dc7c16549d9fp-243,0x1.2272af1db8283p-279,0x1.6dc7c1655c012p-243,1.01086088943602892e-73
26,240,0x1.5f7e656b2952ap-244,0x1.2272af1db8283p-279,0x1.5f7e656b4da1p-244,4.85689462689395778e-74
26,241,0x1.51b622ed6ddb5p-245,0x1.2272af1db8283p-279,0x1.51b622edb678p-245,2.33322654555768621e-74
26,242,0x1.446b10ef5771fp-246,0x1.2272af1db8283p-279,0x1.446b10efe8ab5p-246,1.12069219694416809e-74
26,243,0x1.37995d1e78053p-247,0x1.2272af1db8283p-279,0x1.37995d1f9a77ep-247,5.38204430464102961e-75
26,244,0x1.2b3d4bab9a6bp-248,0x1.2272af1db8283p-279,0x1.2b3d4baddf506p-248,2.58428220782410746e-75
26,245,0x1.1f53371ecb396p-249,0x1.2272af1db8283p-279,0x1.1f53372355042p-249,1.24069382451715629e-75
26,246,0x1.13d79026d271dp-250,0x1.2272af1db8283p-279,0x1.13d7902fe6075p-250,5.95554596362066668e-76
26,247,0x1.08c6dd6468bb9p-251,0x1.2272af1db8283p-279,0x1.08c6dd768fe69p-251,2.85832152376764036e-76
26,248,0x1.fc3b7662da19bp-253,0x1.2272af1db8283p-279,0x1.fc3b76ab76c58p-253,1.37161863467615074e-76
26,249,0x1.e7b1b6c8ad713p-254,0x1.2272af1db8283p-279,0x1.e7b1b759e6c8cp-254,6.58095210750179792e-77
26,250,0x1.d3ea0a2022103p-255,0x1.2272af1db8283p-279,0x1.d3ea0b4294bf5p-255,3.15702046630796078e-77
26,251,0x1.c0de2880a6d89p-256,0x1.2272af1db8283p-279,0x1.c0de2ac58c36dp-256,1.51425715876715799e-77
26,252,0x1.ae87f364b384p-257,0x1.2272af1db8283p-279,0x1.ae87f7ee7e408p-257,7.26199097657025410e-78
26,253,0x1.9ce175130ef9ep-258,0x1.2272af1db8283p-279,0x1.9ce17e26a472dp-258,3.48213715924920293e-78
26,254,0x1.8be4dffdb3e2ap-259,0x1.2272af1db8283p-279,0x1.8be4f224ded48p-259,1.66943851367662650e-78
26,255,0x1.7b8c8e11a7cdfp-260,0x1.2272af1db8283p-279,0x1.7b8cb25ffdb1bp-260,8.00257395718188891e-79
26,256,0x1.6bd2ffee77582p-261,0x1.2272af1db8283p-279,0x1.6bd3488b231f9p-261,3.83551860003708097e-79
26,257,0x1.5cb2dbf34eabep-262,0x1.2272af1db8283p-279,0x1.5cb36d2ca63acp-262,1.83803687431820594e-79
26,258,0x1.4e26ecff3c452p-263,0x1.2272af1db8283p-279,0x1.4e280f71eb62ep-263,8.80685953992034744e-80
26,259,0x1.402a20a36cf1ap-264,0x1.2272af1db8283p-279,0x1.402c6588cb2d2p-264,4.21916451880013329e-80
26,260,0x1.32b7844cd5d15p-265,0x1.2272af1db8283p-279,0x1.32bc0e1792484p-265,2.02103547756935822e-80
26,261,0x1.25ca40804f3bdp-266,0x1.2272af1db8283p-279,0x1.25d35415c829ap-266,9.67989562688496680e-81
26,262,0x1.195d907fbfdfbp-267,0x1.2272af1db8283p-279,0x1.196fb7aab1bb4p-267,4.63587218443798961e-81
26,263,0x1.0d6cb3472cfcp-268,0x1.2272af1db8283p-279,0x1.0d91019d10b31p-268,2.22017396335007830e-81
26,264,0x1.01f2d042e3776p-269,0x1.2272af1db8283p-279,0x1.023b6ceeaae57p-269,1.06341181230963457e-81
26,265,0x1.edd58b111ed4dp-271,0x1.2272af1db8283p-279,0x1.eef7fdc03c8dp-271,5.09575993791441871e-82
26,266,0x1.d89d9a6c3e403p-272,0x1.2272af1db8283p-279,0x1.dae27fca79b09p-272,2.44449666299337066e-82
26,267,0x1.c42fb2b5c0ac3p-273,0x1.2272af1db8283p-279,0x1.c8b97d72378cep-273,1.17550801434624214e-82
26,268,0x1.b078dae2d8797p-274,0x1.2272af1db8283p-279,0x1.b98c705bc63acp-274,5.68224198191419960e-83
26,269,0x1.9d5d27e685742p-275,0x1.2272af1db8283p-279,0x1.af8452d860f6bp-275,2.77657254695298745e-83
26,270,0x1.8ab09c1f1370cp-276,0x1.2272af1db8283p-279,0x1.aefef202ca75dp-276,1.38661007164577342e-83
26,271,0x1.782af70f089adp-277,0x1.2272af1db8283p-279,0x1.c0c7a2d676a4ep-277,7.21912503741624411e-84
26,272,0x1.6553752af608ap-278,0x1.2272af1db8283p-279,0x1.f68cccb9d21ccp-278,4.04203915744371296e-84
26,273,0x1.51608ecdcc55fp-279,0x1.2272af1db8283p-279,0x1.39e99ef5c23f1p-278,2.52481733251150357e-84
26,274,0x1.3b07f374a8ba2p-280,0x1.2272af1db8283p-279,0x1.bff6a8d80c854p-279,1.80149842620651626e-84
26,275,0x1.203f797fb9bcbp-281,0x1.2272af1db8283p-279,0x1.6a828d7da6976p-279,1.45784449604893736e-84
26,276,0x1.fc01ddd7aa565p-283,0x1.2272af1db8283p-279,0x1.4232ccfb32cdap-279,1.29573048945606319e-84
26,277,0x1.a0ab37bb28a95p-284,0x1.2272af1db8283p-279,0x1.2f7808db916d8p-279,1.22040903356277558e-84
26,278,0x1.26e905a932e4ep-285,0x1.2272af1db8283p-279,0x1.270e53345cf3dp-279,1.18657619632095511e-84
26,279,0x1.203715c86c685p-287,0x1.2272af1db8283p-279,0x1.2392e6338094ap-279,1.17257270018650985e-84
26,280,0x0p+0,0x1.2272af1db8283p-279,0x1.2272af1db8283p-279,1.16804509942573199e-84
27,0,0x1.c4d57606516bap-2,0x1.d70c45223e5a5p-268,0x1.c4d57606516bbp-2,4.42220539222357878e-01
27,1,0x1.e8a98c9e4faacp-3,0x1.d70c45223e5a5p-268,0x1.e8a98c9e4faadp-3,2.38604639607691211e-01
27,2,0x1.0b1b95017491ap-3,0x1.d70c45223e5a5p-268,0x1.0b1b95017491bp-3,1.30423702341951082e-01
27,3,0x1.2658842ca5313p-4,0x1.d70c45223e5a5p-268,0x1.2658842ca5314p-4,7.18617594778375169e-02
27,4,0x1.455547767d015p-5,0x1.d70c45223e5a5p-268,0x1.455547767d016p-5,3.97135158308687259e-02
27,5,0x1.678fadcdd196bp-6,0x1.d70c45223e5a5p-268,0x1.678fadcdd196cp-6,2.19458768181310244e-02
27,6,0x1.8cc7c687f9a38p-7,0x1.d70c45223e5a5p-268,0x1.8cc7c687f9a39p-7,1.21087760343928531e-02
27,7,0x1.b4eb812a094ccp-8,0x1.d70c45223e5a5p-268,0x1.b4eb812a094cdp-8,6.66686919615706604e-03
27,8,0x1.e0030aac81043p-9,0x1.d70c45223e5a5p-268,0x1.e0030aac81044p-9,3.66220002456610524e-03
27,9,0x1.07125b2856d85p-9,0x1.d70c45223e5a5p-268,0x1.07125b2856d86p-9,2.00707781566017690e-03
27,10,0x1.1fb74798206e9p-10,0x1.d70c45223e5a5p-268,0x1.1fb74798206eap-10,1.09754919506637817e-03
27,11,0x1.3a0185b2ea18fp-11,0x1.d70c45223e5a5p-268,0x1.3a0185b2ea19p-11,5.98918812433390028e-04
27,12,0x1.5603a9d6a906ep-12,0x1.d70c45223e5a5p-268,0x1.5603a9d6a906fp-12,3.26170263557529672e-04
27,13,0x1.73d12b1af3bbcp-13,0x1.d70c45223e5a5p-268,0x1.73d12b1af3bbdp-13,1.77296192161750371e-04
27,14,0x1.937e213c5c8b1p-14,0x1.d70c45223e5a5p-268,0x1.937e213c5c8b2p-14,9.62001549334203486e-05
27,15,0x1.b51f1e73dcep-15,0x1.d70c45223e5a5p-268,0x1.b51f1e73dce01p-15,5.21089504265347183e-05
27,16,0x1.d8c9186412a1cp-16,0x1.d70c45223e5a5p-268,0x1.d8c9186412a1dp-16,2.81802134767615853e-05
27,17,0x1.fe91593003e31p-17,0x1.d70c45223e5a5p-268,0x1.fe91593003e32p-17,1.52161051971958451e-05
27,18,0x1.1346ba766007cp-17,0x1.d70c45223e5a5p-268,0x1.1346ba766007dp-17,8.20387252242781388e-06
27,19,0x1.2869a0a855371p-18,0x1.d70c45223e5a5p-268,0x1.2869a0a855372p-18,4.41689204707251583e-06
27,20,0x1.3ebc6739a5eafp-19,0x1.d70c45223e5a5p-268,0x1.3ebc6739a5ebp-19,2.37476788529283537e-06
27,21,0x1.564a2ffb83d52p-20,0x1.d70c45223e5a5p-268,0x1.564a2ffb83d53p-20,1.27512885128910275e-06
27,22,0x1.6f1e3320ee26fp-21,0x1.d70c45223e5a5p-268,0x1.6f1e3320ee27p-21,6.83810501659363479e-07
27,23,0x1.8943bbca8d81ep-22,0x1.d70c45223e5a5p-268,0x1.8943bbca8d81fp-22,3.66256185077727056e-07
27,24,0x1.a4c6247606bddp-23,0x1.d70c45223e5a5p-268,0x1.a4c6247606bdep-23,1.95938159642426301e-07
27,25,0x1.c1b0d34b72dcfp-24,0x1.d70c45223e5a5p-268,0x1.c1b0d34b72ddp-24,1.04701780737746563e-07
27,26,0x1.e00f364759acep-25,0x1.d70c45223e5a5p-268,0x1.e00f364759acfp-25,5.58862721055534630e-08
27,27,0x1.ffecbf41892efp-26,0x1.d70c45223e5a5p-268,0x1.ffecbf41892fp-26,2.97979447836378469e-08
27,28,0x1.10aa6fe917701p-26,0x1.d70c45223e5a5p-268,0x1.10aa6fe917702p-26,1.58712366897918548e-08
27,29,0x1.2229828b8f9ap-27,0x1.d70c45223e5a5p-268,0x1.2229828b8f9a1p-27,8.44482996649628767e-09
27,30,0x1.347949adbc6a3p-28,0x1.d70c45223e5a5p-268,0x1.347949adbc6a4p-28,4.48888430396726331e-09
27,31,0x1.479f70d1f76dap-29,0x1.d70c45223e5a5p-268,0x1.479f70d1f76dbp-29,2.38376971719375206e-09
27,32,0x1.5ba19a9108f4fp-30,0x1.d70c45223e5a5p-268,0x1.5ba19a9108f5p-30,1.26467517383671144e-09
27,33,0x1.70855e487ab75p-31,0x1.d70c45223e5a5p-268,0x1.70855e487ab76p-31,6.70335739225772006e-10
27,34,0x1.865045bec8cf2p-32,0x1.d70c45223e5a5p-268,0x1.865045bec8cf3p-32,3.54988118695548460e-10
27,35,0x1.9d07cabea2d8bp-33,0x1.d70c45223e5a5p-268,0x1.9d07cabea2d8cp-33,1.87824497237756455e-10
27,36,0x1.b4b154aa70e6dp-34,0x1.d70c45223e5a5p-268,0x1.b4b154aa70e6ep-34,9.92924238169866552e-11
27,37,0x1.cd5236095259cp-35,0x1.d70c45223e5a5p-268,0x1.cd5236095259dp-35,5.24461412431065782e-11
27,38,0x1.e6efaa0ecf51dp-36,0x1.d70c45223e5a5p-268,0x1.e6efaa0ecf51ep-36,2.76791177286029359e-11
27,39,0x1.00c7690f3c2b4p-36,0x1.d70c45223e5a5p-268,0x1.00c7690f3c2b5p-36,1.45961932293477313e-11
27,40,0x1.0e9a59a65957ep-37,0x1.d70c45223e5a5p-268,0x1.0e9a59a65957fp-37,7.69099786019181412e-12
27,41,0x1.1cf319eef955dp-38,0x1.d70c45223e5a5p-268,0x1.1cf319eef955ep-38,4.04937757229625039e-12
27,42,0x1.2bd40c62d3c2fp-39,0x1.d70c45223e5a5p-268,0x1.2bd40c62d3c3p-39,2.13040830485076466e-12
27,43,0x1.3b3f81930f612p-40,0x1.d70c45223e5a5p-268,0x1.3b3f81930f613p-40,1.11998613369924519e-12
27,44,0x1.4b37b6e953308p-41,0x1.d70c45223e5a5p-268,0x1.4b37b6e953309p-41,5.88360710830323652e-13
27,45,0x1.5bbed56a9b3b1p-42,0x1.d70c45223e5a5p-268,0x1.5bbed56a9b3b2p-42,3.08859998888793171e-13
27,46,0x1.6cd6f07c75896p-43,0x1.d70c45223e5a5p-268,0x1.6cd6f07c75897p-43,1.62021332806946255e-13
27,47,0x1.7e8204ad4ba6ep-44,0x1.d70c45223e5a5p-268,0x1.7e8204ad4ba6fp-44,8.49338119533746657e-14
27,48,0x1.90c1f6805cabfp-45,0x1.d70c45223e5a5p-268,0x1.90c1f6805cacp-45,4.44930389823606508e-14
27,49,0x1.a398913e0af91p-46,0x1.d70c45223e5a5p-268,0x1.a398913e0af92p-46,2.32922551370005573e-14
27,50,0x1.b70785c91fab2p-47,0x1.d70c45223e5a5p-268,0x1.b70785c91fab3p-47,1.21855132972040858e-14
27,51,0x1.cb106979a447dp-48,0x1.d70c45223e5a5p-268,0x1.cb106979a447ep-48,6.37079430075936337e-15
27,52,0x1.dfb4b4fdf1458p-49,0x1.d70c45223e5a5p-268,0x1.dfb4b4fdf1459p-49,3.32862825301720338e-15
27,53,0x1.f4f5c3428dc89p-50,0x1.d70c45223e5a5p-268,0x1.f4f5c3428dc8ap-50,1.73805418210710068e-15
27,54,0x1.056a6830bd2ap-50,0x1.d70c45223e5a5p-268,0x1.056a6830bd2a1p-50,9.06967738131566811e-16
27,55,0x1.10a97c4cbe97fp-51,0x1.d70c45223e5a5p-268,0x1.10a97c4cbe98p-51,4.72993264198245976e-16
27,56,0x1.1c389ba701f58p-52,0x1.d70c45223e5a5p-268,0x1.1c389ba701f59p-52,2.46522529010904009e-16
27,57,0x1.2818330814d7fp-53,0x1.d70c45223e5a5p-268,0x1.2818330814d8p-53,1.28410532502341688e-16
27,58,0x1.34489dd8b70bap-54,0x1.d70c45223e5a5p-268,0x1.34489dd8b70bbp-54,6.68483624677100774e-17
27,59,0x1.40ca25b051e3ep-55,0x1.d70c45223e5a5p-268,0x1.40ca25b051e3fp-55,3.47800821980147013e-17
27,60,0x1.4d9d01e8ccbf5p-56,0x1.d70c45223e5a5p-268,0x1.4d9d01e8ccbf6p-56,1.80852137944607004e-17
27,61,0x1.5ac15737fd918p-57,0x1.d70c45223e5a5p-268,0x1.5ac15737fd919p-57,9.39881953466630464e-18
27,62,0x1.6837374ef19acp-58,0x1.d70c45223e5a5p-268,0x1.6837374ef19adp-58,4.88183288944464757e-18
27,63,0x1.75fea07f47b1p-59,0x1.d70c45223e5a5p-268,0x1.75fea07f47b11p-59,2.53428623364591527e-18
27,64,0x1.84177d66d28fp-60,0x1.d70c45223e5a5p-268,0x1.84177d66d28f1p-60,1.31490601971746681e-18
27,65,0x1.9281a4a1b6971p-61,0x1.d70c45223e5a5p-268,0x1.9281a4a1b6972p-61,6.81872395614116254e-19
27,66,0x1.a13cd883334cfp-62,0x1.d70c45223e5a5p-268,0x1.a13cd883334dp-62,3.53414060710550460e-19
27,67,0x1.b048c6d545872p-63,0x1.d70c45223e5a5p-268,0x1.b048c6d545873p-63,1.83079515543878480e-19
27,68,0x1.bfa5089f4bf64p-64,0x1.d70c45223e5a5p-268,0x1.bfa5089f4bf65p-64,9.47924445167408212e-20
27,69,0x1.cf5121f3d4381p-65,0x1.d70c45223e5a5p-268,0x1.cf5121f3d4382p-65,4.90555874903036561e-20
27,70,0x1.df4c81c5b313ap-66,0x1.d70c45223e5a5p-268,0x1.df4c81c5b313bp-66,2.53738701192639466e-20
27,71,0x1.ef9681c486ecbp-67,0x1.d70c45223e5a5p-268,0x1.ef9681c486eccp-67,1.31181029520754089e-20
27,72,0x1.001733205fe5ep-67,0x1.d70c45223e5a5p-268,0x1.001733205fe5fp-67,6.77866237210956598e-21
27,73,0x1.0889af0ba24e7p-68,0x1.d70c45223e5a5p-268,0x1.0889af0ba24e8p-68,3.50112899156514401e-21
27,74,0x1.1122415264c6p-69,0x1.d70c45223e5a5p-268,0x1.1122415264c61p-69,1.80744793303794503e-21
27,75,0x1.19e06be073c7p-70,0x1.d70c45223e5a5p-268,0x1.19e06be073c71p-70,9.32651587038420159e-22
27,76,0x1.22c3a5e080acbp-71,0x1.d70c45223e5a5p-268,0x1.22c3a5e080accp-71,4.81029100568440950e-22
27,77,0x1.2bcb5bc17f1dbp-72,0x1.d70c45223e5a5p-268,0x1.2bcb5bc17f1dcp-72,2.47984089651310047e-22
27,78,0x1.34f6ef3fefabap-73,0x1.d70c45223e5a5p-268,0x1.34f6ef3fefabbp-73,1.27784758646303984e-22
27,79,0x1.3e45b77318073p-74,0x1.d70c45223e5a5p-268,0x1.3e45b77318074p-74,6.58171753189089784e-23
27,80,0x1.47b700de2739bp-75,0x1.d70c45223e5a5p-268,0x1.47b700de2739cp-75,3.38849220186055483e-23
27,81,0x1.514a0d854272fp-76,0x1.d70c45223e5a5p-268,0x1.514a0d854273p-76,1.74374464987161657e-23
27,82,0x1.5afe150675107p-77,0x1.d70c45223e5a5p-268,0x1.5afe150675108p-77,8.96954611196868188e-24
27,83,0x1.64d244b67caaep-78,0x1.d70c45223e5a5p-268,0x1.64d244b67caafp-78,4.61180799911063384e-24
27,84,0x1.6ec5bfc1681adp-79,0x1.d70c45223e5a5p-268,0x1.6ec5bfc1681aep-79,2.37021145171697454e-24
27,85,0x1.78d79f4efe94ap-80,0x1.d70c45223e5a5p-268,0x1.78d79f4efe94bp-80,1.21764306072024420e-24
27,86,0x1.8306f2aae2337p-81,0x1.d70c45223e5a5p-268,0x1.8306f2aae2338p-81,6.25276068355986947e-25
27,87,0x1.8d52bf705f8c9p-82,0x1.d70c45223e5a5p-268,0x1.8d52bf705f8cap-82,3.20955152121938672e-25
27,88,0x1.97ba01b9da2c2p-83,0x1.d70c45223e5a5p-268,0x1.97ba01b9da2c3p-83,1.64679457767523213e-25
27,89,0x1.a23bac53c4319p-84,0x1.d70c45223e5a5p-268,0x1.a23bac53c431ap-84,8.44615015635199154e-26
27,90,0x1.acd6a8f30da68p-85,0x1.d70c45223e5a5p-268,0x1.acd6a8f30da69p-85,4.33016242562950611e-26
27,91,0x1.b789d86ef6943p-86,0x1.d70c45223e5a5p-268,0x1.b789d86ef6944p-86,2.21910212133582950e-26
27,92,0x1.c25412fe2d5bap-87,0x1.d70c45223e5a5p-268,0x1.c25412fe2d5bbp-87,1.13678873904785051e-26
27,93,0x1.cd34287721591p-88,0x1.d70c45223e5a5p-268,0x1.cd34287721592p-88,5.82120962819558007e-27
27,94,0x1.d828e09370768p-89,0x1.d70c45223e5a5p-268,0x1.d828e09370769p-89,2.97974648012194797e-27
27,95,0x1.e330fb3654fb8p-90,0x1.d70c45223e5a5p-268,0x1.e330fb3654fb9p-90,1.52468300999501820e-27
27,96,0x1.ee4b30b5f79a8p-91,0x1.d70c45223e5a5p-268,0x1.ee4b30b5f79a9p-91,7.79857970215092690e-28
27,97,0x1.f976322788897p-92,0x1.d70c45223e5a5p-268,0x1.f976322788898p-92,3.98738976422067987e-28
27,98,0x1.025854d700a6ap-92,0x1.d70c45223e5a5p-268,0x1.025854d700a6bp-92,2.03798305705782582e-28
27,99,0x1.07fc9d65b7e53p-93,0x1.d70c45223e5a5p-268,0x1.07fc9d65b7e54p-93,1.04124423814117209e-28
27,100,0x1.0da7415a55146p-94,0x1.d70c45223e5a5p-268,0x1.0da7415a55147p-94,5.31797446605096783e-29
27,101,0x1.13578c53a516cp-95,0x1.d70c45223e5a5p-268,0x1.13578c53a516dp-95,2.71508159382127018e-29
27,102,0x1.190cc720e6e62p-96,0x1.d70c45223e5a5p-268,0x1.190cc720e6e63p-96,1.38568305715279458e-29
27,103,0x1.1ec637eedcf6cp-97,0x1.d70c45223e5a5p-268,0x1.1ec637eedcf6dp-97,7.06953208654064229e-30
27,104,0x1.24832275cdd3bp-98,0x1.d70c45223e5a5p-268,0x1.24832275cdd3cp-98,3.60549178187672239e-30
27,105,0x1.2a42c82861c64p-99,0x1.d70c45223e5a5p-268,0x1.2a42c82861c65p-99,1.83817450991537988e-30
27,106,0x1.300468634b0fdp-100,0x1.d70c45223e5a5p-268,0x1.300468634b0fep-100,9.36825381492343213e-31
27,107,0x1.35c7409da5fecp-101,0x1.d70c45223e5a5p-268,0x1.35c7409da5fedp-101,4.77289089047180381e-31
27,108,0x1.3b8a8c99fdf5dp-102,0x1.d70c45223e5a5p-268,0x1.3b8a8c99fdf5ep-102,2.43084104400108745e-31
27,109,0x1.414d8697e44ecp-103,0x1.d70c45223e5a5p-268,0x1.414d8697e44edp-103,1.23761350221357975e-31
27,110,0x1.470f678605e2cp-104,0x1.d70c45223e5a5p-268,0x1.470f678605e2dp-104,6.29894981555343405e-32
27,111,0x1.4ccf6734abebep-105,0x1.d70c45223e5a5p-268,0x1.4ccf6734abebfp-105,3.20484534698442307e-32
27,112,0x1.528cbc8894e6bp-106,0x1.d70c45223e5a5p-268,0x1.528cbc8894e6cp-106,1.63005776160868846e-32
27,113,0x1.58469dae1210cp-107,0x1.d70c45223e5a5p-268,0x1.58469dae1210dp-107,8.28813945170032299e-33
27,114,0x1.5dfc404c562e1p-108,0x1.d70c45223e5a5p-268,0x1.5dfc404c562e2p-108,4.21279548396330923e-33
27,115,0x1.63acd9b8e24c9p-109,0x1.d70c45223e5a5p-268,0x1.63acd9b8e24cap-109,2.14064222724796048e-33
27,116,0x1.69579f2afd4cdp-110,0x1.d70c45223e5a5p-268,0x1.69579f2afd4cep-110,1.08737484797394038e-33
27,117,0x1.6efbc5ef2324ap-111,0x1.d70c45223e5a5p-268,0x1.6efbc5ef2324bp-111,5.52175383228265881e-34
27,118,0x1.7498839a58ed6p-112,0x1.d70c45223e5a5p-268,0x1.7498839a58ed7p-112,2.80309893624507843e-34
27,119,0x1.7a2d0e3d530aep-113,0x1.d70c45223e5a5p-268,0x1.7a2d0e3d530afp-113,1.42253999963697068e-34
27,120,0x1.7fb89c975aeccp-114,0x1.d70c45223e5a5p-268,0x1.7fb89c975aecdp-114,7.21699250635283171e-35
27,121,0x1.853a6648e2301p-115,0x1.d70c45223e5a5p-268,0x1.853a6648e2302p-115,3.66028368040466520e-35
27,122,0x1.8ab1a405b12fp-116,0x1.d70c45223e5a5p-268,0x1.8ab1a405b12f1p-116,1.85584184147813628e-35
27,123,0x1.901d8fc69f668p-117,0x1.d70c45223e5a5p-268,0x1.901d8fc69f669p-117,9.40666961303069047e-36
27,124,0x1.957d64fac466p-118,0x1.d70c45223e5a5p-268,0x1.957d64fac4661p-118,4.76650995166031599e-36
27,125,0x1.9ad060b810658p-119,0x1.d70c45223e5a5p-268,0x1.9ad060b810659p-119,2.41454753904583730e-36
27,126,0x1.a015c1eb3c05dp-120,0x1.d70c45223e5a5p-268,0x1.a015c1eb3c05ep-120,1.22276388865612117e-36
27,127,0x1.a54cc986ff25ep-121,0x1.d70c45223e5a5p-268,0x1.a54cc986ff25fp-121,6.19044639126004906e-37
27,128,0x1.aa74bab27f2e4p-122,0x1.d70c45223e5a5p-268,0x1.aa74bab27f2e5p-122,3.13310367528599568e-37
27,129,0x1.af8cdaf6e5b18p-123,0x1.d70c45223e5a5p-268,0x1.af8cdaf6e5b19p-123,1.58526512862369661e-37
27,130,0x1.b494726c10b44p-124,0x1.d70c45223e5a5p-268,0x1.b494726c10b45p-124,8.01870581213108078e-38
27,131,0x1.b98acbe44e7d5p-125,0x1.d70c45223e5a5p-268,0x1.b98acbe44e7d6p-125,4.05492445911197712e-38
27,132,0x1.be6f3517174bfp-126,0x1.d70c45223e5a5p-268,0x1.be6f3517174cp-126,2.04992624894204946e-38
27,133,0x1.c340fecab7eafp-127,0x1.d70c45223e5a5p-268,0x1.c340fecab7ebp-127,1.03602811701870245e-38
27,134,0x1.c7ff7cfce09ep-128,0x1.d70c45223e5a5p-268,0x1.c7ff7cfce09e1p-128,5.23460033260658423e-39
27,135,0x1.ccaa070a0c7d8p-129,0x1.d70c45223e5a5p-268,0x1.ccaa070a0c7d9p-129,2.64408266287111987e-39
27,136,0x1.d13ff7d3b5f15p-130,0x1.d70c45223e5a5p-268,0x1.d13ff7d3b5f16p-130,1.33520166045893828e-39
27,137,0x1.d5c0ade54d8d1p-131,0x1.d70c45223e5a5p-268,0x1.d5c0ade54d8d2p-131,6.74062000000221518e-40
27,138,0x1.da2b8b97e9358p-132,0x1.d70c45223e5a5p-268,0x1.da2b8b97e9359p-132,3.40200361596900870e-40
27,139,0x1.de7ff734a2124p-133,0x1.d70c45223e5a5p-268,0x1.de7ff734a2125p-133,1.71653408546940621e-40
27,140,0x1.e2bd5b1598711p-134,0x1.d70c45223e5a5p-268,0x1.e2bd5b1598712p-134,8.65871820496478607e-41
27,141,0x1.e6e325c595643p-135,0x1.d70c45223e5a5p-268,0x1.e6e325c595644p-135,4.36655628112529495e-41
27,142,0x1.eaf0ca1e4288fp-136,0x1.d70c45223e5a5p-268,0x1.eaf0ca1e4289p-136,2.20145371694291653e-41
27,143,0x1.eee5bf64f107ap-137,0x1.d70c45223e5a5p-268,0x1.eee5bf64f107bp-137,1.10959846249421064e-41
27,144,0x1.f2c18165e9865p-138,0x1.d70c45223e5a5p-268,0x1.f2c18165e9866p-138,5.59124679767531415e-42
27,145,0x1.f683908e3f6d8p-139,0x1.d70c45223e5a5p-268,0x1.f683908e3f6d9p-139,2.81668796278253263e-42
27,146,0x1.fa2b720422818p-140,0x1.d70c45223e5a5p-268,0x1.fa2b720422819p-140,1.41858967041311267e-42
27,147,0x1.fdb8afbdaa7fdp-141,0x1.d70c45223e5a5p-268,0x1.fdb8afbdaa7fep-141,7.14271859324804111e-43
27,148,0x1.00956c4b0c849p-141,0x1.d70c45223e5a5p-268,0x1.00956c4b0c84ap-141,3.59550321901053243e-43
27,149,0x1.0240c030c768ep-142,0x1.d70c45223e5a5p-268,0x1.0240c030c768fp-142,1.80944718926343148e-43
27,150,0x1.03de1fff98d84p-143,0x1.d70c45223e5a5p-268,0x1.03de1fff98d85p-143,9.10380437415672959e-44
27,151,0x1.056d5ab4e0de4p-144,0x1.d70c45223e5a5p-268,0x1.056d5ab4e0de5p-144,4.57921856623500074e-44
27,152,0x1.06ee41e34e2dcp-145,0x1.d70c45223e5a5p-268,0x1.06ee41e34e2ddp-145,2.30277735088896898e-44
27,153,0x1.0860a9b996578p-146,0x1.d70c45223e5a5p-268,0x1.0860a9b996579p-146,1.15772472057729350e-44
27,154,0x1.09c4690864bbcp-147,0x1.d70c45223e5a5p-268,0x1.09c4690864bbdp-147,5.81905012509748049e-45
27,155,0x1.0b19594780874p-148,0x1.d70c45223e5a5p-268,0x1.0b19594780875p-148,2.92410503522255911e-45
27,156,0x1.0c5f569a2a601p-149,0x1.d70c45223e5a5p-268,0x1.0c5f569a2a602p-149,1.46902286437372216e-45
27,157,0x1.0d963fd2b2a81p-150,0x1.d70c45223e5a5p-268,0x1.0d963fd2b2a82p-150,7.37835400183667758e-46
27,158,0x1.0ebdf67549873p-151,0x1.d70c45223e5a5p-268,0x1.0ebdf67549874p-151,3.70498444869922444e-46
27,159,0x1.0fd65eba0a344p-152,0x1.d70c45223e5a5p-268,0x1.0fd65eba0a345p-152,1.85998685168399973e-46
27,160,0x1.10df5f8e43368p-153,0x1.d70c45223e5a5p-268,0x1.10df5f8e43369p-153,9.33534882358424241e-47
27,161,0x1.11d8e294fd9e7p-154,0x1.d70c45223e5a5p-268,0x1.11d8e294fd9e8p-154,4.68434657156773513e-47
27,162,0x1.12c2d426c573ep-155,0x1.d70c45223e5a5p-268,0x1.12c2d426c573fp-155,2.34998923928695341e-47
27,163,0x1.139d2350b5d5p-156,0x1.d70c45223e5a5p-268,0x1.139d2350b5d51p-156,1.17864142724153152e-47
27,164,0x1.1467c1d2cb7dcp-157,0x1.d70c45223e5a5p-268,0x1.1467c1d2cb7ddp-157,5.91013067913479885e-48
27,165,0x1.1522a41d80aafp-158,0x1.d70c45223e5a5p-268,0x1.1522a41d80abp-158,2.96286997758285532e-48
27,166,0x1.15cdc14eb584p-159,0x1.d70c45223e5a5p-268,0x1.15cdc14eb5841p-159,1.48500801649726149e-48
27,167,0x1.1669132de8678p-160,0x1.d70c45223e5a5p-268,0x1.1669132de8679p-160,7.44125622749699018e-49
27,168,0x1.16f49627c1af6p-161,0x1.d70c45223e5a5p-268,0x1.16f49627c1af7p-161,3.72791096038232438e-49
27,169,0x1.17704948f6af4p-162,0x1.d70c45223e5a5p-268,0x1.17704948f6af5p-162,1.86718419367581386e-49
27,170,0x1.17dc2e3887de4p-163,0x1.d70c45223e5a5p-268,0x1.17dc2e3887de5p-163,9.35000182899198045e-50
27,171,0x1.183849315e476p-164,0x1.d70c45223e5a5p-268,0x1.183849315e477p-164,4.68101106963207086e-50
27,172,0x1.1884a0fb4c868p-165,0x1.d70c45223e5a5p-268,0x1.1884a0fb4c869p-165,2.34299633896297831e-50
27,173,0x1.18c13ee377c11p-166,0x1.d70c45223e5a5p-268,0x1.18c13ee377c12p-166,1.17248702756050594e-50
27,174,0x1.18ee2eb42d28bp-167,0x1.d70c45223e5a5p-268,0x1.18ee2eb42d28cp-167,5.86610046481265778e-51
27,175,0x1.190b7eac28badp-168,0x1.d70c45223e5a5p-268,0x1.190b7eac28baep-168,2.93424568358726368e-51
27,176,0x1.19193f75520d1p-169,0x1.d70c45223e5a5p-268,0x1.19193f75520d2p-169,1.46740328856151794e-51
27,177,0x1.1917841af4165p-170,0x1.d70c45223e5a5p-268,0x1.1917841af4166p-170,7.33683986728955424e-52
27,178,0x1.190661ff74fa6p-171,0x1.d70c45223e5a5p-268,0x1.190661ff74fa7p-171,3.66754649961559072e-52
27,179,0x1.18e5f0d192f7fp-172,0x1.d70c45223e5a5p-268,0x1.18e5f0d192f8p-172,1.83294631769206851e-52
27,180,0x1.18b64a812bab9p-173,0x1.d70c45223e5a5p-268,0x1.18b64a812babap-173,9.15865876487151144e-53
27,181,0x1.18778b3392ef1p-174,0x1.d70c45223e5a5p-268,0x1.18778b3392ef2p-174,4.57533089520864456e-53
27,182,0x1.1829d1377ea92p-175,0x1.d70c45223e5a5p-268,0x1.1829d1377ea93p-175,2.28518893835053584e-53
27,183,0x1.17cd3cf88cf42p-176,0x1.d70c45223e5a5p-268,0x1.17cd3cf88cf43p-176,1.14111959925353516e-53
27,184,0x1.1761f0f26a055p-177,0x1.d70c45223e5a5p-268,0x1.1761f0f26a056p-177,5.69705129962661157e-54
27,185,0x1.16e811a39b51p-178,0x1.d70c45223e5a5p-268,0x1.16e811a39b511p-178,2.84367180557938808e-54
27,186,0x1.165fc57ff5638p-179,0x1.d70c45223e5a5p-268,0x1.165fc57ff5639p-179,1.41912172384427177e-54
27,187,0x1.15c934e2c1f51p-180,0x1.d70c45223e5a5p-268,0x1.15c934e2c1f52p-180,7.08061713658309814e-55
27,188,0x1.15248a009bb68p-181,0x1.d70c45223e5a5p-268,0x1.15248a009bb69p-181,3.53211074068498173e-55
27,189,0x1.1471f0d9055d2p-182,0x1.d70c45223e5a5p-268,0x1.1471f0d9055d3p-182,1.76160969153259906e-55
27,190,0x1.13b19727c1696p-183,0x1.d70c45223e5a5p-268,0x1.13b19727c1697p-183,8.78410847294570937e-56
27,191,0x1.12e3ac55f027ep-184,0x1.d70c45223e5a5p-268,0x1.12e3ac55f027fp-184,4.37923997367067614e-56
27,192,0x1.1208616af95d3p-185,0x1.d70c45223e5a5p-268,0x1.1208616af95d4p-185,2.18279667934846798e-56
27,193,0x1.111fe8fd47092p-186,0x1.d70c45223e5a5p-268,0x1.111fe8fd47093p-186,1.08778167217625951e-56
27,194,0x1.102a7722d69fcp-187,0x1.d70c45223e5a5p-268,0x1.102a7722d69fdp-187,5.41981578134446069e-57
27,195,0x1.0f284161a60fcp-188,0x1.d70c45223e5a5p-268,0x1.0f284161a60fdp-188,2.69986511164236471e-57
27,196,0x1.0e197ea001d8fp-189,0x1.d70c45223e5a5p-268,0x1.0e197ea001d9p-189,1.34466709209885764e-57
27,197,0x1.0cfe6714b9687p-190,0x1.d70c45223e5a5p-268,0x1.0cfe6714b9688p-190,6.69580912223847526e-58
27,198,0x1.0bd734373ee08p-191,0x1.d70c45223e5a5p-268,0x1.0bd734373ee09p-191,3.33355279572631194e-58
27,199,0x1.0aa420afb7564p-192,0x1.d70c45223e5a5p-268,0x1.0aa420afb7565p-192,1.65931178683186857e-58
27,200,0x1.096568470087cp-193,0x1.d70c45223e5a5p-268,0x1.096568470087dp-193,8.25782062178067069e-59
27,201,0x1.081b47d6b0edp-194,0x1.d70c45223e5a5p-268,0x1.081b47d6b0ed1p-194,4.10884797121097273e-59
27,202,0x1.06c5fd3916ef1p-195,0x1.d70c45223e5a5p-268,0x1.06c5fd3916ef2p-195,2.04405356560907742e-59
27,203,0x1.0565c7393bf9ep-196,0x1.d70c45223e5a5p-268,0x1.0565c7393bf9fp-196,1.01667567432955686e-59
27,204,0x1.03fae582f0064p-197,0x1.d70c45223e5a5p-268,0x1.03fae582f0065p-197,5.05581223044035477e-60
27,205,0x1.02859892e2161p-198,0x1.d70c45223e5a5p-268,0x1.02859892e2162p-198,2.51372731303001999e-60
27,206,0x1.010621a6ca09ap-199,0x1.d70c45223e5a5p-268,0x1.010621a6ca09bp-199,1.24958122947953193e-60
27,207,0x1.fef9855b501e2p-201,0x1.d70c45223e5a5p-268,0x1.fef9855b501e3p-201,6.21055333864843902e-61
27,208,0x1.fbd37c703ba51p-202,0x1.d70c45223e5a5p-268,0x1.fbd37c703ba52p-202,3.08614227332293191e-61
27,209,0x1.f89aaed1caf2ap-203,0x1.d70c45223e5a5p-268,0x1.f89aaed1caf2bp-203,1.53328116834689602e-61
27,210,0x1.f54fa3cad4946p-204,0x1.d70c45223e5a5p-268,0x1.f54fa3cad4947p-204,7.61637351278987562e-62
27,211,0x1.f1f2e38d0d9f4p-205,0x1.d70c45223e5a5p-268,0x1.f1f2e38d0d9f5p-205,3.78264513486958939e-62
27,212,0x1.ee84f712d8214p-206,0x1.d70c45223e5a5p-268,0x1.ee84f712d8215p-206,1.87829696689337590e-62
27,213,0x1.eb0668016ad39p-207,0x1.d70c45223e5a5p-268,0x1.eb0668016ad3ap-207,9.32512276997849648e-63
27,214,0x1.e777c08b58c87p-208,0x1.d70c45223e5a5p-268,0x1.e777c08b58c88p-208,4.62878334541796934e-63
27,215,0x1.e3d98b537f8ccp-209,0x1.d70c45223e5a5p-268,0x1.e3d98b537f8cdp-209,2.29721419281878812e-63
27,216,0x1.e02c535061fb8p-210,0x1.d70c45223e5a5p-268,0x1.e02c535061fb9p-210,1.13987916002696096e-63
27,217,0x1.dc70a3aff5a4ap-211,0x1.d70c45223e5a5p-268,0x1.dc70a3aff5a4bp-211,5.65508534333880548e-64
27,218,0x1.d8a707bbe874ap-212,0x1.d70c45223e5a5p-268,0x1.d8a707bbe874bp-212,2.80506466928656633e-64
27,219,0x1.d4d00abe63f79p-213,0x1.d70c45223e5a5p-268,0x1.d4d00abe63f7ap-213,1.39113825327339716e-64
27,220,0x1.d0ec37e75351ap-214,0x1.d70c45223e5a5p-268,0x1.d0ec37e75351bp-214,6.89797696948645591e-65
27,221,0x1.ccfc1a3230b25p-215,0x1.d70c45223e5a5p-268,0x1.ccfc1a3230b26p-215,3.41977512352999638e-65
27,222,0x1.c9003c4c5ed05p-216,0x1.d70c45223e5a5p-268,0x1.c9003c4c5ed07p-216,1.69511062362821883e-65
27,223,0x1.c4f9287c12a28p-217,0x1.d70c45223e5a5p-268,0x1.c4f9287c12a2cp-217,8.40085627003118169e-66
27,224,0x1.c0e76887d153fp-218,0x1.d70c45223e5a5p-268,0x1.c0e76887d1547p-218,4.16269312678569918e-66
27,225,0x1.bccb859e861c7p-219,0x1.d70c45223e5a5p-268,0x1.bccb859e861d6p-219,2.06229547256331327e-66
27,226,0x1.b8a6084033615p-220,0x1.d70c45223e5a5p-268,0x1.b8a6084033633p-220,1.02153522602727085e-66
27,227,0x1.b47778274247ep-221,0x1.d70c45223e5a5p-268,0x1.b4777827424b9p-221,5.05920276073511800e-67
27,228,0x1.b0405c327388p-222,0x1.d70c45223e5a5p-268,0x1.b0405c32738f6p-222,2.50517121375656811e-67
27,229,0x1.ac013a4f741ffp-223,0x1.d70c45223e5a5p-268,0x1.ac013a4f742ebp-223,1.24027970455510383e-67
27,230,0x1.a7ba976618368p-224,0x1.d70c45223e5a5p-268,0x1.a7ba97661854p-224,6.13944429962321183e-68
27,231,0x1.a36cf7443e316p-225,0x1.d70c45223e5a5p-268,0x1.a36cf7443e6c5p-225,3.03854725249058714e-68
27,232,0x1.9f18dc8a5bdf9p-226,0x1.d70c45223e5a5p-268,0x1.9f18dc8a5c556p-226,1.50359450464866919e-68
27,233,0x1.9abec898b7296p-227,0x1.d70c45223e5a5p-268,0x1.9abec898b814fp-227,7.43915430461274335e-69
27,234,0x1.965f3b7d4ba78p-228,0x1.d70c45223e5a5p-268,0x1.965f3b7d4d7e9p-228,3.67997443208837865e-69
27,235,0x1.91fab3e25e18p-229,0x1.d70c45223e5a5p-268,0x1.91fab3e261c62p-229,1.82009780169435071e-69
27,236,0x1.8d91aefdbe8fcp-230,0x1.d70c45223e5a5p-268,0x1.8d91aefdc5ecp-230,9.00064491898106370e-70
27,237,0x1.8924a880b9e7ep-231,0x1.d70c45223e5a5p-268,0x1.8924a880c8a05p-231,4.45022327047848846e-70
27,238,0x1.84b41a88babeap-232,0x1.d70c45223e5a5p-268,0x1.84b41a88d82f7p-232,2.19998401465401858e-70
27,239,0x1.80407d909a1abp-233,0x1.d70c45223e5a5p-268,0x1.80407d90d4fc4p-233,1.08739438642214318e-70
27,240,0x1.7bca48629f765p-234,0x1.d70c45223e5a5p-268,0x1.7bca486315397p-234,5.37384042186824904e-71
27,241,0x1.7751f00b2fadep-235,0x1.d70c45223e5a5p-268,0x1.7751f00c1b341p-235,2.65529538862522406e-71
27,242,0x1.72d7e7cc29dcep-236,0x1.d70c45223e5a5p-268,0x1.72d7e7ce00e93p-236,1.31181197074758293e-71
27,243,0x1.6e5ca110f0995p-237,0x1.d70c45223e5a5p-268,0x1.6e5ca1149eb1ep-237,6.47979528402253349e-72
27,244,0x1.69e08b631d0c4p-238,0x1.d70c45223e5a5p-268,0x1.69e08b6a793d6p-238,3.20023743257766253e-72
27,245,0x1.6564145fd7abp-239,0x1.d70c45223e5a5p-268,0x1.6564146e900d3p-239,1.58028204542608563e-72
27,246,0x1.60e7a7adcf374p-240,0x1.d70c45223e5a5p-268,0x1.60e7a7cb3ffbap-240,7.80223036307241126e-73
27,247,0x1.5c6baef3c0f47p-241,0x1.d70c45223e5a5p-268,0x1.5c6baf2ea27d2p-241,3.85154482023951523e-73
27,248,0x1.57f091cf79d8dp-242,0x1.d70c45223e5a5p-268,0x1.57f092453cea2p-242,1.90100575844459145e-73
27,249,0x1.5376b5cd23a8ap-243,0x1.d70c45223e5a5p-268,0x1.5376b6b8a9cb4p-243,9.38133104856696557e-74
27,250,0x1.4efe7e5e88946p-244,0x1.d70c45223e5a5p-268,0x1.4efe803594d99p-244,4.62890542558058992e-74
27,251,0x1.4a884cd1ab2efp-245,0x1.d70c45223e5a5p-268,0x1.4a88507fc3b94p-245,2.28362735655323155e-74
27,252,0x1.461480457d938p-246,0x1.d70c45223e5a5p-268,0x1.461487a1aea81p-246,1.12643340912602209e-74
27,253,0x1.41a3759a6a53cp-247,0x1.d70c45223e5a5p-268,0x1.41a38452cc7cep-247,5.55545270776052233e-75
27,254,0x1.3d35875a4bfa3p-248,0x1.d70c45223e5a5p-268,0x1.3d35a4cb104c6p-248,2.73947510477008566e-75
27,255,0x1.38cb0d8f7a0d6p-249,0x1.d70c45223e5a5p-268,0x1.38cb487102b1bp-249,1.35067117356217807e-75
27,256,0x1.34645d7b11b0fp-250,0x1.d70c45223e5a5p-268,0x1.3464d33e22f98p-250,6.65835313835795187e-76
27,257,0x1.3001c90c74654p-251,0x1.d70c45223e5a5p-268,0x1.3002b49296f66p-251,3.28185813277351348e-76
27,258,0x1.2ba39de14c022p-252,0x1.d70c45223e5a5p-268,0x1.2ba574ed91246p-252,1.61737255435202738e-76
27,259,0x1.274a2363638a1p-253,0x1.d70c45223e5a5p-268,0x1.274dd17bedce9p-253,7.96967164566041216e-77
27,260,0x1.22f5973c54668p-254,0x1.d70c45223e5a5p-268,0x1.22fcf36d68ef8p-254,3.92659716819443909e-77
27,261,0x1.1ea626a9c4dcfp-255,0x1.d70c45223e5a5p-268,0x1.1eb4df0bedeefp-255,1.93441086350767190e-77
27,262,0x1.1a5be1fd29d65p-256,0x1.d70c45223e5a5p-268,0x1.1a7952c17bfa4p-256,9.52926709738396558e-78
27,263,0x1.1616a547de33ap-257,0x1.d70c45223e5a5p-268,0x1.165186d0827b7p-257,4.69454133112551306e-78
27,264,0x1.11d5ed0b0ce38p-258,0x1.d70c45223e5a5p-268,0x1.124bb01c55732p-258,2.31334328029561403e-78
27,265,0x1.0d98864616d7bp-259,0x1.d70c45223e5a5p-268,0x1.0e840c68a7f6ep-259,1.14073250463317766e-78
27,266,0x1.095bfbf020bcap-260,0x1.d70c45223e5a5p-268,0x1.0b33083542fbp-260,5.63373674939229357e-79
27,267,0x1.051b8ca4d0c48p-261,0x1.d70c45223e5a5p-268,0x1.08c9a52f15414p-261,2.79144410129582081e-79
27,268,0x1.00ce4b71aa74fp-262,0x1.d70c45223e5a5p-268,0x1.082a7c86336e6p-262,1.39244493373779494e-79
27,269,0x1.f8c798b337694p-264,0x1.d70c45223e5a5p-268,0x1.0b1c2e82ada78p-263,7.03981846367545813e-80
27,270,0x1.ef7ca65e99bf6p-265,0x1.d70c45223e5a5p-268,0x1.152f178170c56p-264,3.65266011633908166e-80
27,271,0x1.e551b9e454e6ep-266,0x1.d70c45223e5a5p-268,0x1.2d8a6596723ecp-265,1.98681301625301030e-80
27,272,0x1.d98d13b76fda8p-267,0x1.d70c45223e5a5p-268,0x1.62899b244783ep-266,1.16800148478136754e-80
27,273,0x1.caf04047192c8p-268,0x1.d70c45223e5a5p-268,0x1.d0fe42b4abc37p-267,7.65945377038344514e-81
27,274,0x1.b768ddba2f451p-269,0x1.d70c45223e5a5p-268,0x1.596059ffaafe7p-267,5.68910326865673576e-81
27,275,0x1.9ba79cc4194d1p-270,0x1.d70c45223e5a5p-268,0x1.1efb1629a256dp-267,4.72720073829814945e-81
27,276,0x1.72b92d11bbc41p-271,0x1.d70c45223e5a5p-268,0x1.02b1b5623ae97p-267,4.26125810702663673e-81
27,277,0x1.360debb364735p-272,0x1.d70c45223e5a5p-268,0x1.ea6d23dd74a19p-268,4.03919643101312377e-81
27,278,0x1.be68607142393p-274,0x1.d70c45223e5a5p-268,0x1.de05e6a403634p-268,3.93704189085777220e-81
27,279,0x1.ba8d71a3ff15ep-276,0x1.d70c45223e5a5p-268,0x1.d8c6d293e2597p-268,3.89383205796741637e-81
27,280,0x0p+0,0x1.d70c45223e5a5p-268,0x1.d70c45223e5a5p-268,3.87959415447550019e-81
28,0,0x1.011d2308d8186p-1,0x1.c4029ff48ecdep-256,0x1.011d2308d8187p-1,5.02175421552281232e-01
28,1,0x1.1ff9b47632c87p-2,0x1.c4029ff48ecdep-256,0x1.1ff9b47632c88p-2,2.81225986208206269e-01
28,2,0x1.464c8b9c0224ap-3,0x1.c4029ff48ecdep-256,0x1.464c8b9c0224bp-3,1.59325686167237940e-01
28,3,0x1.74124b7298495p-4,0x1.c4029ff48ecdep-256,0x1.74124b7298496p-4,9.08377597020425254e-02
28,4,0x1.a907274967167p-5,0x1.c4029ff48ecdep-256,0x1.a907274967168p-5,5.18832938498430818e-02
28,5,0x1.e524836e58ee7p-6,0x1.c4029ff48ecdep-256,0x1.e524836e58ee8p-6,2.96107562547963943e-02
28,6,0x1.1457736e3ff3p-6,0x1.c4029ff48ecdep-256,0x1.1457736e3ff31p-6,1.68665530445643621e-02
28,7,0x1.3a11a48d3ce55p-7,0x1.c4029ff48ecdep-256,0x1.3a11a48d3ce56p-7,9.58462271453367973e-03
28,8,0x1.64129e7dcbb38p-8,0x1.c4029ff48ecdep-256,0x1.64129e7dcbb39p-8,5.43323869150818488e-03
28,9,0x1.92ba3263b6cb4p-9,0x1.c4029ff48ecdep-256,0x1.92ba3263b6cb5p-9,3.07256569963739813e-03
28,10,0x1.c673adca4f69ep-10,0x1.c4029ff48ecdep-256,0x1.c673adca4f69fp-10,1.73359630805639659e-03
28,11,0x1.ffb4d40fdd78p-11,0x1.c4029ff48ecdep-256,0x1.ffb4d40fdd781p-11,9.76002427690345174e-04
28,12,0x1.1f7ecf93b87b6p-11,0x1.c4029ff48ecdep-256,0x1.1f7ecf93b87b7p-11,5.48353872059196136e-04
28,13,0x1.426c34104a9fap-12,0x1.c4029ff48ecdep-256,0x1.426c34104a9fbp-12,3.07486218860702772e-04
28,14,0x1.68ed248ff6543p-13,0x1.c4029ff48ecdep-256,0x1.68ed248ff6544p-13,1.72103089879619320e-04
28,15,0x1.9351d0e094a05p-14,0x1.c4029ff48ecdep-256,0x1.9351d0e094a06p-14,9.61588843975472988e-05
28,16,0x1.c1f058fd22ad7p-15,0x1.c4029ff48ecdep-256,0x1.c1f058fd22ad8p-15,5.36368915869577727e-05
28,17,0x1.f525229579ac9p-16,0x1.c4029ff48ecdep-256,0x1.f525229579acap-16,2.98705732201486651e-05
28,18,0x1.16a99a7c4ab3fp-16,0x1.c4029ff48ecdep-256,0x1.16a99a7c4ab4p-16,1.66095801300933811e-05
28,19,0x1.35724d3cc36cp-17,0x1.c4029ff48ecdep-256,0x1.35724d3cc36c1p-17,9.22222408796956411e-06
28,20,0x1.5725636c147e8p-18,0x1.c4029ff48ecdep-256,0x1.5725636c147e9p-18,5.11327457893178678e-06
28,21,0x1.7bff813b142dp-19,0x1.c4029ff48ecdep-256,0x1.7bff813b142d1p-19,2.83120621483892725e-06
28,22,0x1.a4416d226766p-20,0x1.c4029ff48ecdep-256,0x1.a4416d2267661p-20,1.56557400341570421e-06
28,23,0x1.d0304a3621e9bp-21,0x1.c4029ff48ecdep-256,0x1.d0304a3621e9cp-21,8.64618704425054507e-07
28,24,0x1.000aea6e0e033p-21,0x1.c4029ff48ecdep-256,0x1.000aea6e0e034p-21,4.76916580677803858e-07
28,25,0x1.1a2050f70261fp-22,0x1.c4029ff48ecdep-256,0x1.1a2050f70262p-22,2.62750531943540137e-07
28,26,0x1.36823028e0427p-23,0x1.c4029ff48ecdep-256,0x1.36823028e0428p-23,1.44591809882910614e-07
28,27,0x1.555d0e89a5b5bp-24,0x1.c4029ff48ecdep-256,0x1.555d0e89a5b5cp-24,7.94798841414660137e-08
28,28,0x1.76e04505bc894p-25,0x1.c4029ff48ecdep-256,0x1.76e04505bc895p-25,4.36413163782988655e-08
28,29,0x1.9b3e238f5f0d5p-26,0x1.c4029ff48ecdep-256,0x1.9b3e238f5f0d6p-26,2.39374773869763866e-08
28,30,0x1.c2ac170f693f1p-27,0x1.c4029ff48ecdep-256,0x1.c2ac170f693f2p-27,1.31162880824041419e-08
28,31,0x1.ed62d0acbf989p-28,0x1.c4029ff48ecdep-256,0x1.ed62d0acbf98ap-28,7.17971119774641362e-09
28,32,0x1.0dcf373795ff5p-28,0x1.c4029ff48ecdep-256,0x1.0dcf373795ff6p-28,3.92624404480124836e-09
28,33,0x1.26cf52a12050fp-29,0x1.c4029ff48ecdep-256,0x1.26cf52a12051p-29,2.14502400612818881e-09
28,34,0x1.41d3762e3cc87p-30,0x1.c4029ff48ecdep-256,0x1.41d3762e3cc88p-30,1.17079624776333814e-09
28,35,0x1.5eff55073c70fp-31,0x1.c4029ff48ecdep-256,0x1.5eff55073c71p-31,6.38460535225704803e-10
28,36,0x1.7e78b0feeb8c4p-32,0x1.c4029ff48ecdep-256,0x1.7e78b0feeb8c5p-32,3.47855758028615663e-10
28,37,0x1.a06772674cedfp-33,0x1.c4029ff48ecdep-256,0x1.a06772674ceep-33,1.89358656557098187e-10
28,38,0x1.c4f5c09efb1a4p-34,0x1.c4029ff48ecdep-256,0x1.c4f5c09efb1a5p-34,1.02991173301574758e-10
28,39,0x1.ec501b5848b1ap-35,0x1.c4029ff48ecdep-256,0x1.ec501b5848b1bp-35,5.59694987315923345e-11
28,40,0x1.0b52ba4d7ef71p-35,0x1.c4029ff48ecdep-256,0x1.0b52ba4d7ef72p-35,3.03911241705787567e-11
28,41,0x1.2213a5c0a943dp-36,0x1.c4029ff48ecdep-256,0x1.2213a5c0a943ep-36,1.64889540845761770e-11
28,42,0x1.3a84e3d841196p-37,0x1.c4029ff48ecdep-256,0x1.3a84e3d841197p-37,8.93917051697819677e-12
28,43,0x1.54c1eac68b0b3p-38,0x1.c4029ff48ecdep-256,0x1.54c1eac68b0b4p-38,4.84245516419056773e-12
28,44,0x1.70e7a1955b88p-39,0x1.c4029ff48ecdep-256,0x1.70e7a1955b881p-39,2.62122632447473671e-12
28,45,0x1.8f146efb89b85p-40,0x1.c4029ff48ecdep-256,0x1.8f146efb89b86p-40,1.41781632997474177e-12
28,46,0x1.af68488f8b7ffp-41,0x1.c4029ff48ecdep-256,0x1.af68488f8b8p-41,7.66333409509834556e-13
28,47,0x1.d204c256b2d3bp-42,0x1.c4029ff48ecdep-256,0x1.d204c256b2d3cp-42,4.13907655148117130e-13
28,48,0x1.f70d1eb05c0ep-43,0x1.c4029ff48ecdep-256,0x1.f70d1eb05c0e1p-43,2.23399631915876003e-13
28,49,0x1.0f532f4e19946p-43,0x1.c4029ff48ecdep-256,0x1.0f532f4e19947p-43,1.20492478469548914e-13
28,50,0x1.247ba92d45608p-44,0x1.c4029ff48ecdep-256,0x1.247ba92d45609p-44,6.49442833253108176e-14
28,51,0x1.3b145532c9c8dp-45,0x1.c4029ff48ecdep-256,0x1.3b145532c9c8ep-45,3.49808432247616048e-14
28,52,0x1.533284610ad8ap-46,0x1.c4029ff48ecdep-256,0x1.533284610ad8bp-46,1.88292344185565606e-14
28,53,0x1.6cec89530f2f9p-47,0x1.c4029ff48ecdep-256,0x1.6cec89530f2fap-47,1.01286748545265885e-14
28,54,0x1.8859c139f2c65p-48,0x1.c4029ff48ecdep-256,0x1.8859c139f2c66p-48,5.44495843760427550e-15
28,55,0x1.a5929d037ed97p-49,0x1.c4029ff48ecdep-256,0x1.a5929d037ed98p-49,2.92524829594181262e-15
28,56,0x1.c4b0aaa8d76e9p-50,0x1.c4029ff48ecdep-256,0x1.c4b0aaa8d76eap-50,1.57058430170317672e-15
28,57,0x1.e5ce9ea4159e8p-51,0x1.c4029ff48ecdep-256,0x1.e5ce9ea4159e9p-51,8.42740995336938154e-16
28,58,0x1.04842ec5c609ep-51,0x1.c4029ff48ecdep-256,0x1.04842ec5c609fp-51,4.51923808605441890e-16
28,59,0x1.173d82e8ac83ap-52,0x1.c4029ff48ecdep-256,0x1.173d82e8ac83bp-52,2.42202333502526638e-16
28,60,0x1.2b227cd2e73e6p-53,0x1.c4029ff48ecdep-256,0x1.2b227cd2e73e7p-53,1.29729004084569712e-16
28,61,0x1.4042f47d8f4f7p-54,0x1.c4029ff48ecdep-256,0x1.4042f47d8f4f8p-54,6.94456521646913869e-17
28,62,0x1.56af6dd44f73ep-55,0x1.c4029ff48ecdep-256,0x1.56af6dd44f73fp-55,3.71540113792861018e-17
28,63,0x1.6e791dd5eca4cp-56,0x1.c4029ff48ecdep-256,0x1.6e791dd5eca4dp-56,1.98665471826039215e-17
28,64,0x1.87b1efc2c366ap-57,0x1.c4029ff48ecdep-256,0x1.87b1efc2c366bp-57,1.06169160027440658e-17
28,65,0x1.a26c8a58399afp-58,0x1.c4029ff48ecdep-256,0x1.a26c8a58399bp-58,5.67070243262946498e-18
28,66,0x1.bebc5518168b9p-59,0x1.c4029ff48ecdep-256,0x1.bebc5518168bap-59,3.02719867289156419e-18
28,67,0x1.dcb57d9aa4cc3p-60,0x1.c4029ff48ecdep-256,0x1.dcb57d9aa4cc4p-60,1.61515274020473190e-18
28,68,0x1.fc6cfcea736a7p-61,0x1.c4029ff48ecdep-256,0x1.fc6cfcea736a8p-61,8.61306696180424240e-19
28,69,0x1.0efc4e743ed9fp-61,0x1.c4029ff48ecdep-256,0x1.0efc4e743edap-61,4.59067415622769476e-19
28,70,0x1.20b77edbb9596p-62,0x1.c4029ff48ecdep-256,0x1.20b77edbb9597p-62,2.44552624622686443e-19
28,71,0x1.3373cd9663af8p-63,0x1.c4029ff48ecdep-256,0x1.3373cd9663af9p-63,1.30211137522234214e-19
28,72,0x1.473d692318334p-64,0x1.c4029ff48ecdep-256,0x1.473d692318335p-64,6.92957411716581856e-20
28,73,0x1.5c20f35109369p-65,0x1.c4029ff48ecdep-256,0x1.5c20f3510936ap-65,3.68595611944454431e-20
28,74,0x1.722b83fcb4defp-66,0x1.c4029ff48ecdep-256,0x1.722b83fcb4dfp-66,1.95966357151991112e-20
28,75,0x1.896aabccce4cep-67,0x1.c4029ff48ecdep-256,0x1.896aabccce4cfp-67,1.04136529160598522e-20
28,76,0x1.a1ec76ee4ed3ep-68,0x1.c4029ff48ecdep-256,0x1.a1ec76ee4ed3fp-68,5.53117397889098533e-21
28,77,0x1.bbbf6fcedb4fap-69,0x1.c4029ff48ecdep-256,0x1.bbbf6fcedb4fbp-69,2.93647661489542311e-21
28,78,0x1.d6f2a1d4a2fa7p-70,0x1.c4029ff48ecdep-256,0x1.d6f2a1d4a2fa8p-70,1.55823549864885763e-21
28,79,0x1.f3959c12d6a9dp-71,0x1.c4029ff48ecdep-256,0x1.f3959c12d6a9ep-71,8.26493081110982930e-22
28,80,0x1.08dc39fce8782p-71,0x1.c4029ff48ecdep-256,0x1.08dc39fce8783p-71,4.38174543926777754e-22
28,81,0x1.18b5e40100b2bp-72,0x1.c4029ff48ecdep-256,0x1.18b5e40100b2cp-72,2.32198291871337412e-22
28,82,0x1.29606128539ep-73,0x1.c4029ff48ecdep-256,0x1.29606128539e1p-73,1.22992030479168952e-22
28,83,0x1.3ae48daab0b2p-74,0x1.c4029ff48ecdep-256,0x1.3ae48daab0b21p-74,6.51183020401463383e-23
28,84,0x1.4d4b8e2fca5b2p-75,0x1.c4029ff48ecdep-256,0x1.4d4b8e2fca5b3p-75,3.44619095873087586e-23
28,85,0x1.609ed115518f8p-76,0x1.c4029ff48ecdep-256,0x1.609ed115518f9p-76,1.82300462596831780e-23
28,86,0x1.74e80faff4b29p-77,0x1.c4029ff48ecdep-256,0x1.74e80faff4b2ap-77,9.63940682193009230e-24
28,87,0x1.8a314f86ba063p-78,0x1.c4029ff48ecdep-256,0x1.8a314f86ba064p-78,5.09482019762086971e-24
28,88,0x1.a084e3882b7c7p-79,0x1.c4029ff48ecdep-256,0x1.a084e3882b7c8p-79,2.69169157563990459e-24
28,89,0x1.b7ed6d38c768dp-80,0x1.c4029ff48ecdep-256,0x1.b7ed6d38c768ep-80,1.42148224916047280e-24
28,90,0x1.d075ddda2765cp-81,0x1.c4029ff48ecdep-256,0x1.d075ddda2765dp-81,7.50376273011551044e-25
28,91,0x1.ea29778a4cb43p-82,0x1.c4029ff48ecdep-256,0x1.ea29778a4cb44p-82,3.95949694439281521e-25
28,92,0x1.0289e72d3fbd4p-82,0x1.c4029ff48ecdep-256,0x1.0289e72d3fbd5p-82,2.08845885521699703e-25
28,93,0x1.10a064ae96428p-83,0x1.c4029ff48ecdep-256,0x1.10a064ae96429p-83,1.10112981094979929e-25
28,94,0x1.1f5e51d515cb2p-84,0x1.c4029ff48ecdep-256,0x1.1f5e51d515cb3p-84,5.80335935189287205e-26
28,95,0x1.2ec9f6ac6b743p-85,0x1.c4029ff48ecdep-256,0x1.2ec9f6ac6b744p-85,3.05738677339247784e-26
28,96,0x1.3ee9c637ad9fcp-86,0x1.c4029ff48ecdep-256,0x1.3ee9c637ad9fdp-86,1.61010009919892998e-26
28,97,0x1.4fc45ee3536dp-87,0x1.c4029ff48ecdep-256,0x1.4fc45ee3536d1p-87,8.47595254567208851e-27
28,98,0x1.61608af12e531p-88,0x1.c4029ff48ecdep-256,0x1.61608af12e532p-88,4.46024631739721805e-27
28,99,0x1.73c540de18367p-89,0x1.c4029ff48ecdep-256,0x1.73c540de18368p-89,2.34620183816224826e-27
28,100,0x1.86f9a3c1080fp-90,0x1.c4029ff48ecdep-256,0x1.86f9a3c1080f1p-90,1.23370005857386355e-27
28,101,0x1.9b0503a33f101p-91,0x1.c4029ff48ecdep-256,0x1.9b0503a33f102p-91,6.48474566544766833e-28
28,102,0x1.afeeddd1402bp-92,0x1.c4029ff48ecdep-256,0x1.afeeddd1402b1p-92,3.40735114302733045e-28
28,103,0x1.c5bedd2443dd4p-93,0x1.c4029ff48ecdep-256,0x1.c5bedd2443dd5p-93,1.78971067332062180e-28
28,104,0x1.dc7cda43da545p-94,0x1.c4029ff48ecdep-256,0x1.dc7cda43da546p-94,9.39706306640357369e-29
28,105,0x1.f430dbdf6e3f3p-95,0x1.c4029ff48ecdep-256,0x1.f430dbdf6e3f4p-95,4.93226263315631276e-29
28,106,0x1.06718b6fad7ecp-95,0x1.c4029ff48ecdep-256,0x1.06718b6fad7edp-95,2.58789304630688094e-29
28,107,0x1.134df746a4ab8p-96,0x1.c4029ff48ecdep-256,0x1.134df746a4ab9p-96,1.35735624988067324e-29
28,108,0x1.20b1fa59c34p-97,0x1.c4029ff48ecdep-256,0x1.20b1fa59c3401p-97,7.11688679843942704e-30
28,109,0x1.2ea1f4d984f3p-98,0x1.c4029ff48ecdep-256,0x1.2ea1f4d984f31p-98,3.73023531564523176e-30
28,110,0x1.3d225e47ef865p-99,0x1.c4029ff48ecdep-256,0x1.3d225e47ef866p-99,1.95449072195527710e-30
28,111,0x1.4c37c579d4de4p-100,0x1.c4029ff48ecdep-256,0x1.4c37c579d4de5p-100,1.02372531014928295e-30
28,112,0x1.5be6d092fde64p-101,0x1.c4029ff48ecdep-256,0x1.5be6d092fde65p-101,5.36027318264988894e-31
28,113,0x1.6c343cfd1a81fp-102,0x1.c4029ff48ecdep-256,0x1.6c343cfd1a82p-102,2.80572598629318367e-31
28,114,0x1.7d24df59536a6p-103,0x1.c4029ff48ecdep-256,0x1.7d24df59536a7p-103,1.46811341269015205e-31
28,115,0x1.8ebda36c5b947p-104,0x1.c4029ff48ecdep-256,0x1.8ebda36c5b948p-104,7.67946798411212018e-32
28,116,0x1.a1038c04df7c1p-105,0x1.c4029ff48ecdep-256,0x1.a1038c04df7c2p-105,4.01569735545316289e-32
28,117,0x1.b3fbb2dc31886p-106,0x1.c4029ff48ecdep-256,0x1.b3fbb2dc31887p-106,2.09918274040110618e-32
28,118,0x1.c7ab4871139cap-107,0x1.c4029ff48ecdep-256,0x1.c7ab4871139cbp-107,1.09698339323015237e-32
28,119,0x1.dc1793dc7ee4bp-108,0x1.c4029ff48ecdep-256,0x1.dc1793dc7ee4cp-108,5.73075019718854413e-33
28,120,0x1.f145f2a04be63p-109,0x1.c4029ff48ecdep-256,0x1.f145f2a04be64p-109,2.99285440877417351e-33
28,121,0x1.039dec37cefb3p-109,0x1.c4029ff48ecdep-256,0x1.039dec37cefb4p-109,1.56251229419741945e-33
28,122,0x1.0eff67787b2aep-110,0x1.c4029ff48ecdep-256,0x1.0eff67787b2afp-110,8.15503957021255879e-34
28,123,0x1.1aca3abcea32dp-111,0x1.c4029ff48ecdep-256,0x1.1aca3abcea32ep-111,4.25495038724306404e-34
28,124,0x1.27014061e4d05p-112,0x1.c4029ff48ecdep-256,0x1.27014061e4d06p-112,2.21937011244804217e-34
28,125,0x1.33a75d4d74addp-113,0x1.c4029ff48ecdep-256,0x1.33a75d4d74adep-113,1.15726485000955703e-34
28,126,0x1.40bf80c2bed53p-114,0x1.c4029ff48ecdep-256,0x1.40bf80c2bed54p-114,6.03260049253870672e-35
28,127,0x1.4e4ca43276129p-115,0x1.c4029ff48ecdep-256,0x1.4e4ca4327612ap-115,3.14373626561073863e-35
28,128,0x1.5c51cb07db6dp-116,0x1.c4029ff48ecdep-256,0x1.5c51cb07db6d1p-116,1.63779043812014014e-35
28,129,0x1.6ad2027243956p-117,0x1.c4029ff48ecdep-256,0x1.6ad2027243957p-117,8.52986543172931976e-36
28,130,0x1.79d0612b18f67p-118,0x1.c4029ff48ecdep-256,0x1.79d0612b18f68p-118,4.44118202291842625e-36
28,131,0x1.8950073852e86p-119,0x1.c4029ff48ecdep-256,0x1.8950073852e87p-119,2.31168375680230116e-36
28,132,0x1.99541dab5b597p-120,0x1.c4029ff48ecdep-256,0x1.99541dab5b598p-120,1.20290857684568140e-36
28,133,0x1.a9dfd65c5d1d4p-121,0x1.c4029ff48ecdep-256,0x1.a9dfd65c5d1d5p-121,6.25766137237306023e-37
28,134,0x1.baf66ba1f5fc6p-122,0x1.c4029ff48ecdep-256,0x1.baf66ba1f5fc7p-122,3.25437506395217470e-37
28,135,0x1.cc9b2005487d5p-123,0x1.c4029ff48ecdep-256,0x1.cc9b2005487d6p-123,1.69199906504841278e-37
28,136,0x1.ded13df26a566p-124,0x1.c4029ff48ecdep-256,0x1.ded13df26a567p-124,8.79448580854000732e-38
28,137,0x1.f19c17652d6adp-125,0x1.c4029ff48ecdep-256,0x1.f19c17652d6aep-125,4.56982366296847442e-38
28,138,0x1.027f82c92114ep-125,0x1.c4029ff48ecdep-256,0x1.027f82c92114fp-125,2.37393002941798294e-38
28,139,0x1.0c7eb44659944p-126,0x1.c4029ff48ecdep-256,0x1.0c7eb44659945p-126,1.23286829362067148e-38
28,140,0x1.16cd5373dd697p-127,0x1.c4029ff48ecdep-256,0x1.16cd5373dd698p-127,6.40098125433141662e-39
28,141,0x1.216d16aa7a871p-128,0x1.c4029ff48ecdep-256,0x1.216d16aa7a872p-128,3.32244899796798263e-39
28,142,0x1.2c5fb71f77debp-129,0x1.c4029ff48ecdep-256,0x1.2c5fb71f77decp-129,1.72406156474501734e-39
28,143,0x1.37a6f0b00f122p-130,0x1.c4029ff48ecdep-256,0x1.37a6f0b00f123p-130,8.94397692500674915e-40
28,144,0x1.434481ab1a137p-131,0x1.c4029ff48ecdep-256,0x1.434481ab1a138p-131,4.63866261980955829e-40
28,145,0x1.4f3a2a98f7c86p-132,0x1.c4029ff48ecdep-256,0x1.4f3a2a98f7c87p-132,2.40513729565468282e-40
28,146,0x1.5b89ae01ab4a9p-133,0x1.c4029ff48ecdep-256,0x1.5b89ae01ab4aap-133,1.24673075553253673e-40
28,147,0x1.6834d03139ee2p-134,0x1.c4029ff48ecdep-256,0x1.6834d03139ee3p-134,6.46088367999423183e-41
28,148,0x1.753d56fa4cc0ep-135,0x1.c4029ff48ecdep-256,0x1.753d56fa4cc0fp-135,3.34732857671037477e-41
28,149,0x1.82a509771acc2p-136,0x1.c4029ff48ecdep-256,0x1.82a509771acc3p-136,1.73377468885555125e-41
28,150,0x1.906dafc8a1e76p-137,0x1.c4029ff48ecdep-256,0x1.906dafc8a1e77p-137,8.97791665551819774e-42
28,151,0x1.9e9912d434872p-138,0x1.c4029ff48ecdep-256,0x1.9e9912d434873p-138,4.64780369294492751e-42
28,152,0x1.ad28fbff6373p-139,0x1.c4029ff48ecdep-256,0x1.ad28fbff63731p-139,2.40552552929190331e-42
28,153,0x1.bc1f34ea4aefep-140,0x1.c4029ff48ecdep-256,0x1.bc1f34ea4aeffp-140,1.24469467617058775e-42
28,154,0x1.cb7d87284b6bp-141,0x1.c4029ff48ecdep-256,0x1.cb7d87284b6b1p-141,6.43883112842323765e-43
28,155,0x1.db45bbf73651p-142,0x1.c4029ff48ecdep-256,0x1.db45bbf736511p-142,3.32999241692565598e-43
28,156,0x1.eb799bf4f83f6p-143,0x1.c4029ff48ecdep-256,0x1.eb799bf4f83f7p-143,1.72175803287457441e-43
28,157,0x1.fc1aeed3ca571p-144,0x1.c4029ff48ecdep-256,0x1.fc1aeed3ca572p-144,8.90008807357321248e-44
28,158,0x1.0695bd867a7edp-144,0x1.c4029ff48ecdep-256,0x1.0695bd867a7eep-144,4.59949812002907582e-44
28,159,0x1.0f5682c91776fp-145,0x1.c4029ff48ecdep-256,0x1.0f5682c91777p-145,2.37640893128838837e-44
28,160,0x1.1850a8bed1fefp-146,0x1.c4029ff48ecdep-256,0x1.1850a8bed1ffp-146,1.22751588723398606e-44
28,161,0x1.21850fe057c83p-147,0x1.c4029ff48ecdep-256,0x1.21850fe057c84p-147,6.33911896878788056e-45
28,162,0x1.2af49768ab94cp-148,0x1.c4029ff48ecdep-256,0x1.2af49768ab94dp-148,3.27285775320188429e-45
28,163,0x1.34a01d2b49191p-149,0x1.c4029ff48ecdep-256,0x1.34a01d2b49192p-149,1.68936079003529833e-45
28,164,0x1.3e887d69b6352p-150,0x1.c4029ff48ecdep-256,0x1.3e887d69b6353p-150,8.71796939567640121e-46
28,165,0x1.48ae92a8888a4p-151,0x1.c4029ff48ecdep-256,0x1.48ae92a8888a5p-151,4.49786598842046128e-46
28,166,0x1.53133583e6b5bp-152,0x1.c4029ff48ecdep-256,0x1.53133583e6b5cp-152,2.32004553855298996e-46
28,167,0x1.5db73c838cb0dp-153,0x1.c4029ff48ecdep-256,0x1.5db73c838cb0ep-153,1.19642618997329659e-46
28,168,0x1.689b7bee5b1afp-154,0x1.c4029ff48ecdep-256,0x1.689b7bee5b1bp-154,6.16843920282461695e-47
28,169,0x1.73c0c59d79676p-155,0x1.c4029ff48ecdep-256,0x1.73c0c59d79677p-155,3.17954668910397724e-47
28,170,0x1.7f27e8cf132dp-156,0x1.c4029ff48ecdep-256,0x1.7f27e8cf132d1p-156,1.63853689223124555e-47
28,171,0x1.8ad1b1f8b8fdcp-157,0x1.c4029ff48ecdep-256,0x1.8ad1b1f8b8fddp-157,8.44206892665833101e-48
28,172,0x1.96beea996d791p-158,0x1.c4029ff48ecdep-256,0x1.96beea996d792p-158,4.34854293022367591e-48
28,173,0x1.a2f0590b676d8p-159,0x1.c4029ff48ecdep-256,0x1.a2f0590b676d9p-159,2.23944999450324806e-48
28,174,0x1.af66c055921cap-160,0x1.c4029ff48ecdep-256,0x1.af66c055921cbp-160,1.15303436373648229e-48
28,175,0x1.bc22dffcd4debp-161,0x1.c4029ff48ecdep-256,0x1.bc22dffcd4decp-161,5.93535821382740910e-49
28,176,0x1.c92573d52b995p-162,0x1.c4029ff48ecdep-256,0x1.c92573d52b996p-162,3.05461123639803701e-49
28,177,0x1.d66f33d299a3fp-163,0x1.c4029ff48ecdep-256,0x1.d66f33d299a4p-163,1.57170052663523575e-49
28,178,0x1.e400d3da00e43p-164,0x1.c4029ff48ecdep-256,0x1.e400d3da00e44p-164,8.08516724787405234e-50
28,179,0x1.f1db0391e70a9p-165,0x1.c4029ff48ecdep-256,0x1.f1db0391e70aap-165,4.15828335373274027e-50
28,180,0x1.fffe6e33330b5p-166,0x1.c4029ff48ecdep-256,0x1.fffe6e33330b6p-166,2.13818616390040954e-50
28,181,0x1.0735dd2cf6869p-166,0x1.c4029ff48ecdep-256,0x1.0735dd2cf686ap-166,1.09921794502023124e-50
28,182,0x1.0e91c4eb058dfp-167,0x1.c4029ff48ecdep-256,0x1.0e91c4eb058ep-167,5.64975291641061237e-51
28,183,0x1.16133cbe2a95bp-168,0x1.c4029ff48ecdep-256,0x1.16133cbe2a95cp-168,2.90323998416359392e-51
28,184,0x1.1dba907bb573bp-169,0x1.c4029ff48ecdep-256,0x1.1dba907bb573cp-169,1.49157376067953472e-51
28,185,0x1.2588094c7b088p-170,0x1.c4029ff48ecdep-256,0x1.2588094c7b089p-170,7.66152681193055230e-52
28,186,0x1.2d7bed958a0edp-171,0x1.c4029ff48ecdep-256,0x1.2d7bed958a0eep-171,3.93455101116835678e-52
28,187,0x1.359680e100fc1p-172,0x1.c4029ff48ecdep-256,0x1.359680e100fc2p-172,2.02015533344619967e-52
28,188,0x1.3dd803c70a609p-173,0x1.c4029ff48ecdep-256,0x1.3dd803c70a60ap-173,1.03701380905982912e-52
28,189,0x1.4640b3d705452p-174,0x1.c4029ff48ecdep-256,0x1.4640b3d705453p-174,5.32224622257512321e-53
28,190,0x1.4ed0cb80df04bp-175,0x1.c4029ff48ecdep-256,0x1.4ed0cb80df04cp-175,2.73096720583541345e-53
28,191,0x1.578881fea424bp-176,0x1.c4029ff48ecdep-256,0x1.578881fea424cp-176,1.40103683991587561e-53
28,192,0x1.60680b3e4dafdp-177,0x1.c4029ff48ecdep-256,0x1.60680b3e4dafep-177,7.18612249112033533e-54
28,193,0x1.696f97cbd09e3p-178,0x1.c4029ff48ecdep-256,0x1.696f97cbd09e4p-178,3.68512399727813736e-54
28,194,0x1.729f54bb74cc7p-179,0x1.c4029ff48ecdep-256,0x1.729f54bb74cc8p-179,1.88939368408035229e-54
28,195,0x1.7bf76b947908bp-180,0x1.c4029ff48ecdep-256,0x1.7bf76b947908cp-180,9.68514454747331792e-55
28,196,0x1.8578023c09af5p-181,0x1.c4029ff48ecdep-256,0x1.8578023c09af6p-181,4.96367655665685734e-55
28,197,0x1.8f213ae08f5ap-182,0x1.c4029ff48ecdep-256,0x1.8f213ae08f5a1p-182,2.54340185308464263e-55
28,198,0x1.98f333e55b0c7p-183,0x1.c4029ff48ecdep-256,0x1.98f333e55b0c8p-183,1.30298990794901540e-55
28,199,0x1.a2ee07ceb54e6p-184,0x1.c4029ff48ecdep-256,0x1.a2ee07ceb54e7p-184,6.67393686278189844e-56
28,200,0x1.ad11cd2e5591bp-185,0x1.c4029ff48ecdep-256,0x1.ad11cd2e5591cp-185,3.41773604404599618e-56
28,201,0x1.b75e9690473f4p-186,0x1.c4029ff48ecdep-256,0x1.b75e9690473f5p-186,1.74988993105331131e-56
28,202,0x1.c1d4726841a5ep-187,0x1.c4029ff48ecdep-256,0x1.c1d4726841a5fp-187,8.95775410529511602e-57
28,203,0x1.cc736aff7811ep-188,0x1.c4029ff48ecdep-256,0x1.cc736aff7811fp-188,4.58462829283362365e-57
28,204,0x1.d73b8662e7306p-189,0x1.c4029ff48ecdep-256,0x1.d73b8662e7307p-189,2.34598973373671116e-57
28,205,0x1.e22cc65224d5dp-190,0x1.c4029ff48ecdep-256,0x1.e22cc65224d5ep-190,1.20023271054918038e-57
28,206,0x1.ed47282eb72edp-191,0x1.c4029ff48ecdep-256,0x1.ed47282eb72eep-191,6.13935252386774870e-58
28,207,0x1.f88aa4ebf842fp-192,0x1.c4029ff48ecdep-256,0x1.f88aa4ebf843p-192,3.13976995447239359e-58
28,208,0x1.01fb987fc556dp-192,0x1.c4029ff48ecdep-256,0x1.01fb987fc556ep-192,1.60543087907684721e-58
28,209,0x1.07c65e2932235p-193,0x1.c4029ff48ecdep-256,0x1.07c65e2932236p-193,8.20737536285261438e-59
28,210,0x1.0da5991939b05p-194,0x1.c4029ff48ecdep-256,0x1.0da5991939b06p-194,4.19504143783927122e-59
28,211,0x1.13993ca2719aap-195,0x1.c4029ff48ecdep-256,0x1.13993ca2719abp-195,2.14381772872607806e-59
28,212,0x1.19a139bc81f01p-196,0x1.c4029ff48ecdep-256,0x1.19a139bc81f02p-196,1.09536654292252011e-59
28,213,0x1.1fbd7efded29dp-197,0x1.c4029ff48ecdep-256,0x1.1fbd7efded29ep-197,5.59566180889424912e-60
28,214,0x1.25edf8962e328p-198,0x1.c4029ff48ecdep-256,0x1.25edf8962e329p-198,2.85801286248290566e-60
28,215,0x1.2c3290482e895p-199,0x1.c4029ff48ecdep-256,0x1.2c3290482e896p-199,1.45947946595395724e-60
28,216,0x1.328b2d65167abp-200,0x1.c4029ff48ecdep-256,0x1.328b2d65167acp-200,7.45166362637968350e-61
28,217,0x1.38f7b4c779574p-201,0x1.c4029ff48ecdep-256,0x1.38f7b4c779575p-201,3.80391048847779675e-61
28,218,0x1.3f7808cedf7e7p-202,0x1.c4029ff48ecdep-256,0x1.3f7808cedf7e8p-202,1.94146459807430721e-61
28,219,0x1.460c095bb0036p-203,0x1.c4029ff48ecdep-256,0x1.460c095bb0037p-203,9.90720494645401566e-62
28,220,0x1.4cb393cb7b9d5p-204,0x1.c4029ff48ecdep-256,0x1.4cb393cb7b9d7p-204,5.05470301556224115e-62
28,221,0x1.536e82f5aa7e2p-205,0x1.c4029ff48ecdep-256,0x1.536e82f5aa7e6p-205,2.57847725394626820e-62
28,222,0x1.5a3caf288e9a5p-206,0x1.c4029ff48ecdep-256,0x1.5a3caf288e9adp-206,1.31508693703168009e-62
28,223,0x1.611dee26dbdap-207,0x1.c4029ff48ecdep-256,0x1.611dee26dbdafp-207,6.70609118011229446e-63
28,224,0x1.681213258789ap-208,0x1.c4029ff48ecdep-256,0x1.68121325878b7p-208,3.41907481974801931e-63
28,225,0x1.6f18eeca1062dp-209,0x1.c4029ff48ecdep-256,0x1.6f18eeca10666p-209,1.74289908528007477e-63
28,226,0x1.76324f29304ffp-210,0x1.c4029ff48ecdep-256,0x1.76324f2930571p-210,8.88302102419978712e-64
28,227,0x1.7d5dffc5f91b2p-211,0x1.c4029ff48ecdep-256,0x1.7d5dffc5f9295p-211,4.52662241509271701e-64
28,228,0x1.849bc9915cfc7p-212,0x1.c4029ff48ecdep-256,0x1.849bc9915d18cp-212,2.30628672514075014e-64
28,229,0x1.8beb72ea2403bp-213,0x1.c4029ff48ecdep-256,0x1.8beb72ea243c4p-213,1.17483829503352923e-64
28,230,0x1.934cbf9d4f323p-214,0x1.c4029ff48ecdep-256,0x1.934cbf9d4fa34p-214,5.98368837719672644e-65
28,231,0x1.9abf70e6ea015p-215,0x1.c4029ff48ecdep-256,0x1.9abf70e6eae36p-215,3.04709665467260248e-65
28,232,0x1.a24345734affap-216,0x1.c4029ff48ecdep-256,0x1.a24345734cc3bp-216,1.55142287053737037e-65
28,233,0x1.a9d7f960c412ep-217,0x1.c4029ff48ecdep-256,0x1.a9d7f960c79afp-217,7.89770940971233590e-66
28,234,0x1.b17d4641c2d36p-218,0x1.c4029ff48ecdep-256,0x1.b17d4641c9e37p-218,4.01975343866988629e-66
28,235,0x1.b932e31f615b5p-219,0x1.c4029ff48ecdep-256,0x1.b932e31f6f7b7p-219,2.04562152684261664e-66
28,236,0x1.c0f8847c67c13p-220,0x1.c4029ff48ecdep-256,0x1.c0f8847c84016p-220,1.04082821714396174e-66
28,237,0x1.c8cddc58be65cp-221,0x1.c4029ff48ecdep-256,0x1.c8cddc58f6e62p-221,5.29493980837137280e-67
28,238,0x1.d0b29a3550fcbp-222,0x1.c4029ff48ecdep-256,0x1.d0b29a35c1fd6p-222,2.69321787390127040e-67
28,239,0x1.d8a66b186216fp-223,0x1.c4029ff48ecdep-256,0x1.d8a66b1944184p-223,1.36965355707745224e-67
28,240,0x1.e0a8f9924e9d1p-224,0x1.c4029ff48ecdep-256,0x1.e0a8f994129fbp-224,6.96432517384264274e-68
28,241,0x1.e8b9edc2c0219p-225,0x1.c4029ff48ecdep-256,0x1.e8b9edc64826dp-225,3.54059871114209449e-68
28,242,0x1.f0d8ed5e4c142p-226,0x1.c4029ff48ecdep-256,0x1.f0d8ed655c1eap-226,1.79971614215280519e-68
28,243,0x1.f9059bb47c2e7p-227,0x1.c4029ff48ecdep-256,0x1.f9059bc29c437p-227,9.14663265256106089e-69
28,244,0x1.009fccdb1cb1p-227,0x1.c4029ff48ecdep-256,0x1.009fcce93cc6p-227,4.64781316840801786e-69
28,245,0x1.04c342fe464cfp-228,0x1.c4029ff48ecdep-256,0x1.04c3431a8676fp-228,2.36138371333324570e-69
28,246,0x1.08ecfe67cead5p-229,0x1.c4029ff48ecdep-256,0x1.08ecfea04f015p-229,1.19954133243915822e-69
28,247,0x1.0d1ccc16e03e6p-230,0x1.c4029ff48ecdep-256,0x1.0d1ccc87e0e66p-230,6.09249099724914042e-70
28,248,0x1.115277e91fbf9p-231,0x1.c4029ff48ecdep-256,0x1.115278cb210f9p-231,3.09389715851168771e-70
28,249,0x1.158dcc9d98508p-232,0x1.c4029ff48ecdep-256,0x1.158dce619af08p-232,1.57089957535790268e-70
28,250,0x1.19ce93d68ee23p-233,0x1.c4029ff48ecdep-256,0x1.19ce975e94222p-233,7.97485540294405948e-71
28,251,0x1.1e1496190877dp-234,0x1.c4029ff48ecdep-256,0x1.1e149d2912f7bp-234,4.04789594952821451e-71
28,252,0x1.225f9ac7b4415p-235,0x1.c4029ff48ecdep-256,0x1.225fa8e7c941p-235,2.05432092023280957e-71
28,253,0x1.26af6814cf6e2p-236,0x1.c4029ff48ecdep-256,0x1.26af8454f96d7p-236,1.04241341415981297e-71
28,254,0x1.2b03c2e295d19p-237,0x1.c4029ff48ecdep-256,0x1.2b03fb62e9d03p-237,5.28865019931801316e-72
28,255,0x1.2f5c6e82334bep-238,0x1.c4029ff48ecdep-256,0x1.2f5cdf82db491p-238,2.68276956058014776e-72
28,256,0x1.33b92c32b8fbfp-239,0x1.c4029ff48ecdep-256,0x1.33ba0e3408f64p-239,1.36068113116147976e-72
28,257,0x1.3819ba26519bcp-240,0x1.c4029ff48ecdep-256,0x1.381b7e28f1905p-240,6.90025487393147030e-73
28,258,0x1.3c7dd1a095dc5p-241,0x1.c4029ff48ecdep-256,0x1.3c8159a5d5c57p-241,3.49874290723912422e-73
28,259,0x1.40e5236095bc2p-242,0x1.c4029ff48ecdep-256,0x1.40ec336b158e6p-242,1.77378699602582358e-73
28,260,0x1.454f50d56687cp-243,0x1.c4029ff48ecdep-256,0x1.455d70ea662c4p-243,8.99170245839684348e-74
28,261,0x1.49bbdf4e1f9c9p-244,0x1.c4029ff48ecdep-256,0x1.49d81f781ee58p-244,4.55774459004632457e-74
28,262,0x1.4e2a1fedae6fdp-245,0x1.c4029ff48ecdep-256,0x1.4e62a041ad01bp-245,2.31024595910354235e-74
28,263,0x1.529902c07ab32p-246,0x1.c4029ff48ecdep-256,0x1.530a036877d6ep-246,1.17119957584767627e-74
28,264,0x1.5706c34a1af5cp-247,0x1.c4029ff48ecdep-256,0x1.57e8c49a153d3p-247,5.94011649970100660e-75
28,265,0x1.5b704e6c36918p-248,0x1.c4029ff48ecdep-256,0x1.5d34510c2b205p-248,3.01578772770491805e-75
28,266,0x1.5fd027d205dcdp-249,0x1.c4029ff48ecdep-256,0x1.63582d11eefa7p-249,1.53440722960853080e-75
28,267,0x1.641c6809bffaep-250,0x1.c4029ff48ecdep-256,0x1.6b2c728992362p-250,7.84107155104323777e-76
28,268,0x1.68431f436e9fp-251,0x1.c4029ff48ecdep-256,0x1.7663344313157p-251,4.04159211858676198e-76
28,269,0x1.6c23e7edca8b7p-252,0x1.c4029ff48ecdep-256,0x1.886411ed13785p-252,2.11797121199511463e-76
28,270,0x1.6f84a635c970ep-253,0x1.c4029ff48ecdep-256,0x1.a804fa345b4aap-253,1.14434480587911115e-76
28,271,0x1.71fe3b98f3271p-254,0x1.c4029ff48ecdep-256,0x1.e2fee39616da9p-254,6.51754989498400215e-77
28,272,0x1.72dc5738327c3p-255,0x1.c4029ff48ecdep-256,0x1.2a6ed3993cf19p-254,4.02705776097095513e-77
28,273,0x1.70e9e8e199291p-256,0x1.c4029ff48ecdep-256,0x1.9a76446b13fb8p-255,2.76938973243701879e-77
28,274,0x1.6a23abf3f2754p-257,0x1.c4029ff48ecdep-256,0x1.3c8a3af744044p-255,2.13569724093478265e-77
28,275,0x1.5b5086cd9d25dp-258,0x1.c4029ff48ecdep-256,0x1.0d6b60d3fb0bbp-255,1.81777480441559257e-77
28,276,0x1.3f98dd0198569p-259,0x1.c4029ff48ecdep-256,0x1.ebf5bb94c1d8cp-256,1.65962834480476162e-77
28,277,0x1.10825a7912c6fp-260,0x1.c4029ff48ecdep-256,0x1.d50ac59c1ffa5p-256,1.58231501687582473e-77
28,278,0x1.8f028bfcfdef1p-262,0x1.c4029ff48ecdep-256,0x1.ca3eaa2482c5ap-256,1.54589030908983630e-77
28,279,0x1.913c3389bafffp-264,0x1.c4029ff48ecdep-256,0x1.c593dc281888ep-256,1.53014547541179170e-77
28,280,0x0p+0,0x1.c4029ff48ecdep-256,0x1.c4029ff48ecdep-256,1.52485809979511276e-77
29,0,0x1.292dfc93b8d7bp-1,0x1.1120f530a7eb3p-243,0x1.292dfc93b8d7cp-1,5.80428975136257020e-01
29,1,0x1.5a3a0f5ca891dp-2,0x1.1120f530a7eb3p-243,0x1.5a3a0f5ca891ep-2,3.38112106352257303e-01
29,2,0x1.974c518af3ceep-3,0x1.1120f530a7eb3p-243,0x1.974c518af3cefp-3,1.98876034787168505e-01
29,3,0x1.e1503e4b63a26p-4,0x1.1120f530a7eb3p-243,0x1.e1503e4b63a27p-4,1.17508166635368214e-01
29,4,0x1.1c8dde1b94c48p-4,0x1.1120f530a7eb3p-243,0x1.1c8dde1b94c49p-4,6.94712329944177226e-02
29,5,0x1.4ff4edc53415dp-5,0x1.1120f530a7eb3p-243,0x1.4ff4edc53415ep-5,4.10103458358459378e-02
29,6,0x1.8bb6a482e447ap-6,0x1.1120f530a7eb3p-243,0x1.8bb6a482e447bp-6,2.41524321132300206e-02
29,7,0x1.d0e26f810aec1p-7,0x1.1120f530a7eb3p-243,0x1.d0e26f810aec2p-7,1.41871494725686089e-02
29,8,0x1.105c77d095edap-7,0x1.1120f530a7eb3p-243,0x1.105c77d095edbp-7,8.31180429774696327e-03
29,9,0x1.3e55793d9b9b1p-8,0x1.1120f530a7eb3p-243,0x1.3e55793d9b9b2p-8,4.85738954522079055e-03
29,10,0x1.732db822b31fbp-9,0x1.1120f530a7eb3p-243,0x1.732db822b31fcp-9,2.83186791180001056e-03
29,11,0x1.afd1b9dd5535fp-10,0x1.1120f530a7eb3p-243,0x1.afd1b9dd5536p-10,1.64725968291642295e-03
29,12,0x1.f54ba2919d03p-11,0x1.1120f530a7eb3p-243,0x1.f54ba2919d031p-11,9.56145189958684567e-04
29,13,0x1.226322f155e9fp-11,0x1.1120f530a7eb3p-243,0x1.226322f155eap-11,5.53869727961637387e-04
29,14,0x1.4fc8522dcd962p-12,0x1.1120f530a7eb3p-243,0x1.4fc8522dcd963p-12,3.20227149916438119e-04
29,15,0x1.8390e94d0c5abp-13,0x1.1120f530a7eb3p-243,0x1.8390e94d0c5acp-13,1.84805898614065988e-04
29,16,0x1.be8ea694bb81ap-14,0x1.1120f530a7eb3p-243,0x1.be8ea694bb81bp-14,1.06467540102989455e-04
29,17,0x1.00d5efd2cc65fp-14,0x1.1120f530a7eb3p-243,0x1.00d5efd2cc66p-14,6.12344004309538747e-05
29,18,0x1.26f711424dfc4p-15,0x1.1120f530a7eb3p-243,0x1.26f711424dfc5p-15,3.51625808598373001e-05
29,19,0x1.523c8c9f455dap-16,0x1.1120f530a7eb3p-243,0x1.523c8c9f455dbp-16,2.01604676678036328e-05
29,20,0x1.8348dae05ed23p-17,0x1.1120f530a7eb3p-243,0x1.8348dae05ed24p-17,1.15419802006940054e-05
29,21,0x1.bad0d60c41368p-18,0x1.1120f530a7eb3p-243,0x1.bad0d60c41369p-18,6.59846911000160469e-06
29,22,0x1.f99da0eea1f03p-19,0x1.1120f530a7eb3p-243,0x1.f99da0eea1f04p-19,3.76713079869642628e-06
29,23,0x1.20475e879e32p-19,0x1.1120f530a7eb3p-243,0x1.20475e879e321p-19,2.14784433066570531e-06
29,24,0x1.484e29723d6a1p-20,0x1.1120f530a7eb3p-243,0x1.484e29723d6a2p-20,1.22303262322984732e-06
29,25,0x1.756cd8467c8a5p-21,0x1.1120f530a7eb3p-243,0x1.756cd8467c8a6p-21,6.95558591000287767e-07
29,26,0x1.a83c01d8a2225p-22,0x1.1120f530a7eb3p-243,0x1.a83c01d8a2226p-22,3.95099076601809042e-07
29,27,0x1.e164a9c57bc6fp-23,0x1.1120f530a7eb3p-243,0x1.e164a9c57bc7p-23,2.24166184433868967e-07
29,28,0x1.10d0f01c07219p-23,0x1.1120f530a7eb3p-243,0x1.10d0f01c0721ap-23,1.27039926024137741e-07
29,29,0x1.34e143aa80303p-24,0x1.1120f530a7eb3p-243,0x1.34e143aa80304p-24,7.19167149512802728e-08
29,30,0x1.5d55a0b37d95ap-25,0x1.1120f530a7eb3p-243,0x1.5d55a0b37d95bp-25,4.06678863049858932e-08
29,31,0x1.8aac459149b17p-26,0x1.1120f530a7eb3p-243,0x1.8aac459149b18p-26,2.29729884604618930e-08
29,32,0x1.bd7082cbcd081p-27,0x1.1120f530a7eb3p-243,0x1.bd7082cbcd082p-27,1.29639955642068144e-08
29,33,0x1.f63bf9d4955e3p-28,0x1.1120f530a7eb3p-243,0x1.f63bf9d4955e4p-28,7.30847067984634110e-09
29,34,0x1.1adbfbcb6cd56p-28,0x1.1120f530a7eb3p-243,0x1.1adbfbcb6cd57p-28,4.11614471276898122e-09
29,35,0x1.3e4f76893186ap-29,0x1.1120f530a7eb3p-243,0x1.3e4f76893186bp-29,2.31601299648520150e-09
29,36,0x1.65df043083662p-30,0x1.1120f530a7eb3p-243,0x1.65df043083663p-30,1.30192768729747678e-09
29,37,0x1.91fb7858df619p-31,0x1.1120f530a7eb3p-243,0x1.91fb7858df61ap-31,7.31201553393304973e-10
29,38,0x1.c320d3f94915cp-32,0x1.1120f530a7eb3p-243,0x1.c320d3f94915dp-32,4.10298739064333142e-10
29,39,0x1.f9d74a89c7d55p-33,0x1.1120f530a7eb3p-243,0x1.f9d74a89c7d56p-33,2.30029846130834959e-10
29,40,0x1.1b5a2e804f09ap-33,0x1.1120f530a7eb3p-243,0x1.1b5a2e804f09bp-33,1.28853695083350357e-10
29,41,0x1.3d2e062b0ecccp-34,0x1.1120f530a7eb3p-243,0x1.3d2e062b0eccdp-34,7.21183327230346562e-11
29,42,0x1.62c112abb0b7ep-35,0x1.1120f530a7eb3p-243,0x1.62c112abb0b7fp-35,4.03308821593944760e-11
29,43,0x1.8c75d3d7b523ap-36,0x1.1120f530a7eb3p-243,0x1.8c75d3d7b523bp-36,2.25361568318286128e-11
29,44,0x1.bab825179a101p-37,0x1.1120f530a7eb3p-243,0x1.bab825179a102p-37,1.25828397580668459e-11
29,45,0x1.edfe0f403aba7p-38,0x1.1120f530a7eb3p-243,0x1.edfe0f403aba8p-38,7.02005451401826976e-12
29,46,0x1.136455a4fb16bp-38,0x1.1120f530a7eb3p-243,0x1.136455a4fb16cp-38,3.91355473298479579e-12
29,47,0x1.32d28b90e2252p-39,0x1.1120f530a7eb3p-243,0x1.32d28b90e2253p-39,2.18010457407588435e-12
29,48,0x1.5596bef29ffap-40,0x1.1120f530a7eb3p-243,0x1.5596bef29ffa1p-40,1.21356738394060462e-12
29,49,0x1.7c051a78629c4p-41,0x1.1120f530a7eb3p-243,0x1.7c051a78629c5p-41,6.75051010919305424e-13
29,50,0x1.a679779f11bd6p-42,0x1.1120f530a7eb3p-243,0x1.a679779f11bd7p-42,3.75232717366429265e-13
29,51,0x1.d55804558f19ep-43,0x1.1120f530a7eb3p-243,0x1.d55804558f19fp-43,2.08430524455347234e-13
29,52,0x1.0486fab647078p-43,0x1.1120f530a7eb3p-243,0x1.0486fab647079p-43,1.15697346397535851e-13
29,53,0x1.2109235cc19a6p-44,0x1.1120f530a7eb3p-243,0x1.2109235cc19a7p-44,6.41788168912074755e-14
29,54,0x1.407344f0e2a28p-45,0x1.1120f530a7eb3p-243,0x1.407344f0e2a29p-45,3.55771268784653229e-14
29,55,0x1.630be269312e9p-46,0x1.1120f530a7eb3p-243,0x1.630be269312eap-46,1.97090357093735976e-14
29,56,0x1.891fb07cb8ddfp-47,0x1.1120f530a7eb3p-243,0x1.891fb07cb8dep-47,1.09113769889116946e-14
29,57,0x1.b30216336a82ep-48,0x1.1120f530a7eb3p-243,0x1.b30216336a82fp-48,6.03695081782811552e-15
29,58,0x1.e10db7063bcf6p-49,0x1.1120f530a7eb3p-243,0x1.e10db7063bcf7p-49,3.33797971194227368e-15
29,59,0x1.09d2839a4c898p-49,0x1.1120f530a7eb3p-243,0x1.09d2839a4c899p-49,1.84451287992203564e-15
29,60,0x1.2599757f65cd3p-50,0x1.1120f530a7eb3p-243,0x1.2599757f65cd4p-50,1.01862771385093354e-15
29,61,0x1.4415b0bfc8577p-51,0x1.1120f530a7eb3p-243,0x1.4415b0bfc8578p-51,5.62197386262688652e-16
29,62,0x1.65861df523633p-52,0x1.1120f530a7eb3p-243,0x1.65861df523634p-52,3.10102546606742214e-16
29,63,0x1.8a2ef0ff6b5f2p-53,0x1.1120f530a7eb3p-243,0x1.8a2ef0ff6b5f3p-53,1.70949784204076287e-16
29,64,0x1.b25a12486e54fp-54,0x1.1120f530a7eb3p-243,0x1.b25a12486e55p-54,9.41850420301473090e-17
29,65,0x1.de578f864aea9p-55,0x1.1120f530a7eb3p-243,0x1.de578f864aeaap-55,5.18619472195137264e-17
29,66,0x1.073f0a3c71d7ap-55,0x1.1120f530a7eb3p-243,0x1.073f0a3c71d7bp-55,2.85412156084342298e-17
29,67,0x1.2195b612cc6aep-56,0x1.1120f530a7eb3p-243,0x1.2195b612cc6afp-56,1.56984239773134977e-17
29,68,0x1.3e62858e102afp-57,0x1.1120f530a7eb3p-243,0x1.3e62858e102bp-57,8.62983866188976745e-18
29,69,0x1.5ddc51aba1ddbp-58,0x1.1120f530a7eb3p-243,0x1.5ddc51aba1ddcp-58,4.74149556954362358e-18
29,70,0x1.803e612a4fdbbp-59,0x1.1120f530a7eb3p-243,0x1.803e612a4fdbcp-59,2.60373638695510230e-18
29,71,0x1.a5c8bd03a019cp-60,0x1.1120f530a7eb3p-243,0x1.a5c8bd03a019dp-60,1.42906023293953971e-18
29,72,0x1.cec08aa9103b6p-61,0x1.1120f530a7eb3p-243,0x1.cec08aa9103b7p-61,7.83932576971288166e-19
29,73,0x1.fb706c609b435p-62,0x1.1120f530a7eb3p-243,0x1.fb706c609b436p-62,4.29817681917019378e-19
29,74,0x1.1614741071fbdp-62,0x1.1120f530a7eb3p-243,0x1.1614741071fbep-62,2.35542833880832914e-19
29,75,0x1.30a06aa956599p-63,0x1.1120f530a7eb3p-243,0x1.30a06aa95659ap-63,1.29014395062289944e-19
29,76,0x1.4d8ae8f167c7ap-64,0x1.1120f530a7eb3p-243,0x1.4d8ae8f167c7bp-64,7.06303964628473483e-20
29,77,0x1.6d065f8adba1ep-65,0x1.1120f530a7eb3p-243,0x1.6d065f8adba1fp-65,3.86485141174096321e-20
29,78,0x1.8f492349b61fbp-66,0x1.1120f530a7eb3p-243,0x1.8f492349b61fcp-66,2.11380086737002869e-20
29,79,0x1.b48db414d2985p-67,0x1.1120f530a7eb3p-243,0x1.b48db414d2986p-67,1.15554756989094439e-20
29,80,0x1.dd130863f8995p-68,0x1.1120f530a7eb3p-243,0x1.dd130863f8996p-68,6.31402640643253264e-21
29,81,0x1.048e6ed041bb8p-68,0x1.1120f530a7eb3p-243,0x1.048e6ed041bb9p-68,3.44843495476571698e-21
29,82,0x1.1c7a06d8e28d7p-69,0x1.1120f530a7eb3p-243,0x1.1c7a06d8e28d8p-69,1.88250866919705003e-21
29,83,0x1.367375010cfdfp-70,0x1.1120f530a7eb3p-243,0x1.367375010cfep-70,1.02719620692661788e-21
29,84,0x1.52a4ce26ce7a6p-71,0x1.1120f530a7eb3p-243,0x1.52a4ce26ce7a7p-71,5.60239123243389329e-22
29,85,0x1.713b46c7c7cb8p-72,0x1.1120f530a7eb3p-243,0x1.713b46c7c7cb9p-72,3.05421178688017049e-22
29,86,0x1.926769b3f034p-73,0x1.1120f530a7eb3p-243,0x1.926769b3f0341p-73,1.66430375676931322e-22
29,87,0x1.b65d522b5edbcp-74,0x1.1120f530a7eb3p-243,0x1.b65d522b5edbdp-74,9.06516611572426485e-23
29,88,0x1.dd54e9986d96ep-75,0x1.1120f530a7eb3p-243,0x1.dd54e9986d96fp-75,4.93549399018784520e-23
29,89,0x1.03c5148cfee97p-75,0x1.1120f530a7eb3p-243,0x1.03c5148cfee98p-75,2.68595724211380929e-23
29,90,0x1.1a9eaf8a1c81ap-76,0x1.1120f530a7eb3p-243,0x1.1a9eaf8a1c81bp-76,1.46111046183883733e-23
29,91,0x1.3359bc806924p-77,0x1.1120f530a7eb3p-243,0x1.3359bc8069241p-77,7.94482505588599770e-24
29,92,0x1.4e1b28dd4c0ddp-78,0x1.1120f530a7eb3p-243,0x1.4e1b28dd4c0dep-78,4.31822003249546167e-24
29,93,0x1.6b0a824185ce8p-79,0x1.1120f530a7eb3p-243,0x1.6b0a824185ce9p-79,2.34609779812990199e-24
29,94,0x1.8a522281dc3ccp-80,0x1.1120f530a7eb3p-243,0x1.8a522281dc3cdp-80,1.27411934835465232e-24
29,95,0x1.ac1f5e4816c4ep-81,0x1.1120f530a7eb3p-243,0x1.ac1f5e4816c4fp-81,6.91669255031363124e-25
29,96,0x1.d0a2b6785dfb8p-82,0x1.1120f530a7eb3p-243,0x1.d0a2b6785dfb9p-82,3.75329646048339112e-25
29,97,0x1.f8100c80c5194p-83,0x1.1120f530a7eb3p-243,0x1.f8100c80c5195p-83,2.03589299475171592e-25
29,98,0x1.114f6cdd4491p-83,0x1.1120f530a7eb3p-243,0x1.114f6cdd44911p-83,1.10389132839415295e-25
29,99,0x1.28453503343e9p-84,0x1.1120f530a7eb3p-243,0x1.28453503343eap-84,5.98313187139146416e-26
29,100,0x1.41090ce7afa3ep-85,0x1.1120f530a7eb3p-243,0x1.41090ce7afa3fp-85,3.24162866311318579e-26
29,101,0x1.5bbccbd088943p-86,0x1.1120f530a7eb3p-243,0x1.5bbccbd088944p-86,1.75562564587378136e-26
29,102,0x1.788494c09cc52p-87,0x1.1120f530a7eb3p-243,0x1.788494c09cc53p-87,9.50464791389261906e-27
29,103,0x1.9786fb1ecfb59p-88,0x1.1120f530a7eb3p-243,0x1.9786fb1ecfb5ap-88,5.14371728890195379e-27
29,104,0x1.b8ed297121709p-89,0x1.1120f530a7eb3p-243,0x1.b8ed29712170ap-89,2.78263687816865198e-27
29,105,0x1.dce30a46e46ep-90,0x1.1120f530a7eb3p-243,0x1.dce30a46e46e1p-90,1.50478964937985889e-27
29,106,0x1.01cbb9b7237bfp-90,0x1.1120f530a7eb3p-243,0x1.01cbb9b7237cp-90,8.13460120621485218e-28
29,107,0x1.169e29c950f09p-91,0x1.1120f530a7eb3p-243,0x1.169e29c950f0ap-91,4.39581419453543049e-28
29,108,0x1.2d03713123ad8p-92,0x1.1120f530a7eb3p-243,0x1.2d03713123ad9p-92,2.37457739433802773e-28
29,109,0x1.4517e9adf0ca7p-93,0x1.1120f530a7eb3p-243,0x1.4517e9adf0ca8p-93,1.28226740616455517e-28
29,110,0x1.5ef9c5b268f41p-94,0x1.1120f530a7eb3p-243,0x1.5ef9c5b268f42p-94,6.92177467518096864e-29
29,111,0x1.7ac92ca5b77a7p-95,0x1.1120f530a7eb3p-243,0x1.7ac92ca5b77a8p-95,3.73511673332943126e-29
29,112,0x1.98a858acbd3abp-96,0x1.1120f530a7eb3p-243,0x1.98a858acbd3acp-96,2.01483754176781639e-29
29,113,0x1.b8bbb60e579e1p-97,0x1.1120f530a7eb3p-243,0x1.b8bbb60e579e2p-97,1.08649133736339769e-29
29,114,0x1.db2a04466e72p-98,0x1.1120f530a7eb3p-243,0x1.db2a04466e721p-98,5.85685006144002917e-30
29,115,0x1.000e3c6e2a68p-98,0x1.1120f530a7eb3p-243,0x1.000e3c6e2a681p-98,3.15612906204728794e-30
29,116,0x1.13df7208f0f09p-99,0x1.1120f530a7eb3p-243,0x1.13df7208f0f0ap-99,1.70019760457369421e-30
29,117,0x1.291febc0c2fdep-100,0x1.1120f530a7eb3p-243,0x1.291febc0c2fdfp-100,9.15586143551167617e-31
29,118,0x1.3fe8676143efdp-101,0x1.1120f530a7eb3p-243,0x1.3fe8676143efep-101,4.92896051468080365e-31
29,119,0x1.58532d15c241ep-102,0x1.1120f530a7eb3p-243,0x1.58532d15c241fp-102,2.65258259358920196e-31
29,120,0x1.727c25e6213d2p-103,0x1.1120f530a7eb3p-243,0x1.727c25e6213d3p-103,1.42705613097994876e-31
29,121,0x1.8e80f35c74219p-104,0x1.1120f530a7eb3p-243,0x1.8e80f35c7421ap-104,7.67490234579651889e-32
29,122,0x1.ac810860d5ba2p-105,0x1.1120f530a7eb3p-243,0x1.ac810860d5ba3p-105,4.12634375274372082e-32
29,123,0x1.cc9dc3598ea8bp-106,0x1.1120f530a7eb3p-243,0x1.cc9dc3598ea8cp-106,2.21778662989366131e-32
29,124,0x1.eefa899e28467p-107,0x1.1120f530a7eb3p-243,0x1.eefa899e28468p-107,1.19161778464041543e-32
29,125,0x1.09de72264ceadp-107,0x1.1120f530a7eb3p-243,0x1.09de72264ceaep-107,6.40056165239803387e-33
29,126,0x1.1d864f4828fcfp-108,0x1.1120f530a7eb3p-243,0x1.1d864f4828fdp-108,3.43687792494090451e-33
29,127,0x1.3289f2b5bb8c1p-109,0x1.1120f530a7eb3p-243,0x1.3289f2b5bb8c2p-109,1.84491365322499307e-33
29,128,0x1.48ffb489ab3f7p-110,0x1.1120f530a7eb3p-243,0x1.48ffb489ab3f8p-110,9.90044896980864110e-34
29,129,0x1.60ff3ff8ce03dp-111,0x1.1120f530a7eb3p-243,0x1.60ff3ff8ce03ep-111,5.31130958726434164e-34
29,130,0x1.7aa1a5ae4935fp-112,0x1.1120f530a7eb3p-243,0x1.7aa1a5ae4936p-112,2.84850631749495670e-34
29,131,0x1.96016f0cabe74p-113,0x1.1120f530a7eb3p-243,0x1.96016f0cabe75p-113,1.52722332819629535e-34
29,132,0x1.b33ab25dd11bcp-114,0x1.1120f530a7eb3p-243,0x1.b33ab25dd11bdp-114,8.18575303741189429e-35
29,133,0x1.d26b27fbb25d8p-115,0x1.1120f530a7eb3p-243,0x1.d26b27fbb25d9p-115,4.38617923640749917e-35
29,134,0x1.f3b2407cb018fp-116,0x1.1120f530a7eb3p-243,0x1.f3b2407cb019p-116,2.34956069462430562e-35
29,135,0x1.0b989df71a633p-116,0x1.1120f530a7eb3p-243,0x1.0b989df71a634p-116,1.25823109921201407e-35
29,136,0x1.1e85a1147d069p-117,0x1.1120f530a7eb3p-243,0x1.1e85a1147d06ap-117,6.73609959232034170e-36
29,137,0x1.32b2be254de8dp-118,0x1.1120f530a7eb3p-243,0x1.32b2be254de8ep-118,3.60522017839016680e-36
29,138,0x1.483397b046458p-119,0x1.1120f530a7eb3p-243,0x1.483397b046459p-119,1.92899524182622131e-36
29,139,0x1.5f1cec2874299p-120,0x1.1120f530a7eb3p-243,0x1.5f1cec287429ap-120,1.03182830677508684e-36
29,140,0x1.7784a4870877cp-121,0x1.1120f530a7eb3p-243,0x1.7784a4870877dp-121,5.51774308624773905e-37
29,141,0x1.9181e39136486p-122,0x1.1120f530a7eb3p-243,0x1.9181e39136487p-122,2.94981034635653067e-37
29,142,0x1.ad2d15d109b3dp-123,0x1.1120f530a7eb3p-243,0x1.ad2d15d109b3ep-123,1.57654405526365160e-37
29,143,0x1.caa002485695ap-124,0x1.1120f530a7eb3p-243,0x1.caa002485695bp-124,8.42361152480444115e-38
29,144,0x1.e9f5dbe51bd98p-125,0x1.1120f530a7eb3p-243,0x1.e9f5dbe51bd99p-125,4.49957551994045979e-38
29,145,0x1.05a5a9df7a9acp-125,0x1.1120f530a7eb3p-243,0x1.05a5a9df7a9adp-125,2.40284933870931405e-38
29,146,0x1.175f5612ba089p-126,0x1.1120f530a7eb3p-243,0x1.175f5612ba08ap-126,1.28281518104532261e-38
29,147,0x1.2a37e643bc48dp-127,0x1.1120f530a7eb3p-243,0x1.2a37e643bc48ep-127,6.84675770171946915e-39
29,148,0x1.3e402b1df2bd9p-128,0x1.1120f530a7eb3p-243,0x1.3e402b1df2bdap-128,3.65333838400572768e-39
29,149,0x1.5389dd1a26609p-129,0x1.1120f530a7eb3p-243,0x1.5389dd1a2660ap-129,1.94885558546252518e-39
29,150,0x1.6a27a7d13ba69p-130,0x1.1120f530a7eb3p-243,0x1.6a27a7d13ba6ap-130,1.03933360422526458e-39
29,151,0x1.822d35ccf83f2p-131,0x1.1120f530a7eb3p-243,0x1.822d35ccf83f3p-131,5.54136247907499928e-40
29,152,0x1.9baf3cdb82d53p-132,0x1.1120f530a7eb3p-243,0x1.9baf3cdb82d54p-132,2.95369159153191654e-40
29,153,0x1.b6c38aea79656p-133,0x1.1120f530a7eb3p-243,0x1.b6c38aea79657p-133,1.57398807809364878e-40
29,154,0x1.d381136ea019p-134,0x1.1120f530a7eb3p-243,0x1.d381136ea0191p-134,8.38544539384418883e-41
29,155,0x1.f1fffd5d508f4p-135,0x1.1120f530a7eb3p-243,0x1.f1fffd5d508f5p-135,4.46621810484103785e-41
29,156,0x1.092cd8de7c1f8p-135,0x1.1120f530a7eb3p-243,0x1.092cd8de7c1f9p-135,2.37817330137506356e-41
29,157,0x1.1a5475690e13cp-136,0x1.1120f530a7eb3p-243,0x1.1a5475690e13dp-136,1.26601113113784260e-41
29,158,0x1.2c84e1f740199p-137,0x1.1120f530a7eb3p-243,0x1.2c84e1f74019ap-137,6.73787064713451216e-42
29,159,0x1.3fcce4f41cddap-138,0x1.1120f530a7eb3p-243,0x1.3fcce4f41cddbp-138,3.58508612276364455e-42
29,160,0x1.543c061f4f22p-139,0x1.1120f530a7eb3p-243,0x1.543c061f4f221p-139,1.90708015242311678e-42
29,161,0x1.69e2977995026p-140,0x1.1120f530a7eb3p-243,0x1.69e2977995027p-140,1.01421813655314739e-42
29,162,0x1.80d1be8e5274p-141,0x1.1120f530a7eb3p-243,0x1.80d1be8e52741p-141,5.39246713614774346e-43
29,163,0x1.991b7e1d7c4ecp-142,0x1.1120f530a7eb3p-243,0x1.991b7e1d7c4edp-142,2.86640780857918782e-43
29,164,0x1.b2d2c0292b7c9p-143,0x1.1120f530a7eb3p-243,0x1.b2d2c0292b7cap-143,1.52329286242187446e-43
29,165,0x1.ce0b606a3e818p-144,0x1.1120f530a7eb3p-243,0x1.ce0b606a3e819p-144,8.09327705148348081e-44
29,166,0x1.eada372f86a22p-145,0x1.1120f530a7eb3p-243,0x1.eada372f86a23p-145,4.29894200455443012e-44
29,167,0x1.04aa92558a97fp-145,0x1.1120f530a7eb3p-243,0x1.04aa92558a98p-145,2.28294549637405692e-44
29,168,0x1.14c98e58aa9c8p-146,0x1.1120f530a7eb3p-243,0x1.14c98e58aa9c9p-146,1.21206768146096183e-44
29,169,0x1.25d61976daed6p-147,0x1.1120f530a7eb3p-243,0x1.25d61976daed7p-147,6.43363113222473816e-45
29,170,0x1.37dcd3c860df9p-148,0x1.1120f530a7eb3p-243,0x1.37dcd3c860dfap-148,3.41416087215635772e-45
29,171,0x1.4aeafa3dcc7afp-149,0x1.1120f530a7eb3p-243,0x1.4aeafa3dcc7bp-149,1.81138561834308327e-45
29,172,0x1.5f0e6d766da9bp-150,0x1.1120f530a7eb3p-243,0x1.5f0e6d766da9cp-150,9.60810029355868898e-46
29,173,0x1.7455b8d995569p-151,0x1.1120f530a7eb3p-243,0x1.7455b8d99556ap-151,5.09523687590456705e-46
29,174,0x1.8ad019f4c2edap-152,0x1.1120f530a7eb3p-243,0x1.8ad019f4c2edbp-152,2.70141945772760329e-46
29,175,0x1.a28d8820eba1fp-153,0x1.1120f530a7eb3p-243,0x1.a28d8820eba2p-153,1.43192743585260138e-46
29,176,0x1.bb9ebc7115d6cp-154,0x1.1120f530a7eb3p-243,0x1.bb9ebc7115d6dp-154,7.58842911224724291e-47
29,177,0x1.d61539ec9049cp-155,0x1.1120f530a7eb3p-243,0x1.d61539ec9049dp-155,4.02054728415978682e-47
29,178,0x1.f203561719ceep-156,0x1.1120f530a7eb3p-243,0x1.f203561719cefp-156,2.12971465298989336e-47
29,179,0x1.07be20e4adf7p-156,0x1.1120f530a7eb3p-243,0x1.07be20e4adf71p-156,1.12787544448666708e-47
29,180,0x1.174a092e1416p-157,0x1.1120f530a7eb3p-243,0x1.174a092e14161p-157,5.97179459643065911e-48
29,181,0x1.27afe5947ab25p-158,0x1.1120f530a7eb3p-243,0x1.27afe5947ab26p-158,3.16120815089748721e-48
29,182,0x1.38fab3b11430dp-159,0x1.1120f530a7eb3p-243,0x1.38fab3b11430ep-159,1.67304007946125939e-48
29,183,0x1.4b35f222e04b3p-160,0x1.1120f530a7eb3p-243,0x1.4b35f222e04b4p-160,8.85248339938501845e-49
29,184,0x1.5e6da5d687f03p-161,0x1.1120f530a7eb3p-243,0x1.5e6da5d687f04p-161,4.68306212514240832e-49
29,185,0x1.72ae5f7e19063p-162,0x1.1120f530a7eb3p-243,0x1.72ae5f7e19064p-162,2.47685870496515466e-49
29,186,0x1.8805413a0376ap-163,0x1.1120f530a7eb3p-243,0x1.8805413a0376bp-163,1.30972328617364164e-49
29,187,0x1.9e800474bff9p-164,0x1.1120f530a7eb3p-243,0x1.9e800474bff91p-164,6.92413221290723747e-50
29,188,0x1.b62cfff290146p-165,0x1.1120f530a7eb3p-243,0x1.b62cfff290147p-165,3.65981488375440629e-50
29,189,0x1.cf1b2e16cdf49p-166,0x1.1120f530a7eb3p-243,0x1.cf1b2e16cdf4ap-166,1.93402161497454272e-50
29,190,0x1.e95a336049aeap-167,0x1.1120f530a7eb3p-243,0x1.e95a336049aebp-167,1.02181537684282003e-50
29,191,0x1.027d328f1c61p-167,0x1.1120f530a7eb3p-243,0x1.027d328f1c611p-167,5.39750326604614961e-51
29,192,0x1.1106682fa1cf2p-168,0x1.1120f530a7eb3p-243,0x1.1106682fa1cf3p-168,2.85051428833668973e-51
29,193,0x1.2051a08e2214cp-169,0x1.1120f530a7eb3p-243,0x1.2051a08e2214dp-169,1.50509465608044324e-51
29,194,0x1.306824d0279ccp-170,0x1.1120f530a7eb3p-243,0x1.306824d0279cdp-170,7.94538851451143000e-52
29,195,0x1.4153a517d508bp-171,0x1.1120f530a7eb3p-243,0x1.4153a517d508cp-171,4.19350959663017833e-52
29,196,0x1.531e3c77aa03bp-172,0x1.1120f530a7eb3p-243,0x1.531e3c77aa03cp-172,2.21284891940548797e-52
29,197,0x1.65d2750769a4ap-173,0x1.1120f530a7eb3p-243,0x1.65d2750769a4bp-173,1.16744906813227528e-52
29,198,0x1.797b4c1afd6efp-174,0x1.1120f530a7eb3p-243,0x1.797b4c1afd6fp-174,6.15795641750142364e-53
29,199,0x1.8e24369c3368cp-175,0x1.1120f530a7eb3p-243,0x1.8e24369c3368dp-175,3.24749279580241244e-53
29,200,0x1.a3d92588392c3p-176,0x1.1120f530a7eb3p-243,0x1.a3d92588392c4p-176,1.71227345263398138e-53
29,201,0x1.baa68a91b9434p-177,0x1.1120f530a7eb3p-243,0x1.baa68a91b9435p-177,9.02634257520810436e-54
29,202,0x1.d2995ce883744p-178,0x1.1120f530a7eb3p-243,0x1.d2995ce883745p-178,4.75734534655889469e-54
29,203,0x1.ebbf1e27ac01fp-179,0x1.1120f530a7eb3p-243,0x1.ebbf1e27ac02p-179,2.50687186339449948e-54
29,204,0x1.0312efb588901p-179,0x1.1120f530a7eb3p-243,0x1.0312efb588902p-179,1.32073166804514514e-54
29,205,0x1.10ee23469c8d8p-180,0x1.1120f530a7eb3p-243,0x1.10ee23469c8d9p-180,6.95684695955190625e-55
29,206,0x1.1f78c9c73f77p-181,0x1.1120f530a7eb3p-243,0x1.1f78c9c73f771p-181,3.66375236229933378e-55
29,207,0x1.2ebad3134303bp-182,0x1.1120f530a7eb3p-243,0x1.2ebad3134303cp-182,1.92910547583428519e-55
29,208,0x1.3ebc81c07894cp-183,0x1.1120f530a7eb3p-243,0x1.3ebc81c07894dp-183,1.01555261740973248e-55
29,209,0x1.4f866e132da8p-184,0x1.1120f530a7eb3p-243,0x1.4f866e132da81p-184,5.34522350049574919e-56
29,210,0x1.612189094a24cp-185,0x1.1120f530a7eb3p-243,0x1.612189094a24dp-185,2.81285067650773713e-56
29,211,0x1.73971f7c92e8bp-186,0x1.1120f530a7eb3p-243,0x1.73971f7c92e8cp-186,1.47994384933587195e-56
29,212,0x1.86f0dd5c9442p-187,0x1.1120f530a7eb3p-243,0x1.86f0dd5c94421p-187,7.78505937514581499e-57
29,213,0x1.9b38d100b96a4p-188,0x1.1120f530a7eb3p-243,0x1.9b38d100b96a5p-188,4.09446465567711971e-57
29,214,0x1.b0796e9317615p-189,0x1.1120f530a7eb3p-243,0x1.b0796e9317616p-189,2.15303555742773324e-57
29,215,0x1.c6bd939472babp-190,0x1.1120f530a7eb3p-243,0x1.c6bd939472bacp-190,1.13194291407765465e-57
29,216,0x1.de108a7a09373p-191,0x1.1120f530a7eb3p-243,0x1.de108a7a09375p-191,5.95000678084329896e-58
29,217,0x1.f67e0e65a9192p-192,0x1.1120f530a7eb3p-243,0x1.f67e0e65a9195p-192,3.12701792690584078e-58
29,218,0x1.0809277c509fp-192,0x1.1120f530a7eb3p-243,0x1.0809277c509f3p-192,1.64309856061859450e-58
29,219,0x1.156cfa210b09cp-193,0x1.1120f530a7eb3p-243,0x1.156cfa210b0a1p-193,8.63212158856811783e-59
29,220,0x1.23711164a438p-194,0x1.1120f530a7eb3p-243,0x1.23711164a4389p-194,4.53411493817901268e-59
29,221,0x1.321c3fda2e1a6p-195,0x1.1120f530a7eb3p-243,0x1.321c3fda2e1b8p-195,2.38116172557088098e-59
29,222,0x1.41759a8616d1bp-196,0x1.1120f530a7eb3p-243,0x1.41759a8616d3ep-196,1.25027918097212658e-59
29,223,0x1.51847b0ee2618p-197,0x1.1120f530a7eb3p-243,0x1.51847b0ee265dp-197,6.56367679987842937e-60
29,224,0x1.625081fcfb92bp-198,0x1.1120f530a7eb3p-243,0x1.625081fcfb9b4p-198,3.44516319336893368e-60
29,225,0x1.73e19909e4706p-199,0x1.1120f530a7eb3p-243,0x1.73e19909e4818p-199,1.80798644296567335e-60
29,226,0x1.863ff57f0f0ddp-200,0x1.1120f530a7eb3p-243,0x1.863ff57f0f3p-200,9.48644810469446068e-61
29,227,0x1.99741aa4a7789p-201,0x1.1120f530a7eb3p-243,0x1.99741aa4a7bcep-201,4.97663199680589707e-61
29,228,0x1.ad86dc4097ee3p-202,0x1.1120f530a7eb3p-243,0x1.ad86dc409876dp-202,2.61030451950273618e-61
29,229,0x1.c2816126108f3p-203,0x1.1120f530a7eb3p-243,0x1.c281612611a06p-203,1.36889741999565888e-61
29,230,0x1.d86d25d5dbd68p-204,0x1.1120f530a7eb3p-243,0x1.d86d25d5ddf8dp-204,7.17753038833498458e-62
29,231,0x1.ef53ff2fc9307p-205,0x1.1120f530a7eb3p-243,0x1.ef53ff2fcd75p-205,3.76273731958568513e-62
29,232,0x1.03a00e9abb7efp-205,0x1.1120f530a7eb3p-243,0x1.03a00e9abfc38p-205,1.97223111363990001e-62
29,233,0x1.101e06ef62a3cp-206,0x1.1120f530a7eb3p-243,0x1.101e06ef6b2cdp-206,1.03356327741728730e-62
29,234,0x1.1d2960001d1b9p-207,0x1.1120f530a7eb3p-243,0x1.1d2960002e2dap-207,5.41554298337696622e-63
29,235,0x1.2ac7c321d09f5p-208,0x1.1120f530a7eb3p-243,0x1.2ac7c321f2c37p-208,2.83708878140906779e-63
29,236,0x1.38ff0d1996c5ap-209,0x1.1120f530a7eb3p-243,0x1.38ff0d19db0dep-209,1.48603875528817754e-63
29,237,0x1.47d54fabb3f84p-210,0x1.1120f530a7eb3p-243,0x1.47d54fac3c88cp-210,7.78240701456289170e-64
29,238,0x1.5750d33417e23p-211,0x1.1120f530a7eb3p-243,0x1.5750d33529033p-211,4.07497212972042592e-64
29,239,0x1.677818488aabep-212,0x1.1120f530a7eb3p-243,0x1.6778184aaceddp-212,2.13335211734637265e-64
29,240,0x1.7851d964a992ap-213,0x1.1120f530a7eb3p-243,0x1.7851d968ee168p-213,1.11667794690431114e-64
29,241,0x1.89e50c9fd41aap-214,0x1.1120f530a7eb3p-243,0x1.89e50ca85d225p-214,5.84414693773374187e-65
29,242,0x1.9c38e56d28ef4p-215,0x1.1120f530a7eb3p-243,0x1.9c38e57e3afeap-215,3.05803462355427221e-65
29,243,0x1.af54d665ad538p-216,0x1.1120f530a7eb3p-243,0x1.af54d687d1723p-216,1.59989707621272052e-65
29,244,0x1.c340931cb272dp-217,0x1.1120f530a7eb3p-243,0x1.c3409360fab02p-217,8.36893808421799393e-66
29,245,0x1.d80411fe7d55bp-218,0x1.1120f530a7eb3p-243,0x1.d80412870dd05p-218,4.37701077023248011e-66
29,246,0x1.eda78e391aa1ep-219,0x1.1120f530a7eb3p-243,0x1.eda78f4a3b972p-219,2.28883302457969859e-66
29,247,0x1.0219c4d7892dcp-219,0x1.1120f530a7eb3p-243,0x1.0219c5e8aa23p-219,1.19668576910529852e-66
29,248,0x1.0dd86779a52c7p-220,0x1.1120f530a7eb3p-243,0x1.0dd8699be716ep-220,6.25570046551152397e-67
29,249,0x1.1a1439a651997p-221,0x1.1120f530a7eb3p-243,0x1.1a143dead56e4p-221,3.26965443943890788e-67
29,250,0x1.26d1ec5f32e55p-222,0x1.1120f530a7eb3p-243,0x1.26d1f4e83a8eep-222,1.70866982599868876e-67
29,251,0x1.34165807e5de8p-223,0x1.1120f530a7eb3p-243,0x1.34166919f5319p-223,8.92781408471560291e-68
29,252,0x1.41e67d63c9ee3p-224,0x1.1120f530a7eb3p-243,0x1.41e69f87e8945p-224,4.66404958359458223e-68
29,253,0x1.504786832f054p-225,0x1.1120f530a7eb3p-243,0x1.5047cacb6c517p-225,2.43619818270146761e-68
29,254,0x1.5f3ec78b8b99cp-226,0x1.1120f530a7eb3p-243,0x1.5f3f501c06322p-226,1.27231318884543601e-68
29,255,0x1.6ed1bf33e468dp-227,0x1.1120f530a7eb3p-243,0x1.6ed2d054d9998p-227,6.64367163312511733e-69
29,256,0x1.7f0616ab8aaf4p-228,0x1.1120f530a7eb3p-243,0x1.7f0838ed75109p-228,3.46861594333894011e-69
29,257,0x1.8fe1a05f2b6f6p-229,0x1.1120f530a7eb3p-243,0x1.8fe5e4e30032p-229,1.81067408382339106e-69
29,258,0x1.a16a549395503p-230,0x1.1120f530a7eb3p-243,0x1.a172dd9b3ed57p-230,9.45070351061975979e-70
29,259,0x1.b3a649e3ef60ep-231,0x1.1120f530a7eb3p-243,0x1.b3b75bf3426b6p-231,4.93213312555549053e-70
29,260,0x1.c69ba5fcc068ap-232,0x1.1120f530a7eb3p-243,0x1.c6bdca1b667dap-232,2.57374491671477653e-70
29,261,0x1.da507fc269f88p-233,0x1.1120f530a7eb3p-243,0x1.da94c7ffb6228p-233,1.34301713544217009e-70
29,262,0x1.eecaa63831585p-234,0x1.1120f530a7eb3p-243,0x1.ef5336b2c9ac5p-234,7.00860112987934889e-71
29,263,0x1.02079a60df1e4p-234,0x1.1120f530a7eb3p-243,0x1.02902adb77724p-234,3.65853897466219254e-71
29,264,0x1.0d10e4e928fb3p-235,0x1.1120f530a7eb3p-243,0x1.0e2205de59a32p-235,1.91112255435170841e-71
29,265,0x1.188188f796806p-236,0x1.1120f530a7eb3p-243,0x1.1aa3cae1f7d04p-236,9.99802912092966680e-72
29,266,0x1.24570d26fd31p-237,0x1.1120f530a7eb3p-243,0x1.289b90fbbfd0bp-237,5.24606244461258028e-72
29,267,0x1.3089b84e683afp-238,0x1.1120f530a7eb3p-243,0x1.3912bff7ed7a5p-238,2.76864336431704588e-72
29,268,0x1.3d082c8358b12p-239,0x1.1120f530a7eb3p-243,0x1.4e1a3bd6632fep-239,1.47730703027127223e-72
29,269,0x1.49af9444fea45p-240,0x1.1120f530a7eb3p-243,0x1.6bd3b2eb13a1cp-240,8.04370138866702001e-73
29,270,0x1.563debd57f999p-241,0x1.1120f530a7eb3p-243,0x1.9a862921a9946p-241,4.53805442850707219e-73
29,271,0x1.623a72aabac2p-242,0x1.1120f530a7eb3p-243,0x1.eacaed430eb7ap-242,2.71268373409690736e-73
29,272,0x1.6cce4c87fe358p-243,0x1.1120f530a7eb3p-243,0x1.3ef7a0dc53106p-242,1.76297942501346453e-73
29,273,0x1.748540e0bba55p-244,0x1.1120f530a7eb3p-243,0x1.cb6395a105bdep-243,1.26955547290485030e-73
29,274,0x1.76ee34be86669p-245,0x1.1120f530a7eb3p-243,0x1.6edc82604984ep-243,1.01384850532884516e-73
29,275,0x1.701a159338757p-246,0x1.1120f530a7eb3p-243,0x1.3f2437e30ef9ep-243,8.81971070374062274e-74
29,276,0x1.5a159db1e6effp-247,0x1.1120f530a7eb3p-243,0x1.26c24f0bc65a3p-243,8.14588341812014819e-74
29,277,0x1.2cd4bbb639687p-248,0x1.1120f530a7eb3p-243,0x1.1a879b0e59b68p-243,7.80791742381950758e-74
29,278,0x1.bff13494d9916p-250,0x1.1120f530a7eb3p-243,0x1.14a0d799d19e6p-243,7.64482732124511386e-74
29,279,0x1.c8ea0547c0bb3p-252,0x1.1120f530a7eb3p-243,0x1.12056a334bcb9p-243,7.57277713305662159e-74
29,280,0x0p+0,0x1.1120f530a7eb3p-243,0x1.1120f530a7eb3p-243,7.54811471083933682e-74
30,0,0x1.5ebb2e229ca1bp-1,0x1.bcd1adde4874dp-231,0x1.5ebb2e229ca1cp-1,6.85021821713522439e-01
30,1,0x1.aa020fe797cd7p-2,0x1.bcd1adde4874dp-231,0x1.aa020fe797cd8p-2,4.16023491392434775e-01
30,2,0x1.04a46cb54bb0ep-2,0x1.bcd1adde4874dp-231,0x1.04a46cb54bb0fp-2,2.54533480229768239e-01
30,3,0x1.3fc5b883bc10bp-3,0x1.bcd1adde4874dp-231,0x1.3fc5b883bc10cp-3,1.56138841171476251e-01
30,4,0x1.8812deed8fb57p-4,0x1.bcd1adde4874dp-231,0x1.8812deed8fb58p-4,9.57211216091143902e-02
30,5,0x1.dfad34e1bb532p-5,0x1.bcd1adde4874dp-231,0x1.dfad34e1bb533p-5,5.85542710158314592e-02
30,6,0x1.249f34e45fc84p-5,0x1.bcd1adde4874dp-231,0x1.249f34e45fc85p-5,3.57204468773426945e-02
30,7,0x1.6400ef091af39p-6,0x1.bcd1adde4874dp-231,0x1.6400ef091af3ap-6,2.17287382442201485e-02
30,8,0x1.afe8a22b3fb6ep-7,0x1.bcd1adde4874dp-231,0x1.afe8a22b3fb6fp-7,1.31808082428485890e-02
30,9,0x1.054ded53c85c5p-7,0x1.bcd1adde4874dp-231,0x1.054ded53c85c6p-7,7.97437752004527198e-03
30,10,0x1.3b62b61a409cep-8,0x1.bcd1adde4874dp-231,0x1.3b62b61a409cfp-8,4.81240220892904716e-03
30,11,0x1.7bc265a5ccec8p-9,0x1.bcd1adde4874dp-231,0x1.7bc265a5ccec9p-9,2.89733401123179859e-03
30,12,0x1.c840131b69929p-10,0x1.bcd1adde4874dp-231,0x1.c840131b6992ap-10,1.74045673961982029e-03
30,13,0x1.117e5b27ed832p-10,0x1.bcd1adde4874dp-231,0x1.117e5b27ed833p-10,1.04329520580171971e-03
30,14,0x1.4739a58d4d4c8p-11,0x1.bcd1adde4874dp-231,0x1.4739a58d4d4c9p-11,6.24132504219909322e-04
30,15,0x1.86c3642d06f84p-12,0x1.bcd1adde4874dp-231,0x1.86c3642d06f85p-12,3.72660872757661904e-04
30,16,0x1.d1c9146b88eafp-13,0x1.bcd1adde4874dp-231,0x1.d1c9146b88ebp-13,2.22103818814924689e-04
30,17,0x1.151eb37ff1cf7p-13,0x1.bcd1adde4874dp-231,0x1.151eb37ff1cf8p-13,1.32141078209558954e-04
30,18,0x1.493163afdaa94p-14,0x1.bcd1adde4874dp-231,0x1.493163afdaa95p-14,7.84857099895098430e-05
30,19,0x1.866bb3fd455dcp-15,0x1.bcd1adde4874dp-231,0x1.866bb3fd455ddp-15,4.65417760812482777e-05
30,20,0x1.ce51841f54bf7p-16,0x1.bcd1adde4874dp-231,0x1.ce51841f54bf8p-16,2.75563253329773057e-05
30,21,0x1.1151ac14a34cp-16,0x1.bcd1adde4874dp-231,0x1.1151ac14a34c1p-16,1.62910838122267854e-05
30,22,0x1.42b3a98ce0ed9p-17,0x1.bcd1adde4874dp-231,0x1.42b3a98ce0edap-17,9.61726325399792236e-06
30,23,0x1.7c79ba27b069fp-18,0x1.bcd1adde4874dp-231,0x1.7c79ba27b06ap-18,5.66952670738728898e-06
30,24,0x1.bffca17b2ba07p-19,0x1.bcd1adde4874dp-231,0x1.bffca17b2ba08p-19,3.33776205037957476e-06
30,25,0x1.0764c5fec97b5p-19,0x1.bcd1adde4874dp-231,0x1.0764c5fec97b6p-19,1.96243558949184607e-06
30,26,0x1.3554cf4bbbd05p-20,0x1.bcd1adde4874dp-231,0x1.3554cf4bbbd06p-20,1.15234884650786647e-06
30,27,0x1.6ad547c9ae1a3p-21,0x1.bcd1adde4874dp-231,0x1.6ad547c9ae1a4p-21,6.75829363325784810e-07
30,28,0x1.a91435c351dffp-22,0x1.bcd1adde4874dp-231,0x1.a91435c351ep-22,3.95885617805448410e-07
30,29,0x1.f16c568dd1829p-23,0x1.bcd1adde4874dp-231,0x1.f16c568dd182ap-23,2.31630725650533427e-07
30,30,0x1.22b5b4dca9a5ep-23,0x1.bcd1adde4874dp-231,0x1.22b5b4dca9a5fp-23,1.35372295502830483e-07
30,31,0x1.536caa0b9a39dp-24,0x1.bcd1adde4874dp-231,0x1.536caa0b9a39ep-24,7.90284177487949547e-08
30,32,0x1.8be01b0ffed8bp-25,0x1.bcd1adde4874dp-231,0x1.8be01b0ffed8cp-25,4.60859636008635252e-08
30,33,0x1.cd3aca4e1f94bp-26,0x1.bcd1adde4874dp-231,0x1.cd3aca4e1f94cp-26,2.68470990373698270e-08
30,34,0x1.0c692d8c00816p-26,0x1.bcd1adde4874dp-231,0x1.0c692d8c00817p-26,1.56235678144891167e-08
30,35,0x1.38169724d2c54p-27,0x1.bcd1adde4874dp-231,0x1.38169724d2c55p-27,9.08296333427976175e-09
30,36,0x1.6a848139d8d49p-28,0x1.bcd1adde4874dp-231,0x1.6a848139d8d4ap-28,5.27532533788673195e-09
30,37,0x1.a4b137f169802p-29,0x1.bcd1adde4874dp-231,0x1.a4b137f169803p-29,3.06093905144867045e-09
30,38,0x1.e7beadda0ea59p-30,0x1.bcd1adde4874dp-231,0x1.e7beadda0ea5ap-30,1.77440539216233679e-09
30,39,0x1.1a7ba016f6c94p-30,0x1.bcd1adde4874dp-231,0x1.1a7ba016f6c95p-30,1.02766684549355566e-09
30,40,0x1.46e98b658523ap-31,0x1.bcd1adde4874dp-231,0x1.46e98b658523bp-31,5.94649979162109491e-10
30,41,0x1.79ff196c0e498p-32,0x1.bcd1adde4874dp-231,0x1.79ff196c0e499p-32,3.43785797358900466e-10
30,42,0x1.b4afa0a138d7bp-33,0x1.bcd1adde4874dp-231,0x1.b4afa0a138d7cp-33,1.98581822026350232e-10
30,43,0x1.f80fa45a67756p-34,0x1.bcd1adde4874dp-231,0x1.f80fa45a67757p-34,1.14610225314189085e-10
30,44,0x1.22ac935807dd5p-34,0x1.bcd1adde4874dp-231,0x1.22ac935807dd6p-34,6.60916437684664019e-11
30,45,0x1.4ef841fd0e7e8p-35,0x1.bcd1adde4874dp-231,0x1.4ef841fd0e7e9p-35,3.80816523948668564e-11
30,46,0x1.81b4f420520d4p-36,0x1.bcd1adde4874dp-231,0x1.81b4f420520d5p-36,2.19248960360678270e-11
30,47,0x1.bbc7b86c8bfc4p-37,0x1.bcd1adde4874dp-231,0x1.bbc7b86c8bfc5p-37,1.26129906970243745e-11
30,48,0x1.fe34073be229dp-38,0x1.bcd1adde4874dp-231,0x1.fe34073be229ep-38,7.25042405322334517e-12
30,49,0x1.250fcf917c519p-38,0x1.bcd1adde4874dp-231,0x1.250fcf917c51ap-38,4.16465810802371078e-12
30,50,0x1.506b6cc5262f8p-39,0x1.bcd1adde4874dp-231,0x1.506b6cc5262f9p-39,2.39040523162419016e-12
30,51,0x1.81e8c2a41fed9p-40,0x1.bcd1adde4874dp-231,0x1.81e8c2a41fedap-40,1.37102496462544017e-12
30,52,0x1.ba5c2b5d7a6fbp-41,0x1.bcd1adde4874dp-231,0x1.ba5c2b5d7a6fcp-41,7.85789276668802164e-13
30,53,0x1.fab57f4bf282bp-42,0x1.bcd1adde4874dp-231,0x1.fab57f4bf282cp-42,4.50047975458132779e-13
30,54,0x1.2201bea31b036p-42,0x1.bcd1adde4874dp-231,0x1.2201bea31b037p-42,2.57577794774882321e-13
30,55,0x1.4bbbcd38b5367p-43,0x1.bcd1adde4874dp-231,0x1.4bbbcd38b5368p-43,1.47319312385456518e-13
30,56,0x1.7b3522ac064dep-44,0x1.bcd1adde4874dp-231,0x1.7b3522ac064dfp-44,8.42009929119080556e-14
30,57,0x1.b12fd4a7425ap-45,0x1.bcd1adde4874dp-231,0x1.b12fd4a7425a1p-45,4.80934002159100939e-14
30,58,0x1.ee86804c0a251p-46,0x1.bcd1adde4874dp-231,0x1.ee86804c0a252p-46,2.74516739982752542e-14
30,59,0x1.1a17a1535f854p-46,0x1.bcd1adde4874dp-231,0x1.1a17a1535f855p-46,1.56592686253711887e-14
30,60,0x1.419f84afa7ddcp-47,0x1.bcd1adde4874dp-231,0x1.419f84afa7dddp-47,8.92683478193194548e-15
30,61,0x1.6e76a2bb4f59cp-48,0x1.bcd1adde4874dp-231,0x1.6e76a2bb4f59dp-48,5.08570159025129036e-15
30,62,0x1.a14c05757bd8p-49,0x1.bcd1adde4874dp-231,0x1.a14c05757bd81p-49,2.89557932004277533e-15
30,63,0x1.dae454a24dd72p-50,0x1.bcd1adde4874dp-231,0x1.dae454a24dd73p-50,1.64761231190426383e-15
30,64,0x1.0e0e3293f8995p-50,0x1.bcd1adde4874dp-231,0x1.0e0e3293f8996p-50,9.36943089985325247e-16
30,65,0x1.32f6096becfb7p-51,0x1.bcd1adde4874dp-231,0x1.32f6096becfb8p-51,5.32492593876372981e-16
30,66,0x1.5cb4b65f16488p-52,0x1.bcd1adde4874dp-231,0x1.5cb4b65f16489p-52,3.02454162207816279e-16
30,67,0x1.8be61e74d30dcp-53,0x1.bcd1adde4874dp-231,0x1.8be61e74d30ddp-53,1.71693779951634416e-16
30,68,0x1.c138fac62571dp-54,0x1.bcd1adde4874dp-231,0x1.c138fac62571ep-54,9.74096186758375927e-17
30,69,0x1.fd71072d5f8aep-55,0x1.bcd1adde4874dp-231,0x1.fd71072d5f8afp-55,5.52337598147781410e-17
30,70,0x1.20b4b78bee3d9p-55,0x1.bcd1adde4874dp-231,0x1.20b4b78bee3dap-55,3.13015591852200970e-17
30,71,0x1.470bbf8d3a9ffp-56,0x1.bcd1adde4874dp-231,0x1.470bbf8d3aap-56,1.77291933085754678e-17
30,72,0x1.7246d14b701afp-57,0x1.bcd1adde4874dp-231,0x1.7246d14b701bp-57,1.00363681960299230e-17
30,73,0x1.a2ff5abf54c36p-58,0x1.bcd1adde4874dp-231,0x1.a2ff5abf54c37p-58,5.67847470495344603e-18
30,74,0x1.d9e0d988c4822p-59,0x1.bcd1adde4874dp-231,0x1.d9e0d988c4823p-59,3.21112439555516646e-18
30,75,0x1.0bd572d690fc6p-59,0x1.bcd1adde4874dp-231,0x1.0bd572d690fc7p-59,1.81491231237673522e-18
30,76,0x1.2e99ba8a3ac8cp-60,0x1.bcd1adde4874dp-231,0x1.2e99ba8a3ac8dp-60,1.02525038231259635e-18
30,77,0x1.55b4aed74bc31p-61,0x1.bcd1adde4874dp-231,0x1.55b4aed74bc32p-61,5.78872129643424982e-19
30,78,0x1.81ab8e607c7a6p-62,0x1.bcd1adde4874dp-231,0x1.81ab8e607c7a7p-62,3.26675316410186416e-19
30,79,0x1.b312f541a939dp-63,0x1.bcd1adde4874dp-231,0x1.b312f541a939ep-63,1.84261029462771110e-19
30,80,0x1.ea9090f37ffdp-64,0x1.bcd1adde4874dp-231,0x1.ea9090f37ffd1p-64,1.03881118409355510e-19
30,81,0x1.146e814ae4fedp-64,0x1.bcd1adde4874dp-231,0x1.146e814ae4feep-64,5.85366809947097676e-20
30,82,0x1.3762fa2f3012fp-65,0x1.bcd1adde4874dp-231,0x1.3762fa2f3013p-65,3.29693418691063186e-20
30,83,0x1.5e9833b0f3f37p-66,0x1.bcd1adde4874dp-231,0x1.5e9833b0f3f38p-66,1.85603203403017569e-20
30,84,0x1.8a8d9fb6dab66p-67,0x1.bcd1adde4874dp-231,0x1.8a8d9fb6dab67p-67,1.04437367294466826e-20
30,85,0x1.bbd1099c516dbp-68,0x1.bcd1adde4874dp-231,0x1.bbd1099c516dcp-68,5.87386316937608252e-21
30,86,0x1.f30023e63532ap-69,0x1.bcd1adde4874dp-231,0x1.f30023e63532bp-69,3.30210863020951047e-21
30,87,0x1.18651facd2aecp-69,0x1.bcd1adde4874dp-231,0x1.18651facd2aedp-69,1.85549855929387060e-21
30,88,0x1.3af917cbef3eep-70,0x1.bcd1adde4874dp-231,0x1.3af917cbef3efp-70,1.04215830035956861e-21
30,89,0x1.61a830e3cbc03p-71,0x1.bcd1adde4874dp-231,0x1.61a830e3cbc04p-71,5.85076421169174014e-22
30,90,0x1.8cea9521a46a4p-72,0x1.bcd1adde4874dp-231,0x1.8cea9521a46a5p-72,3.28321499652749607e-22
30,91,0x1.bd45a75e6f858p-73,0x1.bcd1adde4874dp-231,0x1.bd45a75e6f859p-73,1.84160218051474686e-22
30,92,0x1.f34d6965c2004p-74,0x1.bcd1adde4874dp-231,0x1.f34d6965c2005p-74,1.03253314096487197e-22
30,93,0x1.17d3035a16ba6p-74,0x1.bcd1adde4874dp-231,0x1.17d3035a16ba7p-74,5.78663027449601902e-23
30,94,0x1.3982c39f1449ap-75,0x1.bcd1adde4874dp-231,0x1.3982c39f1449bp-75,3.24162566841433223e-23
30,95,0x1.5f1ad713289ccp-76,0x1.bcd1adde4874dp-231,0x1.5f1ad713289cdp-76,1.81516950101989443e-23
30,96,0x1.890b0453a7845p-77,0x1.bcd1adde4874dp-231,0x1.890b0453a7846p-77,1.01599243206831879e-23
30,97,0x1.b7cf18edbc487p-78,0x1.bcd1adde4874dp-231,0x1.b7cf18edbc488p-78,5.68439775981347639e-24
30,98,0x1.ebf0283daa732p-79,0x1.bcd1adde4874dp-231,0x1.ebf0283daa733p-79,3.17907555077456298e-24
30,99,0x1.1302f5093be15p-79,0x1.bcd1adde4874dp-231,0x1.1302f5093be16p-79,1.77722049680182381e-24
30,100,0x1.335c1e10634adp-80,0x1.bcd1adde4874dp-231,0x1.335c1e10634aep-80,9.93133185732946047e-25
30,101,0x1.576064cba3e1dp-81,0x1.bcd1adde4874dp-231,0x1.576064cba3e1ep-81,5.54754716900546004e-25
30,102,0x1.7f766e3a8e22ap-82,0x1.bcd1adde4874dp-231,0x1.7f766e3a8e22bp-82,3.09758637161715364e-25
30,103,0x1.ac0fae4ba581dp-83,0x1.bcd1adde4874dp-231,0x1.ac0fae4ba581ep-83,1.72892563332584865e-25
30,104,0x1.dda9806754bf7p-84,0x1.bcd1adde4874dp-231,0x1.dda9806754bf8p-84,9.64630960255853908e-26
30,105,0x1.0a672dacf797cp-84,0x1.bcd1adde4874dp-231,0x1.0a672dacf797dp-84,5.37996656241402380e-26
30,106,0x1.290b91970a0afp-85,0x1.bcd1adde4874dp-231,0x1.290b91970a0bp-85,2.99938992247685509e-26
30,107,0x1.4b164de2029e7p-86,0x1.bcd1adde4874dp-231,0x1.4b164de2029e8p-86,1.67156281499477163e-26
30,108,0x1.70e47f996e92ep-87,0x1.bcd1adde4874dp-231,0x1.70e47f996e92fp-87,9.31215770516073038e-27
30,109,0x1.9adcdda33c194p-88,0x1.bcd1adde4874dp-231,0x1.9adcdda33c195p-88,5.18581706155258272e-27
30,110,0x1.c970acdc66112p-89,0x1.bcd1adde4874dp-231,0x1.c970acdc66113p-89,2.88685312855859092e-27
30,111,0x1.fd1ccb8be85a9p-90,0x1.bcd1adde4874dp-231,0x1.fd1ccb8be85aap-90,1.60647573008418312e-27
30,112,0x1.1b356b28a2ef5p-90,0x1.bcd1adde4874dp-231,0x1.1b356b28a2ef6p-90,8.93648979652792371e-28
30,113,0x1.3af93472375e5p-91,0x1.bcd1adde4874dp-231,0x1.3af93472375e6p-91,4.96940492053794726e-28
30,114,0x1.5e2d3e98bb995p-92,0x1.bcd1adde4874dp-231,0x1.5e2d3e98bb996p-92,2.76240737262665633e-28
30,115,0x1.852d75c9d235dp-93,0x1.bcd1adde4874dp-231,0x1.852d75c9d235ep-93,1.53503488456412725e-28
30,116,0x1.b05f07989bc48p-94,0x1.bcd1adde4874dp-231,0x1.b05f07989bc49p-94,8.52701859605186776e-29
30,117,0x1.e03148de3a21ep-95,0x1.bcd1adde4874dp-231,0x1.e03148de3a21fp-95,4.73506380664084628e-29
30,118,0x1.0a8f5889c4953p-95,0x1.bcd1adde4874dp-231,0x1.0a8f5889c4954p-95,2.62848399124187490e-29
30,119,0x1.27d6f68902b18p-96,0x1.bcd1adde4874dp-231,0x1.27d6f68902b19p-96,1.45860233132906217e-29
30,120,0x1.483985aa400d2p-97,0x1.bcd1adde4874dp-231,0x1.483985aa400d3p-97,8.09136345805663284e-30
30,121,0x1.6c0861ff38254p-98,0x1.bcd1adde4874dp-231,0x1.6c0861ff38255p-98,4.48705001561124943e-30
30,122,0x1.939cef9157f13p-99,0x1.bcd1adde4874dp-231,0x1.939cef9157f14p-99,2.48745734851610110e-30
30,123,0x1.bf595dfc49b3ap-100,0x1.bcd1adde4874dp-231,0x1.bf595dfc49b3bp-100,1.37850081393427013e-30
30,124,0x1.efa97df46c97fp-101,0x1.bcd1adde4874dp-231,0x1.efa97df46c98p-101,7.63688350911919123e-31
30,125,0x1.1281d526d1d43p-101,0x1.bcd1adde4874dp-231,0x1.1281d526d1d44p-101,4.22945245489469060e-31
30,126,0x1.2ff4e31c94ef2p-102,0x1.bcd1adde4874dp-231,0x1.2ff4e31c94ef3p-102,2.34159639735617717e-31
30,127,0x1.5075294b12228p-103,0x1.bcd1adde4874dp-231,0x1.5075294b12229p-103,1.29598776996685271e-31
30,128,0x1.7450ce2c5b6a5p-104,0x1.bcd1adde4874dp-231,0x1.7450ce2c5b6a6p-104,7.17053851307523913e-32
30,129,0x1.9bdd831b54517p-105,0x1.bcd1adde4874dp-231,0x1.9bdd831b54518p-105,3.96611839617106789e-32
30,130,0x1.c77937fbb416fp-106,0x1.bcd1adde4874dp-231,0x1.c77937fbb417p-106,2.19302518180085868e-32
30,131,0x1.f78adefbe2f3cp-107,0x1.bcd1adde4874dp-231,0x1.f78adefbe2f3dp-107,1.21223438943278605e-32
30,132,0x1.1641a0ea12e47p-107,0x1.bcd1adde4874dp-231,0x1.1641a0ea12e48p-107,6.69877823796689099e-33
30,133,0x1.336ef50200764p-108,0x1.bcd1adde4874dp-231,0x1.336ef50200765p-108,3.70059525676596915e-33
30,134,0x1.53910ed74405ep-109,0x1.bcd1adde4874dp-231,0x1.53910ed74405fp-109,2.04369233137234711e-33
30,135,0x1.76f1f96c51edep-110,0x1.bcd1adde4874dp-231,0x1.76f1f96c51edfp-110,1.12830970558499811e-33
30,136,0x1.9de2bd78afcf4p-111,0x1.bcd1adde4874dp-231,0x1.9de2bd78afcf5p-111,6.22745992285879430e-34
30,137,0x1.c8bc045a227cap-112,0x1.bcd1adde4874dp-231,0x1.c8bc045a227cbp-112,3.43608803648391351e-34
30,138,0x1.f7dec950724bfp-113,0x1.bcd1adde4874dp-231,0x1.f7dec950724cp-113,1.89534925877801354e-34
30,139,0x1.15da8d1c4887dp-113,0x1.bcd1adde4874dp-231,0x1.15da8d1c4887ep-113,1.04516951401930571e-34
30,140,0x1.3259748a7cb7p-114,0x1.bcd1adde4874dp-231,0x1.3259748a7cb71p-114,5.76179247456921092e-35
30,141,0x1.51ab77e60f6edp-115,0x1.bcd1adde4874dp-231,0x1.51ab77e60f6eep-115,3.17543152236991055e-35
30,142,0x1.7415d3d16ec8dp-116,0x1.bcd1adde4874dp-231,0x1.7415d3d16ec8ep-116,1.74953650031055610e-35
30,143,0x1.99e42b0c18ea3p-117,0x1.bcd1adde4874dp-231,0x1.99e42b0c18ea4p-117,9.63649772529579117e-36
30,144,0x1.c3691874a0c37p-118,0x1.bcd1adde4874dp-231,0x1.c3691874a0c38p-118,5.30630527226100041e-36
30,145,0x1.f0fecd948f2d4p-119,0x1.bcd1adde4874dp-231,0x1.f0fecd948f2d5p-119,2.92107598112513195e-36
30,146,0x1.1183df5fb338p-119,0x1.bcd1adde4874dp-231,0x1.1183df5fb3381p-119,1.60757743422937126e-36
30,147,0x1.2cf7aef1900b7p-120,0x1.bcd1adde4874dp-231,0x1.2cf7aef1900b8p-120,8.84464028803118744e-37
30,148,0x1.4b15729f94e38p-121,0x1.bcd1adde4874dp-231,0x1.4b15729f94e39p-121,4.86483891686168203e-37
30,149,0x1.6c1d19a7a5e3p-122,0x1.bcd1adde4874dp-231,0x1.6c1d19a7a5e31p-122,2.67508478331558930e-37
30,150,0x1.90545ca91181ap-123,0x1.bcd1adde4874dp-231,0x1.90545ca91181bp-123,1.47057847321129243e-37
30,151,0x1.b8073ef789879p-124,0x1.bcd1adde4874dp-231,0x1.b8073ef78987ap-124,8.08204353436874691e-38
30,152,0x1.e3889acef79cfp-125,0x1.bcd1adde4874dp-231,0x1.e3889acef79dp-125,4.44055491845090484e-38
30,153,0x1.09995ca4cf1b2p-125,0x1.bcd1adde4874dp-231,0x1.09995ca4cf1b3p-125,2.43914223617122613e-38
30,154,0x1.23b3fb85c03fep-126,0x1.bcd1adde4874dp-231,0x1.23b3fb85c03ffp-126,1.33943474704241292e-38
30,155,0x1.4049bb54726c9p-127,0x1.bcd1adde4874dp-231,0x1.4049bb54726cap-127,7.35345218532975286e-39
30,156,0x1.5f94f0f102c4p-128,0x1.bcd1adde4874dp-231,0x1.5f94f0f102c41p-128,4.03596114731912056e-39
30,157,0x1.81d51d71e1f75p-129,0x1.bcd1adde4874dp-231,0x1.81d51d71e1f76p-129,2.21456983028239525e-39
30,158,0x1.a74f5f6a47a85p-130,0x1.bcd1adde4874dp-231,0x1.a74f5f6a47a86p-130,1.21484026375263243e-39
30,159,0x1.d04eed86e2f29p-131,0x1.bcd1adde4874dp-231,0x1.d04eed86e2f2ap-131,6.66249752986318650e-40
30,160,0x1.fd259b3e629e8p-132,0x1.bcd1adde4874dp-231,0x1.fd259b3e629e9p-132,3.65294985829837851e-40
30,161,0x1.17163430f1acfp-132,0x1.bcd1adde4874dp-231,0x1.17163430f1adp-132,2.00234911534857597e-40
30,162,0x1.31e20e346a5b6p-133,0x1.bcd1adde4874dp-231,0x1.31e20e346a5b7p-133,1.09730155301682379e-40
30,163,0x1.4f2af73244c54p-134,0x1.bcd1adde4874dp-231,0x1.4f2af73244c55p-134,6.01177819724565140e-41
30,164,0x1.6f2a1d4cc0ecfp-135,0x1.bcd1adde4874dp-231,0x1.6f2a1d4cc0edp-135,3.29284520594358437e-41
30,165,0x1.921da367d0a2fp-136,0x1.bcd1adde4874dp-231,0x1.921da367d0a3p-136,1.80314949586064812e-41
30,166,0x1.b8490b3f85e52p-137,0x1.bcd1adde4874dp-231,0x1.b8490b3f85e53p-137,9.87153846123396023e-42
30,167,0x1.e1f5a80ab2334p-138,0x1.bcd1adde4874dp-231,0x1.e1f5a80ab2335p-138,5.40295392680258251e-42
30,168,0x1.07b98d29afeaap-138,0x1.bcd1adde4874dp-231,0x1.07b98d29afeabp-138,2.95645737257003926e-42
30,169,0x1.208beaddb8d82p-139,0x1.bcd1adde4874dp-231,0x1.208beaddb8d83p-139,1.61735936374290232e-42
30,170,0x1.3ba0d8b8a07d3p-140,0x1.bcd1adde4874dp-231,0x1.3ba0d8b8a07d4p-140,8.84578923521397148e-43
30,171,0x1.592b421348e5bp-141,0x1.bcd1adde4874dp-231,0x1.592b421348e5cp-141,4.83684757373996331e-43
30,172,0x1.79626635e08fbp-142,0x1.bcd1adde4874dp-231,0x1.79626635e08fcp-142,2.64414070547433491e-43
30,173,0x1.9c823330d908ap-143,0x1.bcd1adde4874dp-231,0x1.9c823330d908bp-143,1.44511914686549747e-43
30,174,0x1.c2cba7e3680cap-144,0x1.bcd1adde4874dp-231,0x1.c2cba7e3680cbp-144,7.89623855806656688e-44
30,175,0x1.ec853dbb46b8bp-145,0x1.bcd1adde4874dp-231,0x1.ec853dbb46b8cp-145,4.31355114213640673e-44
30,176,0x1.0cfdad61cb2dfp-145,0x1.bcd1adde4874dp-231,0x1.0cfdad61cb2ep-145,2.35585357944665155e-44
30,177,0x1.25c06651deb27p-146,0x1.bcd1adde4874dp-231,0x1.25c06651deb28p-146,1.28635503659222655e-44
30,178,0x1.40b7a69d5e7ecp-147,0x1.bcd1adde4874dp-231,0x1.40b7a69d5e7edp-147,7.02219969701040731e-45
30,179,0x1.5e1408c7ff1cp-148,0x1.bcd1adde4874dp-231,0x1.5e1408c7ff1c1p-148,3.83253223998157606e-45
30,180,0x1.7e0a31eff90c6p-149,0x1.bcd1adde4874dp-231,0x1.7e0a31eff90c7p-149,2.09121804437725190e-45
30,181,0x1.a0d324cc94752p-150,0x1.bcd1adde4874dp-231,0x1.a0d324cc94753p-150,1.14081235248303665e-45
30,182,0x1.c6ac9b16e57cep-151,0x1.bcd1adde4874dp-231,0x1.c6ac9b16e57cfp-151,6.22201480810376372e-46
30,183,0x1.efd965d6d7eb7p-152,0x1.bcd1adde4874dp-231,0x1.efd965d6d7eb8p-152,3.39273797256167822e-46
30,184,0x1.0e50ea8bb0b4ap-152,0x1.bcd1adde4874dp-231,0x1.0e50ea8bb0b4bp-152,1.84957766709381874e-46
30,185,0x1.26aa13c701c7cp-153,0x1.bcd1adde4874dp-231,0x1.26aa13c701c7dp-153,1.00808769813240800e-46
30,186,0x1.41228165ddc6fp-154,0x1.bcd1adde4874dp-231,0x1.41228165ddc7p-154,5.49323344484878035e-47
30,187,0x1.5de7fa4c0fa8p-155,0x1.bcd1adde4874dp-231,0x1.5de7fa4c0fa81p-155,2.99269390162886838e-47
30,188,0x1.7d2bff116189p-156,0x1.bcd1adde4874dp-231,0x1.7d2bff1161891p-156,1.63005231674475743e-47
30,189,0x1.9f2414e190f6ep-157,0x1.bcd1adde4874dp-231,0x1.9f2414e190f6fp-157,8.87659251058764881e-48
30,190,0x1.c40a16061a9fcp-158,0x1.bcd1adde4874dp-231,0x1.c40a16061a9fdp-158,4.83277980813979291e-48
30,191,0x1.ec1c88835b8fbp-159,0x1.bcd1adde4874dp-231,0x1.ec1c88835b8fcp-159,2.63059627688161461e-48
30,192,0x1.0bcf7d9cf2764p-159,0x1.bcd1adde4874dp-231,0x1.0bcf7d9cf2765p-159,1.43158896266330272e-48
30,193,0x1.236d35025e2b3p-160,0x1.bcd1adde4874dp-231,0x1.236d35025e2b4p-160,7.78914705620372761e-49
30,194,0x1.3d0ed4aad355ep-161,0x1.bcd1adde4874dp-231,0x1.3d0ed4aad355fp-161,4.23710626580903150e-49
30,195,0x1.58deececc6c3p-162,0x1.bcd1adde4874dp-231,0x1.58deececc6c31p-162,2.30439627740874413e-49
30,196,0x1.770b725c4d328p-163,0x1.bcd1adde4874dp-231,0x1.770b725c4d329p-163,1.25300784453391163e-49
30,197,0x1.97c60087e774ep-164,0x1.bcd1adde4874dp-231,0x1.97c60087e774fp-164,6.81176546946101421e-50
30,198,0x1.bb4421a65cdf8p-165,0x1.bcd1adde4874dp-231,0x1.bb4421a65cdf9p-165,3.70233153763790110e-50
30,199,0x1.e1bf9b8fbb8ap-166,0x1.bcd1adde4874dp-231,0x1.e1bf9b8fbb8a1p-166,2.01187547325998462e-50
30,200,0x1.05bb6130df38ap-166,0x1.bcd1adde4874dp-231,0x1.05bb6130df38bp-166,1.09304363153511588e-50
30,201,0x1.1c56689b34d5p-167,0x1.bcd1adde4874dp-231,0x1.1c56689b34d51p-167,5.93724473230223897e-51
30,202,0x1.34d524ad552c2p-168,0x1.bcd1adde4874dp-231,0x1.34d524ad552c3p-168,3.22436269639878345e-51
30,203,0x1.4f5eac3d1d41dp-169,0x1.bcd1adde4874dp-231,0x1.4f5eac3d1d41ep-169,1.75071212521727179e-51
30,204,0x1.6c1d231efb64dp-170,0x1.bcd1adde4874dp-231,0x1.6c1d231efb64ep-170,9.50381407174751321e-52
30,205,0x1.8b3df4f122c7ap-171,0x1.bcd1adde4874dp-231,0x1.8b3df4f122c7bp-171,5.15814902200667167e-52
30,206,0x1.acf2142a16204p-172,0x1.bcd1adde4874dp-231,0x1.acf2142a16205p-172,2.79900077191719354e-52
30,207,0x1.d16e3db6a05b6p-173,0x1.bcd1adde4874dp-231,0x1.d16e3db6a05b7p-173,1.51853828203812310e-52
30,208,0x1.f8eb417869ba2p-174,0x1.bcd1adde4874dp-231,0x1.f8eb417869ba3p-174,8.23687499056562114e-53
30,209,0x1.11d327fde145cp-174,0x1.bcd1adde4874dp-231,0x1.11d327fde145dp-174,4.46697594990199395e-53
30,210,0x1.28f0a6e080101p-175,0x1.bcd1adde4874dp-231,0x1.28f0a6e080102p-175,2.42203026388958587e-53
30,211,0x1.41f1963df5037p-176,0x1.bcd1adde4874dp-231,0x1.41f1963df5038p-176,1.31298790998188297e-53
30,212,0x1.5cfc25591d658p-177,0x1.bcd1adde4874dp-231,0x1.5cfc25591d659p-177,7.11635318792000544e-54
30,213,0x1.7a396d1493403p-178,0x1.bcd1adde4874dp-231,0x1.7a396d1493404p-178,3.85629507760550909e-54
30,214,0x1.99d5a6cc9c1acp-179,0x1.bcd1adde4874dp-231,0x1.99d5a6cc9c1aep-179,2.08929327543259968e-54
30,215,0x1.bc006713d6dd4p-180,0x1.bcd1adde4874dp-231,0x1.bc006713d6dd8p-180,1.13173650274874853e-54
30,216,0x1.e0ecdc96669dbp-181,0x1.bcd1adde4874dp-231,0x1.e0ecdc96669e2p-181,6.12926488907457092e-55
30,217,0x1.046909b5e278ap-181,0x1.bcd1adde4874dp-231,0x1.046909b5e2791p-181,3.31886039637979970e-55
30,218,0x1.19f59e920d0dp-182,0x1.bcd1adde4874dp-231,0x1.19f59e920d0dep-182,1.79674928162763142e-55
30,219,0x1.313bfef17c16ep-183,0x1.bcd1adde4874dp-231,0x1.313bfef17c18ap-183,9.72532776250221716e-56
30,220,0x1.4a5e5f6f5249fp-184,0x1.bcd1adde4874dp-231,0x1.4a5e5f6f524d7p-184,5.26307614002511856e-56
30,221,0x1.658183505edfbp-185,0x1.bcd1adde4874dp-231,0x1.658183505ee6bp-185,2.84769886655191874e-56
30,222,0x1.82ccebb583691p-186,0x1.bcd1adde4874dp-231,0x1.82ccebb58377p-186,1.54052175645776686e-56
30,223,0x1.a26b0a14be5d9p-187,0x1.bcd1adde4874dp-231,0x1.a26b0a14be796p-187,8.33223158180493516e-57
30,224,0x1.c4897630cb7eap-188,0x1.bcd1adde4874dp-231,0x1.c4897630cbb64p-188,4.50583106237170945e-57
30,225,0x1.e95927cadf14ep-189,0x1.bcd1adde4874dp-231,0x1.e95927cadf842p-189,2.43617737564042539e-57
30,226,0x1.08875a26e6937p-189,0x1.bcd1adde4874dp-231,0x1.08875a26e702bp-189,1.31693300960715494e-57
30,227,0x1.1df1485afaa18p-190,0x1.bcd1adde4874dp-231,0x1.1df1485afb7ffp-190,7.11769844089152732e-58
30,228,0x1.3508abfec8c77p-191,0x1.bcd1adde4874dp-231,0x1.3508abfeca845p-191,3.84624504402927167e-58
30,229,0x1.4dee0b2cc83c8p-192,0x1.bcd1adde4874dp-231,0x1.4dee0b2ccbb63p-192,2.07805060817201542e-58
30,230,0x1.68c44ccbf799p-193,0x1.bcd1adde4874dp-231,0x1.68c44ccbfe8c5p-193,1.12252864419965602e-58
30,231,0x1.85b0e37ad21b1p-194,0x1.bcd1adde4874dp-231,0x1.85b0e37ae001ap-194,6.06263216651794077e-59
30,232,0x1.a4dbfb63c861cp-195,0x1.bcd1adde4874dp-231,0x1.a4dbfb63e42eep-195,3.27376735341182690e-59
30,233,0x1.c670ab2bd58a6p-196,0x1.bcd1adde4874dp-231,0x1.c670ab2c0d24ap-196,1.76749234943338625e-59
30,234,0x1.ea9d282ed2bd6p-197,0x1.bcd1adde4874dp-231,0x1.ea9d282f41f1dp-197,9.54093050155078157e-60
30,235,0x1.08c97f2031732p-197,0x1.bcd1adde4874dp-231,0x1.08c97f20a0a79p-197,5.14929420052459414e-60
30,236,0x1.1dc3a595dc77p-198,0x1.bcd1adde4874dp-231,0x1.1dc3a596badfep-198,2.77861760188241491e-60
30,237,0x1.34597f180b75dp-199,0x1.bcd1adde4874dp-231,0x1.34597f19c8478p-199,1.49911269114895661e-60
30,238,0x1.4ca98ddddbb6fp-200,0x1.bcd1adde4874dp-231,0x1.4ca98de1555a5p-200,8.08657307426075338e-61
30,239,0x1.66d482d56ec0fp-201,0x1.bcd1adde4874dp-231,0x1.66d482dc6207bp-201,4.36133853512482198e-61
30,240,0x1.82fd642a879f1p-202,0x1.bcd1adde4874dp-231,0x1.82fd64386e2c8p-202,2.35180029596768206e-61
30,241,0x1.a149b65b81817p-203,0x1.bcd1adde4874dp-231,0x1.a149b6774e9c5p-203,1.26796349060311218e-61
30,242,0x1.c1e1a80645297p-204,0x1.bcd1adde4874dp-231,0x1.c1e1a83ddf5f3p-204,6.83500801339068857e-62
30,243,0x1.e4f0409961cfp-205,0x1.bcd1adde4874dp-231,0x1.e4f04108963a8p-205,3.68381304518048642e-62
30,244,0x1.0551c90c040aap-205,0x1.bcd1adde4874dp-231,0x1.0551c97b38762p-205,1.98510146514371438e-62
30,245,0x1.1996771128a2cp-206,0x1.bcd1adde4874dp-231,0x1.199677ef9179bp-206,1.06953428935533296e-62
30,246,0x1.2f608f3af432ep-207,0x1.bcd1adde4874dp-231,0x1.2f6090f7c5e0cp-207,5.76147773877800515e-63
30,247,0x1.46cc508ed80dep-208,0x1.bcd1adde4874dp-231,0x1.46cc54087b69ap-208,3.10313404129846609e-63
30,248,0x1.5ff7f4448b2b4p-209,0x1.bcd1adde4874dp-231,0x1.5ff7fb37d1e2cp-209,1.67107120857699626e-63
30,249,0x1.7b03cfe26ee2dp-210,0x1.bcd1adde4874dp-231,0x1.7b03ddc8fc51dp-210,8.99740896615634655e-64
30,250,0x1.98127987142e8p-211,0x1.bcd1adde4874dp-231,0x1.981295542f0c7p-211,4.84360116720297313e-64
30,251,0x1.b748ee79b5d29p-212,0x1.bcd1adde4874dp-231,0x1.b7492613eb8e6p-212,2.60704217375364611e-64
30,252,0x1.d8cebc14dc3ap-213,0x1.bcd1adde4874dp-231,0x1.d8cf2b4947b1ap-213,1.40299759516024844e-64
30,253,0x1.fcce2b0fedc69p-214,0x1.bcd1adde4874dp-231,0x1.fccf0978c4b5cp-214,7.54910600616902998e-65
30,254,0x1.11ba368781ce7p-214,0x1.bcd1adde4874dp-231,0x1.11bb14f058bdap-214,4.06129569366077373e-65
30,255,0x1.2678e61339f24p-215,0x1.bcd1adde4874dp-231,0x1.267aa2e4e7d09p-215,2.18456699268228776e-65
30,256,0x1.3cbcedc7d4dd5p-216,0x1.bcd1adde4874dp-231,0x1.3cc0676b3099fp-216,1.17489690152181355e-65
30,257,0x1.54a1d3fba9853p-217,0x1.bcd1adde4874dp-231,0x1.54a8c74260fe6p-217,6.31787767723200963e-66
30,258,0x1.6e44f21c3393dp-218,0x1.bcd1adde4874dp-231,0x1.6e52d8a9a2862p-218,3.39692454729343187e-66
30,259,0x1.89c5862f15ac1p-219,0x1.bcd1adde4874dp-231,0x1.89e15349f390ap-219,1.82622846958959369e-66
30,260,0x1.a744b99b4cc3fp-220,0x1.bcd1adde4874dp-231,0x1.a77c53d1088dp-220,9.81747245198675903e-67
30,261,0x1.c6e59231df28ap-221,0x1.bcd1adde4874dp-231,0x1.c754c69d56bacp-221,5.27786600943506499e-67
30,262,0x1.e8ccb8daaccbcp-222,0x1.bcd1adde4874dp-231,0x1.e9ab21b19bfp-222,2.83793960700438011e-67
30,263,0x1.068ff7db4cd72p-222,0x1.bcd1adde4874dp-231,0x1.076e60b23bfb6p-222,1.52675076556438579e-67
30,264,0x1.1a0278c366596p-223,0x1.bcd1adde4874dp-231,0x1.1bbf4a7144a1ep-223,8.22247632394206314e-68
30,265,0x1.2ecf9d39169d9p-224,0x1.bcd1adde4874dp-231,0x1.32494094d32e8p-224,4.43780640859955032e-68
30,266,0x1.4505e9b7ea3ecp-225,0x1.bcd1adde4874dp-231,0x1.4bf9306f6360ap-225,2.40499562451684627e-68
30,267,0x1.5cacc297bd7cp-226,0x1.bcd1adde4874dp-231,0x1.6a935006afbfbp-226,1.31334673006447373e-68
30,268,0x1.75bd50770925ep-227,0x1.bcd1adde4874dp-231,0x1.918a6b54edad3p-227,7.27244743714903899e-69
30,269,0x1.9015c2d917b5bp-228,0x1.bcd1adde4874dp-231,0x1.c7aff894e0c45p-228,4.12655873516173890e-69
30,270,0x1.ab62e127ab9fcp-229,0x1.bcd1adde4874dp-231,0x1.0d4ba64f9ede8p-228,2.43865368382424120e-69
30,271,0x1.c6f95df4c3cebp-230,0x1.bcd1adde4874dp-231,0x1.52b11a71f4049p-229,1.53354216795504000e-69
30,272,0x1.e194fb481f279p-231,0x1.bcd1adde4874dp-231,0x1.cf33549333ce3p-230,1.04864879025695453e-69
30,273,0x1.f8efebccb1719p-232,0x1.bcd1adde4874dp-231,0x1.5ca4d1e25096dp-230,7.89301653836253904e-70
30,274,0x1.0491f28cfa768p-232,0x1.bcd1adde4874dp-231,0x1.1f8d539262d81p-230,6.50994785427796824e-70
30,275,0x1.05e8826993d78p-233,0x1.bcd1adde4874dp-231,0x1.fe4bce78ad6abp-231,5.77634736391276102e-70
30,276,0x1.f7353eb218355p-235,0x1.bcd1adde4874dp-231,0x1.dc4501c969f83p-231,5.39118034614653089e-70
30,277,0x1.bdeea50a9853ep-236,0x1.bcd1adde4874dp-231,0x1.cac123069d377p-231,5.19291623872823954e-70
30,278,0x1.51a661fd4d931p-237,0x1.bcd1adde4874dp-231,0x1.c21847663dab2p-231,5.09489302657342239e-70
30,279,0x1.5d6811eee3051p-239,0x1.bcd1adde4874dp-231,0x1.be2f15f03757ep-231,5.05062308331180353e-70
30,280,0x0p+0,0x1.bcd1adde4874dp-231,0x1.bcd1adde4874dp-231,5.03517331111397200e-70
31,0,0x1.a83cf379166ccp-1,0x1.06f58dc35d9ap-217,0x1.a83cf379166cdp-1,8.28590019732666883e-01
31,1,0x1.0d3efb0ea2541p-1,0x1.06f58dc35d9ap-217,0x1.0d3efb0ea2542p-1,5.25871129547489824e-01
31,2,0x1.57697634cbcf9p-2,0x1.06f58dc35d9ap-217,0x1.57697634cbcfap-2,3.35363242123051131e-01
31,3,0x1.b65342214e32fp-3,0x1.06f58dc35d9ap-217,0x1.b65342214e33p-3,2.14025990144159462e-01
31,4,0x1.173e9b6b34f56p-3,0x1.06f58dc35d9ap-217,0x1.173e9b6b34f57p-3,1.36349882325357469e-01
31,5,0x1.62cb8dcd6328fp-4,0x1.06f58dc35d9ap-217,0x1.62cb8dcd6329p-4,8.66199053909417760e-02
31,6,0x1.c160d4735db98p-5,0x1.06f58dc35d9ap-217,0x1.c160d4735db99p-5,5.48557423998580832e-02
31,7,0x1.1bb4212ee5b3p-5,0x1.06f58dc35d9ap-217,0x1.1bb4212ee5b31p-5,3.46317909344889888e-02
31,8,0x1.6526fc488cfadp-6,0x1.06f58dc35d9ap-217,0x1.6526fc488cfaep-6,2.17988456444825827e-02
31,9,0x1.c059e7e311508p-7,0x1.06f58dc35d9ap-217,0x1.c059e7e311509p-7,1.36825926075610106e-02
31,10,0x1.18ac2da08d1abp-7,0x1.06f58dc35d9ap-217,0x1.18ac2da08d1acp-7,8.56544711960157551e-03
31,11,0x1.5e87682e5b2cfp-8,0x1.06f58dc35d9ap-217,0x1.5e87682e5b2dp-8,5.34864705546729547e-03
31,12,0x1.b4bc8f4713859p-9,0x1.06f58dc35d9ap-217,0x1.b4bc8f471385ap-9,3.33203553194664788e-03
31,13,0x1.0f768829f26ep-9,0x1.06f58dc35d9ap-217,0x1.0f768829f26e1p-9,2.07109844356954997e-03
31,14,0x1.50bf97c41a595p-10,0x1.06f58dc35d9ap-217,0x1.50bf97c41a596p-10,1.28459323698346595e-03
31,15,0x1.a0e2f35b797cp-11,0x1.06f58dc35d9ap-217,0x1.a0e2f35b797c1p-11,7.95147945095158013e-04
31,16,0x1.018c21d282cbcp-11,0x1.06f58dc35d9ap-217,0x1.018c21d282cbdp-11,4.91232664275107986e-04
31,17,0x1.3da0e48ff8108p-12,0x1.06f58dc35d9ap-217,0x1.3da0e48ff8109p-12,3.02914130768897549e-04
31,18,0x1.87071f14e5288p-13,0x1.06f58dc35d9ap-217,0x1.87071f14e5289p-13,1.86456593522028419e-04
31,19,0x1.e09098cf4b984p-14,0x1.06f58dc35d9ap-217,0x1.e09098cf4b985p-14,1.14575584338116597e-04
31,20,0x1.26d0c2a97ef4ap-14,0x1.06f58dc35d9ap-217,0x1.26d0c2a97ef4bp-14,7.02894855279498804e-05
31,21,0x1.69268719e5d9p-15,0x1.06f58dc35d9ap-217,0x1.69268719e5d91p-15,4.30524944043344488e-05
31,22,0x1.b9bb9bef2b832p-16,0x1.06f58dc35d9ap-217,0x1.b9bb9bef2b833p-16,2.63293294976917399e-05
31,23,0x1.0dbf4663f2606p-16,0x1.06f58dc35d9ap-217,0x1.0dbf4663f2607p-16,1.60781841172293981e-05
31,24,0x1.48f922fb67455p-17,0x1.06f58dc35d9ap-217,0x1.48f922fb67456p-17,9.80416506629105259e-06
31,25,0x1.90a5291d2fee3p-18,0x1.06f58dc35d9ap-217,0x1.90a5291d2fee4p-18,5.97007808983394487e-06
31,26,0x1.e74623cd77509p-19,0x1.06f58dc35d9ap-217,0x1.e74623cd7750ap-19,3.63047408911846237e-06
31,27,0x1.27edd3aff3ae3p-19,0x1.06f58dc35d9ap-217,0x1.27edd3aff3ae4p-19,2.20484294997186474e-06
31,28,0x1.66fcb6196cf06p-20,0x1.06f58dc35d9ap-217,0x1.66fcb6196cf07p-20,1.33733136063475118e-06
31,29,0x1.b2f170eb5ae3dp-21,0x1.06f58dc35d9ap-217,0x1.b2f170eb5ae3ep-21,8.10144709912368155e-07
31,30,0x1.072aedd9b5186p-21,0x1.06f58dc35d9ap-217,0x1.072aedd9b5187p-21,4.90188024583049680e-07
31,31,0x1.3e178d718003ep-22,0x1.06f58dc35d9ap-217,0x1.3e178d718003fp-22,2.96246262271319121e-07
31,32,0x1.800a1b661ed99p-23,0x1.06f58dc35d9ap-217,0x1.800a1b661ed9ap-23,1.78832318901159476e-07
31,33,0x1.cf24598353e0cp-24,0x1.06f58dc35d9ap-217,0x1.cf24598353e0dp-24,1.07833647835060125e-07
31,34,0x1.16f6f578bf62cp-24,0x1.06f58dc35d9ap-217,0x1.16f6f578bf62dp-24,6.49515267229727954e-08
31,35,0x1.4fb35b313a933p-25,0x1.06f58dc35d9ap-217,0x1.4fb35b313a934p-25,3.90806945778977105e-08
31,36,0x1.938e3f0706d1dp-26,0x1.06f58dc35d9ap-217,0x1.938e3f0706d1ep-26,2.34900303896592997e-08
31,37,0x1.e4a21c424abfcp-27,0x1.06f58dc35d9ap-217,0x1.e4a21c424abfdp-27,1.41046837582661604e-08
31,38,0x1.22b5f30ad1769p-27,0x1.06f58dc35d9ap-217,0x1.22b5f30ad176ap-27,8.46079608252499394e-09
31,39,0x1.5c6e3a69796a2p-28,0x1.06f58dc35d9ap-217,0x1.5c6e3a69796a3p-28,5.07033224561779078e-09
31,40,0x1.a13678042e5ebp-29,0x1.06f58dc35d9ap-217,0x1.a13678042e5ecp-29,3.03562242191330343e-09
31,41,0x1.f31b5a58f947dp-30,0x1.06f58dc35d9ap-217,0x1.f31b5a58f947ep-30,1.81574013311279329e-09
31,42,0x1.2a43d2cc6c0e7p-30,0x1.06f58dc35d9ap-217,0x1.2a43d2cc6c0e8p-30,1.08508151344798374e-09
31,43,0x1.642a461edaa3p-31,0x1.06f58dc35d9ap-217,0x1.642a461edaa31p-31,6.47860601846840115e-10
31,44,0x1.a8ee6454b9e07p-32,0x1.06f58dc35d9ap-217,0x1.a8ee6454b9e08p-32,3.86472691779066974e-10
31,45,0x1.fa89758bcc5b1p-33,0x1.06f58dc35d9ap-217,0x1.fa89758bcc5b2p-33,2.30346336075375014e-10
31,46,0x1.2da6d85e9029bp-33,0x1.06f58dc35d9ap-217,0x1.2da6d85e9029cp-33,1.37175329216388352e-10
31,47,0x1.66fab4ff66f8cp-34,0x1.06f58dc35d9ap-217,0x1.66fab4ff66f8dp-34,8.16224483753991734e-11
31,48,0x1.aada6253ecf21p-35,0x1.06f58dc35d9ap-217,0x1.aada6253ecf22p-35,4.85275748887581682e-11
31,49,0x1.fb27287a487ap-36,0x1.06f58dc35d9ap-217,0x1.fb27287a487a1p-36,2.88283082108025602e-11
31,50,0x1.2d0ac33fa5edp-36,0x1.06f58dc35d9ap-217,0x1.2d0ac33fa5ed1p-36,1.71122588743396859e-11
31,51,0x1.651d94e1f66f1p-37,0x1.06f58dc35d9ap-217,0x1.651d94e1f66f2p-37,1.01498344809898450e-11
31,52,0x1.a74f9625f7d6fp-38,0x1.06f58dc35d9ap-217,0x1.a74f9625f7d7p-38,6.01560948370314381e-12
31,53,0x1.f5667b2aab03cp-39,0x1.06f58dc35d9ap-217,0x1.f5667b2aab03dp-39,3.56266352862822996e-12
31,54,0x1.28ba8b7529c81p-39,0x1.06f58dc35d9ap-217,0x1.28ba8b7529c82p-39,2.10838415494515058e-12
31,55,0x1.5ef40bb44bf93p-40,0x1.06f58dc35d9ap-217,0x1.5ef40bb44bf94p-40,1.24683660229580347e-12
31,56,0x1.9eca669b6ddc7p-41,0x1.06f58dc35d9ap-217,0x1.9eca669b6ddc8p-41,7.36816169252533724e-13
31,57,0x1.e9e528023c0fp-42,0x1.06f58dc35d9ap-217,0x1.e9e528023c0f1p-42,4.35114292804743855e-13
31,58,0x1.21195796a698ep-42,0x1.06f58dc35d9ap-217,0x1.21195796a698fp-42,2.56771486512383029e-13
31,59,0x1.54f9d938f34c8p-43,0x1.06f58dc35d9ap-217,0x1.54f9d938f34c9p-43,1.51423749451200141e-13
31,60,0x1.91e44a7e51029p-44,0x1.06f58dc35d9ap-217,0x1.91e44a7e5102ap-44,8.92378974447355447e-14
31,61,0x1.d9606b3c482d9p-45,0x1.06f58dc35d9ap-217,0x1.d9606b3c482dap-45,5.25553640921565176e-14
31,62,0x1.169b3bc52475ap-45,0x1.06f58dc35d9ap-217,0x1.169b3bc52475bp-45,3.09315218737403361e-14
31,63,0x1.47bcbdad9b4e3p-46,0x1.06f58dc35d9ap-217,0x1.47bcbdad9b4e4p-46,1.81930731179500581e-14
31,64,0x1.8149a111f5b56p-47,0x1.06f58dc35d9ap-217,0x1.8149a111f5b57p-47,1.06938795037405262e-14
31,65,0x1.c4a9108c88dccp-48,0x1.06f58dc35d9ap-217,0x1.c4a9108c88dcdp-48,6.28192510186893849e-15
31,66,0x1.09be38f37b952p-48,0x1.06f58dc35d9ap-217,0x1.09be38f37b953p-48,3.68792574957491119e-15
31,67,0x1.37d44b6482691p-49,0x1.06f58dc35d9ap-217,0x1.37d44b6482692p-49,2.16375025813292210e-15
31,68,0x1.6db02b813e2b6p-50,0x1.06f58dc35d9ap-217,0x1.6db02b813e2b7p-50,1.26873568537037806e-15
31,69,0x1.ac98654b14262p-51,0x1.06f58dc35d9ap-217,0x1.ac98654b14263p-51,7.43494320992630865e-16
31,70,0x1.f607b0c97e475p-52,0x1.06f58dc35d9ap-217,0x1.f607b0c97e476p-52,4.35441649150264898e-16
31,71,0x1.25da8833de326p-52,0x1.06f58dc35d9ap-217,0x1.25da8833de327p-52,2.54877404587131439e-16
31,72,0x1.57ce953a82774p-53,0x1.06f58dc35d9ap-217,0x1.57ce953a82775p-53,1.49102503151008710e-16
31,73,0x1.9206862d441abp-54,0x1.06f58dc35d9ap-217,0x1.9206862d441acp-54,8.71753808193761771e-17
31,74,0x1.d5d746686c1c9p-55,0x1.06f58dc35d9ap-217,0x1.d5d746686c1cap-55,5.09402544114991263e-17
31,75,0x1.1265a28181a4dp-55,0x1.06f58dc35d9ap-217,0x1.1265a28181a4ep-55,2.97501835333732677e-17
31,76,0x1.4055525809f71p-56,0x1.06f58dc35d9ap-217,0x1.4055525809f72p-56,1.73653023231765700e-17
31,77,0x1.75c2521e9cd74p-57,0x1.06f58dc35d9ap-217,0x1.75c2521e9cd75p-57,1.01307597712607806e-17
31,78,0x1.b3dd36941d3a1p-58,0x1.06f58dc35d9ap-217,0x1.b3dd36941d3a2p-58,5.90706024205782207e-18
31,79,0x1.fc05be1cbd221p-59,0x1.06f58dc35d9ap-217,0x1.fc05be1cbd222p-59,3.44249390368654287e-18
31,80,0x1.27e8f7da7e22ep-59,0x1.06f58dc35d9ap-217,0x1.27e8f7da7e22fp-59,2.00516437183766212e-18
31,81,0x1.588b232e04beap-60,0x1.06f58dc35d9ap-217,0x1.588b232e04bebp-60,1.16735880385519423e-18
31,82,0x1.90f787c46201ap-61,0x1.06f58dc35d9ap-217,0x1.90f787c46201bp-61,6.79264376191653437e-19
31,83,0x1.d2659452aeeb6p-62,0x1.06f58dc35d9ap-217,0x1.d2659452aeeb7p-62,3.95053451417580765e-19
31,84,0x1.0f1e136cfc0a3p-62,0x1.06f58dc35d9ap-217,0x1.0f1e136cfc0a4p-62,2.29645441450978818e-19
31,85,0x1.3b0c4c8ee0935p-63,0x1.06f58dc35d9ap-217,0x1.3b0c4c8ee0936p-63,1.33428036272471105e-19
31,86,0x1.6deb69636d668p-64,0x1.06f58dc35d9ap-217,0x1.6deb69636d669p-64,7.74864844091525266e-20
31,87,0x1.a8cd431e7668bp-65,0x1.06f58dc35d9ap-217,0x1.a8cd431e7668cp-65,4.49776406538482031e-20
31,88,0x1.ecece12fcb0a5p-66,0x1.06f58dc35d9ap-217,0x1.ecece12fcb0a6p-66,2.60952486885714449e-20
31,89,0x1.1dda4245d8441p-66,0x1.06f58dc35d9ap-217,0x1.1dda4245d8442p-66,1.51329092511180788e-20
31,90,0x1.4b624853956d6p-67,0x1.06f58dc35d9ap-217,0x1.4b624853956d7p-67,8.77165922310568207e-21
31,91,0x1.7ffdb8967e4c3p-68,0x1.06f58dc35d9ap-217,0x1.7ffdb8967e4c4p-68,5.08207986438334896e-21
31,92,0x1.bcbf4fd6b0b3ep-69,0x1.06f58dc35d9ap-217,0x1.bcbf4fd6b0b3fp-69,2.94309083171137454e-21
31,93,0x1.01713c561e413p-69,0x1.06f58dc35d9ap-217,0x1.01713c561e414p-69,1.70361041336648883e-21
31,94,0x1.29e896914160ap-70,0x1.06f58dc35d9ap-217,0x1.29e896914160bp-70,9.85696699144764676e-22
31,95,0x1.5895567bf4677p-71,0x1.06f58dc35d9ap-217,0x1.5895567bf4678p-71,5.70065334536371746e-22
31,96,0x1.8e6592e6f2ef8p-72,0x1.06f58dc35d9ap-217,0x1.8e6592e6f2ef9p-72,3.29546086562889167e-22
31,97,0x1.cc6a3748aaa08p-73,0x1.06f58dc35d9ap-217,0x1.cc6a3748aaa09p-73,1.90423142013555120e-22
31,98,0x1.09edfef707cc4p-73,0x1.06f58dc35d9ap-217,0x1.09edfef707cc5p-73,1.09985934369139172e-22
31,99,0x1.33108e0836d7fp-74,0x1.06f58dc35d9ap-217,0x1.33108e0836d8p-74,6.34994848847584244e-23
31,100,0x1.6269dc0a96af8p-75,0x1.06f58dc35d9ap-217,0x1.6269dc0a96af9p-75,3.66454984317918402e-23
31,101,0x1.98e4a2bc713a8p-76,0x1.06f58dc35d9ap-217,0x1.98e4a2bc713a9p-76,2.11392782295674605e-23
31,102,0x1.d78d72c7a70ebp-77,0x1.06f58dc35d9ap-217,0x1.d78d72c7a70ecp-77,1.21893472753173912e-23
31,103,0x1.0fcbbc19015e2p-77,0x1.06f58dc35d9ap-217,0x1.0fcbbc19015e3p-77,7.02575776577163843e-24
31,104,0x1.3930f36ca8462p-78,0x1.06f58dc35d9ap-217,0x1.3930f36ca8463p-78,4.04790157097453736e-24
31,105,0x1.68bf12ccc6bafp-79,0x1.06f58dc35d9ap-217,0x1.68bf12ccc6bbp-79,2.33126884447209602e-24
31,106,0x1.9f5b68dab662ap-80,0x1.06f58dc35d9ap-217,0x1.9f5b68dab662bp-80,1.34209107232725483e-24
31,107,0x1.de0bdbbab388dp-81,0x1.06f58dc35d9ap-217,0x1.de0bdbbab388ep-81,7.72325486505839656e-25
31,108,0x1.12fdb82ef4e2p-81,0x1.06f58dc35d9ap-217,0x1.12fdb82ef4e21p-81,4.44272069630707206e-25
31,109,0x1.3c3fb7a4c3cfcp-82,0x1.06f58dc35d9ap-217,0x1.3c3fb7a4c3cfdp-82,2.55463823685443318e-25
31,110,0x1.6b8e9de33e694p-83,0x1.06f58dc35d9ap-217,0x1.6b8e9de33e695p-83,1.46839541955738553e-25
31,111,0x1.a1c87a8ea10d3p-84,0x1.06f58dc35d9ap-217,0x1.a1c87a8ea10d4p-84,8.43706291935582420e-26
31,112,0x1.dfea7e4894f37p-85,0x1.06f58dc35d9ap-217,0x1.dfea7e4894f38p-85,4.84591311173959912e-26
31,113,0x1.138a9f908e54dp-85,0x1.06f58dc35d9ap-217,0x1.138a9f908e54ep-85,2.78225811145434649e-26
31,114,0x1.3c48c7bfeec43p-86,0x1.06f58dc35d9ap-217,0x1.3c48c7bfeec44p-86,1.59682763250836999e-26
31,115,0x1.6aeafd5d9c7cp-87,0x1.06f58dc35d9ap-217,0x1.6aeafd5d9c7c1p-87,9.16133650046368280e-27
31,116,0x1.a0467e84c08bep-88,0x1.06f58dc35d9ap-217,0x1.a0467e84c08bfp-88,5.25413381820030224e-27
31,117,0x1.dd4e079f4c6b2p-89,0x1.06f58dc35d9ap-217,0x1.dd4e079f4c6b3p-89,3.01221679677677757e-27
31,118,0x1.118ae879ce0c2p-89,0x1.06f58dc35d9ap-217,0x1.118ae879ce0c3p-89,1.72629656626171131e-27
31,119,0x1.396c09b56f4fdp-90,0x1.06f58dc35d9ap-217,0x1.396c09b56f4fep-90,9.88985523572600276e-28
31,120,0x1.66fd1309c6e75p-91,0x1.06f58dc35d9ap-217,0x1.66fd1309c6e76p-91,5.66384099349003804e-28
31,121,0x1.9b09240db0e09p-92,0x1.06f58dc35d9ap-217,0x1.9b09240db0e0ap-92,3.24249999415016833e-28
31,122,0x1.d67716bd621a6p-93,0x1.06f58dc35d9ap-217,0x1.d67716bd621a7p-93,1.85565798117705125e-28
31,123,0x1.0d2699d657989p-93,0x1.06f58dc35d9ap-217,0x1.0d2699d65798ap-93,1.06161265896950382e-28
31,124,0x1.33dab11660a7cp-94,0x1.06f58dc35d9ap-217,0x1.33dab11660a7dp-94,6.07135484699104286e-29
31,125,0x1.6000f22066f86p-95,0x1.06f58dc35d9ap-217,0x1.6000f22066f87p-95,3.47102441412978121e-29
31,126,0x1.9259581cdb6e7p-96,0x1.06f58dc35d9ap-217,0x1.9259581cdb6e8p-96,1.98373373088283626e-29
31,127,0x1.cbbdbe0589b2ep-97,0x1.06f58dc35d9ap-217,0x1.cbbdbe0589b2fp-97,1.13334951254320706e-29
31,128,0x1.0692a43b20fd2p-97,0x1.06f58dc35d9ap-217,0x1.0692a43b20fd3p-97,6.47291972691664816e-30
31,129,0x1.2bd4202a2ba19p-98,0x1.06f58dc35d9ap-217,0x1.2bd4202a2ba1ap-98,3.69567301979768563e-30
31,130,0x1.564236484c78dp-99,0x1.06f58dc35d9ap-217,0x1.564236484c78ep-99,2.10933172803546102e-30
31,131,0x1.8690fd85aa2bep-100,0x1.06f58dc35d9ap-217,0x1.8690fd85aa2bfp-100,1.20352554280074815e-30
31,132,0x1.bd8c854e47ae3p-101,0x1.06f58dc35d9ap-217,0x1.bd8c854e47ae4p-101,6.86476788556381445e-31
31,133,0x1.fc1bf53d47afbp-102,0x1.06f58dc35d9ap-217,0x1.fc1bf53d47afcp-102,3.91433097644015449e-31
31,134,0x1.21a2896d475b4p-102,0x1.06f58dc35d9ap-217,0x1.21a2896d475b5p-102,2.23126618033431630e-31
31,135,0x1.4a181d113a528p-103,0x1.06f58dc35d9ap-217,0x1.4a181d113a529p-103,1.27147658358227099e-31
31,136,0x1.78166b933d29p-104,0x1.06f58dc35d9ap-217,0x1.78166b933d291p-104,7.24318330043782600e-32
31,137,0x1.ac5b386a87b0ap-105,0x1.06f58dc35d9ap-217,0x1.ac5b386a87b0bp-105,4.12492141014397911e-32
31,138,0x1.e7bd2b757dc6ap-106,0x1.06f58dc35d9ap-217,0x1.e7bd2b757dc6bp-106,2.34837759506776728e-32
31,139,0x1.159781d04d843p-106,0x1.06f58dc35d9ap-217,0x1.159781d04d844p-106,1.33655601804292260e-32
31,140,0x1.3be19847358ffp-107,0x1.06f58dc35d9ap-217,0x1.3be19847359p-107,7.60456399250143816e-33
31,141,0x1.6757eff90575dp-108,0x1.06f58dc35d9ap-217,0x1.6757eff90575ep-108,4.32544010909092759e-33
31,142,0x1.98a9c66aefdffp-109,0x1.06f58dc35d9ap-217,0x1.98a9c66aefep-109,2.45955207178951593e-33
31,143,0x1.d09d105f5f6fcp-110,0x1.06f58dc35d9ap-217,0x1.d09d105f5f6fdp-110,1.39814548760216328e-33
31,144,0x1.0808ae2181803p-110,0x1.06f58dc35d9ap-217,0x1.0808ae2181804p-110,7.94548137305785791e-34
31,145,0x1.2c01883a47ecp-111,0x1.06f58dc35d9ap-217,0x1.2c01883a47ec1p-111,4.51398835821197875e-34
31,146,0x1.54c7884c50b0cp-112,0x1.06f58dc35d9ap-217,0x1.54c7884c50b0dp-112,2.56373943803990366e-34
31,147,0x1.82fb6b4094428p-113,0x1.06f58dc35d9ap-217,0x1.82fb6b4094429p-113,1.45566489163934413e-34
31,148,0x1.b7528656f2fe4p-114,0x1.06f58dc35d9ap-217,0x1.b7528656f2fe5p-114,8.26273528231114434e-35
31,149,0x1.f2995d0b03ca6p-115,0x1.06f58dc35d9ap-217,0x1.f2995d0b03ca7p-115,4.68880317706041120e-35
31,150,0x1.1adb4431d20f1p-115,0x1.06f58dc35d9ap-217,0x1.1adb4431d20f2p-115,2.65996983036536776e-35
31,151,0x1.40d6fcbea42dbp-116,0x1.06f58dc35d9ap-217,0x1.40d6fcbea42dcp-116,1.50858146183047480e-35
31,152,0x1.6bd25123d5a2cp-117,0x1.06f58dc35d9ap-217,0x1.6bd25123d5a2dp-117,8.55340354870279335e-36
31,153,0x1.9c72485d361b7p-118,0x1.06f58dc35d9ap-217,0x1.9c72485d361b8p-118,4.84828432834394305e-36
31,154,0x1.d370c51aa8a48p-119,0x1.06f58dc35d9ap-217,0x1.d370c51aa8a49p-119,2.74736837997272352e-36
31,155,0x1.08cf8d9723b58p-119,0x1.06f58dc35d9ap-217,0x1.08cf8d9723b59p-119,1.55641772827682115e-36
31,156,0x1.2bf47aa31d675p-120,0x1.06f58dc35d9ap-217,0x1.2bf47aa31d676p-120,8.81488509113258482e-37
31,157,0x1.53abca3fe445bp-121,0x1.06f58dc35d9ap-217,0x1.53abca3fe445cp-121,4.99101757618477442e-37
31,158,0x1.808aba3f1ebp-122,0x1.06f58dc35d9ap-217,0x1.808aba3f1eb01p-122,2.82516772670700958e-37
31,159,0x1.b3392ff702128p-123,0x1.06f58dc35d9ap-217,0x1.b3392ff702129p-123,1.59875823156095232e-37
31,160,0x1.ec74015f12f9ep-124,0x1.06f58dc35d9ap-217,0x1.ec74015f12f9fp-124,9.04493579812911721e-38
31,161,0x1.1687c23926dc5p-124,0x1.06f58dc35d9ap-217,0x1.1687c23926dc6p-124,5.11579379431789796e-38
31,162,0x1.3afd368e3159dp-125,0x1.06f58dc35d9ap-217,0x1.3afd368e3159ep-125,2.89271815410016762e-38
31,163,0x1.64208176031c3p-126,0x1.06f58dc35d9ap-217,0x1.64208176031c4p-126,1.63525487413720175e-38
31,164,0x1.92885c6a24bffp-127,0x1.06f58dc35d9ap-217,0x1.92885c6a24cp-127,9.24169664082901400e-39
31,165,0x1.c6de193acc617p-128,0x1.06f58dc35d9ap-217,0x1.c6de193acc618p-128,5.22162365054573814e-39
31,166,0x1.00eff0eded7c8p-128,0x1.06f58dc35d9ap-217,0x1.00eff0eded7c9p-128,2.94949520946153094e-39
31,167,0x1.22319e3d26edap-129,0x1.06f58dc35d9ap-217,0x1.22319e3d26edbp-129,1.66563084460292675e-39
31,168,0x1.47abede5330bdp-130,0x1.06f58dc35d9ap-217,0x1.47abede5330bep-130,9.40371370236568785e-40
31,169,0x1.71e56233321a8p-131,0x1.06f58dc35d9ap-217,0x1.71e56233321a9p-131,5.30774772046204561e-40
31,170,0x1.a174e88b99b4ep-132,0x1.06f58dc35d9ap-217,0x1.a174e88b99b4fp-132,2.99510474394300786e-40
31,171,0x1.d703d07f48a05p-133,0x1.06f58dc35d9ap-217,0x1.d703d07f48a06p-133,1.68968308806419373e-40
31,172,0x1.09a7fef612131p-133,0x1.06f58dc35d9ap-217,0x1.09a7fef612132p-133,9.52995002756685263e-41
31,173,0x1.2b972e7a5bfadp-134,0x1.06f58dc35d9ap-217,0x1.2b972e7a5bfaep-134,5.37364200667552686e-41
31,174,0x1.51c6cfaf49dfbp-135,0x1.06f58dc35d9ap-217,0x1.51c6cfaf49dfcp-135,3.02928537598469776e-41
31,175,0x1.7cbca5e08cac4p-136,0x1.06f58dc35d9ap-217,0x1.7cbca5e08cac5p-136,1.70728333378507538e-41
31,176,0x1.ad0e93f03ab66p-137,0x1.06f58dc35d9ap-217,0x1.ad0e93f03ab67p-137,9.61978940706087322e-42
31,177,0x1.e364844e97537p-138,0x1.06f58dc35d9ap-217,0x1.e364844e97538p-138,5.41901895588227066e-42
31,178,0x1.103d44c2bd0e9p-138,0x1.06f58dc35d9ap-217,0x1.103d44c2bd0eap-138,3.05190844556299003e-42
31,179,0x1.32919ee31350fp-139,0x1.06f58dc35d9ap-217,0x1.32919ee31351p-139,1.71837772653009397e-42
31,180,0x1.5925345000c0dp-140,0x1.06f58dc35d9ap-217,0x1.5925345000c0ep-140,9.67303240326021647e-43
31,181,0x1.847bf9691f61dp-141,0x1.06f58dc35d9ap-217,0x1.847bf9691f61ep-141,5.44382417207110758e-43
31,182,0x1.b5299886469ccp-142,0x1.06f58dc35d9ap-217,0x1.b5299886469cdp-142,3.06297558457125099e-43
31,183,0x1.ebd347b6a2344p-143,0x1.06f58dc35d9ap-217,0x1.ebd347b6a2345p-143,1.72298513959188541e-43
31,184,0x1.1498ea28558edp-143,0x1.06f58dc35d9ap-217,0x1.1498ea28558eep-143,9.68988509753125466e-44
31,185,0x1.3709f52f88a5fp-144,0x1.06f58dc35d9ap-217,0x1.3709f52f88a6p-144,5.44822911741491388e-44
31,186,0x1.5db04f509f28cp-145,0x1.06f58dc35d9ap-217,0x1.5db04f509f28dp-145,3.06261407915450755e-44
31,187,0x1.890d214990a37p-146,0x1.06f58dc35d9ap-217,0x1.890d214990a38p-146,1.72119427475504104e-44
31,188,0x1.b9b0c560b03a4p-147,0x1.06f58dc35d9ap-217,0x1.b9b0c560b03a5p-147,9.67094118460065427e-45
31,189,0x1.f03c884b8273bp-148,0x1.06f58dc35d9ap-217,0x1.f03c884b8273cp-148,5.43262017115268958e-45
31,190,0x1.16b24e74a62a2p-148,0x1.06f58dc35d9ap-217,0x1.16b24e74a62a3p-148,3.05107024194484345e-45
31,191,0x1.38f9243b48844p-149,0x1.06f58dc35d9ap-217,0x1.38f9243b48845p-149,1.71315967690074230e-45
31,192,0x1.5f6326be12dcbp-150,0x1.06f58dc35d9ap-217,0x1.5f6326be12dccp-150,9.61715815946636432e-46
31,193,0x1.8a6dce3563ff3p-151,0x1.06f58dc35d9ap-217,0x1.8a6dce3563ff4p-151,5.39758447979858962e-46
31,194,0x1.baa528ca7f1d2p-152,0x1.06f58dc35d9ap-217,0x1.baa528ca7f1d3p-152,3.02870104531450608e-46
31,195,0x1.f0a5848735908p-153,0x1.06f58dc35d9ap-217,0x1.f0a5848735909p-153,1.69909680832197241e-46
31,196,0x1.168ea478f2f2dp-153,0x1.06f58dc35d9ap-217,0x1.168ea478f2f2ep-153,9.52982843246245956e-47
31,197,0x1.386782c8fba6dp-154,0x1.06f58dc35d9ap-217,0x1.386782c8fba6ep-154,5.34389307874184323e-47
31,198,0x1.5e49dd94aaca5p-155,0x1.06f58dc35d9ap-217,0x1.5e49dd94aaca6p-155,2.99596429073590598e-47
31,199,0x1.88aeb30787cfdp-156,0x1.06f58dc35d9ap-217,0x1.88aeb30787cfep-156,1.67927634000653667e-47
31,200,0x1.b81ce863d6fabp-157,0x1.06f58dc35d9ap-217,0x1.b81ce863d6facp-157,9.41054626942082403e-48
31,201,0x1.ed2adb5d6ea9bp-158,0x1.06f58dc35d9ap-217,0x1.ed2adb5d6ea9cp-158,5.27248179572325244e-48
31,202,0x1.14400fef63988p-158,0x1.06f58dc35d9ap-217,0x1.14400fef63989p-158,2.95340760418855324e-48
31,203,0x1.356bb78572d38p-159,0x1.06f58dc35d9ap-217,0x1.356bb78572d39p-159,1.65401782423994830e-48
31,204,0x1.5a8066692482cp-160,0x1.06f58dc35d9ap-217,0x1.5a8066692482dp-160,9.26117148678730050e-49
31,205,0x1.83f1f501235e8p-161,0x1.06f58dc35d9ap-217,0x1.83f1f501235e9p-161,5.18443046131163092e-49
31,206,0x1.b24164ab58933p-162,0x1.06f58dc35d9ap-217,0x1.b24164ab58934p-162,2.90165655364242354e-49
31,207,0x1.e5fe576361d66p-163,0x1.06f58dc35d9ap-217,0x1.e5fe576361d67p-163,1.62368291512163551e-49
31,208,0x1.0fe4584276d51p-163,0x1.06f58dc35d9ap-217,0x1.0fe4584276d52p-163,9.08379083763405692e-50
31,209,0x1.3029318a15ad6p-164,0x1.06f58dc35d9ap-217,0x1.3029318a15ad7p-164,5.08094095133612384e-50
31,210,0x1.5430b936c9bbap-165,0x1.06f58dc35d9ap-217,0x1.5430b936c9bbcp-165,2.84140218258129767e-50
31,211,0x1.7c691560da465p-166,0x1.06f58dc35d9ap-217,0x1.7c691560da468p-166,1.58866830134591403e-50
31,212,0x1.a94ccba9532c8p-167,0x1.06f58dc35d9ap-217,0x1.a94ccba9532cdp-167,8.88067800599647502e-51
31,213,0x1.db641e8455524p-168,0x1.06f58dc35d9ap-217,0x1.db641e845552dp-168,4.96331457259832269e-51
31,214,0x1.09a34828f63f3p-168,0x1.06f58dc35d9ap-217,0x1.09a34828f63fcp-168,2.77338824411056738e-51
31,215,0x1.28ce4824c89cp-169,0x1.06f58dc35d9ap-217,0x1.28ce4824c89d1p-169,1.54939850934946447e-51
31,216,0x1.4b90aad3d57c1p-170,0x1.06f58dc35d9ap-217,0x1.4b90aad3d57e2p-170,8.65425308665075206e-52
31,217,0x1.7252770145a8dp-171,0x1.06f58dc35d9ap-217,0x1.7252770145acfp-171,4.83292927772548953e-52
31,218,0x1.9d87421747772p-172,0x1.06f58dc35d9ap-217,0x1.9d874217477f6p-172,2.69839840436978020e-52
31,219,0x1.cdaf72d445659p-173,0x1.06f58dc35d9ap-217,0x1.cdaf72d44576p-173,1.50631872521942065e-52
31,220,0x1.01acd346ef93ap-173,0x1.06f58dc35d9ap-217,0x1.01acd346efa41p-173,8.40704236852205695e-53
31,221,0x1.1f921e51a8dc8p-174,0x1.06f58dc35d9ap-217,0x1.1f921e51a8fd6p-174,4.69121715957018685e-53
31,222,0x1.40df86106f7ccp-175,0x1.06f58dc35d9ap-217,0x1.40df86106fbe8p-175,2.61724366279498913e-53
31,223,0x1.65f6a3ffaece9p-176,0x1.06f58dc35d9ap-217,0x1.65f6a3ffaf521p-176,1.45988777119200260e-53
31,224,0x1.8f43cb6faef86p-177,0x1.06f58dc35d9ap-217,0x1.8f43cb6fafff6p-177,8.14163916579164918e-54
31,225,0x1.bd3f31cfa6becp-178,0x1.06f58dc35d9ap-217,0x1.bd3f31cfa8ccbp-178,4.53964263205696649e-54
31,226,0x1.f06e365c71e56p-179,0x1.06f58dc35d9ap-217,0x1.f06e365c76014p-179,2.53075021135756480e-54
31,227,0x1.14b2663b4b075p-179,0x1.06f58dc35d9ap-217,0x1.14b2663b4f233p-179,1.41057135778049462e-54
31,228,0x1.3463861c45df2p-180,0x1.06f58dc35d9ap-217,0x1.3463861c4e16dp-180,7.86066635501739024e-55
31,229,0x1.57a576a20c14ep-181,0x1.06f58dc35d9ap-217,0x1.57a576a21c844p-181,4.37968165483024002e-55
31,230,0x1.7edd18125ebbdp-182,0x1.06f58dc35d9ap-217,0x1.7edd18127f9a9p-182,2.43974792637287777e-55
31,231,0x1.aa7a3d8b670cap-183,0x1.06f58dc35d9ap-217,0x1.aa7a3d8ba8ca1p-183,1.35883571619125902e-55
31,232,0x1.daf8d7bfc336fp-184,0x1.06f58dc35d9ap-217,0x1.daf8d7c046b1cp-184,7.56674118283891268e-56
31,233,0x1.08711f7af48c8p-184,0x1.06f58dc35d9ap-217,0x1.08711f7b78075p-184,4.21280230557691410e-56
31,234,0x1.26674fc091a69p-185,0x1.06f58dc35d9ap-217,0x1.26674fc1989c2p-185,2.34505965606616732e-56
31,235,0x1.47b3461eac992p-186,0x1.06f58dc35d9ap-217,0x1.47b34620ba844p-186,1.30514169847138403e-56
31,236,0x1.6cb25d78f9c55p-187,0x1.06f58dc35d9ap-217,0x1.6cb25d7d159b9p-187,7.26244281192394042e-57
31,237,0x1.95cbf77228144p-188,0x1.06f58dc35d9ap-217,0x1.95cbf77a5fc0bp-188,4.04044694979722049e-57
31,238,0x1.c3728b281b7d9p-189,0x1.06f58dc35d9ap-217,0x1.c3728b388ad67p-189,2.24749143729454526e-57
31,239,0x1.f624cffac9b2dp-190,0x1.06f58dc35d9ap-217,0x1.f624d01ba8649p-190,1.24993941681979839e-57
31,240,0x1.1737839bd809dp-190,0x1.06f58dc35d9ap-217,0x1.173783bcb6bb9p-190,6.95028299061378815e-58
31,241,0x1.367633e655923p-191,0x1.06f58dc35d9ap-217,0x1.3676342812f5bp-191,3.86401621960223269e-58
31,242,0x1.592457ba6f4b5p-192,0x1.06f58dc35d9ap-217,0x1.5924583dea124p-192,2.14782376145046482e-58
31,243,0x1.7fa0ee94fd9dfp-193,0x1.06f58dc35d9ap-217,0x1.7fa0ef9bf32bcp-193,1.19366349411071031e-58
31,244,0x1.aa550c8216354p-194,0x1.06f58dc35d9ap-217,0x1.aa550e900150dp-194,6.63268031676070742e-59
31,245,0x1.d9b4e70df79ebp-195,0x1.06f58dc35d9ap-217,0x1.d9b4eb29cdd5cp-195,3.68485514266968744e-59
31,246,0x1.07207edce46aep-195,0x1.06f58dc35d9ap-217,0x1.072082f8baa1fp-195,2.04680416435501060e-59
31,247,0x1.2443b05a94f7cp-196,0x1.06f58dc35d9ap-217,0x1.2443b8924165ep-196,1.13672916688063985e-59
31,248,0x1.44928c7033b0dp-197,0x1.06f58dc35d9ap-217,0x1.44929cdf8c8d1p-197,6.31194034197591012e-60
31,249,0x1.6863da30f3dc2p-198,0x1.06f58dc35d9ap-217,0x1.6863fb0fa5949p-198,3.50424358812227848e-60
31,250,0x1.90177db118f57p-199,0x1.06f58dc35d9ap-217,0x1.9017bf6e7c665p-199,1.94514327163221315e-60
31,251,0x1.bc17686439674p-200,0x1.06f58dc35d9ap-217,0x1.bc17ebdf0048fp-200,1.07953135925747257e-60
31,252,0x1.ecd8a18684c1dp-201,0x1.06f58dc35d9ap-217,0x1.ecd9a87c12853p-201,5.99026268179025297e-61
31,253,0x1.116e3455d29e9p-201,0x1.06f58dc35d9ap-217,0x1.116f3b4b6061fp-201,3.32341222994217277e-61
31,254,0x1.2f58ba3f9174p-202,0x1.06f58dc35d9ap-217,0x1.2f5ac82aacfacp-202,1.84353556148958773e-61
31,255,0x1.507aa7baae39ep-203,0x1.06f58dc35d9ap-217,0x1.507ec390e5476p-203,1.02246806337660779e-61
31,256,0x1.752ae9b2a138dp-204,0x1.06f58dc35d9ap-217,0x1.7533215f0f53cp-204,5.66998927920926374e-62
31,257,0x1.9dc961a88a1c9p-205,0x1.06f58dc35d9ap-217,0x1.9dd9d10166527p-205,3.14379899146306217e-62
31,258,0x1.cabfbf99f12cp-206,0x1.06f58dc35d9ap-217,0x1.cae09e4ba997cp-206,1.74292063396627214e-62
31,259,0x1.fc8263785e925p-207,0x1.06f58dc35d9ap-217,0x1.fcc420dbcf69cp-207,9.66204643963436396e-63
31,260,0x1.19c89d29a1d57p-207,0x1.06f58dc35d9ap-217,0x1.1a0a5a8d12acep-207,5.35626828988333165e-63
31,261,0x1.383c3f9d64dcbp-208,0x1.06f58dc35d9ap-217,0x1.38bfba64468b8p-208,2.96972872687976791e-63
31,262,0x1.59e898aaa713fp-209,0x1.06f58dc35d9ap-217,0x1.5aef8e386a719p-209,1.64717602458305450e-63
31,263,0x1.7f2073846d7c4p-210,0x1.06f58dc35d9ap-217,0x1.812e5e9ff4378p-210,9.14378381804728269e-64
31,264,0x1.a83c2d0f5f608p-211,0x1.06f58dc35d9ap-217,0x1.ac5803466cd6fp-211,5.08420946391202447e-64
31,265,0x1.d597bfba88ee6p-212,0x1.06f58dc35d9ap-217,0x1.ddcf6c28a3db3p-212,2.83567471417140992e-64
31,266,0x1.03c741ecc7ccap-212,0x1.06f58dc35d9ap-217,0x1.0bfeee5ae2b97p-212,1.59048281700374684e-64
31,267,0x1.1f395de1d0f8ap-213,0x1.06f58dc35d9ap-217,0x1.2fa8b6be06d24p-213,9.01067178433475439e-65
31,268,0x1.3d3ec7c02fb9ep-214,0x1.06f58dc35d9ap-217,0x1.5e1d79789b6d2p-214,5.19459684508678782e-65
31,269,0x1.5dd8d5f485b93p-215,0x1.06f58dc35d9ap-217,0x1.9f9639655d1fbp-215,3.08299432801994160e-65
31,270,0x1.80d363d6a39bdp-216,0x1.06f58dc35d9ap-217,0x1.0227155c29347p-215,1.91508294037048395e-65
31,271,0x1.a59725452f1e8p-217,0x1.06f58dc35d9ap-217,0x1.56465984465c4p-216,1.26956780605751948e-65
31,272,0x1.cadc804a6cbccp-218,0x1.06f58dc35d9ap-217,0x1.ec63cde893f86p-217,9.13187749856419537e-66
31,273,0x1.ee2e4938c89d3p-219,0x1.06f58dc35d9ap-217,0x1.828120118fc15p-217,7.16812240672820080e-66
31,274,0x1.059500538abbfp-219,0x1.06f58dc35d9ap-217,0x1.485acdd84049p-217,6.08967642805860198e-66
31,275,0x1.0d3b5060d0941p-220,0x1.06f58dc35d9ap-217,0x1.289cf7cf77ac9p-217,5.50099671837133385e-66
31,276,0x1.084fd9ed4f16p-221,0x1.06f58dc35d9ap-217,0x1.177a8b62328b6p-217,5.18322036714623984e-66
31,277,0x1.dda767eec784ap-223,0x1.06f58dc35d9ap-217,0x1.0e6c2b6318b82p-217,5.01526468826515501e-66
31,278,0x1.6fe3149613e53p-224,0x1.06f58dc35d9ap-217,0x1.09d553ec89c1dp-217,4.93015277645499116e-66
31,279,0x1.824cd67f95e51p-226,0x1.06f58dc35d9ap-217,0x1.07b6b42e9d65p-217,4.89084214661695252e-66
31,280,0x0p+0,0x1.06f58dc35d9ap-217,0x1.06f58dc35d9ap-217,4.87684930594391003e-66
