height,threshold,known_upper_hex,unknown_moment_hex,total_upper_hex,total_upper_decimal
1,0,0x1.8bd61e7a41077p-6,0x1.1c4cdfe2c949cp-643,0x1.8bd61e7a41078p-6,2.41599366791125092e-02
1,1,0x1.6df3fb57f26cbp-8,0x1.1c4cdfe2c949cp-643,0x1.6df3fb57f26ccp-8,5.58400045697178202e-03
1,2,0x1.27b41e91a99bap-10,0x1.1c4cdfe2c949cp-643,0x1.27b41e91a99bbp-10,1.12801968172392022e-03
1,3,0x1.a7aed508997cfp-13,0x1.1c4cdfe2c949cp-643,0x1.a7aed508997dp-13,2.02027768199274180e-04
1,4,0x1.104fb2da23e7fp-15,0x1.1c4cdfe2c949cp-643,0x1.104fb2da23e8p-15,3.24620393296034052e-05
1,5,0x1.3d2bd7bee0151p-18,0x1.1c4cdfe2c949cp-643,0x1.3d2bd7bee0152p-18,4.72622008274054858e-06
1,6,0x1.518a7efa1e48bp-21,0x1.1c4cdfe2c949cp-643,0x1.518a7efa1e48cp-21,6.28719106345687348e-07
1,7,0x1.4a90de9cc7a4cp-24,0x1.1c4cdfe2c949cp-643,0x1.4a90de9cc7a4dp-24,7.69658705210265830e-08
1,8,0x1.2bbe64081433p-27,0x1.1c4cdfe2c949cp-643,0x1.2bbe640814331p-27,8.72369022866613412e-09
1,9,0x1.f9fda4250c381p-31,0x1.1c4cdfe2c949cp-643,0x1.f9fda4250c382p-31,9.20391877843254624e-10
1,10,0x1.8f63bac2acaebp-34,0x1.1c4cdfe2c949cp-643,0x1.8f63bac2acaecp-34,9.08106741208649774e-11
1,11,0x1.28059fe4517f3p-37,0x1.1c4cdfe2c949cp-643,0x1.28059fe4517f4p-37,8.41345044495639518e-12
1,12,0x1.9d8e96619332ap-41,0x1.1c4cdfe2c949cp-643,0x1.9d8e96619332bp-41,7.34624773695959240e-13
1,13,0x1.11237052bf9dap-44,0x1.1c4cdfe2c949cp-643,0x1.11237052bf9dbp-44,6.06489153712907881e-14
1,14,0x1.5621e3828987ap-48,0x1.1c4cdfe2c949cp-643,0x1.5621e3828987bp-48,4.74804054095476510e-15
1,15,0x1.9775802c7cf3fp-52,0x1.1c4cdfe2c949cp-643,0x1.9775802c7cf4p-52,3.53414335146470532e-16
1,16,0x1.ce7a0d0d232bep-56,0x1.1c4cdfe2c949cp-643,0x1.ce7a0d0d232bfp-56,2.50709154851035656e-17
1,17,0x1.f55e812fe6c72p-60,0x1.1c4cdfe2c949cp-643,0x1.f55e812fe6c73p-60,1.69870478475621256e-18
1,18,0x1.0416b7df62b95p-63,0x1.1c4cdfe2c949cp-643,0x1.0416b7df62b96p-63,1.10151867338839756e-19
1,19,0x1.02b91f018ca7p-67,0x1.1c4cdfe2c949cp-643,0x1.02b91f018ca71p-67,6.84834421214793323e-21
1,20,0x1.ee5823c5eb799p-72,0x1.1c4cdfe2c949cp-643,0x1.ee5823c5eb79ap-72,4.08912017457068448e-22
1,21,0x1.c64697cc55d75p-76,0x1.1c4cdfe2c949cp-643,0x1.c64697cc55d76p-76,2.34855060162672202e-23
1,22,0x1.921ff840bba78p-80,0x1.1c4cdfe2c949cp-643,0x1.921ff840bba79p-80,1.29933557046982405e-24
1,23,0x1.57592c56ac475p-84,0x1.1c4cdfe2c949cp-643,0x1.57592c56ac476p-84,6.93386436149672153e-26
1,24,0x1.1b20ca9e604b7p-88,0x1.1c4cdfe2c949cp-643,0x1.1b20ca9e604b8p-88,3.57357892358503420e-27
1,25,0x1.c37b68d9829dep-93,0x1.1c4cdfe2c949cp-643,0x1.c37b68d9829dfp-93,1.78078276674738546e-28
1,26,0x1.5c6f1f7c6c49ep-97,0x1.1c4cdfe2c949cp-643,0x1.5c6f1f7c6c49fp-97,8.58956309919698441e-30
1,27,0x1.048db07b77c45p-101,0x1.1c4cdfe2c949cp-643,0x1.048db07b77c46p-101,4.01446190393135942e-31
1,28,0x1.79ef1d694fbfap-106,0x1.1c4cdfe2c949cp-643,0x1.79ef1d694fbfbp-106,1.81968622378894873e-32
1,29,0x1.0a142fc5653f6p-110,0x1.1c4cdfe2c949cp-643,0x1.0a142fc5653f7p-110,8.00701925546350343e-34
1,30,0x1.6c01cf83f0ca8p-115,0x1.1c4cdfe2c949cp-643,0x1.6c01cf83f0ca9p-115,3.42310606079151196e-35
1,31,0x1.e435c4fd086f5p-120,0x1.1c4cdfe2c949cp-643,0x1.e435c4fd086f6p-120,1.42296540792281826e-36
1,32,0x1.39636776ab1fbp-124,0x1.1c4cdfe2c949cp-643,0x1.39636776ab1fcp-124,5.75603395780858555e-38
1,33,0x1.8b07a338d6ef4p-129,0x1.1c4cdfe2c949cp-643,0x1.8b07a338d6ef5p-129,2.26736005200213026e-39
1,34,0x1.e53953e8b751bp-134,0x1.1c4cdfe2c949cp-643,0x1.e53953e8b751cp-134,8.70327753231175649e-41
1,35,0x1.22958ba559138p-138,0x1.1c4cdfe2c949cp-643,0x1.22958ba559139p-138,3.25756112060699360e-42
1,36,0x1.53958e593bddap-143,0x1.1c4cdfe2c949cp-643,0x1.53958e593bddbp-143,1.18964705654199185e-43
1,37,0x1.836e5bd963b27p-148,0x1.1c4cdfe2c949cp-643,0x1.836e5bd963b28p-148,4.24145773482434503e-45
1,38,0x1.afc62dd21ea43p-153,0x1.1c4cdfe2c949cp-643,0x1.afc62dd21ea44p-153,1.47715926428298026e-46
1,39,0x1.d64a78950dc4dp-158,0x1.1c4cdfe2c949cp-643,0x1.d64a78950dc4ep-158,5.02790771006532780e-48
1,40,0x1.f4e51723df04bp-163,0x1.1c4cdfe2c949cp-643,0x1.f4e51723df04cp-163,1.67346771291287029e-49
1,41,0x1.04f694636d9b2p-167,0x1.1c4cdfe2c949cp-643,0x1.04f694636d9b3p-167,5.44916590788301572e-51
1,42,0x1.0a26a8982096ap-172,0x1.1c4cdfe2c949cp-643,0x1.0a26a8982096bp-172,1.73671637500279968e-52
1,43,0x1.09cd4ca54d83ep-177,0x1.1c4cdfe2c949cp-643,0x1.09cd4ca54d83fp-177,5.42012080302285870e-54
1,44,0x1.040cbce505f39p-182,0x1.1c4cdfe2c949cp-643,0x1.040cbce505f3ap-182,1.65713265940669734e-55
1,45,0x1.f2b1303eda6c3p-188,0x1.1c4cdfe2c949cp-643,0x1.f2b1303eda6c4p-188,4.96539011394860497e-57
1,46,0x1.d4cfea4ae9679p-193,0x1.1c4cdfe2c949cp-643,0x1.d4cfea4ae967ap-193,1.45871264435684008e-58
1,47,0x1.b04429546c6e2p-198,0x1.1c4cdfe2c949cp-643,0x1.b04429546c6e3p-198,4.20312423901001294e-60
1,48,0x1.8710c1f180fc5p-203,0x1.1c4cdfe2c949cp-643,0x1.8710c1f180fc6p-203,1.18828433990384716e-61
1,49,0x1.5b40f28376c8p-208,0x1.1c4cdfe2c949cp-643,0x1.5b40f28376c81p-208,3.29737103771046494e-63
1,50,0x1.2ec155de3a939p-213,0x1.1c4cdfe2c949cp-643,0x1.2ec155de3a93ap-213,8.98385208934651598e-65
1,51,0x1.03412c622ab2fp-218,0x1.1c4cdfe2c949cp-643,0x1.03412c622ab3p-218,2.40407173916820558e-66
1,52,0x1.b43bc64308bf3p-224,0x1.1c4cdfe2c949cp-643,0x1.b43bc64308bf4p-224,6.32062483995284155e-68
1,53,0x1.68b260dc472b5p-229,0x1.1c4cdfe2c949cp-643,0x1.68b260dc472b6p-229,1.63317718964469393e-69
1,54,0x1.253197ee8a7ccp-234,0x1.1c4cdfe2c949cp-643,0x1.253197ee8a7cdp-234,4.14854418345021468e-71
1,55,0x1.d4b7712ec4c6ap-240,0x1.1c4cdfe2c949cp-643,0x1.d4b7712ec4c6bp-240,1.03626631931616924e-72
1,56,0x1.7086e593b5a94p-245,0x1.1c4cdfe2c949cp-643,0x1.7086e593b5a95p-245,2.54612862066304017e-74
1,57,0x1.1d164ed2a48dep-250,0x1.1c4cdfe2c949cp-643,0x1.1d164ed2a48dfp-250,6.15515149002426110e-76
1,58,0x1.b2169051945efp-256,0x1.1c4cdfe2c949cp-643,0x1.b2169051945fp-256,1.46439778968595548e-77
1,59,0x1.455382df0ed45p-261,0x1.1c4cdfe2c949cp-643,0x1.455382df0ed46p-261,3.42965336190359783e-79
1,60,0x1.e0237ab13e725p-267,0x1.1c4cdfe2c949cp-643,0x1.e0237ab13e726p-267,7.90893135205111270e-81
1,61,0x1.5cf325b294871p-272,0x1.1c4cdfe2c949cp-643,0x1.5cf325b294872p-272,1.79623916029051014e-82
1,62,0x1.f3a6d40a4af77p-278,0x1.1c4cdfe2c949cp-643,0x1.f3a6d40a4af78p-278,4.01872775206567688e-84
1,63,0x1.60771442997b1p-283,0x1.1c4cdfe2c949cp-643,0x1.60771442997b2p-283,8.85905601957931264e-86
1,64,0x1.ea13561d3d95bp-289,0x1.1c4cdfe2c949cp-643,0x1.ea13561d3d95cp-289,1.92466127625528549e-87
1,65,0x1.4fd84a63b843cp-294,0x1.1c4cdfe2c949cp-643,0x1.4fd84a63b843dp-294,4.12173482692343050e-89
1,66,0x1.c5d4101c368dp-300,0x1.1c4cdfe2c949cp-643,0x1.c5d4101c368d1p-300,8.70267925613379439e-91
1,67,0x1.2e604dfc80b2fp-305,0x1.1c4cdfe2c949cp-643,0x1.2e604dfc80b3p-305,1.81200314731222317e-92
1,68,0x1.8d6b99e033444p-311,0x1.1c4cdfe2c949cp-643,0x1.8d6b99e033445p-311,3.72118659921322577e-94
1,69,0x1.01a4e794bc8d5p-316,0x1.1c4cdfe2c949cp-643,0x1.01a4e794bc8d6p-316,7.53879103409974660e-96
1,70,0x1.499b91d268322p-322,0x1.1c4cdfe2c949cp-643,0x1.499b91d268323p-322,1.50694975240366424e-97
1,71,0x1.a02110f36603p-328,0x1.1c4cdfe2c949cp-643,0x1.a02110f366031p-328,2.97268992889740927e-99
1,72,0x1.0345f388aa483p-333,0x1.1c4cdfe2c949cp-643,0x1.0345f388aa484p-333,5.78800883866609275e-101
1,73,0x1.3ef2868b05852p-339,0x1.1c4cdfe2c949cp-643,0x1.3ef2868b05853p-339,1.11252690798378402e-102
1,74,0x1.8364f377fc71bp-345,0x1.1c4cdfe2c949cp-643,0x1.8364f377fc71cp-345,2.11137221392130062e-104
1,75,0x1.d0a778b1e595ep-351,0x1.1c4cdfe2c949cp-643,0x1.d0a778b1e595fp-351,3.95695772191932896e-106
1,76,0x1.13395dd438f0ap-356,0x1.1c4cdfe2c949cp-643,0x1.13395dd438f0bp-356,7.32433195978506911e-108
1,77,0x1.4211afa10ab4ap-362,0x1.1c4cdfe2c949cp-643,0x1.4211afa10ab4bp-362,1.33921604929605312e-109
1,78,0x1.7459c1ee550a5p-368,0x1.1c4cdfe2c949cp-643,0x1.7459c1ee550a6p-368,2.41921076474611392e-111
1,79,0x1.a95c9b24b9e02p-374,0x1.1c4cdfe2c949cp-643,0x1.a95c9b24b9e03p-374,4.31817344712029030e-113
1,80,0x1.e03546786f65ep-380,0x1.1c4cdfe2c949cp-643,0x1.e03546786f65fp-380,7.61712652634662347e-115
1,81,0x1.0be9f48aa47e7p-385,0x1.1c4cdfe2c949cp-643,0x1.0be9f48aa47e8p-385,1.32802707868322661e-116
1,82,0x1.2782ea04c551p-391,0x1.1c4cdfe2c949cp-643,0x1.2782ea04c5511p-391,2.28878998774459263e-118
1,83,0x1.424025b2ff4a6p-397,0x1.1c4cdfe2c949cp-643,0x1.424025b2ff4a7p-397,3.89982803827021668e-120
1,84,0x1.5b76bf7a4e0fep-403,0x1.1c4cdfe2c949cp-643,0x1.5b76bf7a4e0ffp-403,6.57024283160398890e-122
1,85,0x1.727d7e43893f8p-409,0x1.1c4cdfe2c949cp-643,0x1.727d7e43893f9p-409,1.09463301359414511e-123
1,86,0x1.86b45e6650b3p-415,0x1.1c4cdfe2c949cp-643,0x1.86b45e6650b31p-415,1.80368344921846129e-125
1,87,0x1.978beb1fc7b1ap-421,0x1.1c4cdfe2c949cp-643,0x1.978beb1fc7b1bp-421,2.93974112620650557e-127
1,88,0x1.a48bf0580893dp-427,0x1.1c4cdfe2c949cp-643,0x1.a48bf0580893ep-427,4.73986584344943837e-129
1,89,0x1.ad5913e1962e3p-433,0x1.1c4cdfe2c949cp-643,0x1.ad5913e1962e4p-433,7.56103616847381376e-131
1,90,0x1.b1b8f8df2df04p-439,0x1.1c4cdfe2c949cp-643,0x1.b1b8f8df2df05p-439,1.19344920127239485e-132
1,91,0x1.b194ab41b388ap-445,0x1.1c4cdfe2c949cp-643,0x1.b194ab41b388bp-445,1.86415467625410930e-134
1,92,0x1.acf931bd11c3ep-451,0x1.1c4cdfe2c949cp-643,0x1.acf931bd11c3fp-451,2.88179025675406230e-136
1,93,0x1.a4164712ac656p-457,0x1.1c4cdfe2c949cp-643,0x1.a4164712ac657p-457,4.40951963766529338e-138
1,94,0x1.973b5cefbb4e4p-463,0x1.1c4cdfe2c949cp-643,0x1.973b5cefbb4e5p-463,6.67903653050225777e-140
1,95,0x1.86d327e8bd7dp-469,0x1.1c4cdfe2c949cp-643,0x1.86d327e8bd7d1p-469,1.00155363935537823e-141
1,96,0x1.735e0ae94d5bbp-475,0x1.1c4cdfe2c949cp-643,0x1.735e0ae94d5bcp-475,1.48701660306766783e-143
1,97,0x1.5d6bc7204401bp-481,0x1.1c4cdfe2c949cp-643,0x1.5d6bc7204401cp-481,2.18615591112914684e-145
1,98,0x1.4594db488b89ep-487,0x1.1c4cdfe2c949cp-643,0x1.4594db488b89fp-487,3.18281816011523740e-147
1,99,0x1.2c73fa5c85b43p-493,0x1.1c4cdfe2c949cp-643,0x1.2c73fa5c85b44p-493,4.58932457124524336e-149
1,100,0x1.129ff7411a1cp-499,0x1.1c4cdfe2c949cp-643,0x1.129ff7411a1c1p-499,6.55438664959945248e-151
1,101,0x1.f14ce4c8e3b5ep-506,0x1.1c4cdfe2c949cp-643,0x1.f14ce4c8e3b5fp-506,9.27258893803348073e-153
1,102,0x1.be0f035f1c01cp-512,0x1.1c4cdfe2c949cp-643,0x1.be0f035f1c01dp-512,1.29955365701730714e-154
1,103,0x1.8c64e958234bep-518,0x1.1c4cdfe2c949cp-643,0x1.8c64e958234bfp-518,1.80446954327882841e-156
1,104,0x1.5d0780ead2aa3p-524,0x1.1c4cdfe2c949cp-643,0x1.5d0780ead2aa4p-524,2.48258545461265300e-158
1,105,0x1.30881583f7ad2p-530,0x1.1c4cdfe2c949cp-643,0x1.30881583f7ad3p-530,3.38450115080907554e-160
1,106,0x1.075074cbf69f2p-536,0x1.1c4cdfe2c949cp-643,0x1.075074cbf69f3p-536,4.57253222322368733e-162
1,107,0x1.c3499c186fa6bp-543,0x1.1c4cdfe2c949cp-643,0x1.c3499c186fa6cp-543,6.12245681027568283e-164
1,108,0x1.7f4de68cfe567p-549,0x1.1c4cdfe2c949cp-643,0x1.7f4de68cfe568p-549,8.12523827273616878e-166
1,109,0x1.42b530835d2a1p-555,0x1.1c4cdfe2c949cp-643,0x1.42b530835d2a2p-555,1.06886256133377788e-167
1,110,0x1.0d5459b5e4cd3p-561,0x1.1c4cdfe2c949cp-643,0x1.0d5459b5e4cd4p-561,1.39385110000773849e-169
1,111,0x1.bdafde54faf86p-568,0x1.1c4cdfe2c949cp-643,0x1.bdafde54faf87p-568,1.80199030774977745e-171
1,112,0x1.6d9c878f5ac68p-574,0x1.1c4cdfe2c949cp-643,0x1.6d9c878f5ac69p-574,2.30973579081573638e-173
1,113,0x1.2961dcaf1eb98p-580,0x1.1c4cdfe2c949cp-643,0x1.2961dcaf1eb99p-580,2.93546986999832374e-175
1,114,0x1.dfb541a09a4f2p-587,0x1.1c4cdfe2c949cp-643,0x1.dfb541a09a4f3p-587,3.69938533541792773e-177
1,115,0x1.7fafa9a167a92p-593,0x1.1c4cdfe2c949cp-643,0x1.7fafa9a167a97p-593,4.62326476111167293e-179
1,116,0x1.30597dc883c42p-599,0x1.1c4cdfe2c949cp-643,0x1.30597dc883d5fp-599,5.73014131292340442e-181
1,117,0x1.dee126514207fp-606,0x1.1c4cdfe2c949cp-643,0x1.dee126514aea6p-606,7.04383055530471958e-183
1,118,0x1.75af6abeb63c2p-612,0x1.1c4cdfe2c949cp-643,0x1.75af6ac0eed5fp-612,8.58832780299337166e-185
1,119,0x1.213f7fa007f21p-618,0x1.1c4cdfe2c949cp-643,0x1.213f802e2e621p-618,1.03870722761727808e-186
1,120,0x1.bc33084f25506p-625,0x1.1c4cdfe2c949cp-643,0x1.bc334f625d492p-625,1.24621139895445406e-188
1,121,0x1.525f0d136b6c4p-631,0x1.1c4cdfe2c949cp-643,0x1.5270d1e16998ep-631,1.48359499174777362e-190
1,122,0x1.ff40fb4b2272cp-638,0x1.1c4cdfe2c949cp-643,0x1.0411b1251c5e9p-637,1.78131845337844955e-192
1,123,0x1.76a8c7c9a015ap-644,0x1.1c4cdfe2c949cp-643,0x1.d7a143c79954ap-643,5.04747516029909098e-194
1,124,0x0p+0,0x1.1c4cdfe2c949cp-643,0x1.1c4cdfe2c949cp-643,3.04263689569431194e-194
1,125,0x0p+0,0x1.1c4cdfe2c949cp-643,0x1.1c4cdfe2c949cp-643,3.04263689569431194e-194
1,126,0x0p+0,0x1.1c4cdfe2c949cp-643,0x1.1c4cdfe2c949cp-643,3.04263689569431194e-194
1,127,0x0p+0,0x1.1c4cdfe2c949cp-643,0x1.1c4cdfe2c949cp-643,3.04263689569431194e-194
1,128,0x0p+0,0x1.1c4cdfe2c949cp-643,0x1.1c4cdfe2c949cp-643,3.04263689569431194e-194
1,129,0x0p+0,0x1.1c4cdfe2c949cp-643,0x1.1c4cdfe2c949cp-643,3.04263689569431194e-194
1,130,0x0p+0,0x1.1c4cdfe2c949cp-643,0x1.1c4cdfe2c949cp-643,3.04263689569431194e-194
1,131,0x0p+0,0x1.1c4cdfe2c949cp-643,0x1.1c4cdfe2c949cp-643,3.04263689569431194e-194
1,132,0x0p+0,0x1.1c4cdfe2c949cp-643,0x1.1c4cdfe2c949cp-643,3.04263689569431194e-194
1,133,0x0p+0,0x1.1c4cdfe2c949cp-643,0x1.1c4cdfe2c949cp-643,3.04263689569431194e-194
1,134,0x0p+0,0x1.1c4cdfe2c949cp-643,0x1.1c4cdfe2c949cp-643,3.04263689569431194e-194
1,135,0x0p+0,0x1.1c4cdfe2c949cp-643,0x1.1c4cdfe2c949cp-643,3.04263689569431194e-194
1,136,0x0p+0,0x1.1c4cdfe2c949cp-643,0x1.1c4cdfe2c949cp-643,3.04263689569431194e-194
1,137,0x0p+0,0x1.1c4cdfe2c949cp-643,0x1.1c4cdfe2c949cp-643,3.04263689569431194e-194
1,138,0x0p+0,0x1.1c4cdfe2c949cp-643,0x1.1c4cdfe2c949cp-643,3.04263689569431194e-194
1,139,0x0p+0,0x1.1c4cdfe2c949cp-643,0x1.1c4cdfe2c949cp-643,3.04263689569431194e-194
1,140,0x0p+0,0x1.1c4cdfe2c949cp-643,0x1.1c4cdfe2c949cp-643,3.04263689569431194e-194
1,141,0x0p+0,0x1.1c4cdfe2c949cp-643,0x1.1c4cdfe2c949cp-643,3.04263689569431194e-194
1,142,0x0p+0,0x1.1c4cdfe2c949cp-643,0x1.1c4cdfe2c949cp-643,3.04263689569431194e-194
1,143,0x0p+0,0x1.1c4cdfe2c949cp-643,0x1.1c4cdfe2c949cp-643,3.04263689569431194e-194
1,144,0x0p+0,0x1.1c4cdfe2c949cp-643,0x1.1c4cdfe2c949cp-643,3.04263689569431194e-194
1,145,0x0p+0,0x1.1c4cdfe2c949cp-643,0x1.1c4cdfe2c949cp-643,3.04263689569431194e-194
1,146,0x0p+0,0x1.1c4cdfe2c949cp-643,0x1.1c4cdfe2c949cp-643,3.04263689569431194e-194
1,147,0x0p+0,0x1.1c4cdfe2c949cp-643,0x1.1c4cdfe2c949cp-643,3.04263689569431194e-194
1,148,0x0p+0,0x1.1c4cdfe2c949cp-643,0x1.1c4cdfe2c949cp-643,3.04263689569431194e-194
1,149,0x0p+0,0x1.1c4cdfe2c949cp-643,0x1.1c4cdfe2c949cp-643,3.04263689569431194e-194
1,150,0x0p+0,0x1.1c4cdfe2c949cp-643,0x1.1c4cdfe2c949cp-643,3.04263689569431194e-194
1,151,0x0p+0,0x1.1c4cdfe2c949cp-643,0x1.1c4cdfe2c949cp-643,3.04263689569431194e-194
1,152,0x0p+0,0x1.1c4cdfe2c949cp-643,0x1.1c4cdfe2c949cp-643,3.04263689569431194e-194
1,153,0x0p+0,0x1.1c4cdfe2c949cp-643,0x1.1c4cdfe2c949cp-643,3.04263689569431194e-194
1,154,0x0p+0,0x1.1c4cdfe2c949cp-643,0x1.1c4cdfe2c949cp-643,3.04263689569431194e-194
1,155,0x0p+0,0x1.1c4cdfe2c949cp-643,0x1.1c4cdfe2c949cp-643,3.04263689569431194e-194
1,156,0x0p+0,0x1.1c4cdfe2c949cp-643,0x1.1c4cdfe2c949cp-643,3.04263689569431194e-194
1,157,0x0p+0,0x1.1c4cdfe2c949cp-643,0x1.1c4cdfe2c949cp-643,3.04263689569431194e-194
1,158,0x0p+0,0x1.1c4cdfe2c949cp-643,0x1.1c4cdfe2c949cp-643,3.04263689569431194e-194
1,159,0x0p+0,0x1.1c4cdfe2c949cp-643,0x1.1c4cdfe2c949cp-643,3.04263689569431194e-194
1,160,0x0p+0,0x1.1c4cdfe2c949cp-643,0x1.1c4cdfe2c949cp-643,3.04263689569431194e-194
1,161,0x0p+0,0x1.1c4cdfe2c949cp-643,0x1.1c4cdfe2c949cp-643,3.04263689569431194e-194
1,162,0x0p+0,0x1.1c4cdfe2c949cp-643,0x1.1c4cdfe2c949cp-643,3.04263689569431194e-194
1,163,0x0p+0,0x1.1c4cdfe2c949cp-643,0x1.1c4cdfe2c949cp-643,3.04263689569431194e-194
1,164,0x0p+0,0x1.1c4cdfe2c949cp-643,0x1.1c4cdfe2c949cp-643,3.04263689569431194e-194
1,165,0x0p+0,0x1.1c4cdfe2c949cp-643,0x1.1c4cdfe2c949cp-643,3.04263689569431194e-194
1,166,0x0p+0,0x1.1c4cdfe2c949cp-643,0x1.1c4cdfe2c949cp-643,3.04263689569431194e-194
1,167,0x0p+0,0x1.1c4cdfe2c949cp-643,0x1.1c4cdfe2c949cp-643,3.04263689569431194e-194
1,168,0x0p+0,0x1.1c4cdfe2c949cp-643,0x1.1c4cdfe2c949cp-643,3.04263689569431194e-194
1,169,0x0p+0,0x1.1c4cdfe2c949cp-643,0x1.1c4cdfe2c949cp-643,3.04263689569431194e-194
1,170,0x0p+0,0x1.1c4cdfe2c949cp-643,0x1.1c4cdfe2c949cp-643,3.04263689569431194e-194
1,171,0x0p+0,0x1.1c4cdfe2c949cp-643,0x1.1c4cdfe2c949cp-643,3.04263689569431194e-194
1,172,0x0p+0,0x1.1c4cdfe2c949cp-643,0x1.1c4cdfe2c949cp-643,3.04263689569431194e-194
1,173,0x0p+0,0x1.1c4cdfe2c949cp-643,0x1.1c4cdfe2c949cp-643,3.04263689569431194e-194
1,174,0x0p+0,0x1.1c4cdfe2c949cp-643,0x1.1c4cdfe2c949cp-643,3.04263689569431194e-194
1,175,0x0p+0,0x1.1c4cdfe2c949cp-643,0x1.1c4cdfe2c949cp-643,3.04263689569431194e-194
1,176,0x0p+0,0x1.1c4cdfe2c949cp-643,0x1.1c4cdfe2c949cp-643,3.04263689569431194e-194
1,177,0x0p+0,0x1.1c4cdfe2c949cp-643,0x1.1c4cdfe2c949cp-643,3.04263689569431194e-194
1,178,0x0p+0,0x1.1c4cdfe2c949cp-643,0x1.1c4cdfe2c949cp-643,3.04263689569431194e-194
1,179,0x0p+0,0x1.1c4cdfe2c949cp-643,0x1.1c4cdfe2c949cp-643,3.04263689569431194e-194
1,180,0x0p+0,0x1.1c4cdfe2c949cp-643,0x1.1c4cdfe2c949cp-643,3.04263689569431194e-194
1,181,0x0p+0,0x1.1c4cdfe2c949cp-643,0x1.1c4cdfe2c949cp-643,3.04263689569431194e-194
1,182,0x0p+0,0x1.1c4cdfe2c949cp-643,0x1.1c4cdfe2c949cp-643,3.04263689569431194e-194
1,183,0x0p+0,0x1.1c4cdfe2c949cp-643,0x1.1c4cdfe2c949cp-643,3.04263689569431194e-194
1,184,0x0p+0,0x1.1c4cdfe2c949cp-643,0x1.1c4cdfe2c949cp-643,3.04263689569431194e-194
1,185,0x0p+0,0x1.1c4cdfe2c949cp-643,0x1.1c4cdfe2c949cp-643,3.04263689569431194e-194
1,186,0x0p+0,0x1.1c4cdfe2c949cp-643,0x1.1c4cdfe2c949cp-643,3.04263689569431194e-194
1,187,0x0p+0,0x1.1c4cdfe2c949cp-643,0x1.1c4cdfe2c949cp-643,3.04263689569431194e-194
1,188,0x0p+0,0x1.1c4cdfe2c949cp-643,0x1.1c4cdfe2c949cp-643,3.04263689569431194e-194
1,189,0x0p+0,0x1.1c4cdfe2c949cp-643,0x1.1c4cdfe2c949cp-643,3.04263689569431194e-194
1,190,0x0p+0,0x1.1c4cdfe2c949cp-643,0x1.1c4cdfe2c949cp-643,3.04263689569431194e-194
1,191,0x0p+0,0x1.1c4cdfe2c949cp-643,0x1.1c4cdfe2c949cp-643,3.04263689569431194e-194
1,192,0x0p+0,0x1.1c4cdfe2c949cp-643,0x1.1c4cdfe2c949cp-643,3.04263689569431194e-194
1,193,0x0p+0,0x1.1c4cdfe2c949cp-643,0x1.1c4cdfe2c949cp-643,3.04263689569431194e-194
1,194,0x0p+0,0x1.1c4cdfe2c949cp-643,0x1.1c4cdfe2c949cp-643,3.04263689569431194e-194
1,195,0x0p+0,0x1.1c4cdfe2c949cp-643,0x1.1c4cdfe2c949cp-643,3.04263689569431194e-194
1,196,0x0p+0,0x1.1c4cdfe2c949cp-643,0x1.1c4cdfe2c949cp-643,3.04263689569431194e-194
1,197,0x0p+0,0x1.1c4cdfe2c949cp-643,0x1.1c4cdfe2c949cp-643,3.04263689569431194e-194
1,198,0x0p+0,0x1.1c4cdfe2c949cp-643,0x1.1c4cdfe2c949cp-643,3.04263689569431194e-194
1,199,0x0p+0,0x1.1c4cdfe2c949cp-643,0x1.1c4cdfe2c949cp-643,3.04263689569431194e-194
1,200,0x0p+0,0x1.1c4cdfe2c949cp-643,0x1.1c4cdfe2c949cp-643,3.04263689569431194e-194
1,201,0x0p+0,0x1.1c4cdfe2c949cp-643,0x1.1c4cdfe2c949cp-643,3.04263689569431194e-194
1,202,0x0p+0,0x1.1c4cdfe2c949cp-643,0x1.1c4cdfe2c949cp-643,3.04263689569431194e-194
1,203,0x0p+0,0x1.1c4cdfe2c949cp-643,0x1.1c4cdfe2c949cp-643,3.04263689569431194e-194
1,204,0x0p+0,0x1.1c4cdfe2c949cp-643,0x1.1c4cdfe2c949cp-643,3.04263689569431194e-194
1,205,0x0p+0,0x1.1c4cdfe2c949cp-643,0x1.1c4cdfe2c949cp-643,3.04263689569431194e-194
1,206,0x0p+0,0x1.1c4cdfe2c949cp-643,0x1.1c4cdfe2c949cp-643,3.04263689569431194e-194
1,207,0x0p+0,0x1.1c4cdfe2c949cp-643,0x1.1c4cdfe2c949cp-643,3.04263689569431194e-194
1,208,0x0p+0,0x1.1c4cdfe2c949cp-643,0x1.1c4cdfe2c949cp-643,3.04263689569431194e-194
1,209,0x0p+0,0x1.1c4cdfe2c949cp-643,0x1.1c4cdfe2c949cp-643,3.04263689569431194e-194
1,210,0x0p+0,0x1.1c4cdfe2c949cp-643,0x1.1c4cdfe2c949cp-643,3.04263689569431194e-194
1,211,0x0p+0,0x1.1c4cdfe2c949cp-643,0x1.1c4cdfe2c949cp-643,3.04263689569431194e-194
1,212,0x0p+0,0x1.1c4cdfe2c949cp-643,0x1.1c4cdfe2c949cp-643,3.04263689569431194e-194
1,213,0x0p+0,0x1.1c4cdfe2c949cp-643,0x1.1c4cdfe2c949cp-643,3.04263689569431194e-194
1,214,0x0p+0,0x1.1c4cdfe2c949cp-643,0x1.1c4cdfe2c949cp-643,3.04263689569431194e-194
1,215,0x0p+0,0x1.1c4cdfe2c949cp-643,0x1.1c4cdfe2c949cp-643,3.04263689569431194e-194
1,216,0x0p+0,0x1.1c4cdfe2c949cp-643,0x1.1c4cdfe2c949cp-643,3.04263689569431194e-194
1,217,0x0p+0,0x1.1c4cdfe2c949cp-643,0x1.1c4cdfe2c949cp-643,3.04263689569431194e-194
1,218,0x0p+0,0x1.1c4cdfe2c949cp-643,0x1.1c4cdfe2c949cp-643,3.04263689569431194e-194
1,219,0x0p+0,0x1.1c4cdfe2c949cp-643,0x1.1c4cdfe2c949cp-643,3.04263689569431194e-194
1,220,0x0p+0,0x1.1c4cdfe2c949cp-643,0x1.1c4cdfe2c949cp-643,3.04263689569431194e-194
1,221,0x0p+0,0x1.1c4cdfe2c949cp-643,0x1.1c4cdfe2c949cp-643,3.04263689569431194e-194
1,222,0x0p+0,0x1.1c4cdfe2c949cp-643,0x1.1c4cdfe2c949cp-643,3.04263689569431194e-194
1,223,0x0p+0,0x1.1c4cdfe2c949cp-643,0x1.1c4cdfe2c949cp-643,3.04263689569431194e-194
1,224,0x0p+0,0x1.1c4cdfe2c949cp-643,0x1.1c4cdfe2c949cp-643,3.04263689569431194e-194
1,225,0x0p+0,0x1.1c4cdfe2c949cp-643,0x1.1c4cdfe2c949cp-643,3.04263689569431194e-194
1,226,0x0p+0,0x1.1c4cdfe2c949cp-643,0x1.1c4cdfe2c949cp-643,3.04263689569431194e-194
1,227,0x0p+0,0x1.1c4cdfe2c949cp-643,0x1.1c4cdfe2c949cp-643,3.04263689569431194e-194
1,228,0x0p+0,0x1.1c4cdfe2c949cp-643,0x1.1c4cdfe2c949cp-643,3.04263689569431194e-194
1,229,0x0p+0,0x1.1c4cdfe2c949cp-643,0x1.1c4cdfe2c949cp-643,3.04263689569431194e-194
1,230,0x0p+0,0x1.1c4cdfe2c949cp-643,0x1.1c4cdfe2c949cp-643,3.04263689569431194e-194
1,231,0x0p+0,0x1.1c4cdfe2c949cp-643,0x1.1c4cdfe2c949cp-643,3.04263689569431194e-194
1,232,0x0p+0,0x1.1c4cdfe2c949cp-643,0x1.1c4cdfe2c949cp-643,3.04263689569431194e-194
1,233,0x0p+0,0x1.1c4cdfe2c949cp-643,0x1.1c4cdfe2c949cp-643,3.04263689569431194e-194
1,234,0x0p+0,0x1.1c4cdfe2c949cp-643,0x1.1c4cdfe2c949cp-643,3.04263689569431194e-194
1,235,0x0p+0,0x1.1c4cdfe2c949cp-643,0x1.1c4cdfe2c949cp-643,3.04263689569431194e-194
1,236,0x0p+0,0x1.1c4cdfe2c949cp-643,0x1.1c4cdfe2c949cp-643,3.04263689569431194e-194
1,237,0x0p+0,0x1.1c4cdfe2c949cp-643,0x1.1c4cdfe2c949cp-643,3.04263689569431194e-194
1,238,0x0p+0,0x1.1c4cdfe2c949cp-643,0x1.1c4cdfe2c949cp-643,3.04263689569431194e-194
1,239,0x0p+0,0x1.1c4cdfe2c949cp-643,0x1.1c4cdfe2c949cp-643,3.04263689569431194e-194
1,240,0x0p+0,0x1.1c4cdfe2c949cp-643,0x1.1c4cdfe2c949cp-643,3.04263689569431194e-194
1,241,0x0p+0,0x1.1c4cdfe2c949cp-643,0x1.1c4cdfe2c949cp-643,3.04263689569431194e-194
1,242,0x0p+0,0x1.1c4cdfe2c949cp-643,0x1.1c4cdfe2c949cp-643,3.04263689569431194e-194
1,243,0x0p+0,0x1.1c4cdfe2c949cp-643,0x1.1c4cdfe2c949cp-643,3.04263689569431194e-194
1,244,0x0p+0,0x1.1c4cdfe2c949cp-643,0x1.1c4cdfe2c949cp-643,3.04263689569431194e-194
1,245,0x0p+0,0x1.1c4cdfe2c949cp-643,0x1.1c4cdfe2c949cp-643,3.04263689569431194e-194
1,246,0x0p+0,0x1.1c4cdfe2c949cp-643,0x1.1c4cdfe2c949cp-643,3.04263689569431194e-194
1,247,0x0p+0,0x1.1c4cdfe2c949cp-643,0x1.1c4cdfe2c949cp-643,3.04263689569431194e-194
1,248,0x0p+0,0x1.1c4cdfe2c949cp-643,0x1.1c4cdfe2c949cp-643,3.04263689569431194e-194
1,249,0x0p+0,0x1.1c4cdfe2c949cp-643,0x1.1c4cdfe2c949cp-643,3.04263689569431194e-194
1,250,0x0p+0,0x1.1c4cdfe2c949cp-643,0x1.1c4cdfe2c949cp-643,3.04263689569431194e-194
1,251,0x0p+0,0x1.1c4cdfe2c949cp-643,0x1.1c4cdfe2c949cp-643,3.04263689569431194e-194
1,252,0x0p+0,0x1.1c4cdfe2c949cp-643,0x1.1c4cdfe2c949cp-643,3.04263689569431194e-194
1,253,0x0p+0,0x1.1c4cdfe2c949cp-643,0x1.1c4cdfe2c949cp-643,3.04263689569431194e-194
1,254,0x0p+0,0x1.1c4cdfe2c949cp-643,0x1.1c4cdfe2c949cp-643,3.04263689569431194e-194
1,255,0x0p+0,0x1.1c4cdfe2c949cp-643,0x1.1c4cdfe2c949cp-643,3.04263689569431194e-194
1,256,0x0p+0,0x1.1c4cdfe2c949cp-643,0x1.1c4cdfe2c949cp-643,3.04263689569431194e-194
1,257,0x0p+0,0x1.1c4cdfe2c949cp-643,0x1.1c4cdfe2c949cp-643,3.04263689569431194e-194
1,258,0x0p+0,0x1.1c4cdfe2c949cp-643,0x1.1c4cdfe2c949cp-643,3.04263689569431194e-194
1,259,0x0p+0,0x1.1c4cdfe2c949cp-643,0x1.1c4cdfe2c949cp-643,3.04263689569431194e-194
1,260,0x0p+0,0x1.1c4cdfe2c949cp-643,0x1.1c4cdfe2c949cp-643,3.04263689569431194e-194
1,261,0x0p+0,0x1.1c4cdfe2c949cp-643,0x1.1c4cdfe2c949cp-643,3.04263689569431194e-194
1,262,0x0p+0,0x1.1c4cdfe2c949cp-643,0x1.1c4cdfe2c949cp-643,3.04263689569431194e-194
1,263,0x0p+0,0x1.1c4cdfe2c949cp-643,0x1.1c4cdfe2c949cp-643,3.04263689569431194e-194
1,264,0x0p+0,0x1.1c4cdfe2c949cp-643,0x1.1c4cdfe2c949cp-643,3.04263689569431194e-194
1,265,0x0p+0,0x1.1c4cdfe2c949cp-643,0x1.1c4cdfe2c949cp-643,3.04263689569431194e-194
1,266,0x0p+0,0x1.1c4cdfe2c949cp-643,0x1.1c4cdfe2c949cp-643,3.04263689569431194e-194
1,267,0x0p+0,0x1.1c4cdfe2c949cp-643,0x1.1c4cdfe2c949cp-643,3.04263689569431194e-194
1,268,0x0p+0,0x1.1c4cdfe2c949cp-643,0x1.1c4cdfe2c949cp-643,3.04263689569431194e-194
1,269,0x0p+0,0x1.1c4cdfe2c949cp-643,0x1.1c4cdfe2c949cp-643,3.04263689569431194e-194
1,270,0x0p+0,0x1.1c4cdfe2c949cp-643,0x1.1c4cdfe2c949cp-643,3.04263689569431194e-194
1,271,0x0p+0,0x1.1c4cdfe2c949cp-643,0x1.1c4cdfe2c949cp-643,3.04263689569431194e-194
1,272,0x0p+0,0x1.1c4cdfe2c949cp-643,0x1.1c4cdfe2c949cp-643,3.04263689569431194e-194
1,273,0x0p+0,0x1.1c4cdfe2c949cp-643,0x1.1c4cdfe2c949cp-643,3.04263689569431194e-194
1,274,0x0p+0,0x1.1c4cdfe2c949cp-643,0x1.1c4cdfe2c949cp-643,3.04263689569431194e-194
1,275,0x0p+0,0x1.1c4cdfe2c949cp-643,0x1.1c4cdfe2c949cp-643,3.04263689569431194e-194
1,276,0x0p+0,0x1.1c4cdfe2c949cp-643,0x1.1c4cdfe2c949cp-643,3.04263689569431194e-194
1,277,0x0p+0,0x1.1c4cdfe2c949cp-643,0x1.1c4cdfe2c949cp-643,3.04263689569431194e-194
1,278,0x0p+0,0x1.1c4cdfe2c949cp-643,0x1.1c4cdfe2c949cp-643,3.04263689569431194e-194
1,279,0x0p+0,0x1.1c4cdfe2c949cp-643,0x1.1c4cdfe2c949cp-643,3.04263689569431194e-194
1,280,0x0p+0,0x1.1c4cdfe2c949cp-643,0x1.1c4cdfe2c949cp-643,3.04263689569431194e-194
2,0,0x1.a180a3f99c08p-5,0x1.addcc8a3c6a84p-642,0x1.a180a3f99c081p-5,5.09646608960574524e-02
2,1,0x1.98528226c56bbp-7,0x1.addcc8a3c6a84p-642,0x1.98528226c56bcp-7,1.24610076432348713e-02
2,2,0x1.63fe84c0fefe6p-9,0x1.addcc8a3c6a84p-642,0x1.63fe84c0fefe7p-9,2.71602030306715729e-03
2,3,0x1.1ade32efee23bp-11,0x1.addcc8a3c6a84p-642,0x1.1ade32efee23cp-11,5.39527825814074390e-04
2,4,0x1.a267de81a7167p-14,0x1.addcc8a3c6a84p-642,0x1.a267de81a7168p-14,9.97557017634091931e-05
2,5,0x1.25b70afe15862p-16,0x1.addcc8a3c6a84p-642,0x1.25b70afe15863p-16,1.75067789246131113e-05
2,6,0x1.8e0b647c70adfp-19,0x1.addcc8a3c6a84p-642,0x1.8e0b647c70aep-19,2.96566264365700995e-06
2,7,0x1.07993452da605p-21,0x1.addcc8a3c6a84p-642,0x1.07993452da606p-21,4.90990382890136641e-07
2,8,0x1.579e25b3754b7p-24,0x1.addcc8a3c6a84p-642,0x1.579e25b3754b8p-24,8.00047448770461090e-08
2,9,0x1.b9d00bb8982bfp-27,0x1.addcc8a3c6a84p-642,0x1.b9d00bb8982cp-27,1.28584412988672441e-08
2,10,0x1.17e1b77a06241p-29,0x1.addcc8a3c6a84p-642,0x1.17e1b77a06242p-29,2.03640742897983684e-09
2,11,0x1.5cab998ede9c9p-32,0x1.addcc8a3c6a84p-642,0x1.5cab998ede9cap-32,3.17113801302563818e-10
2,12,0x1.aa47e4e47e095p-35,0x1.addcc8a3c6a84p-642,0x1.aa47e4e47e096p-35,4.84625202685845632e-11
2,13,0x1.fee2178e06b1ep-38,0x1.addcc8a3c6a84p-642,0x1.fee2178e06b1fp-38,7.26008653256211023e-12
2,14,0x1.2bfa9d227c6ffp-40,0x1.addcc8a3c6a84p-642,0x1.2bfa9d227c7p-40,1.06573935520306974e-12
2,15,0x1.59369984be5a2p-43,0x1.addcc8a3c6a84p-642,0x1.59369984be5a3p-43,1.53305492747994663e-13
2,16,0x1.855ec7315e2b8p-46,0x1.addcc8a3c6a84p-642,0x1.855ec7315e2b9p-46,2.16143895527030467e-14
2,17,0x1.ae7bb10ce3293p-49,0x1.addcc8a3c6a84p-642,0x1.ae7bb10ce3294p-49,2.98707704629454141e-15
2,18,0x1.d27776588fb5cp-52,0x1.addcc8a3c6a84p-642,0x1.d27776588fb5dp-52,4.04595323881001014e-16
2,19,0x1.ef3eda93c372bp-55,0x1.addcc8a3c6a84p-642,0x1.ef3eda93c372cp-55,5.36946271650434679e-17
2,20,0x1.0178843c5aeb6p-57,0x1.addcc8a3c6a84p-642,0x1.0178843c5aeb7p-57,6.97875914385762086e-18
2,21,0x1.060bc69c3e3dp-60,0x1.addcc8a3c6a84p-642,0x1.060bc69c3e3d1p-60,8.87846380423443082e-19
2,22,0x1.04ed943c5725ap-63,0x1.addcc8a3c6a84p-642,0x1.04ed943c5725bp-63,1.10507324704198761e-19
2,23,0x1.fc29011fe8c0fp-67,0x1.addcc8a3c6a84p-642,0x1.fc29011fe8c1p-67,1.34508877925419684e-20
2,24,0x1.e3becbb5a261ap-70,0x1.addcc8a3c6a84p-642,0x1.e3becbb5a261bp-70,1.60057892059789709e-21
2,25,0x1.c21a31f53c1b3p-73,0x1.addcc8a3c6a84p-642,0x1.c21a31f53c1b4p-73,1.86157958368891628e-22
2,26,0x1.994e5203e0669p-76,0x1.addcc8a3c6a84p-642,0x1.994e5203e066ap-76,2.11606210814820423e-23
2,27,0x1.6bc7829dfee4ap-79,0x1.addcc8a3c6a84p-642,0x1.6bc7829dfee4bp-79,2.35086886450398025e-24
2,28,0x1.3c08673fb4611p-82,0x1.addcc8a3c6a84p-642,0x1.3c08673fb4612p-82,2.55289283344287552e-25
2,29,0x1.0c6b6739292f8p-85,0x1.addcc8a3c6a84p-642,0x1.0c6b6739292f9p-85,2.71034475917828753e-26
2,30,0x1.bde28badc2511p-89,0x1.addcc8a3c6a84p-642,0x1.bde28badc2512p-89,2.81392960330392919e-27
2,31,0x1.6a43c9949e14fp-92,0x1.addcc8a3c6a84p-642,0x1.6a43c9949e15p-92,2.85776533817498862e-28
2,32,0x1.2000820ac0138p-95,0x1.addcc8a3c6a84p-642,0x1.2000820ac0139p-95,2.83991882534009776e-29
2,33,0x1.c03d9ac71c7b9p-99,0x1.addcc8a3c6a84p-642,0x1.c03d9ac71c7bap-99,2.76249624508846463e-30
2,34,0x1.558fce4188abcp-102,0x1.addcc8a3c6a84p-642,0x1.558fce4188abdp-102,2.63129593913898496e-31
2,35,0x1.fde746d74e265p-106,0x1.addcc8a3c6a84p-642,0x1.fde746d74e266p-106,2.45509568593076470e-32
2,36,0x1.74f6aeac00585p-109,0x1.addcc8a3c6a84p-642,0x1.74f6aeac00586p-109,2.24469303363499655e-33
2,37,0x1.0b6b5cbde90c3p-112,0x1.addcc8a3c6a84p-642,0x1.0b6b5cbde90c4p-112,2.01183984031437580e-34
2,38,0x1.780e7d7af5293p-116,0x1.addcc8a3c6a84p-642,0x1.780e7d7af5294p-116,1.76820964579621068e-35
2,39,0x1.0361e70180072p-119,0x1.addcc8a3c6a84p-642,0x1.0361e70180073p-119,1.52451291241871553e-36
2,40,0x1.5f209414a1384p-123,0x1.addcc8a3c6a84p-642,0x1.5f209414a1385p-123,1.28983784374284205e-37
2,41,0x1.d298973af47dfp-127,0x1.addcc8a3c6a84p-642,0x1.d298973af47ep-127,1.07125201135613172e-38
2,42,0x1.306d1a588ed5cp-130,0x1.addcc8a3c6a84p-642,0x1.306d1a588ed5dp-130,8.73660299465262085e-40
2,43,0x1.8632b763386b6p-134,0x1.addcc8a3c6a84p-642,0x1.8632b763386b7p-134,6.99883537161985631e-41
2,44,0x1.eb6befc540d2dp-138,0x1.addcc8a3c6a84p-642,0x1.eb6befc540d2ep-138,5.50902697401983294e-42
2,45,0x1.30269ba267ed3p-141,0x1.addcc8a3c6a84p-642,0x1.30269ba267ed4p-141,4.26206066188562151e-43
2,46,0x1.7225cbb163b15p-145,0x1.addcc8a3c6a84p-642,0x1.7225cbb163b16p-145,3.24179574128124732e-44
2,47,0x1.bb00185753ba2p-149,0x1.addcc8a3c6a84p-642,0x1.bb00185753ba3p-149,2.42490523500240102e-45
2,48,0x1.04c62793c0d03p-152,0x1.addcc8a3c6a84p-642,0x1.04c62793c0d04p-152,1.78428839721174039e-46
2,49,0x1.2e15f205d980fp-156,0x1.addcc8a3c6a84p-642,0x1.2e15f205d981p-156,1.29184650101259944e-47
2,50,0x1.586a576cccbd1p-160,0x1.addcc8a3c6a84p-642,0x1.586a576cccbd2p-160,9.20541317376594216e-49
2,51,0x1.82921cc930966p-164,0x1.addcc8a3c6a84p-642,0x1.82921cc930967p-164,6.45757914499360909e-50
2,52,0x1.ab3ded9431be1p-168,0x1.addcc8a3c6a84p-642,0x1.ab3ded9431be2p-168,4.46061363336485409e-51
2,53,0x1.d111eda6eea98p-172,0x1.addcc8a3c6a84p-642,0x1.d111eda6eea99p-172,3.03472356121945662e-52
2,54,0x1.f2b97fce2d7ep-176,0x1.addcc8a3c6a84p-642,0x1.f2b97fce2d7e1p-176,2.03395618904856239e-53
2,55,0x1.077dd2180c109p-179,0x1.addcc8a3c6a84p-642,0x1.077dd2180c10ap-179,1.34325170124223714e-54
2,56,0x1.12671890f6f05p-183,0x1.addcc8a3c6a84p-642,0x1.12671890f6f06p-183,8.74297502793612455e-56
2,57,0x1.19b31d2d848e3p-187,0x1.addcc8a3c6a84p-642,0x1.19b31d2d848e4p-187,5.60966820045098492e-57
2,58,0x1.1d221e042ef87p-191,0x1.addcc8a3c6a84p-642,0x1.1d221e042ef88p-191,3.54877739725815753e-58
2,59,0x1.1c9d847082089p-195,0x1.addcc8a3c6a84p-642,0x1.1c9d84708208ap-195,2.21395671672735032e-59
2,60,0x1.18387f35dff08p-199,0x1.addcc8a3c6a84p-642,0x1.18387f35dff09p-199,1.36235753261519506e-60
2,61,0x1.102dc8321bdffp-203,0x1.addcc8a3c6a84p-642,0x1.102dc8321bep-203,8.27037624367408533e-62
2,62,0x1.04dae120f1907p-207,0x1.addcc8a3c6a84p-642,0x1.04dae120f1908p-207,4.95393260479230634e-63
2,63,0x1.ed7294e136cc4p-212,0x1.addcc8a3c6a84p-642,0x1.ed7294e136cc5p-212,2.92847810311628814e-64
2,64,0x1.ccacbad1a9e55p-216,0x1.addcc8a3c6a84p-642,0x1.ccacbad1a9e56p-216,1.70873752577931737e-65
2,65,0x1.a89509b5e8e2bp-220,0x1.addcc8a3c6a84p-642,0x1.a89509b5e8e2cp-220,9.84289269614676131e-67
2,66,0x1.82611a0797f49p-224,0x1.addcc8a3c6a84p-642,0x1.82611a0797f4ap-224,5.59828315931664712e-68
2,67,0x1.5b3b5d2649b55p-228,0x1.addcc8a3c6a84p-642,0x1.5b3b5d2649b56p-228,3.14442056267568775e-69
2,68,0x1.3435ac8b1b0dp-232,0x1.addcc8a3c6a84p-642,0x1.3435ac8b1b0d1p-232,1.74440487916095572e-70
2,69,0x1.0e3eff3cdd5d4p-236,0x1.addcc8a3c6a84p-642,0x1.0e3eff3cdd5d5p-236,9.55961637492260246e-72
2,70,0x1.d4392f6739bbcp-241,0x1.addcc8a3c6a84p-642,0x1.d4392f6739bbdp-241,5.17587971502882422e-73
2,71,0x1.90cd4d67428fbp-245,0x1.addcc8a3c6a84p-642,0x1.90cd4d67428fcp-245,2.76911464312619213e-74
2,72,0x1.53102f0682111p-249,0x1.addcc8a3c6a84p-642,0x1.53102f0682112p-249,1.46410354880153513e-75
2,73,0x1.1b82091b0ea81p-253,0x1.addcc8a3c6a84p-642,0x1.1b82091b0ea82p-253,7.65132017300392839e-77
2,74,0x1.d4accd0b6c0a3p-258,0x1.addcc8a3c6a84p-642,0x1.d4accd0b6c0a4p-258,3.95269172831439466e-78
2,75,0x1.7effa926f1d16p-262,0x1.addcc8a3c6a84p-642,0x1.7effa926f1d17p-262,2.01882392090323925e-79
2,76,0x1.3579ec5244484p-266,0x1.addcc8a3c6a84p-642,0x1.3579ec5244485p-266,1.01955000472984581e-80
2,77,0x1.ee975c5fe95b5p-271,0x1.addcc8a3c6a84p-642,0x1.ee975c5fe95b6p-271,5.09187391896424571e-82
2,78,0x1.86e2473996598p-275,0x1.addcc8a3c6a84p-642,0x1.86e2473996599p-275,2.51512172809500156e-83
2,79,0x1.31926a986cc61p-279,0x1.addcc8a3c6a84p-642,0x1.31926a986cc62p-279,1.22886652641778431e-84
2,80,0x1.d8a229b37543dp-284,0x1.addcc8a3c6a84p-642,0x1.d8a229b37543ep-284,5.93971654404866847e-86
2,81,0x1.69a2986dc926bp-288,0x1.addcc8a3c6a84p-642,0x1.69a2986dc926cp-288,2.84048111142674601e-87
2,82,0x1.11cc5fa639d2ap-292,0x1.addcc8a3c6a84p-642,0x1.11cc5fa639d2bp-292,1.34410161466798074e-88
2,83,0x1.9a48463daf5bcp-297,0x1.addcc8a3c6a84p-642,0x1.9a48463daf5bdp-297,6.29410707761257484e-90
2,84,0x1.303cee1e13a5p-301,0x1.addcc8a3c6a84p-642,0x1.303cee1e13a51p-301,2.91705628682733123e-91
2,85,0x1.be9c37e0a7a7fp-306,0x1.addcc8a3c6a84p-642,0x1.be9c37e0a7a8p-306,1.33816610715545161e-92
2,86,0x1.447fbdc9bd978p-310,0x1.addcc8a3c6a84p-642,0x1.447fbdc9bd979p-310,6.07679698853424284e-94
2,87,0x1.d2d80146be163p-315,0x1.addcc8a3c6a84p-642,0x1.d2d80146be164p-315,2.73201429611028219e-95
2,88,0x1.4c7efe0c8e2e7p-319,0x1.addcc8a3c6a84p-642,0x1.4c7efe0c8e2e8p-319,1.21612418809925839e-96
2,89,0x1.d4fc967e66a5p-324,0x1.addcc8a3c6a84p-642,0x1.d4fc967e66a51p-324,5.36045852035287003e-98
2,90,0x1.478c4f4b04ea3p-328,0x1.addcc8a3c6a84p-642,0x1.478c4f4b04ea4p-328,2.33989581935905058e-99
2,91,0x1.c5237115d3a9fp-333,0x1.addcc8a3c6a84p-642,0x1.c5237115d3aap-333,1.01158501627631161e-100
2,92,0x1.36762fc6b8a61p-337,0x1.addcc8a3c6a84p-642,0x1.36762fc6b8a62p-337,4.33171106317010672e-102
2,93,0x1.a5691df554ab4p-342,0x1.addcc8a3c6a84p-642,0x1.a5691df554ab5p-342,1.83741385514556874e-103
2,94,0x1.1b56071a843c9p-346,0x1.addcc8a3c6a84p-642,0x1.1b56071a843cap-346,7.72117442966389003e-105
2,95,0x1.797b11d3acdp-351,0x1.addcc8a3c6a84p-642,0x1.797b11d3acd01p-351,3.21459566911827163e-106
2,96,0x1.f24cf6036ac3dp-356,0x1.addcc8a3c6a84p-642,0x1.f24cf6036ac3ep-356,1.32609004122581494e-107
2,97,0x1.45e90b2d79fa7p-360,0x1.addcc8a3c6a84p-642,0x1.45e90b2d79fa8p-360,5.42075423042722090e-109
2,98,0x1.a67bfaf94d224p-365,0x1.addcc8a3c6a84p-642,0x1.a67bfaf94d225p-365,2.19594870022497375e-110
2,99,0x1.0f65724ff99bdp-369,0x1.addcc8a3c6a84p-642,0x1.0f65724ff99bep-369,8.81648591527552595e-112
2,100,0x1.599959bcf628ep-374,0x1.addcc8a3c6a84p-642,0x1.599959bcf628fp-374,3.50844090346686705e-113
2,101,0x1.b43c1c5b09bc1p-379,0x1.addcc8a3c6a84p-642,0x1.b43c1c5b09bc2p-379,1.38392321160635823e-114
2,102,0x1.10edf7c4309dp-383,0x1.addcc8a3c6a84p-642,0x1.10edf7c4309d1p-383,5.41155745075563861e-116
2,103,0x1.52936b5c9ffa8p-388,0x1.addcc8a3c6a84p-642,0x1.52936b5c9ffa9p-388,2.09786580197044621e-117
2,104,0x1.a06d438bae137p-393,0x1.addcc8a3c6a84p-642,0x1.a06d438bae138p-393,8.06325552473175013e-119
2,105,0x1.fbd80bc6efd7ap-398,0x1.addcc8a3c6a84p-642,0x1.fbd80bc6efd7bp-398,3.07292546277805200e-120
2,106,0x1.3310e87ee33p-402,0x1.addcc8a3c6a84p-642,0x1.3310e87ee3301p-402,1.16127098952031132e-121
2,107,0x1.703e0f875cc63p-407,0x1.addcc8a3c6a84p-642,0x1.703e0f875cc64p-407,4.35196727181954234e-123
2,108,0x1.b5f64223b81ebp-412,0x1.addcc8a3c6a84p-642,0x1.b5f64223b81ecp-412,1.61747731574760955e-124
2,109,0x1.024f067302be8p-416,0x1.addcc8a3c6a84p-642,0x1.024f067302be9p-416,5.96239657870539482e-126
2,110,0x1.2e39ace6e5464p-421,0x1.addcc8a3c6a84p-642,0x1.2e39ace6e5465p-421,2.18003100163722717e-127
2,111,0x1.5ec29e817b104p-426,0x1.addcc8a3c6a84p-642,0x1.5ec29e817b105p-426,7.90664480901922151e-129
2,112,0x1.93d63175eefc4p-431,0x1.addcc8a3c6a84p-642,0x1.93d63175eefc5p-431,2.84470790424554234e-130
2,113,0x1.cd42495fc93a9p-436,0x1.addcc8a3c6a84p-642,0x1.cd42495fc93aap-436,1.01537558015590833e-131
2,114,0x1.0559ee34f2849p-440,0x1.addcc8a3c6a84p-642,0x1.0559ee34f284ap-440,3.59572601543739299e-133
2,115,0x1.25dab93553faep-445,0x1.addcc8a3c6a84p-642,0x1.25dab93553fafp-445,1.26340952062369361e-134
2,116,0x1.47d766612567fp-450,0x1.addcc8a3c6a84p-642,0x1.47d766612568p-450,4.40479589602865808e-136
2,117,0x1.6af2ed6a71218p-455,0x1.addcc8a3c6a84p-642,0x1.6af2ed6a71219p-455,1.52390373743465244e-137
2,118,0x1.8ec08861173cap-460,0x1.addcc8a3c6a84p-642,0x1.8ec08861173cbp-460,5.23196694858231013e-139
2,119,0x1.b2c59296afbafp-465,0x1.addcc8a3c6a84p-642,0x1.b2c59296afbbp-465,1.78267997594691685e-140
2,120,0x1.d67c1435a6648p-470,0x1.addcc8a3c6a84p-642,0x1.d67c1435a6649p-470,6.02847635919869303e-142
2,121,0x1.f955ea31f1df1p-475,0x1.addcc8a3c6a84p-642,0x1.f955ea31f1df2p-475,2.02344774346268149e-143
2,122,0x1.0d603885bee09p-479,0x1.addcc8a3c6a84p-642,0x1.0d603885bee0ap-479,6.74141075612046574e-145
2,123,0x1.1d1448518c899p-484,0x1.addcc8a3c6a84p-642,0x1.1d1448518c89ap-484,2.22950118810428645e-146
2,124,0x1.2b7f805c8192ap-489,0x1.addcc8a3c6a84p-642,0x1.2b7f805c8192bp-489,7.31957992831873751e-148
2,125,0x1.385e4c8822307p-494,0x1.addcc8a3c6a84p-642,0x1.385e4c8822308p-494,2.38566361839509205e-149
2,126,0x1.43733f016f7cdp-499,0x1.addcc8a3c6a84p-642,0x1.43733f016f7cep-499,7.71968528974971724e-151
2,127,0x1.4c88fd62f59c7p-504,0x1.addcc8a3c6a84p-642,0x1.4c88fd62f59c8p-504,2.48016020299223908e-152
2,128,0x1.5373eedc4c8dp-509,0x1.addcc8a3c6a84p-642,0x1.5373eedc4c8d1p-509,7.91173474362671814e-154
2,129,0x1.5813985a5dbe4p-514,0x1.addcc8a3c6a84p-642,0x1.5813985a5dbe5p-514,2.50609384651284437e-155
2,130,0x1.5a53978e6e476p-519,0x1.addcc8a3c6a84p-642,0x1.5a53978e6e477p-519,7.88275535526889273e-157
2,131,0x1.5a2c326b397f7p-524,0x1.addcc8a3c6a84p-642,0x1.5a2c326b397f8p-524,2.46226647685788115e-158
2,132,0x1.57a275f2c1d7bp-529,0x1.addcc8a3c6a84p-642,0x1.57a275f2c1d7cp-529,7.63816840999658042e-160
2,133,0x1.52c7e4a7f7e3p-534,0x1.addcc8a3c6a84p-642,0x1.52c7e4a7f7e31p-534,2.35321268808616533e-161
2,134,0x1.4bb9ba4e2aba5p-539,0x1.addcc8a3c6a84p-642,0x1.4bb9ba4e2aba6p-539,7.20064214284257594e-163
2,135,0x1.429fcf834135p-544,0x1.addcc8a3c6a84p-642,0x1.429fcf8341351p-544,2.18846404122435127e-164
2,136,0x1.37ab2be96d82dp-549,0x1.addcc8a3c6a84p-642,0x1.37ab2be96d82ep-549,6.60671418965804476e-166
2,137,0x1.2b1458c92f8dp-554,0x1.addcc8a3c6a84p-642,0x1.2b1458c92f8d1p-554,1.98120334875343221e-167
2,138,0x1.1d19882f97679p-559,0x1.addcc8a3c6a84p-642,0x1.1d19882f9767ap-559,5.90186499851892933e-169
2,139,0x1.0dfca57dce86ep-564,0x1.addcc8a3c6a84p-642,0x1.0dfca57dce86fp-564,1.74656668870993411e-170
2,140,0x1.fc02c852e66b7p-570,0x1.addcc8a3c6a84p-642,0x1.fc02c852e66b8p-570,5.13494162235333663e-172
2,141,0x1.dad6c04f3efe1p-575,0x1.addcc8a3c6a84p-642,0x1.dad6c04f3efe2p-575,1.49988786849867718e-173
2,142,0x1.b8f8c299b3c5ep-580,0x1.addcc8a3c6a84p-642,0x1.b8f8c299b3c5fp-580,4.35284585041826272e-175
2,143,0x1.96e5a009fd3acp-585,0x1.addcc8a3c6a84p-642,0x1.96e5a009fd3adp-585,1.25515404657842137e-176
2,144,0x1.7510ccc2819b9p-590,0x1.addcc8a3c6a84p-642,0x1.7510ccc2819bcp-590,3.59623303678363492e-178
2,145,0x1.53e249a8ae6dbp-595,0x1.addcc8a3c6a84p-642,0x1.53e249a8ae712p-595,1.02386631283761635e-179
2,146,0x1.33b51c917dbedp-600,0x1.addcc8a3c6a84p-642,0x1.33b51c917e2a5p-600,2.89668100691015564e-181
2,147,0x1.14d6578057c89p-605,0x1.addcc8a3c6a84p-642,0x1.14d6578065378p-605,8.14398978030487611e-183
2,148,0x1.ef09522a89312p-611,0x1.addcc8a3c6a84p-642,0x1.ef09522de4eacp-611,2.27546325474771136e-184
2,149,0x1.b7e0d605c9c31p-616,0x1.addcc8a3c6a84p-642,0x1.b7e0d67140f55p-616,6.31851784131749121e-186
2,150,0x1.84783e9396841p-621,0x1.addcc8a3c6a84p-642,0x1.84784c027cc94p-621,1.74377365533423342e-187
2,151,0x1.54fa9435a0b3dp-626,0x1.addcc8a3c6a84p-642,0x1.54fc42126957ap-626,4.78319968463124639e-189
2,152,0x1.297b29482b1b8p-631,0x1.addcc8a3c6a84p-642,0x1.29b0e4e13f946p-631,1.30496380064625174e-190
2,153,0x1.01f8493196e64p-636,0x1.addcc8a3c6a84p-642,0x1.08afbc542600fp-636,3.62588921151713580e-192
2,154,0x1.bcbc535e28e88p-642,0x1.addcc8a3c6a84p-642,0x1.b54c8e00f7c87p-641,1.87202368777780035e-193
2,155,0x1.7d13f4020d30ap-647,0x1.addcc8a3c6a84p-642,0x1.b9c56843d711dp-642,9.45584058375642282e-194
2,156,0x1.4499df8151437p-652,0x1.addcc8a3c6a84p-642,0x1.ae2def1ba6fcap-642,9.20772749877444959e-194
2,157,0x1.12de6c60fb597p-657,0x1.addcc8a3c6a84p-642,0x1.addeee609f6a4p-642,9.20112199974889395e-194
2,158,0x1.cecaa96aa5f57p-663,0x1.addcc8a3c6a84p-642,0x1.addcd71a1bf3ap-642,9.20094717608904233e-194
2,159,0x1.83554fb8187c7p-668,0x1.addcc8a3c6a84p-642,0x1.addcc9049bfc4p-642,9.20094257618887152e-194
2,160,0x1.424e40d47f1bp-673,0x1.addcc8a3c6a84p-642,0x1.addcc8a64b44dp-642,9.20094245586132306e-194
2,161,0x1.0aa7a5e9bd8c9p-678,0x1.addcc8a3c6a84p-642,0x1.addcc8a3d752dp-642,9.20094245273189639e-194
2,162,0x1.b6b4cc3086a01p-684,0x1.addcc8a3c6a84p-642,0x1.addcc8a3c716p-642,9.20094245265097498e-194
2,163,0x1.66d5cbf76251ep-689,0x1.addcc8a3c6a84p-642,0x1.addcc8a3c6ab2p-642,9.20094245264889443e-194
2,164,0x1.23d9227e0180bp-694,0x1.addcc8a3c6a84p-642,0x1.addcc8a3c6a86p-642,9.20094245264884089e-194
2,165,0x1.d8112c1100cf5p-700,0x1.addcc8a3c6a84p-642,0x1.addcc8a3c6a85p-642,9.20094245264883967e-194
2,166,0x1.7ba79cfe15063p-705,0x1.addcc8a3c6a84p-642,0x1.addcc8a3c6a85p-642,9.20094245264883967e-194
2,167,0x1.2fa347a6c2fbp-710,0x1.addcc8a3c6a84p-642,0x1.addcc8a3c6a85p-642,9.20094245264883967e-194
2,168,0x1.e3004c127bacp-716,0x1.addcc8a3c6a84p-642,0x1.addcc8a3c6a85p-642,9.20094245264883967e-194
2,169,0x1.7e0c8934d8e4fp-721,0x1.addcc8a3c6a84p-642,0x1.addcc8a3c6a85p-642,9.20094245264883967e-194
2,170,0x1.2c8bdfee0b924p-726,0x1.addcc8a3c6a84p-642,0x1.addcc8a3c6a85p-642,9.20094245264883967e-194
2,171,0x1.d64b049d5a12ap-732,0x1.addcc8a3c6a84p-642,0x1.addcc8a3c6a85p-642,9.20094245264883967e-194
2,172,0x1.6df7c7015da6ap-737,0x1.addcc8a3c6a84p-642,0x1.addcc8a3c6a85p-642,9.20094245264883967e-194
2,173,0x1.1b414137addf3p-742,0x1.addcc8a3c6a84p-642,0x1.addcc8a3c6a85p-642,9.20094245264883967e-194
2,174,0x1.b420e56b506a4p-748,0x1.addcc8a3c6a84p-642,0x1.addcc8a3c6a85p-642,9.20094245264883967e-194
2,175,0x1.4df820e23edcbp-753,0x1.addcc8a3c6a84p-642,0x1.addcc8a3c6a85p-642,9.20094245264883967e-194
2,176,0x1.fcc66489efb7p-759,0x1.addcc8a3c6a84p-642,0x1.addcc8a3c6a85p-642,9.20094245264883967e-194
2,177,0x1.817ffff46bd77p-764,0x1.addcc8a3c6a84p-642,0x1.addcc8a3c6a85p-642,9.20094245264883967e-194
2,178,0x1.2290d4ede6321p-769,0x1.addcc8a3c6a84p-642,0x1.addcc8a3c6a85p-642,9.20094245264883967e-194
2,179,0x1.b3bd84c79f707p-775,0x1.addcc8a3c6a84p-642,0x1.addcc8a3c6a85p-642,9.20094245264883967e-194
2,180,0x1.4508302ebabf2p-780,0x1.addcc8a3c6a84p-642,0x1.addcc8a3c6a85p-642,9.20094245264883967e-194
2,181,0x1.e2677e9676315p-786,0x1.addcc8a3c6a84p-642,0x1.addcc8a3c6a85p-642,9.20094245264883967e-194
2,182,0x1.6426b4e8378d1p-791,0x1.addcc8a3c6a84p-642,0x1.addcc8a3c6a85p-642,9.20094245264883967e-194
2,183,0x1.059987a46be18p-796,0x1.addcc8a3c6a84p-642,0x1.addcc8a3c6a85p-642,9.20094245264883967e-194
2,184,0x1.7e5997845911cp-802,0x1.addcc8a3c6a84p-642,0x1.addcc8a3c6a85p-642,9.20094245264883967e-194
2,185,0x1.1601fc5be01fdp-807,0x1.addcc8a3c6a84p-642,0x1.addcc8a3c6a85p-642,9.20094245264883967e-194
2,186,0x1.923ff6fa5fb94p-813,0x1.addcc8a3c6a84p-642,0x1.addcc8a3c6a85p-642,9.20094245264883967e-194
2,187,0x1.218db9a4ae055p-818,0x1.addcc8a3c6a84p-642,0x1.addcc8a3c6a85p-642,9.20094245264883967e-194
2,188,0x1.9ec9edbcd644p-824,0x1.addcc8a3c6a84p-642,0x1.addcc8a3c6a85p-642,9.20094245264883967e-194
2,189,0x1.279feb2be0664p-829,0x1.addcc8a3c6a84p-642,0x1.addcc8a3c6a85p-642,9.20094245264883967e-194
2,190,0x1.a350b511d33d9p-835,0x1.addcc8a3c6a84p-642,0x1.addcc8a3c6a85p-642,9.20094245264883967e-194
2,191,0x1.27ec122703945p-840,0x1.addcc8a3c6a84p-642,0x1.addcc8a3c6a85p-642,9.20094245264883967e-194
2,192,0x1.9fa4dd8e5f658p-846,0x1.addcc8a3c6a84p-642,0x1.addcc8a3c6a85p-642,9.20094245264883967e-194
2,193,0x1.227c0fb48e685p-851,0x1.addcc8a3c6a84p-642,0x1.addcc8a3c6a85p-642,9.20094245264883967e-194
2,194,0x1.9410f2d9bc2a9p-857,0x1.addcc8a3c6a84p-642,0x1.addcc8a3c6a85p-642,9.20094245264883967e-194
2,195,0x1.17add1fb74ec2p-862,0x1.addcc8a3c6a84p-642,0x1.addcc8a3c6a85p-642,9.20094245264883967e-194
2,196,0x1.815072a0fdefp-868,0x1.addcc8a3c6a84p-642,0x1.addcc8a3c6a85p-642,9.20094245264883967e-194
2,197,0x1.0829223630f0fp-873,0x1.addcc8a3c6a84p-642,0x1.addcc8a3c6a85p-642,9.20094245264883967e-194
2,198,0x1.687c8923e1616p-879,0x1.addcc8a3c6a84p-642,0x1.addcc8a3c6a85p-642,9.20094245264883967e-194
2,199,0x1.e99e287429da8p-885,0x1.addcc8a3c6a84p-642,0x1.addcc8a3c6a85p-642,9.20094245264883967e-194
2,200,0x1.4af14742b4e3fp-890,0x1.addcc8a3c6a84p-642,0x1.addcc8a3c6a85p-642,9.20094245264883967e-194
2,201,0x1.bd4aa731da8a4p-896,0x1.addcc8a3c6a84p-642,0x1.addcc8a3c6a85p-642,9.20094245264883967e-194
2,202,0x1.2a2ecdac193a5p-901,0x1.addcc8a3c6a84p-642,0x1.addcc8a3c6a85p-642,9.20094245264883967e-194
2,203,0x1.8d7fca79081adp-907,0x1.addcc8a3c6a84p-642,0x1.addcc8a3c6a85p-642,9.20094245264883967e-194
2,204,0x1.07ba1f7fddf9dp-912,0x1.addcc8a3c6a84p-642,0x1.addcc8a3c6a85p-642,9.20094245264883967e-194
2,205,0x1.5c57cfb84c694p-918,0x1.addcc8a3c6a84p-642,0x1.addcc8a3c6a85p-642,9.20094245264883967e-194
2,206,0x1.ca01f2621f0aap-924,0x1.addcc8a3c6a84p-642,0x1.addcc8a3c6a85p-642,9.20094245264883967e-194
2,207,0x1.2bbaecd1a345bp-929,0x1.addcc8a3c6a84p-642,0x1.addcc8a3c6a85p-642,9.20094245264883967e-194
2,208,0x1.86868734162f5p-935,0x1.addcc8a3c6a84p-642,0x1.addcc8a3c6a85p-642,9.20094245264883967e-194
2,209,0x1.fa88a1e6f3fd2p-941,0x1.addcc8a3c6a84p-642,0x1.addcc8a3c6a85p-642,9.20094245264883967e-194
2,210,0x1.470767b592e7ap-946,0x1.addcc8a3c6a84p-642,0x1.addcc8a3c6a85p-642,9.20094245264883967e-194
2,211,0x1.a463a16d39dcap-952,0x1.addcc8a3c6a84p-642,0x1.addcc8a3c6a85p-642,9.20094245264883967e-194
2,212,0x1.0d002189e81fcp-957,0x1.addcc8a3c6a84p-642,0x1.addcc8a3c6a85p-642,9.20094245264883967e-194
2,213,0x1.56bc5c7bc567dp-963,0x1.addcc8a3c6a84p-642,0x1.addcc8a3c6a85p-642,9.20094245264883967e-194
2,214,0x1.b2c26de165d03p-969,0x1.addcc8a3c6a84p-642,0x1.addcc8a3c6a85p-642,9.20094245264883967e-194
2,215,0x1.128963fa10f74p-974,0x1.addcc8a3c6a84p-642,0x1.addcc8a3c6a85p-642,9.20094245264883967e-194
2,216,0x1.59356cc788646p-980,0x1.addcc8a3c6a84p-642,0x1.addcc8a3c6a85p-642,9.20094245264883967e-194
2,217,0x1.b02fc9bbc600fp-986,0x1.addcc8a3c6a84p-642,0x1.addcc8a3c6a85p-642,9.20094245264883967e-194
2,218,0x1.0d5e736dc62p-991,0x1.addcc8a3c6a84p-642,0x1.addcc8a3c6a85p-642,9.20094245264883967e-194
2,219,0x1.4e55113733d11p-997,0x1.addcc8a3c6a84p-642,0x1.addcc8a3c6a85p-642,9.20094245264883967e-194
2,220,0x1.9d2eb26dc6741p-1003,0x1.addcc8a3c6a84p-642,0x1.addcc8a3c6a85p-642,9.20094245264883967e-194
2,221,0x1.fc72876244959p-1009,0x1.addcc8a3c6a84p-642,0x1.addcc8a3c6a85p-642,9.20094245264883967e-194
2,222,0x1.3781fa2d5b407p-1014,0x1.addcc8a3c6a84p-642,0x1.addcc8a3c6a85p-642,9.20094245264883967e-194
2,223,0x1.7c152b44d6d3cp-1020,0x1.addcc8a3c6a84p-642,0x1.addcc8a3c6a85p-642,9.20094245264883967e-194
2,224,0x0.1cdcc2c73b183p-1022,0x1.addcc8a3c6a84p-642,0x1.addcc8a3c6a85p-642,9.20094245264883967e-194
2,225,0x0.008bae528d1f7p-1022,0x1.addcc8a3c6a84p-642,0x1.addcc8a3c6a85p-642,9.20094245264883967e-194
2,226,0x0.0002a12add611p-1022,0x1.addcc8a3c6a84p-642,0x1.addcc8a3c6a85p-642,9.20094245264883967e-194
2,227,0x0.00000c9efcaadp-1022,0x1.addcc8a3c6a84p-642,0x1.addcc8a3c6a85p-642,9.20094245264883967e-194
2,228,0x0.0000003c9a90fp-1022,0x1.addcc8a3c6a84p-642,0x1.addcc8a3c6a85p-642,9.20094245264883967e-194
2,229,0x0.00000001661bfp-1022,0x1.addcc8a3c6a84p-642,0x1.addcc8a3c6a85p-642,9.20094245264883967e-194
2,230,0x0.000000004969ap-1022,0x1.addcc8a3c6a84p-642,0x1.addcc8a3c6a85p-642,9.20094245264883967e-194
2,231,0x0.0000000041538p-1022,0x1.addcc8a3c6a84p-642,0x1.addcc8a3c6a85p-642,9.20094245264883967e-194
2,232,0x0.000000003e6e1p-1022,0x1.addcc8a3c6a84p-642,0x1.addcc8a3c6a85p-642,9.20094245264883967e-194
2,233,0x0.000000003bb24p-1022,0x1.addcc8a3c6a84p-642,0x1.addcc8a3c6a85p-642,9.20094245264883967e-194
2,234,0x0.000000003907fp-1022,0x1.addcc8a3c6a84p-642,0x1.addcc8a3c6a85p-642,9.20094245264883967e-194
2,235,0x0.00000000366fp-1022,0x1.addcc8a3c6a84p-642,0x1.addcc8a3c6a85p-642,9.20094245264883967e-194
2,236,0x0.0000000033e75p-1022,0x1.addcc8a3c6a84p-642,0x1.addcc8a3c6a85p-642,9.20094245264883967e-194
2,237,0x0.000000003170dp-1022,0x1.addcc8a3c6a84p-642,0x1.addcc8a3c6a85p-642,9.20094245264883967e-194
2,238,0x0.000000002f0b6p-1022,0x1.addcc8a3c6a84p-642,0x1.addcc8a3c6a85p-642,9.20094245264883967e-194
2,239,0x0.000000002cb6ep-1022,0x1.addcc8a3c6a84p-642,0x1.addcc8a3c6a85p-642,9.20094245264883967e-194
2,240,0x0.000000002a733p-1022,0x1.addcc8a3c6a84p-642,0x1.addcc8a3c6a85p-642,9.20094245264883967e-194
2,241,0x0.0000000028403p-1022,0x1.addcc8a3c6a84p-642,0x1.addcc8a3c6a85p-642,9.20094245264883967e-194
2,242,0x0.00000000261dcp-1022,0x1.addcc8a3c6a84p-642,0x1.addcc8a3c6a85p-642,9.20094245264883967e-194
2,243,0x0.00000000240bcp-1022,0x1.addcc8a3c6a84p-642,0x1.addcc8a3c6a85p-642,9.20094245264883967e-194
2,244,0x0.00000000220a1p-1022,0x1.addcc8a3c6a84p-642,0x1.addcc8a3c6a85p-642,9.20094245264883967e-194
2,245,0x0.0000000020189p-1022,0x1.addcc8a3c6a84p-642,0x1.addcc8a3c6a85p-642,9.20094245264883967e-194
2,246,0x0.000000001e372p-1022,0x1.addcc8a3c6a84p-642,0x1.addcc8a3c6a85p-642,9.20094245264883967e-194
2,247,0x0.000000001c65ap-1022,0x1.addcc8a3c6a84p-642,0x1.addcc8a3c6a85p-642,9.20094245264883967e-194
2,248,0x0.000000001aa3fp-1022,0x1.addcc8a3c6a84p-642,0x1.addcc8a3c6a85p-642,9.20094245264883967e-194
2,249,0x0.0000000018f1fp-1022,0x1.addcc8a3c6a84p-642,0x1.addcc8a3c6a85p-642,9.20094245264883967e-194
2,250,0x0.00000000174f7p-1022,0x1.addcc8a3c6a84p-642,0x1.addcc8a3c6a85p-642,9.20094245264883967e-194
2,251,0x0.0000000015bc5p-1022,0x1.addcc8a3c6a84p-642,0x1.addcc8a3c6a85p-642,9.20094245264883967e-194
2,252,0x0.0000000014387p-1022,0x1.addcc8a3c6a84p-642,0x1.addcc8a3c6a85p-642,9.20094245264883967e-194
2,253,0x0.0000000012c3bp-1022,0x1.addcc8a3c6a84p-642,0x1.addcc8a3c6a85p-642,9.20094245264883967e-194
2,254,0x0.00000000115dfp-1022,0x1.addcc8a3c6a84p-642,0x1.addcc8a3c6a85p-642,9.20094245264883967e-194
2,255,0x0.0000000010071p-1022,0x1.addcc8a3c6a84p-642,0x1.addcc8a3c6a85p-642,9.20094245264883967e-194
2,256,0x0.000000000ebefp-1022,0x1.addcc8a3c6a84p-642,0x1.addcc8a3c6a85p-642,9.20094245264883967e-194
2,257,0x0.000000000d857p-1022,0x1.addcc8a3c6a84p-642,0x1.addcc8a3c6a85p-642,9.20094245264883967e-194
2,258,0x0.000000000c5a7p-1022,0x1.addcc8a3c6a84p-642,0x1.addcc8a3c6a85p-642,9.20094245264883967e-194
2,259,0x0.000000000b3ddp-1022,0x1.addcc8a3c6a84p-642,0x1.addcc8a3c6a85p-642,9.20094245264883967e-194
2,260,0x0.000000000a2f7p-1022,0x1.addcc8a3c6a84p-642,0x1.addcc8a3c6a85p-642,9.20094245264883967e-194
2,261,0x0.00000000092f3p-1022,0x1.addcc8a3c6a84p-642,0x1.addcc8a3c6a85p-642,9.20094245264883967e-194
2,262,0x0.00000000083cfp-1022,0x1.addcc8a3c6a84p-642,0x1.addcc8a3c6a85p-642,9.20094245264883967e-194
2,263,0x0.0000000007589p-1022,0x1.addcc8a3c6a84p-642,0x1.addcc8a3c6a85p-642,9.20094245264883967e-194
2,264,0x0.000000000681fp-1022,0x1.addcc8a3c6a84p-642,0x1.addcc8a3c6a85p-642,9.20094245264883967e-194
2,265,0x0.0000000005b8fp-1022,0x1.addcc8a3c6a84p-642,0x1.addcc8a3c6a85p-642,9.20094245264883967e-194
2,266,0x0.0000000004fd7p-1022,0x1.addcc8a3c6a84p-642,0x1.addcc8a3c6a85p-642,9.20094245264883967e-194
2,267,0x0.00000000044f5p-1022,0x1.addcc8a3c6a84p-642,0x1.addcc8a3c6a85p-642,9.20094245264883967e-194
2,268,0x0.0000000003ae7p-1022,0x1.addcc8a3c6a84p-642,0x1.addcc8a3c6a85p-642,9.20094245264883967e-194
2,269,0x0.00000000031abp-1022,0x1.addcc8a3c6a84p-642,0x1.addcc8a3c6a85p-642,9.20094245264883967e-194
2,270,0x0.000000000293fp-1022,0x1.addcc8a3c6a84p-642,0x1.addcc8a3c6a85p-642,9.20094245264883967e-194
2,271,0x0.00000000021a1p-1022,0x1.addcc8a3c6a84p-642,0x1.addcc8a3c6a85p-642,9.20094245264883967e-194
2,272,0x0.0000000001acfp-1022,0x1.addcc8a3c6a84p-642,0x1.addcc8a3c6a85p-642,9.20094245264883967e-194
2,273,0x0.00000000014c7p-1022,0x1.addcc8a3c6a84p-642,0x1.addcc8a3c6a85p-642,9.20094245264883967e-194
2,274,0x0.0000000000f87p-1022,0x1.addcc8a3c6a84p-642,0x1.addcc8a3c6a85p-642,9.20094245264883967e-194
2,275,0x0.0000000000b0dp-1022,0x1.addcc8a3c6a84p-642,0x1.addcc8a3c6a85p-642,9.20094245264883967e-194
2,276,0x0.0000000000757p-1022,0x1.addcc8a3c6a84p-642,0x1.addcc8a3c6a85p-642,9.20094245264883967e-194
2,277,0x0.0000000000463p-1022,0x1.addcc8a3c6a84p-642,0x1.addcc8a3c6a85p-642,9.20094245264883967e-194
2,278,0x0.000000000022fp-1022,0x1.addcc8a3c6a84p-642,0x1.addcc8a3c6a85p-642,9.20094245264883967e-194
2,279,0x0.00000000000b9p-1022,0x1.addcc8a3c6a84p-642,0x1.addcc8a3c6a85p-642,9.20094245264883967e-194
2,280,0x0p+0,0x1.addcc8a3c6a84p-642,0x1.addcc8a3c6a84p-642,9.20094245264883846e-194
3,0,0x1.3cc1cbe367a2dp-3,0x1.fa1ed2ef4b7bbp-641,0x1.3cc1cbe367a2ep-3,1.54666512372345577e-01
3,1,0x1.72b9af5ac94b9p-5,0x1.fa1ed2ef4b7bbp-641,0x1.72b9af5ac94bap-5,4.52545571227260385e-02
3,2,0x1.86c2877b54e9bp-7,0x1.fa1ed2ef4b7bbp-641,0x1.86c2877b54e9cp-7,1.19250451595356785e-02
3,3,0x1.7c5ac5bee5b37p-9,0x1.fa1ed2ef4b7bbp-641,0x1.7c5ac5bee5b38p-9,2.90187515151832040e-03
3,4,0x1.5d4bef97aa5fep-11,0x1.fa1ed2ef4b7bbp-641,0x1.5d4bef97aa5ffp-11,6.66230439454185033e-04
3,5,0x1.33b90bbb68747p-13,0x1.fa1ed2ef4b7bbp-641,0x1.33b90bbb68748p-13,1.46733682282957365e-04
3,6,0x1.07060eceee0e4p-15,0x1.fa1ed2ef4b7bbp-641,0x1.07060eceee0e5p-15,3.13548640557563793e-05
3,7,0x1.b714b85817c43p-18,0x1.fa1ed2ef4b7bbp-641,0x1.b714b85817c44p-18,6.54281583231582989e-06
3,8,0x1.6700a3211f03ap-20,0x1.fa1ed2ef4b7bbp-641,0x1.6700a3211f03bp-20,1.33738848997947413e-06
3,9,0x1.1fece0618993p-22,0x1.fa1ed2ef4b7bbp-641,0x1.1fece06189931p-22,2.68151330558985559e-07
3,10,0x1.c567a295759f9p-25,0x1.fa1ed2ef4b7bbp-641,0x1.c567a295759fap-25,5.27832685716341436e-08
3,11,0x1.5ec79d46f4c39p-27,0x1.fa1ed2ef4b7bbp-641,0x1.5ec79d46f4c3ap-27,1.02090341856585741e-08
3,12,0x1.0aed2ad1b95f2p-29,0x1.fa1ed2ef4b7bbp-641,0x1.0aed2ad1b95f3p-29,1.94214542439783417e-09
3,13,0x1.8ffb156c39292p-32,0x1.fa1ed2ef4b7bbp-641,0x1.8ffb156c39293p-32,3.63780414441117277e-10
3,14,0x1.2758b7113a0edp-34,0x1.fa1ed2ef4b7bbp-641,0x1.2758b7113a0eep-34,6.71540290989458082e-11
3,15,0x1.ae359b0055856p-37,0x1.fa1ed2ef4b7bbp-641,0x1.ae359b0055857p-37,1.22272864582048627e-11
3,16,0x1.353f852003085p-39,0x1.fa1ed2ef4b7bbp-641,0x1.353f852003086p-39,2.19734008820893262e-12
3,17,0x1.b70a56c677074p-42,0x1.fa1ed2ef4b7bbp-641,0x1.b70a56c677075p-42,3.89946196741857188e-13
3,18,0x1.33e5d1d00afb7p-44,0x1.fa1ed2ef4b7bbp-641,0x1.33e5d1d00afb8p-44,6.83670304229527171e-14
3,19,0x1.aad19347db916p-47,0x1.fa1ed2ef4b7bbp-641,0x1.aad19347db917p-47,1.18465974134630601e-14
3,20,0x1.247cf9efd1aa5p-49,0x1.fa1ed2ef4b7bbp-641,0x1.247cf9efd1aa6p-49,2.02954450976291517e-15
3,21,0x1.8c75ec721c783p-52,0x1.fa1ed2ef4b7bbp-641,0x1.8c75ec721c784p-52,3.43874788996127097e-16
3,22,0x1.09d147660e5ebp-54,0x1.fa1ed2ef4b7bbp-641,0x1.09d147660e5ecp-54,5.76399812660464556e-17
3,23,0x1.60b848095b6abp-57,0x1.fa1ed2ef4b7bbp-641,0x1.60b848095b6acp-57,9.56049066927854637e-18
3,24,0x1.cf3da3839c0e6p-60,0x1.fa1ed2ef4b7bbp-641,0x1.cf3da3839c0e7p-60,1.56952080007365247e-18
3,25,0x1.2d2400cb6441p-62,0x1.fa1ed2ef4b7bbp-641,0x1.2d2400cb64411p-62,2.55076041400404564e-19
3,26,0x1.83a913fcbf332p-65,0x1.fa1ed2ef4b7bbp-641,0x1.83a913fcbf333p-65,4.10451478764000813e-20
3,27,0x1.ee2ea2c4ebe8ap-68,0x1.fa1ed2ef4b7bbp-641,0x1.ee2ea2c4ebe8bp-68,6.54044657686336998e-21
3,28,0x1.37f6274ca1101p-70,0x1.fa1ed2ef4b7bbp-641,0x1.37f6274ca1102p-70,1.03219414160472217e-21
3,29,0x1.861f3c62b48d1p-73,0x1.fa1ed2ef4b7bbp-641,0x1.861f3c62b48d2p-73,1.61350683735498551e-22
3,30,0x1.e3469beb14991p-76,0x1.fa1ed2ef4b7bbp-641,0x1.e3469beb14992p-76,2.49847741267039930e-23
3,31,0x1.288b0e177a6eep-78,0x1.fa1ed2ef4b7bbp-641,0x1.288b0e177a6efp-78,3.83273081877075734e-24
3,32,0x1.688ce80c2ffdap-81,0x1.fa1ed2ef4b7bbp-641,0x1.688ce80c2ffdbp-81,5.82500612830368131e-25
3,33,0x1.b254a49cb731fp-84,0x1.fa1ed2ef4b7bbp-641,0x1.b254a49cb732p-84,8.77123735801267658e-26
3,34,0x1.033391e25a352p-86,0x1.fa1ed2ef4b7bbp-641,0x1.033391e25a353p-86,1.30863287265762328e-26
3,35,0x1.328a71f097ac9p-89,0x1.fa1ed2ef4b7bbp-641,0x1.328a71f097acap-89,1.93454443063981982e-27
3,36,0x1.67362d0c6a6dcp-92,0x1.fa1ed2ef4b7bbp-641,0x1.67362d0c6a6ddp-92,2.83368007573120354e-28
3,37,0x1.a11671b9908d2p-95,0x1.fa1ed2ef4b7bbp-641,0x1.a11671b9908d3p-95,4.11280198905544616e-29
3,38,0x1.dfdd99eba237dp-98,0x1.fa1ed2ef4b7bbp-641,0x1.dfdd99eba237ep-98,5.91480054967423420e-30
3,39,0x1.11860e86479fep-100,0x1.fa1ed2ef4b7bbp-641,0x1.11860e86479ffp-100,8.42859848976906604e-31
3,40,0x1.34f6dc98062c7p-103,0x1.fa1ed2ef4b7bbp-641,0x1.34f6dc98062c8p-103,1.19008720769529097e-31
3,41,0x1.59cc63ca6028ap-106,0x1.fa1ed2ef4b7bbp-641,0x1.59cc63ca6028bp-106,1.66495872204532543e-32
3,42,0x1.7f780ea8ff711p-109,0x1.fa1ed2ef4b7bbp-641,0x1.7f780ea8ff712p-109,2.30791993495238730e-33
3,43,0x1.a553dd64b4f1cp-112,0x1.fa1ed2ef4b7bbp-641,0x1.a553dd64b4f1dp-112,3.16971654434783891e-34
3,44,0x1.caa631fe0a03ap-115,0x1.fa1ed2ef4b7bbp-641,0x1.caa631fe0a03bp-115,4.31311635190677744e-35
3,45,0x1.eea705a7fa579p-118,0x1.fa1ed2ef4b7bbp-641,0x1.eea705a7fa57ap-118,5.81461137151589606e-36
3,46,0x1.084330bc4ed53p-120,0x1.fa1ed2ef4b7bbp-641,0x1.084330bc4ed54p-120,7.76597579201927779e-37
3,47,0x1.17b9ecc5d5867p-123,0x1.fa1ed2ef4b7bbp-641,0x1.17b9ecc5d5868p-123,1.02755202850784544e-37
3,48,0x1.2553587e0be6fp-126,0x1.fa1ed2ef4b7bbp-641,0x1.2553587e0be7p-126,1.34688495841411723e-38
3,49,0x1.30b31c887692bp-129,0x1.fa1ed2ef4b7bbp-641,0x1.30b31c887692cp-129,1.74889024476191913e-39
3,50,0x1.3988f877099e9p-132,0x1.fa1ed2ef4b7bbp-641,0x1.3988f877099eap-132,2.24950359987459810e-40
3,51,0x1.3f94736a1ed28p-135,0x1.fa1ed2ef4b7bbp-641,0x1.3f94736a1ed29p-135,2.86609154304913364e-41
3,52,0x1.42a7f0c3743a9p-138,0x1.fa1ed2ef4b7bbp-641,0x1.42a7f0c3743aap-138,3.61709905472802240e-42
3,53,0x1.42aaf3f8746fp-141,0x1.fa1ed2ef4b7bbp-641,0x1.42aaf3f8746f1p-141,4.52153871880568030e-43
3,54,0x1.3f9b6ae0d9918p-144,0x1.fa1ed2ef4b7bbp-641,0x1.3f9b6ae0d9919p-144,5.59831172292500638e-44
3,55,0x1.398de5db90b86p-147,0x1.fa1ed2ef4b7bbp-641,0x1.398de5db90b87p-147,6.86536161089642614e-45
3,56,0x1.30acb7819cd51p-150,0x1.fa1ed2ef4b7bbp-641,0x1.30acb7819cd52p-150,8.33867488894042843e-46
3,57,0x1.253608cab0f2ap-153,0x1.fa1ed2ef4b7bbp-641,0x1.253608cab0f2bp-153,1.00311578229611957e-46
3,58,0x1.177900cfb4303p-156,0x1.fa1ed2ef4b7bbp-641,0x1.177900cfb4304p-156,1.19514349783977796e-47
3,59,0x1.07d22f1aa4efbp-159,0x1.fa1ed2ef4b7bbp-641,0x1.07d22f1aa4efcp-159,1.41026308421672331e-48
3,60,0x1.ed4ee69b93dc3p-163,0x1.fa1ed2ef4b7bbp-641,0x1.ed4ee69b93dc4p-163,1.64812095622896220e-49
3,61,0x1.c8c747c0304a4p-166,0x1.fa1ed2ef4b7bbp-641,0x1.c8c747c0304a5p-166,1.90759576713425848e-50
3,62,0x1.a2e46e7bc91a8p-169,0x1.fa1ed2ef4b7bbp-641,0x1.a2e46e7bc91a9p-169,2.18671989405363882e-51
3,63,0x1.7c765db82e33ap-172,0x1.fa1ed2ef4b7bbp-641,0x1.7c765db82e33bp-172,2.48263278684926067e-52
3,64,0x1.563ef6a18827ap-175,0x1.fa1ed2ef4b7bbp-641,0x1.563ef6a18827bp-175,2.79157378980677846e-53
3,65,0x1.30ec08acbf10fp-178,0x1.fa1ed2ef4b7bbp-641,0x1.30ec08acbf11p-178,3.10892021415881694e-54
3,66,0x1.0d12e22788b6dp-181,0x1.fa1ed2ef4b7bbp-641,0x1.0d12e22788b6ep-181,3.42927388703430195e-55
3,67,0x1.d65af6498ac38p-185,0x1.fa1ed2ef4b7bbp-641,0x1.d65af6498ac39p-185,3.74659628259619247e-56
3,68,0x1.97326d8b2760ap-188,0x1.fa1ed2ef4b7bbp-641,0x1.97326d8b2760bp-188,4.05438888407168795e-57
3,69,0x1.5d2e392d62c43p-191,0x1.fa1ed2ef4b7bbp-641,0x1.5d2e392d62c44p-191,4.34591191867885135e-58
3,70,0x1.289aadafaff31p-194,0x1.fa1ed2ef4b7bbp-641,0x1.289aadafaff32p-194,4.61443136843307286e-59
3,71,0x1.f326d09c59dcap-198,0x1.fa1ed2ef4b7bbp-641,0x1.f326d09c59dcbp-198,4.85348150196522855e-60
3,72,0x1.a0138e3aebcbdp-201,0x1.fa1ed2ef4b7bbp-641,0x1.a0138e3aebcbep-201,5.05712837024732575e-61
3,73,0x1.579883fc0437dp-204,0x1.fa1ed2ef4b7bbp-641,0x1.579883fc0437ep-204,5.22021896557484247e-62
3,74,0x1.191c338b1ab7cp-207,0x1.fa1ed2ef4b7bbp-641,0x1.191c338b1ab7dp-207,5.33860116489021204e-63
3,75,0x1.c7bb939f7a469p-211,0x1.fa1ed2ef4b7bbp-641,0x1.c7bb939f7a46ap-211,5.40930116130104113e-64
3,76,0x1.6e0661efb478cp-214,0x1.fa1ed2ef4b7bbp-641,0x1.6e0661efb478dp-214,5.43064771468634714e-65
3,77,0x1.234b1b078e8c9p-217,0x1.fa1ed2ef4b7bbp-641,0x1.234b1b078e8cap-217,5.40233600578026389e-66
3,78,0x1.cb6f35141ab9p-221,0x1.fa1ed2ef4b7bbp-641,0x1.cb6f35141ab91p-221,5.32542786221380484e-67
3,79,0x1.670c7ee9b74edp-224,0x1.fa1ed2ef4b7bbp-641,0x1.670c7ee9b74eep-224,5.20228929747538474e-68
3,80,0x1.161561deb473fp-227,0x1.fa1ed2ef4b7bbp-641,0x1.161561deb474p-227,5.03647031225834353e-69
3,81,0x1.aaeae4a9f6f8ep-231,0x1.fa1ed2ef4b7bbp-641,0x1.aaeae4a9f6f8fp-231,4.83253542590164409e-70
3,82,0x1.44ce977d11861p-234,0x1.fa1ed2ef4b7bbp-641,0x1.44ce977d11862p-234,4.59585616529506603e-71
3,83,0x1.e9e5ca7fe8656p-238,0x1.fa1ed2ef4b7bbp-641,0x1.e9e5ca7fe8657p-238,4.33237855332870650e-72
3,84,0x1.6e3a0fea1c793p-241,0x1.fa1ed2ef4b7bbp-641,0x1.6e3a0fea1c794p-241,4.04837941795205893e-73
3,85,0x1.0f676c7d9219ap-244,0x1.fa1ed2ef4b7bbp-641,0x1.0f676c7d9219bp-244,3.75022509356503986e-74
3,86,0x1.8ece03118dad4p-248,0x1.fa1ed2ef4b7bbp-641,0x1.8ece03118dad5p-248,3.44414490617991641e-75
3,87,0x1.2280809ea82e9p-251,0x1.fa1ed2ef4b7bbp-641,0x1.2280809ea82eap-251,3.13602989305153741e-76
3,88,0x1.a3a1f98d8f42ep-255,0x1.fa1ed2ef4b7bbp-641,0x1.a3a1f98d8f42fp-255,2.83126472689425789e-77
3,89,0x1.2c87b30f67346p-258,0x1.fa1ed2ef4b7bbp-641,0x1.2c87b30f67347p-258,2.53459803919586325e-78
3,90,0x1.aaddb957c4242p-262,0x1.fa1ed2ef4b7bbp-641,0x1.aaddb957c4243p-262,2.25005351005039972e-79
3,91,0x1.2ca3ef4e0281fp-265,0x1.fa1ed2ef4b7bbp-641,0x1.2ca3ef4e0282p-265,1.98088143306569645e-80
3,92,0x1.a3fe0f8091dbap-269,0x1.fa1ed2ef4b7bbp-641,0x1.a3fe0f8091dbbp-269,1.72954815193031692e-81
3,93,0x1.22f7081c3b848p-272,0x1.fa1ed2ef4b7bbp-641,0x1.22f7081c3b849p-272,1.49775892673990146e-82
3,94,0x1.8fe1b0d9f7b96p-276,0x1.fa1ed2ef4b7bbp-641,0x1.8fe1b0d9f7b97p-276,1.28650849351190015e-83
3,95,0x1.109236405546ep-279,0x1.fa1ed2ef4b7bbp-641,0x1.109236405546fp-279,1.09615284528779735e-84
3,96,0x1.709d3d2e34a92p-283,0x1.fa1ed2ef4b7bbp-641,0x1.709d3d2e34a93p-283,9.26495556117739737e-86
3,97,0x1.ee8af6733171cp-287,0x1.fa1ed2ef4b7bbp-641,0x1.ee8af6733171dp-287,7.76882221067970999e-87
3,98,0x1.4921f6353c0fep-290,0x1.fa1ed2ef4b7bbp-641,0x1.4921f6353c0ffp-290,6.46297202226919386e-88
3,99,0x1.b2ab46bd7132fp-294,0x1.fa1ed2ef4b7bbp-641,0x1.b2ab46bd7133p-294,5.33457745968516472e-89
3,100,0x1.1ccb817b94ce7p-297,0x1.fa1ed2ef4b7bbp-641,0x1.1ccb817b94ce8p-297,4.36901562810572445e-90
3,101,0x1.7251ca397c8a1p-301,0x1.fa1ed2ef4b7bbp-641,0x1.7251ca397c8a2p-301,3.55065038674455215e-91
3,102,0x1.ddd81a116785p-305,0x1.fa1ed2ef4b7bbp-641,0x1.ddd81a1167851p-305,2.86350290921426636e-92
3,103,0x1.31f428e3740f1p-308,0x1.fa1ed2ef4b7bbp-641,0x1.31f428e3740f2p-308,2.29180229103351264e-93
3,104,0x1.84d6a59cb132p-312,0x1.fa1ed2ef4b7bbp-641,0x1.84d6a59cb1321p-312,1.82041584523069225e-94
3,105,0x1.ea7aa2e2fdfabp-316,0x1.fa1ed2ef4b7bbp-641,0x1.ea7aa2e2fdfacp-316,1.43516510079772901e-95
3,106,0x1.330bb67a09338p-319,0x1.fa1ed2ef4b7bbp-641,0x1.330bb67a09339p-319,1.12303815797424557e-96
3,107,0x1.7d97d092cfabbp-323,0x1.fa1ed2ef4b7bbp-641,0x1.7d97d092cfabcp-323,8.72312035390024955e-98
3,108,0x1.d6c43627de8e1p-327,0x1.fa1ed2ef4b7bbp-641,0x1.d6c43627de8e2p-327,6.72600147666128579e-99
3,109,0x1.20471924b334bp-330,0x1.fa1ed2ef4b7bbp-641,0x1.20471924b334cp-330,5.14840324396811538e-100
3,110,0x1.5e826762a273bp-334,0x1.fa1ed2ef4b7bbp-641,0x1.5e826762a273cp-334,3.91238098960259721e-101
3,111,0x1.a71eafd301155p-338,0x1.fa1ed2ef4b7bbp-641,0x1.a71eafd301156p-338,2.95178635759333673e-102
3,112,0x1.fb22c74e62514p-342,0x1.fa1ed2ef4b7bbp-641,0x1.fb22c74e62515p-342,2.21118883672032904e-103
3,113,0x1.2dc4c112a302bp-345,0x1.fa1ed2ef4b7bbp-641,0x1.2dc4c112a302cp-345,1.64469562436850034e-104
3,114,0x1.649c3c3510219p-349,0x1.fa1ed2ef4b7bbp-641,0x1.649c3c351021ap-349,1.21474584725292226e-105
3,115,0x1.a27af6c96a7aap-353,0x1.fa1ed2ef4b7bbp-641,0x1.a27af6c96a7abp-353,8.90936215585184134e-107
3,116,0x1.e7af11333c56fp-357,0x1.fa1ed2ef4b7bbp-641,0x1.e7af11333c57p-357,6.48918210729362772e-108
3,117,0x1.1a361aa3c7406p-360,0x1.fa1ed2ef4b7bbp-641,0x1.1a361aa3c7407p-360,4.69392409807079668e-109
3,118,0x1.44631bd9dc0d1p-364,0x1.fa1ed2ef4b7bbp-641,0x1.44631bd9dc0d2p-364,3.37213728170510257e-110
3,119,0x1.7256059b5173bp-368,0x1.fa1ed2ef4b7bbp-641,0x1.7256059b5173cp-368,2.40612169412562939e-111
3,120,0x1.a3f1a279f2d86p-372,0x1.fa1ed2ef4b7bbp-641,0x1.a3f1a279f2d87p-372,1.70526904990318752e-112
3,121,0x1.d902392d4a173p-376,0x1.fa1ed2ef4b7bbp-641,0x1.d902392d4a174p-376,1.20046853094936910e-113
3,122,0x1.089e1fc07ae2p-379,0x1.fa1ed2ef4b7bbp-641,0x1.089e1fc07ae21p-379,8.39480325811994396e-115
3,123,0x1.261dd8cf79b53p-383,0x1.fa1ed2ef4b7bbp-641,0x1.261dd8cf79b54p-383,5.83164685608242267e-116
3,124,0x1.44c212bf0a6cap-387,0x1.fa1ed2ef4b7bbp-641,0x1.44c212bf0a6cbp-387,4.02449787746451177e-117
3,125,0x1.6440d5fa04623p-391,0x1.fa1ed2ef4b7bbp-641,0x1.6440d5fa04624p-391,2.75924702754318088e-118
3,126,0x1.844544944bae1p-395,0x1.fa1ed2ef4b7bbp-641,0x1.844544944bae2p-395,1.87951687490454713e-119
3,127,0x1.a470e2a05d22bp-399,0x1.fa1ed2ef4b7bbp-641,0x1.a470e2a05d22cp-399,1.27202832405908131e-120
3,128,0x1.c45d463c8f596p-403,0x1.fa1ed2ef4b7bbp-641,0x1.c45d463c8f597p-403,8.55382097605761240e-122
3,129,0x1.e39e260843dd3p-407,0x1.fa1ed2ef4b7bbp-641,0x1.e39e260843dd4p-407,5.71549761219132298e-123
3,130,0x1.00e1dbf7d06d8p-410,0x1.fa1ed2ef4b7bbp-641,0x1.00e1dbf7d06d9p-410,3.79486150201221631e-124
3,131,0x1.0f2ea6f5e9ab5p-414,0x1.fa1ed2ef4b7bbp-641,0x1.0f2ea6f5e9ab6p-414,2.50381977835424480e-125
3,132,0x1.1c7e0d5cf18f9p-418,0x1.fa1ed2ef4b7bbp-641,0x1.1c7e0d5cf18fap-418,1.64169510422315235e-126
3,133,0x1.289b02ef0846bp-422,0x1.fa1ed2ef4b7bbp-641,0x1.289b02ef0846cp-422,1.06974701726620843e-127
3,134,0x1.33543a5e1422cp-426,0x1.fa1ed2ef4b7bbp-641,0x1.33543a5e1422dp-426,6.92764216264546320e-129
3,135,0x1.3c7d771e58bd6p-430,0x1.fa1ed2ef4b7bbp-641,0x1.3c7d771e58bd7p-430,4.45884142374623294e-130
3,136,0x1.43f0bfb7967c7p-434,0x1.fa1ed2ef4b7bbp-641,0x1.43f0bfb7967c8p-434,2.85237791146329939e-131
3,137,0x1.498f64e9881cep-438,0x1.fa1ed2ef4b7bbp-641,0x1.498f64e9881cfp-438,1.81366304536326243e-132
3,138,0x1.4d42d3a83b041p-442,0x1.fa1ed2ef4b7bbp-641,0x1.4d42d3a83b042p-442,1.14626887297035126e-133
3,139,0x1.4efd2a20e475fp-446,0x1.fa1ed2ef4b7bbp-641,0x1.4efd2a20e476p-446,7.20132508599840284e-135
3,140,0x1.4eb98a82a038p-450,0x1.fa1ed2ef4b7bbp-641,0x1.4eb98a82a0381p-450,4.49727906661269479e-136
3,141,0x1.4c7c290cb975p-454,0x1.fa1ed2ef4b7bbp-641,0x1.4c7c290cb9751p-454,2.79199130852473490e-137
3,142,0x1.485215bf74179p-458,0x1.fa1ed2ef4b7bbp-641,0x1.485215bf7417ap-458,1.72313860333875898e-138
3,143,0x1.4250c4d5f20bp-462,0x1.fa1ed2ef4b7bbp-641,0x1.4250c4d5f20b1p-462,1.05726348627530291e-139
3,144,0x1.3a955bc2e83f5p-466,0x1.fa1ed2ef4b7bbp-641,0x1.3a955bc2e83f6p-466,6.44937902146589422e-141
3,145,0x1.3143caa5c2c24p-470,0x1.fa1ed2ef4b7bbp-641,0x1.3143caa5c2c25p-470,3.91145931179630871e-142
3,146,0x1.2685bbf81cd3fp-474,0x1.fa1ed2ef4b7bbp-641,0x1.2685bbf81cd4p-474,2.35863326822403963e-143
3,147,0x1.1a89657927bc5p-478,0x1.fa1ed2ef4b7bbp-641,0x1.1a89657927bc6p-478,1.41415490016659637e-144
3,148,0x1.0d8046133b941p-482,0x1.fa1ed2ef4b7bbp-641,0x1.0d8046133b942p-482,8.43068023285012627e-146
3,149,0x1.ff3bb93add03cp-487,0x1.fa1ed2ef4b7bbp-641,0x1.ff3bb93add03dp-487,4.99771258732199951e-147
3,150,0x1.e22cc5ec1c232p-491,0x1.fa1ed2ef4b7bbp-641,0x1.e22cc5ec1c233p-491,2.94602724093837312e-148
3,151,0x1.c43b3021a60c2p-495,0x1.fa1ed2ef4b7bbp-641,0x1.c43b3021a60c3p-495,1.72692193412011234e-149
3,152,0x1.a5cb4490c4dd5p-499,0x1.fa1ed2ef4b7bbp-641,0x1.a5cb4490c4dd6p-499,1.00668271426437016e-150
3,153,0x1.873c234c5d9edp-503,0x1.fa1ed2ef4b7bbp-641,0x1.873c234c5d9eep-503,5.83592658328068594e-152
3,154,0x1.68e6100181cbbp-507,0x1.fa1ed2ef4b7bbp-641,0x1.68e6100181cbcp-507,3.36463167223334494e-153
3,155,0x1.4b1915c4900d1p-511,0x1.fa1ed2ef4b7bbp-641,0x1.4b1915c4900d2p-511,1.92925126008343712e-154
3,156,0x1.2e1c027522c2cp-515,0x1.fa1ed2ef4b7bbp-641,0x1.2e1c027522c2dp-515,1.10021237134929280e-155
3,157,0x1.122bba108635dp-519,0x1.fa1ed2ef4b7bbp-641,0x1.122bba108635ep-519,6.24041535534839488e-157
3,158,0x1.eef5bde7c189bp-524,0x1.fa1ed2ef4b7bbp-641,0x1.eef5bde7c189cp-524,3.52056484087487656e-158
3,159,0x1.bc639261630d6p-528,0x1.fa1ed2ef4b7bbp-641,0x1.bc639261630d7p-528,1.97553886396722028e-159
3,160,0x1.8cdd898c40302p-532,0x1.fa1ed2ef4b7bbp-641,0x1.8cdd898c40303p-532,1.10266999488037843e-160
3,161,0x1.608d19b7fc991p-536,0x1.fa1ed2ef4b7bbp-641,0x1.608d19b7fc992p-536,6.12215785900164171e-162
3,162,0x1.3789f2083e1efp-540,0x1.fa1ed2ef4b7bbp-641,0x1.3789f2083e1fp-540,3.38122901971582096e-163
3,163,0x1.11dba20bc1a09p-544,0x1.fa1ed2ef4b7bbp-641,0x1.11dba20bc1a0ap-544,1.85766642854699172e-164
3,164,0x1.def6ef0621df6p-549,0x1.fa1ed2ef4b7bbp-641,0x1.def6ef0621df7p-549,1.01530334603423963e-165
3,165,0x1.a0acf8eb47822p-553,0x1.fa1ed2ef4b7bbp-641,0x1.a0acf8eb47823p-553,5.52040039485994176e-167
3,166,0x1.689f02f72899ep-557,0x1.fa1ed2ef4b7bbp-641,0x1.689f02f72899fp-557,2.98609507069044977e-168
3,167,0x1.368244f9eeca3p-561,0x1.fa1ed2ef4b7bbp-641,0x1.368244f9eeca4p-561,1.60696519645837973e-169
3,168,0x1.09ff6dcb43808p-565,0x1.fa1ed2ef4b7bbp-641,0x1.09ff6dcb43809p-565,8.60380341403012503e-171
3,169,0x1.c56c84f816a87p-570,0x1.fa1ed2ef4b7bbp-641,0x1.c56c84f816a88p-570,4.58318004223078075e-172
3,170,0x1.8081d456ed07ep-574,0x1.fa1ed2ef4b7bbp-641,0x1.8081d456ed07fp-574,2.42910864376872603e-173
3,171,0x1.446db4388fbc5p-578,0x1.fa1ed2ef4b7bbp-641,0x1.446db4388fbc6p-578,1.28097773511167517e-174
3,172,0x1.105eb5f9a3342p-582,0x1.fa1ed2ef4b7bbp-641,0x1.105eb5f9a3343p-582,6.72143142330414316e-176
3,173,0x1.c70e94432d6eap-587,0x1.fa1ed2ef4b7bbp-641,0x1.c70e94432d6ebp-587,3.50928250588122695e-177
3,174,0x1.7a4253ce536ebp-591,0x1.fa1ed2ef4b7bbp-641,0x1.7a4253ce536f4p-591,1.82314819645070482e-178
3,175,0x1.38dff7b5a2bb8p-595,0x1.fa1ed2ef4b7bbp-641,0x1.38dff7b5a2c38p-595,9.42504216165674674e-180
3,176,0x1.01868550885dcp-599,0x1.fa1ed2ef4b7bbp-641,0x1.0186855088dc5p-599,4.84856054739100196e-181
3,177,0x1.a5dea18316588p-604,0x1.fa1ed2ef4b7bbp-641,0x1.a5dea18326298p-604,2.48210950877876522e-182
3,178,0x1.57deeb8cf1df3p-608,0x1.fa1ed2ef4b7bbp-641,0x1.57deeb8deeeebp-608,1.26449741825682272e-183
3,179,0x1.16f0bb9f5c5c7p-612,0x1.fa1ed2ef4b7bbp-641,0x1.16f0bbaf2d531p-612,6.41082691178131961e-185
3,180,0x1.c25df91d02aaep-617,0x1.fa1ed2ef4b7bbp-641,0x1.c25dfb17217dep-617,3.23459104063224442e-186
3,181,0x1.69d5e0c3de992p-621,0x1.fa1ed2ef4b7bbp-641,0x1.69d60065cbc82p-621,1.62421842722520672e-187
3,182,0x1.2152fd53a8224p-625,0x1.fa1ed2ef4b7bbp-641,0x1.2154f7727b11ap-625,8.11725267223202924e-189
3,183,0x1.cc7f5ac1636b5p-630,0x1.fa1ed2ef4b7bbp-641,0x1.ccbe9e9bc154dp-630,4.03945735440634659e-190
3,184,0x1.6cbe86baa7cb5p-634,0x1.fa1ed2ef4b7bbp-641,0x1.70b2c46086625p-634,2.02029100144291398e-191
3,185,0x1.1f8be07d1a559p-638,0x1.fa1ed2ef4b7bbp-641,0x1.5ecfbadb03c51p-638,1.20142469493215552e-192
3,186,0x1.c342221f054b7p-643,0x1.fa1ed2ef4b7bbp-641,0x1.3577adbb86675p-640,2.64958495348827776e-193
3,187,0x1.60719ad3b3141p-647,0x1.fa1ed2ef4b7bbp-641,0x1.ffa0995a9a481p-641,2.19021403712790354e-193
3,188,0x1.11fe787e931b8p-651,0x1.fa1ed2ef4b7bbp-641,0x1.fa63528d6b208p-641,2.16778497125462328e-193
3,189,0x1.a80d1aa2ae3aep-656,0x1.fa1ed2ef4b7bbp-641,0x1.fa22230980c12p-641,2.16669492592066314e-193
3,190,0x1.46a4145cb2b9ep-660,0x1.fa1ed2ef4b7bbp-641,0x1.fa1efbc3ce075p-641,2.16664219408234343e-193
3,191,0x1.f4eb2aec79d2bp-665,0x1.fa1ed2ef4b7bbp-641,0x1.fa1ed4e436a6bp-641,2.16663965483240445e-193
3,192,0x1.7e58aecb715b5p-669,0x1.fa1ed2ef4b7bbp-641,0x1.fa1ed3073106bp-641,2.16663953311538691e-193
3,193,0x1.2285a4c35d933p-673,0x1.fa1ed2ef4b7bbp-641,0x1.fa1ed2f06e016p-641,2.16663952730748173e-193
3,194,0x1.b783767de81f2p-678,0x1.fa1ed2ef4b7bbp-641,0x1.fa1ed2ef5937ep-641,2.16663952703160262e-193
3,195,0x1.4af7aa95a2496p-682,0x1.fa1ed2ef4b7bbp-641,0x1.fa1ed2ef4c214p-641,2.16663952701855718e-193
3,196,0x1.f03c03b2c5eb5p-687,0x1.fa1ed2ef4b7bbp-641,0x1.fa1ed2ef4b838p-641,2.16663952701794299e-193
3,197,0x1.725c8589a9c2dp-691,0x1.fa1ed2ef4b7bbp-641,0x1.fa1ed2ef4b7c2p-641,2.16663952701791428e-193
3,198,0x1.1331e35a9b83ep-695,0x1.fa1ed2ef4b7bbp-641,0x1.fa1ed2ef4b7bcp-641,2.16663952701791282e-193
3,199,0x1.9729f16e4fbap-700,0x1.fa1ed2ef4b7bbp-641,0x1.fa1ed2ef4b7bcp-641,2.16663952701791282e-193
3,200,0x1.2be39e0c10b31p-704,0x1.fa1ed2ef4b7bbp-641,0x1.fa1ed2ef4b7bcp-641,2.16663952701791282e-193
3,201,0x1.b7d40fcdc7cd4p-709,0x1.fa1ed2ef4b7bbp-641,0x1.fa1ed2ef4b7bcp-641,2.16663952701791282e-193
3,202,0x1.41220f71e4edap-713,0x1.fa1ed2ef4b7bbp-641,0x1.fa1ed2ef4b7bcp-641,2.16663952701791282e-193
3,203,0x1.d2e93e3a3dd15p-718,0x1.fa1ed2ef4b7bbp-641,0x1.fa1ed2ef4b7bcp-641,2.16663952701791282e-193
3,204,0x1.51f87b9b07c7cp-722,0x1.fa1ed2ef4b7bbp-641,0x1.fa1ed2ef4b7bcp-641,2.16663952701791282e-193
3,205,0x1.e72d79060a725p-727,0x1.fa1ed2ef4b7bbp-641,0x1.fa1ed2ef4b7bcp-641,2.16663952701791282e-193
3,206,0x1.5da0fe0bde84bp-731,0x1.fa1ed2ef4b7bbp-641,0x1.fa1ed2ef4b7bcp-641,2.16663952701791282e-193
3,207,0x1.f3b26ee91dc6cp-736,0x1.fa1ed2ef4b7bbp-641,0x1.fa1ed2ef4b7bcp-641,2.16663952701791282e-193
3,208,0x1.6393b008595cp-740,0x1.fa1ed2ef4b7bbp-641,0x1.fa1ed2ef4b7bcp-641,2.16663952701791282e-193
3,209,0x1.f7e9b2a770c6p-745,0x1.fa1ed2ef4b7bbp-641,0x1.fa1ed2ef4b7bcp-641,2.16663952701791282e-193
3,210,0x1.6390e4d1bf16fp-749,0x1.fa1ed2ef4b7bbp-641,0x1.fa1ed2ef4b7bcp-641,2.16663952701791282e-193
3,211,0x1.f3af1b1022fc2p-754,0x1.fa1ed2ef4b7bbp-641,0x1.fa1ed2ef4b7bcp-641,2.16663952701791282e-193
3,212,0x1.5da56a573f9ecp-758,0x1.fa1ed2ef4b7bbp-641,0x1.fa1ed2ef4b7bcp-641,2.16663952701791282e-193
3,213,0x1.e74a485844349p-763,0x1.fa1ed2ef4b7bbp-641,0x1.fa1ed2ef4b7bcp-641,2.16663952701791282e-193
3,214,0x1.52286efdac12bp-767,0x1.fa1ed2ef4b7bbp-641,0x1.fa1ed2ef4b7bcp-641,2.16663952701791282e-193
3,215,0x1.d3674d8048469p-772,0x1.fa1ed2ef4b7bbp-641,0x1.fa1ed2ef4b7bcp-641,2.16663952701791282e-193
3,216,0x1.41b368dd42403p-776,0x1.fa1ed2ef4b7bbp-641,0x1.fa1ed2ef4b7bcp-641,2.16663952701791282e-193
3,217,0x1.b9077de6f297fp-781,0x1.fa1ed2ef4b7bbp-641,0x1.fa1ed2ef4b7bcp-641,2.16663952701791282e-193
3,218,0x1.2d15049633107p-785,0x1.fa1ed2ef4b7bbp-641,0x1.fa1ed2ef4b7bcp-641,2.16663952701791282e-193
3,219,0x1.996c357067565p-790,0x1.fa1ed2ef4b7bbp-641,0x1.fa1ed2ef4b7bcp-641,2.16663952701791282e-193
3,220,0x1.1540a20f6efaap-794,0x1.fa1ed2ef4b7bbp-641,0x1.fa1ed2ef4b7bcp-641,2.16663952701791282e-193
3,221,0x1.75fe006273103p-799,0x1.fa1ed2ef4b7bbp-641,0x1.fa1ed2ef4b7bcp-641,2.16663952701791282e-193
3,222,0x1.f67858bcb717p-804,0x1.fa1ed2ef4b7bbp-641,0x1.fa1ed2ef4b7bcp-641,2.16663952701791282e-193
3,223,0x1.5032bfeff5512p-808,0x1.fa1ed2ef4b7bbp-641,0x1.fa1ed2ef4b7bcp-641,2.16663952701791282e-193
3,224,0x1.c01c4414eef71p-813,0x1.fa1ed2ef4b7bbp-641,0x1.fa1ed2ef4b7bcp-641,2.16663952701791282e-193
3,225,0x1.297548b6243cep-817,0x1.fa1ed2ef4b7bbp-641,0x1.fa1ed2ef4b7bcp-641,2.16663952701791282e-193
3,226,0x1.895ae0bd39d66p-822,0x1.fa1ed2ef4b7bbp-641,0x1.fa1ed2ef4b7bcp-641,2.16663952701791282e-193
3,227,0x1.03108df289c7bp-826,0x1.fa1ed2ef4b7bbp-641,0x1.fa1ed2ef4b7bcp-641,2.16663952701791282e-193
3,228,0x1.53e8c8ef1f418p-831,0x1.fa1ed2ef4b7bbp-641,0x1.fa1ed2ef4b7bcp-641,2.16663952701791282e-193
3,229,0x1.bc3f9b708cc8bp-836,0x1.fa1ed2ef4b7bbp-641,0x1.fa1ed2ef4b7bcp-641,2.16663952701791282e-193
3,230,0x1.212ef3254a90cp-840,0x1.fa1ed2ef4b7bbp-641,0x1.fa1ed2ef4b7bcp-641,2.16663952701791282e-193
3,231,0x1.7708f761ecef9p-845,0x1.fa1ed2ef4b7bbp-641,0x1.fa1ed2ef4b7bcp-641,2.16663952701791282e-193
3,232,0x1.e481274793836p-850,0x1.fa1ed2ef4b7bbp-641,0x1.fa1ed2ef4b7bcp-641,2.16663952701791282e-193
3,233,0x1.37c3e94e94903p-854,0x1.fa1ed2ef4b7bbp-641,0x1.fa1ed2ef4b7bcp-641,2.16663952701791282e-193
3,234,0x1.8fb1be048b24p-859,0x1.fa1ed2ef4b7bbp-641,0x1.fa1ed2ef4b7bcp-641,2.16663952701791282e-193
3,235,0x1.fe79b121d0c5bp-864,0x1.fa1ed2ef4b7bbp-641,0x1.fa1ed2ef4b7bcp-641,2.16663952701791282e-193
3,236,0x1.44bf1ada1cdcap-868,0x1.fa1ed2ef4b7bbp-641,0x1.fa1ed2ef4b7bcp-641,2.16663952701791282e-193
3,237,0x1.9ba05efd8a6e9p-873,0x1.fa1ed2ef4b7bbp-641,0x1.fa1ed2ef4b7bcp-641,2.16663952701791282e-193
3,238,0x1.03e5077dbc8d7p-877,0x1.fa1ed2ef4b7bbp-641,0x1.fa1ed2ef4b7bcp-641,2.16663952701791282e-193
3,239,0x1.46f5677a85babp-882,0x1.fa1ed2ef4b7bbp-641,0x1.fa1ed2ef4b7bcp-641,2.16663952701791282e-193
3,240,0x1.99cb49e672b69p-887,0x1.fa1ed2ef4b7bbp-641,0x1.fa1ed2ef4b7bcp-641,2.16663952701791282e-193
3,241,0x1.ffb53918f9a4p-892,0x1.fa1ed2ef4b7bbp-641,0x1.fa1ed2ef4b7bcp-641,2.16663952701791282e-193
3,242,0x1.3e4d10bc535f1p-896,0x1.fa1ed2ef4b7bbp-641,0x1.fa1ed2ef4b7bcp-641,2.16663952701791282e-193
3,243,0x1.8a8789c029e9p-901,0x1.fa1ed2ef4b7bbp-641,0x1.fa1ed2ef4b7bcp-641,2.16663952701791282e-193
3,244,0x1.e73777a92bb48p-906,0x1.fa1ed2ef4b7bbp-641,0x1.fa1ed2ef4b7bcp-641,2.16663952701791282e-193
3,245,0x1.2bbcf962df47cp-910,0x1.fa1ed2ef4b7bbp-641,0x1.fa1ed2ef4b7bcp-641,2.16663952701791282e-193
3,246,0x1.6f74aa1d7b718p-915,0x1.fa1ed2ef4b7bbp-641,0x1.fa1ed2ef4b7bcp-641,2.16663952701791282e-193
3,247,0x1.c0d5c56461829p-920,0x1.fa1ed2ef4b7bbp-641,0x1.fa1ed2ef4b7bcp-641,2.16663952701791282e-193
3,248,0x1.112041365804ep-924,0x1.fa1ed2ef4b7bbp-641,0x1.fa1ed2ef4b7bcp-641,2.16663952701791282e-193
3,249,0x1.4b34ff3ccd141p-929,0x1.fa1ed2ef4b7bbp-641,0x1.fa1ed2ef4b7bcp-641,2.16663952701791282e-193
3,250,0x1.9031fa23d9eccp-934,0x1.fa1ed2ef4b7bbp-641,0x1.fa1ed2ef4b7bcp-641,2.16663952701791282e-193
3,251,0x1.e1d22edb653e5p-939,0x1.fa1ed2ef4b7bbp-641,0x1.fa1ed2ef4b7bcp-641,2.16663952701791282e-193
3,252,0x1.21033460966e8p-943,0x1.fa1ed2ef4b7bbp-641,0x1.fa1ed2ef4b7bcp-641,2.16663952701791282e-193
3,253,0x1.597c59e0d794ap-948,0x1.fa1ed2ef4b7bbp-641,0x1.fa1ed2ef4b7bcp-641,2.16663952701791282e-193
3,254,0x1.9b87b9afa15f5p-953,0x1.fa1ed2ef4b7bbp-641,0x1.fa1ed2ef4b7bcp-641,2.16663952701791282e-193
3,255,0x1.e877fe69e114ep-958,0x1.fa1ed2ef4b7bbp-641,0x1.fa1ed2ef4b7bcp-641,2.16663952701791282e-193
3,256,0x1.20e023d9e783bp-962,0x1.fa1ed2ef4b7bbp-641,0x1.fa1ed2ef4b7bcp-641,2.16663952701791282e-193
3,257,0x1.547a60dea28aap-967,0x1.fa1ed2ef4b7bbp-641,0x1.fa1ed2ef4b7bcp-641,2.16663952701791282e-193
3,258,0x1.8fe561b05df41p-972,0x1.fa1ed2ef4b7bbp-641,0x1.fa1ed2ef4b7bcp-641,2.16663952701791282e-193
3,259,0x1.d40c2ec59e43fp-977,0x1.fa1ed2ef4b7bbp-641,0x1.fa1ed2ef4b7bcp-641,2.16663952701791282e-193
3,260,0x1.10f4d1a1d406dp-981,0x1.fa1ed2ef4b7bbp-641,0x1.fa1ed2ef4b7bcp-641,2.16663952701791282e-193
3,261,0x1.3d43c3112fc2ep-986,0x1.fa1ed2ef4b7bbp-641,0x1.fa1ed2ef4b7bcp-641,2.16663952701791282e-193
3,262,0x1.6f7e9e77a1608p-991,0x1.fa1ed2ef4b7bbp-641,0x1.fa1ed2ef4b7bcp-641,2.16663952701791282e-193
3,263,0x1.a83707a02d0ddp-996,0x1.fa1ed2ef4b7bbp-641,0x1.fa1ed2ef4b7bcp-641,2.16663952701791282e-193
3,264,0x1.e803799d505dp-1001,0x1.fa1ed2ef4b7bbp-641,0x1.fa1ed2ef4b7bcp-641,2.16663952701791282e-193
3,265,0x1.17bef7524ad3fp-1005,0x1.fa1ed2ef4b7bbp-641,0x1.fa1ed2ef4b7bcp-641,2.16663952701791282e-193
3,266,0x1.3fa123d0ef93bp-1010,0x1.fa1ed2ef4b7bbp-641,0x1.fa1ed2ef4b7bcp-641,2.16663952701791282e-193
3,267,0x1.6bf63972c56a8p-1015,0x1.fa1ed2ef4b7bbp-641,0x1.fa1ed2ef4b7bcp-641,2.16663952701791282e-193
3,268,0x1.9d0b2962b79ddp-1020,0x1.fa1ed2ef4b7bbp-641,0x1.fa1ed2ef4b7bcp-641,2.16663952701791282e-193
3,269,0x0.3a65566cf1e0ap-1022,0x1.fa1ed2ef4b7bbp-641,0x1.fa1ed2ef4b7bcp-641,2.16663952701791282e-193
3,270,0x0.020e9c20075d4p-1022,0x1.fa1ed2ef4b7bbp-641,0x1.fa1ed2ef4b7bcp-641,2.16663952701791282e-193
3,271,0x0.00127d10da2f1p-1022,0x1.fa1ed2ef4b7bbp-641,0x1.fa1ed2ef4b7bcp-641,2.16663952701791282e-193
3,272,0x0.0000a59fd1a38p-1022,0x1.fa1ed2ef4b7bbp-641,0x1.fa1ed2ef4b7bcp-641,2.16663952701791282e-193
3,273,0x0.000005c8146c6p-1022,0x1.fa1ed2ef4b7bbp-641,0x1.fa1ed2ef4b7bcp-641,2.16663952701791282e-193
3,274,0x0.00000034797f4p-1022,0x1.fa1ed2ef4b7bbp-641,0x1.fa1ed2ef4b7bcp-641,2.16663952701791282e-193
3,275,0x0.000000028cff6p-1022,0x1.fa1ed2ef4b7bbp-641,0x1.fa1ed2ef4b7bcp-641,2.16663952701791282e-193
3,276,0x0.00000000934f5p-1022,0x1.fa1ed2ef4b7bbp-641,0x1.fa1ed2ef4b7bcp-641,2.16663952701791282e-193
3,277,0x0.000000004f91p-1022,0x1.fa1ed2ef4b7bbp-641,0x1.fa1ed2ef4b7bcp-641,2.16663952701791282e-193
3,278,0x0.000000002792bp-1022,0x1.fa1ed2ef4b7bbp-641,0x1.fa1ed2ef4b7bcp-641,2.16663952701791282e-193
3,279,0x0.000000000d33bp-1022,0x1.fa1ed2ef4b7bbp-641,0x1.fa1ed2ef4b7bcp-641,2.16663952701791282e-193
3,280,0x0p+0,0x1.fa1ed2ef4b7bbp-641,0x1.fa1ed2ef4b7bbp-641,2.16663952701791257e-193
4,0,0x1.17d909cbd568p-2,0x1.120fe81434ec8p-639,0x1.17d909cbd5681p-2,2.73288872781769554e-01
4,1,0x1.81f442b2f03c6p-4,0x1.120fe81434ec8p-639,0x1.81f442b2f03c7p-4,9.42270856312595745e-02
4,2,0x1.eb254c684ba0dp-6,0x1.120fe81434ec8p-639,0x1.eb254c684ba0ep-6,2.99771543661169690e-02
4,3,0x1.273b7f81a5a3dp-7,0x1.120fe81434ec8p-639,0x1.273b7f81a5a3ep-7,9.00977826976856119e-03
4,4,0x1.54af768df2e54p-9,0x1.120fe81434ec8p-639,0x1.54af768df2e55p-9,2.59922334860166826e-03
4,5,0x1.7cd6122e22baap-11,0x1.120fe81434ec8p-639,0x1.7cd6122e22babp-11,7.26387433830457340e-04
4,6,0x1.9e53a73870ca7p-13,0x1.120fe81434ec8p-639,0x1.9e53a73870ca8p-13,1.97566399732539534e-04
4,7,0x1.b7b9b2ea36e78p-15,0x1.120fe81434ec8p-639,0x1.b7b9b2ea36e79p-15,5.24193508952526405e-05
4,8,0x1.c7ecd82be4758p-17,0x1.120fe81434ec8p-639,0x1.c7ecd82be4759p-17,1.35876290057489137e-05
4,9,0x1.ce6b5a06955c8p-19,0x1.120fe81434ec8p-639,0x1.ce6b5a06955c9p-19,3.44529258037671033e-06
4,10,0x1.cb5dc905e6e87p-21,0x1.120fe81434ec8p-639,0x1.cb5dc905e6e88p-21,8.55636500973975830e-07
4,11,0x1.bf81b343532a3p-23,0x1.120fe81434ec8p-639,0x1.bf81b343532a4p-23,2.08386518799754212e-07
4,12,0x1.ac0408543f06fp-25,0x1.120fe81434ec8p-639,0x1.ac0408543f07p-25,4.98275915267618091e-08
4,13,0x1.9258b42bba775p-27,0x1.120fe81434ec8p-639,0x1.9258b42bba776p-27,1.17098242972408784e-08
4,14,0x1.741520ecdfe1dp-29,0x1.120fe81434ec8p-639,0x1.741520ecdfe1ep-29,2.70725674381590821e-09
4,15,0x1.52cfbe9454f09p-31,0x1.120fe81434ec8p-639,0x1.52cfbe9454f0ap-31,6.16294531503055483e-10
4,16,0x1.3005c0a5218bdp-33,0x1.120fe81434ec8p-639,0x1.3005c0a5218bep-33,1.38253413197197467e-10
4,17,0x1.0d07e44f1a196p-35,0x1.120fe81434ec8p-639,0x1.0d07e44f1a197p-35,3.05852640245518523e-11
4,18,0x1.d5dcee860eac1p-38,0x1.120fe81434ec8p-639,0x1.d5dcee860eac2p-38,6.67715503627498849e-12
4,19,0x1.952832107244cp-40,0x1.120fe81434ec8p-639,0x1.952832107244dp-40,1.43940686541459939e-12
4,20,0x1.592c30c0ff4d1p-42,0x1.120fe81434ec8p-639,0x1.592c30c0ff4d2p-42,3.06574871200923088e-13
4,21,0x1.22b201c7e74aep-44,0x1.120fe81434ec8p-639,0x1.22b201c7e74afp-44,6.45473318514534282e-14
4,22,0x1.e43f96332c28ep-47,0x1.120fe81434ec8p-639,0x1.e43f96332c28fp-47,1.34405926837798961e-14
4,23,0x1.8f1470c2d1eabp-49,0x1.120fe81434ec8p-639,0x1.8f1470c2d1eacp-49,2.76917270778214704e-15
4,24,0x1.458d72969644cp-51,0x1.120fe81434ec8p-639,0x1.458d72969644dp-51,5.64743615982169320e-16
4,25,0x1.06f9f006def34p-53,0x1.120fe81434ec8p-639,0x1.06f9f006def35p-53,1.14047798448598214e-16
4,26,0x1.a4d9f7f9664f2p-56,0x1.120fe81434ec8p-639,0x1.a4d9f7f9664f3p-56,2.28144022790491574e-17
4,27,0x1.4dafc400b48b1p-58,0x1.120fe81434ec8p-639,0x1.4dafc400b48b2p-58,4.52229649825121591e-18
4,28,0x1.063ebe49fa942p-60,0x1.120fe81434ec8p-639,0x1.063ebe49fa943p-60,8.88520929599837887e-19
4,29,0x1.98aec9803fd6fp-63,0x1.120fe81434ec8p-639,0x1.98aec9803fd7p-63,1.73083882262570735e-19
4,30,0x1.3bcfe5c60a856p-65,0x1.120fe81434ec8p-639,0x1.3bcfe5c60a857p-65,3.34379067108060181e-20
4,31,0x1.e42c26275a349p-68,0x1.120fe81434ec8p-639,0x1.e42c26275a34ap-68,6.40796911537759580e-21
4,32,0x1.703f16115c4aap-70,0x1.120fe81434ec8p-639,0x1.703f16115c4abp-70,1.21842523173345100e-21
4,33,0x1.15f312a5227d5p-72,0x1.120fe81434ec8p-639,0x1.15f312a5227d6p-72,2.29914440357971757e-22
4,34,0x1.a07bcc67105ffp-75,0x1.120fe81434ec8p-639,0x1.a07bcc67106p-75,4.30633936475546912e-23
4,35,0x1.35c7ee3e72ddep-77,0x1.120fe81434ec8p-639,0x1.35c7ee3e72ddfp-77,8.00765062560813991e-24
4,36,0x1.c995b5c6269e3p-80,0x1.120fe81434ec8p-639,0x1.c995b5c6269e4p-80,1.47853624692736899e-24
4,37,0x1.4fa0e73d03215p-82,0x1.120fe81434ec8p-639,0x1.4fa0e73d03216p-82,2.71118566138819042e-25
4,38,0x1.e909bce72c4d9p-85,0x1.120fe81434ec8p-639,0x1.e909bce72c4dap-85,4.93802227048529437e-26
4,39,0x1.61efa9e8ac7c6p-87,0x1.120fe81434ec8p-639,0x1.61efa9e8ac7c7p-87,8.93460545144073188e-27
4,40,0x1.fd01e8b1a2d9ep-90,0x1.120fe81434ec8p-639,0x1.fd01e8b1a2d9fp-90,1.60614433278494583e-27
4,41,0x1.6bb16c4e5d211p-92,0x1.120fe81434ec8p-639,0x1.6bb16c4e5d212p-92,2.86903235642837755e-28
4,42,0x1.023fd268a21aap-94,0x1.120fe81434ec8p-639,0x1.023fd268a21abp-94,5.09306949970744087e-29
4,43,0x1.6c83c9aa7f44dp-97,0x1.120fe81434ec8p-639,0x1.6c83c9aa7f44ep-97,8.98598349634442860e-30
4,44,0x1.ff6bd8077cb1p-100,0x1.120fe81434ec8p-639,0x1.ff6bd8077cb11p-100,1.57593844582766292e-30
4,45,0x1.64a698653e344p-102,0x1.120fe81434ec8p-639,0x1.64a698653e345p-102,2.74753753560330988e-31
4,46,0x1.ee8c6ea22942dp-105,0x1.120fe81434ec8p-639,0x1.ee8c6ea22942ep-105,4.76232943345143095e-32
4,47,0x1.54ebed870c591p-107,0x1.120fe81434ec8p-639,0x1.54ebed870c592p-107,8.20738881127628261e-33
4,48,0x1.d362e86a50639p-110,0x1.120fe81434ec8p-639,0x1.d362e86a5063ap-110,1.40648966274556350e-33
4,49,0x1.3e99f5399976ap-112,0x1.120fe81434ec8p-639,0x1.3e99f5399976bp-112,2.39689051913460758e-34
4,50,0x1.affa60e02cd2dp-115,0x1.120fe81434ec8p-639,0x1.affa60e02cd2ep-115,4.06230197222995540e-35
4,51,0x1.2343ddb966cfep-117,0x1.120fe81434ec8p-639,0x1.2343ddb966cffp-117,6.84760963969320825e-36
4,52,0x1.86ad0f12088fdp-120,0x1.120fe81434ec8p-639,0x1.86ad0f12088fep-120,1.14809361043818967e-36
4,53,0x1.049fa1d6ecf1ep-122,0x1.120fe81434ec8p-639,0x1.049fa1d6ecf1fp-122,1.91475953914293368e-37
4,54,0x1.59e95008c3d04p-125,0x1.120fe81434ec8p-639,0x1.59e95008c3d05p-125,3.17669429771616497e-38
4,55,0x1.c8bc31c6eb5bap-128,0x1.120fe81434ec8p-639,0x1.c8bc31c6eb5bbp-128,5.24306221162612574e-39
4,56,0x1.2bfd29afc9ffbp-130,0x1.120fe81434ec8p-639,0x1.2bfd29afc9ffcp-130,8.60925970801619947e-40
4,57,0x1.881319c220f2ep-133,0x1.120fe81434ec8p-639,0x1.881319c220f2fp-133,1.40649869159182228e-40
4,58,0x1.fdda72db2d8aap-136,0x1.120fe81434ec8p-639,0x1.fdda72db2d8abp-136,2.28626133578517206e-41
4,59,0x1.49db0b99eab5bp-138,0x1.120fe81434ec8p-639,0x1.49db0b99eab5cp-138,3.69780967894036915e-42
4,60,0x1.a8b35317a5ec5p-141,0x1.120fe81434ec8p-639,0x1.a8b35317a5ec6p-141,5.95132139725276708e-43
4,61,0x1.10119cc70bd31p-143,0x1.120fe81434ec8p-639,0x1.10119cc70bd32p-143,9.53123973769921350e-44
4,62,0x1.5ae308013c34cp-146,0x1.120fe81434ec8p-639,0x1.5ae308013c34dp-146,1.51903749199736966e-44
4,63,0x1.b824ee2fb751ep-149,0x1.120fe81434ec8p-639,0x1.b824ee2fb751fp-149,2.40927138605041928e-45
4,64,0x1.15e5bce3745b5p-151,0x1.120fe81434ec8p-639,0x1.15e5bce3745b6p-151,3.80290252657130615e-46
4,65,0x1.5d3e90f3eaf48p-154,0x1.120fe81434ec8p-639,0x1.5d3e90f3eaf49p-154,5.97406787620972435e-47
4,66,0x1.b4d470c4d3831p-157,0x1.120fe81434ec8p-639,0x1.b4d470c4d3832p-157,9.34034716756076662e-48
4,67,0x1.0fe747be1e44ap-159,0x1.120fe81434ec8p-639,0x1.0fe747be1e44bp-159,1.45346782971559455e-48
4,68,0x1.50e7b0d20d181p-162,0x1.120fe81434ec8p-639,0x1.50e7b0d20d182p-162,2.25116976605085872e-49
4,69,0x1.9f7ff7fb38773p-165,0x1.120fe81434ec8p-639,0x1.9f7ff7fb38774p-165,3.47041690630211469e-50
4,70,0x1.fe0d4754c7fd9p-168,0x1.120fe81434ec8p-639,0x1.fe0d4754c7fdap-168,5.32518999058686878e-51
4,71,0x1.379d21249e8bp-170,0x1.120fe81434ec8p-639,0x1.379d21249e8b1p-170,8.13349934569212074e-52
4,72,0x1.7b0186e7f586p-173,0x1.120fe81434ec8p-639,0x1.7b0186e7f5861p-173,1.23656465760228980e-52
4,73,0x1.cadc20dd2aa1bp-176,0x1.120fe81434ec8p-639,0x1.cadc20dd2aa1cp-176,1.87137525129656338e-53
4,74,0x1.14801c08198f2p-178,0x1.120fe81434ec8p-639,0x1.14801c08198f3p-178,2.81913980697308782e-54
4,75,0x1.4bb5fa8ea365ap-181,0x1.120fe81434ec8p-639,0x1.4bb5fa8ea365bp-181,4.22756703246244361e-55
4,76,0x1.8c2399994f7bp-184,0x1.120fe81434ec8p-639,0x1.8c2399994f7b1p-184,6.31085936124850587e-56
4,77,0x1.d6f08a8fe8cc9p-187,0x1.120fe81434ec8p-639,0x1.d6f08a8fe8ccap-187,9.37812612697655510e-57
4,78,0x1.16ab0bce943abp-189,0x1.120fe81434ec8p-639,0x1.16ab0bce943acp-189,1.38732491849492075e-57
4,79,0x1.484e470a9e5c3p-192,0x1.120fe81434ec8p-639,0x1.484e470a9e5c4p-192,2.04305183189768312e-58
4,80,0x1.810bd60f9088bp-195,0x1.120fe81434ec8p-639,0x1.810bd60f9088cp-195,2.99518575431557766e-59
4,81,0x1.c19111b5fb9aep-198,0x1.120fe81434ec8p-639,0x1.c19111b5fb9afp-198,4.37134421289778087e-60
4,82,0x1.05460a02bc8d7p-200,0x1.120fe81434ec8p-639,0x1.05460a02bc8d8p-200,6.35120915560003764e-61
4,83,0x1.2e54423d2b84cp-203,0x1.120fe81434ec8p-639,0x1.2e54423d2b84dp-203,9.18651772737322982e-62
4,84,0x1.5c45f5ec40b53p-206,0x1.120fe81434ec8p-639,0x1.5c45f5ec40b54p-206,1.32282102389788000e-62
4,85,0x1.8f68cb580f669p-209,0x1.120fe81434ec8p-639,0x1.8f68cb580f66ap-209,1.89630928382040338e-63
4,86,0x1.c8030950cdf34p-212,0x1.120fe81434ec8p-639,0x1.c8030950cdf35p-212,2.70630719875156188e-64
4,87,0x1.032895eb16c88p-214,0x1.120fe81434ec8p-639,0x1.032895eb16c89p-214,3.84508976626038161e-65
4,88,0x1.2541ad0e4df25p-217,0x1.120fe81434ec8p-639,0x1.2541ad0e4df26p-217,5.43874493695567693e-66
4,89,0x1.4a5d65fb07cdfp-220,0x1.120fe81434ec8p-639,0x1.4a5d65fb07cep-220,7.65869554169063693e-67
4,90,0x1.728397969177bp-223,0x1.120fe81434ec8p-639,0x1.728397969177cp-223,1.07368197318352680e-67
4,91,0x1.9db20fd2e9953p-226,0x1.120fe81434ec8p-639,0x1.9db20fd2e9954p-226,1.49851766917503603e-68
4,92,0x1.cbdb637a955cdp-229,0x1.120fe81434ec8p-639,0x1.cbdb637a955cep-229,2.08215864675006247e-69
4,93,0x1.fce5dcbb35105p-232,0x1.120fe81434ec8p-639,0x1.fce5dcbb35106p-232,2.88026003770647980e-70
4,94,0x1.185549e43a14p-234,0x1.120fe81434ec8p-639,0x1.185549e43a141p-234,3.96657362616929709e-71
4,95,0x1.337a5e72654cbp-237,0x1.120fe81434ec8p-639,0x1.337a5e72654ccp-237,5.43832446250897732e-72
4,96,0x1.4fc09b51d26cp-240,0x1.120fe81434ec8p-639,0x1.4fc09b51d26c1p-240,7.42301199359948962e-73
4,97,0x1.6cff3124be089p-243,0x1.120fe81434ec8p-639,0x1.6cff3124be08ap-243,1.00869576434739665e-73
4,98,0x1.8b062763af64fp-246,0x1.120fe81434ec8p-639,0x1.8b062763af65p-246,1.36459767203912410e-74
4,99,0x1.a99e9e79708edp-249,0x1.120fe81434ec8p-639,0x1.a99e9e79708eep-249,1.83786132727397445e-75
4,100,0x1.c88b40a8cc9b4p-252,0x1.120fe81434ec8p-639,0x1.c88b40a8cc9b5p-252,2.46424409463559605e-76
4,101,0x1.e788e2932df61p-255,0x1.120fe81434ec8p-639,0x1.e788e2932df62p-255,3.28939992839577520e-77
4,102,0x1.0327a95e8ef92p-257,0x1.120fe81434ec8p-639,0x1.0327a95e8ef93p-257,4.37130008035245817e-78
4,103,0x1.12492aed43c66p-260,0x1.120fe81434ec8p-639,0x1.12492aed43c67p-260,5.78315063067073099e-79
4,104,0x1.21016607a473bp-263,0x1.120fe81434ec8p-639,0x1.21016607a473cp-263,7.61688199674089153e-80
4,105,0x1.2f27fcdcc4d9p-266,0x1.120fe81434ec8p-639,0x1.2f27fcdcc4d91p-266,9.98728965783132493e-81
4,106,0x1.3c94766df0c3ep-269,0x1.120fe81434ec8p-639,0x1.3c94766df0c3fp-269,1.30369074568282365e-81
4,107,0x1.491efb738fe31p-272,0x1.120fe81434ec8p-639,0x1.491efb738fe32p-272,1.69416942671591335e-82
4,108,0x1.54a118c3a1f2bp-275,0x1.120fe81434ec8p-639,0x1.54a118c3a1f2cp-275,2.19176107084368118e-83
4,109,0x1.5ef6822200c59p-278,0x1.120fe81434ec8p-639,0x1.5ef6822200c5ap-278,2.82281540434702532e-84
4,110,0x1.67fdd023ccfb3p-281,0x1.120fe81434ec8p-639,0x1.67fdd023ccfb4p-281,3.61929054241280358e-85
4,111,0x1.6f9933c00fdcdp-284,0x1.120fe81434ec8p-639,0x1.6f9933c00fdcep-284,4.61971232922057638e-86
4,112,0x1.75af1a4a5cddep-287,0x1.120fe81434ec8p-639,0x1.75af1a4a5cddfp-287,5.87023890401074499e-87
4,113,0x1.7a2abce988ca8p-290,0x1.120fe81434ec8p-639,0x1.7a2abce988ca9p-290,7.42582751537971424e-88
4,114,0x1.7cfc97228df73p-293,0x1.120fe81434ec8p-639,0x1.7cfc97228df74p-293,9.35149613366969436e-89
4,115,0x1.7e1ac0c246ebbp-296,0x1.120fe81434ec8p-639,0x1.7e1ac0c246ebcp-296,1.17236670156559372e-89
4,116,0x1.7d81284981dc4p-299,0x1.120fe81434ec8p-639,0x1.7d81284981dc5p-299,1.46315730542099679e-90
4,117,0x1.7b31abf5df9ep-302,0x1.120fe81434ec8p-639,0x1.7b31abf5df9e1p-302,1.81787005422773245e-91
4,118,0x1.7734108d462eep-305,0x1.120fe81434ec8p-639,0x1.7734108d462efp-305,2.24842339958914114e-92
4,119,0x1.7195d626a8992p-308,0x1.120fe81434ec8p-639,0x1.7195d626a8993p-308,2.76844600810601930e-93
4,120,0x1.6a69ec3e3d12p-311,0x1.120fe81434ec8p-639,0x1.6a69ec3e3d121p-311,3.39340787129519863e-94
4,121,0x1.61c84769b239ep-314,0x1.120fe81434ec8p-639,0x1.61c84769b239fp-314,4.14073603589871350e-95
4,122,0x1.57cd5befe93cbp-317,0x1.120fe81434ec8p-639,0x1.57cd5befe93ccp-317,5.02990798747100959e-96
4,123,0x1.4c998155ac1b6p-320,0x1.120fe81434ec8p-639,0x1.4c998155ac1b7p-320,6.08251493021224668e-97
4,124,0x1.40504395db559p-323,0x1.120fe81434ec8p-639,0x1.40504395db55ap-323,7.32228654999769226e-98
4,125,0x1.3317a731b66abp-326,0x1.120fe81434ec8p-639,0x1.3317a731b66acp-326,8.77506838411662489e-99
4,126,0x1.251765897915fp-329,0x1.120fe81434ec8p-639,0x1.251765897916p-329,1.04687427120552412e-99
4,127,0x1.167826fd39169p-332,0x1.120fe81434ec8p-639,0x1.167826fd3916ap-332,1.24330839886907470e-100
4,128,0x1.0762c032c270bp-335,0x1.120fe81434ec8p-639,0x1.0762c032c270cp-335,1.46995403233373685e-101
4,129,0x1.effeef14e1493p-339,0x1.120fe81434ec8p-639,0x1.effeef14e1494p-339,1.73009334171677390e-102
4,130,0x1.d0eaae9fefdf9p-342,0x1.120fe81434ec8p-639,0x1.d0eaae9fefdfap-342,2.02710707484594320e-103
4,131,0x1.b1d321275f2fbp-345,0x1.120fe81434ec8p-639,0x1.b1d321275f2fcp-345,2.36442656653569877e-104
4,132,0x1.92fde3bacedb5p-348,0x1.120fe81434ec8p-639,0x1.92fde3bacedb6p-348,2.74547634152769182e-105
4,133,0x1.74aae838422bep-351,0x1.120fe81434ec8p-639,0x1.74aae838422bfp-351,3.17360739912304684e-106
4,134,0x1.5713bebedf891p-354,0x1.120fe81434ec8p-639,0x1.5713bebedf892p-354,3.65202159642818118e-107
4,135,0x1.3a6b1021c2819p-357,0x1.120fe81434ec8p-639,0x1.3a6b1021c281ap-357,4.18368791257328984e-108
4,136,0x1.1edc492c4feedp-360,0x1.120fe81434ec8p-639,0x1.1edc492c4feeep-360,4.77125176809270365e-109
4,137,0x1.048b750e94ba6p-363,0x1.120fe81434ec8p-639,0x1.048b750e94ba7p-363,5.41693897889626500e-110
4,138,0x1.d72a87f4828fep-367,0x1.120fe81434ec8p-639,0x1.d72a87f4828ffp-367,6.12245632739959164e-111
4,139,0x1.a81e73c28e182p-370,0x1.120fe81434ec8p-639,0x1.a81e73c28e183p-370,6.88889111675231053e-112
4,140,0x1.7c1000d8bc9f3p-373,0x1.120fe81434ec8p-639,0x1.7c1000d8bc9f4p-373,7.71661241864985601e-113
4,141,0x1.530fad49ba82cp-376,0x1.120fe81434ec8p-639,0x1.530fad49ba82dp-376,8.60517701116697197e-114
4,142,0x1.2d2230e4bca41p-379,0x1.120fe81434ec8p-639,0x1.2d2230e4bca42p-379,9.55324321097674762e-115
4,143,0x1.0a41afddf485cp-382,0x1.120fe81434ec8p-639,0x1.0a41afddf485dp-382,1.05584959161296182e-115
4,144,0x1.d4be0abcbe095p-386,0x1.120fe81434ec8p-639,0x1.d4be0abcbe096p-386,1.16175861756048786e-116
4,145,0x1.9ac63597c6d8cp-389,0x1.120fe81434ec8p-639,0x1.9ac63597c6d8dp-389,1.27260884780599610e-117
4,146,0x1.666083058c7cfp-392,0x1.120fe81434ec8p-639,0x1.666083058c7dp-392,1.38784786969419231e-118
4,147,0x1.37470bc0f54d5p-395,0x1.120fe81434ec8p-639,0x1.37470bc0f54d6p-395,1.50681352402899098e-119
4,148,0x1.0d2be7a5d8e49p-398,0x1.120fe81434ec8p-639,0x1.0d2be7a5d8e4ap-398,1.62873654349195731e-120
4,149,0x1.cf771a2fd0865p-402,0x1.120fe81434ec8p-639,0x1.cf771a2fd0866p-402,1.75274585364019788e-121
4,150,0x1.8d3df9b61b9a4p-405,0x1.120fe81434ec8p-639,0x1.8d3df9b61b9a5p-405,1.87787660149787089e-122
4,151,0x1.52fb66c3d8cep-408,0x1.120fe81434ec8p-639,0x1.52fb66c3d8ce1p-408,2.00308089457363642e-123
4,152,0x1.1ffeb694ee9c7p-411,0x1.120fe81434ec8p-639,0x1.1ffeb694ee9c8p-411,2.12724114571176455e-124
4,153,0x1.e734fcdbf1acbp-415,0x1.120fe81434ec8p-639,0x1.e734fcdbf1accp-415,2.24918582973563969e-125
4,154,0x1.9a4ded70f5d4dp-418,0x1.120fe81434ec8p-639,0x1.9a4ded70f5d4ep-418,2.36770736989538721e-126
4,155,0x1.5807c3c674a37p-421,0x1.120fe81434ec8p-639,0x1.5807c3c674a38p-421,2.48158178936515842e-127
4,156,0x1.1f33fca9130bbp-424,0x1.120fe81434ec8p-639,0x1.1f33fca9130bcp-424,2.58958968905898054e-128
4,157,0x1.dd7033eaf86dap-428,0x1.120fe81434ec8p-639,0x1.dd7033eaf86dbp-428,2.69053805128644262e-129
4,158,0x1.8b1dde5e0fa5ap-431,0x1.120fe81434ec8p-639,0x1.8b1dde5e0fa5bp-431,2.78328232224514628e-130
4,159,0x1.45928b4ad6c4ep-434,0x1.120fe81434ec8p-639,0x1.45928b4ad6c4fp-434,2.86674819752739319e-131
4,160,0x1.0b1be20adddf8p-437,0x1.120fe81434ec8p-639,0x1.0b1be20adddf9p-437,2.93995252542873262e-132
4,161,0x1.b465b3fe88edbp-441,0x1.120fe81434ec8p-639,0x1.b465b3fe88edcp-441,3.00202275386210324e-133
4,162,0x1.62f46edf65207p-444,0x1.120fe81434ec8p-639,0x1.62f46edf65208p-444,3.05221437814636526e-134
4,163,0x1.1f78ec7667612p-447,0x1.120fe81434ec8p-639,0x1.1f78ec7667613p-447,3.08992589804558758e-135
4,164,0x1.cfa52a5d1cb23p-451,0x1.120fe81434ec8p-639,0x1.cfa52a5d1cb24p-451,3.11471086145163555e-136
4,165,0x1.744b6e1845885p-454,0x1.120fe81434ec8p-639,0x1.744b6e1845886p-454,3.12628665653949346e-137
4,166,0x1.29ab5740063bcp-457,0x1.120fe81434ec8p-639,0x1.29ab5740063bdp-457,3.12453981088907004e-138
4,167,0x1.d9fb8b1961731p-461,0x1.120fe81434ec8p-639,0x1.d9fb8b1961732p-461,3.10952766118836444e-139
4,168,0x1.77c3f19d252b6p-464,0x1.120fe81434ec8p-639,0x1.77c3f19d252b7p-464,3.08147636664580632e-140
4,169,0x1.28a449cde008fp-467,0x1.120fe81434ec8p-639,0x1.28a449cde009p-467,3.04077534888133457e-141
4,170,0x1.d2626101e7b1dp-471,0x1.120fe81434ec8p-639,0x1.d2626101e7b1ep-471,2.98796834657859053e-142
4,171,0x1.6d1660db3347cp-474,0x1.120fe81434ec8p-639,0x1.6d1660db3347dp-474,2.92374137061865296e-143
4,172,0x1.1c9828edf5f0bp-477,0x1.120fe81434ec8p-639,0x1.1c9828edf5f0cp-477,2.84890793120491651e-144
4,173,0x1.b9d7af2d25308p-481,0x1.120fe81434ec8p-639,0x1.b9d7af2d25309p-481,2.76439197961310931e-145
4,174,0x1.558f1b45c53ap-484,0x1.120fe81434ec8p-639,0x1.558f1b45c53a1p-484,2.67120906140683675e-146
4,175,0x1.06f0989064b33p-487,0x1.120fe81434ec8p-639,0x1.06f0989064b34p-487,2.57044621373992767e-147
4,176,0x1.93285371a9c9bp-491,0x1.120fe81434ec8p-639,0x1.93285371a9c9cp-491,2.46324115601629598e-148
4,177,0x1.33cc6404d682bp-494,0x1.120fe81434ec8p-639,0x1.33cc6404d682cp-494,2.35076132088232693e-149
4,178,0x1.d40dffec9454bp-498,0x1.120fe81434ec8p-639,0x1.d40dffec9454cp-498,2.23418325220926761e-150
4,179,0x1.626a0214f4438p-501,0x1.120fe81434ec8p-639,0x1.626a0214f4439p-501,2.11467285998367072e-151
4,180,0x1.0b444dfa0c87ap-504,0x1.120fe81434ec8p-639,0x1.0b444dfa0c87bp-504,1.99336697115097047e-152
4,181,0x1.9173df68e1d43p-508,0x1.120fe81434ec8p-639,0x1.9173df68e1d44p-508,1.87135655306716621e-153
4,182,0x1.2c4751ca27608p-511,0x1.120fe81434ec8p-639,0x1.2c4751ca27609p-511,1.74967191534386709e-154
4,183,0x1.bf626743fbbe7p-515,0x1.120fe81434ec8p-639,0x1.bf626743fbbe8p-515,1.62927011966324455e-155
4,184,0x1.4beea04656aa6p-518,0x1.120fe81434ec8p-639,0x1.4beea04656aa7p-518,1.51102474870886361e-156
4,185,0x1.ea904f187d36cp-522,0x1.120fe81434ec8p-639,0x1.ea904f187d36dp-522,1.39571810777689798e-157
4,186,0x1.690c44250e947p-525,0x1.120fe81434ec8p-639,0x1.690c44250e948p-525,1.28403585859091060e-158
4,187,0x1.08a9baa5b4823p-528,0x1.120fe81434ec8p-639,0x1.08a9baa5b4824p-528,1.17656401677477763e-159
4,188,0x1.82786e9f8304fp-532,0x1.120fe81434ec8p-639,0x1.82786e9f8305p-532,1.07378818428127267e-160
4,189,0x1.190c2631d7c21p-535,0x1.120fe81434ec8p-639,0x1.190c2631d7c22p-535,9.76094837275409451e-162
4,190,0x1.97251c8433e8bp-539,0x1.120fe81434ec8p-639,0x1.97251c8433e8cp-539,8.83774449532271402e-163
4,191,0x1.25beac658609dp-542,0x1.120fe81434ec8p-639,0x1.25beac658609ep-542,7.97026201740023126e-164
4,192,0x1.a630d9bfe8767p-546,0x1.120fe81434ec8p-639,0x1.a630d9bfe8768p-546,7.15964008237611015e-165
4,193,0x1.2e360f089e518p-549,0x1.120fe81434ec8p-639,0x1.2e360f089e519p-549,6.40623584183830596e-166
4,194,0x1.aef6cd93e590cp-553,0x1.120fe81434ec8p-639,0x1.aef6cd93e590dp-553,5.70970277198069129e-167
4,195,0x1.3216819a263fp-556,0x1.120fe81434ec8p-639,0x1.3216819a263f1p-556,5.06907397015027247e-168
4,196,0x1.b11a753aaaa03p-560,0x1.120fe81434ec8p-639,0x1.b11a753aaaa04p-560,4.48284793402103036e-169
4,197,0x1.313a187422d6fp-563,0x1.120fe81434ec8p-639,0x1.313a187422d7p-563,3.94907455051543288e-170
4,198,0x1.ac8de3061c3e7p-567,0x1.120fe81434ec8p-639,0x1.ac8de3061c3e8p-567,3.46543928936227809e-171
4,199,0x1.2bb314d1d311p-570,0x1.120fe81434ec8p-639,0x1.2bb314d1d3111p-570,3.02934389229224049e-172
4,200,0x1.a191ee1b10dd2p-574,0x1.120fe81434ec8p-639,0x1.a191ee1b10dd3p-574,2.63798215974457722e-173
4,201,0x1.21c9dfc50fee9p-577,0x1.120fe81434ec8p-639,0x1.21c9dfc50feeap-577,2.28840974982723685e-174
4,202,0x1.90b0661497a4ap-581,0x1.120fe81434ec8p-639,0x1.90b0661497a4bp-581,1.97760720833977026e-175
4,203,0x1.13f6fc4181ac1p-584,0x1.120fe81434ec8p-639,0x1.13f6fc4181ac2p-584,1.70253573463761841e-176
4,204,0x1.7ab0fefde7cdfp-588,0x1.120fe81434ec8p-639,0x1.7ab0fefde7ce2p-588,1.46018544894768317e-177
4,205,0x1.02d9a2579d67ap-591,0x1.120fe81434ec8p-639,0x1.02d9a2579d68cp-591,1.24761615711149851e-178
4,206,0x1.608a2fb5b7fdp-595,0x1.120fe81434ec8p-639,0x1.608a2fb5b80e3p-595,1.06199080543952025e-179
4,207,0x1.de580ba7f85f9p-599,0x1.120fe81434ec8p-639,0x1.de580ba7f971bp-599,9.00601979764142964e-181
4,208,0x1.434f96749b7bcp-602,0x1.120fe81434ec8p-639,0x1.434f9674a40c5p-602,7.60891928964847044e-182
4,209,0x1.b36cef115c17ep-606,0x1.120fe81434ec8p-639,0x1.b36cef11e51fep-606,6.40466685455932969e-183
4,210,0x1.241f9bc4aed46p-609,0x1.120fe81434ec8p-639,0x1.241f9bc8f7141p-609,5.37104915956080011e-184
4,211,0x1.86852e224a339p-613,0x1.120fe81434ec8p-639,0x1.86852e66ce2dap-613,4.48762170014554893e-185
4,212,0x1.0411fafef75e3p-616,0x1.120fe81434ec8p-639,0x1.0411fd23172e7p-616,3.73571221316087274e-186
4,213,0x1.591f5a7bc3aacp-620,0x1.120fe81434ec8p-639,0x1.591f7cbdc0ad5p-620,3.09839385276879900e-187
4,214,0x1.c8512eca2c9d7p-624,0x1.120fe81434ec8p-639,0x1.c85352e9fcc5fp-624,2.56045686231302609e-188
4,215,0x1.2c9219982e144p-627,0x1.120fe81434ec8p-639,0x1.2ca33a96af57ap-627,2.10860905686374883e-189
4,216,0x1.8a87464bdd10bp-631,0x1.120fe81434ec8p-639,0x1.8b995633f145bp-631,1.73415504883018481e-190
4,217,0x1.01fe146b89c3dp-634,0x1.120fe81434ec8p-639,0x1.0a8e93ac2b6b4p-634,1.46060498724376653e-191
4,218,0x1.5033549596d48p-638,0x1.120fe81434ec8p-639,0x1.d93b489fb14adp-638,1.62067717890328927e-192
4,219,0x1.b48b208962971p-642,0x1.120fe81434ec8p-639,0x1.48a14c25613f7p-639,5.62730043537213949e-193
4,220,0x1.1a673eada4e1p-645,0x1.120fe81434ec8p-639,0x1.1679850eeb801p-639,4.76846423016046493e-193
4,221,0x1.6c131e0b0d48fp-649,0x1.120fe81434ec8p-639,0x1.126aecdbb7afep-639,4.69899397858872225e-193
4,222,0x1.d3b28311f3ee8p-653,0x1.120fe81434ec8p-639,0x1.121736de41346p-639,4.69339466430123229e-193
4,223,0x1.2b57a673b8251p-656,0x1.120fe81434ec8p-639,0x1.12107dc008267p-639,4.69294496362974416e-193
4,224,0x1.7dd37fdaf3ce1p-660,0x1.120fe81434ec8p-639,0x1.120ff402d0eb6p-639,4.69290897459560217e-193
4,225,0x1.e553273cc3525p-664,0x1.120fe81434ec8p-639,0x1.120fe906de803p-639,4.69290610460792362e-193
4,226,0x1.335b84a40c0ecp-667,0x1.120fe81434ec8p-639,0x1.120fe8276aa4ep-639,4.69290587654312698e-193
4,227,0x1.83f0adcbe68a3p-671,0x1.120fe81434ec8p-639,0x1.120fe815b8dd4p-639,4.69290585848344770e-193
4,228,0x1.e7f1c8476c668p-675,0x1.120fe81434ec8p-639,0x1.120fe814536bbp-639,4.69290585705836367e-193
4,229,0x1.31cc82ce9984p-678,0x1.120fe81434ec8p-639,0x1.120fe81437503p-639,4.69290585694630281e-193
4,230,0x1.7df7a3aa43e76p-682,0x1.120fe81434ec8p-639,0x1.120fe814351c5p-639,4.69290585693752117e-193
4,231,0x1.db76762c93239p-686,0x1.120fe81434ec8p-639,0x1.120fe81434f04p-639,4.69290585693683495e-193
4,232,0x1.26e798dba6697p-689,0x1.120fe81434ec8p-639,0x1.120fe81434ecep-639,4.69290585693678239e-193
4,233,0x1.6c93298336629p-693,0x1.120fe81434ec8p-639,0x1.120fe81434ec9p-639,4.69290585693677752e-193
4,234,0x1.c12a6bd04488dp-697,0x1.120fe81434ec8p-639,0x1.120fe81434ec9p-639,4.69290585693677752e-193
4,235,0x1.13c01dc9e8da6p-700,0x1.120fe81434ec8p-639,0x1.120fe81434ec9p-639,4.69290585693677752e-193
4,236,0x1.516d739048bdfp-704,0x1.120fe81434ec8p-639,0x1.120fe81434ec9p-639,4.69290585693677752e-193
4,237,0x1.9b8118137ab04p-708,0x1.120fe81434ec8p-639,0x1.120fe81434ec9p-639,4.69290585693677752e-193
4,238,0x1.f4271111c1693p-712,0x1.120fe81434ec8p-639,0x1.120fe81434ec9p-639,4.69290585693677752e-193
4,239,0x1.2eeda7b91d3a9p-715,0x1.120fe81434ec8p-639,0x1.120fe81434ec9p-639,4.69290585693677752e-193
4,240,0x1.6db8ddb7a2a7p-719,0x1.120fe81434ec8p-639,0x1.120fe81434ec9p-639,4.69290585693677752e-193
4,241,0x1.b80f35caa5debp-723,0x1.120fe81434ec8p-639,0x1.120fe81434ec9p-639,4.69290585693677752e-193
4,242,0x1.07df79474e1c1p-726,0x1.120fe81434ec8p-639,0x1.120fe81434ec9p-639,4.69290585693677752e-193
4,243,0x1.3b674f5a0593dp-730,0x1.120fe81434ec8p-639,0x1.120fe81434ec9p-639,4.69290585693677752e-193
4,244,0x1.77c07b592bcd6p-734,0x1.120fe81434ec8p-639,0x1.120fe81434ec9p-639,4.69290585693677752e-193
4,245,0x1.be2c4826bcc45p-738,0x1.120fe81434ec8p-639,0x1.120fe81434ec9p-639,4.69290585693677752e-193
4,246,0x1.0806c855a9bacp-741,0x1.120fe81434ec8p-639,0x1.120fe81434ec9p-639,4.69290585693677752e-193
4,247,0x1.377510f21ad3ap-745,0x1.120fe81434ec8p-639,0x1.120fe81434ec9p-639,4.69290585693677752e-193
4,248,0x1.6e35e499668cdp-749,0x1.120fe81434ec8p-639,0x1.120fe81434ec9p-639,4.69290585693677752e-193
4,249,0x1.ad307d9f1569dp-753,0x1.120fe81434ec8p-639,0x1.120fe81434ec9p-639,4.69290585693677752e-193
4,250,0x1.f55e7f602824ap-757,0x1.120fe81434ec8p-639,0x1.120fe81434ec9p-639,4.69290585693677752e-193
4,251,0x1.23e5e1809acaap-760,0x1.120fe81434ec8p-639,0x1.120fe81434ec9p-639,4.69290585693677752e-193
4,252,0x1.52cae86a1ba43p-764,0x1.120fe81434ec8p-639,0x1.120fe81434ec9p-639,4.69290585693677752e-193
4,253,0x1.87f57df438b2p-768,0x1.120fe81434ec8p-639,0x1.120fe81434ec9p-639,4.69290585693677752e-193
4,254,0x1.c4048ae2d58fbp-772,0x1.120fe81434ec8p-639,0x1.120fe81434ec9p-639,4.69290585693677752e-193
4,255,0x1.03ceec49b4c58p-775,0x1.120fe81434ec8p-639,0x1.120fe81434ec9p-639,4.69290585693677752e-193
4,256,0x1.29b67aed775dcp-779,0x1.120fe81434ec8p-639,0x1.120fe81434ec9p-639,4.69290585693677752e-193
4,257,0x1.5410ee15bebbep-783,0x1.120fe81434ec8p-639,0x1.120fe81434ec9p-639,4.69290585693677752e-193
4,258,0x1.8337a95fa1bffp-787,0x1.120fe81434ec8p-639,0x1.120fe81434ec9p-639,4.69290585693677752e-193
4,259,0x1.b784875675178p-791,0x1.120fe81434ec8p-639,0x1.120fe81434ec9p-639,4.69290585693677752e-193
4,260,0x1.f150c80ef4281p-795,0x1.120fe81434ec8p-639,0x1.120fe81434ec9p-639,4.69290585693677752e-193
4,261,0x1.1879ef976ceabp-798,0x1.120fe81434ec8p-639,0x1.120fe81434ec9p-639,4.69290585693677752e-193
4,262,0x1.3b611186fc013p-802,0x1.120fe81434ec8p-639,0x1.120fe81434ec9p-639,4.69290585693677752e-193
4,263,0x1.6185afbf0c6cdp-806,0x1.120fe81434ec8p-639,0x1.120fe81434ec9p-639,4.69290585693677752e-193
4,264,0x1.8b0ca7d8b4c6p-810,0x1.120fe81434ec8p-639,0x1.120fe81434ec9p-639,4.69290585693677752e-193
4,265,0x1.b81701d31c84cp-814,0x1.120fe81434ec8p-639,0x1.120fe81434ec9p-639,4.69290585693677752e-193
4,266,0x1.e8c11b3662893p-818,0x1.120fe81434ec8p-639,0x1.120fe81434ec9p-639,4.69290585693677752e-193
4,267,0x1.0e90e6e05fbd9p-821,0x1.120fe81434ec8p-639,0x1.120fe81434ec9p-639,4.69290585693677752e-193
4,268,0x1.2aa4ca932eb03p-825,0x1.120fe81434ec8p-639,0x1.120fe81434ec9p-639,4.69290585693677752e-193
4,269,0x1.48a0dbe621768p-829,0x1.120fe81434ec8p-639,0x1.120fe81434ec9p-639,4.69290585693677752e-193
4,270,0x1.6885bb5bbc035p-833,0x1.120fe81434ec8p-639,0x1.120fe81434ec9p-639,4.69290585693677752e-193
4,271,0x1.8a4fa492cd68dp-837,0x1.120fe81434ec8p-639,0x1.120fe81434ec9p-639,4.69290585693677752e-193
4,272,0x1.adf61427d271bp-841,0x1.120fe81434ec8p-639,0x1.120fe81434ec9p-639,4.69290585693677752e-193
4,273,0x1.d36b7728d9365p-845,0x1.120fe81434ec8p-639,0x1.120fe81434ec9p-639,4.69290585693677752e-193
4,274,0x1.fa9cda99a01d4p-849,0x1.120fe81434ec8p-639,0x1.120fe81434ec9p-639,4.69290585693677752e-193
4,275,0x1.11b87e5ae81b6p-852,0x1.120fe81434ec8p-639,0x1.120fe81434ec9p-639,4.69290585693677752e-193
4,276,0x1.26df41c323f42p-856,0x1.120fe81434ec8p-639,0x1.120fe81434ec9p-639,4.69290585693677752e-193
4,277,0x1.3c690c354e017p-860,0x1.120fe81434ec8p-639,0x1.120fe81434ec9p-639,4.69290585693677752e-193
4,278,0x1.4eed52443ceb8p-864,0x1.120fe81434ec8p-639,0x1.120fe81434ec9p-639,4.69290585693677752e-193
4,279,0x1.3ba29e13dae6fp-868,0x1.120fe81434ec8p-639,0x1.120fe81434ec9p-639,4.69290585693677752e-193
4,280,0x0p+0,0x1.120fe81434ec8p-639,0x1.120fe81434ec8p-639,4.69290585693677655e-193
5,0,0x1.67b5e95abc847p-1,0x1.1ea5ce929e984p-638,0x1.67b5e95abc848p-1,7.02559749914379417e-01
5,1,0x1.42825a4e71aa2p-2,0x1.1ea5ce929e984p-638,0x1.42825a4e71aa3p-2,3.14950381315080630e-01
5,2,0x1.0b988d37ac1a7p-3,0x1.1ea5ce929e984p-638,0x1.0b988d37ac1a8p-3,1.30662062894328246e-01
5,3,0x1.a2c1cb300d24fp-5,0x1.1ea5ce929e984p-638,0x1.a2c1cb300d25p-5,5.11177986631180525e-02
5,4,0x1.38d3ea65e78a5p-6,0x1.1ea5ce929e984p-638,0x1.38d3ea65e78a6p-6,1.90934933703991380e-02
5,5,0x1.c1bc2f750779fp-8,0x1.1ea5ce929e984p-638,0x1.c1bc2f75077ap-8,6.86241301175796736e-03
5,6,0x1.38a9ce4da3355p-9,0x1.1ea5ce929e984p-638,0x1.38a9ce4da3356p-9,2.38543170309527940e-03
5,7,0x1.a603f69ed613p-11,0x1.1ea5ce929e984p-638,0x1.a603f69ed6131p-11,8.04930652388546647e-04
5,8,0x1.15472dbfda9b8p-12,0x1.1ea5ce929e984p-638,0x1.15472dbfda9b9p-12,2.64432946997540978e-04
5,9,0x1.6395baffdba76p-14,0x1.1ea5ce929e984p-638,0x1.6395baffdba77p-14,8.47780429446917146e-05
5,10,0x1.bdec5324869f1p-16,0x1.1ea5ce929e984p-638,0x1.bdec5324869f2p-16,2.65790905747773307e-05
5,11,0x1.11e437427f3edp-17,0x1.1ea5ce929e984p-638,0x1.11e437427f3eep-17,8.16260183444415536e-06
5,12,0x1.4a0f24898211dp-19,0x1.1ea5ce929e984p-638,0x1.4a0f24898211ep-19,2.45913230823372919e-06
5,13,0x1.86ac8af2e2c93p-21,0x1.1ea5ce929e984p-638,0x1.86ac8af2e2c94p-21,7.27687022071364190e-07
5,14,0x1.c6b1eac0b56b9p-23,0x1.1ea5ce929e984p-638,0x1.c6b1eac0b56bap-23,2.11733853580883077e-07
5,15,0x1.046e9545a23bdp-24,0x1.1ea5ce929e984p-638,0x1.046e9545a23bep-24,6.06365420879013423e-08
5,16,0x1.25e050ff78a47p-26,0x1.1ea5ce929e984p-638,0x1.25e050ff78a48p-26,1.71058482915627949e-08
5,17,0x1.46e8f7462be4ep-28,0x1.1ea5ce929e984p-638,0x1.46e8f7462be4fp-28,4.75716694350475892e-09
5,18,0x1.66bd525a71034p-30,0x1.1ea5ce929e984p-638,0x1.66bd525a71035p-30,1.30508683600577217e-09
5,19,0x1.8494e91f151fbp-32,0x1.1ea5ce929e984p-638,0x1.8494e91f151fcp-32,3.53412981121904405e-10
5,20,0x1.9fb29d4e71c9cp-34,0x1.1ea5ce929e984p-638,0x1.9fb29d4e71c9dp-34,9.45187168339404059e-11
5,21,0x1.b76ca121830a3p-36,0x1.1ea5ce929e984p-638,0x1.b76ca121830a4p-36,2.49783814560090876e-11
5,22,0x1.cb334ef7b6a1ap-38,0x1.1ea5ce929e984p-638,0x1.cb334ef7b6a1bp-38,6.52563050636581985e-12
5,23,0x1.da968634b7493p-40,0x1.1ea5ce929e984p-638,0x1.da968634b7494p-40,1.68607522724020431e-12
5,24,0x1.e5494ec6afd97p-42,0x1.1ea5ce929e984p-638,0x1.e5494ec6afd98p-42,4.31020870797569094e-13
5,25,0x1.eb23a596e8ba4p-44,0x1.1ea5ce929e984p-638,0x1.eb23a596e8ba5p-44,1.09054819718030369e-13
5,26,0x1.ec2274a20d2dfp-46,0x1.1ea5ce929e984p-638,0x1.ec2274a20d2ep-46,2.73189577725570142e-14
5,27,0x1.e865d70acb0bbp-48,0x1.1ea5ce929e984p-638,0x1.e865d70acb0bcp-48,6.77788120813330442e-15
5,28,0x1.e02de218400f9p-50,0x1.1ea5ce929e984p-638,0x1.e02de218400fap-50,1.66595637001496964e-15
5,29,0x1.d3d63e4d7223fp-52,0x1.1ea5ce929e984p-638,0x1.d3d63e4d7224p-52,4.05783816410459004e-16
5,30,0x1.c3d0e6e8f1006p-54,0x1.1ea5ce929e984p-638,0x1.c3d0e6e8f1007p-54,9.79719828280821406e-17
5,31,0x1.b0a06a1e21cefp-56,0x1.1ea5ce929e984p-638,0x1.b0a06a1e21cfp-56,2.34527360220839509e-17
5,32,0x1.9ad201d19c49ap-58,0x1.1ea5ce929e984p-638,0x1.9ad201d19c49bp-58,5.56765381753808902e-18
5,33,0x1.82f7d49b3ad39p-60,0x1.1ea5ce929e984p-638,0x1.82f7d49b3ad3ap-60,1.31109887983297239e-18
5,34,0x1.69a3a2a364bd2p-62,0x1.1ea5ce929e984p-638,0x1.69a3a2a364bd3p-62,3.06320317768376752e-19
5,35,0x1.4f621317c32ep-64,0x1.1ea5ce929e984p-638,0x1.4f621317c32e1p-64,7.10201347248128647e-20
5,36,0x1.34b6c6e329fd5p-66,0x1.1ea5ce929e984p-638,0x1.34b6c6e329fd6p-66,1.63431816124459652e-20
5,37,0x1.1a19455dea6c4p-68,0x1.1ea5ce929e984p-638,0x1.1a19455dea6c5p-68,3.73354540207184092e-21
5,38,0x1.ffe591caba30fp-71,0x1.1ea5ce929e984p-638,0x1.ffe591caba31p-71,8.46862144148896338e-22
5,39,0x1.cd39c9047c6bdp-73,0x1.1ea5ce929e984p-638,0x1.cd39c9047c6bep-73,1.90758488259029311e-22
5,40,0x1.9cc1e302c304ap-75,0x1.1ea5ce929e984p-638,0x1.9cc1e302c304bp-75,4.26781117855630618e-23
5,41,0x1.6ef058bb47e1fp-77,0x1.1ea5ce929e984p-638,0x1.6ef058bb47e2p-77,9.48514706151522186e-24
5,42,0x1.4418c72591d52p-79,0x1.1ea5ce929e984p-638,0x1.4418c72591d53p-79,2.09442640808638476e-24
5,43,0x1.1c72316698de9p-81,0x1.1ea5ce929e984p-638,0x1.1c72316698deap-81,4.59547404994076100e-25
5,44,0x1.f033d03ef24c6p-84,0x1.1ea5ce929e984p-638,0x1.f033d03ef24c7p-84,1.00207275914685637e-25
5,45,0x1.ae2db3e02873bp-86,0x1.1ea5ce929e984p-638,0x1.ae2db3e02873cp-86,2.17184653680009926e-26
5,46,0x1.72ba2ea3b18a8p-88,0x1.1ea5ce929e984p-638,0x1.72ba2ea3b18a9p-88,4.67923604935864588e-27
5,47,0x1.3da2b77583527p-90,0x1.1ea5ce929e984p-638,0x1.3da2b77583528p-90,1.00228126521781384e-27
5,48,0x1.0e98ed53bf47p-92,0x1.1ea5ce929e984p-638,0x1.0e98ed53bf471p-92,2.13463687293651676e-28
5,49,0x1.ca79e084aa509p-95,0x1.1ea5ce929e984p-638,0x1.ca79e084aa50ap-95,4.52092321460338756e-29
5,50,0x1.824632515ce48p-97,0x1.1ea5ce929e984p-638,0x1.824632515ce49p-97,9.52239435149540506e-30
5,51,0x1.43b1f04319df8p-99,0x1.1ea5ce929e984p-638,0x1.43b1f04319df9p-99,1.99492490466117885e-30
5,52,0x1.0dd31c4afdfa5p-101,0x1.1ea5ce929e984p-638,0x1.0dd31c4afdfa6p-101,4.15730699252986814e-31
5,53,0x1.bf8307e0bef31p-104,0x1.1ea5ce929e984p-638,0x1.bf8307e0bef32p-104,8.61876451115898960e-32
5,54,0x1.7138633be67d8p-106,0x1.1ea5ce929e984p-638,0x1.7138633be67d9p-106,1.77773090719741592e-32
5,55,0x1.2f1b057175431p-108,0x1.1ea5ce929e984p-638,0x1.2f1b057175432p-108,3.64850036583934020e-33
5,56,0x1.ef381ffb399a5p-111,0x1.1ea5ce929e984p-638,0x1.ef381ffb399a6p-111,7.45123093354965119e-34
5,57,0x1.9299688debb0dp-113,0x1.1ea5ce929e984p-638,0x1.9299688debb0ep-113,1.51441006697070273e-34
5,58,0x1.45c038348fd87p-115,0x1.1ea5ce929e984p-638,0x1.45c038348fd88p-115,3.06334634331075744e-35
5,59,0x1.0657cca9eefdcp-117,0x1.1ea5ce929e984p-638,0x1.0657cca9eefddp-117,6.16765350601316986e-36
5,60,0x1.a49e1d4f640e3p-120,0x1.1ea5ce929e984p-638,0x1.a49e1d4f640e4p-120,1.23608413372378030e-36
5,61,0x1.4fab544ca88cap-122,0x1.1ea5ce929e984p-638,0x1.4fab544ca88cbp-122,2.46610820665494164e-37
5,62,0x1.0aaff7a71a60bp-124,0x1.1ea5ce929e984p-638,0x1.0aaff7a71a60cp-124,4.89827343692808268e-38
5,63,0x1.a5e8f9ca2cdap-127,0x1.1ea5ce929e984p-638,0x1.a5e8f9ca2cda1p-127,9.68657995772404815e-39
5,64,0x1.4c4d3f64321ffp-129,0x1.1ea5ce929e984p-638,0x1.4c4d3f64322p-129,1.90731849687744355e-39
5,65,0x1.049d4d0af8eeap-131,0x1.1ea5ce929e984p-638,0x1.049d4d0af8eebp-131,3.73963405453102088e-40
5,66,0x1.971332dc12c02p-134,0x1.1ea5ce929e984p-638,0x1.971332dc12c03p-134,7.30154963312459246e-41
5,67,0x1.3c9c801c2b26cp-136,0x1.1ea5ce929e984p-638,0x1.3c9c801c2b26dp-136,1.41973430477488402e-41
5,68,0x1.ea80394330c44p-139,0x1.1ea5ce929e984p-638,0x1.ea80394330c45p-139,2.74935248457617045e-42
5,69,0x1.7a6c952bb6543p-141,0x1.1ea5ce929e984p-638,0x1.7a6c952bb6544p-141,5.30285181890967539e-43
5,70,0x1.22cd4a77eeb65p-143,0x1.1ea5ce929e984p-638,0x1.22cd4a77eeb66p-143,1.01875070121004438e-43
5,71,0x1.bd314e4d6a619p-146,0x1.1ea5ce929e984p-638,0x1.bd314e4d6a61ap-146,1.94952408806237026e-44
5,72,0x1.5376a632c65dap-148,0x1.1ea5ce929e984p-638,0x1.5376a632c65dbp-148,3.71632534444892567e-45
5,73,0x1.01dc2d6ba37f5p-150,0x1.1ea5ce929e984p-638,0x1.01dc2d6ba37f6p-150,7.05740073017486967e-46
5,74,0x1.8646aa9f26483p-153,0x1.1ea5ce929e984p-638,0x1.8646aa9f26484p-153,1.33518851779373294e-46
5,75,0x1.264007ba95d4dp-155,0x1.1ea5ce929e984p-638,0x1.264007ba95d4ep-155,2.51667625968463676e-47
5,76,0x1.ba13b6b2f45a8p-158,0x1.1ea5ce929e984p-638,0x1.ba13b6b2f45a9p-158,4.72627128863803086e-48
5,77,0x1.4ae219fcd1944p-160,0x1.1ea5ce929e984p-638,0x1.4ae219fcd1945p-160,8.84372964281213662e-49
5,78,0x1.ed8b247756399p-163,0x1.1ea5ce929e984p-638,0x1.ed8b24775639ap-163,1.64890714624261547e-49
5,79,0x1.6ec82fc1c32cfp-165,0x1.1ea5ce929e984p-638,0x1.6ec82fc1c32dp-165,3.06350602812444588e-50
5,80,0x1.0f9ffc5034436p-167,0x1.1ea5ce929e984p-638,0x1.0f9ffc5034437p-167,5.67179346893312377e-51
5,81,0x1.90eb68fa60e7ap-170,0x1.1ea5ce929e984p-638,0x1.90eb68fa60e7bp-170,1.04644890610581233e-51
5,82,0x1.26de1f16012adp-172,0x1.1ea5ce929e984p-638,0x1.26de1f16012aep-172,1.92410127123390625e-52
5,83,0x1.b04522cf006c8p-175,0x1.1ea5ce929e984p-638,0x1.b04522cf006c9p-175,3.52586721184558553e-53
5,84,0x1.3bc9ed50f7af4p-177,0x1.1ea5ce929e984p-638,0x1.3bc9ed50f7af5p-177,6.43943100053453907e-54
5,85,0x1.cbdc717957758p-180,0x1.1ea5ce929e984p-638,0x1.cbdc717957759p-180,1.17216161435334391e-54
5,86,0x1.4dbbbead1447bp-182,0x1.1ea5ce929e984p-638,0x1.4dbbbead1447cp-182,2.12667178137229100e-55
5,87,0x1.e2d32dc197bf3p-185,0x1.1ea5ce929e984p-638,0x1.e2d32dc197bf4p-185,3.84592234830803438e-56
5,88,0x1.5c2321b215aaep-187,0x1.1ea5ce929e984p-638,0x1.5c2321b215aafp-187,6.93268262130661609e-57
5,89,0x1.f4719ec4c8fafp-190,0x1.1ea5ce929e984p-638,0x1.f4719ec4c8fbp-190,1.24570783710269818e-57
5,90,0x1.668e619c0be3fp-192,0x1.1ea5ce929e984p-638,0x1.668e619c0be4p-192,2.23130056684278510e-58
5,91,0x1.0017f31c70e77p-194,0x1.1ea5ce929e984p-638,0x1.0017f31c70e78p-194,3.98418523735077511e-59
5,92,0x1.6cb036131cfedp-197,0x1.1ea5ce929e984p-638,0x1.6cb036131cfeep-197,7.09206568387834843e-60
5,93,0x1.02de437cf0a3ep-199,0x1.1ea5ce929e984p-638,0x1.02de437cf0a3fp-199,1.25854755556457549e-60
5,94,0x1.6e633b74fd8a9p-202,0x1.1ea5ce929e984p-638,0x1.6e633b74fd8aap-202,2.22659745524002251e-61
5,95,0x1.027fcecf44126p-204,0x1.1ea5ce929e984p-638,0x1.027fcecf44127p-204,3.92735541607038504e-62
5,96,0x1.6bab02d919d96p-207,0x1.1ea5ce929e984p-638,0x1.6bab02d919d97p-207,6.90646849377001954e-63
5,97,0x1.fe1aaa1541baep-210,0x1.1ea5ce929e984p-638,0x1.fe1aaa1541bafp-210,1.21093214685366739e-63
5,98,0x1.64b2bbf162937p-212,0x1.1ea5ce929e984p-638,0x1.64b2bbf162938p-212,2.11690733478101248e-64
5,99,0x1.f1651057af13p-215,0x1.1ea5ce929e984p-638,0x1.f1651057af131p-215,3.68987955916873314e-65
5,100,0x1.59c9ab2c46317p-217,0x1.1ea5ce929e984p-638,0x1.59c9ab2c46318p-217,6.41299058212163487e-66
5,101,0x1.df65b6132710bp-220,0x1.1ea5ce929e984p-638,0x1.df65b6132710cp-220,1.11136465561733460e-66
5,102,0x1.4b5dc7717142cp-222,0x1.1ea5ce929e984p-638,0x1.4b5dc7717142dp-222,1.92047813907162918e-67
5,103,0x1.c8ca55f1317f6p-225,0x1.1ea5ce929e984p-638,0x1.c8ca55f1317f7p-225,3.30923762567520357e-68
5,104,0x1.39f4f9029976cp-227,0x1.1ea5ce929e984p-638,0x1.39f4f9029976dp-227,5.68618630738676411e-69
5,105,0x1.ae5d4306534p-230,0x1.1ea5ce929e984p-638,0x1.ae5d430653401p-230,9.74310255924405929e-70
5,106,0x1.26258469d54edp-232,0x1.1ea5ce929e984p-638,0x1.26258469d54eep-232,1.66481048406531679e-70
5,107,0x1.90fa660a2543ep-235,0x1.1ea5ce929e984p-638,0x1.90fa660a2543fp-235,2.83681966237059432e-71
5,108,0x1.108e306d4848bp-237,0x1.1ea5ce929e984p-638,0x1.108e306d4848cp-237,4.82065326756573804e-72
5,109,0x1.71843aaca3339p-240,0x1.1ea5ce929e984p-638,0x1.71843aaca333ap-240,8.16948980019386920e-73
5,110,0x1.f39d5b5034096p-243,0x1.1ea5ce929e984p-638,0x1.f39d5b5034097p-243,1.38072209352769981e-73
5,111,0x1.50d97fd2293b9p-245,0x1.1ea5ce929e984p-638,0x1.50d97fd2293bap-245,2.32727198454749329e-74
5,112,0x1.c5016784b9d44p-248,0x1.1ea5ce929e984p-638,0x1.c5016784b9d45p-248,3.91223173189247293e-75
5,113,0x1.2fcc2d527f02dp-250,0x1.1ea5ce929e984p-638,0x1.2fcc2d527f02ep-250,6.55911747865665651e-76
5,114,0x1.96645c62b1dd8p-253,0x1.1ea5ce929e984p-638,0x1.96645c62b1dd9p-253,1.09677190970047594e-76
5,115,0x1.0f1a19777ad77p-255,0x1.1ea5ce929e984p-638,0x1.0f1a19777ad78p-255,1.82912667596817953e-77
5,116,0x1.68c1686cba7cbp-258,0x1.1ea5ce929e984p-638,0x1.68c1686cba7ccp-258,3.04252470909147411e-78
5,117,0x1.decf1929245e6p-261,0x1.1ea5ce929e984p-638,0x1.decf1929245e7p-261,5.04769901961390759e-79
5,118,0x1.3cecd17944c5fp-263,0x1.1ea5ce929e984p-638,0x1.3cecd17944c6p-263,8.35271708744028599e-80
5,119,0x1.a277ac1dd3cabp-266,0x1.1ea5ce929e984p-638,0x1.a277ac1dd3cacp-266,1.37861465686249498e-80
5,120,0x1.13908342bbb27p-268,0x1.1ea5ce929e984p-638,0x1.13908342bbb28p-268,2.26957463709224707e-81
5,121,0x1.69ff9f746f36fp-271,0x1.1ea5ce929e984p-638,0x1.69ff9f746f37p-271,3.72681652839717591e-82
5,122,0x1.da56747ecb92bp-274,0x1.1ea5ce929e984p-638,0x1.da56747ecb92cp-274,6.10420176304031162e-83
5,123,0x1.35fc3a6fee81p-276,0x1.1ea5ce929e984p-638,0x1.35fc3a6fee811p-276,9.97291882580734153e-84
5,124,0x1.9423e4361b435p-279,0x1.1ea5ce929e984p-638,0x1.9423e4361b436p-279,1.62526168652976234e-84
5,125,0x1.06c9bd37e3586p-281,0x1.1ea5ce929e984p-638,0x1.06c9bd37e3587p-281,2.64202458535225155e-85
5,126,0x1.54e64c10d0222p-284,0x1.1ea5ce929e984p-638,0x1.54e64c10d0223p-284,4.28418045363065122e-86
5,127,0x1.b92201cb94323p-287,0x1.1ea5ce929e984p-638,0x1.b92201cb94324p-287,6.92979949327082937e-87
5,128,0x1.1cb6c9ccca59cp-289,0x1.1ea5ce929e984p-638,0x1.1cb6c9ccca59dp-289,1.11815017517908328e-87
5,129,0x1.6e9d3babc2c67p-292,0x1.1ea5ce929e984p-638,0x1.6e9d3babc2c68p-292,1.79974333303625323e-88
5,130,0x1.d6eaeaa176c02p-295,0x1.1ea5ce929e984p-638,0x1.d6eaeaa176c03p-295,2.88972340297115757e-89
5,131,0x1.2db5d44c2ada3p-297,0x1.1ea5ce929e984p-638,0x1.2db5d44c2ada4p-297,4.62851224399028028e-90
5,132,0x1.81a9e5ddeb969p-300,0x1.1ea5ce929e984p-638,0x1.81a9e5ddeb96ap-300,7.39554285730339048e-91
5,133,0x1.ebc8d20456a7dp-303,0x1.1ea5ce929e984p-638,0x1.ebc8d20456a7ep-303,1.17881633419578363e-91
5,134,0x1.38cbf434b6aeap-305,0x1.1ea5ce929e984p-638,0x1.38cbf434b6aebp-305,1.87444850045219911e-92
5,135,0x1.8cf2e617e21eep-308,0x1.1ea5ce929e984p-638,0x1.8cf2e617e21efp-308,2.97341747319284405e-93
5,136,0x1.f688b8f3eb008p-311,0x1.1ea5ce929e984p-638,0x1.f688b8f3eb009p-311,4.70540376607828244e-94
5,137,0x1.3d57c237b5aa5p-313,0x1.1ea5ce929e984p-638,0x1.3d57c237b5aa6p-313,7.42848158576982228e-95
5,138,0x1.8fd74e65fa919p-316,0x1.1ea5ce929e984p-638,0x1.8fd74e65fa91ap-316,1.16995396416804714e-95
5,139,0x1.f6975f39c25e9p-319,0x1.1ea5ce929e984p-638,0x1.f6975f39c25eap-319,1.83825764859231086e-96
5,140,0x1.3b2056464f387p-321,0x1.1ea5ce929e984p-638,0x1.3b2056464f388p-321,2.88148325087780590e-97
5,141,0x1.8a3d31026f597p-324,0x1.1ea5ce929e984p-638,0x1.8a3d31026f598p-324,4.50610239385004402e-98
5,142,0x1.ec0dd81f79454p-327,0x1.1ea5ce929e984p-638,0x1.ec0dd81f79455p-327,7.03014510192401011e-99
5,143,0x1.32597dd872131p-329,0x1.1ea5ce929e984p-638,0x1.32597dd872132p-329,1.09423032269978675e-99
5,144,0x1.7c9233f4c74dcp-332,0x1.1ea5ce929e984p-638,0x1.7c9233f4c74ddp-332,1.69917177668261088e-100
5,145,0x1.d7ac5689e9625p-335,0x1.1ea5ce929e984p-638,0x1.d7ac5689e9626p-335,2.63240485954554429e-101
5,146,0x1.239cccb4c18fcp-337,0x1.1ea5ce929e984p-638,0x1.239cccb4c18fdp-337,4.06871837160955918e-102
5,147,0x1.67be648bd7956p-340,0x1.1ea5ce929e984p-638,0x1.67be648bd7957p-340,6.27414761371198830e-103
5,148,0x1.bac4498e04c65p-343,0x1.1ea5ce929e984p-638,0x1.bac4498e04c66p-343,9.65264910712485009e-104
5,149,0x1.0fd8baee578edp-345,0x1.1ea5ce929e984p-638,0x1.0fd8baee578eep-345,1.48161525172593623e-104
5,150,0x1.4d0b674e0cc3dp-348,0x1.1ea5ce929e984p-638,0x1.4d0b674e0cc3ep-348,2.26894447646116424e-105
5,151,0x1.971525a707ddep-351,0x1.1ea5ce929e984p-638,0x1.971525a707ddfp-351,3.46668277396275832e-106
5,152,0x1.f070a6257df93p-354,0x1.1ea5ce929e984p-638,0x1.f070a6257df94p-354,5.28455433206737791e-107
5,153,0x1.2e039cee7774fp-356,0x1.1ea5ce929e984p-638,0x1.2e039cee7775p-356,8.03727478559563486e-108
5,154,0x1.6ea0d5e973b89p-359,0x1.1ea5ce929e984p-638,0x1.6ea0d5e973b8ap-359,1.21960033162578724e-108
5,155,0x1.bc0d99868f52ep-362,0x1.1ea5ce929e984p-638,0x1.bc0d99868f52fp-362,1.84644567211703357e-109
5,156,0x1.0c4daaa8865bdp-364,0x1.1ea5ce929e984p-638,0x1.0c4daaa8865bep-364,2.78912363158889623e-110
5,157,0x1.437d8f25d1c26p-367,0x1.1ea5ce929e984p-638,0x1.437d8f25d1c27p-367,4.20351993033318067e-111
5,158,0x1.85256acf527bp-370,0x1.1ea5ce929e984p-638,0x1.85256acf527b1p-370,6.32083406676266709e-112
5,159,0x1.d311d8a42cb98p-373,0x1.1ea5ce929e984p-638,0x1.d311d8a42cb99p-373,9.48316610288239080e-113
5,160,0x1.17aa8ef7d2ad9p-375,0x1.1ea5ce929e984p-638,0x1.17aa8ef7d2adap-375,1.41955332236376140e-113
5,161,0x1.4e27f7035ede6p-378,0x1.1ea5ce929e984p-638,0x1.4e27f7035ede7p-378,2.12017194763028370e-114
5,162,0x1.8e5d7c4d98177p-381,0x1.1ea5ce929e984p-638,0x1.8e5d7c4d98178p-381,3.15946141152060362e-115
5,163,0x1.d9d8a3a82030ap-384,0x1.1ea5ce929e984p-638,0x1.d9d8a3a82030bp-384,4.69763365325493879e-116
5,164,0x1.192edb2d18bc3p-386,0x1.1ea5ce929e984p-638,0x1.192edb2d18bc4p-386,6.96900566902139126e-117
5,165,0x1.4cf6e0ec762fap-389,0x1.1ea5ce929e984p-638,0x1.4cf6e0ec762fbp-389,1.03154810040194648e-117
5,166,0x1.89667eb9bbbf8p-392,0x1.1ea5ce929e984p-638,0x1.89667eb9bbbf9p-392,1.52347909672262311e-118
5,167,0x1.cfc4c8c73dcaep-395,0x1.1ea5ce929e984p-638,0x1.cfc4c8c73dcafp-395,2.24498359245307021e-119
5,168,0x1.10c0ae67c0731p-397,0x1.1ea5ce929e984p-638,0x1.10c0ae67c0732p-397,3.30081172052682530e-120
5,169,0x1.401c0dd645f2cp-400,0x1.1ea5ce929e984p-638,0x1.401c0dd645f2dp-400,4.84239763724919810e-121
5,170,0x1.76da829ed3a71p-403,0x1.1ea5ce929e984p-638,0x1.76da829ed3a72p-403,7.08815844094456996e-122
5,171,0x1.b5fc1751d235bp-406,0x1.1ea5ce929e984p-638,0x1.b5fc1751d235cp-406,1.03523933559332497e-122
5,172,0x1.fe9ce4856dd7fp-409,0x1.1ea5ce929e984p-638,0x1.fe9ce4856dd8p-409,1.50863284365261696e-123
5,173,0x1.28fb8b520368fp-411,0x1.1ea5ce929e984p-638,0x1.28fb8b520369p-411,2.19362715671133036e-124
5,174,0x1.58b2779fcbab3p-414,0x1.1ea5ce929e984p-638,0x1.58b2779fcbab4p-414,3.18258130310822537e-125
5,175,0x1.8f315cf9c60ddp-417,0x1.1ea5ce929e984p-638,0x1.8f315cf9c60dep-417,4.60717352137791763e-126
5,176,0x1.cd4855e2c660ep-420,0x1.1ea5ce929e984p-638,0x1.cd4855e2c660fp-420,6.65470627809745849e-127
5,177,0x1.09ed28b6a017dp-422,0x1.1ea5ce929e984p-638,0x1.09ed28b6a017ep-422,9.59098745338308330e-128
5,178,0x1.31eeeecf4dee5p-425,0x1.1ea5ce929e984p-638,0x1.31eeeecf4dee6p-425,1.37923628307045526e-128
5,179,0x1.5f2eeb198866fp-428,0x1.1ea5ce929e984p-638,0x1.5f2eeb198867p-428,1.97904520721240444e-129
5,180,0x1.923cf88d92721p-431,0x1.1ea5ce929e984p-638,0x1.923cf88d92722p-431,2.83344757146810401e-130
5,181,0x1.cbb390cceb27dp-434,0x1.1ea5ce929e984p-638,0x1.cbb390cceb27ep-434,4.04778810254154752e-131
5,182,0x1.061bf2a240995p-436,0x1.1ea5ce929e984p-638,0x1.061bf2a240996p-436,5.76984494164283660e-132
5,183,0x1.2a3cedff5a4eep-439,0x1.1ea5ce929e984p-638,0x1.2a3cedff5a4efp-439,8.20644240831408249e-133
5,184,0x1.5299f61457972p-442,0x1.1ea5ce929e984p-638,0x1.5299f61457973p-442,1.16463735284860149e-133
5,185,0x1.7f956b226521p-445,0x1.1ea5ce929e984p-638,0x1.7f956b2265211p-445,1.64919522880691198e-134
5,186,0x1.b1969a05cef31p-448,0x1.1ea5ce929e984p-638,0x1.b1969a05cef32p-448,2.33023391876711578e-135
5,187,0x1.e9096e0ca1405p-451,0x1.1ea5ce929e984p-638,0x1.e9096e0ca1406p-451,3.28528887272142239e-136
5,188,0x1.132f056d9493ep-453,0x1.1ea5ce929e984p-638,0x1.132f056d9493fp-453,4.62162461514662908e-137
5,189,0x1.350426559ad74p-456,0x1.1ea5ce929e984p-638,0x1.350426559ad75p-456,6.48728941744651538e-138
5,190,0x1.5a3f96b272586p-459,0x1.1ea5ce929e984p-638,0x1.5a3f96b272587p-459,9.08614768747163812e-139
5,191,0x1.831e06a799e6fp-462,0x1.1ea5ce929e984p-638,0x1.831e06a799e7p-462,1.26982714203371287e-139
5,192,0x1.afdcef31eeb1bp-465,0x1.1ea5ce929e984p-638,0x1.afdcef31eeb1cp-465,1.77075335462984469e-140
5,193,0x1.e0ba18d6aad47p-468,0x1.1ea5ce929e984p-638,0x1.e0ba18d6aad48p-468,2.46388552445043233e-141
5,194,0x1.0af9899fb8892p-470,0x1.1ea5ce929e984p-638,0x1.0af9899fb8893p-470,3.42083613617351404e-142
5,195,0x1.27e24ef34eb7dp-473,0x1.1ea5ce929e984p-638,0x1.27e24ef34eb7ep-473,4.73907511157254098e-143
5,196,0x1.4735011c40e3fp-476,0x1.1ea5ce929e984p-638,0x1.4735011c40e4p-476,6.55095699811622436e-144
5,197,0x1.690e2fea9d52fp-479,0x1.1ea5ce929e984p-638,0x1.690e2fea9d53p-479,9.03578687622277380e-145
5,198,0x1.8d88f5f5442d9p-482,0x1.1ea5ce929e984p-638,0x1.8d88f5f5442dap-482,1.24359079577277243e-145
5,199,0x1.b4be92764ababp-485,0x1.1ea5ce929e984p-638,0x1.b4be92764abacp-485,1.70780981419982636e-146
5,200,0x1.dec5fe2339f06p-488,0x1.1ea5ce929e984p-638,0x1.dec5fe2339f07p-488,2.34019567565040188e-147
5,201,0x1.05d9bdfb8819dp-490,0x1.1ea5ce929e984p-638,0x1.05d9bdfb8819ep-490,3.19974713096500881e-148
5,202,0x1.1dcc13869007ep-493,0x1.1ea5ce929e984p-638,0x1.1dcc13869007fp-493,4.36546088096152427e-149
5,203,0x1.3740bf69fae26p-496,0x1.1ea5ce929e984p-638,0x1.3740bf69fae27p-496,5.94286166144519582e-150
5,204,0x1.523c7982b4422p-499,0x1.1ea5ce929e984p-638,0x1.523c7982b4423p-499,8.07257934174176526e-151
5,205,0x1.6ec1b879f35eap-502,0x1.1ea5ce929e984p-638,0x1.6ec1b879f35ebp-502,1.09415863667606605e-151
5,206,0x1.8cd079edf3313p-505,0x1.1ea5ce929e984p-638,0x1.8cd079edf3314p-505,1.47978835380773125e-152
5,207,0x1.ac660d011b97cp-508,0x1.1ea5ce929e984p-638,0x1.ac660d011b97dp-508,1.99696437221841724e-153
5,208,0x1.cd7ce03dd36bap-511,0x1.1ea5ce929e984p-638,0x1.cd7ce03dd36bbp-511,2.68901033651196220e-154
5,209,0x1.f00c53c3a2f7fp-514,0x1.1ea5ce929e984p-638,0x1.f00c53c3a2f8p-514,3.61298451680004957e-155
5,210,0x1.0a04485a63f28p-516,0x1.1ea5ce929e984p-638,0x1.0a04485a63f29p-516,4.84385596981018913e-156
5,211,0x1.1cb1336ccb594p-519,0x1.1ea5ce929e984p-638,0x1.1cb1336ccb595p-519,6.47989307705504527e-157
5,212,0x1.300398b455e2ap-522,0x1.1ea5ce929e984p-638,0x1.300398b455e2bp-522,8.64959855377752817e-158
5,213,0x1.43f061ebe3835p-525,0x1.1ea5ce929e984p-638,0x1.43f061ebe3836p-525,1.15206117371891268e-158
5,214,0x1.586aafc48c17bp-528,0x1.1ea5ce929e984p-638,0x1.586aafc48c17cp-528,1.53111066462737168e-159
5,215,0x1.6d63d989da8abp-531,0x1.1ea5ce929e984p-638,0x1.6d63d989da8acp-531,2.03043476053671844e-160
5,216,0x1.82cb71e606668p-534,0x1.1ea5ce929e984p-638,0x1.82cb71e606669p-534,2.68672287056316818e-161
5,217,0x1.988f510940839p-537,0x1.1ea5ce929e984p-638,0x1.988f51094083ap-537,3.54738256799241717e-162
5,218,0x1.ae9ba465af5b2p-540,0x1.1ea5ce929e984p-638,0x1.ae9ba465af5b3p-540,4.67352367693178318e-163
5,219,0x1.c4db041e3d238p-543,0x1.1ea5ce929e984p-638,0x1.c4db041e3d239p-543,6.14372921807189658e-164
5,220,0x1.db368e3130a0bp-546,0x1.1ea5ce929e984p-638,0x1.db368e3130a0cp-546,8.05880807383977667e-165
5,221,0x1.f196075101a22p-549,0x1.1ea5ce929e984p-638,0x1.f196075101a23p-549,1.05477690157640456e-165
5,222,0x1.03f000a329c57p-551,0x1.1ea5ce929e984p-638,0x1.03f000a329c58p-551,1.37753098979290657e-166
5,223,0x1.0efd034ef3ecp-554,0x1.1ea5ce929e984p-638,0x1.0efd034ef3ec1p-554,1.79511810948366953e-167
5,224,0x1.19e465a692023p-557,0x1.1ea5ce929e984p-638,0x1.19e465a692024p-557,2.33418606505627377e-168
5,225,0x1.249830eff72b1p-560,0x1.1ea5ce929e984p-638,0x1.249830eff72b2p-560,3.02850724033326268e-169
5,226,0x1.2f0a3a55d44fbp-563,0x1.1ea5ce929e984p-638,0x1.2f0a3a55d44fcp-563,3.92077901716157999e-170
5,227,0x1.392c4136b8c89p-566,0x1.1ea5ce929e984p-638,0x1.392c4136b8c8ap-566,5.06485038988655932e-171
5,228,0x1.42f00ed30880cp-569,0x1.1ea5ce929e984p-638,0x1.42f00ed30880dp-569,6.52846807909952712e-172
5,229,0x1.4c4796fa41361p-572,0x1.1ea5ce929e984p-638,0x1.4c4796fa41362p-572,8.39665396736612094e-173
5,230,0x1.55251950b18aap-575,0x1.1ea5ce929e984p-638,0x1.55251950b18abp-575,1.07758474183713916e-173
5,231,0x1.5d7b42c100c73p-578,0x1.1ea5ce929e984p-638,0x1.5d7b42c100c74p-578,1.37989714544525644e-174
5,232,0x1.653d4ea8e5d54p-581,0x1.1ea5ce929e984p-638,0x1.653d4ea8e5d55p-581,1.76316113525199884e-175
5,233,0x1.6c5f274e40991p-584,0x1.1ea5ce929e984p-638,0x1.6c5f274e40992p-584,2.24795285110692203e-176
5,234,0x1.72d58529a8c2fp-587,0x1.1ea5ce929e984p-638,0x1.72d58529a8c32p-587,2.85977720143005300e-177
5,235,0x1.78960c955e427p-590,0x1.1ea5ce929e984p-638,0x1.78960c955e43ap-590,3.63016957769904731e-178
5,236,0x1.7d9769737447bp-593,0x1.1ea5ce929e984p-638,0x1.7d9769737450bp-593,4.59802411233477886e-179
5,237,0x1.81d16863fc1b4p-596,0x1.1ea5ce929e984p-638,0x1.81d16863fc63p-596,5.81119037751510808e-180
5,238,0x1.853d0d2bd1f1bp-599,0x1.1ea5ce929e984p-638,0x1.853d0d2bd42f1p-599,7.32838711391035061e-181
5,239,0x1.87d4a5f658ef6p-602,0x1.1ea5ce929e984p-638,0x1.87d4a5f66ad9dp-602,9.22148911128144648e-182
5,240,0x1.8993db27c5c1fp-605,0x1.1ea5ce929e984p-638,0x1.8993db285514ep-605,1.15782517958972627e-182
5,241,0x1.8a77bb82598bcp-608,0x1.1ea5ce929e984p-638,0x1.8a77bb86d4231p-608,1.45055474678765157e-183
5,242,0x1.8a7ec46ee75eap-611,0x1.1ea5ce929e984p-638,0x1.8a7ec492bc188p-611,1.81331975510295111e-184
5,243,0x1.89a8e647e6cf9p-614,0x1.1ea5ce929e984p-638,0x1.89a8e7668c9e3p-614,2.26184970394453062e-185
5,244,0x1.87f78495e6389p-617,0x1.1ea5ce929e984p-638,0x1.87f78d8b14ad3p-617,2.81515439829132765e-186
5,245,0x1.856d723c1720ap-620,0x1.1ea5ce929e984p-638,0x1.856db9e58ac55p-620,3.49615425651690445e-187
5,246,0x1.820ee9a3a0c05p-623,0x1.1ea5ce929e984p-638,0x1.821126ef3de5ap-623,4.33246853477070590e-188
5,247,0x1.7de181040d45fp-626,0x1.1ea5ce929e984p-638,0x1.7df36b60f66ffp-626,5.35784614218399426e-189
5,248,0x1.78ec1af63951ep-629,0x1.1ea5ce929e984p-638,0x1.797b6ddd82a14p-629,6.61895115878187353e-190
5,249,0x1.7336d38d5cf25p-632,0x1.1ea5ce929e984p-638,0x1.77b16ac7a76ccp-632,8.23447507745857090e-191
5,250,0x1.6ccaea3eceb29p-635,0x1.1ea5ce929e984p-638,0x1.909fa4112285bp-635,1.09761318225527895e-191
5,251,0x1.65b2a8ecc2759p-638,0x1.1ea5ce929e984p-638,0x1.422c3bbfb086fp-637,2.20669164335097541e-192
5,252,0x1.5df948724afe8p-641,0x1.1ea5ce929e984p-638,0x1.4a64f7a0e7f82p-638,1.13150241012014334e-192
5,253,0x1.55aad3171f7ddp-644,0x1.1ea5ce929e984p-638,0x1.23fc79defb164p-638,9.99965873104964457e-193
5,254,0x1.4cd40557f55ebp-647,0x1.1ea5ce929e984p-638,0x1.1f4c38954a93p-638,9.83909170239970523e-193
5,255,0x1.43822d748acd2p-650,0x1.1ea5ce929e984p-638,0x1.1eba06b575e1p-638,9.81953413545378942e-193
5,256,0x1.39c30a36bc392p-653,0x1.1ea5ce929e984p-638,0x1.1ea84218b305dp-638,9.81715717587480980e-193
5,257,0x1.2fa4a9662c69ep-656,0x1.1ea5ce929e984p-638,0x1.1ea61a7bc8f1ep-638,9.81686892056148254e-193
5,258,0x1.2535465a3ce5ap-659,0x1.1ea5ce929e984p-638,0x1.1ea5d7bc48cb2p-638,9.81683404016220031e-193
5,259,0x1.1a8329184e3d3p-662,0x1.1ea5ce929e984p-638,0x1.1ea5cfad21c17p-638,9.81682982868713398e-193
5,260,0x1.0f9c8666bf39ap-665,0x1.1ea5ce929e984p-638,0x1.1ea5ceb492292p-638,9.81682932130432428e-193
5,261,0x1.048f6135f7fc6p-668,0x1.1ea5ce929e984p-638,0x1.1ea5ce96b0d5dp-638,9.81682926031046996e-193
5,262,0x1.f2d2db706e024p-672,0x1.1ea5ce929e984p-638,0x1.1ea5ce931b4dp-638,9.81682925299427438e-193
5,263,0x1.dc6fecee0ed6fp-675,0x1.1ea5ce929e984p-638,0x1.1ea5ce92ad7bdp-638,9.81682925211861932e-193
5,264,0x1.c60f8754fa544p-678,0x1.1ea5ce929e984p-638,0x1.1ea5ce92a05e6p-638,9.81682925201404359e-193
5,265,0x1.afca0a159a8efp-681,0x1.1ea5ce929e984p-638,0x1.1ea5ce929ece5p-638,9.81682925200158265e-193
5,266,0x1.99b67c91ad61bp-684,0x1.1ea5ce929e984p-638,0x1.1ea5ce929e9ebp-638,9.81682925200009925e-193
5,267,0x1.83ea6c9be2d3cp-687,0x1.1ea5ce929e984p-638,0x1.1ea5ce929e991p-638,9.81682925199992404e-193
5,268,0x1.6e79d2ae225dfp-690,0x1.1ea5ce929e984p-638,0x1.1ea5ce929e986p-638,9.81682925199990263e-193
5,269,0x1.5976fbe5a0357p-693,0x1.1ea5ce929e984p-638,0x1.1ea5ce929e985p-638,9.81682925199990068e-193
5,270,0x1.44f279b5867e8p-696,0x1.1ea5ce929e984p-638,0x1.1ea5ce929e985p-638,9.81682925199990068e-193
5,271,0x1.30fb16f5f23ffp-699,0x1.1ea5ce929e984p-638,0x1.1ea5ce929e985p-638,9.81682925199990068e-193
5,272,0x1.1d9dd065843bcp-702,0x1.1ea5ce929e984p-638,0x1.1ea5ce929e985p-638,9.81682925199990068e-193
5,273,0x1.0ae5c441e251fp-705,0x1.1ea5ce929e984p-638,0x1.1ea5ce929e985p-638,9.81682925199990068e-193
5,274,0x1.f1b78ada5a248p-709,0x1.1ea5ce929e984p-638,0x1.1ea5ce929e985p-638,9.81682925199990068e-193
5,275,0x1.cf06c93bc9109p-712,0x1.1ea5ce929e984p-638,0x1.1ea5ce929e985p-638,9.81682925199990068e-193
5,276,0x1.ad8ed5f1b7cdap-715,0x1.1ea5ce929e984p-638,0x1.1ea5ce929e985p-638,9.81682925199990068e-193
5,277,0x1.8c01960f69b8bp-718,0x1.1ea5ce929e984p-638,0x1.1ea5ce929e985p-638,9.81682925199990068e-193
5,278,0x1.6292d6cc17cb5p-721,0x1.1ea5ce929e984p-638,0x1.1ea5ce929e985p-638,9.81682925199990068e-193
5,279,0x1.09df5d08e825cp-724,0x1.1ea5ce929e984p-638,0x1.1ea5ce929e985p-638,9.81682925199990068e-193
5,280,0x0p+0,0x1.1ea5ce929e984p-638,0x1.1ea5ce929e984p-638,9.81682925199989874e-193
6,0,0x1.65ab774dc9804p+0,0x1.0e2aede033f03p-620,0x1.65ab774dc9805p+0,1.39714761399363963e+00
6,1,0x1.9908b8ebd4d73p-1,0x1.0e2aede033f03p-620,0x1.9908b8ebd4d74p-1,7.98894671237958764e-01
6,2,0x1.b7c75fb7d5fdp-2,0x1.0e2aede033f03p-620,0x1.b7c75fb7d5fd1p-2,4.29471488566830095e-01
6,3,0x1.c106b928b3c93p-3,0x1.0e2aede033f03p-620,0x1.c106b928b3c94p-3,2.19251104883799841e-01
6,4,0x1.b65c842486ad2p-4,0x1.0e2aede033f03p-620,0x1.b65c842486ad3p-4,1.07021824056953194e-01
6,5,0x1.9b35e9b92d757p-5,0x1.0e2aede033f03p-620,0x1.9b35e9b92d758p-5,5.01966061505487171e-02
6,6,0x1.741b8003a7f26p-6,0x1.0e2aede033f03p-620,0x1.741b8003a7f27p-6,2.27116346492259001e-02
6,7,0x1.45e3128925623p-7,0x1.0e2aede033f03p-620,0x1.45e3128925624p-7,9.94528203072337497e-03
6,8,0x1.1500014791e94p-8,0x1.0e2aede033f03p-620,0x1.1500014791e95p-8,4.22668486823564882e-03
6,9,0x1.ca2244b3c8a93p-10,0x1.0e2aede033f03p-620,0x1.ca2244b3c8a94p-10,1.74764198613589373e-03
6,10,0x1.715f5f9dd17bdp-11,0x1.0e2aede033f03p-620,0x1.715f5f9dd17bep-11,7.04522233470276709e-04
6,11,0x1.22e46f7cf9e52p-12,0x1.0e2aede033f03p-620,0x1.22e46f7cf9e53p-12,2.77416540312523999e-04
6,12,0x1.c043e1c676aa1p-14,0x1.0e2aede033f03p-620,0x1.c043e1c676aa2p-14,1.06874743415567272e-04
6,13,0x1.5268841e2cc42p-15,0x1.0e2aede033f03p-620,0x1.5268841e2cc43p-15,4.03414089630506722e-05
6,14,0x1.f544400e99195p-17,0x1.0e2aede033f03p-620,0x1.f544400e99196p-17,1.49389088878813742e-05
6,15,0x1.6ca25673012f4p-18,0x1.0e2aede033f03p-620,0x1.6ca25673012f5p-18,5.43347197190924563e-06
6,16,0x1.04c92cf4e524dp-19,0x1.0e2aede033f03p-620,0x1.04c92cf4e524ep-19,1.94300593609812729e-06
6,17,0x1.6f19013e73292p-21,0x1.0e2aede033f03p-620,0x1.6f19013e73293p-21,6.83772704063151073e-07
6,18,0x1.fcf5e9bc2dfdcp-23,0x1.0e2aede033f03p-620,0x1.fcf5e9bc2dfddp-23,2.37003247143809218e-07
6,19,0x1.5bc505af88b86p-24,0x1.0e2aede033f03p-620,0x1.5bc505af88b87p-24,8.09714240037349194e-08
6,20,0x1.d4c65e840d381p-26,0x1.0e2aede033f03p-620,0x1.d4c65e840d382p-26,2.72862892421581101e-08
6,21,0x1.37d4306883e3bp-27,0x1.0e2aede033f03p-620,0x1.37d4306883e3cp-27,9.07541437922819775e-09
6,22,0x1.99b163b93f4ddp-29,0x1.0e2aede033f03p-620,0x1.99b163b93f4dep-29,2.98090837831634874e-09
6,23,0x1.09ed1c51bcbe5p-30,0x1.0e2aede033f03p-620,0x1.09ed1c51bcbe6p-30,9.67433928482988569e-10
6,24,0x1.5544c6d7b65c5p-32,0x1.0e2aede033f03p-620,0x1.5544c6d7b65c6p-32,3.10382037330502675e-10
6,25,0x1.b12444a93259p-34,0x1.0e2aede033f03p-620,0x1.b12444a932591p-34,9.84850141054639041e-11
6,26,0x1.0ff7077dd9bf2p-35,0x1.0e2aede033f03p-620,0x1.0ff7077dd9bf3p-35,3.09188360532518991e-11
6,27,0x1.520b47b6f8a47p-37,0x1.0e2aede033f03p-620,0x1.520b47b6f8a48p-37,9.60779013411071213e-12
6,28,0x1.a00ac28db7eadp-39,0x1.0e2aede033f03p-620,0x1.a00ac28db7eaep-39,2.95615643006040801e-12
6,29,0x1.fb2a7c7c61472p-41,0x1.0e2aede033f03p-620,0x1.fb2a7c7c61473p-41,9.00907725315869746e-13
6,30,0x1.32478674ab97ep-42,0x1.0e2aede033f03p-620,0x1.32478674ab97fp-42,2.72030749376939514e-13
6,31,0x1.6ea11ed960fc3p-44,0x1.0e2aede033f03p-620,0x1.6ea11ed960fc4p-44,8.14080751633163742e-14
6,32,0x1.b314151de6b7ep-46,0x1.0e2aede033f03p-620,0x1.b314151de6b7fp-46,2.41517054809139070e-14
6,33,0x1.fffa1cea31f95p-48,0x1.0e2aede033f03p-620,0x1.fffa1cea31f96p-48,7.10510821990162542e-15
6,34,0x1.2ac796fb61df3p-49,0x1.0e2aede033f03p-620,0x1.2ac796fb61df4p-49,2.07320027500951819e-15
6,35,0x1.59f63cc2ac0f7p-51,0x1.0e2aede033f03p-620,0x1.59f63cc2ac0f8p-51,6.00148168367595568e-16
6,36,0x1.8d81f7492c6f4p-53,0x1.0e2aede033f03p-620,0x1.8d81f7492c6f5p-53,1.72391475891472660e-16
6,37,0x1.c54e4136c0f79p-55,0x1.0e2aede033f03p-620,0x1.c54e4136c0f7ap-55,4.91475005858539005e-17
6,38,0x1.0093dbc833105p-56,0x1.0e2aede033f03p-620,0x1.0093dbc833106p-56,1.39090980680595728e-17
6,39,0x1.2061a49053c9fp-58,0x1.0e2aede033f03p-620,0x1.2061a49053cap-58,3.90829698918232514e-18
6,40,0x1.41df036ca9d64p-60,0x1.0e2aede033f03p-620,0x1.41df036ca9d65p-60,1.09054186174087989e-18
6,41,0x1.64ced03a3af2fp-62,0x1.0e2aede033f03p-620,0x1.64ced03a3af3p-62,3.02228017324142777e-19
6,42,0x1.88e8c932acef4p-64,0x1.0e2aede033f03p-620,0x1.88e8c932acef5p-64,8.32017848386766293e-20
6,43,0x1.adda81c371768p-66,0x1.0e2aede033f03p-620,0x1.adda81c371769p-66,2.27562570637202511e-20
6,44,0x1.d348a5194dfe1p-68,0x1.0e2aede033f03p-620,0x1.d348a5194dfe2p-68,6.18444919119920406e-21
6,45,0x1.f8d084eed65a1p-70,0x1.0e2aede033f03p-620,0x1.f8d084eed65a2p-70,1.67029116329698311e-21
6,46,0x1.0f04f5138d92dp-71,0x1.0e2aede033f03p-620,0x1.0f04f5138d92ep-71,4.48363927995457082e-22
6,47,0x1.21448d0f63f37p-73,0x1.0e2aede033f03p-620,0x1.21448d0f63f38p-73,1.19638348653521784e-22
6,48,0x1.32f080c22f2b9p-75,0x1.0e2aede033f03p-620,0x1.32f080c22f2bap-75,3.17367968033314989e-23
6,49,0x1.43d2ba062227ep-77,0x1.0e2aede033f03p-620,0x1.43d2ba062227fp-77,8.37063226260368216e-24
6,50,0x1.53b6b7c37190ep-79,0x1.0e2aede033f03p-620,0x1.53b6b7c37190fp-79,2.19534859994576654e-24
6,51,0x1.626aa862965f7p-81,0x1.0e2aede033f03p-620,0x1.626aa862965f8p-81,5.72590950458992400e-25
6,52,0x1.6fc074a843e35p-83,0x1.0e2aede033f03p-620,0x1.6fc074a843e36p-83,1.48533761078286285e-25
6,53,0x1.7b8eb31deb9b2p-85,0x1.0e2aede033f03p-620,0x1.7b8eb31deb9b3p-85,3.83255053315969292e-26
6,54,0x1.85b17d14e00fcp-87,0x1.0e2aede033f03p-620,0x1.85b17d14e00fdp-87,9.83724227537735161e-27
6,55,0x1.8e0b1f7bd916fp-89,0x1.0e2aede033f03p-620,0x1.8e0b1f7bd917p-89,2.51200732493772762e-27
6,56,0x1.9484a317f119p-91,0x1.0e2aede033f03p-620,0x1.9484a317f1191p-91,6.38217050560823383e-28
6,57,0x1.990e292ac26f9p-93,0x1.0e2aede033f03p-620,0x1.990e292ac26fap-93,1.61343873298119560e-28
6,58,0x1.9b9f1b1602c96p-95,0x1.0e2aede033f03p-620,0x1.9b9f1b1602c97p-95,4.05890143324141219e-29
6,59,0x1.9c362d1100fecp-97,0x1.0e2aede033f03p-620,0x1.9c362d1100fedp-97,1.01618011176739924e-29
6,60,0x1.9ad93575f67c8p-99,0x1.0e2aede033f03p-620,0x1.9ad93575f67c9p-99,2.53204919943895439e-30
6,61,0x1.9794db7e2b335p-101,0x1.0e2aede033f03p-620,0x1.9794db7e2b336p-101,6.27978692743789693e-31
6,62,0x1.927c2168c93ebp-103,0x1.0e2aede033f03p-620,0x1.927c2168c93ecp-103,1.55031538354435348e-31
6,63,0x1.8ba7cef7f769ep-105,0x1.0e2aede033f03p-620,0x1.8ba7cef7f769fp-105,3.81002389328088695e-32
6,64,0x1.8335c1e467727p-107,0x1.0e2aede033f03p-620,0x1.8335c1e467728p-107,9.32174142676757095e-33
6,65,0x1.79482a5df9d62p-109,0x1.0e2aede033f03p-620,0x1.79482a5df9d63p-109,2.27068281839944455e-33
6,66,0x1.6e04b9e858b13p-111,0x1.0e2aede033f03p-620,0x1.6e04b9e858b14p-111,5.50723371589489728e-34
6,67,0x1.6193cadf0b365p-113,0x1.0e2aede033f03p-620,0x1.6193cadf0b366p-113,1.33001003379803103e-34
6,68,0x1.541f86b267e37p-115,0x1.0e2aede033f03p-620,0x1.541f86b267e38p-115,3.19850272244590710e-35
6,69,0x1.45d31084b824cp-117,0x1.0e2aede033f03p-620,0x1.45d31084b824dp-117,7.66009649573208251e-36
6,70,0x1.36d9b93cfa2e1p-119,0x1.0e2aede033f03p-620,0x1.36d9b93cfa2e2p-119,1.82701493217677168e-36
6,71,0x1.275e4173fc31ep-121,0x1.0e2aede033f03p-620,0x1.275e4173fc31fp-121,4.34004542914161761e-37
6,72,0x1.178a2cda77a39p-123,0x1.0e2aede033f03p-620,0x1.178a2cda77a3ap-123,1.02686685412844030e-37
6,73,0x1.078529e4b18a5p-125,0x1.0e2aede033f03p-620,0x1.078529e4b18a6p-125,2.42005056047296946e-38
6,74,0x1.eee91f65a0ad5p-128,0x1.0e2aede033f03p-620,0x1.eee91f65a0ad6p-128,5.68129546867396923e-39
6,75,0x1.cef5e6b9337bdp-130,0x1.0e2aede033f03p-620,0x1.cef5e6b9337bep-130,1.32863162428372234e-39
6,76,0x1.af6faa0534493p-132,0x1.0e2aede033f03p-620,0x1.af6faa0534494p-132,3.09540284300644533e-40
6,77,0x1.908ec8a7132e9p-134,0x1.0e2aede033f03p-620,0x1.908ec8a7132eap-134,7.18465227328182323e-41
6,78,0x1.7284b72eec425p-136,0x1.0e2aede033f03p-620,0x1.7284b72eec426p-136,1.66146205813621706e-41
6,79,0x1.557bdf9ba1291p-138,0x1.0e2aede033f03p-620,0x1.557bdf9ba1292p-138,3.82816670133857335e-42
6,80,0x1.3997a803388fdp-140,0x1.0e2aede033f03p-620,0x1.3997a803388fep-140,8.78873117879061215e-43
6,81,0x1.1ef49b50511ap-142,0x1.0e2aede033f03p-620,0x1.1ef49b50511a1p-142,2.01055147166160131e-43
6,82,0x1.05a8af54839d5p-144,0x1.0e2aede033f03p-620,0x1.05a8af54839d6p-144,4.58327812794416530e-44
6,83,0x1.db874670972f4p-147,0x1.0e2aede033f03p-620,0x1.db874670972f5p-147,1.04118319170871075e-44
6,84,0x1.ae9ee28dd74adp-149,0x1.0e2aede033f03p-620,0x1.ae9ee28dd74aep-149,2.35714081156769380e-45
6,85,0x1.84a19e645a82dp-151,0x1.0e2aede033f03p-620,0x1.84a19e645a82ep-151,5.31824683864133052e-46
6,86,0x1.5d8f70510ce1ap-153,0x1.0e2aede033f03p-620,0x1.5d8f70510ce1bp-153,1.19589434126034260e-46
6,87,0x1.395ff8e2fd505p-155,0x1.0e2aede033f03p-620,0x1.395ff8e2fd506p-155,2.68024752294858646e-47
6,88,0x1.1803a562f31e8p-157,0x1.0e2aede033f03p-620,0x1.1803a562f31e9p-157,5.98729748216870473e-48
6,89,0x1.f2c99dc3d34ecp-160,0x1.0e2aede033f03p-620,0x1.f2c99dc3d34edp-160,1.33314179769462045e-48
6,90,0x1.bad1a01757975p-162,0x1.0e2aede033f03p-620,0x1.bad1a01757976p-162,2.95887648174484195e-49
6,91,0x1.87e21a092f776p-164,0x1.0e2aede033f03p-620,0x1.87e21a092f777p-164,6.54632258479358776e-50
6,92,0x1.59b7d33dca703p-166,0x1.0e2aede033f03p-620,0x1.59b7d33dca704p-166,1.44378601440491105e-50
6,93,0x1.300b565a0b282p-168,0x1.0e2aede033f03p-620,0x1.300b565a0b283p-168,3.17437046454135159e-51
6,94,0x1.0a92883bc818p-170,0x1.0e2aede033f03p-620,0x1.0a92883bc8181p-170,6.95786406289850947e-52
6,95,0x1.d204218225ccfp-173,0x1.0e2aede033f03p-620,0x1.d204218225cdp-173,1.52044858817056057e-52
6,96,0x1.961d291021d2ep-175,0x1.0e2aede033f03p-620,0x1.961d291021d2fp-175,3.31252112153324053e-53
6,97,0x1.60db80943c0b1p-177,0x1.0e2aede033f03p-620,0x1.60db80943c0b2p-177,7.19531927869216438e-54
6,98,0x1.31ae4eee8ca57p-179,0x1.0e2aede033f03p-620,0x1.31ae4eee8ca58p-179,1.55832882009706615e-54
6,99,0x1.0809f1081c7bep-181,0x1.0e2aede033f03p-620,0x1.0809f1081c7bfp-181,3.36510504665724277e-55
6,100,0x1.c6d227d72bee3p-184,0x1.0e2aede033f03p-620,0x1.c6d227d72bee4p-184,7.24571529331733353e-56
6,101,0x1.869b0e95d3bf4p-186,0x1.0e2aede033f03p-620,0x1.869b0e95d3bf5p-186,1.55567691814452565e-56
6,102,0x1.4e819fcad80e3p-188,0x1.0e2aede033f03p-620,0x1.4e819fcad80e4p-188,3.33062094766352955e-57
6,103,0x1.1da902f960496p-190,0x1.0e2aede033f03p-620,0x1.1da902f960497p-190,7.11067119612019938e-58
6,104,0x1.e689a00dbd13fp-193,0x1.0e2aede033f03p-620,0x1.e689a00dbd14p-193,1.51386545428231294e-58
6,105,0x1.9d321df065f3fp-195,0x1.0e2aede033f03p-620,0x1.9d321df065f4p-195,3.21415448163927929e-59
6,106,0x1.5df3e67ca063bp-197,0x1.0e2aede033f03p-620,0x1.5df3e67ca063cp-197,6.80550381496619430e-60
6,107,0x1.2796bf972810ap-199,0x1.0e2aede033f03p-620,0x1.2796bf972810bp-199,1.43707343561317706e-60
6,108,0x1.f20100299edcp-202,0x1.0e2aede033f03p-620,0x1.f20100299edc1p-202,3.02645110592401954e-61
6,109,0x1.a267024dd1f3p-204,0x1.0e2aede033f03p-620,0x1.a267024dd1f31p-204,6.35674901422265392e-62
6,110,0x1.5e99c4ee4ca9bp-206,0x1.0e2aede033f03p-620,0x1.5e99c4ee4ca9cp-206,1.33166093196351604e-62
6,111,0x1.2505632c33078p-208,0x1.0e2aede033f03p-620,0x1.2505632c33079p-208,2.78240117902675286e-63
6,112,0x1.e8880b9028e6dp-211,0x1.0e2aede033f03p-620,0x1.e8880b9028e6ep-211,5.79860406960846813e-64
6,113,0x1.96341f01133b5p-213,0x1.0e2aede033f03p-620,0x1.96341f01133b6p-213,1.20535430756317434e-64
6,114,0x1.50e4ae6772368p-215,0x1.0e2aede033f03p-620,0x1.50e4ae6772369p-215,2.49921329856082686e-65
6,115,0x1.16b4fdf477cc8p-217,0x1.0e2aede033f03p-620,0x1.16b4fdf477cc9p-217,5.16890859403386197e-66
6,116,0x1.cbfdcf75e718fp-220,0x1.0e2aede033f03p-620,0x1.cbfdcf75e719p-220,1.06637693994254724e-66
6,117,0x1.7aa87a966fdfap-222,0x1.0e2aede033f03p-620,0x1.7aa87a966fdfbp-222,2.19456410892349194e-67
6,118,0x1.36f12e0bd5049p-224,0x1.0e2aede033f03p-620,0x1.36f12e0bd504ap-224,4.50526711988102512e-68
6,119,0x1.fd6e60432659ep-227,0x1.0e2aede033f03p-620,0x1.fd6e60432659fp-227,9.22649012925339567e-69
6,120,0x1.a04ea80ce43bcp-229,0x1.0e2aede033f03p-620,0x1.a04ea80ce43bdp-229,1.88497243499533086e-69
6,121,0x1.5364c10c2bb1bp-231,0x1.0e2aede033f03p-620,0x1.5364c10c2bb1cp-231,3.84179907177521699e-70
6,122,0x1.1408c24b3b2bap-233,0x1.0e2aede033f03p-620,0x1.1408c24b3b2bbp-233,7.81149144687930879e-71
6,123,0x1.bff3637a113dcp-236,0x1.0e2aede033f03p-620,0x1.bff3637a113ddp-236,1.58456957585518537e-71
6,124,0x1.6a9f2bb2925dfp-238,0x1.0e2aede033f03p-620,0x1.6a9f2bb2925ep-238,3.20682254910457262e-72
6,125,0x1.24de30e7db95bp-240,0x1.0e2aede033f03p-620,0x1.24de30e7db95cp-240,6.47489751084884156e-73
6,126,0x1.d7fa760977a65p-243,0x1.0e2aede033f03p-620,0x1.d7fa760977a66p-243,1.30434710477421559e-73
6,127,0x1.7b72bd38b28f6p-245,0x1.0e2aede033f03p-620,0x1.7b72bd38b28f7p-245,2.62158288905479291e-74
6,128,0x1.305e855db6227p-247,0x1.0e2aede033f03p-620,0x1.305e855db6228p-247,5.25716781706526253e-75
6,129,0x1.e7325d59fd73ep-250,0x1.0e2aede033f03p-620,0x1.e7325d59fd73fp-250,1.05187828490747927e-75
6,130,0x1.850e0c3a2beb1p-252,0x1.0e2aede033f03p-620,0x1.850e0c3a2beb2p-252,2.09996466854589430e-76
6,131,0x1.35ff3d05b8569p-254,0x1.0e2aede033f03p-620,0x1.35ff3d05b856ap-254,4.18310399752536110e-77
6,132,0x1.eced02beb95c9p-257,0x1.0e2aede033f03p-620,0x1.eced02beb95cap-257,8.31443455812084875e-78
6,133,0x1.870c4b3c162f9p-259,0x1.0e2aede033f03p-620,0x1.870c4b3c162fap-259,1.64900226547044732e-78
6,134,0x1.358e7d89acb41p-261,0x1.0e2aede033f03p-620,0x1.358e7d89acb42p-261,3.26340698403647331e-79
6,135,0x1.e90b635b009c3p-264,0x1.0e2aede033f03p-620,0x1.e90b635b009c4p-264,6.44450470218313785e-80
6,136,0x1.817adadfd41fep-266,0x1.0e2aede033f03p-620,0x1.817adadfd41ffp-266,1.26993919772905765e-80
6,137,0x1.2f3490fc7be4bp-268,0x1.0e2aede033f03p-620,0x1.2f3490fc7be4cp-268,2.49722709641956342e-81
6,138,0x1.dbfb4d7b5965cp-271,0x1.0e2aede033f03p-620,0x1.dbfb4d7b5965dp-271,4.90028592040312339e-82
6,139,0x1.74d3eb4362f8dp-273,0x1.0e2aede033f03p-620,0x1.74d3eb4362f8ep-273,9.59576307815464282e-83
6,140,0x1.236ce8b07bd52p-275,0x1.0e2aede033f03p-620,0x1.236ce8b07bd53p-275,1.87516145137079905e-83
6,141,0x1.c6a83071801dap-278,0x1.0e2aede033f03p-620,0x1.c6a83071801dbp-278,3.65683286764746192e-84
6,142,0x1.61ef68ca77759p-280,0x1.0e2aede033f03p-620,0x1.61ef68ca7775ap-280,7.11680385752934043e-85
6,143,0x1.12f7f69397998p-282,0x1.0e2aede033f03p-620,0x1.12f7f69397999p-282,1.38224290601374282e-85
6,144,0x1.aa618dd4616cap-285,0x1.0e2aede033f03p-620,0x1.aa618dd4616cbp-285,2.67922499381515508e-86
6,145,0x1.49ec91412f4f8p-287,0x1.0e2aede033f03p-620,0x1.49ec91412f4f9p-287,5.18281024378816669e-87
6,146,0x1.fd8fed6a7fa9fp-290,0x1.0e2aede033f03p-620,0x1.fd8fed6a7faap-290,1.00059541873727409e-87
6,147,0x1.88baabc2796aap-292,0x1.0e2aede033f03p-620,0x1.88baabc2796abp-292,1.92794426758819924e-88
6,148,0x1.2e173e5704a41p-294,0x1.0e2aede033f03p-620,0x1.2e173e5704a42p-294,3.70747986892700007e-89
6,149,0x1.cfd659e6806b9p-297,0x1.0e2aede033f03p-620,0x1.cfd659e6806bap-297,7.11568969970157594e-90
6,150,0x1.63679aaca7036p-299,0x1.0e2aede033f03p-620,0x1.63679aaca7037p-299,1.36305852298755807e-90
6,151,0x1.0fcc2303382cfp-301,0x1.0e2aede033f03p-620,0x1.0fcc2303382dp-301,2.60601344849926597e-91
6,152,0x1.9eec409da365bp-304,0x1.0e2aede033f03p-620,0x1.9eec409da365cp-304,4.97288844075653762e-92
6,153,0x1.3c1b77bfd4588p-306,0x1.0e2aede033f03p-620,0x1.3c1b77bfd4589p-306,9.47143714006042034e-93
6,154,0x1.e0bde64adc92fp-309,0x1.0e2aede033f03p-620,0x1.e0bde64adc93p-309,1.80054199636588100e-93
6,155,0x1.6ce014f01253fp-311,0x1.0e2aede033f03p-620,0x1.6ce014f01254p-311,3.41645631128890155e-94
6,156,0x1.146b2ab2c10fcp-313,0x1.0e2aede033f03p-620,0x1.146b2ab2c10fdp-313,6.47051259266053750e-95
6,157,0x1.a20995b5c74c7p-316,0x1.0e2aede033f03p-620,0x1.a20995b5c74c8p-316,1.22319750077562241e-95
6,158,0x1.3b863fc6c725dp-318,0x1.0e2aede033f03p-620,0x1.3b863fc6c725ep-318,2.30809870730736801e-96
6,159,0x1.db6dbe1a59411p-321,0x1.0e2aede033f03p-620,0x1.db6dbe1a59412p-321,4.34727191175203845e-97
6,160,0x1.6588a6fe4d483p-323,0x1.0e2aede033f03p-620,0x1.6588a6fe4d484p-323,8.17313246408975963e-98
6,161,0x1.0c63455ca375p-325,0x1.0e2aede033f03p-620,0x1.0c63455ca3751p-325,1.53381922615865251e-98
6,162,0x1.9236b188f84fcp-328,0x1.0e2aede033f03p-620,0x1.9236b188f84fdp-328,2.87328204072840895e-99
6,163,0x1.2cd87ea9a5033p-330,0x1.0e2aede033f03p-620,0x1.2cd87ea9a5034p-330,5.37285659483680468e-100
6,164,0x1.c13fff366e509p-333,0x1.0e2aede033f03p-620,0x1.c13fff366e50ap-333,1.00290443711170531e-100
6,165,0x1.4ed662e33a88ep-335,0x1.0e2aede033f03p-620,0x1.4ed662e33a88fp-335,1.86872548520659631e-101
6,166,0x1.f23f95996b2cdp-338,0x1.0e2aede033f03p-620,0x1.f23f95996b2cep-338,3.47590095223282443e-102
6,167,0x1.720e6fb93e6fep-340,0x1.0e2aede033f03p-620,0x1.720e6fb93e6ffp-340,6.45400681189832452e-103
6,168,0x1.125e550bc9d75p-342,0x1.0e2aede033f03p-620,0x1.125e550bc9d76p-342,1.19628799113652476e-103
6,169,0x1.962498dcf5b94p-345,0x1.0e2aede033f03p-620,0x1.962498dcf5b95p-345,2.21355571502517085e-104
6,170,0x1.2c1612c978ee4p-347,0x1.0e2aede033f03p-620,0x1.2c1612c978ee5p-347,4.08881629133540606e-105
6,171,0x1.bab09bc176c55p-350,0x1.0e2aede033f03p-620,0x1.bab09bc176c56p-350,7.53982286530737504e-106
6,172,0x1.45f9702a35e0bp-352,0x1.0e2aede033f03p-620,0x1.45f9702a35e0cp-352,1.38798576675288727e-106
6,173,0x1.df3fd2eec1874p-355,0x1.0e2aede033f03p-620,0x1.df3fd2eec1875p-355,2.55078040654809421e-107
6,174,0x1.5fb446336d569p-357,0x1.0e2aede033f03p-620,0x1.5fb446336d56ap-357,4.67981982155949607e-108
6,175,0x1.01abbf7a31258p-359,0x1.0e2aede033f03p-620,0x1.01abbf7a31259p-359,8.57150237129684836e-109
6,176,0x1.78ed9e0fa0b09p-362,0x1.0e2aede033f03p-620,0x1.78ed9e0fa0b0ap-362,1.56732920767535050e-109
6,177,0x1.133bba98a96dap-364,0x1.0e2aede033f03p-620,0x1.133bba98a96dbp-364,2.86116310081214699e-110
6,178,0x1.9149b54de74edp-367,0x1.0e2aede033f03p-620,0x1.9149b54de74eep-367,5.21444048853350935e-111
6,179,0x1.240e8faadff35p-369,0x1.0e2aede033f03p-620,0x1.240e8faadff36p-369,9.48765918522369961e-112
6,180,0x1.a86c3284dac9dp-372,0x1.0e2aede033f03p-620,0x1.a86c3284dac9ep-372,1.72345598340439486e-112
6,181,0x1.33e35905484d2p-374,0x1.0e2aede033f03p-620,0x1.33e35905484d3p-374,3.12560812830142042e-113
6,182,0x1.bdfa76f775ca2p-377,0x1.0e2aede033f03p-620,0x1.bdfa76f775ca3p-377,5.65933591761745643e-114
6,183,0x1.427b3ee8a5388p-379,0x1.0e2aede033f03p-620,0x1.427b3ee8a5389p-379,1.02304888694721132e-114
6,184,0x1.d19df7f163d88p-382,0x1.0e2aede033f03p-620,0x1.d19df7f163d89p-382,1.84642035673757056e-115
6,185,0x1.4f9b1d96467p-384,0x1.0e2aede033f03p-620,0x1.4f9b1d9646701p-384,3.32714181936250261e-116
6,186,0x1.e30689a824efbp-387,0x1.0e2aede033f03p-620,0x1.e30689a824efcp-387,5.98579453770461245e-117
6,187,0x1.5b0d194ca870bp-389,0x1.0e2aede033f03p-620,0x1.5b0d194ca870cp-389,1.07519003558560262e-117
6,188,0x1.f1ec8598680bcp-392,0x1.0e2aede033f03p-620,0x1.f1ec8598680bdp-392,1.92825612164214515e-118
6,189,0x1.64a210f026878p-394,0x1.0e2aede033f03p-620,0x1.64a210f026879p-394,3.45273586786773882e-119
6,190,0x1.fe12b7940896bp-397,0x1.0e2aede033f03p-620,0x1.fe12b7940896cp-397,6.17282817508277319e-120
6,191,0x1.6c32e16167b0ep-399,0x1.0e2aede033f03p-620,0x1.6c32e16167b0fp-399,1.10186964108296687e-120
6,192,0x1.03a3ff7ac2309p-401,0x1.0e2aede033f03p-620,0x1.03a3ff7ac230ap-401,1.96383233278523112e-121
6,193,0x1.71a16d6edef2p-404,0x1.0e2aede033f03p-620,0x1.71a16d6edef21p-404,3.49469819422837469e-122
6,194,0x1.06b44a493ea9fp-406,0x1.0e2aede033f03p-620,0x1.06b44a493eaap-406,6.20938957230231160e-123
6,195,0x1.74d960cd3c512p-409,0x1.0e2aede033f03p-620,0x1.74d960cd3c513p-409,1.10160258421305199e-123
6,196,0x1.082f74f1cbce1p-411,0x1.0e2aede033f03p-620,0x1.082f74f1cbce2p-411,1.95137435830663965e-124
6,197,0x1.75d0a770c1ddap-414,0x1.0e2aede033f03p-620,0x1.75d0a770c1ddbp-414,3.45142640925478558e-125
6,198,0x1.08120d1b1a219p-416,0x1.0e2aede033f03p-620,0x1.08120d1b1a21ap-416,6.09539348828122600e-126
6,199,0x1.748795d5db0e6p-419,0x1.0e2aede033f03p-620,0x1.748795d5db0e7p-419,1.07486190900063347e-126
6,200,0x1.065ff5af87ab9p-421,0x1.0e2aede033f03p-620,0x1.065ff5af87abap-421,1.89257914977801025e-127
6,201,0x1.7108c215a283dp-424,0x1.0e2aede033f03p-620,0x1.7108c215a283ep-424,3.32742674214960119e-128
6,202,0x1.032430060a28cp-426,0x1.0e2aede033f03p-620,0x1.032430060a28dp-426,5.84142240083972936e-129
6,203,0x1.6b6890de726c5p-429,0x1.0e2aede033f03p-620,0x1.6b6890de726c6p-429,1.02396928269809452e-129
6,204,0x1.fce0e241cc0cfp-432,0x1.0e2aede033f03p-620,0x1.fce0e241cc0dp-432,1.79232172780465943e-130
6,205,0x1.63c47c66f1f52p-434,0x1.0e2aede033f03p-620,0x1.63c47c66f1f53p-434,3.13262361035050211e-131
6,206,0x1.f0b9108d0ce13p-437,0x1.0e2aede033f03p-620,0x1.f0b9108d0ce14p-437,5.46721457945722173e-132
6,207,0x1.5a421e0e20924p-439,0x1.0e2aede033f03p-620,0x1.5a421e0e20925p-439,9.52778820201925732e-133
6,208,0x1.e20b3bcc35d26p-442,0x1.0e2aede033f03p-620,0x1.e20b3bcc35d27p-442,1.65801526899103873e-133
6,209,0x1.4f0e05769dae8p-444,0x1.0e2aede033f03p-620,0x1.4f0e05769dae9p-444,2.88109624308950436e-134
6,210,0x1.d11aa607a611ap-447,0x1.0e2aede033f03p-620,0x1.d11aa607a611bp-447,4.99921870956509310e-135
6,211,0x1.425a69717312fp-449,0x1.0e2aede033f03p-620,0x1.425a69717313p-449,8.66211467432583012e-136
6,212,0x1.be319487b018dp-452,0x1.0e2aede033f03p-620,0x1.be319487b018ep-452,1.49873690638258982e-136
6,213,0x1.345dbff11351fp-454,0x1.0e2aede033f03p-620,0x1.345dbff11352p-454,2.58945749357749309e-137
6,214,0x1.a99f482500e93p-457,0x1.0e2aede033f03p-620,0x1.a99f482500e94p-457,4.46762058105571731e-138
6,215,0x1.25514a7dcb62cp-459,0x1.0e2aede033f03p-620,0x1.25514a7dcb62dp-459,7.69715200533963637e-139
6,216,0x1.93b5eebac9118p-462,0x1.0e2aede033f03p-620,0x1.93b5eebac9119p-462,1.32425697806004286e-139
6,217,0x1.156fa448835fdp-464,0x1.0e2aede033f03p-620,0x1.156fa448835fep-464,2.27512371950246055e-140
6,218,0x1.7cc89fb7ab761p-467,0x1.0e2aede033f03p-620,0x1.7cc89fb7ab762p-467,3.90328618421481412e-141
6,219,0x1.04f35e0e63a32p-469,0x1.0e2aede033f03p-620,0x1.04f35e0e63a33p-469,6.68729462934921877e-142
6,220,0x1.65297425d2a89p-472,0x1.0e2aede033f03p-620,0x1.65297425d2a8ap-472,1.14410857494527534e-142
6,221,0x1.e82b653af1a4ap-475,0x1.0e2aede033f03p-620,0x1.e82b653af1a4bp-475,1.95471186072791151e-143
6,222,0x1.4d27c845fc3c1p-477,0x1.0e2aede033f03p-620,0x1.4d27c845fc3c2p-477,3.33502396883408961e-144
6,223,0x1.c61aba14859ccp-480,0x1.0e2aede033f03p-620,0x1.c61aba14859cdp-480,5.68221716505044057e-145
6,224,0x1.350eb22ca3a74p-482,0x1.0e2aede033f03p-620,0x1.350eb22ca3a75p-482,9.66810325694580341e-146
6,225,0x1.a41b2f4b3b1b3p-485,0x1.0e2aede033f03p-620,0x1.a41b2f4b3b1b4p-485,1.64274902729687393e-146
6,226,0x1.1d23b5de4d678p-487,0x1.0e2aede033f03p-620,0x1.1d23b5de4d679p-487,2.78746562689589541e-147
6,227,0x1.828a913fc3a9fp-490,0x1.0e2aede033f03p-620,0x1.828a913fc3aap-490,4.72343603470530216e-148
6,228,0x1.05a5bc5a9b6bp-492,0x1.0e2aede033f03p-620,0x1.05a5bc5a9b6b1p-492,7.99316172875294847e-149
6,229,0x1.61bcbe3d9c459p-495,0x1.0e2aede033f03p-620,0x1.61bcbe3d9c45ap-495,1.35080609150683693e-149
6,230,0x1.dd98a00a9cfcap-498,0x1.0e2aede033f03p-620,0x1.dd98a00a9cfcbp-498,2.27972808457565107e-150
6,231,0x1.41fac2f4ee667p-500,0x1.0e2aede033f03p-620,0x1.41fac2f4ee668p-500,3.84229295630128388e-151
6,232,0x1.b18e3c17b691cp-503,0x1.0e2aede033f03p-620,0x1.b18e3c17b691dp-503,6.46721084768126681e-152
6,233,0x1.238256e21fd9fp-505,0x1.0e2aede033f03p-620,0x1.238256e21fdap-505,1.08708723960357759e-152
6,234,0x1.877b73c5f5101p-508,0x1.0e2aede033f03p-620,0x1.877b73c5f5102p-508,1.82487993822077855e-153
6,235,0x1.0685b2f7f7a2ep-510,0x1.0e2aede033f03p-620,0x1.0685b2f7f7a2fp-510,3.05934450035298483e-154
6,236,0x1.5f9f3baf235e9p-513,0x1.0e2aede033f03p-620,0x1.5f9f3baf235eap-513,5.12210296451640342e-155
6,237,0x1.d657745c9c64ap-516,0x1.0e2aede033f03p-620,0x1.d657745c9c64bp-516,8.56437513849139072e-156
6,238,0x1.3a28c3ffdae0dp-518,0x1.0e2aede033f03p-620,0x1.3a28c3ffdae0ep-518,1.43011881170669863e-156
6,239,0x1.a320d3167b2e1p-521,0x1.0e2aede033f03p-620,0x1.a320d3167b2e2p-521,2.38494955586674018e-157
6,240,0x1.17384348c842cp-523,0x1.0e2aede033f03p-620,0x1.17384348c842dp-523,3.97208449048406070e-158
6,241,0x1.738b07b88dd0bp-526,0x1.0e2aede033f03p-620,0x1.738b07b88dd0cp-526,6.60680517172740733e-159
6,242,0x1.edc019e40853bp-529,0x1.0e2aede033f03p-620,0x1.edc019e40853cp-529,1.09748801068471692e-159
6,243,0x1.47a6d9367780ap-531,0x1.0e2aede033f03p-620,0x1.47a6d9367780bp-531,1.82072699582016471e-160
6,244,0x1.b24bc2da3a6bbp-534,0x1.0e2aede033f03p-620,0x1.b24bc2da3a6bcp-534,3.01667220269685756e-161
6,245,0x1.1f744ab6c8d15p-536,0x1.0e2aede033f03p-620,0x1.1f744ab6c8d16p-536,4.99173033364065753e-162
6,246,0x1.7c08ccf389b03p-539,0x1.0e2aede033f03p-620,0x1.7c08ccf389b04p-539,8.24926501238861419e-163
6,247,0x1.f5c9860e66de5p-542,0x1.0e2aede033f03p-620,0x1.f5c9860e66de6p-542,1.36151354144262677e-163
6,248,0x1.4ad96d70e4be2p-544,0x1.0e2aede033f03p-620,0x1.4ad96d70e4be3p-544,2.24425730756642567e-164
6,249,0x1.b3ba93cb933bep-547,0x1.0e2aede033f03p-620,0x1.b3ba93cb933bfp-547,3.69461075550900257e-165
6,250,0x1.1e8ff27672398p-549,0x1.0e2aede033f03p-620,0x1.1e8ff27672399p-549,6.07451291093226762e-166
6,251,0x1.78718d74dd647p-552,0x1.0e2aede033f03p-620,0x1.78718d74dd648p-552,9.97475656432229578e-167
6,252,0x1.ede3ce8b0fe5fp-555,0x1.0e2aede033f03p-620,0x1.ede3ce8b0fe6p-555,1.63584654122731700e-167
6,253,0x1.43945e6b9d165p-557,0x1.0e2aede033f03p-620,0x1.43945e6b9d166p-557,2.67937522718367314e-168
6,254,0x1.a7762ddd64d2dp-560,0x1.0e2aede033f03p-620,0x1.a7762ddd64d2ep-560,4.38305111356237238e-169
6,255,0x1.14bd2ed9c8406p-562,0x1.0e2aede033f03p-620,0x1.14bd2ed9c8407p-562,7.16098613318843063e-170
6,256,0x1.6940b6c5a03bap-565,0x1.0e2aede033f03p-620,0x1.6940b6c5a03bbp-565,1.16848648359410137e-170
6,257,0x1.d6fc610bb8e2dp-568,0x1.0e2aede033f03p-620,0x1.d6fc610bb8e2fp-568,1.90427805476414042e-171
6,258,0x1.32a456aeaf42ap-570,0x1.0e2aede033f03p-620,0x1.32a456aeaf42fp-570,3.09951734442580235e-172
6,259,0x1.8eca107cdf2e1p-573,0x1.0e2aede033f03p-620,0x1.8eca107cdf304p-573,5.03867134443907567e-173
6,260,0x1.02fdbba0af84bp-575,0x1.0e2aede033f03p-620,0x1.02fdbba0af8d3p-575,8.18083139871476973e-174
6,261,0x1.4ffb939c1e61p-578,0x1.0e2aede033f03p-620,0x1.4ffb939c1ea4ap-578,1.32659844530842838e-174
6,262,0x1.b35278a4d6779p-581,0x1.0e2aede033f03p-620,0x1.b35278a4d893fp-581,2.14853940254820324e-175
6,263,0x1.19ab0393cef92p-583,0x1.0e2aede033f03p-620,0x1.19ab0393d76a8p-583,3.47544250781432833e-176
6,264,0x1.6c0c3c1406485p-586,0x1.0e2aede033f03p-620,0x1.6c0c3c1449d32p-586,5.61488643297875772e-177
6,265,0x1.d5f134e063f4dp-589,0x1.0e2aede033f03p-620,0x1.d5f134e2804acp-589,9.06018460047434223e-178
6,266,0x1.2ef27653b9c95p-591,0x1.0e2aede033f03p-620,0x1.2ef2765c2b20dp-591,1.46015655804600115e-178
6,267,0x1.861c0ba2d106bp-594,0x1.0e2aede033f03p-620,0x1.861c0be65bc24p-594,2.35033192490415070e-179
6,268,0x1.f5bc489909e8ap-597,0x1.0e2aede033f03p-620,0x1.f5bc4ab55fc47p-597,3.77856995166390579e-180
6,269,0x1.4241d55abd46bp-599,0x1.0e2aede033f03p-620,0x1.4241ddcc14b5cp-599,6.06729879927315116e-181
6,270,0x1.9d751f6f81c0ep-602,0x1.0e2aede033f03p-620,0x1.9d7562fa3d39p-602,9.73048781857193067e-182
6,271,0x1.08e951579bd7fp-604,0x1.0e2aede033f03p-620,0x1.08ea5f8289b83p-604,1.55865520971249914e-182
6,272,0x1.530e77c32f83dp-607,0x1.0e2aede033f03p-620,0x1.5316e91a9e858p-607,2.49383089771989013e-183
6,273,0x1.b16c4c85c4079p-610,0x1.0e2aede033f03p-620,0x1.b1afd7413c14ap-610,3.98693322447380656e-184
6,274,0x1.14ac8518901cp-612,0x1.0e2aede033f03p-620,0x1.15bab006705p-612,6.38299210465549326e-185
6,275,0x1.60ad8bd625995p-615,0x1.0e2aede033f03p-620,0x1.691ee3452738ep-615,1.03744487889746781e-185
6,276,0x1.c033d1d03c02bp-618,0x1.0e2aede033f03p-620,0x1.01df46a4247f7p-617,1.85206910703745552e-186
6,277,0x1.19de00c82933ap-620,0x1.0e2aede033f03p-620,0x1.140477542e91fp-619,4.95597664848706536e-187
6,278,0x1.52c3ffd33419dp-623,0x1.0e2aede033f03p-620,0x1.38836dda9a738p-620,2.80563622225745897e-187
6,279,0x1.467ecddf96b39p-626,0x1.0e2aede033f03p-620,0x1.1344e917b24b1p-620,2.47127067019863582e-187
6,280,0x0p+0,0x1.0e2aede033f03p-620,0x1.0e2aede033f03p-620,2.42547127728702775e-187
7,0,0x1.50a0b3e9b2515p+1,0x1.471caf76336e1p-531,0x1.50a0b3e9b2516p+1,2.62990425978626785e+00
7,1,0x1.d5a306af06905p+0,0x1.471caf76336e1p-531,0x1.d5a306af06906p+0,1.83451883099638868e+00
7,2,0x1.392247499479ap+0,0x1.471caf76336e1p-531,0x1.392247499479bp+0,1.22317929788957858e+00
7,3,0x1.90ccf2bc242e1p-1,0x1.471caf76336e1p-531,0x1.90ccf2bc242e2p-1,7.82813630548926165e-01
7,4,0x1.ee19722ad36c1p-2,0x1.471caf76336e1p-531,0x1.ee19722ad36c2p-2,4.82518943656810362e-01
7,5,0x1.26304fe8c1692p-2,0x1.471caf76336e1p-531,0x1.26304fe8c1693p-2,2.87293671208638191e-01
7,6,0x1.534273c118981p-3,0x1.471caf76336e1p-531,0x1.534273c118982p-3,1.65654091196369591e-01
7,7,0x1.7bbc70a4fe383p-4,0x1.471caf76336e1p-531,0x1.7bbc70a4fe384p-4,9.27090072799626186e-02
7,8,0x1.9d600b73edf0bp-5,0x1.471caf76336e1p-531,0x1.9d600b73edf0cp-5,5.04608367622819409e-02
7,9,0x1.b66c9045f6c19p-6,0x1.471caf76336e1p-531,0x1.b66c9045f6c1ap-6,2.67592820090208697e-02
7,10,0x1.c5c26fedbc7e7p-7,0x1.471caf76336e1p-531,0x1.c5c26fedbc7e8p-7,1.38476416136405628e-02
7,11,0x1.caf27e16abd8fp-8,0x1.471caf76336e1p-531,0x1.caf27e16abd9p-8,7.00297907194115388e-03
7,12,0x1.c6393623fa732p-9,0x1.471caf76336e1p-531,0x1.c6393623fa733p-9,3.46545015235202305e-03
7,13,0x1.b869304071774p-10,0x1.471caf76336e1p-531,0x1.b869304071775p-10,1.68003422742077119e-03
7,14,0x1.a2c9b8a166645p-11,0x1.471caf76336e1p-531,0x1.a2c9b8a166646p-11,7.98774668669462824e-04
7,15,0x1.86ef2e2562e64p-12,0x1.471caf76336e1p-531,0x1.86ef2e2562e65p-12,3.72823999293037036e-04
7,16,0x1.66928acd3ceedp-13,0x1.471caf76336e1p-531,0x1.66928acd3ceeep-13,1.70980658743872594e-04
7,17,0x1.436c82d3b8cfbp-14,0x1.471caf76336e1p-531,0x1.436c82d3b8cfcp-14,7.71102598338575264e-05
7,18,0x1.1f174e4d7e5fdp-15,0x1.471caf76336e1p-531,0x1.1f174e4d7e5fep-15,3.42239187424812772e-05
7,19,0x1.f5f18110228cap-17,0x1.471caf76336e1p-531,0x1.f5f18110228cbp-17,1.49590782998653524e-05
7,20,0x1.b06a056bb2086p-18,0x1.471caf76336e1p-531,0x1.b06a056bb2087p-18,6.44347288032015908e-06
7,21,0x1.6f528446365a3p-19,0x1.471caf76336e1p-531,0x1.6f528446365a4p-19,2.73676463101160765e-06
7,22,0x1.33d9ea4d880eap-20,0x1.471caf76336e1p-531,0x1.33d9ea4d880ebp-20,1.14683520580782219e-06
7,23,0x1.fd600ee498819p-22,0x1.471caf76336e1p-531,0x1.fd600ee49881ap-22,4.74392648086337405e-07
7,24,0x1.a0304e94a2fa1p-23,0x1.471caf76336e1p-531,0x1.a0304e94a2fa2p-23,1.93802965360218824e-07
7,25,0x1.4ffd844a62fdbp-24,0x1.471caf76336e1p-531,0x1.4ffd844a62fdcp-24,7.82288377741231003e-08
7,26,0x1.0c1f574f49bc6p-25,0x1.471caf76336e1p-531,0x1.0c1f574f49bc7p-25,3.12135585107122775e-08
7,27,0x1.a72b4da946177p-27,0x1.471caf76336e1p-531,0x1.a72b4da946178p-27,1.23158433057327725e-08
7,28,0x1.4a596b548aa8dp-28,0x1.471caf76336e1p-531,0x1.4a596b548aa8ep-28,4.80721492174058321e-09
7,29,0x1.fe6aec65cc766p-30,0x1.471caf76336e1p-531,0x1.fe6aec65cc767p-30,1.85688866492234608e-09
7,30,0x1.865a248d33b0ep-31,0x1.471caf76336e1p-531,0x1.865a248d33b0fp-31,7.10046370354932969e-10
7,31,0x1.279ea28a22249p-32,0x1.471caf76336e1p-531,0x1.279ea28a2224ap-32,2.68864521474114241e-10
7,32,0x1.bb85d466e562p-34,0x1.471caf76336e1p-531,0x1.bb85d466e5621p-34,1.00845402868426941e-10
7,33,0x1.49a92780f3f0ap-35,0x1.471caf76336e1p-531,0x1.49a92780f3f0bp-35,3.74780892149106784e-11
7,34,0x1.e5b1f41c4600bp-37,0x1.471caf76336e1p-531,0x1.e5b1f41c4600cp-37,1.38042858873109290e-11
7,35,0x1.62b215c916a2fp-38,0x1.471caf76336e1p-531,0x1.62b215c916a3p-38,5.04052827807831867e-12
7,36,0x1.00d96d24b0b2ap-39,0x1.471caf76336e1p-531,0x1.00d96d24b0b2bp-39,1.82502419679704341e-12
7,37,0x1.70f1ce2371c5fp-41,0x1.471caf76336e1p-531,0x1.70f1ce2371c6p-41,6.55377177724146848e-13
7,38,0x1.06de5c4b23444p-42,0x1.471caf76336e1p-531,0x1.06de5c4b23445p-42,2.33474213995024825e-13
7,39,0x1.73ac652ee5d05p-44,0x1.471caf76336e1p-531,0x1.73ac652ee5d06p-44,8.25280774681173458e-14
7,40,0x1.04c4ccc2bfd49p-45,0x1.471caf76336e1p-531,0x1.04c4ccc2bfd4ap-45,2.89511469687624280e-14
7,41,0x1.6b36da2320351p-47,0x1.471caf76336e1p-531,0x1.6b36da2320352p-47,1.00812210249067471e-14
7,42,0x1.f6438c3a4f893p-49,0x1.471caf76336e1p-531,0x1.f6438c3a4f894p-49,3.48515562559365413e-15
7,43,0x1.58d4fb71a8c96p-50,0x1.471caf76336e1p-531,0x1.58d4fb71a8c97p-50,1.19637619856268717e-15
7,44,0x1.d63de715eca22p-52,0x1.471caf76336e1p-531,0x1.d63de715eca23p-52,4.07869751286686030e-16
7,45,0x1.3e7ac7742315p-53,0x1.471caf76336e1p-531,0x1.3e7ac77423151p-53,1.38118512252893523e-16
7,46,0x1.ac9007b77320bp-55,0x1.471caf76336e1p-531,0x1.ac9007b77320cp-55,4.64648521206264947e-17
7,47,0x1.1e7f92f8aff25p-56,0x1.471caf76336e1p-531,0x1.1e7f92f8aff26p-56,1.55311059345394491e-17
7,48,0x1.7ca64c223a02cp-58,0x1.471caf76336e1p-531,0x1.7ca64c223a02dp-58,5.15876403021357961e-18
7,49,0x1.f6a25692f3303p-60,0x1.471caf76336e1p-531,0x1.f6a25692f3304p-60,1.70299068600647208e-18
7,50,0x1.49dbbcdeb506bp-61,0x1.471caf76336e1p-531,0x1.49dbbcdeb506cp-61,5.58801781900295071e-19
7,51,0x1.ae64a0fc717a9p-63,0x1.471caf76336e1p-531,0x1.ae64a0fc717aap-63,1.82278560130515103e-19
7,52,0x1.17298a8f02a73p-64,0x1.471caf76336e1p-531,0x1.17298a8f02a74p-64,5.91149101831956471e-20
7,53,0x1.681711242ff36p-66,0x1.471caf76336e1p-531,0x1.681711242ff37p-66,1.90630114484215868e-20
7,54,0x1.cde5ed995b02dp-68,0x1.471caf76336e1p-531,0x1.cde5ed995b02ep-68,6.11317120345330741e-21
7,55,0x1.26a165d761587p-69,0x1.471caf76336e1p-531,0x1.26a165d761588p-69,1.94970083652794332e-21
7,56,0x1.75dc4838b633ep-71,0x1.471caf76336e1p-531,0x1.75dc4838b633fp-71,6.18500276770118124e-22
7,57,0x1.d7e7a9f169423p-73,0x1.471caf76336e1p-531,0x1.d7e7a9f169424p-73,1.95175307375355819e-22
7,58,0x1.284b6495dc6dbp-74,0x1.471caf76336e1p-531,0x1.284b6495dc6dcp-74,6.12722672379871614e-23
7,59,0x1.722ed4d21c96ep-76,0x1.471caf76336e1p-531,0x1.722ed4d21c96fp-76,1.91380091772771506e-23
7,60,0x1.cc31ba606f8cbp-78,0x1.471caf76336e1p-531,0x1.cc31ba606f8ccp-78,5.94787127684714513e-24
7,61,0x1.1ca55a9078594p-79,0x1.471caf76336e1p-531,0x1.1ca55a9078595p-79,1.83948110001464409e-24
7,62,0x1.5e6e85a359d3dp-81,0x1.471caf76336e1p-531,0x1.5e6e85a359d3ep-81,5.66152988892271526e-25
7,63,0x1.ad611d06acff6p-83,0x1.471caf76336e1p-531,0x1.ad611d06acff7p-83,1.73424938012609897e-25
7,64,0x1.05d4d1bab0efap-84,0x1.471caf76336e1p-531,0x1.05d4d1bab0efbp-84,5.28764150333404466e-26
7,65,0x1.3ddc651d37bd1p-86,0x1.471caf76336e1p-531,0x1.3ddc651d37bd2p-86,1.60478752904047031e-26
7,66,0x1.8023bdb881988p-88,0x1.471caf76336e1p-531,0x1.8023bdb881989p-88,4.84852357379107943e-27
7,67,0x1.ce2d2f58c4f0bp-90,0x1.471caf76336e1p-531,0x1.ce2d2f58c4f0cp-90,1.45837190033574743e-27
7,68,0x1.14d12bfcaef2ap-91,0x1.471caf76336e1p-531,0x1.14d12bfcaef2bp-91,4.36740340578381665e-28
7,69,0x1.4a2a8f8c03a0dp-93,0x1.471caf76336e1p-531,0x1.4a2a8f8c03a0ep-93,1.30227624549259657e-28
7,70,0x1.8820197ed0ab5p-95,0x1.471caf76336e1p-531,0x1.8820197ed0ab6p-95,3.86665486686451393e-29
7,71,0x1.cfc376e8d484dp-97,0x1.471caf76336e1p-531,0x1.cfc376e8d484ep-97,1.14326537681541384e-29
7,72,0x1.111d232664cf4p-98,0x1.471caf76336e1p-531,0x1.111d232664cf5p-98,3.36638770901872464e-30
7,73,0x1.405ea8caa5bc1p-100,0x1.471caf76336e1p-531,0x1.405ea8caa5bc2p-100,9.87215551911079164e-31
7,74,0x1.764bae67e40cbp-102,0x1.471caf76336e1p-531,0x1.764bae67e40ccp-102,2.88346864726291273e-31
7,75,0x1.b391c08795e8fp-104,0x1.471caf76336e1p-531,0x1.b391c08795e9p-104,8.38876042503356641e-32
7,76,0x1.f8e5862923a99p-106,0x1.471caf76336e1p-531,0x1.f8e5862923a9ap-106,2.43098859780092027e-32
7,77,0x1.2380b84659889p-107,0x1.471caf76336e1p-531,0x1.2380b8465988ap-107,7.01767492673309054e-33
7,78,0x1.4f52149f0431ep-109,0x1.471caf76336e1p-531,0x1.4f52149f0431fp-109,2.01813761501999048e-33
7,79,0x1.80475f0162d97p-111,0x1.471caf76336e1p-531,0x1.80475f0162d98p-111,5.78198465028058973e-34
7,80,0x1.b6c145d6d1e8ep-113,0x1.471caf76336e1p-531,0x1.b6c145d6d1e8fp-113,1.65041277080394970e-34
7,81,0x1.f31f752a123cfp-115,0x1.471caf76336e1p-531,0x1.f31f752a123dp-115,4.69372902089331965e-35
7,82,0x1.1adfa7bd9310fp-116,0x1.471caf76336e1p-531,0x1.1adfa7bd9311p-116,1.33006552564866110e-35
7,83,0x1.3f7d4611e0106p-118,0x1.471caf76336e1p-531,0x1.3f7d4611e0107p-118,3.75557926579149271e-36
7,84,0x1.6792df7ab86b6p-120,0x1.471caf76336e1p-531,0x1.6792df7ab86b7p-120,1.05669219882971444e-36
7,85,0x1.934766c47037bp-122,0x1.471caf76336e1p-531,0x1.934766c47037cp-122,2.96282551682159821e-37
7,86,0x1.c2bdabbd2d28dp-124,0x1.471caf76336e1p-531,0x1.c2bdabbd2d28ep-124,8.27880287070986558e-38
7,87,0x1.f6138bc2fb32cp-126,0x1.471caf76336e1p-531,0x1.f6138bc2fb32dp-126,2.30542154174106267e-38
7,88,0x1.16b09105bcdd4p-127,0x1.471caf76336e1p-531,0x1.16b09105bcdd5p-127,6.39840201380373413e-39
7,89,0x1.345bfd9932d19p-129,0x1.471caf76336e1p-531,0x1.345bfd9932d1ap-129,1.76989580204869239e-39
7,90,0x1.541127e7fd714p-131,0x1.471caf76336e1p-531,0x1.541127e7fd715p-131,4.87972235392904898e-40
7,91,0x1.75d124fce51e6p-133,0x1.471caf76336e1p-531,0x1.75d124fce51e7p-133,1.34100261605519124e-40
7,92,0x1.9998accf1c263p-135,0x1.471caf76336e1p-531,0x1.9998accf1c264p-135,3.67338744252745614e-41
7,93,0x1.bf5fcdd174bbep-137,0x1.471caf76336e1p-531,0x1.bf5fcdd174bbfp-137,1.00304772397423059e-41
7,94,0x1.e719abc7f224bp-139,0x1.471caf76336e1p-531,0x1.e719abc7f224cp-139,2.73029148288689841e-42
7,95,0x1.085a25d6f0dc9p-140,0x1.471caf76336e1p-531,0x1.085a25d6f0dcap-140,7.40872495328337841e-43
7,96,0x1.1e0c372845ae3p-142,0x1.471caf76336e1p-531,0x1.1e0c372845ae4p-142,2.00419113021287807e-43
7,97,0x1.3494bd88b6369p-144,0x1.471caf76336e1p-531,0x1.3494bd88b636ap-144,5.40517631657091261e-44
7,98,0x1.4be2be03c4c34p-146,0x1.471caf76336e1p-531,0x1.4be2be03c4c35p-146,1.45334668252868481e-44
7,99,0x1.63e2963959f27p-148,0x1.471caf76336e1p-531,0x1.63e2963959f28p-148,3.89610352143521662e-45
7,100,0x1.7c7e0d1378135p-150,0x1.471caf76336e1p-531,0x1.7c7e0d1378136p-150,1.04137382348632964e-45
7,101,0x1.959c6d2183b93p-152,0x1.471caf76336e1p-531,0x1.959c6d2183b94p-152,2.77530335817061278e-46
7,102,0x1.af22a896b8d3ap-154,0x1.471caf76336e1p-531,0x1.af22a896b8d3bp-154,7.37487003004085487e-47
7,103,0x1.c8f386bc1142p-156,0x1.471caf76336e1p-531,0x1.c8f386bc11421p-156,1.95411718573209381e-47
7,104,0x1.e2efda782f27cp-158,0x1.471caf76336e1p-531,0x1.e2efda782f27dp-158,5.16310710626714588e-48
7,105,0x1.fcf6c162d6b69p-160,0x1.471caf76336e1p-531,0x1.fcf6c162d6b6ap-160,1.36034071945987132e-48
7,106,0x1.0b72f5571b4ddp-161,0x1.471caf76336e1p-531,0x1.0b72f5571b4dep-161,3.57414199439468431e-49
7,107,0x1.184cf283d8439p-163,0x1.471caf76336e1p-531,0x1.184cf283d843ap-163,9.36471857970271003e-50
7,108,0x1.24f739367f8c2p-165,0x1.471caf76336e1p-531,0x1.24f739367f8c3p-165,2.44696384060768832e-50
7,109,0x1.315f70692e153p-167,0x1.471caf76336e1p-531,0x1.315f70692e154p-167,6.37648177598848156e-51
7,110,0x1.3d73332db97fdp-169,0x1.471caf76336e1p-531,0x1.3d73332db97fep-169,1.65716632098923272e-51
7,111,0x1.49203fea0d739p-171,0x1.471caf76336e1p-531,0x1.49203fea0d73ap-171,4.29529439372289978e-52
7,112,0x1.5454a803c8f28p-173,0x1.471caf76336e1p-531,0x1.5454a803c8f29p-173,1.11038068179262016e-52
7,113,0x1.5efeff46c56a4p-175,0x1.471caf76336e1p-531,0x1.5efeff46c56a5p-175,2.86294538344285327e-53
7,114,0x1.690e8a5206564p-177,0x1.471caf76336e1p-531,0x1.690e8a5206565p-177,7.36251730579961196e-54
7,115,0x1.72736b59ecb4bp-179,0x1.471caf76336e1p-531,0x1.72736b59ecb4cp-179,1.88851924301034477e-54
7,116,0x1.7b1ecc955792ep-181,0x1.471caf76336e1p-531,0x1.7b1ecc955792fp-181,4.83178798338970981e-55
7,117,0x1.830307b5705e3p-183,0x1.471caf76336e1p-531,0x1.830307b5705e4p-183,1.23309085208664781e-55
7,118,0x1.8a13c9d4ffb65p-185,0x1.471caf76336e1p-531,0x1.8a13c9d4ffb66p-185,3.13900678270628720e-56
7,119,0x1.9046335bfea82p-187,0x1.471caf76336e1p-531,0x1.9046335bfea83p-187,7.97092029998975313e-57
7,120,0x1.9590f366490a1p-189,0x1.471caf76336e1p-531,0x1.9590f366490a2p-189,2.01907579663752948e-57
7,121,0x1.99ec5e507464bp-191,0x1.471caf76336e1p-531,0x1.99ec5e507464cp-191,5.10191809306091809e-58
7,122,0x1.9d527f2365fb7p-193,0x1.471caf76336e1p-531,0x1.9d527f2365fb8p-193,1.28605534591943164e-58
7,123,0x1.9fbf23add6dd2p-195,0x1.471caf76336e1p-531,0x1.9fbf23add6dd3p-195,3.23399710130829534e-59
7,124,0x1.a12fe33207ac3p-197,0x1.471caf76336e1p-531,0x1.a12fe33207ac4p-197,8.11300453460999000e-60
7,125,0x1.a1a41fa4f8dd8p-199,0x1.471caf76336e1p-531,0x1.a1a41fa4f8dd9p-199,2.03045858972503226e-60
7,126,0x1.a11d019315357p-201,0x1.471caf76336e1p-531,0x1.a11d019315358p-201,5.06973138931499815e-61
7,127,0x1.9f9d6ed3e6c4fp-203,0x1.471caf76336e1p-531,0x1.9f9d6ed3e6c5p-203,1.26288004034369320e-61
7,128,0x1.9d29fc4ac0097p-205,0x1.471caf76336e1p-531,0x1.9d29fc4ac0098p-205,3.13858144666056584e-62
7,129,0x1.99c8db04db6d9p-207,0x1.471caf76336e1p-531,0x1.99c8db04db6dap-207,7.78227470833133881e-63
7,130,0x1.9581c116013d1p-209,0x1.471caf76336e1p-531,0x1.9581c116013d2p-209,1.92525889467919908e-63
7,131,0x1.905dcea3043c5p-211,0x1.471caf76336e1p-531,0x1.905dcea3043c6p-211,4.75213324975799759e-64
7,132,0x1.8a676f95240c4p-213,0x1.471caf76336e1p-531,0x1.8a676f95240c5p-213,1.17034073170666295e-64
7,133,0x1.83aa3a7a7f981p-215,0x1.471caf76336e1p-531,0x1.83aa3a7a7f982p-215,2.87585846958362637e-65
7,134,0x1.7c32cd1e26eeap-217,0x1.471caf76336e1p-531,0x1.7c32cd1e26eebp-217,7.05117200421273057e-66
7,135,0x1.740ea76608a57p-219,0x1.471caf76336e1p-531,0x1.740ea76608a58p-219,1.72504626211294447e-66
7,136,0x1.6b4c0505f8e35p-221,0x1.471caf76336e1p-531,0x1.6b4c0505f8e36p-221,4.21107277370582534e-67
7,137,0x1.61f9b69582942p-223,0x1.471caf76336e1p-531,0x1.61f9b69582943p-223,1.02575616220874056e-67
7,138,0x1.5826fa923efe5p-225,0x1.471caf76336e1p-531,0x1.5826fa923efe6p-225,2.49322594327338332e-68
7,139,0x1.4de356d247beap-227,0x1.471caf76336e1p-531,0x1.4de356d247bebp-227,6.04716594110277484e-69
7,140,0x1.433e72e238a19p-229,0x1.471caf76336e1p-531,0x1.433e72e238a1ap-229,1.46359669460733027e-69
7,141,0x1.3847f3c06574dp-231,0x1.471caf76336e1p-531,0x1.3847f3c06574ep-231,3.53489636232466558e-70
7,142,0x1.2d0f595bad46bp-233,0x1.471caf76336e1p-531,0x1.2d0f595bad46cp-233,8.51969486347012278e-71
7,143,0x1.21a3de2ffd1edp-235,0x1.471caf76336e1p-531,0x1.21a3de2ffd1eep-235,2.04913115313869836e-71
7,144,0x1.1614594d6d9ap-237,0x1.471caf76336e1p-531,0x1.1614594d6d9a1p-237,4.91835663777056990e-72
7,145,0x1.0a6f23093e621p-239,0x1.471caf76336e1p-531,0x1.0a6f23093e622p-239,1.17809666116321172e-72
7,146,0x1.fd83f914246cbp-242,0x1.471caf76336e1p-531,0x1.fd83f914246ccp-242,2.81616762040341104e-73
7,147,0x1.e633f4a5fb246p-244,0x1.471caf76336e1p-531,0x1.e633f4a5fb247p-244,6.71828902979784084e-74
7,148,0x1.cf06e3c6f3405p-246,0x1.471caf76336e1p-531,0x1.cf06e3c6f3406p-246,1.59951138684266541e-74
7,149,0x1.b813d4eab143bp-248,0x1.471caf76336e1p-531,0x1.b813d4eab143cp-248,3.80058318751033870e-75
7,150,0x1.a17021ab473bbp-250,0x1.471caf76336e1p-531,0x1.a17021ab473bcp-250,9.01266262010089298e-76
7,151,0x1.8b2f5c93fe375p-252,0x1.471caf76336e1p-531,0x1.8b2f5c93fe376p-252,2.13305270346304247e-76
7,152,0x1.756344d3f4506p-254,0x1.471caf76336e1p-531,0x1.756344d3f4507p-254,5.03849954583065397e-77
7,153,0x1.601bbf9533cccp-256,0x1.471caf76336e1p-531,0x1.601bbf9533ccdp-256,1.18783883734214644e-77
7,154,0x1.4b66d6a542159p-258,0x1.471caf76336e1p-531,0x1.4b66d6a54215ap-258,2.79496196346876006e-78
7,155,0x1.3750bc0f10874p-260,0x1.471caf76336e1p-531,0x1.3750bc0f10875p-260,6.56389649713763995e-79
7,156,0x1.23e3d23bbc831p-262,0x1.471caf76336e1p-531,0x1.23e3d23bbc832p-262,1.53858069222271148e-79
7,157,0x1.1128b827a124cp-264,0x1.471caf76336e1p-531,0x1.1128b827a124dp-264,3.59962110036053952e-80
7,158,0x1.fe4cb267a0633p-267,0x1.471caf76336e1p-531,0x1.fe4cb267a0634p-267,8.40574900697847213e-81
7,159,0x1.dbc40031f5a6bp-269,0x1.471caf76336e1p-531,0x1.dbc40031f5a6cp-269,1.95922477528421147e-81
7,160,0x1.babed8fffb8dp-271,0x1.471caf76336e1p-531,0x1.babed8fffb8d1p-271,4.55811590362096292e-82
7,161,0x1.9b41d58af1468p-273,0x1.471caf76336e1p-531,0x1.9b41d58af1469p-273,1.05848496956809634e-82
7,162,0x1.7d4edae1bf62p-275,0x1.471caf76336e1p-531,0x1.7d4edae1bf621p-275,2.45350628777733527e-83
7,163,0x1.60e54fd833d51p-277,0x1.471caf76336e1p-531,0x1.60e54fd833d52p-277,5.67672248139601146e-84
7,164,0x1.4602541d7e0cap-279,0x1.471caf76336e1p-531,0x1.4602541d7e0cbp-279,1.31105515338333278e-84
7,165,0x1.2ca0f82e5762bp-281,0x1.471caf76336e1p-531,0x1.2ca0f82e5762cp-281,3.02246873795912660e-85
7,166,0x1.14ba756759842p-283,0x1.471caf76336e1p-531,0x1.14ba756759843p-283,6.95544501238679804e-86
7,167,0x1.fc8ccb1adb78p-286,0x1.471caf76336e1p-531,0x1.fc8ccb1adb781p-286,1.59777238707421068e-86
7,168,0x1.d275f269231c7p-288,0x1.471caf76336e1p-531,0x1.d275f269231c8p-288,3.66383891546564908e-87
7,169,0x1.ab1a58fff9c11p-290,0x1.471caf76336e1p-531,0x1.ab1a58fff9c12p-290,8.38675262474875589e-88
7,170,0x1.8661f393499ebp-292,0x1.471caf76336e1p-531,0x1.8661f393499ecp-292,1.91642478311666424e-88
7,171,0x1.643313a39956dp-294,0x1.471caf76336e1p-531,0x1.643313a39956ep-294,4.37154182052308769e-89
7,172,0x1.4472c25318a5p-296,0x1.471caf76336e1p-531,0x1.4472c25318a51p-296,9.95466824798749074e-90
7,173,0x1.2705153940b29p-298,0x1.471caf76336e1p-531,0x1.2705153940b2ap-298,2.26293756685976459e-90
7,174,0x1.0bcd7cde9eaf6p-300,0x1.471caf76336e1p-531,0x1.0bcd7cde9eaf7p-300,5.13542351102157565e-91
7,175,0x1.e55e1951faddbp-303,0x1.471caf76336e1p-531,0x1.e55e1951faddcp-303,1.16343495365451744e-91
7,176,0x1.b71978386a2f2p-305,0x1.471caf76336e1p-531,0x1.b71978386a2f3p-305,2.63132377960236576e-92
7,177,0x1.8c9342da7ea61p-307,0x1.471caf76336e1p-531,0x1.8c9342da7ea62p-307,5.94123813950807238e-93
7,178,0x1.65924af75e71bp-309,0x1.471caf76336e1p-531,0x1.65924af75e71cp-309,1.33922706601283825e-93
7,179,0x1.41de62b295c12p-311,0x1.471caf76336e1p-531,0x1.41de62b295c13p-311,3.01377010340375779e-94
7,180,0x1.2140ab308e9fcp-313,0x1.471caf76336e1p-531,0x1.2140ab308e9fdp-313,6.77093557411156009e-95
7,181,0x1.0383d74d34981p-315,0x1.471caf76336e1p-531,0x1.0383d74d34982p-315,1.51870657234328824e-95
7,182,0x1.d0e8c6206ad33p-318,0x1.471caf76336e1p-531,0x1.d0e8c6206ad34p-318,3.40086679888846786e-96
7,183,0x1.9fc181277c91bp-320,0x1.471caf76336e1p-531,0x1.9fc181277c91cp-320,7.60325960396916424e-97
7,184,0x1.7332f63e89d82p-322,0x1.471caf76336e1p-531,0x1.7332f63e89d83p-322,1.69710342615850266e-97
7,185,0x1.4ae2a2807b141p-324,0x1.471caf76336e1p-531,0x1.4ae2a2807b142p-324,3.78197716810340624e-98
7,186,0x1.267a8d5e027bbp-326,0x1.471caf76336e1p-531,0x1.267a8d5e027bcp-326,8.41463658738433626e-99
7,187,0x1.05a95d9e044e2p-328,0x1.471caf76336e1p-531,0x1.05a95d9e044e3p-328,1.86922432585058837e-99
7,188,0x1.d044c25cd7745p-331,0x1.471caf76336e1p-531,0x1.d044c25cd7746p-331,4.14572769830405507e-100
7,189,0x1.9b3b12ab0eaadp-333,0x1.471caf76336e1p-531,0x1.9b3b12ab0eaaep-333,9.18030402884558901e-101
7,190,0x1.6baeb98bca8a7p-335,0x1.471caf76336e1p-531,0x1.6baeb98bca8a8p-335,2.02970963531850468e-101
7,191,0x1.4121c209cb297p-337,0x1.471caf76336e1p-531,0x1.4121c209cb298p-337,4.48058685259167334e-102
7,192,0x1.1b1ef8ff416a4p-339,0x1.471caf76336e1p-531,0x1.1b1ef8ff416a5p-339,9.87560175254374682e-103
7,193,0x1.f2734a4bfc2e5p-342,0x1.471caf76336e1p-531,0x1.f2734a4bfc2e6p-342,2.17331874087170698e-103
7,194,0x1.b61a6ace94f7ap-344,0x1.471caf76336e1p-531,0x1.b61a6ace94f7bp-344,4.77549004379667555e-104
7,195,0x1.8079cf24d7125p-346,0x1.471caf76336e1p-531,0x1.8079cf24d7126p-346,1.04773285651516945e-104
7,196,0x1.50e6d2db8f0ap-348,0x1.471caf76336e1p-531,0x1.50e6d2db8f0a1p-348,2.29522194677527428e-105
7,197,0x1.26c4ebc77e771p-350,0x1.471caf76336e1p-531,0x1.26c4ebc77e772p-350,5.02046204941365621e-106
7,198,0x1.0184dfb49ef2cp-352,0x1.471caf76336e1p-531,0x1.0184dfb49ef2dp-352,1.09650572386749179e-106
7,199,0x1.c147f05072b45p-355,0x1.471caf76336e1p-531,0x1.c147f05072b46p-355,2.39127562530617043e-107
7,200,0x1.87566d2cbf586p-357,0x1.471caf76336e1p-531,0x1.87566d2cbf587p-357,5.20718687205151043e-108
7,201,0x1.545d16272ecc8p-359,0x1.471caf76336e1p-531,0x1.545d16272ecc9p-359,1.13223017335086795e-108
7,202,0x1.27981e72b6ebcp-361,0x1.471caf76336e1p-531,0x1.27981e72b6ebdp-361,2.45825838810668421e-109
7,203,0x1.00568d4ffdd95p-363,0x1.471caf76336e1p-531,0x1.00568d4ffdd96p-363,5.32947904629930493e-110
7,204,0x1.bbf1992a82891p-366,0x1.471caf76336e1p-531,0x1.bbf1992a82892p-366,1.15374428132849026e-110
7,205,0x1.7fde8d09cf299p-368,0x1.471caf76336e1p-531,0x1.7fde8d09cf29ap-368,2.49404942583657838e-111
7,206,0x1.4b72289662236p-370,0x1.471caf76336e1p-531,0x1.4b72289662237p-370,5.38361918183446239e-112
7,207,0x1.1dc57c2bfdb78p-372,0x1.471caf76336e1p-531,0x1.1dc57c2bfdb79p-372,1.16043401257295933e-112
7,208,0x1.ec1435814bfd7p-375,0x1.471caf76336e1p-531,0x1.ec1435814bfd8p-375,2.49773546539638141e-113
7,209,0x1.a70fc6f5d03b5p-377,0x1.471caf76336e1p-531,0x1.a70fc6f5d03b6p-377,5.36852904815501255e-114
7,210,0x1.6b35e0b392b16p-379,0x1.471caf76336e1p-531,0x1.6b35e0b392b17p-379,1.15225877748380998e-114
7,211,0x1.3763531f84611p-381,0x1.471caf76336e1p-531,0x1.3763531f84612p-381,2.46963937537202128e-115
7,212,0x1.0a95f9a838d7dp-383,0x1.471caf76336e1p-531,0x1.0a95f9a838d7ep-383,5.28577623740081657e-116
7,213,0x1.c7d2de853af4bp-386,0x1.471caf76336e1p-531,0x1.c7d2de853af4cp-386,1.12974029169947002e-116
7,214,0x1.85280c676b643p-388,0x1.471caf76336e1p-531,0x1.85280c676b644p-388,2.41127052852414129e-117
7,215,0x1.4bc80078a9f2ap-390,0x1.471caf76336e1p-531,0x1.4bc80078a9f2bp-390,5.13941365640308486e-118
7,216,0x1.1a7a07ed38509p-392,0x1.471caf76336e1p-531,0x1.1a7a07ed3850ap-392,1.09391692046554534e-118
7,217,0x1.e05730169528ap-395,0x1.471caf76336e1p-531,0x1.e05730169528bp-395,2.32520379608736853e-119
7,218,0x1.97d8326d5269p-397,0x1.471caf76336e1p-531,0x1.97d8326d52691p-397,4.93567308924736586e-120
7,219,0x1.59d22f3027a85p-399,0x1.471caf76336e1p-531,0x1.59d22f3027a86p-399,1.04626854263551946e-120
7,220,0x1.24d5a4a567e0fp-401,0x1.471caf76336e1p-531,0x1.24d5a4a567e1p-401,2.21489977683927771e-121
7,221,0x1.ef44894e12e4cp-404,0x1.471caf76336e1p-531,0x1.ef44894e12e4dp-404,4.68254338030954717e-122
7,222,0x1.a242c7ca9227fp-406,0x1.471caf76336e1p-531,0x1.a242c7ca9228p-406,9.88619158258029005e-123
7,223,0x1.60c1fb6554a95p-408,0x1.471caf76336e1p-531,0x1.60c1fb6554a96p-408,2.08448300250507028e-123
7,224,0x1.291e7f966670cp-410,0x1.471caf76336e1p-531,0x1.291e7f966670dp-410,4.38927138273744867e-124
7,225,0x1.f3da48979de7ep-413,0x1.471caf76336e1p-531,0x1.f3da48979de7fp-413,9.23025803144320141e-125
7,226,0x1.a3e83e216da84p-415,0x1.471caf76336e1p-531,0x1.a3e83e216da85p-415,1.93849709046684860e-125
7,227,0x1.6049911111f3bp-417,0x1.471caf76336e1p-531,0x1.6049911111f3cp-417,4.06582719075542301e-126
7,228,0x1.272c24e9f1926p-419,0x1.471caf76336e1p-531,0x1.272c24e9f1927p-419,8.51662753443496649e-127
7,229,0x1.edfe8f967a199p-422,0x1.471caf76336e1p-531,0x1.edfe8f967a19ap-422,1.78165606788082218e-127
7,230,0x1.9cd62a4ca5be8p-424,0x1.471caf76336e1p-531,0x1.9cd62a4ca5be9p-424,3.72237435830406630e-128
7,231,0x1.5891c70b19b3cp-426,0x1.471caf76336e1p-531,0x1.5891c70b19b3dp-426,7.76709546717027615e-129
7,232,0x1.1f3941743044bp-428,0x1.471caf76336e1p-531,0x1.1f3941743044cp-428,1.61860953680815835e-129
7,233,0x1.de3c091fbb5dep-431,0x1.471caf76336e1p-531,0x1.de3c091fbb5dfp-431,3.36878131415157381e-130
7,234,0x1.8da1c91bd994dp-433,0x1.471caf76336e1p-531,0x1.8da1c91bd994ep-433,7.00250153016107196e-131
7,235,0x1.4a328cb49bcd6p-435,0x1.471caf76336e1p-531,0x1.4a328cb49bcd7p-435,1.45373634489529869e-131
7,236,0x1.11dadc3808655p-437,0x1.471caf76336e1p-531,0x1.11dadc3808656p-437,3.01420288841992199e-132
7,237,0x1.c5af4676c1dddp-440,0x1.471caf76336e1p-531,0x1.c5af4676c1ddep-440,6.24188907083060182e-133
7,238,0x1.77553ceb8f9c4p-442,0x1.471caf76336e1p-531,0x1.77553ceb8f9c5p-442,1.29097744888872861e-133
7,239,0x1.3620b5022fe17p-444,0x1.471caf76336e1p-531,0x1.3620b5022fe18p-444,2.66675184952246795e-134
7,240,0x1.ffde45d760e42p-447,0x1.471caf76336e1p-531,0x1.ffde45d760e43p-447,5.50186801336655259e-135
7,241,0x1.a5e6eb9c29d78p-449,0x1.471caf76336e1p-531,0x1.a5e6eb9c29d79p-449,1.13371423387815071e-135
7,242,0x1.5b529b41abb3dp-451,0x1.471caf76336e1p-531,0x1.5b529b41abb3ep-451,2.33327074384357329e-136
7,243,0x1.1d94027343754p-453,0x1.471caf76336e1p-531,0x1.1d94027343755p-453,4.79619678487010239e-137
7,244,0x1.d50cdc52ed38fp-456,0x1.471caf76336e1p-531,0x1.d50cdc52ed39p-456,9.84694181112718811e-138
7,245,0x1.80bb6b37ad4ddp-458,0x1.471caf76336e1p-531,0x1.80bb6b37ad4dep-458,2.01920516748025314e-138
7,246,0x1.3b30ff88534b4p-460,0x1.471caf76336e1p-531,0x1.3b30ff88534b5p-460,4.13557962780788166e-139
7,247,0x1.01e920f782b1cp-462,0x1.471caf76336e1p-531,0x1.01e920f782b1dp-462,8.46001882759297214e-140
7,248,0x1.a5935317fc3b7p-465,0x1.471caf76336e1p-531,0x1.a5935317fc3b8p-465,1.72857170981647557e-140
7,249,0x1.5823bccff052p-467,0x1.471caf76336e1p-531,0x1.5823bccff0521p-467,3.52765990469411175e-141
7,250,0x1.18983645f8b2cp-469,0x1.471caf76336e1p-531,0x1.18983645f8b2dp-469,7.19070286725897677e-142
7,251,0x1.c906c2ab441afp-472,0x1.471caf76336e1p-531,0x1.c906c2ab441bp-472,1.46400775253685283e-142
7,252,0x1.73c295c6661a4p-474,0x1.471caf76336e1p-531,0x1.73c295c6661a5p-474,2.97717842975719509e-143
7,253,0x1.2e0c3fb6ff945p-476,0x1.471caf76336e1p-531,0x1.2e0c3fb6ff946p-476,6.04724888838117880e-144
7,254,0x1.ea3e722f43a42p-479,0x1.471caf76336e1p-531,0x1.ea3e722f43a44p-479,1.22688635550873951e-144
7,255,0x1.8d6334bfa4f4dp-481,0x1.471caf76336e1p-531,0x1.8d6334bfa4f53p-481,2.48625888530046610e-145
7,256,0x1.41bf16109f852p-483,0x1.471caf76336e1p-531,0x1.41bf16109f867p-483,5.03252413521694857e-146
7,257,0x1.043408881387fp-485,0x1.471caf76336e1p-531,0x1.04340888138d2p-485,1.01747761427673354e-146
7,258,0x1.a4618d49ea6a4p-488,0x1.471caf76336e1p-531,0x1.a4618d49ea933p-488,2.05477982923742032e-147
7,259,0x1.53316b6cf3f8bp-490,0x1.471caf76336e1p-531,0x1.53316b6cf49c5p-490,4.14485267497836093e-148
7,260,0x1.115f8e05b703bp-492,0x1.471caf76336e1p-531,0x1.115f8e05b992p-492,8.35137915346368405e-149
7,261,0x1.b826d22cb72f8p-495,0x1.471caf76336e1p-531,0x1.b826d22ccba16p-495,1.68079408035652621e-149
7,262,0x1.61f03d5aba737p-497,0x1.471caf76336e1p-531,0x1.61f03d5b0c3abp-497,3.37893562258527394e-150
7,263,0x1.1c4aa985ac26fp-499,0x1.471caf76336e1p-531,0x1.1c4aa986f343bp-499,6.78510075954479779e-151
7,264,0x1.c82ffb44304e7p-502,0x1.471caf76336e1p-531,0x1.c82ffb4e6934p-502,1.36096051125835174e-151
7,265,0x1.6d99d21eb1af2p-504,0x1.471caf76336e1p-531,0x1.6d99d24795452p-504,2.72677582176516745e-152
7,266,0x1.24ad2530f7b27p-506,0x1.471caf76336e1p-531,0x1.24ad25d4860a4p-506,5.45720001401156837e-153
7,267,0x1.d41374c57096cp-509,0x1.471caf76336e1p-531,0x1.d41379e1e354bp-509,1.09095965055679872e-153
7,268,0x1.75e1f1fdc824bp-511,0x1.471caf76336e1p-531,0x1.75e2066f931c2p-511,2.17855167312236923e-154
7,269,0x1.2a50cd2e78916p-513,0x1.471caf76336e1p-531,0x1.2a511ef5a46fp-513,4.34560337280821245e-155
7,270,0x1.db8586f52b959p-516,0x1.471caf76336e1p-531,0x1.db88152e8a82p-516,8.65887817732826969e-156
7,271,0x1.7a94c260f6d61p-518,0x1.471caf76336e1p-531,0x1.7a9efb467287cp-518,1.72356237029935604e-156
7,272,0x1.2d1267213c95bp-520,0x1.471caf76336e1p-531,0x1.2d3b4ab72b5c3p-520,3.42817379390452949e-157
7,273,0x1.de524d0c17023p-523,0x1.471caf76336e1p-531,0x1.df9969bb8d35bp-523,6.82261422562591517e-158
7,274,0x1.7b78e5a0153d3p-525,0x1.471caf76336e1p-531,0x1.8095585dee0bp-525,1.36773771513847780e-158
7,275,0x1.2c754ffc37a0fp-527,0x1.471caf76336e1p-531,0x1.40e71af39ad7ep-527,2.85315762562709766e-159
7,276,0x1.d98134c0f98ebp-530,0x1.471caf76336e1p-531,0x1.3e87c63e09a2fp-529,7.08016163977884026e-160
7,277,0x1.6f15046b6d6d4p-532,0x1.471caf76336e1p-531,0x1.fea731abea24cp-531,2.83764662426380190e-160
7,278,0x1.0ba96d5b248c9p-534,0x1.471caf76336e1p-531,0x1.6891dd2197ffbp-531,2.00364908570857063e-160
7,279,0x1.2f15d11ca798p-537,0x1.471caf76336e1p-531,0x1.4bd906baa60c8p-531,1.84404377413478642e-160
7,280,0x0p+0,0x1.471caf76336e1p-531,0x1.471caf76336e1p-531,1.81772794096526067e-160
8,0,0x1.c83a998d927a7p+1,0x1.6840a0bad83f1p-445,0x1.c83a998d927a8p+1,3.56428832447723565e+00
8,1,0x1.5bc892a4ea7e8p+1,0x1.6840a0bad83f1p-445,0x1.5bc892a4ea7e9p+1,2.71705849697626833e+00
8,2,0x1.016aae3d47c5ap+1,0x1.6840a0bad83f1p-445,0x1.016aae3d47c5bp+1,2.01106813423352326e+00
8,3,0x1.72e76e4073fa9p+0,0x1.6840a0bad83f1p-445,0x1.72e76e4073faap+0,1.44884385179100628e+00
8,4,0x1.049dfef3d30ccp+0,0x1.6840a0bad83f1p-445,0x1.049dfef3d30cdp+0,1.01803582623238076e+00
8,5,0x1.65ceb972dc4dfp-1,0x1.6840a0bad83f1p-445,0x1.65ceb972dc4ep-1,6.98842807074608885e-01
8,6,0x1.e097ef02c83ddp-2,0x1.6840a0bad83f1p-445,0x1.e097ef02c83dep-2,4.69329580826579718e-01
8,7,0x1.3c21b7c4e3cf8p-2,0x1.6840a0bad83f1p-445,0x1.3c21b7c4e3cf9p-2,3.08722373382763815e-01
8,8,0x1.97c490e72c75bp-3,0x1.6840a0bad83f1p-445,0x1.97c490e72c75cp-3,1.99105388693676555e-01
8,9,0x1.021038b087929p-3,0x1.6840a0bad83f1p-445,0x1.021038b08792ap-3,1.26007502448325426e-01
8,10,0x1.40c5c2126df01p-4,0x1.6840a0bad83f1p-445,0x1.40c5c2126df02p-4,7.83135968148336581e-02
8,11,0x1.87d2d653e940fp-5,0x1.6840a0bad83f1p-445,0x1.87d2d653e941p-5,4.78300272073185484e-02
8,12,0x1.d6a0850f0817fp-6,0x1.6840a0bad83f1p-445,0x1.d6a0850f0818p-6,2.87247943307433751e-02
8,13,0x1.1615aced2bc8p-6,0x1.6840a0bad83f1p-445,0x1.1615aced2bc81p-6,1.69729412779671164e-02
8,14,0x1.43827628982f5p-7,0x1.6840a0bad83f1p-445,0x1.43827628982f6p-7,9.87272996388941990e-03
8,15,0x1.72ae876cb9a95p-8,0x1.6840a0bad83f1p-445,0x1.72ae876cb9a96p-8,5.65615469233784161e-03
8,16,0x1.a289284f7c93bp-9,0x1.6840a0bad83f1p-445,0x1.a289284f7c93cp-9,3.19317452498882152e-03
8,17,0x1.d1e46ac416038p-10,0x1.6840a0bad83f1p-445,0x1.d1e46ac416039p-10,1.77723790786467177e-03
8,18,0x1.ff82f81a01807p-11,0x1.6840a0bad83f1p-445,0x1.ff82f81a01808p-11,9.75630947551265650e-04
8,19,0x1.15139f8fe3c7dp-11,0x1.6840a0bad83f1p-445,0x1.15139f8fe3c7ep-11,5.28481776187819446e-04
8,20,0x1.285173f9a3f5bp-12,0x1.6840a0bad83f1p-445,0x1.285173f9a3f5cp-12,2.82591033831094398e-04
8,21,0x1.38f2b92503123p-13,0x1.6840a0bad83f1p-445,0x1.38f2b92503124p-13,1.49225300589591746e-04
8,22,0x1.46847eabd9ac6p-14,0x1.6840a0bad83f1p-445,0x1.46847eabd9ac7p-14,7.78478521944277793e-05
8,23,0x1.50ae343eaed4dp-15,0x1.6840a0bad83f1p-445,0x1.50ae343eaed4ep-15,4.01354413858920773e-05
8,24,0x1.57351d9d11ebbp-16,0x1.6840a0bad83f1p-445,0x1.57351d9d11ebcp-16,2.04567601154437409e-05
8,25,0x1.59fe0509cff62p-17,0x1.6840a0bad83f1p-445,0x1.59fe0509cff63p-17,1.03113730066659142e-05
8,26,0x1.590d2af73a08dp-18,0x1.6840a0bad83f1p-445,0x1.590d2af73a08ep-18,5.14166708074510297e-06
8,27,0x1.54849277b35b1p-19,0x1.6840a0bad83f1p-445,0x1.54849277b35b2p-19,2.53705576001044673e-06
8,28,0x1.4ca0e51aeaf8dp-20,0x1.6840a0bad83f1p-445,0x1.4ca0e51aeaf8ep-20,1.23913770864577889e-06
8,29,0x1.41b53c86c85d6p-21,0x1.6840a0bad83f1p-445,0x1.41b53c86c85d7p-21,5.99227761497753224e-07
8,30,0x1.34262b7b68e8dp-22,0x1.6840a0bad83f1p-445,0x1.34262b7b68e8ep-22,2.86986214093609881e-07
8,31,0x1.2464631eaae9ep-23,0x1.6840a0bad83f1p-445,0x1.2464631eaae9fp-23,1.36155699122720633e-07
8,32,0x1.12e74d38ab949p-24,0x1.6840a0bad83f1p-445,0x1.12e74d38ab94ap-24,6.40059639826806108e-08
8,33,0x1.0027e9d77ef7ep-25,0x1.6840a0bad83f1p-445,0x1.0027e9d77ef7fp-25,2.98204729208271424e-08
8,34,0x1.d93860a2ccdd5p-27,0x1.6840a0bad83f1p-445,0x1.d93860a2ccdd6p-27,1.37725211839250185e-08
8,35,0x1.b1664543b8b0fp-28,0x1.6840a0bad83f1p-445,0x1.b1664543b8b1p-28,6.30679270242338435e-09
8,36,0x1.89a360c3948ffp-29,0x1.6840a0bad83f1p-445,0x1.89a360c3949p-29,2.86409482397172275e-09
8,37,0x1.62a0eb3c18077p-30,0x1.6840a0bad83f1p-445,0x1.62a0eb3c18078p-30,1.29013129261621773e-09
8,38,0x1.3cf4a57a57327p-31,0x1.6840a0bad83f1p-445,0x1.3cf4a57a57328p-31,5.76538968729917852e-10
8,39,0x1.19179c95b4ce2p-32,0x1.6840a0bad83f1p-445,0x1.19179c95b4ce3p-32,2.55651896663296487e-10
8,40,0x1.eecca12a012efp-34,0x1.6840a0bad83f1p-445,0x1.eecca12a012fp-34,1.12504343216803527e-10
8,41,0x1.b04402e626e47p-35,0x1.6840a0bad83f1p-445,0x1.b04402e626e48p-35,4.91429169910249820e-11
8,42,0x1.76e5bff99a79ep-36,0x1.6840a0bad83f1p-445,0x1.76e5bff99a79fp-36,2.13104533802512780e-11
8,43,0x1.42d5befbf2235p-37,0x1.6840a0bad83f1p-445,0x1.42d5befbf2236p-37,9.17552101319259074e-12
8,44,0x1.1411d1f30e174p-38,0x1.6840a0bad83f1p-445,0x1.1411d1f30e175p-38,3.92318511649312391e-12
8,45,0x1.d4f0de5d67bc9p-40,0x1.6840a0bad83f1p-445,0x1.d4f0de5d67bcap-40,1.66601272517594960e-12
8,46,0x1.8b9ebb90c8111p-41,0x1.6840a0bad83f1p-445,0x1.8b9ebb90c8112p-41,7.02762380774411424e-13
8,47,0x1.4b9415b7bfc05p-42,0x1.6840a0bad83f1p-445,0x1.4b9415b7bfc06p-42,2.94500829400293472e-13
8,48,0x1.141ea13d7d397p-43,0x1.6840a0bad83f1p-445,0x1.141ea13d7d398p-43,1.22621756228937127e-13
8,49,0x1.c8fa2da08e57bp-45,0x1.6840a0bad83f1p-445,0x1.c8fa2da08e57cp-45,5.07346674355916001e-14
8,50,0x1.77cfa61820af5p-46,0x1.6840a0bad83f1p-445,0x1.77cfa61820af6p-46,2.08617083689636125e-14
8,51,0x1.332fc3563e8eap-47,0x1.6840a0bad83f1p-445,0x1.332fc3563e8ebp-47,8.52614019260044852e-15
8,52,0x1.f33201b160335p-49,0x1.6840a0bad83f1p-445,0x1.f33201b160336p-49,3.46386349000533705e-15
8,53,0x1.933cd8f947991p-50,0x1.6840a0bad83f1p-445,0x1.933cd8f947992p-50,1.39901175976128823e-15
8,54,0x1.43da98949a0a1p-51,0x1.6840a0bad83f1p-445,0x1.43da98949a0a2p-51,5.61796946972077061e-16
8,55,0x1.02a12dba57751p-52,0x1.6840a0bad83f1p-445,0x1.02a12dba57752p-52,2.24325422822717449e-16
8,56,0x1.9aca778bdca9fp-54,0x1.6840a0bad83f1p-445,0x1.9aca778bdcaap-54,8.90760743448018885e-17
8,57,0x1.44752159fa189p-55,0x1.6840a0bad83f1p-445,0x1.44752159fa18ap-55,3.51777569913274839e-17
8,58,0x1.fdc99e8f76bafp-57,0x1.6840a0bad83f1p-445,0x1.fdc99e8f76bbp-57,1.38178199267244547e-17
8,59,0x1.8e6058e9a3791p-58,0x1.6840a0bad83f1p-445,0x1.8e6058e9a3792p-58,5.39900639250411792e-18
8,60,0x1.35b2aa412c01bp-59,0x1.6840a0bad83f1p-445,0x1.35b2aa412c01cp-59,2.09859467029247071e-18
8,61,0x1.df0f53a3ebc26p-61,0x1.6840a0bad83f1p-445,0x1.df0f53a3ebc27p-61,8.11558987194624559e-19
8,62,0x1.70a8677183cfcp-62,0x1.6840a0bad83f1p-445,0x1.70a8677183cfdp-62,3.12265326936053841e-19
8,63,0x1.1a4b976c8ac43p-63,0x1.6840a0bad83f1p-445,0x1.1a4b976c8ac44p-63,1.19556701209354905e-19
8,64,0x1.ae3916d5ea797p-65,0x1.6840a0bad83f1p-445,0x1.ae3916d5ea798p-65,4.55516324552925780e-20
8,65,0x1.4642f80e8e0e7p-66,0x1.6840a0bad83f1p-445,0x1.4642f80e8e0e8p-66,1.72721451591452910e-20
8,66,0x1.ec81b7d9f9685p-68,0x1.6840a0bad83f1p-445,0x1.ec81b7d9f9686p-68,6.51827205421319373e-21
8,67,0x1.720042fb63606p-69,0x1.6840a0bad83f1p-445,0x1.720042fb63607p-69,2.44846137660904689e-21
8,68,0x1.14b1673b42493p-70,0x1.6840a0bad83f1p-445,0x1.14b1673b42494p-70,9.15500279497985068e-22
8,69,0x1.9bf63504ae4c4p-72,0x1.6840a0bad83f1p-445,0x1.9bf63504ae4c5p-72,3.40766769814000995e-22
8,70,0x1.3150860fc3832p-73,0x1.6840a0bad83f1p-445,0x1.3150860fc3833p-73,1.26275136432544241e-22
8,71,0x1.c290a938d9961p-75,0x1.6840a0bad83f1p-445,0x1.c290a938d9962p-75,4.65873375782787549e-23
8,72,0x1.4b050d2f1ecb3p-76,0x1.6840a0bad83f1p-445,0x1.4b050d2f1ecb4p-76,1.71133190645418112e-23
8,73,0x1.e44f28a04b64bp-78,0x1.6840a0bad83f1p-445,0x1.e44f28a04b64cp-78,6.25954987526451710e-24
8,74,0x1.60cd04130a2acp-79,0x1.6840a0bad83f1p-445,0x1.60cd04130a2adp-79,2.27992201382336030e-24
8,75,0x1.ffdea4595f4a1p-81,0x1.6840a0bad83f1p-445,0x1.ffdea4595f4a2p-81,8.26970093905179015e-25
8,76,0x1.71cee0365c953p-82,0x1.6840a0bad83f1p-445,0x1.71cee0365c954p-82,2.98728611219679377e-25
8,77,0x1.0a17f228a491ap-83,0x1.6840a0bad83f1p-445,0x1.0a17f228a491bp-83,1.07474324424090115e-25
8,78,0x1.7d67a50365b21p-85,0x1.6840a0bad83f1p-445,0x1.7d67a50365b22p-85,3.85120492056362950e-26
8,79,0x1.10444cc701702p-86,0x1.6840a0bad83f1p-445,0x1.10444cc701703p-86,1.37459604206071885e-26
8,80,0x1.8334a71100c2fp-88,0x1.6840a0bad83f1p-445,0x1.8334a71100c3p-88,4.88722269889216168e-27
8,81,0x1.1246d2502d0b1p-89,0x1.6840a0bad83f1p-445,0x1.1246d2502d0b2p-89,1.73092898989788570e-27
8,82,0x1.831832d081f3cp-91,0x1.6840a0bad83f1p-445,0x1.831832d081f3dp-91,6.10727475374970287e-28
8,83,0x1.1022f33c6eae5p-92,0x1.6840a0bad83f1p-445,0x1.1022f33c6eae6p-92,2.14677864656708274e-28
8,84,0x1.7d38e7c810bf7p-94,0x1.6840a0bad83f1p-445,0x1.7d38e7c810bf8p-94,7.51828395451526851e-29
8,85,0x1.0a0adf8f597f7p-95,0x1.6840a0bad83f1p-445,0x1.0a0adf8f597f8p-95,2.62338133341281509e-29
8,86,0x1.71fc25f1ce475p-97,0x1.6840a0bad83f1p-445,0x1.71fc25f1ce476p-97,9.12083330378384077e-30
8,87,0x1.005a0bce70886p-98,0x1.6840a0bad83f1p-445,0x1.005a0bce70887p-98,3.15977918379682737e-30
8,88,0x1.61fc614c629e8p-100,0x1.6840a0bad83f1p-445,0x1.61fc614c629e9p-100,1.09080314720015325e-30
8,89,0x1.e71a652c19d3cp-102,0x1.6840a0bad83f1p-445,0x1.e71a652c19d3dp-102,3.75250583344932083e-31
8,90,0x1.4dfc836811532p-103,0x1.6840a0bad83f1p-445,0x1.4dfc836811533p-103,1.28646874092067589e-31
8,91,0x1.c8716d7f1331ap-105,0x1.6840a0bad83f1p-445,0x1.c8716d7f1331bp-105,4.39538694982346081e-32
8,92,0x1.36d9ad47c5438p-106,0x1.6840a0bad83f1p-445,0x1.36d9ad47c5439p-106,1.49668975391597224e-32
8,93,0x1.a5fcb287624f5p-108,0x1.6840a0bad83f1p-445,0x1.a5fcb287624f6p-108,5.07948493979510856e-33
8,94,0x1.1d7cad21ca39dp-109,0x1.6840a0bad83f1p-445,0x1.1d7cad21ca39ep-109,1.71821248237230505e-33
8,95,0x1.810652eb6b2a1p-111,0x1.6840a0bad83f1p-445,0x1.810652eb6b2a2p-111,5.79320784656490475e-34
8,96,0x1.02cc58b9a81dbp-112,0x1.6840a0bad83f1p-445,0x1.02cc58b9a81dcp-112,1.94698147842287750e-34
8,97,0x1.5acce651e1f16p-114,0x1.6840a0bad83f1p-445,0x1.5acce651e1f17p-114,6.52259037768158979e-35
8,98,0x1.cf437ece657abp-116,0x1.6840a0bad83f1p-445,0x1.cf437ece657acp-116,2.17825523127263947e-35
8,99,0x1.3474785ccbbf9p-117,0x1.6840a0bad83f1p-445,0x1.3474785ccbbfap-117,7.25174129654318405e-36
8,100,0x1.997db3240d821p-119,0x1.6840a0bad83f1p-445,0x1.997db3240d822p-119,2.40677187259189417e-36
8,101,0x1.0efb52d9c6685p-120,0x1.6840a0bad83f1p-445,0x1.0efb52d9c6686p-120,7.96343740650148343e-37
8,102,0x1.6590137167018p-122,0x1.6840a0bad83f1p-445,0x1.6590137167019p-122,2.62695654723255549e-37
8,103,0x1.d665ace8c48edp-124,0x1.6840a0bad83f1p-445,0x1.d665ace8c48eep-124,8.63983149296297552e-38
8,104,0x1.3480edb430f7ep-125,0x1.6840a0bad83f1p-445,0x1.3480edb430f7fp-125,2.83315836588113668e-38
8,105,0x1.93787abd20386p-127,0x1.6840a0bad83f1p-445,0x1.93787abd20387p-127,9.26323120853712194e-39
8,106,0x1.0712113b41ea6p-128,0x1.6840a0bad83f1p-445,0x1.0712113b41ea7p-128,3.01990210241426439e-39
8,107,0x1.5611aa7f11fe7p-130,0x1.6840a0bad83f1p-445,0x1.5611aa7f11fe8p-130,9.81689907914026064e-40
8,108,0x1.bb867d21296b5p-132,0x1.6840a0bad83f1p-445,0x1.bb867d21296b6p-132,3.18213830346407119e-40
8,109,0x1.1eba12cd4f6c7p-133,0x1.6840a0bad83f1p-445,0x1.1eba12cd4f6c8p-133,1.02858212797136408e-40
8,110,0x1.71b017929549ep-135,0x1.6840a0bad83f1p-445,0x1.71b017929549fp-135,3.31547539239669893e-41
8,111,0x1.db55eff308c27p-137,0x1.6840a0bad83f1p-445,0x1.db55eff308c28p-137,1.06573948169649869e-41
8,112,0x1.30c04c19c2f5bp-138,0x1.6840a0bad83f1p-445,0x1.30c04c19c2f5cp-138,3.41637867356510259e-42
8,113,0x1.85b5a7bcbc0cap-140,0x1.6840a0bad83f1p-445,0x1.85b5a7bcbc0cbp-140,1.09219890200941577e-42
8,114,0x1.f1038bb191315p-142,0x1.6840a0bad83f1p-445,0x1.f1038bb191316p-142,3.48232372590635850e-43
8,115,0x1.3c169315a925bp-143,0x1.6840a0bad83f1p-445,0x1.3c169315a925cp-143,1.10733470948476988e-43
8,116,0x1.90fcd01c2d66p-145,0x1.6840a0bad83f1p-445,0x1.90fcd01c2d661p-145,3.51189524212315810e-44
8,117,0x1.fb5c4de1f2bd7p-147,0x1.6840a0bad83f1p-445,0x1.fb5c4de1f2bd8p-147,1.11088059116161714e-44
8,118,0x1.4024f4bbfbabdp-148,0x1.6840a0bad83f1p-445,0x1.4024f4bbfbabep-148,3.50482655561157528e-45
8,119,0x1.92fc04c32824dp-150,0x1.6840a0bad83f1p-445,0x1.92fc04c32824ep-150,1.10293259309204001e-45
8,120,0x1.f9f807d7b78bbp-152,0x1.6840a0bad83f1p-445,0x1.f9f807d7b78bcp-152,3.46197949249850387e-46
8,121,0x1.3cd58c5a6e071p-153,0x1.6840a0bad83f1p-445,0x1.3cd58c5a6e072p-153,1.08393369113540468e-46
8,122,0x1.8bce5784cf9e9p-155,0x1.6840a0bad83f1p-445,0x1.8bce5784cf9eap-155,3.38526838442044578e-47
8,123,0x1.ed3c43cba19b3p-157,0x1.6840a0bad83f1p-445,0x1.ed3c43cba19b4p-157,1.05464175697276802e-47
8,124,0x1.329163807a9a9p-158,0x1.6840a0bad83f1p-445,0x1.329163807a9aap-158,3.27753571969920088e-48
8,125,0x1.7c297d6dc21bdp-160,0x1.6840a0bad83f1p-445,0x1.7c297d6dc21bep-160,1.01608376518774676e-48
8,126,0x1.d64874adf8ef3p-162,0x1.6840a0bad83f1p-445,0x1.d64874adf8ef4p-162,3.14238971844796777e-49
8,127,0x1.222fb5241ed78p-163,0x1.6840a0bad83f1p-445,0x1.222fb5241ed79p-163,9.69499820409666974e-50
8,128,0x1.6543d25be3375p-165,0x1.6840a0bad83f1p-445,0x1.6543d25be3376p-165,2.98401591638290932e-50
8,129,0x1.b6cfb8c0f5cep-167,0x1.6840a0bad83f1p-445,0x1.b6cfb8c0f5ce1p-167,9.16280983359883188e-51
8,130,0x1.0cdad7386bf6cp-168,0x1.6840a0bad83f1p-445,0x1.0cdad7386bf6dp-168,2.80697556980283643e-51
8,131,0x1.48af12506ba57p-170,0x1.6840a0bad83f1p-445,0x1.48af12506ba58p-170,8.57904938544683857e-52
8,132,0x1.90e6bf1bc5e06p-172,0x1.6840a0bad83f1p-445,0x1.90e6bf1bc5e07p-172,2.61600339376903693e-52
8,133,0x1.e7de713a97c31p-174,0x1.6840a0bad83f1p-445,0x1.e7de713a97c32p-174,7.95873303096061900e-53
8,134,0x1.282d9ccb13b23p-175,0x1.6840a0bad83f1p-445,0x1.282d9ccb13b24p-175,2.41581595041767862e-53
8,135,0x1.66cd511600341p-177,0x1.6840a0bad83f1p-445,0x1.66cd511600342p-177,7.31653879561481777e-54
8,136,0x1.b1b25e42eb88fp-179,0x1.6840a0bad83f1p-445,0x1.b1b25e42eb89p-179,2.21094011394455365e-54
8,137,0x1.05881df5997ffp-180,0x1.6840a0bad83f1p-445,0x1.05881df5998p-180,6.66630475448617434e-55
8,138,0x1.3aba9d9fe91fap-182,0x1.6840a0bad83f1p-445,0x1.3aba9d9fe91fbp-182,2.00556869032113478e-55
8,139,0x1.79eba75472747p-184,0x1.6840a0bad83f1p-445,0x1.79eba75472748p-184,6.02062126651085198e-56
8,140,0x1.c4d12641dcb2bp-186,0x1.6840a0bad83f1p-445,0x1.c4d12641dcb2cp-186,1.80344771001938069e-56
8,141,0x1.0eb1f30951ef5p-187,0x1.6840a0bad83f1p-445,0x1.0eb1f30951ef6p-187,5.39052746997149148e-57
8,142,0x1.42f42f39c684ep-189,0x1.6840a0bad83f1p-445,0x1.42f42f39c684fp-189,1.60779737220396073e-57
8,143,0x1.807c35d4f4ccfp-191,0x1.6840a0bad83f1p-445,0x1.807c35d4f4cdp-191,4.78531450272932405e-58
8,144,0x1.c8c7021dfed3dp-193,0x1.6840a0bad83f1p-445,0x1.c8c7021dfed3ep-193,1.42126629488717761e-58
8,145,0x1.0ec3bedb8b448p-194,0x1.6840a0bad83f1p-445,0x1.0ec3bedb8b449p-194,4.21243108863327387e-59
8,146,0x1.405677f61f6b2p-196,0x1.6840a0bad83f1p-445,0x1.405677f61f6b3p-196,1.24591676508005213e-59
8,147,0x1.7a3501245a66fp-198,0x1.6840a0bad83f1p-445,0x1.7a3501245a67p-198,3.67748162828603218e-60
8,148,0x1.bd9e30952a7b9p-200,0x1.6840a0bad83f1p-445,0x1.bd9e30952a7bap-200,1.08323717933252205e-60
8,149,0x1.05fd3f93ce8a1p-201,0x1.6840a0bad83f1p-445,0x1.05fd3f93ce8a2p-201,3.18430295678046656e-61
8,150,0x1.33703e9cb307cp-203,0x1.6840a0bad83f1p-445,0x1.33703e9cb307dp-203,9.34176857842994112e-62
8,151,0x1.680cce7d2defp-205,0x1.6840a0bad83f1p-445,0x1.680cce7d2def1p-205,2.73510352926311992e-62
8,152,0x1.a4d3a9cc92befp-207,0x1.6840a0bad83f1p-445,0x1.a4d3a9cc92bfp-207,7.99197896107527656e-63
8,153,0x1.eae448eb951dcp-209,0x1.6840a0bad83f1p-445,0x1.eae448eb951ddp-209,2.33064787546156473e-63
8,154,0x1.1dbfe4eb47adp-210,0x1.6840a0bad83f1p-445,0x1.1dbfe4eb47ad1p-210,6.78338639892596811e-64
8,155,0x1.4c0601695271ap-212,0x1.6840a0bad83f1p-445,0x1.4c0601695271bp-212,1.97046953028895370e-64
8,156,0x1.810b5f5b09a37p-214,0x1.6840a0bad83f1p-445,0x1.810b5f5b09a38p-214,5.71283657961216009e-65
8,157,0x1.bdac9074c33fp-216,0x1.6840a0bad83f1p-445,0x1.bdac9074c33f1p-216,1.65309703586415074e-65
8,158,0x1.016ecba36b2b6p-217,0x1.6840a0bad83f1p-445,0x1.016ecba36b2b7p-217,4.77435652883464873e-66
8,159,0x1.28d5de5b78a25p-219,0x1.6840a0bad83f1p-445,0x1.28d5de5b78a26p-219,1.37627972626407851e-66
8,160,0x1.559fba25d69b2p-221,0x1.6840a0bad83f1p-445,0x1.559fba25d69b3p-221,3.95985499292034291e-67
8,161,0x1.886f266320bd6p-223,0x1.6840a0bad83f1p-445,0x1.886f266320bd7p-223,1.13720255649486752e-67
8,162,0x1.c1f6750803857p-225,0x1.6840a0bad83f1p-445,0x1.c1f6750803858p-225,3.25977441539283852e-68
8,163,0x1.017c41416dce3p-226,0x1.6840a0bad83f1p-445,0x1.017c41416dce4p-226,9.32681953897408972e-69
8,164,0x1.2624db4a80199p-228,0x1.6840a0bad83f1p-445,0x1.2624db4a8019ap-228,2.66367340539250138e-69
8,165,0x1.4f6881f15a202p-230,0x1.6840a0bad83f1p-445,0x1.4f6881f15a203p-230,7.59337329089233308e-70
8,166,0x1.7dc471dcf759bp-232,0x1.6840a0bad83f1p-445,0x1.7dc471dcf759cp-232,2.16072669799330820e-70
8,167,0x1.b1c025a69ba88p-234,0x1.6840a0bad83f1p-445,0x1.b1c025a69ba89p-234,6.13735312965830671e-71
8,168,0x1.ebedcbaecbf77p-236,0x1.6840a0bad83f1p-445,0x1.ebedcbaecbf78p-236,1.74013677743162596e-71
8,169,0x1.16755ac385bd6p-237,0x1.6840a0bad83f1p-445,0x1.16755ac385bd7p-237,4.92505869894692842e-72
8,170,0x1.3aafdf9759365p-239,0x1.6840a0bad83f1p-445,0x1.3aafdf9759366p-239,1.39145729097325374e-72
8,171,0x1.6300d6221fe21p-241,0x1.6840a0bad83f1p-445,0x1.6300d6221fe22p-241,3.92431111040490445e-73
8,172,0x1.8fc8bc990b7aap-243,0x1.6840a0bad83f1p-445,0x1.8fc8bc990b7abp-243,1.10483299619591383e-73
8,173,0x1.c16e4f232ce29p-245,0x1.6840a0bad83f1p-445,0x1.c16e4f232ce2ap-245,3.10508877075247757e-74
8,174,0x1.f85ea149074e6p-247,0x1.6840a0bad83f1p-445,0x1.f85ea149074e7p-247,8.71164259734829286e-75
8,175,0x1.1a8697172d6a6p-248,0x1.6840a0bad83f1p-445,0x1.1a8697172d6a7p-248,2.43993993734401137e-75
8,176,0x1.3bf9ef3bdcfcbp-250,0x1.6840a0bad83f1p-445,0x1.3bf9ef3bdcfccp-250,6.82206160951803696e-76
8,177,0x1.60c9815daacc3p-252,0x1.6840a0bad83f1p-445,0x1.60c9815daacc4p-252,1.90420570038764607e-76
8,178,0x1.8938a0aeb713p-254,0x1.6840a0bad83f1p-445,0x1.8938a0aeb7131p-254,5.30613215367976848e-77
8,179,0x1.b58dbb5ea3f89p-256,0x1.6840a0bad83f1p-445,0x1.b58dbb5ea3f8ap-256,1.47608866773152306e-77
8,180,0x1.e612434fd14ecp-258,0x1.6840a0bad83f1p-445,0x1.e612434fd14edp-258,4.09940822124490374e-78
8,181,0x1.0d894773f0d84p-259,0x1.6840a0bad83f1p-445,0x1.0d894773f0d85p-259,1.13660178553739615e-78
8,182,0x1.2a6ed8c013e75p-261,0x1.6840a0bad83f1p-445,0x1.2a6ed8c013e76p-261,3.14613970446989253e-79
8,183,0x1.49e2a5826b9a2p-263,0x1.6840a0bad83f1p-445,0x1.49e2a5826b9a3p-263,8.69429132872462789e-80
8,184,0x1.6c0ea72f1d023p-265,0x1.6840a0bad83f1p-445,0x1.6c0ea72f1d024p-265,2.39872716950400664e-80
8,185,0x1.911ddf26ea9bdp-267,0x1.6840a0bad83f1p-445,0x1.911ddf26ea9bep-267,6.60726797670599546e-81
8,186,0x1.b93c303d1c9fp-269,0x1.6840a0bad83f1p-445,0x1.b93c303d1c9f1p-269,1.81702651575954835e-81
8,187,0x1.e496333ba2447p-271,0x1.6840a0bad83f1p-445,0x1.e496333ba2448p-271,4.98887608888926786e-82
8,188,0x1.09ac832b6fa9ap-272,0x1.6840a0bad83f1p-445,0x1.09ac832b6fa9bp-272,1.36757157925137238e-82
8,189,0x1.22d90bc7155c7p-274,0x1.6840a0bad83f1p-445,0x1.22d90bc7155c8p-274,3.74288996347894377e-83
8,190,0x1.3de7750142fd7p-276,0x1.6840a0bad83f1p-445,0x1.3de7750142fd8p-276,1.02276863280628781e-83
8,191,0x1.5aee6b2d34e9ap-278,0x1.6840a0bad83f1p-445,0x1.5aee6b2d34e9bp-278,2.79038900646976726e-84
8,192,0x1.7a04632bd0d62p-280,0x1.6840a0bad83f1p-445,0x1.7a04632bd0d63p-280,7.60103511271008105e-85
8,193,0x1.9b3f75e970e6dp-282,0x1.6840a0bad83f1p-445,0x1.9b3f75e970e6ep-282,2.06730684811410895e-85
8,194,0x1.beb539affb156p-284,0x1.6840a0bad83f1p-445,0x1.beb539affb157p-284,5.61390307633556092e-86
8,195,0x1.e47a9976759cdp-286,0x1.6840a0bad83f1p-445,0x1.e47a9976759cep-286,1.52214542237706556e-86
8,196,0x1.0651d52f8f561p-287,0x1.6840a0bad83f1p-445,0x1.0651d52f8f562p-287,4.12080551946090088e-87
8,197,0x1.1ba1bfce70936p-289,0x1.6840a0bad83f1p-445,0x1.1ba1bfce70937p-289,1.11390014227968991e-87
8,198,0x1.3235fe80599c1p-291,0x1.6840a0bad83f1p-445,0x1.3235fe80599c2p-291,3.00643600005226199e-88
8,199,0x1.4a16d43b76e6fp-293,0x1.6840a0bad83f1p-445,0x1.4a16d43b76e7p-293,8.10219308206852170e-89
8,200,0x1.634bbd61ececap-295,0x1.6840a0bad83f1p-445,0x1.634bbd61ececbp-295,2.18022572149951956e-89
8,201,0x1.7ddb57eab9927p-297,0x1.6840a0bad83f1p-445,0x1.7ddb57eab9928p-297,5.85803366219979503e-90
8,202,0x1.99cb4b834e3dep-299,0x1.6840a0bad83f1p-445,0x1.99cb4b834e3dfp-299,1.57165440738114125e-90
8,203,0x1.b72031dacd8f8p-301,0x1.6840a0bad83f1p-445,0x1.b72031dacd8f9p-301,4.21036992657406245e-91
8,204,0x1.d5dd7f4a46defp-303,0x1.6840a0bad83f1p-445,0x1.d5dd7f4a46dfp-303,1.12627553636124680e-91
8,205,0x1.f6056c0f4e578p-305,0x1.6840a0bad83f1p-445,0x1.f6056c0f4e579p-305,3.00838488125800694e-92
8,206,0x1.0bcc6f27ef834p-306,0x1.6840a0bad83f1p-445,0x1.0bcc6f27ef835p-306,8.02397592426882589e-93
8,207,0x1.1d4baa8fc2618p-308,0x1.6840a0bad83f1p-445,0x1.1d4baa8fc2619p-308,2.13705844850212989e-93
8,208,0x1.2f7f6a5f25333p-310,0x1.6840a0bad83f1p-445,0x1.2f7f6a5f25334p-310,5.68351233877022346e-94
8,209,0x1.4265ea24f0c1dp-312,0x1.6840a0bad83f1p-445,0x1.4265ea24f0c1ep-312,1.50936358033401970e-94
8,210,0x1.55fc968c66bb4p-314,0x1.6840a0bad83f1p-445,0x1.55fc968c66bb5p-314,4.00267729199354075e-95
8,211,0x1.6a4005fb0cd3bp-316,0x1.6840a0bad83f1p-445,0x1.6a4005fb0cd3cp-316,1.05996105420390898e-95
8,212,0x1.7f2bf2391efc6p-318,0x1.6840a0bad83f1p-445,0x1.7f2bf2391efc7p-318,2.80294644186908391e-96
8,213,0x1.94bb333da777p-320,0x1.6840a0bad83f1p-445,0x1.94bb333da7771p-320,7.40164346112205737e-97
8,214,0x1.aae7bb35b89f3p-322,0x1.6840a0bad83f1p-445,0x1.aae7bb35b89f4p-322,1.95178904507135564e-97
8,215,0x1.c1aa93dc631c6p-324,0x1.6840a0bad83f1p-445,0x1.c1aa93dc631c7p-324,5.13962932533374365e-98
8,216,0x1.d8fbdd36d5ca8p-326,0x1.6840a0bad83f1p-445,0x1.d8fbdd36d5ca9p-326,1.35153642553294145e-98
8,217,0x1.f0d2cdc59f515p-328,0x1.6840a0bad83f1p-445,0x1.f0d2cdc59f516p-328,3.54914338567265984e-99
8,218,0x1.0492da1ca95aap-329,0x1.6840a0bad83f1p-445,0x1.0492da1ca95abp-329,9.30726205419316154e-100
8,219,0x1.10f4fd5aeb3f5p-331,0x1.6840a0bad83f1p-445,0x1.10f4fd5aeb3f6p-331,2.43739374181912681e-100
8,220,0x1.1d8a15d63e941p-333,0x1.6840a0bad83f1p-445,0x1.1d8a15d63e942p-333,6.37437361337193629e-101
8,221,0x1.2a4bfc28d3f48p-335,0x1.6840a0bad83f1p-445,0x1.2a4bfc28d3f49p-335,1.66479248048335560e-101
8,222,0x1.37342057996f3p-337,0x1.6840a0bad83f1p-445,0x1.37342057996f4p-337,4.34206313561848594e-102
8,223,0x1.443b8ea8a4cd3p-339,0x1.6840a0bad83f1p-445,0x1.443b8ea8a4cd4p-339,1.13096260286176406e-102
8,224,0x1.515af543c7ccbp-341,0x1.6840a0bad83f1p-445,0x1.515af543c7cccp-341,2.94184005685758330e-103
8,225,0x1.5e8aaa986588dp-343,0x1.6840a0bad83f1p-445,0x1.5e8aaa986588ep-343,7.64207275151031741e-104
8,226,0x1.6bc2b481c2063p-345,0x1.6840a0bad83f1p-445,0x1.6bc2b481c2064p-345,1.98256369264896454e-104
8,227,0x1.78fad0212d0ffp-347,0x1.6840a0bad83f1p-445,0x1.78fad0212d1p-347,5.13652667584608081e-105
8,228,0x1.862a7a639c781p-349,0x1.6840a0bad83f1p-445,0x1.862a7a639c782p-349,1.32904868873609731e-105
8,229,0x1.9348f9268e10fp-351,0x1.6840a0bad83f1p-445,0x1.9348f9268e11p-351,3.43434310873951219e-106
8,230,0x1.a04d64ee635e9p-353,0x1.6840a0bad83f1p-445,0x1.a04d64ee635eap-353,8.86299282779575410e-107
8,231,0x1.ad2eb31ede5cap-355,0x1.6840a0bad83f1p-445,0x1.ad2eb31ede5cbp-355,2.28430188902649379e-107
8,232,0x1.b9e3c0a4fb4c8p-357,0x1.6840a0bad83f1p-445,0x1.b9e3c0a4fb4c9p-357,5.87983880822992301e-108
8,233,0x1.c6635d001d1dfp-359,0x1.6840a0bad83f1p-445,0x1.c6635d001d1ep-359,1.51153628330575872e-108
8,234,0x1.d2a455976392p-361,0x1.6840a0bad83f1p-445,0x1.d2a4559763921p-361,3.88074726943237463e-109
8,235,0x1.de9d81470fce8p-363,0x1.6840a0bad83f1p-445,0x1.de9d81470fce9p-363,9.95080336812112951e-110
8,236,0x1.ea45cc111be7dp-365,0x1.6840a0bad83f1p-445,0x1.ea45cc111be7ep-365,2.54829252115690757e-110
8,237,0x1.f59442db935ddp-367,0x1.6840a0bad83f1p-445,0x1.f59442db935dep-367,6.51765092990154940e-111
8,238,0x1.00400f9371dcdp-368,0x1.6840a0bad83f1p-445,0x1.00400f9371dcep-368,1.66489138945370614e-111
8,239,0x1.0580695318882p-370,0x1.6840a0bad83f1p-445,0x1.0580695318883p-370,4.24752556319819630e-112
8,240,0x1.0a870951e4c55p-372,0x1.6840a0bad83f1p-445,0x1.0a870951e4c56p-372,1.08229001186130084e-112
8,241,0x1.0f4ff18e0b9f9p-374,0x1.6840a0bad83f1p-445,0x1.0f4ff18e0b9fap-374,2.75429914134226640e-113
8,242,0x1.13d750bcf51cdp-376,0x1.6840a0bad83f1p-445,0x1.13d750bcf51cep-376,7.00068606509455111e-114
8,243,0x1.1819876fd13bap-378,0x1.6840a0bad83f1p-445,0x1.1819876fd13bbp-378,1.77719201311242947e-114
8,244,0x1.1c132cf4d1a03p-380,0x1.6840a0bad83f1p-445,0x1.1c132cf4d1a04p-380,4.50603491027085682e-115
8,245,0x1.1fc113ebc5288p-382,0x1.6840a0bad83f1p-445,0x1.1fc113ebc5289p-382,1.14109913903286018e-115
8,246,0x1.23204e8572053p-384,0x1.6840a0bad83f1p-445,0x1.23204e8572054p-384,2.88617718045669170e-116
8,247,0x1.262e3265bf2fp-386,0x1.6840a0bad83f1p-445,0x1.262e3265bf2f1p-386,7.29114148713094535e-117
8,248,0x1.28e85c218501dp-388,0x1.6840a0bad83f1p-445,0x1.28e85c218501ep-388,1.83968349973308007e-117
8,249,0x1.2b4cb251b4abbp-390,0x1.6840a0bad83f1p-445,0x1.2b4cb251b4abcp-390,4.63626078133437404e-118
8,250,0x1.2d5968366c36ap-392,0x1.6840a0bad83f1p-445,0x1.2d5968366c36cp-392,1.16700265518520267e-118
8,251,0x1.2f0cffe57ea56p-394,0x1.6840a0bad83f1p-445,0x1.2f0cffe57ea5ap-394,2.93397999784862769e-119
8,252,0x1.30664c00f2e8bp-396,0x1.6840a0bad83f1p-445,0x1.30664c00f2e97p-396,7.36759636934430415e-120
8,253,0x1.316470f2fd81p-398,0x1.6840a0bad83f1p-445,0x1.316470f2fd83ep-398,1.84790615552024675e-120
8,254,0x1.3206e5adfe237p-400,0x1.6840a0bad83f1p-445,0x1.3206e5adfe2ecp-400,4.62936508528193839e-121
8,255,0x1.324d73f010547p-402,0x1.6840a0bad83f1p-445,0x1.324d73f010819p-402,1.15838357408769231e-121
8,256,0x1.3238380ac241ap-404,0x1.6840a0bad83f1p-445,0x1.3238380ac2f5dp-404,2.89517472414265964e-122
8,257,0x1.31c7a030848c3p-406,0x1.6840a0bad83f1p-445,0x1.31c7a030875ccp-406,7.22754110670214960e-123
8,258,0x1.30fc6b4a5e37dp-408,0x1.6840a0bad83f1p-445,0x1.30fc6b4a6979ep-408,1.80219477035559663e-123
8,259,0x1.2fd7a7595e5cap-410,0x1.6840a0bad83f1p-445,0x1.2fd7a7598b64cp-410,4.48859257199073641e-124
8,260,0x1.2e5aaf682706bp-412,0x1.6840a0bad83f1p-445,0x1.2e5aaf68db271p-412,1.11665208961387191e-124
8,261,0x1.2c872911bd29fp-414,0x1.6840a0bad83f1p-445,0x1.2c8729148dab4p-414,2.77476832646180955e-125
8,262,0x1.2a5f01a37d7c4p-416,0x1.6840a0bad83f1p-445,0x1.2a5f01aebf815p-416,6.88713541452998068e-126
8,263,0x1.27e46ae088f51p-418,0x1.6840a0bad83f1p-445,0x1.27e46b0d91093p-418,1.70747930993133762e-126
8,264,0x1.2519d76cabe63p-420,0x1.6840a0bad83f1p-445,0x1.2519d820cc36ap-420,4.22842944076355368e-127
8,265,0x1.2201f6e1cdde8p-422,0x1.6840a0bad83f1p-445,0x1.2201f9b24f2p-422,1.04595118896224864e-127
8,266,0x1.1e9fb18674f48p-424,0x1.6840a0bad83f1p-445,0x1.1e9fbcc879fa6p-424,2.58436818997437821e-128
8,267,0x1.1af6236c77fcap-426,0x1.6840a0bad83f1p-445,0x1.1af650748c141p-426,6.37837797966597345e-129
8,268,0x1.170896106edb6p-428,0x1.6840a0bad83f1p-445,0x1.17094a30bf38ep-428,1.57247075409851234e-129
8,269,0x1.12da7518edf9cp-430,0x1.6840a0bad83f1p-445,0x1.12dd459a2f6f8p-430,3.87240082466014485e-130
8,270,0x1.0e6f31f46cfc5p-432,0x1.6840a0bad83f1p-445,0x1.0e7a73f972d32p-432,9.52652228211103212e-131
8,271,0x1.09c9eaadd2b3fp-434,0x1.6840a0bad83f1p-445,0x1.09f6f2c1ea0fp-434,2.34188637711142914e-131
8,272,0x1.04ec3b1cc7af8p-436,0x1.6840a0bad83f1p-445,0x1.05a05b6d251bbp-436,5.75921752785305609e-132
8,273,0x1.ffa458deabfcap-439,0x1.6840a0bad83f1p-445,0x1.02a2adb0cbaeep-438,1.42334443206227056e-132
8,274,0x1.f4c8e1f6102c9p-441,0x1.6840a0bad83f1p-445,0x1.05a67600ded85p-440,3.59983899237846320e-133
8,275,0x1.e896388404069p-443,0x1.6840a0bad83f1p-445,0x1.215330595d0b4p-442,9.95148396842580643e-134
8,276,0x1.d8beeffd5173ap-445,0x1.6840a0bad83f1p-445,0x1.a07fc85c14d97p-444,3.58142680998397692e-134
8,277,0x1.be1dfca4e2db8p-447,0x1.6840a0bad83f1p-445,0x1.d7c81fe410f6p-445,2.02839760409660318e-134
8,278,0x1.84ab5a40991e5p-449,0x1.6840a0bad83f1p-445,0x1.808b565ee1d1p-445,1.65332536042444492e-134
8,279,0x1.fd834558b29bdp-452,0x1.6840a0bad83f1p-445,0x1.6c3ba74589a45p-445,1.56599827847610836e-134
8,280,0x0p+0,0x1.6840a0bad83f1p-445,0x1.6840a0bad83f1p-445,1.54888405992415196e-134
9,0,0x1.4b05484bfb24dp+2,0x1.3fbc32145c8fbp-359,0x1.4b05484bfb24ep+2,5.17219741268179511e+00
9,1,0x1.11741decec3edp+2,0x1.3fbc32145c8fbp-359,0x1.11741decec3eep+2,4.27271221291537806e+00
9,2,0x1.bbb224f31b91bp+1,0x1.3fbc32145c8fbp-359,0x1.bbb224f31b91cp+1,3.46637403364651497e+00
9,3,0x1.61c753061a6cbp+1,0x1.3fbc32145c8fbp-359,0x1.61c753061a6ccp+1,2.76389539525994188e+00
9,4,0x1.156d5097c9566p+1,0x1.3fbc32145c8fbp-359,0x1.156d5097c9567p+1,2.16739852343987449e+00
9,5,0x1.ac308c871d334p+0,0x1.3fbc32145c8fbp-359,0x1.ac308c871d335p+0,1.67261579798396309e+00
9,6,0x1.455fce5b33ecdp+0,0x1.3fbc32145c8fbp-359,0x1.455fce5b33ecep+0,1.27099313475257558e+00
9,7,0x1.e72c80af78b9fp-1,0x1.3fbc32145c8fbp-359,0x1.e72c80af78bap-1,9.51511403484222029e-01
9,8,0x1.67803f5c56261p-1,0x1.3fbc32145c8fbp-359,0x1.67803f5c56262p-1,7.02150325795696029e-01
9,9,0x1.059ec8b00b935p-1,0x1.3fbc32145c8fbp-359,0x1.059ec8b00b936p-1,5.10977050294775692e-01
9,10,0x1.77afeb9b92daap-2,0x1.3fbc32145c8fbp-359,0x1.77afeb9b92dabp-2,3.66882020349943161e-01
9,11,0x1.0a4076220475ep-2,0x1.3fbc32145c8fbp-359,0x1.0a4076220475fp-2,2.60011525942095589e-01
9,12,0x1.74a78df908c0cp-3,0x1.3fbc32145c8fbp-359,0x1.74a78df908c0dp-3,1.81960210001392758e-01
9,13,0x1.019ddebbf9f5dp-3,0x1.3fbc32145c8fbp-359,0x1.019ddebbf9f5ep-3,1.25789394485077588e-01
9,14,0x1.5ff990fd233d3p-4,0x1.3fbc32145c8fbp-359,0x1.5ff990fd233d4p-4,8.59313644052258074e-02
9,15,0x1.db60160283119p-5,0x1.3fbc32145c8fbp-359,0x1.db6016028311ap-5,5.80292158011578990e-02
9,16,0x1.3d6fecb22b105p-5,0x1.3fbc32145c8fbp-359,0x1.3d6fecb22b106p-5,3.87496588676601722e-02
9,17,0x1.a3571278d1f77p-6,0x1.3fbc32145c8fbp-359,0x1.a3571278d1f78p-6,2.55944900884794435e-02
9,18,0x1.120c4b335cfb5p-6,0x1.3fbc32145c8fbp-359,0x1.120c4b335cfb6p-6,1.67265638715005868e-02
9,19,0x1.6280091272ff4p-7,0x1.3fbc32145c8fbp-359,0x1.6280091272ff5p-7,1.08184856698230001e-02
9,20,0x1.c5f5c2c9a172dp-8,0x1.3fbc32145c8fbp-359,0x1.c5f5c2c9a172ep-8,6.92687993580935572e-03
9,21,0x1.1fcf8236d2df2p-8,0x1.3fbc32145c8fbp-359,0x1.1fcf8236d2df3p-8,4.39164094025156198e-03
9,22,0x1.697299845e893p-9,0x1.3fbc32145c8fbp-359,0x1.697299845e894p-9,2.75762676227226701e-03
9,23,0x1.c1ad3e6553175p-10,0x1.3fbc32145c8fbp-359,0x1.c1ad3e6553176p-10,1.71538060506567841e-03
9,24,0x1.1529921e78dc3p-10,0x1.3fbc32145c8fbp-359,0x1.1529921e78dc4p-10,1.05729059543412194e-03
9,25,0x1.529b4d76b0477p-11,0x1.3fbc32145c8fbp-359,0x1.529b4d76b0478p-11,6.45840932371423947e-04
9,26,0x1.9a0d3f80cca61p-12,0x1.3fbc32145c8fbp-359,0x1.9a0d3f80cca62p-12,3.91055822592500696e-04
9,27,0x1.ec513116156b9p-13,0x1.3fbc32145c8fbp-359,0x1.ec513116156bap-13,2.34755113242604053e-04
9,28,0x1.2510557356908p-13,0x1.3fbc32145c8fbp-359,0x1.2510557356909p-13,1.39743711410407722e-04
9,29,0x1.5a09f83a0eee9p-14,0x1.3fbc32145c8fbp-359,0x1.5a09f83a0eeeap-14,8.25021133161147962e-05
9,30,0x1.954c71b5757e5p-15,0x1.3fbc32145c8fbp-359,0x1.954c71b5757e6p-15,4.83153593610478508e-05
9,31,0x1.d6f5167e979f9p-16,0x1.3fbc32145c8fbp-359,0x1.d6f5167e979fap-16,2.80712470107583536e-05
9,32,0x1.0f81c47a40023p-16,0x1.3fbc32145c8fbp-359,0x1.0f81c47a40024p-16,1.61830725824431253e-05
9,33,0x1.36ab16088c81fp-17,0x1.3fbc32145c8fbp-359,0x1.36ab16088c82p-17,9.25863697984549575e-06
9,34,0x1.60d3a887c1997p-18,0x1.3fbc32145c8fbp-359,0x1.60d3a887c1998p-18,5.25752887604036132e-06
9,35,0x1.8dc5a6d409382p-19,0x1.3fbc32145c8fbp-359,0x1.8dc5a6d409383p-19,2.96363291775670383e-06
9,36,0x1.bd37d0dcf7a0bp-20,0x1.3fbc32145c8fbp-359,0x1.bd37d0dcf7a0cp-20,1.65856641064883106e-06
9,37,0x1.eecda4ecc1a77p-21,0x1.3fbc32145c8fbp-359,0x1.eecda4ecc1a78p-21,9.21642962476594507e-07
9,38,0x1.110c14330fc6dp-21,0x1.3fbc32145c8fbp-359,0x1.110c14330fc6ep-21,5.08590011334589625e-07
9,39,0x1.2b4ba94288ab8p-22,0x1.3fbc32145c8fbp-359,0x1.2b4ba94288ab9p-22,2.78740703548378423e-07
9,40,0x1.45de0a6535501p-23,0x1.3fbc32145c8fbp-359,0x1.45de0a6535502p-23,1.51743807885969358e-07
9,41,0x1.60757ae38bf26p-24,0x1.3fbc32145c8fbp-359,0x1.60757ae38bf27p-24,8.20632340351827313e-08
9,42,0x1.7abf962d81781p-25,0x1.3fbc32145c8fbp-359,0x1.7abf962d81782p-25,4.40921151638860810e-08
9,43,0x1.946711c4c1f85p-26,0x1.3fbc32145c8fbp-359,0x1.946711c4c1f86p-26,2.35393302792850095e-08
9,44,0x1.ad15a50b0e39bp-27,0x1.3fbc32145c8fbp-359,0x1.ad15a50b0e39cp-27,1.24880039834288926e-08
9,45,0x1.c47606ba55e28p-28,0x1.3fbc32145c8fbp-359,0x1.c47606ba55e29p-28,6.58417470053529491e-09
9,46,0x1.da35eeb50d3fdp-29,0x1.3fbc32145c8fbp-359,0x1.da35eeb50d3fep-29,3.45033676154942420e-09
9,47,0x1.ee080a90ae231p-30,0x1.3fbc32145c8fbp-359,0x1.ee080a90ae232p-30,1.79727580402506265e-09
9,48,0x1.ffa5d3bc7ee01p-31,0x1.3fbc32145c8fbp-359,0x1.ffa5d3bc7ee02p-31,9.30681857589126424e-10
9,49,0x1.07689bb526dedp-31,0x1.3fbc32145c8fbp-359,0x1.07689bb526deep-31,4.79137499332492844e-10
9,50,0x1.0dab0128ed4efp-32,0x1.3fbc32145c8fbp-359,0x1.0dab0128ed4fp-32,2.45261604912436784e-10
9,51,0x1.1285827699108p-33,0x1.3fbc32145c8fbp-359,0x1.1285827699109p-33,1.24837934873341674e-10
9,52,0x1.15e973e02b7d7p-34,0x1.3fbc32145c8fbp-359,0x1.15e973e02b7d8p-34,6.31898556940333211e-11
9,53,0x1.17ce553c6661dp-35,0x1.3fbc32145c8fbp-359,0x1.17ce553c6661ep-35,3.18102579623412955e-11
9,54,0x1.1831e603c5157p-36,0x1.3fbc32145c8fbp-359,0x1.1831e603c5158p-36,1.59272369726400882e-11
9,55,0x1.17180e8fe3adp-37,0x1.3fbc32145c8fbp-359,0x1.17180e8fe3ad1p-37,7.93232778163204084e-12
9,56,0x1.148aa0cc227abp-38,0x1.3fbc32145c8fbp-359,0x1.148aa0cc227acp-38,3.92989130764399045e-12
9,57,0x1.1098f3f4a2659p-39,0x1.3fbc32145c8fbp-359,0x1.1098f3f4a265ap-39,1.93692153848052232e-12
9,58,0x1.0b57602624e21p-40,0x1.3fbc32145c8fbp-359,0x1.0b57602624e22p-40,9.49787132026763687e-13
9,59,0x1.04de9f641b044p-41,0x1.3fbc32145c8fbp-359,0x1.04de9f641b045p-41,4.63397532993453902e-13
9,60,0x1.fa9634a9034fbp-43,0x1.3fbc32145c8fbp-359,0x1.fa9634a9034fcp-43,2.24969705544969419e-13
9,61,0x1.e9784e82acf35p-44,0x1.3fbc32145c8fbp-359,0x1.e9784e82acf36p-44,1.08684161220655476e-13
9,62,0x1.d6a683ef1ceecp-45,0x1.3fbc32145c8fbp-359,0x1.d6a683ef1ceedp-45,5.22526966865848037e-14
9,63,0x1.c26685c1dafefp-46,0x1.3fbc32145c8fbp-359,0x1.c26685c1daffp-46,2.50022490751806023e-14
9,64,0x1.acff368233717p-47,0x1.3fbc32145c8fbp-359,0x1.acff368233718p-47,1.19070566041765354e-14
9,65,0x1.96b737b1f738ep-48,0x1.3fbc32145c8fbp-359,0x1.96b737b1f738fp-48,5.64431409376372367e-15
9,66,0x1.7fd394d2e45fbp-49,0x1.3fbc32145c8fbp-359,0x1.7fd394d2e45fcp-49,2.66333128898877616e-15
9,67,0x1.689693576977fp-50,0x1.3fbc32145c8fbp-359,0x1.689693576978p-50,1.25104158196828963e-15
9,68,0x1.513eaccccdaa4p-51,0x1.3fbc32145c8fbp-359,0x1.513eaccccdaa5p-51,5.85026513724286782e-16
9,69,0x1.3a05b6ab67516p-52,0x1.3fbc32145c8fbp-359,0x1.3a05b6ab67517p-52,2.72370943998605278e-16
9,70,0x1.23203969a77fbp-53,0x1.3fbc32145c8fbp-359,0x1.23203969a77fcp-53,1.26255722911395780e-16
9,71,0x1.0cbcf6c16fa6p-54,0x1.3fbc32145c8fbp-359,0x1.0cbcf6c16fa61p-54,5.82732950851329510e-17
9,72,0x1.ee093b33d2e99p-56,0x1.3fbc32145c8fbp-359,0x1.ee093b33d2e9ap-56,2.67817484556314012e-17
9,73,0x1.c43351894c327p-57,0x1.3fbc32145c8fbp-359,0x1.c43351894c328p-57,1.22569181067560644e-17
9,74,0x1.9c30c9721eacfp-58,0x1.3fbc32145c8fbp-359,0x1.9c30c9721eadp-58,5.58622394515315386e-18
9,75,0x1.762e2f6f1f1f4p-59,0x1.3fbc32145c8fbp-359,0x1.762e2f6f1f1f5p-59,2.53554509261428874e-18
9,76,0x1.524c8e7aded9p-60,0x1.3fbc32145c8fbp-359,0x1.524c8e7aded91p-60,1.14620176235411474e-18
9,77,0x1.30a22adf664d1p-61,0x1.3fbc32145c8fbp-359,0x1.30a22adf664d2p-61,5.16069166236633721e-19
9,78,0x1.113b62310eaadp-62,0x1.3fbc32145c8fbp-359,0x1.113b62310eaaep-62,2.31436478322059928e-19
9,79,0x1.e8374be305de1p-64,0x1.3fbc32145c8fbp-359,0x1.e8374be305de2p-64,1.03383759702217248e-19
9,80,0x1.b27d0df533461p-65,0x1.3fbc32145c8fbp-359,0x1.b27d0df533462p-65,4.60032587268944723e-20
9,81,0x1.81319159259aep-66,0x1.3fbc32145c8fbp-359,0x1.81319159259afp-66,2.03919806671755862e-20
9,82,0x1.5432e7c98730cp-67,0x1.3fbc32145c8fbp-359,0x1.5432e7c98730dp-67,9.00498856151764058e-21
9,83,0x1.2b55c5d035d9p-68,0x1.3fbc32145c8fbp-359,0x1.2b55c5d035d91p-68,3.96166639554004440e-21
9,84,0x1.06678141bb25fp-69,0x1.3fbc32145c8fbp-359,0x1.06678141bb26p-69,1.73644610310539532e-21
9,85,0x1.ca5fdb0c3778bp-71,0x1.3fbc32145c8fbp-359,0x1.ca5fdb0c3778cp-71,7.58316893751334611e-22
9,86,0x1.8ee61e4f9c697p-72,0x1.3fbc32145c8fbp-359,0x1.8ee61e4f9c698p-72,3.29961436456054728e-22
9,87,0x1.59e54496c7edbp-73,0x1.3fbc32145c8fbp-359,0x1.59e54496c7edcp-73,1.43059057976429055e-22
9,88,0x1.2adee34d546a9p-74,0x1.3fbc32145c8fbp-359,0x1.2adee34d546aap-74,6.18050030459273680e-23
9,89,0x1.0154fa87b3ab1p-75,0x1.3fbc32145c8fbp-359,0x1.0154fa87b3ab2p-75,2.66074997748574666e-23
9,90,0x1.b997c73f96bc6p-77,0x1.3fbc32145c8fbp-359,0x1.b997c73f96bc7p-77,1.14149085099566729e-23
9,91,0x1.7997c982a9f9dp-78,0x1.3fbc32145c8fbp-359,0x1.7997c982a9f9ep-78,4.88027408852858211e-24
9,92,0x1.41c4de28c7387p-79,0x1.3fbc32145c8fbp-359,0x1.41c4de28c7388p-79,2.07938352211299934e-24
9,93,0x1.11461d14cc613p-80,0x1.3fbc32145c8fbp-359,0x1.11461d14cc614p-80,8.82995533135233638e-25
9,94,0x1.cea04cd087acbp-82,0x1.3fbc32145c8fbp-359,0x1.cea04cd087accp-82,3.73706445721217736e-25
9,95,0x1.864bf20b9a007p-83,0x1.3fbc32145c8fbp-359,0x1.864bf20b9a008p-83,1.57639566409761364e-25
9,96,0x1.4832bbedb0487p-84,0x1.3fbc32145c8fbp-359,0x1.4832bbedb0488p-84,6.62790946341708570e-26
9,97,0x1.1315f2f27509cp-85,0x1.3fbc32145c8fbp-359,0x1.1315f2f27509dp-85,2.77765612225577479e-26
9,98,0x1.cba846f82f659p-87,0x1.3fbc32145c8fbp-359,0x1.cba846f82f65ap-87,1.16033823913425852e-26
9,99,0x1.7ed06947382b3p-88,0x1.3fbc32145c8fbp-359,0x1.7ed06947382b4p-88,4.83179332032264237e-27
9,100,0x1.3dd04760025ep-89,0x1.3fbc32145c8fbp-359,0x1.3dd04760025e1p-89,2.00568572469039018e-27
9,101,0x1.0706f9438ac45p-90,0x1.3fbc32145c8fbp-359,0x1.0706f9438ac46p-90,8.29967629619522097e-28
9,102,0x1.b20694d782e3fp-92,0x1.3fbc32145c8fbp-359,0x1.b20694d782e4p-92,3.42385913411876027e-28
9,103,0x1.650032d6e07b5p-93,0x1.3fbc32145c8fbp-359,0x1.650032d6e07b6p-93,1.40811977560235649e-28
9,104,0x1.24c13fcad7812p-94,0x1.3fbc32145c8fbp-359,0x1.24c13fcad7813p-94,5.77357198409635334e-29
9,105,0x1.deb2effe37823p-96,0x1.3fbc32145c8fbp-359,0x1.deb2effe37824p-96,2.36016816471798447e-29
9,106,0x1.86353d37cb743p-97,0x1.3fbc32145c8fbp-359,0x1.86353d37cb744p-97,9.61936902436644150e-30
9,107,0x1.3d230a372572ep-98,0x1.3fbc32145c8fbp-359,0x1.3d230a372572fp-98,3.90901378118021584e-30
9,108,0x1.00fee5b93152fp-99,0x1.3fbc32145c8fbp-359,0x1.00fee5b93153p-99,1.58385824110100409e-30
9,109,0x1.9f4ff0e64e697p-101,0x1.3fbc32145c8fbp-359,0x1.9f4ff0e64e698p-101,6.39889869014759930e-31
9,110,0x1.4e9d4a57ff9bfp-102,0x1.3fbc32145c8fbp-359,0x1.4e9d4a57ff9cp-102,2.57777569166128578e-31
9,111,0x1.0cd447741fe68p-103,0x1.3fbc32145c8fbp-359,0x1.0cd447741fe69p-103,1.03549247132779856e-31
9,112,0x1.aebc5fa4a1fdbp-105,0x1.3fbc32145c8fbp-359,0x1.aebc5fa4a1fdcp-105,4.14783520793710040e-32
9,113,0x1.581c7c4d1b9f5p-106,0x1.3fbc32145c8fbp-359,0x1.581c7c4d1b9f6p-106,1.65683550585229231e-32
9,114,0x1.12252a0f60db5p-107,0x1.3fbc32145c8fbp-359,0x1.12252a0f60db6p-107,6.59980497323491761e-33
9,115,0x1.b39bcaf5d67fbp-109,0x1.3fbc32145c8fbp-359,0x1.b39bcaf5d67fcp-109,2.62172368959918858e-33
9,116,0x1.59241423e5ac5p-110,0x1.3fbc32145c8fbp-359,0x1.59241423e5ac6p-110,1.03862071340623950e-33
9,117,0x1.10b8ecdb51027p-111,0x1.3fbc32145c8fbp-359,0x1.10b8ecdb51028p-111,4.10347005948296436e-34
9,118,0x1.add79d34cd8a1p-113,0x1.3fbc32145c8fbp-359,0x1.add79d34cd8a2p-113,1.61688680907354883e-34
9,119,0x1.51d70ff3c851bp-114,0x1.3fbc32145c8fbp-359,0x1.51d70ff3c851cp-114,6.35406582305146253e-35
9,120,0x1.08d46197a2dfep-115,0x1.3fbc32145c8fbp-359,0x1.08d46197a2dffp-115,2.49044572282330154e-35
9,121,0x1.9e1be23d9ea39p-117,0x1.3fbc32145c8fbp-359,0x1.9e1be23d9ea3ap-117,9.73565394307632717e-36
9,122,0x1.42ed59c72df6ap-118,0x1.3fbc32145c8fbp-359,0x1.42ed59c72df6bp-118,3.79599041908958887e-36
9,123,0x1.f6595b3d3f2eep-120,0x1.3fbc32145c8fbp-359,0x1.f6595b3d3f2efp-120,1.47627117148598918e-36
9,124,0x1.85bb86accc67ap-121,0x1.3fbc32145c8fbp-359,0x1.85bb86accc67bp-121,5.72660474966479625e-37
9,125,0x1.2d98c27b65fb9p-122,0x1.3fbc32145c8fbp-359,0x1.2d98c27b65fbap-122,2.21578273574095785e-37
9,126,0x1.d19cadd276a5bp-124,0x1.3fbc32145c8fbp-359,0x1.d19cadd276a5cp-124,8.55194230912221959e-38
9,127,0x1.6683fb3d8fe3bp-125,0x1.3fbc32145c8fbp-359,0x1.6683fb3d8fe3cp-125,3.29244536327548114e-38
9,128,0x1.135eb3d10053cp-126,0x1.3fbc32145c8fbp-359,0x1.135eb3d10053dp-126,1.26443671330770172e-38
9,129,0x1.a5f9f0fa6fd57p-128,0x1.3fbc32145c8fbp-359,0x1.a5f9f0fa6fd58p-128,4.84405074178780477e-39
9,130,0x1.4287d85103a18p-129,0x1.3fbc32145c8fbp-359,0x1.4287d85103a19p-129,1.85123511010786018e-39
9,131,0x1.ebd9c84ee1065p-131,0x1.3fbc32145c8fbp-359,0x1.ebd9c84ee1066p-131,7.05771159958224326e-40
9,132,0x1.76216665d9fd2p-132,0x1.3fbc32145c8fbp-359,0x1.76216665d9fd3p-132,2.68425447050592123e-40
9,133,0x1.1be88b281076ep-133,0x1.3fbc32145c8fbp-359,0x1.1be88b281076fp-133,1.01847134105063151e-40
9,134,0x1.adde8cab63e45p-135,0x1.3fbc32145c8fbp-359,0x1.adde8cab63e46p-135,3.85520152012179993e-41
9,135,0x1.44ac2bc8c4a97p-136,0x1.3fbc32145c8fbp-359,0x1.44ac2bc8c4a98p-136,1.45588203535028059e-41
9,136,0x1.e94c2e5bb70e1p-138,0x1.3fbc32145c8fbp-359,0x1.e94c2e5bb70e2p-138,5.48521560619395579e-42
9,137,0x1.6fd8abaed64e9p-139,0x1.3fbc32145c8fbp-359,0x1.6fd8abaed64eap-139,2.06185021172673764e-42
9,138,0x1.13e8431f19b98p-140,0x1.3fbc32145c8fbp-359,0x1.13e8431f19b99p-140,7.73256879244275215e-43
9,139,0x1.9cf3e83263909p-142,0x1.3fbc32145c8fbp-359,0x1.9cf3e8326390ap-142,2.89335035469244662e-43
9,140,0x1.3456378778e3ep-143,0x1.3fbc32145c8fbp-359,0x1.3456378778e3fp-143,1.08017965761635916e-43
9,141,0x1.cb6a3a2e647edp-145,0x1.3fbc32145c8fbp-359,0x1.cb6a3a2e647eep-145,4.02360915192617816e-44
9,142,0x1.557f331c2d0dp-146,0x1.3fbc32145c8fbp-359,0x1.557f331c2d0d1p-146,1.49543451433177557e-44
9,143,0x1.fa91337e344fdp-148,0x1.3fbc32145c8fbp-359,0x1.fa91337e344fep-148,5.54571740770114664e-45
9,144,0x1.76e3a281af44fp-149,0x1.3fbc32145c8fbp-359,0x1.76e3a281af45p-149,2.05207678912099991e-45
9,145,0x1.14d5c520de6a2p-150,0x1.3fbc32145c8fbp-359,0x1.14d5c520de6a3p-150,7.57672881423942964e-46
9,146,0x1.97f8492a1acefp-152,0x1.3fbc32145c8fbp-359,0x1.97f8492a1acfp-152,2.79144310194754054e-46
9,147,0x1.2bf709cc4c0bbp-153,0x1.3fbc32145c8fbp-359,0x1.2bf709cc4c0bcp-153,1.02622188574476071e-46
9,148,0x1.b82a1ac0b6a75p-155,0x1.3fbc32145c8fbp-359,0x1.b82a1ac0b6a76p-155,3.76465940468423063e-47
9,149,0x1.4242cf146fa8bp-156,0x1.3fbc32145c8fbp-359,0x1.4242cf146fa8cp-156,1.37812440667173219e-47
9,150,0x1.d6e29ddd556adp-158,0x1.3fbc32145c8fbp-359,0x1.d6e29ddd556aep-158,5.03426160821782443e-48
9,151,0x1.574eb6e499037p-159,0x1.3fbc32145c8fbp-359,0x1.574eb6e499038p-159,1.83516022502155577e-48
9,152,0x1.f38ca748e5a3bp-161,0x1.3fbc32145c8fbp-359,0x1.f38ca748e5a3cp-161,6.67589040468271317e-49
9,153,0x1.6ab307187252dp-162,0x1.3fbc32145c8fbp-359,0x1.6ab307187252ep-162,2.42352490407411124e-49
9,154,0x1.06cc9b41e2432p-163,0x1.3fbc32145c8fbp-359,0x1.06cc9b41e2433p-163,8.78000681633892803e-50
9,155,0x1.7c0e15c69fb2fp-165,0x1.3fbc32145c8fbp-359,0x1.7c0e15c69fb3p-165,3.17436763982478077e-50
9,156,0x1.12421c8284258p-166,0x1.3fbc32145c8fbp-359,0x1.12421c8284259p-166,1.14535588349655329e-50
9,157,0x1.8b078eec3e235p-168,0x1.3fbc32145c8fbp-359,0x1.8b078eec3e236p-168,4.12430067476489063e-51
9,158,0x1.1bec7d0a1a2b9p-169,0x1.3fbc32145c8fbp-359,0x1.1bec7d0a1a2bap-169,1.48215130356777545e-51
9,159,0x1.97536b7e35392p-171,0x1.3fbc32145c8fbp-359,0x1.97536b7e35393p-171,5.31585049484529239e-52
9,160,0x1.239b049438688p-172,0x1.3fbc32145c8fbp-359,0x1.239b049438689p-172,1.90281492404874906e-52
9,161,0x1.a0b475f711167p-174,0x1.3fbc32145c8fbp-359,0x1.a0b475f711168p-174,6.79781627242451912e-53
9,162,0x1.2928340af3265p-175,0x1.3fbc32145c8fbp-359,0x1.2928340af3266p-175,2.42380023453274713e-53
9,163,0x1.a6fe3eb819729p-177,0x1.3fbc32145c8fbp-359,0x1.a6fe3eb81972ap-177,8.62549704955222972e-54
9,164,0x1.2c7aee3bf4e7p-178,0x1.3fbc32145c8fbp-359,0x1.2c7aee3bf4e71p-178,3.06363246308080171e-54
9,165,0x1.aa166a8cc1691p-180,0x1.3fbc32145c8fbp-359,0x1.aa166a8cc1692p-180,1.08607464089813751e-54
9,166,0x1.2d8725fb91bdfp-181,0x1.3fbc32145c8fbp-359,0x1.2d8725fb91bep-181,3.84289356497192073e-55
9,167,0x1.a9f54ebc7161dp-183,0x1.3fbc32145c8fbp-359,0x1.a9f54ebc7161ep-183,1.35718122988611775e-55
9,168,0x1.2c4e0c331997ep-184,0x1.3fbc32145c8fbp-359,0x1.2c4e0c331997fp-184,4.78413265087482711e-56
9,169,0x1.a6a5d7b33aef9p-186,0x1.3fbc32145c8fbp-359,0x1.a6a5d7b33aefap-186,1.68329206849539018e-56
9,170,0x1.28ddbf23f0f57p-187,0x1.3fbc32145c8fbp-359,0x1.28ddbf23f0f58p-187,5.91168923046554398e-57
9,171,0x1.a044c0be7f738p-189,0x1.3fbc32145c8fbp-359,0x1.a044c0be7f739p-189,2.07235651693845680e-57
9,172,0x1.2350829fdd2p-190,0x1.3fbc32145c8fbp-359,0x1.2350829fdd201p-190,7.25141816666704563e-58
9,173,0x1.96ff2c09e7c91p-192,0x1.3fbc32145c8fbp-359,0x1.96ff2c09e7c92p-192,2.53274709115998543e-58
9,174,0x1.1bcb8eb06e733p-193,0x1.3fbc32145c8fbp-359,0x1.1bcb8eb06e734p-193,8.83030764714539515e-59
9,175,0x1.8b10b16cb97f6p-195,0x1.3fbc32145c8fbp-359,0x1.8b10b16cb97f7p-195,3.07312102586640386e-59
9,176,0x1.127d86cef7118p-196,0x1.3fbc32145c8fbp-359,0x1.127d86cef7119p-196,1.06759848040062614e-59
9,177,0x1.7cc10048d2cb3p-198,0x1.3fbc32145c8fbp-359,0x1.7cc10048d2cb4p-198,3.70224594173556923e-60
9,178,0x1.079caf2841c4ap-199,0x1.3fbc32145c8fbp-359,0x1.079caf2841c4bp-199,1.28161078139695223e-60
9,179,0x1.6c61347a23062p-201,0x1.3fbc32145c8fbp-359,0x1.6c61347a23063p-201,4.42879000687963342e-61
9,180,0x1.f6c9eea651cd3p-203,0x1.3fbc32145c8fbp-359,0x1.f6c9eea651cd4p-203,1.52776482908600175e-61
9,181,0x1.5a490005dbcc7p-204,0x1.3fbc32145c8fbp-359,0x1.5a490005dbcc8p-204,5.26107866214197783e-62
9,182,0x1.dc2be4b63972fp-206,0x1.3fbc32145c8fbp-359,0x1.dc2be4b63973p-206,1.80860733755164040e-62
9,183,0x1.46d3cae8dfd9bp-207,0x1.3fbc32145c8fbp-359,0x1.46d3cae8dfd9cp-207,6.20682181970535276e-63
9,184,0x1.bfe1a63ad186ap-209,0x1.3fbc32145c8fbp-359,0x1.bfe1a63ad186bp-209,2.12644429068368975e-63
9,185,0x1.325de84454a6cp-210,0x1.3fbc32145c8fbp-359,0x1.325de84454a6dp-210,7.27281736319291799e-64
9,186,0x1.a26d03cab45f5p-212,0x1.3fbc32145c8fbp-359,0x1.a26d03cab45f6p-212,2.48324431364447978e-64
9,187,0x1.1d41fc805918ap-213,0x1.3fbc32145c8fbp-359,0x1.1d41fc805918bp-213,8.46463867712483624e-65
9,188,0x1.844bba594b63bp-215,0x1.3fbc32145c8fbp-359,0x1.844bba594b63cp-215,2.88053842984972409e-65
9,189,0x1.07d6ab2d92078p-216,0x1.3fbc32145c8fbp-359,0x1.07d6ab2d92079p-216,9.78631570479377335e-66
9,190,0x1.65f46762aa062p-218,0x1.3fbc32145c8fbp-359,0x1.65f46762aa063p-218,3.31931946078611447e-66
9,191,0x1.e4d93bbd25a85p-220,0x1.3fbc32145c8fbp-359,0x1.e4d93bbd25a86p-220,1.12400205613018792e-66
9,192,0x1.47d403f7ff2f1p-221,0x1.3fbc32145c8fbp-359,0x1.47d403f7ff2f2p-221,3.79994475700284320e-67
9,193,0x1.ba99de9787dedp-223,0x1.3fbc32145c8fbp-359,0x1.ba99de9787deep-223,1.28257698992060329e-67
9,194,0x1.2a4bf2825e74p-224,0x1.3fbc32145c8fbp-359,0x1.2a4bf2825e741p-224,4.32204624973303897e-68
9,195,0x1.9170007521b03p-226,0x1.3fbc32145c8fbp-359,0x1.9170007521b04p-226,1.45411569337180441e-68
9,196,0x1.0db0a3039e469p-227,0x1.3fbc32145c8fbp-359,0x1.0db0a3039e46ap-227,4.88445195330333482e-69
9,197,0x1.69c96c540d049p-229,0x1.3fbc32145c8fbp-359,0x1.69c96c540d04ap-229,1.63811261957488706e-69
9,198,0x1.e491949f6ccb8p-231,0x1.3fbc32145c8fbp-359,0x1.e491949f6ccb9p-231,5.48512300484852749e-70
9,199,0x1.44003df20304ep-232,0x1.3fbc32145c8fbp-359,0x1.44003df20304fp-232,1.83378036316798747e-70
9,200,0x1.b09a4501a850bp-234,0x1.3fbc32145c8fbp-359,0x1.b09a4501a850cp-234,6.12111008472456986e-71
9,201,0x1.205ae18c5534dp-235,0x1.3fbc32145c8fbp-359,0x1.205ae18c5534ep-235,2.04003935768060096e-71
9,202,0x1.7fd14bf97d932p-237,0x1.3fbc32145c8fbp-359,0x1.7fd14bf97d933p-237,6.78853261378122199e-72
9,203,0x1.fe196934db52bp-239,0x1.3fbc32145c8fbp-359,0x1.fe196934db52cp-239,2.25551523982168708e-72
9,204,0x1.527265bbb5023p-240,0x1.3fbc32145c8fbp-359,0x1.527265bbb5024p-240,7.48258347924431132e-73
9,205,0x1.c06e5821eab2dp-242,0x1.3fbc32145c8fbp-359,0x1.c06e5821eab2ep-242,2.47854462735035511e-73
9,206,0x1.28a104eaefd03p-243,0x1.3fbc32145c8fbp-359,0x1.28a104eaefd04p-243,8.19756121834643584e-74
9,207,0x1.87d6c566e2741p-245,0x1.3fbc32145c8fbp-359,0x1.87d6c566e2742p-245,2.70718977225305573e-74
9,208,0x1.026abfa3e715ap-246,0x1.3fbc32145c8fbp-359,0x1.026abfa3e715bp-246,8.92693061849658266e-75
9,209,0x1.5457e36b60a6fp-248,0x1.3fbc32145c8fbp-359,0x1.5457e36b60a7p-248,2.93926222539938179e-75
9,210,0x1.bf942247447f1p-250,0x1.3fbc32145c8fbp-359,0x1.bf942247447f2p-250,9.66341161548161497e-76
9,211,0x1.25ddee5861254p-251,0x1.3fbc32145c8fbp-359,0x1.25ddee5861255p-251,3.17235529695106256e-76
9,212,0x1.8152928725543p-253,0x1.3fbc32145c8fbp-359,0x1.8152928725544p-253,1.03990952360312461e-76
9,213,0x1.f880c0f0221aap-255,0x1.3fbc32145c8fbp-359,0x1.f880c0f0221abp-255,3.40388473510169440e-77
9,214,0x1.49cb0e51b45dep-256,0x1.3fbc32145c8fbp-359,0x1.49cb0e51b45dfp-256,1.11255841927833080e-77
9,215,0x1.ae8c412e1b331p-258,0x1.3fbc32145c8fbp-359,0x1.ae8c412e1b332p-258,3.63113669202975045e-78
9,216,0x1.18a3434ab6b95p-259,0x1.3fbc32145c8fbp-359,0x1.18a3434ab6b96p-259,1.18341546553894158e-78
9,217,0x1.6d53094491e3cp-261,0x1.3fbc32145c8fbp-359,0x1.6d53094491e3dp-261,3.85132171835596287e-79
9,218,0x1.dae395e07c55fp-263,0x1.3fbc32145c8fbp-359,0x1.dae395e07c56p-263,1.25159347476187103e-79
9,219,0x1.343815e55ca65p-264,0x1.3fbc32145c8fbp-359,0x1.343815e55ca66p-264,4.06163324315314011e-80
9,220,0x1.8f865dc182153p-266,0x1.3fbc32145c8fbp-359,0x1.8f865dc182154p-266,1.31620945086489771e-80
9,221,0x1.029369c86e654p-267,0x1.3fbc32145c8fbp-359,0x1.029369c86e655p-267,4.25930877100905325e-81
9,222,0x1.4e3cb8736fc1fp-269,0x1.3fbc32145c8fbp-359,0x1.4e3cb8736fc2p-269,1.37640414518525369e-81
9,223,0x1.af6fd43159fadp-271,0x1.3fbc32145c8fbp-359,0x1.af6fd43159faep-271,4.44169187329250745e-82
9,224,0x1.1610ef90c341dp-272,0x1.3fbc32145c8fbp-359,0x1.1610ef90c341ep-272,1.43136154901072397e-82
9,225,0x1.65f0a946cdd4p-274,0x1.3fbc32145c8fbp-359,0x1.65f0a946cdd41p-274,4.60629297648228465e-83
9,226,0x1.cc20379a331c7p-276,0x1.3fbc32145c8fbp-359,0x1.cc20379a331c8p-276,1.48032768947969267e-83
9,227,0x1.27569c5acb333p-277,0x1.3fbc32145c8fbp-359,0x1.27569c5acb334p-277,4.75084696086018083e-84
9,228,0x1.7a9e81f2a0237p-279,0x1.3fbc32145c8fbp-359,0x1.7a9e81f2a0238p-279,1.52262811236683080e-84
9,229,0x1.e4ba43e125b55p-281,0x1.3fbc32145c8fbp-359,0x1.e4ba43e125b56p-281,4.87336567820535057e-85
9,230,0x1.35de6ea03c29cp-282,0x1.3fbc32145c8fbp-359,0x1.35de6ea03c29dp-282,1.55768347842800549e-85
9,231,0x1.8ba52b942bcbfp-284,0x1.3fbc32145c8fbp-359,0x1.8ba52b942bccp-284,4.97218367305998016e-86
9,232,0x1.f87def9f182dep-286,0x1.3fbc32145c8fbp-359,0x1.f87def9f182dfp-286,1.58502276741493280e-86
9,233,0x1.4136ff4b53ffep-287,0x1.3fbc32145c8fbp-359,0x1.4136ff4b53fffp-287,5.04599564014176698e-87
9,234,0x1.9880202bc24d3p-289,0x1.3fbc32145c8fbp-359,0x1.9880202bc24d4p-289,1.60429367231720365e-87
9,235,0x1.0369203237bdbp-290,0x1.3fbc32145c8fbp-359,0x1.0369203237bdcp-290,5.09388445836392364e-88
9,236,0x1.490949e7eea02p-292,0x1.3fbc32145c8fbp-359,0x1.490949e7eea03p-292,1.61526987146252226e-88
9,237,0x1.a0ce207117d7bp-294,0x1.3fbc32145c8fbp-359,0x1.a0ce207117d7cp-294,5.11533899455398964e-89
9,238,0x1.07a67a585fe0dp-295,0x1.3fbc32145c8fbp-359,0x1.07a67a585fe0ep-295,1.61785498269782276e-89
9,239,0x1.4d1cf78faed6ap-297,0x1.3fbc32145c8fbp-359,0x1.4d1cf78faed6bp-297,5.11026125021620121e-90
9,240,0x1.a455e545091ecp-299,0x1.3fbc32145c8fbp-359,0x1.a455e545091edp-299,1.61208312634922822e-90
9,241,0x1.08dbbdf6d9f5ep-300,0x1.3fbc32145c8fbp-359,0x1.08dbbdf6d9f5fp-300,5.07896281448510973e-91
9,242,0x1.4d5ae25ebb8bap-302,0x1.3fbc32145c8fbp-359,0x1.4d5ae25ebb8bbp-302,1.59811614626606069e-91
9,243,0x1.a3087e5c232c7p-304,0x1.3fbc32145c8fbp-359,0x1.a3087e5c232c8p-304,5.02215096765115069e-92
9,244,0x1.070876c56f505p-305,0x1.3fbc32145c8fbp-359,0x1.070876c56f506p-305,1.57623765541921493e-92
9,245,0x1.49cdacad36418p-307,0x1.3fbc32145c8fbp-359,0x1.49cdacad3641ap-307,4.94090513531624756e-93
9,246,0x1.9d01406a523d9p-309,0x1.3fbc32145c8fbp-359,0x1.9d01406a523dfp-309,1.54684417912369114e-93
9,247,0x1.0246776e18d4cp-310,0x1.3fbc32145c8fbp-359,0x1.0246776e18d57p-310,4.83664470832031144e-94
9,248,0x1.42a06ef60ad97p-312,0x1.3fbc32145c8fbp-359,0x1.42a06ef60adcp-312,1.51043376062893807e-94
9,249,0x1.928356e0123e2p-314,0x1.3fbc32145c8fbp-359,0x1.928356e012483p-314,4.71108950560667632e-95
9,250,0x1.f58fb51e9e7afp-316,0x1.3fbc32145c8fbp-359,0x1.f58fb51e9ea2fp-316,1.46759246715082407e-95
9,251,0x1.381ba53211b1ep-317,0x1.3fbc32145c8fbp-359,0x1.381ba5321201ep-317,4.56621435702057464e-96
9,252,0x1.83f53b2dd8f9ap-319,0x1.3fbc32145c8fbp-359,0x1.83f53b2dda397p-319,1.41897928703189058e-96
9,253,0x1.e1a787f2559f1p-321,0x1.3fbc32145c8fbp-359,0x1.e1a787f25a9e1p-321,4.40419941504172025e-97
9,254,0x1.2aa0a4da46927p-322,0x1.3fbc32145c8fbp-359,0x1.2aa0a4da50906p-322,1.36530993941539175e-97
9,255,0x1.71da7937125ccp-324,0x1.3fbc32145c8fbp-359,0x1.71da79373a545p-324,4.22737786659099756e-98
9,256,0x1.c98453b4eba09p-326,0x1.3fbc32145c8fbp-359,0x1.c98453b58b7ecp-326,1.30734012656973741e-98
9,257,0x1.1aa3fce8b1f8ap-327,0x1.3fbc32145c8fbp-359,0x1.1aa3fce9f1b4ep-327,4.03818271018406955e-99
9,258,0x1.5ccc42ff999edp-329,0x1.3fbc32145c8fbp-359,0x1.5ccc4304988fbp-329,1.24584874711626246e-99
9,259,0x1.adedf70e97264p-331,0x1.3fbc32145c8fbp-359,0x1.adedf72292e97p-331,3.83909419797206148e-100
9,260,0x1.08a72f4d7e88ap-332,0x1.3fbc32145c8fbp-359,0x1.08a72f75760efp-332,1.18162156128998404e-100
9,261,0x1.457162f2e5468p-334,0x1.3fbc32145c8fbp-359,0x1.45716392c35fap-334,3.63258945862555666e-101
9,262,0x1.8fba021eb60e3p-336,0x1.3fbc32145c8fbp-359,0x1.8fba049e2e727p-336,1.11543579452393393e-101
9,263,0x1.ea646d4096d19p-338,0x1.3fbc32145c8fbp-359,0x1.ea64773e78624p-338,3.42109607462026630e-102
9,264,0x1.2c761b62e8c47p-339,0x1.3fbc32145c8fbp-359,0x1.2c762f5eabe5cp-339,1.04804653715037161e-102
9,265,0x1.6fc1952ce3e1p-341,0x1.3fbc32145c8fbp-359,0x1.6fc1e51bf0662p-341,3.20695551864754183e-103
9,266,0x1.c19a7bfdce6bdp-343,0x1.3fbc32145c8fbp-359,0x1.c19bbbba00804p-343,9.80180084032982036e-104
9,267,0x1.12845df7995e4p-344,0x1.3fbc32145c8fbp-359,0x1.1286dd6ffd871p-344,2.99244584729145300e-104
9,268,0x1.4ed7a0333ad11p-346,0x1.3fbc32145c8fbp-359,0x1.4ee19e14cb74p-346,9.12583171086772371e-105
9,269,0x1.97f47be3ac0aap-348,0x1.3fbc32145c8fbp-359,0x1.981c7369ee964p-348,2.78035332426642539e-105
9,270,0x1.f074ae9839be3p-350,0x1.3fbc32145c8fbp-359,0x1.f1148cb143ec8p-350,8.46619133827602228e-106
9,271,0x1.2db723ea55cd5p-351,0x1.3fbc32145c8fbp-359,0x1.2ef6e01c6a29fp-351,2.58002013150275492e-106
9,272,0x1.6e3db5ab97b02p-353,0x1.3fbc32145c8fbp-359,0x1.733ca673e9227p-353,7.90355937317807269e-107
9,273,0x1.bbce6b74717cbp-355,0x1.3fbc32145c8fbp-359,0x1.cfca2e95b745cp-355,2.46849778629670564e-107
9,274,0x1.0c253eb00e0c7p-356,0x1.3fbc32145c8fbp-359,0x1.341cc4f2999e7p-356,8.19956338142163709e-108
9,275,0x1.421f9b824f193p-358,0x1.3fbc32145c8fbp-359,0x1.e1fdb48c7d611p-358,3.20671636782581945e-108
9,276,0x1.7d77438fb4092p-360,0x1.3fbc32145c8fbp-359,0x1.fe77d3dc36945p-359,1.69808794473358874e-108
9,277,0x1.b33fa2c59737dp-362,0x1.3fbc32145c8fbp-359,0x1.7624266d0f76cp-359,1.24459238465176993e-108
9,278,0x1.c0d8dfd46288ap-364,0x1.3fbc32145c8fbp-359,0x1.4dc2f912ffa4p-359,1.11026839421261825e-108
9,279,0x1.51adce92f465dp-366,0x1.3fbc32145c8fbp-359,0x1.425f8db182789p-359,1.07238466935373109e-108
9,280,0x0p+0,0x1.3fbc32145c8fbp-359,0x1.3fbc32145c8fbp-359,1.06360889215101971e-108
10,0,0x1.047f41de17f9p+3,0x1.2c6b24e50112fp-275,0x1.047f41de17f91p+3,8.14053433778443214e+00
10,1,0x1.cc511b604bb9bp+2,0x1.2c6b24e50112fp-275,0x1.cc511b604bb9cp+2,7.19245037464034098e+00
10,2,0x1.92a284a6eecbap+2,0x1.2c6b24e50112fp-275,0x1.92a284a6eecbbp+2,6.29116932203322232e+00
10,3,0x1.5c9fd24a92562p+2,0x1.2c6b24e50112fp-275,0x1.5c9fd24a92563p+2,5.44725472719560155e+00
10,4,0x1.2acdfe1736427p+2,0x1.2c6b24e50112fp-275,0x1.2acdfe1736428p+2,4.66882278696815689e+00
10,5,0x1.fb0b1ee5f02c4p+1,0x1.2c6b24e50112fp-275,0x1.fb0b1ee5f02c5p+1,3.96127687671136863e+00
10,6,0x1.a9e5616e4e7a5p+1,0x1.2c6b24e50112fp-275,0x1.a9e5616e4e7a6p+1,3.32731264005720373e+00
10,7,0x1.623128d4d1e48p+1,0x1.2c6b24e50112fp-275,0x1.623128d4d1e49p+1,2.76712522880169276e+00
10,8,0x1.23ae35b439c23p+1,0x1.2c6b24e50112fp-275,0x1.23ae35b439c24p+1,2.27875396061019053e+00
10,9,0x1.dbc706ee8ad91p+0,0x1.2c6b24e50112fp-275,0x1.dbc706ee8ad92p+0,1.85850566219128099e+00
10,10,0x1.805c27c5f0b39p+0,0x1.2c6b24e50112fp-275,0x1.805c27c5f0b3ap+0,1.50140617926144992e+00
10,11,0x1.339ea7af1287ep+0,0x1.2c6b24e50112fp-275,0x1.339ea7af1287fp+0,1.20163963340976898e+00
10,12,0x1.e7e88bb9ed098p-1,0x1.2c6b24e50112fp-275,0x1.e7e88bb9ed099p-1,9.52946058698688536e-01
10,13,0x1.7f778acd662ecp-1,0x1.2c6b24e50112fp-275,0x1.7f778acd662edp-1,7.48958909581316612e-01
10,14,0x1.2abd0d59cbcd7p-1,0x1.2c6b24e50112fp-275,0x1.2abd0d59cbcd8p-1,5.83473603450239686e-01
10,15,0x1.cd762bbdf3bbdp-2,0x1.2c6b24e50112fp-275,0x1.cd762bbdf3bbep-2,4.50646098583941668e-01
10,16,0x1.6168c60e87255p-2,0x1.2c6b24e50112fp-275,0x1.6168c60e87256p-2,3.45126242291177276e-01
10,17,0x1.0c6cef2253eebp-2,0x1.2c6b24e50112fp-275,0x1.0c6cef2253eecp-2,2.62134300680357368e-01
10,18,0x1.9476240a7f405p-3,0x1.2c6b24e50112fp-275,0x1.9476240a7f406p-3,1.97490960665078485e-01
10,19,0x1.2e4ef6bdf5d6dp-3,0x1.2c6b24e50112fp-275,0x1.2e4ef6bdf5d6ep-3,1.47611549064758873e-01
10,20,0x1.c0687c70f7f24p-4,0x1.2c6b24e50112fp-275,0x1.c0687c70f7f25p-4,1.09474645708811893e-01
10,21,0x1.4a0804ba81763p-4,0x1.2c6b24e50112fp-275,0x1.4a0804ba81764p-4,8.05740532597077341e-02
10,22,0x1.e23199d498621p-5,0x1.2c6b24e50112fp-275,0x1.e23199d498622p-5,5.88615421772937936e-02
10,23,0x1.5daf5c440dbacp-5,0x1.2c6b24e50112fp-275,0x1.5daf5c440dbadp-5,4.26861574236946165e-02
10,24,0x1.f78d181764081p-6,0x1.2c6b24e50112fp-275,0x1.f78d181764082p-6,3.07343230502401601e-02
10,25,0x1.680405c1f6523p-6,0x1.2c6b24e50112fp-275,0x1.680405c1f6524p-6,2.19736152865596251e-02
10,26,0x1.ff3e99c0bb593p-7,0x1.2c6b24e50112fp-275,0x1.ff3e99c0bb594p-7,1.56019449945812641e-02
10,27,0x1.688bec1be2d69p-7,0x1.2c6b24e50112fp-275,0x1.688bec1be2d6ap-7,1.10030081630358607e-02
10,28,0x1.f92a5f9f08db3p-8,0x1.2c6b24e50112fp-275,0x1.f92a5f9f08db4p-8,7.70821413519533552e-03
10,29,0x1.5f97582f3ac5cp-8,0x1.2c6b24e50112fp-275,0x1.5f97582f3ac5dp-8,5.36485579435027910e-03
10,30,0x1.e64730954f924p-9,0x1.2c6b24e50112fp-275,0x1.e64730954f925p-9,3.71000736291117678e-03
10,31,0x1.4e2a8fe339c5bp-9,0x1.2c6b24e50112fp-275,0x1.4e2a8fe339c5cp-9,2.54948622169907761e-03
10,32,0x1.c86f4d7aff3e9p-10,0x1.2c6b24e50112fp-275,0x1.c86f4d7aff3eap-10,1.74116049197369860e-03
10,33,0x1.35d39473a67e3p-10,0x1.2c6b24e50112fp-275,0x1.35d39473a67e4p-10,1.18189424111969036e-03
10,34,0x1.a21b03fda7a38p-11,0x1.2c6b24e50112fp-275,0x1.a21b03fda7a39p-11,7.97473010340449891e-04
10,35,0x1.18747dab30f81p-11,0x1.2c6b24e50112fp-275,0x1.18747dab30f82p-11,5.34925541977746217e-04
10,36,0x1.76119f5475f74p-12,0x1.2c6b24e50112fp-275,0x1.76119f5475f75p-12,3.56739842826573575e-04
10,37,0x1.f01701be077b5p-13,0x1.2c6b24e50112fp-275,0x1.f01701be077b6p-13,2.36554083984095379e-04
10,38,0x1.471cfa0072f75p-13,0x1.2c6b24e50112fp-275,0x1.471cfa0072f76p-13,1.55979723798767712e-04
10,39,0x1.ad011be80f4e4p-14,0x1.2c6b24e50112fp-275,0x1.ad011be80f4e5p-14,1.02282603280340662e-04
10,40,0x1.17c96719b15e7p-14,0x1.2c6b24e50112fp-275,0x1.17c96719b15e8p-14,6.67063544837681122e-05
10,41,0x1.6afc3fa91ae4ap-15,0x1.2c6b24e50112fp-275,0x1.6afc3fa91ae4bp-15,4.32712252596804489e-05
10,42,0x1.d46fe60c2f2b5p-16,0x1.2c6b24e50112fp-275,0x1.d46fe60c2f2b6p-16,2.79210271833969713e-05
10,43,0x1.2cb02b337dceep-16,0x1.2c6b24e50112fp-275,0x1.2cb02b337dcefp-16,1.79224109171067840e-05
10,44,0x1.800a198cdb831p-17,0x1.2c6b24e50112fp-275,0x1.800a198cdb832p-17,1.14452675689901709e-05
10,45,0x1.e80314ff0ba6fp-18,0x1.2c6b24e50112fp-275,0x1.e80314ff0ba7p-18,7.27194605957982973e-06
10,46,0x1.34848de71d42dp-18,0x1.2c6b24e50112fp-275,0x1.34848de71d42ep-18,4.59727332390462856e-06
10,47,0x1.8429a6b40ef1bp-19,0x1.2c6b24e50112fp-275,0x1.8429a6b40ef1cp-19,2.89203748063221525e-06
10,48,0x1.e5fe09d0b6a78p-20,0x1.2c6b24e50112fp-275,0x1.e5fe09d0b6a79p-20,1.81046253915650863e-06
10,49,0x1.2ec72f7df8c78p-20,0x1.2c6b24e50112fp-275,0x1.2ec72f7df8c79p-20,1.12793620087798698e-06
10,50,0x1.777a8e9d8d08bp-21,0x1.2c6b24e50112fp-275,0x1.777a8e9d8d08cp-21,6.99383651164943694e-07
10,51,0x1.cf749fb2d6595p-22,0x1.2c6b24e50112fp-275,0x1.cf749fb2d6596p-22,4.31626627041953384e-07
10,52,0x1.1cb3432fdd74ap-22,0x1.2c6b24e50112fp-275,0x1.1cb3432fdd74bp-22,2.65147764181575916e-07
10,53,0x1.5c2f28f059969p-23,0x1.2c6b24e50112fp-275,0x1.5c2f28f05996ap-23,1.62135911373205560e-07
10,54,0x1.a7e6f9ceb65fbp-24,0x1.2c6b24e50112fp-275,0x1.a7e6f9ceb65fcp-24,9.86974335414114519e-08
10,55,0x1.00e46c09cdee5p-24,0x1.2c6b24e50112fp-275,0x1.00e46c09cdee6p-24,5.98123933965358035e-08
10,56,0x1.35fd735f0529bp-25,0x1.2c6b24e50112fp-275,0x1.35fd735f0529cp-25,3.60875904646685307e-08
10,57,0x1.746eceeaab717p-26,0x1.2c6b24e50112fp-275,0x1.746eceeaab718p-26,2.16784447430371668e-08
10,58,0x1.bd86bc0d75555p-27,0x1.2c6b24e50112fp-275,0x1.bd86bc0d75556p-27,1.29665221016191344e-08
10,59,0x1.0958f52498b6p-27,0x1.2c6b24e50112fp-275,0x1.0958f52498b61p-27,7.72262837809520329e-09
10,60,0x1.3abdb95afd54dp-28,0x1.2c6b24e50112fp-275,0x1.3abdb95afd54ep-28,4.58008594504467239e-09
10,61,0x1.73c62179a0d29p-29,0x1.2c6b24e50112fp-275,0x1.73c62179a0d2ap-29,2.70501148981308176e-09
10,62,0x1.b554f477e9de9p-30,0x1.2c6b24e50112fp-275,0x1.b554f477e9deap-30,1.59100402121816294e-09
10,63,0x1.002d2b83cf728p-30,0x1.2c6b24e50112fp-275,0x1.002d2b83cf729p-30,9.31964478638977345e-10
10,64,0x1.2ae93c8126288p-31,0x1.2c6b24e50112fp-275,0x1.2ae93c8126289p-31,5.43716086167891957e-10
10,65,0x1.5b61ee0e9bc56p-32,0x1.2c6b24e50112fp-275,0x1.5b61ee0e9bc57p-32,3.15942578447475371e-10
10,66,0x1.921e9773db5d5p-33,0x1.2c6b24e50112fp-275,0x1.921e9773db5d6p-33,1.82862776674827465e-10
10,67,0x1.cfa95c8327d69p-34,0x1.2c6b24e50112fp-275,0x1.cfa95c8327d6ap-34,1.05424434849755428e-10
10,68,0x1.0a46d5f754374p-34,0x1.2c6b24e50112fp-275,0x1.0a46d5f754375p-34,6.05443125014120716e-11
10,69,0x1.30ab4359e85adp-35,0x1.2c6b24e50112fp-275,0x1.30ab4359e85aep-35,3.46368547579663678e-11
10,70,0x1.5b46496fb9697p-36,0x1.2c6b24e50112fp-275,0x1.5b46496fb9698p-36,1.97402731629885439e-11
10,71,0x1.8a59feb48a551p-37,0x1.2c6b24e50112fp-275,0x1.8a59feb48a552p-37,1.12081449612863362e-11
10,72,0x1.be251837966b4p-38,0x1.2c6b24e50112fp-275,0x1.be251837966b5p-38,6.34010036683058558e-12
10,73,0x1.f6e1b256e6069p-39,0x1.2c6b24e50112fp-275,0x1.f6e1b256e606ap-39,3.57318887363085231e-12
10,74,0x1.1a6205a4a88d8p-39,0x1.2c6b24e50112fp-275,0x1.1a6205a4a88d9p-39,2.00645117309044959e-12
10,75,0x1.3bfc9a320c5bfp-40,0x1.2c6b24e50112fp-275,0x1.3bfc9a320c5cp-40,1.12261037030459045e-12
10,76,0x1.6052dfda76c91p-41,0x1.2c6b24e50112fp-275,0x1.6052dfda76c92p-41,6.25852664326896567e-13
10,77,0x1.8772380faf74dp-42,0x1.2c6b24e50112fp-275,0x1.8772380faf74ep-42,3.47674038827169368e-13
10,78,0x1.b16279537e0d9p-43,0x1.2c6b24e50112fp-275,0x1.b16279537e0dap-43,1.92461452903641087e-13
10,79,0x1.de2553f425d15p-44,0x1.2c6b24e50112fp-275,0x1.de2553f425d16p-44,1.06169697984677274e-13
10,80,0x1.06dae13d4929bp-44,0x1.2c6b24e50112fp-275,0x1.06dae13d4929cp-44,5.83655344900029243e-14
10,81,0x1.2003c4b4365efp-45,0x1.2c6b24e50112fp-275,0x1.2003c4b4365fp-45,3.19760573812723566e-14
10,82,0x1.3a8364e8bc007p-46,0x1.2c6b24e50112fp-275,0x1.3a8364e8bc008p-46,1.74589930568822801e-14
10,83,0x1.564bd51883c77p-47,0x1.2c6b24e50112fp-275,0x1.564bd51883c78p-47,9.50062862640388544e-15
10,84,0x1.734b0c4cf60b3p-48,0x1.2c6b24e50112fp-275,0x1.734b0c4cf60b4p-48,5.15272763960556328e-15
10,85,0x1.916ad482a42dbp-49,0x1.2c6b24e50112fp-275,0x1.916ad482a42dcp-49,2.78539209162897223e-15
10,86,0x1.b090c90a4f81ep-50,0x1.2c6b24e50112fp-275,0x1.b090c90a4f81fp-50,1.50076329013801235e-15
10,87,0x1.d09e650b81e1bp-51,0x1.2c6b24e50112fp-275,0x1.d09e650b81e1cp-51,8.05985017136139897e-16
10,88,0x1.f17122c5a9abfp-52,0x1.2c6b24e50112fp-275,0x1.f17122c5a9acp-52,4.31462102877574990e-16
10,89,0x1.097155ed3d40bp-52,0x1.2c6b24e50112fp-275,0x1.097155ed3d40cp-52,2.30234856689701710e-16
10,90,0x1.1a648d4a6ffcfp-53,0x1.2c6b24e50112fp-275,0x1.1a648d4a6ffdp-53,1.22468346629709813e-16
10,91,0x1.2b7ba5e29cd41p-54,0x1.2c6b24e50112fp-275,0x1.2b7ba5e29cd42p-54,6.49400238352490887e-17
10,92,0x1.3c9ea038150cdp-55,0x1.2c6b24e50112fp-275,0x1.3c9ea038150cep-55,3.43279693135939489e-17
10,93,0x1.4db44719aeffap-56,0x1.2c6b24e50112fp-275,0x1.4db44719aeffbp-56,1.80901414673217354e-17
10,94,0x1.5ea26e76dcc3bp-57,0x1.2c6b24e50112fp-275,0x1.5ea26e76dcc3cp-57,9.50396711339625640e-18
10,95,0x1.6f4e37f452c8dp-58,0x1.2c6b24e50112fp-275,0x1.6f4e37f452c8ep-58,4.97791832299139160e-18
10,96,0x1.7f9c5c3c7b01cp-59,0x1.2c6b24e50112fp-275,0x1.7f9c5c3c7b01dp-59,2.59944777300996327e-18
10,97,0x1.8f7177e889fe5p-60,0x1.2c6b24e50112fp-275,0x1.8f7177e889fe6p-60,1.35336632548204976e-18
10,98,0x1.9eb25ac6b8ac8p-61,0x1.2c6b24e50112fp-275,0x1.9eb25ac6b8ac9p-61,7.02523532030040857e-19
10,99,0x1.ad44583099b35p-62,0x1.2c6b24e50112fp-275,0x1.ad44583099b36p-62,3.63603267325744345e-19
10,100,0x1.bb0d971a3eff5p-63,0x1.2c6b24e50112fp-275,0x1.bb0d971a3eff6p-63,1.87640280989927087e-19
10,101,0x1.c7f560803a597p-64,0x1.2c6b24e50112fp-275,0x1.c7f560803a598p-64,9.65529688114458545e-20
10,102,0x1.d3e46adf8bba2p-65,0x1.2c6b24e50112fp-275,0x1.d3e46adf8bba3p-65,4.95400195488094187e-20
10,103,0x1.dec5216f2c25dp-66,0x1.2c6b24e50112fp-275,0x1.dec5216f2c25ep-66,2.53458749523765759e-20
10,104,0x1.e883e5e6c1577p-67,0x1.2c6b24e50112fp-275,0x1.e883e5e6c1578p-67,1.29308903845896286e-20
10,105,0x1.f10f4bb8a0541p-68,0x1.2c6b24e50112fp-275,0x1.f10f4bb8a0542p-68,6.57853100461978202e-21
10,106,0x1.f8584bc5e83a1p-69,0x1.2c6b24e50112fp-275,0x1.f8584bc5e83a2p-69,3.33747462762362012e-21
10,107,0x1.fe526fb95094ap-70,0x1.2c6b24e50112fp-275,0x1.fe526fb95094bp-70,1.68851391538277478e-21
10,108,0x1.0179fa2fa5e69p-70,0x1.2c6b24e50112fp-275,0x1.0179fa2fa5e6ap-70,8.51918189221525078e-22
10,109,0x1.031af13fa18ebp-71,0x1.2c6b24e50112fp-275,0x1.031af13fa18ecp-71,4.28653668334203593e-22
10,110,0x1.040a0ef468debp-72,0x1.2c6b24e50112fp-275,0x1.040a0ef468decp-72,2.15099459761633872e-22
10,111,0x1.0446b54beb063p-73,0x1.2c6b24e50112fp-275,0x1.0446b54beb064p-73,1.07647714873381616e-22
10,112,0x1.03d1b400e3f5ap-74,0x1.2c6b24e50112fp-275,0x1.03d1b400e3f5bp-74,5.37293415091279423e-23
10,113,0x1.02ad416672945p-75,0x1.2c6b24e50112fp-275,0x1.02ad416672946p-75,2.67465520816756147e-23
10,114,0x1.00dceeaeb172p-76,0x1.2c6b24e50112fp-275,0x1.00dceeaeb1721p-76,1.32795067342407525e-23
10,115,0x1.fccb2fccfa6fdp-78,0x1.2c6b24e50112fp-275,0x1.fccb2fccfa6fep-78,6.57600442004543983e-24
10,116,0x1.f69aa005060c1p-79,0x1.2c6b24e50112fp-275,0x1.f69aa005060c2p-79,3.24800225055046798e-24
10,117,0x1.ef3692d24606ep-80,0x1.2c6b24e50112fp-275,0x1.ef3692d24606fp-80,1.60012007722878832e-24
10,118,0x1.e6af76e2c9effp-81,0x1.2c6b24e50112fp-275,0x1.e6af76e2c9fp-81,7.86282683102685474e-25
10,119,0x1.dd178ab1fd2bdp-82,0x1.2c6b24e50112fp-275,0x1.dd178ab1fd2bep-82,3.85391816187856240e-25
10,120,0x1.d2829e74471e2p-83,0x1.2c6b24e50112fp-275,0x1.d2829e74471e3p-83,1.88421981483315310e-25
10,121,0x1.c705d31b025e7p-84,0x1.2c6b24e50112fp-275,0x1.c705d31b025e8p-84,9.18911130637308599e-26
10,122,0x1.bab7578ae3741p-85,0x1.2c6b24e50112fp-275,0x1.bab7578ae3742p-85,4.47029102272405131e-26
10,123,0x1.adae251a8033fp-86,0x1.2c6b24e50112fp-275,0x1.adae251a8034p-86,2.16933090466363156e-26
10,124,0x1.a001bc64e9e85p-87,0x1.2c6b24e50112fp-275,0x1.a001bc64e9e86p-87,1.05014875447192336e-26
10,125,0x1.91c9e36db634dp-88,0x1.2c6b24e50112fp-275,0x1.91c9e36db634ep-88,5.07128543416753111e-27
10,126,0x1.831e6600fd5bep-89,0x1.2c6b24e50112fp-275,0x1.831e6600fd5bfp-89,2.44306274227789141e-27
10,127,0x1.7416d9236982fp-90,0x1.2c6b24e50112fp-275,0x1.7416d9236983p-90,1.17410665273526972e-27
10,128,0x1.64ca624d27c87p-91,0x1.2c6b24e50112fp-275,0x1.64ca624d27c88p-91,5.62916252153253431e-28
10,129,0x1.554f830f1d229p-92,0x1.2c6b24e50112fp-275,0x1.554f830f1d22ap-92,2.69246583791125451e-28
10,130,0x1.45bbe9a4eb3cp-93,0x1.2c6b24e50112fp-275,0x1.45bbe9a4eb3c1p-93,1.28479422413059864e-28
10,131,0x1.362446d8cd66fp-94,0x1.2c6b24e50112fp-275,0x1.362446d8cd67p-94,6.11646667429146693e-29
10,132,0x1.269c2980d3263p-95,0x1.2c6b24e50112fp-275,0x1.269c2980d3264p-95,2.90507897282447341e-29
10,133,0x1.1735dfc0200bep-96,0x1.2c6b24e50112fp-275,0x1.1735dfc0200bfp-96,1.37661377946555607e-29
10,134,0x1.08025e1b328a5p-97,0x1.2c6b24e50112fp-275,0x1.08025e1b328a6p-97,6.50833045990088159e-30
10,135,0x1.f22258a88add7p-99,0x1.2c6b24e50112fp-275,0x1.f22258a88add8p-99,3.06998881699480868e-30
10,136,0x1.d4e0afda2b8a4p-100,0x1.2c6b24e50112fp-275,0x1.d4e0afda2b8a5p-100,1.44484091281127504e-30
10,137,0x1.b858d82c0e8f7p-101,0x1.2c6b24e50112fp-275,0x1.b858d82c0e8f8p-101,6.78462053340594233e-31
10,138,0x1.9ca0dd8018972p-102,0x1.2c6b24e50112fp-275,0x1.9ca0dd8018973p-102,3.17877341045511067e-31
10,139,0x1.81cbc4ee0c027p-103,0x1.2c6b24e50112fp-275,0x1.81cbc4ee0c028p-103,1.48603203619687724e-31
10,140,0x1.67e9993b39137p-104,0x1.2c6b24e50112fp-275,0x1.67e9993b39138p-104,6.93166250275317444e-32
10,141,0x1.4f077f33aa35ap-105,0x1.2c6b24e50112fp-275,0x1.4f077f33aa35bp-105,3.22621465821021133e-32
10,142,0x1.372fd0f5c10d3p-106,0x1.2c6b24e50112fp-275,0x1.372fd0f5c10d4p-106,1.49830985546742518e-32
10,143,0x1.206a3f393aa92p-107,0x1.2c6b24e50112fp-275,0x1.206a3f393aa93p-107,6.94333921655384830e-33
10,144,0x1.0abbf797d3627p-108,0x1.2c6b24e50112fp-275,0x1.0abbf797d3628p-108,3.21069670595264553e-33
10,145,0x1.ec4f9dbfaaaddp-110,0x1.2c6b24e50112fp-275,0x1.ec4f9dbfaaadep-110,1.48149452874981668e-33
10,146,0x1.c55cdcfe7baddp-111,0x1.2c6b24e50112fp-275,0x1.c55cdcfe7badep-111,6.82144445557297834e-34
10,147,0x1.a09d0840932e3p-112,0x1.2c6b24e50112fp-275,0x1.a09d0840932e4p-112,3.13425092226759492e-34
10,148,0x1.7e09e53b109dap-113,0x1.2c6b24e50112fp-275,0x1.7e09e53b109dbp-113,1.43706969475782933e-34
10,149,0x1.5d9a0706fedc1p-114,0x1.2c6b24e50112fp-275,0x1.5d9a0706fedc2p-114,6.57527660486207509e-35
10,150,0x1.3f4130cf9558ap-115,0x1.2c6b24e50112fp-275,0x1.3f4130cf9558bp-115,3.00225631021530852e-35
10,151,0x1.22f0b6e1fbd01p-116,0x1.2c6b24e50112fp-275,0x1.22f0b6e1fbd02p-116,1.36799467196315385e-35
10,152,0x1.0897dcfd8b7dcp-117,0x1.2c6b24e50112fp-275,0x1.0897dcfd8b7ddp-117,6.22055660868310838e-36
10,153,0x1.e04861d9897f1p-119,0x1.2c6b24e50112fp-275,0x1.e04861d9897f2p-119,2.82284825637380004e-36
10,154,0x1.b303c1309e3fbp-120,0x1.2c6b24e50112fp-275,0x1.b303c1309e3fcp-120,1.27839320776568174e-36
10,155,0x1.893815db1d57bp-121,0x1.2c6b24e50112fp-275,0x1.893815db1d57cp-121,5.77783514104597021e-37
10,156,0x1.62ba1631ea32p-122,0x1.2c6b24e50112fp-275,0x1.62ba1631ea321p-122,2.60612167755178205e-37
10,157,0x1.3f5d7b714b063p-123,0x1.2c6b24e50112fp-275,0x1.3f5d7b714b064p-123,1.17316233472380139e-37
10,158,0x1.1ef57f9ba43e3p-124,0x1.2c6b24e50112fp-275,0x1.1ef57f9ba43e4p-124,5.27060403154544090e-38
10,159,0x1.01554ea426525p-125,0x1.2c6b24e50112fp-275,0x1.01554ea426526p-125,2.36323249669938962e-38
10,160,0x1.cca0d5c6688f1p-127,0x1.2c6b24e50112fp-275,0x1.cca0d5c6688f2p-127,1.05755062451000197e-38
10,161,0x1.9b760a0dbb975p-128,0x1.2c6b24e50112fp-275,0x1.9b760a0dbb976p-128,4.72334167913751779e-39
10,162,0x1.6ed48fb722b71p-129,0x1.2c6b24e50112fp-275,0x1.6ed48fb722b72p-129,2.10550276576329717e-39
10,163,0x1.466930d86cbc5p-130,0x1.2c6b24e50112fp-275,0x1.466930d86cbc6p-130,9.36753346788220483e-40
10,164,0x1.21e3962abc5d3p-131,0x1.2c6b24e50112fp-275,0x1.21e3962abc5d4p-131,4.15970329292439198e-40
10,165,0x1.00f69c7af3009p-132,0x1.2c6b24e50112fp-275,0x1.00f69c7af300ap-132,1.84362144250763365e-40
10,166,0x1.c6b12dd1941b6p-134,0x1.2c6b24e50112fp-275,0x1.c6b12dd1941b7p-134,8.15563966745508990e-41
10,167,0x1.9186ff1e84e05p-135,0x1.2c6b24e50112fp-275,0x1.9186ff1e84e06p-135,3.60102164062880090e-41
10,168,0x1.61ea307aa8ab4p-136,0x1.2c6b24e50112fp-275,0x1.61ea307aa8ab5p-136,1.58700886038656753e-41
10,169,0x1.375df9d2c3027p-137,0x1.2c6b24e50112fp-275,0x1.375df9d2c3028p-137,6.98109167381931084e-42
10,170,0x1.116d530bf442bp-138,0x1.2c6b24e50112fp-275,0x1.116d530bf442cp-138,3.06522322469330014e-42
10,171,0x1.df55d3508944bp-140,0x1.2c6b24e50112fp-275,0x1.df55d3508944cp-140,1.34338351529169719e-42
10,172,0x1.a36206fe3e12dp-141,0x1.2c6b24e50112fp-275,0x1.a36206fe3e12ep-141,5.87680640648501167e-43
10,173,0x1.6e42a2f546a35p-142,0x1.2c6b24e50112fp-275,0x1.6e42a2f546a36p-142,2.56619997296341332e-43
10,174,0x1.3f496a381fff6p-143,0x1.2c6b24e50112fp-275,0x1.3f496a381fff7p-143,1.11854017581771610e-43
10,175,0x1.15d5f6ac13a33p-144,0x1.2c6b24e50112fp-275,0x1.15d5f6ac13a34p-144,4.86663591380420577e-44
10,176,0x1.e2aa3c53801e5p-146,0x1.2c6b24e50112fp-275,0x1.e2aa3c53801e6p-146,2.11361781083553906e-44
10,177,0x1.a28096522d007p-147,0x1.2c6b24e50112fp-275,0x1.a28096522d008p-147,9.16322846095672182e-45
10,178,0x1.6a3999ad4b7fdp-148,0x1.2c6b24e50112fp-275,0x1.6a3999ad4b7fep-148,3.96551045222697917e-45
10,179,0x1.38f643df5d29ep-149,0x1.2c6b24e50112fp-275,0x1.38f643df5d29fp-149,1.71309817332232364e-45
10,180,0x1.0dec82aa7f8dbp-150,0x1.2c6b24e50112fp-275,0x1.0dec82aa7f8dcp-150,7.38757622736626154e-46
10,181,0x1.d0cb8b77bf899p-152,0x1.2c6b24e50112fp-275,0x1.d0cb8b77bf89ap-152,3.18025710671162664e-46
10,182,0x1.8f7b2a2b820b1p-153,0x1.2c6b24e50112fp-275,0x1.8f7b2a2b820b2p-153,1.36668034440925758e-46
10,183,0x1.56c05fa1a2b2fp-154,0x1.2c6b24e50112fp-275,0x1.56c05fa1a2b3p-154,5.86300162901539631e-47
10,184,0x1.25926c369e7a4p-155,0x1.2c6b24e50112fp-275,0x1.25926c369e7a5p-155,2.51087611028022709e-47
10,185,0x1.f6098305a1ea5p-157,0x1.2c6b24e50112fp-275,0x1.f6098305a1ea6p-157,1.07346175387276864e-47
10,186,0x1.ac891ffa2ee4cp-158,0x1.2c6b24e50112fp-275,0x1.ac891ffa2ee4dp-158,4.58149978717226220e-48
10,187,0x1.6d2ceb6c5a9cfp-159,0x1.2c6b24e50112fp-275,0x1.6d2ceb6c5a9dp-159,1.95205620384183461e-48
10,188,0x1.36a89fb219ca1p-160,0x1.2c6b24e50112fp-275,0x1.36a89fb219ca2p-160,8.30317574863978622e-49
10,189,0x1.07d65fbe0eb23p-161,0x1.2c6b24e50112fp-275,0x1.07d65fbe0eb24p-161,3.52587643840754929e-49
10,190,0x1.bf65d310729b4p-163,0x1.2c6b24e50112fp-275,0x1.bf65d310729b5p-163,1.49473615309846771e-49
10,191,0x1.7ab41ffe6b20cp-164,0x1.2c6b24e50112fp-275,0x1.7ab41ffe6b20dp-164,6.32616033069109233e-50
10,192,0x1.4006f650e7aefp-165,0x1.2c6b24e50112fp-275,0x1.4006f650e7afp-165,2.67299186155289776e-50
10,193,0x1.0dff58bed2ddap-166,0x1.2c6b24e50112fp-275,0x1.0dff58bed2ddbp-166,1.12756195399245305e-50
10,194,0x1.c6d51050f2c43p-168,0x1.2c6b24e50112fp-275,0x1.c6d51050f2c44p-168,4.74867057644846420e-51
10,195,0x1.7e7a17f688905p-169,0x1.2c6b24e50112fp-275,0x1.7e7a17f688906p-169,1.99662272651354356e-51
10,196,0x1.411c618d5b8e8p-170,0x1.2c6b24e50112fp-275,0x1.411c618d5b8e9p-170,8.38138461001139450e-52
10,197,0x1.0d27ebcb69fb4p-171,0x1.2c6b24e50112fp-275,0x1.0d27ebcb69fb5p-171,3.51264893779423571e-52
10,198,0x1.c27d8b97b04a3p-173,0x1.2c6b24e50112fp-275,0x1.c27d8b97b04a4p-173,1.46979354670256072e-52
10,199,0x1.7864f505a5578p-174,0x1.2c6b24e50112fp-275,0x1.7864f505a5579p-174,6.14021955860260321e-53
10,200,0x1.39fc5c33894b5p-175,0x1.2c6b24e50112fp-275,0x1.39fc5c33894b6p-175,2.56106603174020576e-53
10,201,0x1.0582bd846ddf2p-176,0x1.2c6b24e50112fp-275,0x1.0582bd846ddf3p-176,1.06652310451735872e-53
10,202,0x1.b2ecec0a651f7p-178,0x1.2c6b24e50112fp-275,0x1.b2ecec0a651f8p-178,4.43440805674453884e-54
10,203,0x1.691a005344ca7p-179,0x1.2c6b24e50112fp-275,0x1.691a005344ca8p-179,1.84085755591320607e-54
10,204,0x1.2b574e69ca74bp-180,0x1.2c6b24e50112fp-275,0x1.2b574e69ca74cp-180,7.63004463805097409e-55
10,205,0x1.ef8465365f339p-182,0x1.2c6b24e50112fp-275,0x1.ef8465365f33ap-182,3.15761757745662693e-55
10,206,0x1.997f072ab5207p-183,0x1.2c6b24e50112fp-275,0x1.997f072ab5208p-183,1.30473017761871505e-55
10,207,0x1.51e35b73ff50fp-184,0x1.2c6b24e50112fp-275,0x1.51e35b73ff51p-184,5.38286821621777975e-56
10,208,0x1.16601d46ac779p-185,0x1.2c6b24e50112fp-275,0x1.16601d46ac77ap-185,2.21738836211657471e-56
10,209,0x1.c9fdb5e022fc7p-187,0x1.2c6b24e50112fp-275,0x1.c9fdb5e022fc8p-187,9.12027309252686419e-57
10,210,0x1.782dbeee2375dp-188,0x1.2c6b24e50112fp-275,0x1.782dbeee2375ep-188,3.74554522206288495e-57
10,211,0x1.3483b4e424f5dp-189,0x1.2c6b24e50112fp-275,0x1.3483b4e424f5ep-189,1.53591225266067566e-57
10,212,0x1.f948439e6cc7dp-191,0x1.2c6b24e50112fp-275,0x1.f948439e6cc7ep-191,6.28875871832047047e-58
10,213,0x1.9d279d5701e65p-192,0x1.2c6b24e50112fp-275,0x1.9d279d5701e66p-192,2.57106828755459532e-58
10,214,0x1.515267ae0ccc2p-193,0x1.2c6b24e50112fp-275,0x1.515267ae0ccc3p-193,1.04957965160695119e-58
10,215,0x1.12fff24edf861p-194,0x1.2c6b24e50112fp-275,0x1.12fff24edf862p-194,4.27831975322000822e-59
10,216,0x1.bfb90550dadc1p-196,0x1.2c6b24e50112fp-275,0x1.bfb90550dadc2p-196,1.74136589678591664e-59
10,217,0x1.6bee108fa76dbp-197,0x1.2c6b24e50112fp-275,0x1.6bee108fa76dcp-197,7.07731743110877236e-60
10,218,0x1.27630763945fdp-198,0x1.2c6b24e50112fp-275,0x1.27630763945fep-198,2.87218244575685371e-60
10,219,0x1.decf05f410429p-200,0x1.2c6b24e50112fp-275,0x1.decf05f41042ap-200,1.16391943725938897e-60
10,220,0x1.83805bdf92293p-201,0x1.2c6b24e50112fp-275,0x1.83805bdf92294p-201,4.70981864075178192e-61
10,221,0x1.39275ff970772p-202,0x1.2c6b24e50112fp-275,0x1.39275ff970773p-202,1.90308684840411912e-61
10,222,0x1.f96a372d30519p-204,0x1.2c6b24e50112fp-275,0x1.f96a372d3051ap-204,7.67872234352310396e-62
10,223,0x1.97463cffb6577p-205,0x1.2c6b24e50112fp-275,0x1.97463cffb6578p-205,3.09384108400772185e-62
10,224,0x1.47b93439060acp-206,0x1.2c6b24e50112fp-275,0x1.47b93439060adp-206,1.24476810033657390e-62
10,225,0x1.07564d7cc1ceep-207,0x1.2c6b24e50112fp-275,0x1.07564d7cc1cefp-207,5.00107092326207838e-63
10,226,0x1.a69a95149f1fp-209,0x1.2c6b24e50112fp-275,0x1.a69a95149f1f1p-209,2.00643168329650567e-63
10,227,0x1.529f0ccb85db1p-210,0x1.2c6b24e50112fp-275,0x1.529f0ccb85db2p-210,8.03850347431663273e-64
10,228,0x1.0ef2e2b11a68cp-211,0x1.2c6b24e50112fp-275,0x1.0ef2e2b11a68dp-211,3.21601551976524448e-64
10,229,0x1.b0ff3810c176p-213,0x1.2c6b24e50112fp-275,0x1.b0ff3810c1761p-213,1.28485995788260472e-64
10,230,0x1.59805c1e1d68ep-214,0x1.2c6b24e50112fp-275,0x1.59805c1e1d68fp-214,5.12614375494380304e-65
10,231,0x1.134e2dd02be9bp-215,0x1.2c6b24e50112fp-275,0x1.134e2dd02be9cp-215,2.04232886624322756e-65
10,232,0x1.b6239f74e2a28p-217,0x1.2c6b24e50112fp-275,0x1.b6239f74e2a29p-217,8.12574218476140701e-66
10,233,0x1.5c2a19bdd30bp-218,0x1.2c6b24e50112fp-275,0x1.5c2a19bdd30b1p-218,3.22853434747668569e-66
10,234,0x1.144a1a8900aebp-219,0x1.2c6b24e50112fp-275,0x1.144a1a8900aecp-219,1.28101823978733946e-66
10,235,0x1.b5e8cd923484dp-221,0x1.2c6b24e50112fp-275,0x1.b5e8cd923484ep-221,5.07592559636619778e-67
10,236,0x1.5a910c4e477bfp-222,0x1.2c6b24e50112fp-275,0x1.5a910c4e477c1p-222,2.00857334713516125e-67
10,237,0x1.11e859fbdbda6p-223,0x1.2c6b24e50112fp-275,0x1.11e859fbdbda8p-223,7.93734250090349985e-68
10,238,0x1.b06222ef657bfp-225,0x1.2c6b24e50112fp-275,0x1.b06222ef657c5p-225,3.13241985319435288e-68
10,239,0x1.54d1a2480d6dfp-226,0x1.2c6b24e50112fp-275,0x1.54d1a2480d6e9p-226,1.23453856945560168e-68
10,240,0x1.0c499fe3e834p-227,0x1.2c6b24e50112fp-275,0x1.0c499fe3e8354p-227,4.85905274008184537e-69
10,241,0x1.a5d32a9bebc69p-229,0x1.2c6b24e50112fp-275,0x1.a5d32a9bebcb5p-229,1.90995532017105366e-69
10,242,0x1.4b2d6ed1d0777p-230,0x1.2c6b24e50112fp-275,0x1.4b2d6ed1d080ep-230,7.49759226646485595e-70
10,243,0x1.03ab0f0022c8p-231,0x1.2c6b24e50112fp-275,0x1.03ab0f0022dadp-231,2.93933983100593233e-70
10,244,0x1.96aaa26a27e05p-233,0x1.2c6b24e50112fp-275,0x1.96aaa26a282b8p-233,1.15082552660629248e-70
10,245,0x1.3e0690f67daaap-234,0x1.2c6b24e50112fp-275,0x1.3e0690f67e40ep-234,4.49990346925772611e-71
10,246,0x1.f0c42fff01479p-236,0x1.2c6b24e50112fp-275,0x1.f0c42fff03a07p-236,1.75724871462426270e-71
10,247,0x1.837b3a9d9c05bp-237,0x1.2c6b24e50112fp-275,0x1.837b3a9da0b77p-237,6.85333373781059946e-72
10,248,0x1.2dd9734999942p-238,0x1.2c6b24e50112fp-275,0x1.2dd97349a2f79p-238,2.66938616796119990e-72
10,249,0x1.d5ae55656a125p-240,0x1.2c6b24e50112fp-275,0x1.d5ae55658f9fcp-240,1.03839851558874259e-72
10,250,0x1.6cf2b07cbf7a5p-241,0x1.2c6b24e50112fp-275,0x1.6cf2b07d0a953p-241,4.03424318635883518e-73
10,251,0x1.1b356d2efcd11p-242,0x1.2c6b24e50112fp-275,0x1.1b356d2f9306bp-242,1.56533634950192191e-73
10,252,0x1.b6ff56234fb02p-244,0x1.2c6b24e50112fp-275,0x1.b6ff5625a8868p-244,6.06600898064105570e-74
10,253,0x1.53cffd56ed102p-245,0x1.2c6b24e50112fp-275,0x1.53cffd5b9ebccp-245,2.34774214316605242e-74
10,254,0x1.06b4db9de5657p-246,0x1.2c6b24e50112fp-275,0x1.06b4dba748beap-246,9.07510965130959577e-75
10,255,0x1.95af437f38edbp-248,0x1.2c6b24e50112fp-275,0x1.95af43a4c6526p-248,3.50356080957095951e-75
10,256,0x1.38d9571de5cdp-249,0x1.2c6b24e50112fp-275,0x1.38d9576900965p-249,1.35090830506602229e-75
10,257,0x1.e1ea8a8c4c081p-251,0x1.2c6b24e50112fp-275,0x1.e1ea8bb8b72dp-251,5.20238685621578535e-76
10,258,0x1.72b7350acad47p-252,0x1.2c6b24e50112fp-275,0x1.72b73763a11e5p-252,2.00097698471648601e-76
10,259,0x1.1cd2b1d92f765p-253,0x1.2c6b24e50112fp-275,0x1.1cd2b68adc09fp-253,7.68681338013667204e-77
10,260,0x1.b5201d69c1f42p-255,0x1.2c6b24e50112fp-275,0x1.b520303074428p-255,2.94929025773943164e-77
10,261,0x1.4f06275b38536p-256,0x1.2c6b24e50112fp-275,0x1.4f064ce89cf01p-256,1.13020664491566250e-77
10,262,0x1.0075529d6ed6dp-257,0x1.2c6b24e50112fp-275,0x1.00759db838102p-257,4.32583385333081259e-78
10,263,0x1.8828494c37d75p-259,0x1.2c6b24e50112fp-275,0x1.882975b75cbc6p-259,1.65369957144455076e-78
10,264,0x1.2b77822429fcap-260,0x1.2c6b24e50112fp-275,0x1.2b79dafa73c6bp-260,6.31427049176755708e-79
10,265,0x1.c8d171e6aa963p-262,0x1.2c6b24e50112fp-275,0x1.c8dad53fd1be5p-262,2.40812695304055522e-79
10,266,0x1.5c0137b1278e9p-263,0x1.2c6b24e50112fp-275,0x1.5c13fe6375debp-263,9.17377058558384282e-80
10,267,0x1.08ca8e5cfca7ep-264,0x1.2c6b24e50112fp-275,0x1.08f01bc199481p-264,3.49128504060854302e-80
10,268,0x1.9276207abbf13p-266,0x1.2c6b24e50112fp-275,0x1.930c560d2e71dp-266,1.32781680593570106e-80
10,269,0x1.317946a3e7398p-267,0x1.2c6b24e50112fp-275,0x1.32a5b1c8cc3aap-267,5.05114991445099531e-81
10,270,0x1.cf1a67c04d2e9p-269,0x1.2c6b24e50112fp-275,0x1.d3cc1453e132fp-269,1.92641036070512889e-81
10,271,0x1.5e808c4d93d17p-270,0x1.2c6b24e50112fp-275,0x1.67e3e574bbda1p-270,7.41022253273934027e-82
10,272,0x1.08c09201cc4d9p-271,0x1.2c6b24e50112fp-275,0x1.1b8744501c5edp-271,2.91895739163036585e-82
10,273,0x1.8ebb25a3438dfp-273,0x1.2c6b24e50112fp-275,0x1.d9d5eedc83d2cp-273,1.21954821503996606e-82
10,274,0x1.2a94b49e5068cp-274,0x1.2c6b24e50112fp-275,0x1.c0ca4710d0f25p-274,5.77543281657952737e-83
10,275,0x1.ba28ae981faeep-276,0x1.2c6b24e50112fp-275,0x1.04bfbe1888754p-274,3.35555116244568889e-83
10,276,0x1.3f9d6626f9f02p-277,0x1.2c6b24e50112fp-275,0x1.7c527e6ebf8f1p-275,2.44716330218782013e-83
10,277,0x1.b62b7dcc440c1p-279,0x1.2c6b24e50112fp-275,0x1.47cddcc1c553cp-275,2.10923842352302852e-83
10,278,0x1.09439f4c00663p-280,0x1.2c6b24e50112fp-275,0x1.34b541df61163p-275,1.98636549453391852e-83
10,279,0x1.c7349ab5333e7p-283,0x1.2c6b24e50112fp-275,0x1.2e32597fb6464p-275,1.94446850511814903e-83
10,280,0x0p+0,0x1.2c6b24e50112fp-275,0x1.2c6b24e50112fp-275,1.93302711619019380e-83
11,0,0x1.be59698cd3f22p+3,0x1.c09e4bd46a9a5p-198,0x1.be59698cd3f23p+3,1.39484145880265427e+01
11,1,0x1.9ec2176f811ebp+3,0x1.c09e4bd46a9a5p-198,0x1.9ec2176f811ecp+3,1.29611928155727227e+01
11,2,0x1.7f9b3d96a92f5p+3,0x1.c09e4bd46a9a5p-198,0x1.7f9b3d96a92f6p+3,1.19877002661319061e+01
11,3,0x1.610fed50763fcp+3,0x1.c09e4bd46a9a5p-198,0x1.610fed50763fdp+3,1.10331942149659827e+01
11,4,0x1.434cfac834afep+3,0x1.c09e4bd46a9a5p-198,0x1.434cfac834affp+3,1.01031469259519309e+01
11,5,0x1.267ef52b598b6p+3,0x1.c09e4bd46a9a5p-198,0x1.267ef52b598b7p+3,9.20299776522402446e+00
11,6,0x1.0ad03ead39f0cp+3,0x1.c09e4bd46a9a5p-198,0x1.0ad03ead39f0dp+3,8.33792051156299330e+00
11,7,0x1.e0ceb9cf2330fp+2,0x1.c09e4bd46a9a5p-198,0x1.e0ceb9cf2331p+2,7.51261754253643232e+00
11,8,0x1.aecb2a4eebc3dp+2,0x1.c09e4bd46a9a5p-198,0x1.aecb2a4eebc3ep+2,6.73115022379994166e+00
11,9,0x1.7fcbc398e251ap+2,0x1.c09e4bd46a9a5p-198,0x1.7fcbc398e251bp+2,5.99681177072605021e+00
11,10,0x1.53f88d856ffc5p+2,0x1.c09e4bd46a9a5p-198,0x1.53f88d856ffc6p+2,5.31204546004295786e+00
11,11,0x1.2b6b08980cff9p+2,0x1.c09e4bd46a9a5p-198,0x1.2b6b08980cffap+2,4.67840781067570255e+00
11,12,0x1.062e42da64d4cp+2,0x1.c09e4bd46a9a5p-198,0x1.062e42da64d4dp+2,4.09657355620886410e+00
11,13,0x1.c87f0b503a89p+1,0x1.c09e4bd46a9a5p-198,0x1.c87f0b503a891p+1,3.56637708108343832e+00
11,14,0x1.8b1f001d4999ep+1,0x1.c09e4bd46a9a5p-198,0x1.8b1f001d4999fp+1,3.08688355855993235e+00
11,15,0x1.54079ca15a4cap+1,0x1.c09e4bd46a9a5p-198,0x1.54079ca15a4cbp+1,2.65648229483176612e+00
11,16,0x1.22f17d5166937p+1,0x1.c09e4bd46a9a5p-198,0x1.22f17d5166938p+1,2.27299467539446809e+00
11,17,0x1.ef0cd46551fb1p+0,0x1.c09e4bd46a9a5p-198,0x1.ef0cd46551fb2p+0,1.93378951524389864e+00
11,18,0x1.a2ca4da9bb846p+0,0x1.c09e4bd46a9a5p-198,0x1.a2ca4da9bb847p+0,1.63589940446719750e+00
11,19,0x1.604a3b4734e9dp+0,0x1.c09e4bd46a9a5p-198,0x1.604a3b4734e9ep+0,1.37613268364376706e+00
11,20,0x1.26b386c6aa49ep+0,0x1.c09e4bd46a9a5p-198,0x1.26b386c6aa49fp+0,1.15117685651993162e+00
11,21,0x1.ea5666e85d69ep-1,0x1.c09e4bd46a9a5p-198,0x1.ea5666e85d69fp-1,9.57690444817405395e-01
11,22,0x1.95b304b8869ep-1,0x1.c09e4bd46a9a5p-198,0x1.95b304b8869e1p-1,7.92381427312019437e-01
11,23,0x1.4ddc4e283e1c2p-1,0x1.c09e4bd46a9a5p-198,0x1.4ddc4e283e1c3p-1,6.52071421062878520e-01
11,24,0x1.11471b0a9eeafp-1,0x1.c09e4bd46a9a5p-198,0x1.11471b0a9eebp-1,5.33745617910843961e-01
11,25,0x1.bd04f12ff39bcp-2,0x1.c09e4bd46a9a5p-198,0x1.bd04f12ff39bdp-2,4.34589165260060473e-01
11,26,0x1.68759e0b4d84dp-2,0x1.c09e4bd46a9a5p-198,0x1.68759e0b4d84ep-2,3.52011174621456813e-01
11,27,0x1.227735193a113p-2,0x1.c09e4bd46a9a5p-198,0x1.227735193a114p-2,2.83657865204547166e-01
11,28,0x1.d1bfc0fbb2cb8p-3,0x1.c09e4bd46a9a5p-198,0x1.d1bfc0fbb2cb9p-3,2.27416522675729899e-01
11,29,0x1.73882278d770ap-3,0x1.c09e4bd46a9a5p-198,0x1.73882278d770bp-3,1.81412000000755164e-01
11,30,0x1.26e82095043ddp-3,0x1.c09e4bd46a9a5p-198,0x1.26e82095043dep-3,1.43997435138344565e-01
11,31,0x1.d1e1ce5575595p-4,0x1.c09e4bd46a9a5p-198,0x1.d1e1ce5575596p-4,1.13740735999576209e-01
11,32,0x1.6e374dee7982dp-4,0x1.c09e4bd46a9a5p-198,0x1.6e374dee7982ep-4,8.94082111550182634e-02
11,33,0x1.1e803fc38656ep-4,0x1.c09e4bd46a9a5p-198,0x1.1e803fc38656fp-4,6.99465266010485948e-02
11,34,0x1.be2b34ed5d37ap-5,0x1.c09e4bd46a9a5p-198,0x1.be2b34ed5d37bp-5,5.44639619574018505e-02
11,35,0x1.59cc6dda80df5p-5,0x1.c09e4bd46a9a5p-198,0x1.59cc6dda80df6p-5,4.22117372109162420e-02
11,36,0x1.0ac7d673d6151p-5,0x1.c09e4bd46a9a5p-198,0x1.0ac7d673d6152p-5,3.25659931683640741e-02
11,37,0x1.99c71266cbe11p-6,0x1.c09e4bd46a9a5p-198,0x1.99c71266cbe12p-6,2.50108413412686928e-02
11,38,0x1.394ea6406ded9p-6,0x1.c09e4bd46a9a5p-198,0x1.394ea6406dedap-6,1.91227553893601257e-02
11,39,0x1.dcfc6a8b0e477p-7,0x1.c09e4bd46a9a5p-198,0x1.dcfc6a8b0e478p-7,1.45564575415042391e-02
11,40,0x1.698222666f2d1p-7,0x1.c09e4bd46a9a5p-198,0x1.698222666f2d2p-7,1.10323589295772441e-02
11,41,0x1.10cfb2715cc41p-7,0x1.c09e4bd46a9a5p-198,0x1.10cfb2715cc42p-7,8.32554066685109798e-03
11,42,0x1.9a01ca3a61952p-8,0x1.c09e4bd46a9a5p-198,0x1.9a01ca3a61953p-8,6.25621020515716979e-03
11,43,0x1.32cf132fa5835p-8,0x1.c09e4bd46a9a5p-198,0x1.32cf132fa5836p-8,4.68153208171000722e-03
11,44,0x1.c945b3ebd2facp-9,0x1.c09e4bd46a9a5p-198,0x1.c945b3ebd2fadp-9,3.48871060660901075e-03
11,45,0x1.535ed949b6b9ap-9,0x1.c09e4bd46a9a5p-198,0x1.535ed949b6b9bp-9,2.58919146004417183e-03
11,46,0x1.f5b41800c156dp-10,0x1.c09e4bd46a9a5p-198,0x1.f5b41800c156ep-10,1.91384693624859934e-03
11,47,0x1.715d49ce7a5b7p-10,0x1.c09e4bd46a9a5p-198,0x1.715d49ce7a5b8p-10,1.40901339511355188e-03
11,48,0x1.0edcbb88d1b54p-10,0x1.c09e4bd46a9a5p-198,0x1.0edcbb88d1b55p-10,1.03325743312306551e-03
11,49,0x1.8bb5e07786778p-11,0x1.c09e4bd46a9a5p-198,0x1.8bb5e07786779p-11,7.54757797895452072e-04
11,50,0x1.1ff0a24f8a87cp-11,0x1.c09e4bd46a9a5p-198,0x1.1ff0a24f8a87dp-11,5.49201920823763298e-04
11,51,0x1.a1725bd83ee23p-12,0x1.c09e4bd46a9a5p-198,0x1.a1725bd83ee24p-12,3.98108209551858170e-04
11,52,0x1.2d7675ad1a4bdp-12,0x1.c09e4bd46a9a5p-198,0x1.2d7675ad1a4bep-12,2.87497265907331909e-04
11,53,0x1.b1c9e2961c9f1p-13,0x1.c09e4bd46a9a5p-198,0x1.b1c9e2961c9f2p-13,2.06846529809803401e-04
11,54,0x1.36f39457590dp-13,0x1.c09e4bd46a9a5p-198,0x1.36f39457590d1p-13,1.48273221138534142e-04
11,55,0x1.bc2cf479baca3p-14,0x1.c09e4bd46a9a5p-198,0x1.bc2cf479baca4p-14,1.05899716711088112e-04
11,56,0x1.3c19101d7999dp-14,0x1.c09e4bd46a9a5p-198,0x1.3c19101d7999ep-14,7.53636126869850528e-05
11,57,0x1.c04d30ddd897ap-15,0x1.c09e4bd46a9a5p-198,0x1.c04d30ddd897bp-15,5.34417065256751625e-05
11,58,0x1.3cc78af7c4c42p-15,0x1.c09e4bd46a9a5p-198,0x1.3cc78af7c4c43p-15,3.77630548752607253e-05
11,59,0x1.be206aba8ab03p-16,0x1.c09e4bd46a9a5p-198,0x1.be206aba8ab04p-16,2.65912192195889640e-05
11,60,0x1.390fb1b857a71p-16,0x1.c09e4bd46a9a5p-198,0x1.390fb1b857a72p-16,1.86599079098300318e-05
11,61,0x1.b5defa9a96102p-17,0x1.c09e4bd46a9a5p-198,0x1.b5defa9a96103p-17,1.30495730463063788e-05
11,62,0x1.312f72db6f881p-17,0x1.c09e4bd46a9a5p-198,0x1.312f72db6f882p-17,9.09523207936699203e-06
11,63,0x1.a7fdb14618bb3p-18,0x1.c09e4bd46a9a5p-198,0x1.a7fdb14618bb4p-18,6.31795803060751312e-06
11,64,0x1.258c5b5cd194fp-18,0x1.c09e4bd46a9a5p-198,0x1.258c5b5cd195p-18,4.37421007576926240e-06
11,65,0x1.95242dd73be1p-19,0x1.c09e4bd46a9a5p-198,0x1.95242dd73be11p-19,3.01853809114134416e-06
11,66,0x1.16abbe066e69dp-19,0x1.c09e4bd46a9a5p-198,0x1.16abbe066e69ep-19,2.07625976430816507e-06
11,67,0x1.7e209dcfcf4efp-20,0x1.c09e4bd46a9a5p-198,0x1.7e209dcfcf4fp-20,1.42353552585956482e-06
11,68,0x1.05296e3cf2682p-20,0x1.c09e4bd46a9a5p-198,0x1.05296e3cf2683p-20,9.72903662731928137e-07
11,69,0x1.63da10a974b63p-21,0x1.c09e4bd46a9a5p-198,0x1.63da10a974b64p-21,6.62825660297617460e-07
11,70,0x1.e35bc80e9e7e2p-22,0x1.c09e4bd46a9a5p-198,0x1.e35bc80e9e7e3p-22,4.50162702593188300e-07
11,71,0x1.474289ea55326p-22,0x1.c09e4bd46a9a5p-198,0x1.474289ea55327p-22,3.04784548395709058e-07
11,72,0x1.b9c92a749febbp-23,0x1.c09e4bd46a9a5p-198,0x1.b9c92a749febcp-23,2.05722546237760179e-07
11,73,0x1.2949e0ce7b9c5p-23,0x1.c09e4bd46a9a5p-198,0x1.2949e0ce7b9c6p-23,1.38435785903636001e-07
11,74,0x1.8ee6665c29371p-24,0x1.c09e4bd46a9a5p-198,0x1.8ee6665c29372p-24,9.28761436114338894e-08
11,75,0x1.0ad249e801dcep-24,0x1.c09e4bd46a9a5p-198,0x1.0ad249e801dcfp-24,6.21242076671479555e-08
11,76,0x1.63e4a58400166p-25,0x1.c09e4bd46a9a5p-198,0x1.63e4a58400167p-25,4.14314156593788450e-08
11,77,0x1.d94e4c8bf9aa3p-26,0x1.c09e4bd46a9a5p-198,0x1.d94e4c8bf9aa4p-26,2.75500267459512715e-08
11,78,0x1.39cfa800ca19dp-26,0x1.c09e4bd46a9a5p-198,0x1.39cfa800ca19ep-26,1.82662134334455374e-08
11,79,0x1.9eecdb50138a5p-27,0x1.c09e4bd46a9a5p-198,0x1.9eecdb50138a6p-27,1.20759132972373017e-08
11,80,0x1.11865b1542b22p-27,0x1.c09e4bd46a9a5p-198,0x1.11865b1542b23p-27,7.96062019994223697e-09
11,81,0x1.67998c3843a1dp-28,0x1.c09e4bd46a9a5p-198,0x1.67998c3843a1ep-28,5.23286574511549748e-09
11,82,0x1.d76e4d230a2cbp-29,0x1.c09e4bd46a9a5p-198,0x1.d76e4d230a2ccp-29,3.43011098823109486e-09
11,83,0x1.3428430c25ccep-29,0x1.c09e4bd46a9a5p-198,0x1.3428430c25ccfp-29,2.24213925730818336e-09
11,84,0x1.91bf2dba3e224p-30,0x1.c09e4bd46a9a5p-198,0x1.91bf2dba3e225p-30,1.46154631328113627e-09
11,85,0x1.05291a6d51709p-30,0x1.c09e4bd46a9a5p-198,0x1.05291a6d5170ap-30,9.50096580688782049e-10
11,86,0x1.529dabc285d63p-31,0x1.c09e4bd46a9a5p-198,0x1.529dabc285d64p-31,6.15938737787277403e-10
11,87,0x1.b5db0b5d2f46dp-32,0x1.c09e4bd46a9a5p-198,0x1.b5db0b5d2f46ep-32,3.98227386677644201e-10
11,88,0x1.1a548e74b2689p-32,0x1.c09e4bd46a9a5p-198,0x1.1a548e74b268ap-32,2.56777910821005825e-10
11,89,0x1.6b1ff19ececaep-33,0x1.c09e4bd46a9a5p-198,0x1.6b1ff19ececafp-33,1.65130032011732337e-10
11,90,0x1.d1ce4c0663d3dp-34,0x1.c09e4bd46a9a5p-198,0x1.d1ce4c0663d3ep-34,1.05911987600129476e-10
11,91,0x1.29fa347b05cbfp-34,0x1.c09e4bd46a9a5p-198,0x1.29fa347b05ccp-34,6.77522082900741788e-11
11,92,0x1.7c3dcb26a8639p-35,0x1.c09e4bd46a9a5p-198,0x1.7c3dcb26a863ap-35,4.32284401868358083e-11
11,93,0x1.e3f65ecb7a2e9p-36,0x1.c09e4bd46a9a5p-198,0x1.e3f65ecb7a2eap-36,2.75100765039930200e-11
11,94,0x1.3332a67877764p-36,0x1.c09e4bd46a9a5p-198,0x1.3332a67877765p-36,1.74621762107197014e-11
11,95,0x1.84ff70518d6f9p-37,0x1.c09e4bd46a9a5p-198,0x1.84ff70518d6fap-37,1.10559826565373064e-11
11,96,0x1.eb55690b3aba3p-38,0x1.c09e4bd46a9a5p-198,0x1.eb55690b3aba4p-38,6.98227089077613848e-12
11,97,0x1.35844394c43d3p-38,0x1.c09e4bd46a9a5p-198,0x1.35844394c43d4p-38,4.39849623327923392e-12
11,98,0x1.84fd35c902d51p-39,0x1.c09e4bd46a9a5p-198,0x1.84fd35c902d52p-39,2.76393380678295422e-12
11,99,0x1.e7a8258225c6dp-40,0x1.c09e4bd46a9a5p-198,0x1.e7a8258225c6ep-40,1.73250506326139495e-12
11,100,0x1.30eca1e6274e2p-40,0x1.c09e4bd46a9a5p-198,0x1.30eca1e6274e3p-40,1.08330889284239215e-12
11,101,0x1.7c65df7fead25p-41,0x1.c09e4bd46a9a5p-198,0x1.7c65df7fead26p-41,6.75722485227269462e-13
11,102,0x1.d966cee8395c7p-42,0x1.c09e4bd46a9a5p-198,0x1.d966cee8395c8p-42,4.20465080221692434e-13
11,103,0x1.25dcc10a60d6dp-42,0x1.c09e4bd46a9a5p-198,0x1.25dcc10a60d6ep-42,2.61002171488729111e-13
11,104,0x1.6bf47d084680fp-43,0x1.c09e4bd46a9a5p-198,0x1.6bf47d084681p-43,1.61628502955706495e-13
11,105,0x1.c1b1ef1206345p-44,0x1.c09e4bd46a9a5p-198,0x1.c1b1ef1206346p-44,9.98523606410093661e-14
11,106,0x1.15292cb249b1dp-44,0x1.c09e4bd46a9a5p-198,0x1.15292cb249b1ep-44,6.15420688329102313e-14
11,107,0x1.54d812badc7b3p-45,0x1.c09e4bd46a9a5p-198,0x1.54d812badc7b4p-45,3.78412896346882344e-14
11,108,0x1.a22ed008e3a98p-46,0x1.c09e4bd46a9a5p-198,0x1.a22ed008e3a99p-46,2.32138120869179138e-14
11,109,0x1.ffe1d45c6dd9dp-47,0x1.c09e4bd46a9a5p-198,0x1.ffe1d45c6dd9ep-47,1.42075836268708362e-14
11,110,0x1.38913368cc0fdp-47,0x1.c09e4bd46a9a5p-198,0x1.38913368cc0fep-47,8.67548229628970307e-15
11,111,0x1.7cd955e57d3aep-48,0x1.c09e4bd46a9a5p-198,0x1.7cd955e57d3afp-48,5.28534114982009140e-15
11,112,0x1.cefe349b117e1p-49,0x1.c09e4bd46a9a5p-198,0x1.cefe349b117e2p-49,3.21265923724933803e-15
11,113,0x1.18cab517cc612p-49,0x1.c09e4bd46a9a5p-198,0x1.18cab517cc613p-49,1.94838468802827753e-15
11,114,0x1.53d1ee462dfd1p-50,0x1.c09e4bd46a9a5p-198,0x1.53d1ee462dfd2p-50,1.17898760901579415e-15
11,115,0x1.9a57138f286dcp-51,0x1.c09e4bd46a9a5p-198,0x1.9a57138f286ddp-51,7.11826677809774908e-16
11,116,0x1.ee6583d637d29p-52,0x1.c09e4bd46a9a5p-198,0x1.ee6583d637d2ap-52,4.28820644722340009e-16
11,117,0x1.292dfed238929p-52,0x1.c09e4bd46a9a5p-198,0x1.292dfed23892ap-52,2.57762274643241360e-16
11,118,0x1.647c0e876c38ap-53,0x1.c09e4bd46a9a5p-198,0x1.647c0e876c38bp-53,1.54600549677679285e-16
11,119,0x1.aab19066b8f67p-54,0x1.c09e4bd46a9a5p-198,0x1.aab19066b8f68p-54,9.25244277111191603e-17
11,120,0x1.fda00730b80dbp-55,0x1.c09e4bd46a9a5p-198,0x1.fda00730b80dcp-55,5.52536651106599940e-17
11,121,0x1.2faed33c07c5dp-55,0x1.c09e4bd46a9a5p-198,0x1.2faed33c07c5ep-55,3.29253671508775348e-17
11,122,0x1.6926f3776cc67p-56,0x1.c09e4bd46a9a5p-198,0x1.6926f3776cc68p-56,1.95780974171337976e-17
11,123,0x1.ac95764a37418p-57,0x1.c09e4bd46a9a5p-198,0x1.ac95764a37419p-57,1.16167881577958124e-17
11,124,0x1.fb87e47fe4ff5p-58,0x1.c09e4bd46a9a5p-198,0x1.fb87e47fe4ff6p-58,6.87832536122662992e-18
11,125,0x1.2be0e8be0cab4p-58,0x1.c09e4bd46a9a5p-198,0x1.2be0e8be0cab5p-58,4.06411221092241574e-18
11,126,0x1.61a172cd70a1fp-59,0x1.c09e4bd46a9a5p-198,0x1.61a172cd70a2p-59,2.39629454786229009e-18
11,127,0x1.a026b11dbf7d9p-60,0x1.c09e4bd46a9a5p-198,0x1.a026b11dbf7dap-60,1.40997490673667728e-18
11,128,0x1.e8b690c45600bp-61,0x1.c09e4bd46a9a5p-198,0x1.e8b690c45600cp-61,8.27912273629695393e-19
11,129,0x1.1e5fc4b74de71p-61,0x1.c09e4bd46a9a5p-198,0x1.1e5fc4b74de72p-61,4.85136588085257075e-19
11,130,0x1.4eee4ccf3c91ap-62,0x1.c09e4bd46a9a5p-198,0x1.4eee4ccf3c91bp-62,2.83697473065838622e-19
11,131,0x1.86ecbfef7cc75p-63,0x1.c09e4bd46a9a5p-198,0x1.86ecbfef7cc76p-63,1.65563094317796233e-19
11,132,0x1.c75b977b02513p-64,0x1.c09e4bd46a9a5p-198,0x1.c75b977b02514p-64,9.64257606458259419e-20
11,133,0x1.08ac1e84dec0ap-64,0x1.c09e4bd46a9a5p-198,0x1.08ac1e84dec0bp-64,5.60465481964277638e-20
11,134,0x1.330fbd3781e21p-65,0x1.c09e4bd46a9a5p-198,0x1.330fbd3781e22p-65,3.25113989017468978e-20
11,135,0x1.63880080cb049p-66,0x1.c09e4bd46a9a5p-198,0x1.63880080cb04ap-66,1.88216680644307661e-20
11,136,0x1.9ad68266e8136p-67,0x1.c09e4bd46a9a5p-198,0x1.9ad68266e8137p-67,1.08747893870212711e-20
11,137,0x1.d9d073d22effbp-68,0x1.c09e4bd46a9a5p-198,0x1.d9d073d22effcp-68,6.27087961363516953e-21
11,138,0x1.10affbcdb7ae7p-68,0x1.c09e4bd46a9a5p-198,0x1.10affbcdb7ae8p-68,3.60898816510939939e-21
11,139,0x1.3942c02a6a6b7p-69,0x1.c09e4bd46a9a5p-198,0x1.3942c02a6a6b8p-69,2.07298571762182349e-21
11,140,0x1.672c96cc16231p-70,0x1.c09e4bd46a9a5p-198,0x1.672c96cc16232p-70,1.18840765961092812e-21
11,141,0x1.9b06129d02854p-71,0x1.c09e4bd46a9a5p-198,0x1.9b06129d02855p-71,6.79981707476049803e-22
11,142,0x1.d574f22a4867fp-72,0x1.c09e4bd46a9a5p-198,0x1.d574f22a4868p-72,3.88325580056562899e-22
11,143,0x1.0b9660ec3225p-72,0x1.c09e4bd46a9a5p-198,0x1.0b9660ec32251p-72,2.21343123027532483e-22
11,144,0x1.3077baaa7adfdp-73,0x1.c09e4bd46a9a5p-198,0x1.3077baaa7adfep-73,1.25924886004676343e-22
11,145,0x1.59c6fad02d8a7p-74,0x1.c09e4bd46a9a5p-198,0x1.59c6fad02d8a8p-74,7.15050623858498907e-23
11,146,0x1.87f4506cad359p-75,0x1.c09e4bd46a9a5p-198,0x1.87f4506cad35ap-75,4.05271301412127687e-23
11,147,0x1.bb77dc643be6fp-76,0x1.c09e4bd46a9a5p-198,0x1.bb77dc643be7p-76,2.29267689269475946e-23
11,148,0x1.f4d1de80876acp-77,0x1.c09e4bd46a9a5p-198,0x1.f4d1de80876adp-77,1.29458884396682486e-23
11,149,0x1.1a456b533bdfdp-77,0x1.c09e4bd46a9a5p-198,0x1.1a456b533bdfep-77,7.29653869993900260e-24
11,150,0x1.3d99cc3f5165fp-78,0x1.c09e4bd46a9a5p-198,0x1.3d99cc3f5166p-78,4.10489377822018973e-24
11,151,0x1.64b2a7ea8a173p-79,0x1.c09e4bd46a9a5p-198,0x1.64b2a7ea8a174p-79,2.30510598819194096e-24
11,152,0x1.8fe0b9f8a0146p-80,0x1.c09e4bd46a9a5p-198,0x1.8fe0b9f8a0147p-80,1.29207497941834250e-24
11,153,0x1.bf78d41447744p-81,0x1.c09e4bd46a9a5p-198,0x1.bf78d41447745p-81,7.22929983475323926e-25
11,154,0x1.f3d3c3fabcbfdp-82,0x1.c09e4bd46a9a5p-198,0x1.f3d3c3fabcbfep-82,4.03757204143350847e-25
11,155,0x1.16a7173acd2f7p-82,0x1.c09e4bd46a9a5p-198,0x1.16a7173acd2f8p-82,2.25093857023840854e-25
11,156,0x1.36242f3cb2c1p-83,0x1.c09e4bd46a9a5p-198,0x1.36242f3cb2c11p-83,1.25265091982975960e-25
11,157,0x1.589303d6ab9a3p-84,0x1.c09e4bd46a9a5p-198,0x1.589303d6ab9a4p-84,6.95862211389144187e-26
11,158,0x1.7e26fdd95faa9p-85,0x1.c09e4bd46a9a5p-198,0x1.7e26fdd95faaap-85,3.85875222953768887e-26
11,159,0x1.a714e8cc0b393p-86,0x1.c09e4bd46a9a5p-198,0x1.a714e8cc0b394p-86,2.13601660709902787e-26
11,160,0x1.d392bf7eb8ba2p-87,0x1.c09e4bd46a9a5p-198,0x1.d392bf7eb8ba3p-87,1.18032078403364178e-26
11,161,0x1.01ebb8a36391ap-87,0x1.c09e4bd46a9a5p-198,0x1.01ebb8a36391bp-87,6.51083599369077764e-27
11,162,0x1.1c0d4fe400897p-88,0x1.c09e4bd46a9a5p-198,0x1.1c0d4fe400898p-88,3.58524028918604447e-27
11,163,0x1.384a2a9f83ae9p-89,0x1.c09e4bd46a9a5p-198,0x1.384a2a9f83aeap-89,1.97082516473049434e-27
11,164,0x1.56be59ab046b3p-90,0x1.c09e4bd46a9a5p-198,0x1.56be59ab046b4p-90,1.08150796651361726e-27
11,165,0x1.7785cd514666ep-91,0x1.c09e4bd46a9a5p-198,0x1.7785cd514666fp-91,5.92470297538637594e-28
11,166,0x1.9abc258123daep-92,0x1.c09e4bd46a9a5p-198,0x1.9abc258123dafp-92,3.24012742311322575e-28
11,167,0x1.c07c7e92a8781p-93,0x1.c09e4bd46a9a5p-198,0x1.c07c7e92a8782p-93,1.76896656802820421e-28
11,168,0x1.e8e13ad6b0bf3p-94,0x1.c09e4bd46a9a5p-198,0x1.e8e13ad6b0bf4p-94,9.64145411930332398e-29
11,169,0x1.0a01e498ede1p-94,0x1.c09e4bd46a9a5p-198,0x1.0a01e498ede11p-94,5.24607084793920161e-29
11,170,0x1.20fe34886174cp-95,0x1.c09e4bd46a9a5p-198,0x1.20fe34886174dp-95,2.84969088716089328e-29
11,171,0x1.3970f6084802dp-96,0x1.c09e4bd46a9a5p-198,0x1.3970f6084802ep-96,1.54538469679303093e-29
11,172,0x1.5364bae1ff7e9p-97,0x1.c09e4bd46a9a5p-198,0x1.5364bae1ff7eap-97,8.36669516190504435e-30
11,173,0x1.6ee31d04b6b34p-98,0x1.c09e4bd46a9a5p-198,0x1.6ee31d04b6b35p-98,4.52223341192390707e-30
11,174,0x1.8bf49d394d607p-99,0x1.c09e4bd46a9a5p-198,0x1.8bf49d394d608p-99,2.44026432129441712e-30
11,175,0x1.aaa081a4fbc6dp-100,0x1.c09e4bd46a9a5p-198,0x1.aaa081a4fbc6ep-100,1.31464587589226121e-30
11,176,0x1.caecb465d0274p-101,0x1.c09e4bd46a9a5p-198,0x1.caecb465d0275p-101,7.07085346087188304e-31
11,177,0x1.ecdda29899931p-102,0x1.c09e4bd46a9a5p-198,0x1.ecdda29899932p-102,3.79689972047221386e-31
11,178,0x1.083b0e0dd82e6p-102,0x1.c09e4bd46a9a5p-198,0x1.083b0e0dd82e7p-102,2.03555913998955781e-31
11,179,0x1.1adb9a328f0cdp-103,0x1.c09e4bd46a9a5p-198,0x1.1adb9a328f0cep-103,1.08952869731285635e-31
11,180,0x1.2e5012626dc19p-104,0x1.c09e4bd46a9a5p-198,0x1.2e5012626dc1ap-104,5.82233236584088837e-32
11,181,0x1.429718368f14p-105,0x1.c09e4bd46a9a5p-198,0x1.429718368f141p-105,3.10643075696494824e-32
11,182,0x1.57ae454d78d01p-106,0x1.c09e4bd46a9a5p-198,0x1.57ae454d78d02p-106,1.65476259513748422e-32
11,183,0x1.6d921f9c443c3p-107,0x1.c09e4bd46a9a5p-198,0x1.6d921f9c443c4p-107,8.80079675711738575e-33
11,184,0x1.843e0f28647a5p-108,0x1.c09e4bd46a9a5p-198,0x1.843e0f28647a6p-108,4.67329812517416292e-33
11,185,0x1.9bac555446bc1p-109,0x1.c09e4bd46a9a5p-198,0x1.9bac555446bc2p-109,2.47766780913900098e-33
11,186,0x1.b3d605e6f01c5p-110,0x1.c09e4bd46a9a5p-198,0x1.b3d605e6f01c6p-110,1.31154633799765972e-33
11,187,0x1.ccb301f412b5dp-111,0x1.c09e4bd46a9a5p-198,0x1.ccb301f412b5ep-111,6.93183186056254421e-34
11,188,0x1.e639f4c6da08bp-112,0x1.c09e4bd46a9a5p-198,0x1.e639f4c6da08cp-112,3.65796080724207741e-34
11,189,0x1.00302976f56ap-112,0x1.c09e4bd46a9a5p-198,0x1.00302976f56a1p-112,1.92734529752030407e-34
11,190,0x1.0d8d2dc165b05p-113,0x1.c09e4bd46a9a5p-198,0x1.0d8d2dc165b06p-113,1.01393997221563576e-34
11,191,0x1.1b2d8de11402dp-114,0x1.c09e4bd46a9a5p-198,0x1.1b2d8de11402ep-114,5.32598521572185405e-35
11,192,0x1.290a3a829c007p-115,0x1.c09e4bd46a9a5p-198,0x1.290a3a829c008p-115,2.79335031533931732e-35
11,193,0x1.371b92937ae6ep-116,0x1.c09e4bd46a9a5p-198,0x1.371b92937ae6fp-116,1.46282140042118303e-35
11,194,0x1.455968acfddb5p-117,0x1.c09e4bd46a9a5p-198,0x1.455968acfddb6p-117,7.64892419008614777e-36
11,195,0x1.53bb09b6d804bp-118,0x1.c09e4bd46a9a5p-198,0x1.53bb09b6d804cp-118,3.99351421058354156e-36
11,196,0x1.623744bd8dea9p-119,0x1.c09e4bd46a9a5p-198,0x1.623744bd8deaap-119,2.08189390388409687e-36
11,197,0x1.70c473f5abc44p-120,0x1.c09e4bd46a9a5p-198,0x1.70c473f5abc45p-120,1.08370997222301712e-36
11,198,0x1.7f5886e182775p-121,0x1.c09e4bd46a9a5p-198,0x1.7f5886e182776p-121,5.63276039819340598e-37
11,199,0x1.8de90d8bf3a2bp-122,0x1.c09e4bd46a9a5p-198,0x1.8de90d8bf3a2cp-122,2.92338364867786541e-37
11,200,0x1.9c6b44c7b3be7p-123,0x1.c09e4bd46a9a5p-198,0x1.9c6b44c7b3be8p-123,1.51498820664226609e-37
11,201,0x1.aad4235f643a3p-124,0x1.c09e4bd46a9a5p-198,0x1.aad4235f643a4p-124,7.83960444023250460e-38
11,202,0x1.b918682009711p-125,0x1.c09e4bd46a9a5p-198,0x1.b918682009712p-125,4.05082092938434215e-38
11,203,0x1.c72ca8a4b322cp-126,0x1.c09e4bd46a9a5p-198,0x1.c72ca8a4b322dp-126,2.09005856487336490e-38
11,204,0x1.d50560c7bb917p-127,0x1.c09e4bd46a9a5p-198,0x1.d50560c7bb918p-127,1.07681942445215003e-38
11,205,0x1.e297029bd27f2p-128,0x1.c09e4bd46a9a5p-198,0x1.e297029bd27f3p-128,5.53986017464111628e-39
11,206,0x1.efd606cd25eabp-129,0x1.c09e4bd46a9a5p-198,0x1.efd606cd25eacp-129,2.84595930400064300e-39
11,207,0x1.fcb6fd496a147p-130,0x1.c09e4bd46a9a5p-198,0x1.fcb6fd496a148p-130,1.45993988364618948e-39
11,208,0x1.04974f062571bp-130,0x1.c09e4bd46a9a5p-198,0x1.04974f062571cp-130,7.47859635335528398e-40
11,209,0x1.0a98ecf67ba71p-131,0x1.c09e4bd46a9a5p-198,0x1.0a98ecf67ba72p-131,3.82548458742363323e-40
11,210,0x1.105af5a47fd2cp-132,0x1.c09e4bd46a9a5p-198,0x1.105af5a47fd2dp-132,1.95405352266838894e-40
11,211,0x1.15d8333455dc7p-133,0x1.c09e4bd46a9a5p-198,0x1.15d8333455dc8p-133,9.96718374544656205e-41
11,212,0x1.1b0ba4bc9fd4ap-134,0x1.c09e4bd46a9a5p-198,0x1.1b0ba4bc9fd4bp-134,5.07687935832642222e-41
11,213,0x1.1ff085fd2d3f2p-135,0x1.c09e4bd46a9a5p-198,0x1.1ff085fd2d3f3p-135,2.58233114585271685e-41
11,214,0x1.248256be5a58bp-136,0x1.c09e4bd46a9a5p-198,0x1.248256be5a58cp-136,1.31165633030527846e-41
11,215,0x1.28bce1c8fdf3ap-137,0x1.c09e4bd46a9a5p-198,0x1.28bce1c8fdf3bp-137,6.65309202822396271e-42
11,216,0x1.2c9c4367aed6dp-138,0x1.c09e4bd46a9a5p-198,0x1.2c9c4367aed6ep-138,3.36995917448826462e-42
11,217,0x1.301cef633e72bp-139,0x1.c09e4bd46a9a5p-198,0x1.301cef633e72cp-139,1.70461247515858450e-42
11,218,0x1.333bb66d831e7p-140,0x1.c09e4bd46a9a5p-198,0x1.333bb66d831e8p-140,8.61050969490942009e-43
11,219,0x1.35f5caeeebeeap-141,0x1.c09e4bd46a9a5p-198,0x1.35f5caeeebeebp-141,4.34346651040739904e-43
11,220,0x1.3848c52cd76d9p-142,0x1.c09e4bd46a9a5p-198,0x1.3848c52cd76dap-142,2.18801726042477800e-43
11,221,0x1.3a32a6c03fc3dp-143,0x1.c09e4bd46a9a5p-198,0x1.3a32a6c03fc3ep-143,1.10071243598308403e-43
11,222,0x1.3bb1dd55fdcb3p-144,0x1.c09e4bd46a9a5p-198,0x1.3bb1dd55fdcb4p-144,5.52978269261262250e-44
11,223,0x1.3cc544b3a2fdfp-145,0x1.c09e4bd46a9a5p-198,0x1.3cc544b3a2fe1p-145,2.77431329170922375e-44
11,224,0x1.3d6c27fdb3699p-146,0x1.c09e4bd46a9a5p-198,0x1.3d6c27fdb369cp-146,1.39001137835398698e-44
11,225,0x1.3da6423dd69bdp-147,0x1.c09e4bd46a9a5p-198,0x1.3da6423dd69c2p-147,6.95502631326050043e-45
11,226,0x1.3d73be2963a79p-148,0x1.c09e4bd46a9a5p-198,0x1.3d73be2963a81p-148,3.47535288120969921e-45
11,227,0x1.3cd5352a7355cp-149,0x1.c09e4bd46a9a5p-198,0x1.3cd5352a7356bp-149,1.73428662358362967e-45
11,228,0x1.3bcbadaf5ec41p-150,0x1.c09e4bd46a9a5p-198,0x1.3bcbadaf5ec5ep-150,8.64304523257640313e-46
11,229,0x1.3a5898c63b913p-151,0x1.c09e4bd46a9a5p-198,0x1.3a5898c63b94cp-151,4.30168633578283748e-46
11,230,0x1.387dcf0b7ba62p-152,0x1.c09e4bd46a9a5p-198,0x1.387dcf0b7bad3p-152,2.13815320162402664e-46
11,231,0x1.363d8cf452359p-153,0x1.c09e4bd46a9a5p-198,0x1.363d8cf45243ap-153,1.06137558836313926e-46
11,232,0x1.339a6e7edceecp-154,0x1.c09e4bd46a9a5p-198,0x1.339a6e7edd0aep-154,5.26176708720994434e-47
11,233,0x1.30976a534c645p-155,0x1.c09e4bd46a9a5p-198,0x1.30976a534c9c7p-155,2.60512422947854088e-47
11,234,0x1.2d37cc625e8e9p-156,0x1.c09e4bd46a9a5p-198,0x1.2d37cc625efecp-156,1.28813558394487647e-47
11,235,0x1.297f300e6f134p-157,0x1.c09e4bd46a9a5p-198,0x1.297f300e6ff3ap-157,6.36111216525292937e-48
11,236,0x1.257179ed29421p-158,0x1.c09e4bd46a9a5p-198,0x1.257179ed2b02cp-158,3.13721923059750130e-48
11,237,0x1.2112d13085d2bp-159,0x1.c09e4bd46a9a5p-198,0x1.2112d1308954p-159,1.54525092279316980e-48
11,238,0x1.1c6798c631db3p-160,0x1.c09e4bd46a9a5p-198,0x1.1c6798c638ddcp-160,7.60146778460362089e-49
11,239,0x1.1774683cc4ec2p-161,0x1.c09e4bd46a9a5p-198,0x1.1774683cd2f12p-161,3.73458350881354120e-49
11,240,0x1.123e047e4a1fbp-162,0x1.c09e4bd46a9a5p-198,0x1.123e047e6629ap-162,1.83246256009408195e-49
11,241,0x1.0cc9586f94435p-163,0x1.c09e4bd46a9a5p-198,0x1.0cc9586fcc573p-163,8.98003858686944780e-50
11,242,0x1.071b6d83a13f2p-164,0x1.c09e4bd46a9a5p-198,0x1.071b6d841166cp-164,4.39514673944109962e-50
11,243,0x1.01396451f6b2dp-165,0x1.c09e4bd46a9a5p-198,0x1.01396452d702p-165,2.14843665554256752e-50
11,244,0x1.f650da7cc6a82p-167,0x1.c09e4bd46a9a5p-198,0x1.f650da8047e4cp-167,1.04888440203268719e-50
11,245,0x1.e9db827fe1b34p-168,0x1.c09e4bd46a9a5p-198,0x1.e9db8286e42c8p-168,5.11435052039052787e-51
11,246,0x1.dd1d35a827a2fp-169,0x1.c09e4bd46a9a5p-198,0x1.dd1d35b62c956p-169,2.49065181908284109e-51
11,247,0x1.d0205e549947p-170,0x1.c09e4bd46a9a5p-198,0x1.d0205e70a32bdp-170,1.21142653577352179e-51
11,248,0x1.c2ef4f26f4217p-171,0x1.c09e4bd46a9a5p-198,0x1.c2ef4f5f07ebp-171,5.88497379384000132e-52
11,249,0x1.b594367e2a481p-172,0x1.c09e4bd46a9a5p-198,0x1.b59436ee51db1p-172,2.85533596353783183e-52
11,250,0x1.a819129edf2a5p-173,0x1.c09e4bd46a9a5p-198,0x1.a819137f2e505p-173,1.38368413622900981e-52
11,251,0x1.9a87a699b7b53p-174,0x1.c09e4bd46a9a5p-198,0x1.9a87a85a56011p-174,6.69708168251908575e-53
11,252,0x1.8ce96ffcb3869p-175,0x1.c09e4bd46a9a5p-198,0x1.8ce9737df01e5p-175,3.23746389412793164e-53
11,253,0x1.7f479d59e4178p-176,0x1.c09e4bd46a9a5p-198,0x1.7f47a45c5d46ep-176,1.56313608048163937e-53
11,254,0x1.71ab05aa7b2bbp-177,0x1.c09e4bd46a9a5p-198,0x1.71ab13af6d8a6p-177,7.53811877558628728e-54
11,255,0x1.641c2090eef4p-178,0x1.c09e4bd46a9a5p-198,0x1.641c3c9ad3b15p-178,3.63082520327573990e-54
11,256,0x1.56a2ff771487p-179,0x1.c09e4bd46a9a5p-198,0x1.56a3378ade01ap-179,1.74673003283122838e-54
11,257,0x1.4947477c1be49p-180,0x1.c09e4bd46a9a5p-198,0x1.4947b7a3aed9cp-180,8.39317658997621738e-55
11,258,0x1.3c102c178e371p-181,0x1.c09e4bd46a9a5p-198,0x1.3c110c66b4215p-181,4.02818509306970229e-55
11,259,0x1.2f046a3cb4f19p-182,0x1.c09e4bd46a9a5p-198,0x1.2f062adb00c61p-182,1.93098091569529827e-55
11,260,0x1.222a439bb736fp-183,0x1.c09e4bd46a9a5p-198,0x1.222dc4d84edfdp-183,9.24562949903338894e-56
11,261,0x1.15877949f6c0ep-184,0x1.c09e4bd46a9a5p-198,0x1.158e7bc32612ap-184,4.42173136047996421e-56
11,262,0x1.0921448258213p-185,0x1.c09e4bd46a9a5p-198,0x1.092f4974b6c49p-185,2.11231811891255296e-56
11,263,0x1.f9f8962f5439fp-187,0x1.c09e4bd46a9a5p-198,0x1.fa30a9f8cec75p-187,1.00800917944311769e-56
11,264,0x1.e239167603dd6p-188,0x1.c09e4bd46a9a5p-198,0x1.e2a93e08f8f81p-188,4.80577186710191431e-57
11,265,0x1.cb0a6d5cf8f9dp-189,0x1.c09e4bd46a9a5p-198,0x1.cbeabc82e32f3p-189,2.28965611012551625e-57
11,266,0x1.b470de6e1f845p-190,0x1.c09e4bd46a9a5p-198,0x1.b6317cb9f3efp-190,1.09075346367958568e-57
11,267,0x1.9e6d965a3d7d3p-191,0x1.c09e4bd46a9a5p-198,0x1.a1eed2f1e6527p-191,5.20160572160416504e-58
11,268,0x1.88fcecaacb1dep-192,0x1.c09e4bd46a9a5p-198,0x1.8fff65da1cc86p-192,2.48919147391684836e-58
11,269,0x1.7413483c30aadp-193,0x1.c09e4bd46a9a5p-198,0x1.82183a9ad3ffbp-193,1.20133643489746715e-58
11,270,0x1.5f97adf9642b9p-194,0x1.c09e4bd46a9a5p-198,0x1.7ba192b6aad54p-194,5.90612603698861810e-59
11,271,0x1.4b5a6ec31e205p-195,0x1.c09e4bd46a9a5p-198,0x1.836e383dab73bp-195,3.01373275600247637e-59
11,272,0x1.3705aa2b9cdc6p-196,0x1.c09e4bd46a9a5p-198,0x1.a72d3d20b783p-196,1.64589697273203174e-59
11,273,0x1.2204a8e51a6f9p-197,0x1.c09e4bd46a9a5p-198,0x1.0129e767a7de7p-196,1.00020847150653195e-59
11,274,0x1.0b5f439a4288ep-198,0x1.c09e4bd46a9a5p-198,0x1.65fec7b75691bp-197,6.96190567609733677e-60
11,275,0x1.e3143aef69163p-200,0x1.c09e4bd46a9a5p-198,0x1.1cb1ad48227p-197,5.53642320205595052e-60
11,276,0x1.a473f91013663p-201,0x1.c09e4bd46a9a5p-198,0x1.f52ccaf66d072p-198,4.87315548032906795e-60
11,277,0x1.54e0965dd003ep-202,0x1.c09e4bd46a9a5p-198,0x1.d5ec553a479aap-198,4.56927984433731396e-60
11,278,0x1.dd7f1d4b742edp-204,0x1.c09e4bd46a9a5p-198,0x1.c8144849986b2p-198,4.43466875606263404e-60
11,279,0x1.ce6a2138e11a4p-206,0x1.c09e4bd46a9a5p-198,0x1.c26cb5f5a37b8p-198,4.37968669952797352e-60
11,280,0x0p+0,0x1.c09e4bd46a9a5p-198,0x1.c09e4bd46a9a5p-198,4.36212314404536534e-60
12,0,0x1.96eb0cabd6693p+4,0x1.f273c0997e76fp-131,0x1.96eb0cabd6694p+4,2.54323851311115305e+01
12,1,0x1.86ef4fa6bb9fap+4,0x1.f273c0997e76fp-131,0x1.86ef4fa6bb9fbp+4,2.44334255707744710e+01
12,2,0x1.76f92179e443cp+4,0x1.f273c0997e76fp-131,0x1.76f92179e443dp+4,2.34358229409592589e+01
12,3,0x1.670bb78f3bfd4p+4,0x1.f273c0997e76fp-131,0x1.670bb78f3bfd5p+4,2.24403606028643772e+01
12,4,0x1.572b271402744p+4,0x1.f273c0997e76fp-131,0x1.572b271402745p+4,2.14480353147148612e+01
12,5,0x1.475c6f53e848cp+4,0x1.f273c0997e76fp-131,0x1.475c6f53e848dp+4,2.04600671079283991e+01
12,6,0x1.37a57bf0e492bp+4,0x1.f273c0997e76fp-131,0x1.37a57bf0e492cp+4,1.94779014024617680e+01
12,7,0x1.280d1e3632a82p+4,0x1.f273c0997e76fp-131,0x1.280d1e3632a83p+4,1.85032026402573244e+01
12,8,0x1.189afd442aacp+4,0x1.f273c0997e76fp-131,0x1.189afd442aac1p+4,1.75378391897927521e+01
12,9,0x1.09577d54792adp+4,0x1.f273c0997e76fp-131,0x1.09577d54792aep+4,1.65838597583521548e+01
12,10,0x1.f4973d9fa0025p+3,0x1.f273c0997e76fp-131,0x1.f4973d9fa0026p+3,1.56434620015789498e+01
12,11,0x1.d701acb253e19p+3,0x1.f273c0997e76fp-131,0x1.d701acb253e1ap+3,1.47189544184648646e+01
12,12,0x1.ba01be93a7afap+3,0x1.f273c0997e76fp-131,0x1.ba01be93a7afbp+3,1.38127129444014738e+01
12,13,0x1.9dab14b14d614p+3,0x1.f273c0997e76fp-131,0x1.9dab14b14d615p+3,1.29271338904318700e+01
12,14,0x1.82111497e33f5p+3,0x1.f273c0997e76fp-131,0x1.82111497e33f6p+3,1.20645850149685252e+01
12,15,0x1.674681401fc47p+3,0x1.f273c0997e76fp-131,0x1.674681401fc48p+3,1.12273565533088373e+01
12,16,0x1.4d5d17fb8f2dep+3,0x1.f273c0997e76fp-131,0x1.4d5d17fb8f2dfp+3,1.04176139748828387e+01
12,17,0x1.3465346c01169p+3,0x1.f273c0997e76fp-131,0x1.3465346c0116ap+3,9.63735409826832168e+00
12,18,0x1.1c6d7e7fdf60dp+3,0x1.f273c0997e76fp-131,0x1.1c6d7e7fdf60ep+3,8.88836598372565945e+00
12,19,0x1.0582a4e0102ccp+3,0x1.f273c0997e76fp-131,0x1.0582a4e0102cdp+3,8.17219775926914771e+00
12,20,0x1.df5e4b372ec9bp+2,0x1.f273c0997e76fp-131,0x1.df5e4b372ec9cp+2,7.49013023747388829e+00
12,21,0x1.b5f64c67b2053p+2,0x1.f273c0997e76fp-131,0x1.b5f64c67b2054p+2,6.84315786482337174e+00
12,22,0x1.8ed8b7070f544p+2,0x1.f273c0997e76fp-131,0x1.8ed8b7070f545p+2,6.23197723092500144e+00
12,23,0x1.6a0c02b496fbep+2,0x1.f273c0997e76fp-131,0x1.6a0c02b496fbfp+2,5.65698306689949870e+00
12,24,0x1.4791c22ddfeaap+2,0x1.f273c0997e76fp-131,0x1.4791c22ddfeabp+2,5.11827139358471594e+00
12,25,0x1.2766cc1d6838fp+2,0x1.f273c0997e76fp-131,0x1.2766cc1d6839p+2,4.61564925071515120e+00
12,26,0x1.09837c5b703dp+2,0x1.f273c0997e76fp-131,0x1.09837c5b703d1p+2,4.14865025453123426e+00
12,27,0x1.dbb813d11f016p+1,0x1.f273c0997e76fp-131,0x1.dbb813d11f017p+1,3.71655509673110940e+00
12,28,0x1.a8c1db1ca243dp+1,0x1.f273c0997e76fp-131,0x1.a8c1db1ca243ep+1,3.31841601274621123e+00
12,29,0x1.79fea9d3e2d61p+1,0x1.f273c0997e76fp-131,0x1.79fea9d3e2d62p+1,2.95308420988082876e+00
12,30,0x1.4f433b573c18fp+1,0x1.f273c0997e76fp-131,0x1.4f433b573c19p+1,2.61923925170430749e+00
12,31,0x1.285faa06613d6p+1,0x1.f273c0997e76fp-131,0x1.285faa06613d7p+1,2.31541943847194487e+00
12,32,0x1.05206f05fae34p+1,0x1.f273c0997e76fp-131,0x1.05206f05fae35p+1,2.04005229751580908e+00
12,33,0x1.ca9eb8a8ccbbp+0,0x1.f273c0997e76fp-131,0x1.ca9eb8a8ccbb1p+0,1.79148439522826330e+00
12,34,0x1.9169170a49b8cp+0,0x1.f273c0997e76fp-131,0x1.9169170a49b8dp+0,1.56800979615374847e+00
12,35,0x1.5e2e7905f07edp+0,0x1.f273c0997e76fp-131,0x1.5e2e7905f07eep+0,1.36789661784177552e+00
12,36,0x1.307d418ebbcb9p+0,0x1.f273c0997e76fp-131,0x1.307d418ebbcbap+0,1.18941125616747323e+00
12,37,0x1.07e520fe93c8p+0,0x1.f273c0997e76fp-131,0x1.07e520fe93c81p+0,1.03083997931733529e+00
12,38,0x1.c7f0a03c3751p-1,0x1.f273c0997e76fp-131,0x1.c7f0a03c37511p-1,8.90507705069156441e-01
12,39,0x1.8899352b177ap-1,0x1.f273c0997e76fp-131,0x1.8899352b177a1p-1,7.66793881902902652e-01
12,40,0x1.50f87200fd6cap-1,0x1.f273c0997e76fp-131,0x1.50f87200fd6cbp-1,6.58145487423746345e-01
12,41,0x1.204cf85f88babp-1,0x1.f273c0997e76fp-131,0x1.204cf85f88bacp-1,5.63087236081960096e-01
12,42,0x1.ebc130d32f97bp-2,0x1.f273c0997e76fp-131,0x1.ebc130d32f97cp-2,4.80229151620640726e-01
12,43,0x1.a211fa8a40bddp-2,0x1.f273c0997e76fp-131,0x1.a211fa8a40bdep-2,4.08271708191191851e-01
12,44,0x1.6250200cd2dacp-2,0x1.f273c0997e76fp-131,0x1.6250200cd2dadp-2,3.46008778364842950e-01
12,45,0x1.2b583372ea494p-2,0x1.f273c0997e76fp-131,0x1.2b583372ea495p-2,2.92328647507539785e-01
12,46,0x1.f83eb64631ed3p-3,0x1.f273c0997e76fp-131,0x1.f83eb64631ed4p-3,2.46213363663847162e-01
12,47,0x1.a765911481ap-3,0x1.f273c0997e76fp-131,0x1.a765911481a01p-3,2.06736691892913910e-01
12,48,0x1.626dc552db9e2p-3,0x1.f273c0997e76fp-131,0x1.626dc552db9e3p-3,1.73060933676835921e-01
12,49,0x1.27cc69f58c59bp-3,0x1.f273c0997e76fp-131,0x1.27cc69f58c59cp-3,1.44432857328450903e-01
12,50,0x1.ec40c7852b8e5p-4,0x1.f273c0997e76fp-131,0x1.ec40c7852b8e6p-4,1.20178965926900000e-01
12,51,0x1.985f594d07d43p-4,0x1.f273c0997e76fp-131,0x1.985f594d07d44p-4,9.97003067318376623e-02
12,52,0x1.51c8eb2f79cadp-4,0x1.f273c0997e76fp-131,0x1.51c8eb2f79caep-4,8.24670016223645053e-02
12,53,0x1.16946f87a24e4p-4,0x1.f273c0997e76fp-131,0x1.16946f87a24e5p-4,6.80126530297858328e-02
12,54,0x1.ca2b19b90fbep-5,0x1.f273c0997e76fp-131,0x1.ca2b19b90fbe1p-5,5.59287550354310506e-02
12,55,0x1.77adbede61eap-5,0x1.f273c0997e76fp-131,0x1.77adbede61ea1p-5,4.58592155364929768e-02
12,56,0x1.3328de25afa57p-5,0x1.f273c0997e76fp-131,0x1.3328de25afa58p-5,3.74950732052538593e-02
12,57,0x1.f4d9a9732b3bbp-6,0x1.f273c0997e76fp-131,0x1.f4d9a9732b3bcp-6,3.05694727691620954e-02
12,58,0x1.9730cd97d198p-6,0x1.f273c0997e76fp-131,0x1.9730cd97d1981p-6,2.48529441589879808e-02
12,59,0x1.4a1f1891898b9p-6,0x1.f273c0997e76fp-131,0x1.4a1f1891898bap-6,2.01490154196555041e-02
12,60,0x1.0ae5f33f4075ep-6,0x1.f273c0997e76fp-131,0x1.0ae5f33f4075fp-6,1.62901759586085958e-02
12,61,0x1.ae619e5f7a07ep-7,0x1.f273c0997e76fp-131,0x1.ae619e5f7a07fp-7,1.31341956429908962e-02
12,62,0x1.5a0e6163aa0a5p-7,0x1.f273c0997e76fp-131,0x1.5a0e6163aa0a6p-7,1.05607963117367414e-02
12,63,0x1.1580502b96ad5p-7,0x1.f273c0997e76fp-131,0x1.1580502b96ad6p-7,8.46866526187765520e-03
12,64,0x1.bbdca50062396p-8,0x1.f273c0997e76fp-131,0x1.bbdca50062397p-8,6.77279499394325187e-03
12,65,0x1.6208b290c647fp-8,0x1.f273c0997e76fp-131,0x1.6208b290c648p-8,5.40212974080944708e-03
12,66,0x1.19a4085f6863dp-8,0x1.f273c0997e76fp-131,0x1.19a4085f6863ep-8,4.29749683772367823e-03
12,67,0x1.beede395141b3p-9,0x1.f273c0997e76fp-131,0x1.beede395141b4p-9,3.40979960541451001e-03
12,68,0x1.61b0e312dcad3p-9,0x1.f273c0997e76fp-131,0x1.61b0e312dcad4p-9,2.69844791312699207e-03
12,69,0x1.172f08927adc1p-9,0x1.f273c0997e76fp-131,0x1.172f08927adc2p-9,2.13000278130490248e-03
12,70,0x1.b79e60b191a4dp-10,0x1.f273c0997e76fp-131,0x1.b79e60b191a4ep-10,1.67701211138794907e-03
12,71,0x1.593f6e4eeaacfp-10,0x1.f273c0997e76fp-131,0x1.593f6e4eeaadp-10,1.31701575058211853e-03
12,72,0x1.0e742e4ba0cfbp-10,0x1.f273c0997e76fp-131,0x1.0e742e4ba0cfcp-10,1.03169949116549333e-03
12,73,0x1.a6ab893610564p-11,0x1.f273c0997e76fp-131,0x1.a6ab893610565p-11,8.06179165700065940e-04
12,74,0x1.49761acf6d1bep-11,0x1.f273c0997e76fp-131,0x1.49761acf6d1bfp-11,6.28397648986970983e-04
12,75,0x1.002d5d916c6d2p-11,0x1.f273c0997e76fp-131,0x1.002d5d916c6d3p-11,4.88619249315836563e-04
12,76,0x1.8d6b14feccedap-12,0x1.f273c0997e76fp-131,0x1.8d6b14feccedbp-12,3.79007615197252893e-04
12,77,0x1.33855f0fdfbaap-12,0x1.f273c0997e76fp-131,0x1.33855f0fdfbabp-12,2.93274862080690035e-04
12,78,0x1.dac6cd490b7acp-13,0x1.f273c0997e76fp-131,0x1.dac6cd490b7adp-13,2.26391110375199182e-04
12,79,0x1.6da0c2f31c4ccp-13,0x1.f273c0997e76fp-131,0x1.6da0c2f31c4cdp-13,1.74345004413412058e-04
12,80,0x1.18e8454f67277p-13,0x1.f273c0997e76fp-131,0x1.18e8454f67278p-13,1.33947042269339433e-04
12,81,0x1.ae9fa933f2d33p-14,0x1.f273c0997e76fp-131,0x1.ae9fa933f2d34p-14,1.02668684859687231e-04
12,82,0x1.494ccaa95fdf2p-14,0x1.f273c0997e76fp-131,0x1.494ccaa95fdf3p-14,7.85112303187602737e-05
12,83,0x1.f678da99eefffp-15,0x1.f273c0997e76fp-131,0x1.f678da99efp-15,5.98993403424230575e-05
12,84,0x1.7e7a4adf177b4p-15,0x1.f273c0997e76fp-131,0x1.7e7a4adf177b5p-15,4.55948954758278926e-05
12,85,0x1.227a15b2ee2bfp-15,0x1.f273c0997e76fp-131,0x1.227a15b2ee2cp-15,3.46275441169322483e-05
12,86,0x1.b8373c322cefp-16,0x1.f273c0997e76fp-131,0x1.b8373c322cef1p-16,2.62389041345142104e-05
12,87,0x1.4cd311eb18f1ep-16,0x1.f273c0997e76fp-131,0x1.4cd311eb18f1fp-16,1.98378856278844810e-05
12,88,0x1.f624b1c84b522p-17,0x1.f273c0997e76fp-131,0x1.f624b1c84b523p-17,1.49650376362839361e-05
12,89,0x1.79f6a66b8912ep-17,0x1.f273c0997e76fp-131,0x1.79f6a66b8912fp-17,1.12641893884121295e-05
12,90,0x1.1bde8eaea7aafp-17,0x1.f273c0997e76fp-131,0x1.1bde8eaea7abp-17,8.45996632153669915e-06
12,91,0x1.a978b84cbb088p-18,0x1.f273c0997e76fp-131,0x1.a978b84cbb089p-18,6.34002033160161407e-06
12,92,0x1.3e2a44a510fffp-18,0x1.f273c0997e76fp-131,0x1.3e2a44a511p-18,4.74102958942027031e-06
12,93,0x1.dad284d22c3edp-19,0x1.f273c0997e76fp-131,0x1.dad284d22c3eep-19,3.53770210733587582e-06
12,94,0x1.618d35a3c4ebap-19,0x1.f273c0997e76fp-131,0x1.618d35a3c4ebbp-19,2.63416468893905411e-06
12,95,0x1.06b2400ec622ap-19,0x1.f273c0997e76fp-131,0x1.06b2400ec622bp-19,1.95723988073391499e-06
12,96,0x1.858e8dedadad9p-20,0x1.f273c0997e76fp-131,0x1.858e8dedadadap-20,1.45121236576138525e-06
12,97,0x1.203cadcd40602p-20,0x1.f273c0997e76fp-131,0x1.203cadcd40603p-20,1.07376660035717724e-06
12,98,0x1.a9a773d9df29ep-21,0x1.f273c0997e76fp-131,0x1.a9a773d9df29fp-21,7.92842566029931380e-07
12,99,0x1.39a51222c7538p-21,0x1.f273c0997e76fp-131,0x1.39a51222c7539p-21,5.84208980167601900e-07
12,100,0x1.cd464c690bc9fp-22,0x1.f273c0997e76fp-131,0x1.cd464c690bcap-22,4.29595451270417596e-07
12,101,0x1.5281ac49b3f97p-22,0x1.f273c0997e76fp-131,0x1.5281ac49b3f98p-22,3.15258777844497396e-07
12,102,0x1.efd29f741d73ap-23,0x1.f273c0997e76fp-131,0x1.efd29f741d73bp-23,2.30885457977865374e-07
12,103,0x1.6a656349cd1efp-23,0x1.f273c0997e76fp-131,0x1.6a656349cd1fp-23,1.68753809420864439e-07
12,104,0x1.0858ba9210749p-23,0x1.f273c0997e76fp-131,0x1.0858ba921074ap-23,1.23095976580341869e-07
12,105,0x1.80e2fb0528ed9p-24,0x1.f273c0997e76fp-131,0x1.80e2fb0528edap-24,8.96134047684276606e-08
12,106,0x1.17a4ff2de90cdp-24,0x1.f273c0997e76fp-131,0x1.17a4ff2de90cep-24,6.51098132896426139e-08
12,107,0x1.95906c4de4963p-25,0x1.f273c0997e76fp-131,0x1.95906c4de4964p-25,4.72138813454655972e-08
12,108,0x1.25852a22e65ddp-25,0x1.f273c0997e76fp-131,0x1.25852a22e65dep-25,3.41702455421135498e-08
12,109,0x1.a80a3a3d6daddp-26,0x1.f273c0997e76fp-131,0x1.a80a3a3d6dadep-26,2.46823736915356500e-08
12,110,0x1.31b60c612a688p-26,0x1.f273c0997e76fp-131,0x1.31b60c612a689p-26,1.77947295827903598e-08
12,111,0x1.b7f69e65db425p-27,0x1.f273c0997e76fp-131,0x1.b7f69e65db426p-27,1.28046188753735995e-08
12,112,0x1.3bfc6113ee91fp-27,0x1.f273c0997e76fp-131,0x1.3bfc6113ee92p-27,9.19639878820668070e-09
12,113,0x1.c508671904fe7p-28,0x1.f273c0997e76fp-131,0x1.c508671904fe8p-28,6.59249523809634187e-09
12,114,0x1.4426b0549da5cp-28,0x1.f273c0997e76fp-131,0x1.4426b0549da5dp-28,4.71701973715055469e-09
12,115,0x1.cf0166cc7ca64p-29,0x1.f273c0997e76fp-131,0x1.cf0166cc7ca65p-29,3.36880821003326978e-09
12,116,0x1.4a0ed93c522a2p-29,0x1.f273c0997e76fp-131,0x1.4a0ed93c522a3p-29,2.40148803461223529e-09
12,117,0x1.d5b459527e961p-30,0x1.f273c0997e76fp-131,0x1.d5b459527e962p-30,1.70877497275534782e-09
12,118,0x1.4d9b3277c197p-30,0x1.f273c0997e76fp-131,0x1.4d9b3277c1971p-30,1.21365242676794717e-09
12,119,0x1.d9062ad1e0c87p-31,0x1.f273c0997e76fp-131,0x1.d9062ad1e0c88p-31,8.60425808930536370e-10
12,120,0x1.4ebf35ffbd967p-31,0x1.f273c0997e76fp-131,0x1.4ebf35ffbd968p-31,6.08901096182574476e-10
12,121,0x1.d8ee949c7f995p-32,0x1.f273c0997e76fp-131,0x1.d8ee949c7f996p-32,4.30129107488769314e-10
12,122,0x1.4d7bb29d5e374p-32,0x1.f273c0997e76fp-131,0x1.4d7bb29d5e375p-32,3.03301198250045438e-10
12,123,0x1.d5780cb096e99p-33,0x1.f273c0997e76fp-131,0x1.d5780cb096e9ap-33,2.13489758439674600e-10
12,124,0x1.49de84076786dp-33,0x1.f273c0997e76fp-131,0x1.49de84076786ep-33,1.50007145794685579e-10
12,125,0x1.cebf0d4681955p-34,0x1.f273c0997e76fp-131,0x1.cebf0d4681956p-34,1.05216326191283305e-10
12,126,0x1.4401d84afd03dp-34,0x1.f273c0997e76fp-131,0x1.4401d84afd03ep-34,7.36707094388500287e-11
12,127,0x1.c4f0c1c1d67a9p-35,0x1.f273c0997e76fp-131,0x1.c4f0c1c1d67aap-35,5.14933681756614065e-11
12,128,0x1.3c0b0e79ad18fp-35,0x1.f273c0997e76fp-131,0x1.3c0b0e79ad19p-35,3.59299508119774295e-11
12,129,0x1.b8492d3c9cd53p-36,0x1.f273c0997e76fp-131,0x1.b8492d3c9cd54p-36,2.50273527915568382e-11
12,130,0x1.32293ef719b15p-36,0x1.f273c0997e76fp-131,0x1.32293ef719b16p-36,1.74032446138455283e-11
12,131,0x1.a910e45076abbp-37,0x1.f273c0997e76fp-131,0x1.a910e45076abcp-37,1.20811018803098038e-11
12,132,0x1.26938101c8235p-37,0x1.f273c0997e76fp-131,0x1.26938101c8236p-37,8.37235879885133754e-12
12,133,0x1.979a777dd1933p-38,0x1.f273c0997e76fp-131,0x1.979a777dd1934p-38,5.79239249696107893e-12
12,134,0x1.19870314726bep-38,0x1.f273c0997e76fp-131,0x1.19870314726bfp-38,4.00074484822853471e-12
12,135,0x1.843fad7f18726p-39,0x1.f273c0997e76fp-131,0x1.843fad7f18727p-39,2.75867322653759370e-12
12,136,0x1.0b450c7683f37p-39,0x1.f273c0997e76fp-131,0x1.0b450c7683f38p-39,1.89906559043279166e-12
12,137,0x1.6f5eacf8db4fep-40,0x1.f273c0997e76fp-131,0x1.6f5eacf8db4ffp-40,1.30515980900985535e-12
12,138,0x1.f821fba0fa44dp-41,0x1.f273c0997e76fp-131,0x1.f821fba0fa44ep-41,8.95519650969355314e-13
12,139,0x1.5957337110328p-41,0x1.f273c0997e76fp-131,0x1.5957337110329p-41,6.13448187691535771e-13
12,140,0x1.d85cc9f90e621p-42,0x1.f273c0997e76fp-131,0x1.d85cc9f90e622p-42,4.19542140460921851e-13
12,141,0x1.4287f480f2e7bp-42,0x1.f273c0997e76fp-131,0x1.4287f480f2e7cp-42,2.86465140125075355e-13
12,142,0x1.b7be6b896b49bp-43,0x1.f273c0997e76fp-131,0x1.b7be6b896b49cp-43,1.95285489282269065e-13
12,143,0x1.2b4c381b1d0b2p-43,0x1.f273c0997e76fp-131,0x1.2b4c381b1d0b3p-43,1.32914892917790427e-13
12,144,0x1.96c46c140fd23p-44,0x1.f273c0997e76fp-131,0x1.96c46c140fd24p-44,9.03204786839573895e-14
12,145,0x1.13f9c9d9ffd86p-44,0x1.f273c0997e76fp-131,0x1.13f9c9d9ffd87p-44,6.12789233268303017e-14
12,146,0x1.75e35052ae531p-45,0x1.f273c0997e76fp-131,0x1.75e35052ae532p-45,4.15099004481882533e-14
12,147,0x1.f9be8beb977a9p-46,0x1.f273c0997e76fp-131,0x1.f9be8beb977aap-46,2.80744495714269162e-14
12,148,0x1.5584753d0534ap-46,0x1.f273c0997e76fp-131,0x1.5584753d0534bp-46,1.89580248119667181e-14
12,149,0x1.cc85962a3b295p-47,0x1.f273c0997e76fp-131,0x1.cc85962a3b296p-47,1.27820482694198960e-14
12,150,0x1.3604803d9c21bp-47,0x1.f273c0997e76fp-131,0x1.3604803d9c21cp-47,8.60471643374759474e-15
12,151,0x1.a0c225f418ab1p-48,0x1.f273c0997e76fp-131,0x1.a0c225f418ab2p-48,5.78368452609046305e-15
12,152,0x1.17b25fbc6b29bp-48,0x1.f273c0997e76fp-131,0x1.17b25fbc6b29cp-48,3.88157247060406948e-15
12,153,0x1.76d9deb1f0a6cp-49,0x1.f273c0997e76fp-131,0x1.76d9deb1f0a6dp-49,2.60105169560560144e-15
12,154,0x1.f59daa6b113bdp-50,0x1.f273c0997e76fp-131,0x1.f59daa6b113bep-50,1.74032969155833090e-15
12,155,0x1.4f1e4846bc3edp-50,0x1.f273c0997e76fp-131,0x1.4f1e4846bc3eep-50,1.16267513099512977e-15
12,156,0x1.bf18f9ecb3dd9p-51,0x1.f273c0997e76fp-131,0x1.bf18f9ecb3ddap-51,7.75590639537101677e-16
12,157,0x1.29cd2ac24dd78p-51,0x1.f273c0997e76fp-131,0x1.29cd2ac24dd79p-51,5.16603138219922035e-16
12,158,0x1.8c208773ed86fp-52,0x1.f273c0997e76fp-131,0x1.8c208773ed87p-52,3.43585461164108387e-16
12,159,0x1.071178ced3f6ep-52,0x1.f273c0997e76fp-131,0x1.071178ced3f6fp-52,2.28175334210895824e-16
12,160,0x1.5ce46f8372758p-53,0x1.f273c0997e76fp-131,0x1.5ce46f8372759p-53,1.51307927368142186e-16
12,161,0x1.ce095b54c9799p-54,0x1.f273c0997e76fp-131,0x1.ce095b54c979ap-54,1.00188206223775315e-16
12,162,0x1.317d4350cb4c9p-54,0x1.f273c0997e76fp-131,0x1.317d4350cb4cap-54,6.62424343686664804e-17
12,163,0x1.936104c2e929fp-55,0x1.f273c0997e76fp-131,0x1.936104c2e92ap-55,4.37344365261340670e-17
12,164,0x1.09eea1e4c926ap-55,0x1.f273c0997e76fp-131,0x1.09eea1e4c926bp-55,2.88324223222396057e-17
12,165,0x1.5e21bcc76993ap-56,0x1.f273c0997e76fp-131,0x1.5e21bcc76993bp-56,1.89806821946025827e-17
12,166,0x1.cc5424721fb54p-57,0x1.f273c0997e76fp-131,0x1.cc5424721fb55p-57,1.24772339031575376e-17
12,167,0x1.2e2bd2668bc9p-57,0x1.f273c0997e76fp-131,0x1.2e2bd2668bc91p-57,8.19036622399342597e-18
12,168,0x1.8c23f5d1d64a3p-58,0x1.f273c0997e76fp-131,0x1.8c23f5d1d64a4p-58,5.36870447269292023e-18
12,169,0x1.034c4b1ceae76p-58,0x1.f273c0997e76fp-131,0x1.034c4b1ceae77p-58,3.51414347291721027e-18
12,170,0x1.52f93096a37bep-59,0x1.f273c0997e76fp-131,0x1.52f93096a37bfp-59,2.29697308842257596e-18
12,171,0x1.ba82070e07f4ap-60,0x1.f273c0997e76fp-131,0x1.ba82070e07f4bp-60,1.49927515114478480e-18
12,172,0x1.206dad9dec6b9p-60,0x1.f273c0997e76fp-131,0x1.206dad9dec6bap-60,9.77233534008020022e-19
12,173,0x1.7779324e19d91p-61,0x1.f273c0997e76fp-131,0x1.7779324e19d92p-61,6.36076721629566272e-19
12,174,0x1.e81bf3536c633p-62,0x1.f273c0997e76fp-131,0x1.e81bf3536c634p-62,4.13444558679447412e-19
12,175,0x1.3cd4078e62956p-62,0x1.f273c0997e76fp-131,0x1.3cd4078e62957p-62,2.68363958153293494e-19
12,176,0x1.9abc52cb34e43p-63,0x1.f273c0997e76fp-131,0x1.9abc52cb34e44p-63,1.73953309139687380e-19
12,177,0x1.09df9902a14c1p-63,0x1.f273c0997e76fp-131,0x1.09df9902a14c2p-63,1.12601776870111633e-19
12,178,0x1.57bc32d41f1fap-64,0x1.f273c0997e76fp-131,0x1.57bc32d41f1fbp-64,7.27887494182803238e-20
12,179,0x1.bbcb5df2ffbeap-65,0x1.f273c0997e76fp-131,0x1.bbcb5df2ffbebp-65,4.69885600695237760e-20
12,180,0x1.1e1a1eb53d9f7p-65,0x1.f273c0997e76fp-131,0x1.1e1a1eb53d9f8p-65,3.02922308237081594e-20
12,181,0x1.7062eecddc7dfp-66,0x1.f273c0997e76fp-131,0x1.7062eecddc7ep-66,1.95022166163091085e-20
12,182,0x1.d9b2e5b958ca5p-67,0x1.f273c0997e76fp-131,0x1.d9b2e5b958ca6p-67,1.25387033050210959e-20
12,183,0x1.3026a57cb3b0dp-67,0x1.f273c0997e76fp-131,0x1.3026a57cb3b0ep-67,8.05080894653968845e-21
12,184,0x1.860e41ee3b779p-68,0x1.f273c0997e76fp-131,0x1.860e41ee3b77ap-68,5.16234411994448263e-21
12,185,0x1.f38f1fb3bbb7dp-69,0x1.f273c0997e76fp-131,0x1.f38f1fb3bbb7ep-69,3.30580466976638153e-21
12,186,0x1.3f7a97c0845c9p-69,0x1.f273c0997e76fp-131,0x1.3f7a97c0845cap-69,2.11413387235884373e-21
12,187,0x1.9816bef8cbd69p-70,0x1.f273c0997e76fp-131,0x1.9816bef8cbd6ap-70,1.35025274463712125e-21
12,188,0x1.044babf1be5c1p-70,0x1.f273c0997e76fp-131,0x1.044babf1be5c2p-70,8.61245870304748544e-22
12,189,0x1.4b9eb1ca5ee2ap-71,0x1.f273c0997e76fp-131,0x1.4b9eb1ca5ee2bp-71,5.48619104642178057e-22
12,190,0x1.a5f005e108b6fp-72,0x1.f273c0997e76fp-131,0x1.a5f005e108b7p-72,3.49018593913000430e-22
12,191,0x1.0c1413fbf8aebp-72,0x1.f273c0997e76fp-131,0x1.0c1413fbf8aecp-72,2.21749279886432290e-22
12,192,0x1.543513d02814bp-73,0x1.f273c0997e76fp-131,0x1.543513d02814cp-73,1.40706455290424157e-22
12,193,0x1.af2fe45b9f13ap-74,0x1.f273c0997e76fp-131,0x1.af2fe45b9f13bp-74,8.91673978707016443e-23
12,194,0x1.10e5dbe66f2a2p-74,0x1.f273c0997e76fp-131,0x1.10e5dbe66f2a3p-74,5.64339602629108302e-23
12,195,0x1.58fdf4e82e352p-75,0x1.f273c0997e76fp-131,0x1.58fdf4e82e353p-75,3.56713386210434490e-23
12,196,0x1.b39394afe50d1p-76,0x1.f273c0997e76fp-131,0x1.b39394afe50d2p-76,2.25187766108021785e-23
12,197,0x1.129fb9577d85p-76,0x1.f273c0997e76fp-131,0x1.129fb9577d851p-76,1.41977239931245185e-23
12,198,0x1.59daa38804d81p-77,0x1.f273c0997e76fp-131,0x1.59daa38804d82p-77,8.94011785552072539e-24
12,199,0x1.b302bf9045ca9p-78,0x1.f273c0997e76fp-131,0x1.b302bf9045cabp-78,5.62238197939403927e-24
12,200,0x1.113b687c5d96cp-78,0x1.f273c0997e76fp-131,0x1.113b687c5d96ep-78,3.53144164539091943e-24
12,201,0x1.56cea304e2ad5p-79,0x1.f273c0997e76fp-131,0x1.56cea304e2ad8p-79,2.21533944517509231e-24
12,202,0x1.ad9013ba0384cp-80,0x1.f273c0997e76fp-131,0x1.ad9013ba03851p-80,1.38799226900277752e-24
12,203,0x1.0ccd88bd1af2fp-80,0x1.f273c0997e76fp-131,0x1.0ccd88bd1af34p-80,8.68548909273621167e-25
12,204,0x1.4ffedc108bb1ap-81,0x1.f273c0997e76fp-131,0x1.4ffedc108bb23p-81,5.42830080225456037e-25
12,205,0x1.a3777716be0cfp-82,0x1.f273c0997e76fp-131,0x1.a3777716be0ep-82,3.38842470224644071e-25
12,206,0x1.0583fdd954dfap-82,0x1.f273c0997e76fp-131,0x1.0583fdd954e0bp-82,2.11250613017223928e-25
12,207,0x1.45aefc74d50b4p-83,0x1.f273c0997e76fp-131,0x1.45aefc74d50d4p-83,1.31542534106334141e-25
12,208,0x1.951a04275d73fp-84,0x1.f273c0997e76fp-131,0x1.951a04275d77ep-84,8.18096218366421749e-26
12,209,0x1.f745fd0c3244dp-85,0x1.f273c0997e76fp-131,0x1.f745fd0c324cbp-85,5.08176261046054029e-26
12,210,0x1.383d449c9bb0dp-85,0x1.f273c0997e76fp-131,0x1.383d449c9bb8bp-85,3.15281150816563842e-26
12,211,0x1.82f82f1e3e6f5p-86,0x1.f273c0997e76fp-131,0x1.82f82f1e3e7efp-86,1.95369654771991342e-26
12,212,0x1.df0222b0484ffp-87,0x1.f273c0997e76fp-131,0x1.df0222b0486f2p-87,1.20918705320186927e-26
12,213,0x1.281d1cab7f25ep-87,0x1.f273c0997e76fp-131,0x1.281d1cab7f451p-87,7.47496115828276658e-27
12,214,0x1.6daa8ca94ed8bp-88,0x1.f273c0997e76fp-131,0x1.6daa8ca94f171p-88,4.61535642400179748e-27
12,215,0x1.c304932b4f48bp-89,0x1.f273c0997e76fp-131,0x1.c304932b4fc56p-89,2.84632292552766968e-27
12,216,0x1.15d0dccf0429fp-89,0x1.f273c0997e76fp-131,0x1.15d0dccf04a6ap-89,1.75326462495466665e-27
12,217,0x1.55d9c6b95d1a5p-90,0x1.f273c0997e76fp-131,0x1.55d9c6b95e13ap-90,1.07869057444519921e-27
12,218,0x1.a4263ca5515e9p-91,0x1.f273c0997e76fp-131,0x1.a4263ca553511p-91,6.62878813461476829e-28
12,219,0x1.01e33c0677db6p-91,0x1.f273c0997e76fp-131,0x1.01e33c0679cdep-91,4.06874945851642331e-28
12,220,0x1.3c3650bcf3363p-92,0x1.f273c0997e76fp-131,0x1.3c3650bcf71b2p-92,2.49447418247110696e-28
12,221,0x1.83466d87941bbp-93,0x1.f273c0997e76fp-131,0x1.83466d879be59p-93,1.52753096445190377e-28
12,222,0x1.d9c1abedf38b1p-94,0x1.f273c0997e76fp-131,0x1.d9c1abee031ecp-94,9.34320012163181803e-29
12,223,0x1.21706564b1b55p-94,0x1.f273c0997e76fp-131,0x1.21706564c149p-94,5.70817871839155697e-29
12,224,0x1.6140ff4a4f4c5p-95,0x1.f273c0997e76fp-131,0x1.6140ff4a6e73ap-95,3.48335234649901665e-29
12,225,0x1.aea4594cdc53bp-96,0x1.f273c0997e76fp-131,0x1.aea4594d1aa24p-96,2.12322892616492692e-29
12,226,0x1.0630c5f384c03p-96,0x1.f273c0997e76fp-131,0x1.0630c5f3c30ecp-96,1.29269907094068485e-29
12,227,0x1.3ee5a09abf3e2p-97,0x1.f273c0997e76fp-131,0x1.3ee5a09b3bdb2p-97,7.86141755690338758e-30
12,228,0x1.836cf0466f38ap-98,0x1.f273c0997e76fp-131,0x1.836cf04768729p-98,4.77538848855353434e-30
12,229,0x1.d625322859359p-99,0x1.f273c0997e76fp-131,0x1.d625322a4ba96p-99,2.89749409647201757e-30
12,230,0x1.1cf0a8c962c8bp-99,0x1.f273c0997e76fp-131,0x1.1cf0a8cb553c8p-99,1.75607879662908772e-30
12,231,0x1.58fefd54177c6p-100,0x1.f273c0997e76fp-131,0x1.58fefd57fc63fp-100,1.06310116734073722e-30
12,232,0x1.a13d50db70854p-101,0x1.f273c0997e76fp-131,0x1.a13d50e33a545p-101,6.42859261501774268e-31
12,233,0x1.f80b6d5095f33p-102,0x1.f273c0997e76fp-131,0x1.f80b6d6029914p-102,3.88301864413787899e-31
12,234,0x1.301d2cdd32e9dp-102,0x1.f273c0997e76fp-131,0x1.301d2cecc687ep-102,2.34280878027805544e-31
12,235,0x1.6e90381b9e219p-103,0x1.f273c0997e76fp-131,0x1.6e90383ac55dbp-103,1.41195069535622545e-31
12,236,0x1.b95869a17b793p-104,0x1.f273c0997e76fp-131,0x1.b95869dfc9f15p-104,8.50000255255523792e-32
12,237,0x1.0965b29773f7bp-104,0x1.f273c0997e76fp-131,0x1.0965b2d5c26fdp-104,5.11136530299239501e-32
12,238,0x1.3ed568882af0cp-105,0x1.f273c0997e76fp-131,0x1.3ed56904c7e0fp-105,3.07025621217829512e-32
12,239,0x1.7e9b7099b02fbp-106,0x1.f273c0997e76fp-131,0x1.7e9b7192ea101p-106,1.84218666697104073e-32
12,240,0x1.caa1f1b31516fp-107,0x1.f273c0997e76fp-131,0x1.caa1f3a588d7ap-107,1.10411788004881980e-32
12,241,0x1.1294d055fedb3p-107,0x1.f273c0997e76fp-131,0x1.1294d248729bep-107,6.61030515841412960e-33
12,242,0x1.486c1f5119f1ap-108,0x1.f273c0997e76fp-131,0x1.486c23360172ep-108,3.95324098882127699e-33
12,243,0x1.8864b02572849p-109,0x1.f273c0997e76fp-131,0x1.8864b7ef4187p-109,2.36163206230067401e-33
12,244,0x1.d450ea1e759d3p-110,0x1.f273c0997e76fp-131,0x1.d450f9b213a21p-110,1.40928813277403581e-33
12,245,0x1.1729827317f4fp-110,0x1.f273c0997e76fp-131,0x1.17299206b5f9dp-110,8.40073743010065747e-34
12,246,0x1.4c74f9c3a8c3ap-111,0x1.f273c0997e76fp-131,0x1.4c7518eae4cd4p-111,5.00226315599647975e-34
12,247,0x1.8b8022c85b5ep-112,0x1.f273c0997e76fp-131,0x1.8b806116d3714p-112,2.97542244609079184e-34
12,248,0x1.d5fea27d7a4e9p-113,0x1.f273c0997e76fp-131,0x1.d5ff1f1a6a75p-113,1.76793059519271110e-34
12,249,0x1.16f628184227cp-113,0x1.f273c0997e76fp-131,0x1.16f6a4b5324e3p-113,1.04934387338430329e-34
12,250,0x1.4acc3ebbe5d49p-114,0x1.f273c0997e76fp-131,0x1.4acd37f5c6216p-114,6.22168725345961409e-35
12,251,0x1.87d971858ce8fp-115,0x1.f273c0997e76fp-131,0x1.87db63f94d828p-115,3.68500546437790421e-35
12,252,0x1.cfad3515ea2e3p-116,0x1.f273c0997e76fp-131,0x1.cfb119fd6b614p-116,2.18026837897216166e-35
12,253,0x1.120b8404c1558p-116,0x1.f273c0997e76fp-131,0x1.120f68ec42889p-116,1.28862484283788989e-35
12,254,0x1.4398099431b8fp-117,0x1.f273c0997e76fp-131,0x1.439fd363341fp-117,7.60837118175279644e-36
12,255,0x1.7db30dd1a1e7bp-118,0x1.f273c0997e76fp-131,0x1.7dc2a16fa6b3bp-118,4.48757047594730641e-36
12,256,0x1.c1c3f5cc08f09p-119,0x1.f273c0997e76fp-131,0x1.c1e31d0812888p-119,2.64419908564091004e-36
12,257,0x1.08b4d4a6c9486p-119,0x1.f273c0997e76fp-131,0x1.08d3fbe2d2e05p-119,1.55651945542822243e-36
12,258,0x1.374135d0a4ea6p-120,0x1.f273c0997e76fp-131,0x1.377f8448b81a4p-120,9.15410678088204204e-37
12,259,0x1.6d9a477510017p-121,0x1.f273c0997e76fp-131,0x1.6e16e46536612p-121,5.37920060109512132e-37
12,260,0x1.acfbf7183e4dp-122,0x1.f273c0997e76fp-131,0x1.adf530f88b0c5p-122,3.15883087314143999e-37
12,261,0x1.f6cff77239ed5p-123,0x1.f273c0997e76fp-131,0x1.f8c26b32d36bdp-123,1.85419337470828877e-37
12,262,0x1.26595ddbf538dp-123,0x1.f273c0997e76fp-131,0x1.284bd19c8eb75p-123,1.08842022086509210e-37
12,263,0x1.583beb25be244p-124,0x1.f273c0997e76fp-131,0x1.5c20d2a6f1214p-124,6.39410545729770785e-38
12,264,0x1.921649f831db1p-125,0x1.f273c0997e76fp-131,0x1.99e018fa97d5p-125,3.76411089906218136e-38
12,265,0x1.d50b53916d59bp-126,0x1.f273c0997e76fp-131,0x1.e49ef196394d7p-126,2.22526991979906132e-38
12,266,0x1.112ab894701dfp-126,0x1.f273c0997e76fp-131,0x1.20be56993c11bp-126,1.32584517006266748e-38
12,267,0x1.3d9d3116461f3p-127,0x1.f273c0997e76fp-131,0x1.5cc46d1fde06bp-127,8.00730428267384741e-39
12,268,0x1.707880bffbeacp-128,0x1.f273c0997e76fp-131,0x1.aec6f8d32bb9bp-128,4.94508013030330986e-39
12,269,0x1.aa36f43a27197p-129,0x1.f273c0997e76fp-131,0x1.1369f230435bap-128,3.16159596557258971e-39
12,270,0x1.eb021113fb56ap-130,0x1.f273c0997e76fp-131,0x1.721df8b05d492p-129,2.12436783160389920e-39
12,271,0x1.192ed400d8779p-130,0x1.f273c0997e76fp-131,0x1.09345a26cbd99p-129,1.52219918101565841e-39
12,272,0x1.3f4b027baf3b5p-131,0x1.f273c0997e76fp-131,0x1.98df618a96d93p-130,1.17340676386736689e-39
12,273,0x1.65e80d865f694p-132,0x1.f273c0997e76fp-131,0x1.52b3e3ae5715dp-130,9.72029057852773992e-40
12,274,0x1.894accdbba86p-133,0x1.f273c0997e76fp-131,0x1.2a6339e8368c5p-130,8.56330422139586963e-40
12,275,0x1.a2e49afb8355dp-134,0x1.f273c0997e76fp-131,0x1.136829fc7770ep-130,7.90379014029871250e-40
12,276,0x1.a826546ae1187p-135,0x1.f273c0997e76fp-131,0x1.067b12f016445p-130,7.53282831781379304e-40
12,277,0x1.89e6a659bbecdp-136,0x1.f273c0997e76fp-131,0x1.fec2f5cc4c566p-131,7.32906899436304285e-40
12,278,0x1.36b2849862fdbp-137,0x1.f273c0997e76fp-131,0x1.f74e8aabe002fp-131,7.22209843987604961e-40
12,279,0x1.4cf2b820facdp-139,0x1.f273c0997e76fp-131,0x1.f3c0b3519f71dp-131,7.17110007565157455e-40
12,280,0x0p+0,0x1.f273c0997e76fp-131,0x1.f273c0997e76fp-131,7.15243768796458791e-40
13,0,0x1.82ef5e7dae5cfp+5,0x1.a91eaf46a12b6p-75,0x1.82ef5e7dae5dp+5,4.83668794459186984e+01
13,1,0x1.7aef63a318d41p+5,0x1.a91eaf46a12b6p-75,0x1.7aef63a318d42p+5,4.73668892614318935e+01
13,2,0x1.72ef7110a341p+5,0x1.a91eaf46a12b6p-75,0x1.72ef7110a3411p+5,4.63669148731061185e+01
13,3,0x1.6aef8d8c7ec7fp+5,0x1.a91eaf46a12b6p-75,0x1.6aef8d8c7ec8p+5,4.53669692016783301e+01
13,4,0x1.62efc355f2224p+5,0x1.a91eaf46a12b6p-75,0x1.62efc355f2225p+5,4.43670717920797770e+01
13,5,0x1.5af0214b1b50cp+5,0x1.a91eaf46a12b6p-75,0x1.5af0214b1b50dp+5,4.33672510020934183e+01
13,6,0x1.52f0bc45ce9f2p+5,0x1.a91eaf46a12b6p-75,0x1.52f0bc45ce9f3p+5,4.23675466016465165e+01
13,7,0x1.4af1b0b08c6c5p+5,0x1.a91eaf46a12b6p-75,0x1.4af1b0b08c6c6p+5,4.13680127899984171e+01
13,8,0x1.42f3245279d8dp+5,0x1.a91eaf46a12b6p-75,0x1.42f3245279d8ep+5,4.03687216227946095e+01
13,9,0x1.3af5484ef74fbp+5,0x1.a91eaf46a12b6p-75,0x1.3af5484ef74fcp+5,3.93697668236945617e+01
13,10,0x1.32f85b52edbeep+5,0x1.a91eaf46a12b6p-75,0x1.32f85b52edbefp+5,3.83712679365925098e+01
13,11,0x1.2afcabe752a4ap+5,0x1.a91eaf46a12b6p-75,0x1.2afcabe752a4bp+5,3.73733747551055657e+01
13,12,0x1.23029addd0f59p+5,0x1.a91eaf46a12b6p-75,0x1.23029addd0f5ap+5,3.63762719468492861e+01
13,13,0x1.1b0a9dca17d1cp+5,0x1.a91eaf46a12b6p-75,0x1.1b0a9dca17d1dp+5,3.53801837719458732e+01
13,14,0x1.1315417826ab3p+5,0x1.a91eaf46a12b6p-75,0x1.1315417826ab4p+5,3.43853787791062189e+01
13,15,0x1.0b232c4e263f6p+5,0x1.a91eaf46a12b6p-75,0x1.0b232c4e263f7p+5,3.33921743493482879e+01
13,16,0x1.03352087110a5p+5,0x1.a91eaf46a12b6p-75,0x1.03352087110a6p+5,3.24009409477305752e+01
13,17,0x1.f697fc6565a79p+4,0x1.a91eaf46a12b6p-75,0x1.f697fc6565a7ap+4,3.14121059380363263e+01
13,18,0x1.e6d189cedc848p+4,0x1.a91eaf46a12b6p-75,0x1.e6d189cedc849p+4,3.04261568146251058e+01
13,19,0x1.d7192a25963e3p+4,0x1.a91eaf46a12b6p-75,0x1.d7192a25963e4p+4,2.94436437099683559e+01
13,20,0x1.c77161ae265a7p+4,0x1.a91eaf46a12b6p-75,0x1.c77161ae265a8p+4,2.84651810457923204e+01
13,21,0x1.b7dcf8cc6375dp+4,0x1.a91eaf46a12b6p-75,0x1.b7dcf8cc6375ep+4,2.74914482101370297e+01
13,22,0x1.a85efb992f956p+4,0x1.a91eaf46a12b6p-75,0x1.a85efb992f957p+4,2.65231891616652682e+01
13,23,0x1.98fab84402a69p+4,0x1.a91eaf46a12b6p-75,0x1.98fab84402a6ap+4,2.55612108856825344e+01
13,24,0x1.89b3bc330e664p+4,0x1.a91eaf46a12b6p-75,0x1.89b3bc330e665p+4,2.46063806528458322e+01
13,25,0x1.7a8dcfdc9f3cbp+4,0x1.a91eaf46a12b6p-75,0x1.7a8dcfdc9f3ccp+4,2.36596220605895695e+01
13,26,0x1.6b8cf15c95f15p+4,0x1.a91eaf46a12b6p-75,0x1.6b8cf15c95f16p+4,2.27219098679189173e+01
13,27,0x1.5cb54dd133ebp+4,0x1.a91eaf46a12b6p-75,0x1.5cb54dd133eb1p+4,2.17942636653885451e+01
13,28,0x1.4e0b3992af0fep+4,0x1.a91eaf46a12b6p-75,0x1.4e0b3992af0ffp+4,2.08777404527509098e+01
13,29,0x1.3f932760d4edp+4,0x1.a91eaf46a12b6p-75,0x1.3f932760d4ed1p+4,1.99734262258996900e+01
13,30,0x1.31519ea92cb04p+4,0x1.a91eaf46a12b6p-75,0x1.31519ea92cb05p+4,1.90824267013913591e+01
13,31,0x1.234b310e49b22p+4,0x1.a91eaf46a12b6p-75,0x1.234b310e49b23p+4,1.82058573301429867e+01
13,32,0x1.15846f5e2b02dp+4,0x1.a91eaf46a12b6p-75,0x1.15846f5e2b02ep+4,1.73448327711523049e+01
13,33,0x1.0801de2970971p+4,0x1.a91eaf46a12b6p-75,0x1.0801de2970972p+4,1.65004560106985494e+01
13,34,0x1.f58fd45f8279p+3,0x1.a91eaf46a12b6p-75,0x1.f58fd45f82791p+3,1.56738073220656435e+01
13,35,0x1.dbb5b9adcdce7p+3,0x1.a91eaf46a12b6p-75,0x1.dbb5b9adcdce8p+3,1.48659332651718188e+01
13,36,0x1.c27da1c3cea41p+3,0x1.a91eaf46a12b6p-75,0x1.c27da1c3cea42p+3,1.40778359245642868e+01
13,37,0x1.a9ef4f377f373p+3,0x1.a91eaf46a12b6p-75,0x1.a9ef4f377f374p+3,1.33104625781940982e+01
13,38,0x1.9211fd4d00251p+3,0x1.a91eaf46a12b6p-75,0x1.9211fd4d00252p+3,1.25646959785382570e+01
13,39,0x1.7aec4d36e2863p+3,0x1.a91eaf46a12b6p-75,0x1.7aec4d36e2864p+3,1.18413454124422017e+01
13,40,0x1.64843547a8c7cp+3,0x1.a91eaf46a12b6p-75,0x1.64843547a8c7dp+3,1.11411386870952303e+01
13,41,0x1.4edef257cb7c1p+3,0x1.a91eaf46a12b6p-75,0x1.4edef257cb7c2p+3,1.04647151674979604e+01
13,42,0x1.3a00fb9674d72p+3,0x1.a91eaf46a12b6p-75,0x1.3a00fb9674d73p+3,9.81261996637360845e+00
13,43,0x1.25edf8ed3200dp+3,0x1.a91eaf46a12b6p-75,0x1.25edf8ed3200ep+3,9.18529936148845749e+00
13,44,0x1.12a8bc107855dp+3,0x1.a91eaf46a12b6p-75,0x1.12a8bc107855ep+3,8.58309748856362020e+00
13,45,0x1.00333c4876e11p+3,0x1.a91eaf46a12b6p-75,0x1.00333c4876e12p+3,8.00625433114240437e+00
13,46,0x1.dd1d29df4909cp+2,0x1.a91eaf46a12b6p-75,0x1.dd1d29df4909dp+2,7.45490500264363920e+00
13,47,0x1.bb760d2e5690cp+2,0x1.a91eaf46a12b6p-75,0x1.bb760d2e5690dp+2,6.92908029103479084e+00
13,48,0x1.9b6ff56a0f543p+2,0x1.a91eaf46a12b6p-75,0x1.9b6ff56a0f544p+2,6.42870841367158974e+00
13,49,0x1.7d08136962b1ep+2,0x1.a91eaf46a12b6p-75,0x1.7d08136962b1fp+2,5.95361790935092383e+00
13,50,0x1.603a067339c81p+2,0x1.a91eaf46a12b6p-75,0x1.603a067339c82p+2,5.50354157688627943e+00
13,51,0x1.44fff0b60192fp+2,0x1.a91eaf46a12b6p-75,0x1.44fff0b60193p+2,5.07812135480916993e+00
13,52,0x1.2b528f343463fp+2,0x1.a91eaf46a12b6p-75,0x1.2b528f343464p+2,4.67691402528868139e+00
13,53,0x1.1329549f7dd7dp+2,0x1.a91eaf46a12b6p-75,0x1.1329549f7dd7ep+2,4.29939761710499901e+00
13,54,0x1.f8f50d2d583c9p+1,0x1.a91eaf46a12b6p-75,0x1.f8f50d2d583cap+1,3.94497837747664892e+00
13,55,0x1.ce76b97119efcp+1,0x1.a91eaf46a12b6p-75,0x1.ce76b97119efdp+1,3.61299818060422107e+00
13,56,0x1.a6c041fdbd18ap+1,0x1.a91eaf46a12b6p-75,0x1.a6c041fdbd18bp+1,3.30274224176009090e+00
13,57,0x1.81b8a1b0badc4p+1,0x1.a91eaf46a12b6p-75,0x1.81b8a1b0badc5p+1,3.01344700936690169e+00
13,58,0x1.5f457cfebbaf8p+1,0x1.a91eaf46a12b6p-75,0x1.5f457cfebbaf9p+1,2.74430811346189474e+00
13,59,0x1.3f4b6425d1fb4p+1,0x1.a91eaf46a12b6p-75,0x1.3f4b6425d1fb5p+1,2.49448825689975218e+00
13,60,0x1.21ae14054a081p+1,0x1.a91eaf46a12b6p-75,0x1.21ae14054a082p+1,2.26312494524251040e+00
13,61,0x1.0650b4d2f276cp+1,0x1.a91eaf46a12b6p-75,0x1.0650b4d2f276dp+1,2.04933796215202912e+00
13,62,0x1.da2c2bfe1050ap+0,0x1.a91eaf46a12b6p-75,0x1.da2c2bfe1050bp+0,1.85223650887229740e+00
13,63,0x1.abc1cd64cf276p+0,0x1.a91eaf46a12b6p-75,0x1.abc1cd64cf277p+0,1.67092593871271133e+00
13,64,0x1.8127d4db2c6f1p+0,0x1.a91eaf46a12b6p-75,0x1.8127d4db2c6f2p+0,1.50451402998845341e+00
13,65,0x1.5a2452d3f6239p+0,0x1.a91eaf46a12b6p-75,0x1.5a2452d3f623ap+0,1.35211675333824966e+00
13,66,0x1.367e38f143036p+0,0x1.a91eaf46a12b6p-75,0x1.367e38f143037p+0,1.21286350145511590e+00
13,67,0x1.15fda865504e3p+0,0x1.a91eaf46a12b6p-75,0x1.15fda865504e4p+0,1.08590176080206735e+00
13,68,0x1.f0d86d9a71c02p-1,0x1.a91eaf46a12b6p-75,0x1.f0d86d9a71c03p-1,9.70401215651577664e-01
13,69,0x1.bb2a530ca3e88p-1,0x1.a91eaf46a12b6p-75,0x1.bb2a530ca3e89p-1,8.65557284634591473e-01
13,70,0x1.8a8b4f49af5ap-1,0x1.a91eaf46a12b6p-75,0x1.8a8b4f49af5a1p-1,7.70594098801371641e-01
13,71,0x1.5e99c5a767f21p-1,0x1.a91eaf46a12b6p-75,0x1.5e99c5a767f22p-1,6.84766937909419449e-01
13,72,0x1.36f86f02c7be2p-1,0x1.a91eaf46a12b6p-75,0x1.36f86f02c7be3p-1,6.07364148225198242e-01
13,73,0x1.134e89aa95878p-1,0x1.a91eaf46a12b6p-75,0x1.134e89aa95879p-1,5.37708570550207487e-01
13,74,0x1.e68ff3ece2aep-2,0x1.a91eaf46a12b6p-75,0x1.e68ff3ece2ae1p-2,4.75158511479703505e-01
13,75,0x1.ad2ab982e68eap-2,0x1.a91eaf46a12b6p-75,0x1.ad2ab982e68ebp-2,4.19108294119395708e-01
13,76,0x1.79d81a24e28fbp-2,0x1.a91eaf46a12b6p-75,0x1.79d81a24e28fcp-2,3.68988426686555959e-01
13,77,0x1.4c0c3c8dbd531p-2,0x1.a91eaf46a12b6p-75,0x1.4c0c3c8dbd532p-2,3.24265428687186774e-01
13,78,0x1.23449831a9cd5p-2,0x1.a91eaf46a12b6p-75,0x1.23449831a9cd6p-2,2.84441354781347910e-01
13,79,0x1.fe0f875822613p-3,0x1.a91eaf46a12b6p-75,0x1.fe0f875822614p-3,2.49053056122918393e-01
13,80,0x1.bdca68546396cp-3,0x1.a91eaf46a12b6p-75,0x1.bdca68546396dp-3,2.17671217990253935e-01
13,81,0x1.84e9e0a6b5d0bp-3,0x1.a91eaf46a12b6p-75,0x1.84e9e0a6b5d0cp-3,1.89899211013404901e-01
13,82,0x1.52ae721c54e02p-3,0x1.a91eaf46a12b6p-75,0x1.52ae721c54e03p-3,1.65371791352853931e-01
13,83,0x1.266854b59242ep-3,0x1.a91eaf46a12b6p-75,0x1.266854b59242fp-3,1.43753682891003959e-01
13,84,0x1.feed59399661fp-4,0x1.a91eaf46a12b6p-75,0x1.feed59399662p-4,1.24738071951832286e-01
13,85,0x1.ba8d7036330ep-4,0x1.a91eaf46a12b6p-75,0x1.ba8d7036330e1p-4,1.08045042349832268e-01
13,86,0x1.7ea5f1cb0cac7p-4,0x1.a91eaf46a12b6p-75,0x1.7ea5f1cb0cac8p-4,9.34199757619281757e-02
13,87,0x1.4a44b778478e2p-4,0x1.a91eaf46a12b6p-75,0x1.4a44b778478e3p-4,8.06319395819375256e-02
13,88,0x1.1c8ec1e8410f7p-4,0x1.a91eaf46a12b6p-75,0x1.1c8ec1e8410f8p-4,6.94720816136998875e-02
13,89,0x1.e97d20a12549p-5,0x1.a91eaf46a12b6p-75,0x1.e97d20a125491p-5,5.97520482344090567e-02
13,90,0x1.a44503c77d313p-5,0x1.a91eaf46a12b6p-75,0x1.a44503c77d314p-5,5.13024400533252101e-02
13,91,0x1.683688dcf09b9p-5,0x1.a91eaf46a12b6p-75,0x1.683688dcf09bap-5,4.39713166338324274e-02
13,92,0x1.3434a53ce87bdp-5,0x1.a91eaf46a12b6p-75,0x1.3434a53ce87bep-5,3.76227595618412319e-02
13,93,0x1.074107c12ab06p-5,0x1.a91eaf46a12b6p-75,0x1.074107c12ab07p-5,3.21355010467723676e-02
13,94,0x1.c0f2bd0739209p-6,0x1.a91eaf46a12b6p-75,0x1.c0f2bd073920ap-6,2.74016233423868619e-02
13,95,0x1.7e298925b1b14p-6,0x1.a91eaf46a12b6p-75,0x1.7e298925b1b15p-6,2.33253325775662664e-02
13,96,0x1.44c2b172cb099p-6,0x1.a91eaf46a12b6p-75,0x1.44c2b172cb09ap-6,1.98218090910563319e-02
13,97,0x1.1383fb896822ap-6,0x1.a91eaf46a12b6p-75,0x1.1383fb896822bp-6,1.68161350644614842e-02
13,98,0x1.d2b110816d0a6p-7,0x1.a91eaf46a12b6p-75,0x1.d2b110816d0a7p-7,1.42422991365054995e-02
13,99,0x1.8a99f066da944p-7,0x1.a91eaf46a12b6p-75,0x1.8a99f066da945p-7,1.20422767483502422e-02
13,100,0x1.4d17beda7a585p-7,0x1.a91eaf46a12b6p-75,0x1.4d17beda7a586p-7,1.01651842023382614e-02
13,101,0x1.18b50ad581658p-7,0x1.a91eaf46a12b6p-75,0x1.18b50ad581659p-7,8.56650380138572649e-03
13,102,0x1.d857b85456e03p-8,0x1.a91eaf46a12b6p-75,0x1.d857b85456e04p-8,7.20737695914009172e-03
13,103,0x1.8cc0a0044ec4fp-8,0x1.a91eaf46a12b6p-75,0x1.8cc0a0044ec5p-8,6.05396181736768402e-03
13,104,0x1.4cb76fdb3f402p-8,0x1.a91eaf46a12b6p-75,0x1.4cb76fdb3f403p-8,5.07685166234939349e-03
13,105,0x1.16906673bbae3p-8,0x1.a91eaf46a12b6p-75,0x1.16906673bbae4p-8,4.25055028220697531e-03
13,106,0x1.d1b2e8836c427p-9,0x1.a91eaf46a12b6p-75,0x1.d1b2e8836c428p-9,3.55300033853513456e-03
13,107,0x1.84a6498c43ffdp-9,0x1.a91eaf46a12b6p-75,0x1.84a6498c43ffep-9,2.96516082574527131e-03
13,108,0x1.43d493f06e27cp-9,0x1.a91eaf46a12b6p-75,0x1.43d493f06e27dp-9,2.47062974832728969e-03
13,109,0x1.0d64b36ce44dep-9,0x1.a91eaf46a12b6p-75,0x1.0d64b36ce44dfp-9,2.05530824900589061e-03
13,110,0x1.bf81b6a90d8d7p-10,0x1.a91eaf46a12b6p-75,0x1.bf81b6a90d8d8p-10,1.70710255976085599e-03
13,111,0x1.731b5b01d9d7ep-10,0x1.a91eaf46a12b6p-75,0x1.731b5b01d9d7fp-10,1.41566031421710959e-03
13,112,0x1.3344d89588643p-10,0x1.a91eaf46a12b6p-75,0x1.3344d89588644p-10,1.17213794636263167e-03
13,113,0x1.fc08747c7c375p-11,0x1.a91eaf46a12b6p-75,0x1.fc08747c7c376p-11,9.68996100310189372e-04
13,114,0x1.a3560c3cc9bb1p-11,0x1.a91eaf46a12b6p-75,0x1.a3560c3cc9bb2p-11,7.99820183236535235e-04
13,115,0x1.59976a1a1b7b3p-11,0x1.a91eaf46a12b6p-75,0x1.59976a1a1b7b4p-11,6.59163403964538406e-04
13,116,0x1.1c61047fce887p-11,0x1.a91eaf46a12b6p-75,0x1.1c61047fce888p-11,5.42409848981920996e-04
13,117,0x1.d34db2a6fc3efp-12,0x1.a91eaf46a12b6p-75,0x1.d34db2a6fc3fp-12,4.45655352847628382e-04
13,118,0x1.7f5d1bb5fcf04p-12,0x1.a91eaf46a12b6p-75,0x1.7f5d1bb5fcf05p-12,3.65604118427884366e-04
13,119,0x1.3a06d82384265p-12,0x1.a91eaf46a12b6p-75,0x1.3a06d82384266p-12,2.99479232325905432e-04
13,120,0x1.00d807c63afa8p-12,0x1.a91eaf46a12b6p-75,0x1.00d807c63afa9p-12,2.44945400835967222e-04
13,121,0x1.a384f2380c839p-13,0x1.a91eaf46a12b6p-75,0x1.a384f2380c83ap-13,2.00042400821555573e-04
13,122,0x1.561a9f847ada4p-13,0x1.a91eaf46a12b6p-75,0x1.561a9f847ada5p-13,1.63127897521914454e-04
13,123,0x1.168fb805c9411p-13,0x1.a91eaf46a12b6p-75,0x1.168fb805c9412p-13,1.32828427177462060e-04
13,124,0x1.c4f9684e1301ep-14,0x1.a91eaf46a12b6p-75,0x1.c4f9684e1301fp-14,1.07997476534283241e-04
13,125,0x1.6fc1604061e49p-14,0x1.a91eaf46a12b6p-75,0x1.6fc1604061e4ap-14,8.76797139480685642e-05
13,126,0x1.2a22259968e8fp-14,0x1.a91eaf46a12b6p-75,0x1.2a22259968e9p-14,7.10805383251028686e-05
13,127,0x1.e2aeaaa0f34bap-15,0x1.a91eaf46a12b6p-75,0x1.e2aeaaa0f34bbp-15,5.75402129992879001e-05
13,128,0x1.862ba2c332a84p-15,0x1.a91eaf46a12b6p-75,0x1.862ba2c332a85p-15,4.65119424234066567e-05
13,129,0x1.3aefb06cc1f73p-15,0x1.a91eaf46a12b6p-75,0x1.3aefb06cc1f74p-15,3.75433308815166739e-05
13,130,0x1.fbb0ddf7c6867p-16,0x1.a91eaf46a12b6p-75,0x1.fbb0ddf7c6868p-16,3.02607349730105917e-05
13,131,0x1.98a097d3bc39fp-16,0x1.a91eaf46a12b6p-75,0x1.98a097d3bc3ap-16,2.43560860572787164e-05
13,132,0x1.486d7d290dad5p-16,0x1.a91eaf46a12b6p-75,0x1.486d7d290dad6p-16,1.95758158591751892e-05
13,133,0x1.0798ac7550aeep-16,0x1.a91eaf46a12b6p-75,0x1.0798ac7550aefp-16,1.57115686836390343e-05
13,134,0x1.a688219ae4844p-17,0x1.a91eaf46a12b6p-75,0x1.a688219ae4845p-17,1.25924278131830717e-05
13,135,0x1.522cfcf5ce4bp-17,0x1.a91eaf46a12b6p-75,0x1.522cfcf5ce4b1p-17,1.00784222741726965e-05
13,136,0x1.0e48e6a3eadbfp-17,0x1.a91eaf46a12b6p-75,0x1.0e48e6a3eadcp-17,8.05511383091580668e-06
13,137,0x1.af72fb83fdd4cp-18,0x1.a91eaf46a12b6p-75,0x1.af72fb83fdd4dp-18,6.42909333591703859e-06
13,138,0x1.57e1c9ec57b4bp-18,0x1.a91eaf46a12b6p-75,0x1.57e1c9ec57b4cp-18,5.12424092521843890e-06
13,139,0x1.11b644d853982p-18,0x1.a91eaf46a12b6p-75,0x1.11b644d853983p-18,4.07862645375315664e-06
13,140,0x1.b32065955d919p-19,0x1.a91eaf46a12b6p-75,0x1.b32065955d91ap-19,3.24194543093869894e-06
13,141,0x1.59656aa30f191p-19,0x1.a91eaf46a12b6p-75,0x1.59656aa30f192p-19,2.57340191603238161e-06
13,142,0x1.11cc9e7f0cf1p-19,0x1.a91eaf46a12b6p-75,0x1.11cc9e7f0cf11p-19,2.03996370331551860e-06
13,143,0x1.b180efb8256f1p-20,0x1.a91eaf46a12b6p-75,0x1.b180efb8256f2p-20,1.61492697084902368e-06
13,144,0x1.56b8be4eabe89p-20,0x1.a91eaf46a12b6p-75,0x1.56b8be4eabe8ap-20,1.27673765219416387e-06
13,145,0x1.0e96f99b6636p-20,0x1.a91eaf46a12b6p-75,0x1.0e96f99b66361p-20,1.00802535638583600e-06
13,146,0x1.aab64170cb13bp-21,0x1.a91eaf46a12b6p-75,0x1.aab64170cb13cp-21,7.94812917791850605e-07
13,147,0x1.500306b7c5a3ap-21,0x1.a91eaf46a12b6p-75,0x1.500306b7c5a3bp-21,6.25870788947494474e-07
13,148,0x1.083e2b3c06b1cp-21,0x1.a91eaf46a12b6p-75,0x1.083e2b3c06b1dp-21,4.92190657566798995e-07
13,149,0x1.9f0ffba966792p-22,0x1.a91eaf46a12b6p-75,0x1.9f0ffba966794p-22,3.86557014475668461e-07
13,150,0x1.458eb7fd8cef7p-22,0x1.a91eaf46a12b6p-75,0x1.458eb7fd8cef9p-22,3.03199044401932262e-07
13,151,0x1.fe0b8c460442dp-23,0x1.a91eaf46a12b6p-75,0x1.fe0b8c460443p-23,2.37508262113568440e-07
13,152,0x1.8f060d7e7f259p-23,0x1.a91eaf46a12b6p-75,0x1.8f060d7e7f25cp-23,1.85809863453752771e-07
13,153,0x1.37c46292b501fp-23,0x1.a91eaf46a12b6p-75,0x1.37c46292b5022p-23,1.45177882679621941e-07
13,154,0x1.e68f495f198b6p-24,0x1.a91eaf46a12b6p-75,0x1.e68f495f198bap-24,1.13286011226007382e-07
13,155,0x1.7b3104af8ae19p-24,0x1.a91eaf46a12b6p-75,0x1.7b3104af8ae1dp-24,8.82873958321998571e-08
13,156,0x1.27242ddc0fdabp-24,0x1.a91eaf46a12b6p-75,0x1.27242ddc0fdafp-24,6.87179446132437431e-08
13,157,0x1.cadce57e56c87p-25,0x1.a91eaf46a12b6p-75,0x1.cadce57e56c8fp-25,5.34186694763003314e-08
13,158,0x1.6441025195575p-25,0x1.a91eaf46a12b6p-75,0x1.644102519557dp-25,4.14734172670084497e-08
13,159,0x1.143e6ea55a119p-25,0x1.a91eaf46a12b6p-75,0x1.143e6ea55a121p-25,3.21590197066001651e-08
13,160,0x1.abdf52075dd74p-26,0x1.a91eaf46a12b6p-75,0x1.abdf52075dd82p-26,2.49054483958627943e-08
13,161,0x1.4af40ab09616ep-26,0x1.a91eaf46a12b6p-75,0x1.4af40ab09617cp-26,1.92640167726933899e-08
13,162,0x1.ff57d68026ee7p-27,0x1.a91eaf46a12b6p-75,0x1.ff57d68026f03p-27,1.48820433756720717e-08
13,163,0x1.8a8ad9b5e74c7p-27,0x1.a91eaf46a12b6p-75,0x1.8a8ad9b5e74e3p-27,1.14826946664695353e-08
13,164,0x1.300c641377393p-27,0x1.a91eaf46a12b6p-75,0x1.300c6413773afp-27,8.84897314358837177e-09
13,165,0x1.d40cb07691e43p-28,0x1.a91eaf46a12b6p-75,0x1.d40cb07691e79p-28,6.81101763059551204e-09
13,166,0x1.67d17df4e7ba1p-28,0x1.a91eaf46a12b6p-75,0x1.67d17df4e7bd7p-28,5.23604580952265400e-09
13,167,0x1.1447a568418cp-28,0x1.a91eaf46a12b6p-75,0x1.1447a568418f6p-28,4.02040121355592797e-09
13,168,0x1.a7c30c96f4aafp-29,0x1.a91eaf46a12b6p-75,0x1.a7c30c96f4b1ap-29,3.08327370187280534e-09
13,169,0x1.4498a45b60db5p-29,0x1.a91eaf46a12b6p-75,0x1.4498a45b60e2p-29,2.36174861411554020e-09
13,170,0x1.f0adee78cff34p-30,0x1.a91eaf46a12b6p-75,0x1.f0adee78d000ap-30,1.80690920403424967e-09
13,171,0x1.7b8b3e824356bp-30,0x1.a91eaf46a12b6p-75,0x1.7b8b3e8243641p-30,1.38077274663088740e-09
13,172,0x1.21b09932703f7p-30,0x1.a91eaf46a12b6p-75,0x1.21b09932704cdp-30,1.05388548982266254e-09
13,173,0x1.b9b1c65fb88e6p-31,0x1.a91eaf46a12b6p-75,0x1.b9b1c65fb8a9p-31,8.03437493588117235e-10
13,174,0x1.505560d2034bp-31,0x1.a91eaf46a12b6p-75,0x1.505560d20365ap-31,6.11787088221747257e-10
13,175,0x1.ff9c7148c3e13p-32,0x1.a91eaf46a12b6p-75,0x1.ff9c7148c4166p-32,4.65307588074532434e-10
13,176,0x1.84a9c9c97d1fdp-32,0x1.a91eaf46a12b6p-75,0x1.84a9c9c97d55p-32,3.53487153257734735e-10
13,177,0x1.26eb40039beb7p-32,0x1.a91eaf46a12b6p-75,0x1.26eb40039c20ap-32,2.68227218409870317e-10
13,178,0x1.bf0db9c5917c8p-33,0x1.a91eaf46a12b6p-75,0x1.bf0db9c591e6dp-33,2.03296447535677521e-10
13,179,0x1.52718f249462cp-33,0x1.a91eaf46a12b6p-75,0x1.52718f2494cd1p-33,1.53906326175842236e-10
13,180,0x1.ffda3349d1ebfp-34,0x1.a91eaf46a12b6p-75,0x1.ffda3349d2c09p-34,1.16381748989272370e-10
13,181,0x1.829d020128566p-34,0x1.a91eaf46a12b6p-75,0x1.829d0201292bp-34,8.79056896876063398e-11
13,182,0x1.23af70bb4fa97p-34,0x1.a91eaf46a12b6p-75,0x1.23af70bb507e1p-34,6.63215618940704821e-11
13,183,0x1.b7a1f3934d55dp-35,0x1.a91eaf46a12b6p-75,0x1.b7a1f3934effp-35,4.99804426585817147e-11
13,184,0x1.4aefc40676b4cp-35,0x1.a91eaf46a12b6p-75,0x1.4aefc406785dfp-35,3.76231338189324142e-11
13,185,0x1.f1ab67a5f674fp-36,0x1.a91eaf46a12b6p-75,0x1.f1ab67a5f9c74p-36,2.82892387018703103e-11
13,186,0x1.75c8b2942245ep-36,0x1.a91eaf46a12b6p-75,0x1.75c8b29425983p-36,2.12471590483968214e-11
13,187,0x1.186c97eac8067p-36,0x1.a91eaf46a12b6p-75,0x1.186c97eacb58cp-36,1.59402698654946933e-11
13,188,0x1.a44c4a0c03f3bp-37,0x1.a91eaf46a12b6p-75,0x1.a44c4a0c0a984p-37,1.19455877685400406e-11
13,189,0x1.3a9f0ba088353p-37,0x1.a91eaf46a12b6p-75,0x1.3a9f0ba08ed9cp-37,8.94207434972380626e-12
13,190,0x1.d682c130d41f6p-38,0x1.a91eaf46a12b6p-75,0x1.d682c130e1686p-38,6.68636005741225624e-12
13,191,0x1.5f6f10b84ce74p-38,0x1.a91eaf46a12b6p-75,0x1.5f6f10b85a304p-38,4.99417536842199581e-12
13,192,0x1.0634a24b9d9c1p-38,0x1.a91eaf46a12b6p-75,0x1.0634a24baae51p-38,3.72616570749025334e-12
13,193,0x1.86d674d4c87a5p-39,0x1.a91eaf46a12b6p-75,0x1.86d674d4e30c5p-39,2.77706902955244812e-12
13,194,0x1.22f86f88ee4cbp-39,0x1.a91eaf46a12b6p-75,0x1.22f86f8908debp-39,2.06746940913751196e-12
13,195,0x1.b0c6181dd6f46p-40,0x1.a91eaf46a12b6p-75,0x1.b0c6181e0c184p-40,1.53752141863312227e-12
13,196,0x1.417ec3b40cafdp-40,0x1.a91eaf46a12b6p-75,0x1.417ec3b441d3bp-40,1.14218030130086052e-12
13,197,0x1.dd25519db68e3p-41,0x1.a91eaf46a12b6p-75,0x1.dd25519e20d5fp-41,8.47581163720244555e-13
13,198,0x1.61b2ae5a5d80bp-41,0x1.a91eaf46a12b6p-75,0x1.61b2ae5ac7c87p-41,6.28293813314383164e-13
13,199,0x1.05e8bbe5159e3p-41,0x1.a91eaf46a12b6p-75,0x1.05e8bbe57fe5fp-41,4.65244051413543786e-13
13,200,0x1.83780d1f28477p-42,0x1.a91eaf46a12b6p-75,0x1.83780d1ffcd6dp-42,3.44141559934448166e-13
13,201,0x1.1e4ec997317fbp-42,0x1.a91eaf46a12b6p-75,0x1.1e4ec998060f1p-42,2.54292377002512505e-13
13,202,0x1.a6ab655dae2ddp-43,0x1.a91eaf46a12b6p-75,0x1.a6ab655f574c9p-43,1.87702971197395414e-13
13,203,0x1.37a920376e83dp-43,0x1.a91eaf46a12b6p-75,0x1.37a9203917a29p-43,1.38405130882465291e-13
13,204,0x1.cb21e0e13f12ap-44,0x1.a91eaf46a12b6p-75,0x1.cb21e0e491501p-44,1.01947858564531095e-13
13,205,0x1.51d6e2f63aa94p-44,0x1.a91eaf46a12b6p-75,0x1.51d6e2f98ce6bp-44,7.50154162922213648e-14
13,206,0x1.f0a9705402239p-45,0x1.a91eaf46a12b6p-75,0x1.f0a9705aa69e6p-45,5.51405444235250017e-14
13,207,0x1.6cb230120cdbep-45,0x1.a91eaf46a12b6p-75,0x1.6cb23018b156bp-45,4.04893947696023760e-14
13,208,0x1.0b848a91e4531p-45,0x1.a91eaf46a12b6p-75,0x1.0b848a9888cdep-45,2.97004354226802870e-14
13,209,0x1.8810634a7e3bep-46,0x1.a91eaf46a12b6p-75,0x1.88106357c7317p-46,2.17639248763001638e-14
13,210,0x1.1f00a9cf7627dp-46,0x1.a91eaf46a12b6p-75,0x1.1f00a9dcbf1d6p-46,1.59318442823281216e-14
13,211,0x1.a3c274c0714b5p-47,0x1.a91eaf46a12b6p-75,0x1.a3c274db03365p-47,1.16506691953315407e-14
13,212,0x1.32a6667cafb8ep-47,0x1.a91eaf46a12b6p-75,0x1.32a6669741a3ep-47,8.51124734335875131e-15
13,213,0x1.bf9573a66da7fp-48,0x1.a91eaf46a12b6p-75,0x1.bf9573db917dfp-48,6.21147299009797671e-15
13,214,0x1.46507fe62897fp-48,0x1.a91eaf46a12b6p-75,0x1.4650801b4c6dfp-48,4.52852276167260045e-15
13,215,0x1.db531b58896e1p-49,0x1.a91eaf46a12b6p-75,0x1.db531bc2d119fp-49,3.29822726317437870e-15
13,216,0x1.59d7964146307p-49,0x1.a91eaf46a12b6p-75,0x1.59d796ab8ddc5p-49,2.39976193634599492e-15
13,217,0x1.f6c280a928d69p-50,0x1.a91eaf46a12b6p-75,0x1.f6c2817db82e4p-50,1.74429841535030301e-15
13,218,0x1.6d12ad0575ebdp-50,0x1.a91eaf46a12b6p-75,0x1.6d12adda05438p-50,1.26660128658121595e-15
13,219,0x1.08d46a374a824p-50,0x1.a91eaf46a12b6p-75,0x1.08d46b0bd9d9fp-50,9.18812798056401074e-16
13,220,0x1.7fd7bb11681f8p-51,0x1.a91eaf46a12b6p-75,0x1.7fd7bcba86cedp-51,6.65860983573357336e-16
13,221,0x1.15e51bd5e9697p-51,0x1.a91eaf46a12b6p-75,0x1.15e51d7f0818cp-51,4.82070947963316340e-16
13,222,0x1.91fc45cef3761p-52,0x1.a91eaf46a12b6p-75,0x1.91fc492130d4bp-52,3.48666834007058936e-16
13,223,0x1.22754e89cf44cp-52,0x1.a91eaf46a12b6p-75,0x1.227551dc0ca36p-52,2.51932398838311593e-16
13,224,0x1.a3560423a2effp-53,0x1.a91eaf46a12b6p-75,0x1.a3560ac81dad2p-53,1.81858045122822653e-16
13,225,0x1.2e6759924212ep-53,0x1.a91eaf46a12b6p-75,0x1.2e676036bcd01p-53,1.31146747913026261e-16
13,226,0x1.b3bb85ac69eep-54,0x1.a91eaf46a12b6p-75,0x1.b3bb92f55f684p-54,9.44844704122207873e-17
13,227,0x1.399e68de6fcc1p-54,0x1.a91eaf46a12b6p-75,0x1.399e762765465p-54,6.80052781416841314e-17
13,228,0x1.c304da8ae5883p-55,0x1.a91eaf46a12b6p-75,0x1.c304f51cd07cbp-55,4.88996175496996219e-17
13,229,0x1.43fef2e3b138bp-55,0x1.a91eaf46a12b6p-75,0x1.43ff0d759c2d3p-55,3.51277491387898710e-17
13,230,0x1.d10c37eaa48c1p-56,0x1.a91eaf46a12b6p-75,0x1.d10c6d0e7a74fp-56,2.52103318185985710e-17
13,231,0x1.4d6f2ac206081p-56,0x1.a91eaf46a12b6p-75,0x1.4d6f5fe5dbf0fp-56,1.80755506610431033e-17
13,232,0x1.ddae955b7f1f9p-57,0x1.a91eaf46a12b6p-75,0x1.ddaeffa32af15p-57,1.29476396026322308e-17
13,233,0x1.55d76bf8d6d24p-57,0x1.a91eaf46a12b6p-75,0x1.55d7d64082a4p-57,9.26567614344396262e-18
13,234,0x1.e8cc3f25ce5c6p-58,0x1.a91eaf46a12b6p-75,0x1.e8cd13b525ffcp-58,6.62448993723672179e-18
13,235,0x1.5d229cf709d35p-58,0x1.a91eaf46a12b6p-75,0x1.5d2371866176bp-58,4.73170833844431544e-18
13,236,0x1.f24959cb439b1p-59,0x1.a91eaf46a12b6p-75,0x1.f24b02e9f2e1cp-59,3.37656479661756347e-18
13,237,0x1.633e85d891ecbp-59,0x1.a91eaf46a12b6p-75,0x1.63402ef741336p-59,2.40727249225061780e-18
13,238,0x1.fa0e52e6689dep-60,0x1.a91eaf46a12b6p-75,0x1.fa11a523c72b3p-60,1.71462821589469538e-18
13,239,0x1.681c1894fcdf5p-60,0x1.a91eaf46a12b6p-75,0x1.681f6ad25b6cap-60,1.22014324818286029e-18
13,240,0x1.00041db2e5e0fp-60,0x1.a91eaf46a12b6p-75,0x1.00076ff0446e4p-60,8.67460169304105365e-19
13,241,0x1.6bafa79a83cdfp-61,0x1.a91eaf46a12b6p-75,0x1.6bb64c1540e88p-61,6.16152261378513953e-19
13,242,0x1.021483399ca8ap-61,0x1.a91eaf46a12b6p-75,0x1.021b27b459c33p-61,4.37248698132662278e-19
13,243,0x1.6df10710475a7p-62,0x1.a91eaf46a12b6p-75,0x1.6dfe5005c18f9p-62,3.10008475516547816e-19
13,244,0x1.0333d35dc8a25p-62,0x1.a91eaf46a12b6p-75,0x1.03411c5342d77p-62,2.19596966393256867e-19
13,245,0x1.6edb935033846p-63,0x1.a91eaf46a12b6p-75,0x1.6ef6253b27ee8p-63,1.55414242809115821e-19
13,246,0x1.03600036c3494p-63,0x1.a91eaf46a12b6p-75,0x1.037a9221b7b36p-63,1.09893543092932428e-19
13,247,0x1.6e6e13cf96e42p-64,0x1.a91eaf46a12b6p-75,0x1.6ea337a57fb85p-64,7.76385249170892232e-20
13,248,0x1.02994fd9801f1p-64,0x1.a91eaf46a12b6p-75,0x1.02ce73af68f34p-64,5.48043981031140696e-20
13,249,0x1.6caa6b4c5eea8p-65,0x1.a91eaf46a12b6p-75,0x1.6d14b2f83092ep-65,3.86544391654102870e-20
13,250,0x1.00e20b91a92edp-65,0x1.a91eaf46a12b6p-75,0x1.014c533d7ad73p-65,2.72425007755459023e-20
13,251,0x1.6994fa5f28bap-66,0x1.a91eaf46a12b6p-75,0x1.6a6989b6cc0aap-66,1.91859451672324785e-20
13,252,0x1.fc7bd37c6e591p-67,0x1.a91eaf46a12b6p-75,0x1.fe24f22bb4fa5p-67,1.35034077216009003e-20
13,253,0x1.653384b1f24d6p-67,0x1.a91eaf46a12b6p-75,0x1.66dca36138eeap-67,9.49899455281828638e-21
13,254,0x1.f5620aecf44f4p-68,0x1.a91eaf46a12b6p-75,0x1.f8b4484b8191ap-68,6.67970484136687449e-21
13,255,0x1.5f8b44e864258p-68,0x1.a91eaf46a12b6p-75,0x1.62dd8246f167ep-68,4.69660273096631550e-21
13,256,0x1.ec7c2b939d85ep-69,0x1.a91eaf46a12b6p-75,0x1.f320a650b80aap-69,3.30294897947875069e-21
13,257,0x1.589d9e7616bd9p-69,0x1.a91eaf46a12b6p-75,0x1.5f42193331425p-69,2.32443176460903768e-21
13,258,0x1.e1c6befdc74eep-70,0x1.a91eaf46a12b6p-75,0x1.ef0fb477fc585p-70,1.63802059465170148e-21
13,259,0x1.50627a9ed61dfp-70,0x1.a91eaf46a12b6p-75,0x1.5dab70190b276p-70,1.15695991781713362e-21
13,260,0x1.d52b0c3de675bp-71,0x1.a91eaf46a12b6p-75,0x1.efbcf73250887p-71,8.20129968070180349e-22
13,261,0x1.46bec98e0e21fp-71,0x1.a91eaf46a12b6p-75,0x1.6150b4827834bp-71,5.84511057049388558e-22
13,262,0x1.c66dc971fd45dp-72,0x1.a91eaf46a12b6p-75,0x1.fb919f5ad16b5p-72,4.19851102173032037e-22
13,263,0x1.3b74d79f45392p-72,0x1.a91eaf46a12b6p-75,0x1.7098ad88195eap-72,3.04895794185406903e-22
13,264,0x1.b512fbdc0149bp-73,0x1.a91eaf46a12b6p-75,0x1.0fad53d6d4ca5p-72,2.24725997349476009e-22
13,265,0x1.2e0b5539af14p-73,0x1.a91eaf46a12b6p-75,0x1.9853010b575efp-73,1.68878945283402419e-22
13,266,0x1.a032424cd2cf7p-74,0x1.a91eaf46a12b6p-75,0x1.3a60ccf811b2ap-73,1.30023746072052606e-22
13,267,0x1.1da7cc59285f6p-74,0x1.a91eaf46a12b6p-75,0x1.f23723fc78f52p-74,1.03028528461524431e-22
13,268,0x1.8637ff53c0a56p-75,0x1.a91eaf46a12b6p-75,0x1.97ab574d30e87p-74,8.43040355022665120e-23
13,269,0x1.08dbf8d925eecp-75,0x1.a91eaf46a12b6p-75,0x1.58fd540fe38d2p-74,7.13421697051074220e-23
13,270,0x1.64984d33fc157p-76,0x1.a91eaf46a12b6p-75,0x1.2db56af04f9b2p-74,6.23918891693177114e-23
13,271,0x1.dae1db8ad9aa7p-77,0x1.a91eaf46a12b6p-75,0x1.0feb9314abcb1p-74,5.62317820937028544e-23
13,272,0x1.379591446b2aep-77,0x1.a91eaf46a12b6p-75,0x1.f7041397bbf63p-75,5.20106275132542678e-23
13,273,0x1.90bbbdbb42153p-78,0x1.a91eaf46a12b6p-75,0x1.db3626fe096e1p-75,4.91357208156952417e-23
13,274,0x1.f51cc17a9ffabp-79,0x1.a91eaf46a12b6p-75,0x1.c8707b5e4b2b2p-75,4.71947259961835976e-23
13,275,0x1.2cec88c5fc2b7p-79,0x1.a91eaf46a12b6p-75,0x1.bbed77d300ee2p-75,4.59010390071127802e-23
13,276,0x1.543457bc82a75p-80,0x1.a91eaf46a12b6p-75,0x1.b3c052048540bp-75,4.50556233910460274e-23
13,277,0x1.5d1b5cf33d7c3p-81,0x1.a91eaf46a12b6p-75,0x1.ae931cba6e216p-75,4.45203760770712793e-23
13,278,0x1.2d0ef9582ed45p-82,0x1.a91eaf46a12b6p-75,0x1.ab78cd3951892p-75,4.41995565952582928e-23
13,279,0x1.5d0878d1a5184p-84,0x1.a91eaf46a12b6p-75,0x1.a9cd338309fep-75,4.40268501538943110e-23
13,280,0x0p+0,0x1.a91eaf46a12b6p-75,0x1.a91eaf46a12b6p-75,4.39563634819889378e-23
