height,threshold,known_upper_hex,unknown_moment_hex,total_upper_hex,total_upper_decimal
1,0,0x1.19b531acaa041p-6,0x1.00c3bf5947ef5p-516,0x1.19b531acaa042p-6,1.71940789320219681e-02
1,1,0x1.5aa857f5aff0cp-8,0x1.00c3bf5947ef5p-516,0x1.5aa857f5aff0dp-8,5.28957507566453228e-03
1,2,0x1.85b2e5b6238bfp-10,0x1.00c3bf5947ef5p-516,0x1.85b2e5b6238cp-10,1.48658301398855996e-03
1,3,0x1.92c0af6fcdb23p-12,0x1.00c3bf5947ef5p-516,0x1.92c0af6fcdb24p-12,3.84094883873075396e-04
1,4,0x1.80dc54a16edf7p-14,0x1.00c3bf5947ef5p-516,0x1.80dc54a16edf8p-14,9.17579332257375006e-05
1,5,0x1.55c615e5c3e72p-16,0x1.00c3bf5947ef5p-516,0x1.55c615e5c3e73p-16,2.03713042515305403e-05
1,6,0x1.1b59ccee59527p-18,0x1.00c3bf5947ef5p-516,0x1.1b59ccee59528p-18,4.22225569560633849e-06
1,7,0x1.b86ad1e1b1022p-21,0x1.00c3bf5947ef5p-516,0x1.b86ad1e1b1023p-21,8.20341082362778765e-07
1,8,0x1.4206ba264e673p-23,0x1.00c3bf5947ef5p-516,0x1.4206ba264e674p-23,1.49955171122214208e-07
1,9,0x1.bc877468473aap-26,0x1.00c3bf5947ef5p-516,0x1.bc877468473abp-26,2.58750002822488697e-08
1,10,0x1.227ce9238db95p-28,0x1.00c3bf5947ef5p-516,0x1.227ce9238db96p-28,4.22715576739591558e-09
1,11,0x1.686c143faa17ep-31,0x1.00c3bf5947ef5p-516,0x1.686c143faa17fp-31,6.55604133445152641e-10
1,12,0x1.a9970f2c25a12p-34,0x1.00c3bf5947ef5p-516,0x1.a9970f2c25a13p-34,9.67679796447559148e-11
1,13,0x1.df57c6509a9efp-37,0x1.00c3bf5947ef5p-516,0x1.df57c6509a9fp-37,1.36237437628382874e-11
1,14,0x1.02036f1564c26p-39,0x1.00c3bf5947ef5p-516,0x1.02036f1564c27p-39,1.83329556869255855e-12
1,15,0x1.09fd29a46a7bdp-42,0x1.00c3bf5947ef5p-516,0x1.09fd29a46a7bep-42,2.36245615657098911e-13
1,16,0x1.070d0611f3c2bp-45,0x1.00c3bf5947ef5p-516,0x1.070d0611f3c2cp-45,2.92045136821315395e-14
1,17,0x1.f3ec5698284ap-49,0x1.00c3bf5947ef5p-516,0x1.f3ec5698284a1p-49,3.46891401940237186e-15
1,18,0x1.c922c71791315p-52,0x1.00c3bf5947ef5p-516,0x1.c922c71791316p-52,3.96502145702990972e-16
1,19,0x1.92cf7fcf41294p-55,0x1.00c3bf5947ef5p-516,0x1.92cf7fcf41295p-55,4.36728066871847381e-17
1,20,0x1.567a8ecb15989p-58,0x1.00c3bf5947ef5p-516,0x1.567a8ecb1598ap-58,4.64145244256033078e-18
1,21,0x1.194cd515c795bp-61,0x1.00c3bf5947ef5p-516,0x1.194cd515c795cp-61,4.76540950289481837e-19
1,22,0x1.beec2463f4ce3p-65,0x1.00c3bf5947ef5p-516,0x1.beec2463f4ce4p-65,4.73197529136580838e-20
1,23,0x1.57bbca26ef084p-68,0x1.00c3bf5947ef5p-516,0x1.57bbca26ef085p-68,4.54927569938865025e-21
1,24,0x1.0036c87ae0ffbp-71,0x1.00c3bf5947ef5p-516,0x1.0036c87ae0ffcp-71,4.23870501274659669e-22
1,25,0x1.728565c136cd4p-75,0x1.00c3bf5947ef5p-516,0x1.728565c136cd5p-75,3.83109821434559585e-23
1,26,0x1.041f2e086139bp-78,0x1.00c3bf5947ef5p-516,0x1.041f2e086139cp-78,3.36199541688859689e-24
1,27,0x1.62e8c84a23ec1p-82,0x1.00c3bf5947ef5p-516,0x1.62e8c84a23ec2p-82,2.86693454379096453e-25
1,28,0x1.d6ebcfbbd017dp-86,0x1.00c3bf5947ef5p-516,0x1.d6ebcfbbd017ep-86,2.37754416394079450e-26
1,29,0x1.30103fef13f83p-89,0x1.00c3bf5947ef5p-516,0x1.30103fef13f84p-89,1.91891030856058686e-27
1,30,0x1.7e6a01aa7e73dp-93,0x1.00c3bf5947ef5p-516,0x1.7e6a01aa7e73ep-93,1.50835761783322002e-28
1,31,0x1.d4ba111261bcp-97,0x1.00c3bf5947ef5p-516,0x1.d4ba111261bc1p-97,1.15550083090389595e-29
1,32,0x1.18230cda2c726p-100,0x1.00c3bf5947ef5p-516,0x1.18230cda2c727p-100,8.63238516570270264e-31
1,33,0x1.46beff8ee4be5p-104,0x1.00c3bf5947ef5p-516,0x1.46beff8ee4be6p-104,6.29290073180698051e-32
1,34,0x1.741a34a9314bbp-108,0x1.00c3bf5947ef5p-516,0x1.741a34a9314bcp-108,4.47901930710648902e-33
1,35,0x1.9df7effad6e1p-112,0x1.00c3bf5947ef5p-516,0x1.9df7effad6e11p-112,3.11435289404453959e-34
1,36,0x1.c225cefd793a5p-116,0x1.00c3bf5947ef5p-516,0x1.c225cefd793a6p-116,2.11658426496526800e-35
1,37,0x1.deae2447cd34dp-120,0x1.00c3bf5947ef5p-516,0x1.deae2447cd34ep-120,1.40671479814683267e-36
1,38,0x1.f205d0b445704p-124,0x1.00c3bf5947ef5p-516,0x1.f205d0b445705p-124,9.14723264111345366e-38
1,39,0x1.fb2fb225fa81cp-128,0x1.00c3bf5947ef5p-516,0x1.fb2fb225fa81dp-128,5.82221332677984260e-39
1,40,0x1.f9d14620a9d4p-132,0x1.00c3bf5947ef5p-516,0x1.f9d14620a9d41p-132,3.62906241425835139e-40
1,41,0x1.ee36522c8c8cep-136,0x1.00c3bf5947ef5p-516,0x1.ee36522c8c8cfp-136,2.21612411144267583e-41
1,42,0x1.d943d8f9919d6p-140,0x1.00c3bf5947ef5p-516,0x1.d943d8f9919d7p-140,1.32637111818095406e-42
1,43,0x1.bc5ce6f5cf641p-144,0x1.00c3bf5947ef5p-516,0x1.bc5ce6f5cf642p-144,7.78356310267401750e-44
1,44,0x1.993d7389bdf0dp-148,0x1.00c3bf5947ef5p-516,0x1.993d7389bdf0ep-148,4.48021441802211637e-45
1,45,0x1.71d079e22be76p-152,0x1.00c3bf5947ef5p-516,0x1.71d079e22be77p-152,2.53037253156780231e-46
1,46,0x1.4806760bb06f1p-156,0x1.00c3bf5947ef5p-516,0x1.4806760bb06f2p-156,1.40277485137179905e-47
1,47,0x1.1db0bbd525d49p-160,0x1.00c3bf5947ef5p-516,0x1.1db0bbd525d4ap-160,7.63583128520460843e-49
1,48,0x1.e8c9bb5179ab1p-165,0x1.00c3bf5947ef5p-516,0x1.e8c9bb5179ab2p-165,4.08254798709767413e-50
1,49,0x1.9ad3b451b3fd8p-169,0x1.00c3bf5947ef5p-516,0x1.9ad3b451b3fd9p-169,2.14461685138628095e-51
1,50,0x1.535e9c88f6a97p-173,0x1.00c3bf5947ef5p-516,0x1.535e9c88f6a98p-173,1.10724490540117895e-52
1,51,0x1.139b5d9001e7cp-177,0x1.00c3bf5947ef5p-516,0x1.139b5d9001e7dp-177,5.62005910154990225e-54
1,52,0x1.b836ca974a1f2p-182,0x1.00c3bf5947ef5p-516,0x1.b836ca974a1f3p-182,2.80520563374830720e-55
1,53,0x1.59d2a64c9e07cp-186,0x1.00c3bf5947ef5p-516,0x1.59d2a64c9e07dp-186,1.37731896265191094e-56
1,54,0x1.0b4dc1cf5cd1fp-190,0x1.00c3bf5947ef5p-516,0x1.0b4dc1cf5cd2p-190,6.65374099545509519e-58
1,55,0x1.96afc0ac8e9b8p-195,0x1.00c3bf5947ef5p-516,0x1.96afc0ac8e9b9p-195,3.16352064082095882e-59
1,56,0x1.308e31383f4edp-199,0x1.00c3bf5947ef5p-516,0x1.308e31383f4eep-199,1.48066652105328376e-60
1,57,0x1.c125f8912ef12p-204,0x1.00c3bf5947ef5p-516,0x1.c125f8912ef13p-204,6.82386934276378060e-62
1,58,0x1.4630e45e2ea0dp-208,0x1.00c3bf5947ef5p-516,0x1.4630e45e2ea0ep-208,3.09736859249250737e-63
1,59,0x1.d2bc86f8fe128p-213,0x1.00c3bf5947ef5p-516,0x1.d2bc86f8fe129p-213,1.38497732293376495e-64
1,60,0x1.4905a4107b554p-217,0x1.00c3bf5947ef5p-516,0x1.4905a4107b555p-217,6.10205277361867681e-66
1,61,0x1.c92d77591b47bp-222,0x1.00c3bf5947ef5p-516,0x1.c92d77591b47cp-222,2.64963433534273143e-67
1,62,0x1.39196bf8ce299p-226,0x1.00c3bf5947ef5p-516,0x1.39196bf8ce29ap-226,1.13413072589946518e-68
1,63,0x1.a6d421f78029bp-231,0x1.00c3bf5947ef5p-516,0x1.a6d421f78029cp-231,4.78625062373762409e-70
1,64,0x1.198d1a91c4ac7p-235,0x1.00c3bf5947ef5p-516,0x1.198d1a91c4ac8p-235,1.99190405524922854e-71
1,65,0x1.71d4eb67069adp-240,0x1.00c3bf5947ef5p-516,0x1.71d4eb67069aep-240,8.17645835431454752e-73
1,66,0x1.df3e2ff734205p-245,0x1.00c3bf5947ef5p-516,0x1.df3e2ff734206p-245,3.31105810460236326e-74
1,67,0x1.32615924ddbb1p-249,0x1.00c3bf5947ef5p-516,0x1.32615924ddbb2p-249,1.32297581163637338e-75
1,68,0x1.829849e518984p-254,0x1.00c3bf5947ef5p-516,0x1.829849e518985p-254,5.21671644535967132e-77
1,69,0x1.e17d2c51ae6c7p-259,0x1.00c3bf5947ef5p-516,0x1.e17d2c51ae6c8p-259,2.03038075900025908e-78
1,70,0x1.280073498894dp-263,0x1.00c3bf5947ef5p-516,0x1.280073498894ep-263,7.80127284109284286e-80
1,71,0x1.67582c727f741p-268,0x1.00c3bf5947ef5p-516,0x1.67582c727f742p-268,2.95959382187559496e-81
1,72,0x1.aeccb83f04a72p-273,0x1.00c3bf5947ef5p-516,0x1.aeccb83f04a73p-273,1.10878309756582694e-82
1,73,0x1.fe198bf2844fdp-278,0x1.00c3bf5947ef5p-516,0x1.fe198bf2844fep-278,4.10276258442503731e-84
1,74,0x1.2a5290c9ef186p-282,0x1.00c3bf5947ef5p-516,0x1.2a5290c9ef187p-282,1.49964097774437294e-85
1,75,0x1.58bd906cded78p-287,0x1.00c3bf5947ef5p-516,0x1.58bd906cded79p-287,5.41556243891419846e-87
1,76,0x1.89a58cd1a39adp-292,0x1.00c3bf5947ef5p-516,0x1.89a58cd1a39aep-292,1.93244834430599203e-88
1,77,0x1.bc363e9e78955p-297,0x1.00c3bf5947ef5p-516,0x1.bc363e9e78956p-297,6.81461781589796907e-90
1,78,0x1.ef741547a8162p-302,0x1.00c3bf5947ef5p-516,0x1.ef741547a8163p-302,2.37522196514565686e-91
1,79,0x1.1121ddd51f8fep-306,0x1.00c3bf5947ef5p-516,0x1.1121ddd51f8ffp-306,8.18378873061689641e-93
1,80,0x1.29ba0bb7a8531p-311,0x1.00c3bf5947ef5p-516,0x1.29ba0bb7a8532p-311,2.78772048974687560e-94
1,81,0x1.40e5242df9f1dp-316,0x1.00c3bf5947ef5p-516,0x1.40e5242df9f1ep-316,9.38954327409047447e-96
1,82,0x1.56077e6b2a166p-321,0x1.00c3bf5947ef5p-516,0x1.56077e6b2a167p-321,3.12748116957510178e-97
1,83,0x1.688e26b84a945p-326,0x1.00c3bf5947ef5p-516,0x1.688e26b84a946p-326,1.03027534244608783e-98
1,84,0x1.77f59f1ae16efp-331,0x1.00c3bf5947ef5p-516,0x1.77f59f1ae16fp-331,3.35716344742131030e-100
1,85,0x1.83d00210110dbp-336,0x1.00c3bf5947ef5p-516,0x1.83d00210110dcp-336,1.08218953529648528e-101
1,86,0x1.8bca1ffb14af7p-341,0x1.00c3bf5947ef5p-516,0x1.8bca1ffb14af8p-341,3.45140431067743332e-103
1,87,0x1.8faf421a4d85ep-346,0x1.00c3bf5947ef5p-516,0x1.8faf421a4d85fp-346,1.08917823083498562e-104
1,88,0x1.8f6b571e9c641p-351,0x1.00c3bf5947ef5p-516,0x1.8f6b571e9c642p-351,3.40142266117611940e-106
1,89,0x1.8b0b6b71a739p-356,0x1.00c3bf5947ef5p-516,0x1.8b0b6b71a7391p-356,1.05130254799368778e-107
1,90,0x1.82bc6ef8e438p-361,0x1.00c3bf5947ef5p-516,0x1.82bc6ef8e4381p-361,3.21622392092202375e-109
1,91,0x1.76c868c465d35p-366,0x1.00c3bf5947ef5p-516,0x1.76c868c465d36p-366,9.74005321135870803e-111
1,92,0x1.679253e43dc3bp-371,0x1.00c3bf5947ef5p-516,0x1.679253e43dc3cp-371,2.92022972265110594e-112
1,93,0x1.5590f5646adp-376,0x1.00c3bf5947ef5p-516,0x1.5590f5646ad01p-376,8.66875261848746772e-114
1,94,0x1.414908b48dc87p-381,0x1.00c3bf5947ef5p-516,0x1.414908b48dc88p-381,2.54813555273645854e-115
1,95,0x1.2b4724e0fb4dp-386,0x1.00c3bf5947ef5p-516,0x1.2b4724e0fb4d1p-386,7.41747968584557791e-117
1,96,0x1.1419ba2e14ea3p-391,0x1.00c3bf5947ef5p-516,0x1.1419ba2e14ea4p-391,2.13844910575425317e-118
1,97,0x1.f896fb957070bp-397,0x1.00c3bf5947ef5p-516,0x1.f896fb957070cp-397,6.10646965081326005e-120
1,98,0x1.c8bd13d74ebdbp-402,0x1.00c3bf5947ef5p-516,0x1.c8bd13d74ebdcp-402,1.72730678476502112e-121
1,99,0x1.9990cb2a2acd2p-407,0x1.00c3bf5947ef5p-516,0x1.9990cb2a2acd3p-407,4.84033334760899054e-123
1,100,0x1.6bde253f0d8f1p-412,0x1.00c3bf5947ef5p-516,0x1.6bde253f0d8f2p-412,1.34383328372475109e-124
1,101,0x1.404e58152eaa6p-417,0x1.00c3bf5947ef5p-516,0x1.404e58152eaa7p-417,3.69672342539961749e-126
1,102,0x1.1766182f35948p-422,0x1.00c3bf5947ef5p-516,0x1.1766182f35949p-422,1.00768875253071009e-127
1,103,0x1.e30b88beea0a4p-428,0x1.00c3bf5947ef5p-516,0x1.e30b88beea0a5p-428,2.72213419631345252e-129
1,104,0x1.9dd6544002ad1p-433,0x1.00c3bf5947ef5p-516,0x1.9dd6544002ad2p-433,7.28788420047327049e-131
1,105,0x1.5f6919b44e5e6p-438,0x1.00c3bf5947ef5p-516,0x1.5f6919b44e5e7p-438,1.93391208652163045e-132
1,106,0x1.27c9287c2516ep-443,0x1.00c3bf5947ef5p-516,0x1.27c9287c2516fp-443,5.08685359134905782e-134
1,107,0x1.ed9b1bd271494p-449,0x1.00c3bf5947ef5p-516,0x1.ed9b1bd271495p-449,1.32639329480977335e-135
1,108,0x1.9850f8abe6e7ap-454,0x1.00c3bf5947ef5p-516,0x1.9850f8abe6e7bp-454,3.42877284831712883e-137
1,109,0x1.4ee12858721d2p-459,0x1.00c3bf5947ef5p-516,0x1.4ee12858721d3p-459,8.78780913635314179e-139
1,110,0x1.10533772749ddp-464,0x1.00c3bf5947ef5p-516,0x1.10533772749dfp-464,2.23321050579637790e-140
1,111,0x1.b73145fab5644p-470,0x1.00c3bf5947ef5p-516,0x1.b73145fab5685p-470,5.62751889809174308e-142
1,112,0x1.5f348bd56b3bfp-475,0x1.00c3bf5947ef5p-516,0x1.5f348bd56bbc6p-475,1.40628422273553726e-143
1,113,0x1.1686b51db707p-480,0x1.00c3bf5947ef5p-516,0x1.1686b51dc7135p-480,3.48520374262077046e-145
1,114,0x1.b62827a8cd133p-486,0x1.00c3bf5947ef5p-516,0x1.b62827acd0224p-486,8.56666438692750797e-147
1,115,0x1.55d69e740aa6fp-491,0x1.00c3bf5947ef5p-516,0x1.55d69ef46c86bp-491,2.08858889087592356e-148
1,116,0x1.088b4f4af277dp-496,0x1.00c3bf5947ef5p-516,0x1.088b5f572e6d7p-496,5.05103987004398316e-150
1,117,0x1.962e4c24ef957p-502,0x1.00c3bf5947ef5p-516,0x1.96324f33ecfaap-502,1.21182082309583874e-151
1,118,0x1.355653fb71ebep-507,0x1.00c3bf5947ef5p-516,0x1.35d6b5db1e8fep-507,2.88860336100704984e-153
1,119,0x1.d2c11b57e1072p-513,0x1.00c3bf5947ef5p-516,0x1.f2d993430a052p-513,7.26678232899795668e-155
1,120,0x1.4e6422df6f8afp-518,0x1.00c3bf5947ef5p-516,0x1.545cc81123d22p-516,6.19760487909551696e-156
1,121,0x0p+0,0x1.00c3bf5947ef5p-516,0x1.00c3bf5947ef5p-516,4.67538613686152959e-156
1,122,0x0p+0,0x1.00c3bf5947ef5p-516,0x1.00c3bf5947ef5p-516,4.67538613686152959e-156
1,123,0x0p+0,0x1.00c3bf5947ef5p-516,0x1.00c3bf5947ef5p-516,4.67538613686152959e-156
1,124,0x0p+0,0x1.00c3bf5947ef5p-516,0x1.00c3bf5947ef5p-516,4.67538613686152959e-156
1,125,0x0p+0,0x1.00c3bf5947ef5p-516,0x1.00c3bf5947ef5p-516,4.67538613686152959e-156
1,126,0x0p+0,0x1.00c3bf5947ef5p-516,0x1.00c3bf5947ef5p-516,4.67538613686152959e-156
1,127,0x0p+0,0x1.00c3bf5947ef5p-516,0x1.00c3bf5947ef5p-516,4.67538613686152959e-156
1,128,0x0p+0,0x1.00c3bf5947ef5p-516,0x1.00c3bf5947ef5p-516,4.67538613686152959e-156
1,129,0x0p+0,0x1.00c3bf5947ef5p-516,0x1.00c3bf5947ef5p-516,4.67538613686152959e-156
1,130,0x0p+0,0x1.00c3bf5947ef5p-516,0x1.00c3bf5947ef5p-516,4.67538613686152959e-156
1,131,0x0p+0,0x1.00c3bf5947ef5p-516,0x1.00c3bf5947ef5p-516,4.67538613686152959e-156
1,132,0x0p+0,0x1.00c3bf5947ef5p-516,0x1.00c3bf5947ef5p-516,4.67538613686152959e-156
1,133,0x0p+0,0x1.00c3bf5947ef5p-516,0x1.00c3bf5947ef5p-516,4.67538613686152959e-156
1,134,0x0p+0,0x1.00c3bf5947ef5p-516,0x1.00c3bf5947ef5p-516,4.67538613686152959e-156
1,135,0x0p+0,0x1.00c3bf5947ef5p-516,0x1.00c3bf5947ef5p-516,4.67538613686152959e-156
1,136,0x0p+0,0x1.00c3bf5947ef5p-516,0x1.00c3bf5947ef5p-516,4.67538613686152959e-156
1,137,0x0p+0,0x1.00c3bf5947ef5p-516,0x1.00c3bf5947ef5p-516,4.67538613686152959e-156
1,138,0x0p+0,0x1.00c3bf5947ef5p-516,0x1.00c3bf5947ef5p-516,4.67538613686152959e-156
1,139,0x0p+0,0x1.00c3bf5947ef5p-516,0x1.00c3bf5947ef5p-516,4.67538613686152959e-156
1,140,0x0p+0,0x1.00c3bf5947ef5p-516,0x1.00c3bf5947ef5p-516,4.67538613686152959e-156
1,141,0x0p+0,0x1.00c3bf5947ef5p-516,0x1.00c3bf5947ef5p-516,4.67538613686152959e-156
1,142,0x0p+0,0x1.00c3bf5947ef5p-516,0x1.00c3bf5947ef5p-516,4.67538613686152959e-156
1,143,0x0p+0,0x1.00c3bf5947ef5p-516,0x1.00c3bf5947ef5p-516,4.67538613686152959e-156
1,144,0x0p+0,0x1.00c3bf5947ef5p-516,0x1.00c3bf5947ef5p-516,4.67538613686152959e-156
1,145,0x0p+0,0x1.00c3bf5947ef5p-516,0x1.00c3bf5947ef5p-516,4.67538613686152959e-156
1,146,0x0p+0,0x1.00c3bf5947ef5p-516,0x1.00c3bf5947ef5p-516,4.67538613686152959e-156
1,147,0x0p+0,0x1.00c3bf5947ef5p-516,0x1.00c3bf5947ef5p-516,4.67538613686152959e-156
1,148,0x0p+0,0x1.00c3bf5947ef5p-516,0x1.00c3bf5947ef5p-516,4.67538613686152959e-156
1,149,0x0p+0,0x1.00c3bf5947ef5p-516,0x1.00c3bf5947ef5p-516,4.67538613686152959e-156
1,150,0x0p+0,0x1.00c3bf5947ef5p-516,0x1.00c3bf5947ef5p-516,4.67538613686152959e-156
1,151,0x0p+0,0x1.00c3bf5947ef5p-516,0x1.00c3bf5947ef5p-516,4.67538613686152959e-156
1,152,0x0p+0,0x1.00c3bf5947ef5p-516,0x1.00c3bf5947ef5p-516,4.67538613686152959e-156
1,153,0x0p+0,0x1.00c3bf5947ef5p-516,0x1.00c3bf5947ef5p-516,4.67538613686152959e-156
1,154,0x0p+0,0x1.00c3bf5947ef5p-516,0x1.00c3bf5947ef5p-516,4.67538613686152959e-156
1,155,0x0p+0,0x1.00c3bf5947ef5p-516,0x1.00c3bf5947ef5p-516,4.67538613686152959e-156
1,156,0x0p+0,0x1.00c3bf5947ef5p-516,0x1.00c3bf5947ef5p-516,4.67538613686152959e-156
1,157,0x0p+0,0x1.00c3bf5947ef5p-516,0x1.00c3bf5947ef5p-516,4.67538613686152959e-156
1,158,0x0p+0,0x1.00c3bf5947ef5p-516,0x1.00c3bf5947ef5p-516,4.67538613686152959e-156
1,159,0x0p+0,0x1.00c3bf5947ef5p-516,0x1.00c3bf5947ef5p-516,4.67538613686152959e-156
1,160,0x0p+0,0x1.00c3bf5947ef5p-516,0x1.00c3bf5947ef5p-516,4.67538613686152959e-156
1,161,0x0p+0,0x1.00c3bf5947ef5p-516,0x1.00c3bf5947ef5p-516,4.67538613686152959e-156
1,162,0x0p+0,0x1.00c3bf5947ef5p-516,0x1.00c3bf5947ef5p-516,4.67538613686152959e-156
1,163,0x0p+0,0x1.00c3bf5947ef5p-516,0x1.00c3bf5947ef5p-516,4.67538613686152959e-156
1,164,0x0p+0,0x1.00c3bf5947ef5p-516,0x1.00c3bf5947ef5p-516,4.67538613686152959e-156
1,165,0x0p+0,0x1.00c3bf5947ef5p-516,0x1.00c3bf5947ef5p-516,4.67538613686152959e-156
1,166,0x0p+0,0x1.00c3bf5947ef5p-516,0x1.00c3bf5947ef5p-516,4.67538613686152959e-156
1,167,0x0p+0,0x1.00c3bf5947ef5p-516,0x1.00c3bf5947ef5p-516,4.67538613686152959e-156
1,168,0x0p+0,0x1.00c3bf5947ef5p-516,0x1.00c3bf5947ef5p-516,4.67538613686152959e-156
1,169,0x0p+0,0x1.00c3bf5947ef5p-516,0x1.00c3bf5947ef5p-516,4.67538613686152959e-156
1,170,0x0p+0,0x1.00c3bf5947ef5p-516,0x1.00c3bf5947ef5p-516,4.67538613686152959e-156
1,171,0x0p+0,0x1.00c3bf5947ef5p-516,0x1.00c3bf5947ef5p-516,4.67538613686152959e-156
1,172,0x0p+0,0x1.00c3bf5947ef5p-516,0x1.00c3bf5947ef5p-516,4.67538613686152959e-156
1,173,0x0p+0,0x1.00c3bf5947ef5p-516,0x1.00c3bf5947ef5p-516,4.67538613686152959e-156
1,174,0x0p+0,0x1.00c3bf5947ef5p-516,0x1.00c3bf5947ef5p-516,4.67538613686152959e-156
1,175,0x0p+0,0x1.00c3bf5947ef5p-516,0x1.00c3bf5947ef5p-516,4.67538613686152959e-156
1,176,0x0p+0,0x1.00c3bf5947ef5p-516,0x1.00c3bf5947ef5p-516,4.67538613686152959e-156
1,177,0x0p+0,0x1.00c3bf5947ef5p-516,0x1.00c3bf5947ef5p-516,4.67538613686152959e-156
1,178,0x0p+0,0x1.00c3bf5947ef5p-516,0x1.00c3bf5947ef5p-516,4.67538613686152959e-156
1,179,0x0p+0,0x1.00c3bf5947ef5p-516,0x1.00c3bf5947ef5p-516,4.67538613686152959e-156
1,180,0x0p+0,0x1.00c3bf5947ef5p-516,0x1.00c3bf5947ef5p-516,4.67538613686152959e-156
1,181,0x0p+0,0x1.00c3bf5947ef5p-516,0x1.00c3bf5947ef5p-516,4.67538613686152959e-156
1,182,0x0p+0,0x1.00c3bf5947ef5p-516,0x1.00c3bf5947ef5p-516,4.67538613686152959e-156
1,183,0x0p+0,0x1.00c3bf5947ef5p-516,0x1.00c3bf5947ef5p-516,4.67538613686152959e-156
1,184,0x0p+0,0x1.00c3bf5947ef5p-516,0x1.00c3bf5947ef5p-516,4.67538613686152959e-156
1,185,0x0p+0,0x1.00c3bf5947ef5p-516,0x1.00c3bf5947ef5p-516,4.67538613686152959e-156
1,186,0x0p+0,0x1.00c3bf5947ef5p-516,0x1.00c3bf5947ef5p-516,4.67538613686152959e-156
1,187,0x0p+0,0x1.00c3bf5947ef5p-516,0x1.00c3bf5947ef5p-516,4.67538613686152959e-156
1,188,0x0p+0,0x1.00c3bf5947ef5p-516,0x1.00c3bf5947ef5p-516,4.67538613686152959e-156
1,189,0x0p+0,0x1.00c3bf5947ef5p-516,0x1.00c3bf5947ef5p-516,4.67538613686152959e-156
1,190,0x0p+0,0x1.00c3bf5947ef5p-516,0x1.00c3bf5947ef5p-516,4.67538613686152959e-156
1,191,0x0p+0,0x1.00c3bf5947ef5p-516,0x1.00c3bf5947ef5p-516,4.67538613686152959e-156
1,192,0x0p+0,0x1.00c3bf5947ef5p-516,0x1.00c3bf5947ef5p-516,4.67538613686152959e-156
1,193,0x0p+0,0x1.00c3bf5947ef5p-516,0x1.00c3bf5947ef5p-516,4.67538613686152959e-156
1,194,0x0p+0,0x1.00c3bf5947ef5p-516,0x1.00c3bf5947ef5p-516,4.67538613686152959e-156
1,195,0x0p+0,0x1.00c3bf5947ef5p-516,0x1.00c3bf5947ef5p-516,4.67538613686152959e-156
1,196,0x0p+0,0x1.00c3bf5947ef5p-516,0x1.00c3bf5947ef5p-516,4.67538613686152959e-156
1,197,0x0p+0,0x1.00c3bf5947ef5p-516,0x1.00c3bf5947ef5p-516,4.67538613686152959e-156
1,198,0x0p+0,0x1.00c3bf5947ef5p-516,0x1.00c3bf5947ef5p-516,4.67538613686152959e-156
1,199,0x0p+0,0x1.00c3bf5947ef5p-516,0x1.00c3bf5947ef5p-516,4.67538613686152959e-156
1,200,0x0p+0,0x1.00c3bf5947ef5p-516,0x1.00c3bf5947ef5p-516,4.67538613686152959e-156
1,201,0x0p+0,0x1.00c3bf5947ef5p-516,0x1.00c3bf5947ef5p-516,4.67538613686152959e-156
1,202,0x0p+0,0x1.00c3bf5947ef5p-516,0x1.00c3bf5947ef5p-516,4.67538613686152959e-156
1,203,0x0p+0,0x1.00c3bf5947ef5p-516,0x1.00c3bf5947ef5p-516,4.67538613686152959e-156
1,204,0x0p+0,0x1.00c3bf5947ef5p-516,0x1.00c3bf5947ef5p-516,4.67538613686152959e-156
1,205,0x0p+0,0x1.00c3bf5947ef5p-516,0x1.00c3bf5947ef5p-516,4.67538613686152959e-156
1,206,0x0p+0,0x1.00c3bf5947ef5p-516,0x1.00c3bf5947ef5p-516,4.67538613686152959e-156
1,207,0x0p+0,0x1.00c3bf5947ef5p-516,0x1.00c3bf5947ef5p-516,4.67538613686152959e-156
1,208,0x0p+0,0x1.00c3bf5947ef5p-516,0x1.00c3bf5947ef5p-516,4.67538613686152959e-156
1,209,0x0p+0,0x1.00c3bf5947ef5p-516,0x1.00c3bf5947ef5p-516,4.67538613686152959e-156
1,210,0x0p+0,0x1.00c3bf5947ef5p-516,0x1.00c3bf5947ef5p-516,4.67538613686152959e-156
1,211,0x0p+0,0x1.00c3bf5947ef5p-516,0x1.00c3bf5947ef5p-516,4.67538613686152959e-156
1,212,0x0p+0,0x1.00c3bf5947ef5p-516,0x1.00c3bf5947ef5p-516,4.67538613686152959e-156
1,213,0x0p+0,0x1.00c3bf5947ef5p-516,0x1.00c3bf5947ef5p-516,4.67538613686152959e-156
1,214,0x0p+0,0x1.00c3bf5947ef5p-516,0x1.00c3bf5947ef5p-516,4.67538613686152959e-156
1,215,0x0p+0,0x1.00c3bf5947ef5p-516,0x1.00c3bf5947ef5p-516,4.67538613686152959e-156
1,216,0x0p+0,0x1.00c3bf5947ef5p-516,0x1.00c3bf5947ef5p-516,4.67538613686152959e-156
1,217,0x0p+0,0x1.00c3bf5947ef5p-516,0x1.00c3bf5947ef5p-516,4.67538613686152959e-156
1,218,0x0p+0,0x1.00c3bf5947ef5p-516,0x1.00c3bf5947ef5p-516,4.67538613686152959e-156
1,219,0x0p+0,0x1.00c3bf5947ef5p-516,0x1.00c3bf5947ef5p-516,4.67538613686152959e-156
1,220,0x0p+0,0x1.00c3bf5947ef5p-516,0x1.00c3bf5947ef5p-516,4.67538613686152959e-156
1,221,0x0p+0,0x1.00c3bf5947ef5p-516,0x1.00c3bf5947ef5p-516,4.67538613686152959e-156
1,222,0x0p+0,0x1.00c3bf5947ef5p-516,0x1.00c3bf5947ef5p-516,4.67538613686152959e-156
1,223,0x0p+0,0x1.00c3bf5947ef5p-516,0x1.00c3bf5947ef5p-516,4.67538613686152959e-156
1,224,0x0p+0,0x1.00c3bf5947ef5p-516,0x1.00c3bf5947ef5p-516,4.67538613686152959e-156
1,225,0x0p+0,0x1.00c3bf5947ef5p-516,0x1.00c3bf5947ef5p-516,4.67538613686152959e-156
1,226,0x0p+0,0x1.00c3bf5947ef5p-516,0x1.00c3bf5947ef5p-516,4.67538613686152959e-156
1,227,0x0p+0,0x1.00c3bf5947ef5p-516,0x1.00c3bf5947ef5p-516,4.67538613686152959e-156
1,228,0x0p+0,0x1.00c3bf5947ef5p-516,0x1.00c3bf5947ef5p-516,4.67538613686152959e-156
1,229,0x0p+0,0x1.00c3bf5947ef5p-516,0x1.00c3bf5947ef5p-516,4.67538613686152959e-156
1,230,0x0p+0,0x1.00c3bf5947ef5p-516,0x1.00c3bf5947ef5p-516,4.67538613686152959e-156
1,231,0x0p+0,0x1.00c3bf5947ef5p-516,0x1.00c3bf5947ef5p-516,4.67538613686152959e-156
1,232,0x0p+0,0x1.00c3bf5947ef5p-516,0x1.00c3bf5947ef5p-516,4.67538613686152959e-156
1,233,0x0p+0,0x1.00c3bf5947ef5p-516,0x1.00c3bf5947ef5p-516,4.67538613686152959e-156
1,234,0x0p+0,0x1.00c3bf5947ef5p-516,0x1.00c3bf5947ef5p-516,4.67538613686152959e-156
1,235,0x0p+0,0x1.00c3bf5947ef5p-516,0x1.00c3bf5947ef5p-516,4.67538613686152959e-156
1,236,0x0p+0,0x1.00c3bf5947ef5p-516,0x1.00c3bf5947ef5p-516,4.67538613686152959e-156
1,237,0x0p+0,0x1.00c3bf5947ef5p-516,0x1.00c3bf5947ef5p-516,4.67538613686152959e-156
1,238,0x0p+0,0x1.00c3bf5947ef5p-516,0x1.00c3bf5947ef5p-516,4.67538613686152959e-156
1,239,0x0p+0,0x1.00c3bf5947ef5p-516,0x1.00c3bf5947ef5p-516,4.67538613686152959e-156
1,240,0x0p+0,0x1.00c3bf5947ef5p-516,0x1.00c3bf5947ef5p-516,4.67538613686152959e-156
1,241,0x0p+0,0x1.00c3bf5947ef5p-516,0x1.00c3bf5947ef5p-516,4.67538613686152959e-156
1,242,0x0p+0,0x1.00c3bf5947ef5p-516,0x1.00c3bf5947ef5p-516,4.67538613686152959e-156
1,243,0x0p+0,0x1.00c3bf5947ef5p-516,0x1.00c3bf5947ef5p-516,4.67538613686152959e-156
1,244,0x0p+0,0x1.00c3bf5947ef5p-516,0x1.00c3bf5947ef5p-516,4.67538613686152959e-156
1,245,0x0p+0,0x1.00c3bf5947ef5p-516,0x1.00c3bf5947ef5p-516,4.67538613686152959e-156
1,246,0x0p+0,0x1.00c3bf5947ef5p-516,0x1.00c3bf5947ef5p-516,4.67538613686152959e-156
1,247,0x0p+0,0x1.00c3bf5947ef5p-516,0x1.00c3bf5947ef5p-516,4.67538613686152959e-156
1,248,0x0p+0,0x1.00c3bf5947ef5p-516,0x1.00c3bf5947ef5p-516,4.67538613686152959e-156
1,249,0x0p+0,0x1.00c3bf5947ef5p-516,0x1.00c3bf5947ef5p-516,4.67538613686152959e-156
1,250,0x0p+0,0x1.00c3bf5947ef5p-516,0x1.00c3bf5947ef5p-516,4.67538613686152959e-156
1,251,0x0p+0,0x1.00c3bf5947ef5p-516,0x1.00c3bf5947ef5p-516,4.67538613686152959e-156
1,252,0x0p+0,0x1.00c3bf5947ef5p-516,0x1.00c3bf5947ef5p-516,4.67538613686152959e-156
1,253,0x0p+0,0x1.00c3bf5947ef5p-516,0x1.00c3bf5947ef5p-516,4.67538613686152959e-156
1,254,0x0p+0,0x1.00c3bf5947ef5p-516,0x1.00c3bf5947ef5p-516,4.67538613686152959e-156
1,255,0x0p+0,0x1.00c3bf5947ef5p-516,0x1.00c3bf5947ef5p-516,4.67538613686152959e-156
1,256,0x0p+0,0x1.00c3bf5947ef5p-516,0x1.00c3bf5947ef5p-516,4.67538613686152959e-156
1,257,0x0p+0,0x1.00c3bf5947ef5p-516,0x1.00c3bf5947ef5p-516,4.67538613686152959e-156
1,258,0x0p+0,0x1.00c3bf5947ef5p-516,0x1.00c3bf5947ef5p-516,4.67538613686152959e-156
1,259,0x0p+0,0x1.00c3bf5947ef5p-516,0x1.00c3bf5947ef5p-516,4.67538613686152959e-156
1,260,0x0p+0,0x1.00c3bf5947ef5p-516,0x1.00c3bf5947ef5p-516,4.67538613686152959e-156
1,261,0x0p+0,0x1.00c3bf5947ef5p-516,0x1.00c3bf5947ef5p-516,4.67538613686152959e-156
1,262,0x0p+0,0x1.00c3bf5947ef5p-516,0x1.00c3bf5947ef5p-516,4.67538613686152959e-156
1,263,0x0p+0,0x1.00c3bf5947ef5p-516,0x1.00c3bf5947ef5p-516,4.67538613686152959e-156
1,264,0x0p+0,0x1.00c3bf5947ef5p-516,0x1.00c3bf5947ef5p-516,4.67538613686152959e-156
1,265,0x0p+0,0x1.00c3bf5947ef5p-516,0x1.00c3bf5947ef5p-516,4.67538613686152959e-156
1,266,0x0p+0,0x1.00c3bf5947ef5p-516,0x1.00c3bf5947ef5p-516,4.67538613686152959e-156
1,267,0x0p+0,0x1.00c3bf5947ef5p-516,0x1.00c3bf5947ef5p-516,4.67538613686152959e-156
1,268,0x0p+0,0x1.00c3bf5947ef5p-516,0x1.00c3bf5947ef5p-516,4.67538613686152959e-156
1,269,0x0p+0,0x1.00c3bf5947ef5p-516,0x1.00c3bf5947ef5p-516,4.67538613686152959e-156
1,270,0x0p+0,0x1.00c3bf5947ef5p-516,0x1.00c3bf5947ef5p-516,4.67538613686152959e-156
1,271,0x0p+0,0x1.00c3bf5947ef5p-516,0x1.00c3bf5947ef5p-516,4.67538613686152959e-156
1,272,0x0p+0,0x1.00c3bf5947ef5p-516,0x1.00c3bf5947ef5p-516,4.67538613686152959e-156
1,273,0x0p+0,0x1.00c3bf5947ef5p-516,0x1.00c3bf5947ef5p-516,4.67538613686152959e-156
1,274,0x0p+0,0x1.00c3bf5947ef5p-516,0x1.00c3bf5947ef5p-516,4.67538613686152959e-156
1,275,0x0p+0,0x1.00c3bf5947ef5p-516,0x1.00c3bf5947ef5p-516,4.67538613686152959e-156
1,276,0x0p+0,0x1.00c3bf5947ef5p-516,0x1.00c3bf5947ef5p-516,4.67538613686152959e-156
1,277,0x0p+0,0x1.00c3bf5947ef5p-516,0x1.00c3bf5947ef5p-516,4.67538613686152959e-156
1,278,0x0p+0,0x1.00c3bf5947ef5p-516,0x1.00c3bf5947ef5p-516,4.67538613686152959e-156
1,279,0x0p+0,0x1.00c3bf5947ef5p-516,0x1.00c3bf5947ef5p-516,4.67538613686152959e-156
1,280,0x0p+0,0x1.00c3bf5947ef5p-516,0x1.00c3bf5947ef5p-516,4.67538613686152959e-156
2,0,0x1.2294699d4d5fap-5,0x1.872f817a92f34p-515,0x1.2294699d4d5fbp-5,3.54711592466791722e-02
2,1,0x1.6e69c4af4d668p-7,0x1.872f817a92f34p-515,0x1.6e69c4af4d669p-7,1.11820421576382546e-02
2,2,0x1.a9109c660cd13p-9,0x1.872f817a92f34p-515,0x1.a9109c660cd14p-9,3.24298772013665616e-03
2,3,0x1.c9cdb3e2ee4fbp-11,0x1.872f817a92f34p-515,0x1.c9cdb3e2ee4fcp-11,8.73190929602390541e-04
2,4,0x1.ce0cb38a9dc7p-13,0x1.872f817a92f34p-515,0x1.ce0cb38a9dc71p-13,2.20322425167760193e-04
2,5,0x1.b94380f57b529p-15,0x1.872f817a92f34p-515,0x1.b94380f57b52ap-15,5.26027305730404003e-05
2,6,0x1.92d4f91b4be96p-17,0x1.872f817a92f34p-515,0x1.92d4f91b4be97p-17,1.20053269286595756e-05
2,7,0x1.6339b13704c1dp-19,0x1.872f817a92f34p-515,0x1.6339b13704c1ep-19,2.64663517724742872e-06
2,8,0x1.31ac343edc00cp-21,0x1.872f817a92f34p-515,0x1.31ac343edc00dp-21,5.69359720132765745e-07
2,9,0x1.02fd202bc577ep-23,0x1.872f817a92f34p-515,0x1.02fd202bc577fp-23,1.20601045033068603e-07
2,10,0x1.b30da74de9c66p-26,0x1.872f817a92f34p-515,0x1.b30da74de9c67p-26,2.53234369512508334e-08
2,11,0x1.6ba131ad3ef3dp-28,0x1.872f817a92f34p-515,0x1.6ba131ad3ef3ep-28,5.29150804878627112e-09
2,12,0x1.2ec297f109fa2p-30,0x1.872f817a92f34p-515,0x1.2ec297f109fa3p-30,1.10143494000727823e-09
2,13,0x1.f5a9c0222268bp-33,0x1.872f817a92f34p-515,0x1.f5a9c0222268cp-33,2.28129960292821776e-10
2,14,0x1.9cae1202bfd8p-35,0x1.872f817a92f34p-515,0x1.9cae1202bfd81p-35,4.69162799074728781e-11
2,15,0x1.50560586e6221p-37,0x1.872f817a92f34p-515,0x1.50560586e6222p-37,9.55924468355959212e-12
2,16,0x1.0f1d6f012b666p-39,0x1.872f817a92f34p-515,0x1.0f1d6f012b667p-39,1.92638776074215532e-12
2,17,0x1.afde5b21c06ep-42,0x1.872f817a92f34p-515,0x1.afde5b21c06e1p-42,3.83576351180857911e-13
2,18,0x1.53bea023f07c7p-44,0x1.872f817a92f34p-515,0x1.53bea023f07c8p-44,7.54384623765436477e-14
2,19,0x1.0802d9df082eap-46,0x1.872f817a92f34p-515,0x1.0802d9df082ebp-46,1.46555621500214758e-14
2,20,0x1.956e9d674a193p-49,0x1.872f817a92f34p-515,0x1.956e9d674a194p-49,2.81325025279786684e-15
2,21,0x1.33b0bb7032274p-51,0x1.872f817a92f34p-515,0x1.33b0bb7032275p-51,5.33757690964184789e-16
2,22,0x1.cdb04bbb37da5p-54,0x1.872f817a92f34p-515,0x1.cdb04bbb37da6p-54,1.00112768675802241e-16
2,23,0x1.566b59d48522cp-56,0x1.872f817a92f34p-515,0x1.566b59d48522dp-56,1.85625895866050527e-17
2,24,0x1.f60016ebc8391p-59,0x1.872f817a92f34p-515,0x1.f60016ebc8392p-59,3.40168668615159522e-18
2,25,0x1.6b89f60a2c75ep-61,0x1.872f817a92f34p-515,0x1.6b89f60a2c75fp-61,6.15858869636217776e-19
2,26,0x1.03f48f02bac47p-63,0x1.872f817a92f34p-515,0x1.03f48f02bac48p-63,1.10095354993102161e-19
2,27,0x1.6ee04af7081dcp-66,0x1.872f817a92f34p-515,0x1.6ee04af7081ddp-66,1.94222613389636612e-20
2,28,0x1.fea62ff16b7b7p-69,0x1.872f817a92f34p-515,0x1.fea62ff16b7b8p-69,3.37919273965451953e-21
2,29,0x1.5e4ba17f0b006p-71,0x1.872f817a92f34p-515,0x1.5e4ba17f0b007p-71,5.79515181666075435e-22
2,30,0x1.d97adbdccdf68p-74,0x1.872f817a92f34p-515,0x1.d97adbdccdf69p-74,9.79133520133420726e-23
2,31,0x1.3b20f5d9ef1d3p-76,0x1.872f817a92f34p-515,0x1.3b20f5d9ef1d4p-76,1.62917746006561919e-23
2,32,0x1.9cf8334d11504p-79,0x1.872f817a92f34p-515,0x1.9cf8334d11505p-79,2.66875305547253450e-24
2,33,0x1.0a56c514f6e2dp-81,0x1.872f817a92f34p-515,0x1.0a56c514f6e2ep-81,4.30293772361978205e-25
2,34,0x1.5217f63ab4be4p-84,0x1.872f817a92f34p-515,0x1.5217f63ab4be5p-84,6.82774589604580226e-26
2,35,0x1.a657c977441ebp-87,0x1.872f817a92f34p-515,0x1.a657c977441ecp-87,1.06614341282842599e-26
2,36,0x1.0396d11b6b6fep-89,0x1.872f817a92f34p-515,0x1.0396d11b6b6ffp-89,1.63823771739321485e-27
2,37,0x1.3a0947f362ac6p-92,0x1.872f817a92f34p-515,0x1.3a0947f362ac7p-92,2.47730923705938270e-28
2,38,0x1.75e593e383d01p-95,0x1.872f817a92f34p-515,0x1.75e593e383d02p-95,3.68690698156120275e-29
2,39,0x1.b62e276d93513p-98,0x1.872f817a92f34p-515,0x1.b62e276d93514p-98,5.40098905513042680e-30
2,40,0x1.f986ddff4e0a2p-101,0x1.872f817a92f34p-515,0x1.f986ddff4e0a3p-101,7.78887399827732998e-31
2,41,0x1.1f1ef549e137cp-103,0x1.872f817a92f34p-515,0x1.1f1ef549e137dp-103,1.10594959467674726e-31
2,42,0x1.412e43f8becf3p-106,0x1.872f817a92f34p-515,0x1.412e43f8becf4p-106,1.54642893798197049e-32
2,43,0x1.61df55df6b27p-109,0x1.872f817a92f34p-515,0x1.61df55df6b271p-109,2.12979206087148987e-33
2,44,0x1.8018181b94037p-112,0x1.872f817a92f34p-515,0x1.8018181b94038p-112,2.88960298062271479e-34
2,45,0x1.9ac69df0a26ecp-115,0x1.872f817a92f34p-515,0x1.9ac69df0a26edp-115,3.86291750526827120e-35
2,46,0x1.b0f19dc4d95p-118,0x1.872f817a92f34p-515,0x1.b0f19dc4d9501p-118,5.08923007125527420e-36
2,47,0x1.c1c7ccf7849c8p-121,0x1.872f817a92f34p-515,0x1.c1c7ccf7849c9p-121,6.60893003898574739e-37
2,48,0x1.ccacc47428083p-124,0x1.872f817a92f34p-515,0x1.ccacc47428084p-124,8.46126109939509115e-38
2,49,0x1.d142527df0534p-127,0x1.872f817a92f34p-515,0x1.d142527df0535p-127,1.06818244120399132e-38
2,50,0x1.cf6d77c04594dp-130,0x1.872f817a92f34p-515,0x1.cf6d77c04594ep-130,1.32997201126491732e-39
2,51,0x1.c756babc9764cp-133,0x1.872f817a92f34p-515,0x1.c756babc9764dp-133,1.63344778955885237e-40
2,52,0x1.b965ef722cc27p-136,0x1.872f817a92f34p-515,0x1.b965ef722cc28p-136,1.97929791572624323e-41
2,53,0x1.a639fbb31a806p-139,0x1.872f817a92f34p-515,0x1.a639fbb31a807p-139,2.36666136670892870e-42
2,54,0x1.8e9d76f2603f5p-142,0x1.872f817a92f34p-515,0x1.8e9d76f2603f6p-142,2.79289361104586538e-43
2,55,0x1.73793dd0d5fcep-145,0x1.872f817a92f34p-515,0x1.73793dd0d5fcfp-145,3.25340865308594785e-44
2,56,0x1.55c62a03a37cdp-148,0x1.872f817a92f34p-515,0x1.55c62a03a37cep-148,3.74162102709858212e-45
2,57,0x1.367f16a7712a7p-151,0x1.872f817a92f34p-515,0x1.367f16a7712a8p-151,4.24900570061261108e-46
2,58,0x1.16943403878e6p-154,0x1.872f817a92f34p-515,0x1.16943403878e7p-154,4.76528577785529002e-47
2,59,0x1.edc0e6fa1ec95p-158,0x1.872f817a92f34p-515,0x1.edc0e6fa1ec96p-158,5.27874798231860275e-48
2,60,0x1.b0431c037981fp-161,0x1.872f817a92f34p-515,0x1.b0431c037982p-161,5.77667504940310966e-49
2,61,0x1.75e5bb7ecb66ep-164,0x1.872f817a92f34p-515,0x1.75e5bb7ecb66fp-164,6.24587346919122579e-50
2,62,0x1.3f95ffa6c6a3ap-167,0x1.872f817a92f34p-515,0x1.3f95ffa6c6a3bp-167,6.67326563576184736e-51
2,63,0x1.0df7f427c1c51p-170,0x1.872f817a92f34p-515,0x1.0df7f427c1c52p-170,7.04650844495614430e-52
2,64,0x1.c2d5e09417d4dp-174,0x1.872f817a92f34p-515,0x1.c2d5e09417d4ep-174,7.35459657179582413e-53
2,65,0x1.74226cc768d0ap-177,0x1.872f817a92f34p-515,0x1.74226cc768d0bp-177,7.58840854694845185e-54
2,66,0x1.2fb34099319abp-180,0x1.872f817a92f34p-515,0x1.2fb34099319acp-180,7.74115742573292207e-55
2,67,0x1.ea29362a4a09p-184,0x1.872f817a92f34p-515,0x1.ea29362a4a091p-184,7.80871496764178806e-56
2,68,0x1.872da7a5cc61dp-187,0x1.872f817a92f34p-515,0x1.872da7a5cc61ep-187,7.78978810286139571e-57
2,69,0x1.34c549bd039bep-190,0x1.872f817a92f34p-515,0x1.34c549bd039bfp-190,7.68593804872181272e-58
2,70,0x1.e22c9cccaea3p-194,0x1.872f817a92f34p-515,0x1.e22c9cccaea31p-194,7.50144458421618638e-59
2,71,0x1.74738125c4a6bp-197,0x1.872f817a92f34p-515,0x1.74738125c4a6cp-197,7.24302950562525330e-60
2,72,0x1.1ca6739e22e14p-200,0x1.872f817a92f34p-515,0x1.1ca6739e22e15p-200,6.91946310133087989e-61
2,73,0x1.ae890f6defbb7p-204,0x1.872f817a92f34p-515,0x1.ae890f6defbb8p-204,6.54108476590073998e-62
2,74,0x1.4237a36683cbbp-207,0x1.872f817a92f34p-515,0x1.4237a36683cbcp-207,6.11927310549981431e-63
2,75,0x1.dd59ee35348dcp-211,0x1.872f817a92f34p-515,0x1.dd59ee35348ddp-211,5.66590190292574290e-64
2,76,0x1.5dfec08822c59p-214,0x1.872f817a92f34p-515,0x1.5dfec08822c5ap-214,5.19281628592061574e-65
2,77,0x1.fc126a291b99ap-218,0x1.872f817a92f34p-515,0x1.fc126a291b99bp-218,4.71135884145607158e-66
2,78,0x1.6d1985f0caef2p-221,0x1.872f817a92f34p-515,0x1.6d1985f0caef3p-221,4.23196891541616643e-67
2,79,0x1.03c5d6dd61271p-224,0x1.872f817a92f34p-515,0x1.03c5d6dd61272p-224,3.76387071870447770e-68
2,80,0x1.6e0d8d532687bp-228,0x1.872f817a92f34p-515,0x1.6e0d8d532687cp-228,3.31485792963142182e-69
2,81,0x1.fed38eff6e7f1p-232,0x1.872f817a92f34p-515,0x1.fed38eff6e7f2p-232,2.89117496871202744e-70
2,82,0x1.6103b1fb522ecp-235,0x1.872f817a92f34p-515,0x1.6103b1fb522edp-235,2.49748861667777680e-71
2,83,0x1.e3484a4a60052p-239,0x1.872f817a92f34p-515,0x1.e3484a4a60053p-239,2.13693855965943545e-72
2,84,0x1.47b375fcf7ecp-242,0x1.872f817a92f34p-515,0x1.47b375fcf7ec1p-242,1.81125199147470215e-73
2,85,0x1.b845a8081ec82p-246,0x1.872f817a92f34p-515,0x1.b845a8081ec83p-246,1.52090560973721725e-74
2,86,0x1.250713f230806p-249,0x1.872f817a92f34p-515,0x1.250713f230807p-249,1.26531808015851567e-75
2,87,0x1.827d2368b7079p-253,0x1.872f817a92f34p-515,0x1.827d2368b707ap-253,1.04305706486186774e-76
2,88,0x1.f924040db548ap-257,0x1.872f817a92f34p-515,0x1.f924040db548bp-257,8.52046897596092980e-78
2,89,0x1.472522b1ea879p-260,0x1.872f817a92f34p-515,0x1.472522b1ea87ap-260,6.89765597111777662e-79
2,90,0x1.a3f7ba3337ad4p-264,0x1.872f817a92f34p-515,0x1.a3f7ba3337ad5p-264,5.53422808046511348e-80
2,91,0x1.0b2f87f9e3befp-267,0x1.872f817a92f34p-515,0x1.0b2f87f9e3bfp-267,4.40113157152564157e-81
2,92,0x1.50ff346b225cep-271,0x1.872f817a92f34p-515,0x1.50ff346b225cfp-271,3.46942183448080395e-82
2,93,0x1.a55d2029246e3p-275,0x1.872f817a92f34p-515,0x1.a55d2029246e4p-275,2.71124285300082229e-83
2,94,0x1.052968f9192b5p-278,0x1.872f817a92f34p-515,0x1.052968f9192b6p-278,2.10053935864187952e-84
2,95,0x1.40fa53387852ap-282,0x1.872f817a92f34p-515,0x1.40fa53387852bp-282,1.61352722357460096e-85
2,96,0x1.8729176a185fdp-286,0x1.872f817a92f34p-515,0x1.8729176a185fep-286,1.22895585333284916e-86
2,97,0x1.d8b1c043d3f29p-290,0x1.872f817a92f34p-515,0x1.d8b1c043d3f2ap-290,9.28200278192321160e-88
2,98,0x1.1b3cf25338159p-293,0x1.872f817a92f34p-515,0x1.1b3cf2533815ap-293,6.95221085630665536e-89
2,99,0x1.50a26cc1e801p-297,0x1.872f817a92f34p-515,0x1.50a26cc1e8011p-297,5.16428152100995186e-90
2,100,0x1.8cd396e3f9ae5p-301,0x1.872f817a92f34p-515,0x1.8cd396e3f9ae6p-301,3.80480172239729986e-91
2,101,0x1.cffcf6b10cd01p-305,0x1.872f817a92f34p-515,0x1.cffcf6b10cd02p-305,2.78047014428292440e-92
2,102,0x1.0d138ff065df9p-308,0x1.872f817a92f34p-515,0x1.0d138ff065dfap-308,2.01556590417907872e-93
2,103,0x1.359881d5b742cp-312,0x1.872f817a92f34p-515,0x1.359881d5b742dp-312,1.44942701390866812e-94
2,104,0x1.61658c3671e79p-316,0x1.872f817a92f34p-515,0x1.61658c3671e7ap-316,1.03405552322698364e-95
2,105,0x1.9039d820c6b91p-320,0x1.872f817a92f34p-515,0x1.9039d820c6b92p-320,7.31925150724107732e-97
2,106,0x1.c1ba67f930b4cp-324,0x1.872f817a92f34p-515,0x1.c1ba67f930b4dp-324,5.14033603821054820e-98
2,107,0x1.f571e6099297bp-328,0x1.872f817a92f34p-515,0x1.f571e6099297cp-328,3.58215760500979302e-99
2,108,0x1.1568b84fe2e3ep-331,0x1.872f817a92f34p-515,0x1.1568b84fe2e3fp-331,2.47714891036238535e-100
2,109,0x1.309939a2a09c7p-335,0x1.872f817a92f34p-515,0x1.309939a2a09c8p-335,1.69996233252762012e-101
2,110,0x1.4becc7e089e8bp-339,0x1.872f817a92f34p-515,0x1.4becc7e089e8cp-339,1.15779420163909179e-102
2,111,0x1.66fd45c3a214ep-343,0x1.872f817a92f34p-515,0x1.66fd45c3a214fp-343,7.82623855240736506e-104
2,112,0x1.815e93e7914acp-347,0x1.872f817a92f34p-515,0x1.815e93e7914adp-347,5.25084037627235193e-105
2,113,0x1.9aa15e5a5a907p-351,0x1.872f817a92f34p-515,0x1.9aa15e5a5a908p-351,3.49689504438693976e-106
2,114,0x1.b25631bd495b5p-355,0x1.872f817a92f34p-515,0x1.b25631bd495b6p-355,2.31173526322669558e-107
2,115,0x1.c810b90db4ecbp-359,0x1.872f817a92f34p-515,0x1.c810b90db4eccp-359,1.51711549430074143e-108
2,116,0x1.db6b01ce1cb8p-363,0x1.872f817a92f34p-515,0x1.db6b01ce1cb81p-363,9.88432976287663291e-110
2,117,0x1.ec08a2c2e3ca2p-367,0x1.872f817a92f34p-515,0x1.ec08a2c2e3ca3p-367,6.39361534833769781e-111
2,118,0x1.f999a1f0a4db9p-371,0x1.872f817a92f34p-515,0x1.f999a1f0a4dbap-371,4.10618789094899021e-112
2,119,0x1.01ee7c83ac81cp-374,0x1.872f817a92f34p-515,0x1.01ee7c83ac81dp-374,2.61846146769876345e-113
2,120,0x1.05514de1e9117p-378,0x1.872f817a92f34p-515,0x1.05514de1e9118p-378,1.65802214067199246e-114
2,121,0x1.06e674e684a9cp-382,0x1.872f817a92f34p-515,0x1.06e674e684a9dp-382,1.04253979777186681e-115
2,122,0x1.06a8be6645ce1p-386,0x1.872f817a92f34p-515,0x1.06a8be6645ce2p-386,6.50989901467952867e-117
2,123,0x1.049ca5c1e9bf1p-390,0x1.872f817a92f34p-515,0x1.049ca5c1e9bf2p-390,4.03697421337694303e-118
2,124,0x1.00d0117542cc7p-394,0x1.872f817a92f34p-515,0x1.00d0117542cc8p-394,2.48632760686751581e-119
2,125,0x1.f6b37e701a20dp-399,0x1.872f817a92f34p-515,0x1.f6b37e701a20ep-399,1.52090343865794940e-120
2,126,0x1.e8b0cfd2ef2d1p-403,0x1.872f817a92f34p-515,0x1.e8b0cfd2ef2d2p-403,9.24072041956441417e-122
2,127,0x1.d7e34d34068c1p-407,0x1.872f817a92f34p-515,0x1.d7e34d34068c2p-407,5.57687150200397562e-123
2,128,0x1.c4a160ce6ed1ep-411,0x1.872f817a92f34p-515,0x1.c4a160ce6ed1fp-411,3.34330132133992104e-124
2,129,0x1.af49d8cccb52dp-415,0x1.872f817a92f34p-515,0x1.af49d8cccb52ep-415,1.99103858474425743e-125
2,130,0x1.9840f706e7db1p-419,0x1.872f817a92f34p-515,0x1.9840f706e7db2p-419,1.17793697589921561e-126
2,131,0x1.7fed8003f7befp-423,0x1.872f817a92f34p-515,0x1.7fed8003f7bfp-423,6.92343078992747397e-128
2,132,0x1.66b5e6979dd3p-427,0x1.872f817a92f34p-515,0x1.66b5e6979dd31p-427,4.04292826703655042e-129
2,133,0x1.4cfdae0b8461cp-431,0x1.872f817a92f34p-515,0x1.4cfdae0b8461dp-431,2.34565597604476734e-130
2,134,0x1.3323185249f33p-435,0x1.872f817a92f34p-515,0x1.3323185249f34p-435,1.35221013234104096e-131
2,135,0x1.197d3092e9223p-439,0x1.872f817a92f34p-515,0x1.197d3092e9224p-439,7.74557031757574957e-133
2,136,0x1.005a3cd164837p-443,0x1.872f817a92f34p-515,0x1.005a3cd164838p-443,4.40868933401548607e-134
2,137,0x1.cffd37d6b64dap-448,0x1.872f817a92f34p-515,0x1.cffd37d6b64dbp-448,2.49361721011263359e-135
2,138,0x1.a1481fbafe3c9p-452,0x1.872f817a92f34p-515,0x1.a1481fbafe3cap-452,1.40162349604608392e-136
2,139,0x1.74f2df29633aep-456,0x1.872f817a92f34p-515,0x1.74f2df29633afp-456,7.82944774946602871e-138
2,140,0x1.4b456f3ae3791p-460,0x1.872f817a92f34p-515,0x1.4b456f3ae3792p-460,4.34656068548424121e-139
2,141,0x1.2472dbee52bcbp-464,0x1.872f817a92f34p-515,0x1.2472dbee52bcfp-464,2.39823476806596523e-140
2,142,0x1.009a966b6bb18p-468,0x1.872f817a92f34p-515,0x1.009a966b6bb4ap-468,1.31518014899776270e-141
2,143,0x1.bf9467c2fde93p-473,0x1.872f817a92f34p-515,0x1.bf9467c2fe4b1p-473,7.16873414151944574e-143
2,144,0x1.83fef4d8eb5c9p-477,0x1.872f817a92f34p-515,0x1.83fef4d8f1796p-477,3.88400039795088407e-144
2,145,0x1.4e553cc2ea599p-481,0x1.872f817a92f34p-515,0x1.4e553cc34c258p-481,2.09175738815996814e-145
2,146,0x1.1e612940748dp-485,0x1.872f817a92f34p-515,0x1.1e612946914b1p-485,1.11983521086939381e-146
2,147,0x1.e7b586e240f4bp-490,0x1.872f817a92f34p-515,0x1.e7b587a5d8b58p-490,5.95968107069512739e-148
2,148,0x1.9cd9462c012c3p-494,0x1.872f817a92f34p-515,0x1.9cd952657d381p-494,3.15306789635832193e-149
2,149,0x1.5b701cec5591fp-498,0x1.872f817a92f34p-515,0x1.5b70e084164f5p-498,1.65845299769055397e-150
2,150,0x1.22b166283c5b4p-502,0x1.872f817a92f34p-515,0x1.22bd9fa4482fep-502,8.67377333292914432e-152
2,151,0x1.e39f9e395d3e3p-507,0x1.872f817a92f34p-515,0x1.e526cdbad7d13p-507,4.52303220652702609e-153
2,152,0x1.8ffdba00689a8p-511,0x1.872f817a92f34p-515,0x1.a870b21811c9cp-511,2.47314043916645203e-154
2,153,0x1.48eee2f639fcdp-515,0x1.872f817a92f34p-515,0x1.680f323866781p-514,2.62250526437454138e-155
2,154,0x1.0cf6aabc3705dp-519,0x1.872f817a92f34p-515,0x1.97feec265663bp-515,1.48582598883018942e-155
2,155,0x1.b55f664f91cf7p-524,0x1.872f817a92f34p-515,0x1.880a312dbabc3p-515,1.42771801994704305e-155
2,156,0x1.619e91a48c882p-528,0x1.872f817a92f34p-515,0x1.873a8e6f2017bp-515,1.42476426560907203e-155
2,157,0x1.1c4f14d4aadadp-532,0x1.872f817a92f34p-515,0x1.87300fa21d5dap-515,1.42461496285814376e-155
2,158,0x1.c6a15358e284bp-537,0x1.872f817a92f34p-515,0x1.872f88951840bp-515,1.42460745822116714e-155
2,159,0x1.697cb39bcd1afp-541,0x1.872f817a92f34p-515,0x1.872f81d4f2203p-515,1.42460708309829974e-155
2,160,0x1.1dd975a8125e8p-545,0x1.872f817a92f34p-515,0x1.872f817f0a592p-515,1.42460706445113785e-155
2,161,0x1.c19be3d8cf661p-550,0x1.872f817a92f34p-515,0x1.872f817acb26dp-515,1.42460706352928742e-155
2,162,0x1.5fac2d7f32e2dp-554,0x1.872f817a92f34p-515,0x1.872f817a95b2bp-515,1.42460706348396329e-155
2,163,0x1.119585273b074p-558,0x1.872f817a92f34p-515,0x1.872f817a93158p-515,1.42460706348174683e-155
2,164,0x1.a76250ba1b2fap-563,0x1.872f817a92f34p-515,0x1.872f817a92f4fp-515,1.42460706348163897e-155
2,165,0x1.45da703a250fdp-567,0x1.872f817a92f34p-515,0x1.872f817a92f36p-515,1.42460706348163380e-155
2,166,0x1.f2ea112ceacfp-572,0x1.872f817a92f34p-515,0x1.872f817a92f35p-515,1.42460706348163359e-155
2,167,0x1.7becea9f66b81p-576,0x1.872f817a92f34p-515,0x1.872f817a92f35p-515,1.42460706348163359e-155
2,168,0x1.1fcb37a94ec0cp-580,0x1.872f817a92f34p-515,0x1.872f817a92f35p-515,1.42460706348163359e-155
2,169,0x1.b1ba4aff0ed5bp-585,0x1.872f817a92f34p-515,0x1.872f817a92f35p-515,1.42460706348163359e-155
2,170,0x1.45215851c4a2bp-589,0x1.872f817a92f34p-515,0x1.872f817a92f35p-515,1.42460706348163359e-155
2,171,0x1.e4ec9793f1b79p-594,0x1.872f817a92f34p-515,0x1.872f817a92f35p-515,1.42460706348163359e-155
2,172,0x1.67c3afe54b168p-598,0x1.872f817a92f34p-515,0x1.872f817a92f35p-515,1.42460706348163359e-155
2,173,0x1.098a8be7acab5p-602,0x1.872f817a92f34p-515,0x1.872f817a92f35p-515,1.42460706348163359e-155
2,174,0x1.85fe1c4fbac7p-607,0x1.872f817a92f34p-515,0x1.872f817a92f35p-515,1.42460706348163359e-155
2,175,0x1.1ceedfc570e8ep-611,0x1.872f817a92f34p-515,0x1.872f817a92f35p-515,1.42460706348163359e-155
2,176,0x1.9e4005e1ecdcfp-616,0x1.872f817a92f34p-515,0x1.872f817a92f35p-515,1.42460706348163359e-155
2,177,0x1.2b9df87e02b7fp-620,0x1.872f817a92f34p-515,0x1.872f817a92f35p-515,1.42460706348163359e-155
2,178,0x1.af3f2035d03c2p-625,0x1.872f817a92f34p-515,0x1.872f817a92f35p-515,1.42460706348163359e-155
2,179,0x1.34cf417606abp-629,0x1.872f817a92f34p-515,0x1.872f817a92f35p-515,1.42460706348163359e-155
2,180,0x1.b814bb9b92d37p-634,0x1.872f817a92f34p-515,0x1.872f817a92f35p-515,1.42460706348163359e-155
2,181,0x1.3808acee5ea2fp-638,0x1.872f817a92f34p-515,0x1.872f817a92f35p-515,1.42460706348163359e-155
2,182,0x1.b85202334aa1fp-643,0x1.872f817a92f34p-515,0x1.872f817a92f35p-515,1.42460706348163359e-155
2,183,0x1.3529161bf3963p-647,0x1.872f817a92f34p-515,0x1.872f817a92f35p-515,1.42460706348163359e-155
2,184,0x1.b008aa6f00911p-652,0x1.872f817a92f34p-515,0x1.872f817a92f35p-515,1.42460706348163359e-155
2,185,0x1.2c6a02cae2278p-656,0x1.872f817a92f34p-515,0x1.872f817a92f35p-515,1.42460706348163359e-155
2,186,0x1.9fc738a8c6b2dp-661,0x1.872f817a92f34p-515,0x1.872f817a92f35p-515,1.42460706348163359e-155
2,187,0x1.1e58b9b9a9923p-665,0x1.872f817a92f34p-515,0x1.872f817a92f35p-515,1.42460706348163359e-155
2,188,0x1.8889951a402aap-670,0x1.872f817a92f34p-515,0x1.872f817a92f35p-515,1.42460706348163359e-155
2,189,0x1.0bc7c764e8cb3p-674,0x1.872f817a92f34p-515,0x1.872f817a92f35p-515,1.42460706348163359e-155
2,190,0x1.6ba039e5c902ep-679,0x1.872f817a92f34p-515,0x1.872f817a92f35p-515,1.42460706348163359e-155
2,191,0x1.eb75f081ea781p-684,0x1.872f817a92f34p-515,0x1.872f817a92f35p-515,1.42460706348163359e-155
2,192,0x1.4a9150c42a682p-688,0x1.872f817a92f34p-515,0x1.872f817a92f35p-515,1.42460706348163359e-155
2,193,0x1.baa0c2f98c198p-693,0x1.872f817a92f34p-515,0x1.872f817a92f35p-515,1.42460706348163359e-155
2,194,0x1.26f79b56f1d06p-697,0x1.872f817a92f34p-515,0x1.872f817a92f35p-515,1.42460706348163359e-155
2,195,0x1.87526f302ea6bp-702,0x1.872f817a92f34p-515,0x1.872f817a92f35p-515,1.42460706348163359e-155
2,196,0x1.0262eb2a28d38p-706,0x1.872f817a92f34p-515,0x1.872f817a92f35p-515,1.42460706348163359e-155
2,197,0x1.53a9e0a19e02ap-711,0x1.872f817a92f34p-515,0x1.872f817a92f35p-515,1.42460706348163359e-155
2,198,0x1.bc7aa47a8a54ep-716,0x1.872f817a92f34p-515,0x1.872f817a92f35p-515,1.42460706348163359e-155
2,199,0x1.2181332070669p-720,0x1.872f817a92f34p-515,0x1.872f817a92f35p-515,1.42460706348163359e-155
2,200,0x1.776e75d97baadp-725,0x1.872f817a92f34p-515,0x1.872f817a92f35p-515,1.42460706348163359e-155
2,201,0x1.e4ae2a198340cp-730,0x1.872f817a92f34p-515,0x1.872f817a92f35p-515,1.42460706348163359e-155
2,202,0x1.3776e35913a54p-734,0x1.872f817a92f34p-515,0x1.872f817a92f35p-515,1.42460706348163359e-155
2,203,0x1.8e8710e49d6e3p-739,0x1.872f817a92f34p-515,0x1.872f817a92f35p-515,1.42460706348163359e-155
2,204,0x1.fbac3d404a4adp-744,0x1.872f817a92f34p-515,0x1.872f817a92f35p-515,1.42460706348163359e-155
2,205,0x1.41ee738b0f91ap-748,0x1.872f817a92f34p-515,0x1.872f817a92f35p-515,1.42460706348163359e-155
2,206,0x1.96812440b540ap-753,0x1.872f817a92f34p-515,0x1.872f817a92f35p-515,1.42460706348163359e-155
2,207,0x1.ff0e2d994113bp-758,0x1.872f817a92f34p-515,0x1.872f817a92f35p-515,1.42460706348163359e-155
2,208,0x1.3fda37d679195p-762,0x1.872f817a92f34p-515,0x1.872f817a92f35p-515,1.42460706348163359e-155
2,209,0x1.8ea347f82d0b3p-767,0x1.872f817a92f34p-515,0x1.872f817a92f35p-515,1.42460706348163359e-155
2,210,0x1.eeb082244dd4ap-772,0x1.872f817a92f34p-515,0x1.872f817a92f35p-515,1.42460706348163359e-155
2,211,0x1.31a03ef608077p-776,0x1.872f817a92f34p-515,0x1.872f817a92f35p-515,1.42460706348163359e-155
2,212,0x1.7806f0936dc5ep-781,0x1.872f817a92f34p-515,0x1.872f817a92f35p-515,1.42460706348163359e-155
2,213,0x1.ccad88212781cp-786,0x1.872f817a92f34p-515,0x1.872f817a92f35p-515,1.42460706348163359e-155
2,214,0x1.18ff6439e81d4p-790,0x1.872f817a92f34p-515,0x1.872f817a92f35p-515,1.42460706348163359e-155
2,215,0x1.555a31224d5bep-795,0x1.872f817a92f34p-515,0x1.872f817a92f35p-515,1.42460706348163359e-155
2,216,0x1.9cede49978bb8p-800,0x1.872f817a92f34p-515,0x1.872f817a92f35p-515,1.42460706348163359e-155
2,217,0x1.f16d22ca722dfp-805,0x1.872f817a92f34p-515,0x1.872f817a92f35p-515,1.42460706348163359e-155
2,218,0x1.2a5c0085f5202p-809,0x1.872f817a92f34p-515,0x1.872f817a92f35p-515,1.42460706348163359e-155
2,219,0x1.646e73c66aaabp-814,0x1.872f817a92f34p-515,0x1.872f817a92f35p-515,1.42460706348163359e-155
2,220,0x1.a80c5478bf282p-819,0x1.872f817a92f34p-515,0x1.872f817a92f35p-515,1.42460706348163359e-155
2,221,0x1.f66ad4f9caf79p-824,0x1.872f817a92f34p-515,0x1.872f817a92f35p-515,1.42460706348163359e-155
2,222,0x1.286a7cc97858dp-828,0x1.872f817a92f34p-515,0x1.872f817a92f35p-515,1.42460706348163359e-155
2,223,0x1.5c55021249821p-833,0x1.872f817a92f34p-515,0x1.872f817a92f35p-515,1.42460706348163359e-155
2,224,0x1.97ad98d57ccfap-838,0x1.872f817a92f34p-515,0x1.872f817a92f35p-515,1.42460706348163359e-155
2,225,0x1.db345d681eb99p-843,0x1.872f817a92f34p-515,0x1.872f817a92f35p-515,1.42460706348163359e-155
2,226,0x1.13d782ec1da54p-847,0x1.872f817a92f34p-515,0x1.872f817a92f35p-515,1.42460706348163359e-155
2,227,0x1.3ef34aafda7e4p-852,0x1.872f817a92f34p-515,0x1.872f817a92f35p-515,1.42460706348163359e-155
2,228,0x1.6f5252d788132p-857,0x1.872f817a92f34p-515,0x1.872f817a92f35p-515,1.42460706348163359e-155
2,229,0x1.a5582386046d7p-862,0x1.872f817a92f34p-515,0x1.872f817a92f35p-515,1.42460706348163359e-155
2,230,0x1.e1653da792ac9p-867,0x1.872f817a92f34p-515,0x1.872f817a92f35p-515,1.42460706348163359e-155
2,231,0x1.11ea94c98df9bp-871,0x1.872f817a92f34p-515,0x1.872f817a92f35p-515,1.42460706348163359e-155
2,232,0x1.367e2e24e44a4p-876,0x1.872f817a92f34p-515,0x1.872f817a92f35p-515,1.42460706348163359e-155
2,233,0x1.5e92fd54575c9p-881,0x1.872f817a92f34p-515,0x1.872f817a92f35p-515,1.42460706348163359e-155
2,234,0x1.8a48c1dc37b0ap-886,0x1.872f817a92f34p-515,0x1.872f817a92f35p-515,1.42460706348163359e-155
2,235,0x1.b9b836873a68bp-891,0x1.872f817a92f34p-515,0x1.872f817a92f35p-515,1.42460706348163359e-155
2,236,0x1.ecf1deecac2f9p-896,0x1.872f817a92f34p-515,0x1.872f817a92f35p-515,1.42460706348163359e-155
2,237,0x1.11fe6da8d2e07p-900,0x1.872f817a92f34p-515,0x1.872f817a92f35p-515,1.42460706348163359e-155
2,238,0x1.2f6ae53ff3cffp-905,0x1.872f817a92f34p-515,0x1.872f817a92f35p-515,1.42460706348163359e-155
2,239,0x1.4eb6e0cafcceep-910,0x1.872f817a92f34p-515,0x1.872f817a92f35p-515,1.42460706348163359e-155
2,240,0x1.6fd4b10472fe2p-915,0x1.872f817a92f34p-515,0x1.872f817a92f35p-515,1.42460706348163359e-155
2,241,0x1.92b00b04d288p-920,0x1.872f817a92f34p-515,0x1.872f817a92f35p-515,1.42460706348163359e-155
2,242,0x1.b72dbd9cf660ep-925,0x1.872f817a92f34p-515,0x1.872f817a92f35p-515,1.42460706348163359e-155
2,243,0x1.dd2b818936a66p-930,0x1.872f817a92f34p-515,0x1.872f817a92f35p-515,1.42460706348163359e-155
2,244,0x1.023ff3e3abc5bp-934,0x1.872f817a92f34p-515,0x1.872f817a92f35p-515,1.42460706348163359e-155
2,245,0x1.167d3468971abp-939,0x1.872f817a92f34p-515,0x1.872f817a92f35p-515,1.42460706348163359e-155
2,246,0x1.2b31cb6b3dc6bp-944,0x1.872f817a92f34p-515,0x1.872f817a92f35p-515,1.42460706348163359e-155
2,247,0x1.403eba26a78cp-949,0x1.872f817a92f34p-515,0x1.872f817a92f35p-515,1.42460706348163359e-155
2,248,0x1.5581f7aafaaedp-954,0x1.872f817a92f34p-515,0x1.872f817a92f35p-515,1.42460706348163359e-155
2,249,0x1.6ad6c0c1eb4b1p-959,0x1.872f817a92f34p-515,0x1.872f817a92f35p-515,1.42460706348163359e-155
2,250,0x1.8015f95340acbp-964,0x1.872f817a92f34p-515,0x1.872f817a92f35p-515,1.42460706348163359e-155
2,251,0x1.95169e1a7b063p-969,0x1.872f817a92f34p-515,0x1.872f817a92f35p-515,1.42460706348163359e-155
2,252,0x1.a9ae45049540ap-974,0x1.872f817a92f34p-515,0x1.872f817a92f35p-515,1.42460706348163359e-155
2,253,0x1.bdb1aa19724c6p-979,0x1.872f817a92f34p-515,0x1.872f817a92f35p-515,1.42460706348163359e-155
2,254,0x1.d0f5466bc88a2p-984,0x1.872f817a92f34p-515,0x1.872f817a92f35p-515,1.42460706348163359e-155
2,255,0x1.e34dee3024659p-989,0x1.872f817a92f34p-515,0x1.872f817a92f35p-515,1.42460706348163359e-155
2,256,0x1.f49172d35592bp-994,0x1.872f817a92f34p-515,0x1.872f817a92f35p-515,1.42460706348163359e-155
2,257,0x1.024ba2da9889ap-998,0x1.872f817a92f34p-515,0x1.872f817a92f35p-515,1.42460706348163359e-155
2,258,0x1.099c8c0821c1dp-1003,0x1.872f817a92f34p-515,0x1.872f817a92f35p-515,1.42460706348163359e-155
2,259,0x1.1029ba49aa89cp-1008,0x1.872f817a92f34p-515,0x1.872f817a92f35p-515,1.42460706348163359e-155
2,260,0x1.15e327a38ec12p-1013,0x1.872f817a92f34p-515,0x1.872f817a92f35p-515,1.42460706348163359e-155
2,261,0x1.1abac4447dd65p-1018,0x1.872f817a92f34p-515,0x1.872f817a92f35p-515,1.42460706348163359e-155
2,262,0x0.8f52580a79631p-1022,0x1.872f817a92f34p-515,0x1.872f817a92f35p-515,1.42460706348163359e-155
2,263,0x0.04865dac3ed56p-1022,0x1.872f817a92f34p-515,0x1.872f817a92f35p-515,1.42460706348163359e-155
2,264,0x0.0024717f6ea9bp-1022,0x1.872f817a92f34p-515,0x1.872f817a92f35p-515,1.42460706348163359e-155
2,265,0x0.0001247e0d0ccp-1022,0x1.872f817a92f34p-515,0x1.872f817a92f35p-515,1.42460706348163359e-155
2,266,0x0.0000092363c6bp-1022,0x1.872f817a92f34p-515,0x1.872f817a92f35p-515,1.42460706348163359e-155
2,267,0x0.00000048d990dp-1022,0x1.872f817a92f34p-515,0x1.872f817a92f35p-515,1.42460706348163359e-155
2,268,0x0.0000000245d92p-1022,0x1.872f817a92f34p-515,0x1.872f817a92f35p-515,1.42460706348163359e-155
2,269,0x0.0000000014b2bp-1022,0x1.872f817a92f34p-515,0x1.872f817a92f35p-515,1.42460706348163359e-155
2,270,0x0.0000000002e27p-1022,0x1.872f817a92f34p-515,0x1.872f817a92f35p-515,1.42460706348163359e-155
2,271,0x0.0000000001eb6p-1022,0x1.872f817a92f34p-515,0x1.872f817a92f35p-515,1.42460706348163359e-155
2,272,0x0.0000000001847p-1022,0x1.872f817a92f34p-515,0x1.872f817a92f35p-515,1.42460706348163359e-155
2,273,0x0.00000000012cfp-1022,0x1.872f817a92f34p-515,0x1.872f817a92f35p-515,1.42460706348163359e-155
2,274,0x0.0000000000e0dp-1022,0x1.872f817a92f34p-515,0x1.872f817a92f35p-515,1.42460706348163359e-155
2,275,0x0.00000000009ffp-1022,0x1.872f817a92f34p-515,0x1.872f817a92f35p-515,1.42460706348163359e-155
2,276,0x0.00000000006a3p-1022,0x1.872f817a92f34p-515,0x1.872f817a92f35p-515,1.42460706348163359e-155
2,277,0x0.00000000003f7p-1022,0x1.872f817a92f34p-515,0x1.872f817a92f35p-515,1.42460706348163359e-155
2,278,0x0.00000000001f9p-1022,0x1.872f817a92f34p-515,0x1.872f817a92f35p-515,1.42460706348163359e-155
2,279,0x0.00000000000a7p-1022,0x1.872f817a92f34p-515,0x1.872f817a92f35p-515,1.42460706348163359e-155
2,280,0x0p+0,0x1.872f817a92f34p-515,0x1.872f817a92f34p-515,1.42460706348163339e-155
3,0,0x1.c22f6c7e2b381p-5,0x1.d07921f385e8dp-514,0x1.c22f6c7e2b382p-5,5.49542540551106878e-02
3,1,0x1.22fb731e25eedp-6,0x1.d07921f385e8dp-514,0x1.22fb731e25eeep-6,1.77601455876289990e-02
3,2,0x1.5c58be5d7db1fp-8,0x1.d07921f385e8dp-514,0x1.5c58be5d7db2p-8,5.31534812534209533e-03
3,3,0x1.8687e1ac6b28p-10,0x1.d07921f385e8dp-514,0x1.8687e1ac6b281p-10,1.48975672628207123e-03
3,4,0x1.9ec287c886a3fp-12,0x1.d07921f385e8dp-514,0x1.9ec287c886a4p-12,3.95545849217224937e-04
3,5,0x1.a6338bcfd93d6p-14,0x1.d07921f385e8dp-514,0x1.a6338bcfd93d7p-14,1.00660646464925118e-04
3,6,0x1.a0ab06a56eb8fp-16,0x1.d07921f385e8dp-514,0x1.a0ab06a56eb9p-16,2.48353523113298649e-05
3,7,0x1.92d0859b78786p-18,0x1.d07921f385e8dp-514,0x1.92d0859b78787p-18,6.00240437218121390e-06
3,8,0x1.80a8b9e44a78p-20,0x1.d07921f385e8dp-514,0x1.80a8b9e44a781p-20,1.43296676309099136e-06
3,9,0x1.6cdbf2c04cd2p-22,0x1.d07921f385e8dp-514,0x1.6cdbf2c04cd21p-22,3.39801584220427183e-07
3,10,0x1.58b58715a30b8p-24,0x1.d07921f385e8dp-514,0x1.58b58715a30b9p-24,8.02588398745709305e-08
3,11,0x1.448f4746d7d5p-26,0x1.d07921f385e8dp-514,0x1.448f4746d7d51p-26,1.88918598780059802e-08
3,12,0x1.3053a75ef8279p-28,0x1.d07921f385e8dp-514,0x1.3053a75ef827ap-28,4.42853739701077698e-09
3,13,0x1.1bdf485c245ep-30,0x1.d07921f385e8dp-514,0x1.1bdf485c245e1p-30,1.03272103979145785e-09
3,14,0x1.0730a1ac51fabp-32,0x1.d07921f385e8dp-514,0x1.0730a1ac51facp-32,2.39369880488198125e-10
3,15,0x1.e4de176a71c49p-35,0x1.d07921f385e8dp-514,0x1.e4de176a71c4ap-35,5.51230578817841747e-11
3,16,0x1.bbb87efa7fa95p-37,0x1.d07921f385e8dp-514,0x1.bbb87efa7fa96p-37,1.26113004494728388e-11
3,17,0x1.93821f96b0a2ap-39,0x1.d07921f385e8dp-514,0x1.93821f96b0a2bp-39,2.86709887478966018e-12
3,18,0x1.6cbdbc919b9dp-41,0x1.d07921f385e8dp-514,0x1.6cbdbc919b9d1p-41,6.47910451656572732e-13
3,19,0x1.47d0f8560be05p-43,0x1.d07921f385e8dp-514,0x1.47d0f8560be06p-43,1.45579676894970047e-13
3,20,0x1.250224ca1cf8fp-45,0x1.d07921f385e8dp-514,0x1.250224ca1cf9p-45,3.25304643071000728e-14
3,21,0x1.047cb0a43843bp-47,0x1.d07921f385e8dp-514,0x1.047cb0a43843cp-47,7.22996857758053883e-15
3,22,0x1.ccaf003af0a9p-50,0x1.d07921f385e8dp-514,0x1.ccaf003af0a91p-50,1.59831730233949737e-15
3,23,0x1.9534f7e7f7993p-52,0x1.d07921f385e8dp-514,0x1.9534f7e7f7994p-52,3.51460967748535380e-16
3,24,0x1.6284e3fb045e2p-54,0x1.d07921f385e8dp-514,0x1.6284e3fb045e3p-54,7.68740764853269682e-17
3,25,0x1.3486f4058ab03p-56,0x1.d07921f385e8dp-514,0x1.3486f4058ab04p-56,1.67252909099856163e-17
3,26,0x1.0b14eb94e27dp-58,0x1.d07921f385e8dp-514,0x1.0b14eb94e27d1p-58,3.61963225898354610e-18
3,27,0x1.cbf8da4e080a9p-61,0x1.d07921f385e8dp-514,0x1.cbf8da4e080aap-61,7.79223014961835027e-19
3,28,0x1.8a02666fc98a5p-63,0x1.d07921f385e8dp-514,0x1.8a02666fc98a6p-63,1.66869461313005373e-19
3,29,0x1.4fbed856737bap-65,0x1.d07921f385e8dp-514,0x1.4fbed856737bbp-65,3.55484363368704675e-20
3,30,0x1.1c9c512f12a09p-67,0x1.d07921f385e8dp-514,0x1.1c9c512f12a0ap-67,7.53358021873388644e-21
3,31,0x1.e006c6866749dp-70,0x1.d07921f385e8dp-514,0x1.e006c6866749ep-70,1.58827434723604189e-21
3,32,0x1.92b6815d54e0ep-72,0x1.d07921f385e8dp-514,0x1.92b6815d54e0fp-72,3.33116312773563467e-22
3,33,0x1.501a7b0eb2d4bp-74,0x1.d07921f385e8dp-514,0x1.501a7b0eb2d4cp-74,6.95045623879340227e-23
3,34,0x1.170f30099ef55p-76,0x1.d07921f385e8dp-514,0x1.170f30099ef56p-76,1.44270290522397039e-23
3,35,0x1.ccfe4268f80cap-79,0x1.d07921f385e8dp-514,0x1.ccfe4268f80cbp-79,2.97909873633511400e-24
3,36,0x1.7acb9ed2515ebp-81,0x1.d07921f385e8dp-514,0x1.7acb9ed2515ecp-81,6.11976961975085867e-25
3,37,0x1.35a36709a97a5p-83,0x1.d07921f385e8dp-514,0x1.35a36709a97a6p-83,1.25061909767422311e-25
3,38,0x1.f79582cfa4fadp-86,0x1.d07921f385e8dp-514,0x1.f79582cfa4faep-86,2.54244961028086996e-26
3,39,0x1.975fdf8605406p-88,0x1.d07921f385e8dp-514,0x1.975fdf8605407p-88,5.14178912548756738e-27
3,40,0x1.47d433b7574a1p-90,0x1.d07921f385e8dp-514,0x1.47d433b7574a2p-90,1.03444565582091196e-27
3,41,0x1.067066f6fdbd2p-92,0x1.d07921f385e8dp-514,0x1.067066f6fdbd3p-92,2.07027923207747741e-28
3,42,0x1.a1fcc12974194p-95,0x1.d07921f385e8dp-514,0x1.a1fcc12974195p-95,4.12167321916086256e-29
3,43,0x1.4b1ecb6280b51p-97,0x1.d07921f385e8dp-514,0x1.4b1ecb6280b52p-97,8.16274538814625404e-30
3,44,0x1.04ed80b5947b7p-99,0x1.d07921f385e8dp-514,0x1.04ed80b5947b8p-99,1.60809138495454088e-30
3,45,0x1.990fe4860a2cfp-102,0x1.d07921f385e8dp-514,0x1.990fe4860a2dp-102,3.15129964166746670e-31
3,46,0x1.3ef3891735e67p-104,0x1.d07921f385e8dp-514,0x1.3ef3891735e68p-104,6.14277879862131675e-32
3,47,0x1.eebd44ca36d7bp-107,0x1.d07921f385e8dp-514,0x1.eebd44ca36d7cp-107,1.19104161505937585e-32
3,48,0x1.7da898ab2a62ep-109,0x1.d07921f385e8dp-514,0x1.7da898ab2a62fp-109,2.29702402145286926e-33
3,49,0x1.24d87d7e0fe54p-111,0x1.d07921f385e8dp-514,0x1.24d87d7e0fe55p-111,4.40625183627120676e-34
3,50,0x1.befa28d274354p-114,0x1.d07921f385e8dp-514,0x1.befa28d274355p-114,8.40670650206348630e-35
3,51,0x1.53444a3adbcbbp-116,0x1.d07921f385e8dp-514,0x1.53444a3adbcbcp-116,1.59522462819807909e-35
3,52,0x1.001b834ff0d17p-118,0x1.d07921f385e8dp-514,0x1.001b834ff0d18p-118,3.01052887028622647e-36
3,53,0x1.808a88092ba46p-121,0x1.d07921f385e8dp-514,0x1.808a88092ba47p-121,5.65032419577680083e-37
3,54,0x1.1f18802b177abp-123,0x1.d07921f385e8dp-514,0x1.1f18802b177acp-123,1.05462306308752463e-37
3,55,0x1.aa4d284549cep-126,0x1.d07921f385e8dp-514,0x1.aa4d284549ce1p-126,1.95748000949217162e-38
3,56,0x1.3aba4e8f6f458p-128,0x1.d07921f385e8dp-514,0x1.3aba4e8f6f459p-128,3.61289751346281719e-39
3,57,0x1.ce160da3d565fp-131,0x1.d07921f385e8dp-514,0x1.ce160da3d566p-131,6.63061100806546413e-40
3,58,0x1.5149cadae29cp-133,0x1.d07921f385e8dp-514,0x1.5149cadae29c1p-133,1.20996226294424809e-40
3,59,0x1.e99091123c78dp-136,0x1.d07921f385e8dp-514,0x1.e99091123c78ep-136,2.19528410038797465e-41
3,60,0x1.613d5c91b9231p-138,0x1.d07921f385e8dp-514,0x1.613d5c91b9232p-138,3.95995392306046701e-42
3,61,0x1.fac785d13cc4bp-141,0x1.d07921f385e8dp-514,0x1.fac785d13cc4cp-141,7.10149174849457649e-43
3,62,0x1.69643189db3c4p-143,0x1.d07921f385e8dp-514,0x1.69643189db3c5p-143,1.26604296767988767e-43
3,63,0x1.002f994b23d6bp-145,0x1.d07921f385e8dp-514,0x1.002f994b23d6cp-145,2.24370596404423889e-44
3,64,0x1.690b5d89bc567p-148,0x1.d07921f385e8dp-514,0x1.690b5d89bc568p-148,3.95258560707667381e-45
3,65,0x1.f9c2226421bd5p-151,0x1.d07921f385e8dp-514,0x1.f9c2226421bd6p-151,6.92107794269460685e-46
3,66,0x1.6016b1c7b6bc4p-153,0x1.d07921f385e8dp-514,0x1.6016b1c7b6bc5p-153,1.20454415245317096e-46
3,67,0x1.e738ea10c6dafp-156,0x1.d07921f385e8dp-514,0x1.e738ea10c6dbp-156,2.08356900324113842e-47
3,68,0x1.4f08a08d73007p-158,0x1.d07921f385e8dp-514,0x1.4f08a08d73008p-158,3.58186499846682304e-48
3,69,0x1.c9e7f1e987859p-161,0x1.d07921f385e8dp-514,0x1.c9e7f1e98785ap-161,6.11937545493368824e-49
3,70,0x1.36f714420c9cep-163,0x1.d07921f385e8dp-514,0x1.36f714420c9cfp-163,1.03892085829955987e-49
3,71,0x1.a3b27c6ec7af3p-166,0x1.d07921f385e8dp-514,0x1.a3b27c6ec7af4p-166,1.75273733593805264e-50
3,72,0x1.196e4bac80d06p-168,0x1.d07921f385e8dp-514,0x1.196e4bac80d07p-168,2.93827509117221188e-51
3,73,0x1.7706b31f82b33p-171,0x1.d07921f385e8dp-514,0x1.7706b31f82b34p-171,4.89431989458866984e-52
3,74,0x1.f08bd4c6f50eap-174,0x1.d07921f385e8dp-514,0x1.f08bd4c6f50ebp-174,8.10028809596894182e-53
3,75,0x1.469a82ad52077p-176,0x1.d07921f385e8dp-514,0x1.469a82ad52078p-176,1.33199227894956648e-53
3,76,0x1.aadd9d267a8bep-179,0x1.d07921f385e8dp-514,0x1.aadd9d267a8bfp-179,2.17611603401981175e-54
3,77,0x1.15239ab43ebc3p-181,0x1.d07921f385e8dp-514,0x1.15239ab43ebc4p-181,3.53206420453067429e-55
3,78,0x1.6582af3322891p-184,0x1.d07921f385e8dp-514,0x1.6582af3322892p-184,5.69547063130307045e-56
3,79,0x1.ca2ac0df3ff0bp-187,0x1.d07921f385e8dp-514,0x1.ca2ac0df3ff0cp-187,9.12377688000780754e-57
3,80,0x1.23a6b001b9857p-189,0x1.d07921f385e8dp-514,0x1.23a6b001b9858p-189,1.45195951613262973e-57
3,81,0x1.70dbe877a075bp-192,0x1.d07921f385e8dp-514,0x1.70dbe877a075cp-192,2.29541529144309810e-58
3,82,0x1.cf6c4254f396cp-195,0x1.d07921f385e8dp-514,0x1.cf6c4254f396dp-195,3.60485963350629815e-59
3,83,0x1.2130042fb5e3fp-197,0x1.d07921f385e8dp-514,0x1.2130042fb5e4p-197,5.62380821308122049e-60
3,84,0x1.66871dc4b9282p-200,0x1.d07921f385e8dp-514,0x1.66871dc4b9283p-200,8.71532798582260037e-61
3,85,0x1.b98b63c9fe5c1p-203,0x1.d07921f385e8dp-514,0x1.b98b63c9fe5c2p-203,1.34166900190384316e-61
3,86,0x1.0e162e91cfe97p-205,0x1.d07921f385e8dp-514,0x1.0e162e91cfe98p-205,2.05170085137188396e-62
3,87,0x1.483900ac841c4p-208,0x1.d07921f385e8dp-514,0x1.483900ac841c5p-208,3.11666056575573384e-63
3,88,0x1.8c39973562e21p-211,0x1.d07921f385e8dp-514,0x1.8c39973562e22p-211,4.70297622945372572e-64
3,89,0x1.db24ce38b0ef3p-214,0x1.d07921f385e8dp-514,0x1.db24ce38b0ef4p-214,7.04962480164757794e-65
3,90,0x1.1b00d46b65a01p-216,0x1.d07921f385e8dp-514,0x1.1b00d46b65a02p-216,1.04971736316327809e-65
3,91,0x1.4ee46e76e509fp-219,0x1.d07921f385e8dp-514,0x1.4ee46e76e50ap-219,1.55273077265357673e-66
3,92,0x1.89ada9ef354c5p-222,0x1.d07921f385e8dp-514,0x1.89ada9ef354c6p-222,2.28161601114963419e-67
3,93,0x1.cbbbeb94479c5p-225,0x1.d07921f385e8dp-514,0x1.cbbbeb94479c6p-225,3.33056331183030888e-68
3,94,0x1.0aac0cc3804cdp-227,0x1.d07921f385e8dp-514,0x1.0aac0cc3804cep-227,4.82979336603434489e-69
3,95,0x1.33578af7727fcp-230,0x1.d07921f385e8dp-514,0x1.33578af7727fdp-230,6.95797548839795555e-70
3,96,0x1.5fe62cad31306p-233,0x1.d07921f385e8dp-514,0x1.5fe62cad31307p-233,9.95839216151720994e-71
3,97,0x1.904a74c3ab95ep-236,0x1.d07921f385e8dp-514,0x1.904a74c3ab95fp-236,1.41597868090169097e-71
3,98,0x1.c461768d29f8ap-239,0x1.d07921f385e8dp-514,0x1.c461768d29f8bp-239,2.00030008706620963e-72
3,99,0x1.fbf10ed50fa57p-242,0x1.d07921f385e8dp-514,0x1.fbf10ed50fa58p-242,2.80746851522929979e-73
3,100,0x1.1b5355c054d3dp-244,0x1.d07921f385e8dp-514,0x1.1b5355c054d3ep-244,3.91495521432710188e-74
3,101,0x1.3a0b5f158f432p-247,0x1.d07921f385e8dp-514,0x1.3a0b5f158f433p-247,5.42428108325050586e-75
3,102,0x1.59de789d4cb81p-250,0x1.d07921f385e8dp-514,0x1.59de789d4cb82p-250,7.46745805798571924e-76
3,103,0x1.7a7e982aea2c7p-253,0x1.d07921f385e8dp-514,0x1.7a7e982aea2c8p-253,1.02148199384472284e-76
3,104,0x1.9b92c6882ce3dp-256,0x1.d07921f385e8dp-514,0x1.9b92c6882ce3ep-256,1.38844404416400401e-77
3,105,0x1.bcb87fb8de169p-259,0x1.d07921f385e8dp-514,0x1.bcb87fb8de16ap-259,1.87533345483973122e-78
3,106,0x1.dd857c0d4024ep-262,0x1.d07921f385e8dp-514,0x1.dd857c0d4024fp-262,2.51706268765399471e-79
3,107,0x1.fd89d7dec4b71p-265,0x1.d07921f385e8dp-514,0x1.fd89d7dec4b72p-265,3.35728450084662150e-80
3,108,0x1.0e29457f9f338p-267,0x1.d07921f385e8dp-514,0x1.0e29457f9f339p-267,4.45014534871192150e-81
3,109,0x1.1cb60e459c841p-270,0x1.d07921f385e8dp-514,0x1.1cb60e459c842p-270,5.86226827251068171e-82
3,110,0x1.2a32be1c6d531p-273,0x1.d07921f385e8dp-514,0x1.2a32be1c6d532p-273,7.67496238184620161e-83
3,111,0x1.366973d0a7317p-276,0x1.d07921f385e8dp-514,0x1.366973d0a7318p-276,9.98664532752011361e-84
3,112,0x1.41286048bc605p-279,0x1.d07921f385e8dp-514,0x1.41286048bc606p-279,1.29154519904441084e-84
3,113,0x1.4a431ca26d70dp-282,0x1.d07921f385e8dp-514,0x1.4a431ca26d70ep-282,1.66019869723821080e-85
3,114,0x1.5193de4a8a1d4p-285,0x1.d07921f385e8dp-514,0x1.5193de4a8a1d5p-285,2.12121605432785718e-86
3,115,0x1.56fc7d4b8a22dp-288,0x1.d07921f385e8dp-514,0x1.56fc7d4b8a22ep-288,2.69400278314828832e-87
3,116,0x1.5a6742db54b44p-291,0x1.d07921f385e8dp-514,0x1.5a6742db54b45p-291,3.40105298018886686e-88
3,117,0x1.5bc77878cd23p-294,0x1.d07921f385e8dp-514,0x1.5bc77878cd231p-294,4.26820127436842194e-89
3,118,0x1.5b19b28f09e92p-297,0x1.d07921f385e8dp-514,0x1.5b19b28f09e93p-297,5.32483816057843812e-90
3,119,0x1.5863d471c0b7ap-300,0x1.d07921f385e8dp-514,0x1.5863d471c0b7bp-300,6.60407228156937155e-91
3,120,0x1.53b4ce74e88f2p-303,0x1.d07921f385e8dp-514,0x1.53b4ce74e88f3p-303,8.14282156294896377e-92
3,121,0x1.4d2419b911a83p-306,0x1.d07921f385e8dp-514,0x1.4d2419b911a84p-306,9.98181391623112274e-93
3,122,0x1.44d0f7e0fffb1p-309,0x1.d07921f385e8dp-514,0x1.44d0f7e0fffb2p-309,1.21654776688997156e-93
3,123,0x1.3ae17f22d532ep-312,0x1.d07921f385e8dp-514,0x1.3ae17f22d532fp-312,1.47417021216446800e-94
3,124,0x1.2f817ced34dfap-315,0x1.d07921f385e8dp-514,0x1.2f817ced34dfbp-315,1.77614498224003506e-95
3,125,0x1.22e13a94e1bb1p-318,0x1.d07921f385e8dp-514,0x1.22e13a94e1bb2p-318,2.12782044116258041e-96
3,126,0x1.153430279f60cp-321,0x1.d07921f385e8dp-514,0x1.153430279f60dp-321,2.53472413237914931e-97
3,127,0x1.06afb194ce35bp-324,0x1.d07921f385e8dp-514,0x1.06afb194ce35cp-324,3.00247132677511750e-98
3,128,0x1.ef1343c57f219p-328,0x1.d07921f385e8dp-514,0x1.ef1343c57f21ap-328,3.53665482347205992e-99
3,129,0x1.cfee6e6026e82p-331,0x1.d07921f385e8dp-514,0x1.cfee6e6026e83p-331,4.14271647086712428e-100
3,130,0x1.b057b1bef1299p-334,0x1.d07921f385e8dp-514,0x1.b057b1bef129ap-334,4.82580166162496006e-101
3,131,0x1.90b03f362ae03p-337,0x1.d07921f385e8dp-514,0x1.90b03f362ae04p-337,5.59059891104400531e-102
3,132,0x1.7151f9eeaaa25p-340,0x1.d07921f385e8dp-514,0x1.7151f9eeaaa26p-340,6.44116752178078810e-103
3,133,0x1.528e1cfe022a8p-343,0x1.d07921f385e8dp-514,0x1.528e1cfe022a9p-343,7.38075723102253422e-104
3,134,0x1.34ac3beef011dp-346,0x1.d07921f385e8dp-514,0x1.34ac3beef011ep-346,8.41162458520565746e-105
3,135,0x1.17e99d97d135dp-349,0x1.d07921f385e8dp-514,0x1.17e99d97d135ep-349,9.53485154519254836e-106
3,136,0x1.f8f1db786517fp-353,0x1.d07921f385e8dp-514,0x1.f8f1db786518p-353,1.07501724432119104e-106
3,137,0x1.c5047e2a2fcfdp-356,0x1.d07921f385e8dp-514,0x1.c5047e2a2fcfep-356,1.20558158452383663e-107
3,138,0x1.9446aa1d42199p-359,0x1.d07921f385e8dp-514,0x1.9446aa1d4219ap-359,1.34483680766053359e-108
3,139,0x1.66e055b9993bcp-362,0x1.d07921f385e8dp-514,0x1.66e055b9993bdp-362,1.49226651098457069e-109
3,140,0x1.3ce758fb7fe7dp-365,0x1.d07921f385e8dp-514,0x1.3ce758fb7fe7ep-365,1.64717191674374130e-110
3,141,0x1.16612b9e5c69bp-368,0x1.d07921f385e8dp-514,0x1.16612b9e5c69cp-368,1.80866857463892570e-111
3,142,0x1.e689afe017f4fp-372,0x1.d07921f385e8dp-514,0x1.e689afe017f5p-372,1.97568758289114909e-112
3,143,0x1.a6fa17ef7eebdp-375,0x1.d07921f385e8dp-514,0x1.a6fa17ef7eebep-375,2.14698168219624646e-113
3,144,0x1.6dd4690e3b85bp-378,0x1.d07921f385e8dp-514,0x1.6dd4690e3b85cp-378,2.32113643019686435e-114
3,145,0x1.3ac920933faa7p-381,0x1.d07921f385e8dp-514,0x1.3ac920933faa8p-381,2.49658649786562901e-115
3,146,0x1.0d7c57850ce84p-384,0x1.d07921f385e8dp-514,0x1.0d7c57850ce85p-384,2.67163694959874091e-116
3,147,0x1.cb12e8d7e150ep-388,0x1.d07921f385e8dp-514,0x1.cb12e8d7e150fp-388,2.84448918318707172e-117
3,148,0x1.850d0a2c8255bp-391,0x1.d07921f385e8dp-514,0x1.850d0a2c8255cp-391,3.01327102223797267e-118
3,149,0x1.480e689d17474p-394,0x1.d07921f385e8dp-514,0x1.480e689d17475p-394,3.17607028042979524e-119
3,150,0x1.133ea9dfdff43p-397,0x1.d07921f385e8dp-514,0x1.133ea9dfdff44p-397,3.33097096251062159e-120
3,151,0x1.cb94023bdb1b3p-401,0x1.d07921f385e8dp-514,0x1.cb94023bdb1b4p-401,3.47609113889636370e-121
3,152,0x1.7dc92fe7dcddcp-404,0x1.d07921f385e8dp-514,0x1.7dc92fe7dcdddp-404,3.60962143579785020e-122
3,153,0x1.3b9a5c5a47842p-407,0x1.d07921f385e8dp-514,0x1.3b9a5c5a47843p-407,3.72986302632997785e-123
3,154,0x1.039e0063ea945p-410,0x1.d07921f385e8dp-514,0x1.039e0063ea946p-410,3.83526399357434141e-124
3,155,0x1.a90c1e37e7037p-414,0x1.d07921f385e8dp-514,0x1.a90c1e37e7038p-414,3.92445296571851822e-125
3,156,0x1.5a42abe5936a5p-417,0x1.d07921f385e8dp-514,0x1.5a42abe5936a6p-417,3.99626899571547360e-126
3,157,0x1.18b7d09040434p-420,0x1.d07921f385e8dp-514,0x1.18b7d09040435p-420,4.04978677079916709e-127
3,158,0x1.c4fb0a7c3b974p-424,0x1.d07921f385e8dp-514,0x1.c4fb0a7c3b975p-424,4.08433638618444161e-128
3,159,0x1.6bbb3e35e9d33p-427,0x1.d07921f385e8dp-514,0x1.6bbb3e35e9d34p-427,4.09951709605533746e-129
3,160,0x1.22add54c48f83p-430,0x1.d07921f385e8dp-514,0x1.22add54c48f84p-430,4.09520465588198548e-130
3,161,0x1.ce66780b12bedp-434,0x1.d07921f385e8dp-514,0x1.ce66780b12beep-434,4.07155208446285433e-131
3,162,0x1.6e0d7d085b0ap-437,0x1.d07921f385e8dp-514,0x1.6e0d7d085b0a1p-437,4.02898389269410787e-132
3,163,0x1.206c4894ffa45p-440,0x1.d07921f385e8dp-514,0x1.206c4894ffa46p-440,3.96818403963461617e-133
3,164,0x1.c464bc8898768p-444,0x1.d07921f385e8dp-514,0x1.c464bc8898769p-444,3.89007807605889979e-134
3,165,0x1.6125011769a72p-447,0x1.d07921f385e8dp-514,0x1.6125011769a73p-447,3.79581011341415315e-135
3,166,0x1.12655a1c97292p-450,0x1.d07921f385e8dp-514,0x1.12655a1c97293p-450,3.68671540515689745e-136
3,167,0x1.a8744e802b0d1p-454,0x1.d07921f385e8dp-514,0x1.a8744e802b0d2p-454,3.56428944257425100e-137
3,168,0x1.46c8dff4d03ccp-457,0x1.d07921f385e8dp-514,0x1.46c8dff4d03cdp-457,3.43015454498003186e-138
3,169,0x1.f4e2cbb9f324ap-461,0x1.d07921f385e8dp-514,0x1.f4e2cbb9f324cp-461,3.28602496298144147e-139
3,170,0x1.7e215854de902p-464,0x1.d07921f385e8dp-514,0x1.7e215854de90ap-464,3.13367151352090888e-140
3,171,0x1.2236c962841c3p-467,0x1.d07921f385e8dp-514,0x1.2236c962841fep-467,2.97488672862386025e-141
3,172,0x1.b6d50c73ae8eep-471,0x1.d07921f385e8dp-514,0x1.b6d50c73aec9p-471,2.81145142972055452e-142
3,173,0x1.4a4b3eb7ebfe7p-474,0x1.d07921f385e8dp-514,0x1.4a4b3eb7edcfp-474,2.64510354080654342e-143
3,174,0x1.eefc85aa4b1d9p-478,0x1.d07921f385e8dp-514,0x1.eefc85aa68253p-478,2.47750983241967473e-144
3,175,0x1.714105638ee98p-481,0x1.d07921f385e8dp-514,0x1.7141056477262p-481,2.31024115084110860e-145
3,176,0x1.123e186bbe822p-484,0x1.d07921f385e8dp-514,0x1.123e18730066bp-484,2.14475154096892765e-146
3,177,0x1.9590b24273b5cp-488,0x1.d07921f385e8dp-514,0x1.9590b2b691fe5p-488,1.98236153531168431e-147
3,178,0x1.2a92cb116622fp-491,0x1.d07921f385e8dp-514,0x1.2a92ceb25866ep-491,1.82424587961199065e-148
3,179,0x1.b5b2a73170bb7p-495,0x1.d07921f385e8dp-514,0x1.b5b2e14094f9fp-495,1.67142728292606000e-149
3,180,0x1.3f6eab9cf85b4p-498,0x1.d07921f385e8dp-514,0x1.3f707c161a4edp-498,1.52479221695957611e-150
3,181,0x1.d03ab0f51bfaep-502,0x1.d07921f385e8dp-514,0x1.d057b8873b335p-502,1.38529030801707260e-151
3,182,0x1.4fe129cce8541p-505,0x1.d07921f385e8dp-514,0x1.50c9665de2171p-505,1.25593504919710961e-152
3,183,0x1.e3f30d7d50f1p-509,0x1.d07921f385e8dp-514,0x1.f276d68ced205p-509,1.16178622813768086e-153
3,184,0x1.5b28f9266751p-512,0x1.d07921f385e8dp-514,0x1.cf4741a348cb4p-512,1.34972177838372146e-154
3,185,0x1.eff407a6949b6p-516,0x1.d07921f385e8dp-514,0x1.263b11ee9587ep-513,4.28608033240322520e-155
3,186,0x1.60c2dc043f6edp-519,0x1.d07921f385e8dp-514,0x1.db7f38d3a7e45p-514,3.46329917063288289e-155
3,187,0x1.f3b5a24e5b6b5p-523,0x1.d07921f385e8dp-514,0x1.d172fcc4ad169p-514,3.39011572140641001e-155
3,188,0x1.60737f720c3b1p-526,0x1.d07921f385e8dp-514,0x1.d08f292b7d09ap-514,3.38363375697533060e-155
3,189,0x1.ef19722db01d1p-530,0x1.d07921f385e8dp-514,0x1.d07b110cf8169p-514,3.38306205017552626e-155
3,190,0x1.5a4b6143ff6d5p-533,0x1.d07921f385e8dp-514,0x1.d0794d3cf2116p-514,3.38301183665594182e-155
3,191,0x1.e26bacc1b9f5ep-537,0x1.d07921f385e8dp-514,0x1.d07925b85d426p-514,3.38300744471852719e-155
3,192,0x1.4ea46b500083ep-540,0x1.d07921f385e8dp-514,0x1.d07922472f03bp-514,3.38300706216931109e-155
3,193,0x1.ce5b7824611d1p-544,0x1.d07921f385e8dp-514,0x1.d07921fabf56cp-514,3.38300702898585314e-155
3,194,0x1.3e19a83c6bf17p-547,0x1.d07921f385e8dp-514,0x1.d07921f424f5bp-514,3.38300702611925688e-155
3,195,0x1.b3eb853d0c041p-551,0x1.d07921f385e8dp-514,0x1.d07921f393884p-514,3.38300702587263653e-155
3,196,0x1.297a1cd5dc328p-554,0x1.d07921f385e8dp-514,0x1.d07921f387126p-514,3.38300702585150572e-155
3,197,0x1.945cced82c957p-558,0x1.d07921f385e8dp-514,0x1.d07921f386022p-514,3.38300702584970225e-155
3,198,0x1.11b84d4091f2cp-561,0x1.d07921f385e8dp-514,0x1.d07921f385ebp-514,3.38300702584954906e-155
3,199,0x1.7115e17cec63dp-565,0x1.d07921f385e8dp-514,0x1.d07921f385e91p-514,3.38300702584953623e-155
3,200,0x1.efb071122f31dp-569,0x1.d07921f385e8dp-514,0x1.d07921f385e8ep-514,3.38300702584953498e-155
3,201,0x1.4b8942c6afcf7p-572,0x1.d07921f385e8dp-514,0x1.d07921f385e8ep-514,3.38300702584953498e-155
3,202,0x1.b9bb33e99eedcp-576,0x1.d07921f385e8dp-514,0x1.d07921f385e8ep-514,3.38300702584953498e-155
3,203,0x1.251d6ba2bd533p-579,0x1.d07921f385e8dp-514,0x1.d07921f385e8ep-514,3.38300702584953498e-155
3,204,0x1.837815d147524p-583,0x1.d07921f385e8dp-514,0x1.d07921f385e8ep-514,3.38300702584953498e-155
3,205,0x1.fe30b8aa2c875p-587,0x1.d07921f385e8dp-514,0x1.d07921f385e8ep-514,3.38300702584953498e-155
3,206,0x1.4e947ee4dceb2p-590,0x1.d07921f385e8dp-514,0x1.d07921f385e8ep-514,3.38300702584953498e-155
3,207,0x1.b52064e25a16cp-594,0x1.d07921f385e8dp-514,0x1.d07921f385e8ep-514,3.38300702584953498e-155
3,208,0x1.1c72398f1e521p-597,0x1.d07921f385e8dp-514,0x1.d07921f385e8ep-514,3.38300702584953498e-155
3,209,0x1.70c2e73e9a39ep-601,0x1.d07921f385e8dp-514,0x1.d07921f385e8ep-514,3.38300702584953498e-155
3,210,0x1.dc3ba0c983464p-605,0x1.d07921f385e8dp-514,0x1.d07921f385e8ep-514,3.38300702584953498e-155
3,211,0x1.32561ea1a3db6p-608,0x1.d07921f385e8dp-514,0x1.d07921f385e8ep-514,3.38300702584953498e-155
3,212,0x1.88995f6d5d83bp-612,0x1.d07921f385e8dp-514,0x1.d07921f385e8ep-514,3.38300702584953498e-155
3,213,0x1.f53e0fc807843p-616,0x1.d07921f385e8dp-514,0x1.d07921f385e8ep-514,3.38300702584953498e-155
3,214,0x1.3ec3cc2049829p-619,0x1.d07921f385e8dp-514,0x1.d07921f385e8ep-514,3.38300702584953498e-155
3,215,0x1.93e8a2c84edf1p-623,0x1.d07921f385e8dp-514,0x1.d07921f385e8ep-514,3.38300702584953498e-155
3,216,0x1.fddfa30c4c621p-627,0x1.d07921f385e8dp-514,0x1.d07921f385e8ep-514,3.38300702584953498e-155
3,217,0x1.409d87ee9079bp-630,0x1.d07921f385e8dp-514,0x1.d07921f385e8ep-514,3.38300702584953498e-155
3,218,0x1.91b640e3f4d1cp-634,0x1.d07921f385e8dp-514,0x1.d07921f385e8ep-514,3.38300702584953498e-155
3,219,0x1.f573d4204076fp-638,0x1.d07921f385e8dp-514,0x1.d07921f385e8ep-514,3.38300702584953498e-155
3,220,0x1.37d22f3aac8d4p-641,0x1.d07921f385e8dp-514,0x1.d07921f385e8ep-514,3.38300702584953498e-155
3,221,0x1.825fac58e0f2fp-645,0x1.d07921f385e8dp-514,0x1.d07921f385e8ep-514,3.38300702584953498e-155
3,222,0x1.dcfe426055595p-649,0x1.d07921f385e8dp-514,0x1.d07921f385e8ep-514,3.38300702584953498e-155
3,223,0x1.255b27160cf5p-652,0x1.d07921f385e8dp-514,0x1.d07921f385e8ep-514,3.38300702584953498e-155
3,224,0x1.6784e7197e69ep-656,0x1.d07921f385e8dp-514,0x1.d07921f385e8ep-514,3.38300702584953498e-155
3,225,0x1.b7011d71e66d1p-660,0x1.d07921f385e8dp-514,0x1.d07921f385e8ep-514,3.38300702584953498e-155
3,226,0x1.0b0fbad9810c6p-663,0x1.d07921f385e8dp-514,0x1.d07921f385e8ep-514,3.38300702584953498e-155
3,227,0x1.43c0f534af957p-667,0x1.d07921f385e8dp-514,0x1.d07921f385e8ep-514,3.38300702584953498e-155
3,228,0x1.8712195477ad1p-671,0x1.d07921f385e8dp-514,0x1.d07921f385e8ep-514,3.38300702584953498e-155
3,229,0x1.d6b18bc599cd9p-675,0x1.d07921f385e8dp-514,0x1.d07921f385e8ep-514,3.38300702584953498e-155
3,230,0x1.1a40e1282d5b7p-678,0x1.d07921f385e8dp-514,0x1.d07921f385e8ep-514,3.38300702584953498e-155
3,231,0x1.514e47d2c74b3p-682,0x1.d07921f385e8dp-514,0x1.d07921f385e8ep-514,3.38300702584953498e-155
3,232,0x1.91ab0a81da72ep-686,0x1.d07921f385e8dp-514,0x1.d07921f385e8ep-514,3.38300702584953498e-155
3,233,0x1.dc9f9c886283bp-690,0x1.d07921f385e8dp-514,0x1.d07921f385e8ep-514,3.38300702584953498e-155
3,234,0x1.19c9e00c3826cp-693,0x1.d07921f385e8dp-514,0x1.d07921f385e8ep-514,3.38300702584953498e-155
3,235,0x1.4c078809debb9p-697,0x1.d07921f385e8dp-514,0x1.d07921f385e8ep-514,3.38300702584953498e-155
3,236,0x1.85dc89be14699p-701,0x1.d07921f385e8dp-514,0x1.d07921f385e8ep-514,3.38300702584953498e-155
3,237,0x1.c82c62fcb07d8p-705,0x1.d07921f385e8dp-514,0x1.d07921f385e8ep-514,3.38300702584953498e-155
3,238,0x1.09f4e037cb37dp-708,0x1.d07921f385e8dp-514,0x1.d07921f385e8ep-514,3.38300702584953498e-155
3,239,0x1.350acc29917e6p-712,0x1.d07921f385e8dp-514,0x1.d07921f385e8ep-514,3.38300702584953498e-155
3,240,0x1.65def0fcaf10ap-716,0x1.d07921f385e8dp-514,0x1.d07921f385e8ep-514,3.38300702584953498e-155
3,241,0x1.9cfdf0c7aed47p-720,0x1.d07921f385e8dp-514,0x1.d07921f385e8ep-514,3.38300702584953498e-155
3,242,0x1.daf90076b48f4p-724,0x1.d07921f385e8dp-514,0x1.d07921f385e8ep-514,3.38300702584953498e-155
3,243,0x1.10324bfab95a1p-727,0x1.d07921f385e8dp-514,0x1.d07921f385e8ep-514,3.38300702584953498e-155
3,244,0x1.36eb7230d5381p-731,0x1.d07921f385e8dp-514,0x1.d07921f385e8ep-514,3.38300702584953498e-155
3,245,0x1.61f2fde3e838ap-735,0x1.d07921f385e8dp-514,0x1.d07921f385e8ep-514,3.38300702584953498e-155
3,246,0x1.9192e9aa221dfp-739,0x1.d07921f385e8dp-514,0x1.d07921f385e8ep-514,3.38300702584953498e-155
3,247,0x1.c612fd3a84f7ep-743,0x1.d07921f385e8dp-514,0x1.d07921f385e8ep-514,3.38300702584953498e-155
3,248,0x1.ffb78f8dd11bap-747,0x1.d07921f385e8dp-514,0x1.d07921f385e8ep-514,3.38300702584953498e-155
3,249,0x1.1f601846c785dp-750,0x1.d07921f385e8dp-514,0x1.d07921f385e8ep-514,3.38300702584953498e-155
3,250,0x1.41b31f1e55d88p-754,0x1.d07921f385e8dp-514,0x1.d07921f385e8ep-514,3.38300702584953498e-155
3,251,0x1.66edb519a6f6p-758,0x1.d07921f385e8dp-514,0x1.d07921f385e8ep-514,3.38300702584953498e-155
3,252,0x1.8f241a97d5a26p-762,0x1.d07921f385e8dp-514,0x1.d07921f385e8ep-514,3.38300702584953498e-155
3,253,0x1.ba6533abe9bc4p-766,0x1.d07921f385e8dp-514,0x1.d07921f385e8ep-514,3.38300702584953498e-155
3,254,0x1.e8b9c646a176cp-770,0x1.d07921f385e8dp-514,0x1.d07921f385e8ep-514,3.38300702584953498e-155
3,255,0x1.0d11df36844bap-773,0x1.d07921f385e8dp-514,0x1.d07921f385e8ep-514,3.38300702584953498e-155
3,256,0x1.274ebe6053446p-777,0x1.d07921f385e8dp-514,0x1.d07921f385e8ep-514,3.38300702584953498e-155
3,257,0x1.430c99e443173p-781,0x1.d07921f385e8dp-514,0x1.d07921f385e8ep-514,3.38300702584953498e-155
3,258,0x1.60402c3da3fdep-785,0x1.d07921f385e8dp-514,0x1.d07921f385e8ep-514,3.38300702584953498e-155
3,259,0x1.7ed9953f720b3p-789,0x1.d07921f385e8dp-514,0x1.d07921f385e8ep-514,3.38300702584953498e-155
3,260,0x1.9ec42c3480c88p-793,0x1.d07921f385e8dp-514,0x1.d07921f385e8ep-514,3.38300702584953498e-155
3,261,0x1.bfe66200abe2p-797,0x1.d07921f385e8dp-514,0x1.d07921f385e8ep-514,3.38300702584953498e-155
3,262,0x1.e221b50f22812p-801,0x1.d07921f385e8dp-514,0x1.d07921f385e8ep-514,3.38300702584953498e-155
3,263,0x1.02a95c4ad3669p-804,0x1.d07921f385e8dp-514,0x1.d07921f385e8ep-514,3.38300702584953498e-155
3,264,0x1.14a89830d2a05p-808,0x1.d07921f385e8dp-514,0x1.d07921f385e8ep-514,3.38300702584953498e-155
3,265,0x1.26f82101defb1p-812,0x1.d07921f385e8dp-514,0x1.d07921f385e8ep-514,3.38300702584953498e-155
3,266,0x1.397f5de14ec9dp-816,0x1.d07921f385e8dp-514,0x1.d07921f385e8ep-514,3.38300702584953498e-155
3,267,0x1.4c23b8a4a7bfep-820,0x1.d07921f385e8dp-514,0x1.d07921f385e8ep-514,3.38300702584953498e-155
3,268,0x1.5ec8d6c508185p-824,0x1.d07921f385e8dp-514,0x1.d07921f385e8ep-514,3.38300702584953498e-155
3,269,0x1.7150dc684d669p-828,0x1.d07921f385e8dp-514,0x1.d07921f385e8ep-514,3.38300702584953498e-155
3,270,0x1.839cb8c072fcbp-832,0x1.d07921f385e8dp-514,0x1.d07921f385e8ep-514,3.38300702584953498e-155
3,271,0x1.958c7ac1ea006p-836,0x1.d07921f385e8dp-514,0x1.d07921f385e8ep-514,3.38300702584953498e-155
3,272,0x1.a6ffacee7430ap-840,0x1.d07921f385e8dp-514,0x1.d07921f385e8ep-514,3.38300702584953498e-155
3,273,0x1.b7d5b6328981cp-844,0x1.d07921f385e8dp-514,0x1.d07921f385e8ep-514,3.38300702584953498e-155
3,274,0x1.c7ee3615731f6p-848,0x1.d07921f385e8dp-514,0x1.d07921f385e8ep-514,3.38300702584953498e-155
3,275,0x1.d728ebce7ddbcp-852,0x1.d07921f385e8dp-514,0x1.d07921f385e8ep-514,3.38300702584953498e-155
3,276,0x1.e55f778f023c3p-856,0x1.d07921f385e8dp-514,0x1.d07921f385e8ep-514,3.38300702584953498e-155
3,277,0x1.f211c9bbe338ap-860,0x1.d07921f385e8dp-514,0x1.d07921f385e8ep-514,3.38300702584953498e-155
3,278,0x1.f88ecb48c35fep-864,0x1.d07921f385e8dp-514,0x1.d07921f385e8ep-514,3.38300702584953498e-155
3,279,0x1.c8f53f5a0b8c3p-868,0x1.d07921f385e8dp-514,0x1.d07921f385e8ep-514,3.38300702584953498e-155
3,280,0x0p+0,0x1.d07921f385e8dp-514,0x1.d07921f385e8dp-514,3.38300702584953457e-155
4,0,0x1.e99a9670aa838p-5,0x1.fb3c3be10f589p-513,0x1.e99a9670aa839p-5,5.97660959513892157e-02
4,1,0x1.45d85737b3ce2p-6,0x1.fb3c3be10f589p-513,0x1.45d85737b3ce3p-6,1.98880054220439521e-02
4,2,0x1.94def4b7b383bp-8,0x1.fb3c3be10f589p-513,0x1.94def4b7b383cp-8,6.17783999014248283e-03
4,3,0x1.db9201b9c9636p-10,0x1.fb3c3be10f589p-513,0x1.db9201b9c9637p-10,1.81415687115683648e-03
4,4,0x1.0b60bf5c8892cp-11,0x1.fb3c3be10f589p-513,0x1.0b60bf5c8892dp-11,5.09982910049699306e-04
4,5,0x1.23411a66c20c9p-13,0x1.fb3c3be10f589p-513,0x1.23411a66c20cap-13,1.38880877067265520e-04
4,6,0x1.368e7ce18178bp-15,0x1.fb3c3be10f589p-513,0x1.368e7ce18178cp-15,3.70212308205406426e-05
4,7,0x1.46c4fa419b20fp-17,0x1.fb3c3be10f589p-513,0x1.46c4fa419b21p-17,9.73848830484409030e-06
4,8,0x1.551b2fdfbf1f8p-19,0x1.fb3c3be10f589p-513,0x1.551b2fdfbf1f9p-19,2.54143922961816997e-06
4,9,0x1.623a1a6b4d6f6p-21,0x1.fb3c3be10f589p-513,0x1.623a1a6b4d6f7p-21,6.59799139246795191e-07
4,10,0x1.6e4479b79d9f7p-23,0x1.fb3c3be10f589p-513,0x1.6e4479b79d9f8p-23,1.70556587287143819e-07
4,11,0x1.7909f6ae2baebp-25,0x1.fb3c3be10f589p-513,0x1.7909f6ae2baecp-25,4.38931072472464547e-08
4,12,0x1.823fe20984993p-27,0x1.fb3c3be10f589p-513,0x1.823fe20984994p-27,1.12413412077481321e-08
4,13,0x1.89a836996f151p-29,0x1.fb3c3be10f589p-513,0x1.89a836996f152p-29,2.86423225130408129e-09
4,14,0x1.8f2147cce1bcbp-31,0x1.fb3c3be10f589p-513,0x1.8f2147cce1bccp-31,7.26013243976794063e-10
4,15,0x1.92a4251926dbep-33,0x1.fb3c3be10f589p-513,0x1.92a4251926dbfp-33,1.83100014998835390e-10
4,16,0x1.943b46e0a06bdp-35,0x1.fb3c3be10f589p-513,0x1.943b46e0a06bep-35,4.59558066556867083e-11
4,17,0x1.93f91a729d97ap-37,0x1.fb3c3be10f589p-513,0x1.93f91a729d97bp-37,1.14816049236349471e-11
4,18,0x1.91f215db86ee9p-39,0x1.fb3c3be10f589p-513,0x1.91f215db86eeap-39,2.85599558949488037e-12
4,19,0x1.8e3aafe5c00dep-41,0x1.fb3c3be10f589p-513,0x1.8e3aafe5c00dfp-41,7.07397245637980899e-13
4,20,0x1.88e7e41a680f3p-43,0x1.fb3c3be10f589p-513,0x1.88e7e41a680f4p-43,1.74485237071244757e-13
4,21,0x1.82109fb6fb9dcp-45,0x1.fb3c3be10f589p-513,0x1.82109fb6fb9ddp-45,4.28618182117912814e-14
4,22,0x1.79cef030289acp-47,0x1.fb3c3be10f589p-513,0x1.79cef030289adp-47,1.04862882954707131e-14
4,23,0x1.704075bb47e38p-49,0x1.fb3c3be10f589p-513,0x1.704075bb47e39p-49,2.55526014542822053e-15
4,24,0x1.65861c8da63d1p-51,0x1.fb3c3be10f589p-513,0x1.65861c8da63d2p-51,6.20205056043207191e-16
4,25,0x1.59c35d1e2583ap-53,0x1.fb3c3be10f589p-513,0x1.59c35d1e2583bp-53,1.49950858854074340e-16
4,26,0x1.4d1d4bda9802fp-55,0x1.fb3c3be10f589p-513,0x1.4d1d4bda9803p-55,3.61163398112236640e-17
4,27,0x1.3fb9acf5a1187p-57,0x1.fb3c3be10f589p-513,0x1.3fb9acf5a1188p-57,8.66617149684533774e-18
4,28,0x1.31be26f8dd7aap-59,0x1.fb3c3be10f589p-513,0x1.31be26f8dd7abp-59,2.07179367904855980e-18
4,29,0x1.234f9ac5c7fb6p-61,0x1.fb3c3be10f589p-513,0x1.234f9ac5c7fb7p-61,4.93499954226629869e-19
4,30,0x1.14919d0e25c89p-63,0x1.fb3c3be10f589p-513,0x1.14919d0e25c8ap-63,1.17131444044589355e-19
4,31,0x1.05a60a4ae1821p-65,0x1.fb3c3be10f589p-513,0x1.05a60a4ae1822p-65,2.77031225234496535e-20
4,32,0x1.ed595ecdf6854p-68,0x1.fb3c3be10f589p-513,0x1.ed595ecdf6855p-68,6.52942100960056804e-21
4,33,0x1.cf86077bafac1p-70,0x1.fb3c3be10f589p-513,0x1.cf86077bafac2p-70,1.53367078165823160e-21
4,34,0x1.b207e5fd9219fp-72,0x1.fb3c3be10f589p-513,0x1.b207e5fd921ap-72,3.59021906956246439e-22
4,35,0x1.950f6cf3ffa0ep-74,0x1.fb3c3be10f589p-513,0x1.950f6cf3ffa0fp-74,8.37644977199236242e-23
4,36,0x1.78c77aebc9fecp-76,0x1.fb3c3be10f589p-513,0x1.78c77aebc9fedp-76,1.94790290925632564e-23
4,37,0x1.5d5547a9fde1dp-78,0x1.fb3c3be10f589p-513,0x1.5d5547a9fde1ep-78,4.51502481439056259e-24
4,38,0x1.42d86bcc14b55p-80,0x1.fb3c3be10f589p-513,0x1.42d86bcc14b56p-80,1.04316973232715281e-24
4,39,0x1.296affc90ee67p-82,0x1.fb3c3be10f589p-513,0x1.296affc90ee68p-82,2.40252319205139250e-25
4,40,0x1.1121cf0c0acb5p-84,0x1.fb3c3be10f589p-513,0x1.1121cf0c0acb6p-84,5.51585813669082452e-26
4,41,0x1.f41937a332dcbp-87,0x1.fb3c3be10f589p-513,0x1.f41937a332dccp-87,1.26242611046484759e-26
4,42,0x1.c86ce1150a0b3p-89,0x1.fb3c3be10f589p-513,0x1.c86ce1150a0b4p-89,2.88044866242732663e-27
4,43,0x1.9f4bf7634406ep-91,0x1.fb3c3be10f589p-513,0x1.9f4bf7634406fp-91,6.55222730163700499e-28
4,44,0x1.78bbe66409227p-93,0x1.fb3c3be10f589p-513,0x1.78bbe66409228p-93,1.48595355915205676e-28
4,45,0x1.54baf9588bacfp-95,0x1.fb3c3be10f589p-513,0x1.54baf9588badp-95,3.35986082398080140e-29
4,46,0x1.3341303c19526p-97,0x1.fb3c3be10f589p-513,0x1.3341303c19527p-97,7.57441172568398674e-30
4,47,0x1.14411552be9d7p-99,0x1.fb3c3be10f589p-513,0x1.14411552be9d8p-99,1.70254815018869290e-30
4,48,0x1.ef511dea3c0b3p-102,0x1.fb3c3be10f589p-513,0x1.ef511dea3c0b4p-102,3.81578231146143852e-31
4,49,0x1.bac3544c032ddp-104,0x1.fb3c3be10f589p-513,0x1.bac3544c032dep-104,8.52730529632918926e-32
4,50,0x1.8aa6b6295bc8ap-106,0x1.fb3c3be10f589p-513,0x1.8aa6b6295bc8bp-106,1.90017649133476821e-32
4,51,0x1.5ec4628e0329p-108,0x1.fb3c3be10f589p-513,0x1.5ec4628e03291p-108,4.22220573070363301e-33
4,52,0x1.36e1fb74105cfp-110,0x1.fb3c3be10f589p-513,0x1.36e1fb74105dp-110,9.35528725274629860e-34
4,53,0x1.12c2d3a403bf8p-112,0x1.fb3c3be10f589p-513,0x1.12c2d3a403bf9p-112,2.06707233636227214e-34
4,54,0x1.e451f9c25741bp-115,0x1.fb3c3be10f589p-513,0x1.e451f9c25741cp-115,4.55452543513895231e-35
4,55,0x1.a9ac6bdba64a3p-117,0x1.fb3c3be10f589p-513,0x1.a9ac6bdba64a4p-117,1.00075363794907589e-35
4,56,0x1.751971630ca12p-119,0x1.fb3c3be10f589p-513,0x1.751971630ca13p-119,2.19288110502446774e-36
4,57,0x1.461fd2d64424fp-121,0x1.fb3c3be10f589p-513,0x1.461fd2d64425p-121,4.79196606362408549e-37
4,58,0x1.1c49d0b2a5b12p-123,0x1.fb3c3be10f589p-513,0x1.1c49d0b2a5b13p-123,1.04431043290138292e-37
4,59,0x1.ee4c1ea0ef50ep-126,0x1.fb3c3be10f589p-513,0x1.ee4c1ea0ef50fp-126,2.26970208424260592e-38
4,60,0x1.ac909ef1d44ffp-128,0x1.fb3c3be10f589p-513,0x1.ac909ef1d45p-128,4.91968406888716190e-39
4,61,0x1.7293f0939efc3p-130,0x1.fb3c3be10f589p-513,0x1.7293f0939efc4p-130,1.06350638631090481e-39
4,62,0x1.3f94ee643e00fp-132,0x1.fb3c3be10f589p-513,0x1.3f94ee643e01p-132,2.29288669752797124e-40
4,63,0x1.12def5cab145cp-134,0x1.fb3c3be10f589p-513,0x1.12def5cab145dp-134,4.93025565805476463e-41
4,64,0x1.d794385ece5c8p-137,0x1.fb3c3be10f589p-513,0x1.d794385ece5c9p-137,1.05731665230214670e-41
4,65,0x1.93765abd00f71p-139,0x1.fb3c3be10f589p-513,0x1.93765abd00f72p-139,2.26148452924289516e-42
4,66,0x1.5846f7708ca33p-141,0x1.fb3c3be10f589p-513,0x1.5846f7708ca34p-141,4.82435130060204706e-43
4,67,0x1.25011502effb9p-143,0x1.fb3c3be10f589p-513,0x1.25011502effbap-143,1.02646593284778710e-43
4,68,0x1.f16e67f2fc303p-146,0x1.fb3c3be10f589p-513,0x1.f16e67f2fc304p-146,2.17828024955158819e-44
4,69,0x1.a5247101db3b3p-148,0x1.fb3c3be10f589p-513,0x1.a5247101db3b4p-148,4.61051662040346157e-45
4,70,0x1.63a063fb7b59ep-150,0x1.fb3c3be10f589p-513,0x1.63a063fb7b59fp-150,9.73318172284974422e-46
4,71,0x1.2b8616e22bb01p-152,0x1.fb3c3be10f589p-513,0x1.2b8616e22bb02p-152,2.04942491355119110e-46
4,72,0x1.f73cb8b16e01bp-155,0x1.fb3c3be10f589p-513,0x1.f73cb8b16e01cp-155,4.30411075446919909e-47
4,73,0x1.a5a87b9be539cp-157,0x1.fb3c3be10f589p-513,0x1.a5a87b9be539dp-157,9.01594388762555481e-48
4,74,0x1.60646fde31d13p-159,0x1.fb3c3be10f589p-513,0x1.60646fde31d14p-159,1.88372357798989833e-48
4,75,0x1.25bf08e0117dap-161,0x1.fb3c3be10f589p-513,0x1.25bf08e0117dbp-161,3.92557277531900269e-49
4,76,0x1.e875e7f0023a7p-164,0x1.fb3c3be10f589p-513,0x1.e875e7f0023a8p-164,8.15962609165824467e-50
4,77,0x1.9514247b35911p-166,0x1.fb3c3be10f589p-513,0x1.9514247b35912p-166,1.69168750805029024e-50
4,78,0x1.4f116cbad6b2ap-168,0x1.fb3c3be10f589p-513,0x1.4f116cbad6b2bp-168,3.49827383010956031e-51
4,79,0x1.14725ac803a4dp-170,0x1.fb3c3be10f589p-513,0x1.14725ac803a4ep-170,7.21559548699490327e-52
4,80,0x1.c6fe5b2f2e661p-173,0x1.fb3c3be10f589p-513,0x1.c6fe5b2f2e662p-173,1.48448581652950891e-52
4,81,0x1.75783766f2952p-175,0x1.fb3c3be10f589p-513,0x1.75783766f2953p-175,3.04625352415818080e-53
4,82,0x1.31c491e13f509p-177,0x1.fb3c3be10f589p-513,0x1.31c491e13f50ap-177,6.23508851242391295e-54
4,83,0x1.f36571f505249p-180,0x1.fb3c3be10f589p-513,0x1.f36571f50524ap-180,1.27293465334727008e-54
4,84,0x1.96c6c909aa283p-182,0x1.fb3c3be10f589p-513,0x1.96c6c909aa284p-182,2.59212943960738924e-55
4,85,0x1.4a7c831242811p-184,0x1.fb3c3be10f589p-513,0x1.4a7c831242812p-184,5.26495170735633296e-56
4,86,0x1.0bd12d7698bc1p-186,0x1.fb3c3be10f589p-513,0x1.0bd12d7698bc2p-186,1.06664313904066124e-56
4,87,0x1.b0f3be3674868p-189,0x1.fb3c3be10f589p-513,0x1.b0f3be3674869p-189,2.15541413167724850e-57
4,88,0x1.5d0eeafad902bp-191,0x1.fb3c3be10f589p-513,0x1.5d0eeafad902cp-191,4.34438993158930815e-58
4,89,0x1.18b323153c5c4p-193,0x1.fb3c3be10f589p-513,0x1.18b323153c5c5p-193,8.73399429045218785e-59
4,90,0x1.c24cb407391bap-196,0x1.fb3c3be10f589p-513,0x1.c24cb407391bbp-196,1.75138839212453748e-59
4,91,0x1.684287eb60ebfp-198,0x1.fb3c3be10f589p-513,0x1.684287eb60ecp-198,3.50297308981182320e-60
4,92,0x1.1f7bfe5443238p-200,0x1.fb3c3be10f589p-513,0x1.1f7bfe5443239p-200,6.98835741841647097e-61
4,93,0x1.c9a445254a6e6p-203,0x1.fb3c3be10f589p-513,0x1.c9a445254a6e7p-203,1.39058162447195956e-61
4,94,0x1.6b51dad862629p-205,0x1.fb3c3be10f589p-513,0x1.6b51dad86262ap-205,2.75994180589653937e-62
4,95,0x1.1fb219ea29b04p-207,0x1.fb3c3be10f589p-513,0x1.1fb219ea29b05p-207,5.46366816956878360e-63
4,96,0x1.c67392cdc742dp-210,0x1.fb3c3be10f589p-513,0x1.c67392cdc742ep-210,1.07881865354524850e-63
4,97,0x1.66017c027403ap-212,0x1.fb3c3be10f589p-513,0x1.66017c027403bp-212,2.12466769556203663e-64
4,98,0x1.194cc97a43617p-214,0x1.fb3c3be10f589p-513,0x1.194cc97a43618p-214,4.17359800858666556e-65
4,99,0x1.b8ea375bbe30cp-217,0x1.fb3c3be10f589p-513,0x1.b8ea375bbe30dp-217,8.17722142861165808e-66
4,100,0x1.58a788f826ad5p-219,0x1.fb3c3be10f589p-513,0x1.58a788f826ad6p-219,1.59799293184532713e-66
4,101,0x1.0cb5fba7ed3efp-221,0x1.fb3c3be10f589p-513,0x1.0cb5fba7ed3fp-221,3.11470005083827997e-67
4,102,0x1.a1ea0861d5e15p-224,0x1.fb3c3be10f589p-513,0x1.a1ea0861d5e16p-224,6.05519486522564777e-68
4,103,0x1.4422e4bb02b7fp-226,0x1.fb3c3be10f589p-513,0x1.4422e4bb02b8p-226,1.17410973384054111e-68
4,104,0x1.f57e3c02066eep-229,0x1.fb3c3be10f589p-513,0x1.f57e3c02066efp-229,2.27068030117684560e-69
4,105,0x1.82ef2005218cp-231,0x1.fb3c3be10f589p-513,0x1.82ef2005218c1p-231,4.37993859288118038e-70
4,106,0x1.29c37cad9722bp-233,0x1.fb3c3be10f589p-513,0x1.29c37cad9722cp-233,8.42641185879845312e-71
4,107,0x1.c915b2f3fcc78p-236,0x1.fb3c3be10f589p-513,0x1.c915b2f3fcc79p-236,1.61688004500041710e-71
4,108,0x1.5de7a974603b5p-238,0x1.fb3c3be10f589p-513,0x1.5de7a974603b6p-238,3.09436205951582214e-72
4,109,0x1.0b270aee630bep-240,0x1.fb3c3be10f589p-513,0x1.0b270aee630bfp-240,5.90636572415822051e-73
4,110,0x1.96ddd31896485p-243,0x1.fb3c3be10f589p-513,0x1.96ddd31896486p-243,1.12440566190630202e-73
4,111,0x1.35014d248b579p-245,0x1.fb3c3be10f589p-513,0x1.35014d248b57ap-245,2.13489598738761116e-74
4,112,0x1.d41ee112e258p-248,0x1.fb3c3be10f589p-513,0x1.d41ee112e2581p-248,4.04276859443919372e-75
4,113,0x1.61a4c1c00181fp-250,0x1.fb3c3be10f589p-513,0x1.61a4c1c00182p-250,7.63531394329405487e-76
4,114,0x1.0a7364e85210cp-252,0x1.fb3c3be10f589p-513,0x1.0a7364e85210dp-252,1.43819603864625686e-76
4,115,0x1.9070e72b0ccc3p-255,0x1.fb3c3be10f589p-513,0x1.9070e72b0ccc4p-255,2.70177828791986238e-77
4,116,0x1.2c19eb4aae37dp-257,0x1.fb3c3be10f589p-513,0x1.2c19eb4aae37ep-257,5.06196279006345344e-78
4,117,0x1.c09a439b0ad1p-260,0x1.fb3c3be10f589p-513,0x1.c09a439b0ad11p-260,9.45851468927833258e-79
4,118,0x1.4e64b085e1a31p-262,0x1.fb3c3be10f589p-513,0x1.4e64b085e1a32p-262,1.76262027740177774e-79
4,119,0x1.f12daa81fa9bep-265,0x1.fb3c3be10f589p-513,0x1.f12daa81fa9bfp-265,3.27584557911972232e-80
4,120,0x1.709b32d3cd93dp-267,0x1.fb3c3be10f589p-513,0x1.709b32d3cd93ep-267,6.07174998541859793e-81
4,121,0x1.108b23850e3bcp-269,0x1.fb3c3be10f589p-513,0x1.108b23850e3bdp-269,1.12234673372915959e-81
4,122,0x1.91f00242658ep-272,0x1.fb3c3be10f589p-513,0x1.91f00242658e1p-272,2.06899660607952182e-82
4,123,0x1.2793318ab21a7p-274,0x1.fb3c3be10f589p-513,0x1.2793318ab21a8p-274,3.80372301065328125e-83
4,124,0x1.b187de477e64bp-277,0x1.fb3c3be10f589p-513,0x1.b187de477e64cp-277,6.97382633624313242e-84
4,125,0x1.3d11542a1fa9ep-279,0x1.fb3c3be10f589p-513,0x1.3d11542a1fa9fp-279,1.27509702859646708e-84
4,126,0x1.ce826c5214693p-282,0x1.fb3c3be10f589p-513,0x1.ce826c5214694p-282,2.32499424660127546e-85
4,127,0x1.5067aeb27bc36p-284,0x1.fb3c3be10f589p-513,0x1.5067aeb27bc37p-284,4.22769570157067635e-86
4,128,0x1.e80419f854021p-287,0x1.fb3c3be10f589p-513,0x1.e80419f854022p-287,7.66629203514634124e-87
4,129,0x1.60ff74c1e8b94p-289,0x1.fb3c3be10f589p-513,0x1.60ff74c1e8b95p-289,1.38631965042702756e-87
4,130,0x1.fd40995c7847ep-292,0x1.fb3c3be10f589p-513,0x1.fd40995c7847fp-292,2.49996733500370225e-88
4,131,0x1.6e505e33fa5f9p-294,0x1.fb3c3be10f589p-513,0x1.6e505e33fa5fap-294,4.49567339114282022e-89
4,132,0x1.06c2a5f4fc1dcp-296,0x1.fb3c3be10f589p-513,0x1.06c2a5f4fc1ddp-296,8.06196932255613760e-90
4,133,0x1.77e7cda63f53dp-299,0x1.fb3c3be10f589p-513,0x1.77e7cda63f53ep-299,1.44168370612222107e-90
4,134,0x1.0c21713005543p-301,0x1.fb3c3be10f589p-513,0x1.0c21713005544p-301,2.57085613291263905e-91
4,135,0x1.7d6f2636efe67p-304,0x1.fb3c3be10f589p-513,0x1.7d6f2636efe68p-304,4.57152349867489557e-92
4,136,0x1.0e8abded23b13p-306,0x1.fb3c3be10f589p-513,0x1.0e8abded23b14p-306,8.10617535769010475e-93
4,137,0x1.7eb0d50a18342p-309,0x1.fb3c3be10f589p-513,0x1.7eb0d50a18343p-309,1.43330739105823742e-93
4,138,0x1.0de55098e3129p-311,0x1.fb3c3be10f589p-513,0x1.0de55098e312ap-311,2.52712920562776321e-94
4,139,0x1.7b9ba6e1fb42fp-314,0x1.fb3c3be10f589p-513,0x1.7b9ba6e1fb43p-314,4.44300467178241282e-95
4,140,0x1.0a324ee8ae14p-316,0x1.fb3c3be10f589p-513,0x1.0a324ee8ae141p-316,7.78903710783722046e-96
4,141,0x1.7444206958a22p-319,0x1.fb3c3be10f589p-513,0x1.7444206958a23p-319,1.36158553874908067e-96
4,142,0x1.038d7417b2fc1p-321,0x1.fb3c3be10f589p-513,0x1.038d7417b2fc2p-321,2.37332236072625257e-97
4,143,0x1.68e3b61fd047bp-324,0x1.fb3c3be10f589p-513,0x1.68e3b61fd047cp-324,4.12492145569696570e-98
4,144,0x1.f457861f6b69cp-327,0x1.fb3c3be10f589p-513,0x1.f457861f6b69dp-327,7.14855589929745483e-99
4,145,0x1.59d5eb8b208fp-329,0x1.fb3c3be10f589p-513,0x1.59d5eb8b208f1p-329,1.23526799762649569e-99
4,146,0x1.dcb1966d2c21dp-332,0x1.fb3c3be10f589p-513,0x1.dcb1966d2c21ep-332,2.12833941564265202e-100
4,147,0x1.47938c1f7de42p-334,0x1.fb3c3be10f589p-513,0x1.47938c1f7de43p-334,3.65640278877278364e-101
4,148,0x1.c0e56378606eap-337,0x1.fb3c3be10f589p-513,0x1.c0e56378606ebp-337,6.26321440496838188e-102
4,149,0x1.32ac56d812a4p-339,0x1.fb3c3be10f589p-513,0x1.32ac56d812a41p-339,1.06971313781208889e-102
4,150,0x1.a1ca93d011041p-342,0x1.fb3c3be10f589p-513,0x1.a1ca93d011042p-342,1.82163318098783967e-103
4,151,0x1.1bbf93bc99f74p-344,0x1.fb3c3be10f589p-513,0x1.1bbf93bc99f75p-344,3.09296402072411106e-104
4,152,0x1.80493108da2e9p-347,0x1.fb3c3be10f589p-513,0x1.80493108da2eap-347,5.23607663444689142e-105
4,153,0x1.03741d8526801p-349,0x1.fb3c3be10f589p-513,0x1.03741d8526802p-349,8.83794323660343951e-106
4,154,0x1.5d4e4eca878a7p-352,0x1.fb3c3be10f589p-513,0x1.5d4e4eca878a8p-352,1.48733045046465608e-106
4,155,0x1.d4e0deea1bfe3p-355,0x1.fb3c3be10f589p-513,0x1.d4e0deea1bfe4p-355,2.49558175378807807e-107
4,156,0x1.39c11af12ceb5p-357,0x1.fb3c3be10f589p-513,0x1.39c11af12ceb6p-357,4.17485400912874970e-108
4,157,0x1.a2a68054bfddbp-360,0x1.fb3c3be10f589p-513,0x1.a2a68054bfddcp-360,6.96326785856991889e-109
4,158,0x1.16790c656a5e7p-362,0x1.fb3c3be10f589p-513,0x1.16790c656a5e8p-362,1.15793573461649643e-109
4,159,0x1.715a3d999c79dp-365,0x1.fb3c3be10f589p-513,0x1.715a3d999c79ep-365,1.91978530542586859e-110
4,160,0x1.e86b879d9b7bp-368,0x1.fb3c3be10f589p-513,0x1.e86b879d9b7b1p-368,3.17332902100017332e-111
4,161,0x1.41f6d6ae8d578p-370,0x1.fb3c3be10f589p-513,0x1.41f6d6ae8d579p-370,5.22960926089190637e-112
4,162,0x1.a73207c4771e9p-373,0x1.fb3c3be10f589p-513,0x1.a73207c4771eap-373,8.59236311800780221e-113
4,163,0x1.1549c05e70312p-375,0x1.fb3c3be10f589p-513,0x1.1549c05e70313p-375,1.40748209715185470e-113
4,164,0x1.6a45e8564e81dp-378,0x1.fb3c3be10f589p-513,0x1.6a45e8564e81ep-378,2.29856999303306432e-114
4,165,0x1.d7defb3417c6fp-381,0x1.fb3c3be10f589p-513,0x1.d7defb3417c7p-381,3.74244126530836510e-115
4,166,0x1.32615cc4bc2bcp-383,0x1.fb3c3be10f589p-513,0x1.32615cc4bc2bdp-383,6.07480809990757721e-116
4,167,0x1.8ca63aed7cf5p-386,0x1.fb3c3be10f589p-513,0x1.8ca63aed7cf51p-386,9.83079049087900870e-117
4,168,0x1.fff3a336c5603p-389,0x1.fb3c3be10f589p-513,0x1.fff3a336c5604p-389,1.58606403986436469e-117
4,169,0x1.496103bbae4fep-391,0x1.fb3c3be10f589p-513,0x1.496103bbae4ffp-391,2.55110061972039228e-118
4,170,0x1.a689af2aa44b8p-394,0x1.fb3c3be10f589p-513,0x1.a689af2aa44b9p-394,4.09079145153040231e-119
4,171,0x1.0e31cf24a03c7p-396,0x1.fb3c3be10f589p-513,0x1.0e31cf24a03c8p-396,6.53970809756093461e-120
4,172,0x1.587fa072fe342p-399,0x1.fb3c3be10f589p-513,0x1.587fa072fe343p-399,1.04226739723962609e-120
4,173,0x1.b5e439f5664c8p-402,0x1.fb3c3be10f589p-513,0x1.b5e439f5664c9p-402,1.65603038945131577e-121
4,174,0x1.1572df3a4a20fp-404,0x1.fb3c3be10f589p-513,0x1.1572df3a4a21p-404,2.62315836123555597e-122
4,175,0x1.5e816566fb93cp-407,0x1.fb3c3be10f589p-513,0x1.5e816566fb93dp-407,4.14234797801258616e-123
4,176,0x1.b9709e97d2419p-410,0x1.fb3c3be10f589p-513,0x1.b9709e97d241ap-410,6.52128854691828863e-124
4,177,0x1.1521102ff2eecp-412,0x1.fb3c3be10f589p-513,0x1.1521102ff2eedp-412,1.02349101852377645e-124
4,178,0x1.5ae299cec7a89p-415,0x1.fb3c3be10f589p-513,0x1.5ae299cec7a8ap-415,1.60139162987496653e-125
4,179,0x1.b0dd273aed097p-418,0x1.fb3c3be10f589p-513,0x1.b0dd273aed098p-418,2.49788934194580454e-126
4,180,0x1.0d3ed82bf0216p-420,0x1.fb3c3be10f589p-513,0x1.0d3ed82bf0217p-420,3.88427783645858292e-127
4,181,0x1.4dea54eaaa561p-423,0x1.fb3c3be10f589p-513,0x1.4dea54eaaa562p-423,6.02154953641726164e-128
4,182,0x1.9cd7c5e6e3f68p-426,0x1.fb3c3be10f589p-513,0x1.9cd7c5e6e3f69p-426,9.30607746860780181e-129
4,183,0x1.fcdaa2fc0f996p-429,0x1.fb3c3be10f589p-513,0x1.fcdaa2fc0f997p-429,1.43378862247482470e-129
4,184,0x1.38a170012214fp-431,0x1.fb3c3be10f589p-513,0x1.38a170012215p-431,2.20223372371504145e-130
4,185,0x1.7ef71e68750fbp-434,0x1.fb3c3be10f589p-513,0x1.7ef71e68750fcp-434,3.37210702678242107e-131
4,186,0x1.d3ad93df331ddp-437,0x1.fb3c3be10f589p-513,0x1.d3ad93df331dep-437,5.14753022328539370e-132
4,187,0x1.1caf4b213e6e8p-439,0x1.fb3c3be10f589p-513,0x1.1caf4b213e6e9p-439,7.83350503006185779e-133
4,188,0x1.5984b7bb86329p-442,0x1.fb3c3be10f589p-513,0x1.5984b7bb8632ap-442,1.18842879784150460e-133
4,189,0x1.a20f491162736p-445,0x1.fb3c3be10f589p-513,0x1.a20f491162737p-445,1.79742293021636463e-134
4,190,0x1.f845ec1564039p-448,0x1.fb3c3be10f589p-513,0x1.f845ec156403ap-448,2.71011554871525602e-135
4,191,0x1.2f324f5299af4p-450,0x1.fb3c3be10f589p-513,0x1.2f324f5299af5p-450,4.07367335374067176e-136
4,192,0x1.6b797bcab4a06p-453,0x1.fb3c3be10f589p-513,0x1.6b797bcab4a07p-453,6.10444240665250233e-137
4,193,0x1.b26560ab4c4cdp-456,0x1.fb3c3be10f589p-513,0x1.b26560ab4c4cep-456,9.11943297491123367e-138
4,194,0x1.02c7a27734705p-458,0x1.fb3c3be10f589p-513,0x1.02c7a27734706p-458,1.35816467856830006e-138
4,195,0x1.33600141618dap-461,0x1.fb3c3be10f589p-513,0x1.33600141618ddp-461,2.01651103247046429e-139
4,196,0x1.6bf9864a60bbfp-464,0x1.fb3c3be10f589p-513,0x1.6bf9864a60bdp-464,2.98478634875908723e-140
4,197,0x1.adac99ff3e9b9p-467,0x1.fb3c3be10f589p-513,0x1.adac99ff3ea39p-467,4.40444672985595740e-141
4,198,0x1.f9ad882013e9dp-470,0x1.fb3c3be10f589p-513,0x1.f9ad882014294p-470,6.47941818768419535e-142
4,199,0x1.28a6bc3826236p-472,0x1.fb3c3be10f589p-513,0x1.28a6bc3827211p-472,9.50272915060011598e-143
4,200,0x1.5afd8e374ab53p-475,0x1.fb3c3be10f589p-513,0x1.5afd8e3752a23p-475,1.38940743345751936e-143
4,201,0x1.94a180ff4cd84p-478,0x1.fb3c3be10f589p-513,0x1.94a180ff8c3fdp-478,2.02526158459876227e-144
4,202,0x1.d667bd23b55f5p-481,0x1.fb3c3be10f589p-513,0x1.d667bd25b09bap-481,2.94309487088679644e-145
4,203,0x1.109a00ed0bbb9p-483,0x1.fb3c3be10f589p-513,0x1.109a00f4f8ac9p-483,4.26383600964867381e-146
4,204,0x1.3afc09842d8b4p-486,0x1.fb3c3be10f589p-513,0x1.3afc09c39512dp-486,6.15844912810644927e-147
4,205,0x1.6ad96c0e1102bp-489,0x1.fb3c3be10f589p-513,0x1.6ad96e094d3eap-489,8.86785303033376523e-148
4,206,0x1.a0b791f1e2f79p-492,0x1.fb3c3be10f589p-513,0x1.a0b7a1cbc4d6bp-492,1.27304487144124421e-148
4,207,0x1.dd210f31e5916p-495,0x1.fb3c3be10f589p-513,0x1.dd218e00f489bp-495,1.82200633153906663e-149
4,208,0x1.105252abdc2e9p-497,0x1.fb3c3be10f589p-513,0x1.10544de8180fbp-497,2.59983976079457842e-150
4,209,0x1.35ea0908d7bc1p-500,0x1.fb3c3be10f589p-513,0x1.35f9e2eab6c4ap-500,3.69905201919396661e-151
4,210,0x1.5fa15401c3b7p-503,0x1.fb3c3be10f589p-513,0x1.60202310bbfaep-503,5.25254444119362560e-152
4,211,0x1.8dc1d8a2c8cbfp-506,0x1.fb3c3be10f589p-513,0x1.91b8511a8aeabp-506,7.49041136409124388e-153
4,212,0x1.c0944e1526931p-509,0x1.fb3c3be10f589p-513,0x1.e04811d33788bp-509,1.11940726184150639e-153
4,213,0x1.f85f7a0feb697p-512,0x1.fb3c3be10f589p-513,0x1.7afecc00398afp-511,2.20834069156908372e-154
4,214,0x1.1ab38a7703b83p-514,0x1.fb3c3be10f589p-513,0x1.444b008e489a6p-512,9.44799812860307280e-155
4,215,0x1.3bf54bdc5ab56p-517,0x1.fb3c3be10f589p-513,0x1.077dc84f6a82p-512,7.67659443982401459e-155
4,216,0x1.6011fb99e6f53p-520,0x1.fb3c3be10f589p-513,0x1.fdfc5fd843269p-513,7.42900028120415043e-155
4,217,0x1.872327dd61cc7p-523,0x1.fb3c3be10f589p-513,0x1.fb9e04ab06b11p-513,7.39449702468653091e-155
4,218,0x1.b13e433de2f67p-526,0x1.fb3c3be10f589p-513,0x1.fb49c5d32947bp-513,7.38970323573943395e-155
4,219,0x1.de73f2aa9d2c7p-529,0x1.fb3c3be10f589p-513,0x1.fb3e1a5502034p-513,7.38903918816637408e-155
4,220,0x1.0767add0aef1cp-531,0x1.fb3c3be10f589p-513,0x1.fb3c7dbafaccdp-513,7.38894747676860143e-155
4,221,0x1.212abaf6fb419p-534,0x1.fb3c3be10f589p-513,0x1.fb3c44ea65305p-513,7.38893484821302505e-155
4,222,0x1.3c823238b024bp-537,0x1.fb3c3be10f589p-513,0x1.fb3c3d1d918aep-513,7.38893311443798033e-155
4,223,0x1.59696c4ea5e73p-540,0x1.fb3c3be10f589p-513,0x1.fb3c3c0c3c863p-513,7.38893287711324480e-155
4,224,0x1.77d7c23618d45p-543,0x1.fb3c3be10f589p-513,0x1.fb3c3be6eeb7bp-513,7.38893284472354102e-155
4,225,0x1.97c04f5249ea5p-546,0x1.fb3c3be10f589p-513,0x1.fb3c3be1db38cp-513,7.38893284031609204e-155
4,226,0x1.b911be92f0a6ap-549,0x1.fb3c3be10f589p-513,0x1.fb3c3be12ae9cp-513,7.38893283971811311e-155
4,227,0x1.dbb6246a8eedbp-552,0x1.fb3c3be10f589p-513,0x1.fb3c3be113101p-513,7.38893283963722084e-155
4,228,0x1.ff92e73f0a30dp-555,0x1.fb3c3be10f589p-513,0x1.fb3c3be10fd88p-513,7.38893283962630973e-155
4,229,0x1.12445be8dbc75p-557,0x1.fb3c3be10f589p-513,0x1.fb3c3be10f69cp-513,7.38893283962484244e-155
4,230,0x1.2539cd714b6ffp-560,0x1.fb3c3be10f589p-513,0x1.fb3c3be10f5afp-513,7.38893283962464619e-155
4,231,0x1.38958286bd6ddp-563,0x1.fb3c3be10f589p-513,0x1.fb3c3be10f58fp-513,7.38893283962461970e-155
4,232,0x1.4c4104c833ce4p-566,0x1.fb3c3be10f589p-513,0x1.fb3c3be10f58bp-513,7.38893283962461638e-155
4,233,0x1.6023ce28fb7cp-569,0x1.fb3c3be10f589p-513,0x1.fb3c3be10f58ap-513,7.38893283962461556e-155
4,234,0x1.7423738f6fa1fp-572,0x1.fb3c3be10f589p-513,0x1.fb3c3be10f58ap-513,7.38893283962461556e-155
4,235,0x1.8823d8d87b58bp-575,0x1.fb3c3be10f589p-513,0x1.fb3c3be10f58ap-513,7.38893283962461556e-155
4,236,0x1.9c076dd5399f1p-578,0x1.fb3c3be10f589p-513,0x1.fb3c3be10f58ap-513,7.38893283962461556e-155
4,237,0x1.afaf73a444c3bp-581,0x1.fb3c3be10f589p-513,0x1.fb3c3be10f58ap-513,7.38893283962461556e-155
4,238,0x1.c2fc4995aaeb4p-584,0x1.fb3c3be10f589p-513,0x1.fb3c3be10f58ap-513,7.38893283962461556e-155
4,239,0x1.d5cdc0988c0a1p-587,0x1.fb3c3be10f589p-513,0x1.fb3c3be10f58ap-513,7.38893283962461556e-155
4,240,0x1.e80374056d8fcp-590,0x1.fb3c3be10f589p-513,0x1.fb3c3be10f58ap-513,7.38893283962461556e-155
4,241,0x1.f97d26719b372p-593,0x1.fb3c3be10f589p-513,0x1.fb3c3be10f58ap-513,7.38893283962461556e-155
4,242,0x1.050d908bd51fp-595,0x1.fb3c3be10f589p-513,0x1.fb3c3be10f58ap-513,7.38893283962461556e-155
4,243,0x1.0cdf4a24355b3p-598,0x1.fb3c3be10f589p-513,0x1.fb3c3be10f58ap-513,7.38893283962461556e-155
4,244,0x1.1424fba38dd89p-601,0x1.fb3c3be10f589p-513,0x1.fb3c3be10f58ap-513,7.38893283962461556e-155
4,245,0x1.1ad0b2f61aa1dp-604,0x1.fb3c3be10f589p-513,0x1.fb3c3be10f58ap-513,7.38893283962461556e-155
4,246,0x1.20d57d35f8a7dp-607,0x1.fb3c3be10f589p-513,0x1.fb3c3be10f58ap-513,7.38893283962461556e-155
4,247,0x1.262790d488578p-610,0x1.fb3c3be10f589p-513,0x1.fb3c3be10f58ap-513,7.38893283962461556e-155
4,248,0x1.2abc744884779p-613,0x1.fb3c3be10f589p-513,0x1.fb3c3be10f58ap-513,7.38893283962461556e-155
4,249,0x1.2e8b208e370f5p-616,0x1.fb3c3be10f589p-513,0x1.fb3c3be10f58ap-513,7.38893283962461556e-155
4,250,0x1.318c1eda3280ep-619,0x1.fb3c3be10f589p-513,0x1.fb3c3be10f58ap-513,7.38893283962461556e-155
4,251,0x1.33b9a0f5a91d2p-622,0x1.fb3c3be10f589p-513,0x1.fb3c3be10f58ap-513,7.38893283962461556e-155
4,252,0x1.350f93d55c723p-625,0x1.fb3c3be10f589p-513,0x1.fb3c3be10f58ap-513,7.38893283962461556e-155
4,253,0x1.358bac1884bbcp-628,0x1.fb3c3be10f589p-513,0x1.fb3c3be10f58ap-513,7.38893283962461556e-155
4,254,0x1.352d6c3b4a506p-631,0x1.fb3c3be10f589p-513,0x1.fb3c3be10f58ap-513,7.38893283962461556e-155
4,255,0x1.33f62467b529ep-634,0x1.fb3c3be10f589p-513,0x1.fb3c3be10f58ap-513,7.38893283962461556e-155
4,256,0x1.31e8ebef89de1p-637,0x1.fb3c3be10f589p-513,0x1.fb3c3be10f58ap-513,7.38893283962461556e-155
4,257,0x1.2f0a94989ec2bp-640,0x1.fb3c3be10f589p-513,0x1.fb3c3be10f58ap-513,7.38893283962461556e-155
4,258,0x1.2b6198030547bp-643,0x1.fb3c3be10f589p-513,0x1.fb3c3be10f58ap-513,7.38893283962461556e-155
4,259,0x1.26f5ff8c3b236p-646,0x1.fb3c3be10f589p-513,0x1.fb3c3be10f58ap-513,7.38893283962461556e-155
4,260,0x1.21d1472bcf0ep-649,0x1.fb3c3be10f589p-513,0x1.fb3c3be10f58ap-513,7.38893283962461556e-155
4,261,0x1.1bfe3bdbeba22p-652,0x1.fb3c3be10f589p-513,0x1.fb3c3be10f58ap-513,7.38893283962461556e-155
4,262,0x1.1588d6329a27dp-655,0x1.fb3c3be10f589p-513,0x1.fb3c3be10f58ap-513,7.38893283962461556e-155
4,263,0x1.0e7e11dee9f27p-658,0x1.fb3c3be10f589p-513,0x1.fb3c3be10f58ap-513,7.38893283962461556e-155
4,264,0x1.06ebc2c74375fp-661,0x1.fb3c3be10f589p-513,0x1.fb3c3be10f58ap-513,7.38893283962461556e-155
4,265,0x1.fdc0d117d33e6p-665,0x1.fb3c3be10f589p-513,0x1.fb3c3be10f58ap-513,7.38893283962461556e-155
4,266,0x1.ecd60264129f3p-668,0x1.fb3c3be10f589p-513,0x1.fb3c3be10f58ap-513,7.38893283962461556e-155
4,267,0x1.db35b771a2b25p-671,0x1.fb3c3be10f589p-513,0x1.fb3c3be10f58ap-513,7.38893283962461556e-155
4,268,0x1.c8fed6a61aef6p-674,0x1.fb3c3be10f589p-513,0x1.fb3c3be10f58ap-513,7.38893283962461556e-155
4,269,0x1.b65037e8cad05p-677,0x1.fb3c3be10f589p-513,0x1.fb3c3be10f58ap-513,7.38893283962461556e-155
4,270,0x1.a348519bfd0a6p-680,0x1.fb3c3be10f589p-513,0x1.fb3c3be10f58ap-513,7.38893283962461556e-155
4,271,0x1.9004ea3bb2e02p-683,0x1.fb3c3be10f589p-513,0x1.fb3c3be10f58ap-513,7.38893283962461556e-155
4,272,0x1.7ca2cd0dc7d45p-686,0x1.fb3c3be10f589p-513,0x1.fb3c3be10f58ap-513,7.38893283962461556e-155
4,273,0x1.693d70b4c6249p-689,0x1.fb3c3be10f589p-513,0x1.fb3c3be10f58ap-513,7.38893283962461556e-155
4,274,0x1.55ee146dc5c2dp-692,0x1.fb3c3be10f589p-513,0x1.fb3c3be10f58ap-513,7.38893283962461556e-155
4,275,0x1.42c71715ebe0fp-695,0x1.fb3c3be10f589p-513,0x1.fb3c3be10f58ap-513,7.38893283962461556e-155
4,276,0x1.2fb6aa4e1abcap-698,0x1.fb3c3be10f589p-513,0x1.fb3c3be10f58ap-513,7.38893283962461556e-155
4,277,0x1.1bd25a1823997p-701,0x1.fb3c3be10f589p-513,0x1.fb3c3be10f58ap-513,7.38893283962461556e-155
4,278,0x1.015a6a7d5c648p-704,0x1.fb3c3be10f589p-513,0x1.fb3c3be10f58ap-513,7.38893283962461556e-155
4,279,0x1.860e2ce0ffd8dp-708,0x1.fb3c3be10f589p-513,0x1.fb3c3be10f58ap-513,7.38893283962461556e-155
4,280,0x0p+0,0x1.fb3c3be10f589p-513,0x1.fb3c3be10f589p-513,7.38893283962461473e-155
5,0,0x1.06594f0dce7f3p-4,0x1.0b5b865528991p-511,0x1.06594f0dce7f4p-4,6.40500152630066322e-02
5,1,0x1.65872db450d32p-6,0x1.0b5b865528991p-511,0x1.65872db450d33p-6,2.18217798549293455e-02
5,2,0x1.c982ccb4df16dp-8,0x1.0b5b865528991p-511,0x1.c982ccb4df16ep-8,6.98106286733622509e-03
5,3,0x1.168a7b2e147b5p-9,0x1.0b5b865528991p-511,0x1.168a7b2e147b6p-9,2.12509874021634803e-03
5,4,0x1.46da43d10c2acp-11,0x1.0b5b865528991p-511,0x1.46da43d10c2adp-11,6.23421854589597418e-04
5,5,0x1.75d7f4d7a9d76p-13,0x1.0b5b865528991p-511,0x1.75d7f4d7a9d77p-13,1.78262510180031869e-04
5,6,0x1.a49cc6d311fefp-15,0x1.0b5b865528991p-511,0x1.a49cc6d311ffp-15,5.01409064317946988e-05
5,7,0x1.d4852e6ff969bp-17,0x1.0b5b865528991p-511,0x1.d4852e6ff969cp-17,1.39629912325287895e-05
5,8,0x1.03526c2e2294dp-18,0x1.0b5b865528991p-511,0x1.03526c2e2294ep-18,3.86419837473458130e-06
5,9,0x1.1dc45ffaa07f3p-20,0x1.0b5b865528991p-511,0x1.1dc45ffaa07f4p-20,1.06456536622155744e-06
5,10,0x1.39a0a486f2f1ap-22,0x1.0b5b865528991p-511,0x1.39a0a486f2f1bp-22,2.92088380535127110e-07
5,11,0x1.56c93aa8cbc65p-24,0x1.0b5b865528991p-511,0x1.56c93aa8cbc66p-24,7.98110969645881534e-08
5,12,0x1.751374464e825p-26,0x1.0b5b865528991p-511,0x1.751374464e826p-26,2.17158808931787353e-08
5,13,0x1.9458788465f47p-28,0x1.0b5b865528991p-511,0x1.9458788465f48p-28,5.88400273330973689e-09
5,14,0x1.b47ac9aa42dcap-30,0x1.0b5b865528991p-511,0x1.b47ac9aa42dcbp-30,1.58790367882814721e-09
5,15,0x1.d5641b43d7b7fp-32,0x1.0b5b865528991p-511,0x1.d5641b43d7b8p-32,4.26908664877411705e-10
5,16,0x1.f7002ef86a423p-34,0x1.0b5b865528991p-511,0x1.f7002ef86a424p-34,1.14369121709157544e-10
5,17,0x1.0c9c200b86381p-35,0x1.0b5b865528991p-511,0x1.0c9c200b86382p-35,3.05374060153725900e-11
5,18,0x1.1df84449ee15dp-37,0x1.0b5b865528991p-511,0x1.1df84449ee15ep-37,8.12775033421726525e-12
5,19,0x1.2f83eadf5b78cp-39,0x1.0b5b865528991p-511,0x1.2f83eadf5b78dp-39,2.15660593468508833e-12
5,20,0x1.412c3175dbe07p-41,0x1.0b5b865528991p-511,0x1.412c3175dbe08p-41,5.70517197405709442e-13
5,21,0x1.52dc90d4bdab2p-43,0x1.0b5b865528991p-511,0x1.52dc90d4bdab3p-43,1.50484773507195858e-13
5,22,0x1.647f7134c3975p-45,0x1.0b5b865528991p-511,0x1.647f7134c3976p-45,3.95792089256269676e-14
5,23,0x1.75fe948498853p-47,0x1.0b5b865528991p-511,0x1.75fe948498854p-47,1.03804313396101358e-14
5,24,0x1.87435abbb1e83p-49,0x1.0b5b865528991p-511,0x1.87435abbb1e84p-49,2.71493316181610803e-15
5,25,0x1.9836f0b47394bp-51,0x1.0b5b865528991p-511,0x1.9836f0b47394cp-51,7.08139467837102158e-16
5,26,0x1.a8c2794fde76cp-53,0x1.0b5b865528991p-511,0x1.a8c2794fde76dp-53,1.84210140012474444e-16
5,27,0x1.b8cf3a274d613p-55,0x1.0b5b865528991p-511,0x1.b8cf3a274d614p-55,4.77926597063390071e-17
5,28,0x1.c846ce5c32c3ap-57,0x1.0b5b865528991p-511,0x1.c846ce5c32c3bp-57,1.23674016531807034e-17
5,29,0x1.d7135dd156a5bp-59,0x1.0b5b865528991p-511,0x1.d7135dd156a5cp-59,3.19213277159239018e-18
5,30,0x1.e51fd5929a003p-61,0x1.0b5b865528991p-511,0x1.e51fd5929a004p-61,8.21832620352512058e-19
5,31,0x1.f2581e82ff134p-63,0x1.0b5b865528991p-511,0x1.f2581e82ff135p-63,2.11056984831399930e-19
5,32,0x1.fea95078aca8fp-65,0x1.0b5b865528991p-511,0x1.fea95078aca9p-65,5.40683771577559594e-20
5,33,0x1.0500f078acfbp-66,0x1.0b5b865528991p-511,0x1.0500f078acfb1p-66,1.38174192033272278e-20
5,34,0x1.0a28e693405c5p-68,0x1.0b5b865528991p-511,0x1.0a28e693405c6p-68,3.52259520284804798e-21
5,35,0x1.0ec55fbec204p-70,0x1.0b5b865528991p-511,0x1.0ec55fbec2041p-70,8.95906060774945808e-22
5,36,0x1.12d01821b4eebp-72,0x1.0b5b865528991p-511,0x1.12d01821b4eecp-72,2.27319876671688494e-22
5,37,0x1.1643c0c0b1218p-74,0x1.0b5b865528991p-511,0x1.1643c0c0b1219p-74,5.75437829617073044e-23
5,38,0x1.191c0ace6931ap-76,0x1.0b5b865528991p-511,0x1.191c0ace6931bp-76,1.45330225875929625e-23
5,39,0x1.1b55b03794caep-78,0x1.0b5b865528991p-511,0x1.1b55b03794cafp-78,3.66201542715536687e-24
5,40,0x1.1cee7947696e3p-80,0x1.0b5b865528991p-511,0x1.1cee7947696e4p-80,9.20663453892112245e-25
5,41,0x1.1de53f4e4215dp-82,0x1.0b5b865528991p-511,0x1.1de53f4e4215ep-82,2.30944543471828792e-25
5,42,0x1.1e39ec43d645dp-84,0x1.0b5b865528991p-511,0x1.1e39ec43d645ep-84,5.78029331559644285e-26
5,43,0x1.1ded776e3c9ecp-86,0x1.0b5b865528991p-511,0x1.1ded776e3c9edp-86,1.44356549258627512e-26
5,44,0x1.1d01df25802ffp-88,0x1.0b5b865528991p-511,0x1.1d01df25803p-88,3.59729800806456541e-27
5,45,0x1.1b7a1fd84f0fcp-90,0x1.0b5b865528991p-511,0x1.1b7a1fd84f0fdp-90,8.94495844089639995e-28
5,46,0x1.195a28813cbe5p-92,0x1.0b5b865528991p-511,0x1.195a28813cbe6p-92,2.21947735838289873e-28
5,47,0x1.16a6ccc55e139p-94,0x1.0b5b865528991p-511,0x1.16a6ccc55e13ap-94,5.49543308713810659e-29
5,48,0x1.1365b4fcbdfb9p-96,0x1.0b5b865528991p-511,0x1.1365b4fcbdfbap-96,1.35781348606160041e-29
5,49,0x1.0f9d4c6b5483ap-98,0x1.0b5b865528991p-511,0x1.0f9d4c6b5483bp-98,3.34790654344197692e-30
5,50,0x1.0b54adf5bbb26p-100,0x1.0b5b865528991p-511,0x1.0b54adf5bbb27p-100,8.23776565017997271e-31
5,51,0x1.06938f9fd04dbp-102,0x1.0b5b865528991p-511,0x1.06938f9fd04dcp-102,2.02281508501090027e-31
5,52,0x1.01622d24c389p-104,0x1.0b5b865528991p-511,0x1.01622d24c3891p-104,4.95702592415778461e-32
5,53,0x1.f79263efdde1ep-107,0x1.0b5b865528991p-511,0x1.f79263efdde1fp-107,1.21230510104007041e-32
5,54,0x1.eba345f8360f5p-109,0x1.0b5b865528991p-511,0x1.eba345f8360f6p-109,2.95893729569347175e-33
5,55,0x1.df09907800dbep-111,0x1.0b5b865528991p-511,0x1.df09907800dbfp-111,7.20775310462082788e-34
5,56,0x1.d1d82dd58a533p-113,0x1.0b5b865528991p-511,0x1.d1d82dd58a534p-113,1.75231205952151190e-34
5,57,0x1.c42237dc7ef5ap-115,0x1.0b5b865528991p-511,0x1.c42237dc7ef5bp-115,4.25184455102633821e-35
5,58,0x1.b5face5e12ecfp-117,0x1.0b5b865528991p-511,0x1.b5face5e12edp-117,1.02968535309277573e-35
5,59,0x1.a774efc82eae1p-119,0x1.0b5b865528991p-511,0x1.a774efc82eae2p-119,2.48885528576783310e-36
5,60,0x1.98a354116f56ap-121,0x1.0b5b865528991p-511,0x1.98a354116f56bp-121,6.00439577908582324e-37
5,61,0x1.89984a49a05ddp-123,0x1.0b5b865528991p-511,0x1.89984a49a05dep-123,1.44583925660154833e-37
5,62,0x1.7a65990fe3ddep-125,0x1.0b5b865528991p-511,0x1.7a65990fe3ddfp-125,3.47502640064589118e-38
5,63,0x1.6b1c62214d565p-127,0x1.0b5b865528991p-511,0x1.6b1c62214d566p-127,8.33661678057059038e-39
5,64,0x1.5bcd092480a3cp-129,0x1.0b5b865528991p-511,0x1.5bcd092480a3dp-129,1.99627938260781785e-39
5,65,0x1.4c871dc92dcc3p-131,0x1.0b5b865528991p-511,0x1.4c871dc92dcc4p-131,4.77153989660204934e-40
5,66,0x1.3d59494534ac2p-133,0x1.0b5b865528991p-511,0x1.3d59494534ac3p-133,1.13843289608993223e-40
5,67,0x1.2e513f2d03f47p-135,0x1.0b5b865528991p-511,0x1.2e513f2d03f48p-135,2.71127594657025404e-41
5,68,0x1.1f7bb19988a2ep-137,0x1.0b5b865528991p-511,0x1.1f7bb19988a2fp-137,6.44559578946110487e-42
5,69,0x1.10e44883d9173p-139,0x1.0b5b865528991p-511,0x1.10e44883d9174p-139,1.52961105706428905e-42
5,70,0x1.02959c35c5491p-141,0x1.0b5b865528991p-511,0x1.02959c35c5492p-141,3.62353943394109049e-43
5,71,0x1.e932654d51ae7p-144,0x1.0b5b865528991p-511,0x1.e932654d51ae8p-144,8.56888507766280882e-44
5,72,0x1.cdeeff2a943f4p-146,0x1.0b5b865528991p-511,0x1.cdeeff2a943f5p-146,2.02283380536304019e-44
5,73,0x1.b36fce5475dc8p-148,0x1.0b5b865528991p-511,0x1.b36fce5475dc9p-148,4.76700654693761713e-45
5,74,0x1.99c185d41c878p-150,0x1.0b5b865528991p-511,0x1.99c185d41c879p-150,1.12146558811962110e-45
5,75,0x1.80eed17781538p-152,0x1.0b5b865528991p-511,0x1.80eed17781539p-152,2.63381766997517327e-46
5,76,0x1.6900678baddcfp-154,0x1.0b5b865528991p-511,0x1.6900678badddp-154,6.17518261286532386e-47
5,77,0x1.51fd1dc7cf1aep-156,0x1.0b5b865528991p-511,0x1.51fd1dc7cf1afp-156,1.44538298414809838e-47
5,78,0x1.3bea00ecd15cfp-158,0x1.0b5b865528991p-511,0x1.3bea00ecd15dp-158,3.37745598159646587e-48
5,79,0x1.26ca6e9f3fe4p-160,0x1.0b5b865528991p-511,0x1.26ca6e9f3fe41p-160,7.87906314687905165e-49
5,80,0x1.12a03104b3422p-162,0x1.0b5b865528991p-511,0x1.12a03104b3423p-162,1.83502501908088046e-49
5,81,0x1.fed73766015d3p-165,0x1.0b5b865528991p-511,0x1.fed73766015d4p-165,4.26674051939940194e-50
5,82,0x1.da57530acb6f4p-167,0x1.0b5b865528991p-511,0x1.da57530acb6f5p-167,9.90470454442991103e-51
5,83,0x1.b7bc35e5c65f5p-169,0x1.0b5b865528991p-511,0x1.b7bc35e5c65f6p-169,2.29552483872422887e-51
5,84,0x1.96ff291159f3bp-171,0x1.0b5b865528991p-511,0x1.96ff291159f3cp-171,5.31155503610292170e-52
5,85,0x1.78177a67a3c41p-173,0x1.0b5b865528991p-511,0x1.78177a67a3c42p-173,1.22705646271301678e-52
5,86,0x1.5afab81bb1a2ep-175,0x1.0b5b865528991p-511,0x1.5afab81bb1a2fp-175,2.83018255612527134e-53
5,87,0x1.3f9cead1b8ee1p-177,0x1.0b5b865528991p-511,0x1.3f9cead1b8ee2p-177,6.51741207262505008e-54
5,88,0x1.25f0cdc109e85p-179,0x1.0b5b865528991p-511,0x1.25f0cdc109e86p-179,1.49847825674422045e-54
5,89,0x1.0de8047bf9b6p-181,0x1.0b5b865528991p-511,0x1.0de8047bf9b61p-181,3.43988458116702813e-55
5,90,0x1.eee69c16139ffp-184,0x1.0b5b865528991p-511,0x1.eee69c1613ap-184,7.88422491859578655e-56
5,91,0x1.c5056a31f5a2dp-186,0x1.0b5b865528991p-511,0x1.c5056a31f5a2ep-186,1.80426083070148353e-56
5,92,0x1.9e0b79fa1b972p-188,0x1.0b5b865528991p-511,0x1.9e0b79fa1b973p-188,4.12257168420693700e-57
5,93,0x1.79d716feab867p-190,0x1.0b5b865528991p-511,0x1.79d716feab868p-190,9.40522121491272614e-58
5,94,0x1.58461e810c938p-192,0x1.0b5b865528991p-511,0x1.58461e810c939p-192,2.14242175786157805e-58
5,95,0x1.393645761ee59p-194,0x1.0b5b865528991p-511,0x1.393645761ee5ap-194,4.87280761252713808e-59
5,96,0x1.1c8557bd09151p-196,0x1.0b5b865528991p-511,0x1.1c8557bd09152p-196,1.10661107567483459e-59
5,97,0x1.021170a076b14p-198,0x1.0b5b865528991p-511,0x1.021170a076b15p-198,2.50931544273690385e-60
5,98,0x1.d37259930e38ap-201,0x1.0b5b865528991p-511,0x1.d37259930e38bp-201,5.68149966182286215e-61
5,99,0x1.a6b7abb5362b9p-203,0x1.0b5b865528991p-511,0x1.a6b7abb5362bap-203,1.28446154075727534e-61
5,100,0x1.7db30fe975357p-205,0x1.0b5b865528991p-511,0x1.7db30fe975358p-205,2.89956247651172149e-62
5,101,0x1.5826a2e919c63p-207,0x1.0b5b865528991p-511,0x1.5826a2e919c64p-207,6.53581681425822899e-63
5,102,0x1.35d69a77e1fffp-209,0x1.0b5b865528991p-511,0x1.35d69a77e2p-209,1.47104525782338322e-63
5,103,0x1.16896fc6a3706p-211,0x1.0b5b865528991p-511,0x1.16896fc6a3707p-211,3.30608205132384936e-64
5,104,0x1.f41000c7f0dcap-214,0x1.0b5b865528991p-511,0x1.f41000c7f0dcbp-214,7.41933977972895312e-65
5,105,0x1.c03b4cfce15f3p-216,0x1.0b5b865528991p-511,0x1.c03b4cfce15f4p-216,1.66258356896885417e-65
5,106,0x1.9130927b3e006p-218,0x1.0b5b865528991p-511,0x1.9130927b3e007p-218,3.72023858283295641e-66
5,107,0x1.6690cbed02ee8p-220,0x1.0b5b865528991p-511,0x1.6690cbed02ee9p-220,8.31246107624114797e-67
5,108,0x1.400225f90acc9p-222,0x1.0b5b865528991p-511,0x1.400225f90accap-222,1.85465171184145840e-67
5,109,0x1.1d2ff99647f8dp-224,0x1.0b5b865528991p-511,0x1.1d2ff99647f8ep-224,4.13210494585255046e-68
5,110,0x1.fb9578f46f24p-227,0x1.0b5b865528991p-511,0x1.fb9578f46f241p-227,9.19303338911704317e-69
5,111,0x1.c30fd1f7bc9e8p-229,0x1.0b5b865528991p-511,0x1.c30fd1f7bc9e9p-229,2.04233544190653258e-69
5,112,0x1.9043bd6369297p-231,0x1.0b5b865528991p-511,0x1.9043bd6369298p-231,4.53083480246416015e-70
5,113,0x1.62af79f8ade6p-233,0x1.0b5b865528991p-511,0x1.62af79f8ade61p-233,1.00372426667954313e-70
5,114,0x1.39da713432b9fp-235,0x1.0b5b865528991p-511,0x1.39da713432bap-235,2.22043333652779191e-71
5,115,0x1.1554da9262ba8p-237,0x1.0b5b865528991p-511,0x1.1554da9262ba9p-237,4.90512637012082266e-72
5,116,0x1.e96eb19dd0d1fp-240,0x1.0b5b865528991p-511,0x1.e96eb19dd0d2p-240,1.08206609483947331e-72
5,117,0x1.af45259ff0061p-242,0x1.0b5b865528991p-511,0x1.af45259ff0062p-242,2.38369364649402687e-73
5,118,0x1.7b7d9382de052p-244,0x1.0b5b865528991p-511,0x1.7b7d9382de053p-244,5.24375072033837852e-74
5,119,0x1.4d76db70d1f4dp-246,0x1.0b5b865528991p-511,0x1.4d76db70d1f4ep-246,1.15194151205260068e-74
5,120,0x1.249d641c5057ep-248,0x1.0b5b865528991p-511,0x1.249d641c5057fp-248,2.52707081065639902e-75
5,121,0x1.006a44f2d3dc9p-250,0x1.0b5b865528991p-511,0x1.006a44f2d3dcap-250,5.53611037377917822e-76
5,122,0x1.c0c4e71ee0207p-253,0x1.0b5b865528991p-511,0x1.c0c4e71ee0208p-253,1.21113938616318931e-76
5,123,0x1.882bebd4c93e7p-255,0x1.0b5b865528991p-511,0x1.882bebd4c93e8p-255,2.64598418536980044e-77
5,124,0x1.563e35031ef42p-257,0x1.0b5b865528991p-511,0x1.563e35031ef43p-257,5.77278946040406755e-78
5,125,0x1.2a436ef3db1d4p-259,0x1.0b5b865528991p-511,0x1.2a436ef3db1d5p-259,1.25774077036405380e-78
5,126,0x1.0394e307e274cp-261,0x1.0b5b865528991p-511,0x1.0394e307e274dp-261,2.73656049592368126e-79
5,127,0x1.c3382c6d6070fp-264,0x1.0b5b865528991p-511,0x1.c3382c6d6071p-264,5.94605565602140642e-80
5,128,0x1.87a2f23cf4fb3p-266,0x1.0b5b865528991p-511,0x1.87a2f23cf4fb4p-266,1.29022174910828491e-80
5,129,0x1.53765460ef42cp-268,0x1.0b5b865528991p-511,0x1.53765460ef42dp-268,2.79584216435038697e-81
5,130,0x1.25d794816a17dp-270,0x1.0b5b865528991p-511,0x1.25d794816a17ep-270,6.05027672889383159e-82
5,131,0x1.fc058e173a4b3p-273,0x1.0b5b865528991p-511,0x1.fc058e173a4b4p-273,1.30753547713548441e-82
5,132,0x1.b6918b88e438ep-275,0x1.0b5b865528991p-511,0x1.b6918b88e438fp-275,2.82194599100324277e-83
5,133,0x1.7a1a8c9887e81p-277,0x1.0b5b865528991p-511,0x1.7a1a8c9887e82p-277,6.08222065876634667e-84
5,134,0x1.458a2755f98b7p-279,0x1.0b5b865528991p-511,0x1.458a2755f98b8p-279,1.30916731366651973e-84
5,135,0x1.17e8d3848b85ap-281,0x1.0b5b865528991p-511,0x1.17e8d3848b85bp-281,2.81416045955823058e-85
5,136,0x1.e0b5c55811c09p-284,0x1.0b5b865528991p-511,0x1.e0b5c55811c0ap-284,6.04121735230829001e-86
5,137,0x1.9c3b6ce2bff2fp-286,0x1.0b5b865528991p-511,0x1.9c3b6ce2bff3p-286,1.29515907623811752e-86
5,138,0x1.610a643fb7b2ep-288,0x1.0b5b865528991p-511,0x1.610a643fb7b2fp-288,2.77297482246371109e-87
5,139,0x1.2df2c854d1124p-290,0x1.0b5b865528991p-511,0x1.2df2c854d1125p-290,5.92917106661252781e-88
5,140,0x1.01e8c8b34949ap-292,0x1.0b5b865528991p-511,0x1.01e8c8b34949bp-292,1.26610092035879810e-88
5,141,0x1.b8018d557a5a5p-295,0x1.0b5b865528991p-511,0x1.b8018d557a5a6p-295,2.70003860968807286e-89
5,142,0x1.76d7a0f2acddep-297,0x1.0b5b865528991p-511,0x1.76d7a0f2acddfp-297,5.75042463620547963e-90
5,143,0x1.3ee8e43506eb9p-299,0x1.0b5b865528991p-511,0x1.3ee8e43506ebap-299,1.22309193921008429e-90
5,144,0x1.0ef7aabe7ab9ap-301,0x1.0b5b865528991p-511,0x1.0ef7aabe7ab9bp-301,2.59805572983087796e-91
5,145,0x1.cbdcacc160d39p-304,0x1.0b5b865528991p-511,0x1.cbdcacc160d3ap-304,5.51148826495390018e-92
5,146,0x1.85b560681fd9fp-306,0x1.0b5b865528991p-511,0x1.85b560681fdap-306,1.16767301148201597e-92
5,147,0x1.49d37a158628ap-308,0x1.0b5b865528991p-511,0x1.49d37a158628bp-308,2.47062234785894690e-93
5,148,0x1.16c8053c9703bp-310,0x1.0b5b865528991p-511,0x1.16c8053c9703cp-310,5.22065584139074087e-94
5,149,0x1.d6a8cdc6b8012p-313,0x1.0b5b865528991p-511,0x1.d6a8cdc6b8013p-313,1.10173746839572734e-94
5,150,0x1.8cc8e003bba31p-315,0x1.0b5b865528991p-511,0x1.8cc8e003bba32p-315,2.32202174871921546e-95
5,151,0x1.4e1231d88a405p-317,0x1.0b5b865528991p-511,0x1.4e1231d88a406p-317,4.88753951143810738e-96
5,152,0x1.18e7aaea10e51p-319,0x1.0b5b865528991p-511,0x1.18e7aaea10e52p-319,1.02742661739770541e-96
5,153,0x1.d7c9caa900428p-322,0x1.0b5b865528991p-511,0x1.d7c9caa900429p-322,2.15699207801355414e-97
5,154,0x1.8badc0f9a8257p-324,0x1.0b5b865528991p-511,0x1.8badc0f9a8258p-324,4.52255794608846054e-98
5,155,0x1.4b6b233b91425p-326,0x1.0b5b865528991p-511,0x1.4b6b233b91426p-326,9.47017935012316364e-99
5,156,0x1.153c753dd8885p-328,0x1.0b5b865528991p-511,0x1.153c753dd8886p-328,1.98048399886890643e-99
5,157,0x1.cf39c749c0ba6p-331,0x1.0b5b865528991p-511,0x1.cf39c749c0ba7p-331,4.13641508714622939e-100
5,158,0x1.827f1c99858a5p-333,0x1.0b5b865528991p-511,0x1.827f1c99858a6p-333,8.62813790492234455e-101
5,159,0x1.420fd49ce652dp-335,0x1.0b5b865528991p-511,0x1.420fd49ce652ep-335,1.79742490238015413e-101
5,160,0x1.0c06378f46ffcp-337,0x1.0b5b865528991p-511,0x1.0c06378f46ffdp-337,3.73960423126137996e-102
5,161,0x1.bd88aaaebfb6fp-340,0x1.0b5b865528991p-511,0x1.bd88aaaebfb7p-340,7.77037930267344202e-103
5,162,0x1.71d3e33416e5cp-342,0x1.0b5b865528991p-511,0x1.71d3e33416e5dp-342,1.61250450739967212e-103
5,163,0x1.329787f197865p-344,0x1.0b5b865528991p-511,0x1.329787f197866p-344,3.34196755067771203e-104
5,164,0x1.fbaf8c81a6295p-347,0x1.0b5b865528991p-511,0x1.fbaf8c81a6296p-347,6.91745754401996007e-105
5,165,0x1.a3ccd72296344p-349,0x1.0b5b865528991p-511,0x1.a3ccd72296345p-349,1.42999376985656527e-105
5,166,0x1.5aaf236c83468p-351,0x1.0b5b865528991p-511,0x1.5aaf236c83469p-351,2.95233424182600660e-106
5,167,0x1.1defb6adc85f9p-353,0x1.0b5b865528991p-511,0x1.1defb6adc85fap-353,6.08752813990177397e-107
5,168,0x1.d710341851886p-356,0x1.0b5b865528991p-511,0x1.d710341851887p-356,1.25360536988369011e-107
5,169,0x1.8387563af23b5p-358,0x1.0b5b865528991p-511,0x1.8387563af23b6p-358,2.57825229544607823e-108
5,170,0x1.3e6675b09651cp-360,0x1.0b5b865528991p-511,0x1.3e6675b09651dp-360,5.29584143147084764e-109
5,171,0x1.0544e8fde67f1p-362,0x1.0b5b865528991p-511,0x1.0544e8fde67f2p-362,1.08640007481174676e-109
5,172,0x1.ac3b3b43a8409p-365,0x1.0b5b865528991p-511,0x1.ac3b3b43a840ap-365,2.22582029868619321e-110
5,173,0x1.5e7f461591413p-367,0x1.0b5b865528991p-511,0x1.5e7f461591414p-367,4.55445204081019721e-111
5,174,0x1.1e81ffaf74788p-369,0x1.0b5b865528991p-511,0x1.1e81ffaf74789p-369,9.30739394402865403e-112
5,175,0x1.d3cdfd06da7fbp-372,0x1.0b5b865528991p-511,0x1.d3cdfd06da7fcp-372,1.89961755673218849e-112
5,176,0x1.7d6cbd0e76b94p-374,0x1.0b5b865528991p-511,0x1.7d6cbd0e76b95p-374,3.87213542246631145e-113
5,177,0x1.3699462467ca1p-376,0x1.0b5b865528991p-511,0x1.3699462467ca2p-376,7.88281502690562564e-114
5,178,0x1.f9344be6f5c8cp-379,0x1.0b5b865528991p-511,0x1.f9344be6f5c8dp-379,1.60272385832762294e-114
5,179,0x1.9a58c8bd8784dp-381,0x1.0b5b865528991p-511,0x1.9a58c8bd8784ep-381,3.25448857706413367e-115
5,180,0x1.4ce0239089f93p-383,0x1.0b5b865528991p-511,0x1.4ce0239089f94p-383,6.60014661225372297e-116
5,181,0x1.0dafcd5b2b155p-385,0x1.0b5b865528991p-511,0x1.0dafcd5b2b156p-385,1.33681489847753935e-116
5,182,0x1.b46df92c0adb5p-388,0x1.0b5b865528991p-511,0x1.b46df92c0adb6p-388,2.70418188118614116e-117
5,183,0x1.60af1b4381e2fp-390,0x1.0b5b865528991p-511,0x1.60af1b4381e3p-390,5.46320497878923722e-118
5,184,0x1.1ca54153f0948p-392,0x1.0b5b865528991p-511,0x1.1ca54153f0949p-392,1.10231597061928093e-118
5,185,0x1.cae18284d8f02p-395,0x1.0b5b865528991p-511,0x1.cae18284d8f03p-395,2.22132306842661481e-119
5,186,0x1.7169d3401b557p-397,0x1.0b5b865528991p-511,0x1.7169d3401b558p-397,4.47058521052722035e-120
5,187,0x1.2902c5142e3eap-399,0x1.0b5b865528991p-511,0x1.2902c5142e3ebp-399,8.98595077290789034e-121
5,188,0x1.dcfd552948d7cp-402,0x1.0b5b865528991p-511,0x1.dcfd552948d7dp-402,1.80389257198874349e-121
5,189,0x1.7e86fe041d683p-404,0x1.0b5b865528991p-511,0x1.7e86fe041d684p-404,3.61663130220391288e-122
5,190,0x1.3261b9c21c613p-406,0x1.0b5b865528991p-511,0x1.3261b9c21c614p-406,7.24176911545621320e-123
5,191,0x1.ea299ae1bc9ddp-409,0x1.0b5b865528991p-511,0x1.ea299ae1bc9dep-409,1.44821121994348657e-123
5,192,0x1.87979a5218614p-411,0x1.0b5b865528991p-511,0x1.87979a5218615p-411,2.89244991648992966e-124
5,193,0x1.38721a0275d04p-413,0x1.0b5b865528991p-511,0x1.38721a0275d05p-413,5.76960910775941496e-125
5,194,0x1.f1f4ea4e1e414p-416,0x1.0b5b865528991p-511,0x1.f1f4ea4e1e415p-416,1.14940589141209007e-125
5,195,0x1.8c4d0186fddf5p-418,0x1.0b5b865528991p-511,0x1.8c4d0186fddf6p-418,2.28689803416679214e-126
5,196,0x1.3afee1ffba905p-420,0x1.0b5b865528991p-511,0x1.3afee1ffba906p-420,4.54429370563799776e-127
5,197,0x1.f41a9390de4d5p-423,0x1.0b5b865528991p-511,0x1.f41a9390de4d6p-423,9.01845277923372700e-128
5,198,0x1.8c7d4f498f563p-425,0x1.0b5b865528991p-511,0x1.8c7d4f498f564p-425,1.78748974282605174e-128
5,199,0x1.39f10dcc5dd08p-427,0x1.0b5b865528991p-511,0x1.39f10dcc5dd09p-427,3.53834989636896633e-129
5,200,0x1.f08689f324cbbp-430,0x1.0b5b865528991p-511,0x1.f08689f324cbcp-430,6.99525408415816964e-130
5,201,0x1.8825caeb10ec7p-432,0x1.0b5b865528991p-511,0x1.8825caeb10ec8p-432,1.38118387606017840e-130
5,202,0x1.3550f2061f2cbp-434,0x1.0b5b865528991p-511,0x1.3550f2061f2ccp-434,2.72360782244543041e-131
5,203,0x1.e7569b36b2361p-437,0x1.0b5b865528991p-511,0x1.e7569b36b2362p-437,5.36392230719118413e-132
5,204,0x1.7f6b210922913p-439,0x1.0b5b865528991p-511,0x1.7f6b210922914p-439,1.05503039400138533e-132
5,205,0x1.2d45d2a75233ep-441,0x1.0b5b865528991p-511,0x1.2d45d2a75233fp-441,2.07248689082153162e-133
5,206,0x1.d8d8da4257131p-444,0x1.0b5b865528991p-511,0x1.d8d8da4257132p-444,4.06595597280229582e-134
5,207,0x1.729767475061ap-446,0x1.0b5b865528991p-511,0x1.729767475061bp-446,7.96667918008276280e-135
5,208,0x1.2213bee5b1297p-448,0x1.0b5b865528991p-511,0x1.2213bee5b1298p-448,1.55896178543893924e-135
5,209,0x1.c5875aa6a44cdp-451,0x1.0b5b865528991p-511,0x1.c5875aa6a44cep-451,3.04674979903153899e-136
5,210,0x1.6216100a5f95bp-453,0x1.0b5b865528991p-511,0x1.6216100a5f95cp-453,5.94676775954222072e-137
5,211,0x1.1417db68a8164p-455,0x1.0b5b865528991p-511,0x1.1417db68a8165p-455,1.15922490983351469e-137
5,212,0x1.ae018f97ba469p-458,0x1.0b5b865528991p-511,0x1.ae018f97ba46bp-458,2.25681850559629071e-138
5,213,0x1.4e6e1c9f0eaa6p-460,0x1.0b5b865528991p-511,0x1.4e6e1c9f0eaa9p-460,4.38800808826735441e-139
5,214,0x1.03c362993ce81p-462,0x1.0b5b865528991p-511,0x1.03c362993ce8ap-462,8.52078687042156696e-140
5,215,0x1.9303ce280b6d1p-465,0x1.0b5b865528991p-511,0x1.9303ce280b715p-465,1.65246821830173115e-140
5,216,0x1.383afd2939249p-467,0x1.0b5b865528991p-511,0x1.383afd2939355p-467,3.20056963357039871e-141
5,217,0x1.e32b74bd5dfcep-470,0x1.0b5b865528991p-511,0x1.e32b74bd5e82ap-470,6.19101432763258508e-142
5,218,0x1.755d937b9758fp-472,0x1.0b5b865528991p-511,0x1.755d937b996fbp-472,1.19601411081393806e-142
5,219,0x1.2024a4076e669p-474,0x1.0b5b865528991p-511,0x1.2024a40776c18p-474,2.30754594133728438e-143
5,220,0x1.bc2c1a3aaefcbp-477,0x1.0b5b865528991p-511,0x1.bc2c1a3af1d3ap-477,4.44634901805401358e-144
5,221,0x1.55e7416dbcd52p-479,0x1.0b5b865528991p-511,0x1.55e7416ec830bp-479,8.55648626942488021e-145
5,222,0x1.06d75c260d353p-481,0x1.0b5b865528991p-511,0x1.06d75c2a3aa36p-481,1.64446882341636246e-145
5,223,0x1.9399b04a6461dp-484,0x1.0b5b865528991p-511,0x1.9399b06bcfd2bp-484,3.15641185307500082e-146
5,224,0x1.35780593b5a9bp-486,0x1.0b5b865528991p-511,0x1.35780619636cfp-486,6.05060878113584192e-147
5,225,0x1.d9f7dd364e3e1p-489,0x1.0b5b865528991p-511,0x1.d9f7e163bc577p-489,1.15835435411572158e-147
5,226,0x1.6a7bb7e66eeebp-491,0x1.0b5b865528991p-511,0x1.6a7bc89c27541p-491,2.21472823280486917e-148
5,227,0x1.14dc90498c036p-493,0x1.0b5b865528991p-511,0x1.14dcd3206d98cp-493,4.22898806927447782e-149
5,228,0x1.a661299731b0ep-496,0x1.0b5b865528991p-511,0x1.a663404e3e5b4p-496,8.06479715095122364e-150
5,229,0x1.41c597b79495dp-498,0x1.0b5b865528991p-511,0x1.41cdf293c73f2p-498,1.53608158764418391e-150
5,230,0x1.e99e4bb829c9dp-501,0x1.0b5b865528991p-511,0x1.e9e12299bf14p-501,2.92295019005347545e-151
5,231,0x1.740636fdb53cep-503,0x1.0b5b865528991p-511,0x1.751192840a659p-503,5.56494609488389550e-152
5,232,0x1.1a4e09d5cb85dp-505,0x1.0b5b865528991p-511,0x1.1e7b77ef20284p-505,1.06834129894983603e-152
5,233,0x1.abe2dcfee1cb9p-508,0x1.0b5b865528991p-511,0x1.cd4e4dc986decp-508,2.15036024554252163e-153
5,234,0x1.43d8f789e0336p-510,0x1.0b5b865528991p-511,0x1.c986bab4747ffp-510,5.33185458966050863e-154
5,235,0x1.e991e685ebfdbp-513,0x1.0b5b865528991p-511,0x1.85bffff6a3989p-511,2.27100648111238468e-154
5,236,0x1.71907debd5be5p-515,0x1.0b5b865528991p-511,0x1.22748e33e5f5p-511,1.69243324695981554e-154
5,237,0x1.169c17f86fc86p-517,0x1.0b5b865528991p-511,0x1.0fb5f6b50a584p-511,1.58321226148296453e-154
5,238,0x1.a387926284475p-520,0x1.0b5b865528991p-511,0x1.0c2d4a1e59db4p-511,1.56262092773379115e-154
5,239,0x1.3b72d05856e59p-522,0x1.0b5b865528991p-511,0x1.0b82f4af33a4p-511,1.55874395332012118e-154
5,240,0x1.d9c124cf07404p-525,0x1.0b5b865528991p-511,0x1.0b62ed59bbd54p-511,1.55801494767708670e-154
5,241,0x1.6348e70a85abfp-527,0x1.0b5b865528991p-511,0x1.0b5ce99e0fa3ap-511,1.55787804946862695e-154
5,242,0x1.0a16e7b79e8ffp-529,0x1.0b5b865528991p-511,0x1.0b5bc8dae287p-511,1.55785237550195064e-154
5,243,0x1.8e0c6b2d4b499p-532,0x1.0b5b865528991p-511,0x1.0b5b92c58bf29p-511,1.55784756693216484e-154
5,244,0x1.2954dd7367f39p-534,0x1.0b5b865528991p-511,0x1.0b5b88a7d254p-511,1.55784666750496627e-154
5,245,0x1.bb9c4bb977857p-537,0x1.0b5b865528991p-511,0x1.0b5b86c40fac1p-511,1.55784649949205905e-154
5,246,0x1.4a7d68099d462p-539,0x1.0b5b865528991p-511,0x1.0b5b8669d06fap-511,1.55784646814872400e-154
5,247,0x1.ebc7331e936c5p-542,0x1.0b5b865528991p-511,0x1.0b5b865900278p-511,1.55784646230925873e-154
5,248,0x1.6d67a8d6bee09p-544,0x1.0b5b865528991p-511,0x1.0b5b8655df4cfp-511,1.55784646122276904e-154
5,249,0x1.0f255aa8b258p-546,0x1.0b5b865528991p-511,0x1.0b5b86554a7ddp-511,1.55784646102088508e-154
5,250,0x1.91de7b7be5264p-549,0x1.0b5b865528991p-511,0x1.0b5b86552ee0ap-511,1.55784646098342213e-154
5,251,0x1.296970c6849f3p-551,0x1.0b5b865528991p-511,0x1.0b5b865529c29p-511,1.55784646097647949e-154
5,252,0x1.b7a04f58d96e5p-554,0x1.0b5b865528991p-511,0x1.0b5b865528d01p-511,1.55784646097519437e-154
5,253,0x1.447d239281b3ep-556,0x1.0b5b865528991p-511,0x1.0b5b865528a34p-511,1.55784646097495689e-154
5,254,0x1.de5f571e43f2ap-559,0x1.0b5b865528991p-511,0x1.0b5b8655289bp-511,1.55784646097491317e-154
5,255,0x1.60253cfc2d811p-561,0x1.0b5b865528991p-511,0x1.0b5b865528998p-511,1.55784646097490522e-154
5,256,0x1.02e10b0f8a51bp-563,0x1.0b5b865528991p-511,0x1.0b5b865528993p-511,1.55784646097490357e-154
5,257,0x1.7c1e8fb22fe3fp-566,0x1.0b5b865528991p-511,0x1.0b5b865528992p-511,1.55784646097490323e-154
5,258,0x1.16b2281055f5cp-568,0x1.0b5b865528991p-511,0x1.0b5b865528992p-511,1.55784646097490323e-154
5,259,0x1.981ec40b9cd75p-571,0x1.0b5b865528991p-511,0x1.0b5b865528992p-511,1.55784646097490323e-154
5,260,0x1.2a6c2e7e4a391p-573,0x1.0b5b865528991p-511,0x1.0b5b865528992p-511,1.55784646097490323e-154
5,261,0x1.b3d56afe0f5dap-576,0x1.0b5b865528991p-511,0x1.0b5b865528992p-511,1.55784646097490323e-154
5,262,0x1.3dd46ec9e8f0bp-578,0x1.0b5b865528991p-511,0x1.0b5b865528992p-511,1.55784646097490323e-154
5,263,0x1.ceed53ef788cfp-581,0x1.0b5b865528991p-511,0x1.0b5b865528992p-511,1.55784646097490323e-154
5,264,0x1.50ad65c135a56p-583,0x1.0b5b865528991p-511,0x1.0b5b865528992p-511,1.55784646097490323e-154
5,265,0x1.e90e1f47dcd98p-586,0x1.0b5b865528991p-511,0x1.0b5b865528992p-511,1.55784646097490323e-154
5,266,0x1.62b7ec6eb3f3p-588,0x1.0b5b865528991p-511,0x1.0b5b865528992p-511,1.55784646097490323e-154
5,267,0x1.00ef025acb3d1p-590,0x1.0b5b865528991p-511,0x1.0b5b865528992p-511,1.55784646097490323e-154
5,268,0x1.73b4886d729a7p-593,0x1.0b5b865528991p-511,0x1.0b5b865528992p-511,1.55784646097490323e-154
5,269,0x1.0c81dfe3fa15fp-595,0x1.0b5b865528991p-511,0x1.0b5b865528992p-511,1.55784646097490323e-154
5,270,0x1.8364cd7866497p-598,0x1.0b5b865528991p-511,0x1.0b5b865528992p-511,1.55784646097490323e-154
5,271,0x1.1714345aa6a17p-600,0x1.0b5b865528991p-511,0x1.0b5b865528992p-511,1.55784646097490323e-154
5,272,0x1.918c273d516f7p-603,0x1.0b5b865528991p-511,0x1.0b5b865528992p-511,1.55784646097490323e-154
5,273,0x1.207a63bd6faaap-605,0x1.0b5b865528991p-511,0x1.0b5b865528992p-511,1.55784646097490323e-154
5,274,0x1.9de0ba3c4bdfbp-608,0x1.0b5b865528991p-511,0x1.0b5b865528992p-511,1.55784646097490323e-154
5,275,0x1.2850fa349234cp-610,0x1.0b5b865528991p-511,0x1.0b5b865528992p-511,1.55784646097490323e-154
5,276,0x1.a6941e96412a6p-613,0x1.0b5b865528991p-511,0x1.0b5b865528992p-511,1.55784646097490323e-154
5,277,0x1.294ecf5975b1fp-615,0x1.0b5b865528991p-511,0x1.0b5b865528992p-511,1.55784646097490323e-154
5,278,0x1.8c7d4f66d7fbcp-618,0x1.0b5b865528991p-511,0x1.0b5b865528992p-511,1.55784646097490323e-154
5,279,0x1.a0cb0c16ff5f1p-621,0x1.0b5b865528991p-511,0x1.0b5b865528992p-511,1.55784646097490323e-154
5,280,0x0p+0,0x1.0b5b865528991p-511,0x1.0b5b865528991p-511,1.55784646097490290e-154
6,0,0x1.15247aaf2388ep-4,0x1.1547d15eabcfp-510,0x1.15247aaf2388fp-4,6.76617424344121282e-02
6,1,0x1.80dbba7c6f915p-6,0x1.1547d15eabcfp-510,0x1.80dbba7c6f916p-6,2.34898873475169676e-02
6,2,0x1.f82506b38563dp-8,0x1.1547d15eabcfp-510,0x1.f82506b38563ep-8,7.69263661961399996e-03
6,3,0x1.3bc472f8161b5p-9,0x1.1547d15eabcfp-510,0x1.3bc472f8161b6p-9,2.40911391669503937e-03
6,4,0x1.7f1699f40ea0cp-11,0x1.1547d15eabcfp-510,0x1.7f1699f40ea0dp-11,7.30682919772464323e-04
6,5,0x1.c6ff5071a8c9p-13,0x1.1547d15eabcfp-510,0x1.c6ff5071a8c91p-13,2.16959629644273888e-04
6,6,0x1.0ab323907ef82p-14,0x1.1547d15eabcfp-510,0x1.0ab323907ef83p-14,6.35861781645413450e-05
6,7,0x1.364050dd97a29p-16,0x1.1547d15eabcfp-510,0x1.364050dd97a2ap-16,1.84924145883951681e-05
6,8,0x1.67275e99e6ac3p-18,0x1.1547d15eabcfp-510,0x1.67275e99e6ac4p-18,5.35180847718403092e-06
6,9,0x1.9e324d79b7aebp-20,0x1.1547d15eabcfp-510,0x1.9e324d79b7aecp-20,1.54300218329461952e-06
6,10,0x1.dbfb51312a112p-22,0x1.1547d15eabcfp-510,0x1.dbfb51312a113p-22,4.43292509431332513e-07
6,11,0x1.10827cbc98604p-23,0x1.1547d15eabcfp-510,0x1.10827cbc98605p-23,1.26897225077727261e-07
6,12,0x1.36e99ac1f61cap-25,0x1.1547d15eabcfp-510,0x1.36e99ac1f61cbp-25,3.61949808039370105e-08
6,13,0x1.617da91885494p-27,0x1.1547d15eabcfp-510,0x1.617da91885495p-27,1.02879380995552111e-08
6,14,0x1.9094944234e2ep-29,0x1.1547d15eabcfp-510,0x1.9094944234e2fp-29,2.91460591868236513e-09
6,15,0x1.c48e604163353p-31,0x1.1547d15eabcfp-510,0x1.c48e604163354p-31,8.23194852712095916e-10
6,16,0x1.fdd27ac35f64dp-33,0x1.1547d15eabcfp-510,0x1.fdd27ac35f64ep-33,2.31840288378126394e-10
6,17,0x1.1e669e78a8a15p-34,0x1.1547d15eabcfp-510,0x1.1e669e78a8a16p-34,6.51200151834226667e-11
6,18,0x1.40f72acf8a0f6p-36,0x1.1547d15eabcfp-510,0x1.40f72acf8a0f7p-36,1.82447761852385362e-11
6,19,0x1.66d40a83ad65ap-38,0x1.1547d15eabcfp-510,0x1.66d40a83ad65bp-38,5.09925663204272832e-12
6,20,0x1.90379dc8bf32bp-40,0x1.1547d15eabcfp-510,0x1.90379dc8bf32cp-40,1.42185730334648702e-12
6,21,0x1.bd5d74e0ddac5p-42,0x1.1547d15eabcfp-510,0x1.bd5d74e0ddac6p-42,3.95563639330539752e-13
6,22,0x1.ee823a670089cp-44,0x1.1547d15eabcfp-510,0x1.ee823a670089dp-44,1.09802989733769202e-13
6,23,0x1.11f1c320a2b3p-45,0x1.1547d15eabcfp-510,0x1.11f1c320a2b31p-45,3.04139362205077247e-14
6,24,0x1.2edfce6090429p-47,0x1.1547d15eabcfp-510,0x1.2edfce609042ap-47,8.40644894851086347e-15
6,25,0x1.4e2a90f51ae69p-49,0x1.1547d15eabcfp-510,0x1.4e2a90f51ae6ap-49,2.31874432415226039e-15
6,26,0x1.6ff163ba8467bp-51,0x1.1547d15eabcfp-510,0x1.6ff163ba8467cp-51,6.38279234999402369e-16
6,27,0x1.94537c4eb658ep-53,0x1.1547d15eabcfp-510,0x1.94537c4eb658fp-53,1.75348501140734509e-16
6,28,0x1.bb6fc1dfa6475p-55,0x1.1547d15eabcfp-510,0x1.bb6fc1dfa6476p-55,4.80774873066980962e-17
6,29,0x1.e564a01daef49p-57,0x1.1547d15eabcfp-510,0x1.e564a01daef4ap-57,1.31566054756325760e-17
6,30,0x1.0927ebbfc6d9bp-58,0x1.1547d15eabcfp-510,0x1.0927ebbfc6d9cp-58,3.59353309094418638e-18
6,31,0x1.2127252f2f8acp-60,0x1.1547d15eabcfp-510,0x1.2127252f2f8adp-60,9.79688170112449433e-19
6,32,0x1.3abde370efd2dp-62,0x1.1547d15eabcfp-510,0x1.3abde370efd2ep-62,2.66596633589027404e-19
6,33,0x1.55f96707d1a44p-64,0x1.1547d15eabcfp-510,0x1.55f96707d1a45p-64,7.24158596355929521e-20
6,34,0x1.72e62c4190b11p-66,0x1.1547d15eabcfp-510,0x1.72e62c4190b12p-66,1.96352355402817407e-20
6,35,0x1.918fccb339f1dp-68,0x1.1547d15eabcfp-510,0x1.918fccb339f1ep-68,5.31462507572149082e-21
6,36,0x1.b200e0216f771p-70,0x1.1547d15eabcfp-510,0x1.b200e0216f772p-70,1.43599685909596553e-21
6,37,0x1.d442dd1cddfccp-72,0x1.1547d15eabcfp-510,0x1.d442dd1cddfcdp-72,3.87336575011911472e-22
6,38,0x1.f85df998f583dp-74,0x1.1547d15eabcfp-510,0x1.f85df998f583ep-74,1.04300669574234868e-22
6,39,0x1.0f2c85e1750d9p-75,0x1.1547d15eabcfp-510,0x1.0f2c85e1750dap-75,2.80387259351949340e-23
6,40,0x1.231cb5b053b82p-77,0x1.1547d15eabcfp-510,0x1.231cb5b053b83p-77,7.52507263647513450e-24
6,41,0x1.38016a00cfa8dp-79,0x1.1547d15eabcfp-510,0x1.38016a00cfa8ep-79,2.01628843936641775e-24
6,42,0x1.4ddba4269a83p-81,0x1.1547d15eabcfp-510,0x1.4ddba4269a831p-81,5.39376646521720820e-25
6,43,0x1.64ab7b5db40a2p-83,0x1.1547d15eabcfp-510,0x1.64ab7b5db40a3p-83,1.44057805647880382e-25
6,44,0x1.7c7010020b7b7p-85,0x1.1547d15eabcfp-510,0x1.7c7010020b7b8p-85,3.84143953048526916e-26
6,45,0x1.95277fc7e48c3p-87,0x1.1547d15eabcfp-510,0x1.95277fc7e48c4p-87,1.02275322479630574e-26
6,46,0x1.aecedb1944fc9p-89,0x1.1547d15eabcfp-510,0x1.aecedb1944fcap-89,2.71878090447585374e-27
6,47,0x1.c9621bbb0f426p-91,0x1.1547d15eabcfp-510,0x1.c9621bbb0f427p-91,7.21623506594921809e-28
6,48,0x1.e4dc1cda6bbb7p-93,0x1.1547d15eabcfp-510,0x1.e4dc1cda6bbb8p-93,1.91243476387616174e-28
6,49,0x1.009b4a506121fp-94,0x1.1547d15eabcfp-510,0x1.009b4a506122p-94,5.06067292212021846e-29
6,50,0x1.0f3507b4e703dp-96,0x1.1547d15eabcfp-510,0x1.0f3507b4e703ep-96,1.33715448087252131e-29
6,51,0x1.1e36f65a24a3cp-98,0x1.1547d15eabcfp-510,0x1.1e36f65a24a3dp-98,3.52786850931567621e-30
6,52,0x1.2d9c2ef12a4aep-100,0x1.1547d15eabcfp-510,0x1.2d9c2ef12a4afp-100,9.29407850117328545e-31
6,53,0x1.3d5f336d8e617p-102,0x1.1547d15eabcfp-510,0x1.3d5f336d8e618p-102,2.44494401707113261e-31
6,54,0x1.4d79f04db3009p-104,0x1.1547d15eabcfp-510,0x1.4d79f04db300ap-104,6.42252036191765228e-32
6,55,0x1.5de5bedf4a261p-106,0x1.1547d15eabcfp-510,0x1.5de5bedf4a262p-106,1.68469491085567736e-32
6,56,0x1.6e9b6882c9fc5p-108,0x1.1547d15eabcfp-510,0x1.6e9b6882c9fc6p-108,4.41287200838061174e-33
6,57,0x1.7f932aee5a88ep-110,0x1.1547d15eabcfp-510,0x1.7f932aee5a88fp-110,1.15427864908795417e-33
6,58,0x1.90c4bd6e9608fp-112,0x1.1547d15eabcfp-510,0x1.90c4bd6e9609p-112,3.01504720614856354e-34
6,59,0x1.a227572142feap-114,0x1.1547d15eabcfp-510,0x1.a227572142febp-114,7.86459649084276001e-35
6,60,0x1.b3b1b62400414p-116,0x1.1547d15eabcfp-510,0x1.b3b1b62400415p-116,2.04862421494401136e-35
6,61,0x1.c55a27aeb5a41p-118,0x1.1547d15eabcfp-510,0x1.c55a27aeb5a42p-118,5.32912912424410789e-36
6,62,0x1.d716910f84c82p-120,0x1.1547d15eabcfp-510,0x1.d716910f84c83p-120,1.38440365045084022e-36
6,63,0x1.e8dc797bf25acp-122,0x1.1547d15eabcfp-510,0x1.e8dc797bf25adp-122,3.59158507921494778e-37
6,64,0x1.faa114a915e4dp-124,0x1.1547d15eabcfp-510,0x1.faa114a915e4ep-124,9.30530918499250631e-38
6,65,0x1.062ca70d68e97p-125,0x1.1547d15eabcfp-510,0x1.062ca70d68e98p-125,2.40769183095423251e-38
6,66,0x1.0efcea8c35ae6p-127,0x1.1547d15eabcfp-510,0x1.0efcea8c35ae7p-127,6.22157830012793034e-39
6,67,0x1.17bb9499ab20bp-129,0x1.1547d15eabcfp-510,0x1.17bb9499ab20cp-129,1.60558716384314304e-39
6,68,0x1.2062d3a5d769bp-131,0x1.1547d15eabcfp-510,0x1.2062d3a5d769cp-131,4.13813675799016582e-40
6,69,0x1.28eccb7e586c4p-133,0x1.1547d15eabcfp-510,0x1.28eccb7e586c5p-133,1.06516612757681897e-40
6,70,0x1.31539c2d3efedp-135,0x1.1547d15eabcfp-510,0x1.31539c2d3efeep-135,2.73826366876823272e-41
6,71,0x1.399168f4deae7p-137,0x1.1547d15eabcfp-510,0x1.399168f4deae8p-137,7.03043788375519533e-42
6,72,0x1.41a05f5c847ebp-139,0x1.1547d15eabcfp-510,0x1.41a05f5c847ecp-139,1.80277863046830420e-42
6,73,0x1.497abe41df705p-141,0x1.1547d15eabcfp-510,0x1.497abe41df706p-141,4.61699069166582633e-43
6,74,0x1.511adce2d157ep-143,0x1.1547d15eabcfp-510,0x1.511adce2d157fp-143,1.18096156215834594e-43
6,75,0x1.587b31d3656d6p-145,0x1.1547d15eabcfp-510,0x1.587b31d3656d7p-145,3.01700635768543164e-44
6,76,0x1.5f9659d3cc1a9p-147,0x1.1547d15eabcfp-510,0x1.5f9659d3cc1aap-147,7.69810554680561009e-45
6,77,0x1.66671e7a78481p-149,0x1.1547d15eabcfp-510,0x1.66671e7a78482p-149,1.96183322499992120e-45
6,78,0x1.6ce87ca6d11c7p-151,0x1.1547d15eabcfp-510,0x1.6ce87ca6d11c8p-151,4.99360579163391483e-46
6,79,0x1.7315aab15ae43p-153,0x1.1547d15eabcfp-510,0x1.7315aab15ae44p-153,1.26953205640270770e-46
6,80,0x1.78ea1e4ec1562p-155,0x1.1547d15eabcfp-510,0x1.78ea1e4ec1563p-155,3.22369229129120823e-47
6,81,0x1.7e61921bcb527p-157,0x1.1547d15eabcfp-510,0x1.7e61921bcb528p-157,8.17611844221484058e-48
6,82,0x1.83780ac8f2debp-159,0x1.1547d15eabcfp-510,0x1.83780ac8f2decp-159,2.07122648221608270e-48
6,83,0x1.8829dbdd21a3dp-161,0x1.1547d15eabcfp-510,0x1.8829dbdd21a3ep-161,5.24080396533998757e-49
6,84,0x1.8c73ac07e8a16p-163,0x1.1547d15eabcfp-510,0x1.8c73ac07e8a17p-163,1.32452812147606878e-49
6,85,0x1.905278fc6efa7p-165,0x1.1547d15eabcfp-510,0x1.905278fc6efa8p-165,3.34364668180127789e-50
6,86,0x1.93c39acf45496p-167,0x1.1547d15eabcfp-510,0x1.93c39acf45497p-167,8.43098739677219309e-51
6,87,0x1.96c4c6d246b6p-169,0x1.1547d15eabcfp-510,0x1.96c4c6d246b61p-169,2.12343147723009517e-51
6,88,0x1.995411eab4528p-171,0x1.1547d15eabcfp-510,0x1.995411eab4529p-171,5.34198485377134980e-52
6,89,0x1.9b6ff25ebfc71p-173,0x1.1547d15eabcfp-510,0x1.9b6ff25ebfc72p-173,1.34237679997415088e-52
6,90,0x1.9d174118c573dp-175,0x1.1547d15eabcfp-510,0x1.9d174118c573ep-175,3.36942935584635906e-53
6,91,0x1.9e493a5f8183ap-177,0x1.1547d15eabcfp-510,0x1.9e493a5f8183bp-177,8.44794560377404054e-54
6,92,0x1.9f057e03944ep-179,0x1.1547d15eabcfp-510,0x1.9f057e03944e1p-179,2.11573542856500948e-54
6,93,0x1.9f4c0f03aebc9p-181,0x1.1547d15eabcfp-510,0x1.9f4c0f03aebcap-181,5.29285165808453679e-55
6,94,0x1.9f1d52a9bc9c9p-183,0x1.1547d15eabcfp-510,0x1.9f1d52a9bc9cap-183,1.32263123998015272e-55
6,95,0x1.9e7a0f2456c36p-185,0x1.1547d15eabcfp-510,0x1.9e7a0f2456c37p-185,3.30149813576561236e-56
6,96,0x1.9d6369a0afbd7p-187,0x1.1547d15eabcfp-510,0x1.9d6369a0afbd8p-187,8.23207006846143966e-57
6,97,0x1.9bdae3ea093fp-189,0x1.1547d15eabcfp-510,0x1.9bdae3ea093f1p-189,2.05038416591686942e-57
6,98,0x1.99e259948d44p-191,0x1.1547d15eabcfp-510,0x1.99e259948d441p-191,5.10143102095283969e-58
6,99,0x1.977bfcba21e2bp-193,0x1.1547d15eabcfp-510,0x1.977bfcba21e2cp-193,1.26789059016616029e-58
6,100,0x1.94aa5250794a2p-195,0x1.1547d15eabcfp-510,0x1.94aa5250794a3p-195,3.14779807444224309e-59
6,101,0x1.91702e2036b87p-197,0x1.1547d15eabcfp-510,0x1.91702e2036b88p-197,7.80673773598840658e-60
6,102,0x1.8dd0ae6584b5ep-199,0x1.1547d15eabcfp-510,0x1.8dd0ae6584b5fp-199,1.93407017591193817e-60
6,103,0x1.89cf3722e7e24p-201,0x1.1547d15eabcfp-510,0x1.89cf3722e7e25p-201,4.78648853704844060e-61
6,104,0x1.856f6d2f736fbp-203,0x1.1547d15eabcfp-510,0x1.856f6d2f736fcp-203,1.18333084540429101e-61
6,105,0x1.80b53109c8ef6p-205,0x1.1547d15eabcfp-510,0x1.80b53109c8ef7p-205,2.92241502615597111e-62
6,106,0x1.7ba499797c628p-207,0x1.1547d15eabcfp-510,0x1.7ba499797c629p-207,7.20985102158209367e-63
6,107,0x1.7641ee088f67cp-209,0x1.1547d15eabcfp-510,0x1.7641ee088f67dp-209,1.77689390489146633e-63
6,108,0x1.7091a15ebbb99p-211,0x1.1547d15eabcfp-510,0x1.7091a15ebbb9ap-211,4.37471332550569762e-64
6,109,0x1.6a984b8836352p-213,0x1.1547d15eabcfp-510,0x1.6a984b8836353p-213,1.07595139413190766e-64
6,110,0x1.645aa4317130fp-215,0x1.1547d15eabcfp-510,0x1.645aa4317131p-215,2.64358140086818540e-65
6,111,0x1.5ddd7ce13017dp-217,0x1.1547d15eabcfp-510,0x1.5ddd7ce13017ep-217,6.48861051324667154e-66
6,112,0x1.5725bb39f7cffp-219,0x1.1547d15eabcfp-510,0x1.5725bb39f7dp-219,1.59100550316010958e-66
6,113,0x1.5038534b91056p-221,0x1.1547d15eabcfp-510,0x1.5038534b91057p-221,3.89721678067701567e-67
6,114,0x1.491a41fcebe84p-223,0x1.1547d15eabcfp-510,0x1.491a41fcebe85p-223,9.53679120791289727e-68
6,115,0x1.41d08796422a7p-225,0x1.1547d15eabcfp-510,0x1.41d08796422a8p-225,2.33139956702607010e-68
6,116,0x1.3a602272d532fp-227,0x1.1547d15eabcfp-510,0x1.3a602272d533p-227,5.69376774092812060e-69
6,117,0x1.32ce09e11d5d9p-229,0x1.1547d15eabcfp-510,0x1.32ce09e11d5dap-229,1.38916307749801272e-69
6,118,0x1.2b1f2937ad3f1p-231,0x1.1547d15eabcfp-510,0x1.2b1f2937ad3f2p-231,3.38593790760790022e-70
6,119,0x1.23585b2472e18p-233,0x1.1547d15eabcfp-510,0x1.23585b2472e19p-233,8.24477529861542286e-71
6,120,0x1.1b7e653b627e1p-235,0x1.1547d15eabcfp-510,0x1.1b7e653b627e2p-235,2.00564707770038442e-71
6,121,0x1.1395f3c8f3e66p-237,0x1.1547d15eabcfp-510,0x1.1395f3c8f3e67p-237,4.87425023590017994e-72
6,122,0x1.0ba395ec374b3p-239,0x1.1547d15eabcfp-510,0x1.0ba395ec374b4p-239,1.18342429240044403e-72
6,123,0x1.03abb9fba0b0ap-241,0x1.1547d15eabcfp-510,0x1.03abb9fba0b0bp-241,2.87047789419973922e-73
6,124,0x1.f765546e09efap-244,0x1.1547d15eabcfp-510,0x1.f765546e09efbp-244,6.95585783606193784e-74
6,125,0x1.e779139141f48p-246,0x1.1547d15eabcfp-510,0x1.e779139141f49p-246,1.68395944156753224e-74
6,126,0x1.d79aa42cc8dfbp-248,0x1.1547d15eabcfp-510,0x1.d79aa42cc8dfcp-248,4.07285221915485483e-75
6,127,0x1.c7d1a0c8404bap-250,0x1.1547d15eabcfp-510,0x1.c7d1a0c8404bbp-250,9.84132125507181640e-76
6,128,0x1.b825478d45a3fp-252,0x1.1547d15eabcfp-510,0x1.b825478d45a4p-252,2.37573236837456354e-76
6,129,0x1.a89c76ce84bbfp-254,0x1.1547d15eabcfp-510,0x1.a89c76ce84bcp-254,5.72970904472164906e-77
6,130,0x1.993daa2d9379bp-256,0x1.1547d15eabcfp-510,0x1.993daa2d9379cp-256,1.38057546941536081e-77
6,131,0x1.8a0ef85c8cd75p-258,0x1.1547d15eabcfp-510,0x1.8a0ef85c8cd76p-258,3.32339397424748093e-78
6,132,0x1.7b16117778d52p-260,0x1.1547d15eabcfp-510,0x1.7b16117778d53p-260,7.99280360066397082e-79
6,133,0x1.6c583df0babfdp-262,0x1.1547d15eabcfp-510,0x1.6c583df0babfep-262,1.92049694783814376e-79
6,134,0x1.5dda5e0afeae5p-264,0x1.1547d15eabcfp-510,0x1.5dda5e0afeae6p-264,4.61027443810333792e-80
6,135,0x1.4fa0e9da735cfp-266,0x1.1547d15eabcfp-510,0x1.4fa0e9da735dp-266,1.10570712581779728e-80
6,136,0x1.41aff1c6871fcp-268,0x1.1547d15eabcfp-510,0x1.41aff1c6871fdp-268,2.64944610366647070e-81
6,137,0x1.340b1f84dd7acp-270,0x1.1547d15eabcfp-510,0x1.340b1f84dd7adp-270,6.34268558938860291e-82
6,138,0x1.26b5b785c6b99p-272,0x1.1547d15eabcfp-510,0x1.26b5b785c6b9ap-272,1.51703583025120874e-82
6,139,0x1.19b29aca2c132p-274,0x1.1547d15eabcfp-510,0x1.19b29aca2c133p-274,3.62513750453342710e-83
6,140,0x1.0d04491a9ff4bp-276,0x1.1547d15eabcfp-510,0x1.0d04491a9ff4cp-276,8.65486977590242725e-84
6,141,0x1.00ace397138e9p-278,0x1.1547d15eabcfp-510,0x1.00ace397138eap-278,2.06445489740580340e-84
6,142,0x1.e95c5f2d2db18p-281,0x1.1547d15eabcfp-510,0x1.e95c5f2d2db19p-281,4.91994734461374617e-85
6,143,0x1.d213339cfdce3p-283,0x1.1547d15eabcfp-510,0x1.d213339cfdce4p-283,1.17145895311038193e-85
6,144,0x1.bb807370abe9dp-285,0x1.1547d15eabcfp-510,0x1.bb807370abe9ep-285,2.78680524686369778e-86
6,145,0x1.a5a5aa5c20a61p-287,0x1.1547d15eabcfp-510,0x1.a5a5aa5c20a62p-287,6.62369655729452533e-87
6,146,0x1.9083c8684faedp-289,0x1.1547d15eabcfp-510,0x1.9083c8684faeep-289,1.57293157854167524e-87
6,147,0x1.7c1b29d2e7a3bp-291,0x1.1547d15eabcfp-510,0x1.7c1b29d2e7a3cp-291,3.73195281131201248e-88
6,148,0x1.686b9f29a792fp-293,0x1.1547d15eabcfp-510,0x1.686b9f29a793p-293,8.84668708769741217e-89
6,149,0x1.557475921da86p-295,0x1.1547d15eabcfp-510,0x1.557475921da87p-295,2.09529263936914898e-89
6,150,0x1.43347f2f3cd1fp-297,0x1.1547d15eabcfp-510,0x1.43347f2f3cd2p-297,4.95826211215499423e-90
6,151,0x1.31aa1b96f1fe7p-299,0x1.1547d15eabcfp-510,0x1.31aa1b96f1fe8p-299,1.17229337378640873e-90
6,152,0x1.20d3404aaa2fep-301,0x1.1547d15eabcfp-510,0x1.20d3404aaa2ffp-301,2.76927714993986004e-91
6,153,0x1.10ad81268ecfbp-303,0x1.1547d15eabcfp-510,0x1.10ad81268ecfcp-303,6.53613559639422143e-92
6,154,0x1.013618bc1a5ecp-305,0x1.1547d15eabcfp-510,0x1.013618bc1a5edp-305,1.54135056797840616e-92
6,155,0x1.e4d3e11b16647p-308,0x1.1547d15eabcfp-510,0x1.e4d3e11b16648p-308,3.63168985907669172e-93
6,156,0x1.c88b524141ebcp-310,0x1.1547d15eabcfp-510,0x1.c88b524141ebdp-310,8.54956919087327486e-94
6,157,0x1.ad8b43bff6873p-312,0x1.1547d15eabcfp-510,0x1.ad8b43bff6874p-312,2.01098599994807533e-94
6,158,0x1.93cc0186b112ep-314,0x1.1547d15eabcfp-510,0x1.93cc0186b112fp-314,4.72611597702121113e-95
6,159,0x1.7b45736fb6e55p-316,0x1.1547d15eabcfp-510,0x1.7b45736fb6e56p-316,1.10976590181504312e-95
6,160,0x1.63ef2b84c2093p-318,0x1.1547d15eabcfp-510,0x1.63ef2b84c2094p-318,2.60370156019479563e-96
6,161,0x1.4dc073ad9d44p-320,0x1.1547d15eabcfp-510,0x1.4dc073ad9d441p-320,6.10358494940395415e-97
6,162,0x1.38b05ac02e4afp-322,0x1.1547d15eabcfp-510,0x1.38b05ac02e4bp-322,1.42959781063465603e-97
6,163,0x1.24b5c0eb0a6a9p-324,0x1.1547d15eabcfp-510,0x1.24b5c0eb0a6aap-324,3.34563810666990802e-98
6,164,0x1.11c763753e5fbp-326,0x1.1547d15eabcfp-510,0x1.11c763753e5fcp-326,7.82314466330625162e-99
6,165,0x1.ffb7cf9ed5638p-329,0x1.1547d15eabcfp-510,0x1.ffb7cf9ed5639p-329,1.82777261051270309e-99
6,166,0x1.ddd3cbe7716e1p-331,0x1.1547d15eabcfp-510,0x1.ddd3cbe7716e2p-331,4.26680166789586674e-100
6,167,0x1.bdcfe426f23cap-333,0x1.1547d15eabcfp-510,0x1.bdcfe426f23cbp-333,9.95229649789912885e-101
6,168,0x1.9f994b24e315cp-335,0x1.1547d15eabcfp-510,0x1.9f994b24e315dp-335,2.31945406005124689e-101
6,169,0x1.831d4ea1f77b1p-337,0x1.1547d15eabcfp-510,0x1.831d4ea1f77b2p-337,5.40120814047970305e-102
6,170,0x1.6849668e39fcbp-339,0x1.1547d15eabcfp-510,0x1.6849668e39fccp-339,1.25672357022396328e-102
6,171,0x1.4f0b42e75191ep-341,0x1.1547d15eabcfp-510,0x1.4f0b42e75191fp-341,2.92168468977348164e-103
6,172,0x1.3750d846a858p-343,0x1.1547d15eabcfp-510,0x1.3750d846a8581p-343,6.78691929307242171e-104
6,173,0x1.21086b28b6b44p-345,0x1.1547d15eabcfp-510,0x1.21086b28b6b45p-345,1.57528373410628354e-104
6,174,0x1.0c2099f7fc345p-347,0x1.1547d15eabcfp-510,0x1.0c2099f7fc346p-347,3.65336155407989974e-105
6,175,0x1.f110cbce92319p-350,0x1.1547d15eabcfp-510,0x1.f110cbce9231ap-350,8.46594161830691040e-106
6,176,0x1.cc5e754fd15dbp-352,0x1.1547d15eabcfp-510,0x1.cc5e754fd15dcp-352,1.96023261793319618e-106
6,177,0x1.aa09ea11fe4cdp-354,0x1.1547d15eabcfp-510,0x1.aa09ea11fe4cep-354,4.53513948399372499e-107
6,178,0x1.89f3d11c10a19p-356,0x1.1547d15eabcfp-510,0x1.89f3d11c10a1ap-356,1.04839596160426096e-107
6,179,0x1.6bfdc815b143bp-358,0x1.1547d15eabcfp-510,0x1.6bfdc815b143cp-358,2.42165700556830302e-108
6,180,0x1.500a6aa7a7a5dp-360,0x1.1547d15eabcfp-510,0x1.500a6aa7a7a5ep-360,5.58924907151480781e-109
6,181,0x1.35fd5822756d2p-362,0x1.1547d15eabcfp-510,0x1.35fd5822756d3p-362,1.28898767446917939e-109
6,182,0x1.1dbb378907de5p-364,0x1.1547d15eabcfp-510,0x1.1dbb378907de6p-364,2.97029411426737030e-110
6,183,0x1.0729ba1d4fec4p-366,0x1.1547d15eabcfp-510,0x1.0729ba1d4fec5p-366,6.83921794986504075e-111
6,184,0x1.e45f3918923ddp-369,0x1.1547d15eabcfp-510,0x1.e45f3918923dep-369,1.57351407962729950e-111
6,185,0x1.bd694dad02303p-371,0x1.1547d15eabcfp-510,0x1.bd694dad02304p-371,3.61736985081437785e-112
6,186,0x1.9943562324fc5p-373,0x1.1547d15eabcfp-510,0x1.9943562324fc6p-373,8.30948619338237474e-113
6,187,0x1.77c1063c86ae3p-375,0x1.1547d15eabcfp-510,0x1.77c1063c86ae4p-375,1.90728360143628728e-113
6,188,0x1.58b81adc29c05p-377,0x1.1547d15eabcfp-510,0x1.58b81adc29c06p-377,4.37438588955404985e-114
6,189,0x1.3c0051e42fcc4p-379,0x1.1547d15eabcfp-510,0x1.3c0051e42fcc5p-379,1.00249098988714041e-114
6,190,0x1.217360978ac17p-381,0x1.1547d15eabcfp-510,0x1.217360978ac18p-381,2.29565319580133189e-115
6,191,0x1.08ece8aef0fa6p-383,0x1.1547d15eabcfp-510,0x1.08ece8aef0fa7p-383,5.25285407077944534e-116
6,192,0x1.e494d89bd5317p-386,0x1.1547d15eabcfp-510,0x1.e494d89bd5318p-386,1.20101512232160204e-116
6,193,0x1.bad68204ae9c9p-388,0x1.1547d15eabcfp-510,0x1.bad68204ae9cap-388,2.74388888653786567e-117
6,194,0x1.946103ec8d80ep-390,0x1.1547d15eabcfp-510,0x1.946103ec8d80fp-390,6.26397885901884673e-118
6,195,0x1.70fa02f2e239bp-392,0x1.1547d15eabcfp-510,0x1.70fa02f2e239cp-392,1.42889582695201923e-118
6,196,0x1.506a740a1e3d5p-394,0x1.1547d15eabcfp-510,0x1.506a740a1e3d6p-394,3.25700308844487411e-119
6,197,0x1.327e7db48d9bp-396,0x1.1547d15eabcfp-510,0x1.327e7db48d9b1p-396,7.41829122084974520e-120
6,198,0x1.170558b1bc19ep-398,0x1.1547d15eabcfp-510,0x1.170558b1bc19fp-398,1.68833440912951202e-120
6,199,0x1.fba260a5b9537p-401,0x1.1547d15eabcfp-510,0x1.fba260a5b9538p-401,3.83957116483382881e-121
6,200,0x1.cd6e054fb51c1p-403,0x1.1547d15eabcfp-510,0x1.cd6e054fb51c2p-403,8.72524019012546508e-122
6,201,0x1.a31d01642518bp-405,0x1.1547d15eabcfp-510,0x1.a31d01642518cp-405,1.98126805002646069e-122
6,202,0x1.7c63dd8a67b03p-407,0x1.1547d15eabcfp-510,0x1.7c63dd8a67b04p-407,4.49553107488872179e-123
6,203,0x1.58fc0a74ef817p-409,0x1.1547d15eabcfp-510,0x1.58fc0a74ef818p-409,1.01927514593243958e-123
6,204,0x1.38a3a32c867f2p-411,0x1.1547d15eabcfp-510,0x1.38a3a32c867f3p-411,2.30927290236875719e-124
6,205,0x1.1b1d3078b48cbp-413,0x1.1547d15eabcfp-510,0x1.1b1d3078b48ccp-413,5.22797140211092244e-125
6,206,0x1.002f6d963916cp-415,0x1.1547d15eabcfp-510,0x1.002f6d963916dp-415,1.18267654117860888e-125
6,207,0x1.cf4a1ccb246d3p-418,0x1.1547d15eabcfp-510,0x1.cf4a1ccb246d4p-418,2.67346379029095138e-126
6,208,0x1.a2990e6a15585p-420,0x1.1547d15eabcfp-510,0x1.a2990e6a15586p-420,6.03891443807686782e-127
6,209,0x1.79efac8770ef3p-422,0x1.1547d15eabcfp-510,0x1.79efac8770ef4p-422,1.36307699087279896e-127
6,210,0x1.54f89e2a6e8ffp-424,0x1.1547d15eabcfp-510,0x1.54f89e2a6e9p-424,3.07439400499820223e-128
6,211,0x1.3364cf517c1f3p-426,0x1.1547d15eabcfp-510,0x1.3364cf517c1f4p-426,6.92910223578946277e-129
6,212,0x1.14eb0f42d84d6p-428,0x1.1547d15eabcfp-510,0x1.14eb0f42d84d7p-428,1.56053456689280442e-129
6,213,0x1.f28f65a55d29dp-431,0x1.1547d15eabcfp-510,0x1.f28f65a55d29ep-431,3.51195919502481572e-130
6,214,0x1.c0787553d4465p-433,0x1.1547d15eabcfp-510,0x1.c0787553d4466p-433,7.89779455006646100e-131
6,215,0x1.931dfb23c1524p-435,0x1.1547d15eabcfp-510,0x1.931dfb23c1525p-435,1.77477440257365187e-131
6,216,0x1.6a15ad853ff58p-437,0x1.1547d15eabcfp-510,0x1.6a15ad853ff59p-437,3.98530971847951909e-132
6,217,0x1.44fdb0580fc49p-439,0x1.1547d15eabcfp-510,0x1.44fdb0580fc4ap-439,8.94258825740771880e-133
6,218,0x1.237c0159cc4ap-441,0x1.1547d15eabcfp-510,0x1.237c0159cc4a1p-441,2.00515180237301116e-133
6,219,0x1.053dec4de9d37p-443,0x1.1547d15eabcfp-510,0x1.053dec4de9d38p-443,4.49277601474441137e-134
6,220,0x1.d3ef0d6b86d0ap-446,0x1.1547d15eabcfp-510,0x1.d3ef0d6b86d0bp-446,1.00592681120738686e-134
6,221,0x1.a2c665d1514a1p-448,0x1.1547d15eabcfp-510,0x1.a2c665d1514a2p-448,2.25062280580104954e-135
6,222,0x1.768254ad095d9p-450,0x1.1547d15eabcfp-510,0x1.768254ad095dap-450,5.03181153107333029e-136
6,223,0x1.4eae1d76a6f15p-452,0x1.1547d15eabcfp-510,0x1.4eae1d76a6f16p-452,1.12416984827376517e-136
6,224,0x1.2adf040c32149p-454,0x1.1547d15eabcfp-510,0x1.2adf040c3214ap-454,2.50972424356939772e-137
6,225,0x1.0ab38966a5a46p-456,0x1.1547d15eabcfp-510,0x1.0ab38966a5a47p-456,5.59895748143961639e-138
6,226,0x1.dba5696379a8dp-459,0x1.1547d15eabcfp-510,0x1.dba5696379a9p-459,1.24817649812874199e-138
6,227,0x1.a7d6d07fe1e94p-461,0x1.1547d15eabcfp-510,0x1.a7d6d07fe1e9ep-461,2.78056512758783848e-139
6,228,0x1.796783a4d4ce4p-463,0x1.1547d15eabcfp-510,0x1.796783a4d4d08p-463,6.18983320896210171e-140
6,229,0x1.4fd10b585f5bfp-465,0x1.1547d15eabcfp-510,0x1.4fd10b585f64bp-465,1.37693736269225290e-140
6,230,0x1.2a9927d0aab1ap-467,0x1.1547d15eabcfp-510,0x1.2a9927d0aad46p-467,3.06083090516782541e-141
6,231,0x1.0950cf186bff8p-469,0x1.1547d15eabcfp-510,0x1.0950cf186c8a3p-469,6.79915517214255581e-142
6,232,0x1.d7267b42d5ec5p-472,0x1.1547d15eabcfp-510,0x1.d7267b42da418p-472,1.50925134014424937e-142
6,233,0x1.a20a3080a6266p-474,0x1.1547d15eabcfp-510,0x1.a20a3080b77afp-474,3.34780168754842680e-143
6,234,0x1.72a73d26742abp-476,0x1.1547d15eabcfp-510,0x1.72a73d26b97cbp-476,7.42078659744187699e-144
6,235,0x1.4867d9b6b096ep-478,0x1.1547d15eabcfp-510,0x1.4867d9b7c5decp-478,1.64373857995637889e-144
6,236,0x1.22c498b476cc5p-480,0x1.1547d15eabcfp-510,0x1.22c498b8cbebap-480,3.63838505017833253e-145
6,237,0x1.0143229624aeap-482,0x1.1547d15eabcfp-510,0x1.014322a7792bcp-482,8.04781870016652779e-146
6,238,0x1.c6ea1665f836bp-485,0x1.1547d15eabcfp-510,0x1.c6ea16f09c1f7p-485,1.77886026384984974e-146
6,239,0x1.91ed7e01b9cedp-487,0x1.1547d15eabcfp-510,0x1.91ed802c4971ap-487,3.92916370977704435e-147
6,240,0x1.62dd0d13a0235p-489,0x1.1547d15eabcfp-510,0x1.62dd15bddeae5p-489,8.67268604353383606e-148
6,241,0x1.39173d280a345p-491,0x1.1547d15eabcfp-510,0x1.39175fd104603p-491,1.91294803032736178e-148
6,242,0x1.140ac713ca9bcp-493,0x1.1547d15eabcfp-510,0x1.140b51b7b34b2p-493,4.21648756178730072e-149
6,243,0x1.e66a3b0b36fb5p-496,0x1.1547d15eabcfp-510,0x1.e66e902a7c761p-496,9.28761538045248096e-150
6,244,0x1.ac42117f175ddp-498,0x1.1547d15eabcfp-510,0x1.ac5365fc2d48ap-498,2.04454372691094727e-150
6,245,0x1.78cac207fcd83p-500,0x1.1547d15eabcfp-510,0x1.791013fc54833p-500,4.49962060229070217e-151
6,246,0x1.4b47cacc054a4p-502,0x1.1547d15eabcfp-510,0x1.4c5d129d63f62p-502,9.91552286625959706e-152
6,247,0x1.231059a00eda8p-504,0x1.1547d15eabcfp-510,0x1.276578e58989dp-504,2.20316682286661436e-152
6,248,0x1.ff1abcd8a1c65p-507,0x1.1547d15eabcfp-510,0x1.10e1db823ba03p-506,5.08812210603578317e-153
6,249,0x1.c06f94296592ap-509,0x1.1547d15eabcfp-510,0x1.2589be6c5dbd2p-508,1.36831680191879758e-153
6,250,0x1.892deca231b51p-511,0x1.1547d15eabcfp-510,0x1.d9dec7afc4a99p-510,5.52232136108273216e-154
6,251,0x1.587e663ddf19dp-513,0x1.1547d15eabcfp-510,0x1.40579e2667b25p-510,3.73315891057680231e-154
6,252,0x1.2da0ed5f48572p-515,0x1.1547d15eabcfp-510,0x1.1eb4d8c9a611dp-510,3.34117854144802057e-154
6,253,0x1.07ea59ded8217p-517,0x1.1547d15eabcfp-510,0x1.1757a612697f5p-510,3.25536036616253266e-154
6,254,0x1.cd848fd29f09bp-520,0x1.1547d15eabcfp-510,0x1.15bb3282a076dp-510,3.23658471204098144e-154
6,255,0x1.93424b698d92ap-522,0x1.1547d15eabcfp-510,0x1.156105836267fp-510,3.23247972170866048e-154
6,256,0x1.601ce2dfafdadp-524,0x1.1547d15eabcfp-510,0x1.154d51d2374ddp-510,3.23158284885547487e-154
6,257,0x1.333e4650daca3p-526,0x1.1547d15eabcfp-510,0x1.1549049cf21ffp-510,3.23138703126267254e-154
6,258,0x1.0be87d77f7018p-528,0x1.1547d15eabcfp-510,0x1.15481458cb2d1p-510,3.23134430695537829e-154
6,259,0x1.d2e628c8252dfp-531,0x1.1547d15eabcfp-510,0x1.1547dff5dd155p-510,3.23133499156096981e-154
6,260,0x1.969194b062999p-533,0x1.1547d15eabcfp-510,0x1.1547d48bcef87p-510,3.23133296186609405e-154
6,261,0x1.61caf96d4749cp-535,0x1.1547d15eabcfp-510,0x1.1547d20f914bcp-510,3.23133251992544924e-154
6,262,0x1.33a890b425bdfp-537,0x1.1547d15eabcfp-510,0x1.1547d18520e12p-510,3.23133242376395526e-154
6,263,0x1.0b5bb86decc73p-539,0x1.1547d15eabcfp-510,0x1.1547d16706acdp-510,3.23133240285449098e-154
6,264,0x1.d05be2407daa6p-542,0x1.1547d15eabcfp-510,0x1.1547d1607c2afp-510,3.23133239831100245e-154
6,265,0x1.92fc59c34e11cp-544,0x1.1547d15eabcfp-510,0x1.1547d15f108e2p-510,3.23133239732440214e-154
6,266,0x1.5d7ccdfa2df91p-546,0x1.1547d15eabcfp-510,0x1.1547d15ec1a6ep-510,3.23133239711031151e-154
6,267,0x1.2ee2fa2bc7fd9p-548,0x1.1547d15eabcfp-510,0x1.1547d15eb08aap-510,3.23133239706388550e-154
6,268,0x1.0652865eded29p-550,0x1.1547d15eabcfp-510,0x1.1547d15eacd56p-510,3.23133239705382446e-154
6,269,0x1.c6133140cba0cp-553,0x1.1547d15eabcfp-510,0x1.1547d15eac07dp-510,3.23133239705164571e-154
6,270,0x1.88bb844d7e96fp-555,0x1.1547d15eabcfp-510,0x1.1547d15eabdb5p-510,3.23133239705117406e-154
6,271,0x1.53726aaf7fc52p-557,0x1.1547d15eabcfp-510,0x1.1547d15eabd1bp-510,3.23133239705107205e-154
6,272,0x1.253037351dd67p-559,0x1.1547d15eabcfp-510,0x1.1547d15eabcfap-510,3.23133239705105019e-154
6,273,0x1.fa165223897abp-562,0x1.1547d15eabcfp-510,0x1.1547d15eabcf3p-510,3.23133239705104555e-154
6,274,0x1.b45b9fa8c77aap-564,0x1.1547d15eabcfp-510,0x1.1547d15eabcf1p-510,3.23133239705104422e-154
6,275,0x1.77813fe0fc828p-566,0x1.1547d15eabcfp-510,0x1.1547d15eabcf1p-510,3.23133239705104422e-154
6,276,0x1.4156afd2bf028p-568,0x1.1547d15eabcfp-510,0x1.1547d15eabcf1p-510,3.23133239705104422e-154
6,277,0x1.0dcc13082eb5fp-570,0x1.1547d15eabcfp-510,0x1.1547d15eabcf1p-510,3.23133239705104422e-154
6,278,0x1.a737c0fab29bep-573,0x1.1547d15eabcfp-510,0x1.1547d15eabcf1p-510,3.23133239705104422e-154
6,279,0x1.fd0e176c15f1fp-576,0x1.1547d15eabcfp-510,0x1.1547d15eabcf1p-510,3.23133239705104422e-154
6,280,0x0p+0,0x1.1547d15eabcfp-510,0x1.1547d15eabcfp-510,3.23133239705104356e-154
7,0,0x1.1c1d611f29f9p-4,0x1.1d4c4d74edf42p-509,0x1.1c1d611f29f91p-4,6.93639558618299873e-02
7,1,0x1.8eaa787fffec2p-6,0x1.1d4c4d74edf42p-509,0x1.8eaa787fffec3p-6,2.43326355703164070e-02
7,2,0x1.08c28a0d6815ap-7,0x1.1d4c4d74edf42p-509,0x1.08c28a0d6815bp-7,8.07983151281692867e-03
7,3,0x1.51a9136ac84afp-9,0x1.1d4c4d74edf42p-509,0x1.51a9136ac84bp-9,2.57614480996489620e-03
7,4,0x1.a2e7906da27f2p-11,0x1.1d4c4d74edf42p-509,0x1.a2e7906da27f3p-11,7.98997016049128573e-04
7,5,0x1.feff4efd90765p-13,0x1.1d4c4d74edf42p-509,0x1.feff4efd90766p-13,2.43662499928072585e-04
7,6,0x1.34d1fe15c4495p-14,0x1.1d4c4d74edf42p-509,0x1.34d1fe15c4496p-14,7.36284931373169316e-05
7,7,0x1.738d7adc74603p-16,0x1.1d4c4d74edf42p-509,0x1.738d7adc74604p-16,2.21462640739907842e-05
7,8,0x1.bddf6ebf23902p-18,0x1.1d4c4d74edf42p-509,0x1.bddf6ebf23903p-18,6.64402222051567193e-06
7,9,0x1.0af4658b5f13ap-19,0x1.1d4c4d74edf42p-509,0x1.0af4658b5f13bp-19,1.98896731767712350e-06
7,10,0x1.3ee5ca9d0357dp-21,0x1.1d4c4d74edf42p-509,0x1.3ee5ca9d0357ep-21,5.93993110366348677e-07
7,11,0x1.7be6421104ac9p-23,0x1.1d4c4d74edf42p-509,0x1.7be6421104acap-23,1.76904464883005903e-07
7,12,0x1.c33bcf6c9adf5p-25,0x1.1d4c4d74edf42p-509,0x1.c33bcf6c9adf6p-25,5.25305086971140293e-08
7,13,0x1.0b2f62727ceb8p-26,0x1.1d4c4d74edf42p-509,0x1.0b2f62727ceb9p-26,1.55522194653366967e-08
7,14,0x1.3b81cf1d73e1bp-28,0x1.1d4c4d74edf42p-509,0x1.3b81cf1d73e1cp-28,4.59123208674793537e-09
7,15,0x1.7390c1cd657f7p-30,0x1.1d4c4d74edf42p-509,0x1.7390c1cd657f8p-30,1.35174725870046349e-09
7,16,0x1.b47bd40bec397p-32,0x1.1d4c4d74edf42p-509,0x1.b47bd40bec398p-32,3.96979616492838132e-10
7,17,0x1.ff899df2b25b5p-34,0x1.1d4c4d74edf42p-509,0x1.ff899df2b25b6p-34,1.16310176587315665e-10
7,18,0x1.2b15b253af3d7p-35,0x1.1d4c4d74edf42p-509,0x1.2b15b253af3d8p-35,3.40019997000172154e-11
7,19,0x1.5d00c7a3c86dfp-37,0x1.1d4c4d74edf42p-509,0x1.5d00c7a3c86ep-37,9.91926317116300166e-12
7,20,0x1.96706408e863ep-39,0x1.1d4c4d74edf42p-509,0x1.96706408e863fp-39,2.88792297744927147e-12
7,21,0x1.d86bd5b5eb86dp-41,0x1.1d4c4d74edf42p-509,0x1.d86bd5b5eb86ep-41,8.39188682482736834e-13
7,22,0x1.120d3d5acd16ep-42,0x1.1d4c4d74edf42p-509,0x1.120d3d5acd16fp-42,2.43406821319338094e-13
7,23,0x1.3d638bf25d337p-44,0x1.1d4c4d74edf42p-509,0x1.3d638bf25d338p-44,7.04744827312761695e-14
7,24,0x1.6ef1bb496a212p-46,0x1.1d4c4d74edf42p-509,0x1.6ef1bb496a213p-46,2.03694985334237349e-14
7,25,0x1.a786287be1eb7p-48,0x1.1d4c4d74edf42p-509,0x1.a786287be1eb8p-48,5.87757697006384261e-15
7,26,0x1.e806ca7c87c1ap-50,0x1.1d4c4d74edf42p-509,0x1.e806ca7c87c1bp-50,1.69318214725952151e-15
7,27,0x1.18b9c0cdf30fp-51,0x1.1d4c4d74edf42p-509,0x1.18b9c0cdf30f1p-51,4.86981285527799756e-16
7,28,0x1.42744bc9e3ep-53,0x1.1d4c4d74edf42p-509,0x1.42744bc9e3e01p-53,1.39842252987001243e-16
7,29,0x1.71d0b9193bc2fp-55,0x1.1d4c4d74edf42p-509,0x1.71d0b9193bc3p-55,4.00954578111235167e-17
7,30,0x1.a77dbd62f664ep-57,0x1.1d4c4d74edf42p-509,0x1.a77dbd62f664fp-57,1.14787511922854498e-17
7,31,0x1.e43c9e47c9283p-59,0x1.1d4c4d74edf42p-509,0x1.e43c9e47c9284p-59,3.28131612435589242e-18
7,32,0x1.14716f2ca1d33p-60,0x1.1d4c4d74edf42p-509,0x1.14716f2ca1d34p-60,9.36625663895129841e-19
7,33,0x1.3b2e038921cebp-62,0x1.1d4c4d74edf42p-509,0x1.3b2e038921cecp-62,2.66967625315305371e-19
7,34,0x1.66d5c90a24c8ep-64,0x1.1d4c4d74edf42p-509,0x1.66d5c90a24c8fp-64,7.59862878437928811e-20
7,35,0x1.97f779719e2d9p-66,0x1.1d4c4d74edf42p-509,0x1.97f779719e2dap-66,2.15975771001428411e-20
7,36,0x1.cf2fe12495754p-68,0x1.1d4c4d74edf42p-509,0x1.cf2fe12495755p-68,6.13022928808989065e-21
7,37,0x1.0695831e11beep-69,0x1.1d4c4d74edf42p-509,0x1.0695831e11befp-69,1.73763536311826018e-21
7,38,0x1.2952b0baf726fp-71,0x1.1d4c4d74edf42p-509,0x1.2952b0baf727p-71,4.91879657737249093e-22
7,39,0x1.503694bc5bc73p-73,0x1.1d4c4d74edf42p-509,0x1.503694bc5bc74p-73,1.39054523268846382e-22
7,40,0x1.7bb1d86a30919p-75,0x1.1d4c4d74edf42p-509,0x1.7bb1d86a3091ap-75,3.92595126927301802e-23
7,41,0x1.ac3f6b8aecf22p-77,0x1.1d4c4d74edf42p-509,0x1.ac3f6b8aecf23p-77,1.10699444853436097e-23
7,42,0x1.e265469b36dd9p-79,0x1.1d4c4d74edf42p-509,0x1.e265469b36ddap-79,3.11740855490997087e-24
7,43,0x1.0f5a9b66b54aep-80,0x1.1d4c4d74edf42p-509,0x1.0f5a9b66b54afp-80,8.76791848144219146e-25
7,44,0x1.30e6d9f0439fep-82,0x1.1d4c4d74edf42p-509,0x1.30e6d9f0439ffp-82,2.46297682684288656e-25
7,45,0x1.562d5fe92229p-84,0x1.1d4c4d74edf42p-509,0x1.562d5fe922291p-84,6.91021442622382138e-26
7,46,0x1.7f8b68319e68ep-86,0x1.1d4c4d74edf42p-509,0x1.7f8b68319e68fp-86,1.93640516932356690e-26
7,47,0x1.ad65e12b188f3p-88,0x1.1d4c4d74edf42p-509,0x1.ad65e12b188f4p-88,5.41976430374676001e-27
7,48,0x1.e029eb222ef62p-90,0x1.1d4c4d74edf42p-509,0x1.e029eb222ef63p-90,1.51512962330936441e-27
7,49,0x1.0c26adb433724p-91,0x1.1d4c4d74edf42p-509,0x1.0c26adb433725p-91,4.23067820049221676e-28
7,50,0x1.2b27a1fcd670dp-93,0x1.1d4c4d74edf42p-509,0x1.2b27a1fcd670ep-93,1.17995769272494233e-28
7,51,0x1.4d5c3fc071bdap-95,0x1.1d4c4d74edf42p-509,0x1.4d5c3fc071bdbp-95,3.28718682137517332e-29
7,52,0x1.730e20c285666p-97,0x1.1d4c4d74edf42p-509,0x1.730e20c285667p-97,9.14721659375238847e-30
7,53,0x1.9c8c553f2c64cp-99,0x1.1d4c4d74edf42p-509,0x1.9c8c553f2c64dp-99,2.54252443265064201e-30
7,54,0x1.ca2bafc3f35a9p-101,0x1.1d4c4d74edf42p-509,0x1.ca2bafc3f35aap-101,7.05923660685208848e-31
7,55,0x1.fc4712abb4d2dp-103,0x1.1d4c4d74edf42p-509,0x1.fc4712abb4d2ep-103,1.95781421013021760e-31
7,56,0x1.199fdf86325f8p-104,0x1.1d4c4d74edf42p-509,0x1.199fdf86325f9p-104,5.42389066210249640e-32
7,57,0x1.37bed26fd72b5p-106,0x1.1d4c4d74edf42p-509,0x1.37bed26fd72b6p-106,1.50099949504758118e-32
7,58,0x1.58b7da1488552p-108,0x1.1d4c4d74edf42p-509,0x1.58b7da1488553p-108,4.14939405408828317e-33
7,59,0x1.7cc6176ae289bp-110,0x1.1d4c4d74edf42p-509,0x1.7cc6176ae289cp-110,1.14584945857429653e-33
7,60,0x1.a4287d861af07p-112,0x1.1d4c4d74edf42p-509,0x1.a4287d861af08p-112,3.16091871879227171e-34
7,61,0x1.cf21facd156bap-114,0x1.1d4c4d74edf42p-509,0x1.cf21facd156bbp-114,8.71055858437820069e-35
7,62,0x1.fdf9a2150e271p-116,0x1.1d4c4d74edf42p-509,0x1.fdf9a2150e272p-116,2.39789153481377539e-35
7,63,0x1.187d69b8579afp-117,0x1.1d4c4d74edf42p-509,0x1.187d69b8579bp-117,6.59428572684573419e-36
7,64,0x1.343ab24085574p-119,0x1.1d4c4d74edf42p-509,0x1.343ab24085575p-119,1.81160890115596597e-36
7,65,0x1.525ee4094b377p-121,0x1.1d4c4d74edf42p-509,0x1.525ee4094b378p-121,4.97191009513105624e-37
7,66,0x1.73169a667acafp-123,0x1.1d4c4d74edf42p-509,0x1.73169a667acbp-123,1.36316310193939014e-37
7,67,0x1.9690e55c8d9abp-125,0x1.1d4c4d74edf42p-509,0x1.9690e55c8d9acp-125,3.73371903107010719e-38
7,68,0x1.bcff5baf13f08p-127,0x1.1d4c4d74edf42p-509,0x1.bcff5baf13f09p-127,1.02166413836011751e-38
7,69,0x1.e6962c192b78dp-129,0x1.1d4c4d74edf42p-509,0x1.e6962c192b78ep-129,2.79287017429508202e-39
7,70,0x1.09c616c699eefp-130,0x1.1d4c4d74edf42p-509,0x1.09c616c699efp-130,7.62733356690680930e-40
7,71,0x1.220d772bcc5bdp-132,0x1.1d4c4d74edf42p-509,0x1.220d772bcc5bep-132,2.08102534385687158e-40
7,72,0x1.3c3f60ffa14c2p-134,0x1.1d4c4d74edf42p-509,0x1.3c3f60ffa14c3p-134,5.67241266630546002e-41
7,73,0x1.587b66de8c177p-136,0x1.1d4c4d74edf42p-509,0x1.587b66de8c178p-136,1.54471088452250826e-41
7,74,0x1.76e289b178384p-138,0x1.1d4c4d74edf42p-509,0x1.76e289b178385p-138,4.20260522904875197e-42
7,75,0x1.97973d44b9779p-140,0x1.1d4c4d74edf42p-509,0x1.97973d44b977ap-140,1.14231266434116440e-42
7,76,0x1.babd6bedd3fd2p-142,0x1.1d4c4d74edf42p-509,0x1.babd6bedd3fd3p-142,3.10205390682177034e-43
7,77,0x1.e07a792b35499p-144,0x1.1d4c4d74edf42p-509,0x1.e07a792b3549ap-144,8.41617075025587285e-44
7,78,0x1.047aa19463897p-145,0x1.1d4c4d74edf42p-509,0x1.047aa19463898p-145,2.28130538711760071e-44
7,79,0x1.1a2b118a17547p-147,0x1.1d4c4d74edf42p-509,0x1.1a2b118a17548p-147,6.17815494251465861e-45
7,80,0x1.31637615c849bp-149,0x1.1d4c4d74edf42p-509,0x1.31637615c849cp-149,1.67164244108908213e-45
7,81,0x1.4a3974b8e9138p-151,0x1.1d4c4d74edf42p-509,0x1.4a3974b8e9139p-151,4.51897457869609115e-46
7,82,0x1.64c36cf9c9cc4p-153,0x1.1d4c4d74edf42p-509,0x1.64c36cf9c9cc5p-153,1.22053705748597880e-46
7,83,0x1.811875c43f0ccp-155,0x1.1d4c4d74edf42p-509,0x1.811875c43f0cdp-155,3.29366332150334813e-47
7,84,0x1.9f5059fe81f21p-157,0x1.1d4c4d74edf42p-509,0x1.9f5059fe81f22p-157,8.88029011124940273e-48
7,85,0x1.bf839448aabaap-159,0x1.1d4c4d74edf42p-509,0x1.bf839448aababp-159,2.39219915342168735e-48
7,86,0x1.e1cb49dd8c29fp-161,0x1.1d4c4d74edf42p-509,0x1.e1cb49dd8c2ap-161,6.43861128455135549e-49
7,87,0x1.0320a246165f7p-162,0x1.1d4c4d74edf42p-509,0x1.0320a246165f8p-162,1.73146693384745051e-49
7,88,0x1.167ff5e0d2451p-164,0x1.1d4c4d74edf42p-509,0x1.167ff5e0d2452p-164,4.65227849351315298e-50
7,89,0x1.2b111e4de18f2p-166,0x1.1d4c4d74edf42p-509,0x1.2b111e4de18f3p-166,1.24896151953258974e-50
7,90,0x1.40e1e07ec86abp-168,0x1.1d4c4d74edf42p-509,0x1.40e1e07ec86acp-168,3.35016786117935607e-51
7,91,0x1.580042cfc0df5p-170,0x1.1d4c4d74edf42p-509,0x1.580042cfc0df6p-170,8.97884555719566211e-52
7,92,0x1.707a878b034edp-172,0x1.1d4c4d74edf42p-509,0x1.707a878b034eep-172,2.40443525541445895e-52
7,93,0x1.8a5f26e508b7cp-174,0x1.1d4c4d74edf42p-509,0x1.8a5f26e508b7dp-174,6.43348833192445075e-53
7,94,0x1.a5bcc8700f398p-176,0x1.1d4c4d74edf42p-509,0x1.a5bcc8700f399p-176,1.71997822420574520e-53
7,95,0x1.c2a23c05b029p-178,0x1.1d4c4d74edf42p-509,0x1.c2a23c05b0291p-178,4.59456606428123321e-54
7,96,0x1.e11e7225e68c1p-180,0x1.1d4c4d74edf42p-509,0x1.e11e7225e68c2p-180,1.22634667919745782e-54
7,97,0x1.00a039e5be59ep-181,0x1.1d4c4d74edf42p-509,0x1.00a039e5be59fp-181,3.27062895282453114e-55
7,98,0x1.118bacdb3bb25p-183,0x1.1d4c4d74edf42p-509,0x1.118bacdb3bb26p-183,8.71566585537216224e-56
7,99,0x1.23592196de199p-185,0x1.1d4c4d74edf42p-509,0x1.23592196de19ap-185,2.32072205505284770e-56
7,100,0x1.3610261cef34p-187,0x1.1d4c4d74edf42p-509,0x1.3610261cef341p-187,6.17448733964775902e-57
7,101,0x1.49b841add8f25p-189,0x1.1d4c4d74edf42p-509,0x1.49b841add8f26p-189,1.64148084419993242e-57
7,102,0x1.5e58ef60fe581p-191,0x1.1d4c4d74edf42p-509,0x1.5e58ef60fe582p-191,4.36043447827395469e-58
7,103,0x1.73f998812ed82p-193,0x1.1d4c4d74edf42p-509,0x1.73f998812ed83p-193,1.15740300198497349e-58
7,104,0x1.8aa18ead20538p-195,0x1.1d4c4d74edf42p-509,0x1.8aa18ead20539p-195,3.06974407575210700e-59
7,105,0x1.a25805bebdce5p-197,0x1.1d4c4d74edf42p-509,0x1.a25805bebdce6p-197,8.13550029117511853e-60
7,106,0x1.bb240d7c7c0d7p-199,0x1.1d4c4d74edf42p-509,0x1.bb240d7c7c0d8p-199,2.15443137516690570e-60
7,107,0x1.d50c8b184880bp-201,0x1.1d4c4d74edf42p-509,0x1.d50c8b184880cp-201,5.70097475977409510e-61
7,108,0x1.f01832800a1c9p-203,0x1.1d4c4d74edf42p-509,0x1.f01832800a1cap-203,1.50742372108290453e-61
7,109,0x1.0626bfc207062p-204,0x1.1d4c4d74edf42p-509,0x1.0626bfc207063p-204,3.98284165071557067e-62
7,110,0x1.14d9576c0da7ap-206,0x1.1d4c4d74edf42p-509,0x1.14d9576c0da7bp-206,1.05153533673519881e-62
7,111,0x1.2426db7a23943p-208,0x1.1d4c4d74edf42p-509,0x1.2426db7a23944p-208,2.77414708032682802e-63
7,112,0x1.3412206d8075ep-210,0x1.1d4c4d74edf42p-509,0x1.3412206d8075fp-210,7.31326805321163083e-64
7,113,0x1.449dd065127d1p-212,0x1.1d4c4d74edf42p-509,0x1.449dd065127d2p-212,1.92651099861723664e-64
7,114,0x1.55cc676e9e137p-214,0x1.1d4c4d74edf42p-509,0x1.55cc676e9e138p-214,5.07120370034045850e-65
7,115,0x1.67a02fd3aee9bp-216,0x1.1d4c4d74edf42p-509,0x1.67a02fd3aee9cp-216,1.33392596884687928e-65
7,116,0x1.7a1b3e65bb845p-218,0x1.1d4c4d74edf42p-509,0x1.7a1b3e65bb846p-218,3.50618665465828495e-66
7,117,0x1.8d3f6eccff8e7p-220,0x1.1d4c4d74edf42p-509,0x1.8d3f6eccff8e8p-220,9.20921203359780250e-67
7,118,0x1.a10e5fddb1379p-222,0x1.1d4c4d74edf42p-509,0x1.a10e5fddb137ap-222,2.41710505917266960e-67
7,119,0x1.b5896ff7528eep-224,0x1.1d4c4d74edf42p-509,0x1.b5896ff7528efp-224,6.33950949125532300e-68
7,120,0x1.cab1b971f893dp-226,0x1.1d4c4d74edf42p-509,0x1.cab1b971f893ep-226,1.66151511831668149e-68
7,121,0x1.e0880f1d76ba4p-228,0x1.1d4c4d74edf42p-509,0x1.e0880f1d76ba5p-228,4.35153887593128771e-69
7,122,0x1.f70cf8d66e433p-230,0x1.1d4c4d74edf42p-509,0x1.f70cf8d66e434p-230,1.13886636141617990e-69
7,123,0x1.0720581aa6935p-231,0x1.1d4c4d74edf42p-509,0x1.0720581aa6936p-231,2.97848466465824117e-70
7,124,0x1.13118eada7e39p-233,0x1.1d4c4d74edf42p-509,0x1.13118eada7e3ap-233,7.78416504835527521e-71
7,125,0x1.1f59e9f0cdc7bp-235,0x1.1d4c4d74edf42p-509,0x1.1f59e9f0cdc7cp-235,2.03293787864514984e-71
7,126,0x1.2bf907f7430efp-237,0x1.1d4c4d74edf42p-509,0x1.2bf907f7430fp-237,5.30558048464125249e-72
7,127,0x1.38ee59ba8ac7dp-239,0x1.1d4c4d74edf42p-509,0x1.38ee59ba8ac7ep-239,1.38369297989727721e-72
7,128,0x1.463921d15cc79p-241,0x1.1d4c4d74edf42p-509,0x1.463921d15cc7ap-241,3.60616742693478107e-73
7,129,0x1.53d8733f956acp-243,0x1.1d4c4d74edf42p-509,0x1.53d8733f956adp-243,9.39188190251192568e-74
7,130,0x1.61cb306123bf7p-245,0x1.1d4c4d74edf42p-509,0x1.61cb306123bf8p-245,2.44433766964337357e-74
7,131,0x1.701009f1d2c74p-247,0x1.1d4c4d74edf42p-509,0x1.701009f1d2c75p-247,6.35730219857336328e-75
7,132,0x1.7ea57e33b97b3p-249,0x1.1d4c4d74edf42p-509,0x1.7ea57e33b97b4p-249,1.65229964957368370e-75
7,133,0x1.8d89d8360947cp-251,0x1.1d4c4d74edf42p-509,0x1.8d89d8360947dp-251,4.29151138462590678e-76
7,134,0x1.9cbb2f3ddc655p-253,0x1.1d4c4d74edf42p-509,0x1.9cbb2f3ddc656p-253,1.11388003791646805e-76
7,135,0x1.ac3766528c4aap-255,0x1.1d4c4d74edf42p-509,0x1.ac3766528c4abp-255,2.88917894704130814e-77
7,136,0x1.bbfc2beefce29p-257,0x1.1d4c4d74edf42p-509,0x1.bbfc2beefce2ap-257,7.48892517144534749e-78
7,137,0x1.cc06f9d92b41ap-259,0x1.1d4c4d74edf42p-509,0x1.cc06f9d92b41bp-259,1.93987933101759345e-78
7,138,0x1.dc5515212e1d5p-261,0x1.1d4c4d74edf42p-509,0x1.dc5515212e1d6p-261,5.02158995907243700e-79
7,139,0x1.ece38e48b3be9p-263,0x1.1d4c4d74edf42p-509,0x1.ece38e48b3beap-263,1.29903306015552290e-79
7,140,0x1.fdaf4193e4bd5p-265,0x1.1d4c4d74edf42p-509,0x1.fdaf4193e4bd6p-265,3.35824742664806263e-80
7,141,0x1.075a6bc235ecdp-266,0x1.1d4c4d74edf42p-509,0x1.075a6bc235ecep-266,8.67600510848345455e-81
7,142,0x1.0ff862bf9da77p-268,0x1.1d4c4d74edf42p-509,0x1.0ff862bf9da78p-268,2.23997209505670390e-81
7,143,0x1.18afa74ebef0dp-270,0x1.1d4c4d74edf42p-509,0x1.18afa74ebef0ep-270,5.77939241802155145e-82
7,144,0x1.217e42547b61dp-272,0x1.1d4c4d74edf42p-509,0x1.217e42547b61ep-272,1.49018291678064154e-82
7,145,0x1.2a6224a1f360ap-274,0x1.1d4c4d74edf42p-509,0x1.2a6224a1f360bp-274,3.83986397094617559e-83
7,146,0x1.3359279e2febdp-276,0x1.1d4c4d74edf42p-509,0x1.3359279e2febep-276,9.88808045214970568e-84
7,147,0x1.3c610e0561012p-278,0x1.1d4c4d74edf42p-509,0x1.3c610e0561013p-278,2.54465584578448498e-84
7,148,0x1.457784bd76b0dp-280,0x1.1d4c4d74edf42p-509,0x1.457784bd76b0ep-280,6.54437286205725037e-85
7,149,0x1.4e9a23bfc3657p-282,0x1.1d4c4d74edf42p-509,0x1.4e9a23bfc3658p-282,1.68201525431988701e-85
7,150,0x1.57c66f173e5a2p-284,0x1.1d4c4d74edf42p-509,0x1.57c66f173e5a3p-284,4.32031809800337920e-86
7,151,0x1.60f9d7f2e5d89p-286,0x1.1d4c4d74edf42p-509,0x1.60f9d7f2e5d8ap-286,1.10898683920984451e-86
7,152,0x1.6a31bdcba9876p-288,0x1.1d4c4d74edf42p-509,0x1.6a31bdcba9877p-288,2.84487309214512650e-87
7,153,0x1.736b6f9d2e468p-290,0x1.1d4c4d74edf42p-509,0x1.736b6f9d2e469p-290,7.29333553573531136e-88
7,154,0x1.7ca42d30a6b24p-292,0x1.1d4c4d74edf42p-509,0x1.7ca42d30a6b25p-292,1.86860378985687892e-88
7,155,0x1.85d92878e581fp-294,0x1.1d4c4d74edf42p-509,0x1.85d92878e582p-294,4.78450403351568401e-89
7,156,0x1.8f0786feb9f92p-296,0x1.1d4c4d74edf42p-509,0x1.8f0786feb9f93p-296,1.22429539857907279e-89
7,157,0x1.982c635c92549p-298,0x1.1d4c4d74edf42p-509,0x1.982c635c9254ap-298,3.13087707366103023e-90
7,158,0x1.a144cec84cbf5p-300,0x1.1d4c4d74edf42p-509,0x1.a144cec84cbf6p-300,8.00160719685473700e-91
7,159,0x1.aa4dd2aa0d326p-302,0x1.1d4c4d74edf42p-509,0x1.aa4dd2aa0d327p-302,2.04371695280872818e-91
7,160,0x1.b344723edd735p-304,0x1.1d4c4d74edf42p-509,0x1.b344723edd736p-304,5.21671922150515852e-92
7,161,0x1.bc25ac45cc91bp-306,0x1.1d4c4d74edf42p-509,0x1.bc25ac45cc91cp-306,1.33078608423094145e-92
7,162,0x1.c4ee7cb634d1ep-308,0x1.1d4c4d74edf42p-509,0x1.c4ee7cb634d1fp-308,3.39276658768603561e-93
7,163,0x1.cd9bde7dc1cafp-310,0x1.1d4c4d74edf42p-509,0x1.cd9bde7dc1cbp-310,8.64441320914394467e-94
7,164,0x1.d62acd44c506ap-312,0x1.1d4c4d74edf42p-509,0x1.d62acd44c506bp-312,2.20117063794836823e-94
7,165,0x1.de9847375d703p-314,0x1.1d4c4d74edf42p-509,0x1.de9847375d704p-314,5.60156532583650164e-95
7,166,0x1.e6e14ed1edcaap-316,0x1.1d4c4d74edf42p-509,0x1.e6e14ed1edcabp-316,1.42463443352071073e-95
7,167,0x1.ef02ecaf571d5p-318,0x1.1d4c4d74edf42p-509,0x1.ef02ecaf571d6p-318,3.62106762369035749e-96
7,168,0x1.f6fa3157680d2p-320,0x1.1d4c4d74edf42p-509,0x1.f6fa3157680d3p-320,9.19834767347749459e-97
7,169,0x1.fec4370bee431p-322,0x1.1d4c4d74edf42p-509,0x1.fec4370bee432p-322,2.33519851728564541e-97
7,170,0x1.032f11c96b05cp-323,0x1.1d4c4d74edf42p-509,0x1.032f11c96b05dp-323,5.92487779791634048e-98
7,171,0x1.06e294fde26edp-325,0x1.1d4c4d74edf42p-509,0x1.06e294fde26eep-325,1.50237169289060747e-98
7,172,0x1.0a7b462fceb9ep-327,0x1.1d4c4d74edf42p-509,0x1.0a7b462fceb9fp-327,3.80731299879357438e-99
7,173,0x1.0df7cecc305b9p-329,0x1.1d4c4d74edf42p-509,0x1.0df7cecc305bap-329,9.64281309909098393e-100
7,174,0x1.1156e177f23p-331,0x1.1d4c4d74edf42p-509,0x1.1156e177f2301p-331,2.44080830042355978e-100
7,175,0x1.14973ae1efe3fp-333,0x1.1d4c4d74edf42p-509,0x1.14973ae1efe4p-333,6.17460411934538154e-101
7,176,0x1.17b7a28eec901p-335,0x1.1d4c4d74edf42p-509,0x1.17b7a28eec902p-335,1.56110046228295363e-101
7,177,0x1.1ab6eb9ec3fffp-337,0x1.1d4c4d74edf42p-509,0x1.1ab6eb9ec4p-337,3.94456965696041710e-102
7,178,0x1.1d93f58a2798ap-339,0x1.1d4c4d74edf42p-509,0x1.1d93f58a2798bp-339,9.96130412800621681e-103
7,179,0x1.204dacd83ee9cp-341,0x1.1d4c4d74edf42p-509,0x1.204dacd83ee9dp-341,2.51409280686671432e-103
7,180,0x1.22e30bcb8bce5p-343,0x1.1d4c4d74edf42p-509,0x1.22e30bcb8bce6p-343,6.34155383179513927e-104
7,181,0x1.25531b057aa2cp-345,0x1.1d4c4d74edf42p-509,0x1.25531b057aa2dp-345,1.59867455891867388e-104
7,182,0x1.279cf2201060ap-347,0x1.1d4c4d74edf42p-509,0x1.279cf2201060bp-347,4.02786745047945733e-105
7,183,0x1.29bfb83d32252p-349,0x1.1d4c4d74edf42p-509,0x1.29bfb83d32253p-349,1.01424230396735259e-105
7,184,0x1.2bbaa48b0c4b6p-351,0x1.1d4c4d74edf42p-509,0x1.2bbaa48b0c4b7p-351,2.55246871338656611e-106
7,185,0x1.2d8cfebd29f05p-353,0x1.1d4c4d74edf42p-509,0x1.2d8cfebd29f06p-353,6.41995517175819555e-107
7,186,0x1.2f361f79d966dp-355,0x1.1d4c4d74edf42p-509,0x1.2f361f79d966ep-355,1.61382754995186041e-107
7,187,0x1.30b570bb85982p-357,0x1.1d4c4d74edf42p-509,0x1.30b570bb85983p-357,4.05449258252937581e-108
7,188,0x1.320a6e25b8ab7p-359,0x1.1d4c4d74edf42p-509,0x1.320a6e25b8ab8p-359,1.01805405782532956e-108
7,189,0x1.3334a54d8889dp-361,0x1.1d4c4d74edf42p-509,0x1.3334a54d8889ep-361,2.55482286898210740e-109
7,190,0x1.3433b5f53a8d4p-363,0x1.1d4c4d74edf42p-509,0x1.3433b5f53a8d5p-363,6.40777206154446746e-110
7,191,0x1.3507523af83dfp-365,0x1.1d4c4d74edf42p-509,0x1.3507523af83ep-365,1.60623945528023018e-110
7,192,0x1.35af3eba7c0ecp-367,0x1.1d4c4d74edf42p-509,0x1.35af3eba7c0edp-367,4.02412225600247322e-111
7,193,0x1.362b52a1a9b07p-369,0x1.1d4c4d74edf42p-509,0x1.362b52a1a9b08p-369,1.00760507451705848e-111
7,194,0x1.367b77b8127b9p-371,0x1.1d4c4d74edf42p-509,0x1.367b77b8127bap-371,2.52155522412657222e-112
7,195,0x1.369faa5973389p-373,0x1.1d4c4d74edf42p-509,0x1.369faa597338ap-373,6.30675893054816020e-113
7,196,0x1.3697f96344e89p-375,0x1.1d4c4d74edf42p-509,0x1.3697f96344e8ap-375,1.57653723293816262e-113
7,197,0x1.3664861586b9p-377,0x1.1d4c4d74edf42p-509,0x1.3664861586b91p-377,3.93879272813781666e-114
7,198,0x1.360583e6f337fp-379,0x1.1d4c4d74edf42p-509,0x1.360583e6f338p-379,9.83520808470385392e-115
7,199,0x1.357b384cde9a7p-381,0x1.1d4c4d74edf42p-509,0x1.357b384cde9a8p-381,2.45451753047641159e-115
7,200,0x1.34c5fa770751dp-383,0x1.1d4c4d74edf42p-509,0x1.34c5fa770751ep-383,6.12225633541664635e-116
7,201,0x1.33e632ffacd5p-385,0x1.1d4c4d74edf42p-509,0x1.33e632ffacd51p-385,1.52623105692988178e-116
7,202,0x1.32dc5b904b36dp-387,0x1.1d4c4d74edf42p-509,0x1.32dc5b904b36ep-387,3.80270894468480857e-117
7,203,0x1.31a8fe7b63c0ep-389,0x1.1d4c4d74edf42p-509,0x1.31a8fe7b63c0fp-389,9.46957568067644764e-118
7,204,0x1.304cb64bc440fp-391,0x1.1d4c4d74edf42p-509,0x1.304cb64bc441p-391,2.35685677980239294e-118
7,205,0x1.2ec82d49c7513p-393,0x1.1d4c4d74edf42p-509,0x1.2ec82d49c7514p-393,5.86275448422857087e-119
7,206,0x1.2d1c1cf70ffc7p-395,0x1.1d4c4d74edf42p-509,0x1.2d1c1cf70ffc8p-395,1.45759430336019615e-119
7,207,0x1.2b494d814aa17p-397,0x1.1d4c4d74edf42p-509,0x1.2b494d814aa18p-397,3.62191830057398537e-120
7,208,0x1.2950952c8372ep-399,0x1.1d4c4d74edf42p-509,0x1.2950952c8372fp-399,8.99514686349098725e-121
7,209,0x1.2732d7b5a9185p-401,0x1.1d4c4d74edf42p-509,0x1.2732d7b5a9186p-401,2.23278071679529352e-121
7,210,0x1.24f105add73dep-403,0x1.1d4c4d74edf42p-509,0x1.24f105add73dfp-403,5.53927176245294179e-122
7,211,0x1.228c1bcf0947cp-405,0x1.1d4c4d74edf42p-509,0x1.228c1bcf0947dp-405,1.37349990509945419e-122
7,212,0x1.2005224ad93b6p-407,0x1.1d4c4d74edf42p-509,0x1.2005224ad93b7p-407,3.40388224612569392e-123
7,213,0x1.1d5d2c13f1e31p-409,0x1.1d4c4d74edf42p-509,0x1.1d5d2c13f1e32p-409,8.43122970866520100e-124
7,214,0x1.1a955622dd924p-411,0x1.1d4c4d74edf42p-509,0x1.1a955622dd925p-411,2.08726879001558725e-124
7,215,0x1.17aec6b6dc459p-413,0x1.1d4c4d74edf42p-509,0x1.17aec6b6dc45ap-413,5.16460914039254720e-125
7,216,0x1.14aaac936cc1p-415,0x1.1d4c4d74edf42p-509,0x1.14aaac936cc11p-415,1.27722884328244258e-125
7,217,0x1.118a3e3b3452bp-417,0x1.1d4c4d74edf42p-509,0x1.118a3e3b3452cp-417,3.15698635323255962e-126
7,218,0x1.0e4eb928f019bp-419,0x1.1d4c4d74edf42p-509,0x1.0e4eb928f019cp-419,7.79919839392991581e-127
7,219,0x1.0af9610719745p-421,0x1.1d4c4d74edf42p-509,0x1.0af9610719746p-421,1.92575507527486390e-127
7,220,0x1.078b7ee6e4ebap-423,0x1.1d4c4d74edf42p-509,0x1.078b7ee6e4ebbp-423,4.75254780038552888e-128
7,221,0x1.04066077408efp-425,0x1.1d4c4d74edf42p-509,0x1.04066077408fp-425,1.17226778762672442e-128
7,222,0x1.006b573c72fc4p-427,0x1.1d4c4d74edf42p-509,0x1.006b573c72fc5p-427,2.89003163191657267e-129
7,223,0x1.f9776f91f1512p-430,0x1.1d4c4d74edf42p-509,0x1.f9776f91f1513p-430,7.12121858647867002e-130
7,224,0x1.f1f1b1f0709c3p-432,0x1.1d4c4d74edf42p-509,0x1.f1f1b1f0709c4p-432,1.75380990051965979e-130
7,225,0x1.ea48265744d67p-434,0x1.1d4c4d74edf42p-509,0x1.ea48265744d68p-434,4.31705636937389023e-131
7,226,0x1.e27d7f159466ap-436,0x1.1d4c4d74edf42p-509,0x1.e27d7f159466bp-436,1.06211230475107374e-131
7,227,0x1.da946e8e008bbp-438,0x1.1d4c4d74edf42p-509,0x1.da946e8e008bcp-438,2.61174753665310156e-132
7,228,0x1.d28fa5c5e26aap-440,0x1.1d4c4d74edf42p-509,0x1.d28fa5c5e26abp-440,6.41904603661809943e-133
7,229,0x1.ca71d2fd85cbcp-442,0x1.1d4c4d74edf42p-509,0x1.ca71d2fd85cbdp-442,1.57684438921136674e-133
7,230,0x1.c23da05249e3fp-444,0x1.1d4c4d74edf42p-509,0x1.c23da05249e4p-444,3.87156662570995074e-134
7,231,0x1.b9f5b26b8144cp-446,0x1.1d4c4d74edf42p-509,0x1.b9f5b26b8144dp-446,9.50089878411815544e-135
7,232,0x1.b19ca732da7b9p-448,0x1.1d4c4d74edf42p-509,0x1.b19ca732da7bap-448,2.33036095944276899e-135
7,233,0x1.a93514990bfbap-450,0x1.1d4c4d74edf42p-509,0x1.a93514990bfbbp-450,5.71298053483896566e-136
7,234,0x1.a0c187676d2f7p-452,0x1.1d4c4d74edf42p-509,0x1.a0c187676d2f8p-452,1.39985749467208760e-136
7,235,0x1.9844821f15fc2p-454,0x1.1d4c4d74edf42p-509,0x1.9844821f15fc3p-454,3.42836403255103620e-137
7,236,0x1.8fc07be60e069p-456,0x1.1d4c4d74edf42p-509,0x1.8fc07be60e06bp-456,8.39213648261314055e-138
7,237,0x1.8737df83041d6p-458,0x1.1d4c4d74edf42p-509,0x1.8737df83041d9p-458,2.05324668999896766e-138
7,238,0x1.7ead0a67f5931p-460,0x1.1d4c4d74edf42p-509,0x1.7ead0a67f593bp-460,5.02103428612795857e-139
7,239,0x1.76224bcc1cbc5p-462,0x1.1d4c4d74edf42p-509,0x1.76224bcc1cbeap-462,1.22723908783186694e-139
7,240,0x1.6d99e3d56d5b2p-464,0x1.1d4c4d74edf42p-509,0x1.6d99e3d56d642p-464,2.99812391891455992e-140
7,241,0x1.651602d1d5843p-466,0x1.1d4c4d74edf42p-509,0x1.651602d1d5a7fp-466,7.32073784458621910e-141
7,242,0x1.5c98c8806982p-468,0x1.1d4c4d74edf42p-509,0x1.5c98c8806a10bp-468,1.78667463464533708e-141
7,243,0x1.5424436a91dp-470,0x1.1d4c4d74edf42p-509,0x1.5424436a940abp-470,4.35834787086869104e-142
7,244,0x1.4bba704d42c59p-472,0x1.1d4c4d74edf42p-509,0x1.4bba704d4bbp-472,1.06263611801141556e-142
7,245,0x1.435d399237024p-474,0x1.1d4c4d74edf42p-509,0x1.435d39925aabep-474,2.58960767108896343e-143
7,246,0x1.3b0e76d917509p-476,0x1.1d4c4d74edf42p-509,0x1.3b0e76d9a5f6cp-476,6.30769294699576007e-144
7,247,0x1.32cfec906d03cp-478,0x1.1d4c4d74edf42p-509,0x1.32cfec92a79c7p-478,1.53565881538601922e-144
7,248,0x1.2aa34b9e2eb53p-480,0x1.1d4c4d74edf42p-509,0x1.2aa34ba71917bp-480,3.73686148345613149e-145
7,249,0x1.228a3117aacc9p-482,0x1.1d4c4d74edf42p-509,0x1.228a313b54565p-482,9.08882577375627543e-146
7,250,0x1.1a86260887881p-484,0x1.1d4c4d74edf42p-509,0x1.1a8626972daeep-484,2.20951787940716294e-146
7,251,0x1.12989f4884ee3p-486,0x1.1d4c4d74edf42p-509,0x1.1298a1831d893p-486,5.36879334972587960e-147
7,252,0x1.0ac2fd5fa2e24p-488,0x1.1d4c4d74edf42p-509,0x1.0ac3064a054dfp-488,1.30390458906419368e-147
7,253,0x1.03068c7843d64p-490,0x1.1d4c4d74edf42p-509,0x1.0306b021cd84fp-490,3.16523331418928353e-148
7,254,0x1.f6c908bdb766ap-493,0x1.1d4c4d74edf42p-509,0x1.f6ca260a04dbap-493,7.67995181690694216e-149
7,255,0x1.e7bc111d64fbcp-495,0x1.1d4c4d74edf42p-509,0x1.e7c0864e9acf8p-495,1.86256433996287949e-149
7,256,0x1.d8e8509675cf9p-497,0x1.1d4c4d74edf42p-509,0x1.d8fa255b4d1e8p-497,4.51535950384526627e-150
7,257,0x1.ca4fbd8aecb56p-499,0x1.1d4c4d74edf42p-509,0x1.ca97109e49f0fp-499,1.09450278457821078e-150
7,258,0x1.bbf42699b4d19p-501,0x1.1d4c4d74edf42p-509,0x1.bd1172e729bf9p-501,2.65557598590839493e-151
7,259,0x1.add733164ca98p-503,0x1.1d4c4d74edf42p-509,0x1.b24c644c20616p-503,6.47829097322484928e-152
7,260,0x1.9ffa639523b17p-505,0x1.1d4c4d74edf42p-509,0x1.b1cf286c7290cp-505,1.61774845236538135e-152
7,261,0x1.925f128b7620ap-507,0x1.1d4c4d74edf42p-509,0x1.d9b225e8b19dbp-507,4.41623169704497117e-153
7,262,0x1.8506750157f1p-509,0x1.1d4c4d74edf42p-509,0x1.5129613b22f2ap-508,1.57166649480968467e-153
7,263,0x1.77f19b5465c51p-511,0x1.1d4c4d74edf42p-509,0x1.7b48b44a07657p-509,8.84009160409324049e-154
7,264,0x1.6b217208b4368p-513,0x1.1d4c4d74edf42p-509,0x1.33fe649579379p-509,7.17850663717564480e-154
7,265,0x1.5e96c2a26794p-515,0x1.1d4c4d74edf42p-509,0x1.22c6a87f77928p-509,6.77720796376475088e-154
7,266,0x1.5252347697d08p-517,0x1.1d4c4d74edf42p-509,0x1.1e9e9fa9648cp-509,6.68033379416116559e-154
7,267,0x1.46544d36c4895p-519,0x1.1d4c4d74edf42p-509,0x1.1d9de2883ba55p-509,6.65695921708522494e-154
7,268,0x1.3a9d705b81651p-521,0x1.1d4c4d74edf42p-509,0x1.1d5ff74bf3ac4p-509,6.65132186151110551e-154
7,269,0x1.2f2dda5422cebp-523,0x1.1d4c4d74edf42p-509,0x1.1d510a2c5744cp-509,6.64996291180731705e-154
7,270,0x1.24058c53fed4fp-525,0x1.1d4c4d74edf42p-509,0x1.1d4d717a7a483p-509,6.64963547462748783e-154
7,271,0x1.1924011a4f7a5p-527,0x1.1d4c4d74edf42p-509,0x1.1d4c93bdee3acp-509,6.64955661594393614e-154
7,272,0x1.0e872008f96bep-529,0x1.1d4c4d74edf42p-509,0x1.1d4c5e5d5ff4cp-509,6.64953763281214637e-154
7,273,0x1.04279350baa41p-531,0x1.1d4c4d74edf42p-509,0x1.1d4c51858c417p-509,6.64953306528331471e-154
7,274,0x1.f3d8a4304cf47p-534,0x1.1d4c4d74edf42p-509,0x1.1d4c4e6eda465p-509,6.64953196683034052e-154
7,275,0x1.df0332ac313acp-536,0x1.1d4c4d74edf42p-509,0x1.1d4c4db0ce5a8p-509,6.64953170281304707e-154
7,276,0x1.c7b035891cb47p-538,0x1.1d4c4d74edf42p-509,0x1.1d4c4d832b75ep-509,6.64953163941399242e-154
7,277,0x1.a75de2fe23902p-540,0x1.1d4c4d74edf42p-509,0x1.1d4c4d783caffp-509,6.64953162422600999e-154
7,278,0x1.6be0c51b718b4p-542,0x1.1d4c4d74edf42p-509,0x1.1d4c4d75a3e49p-509,6.64953162061839856e-154
7,279,0x1.d7e288a4008b1p-545,0x1.1d4c4d74edf42p-509,0x1.1d4c4d750b726p-509,6.64953161979112615e-154
7,280,0x0p+0,0x1.1d4c4d74edf42p-509,0x1.1d4c4d74edf42p-509,6.64953161963107686e-154
8,0,0x1.21dca63093e61p-4,0x1.276eb90c44d2cp-508,0x1.21dca63093e62p-4,7.07670680796979312e-02
8,1,0x1.9a34059a4aa27p-6,0x1.276eb90c44d2cp-508,0x1.9a34059a4aa28p-6,2.50368170465355144e-02
8,2,0x1.1387eaf3147c3p-7,0x1.276eb90c44d2cp-508,0x1.1387eaf3147c4p-7,8.40853664536556772e-03
8,3,0x1.64968ce96ce44p-9,0x1.276eb90c44d2cp-508,0x1.64968ce96ce45p-9,2.72055120577777360e-03
8,4,0x1.c2839b4e34383p-11,0x1.276eb90c44d2cp-508,0x1.c2839b4e34384p-11,8.59287430808306375e-04
8,5,0x1.18c8a298db248p-12,0x1.276eb90c44d2cp-508,0x1.18c8a298db249p-12,2.67776232752568526e-04
8,6,0x1.5bd3e89d7d212p-14,0x1.276eb90c44d2cp-508,0x1.5bd3e89d7d213p-14,8.29286022606195793e-05
8,7,0x1.ade54b780320dp-16,0x1.276eb90c44d2cp-508,0x1.ade54b780320ep-16,2.56237794645110042e-05
8,8,0x1.096d96f8df4bp-17,0x1.276eb90c44d2cp-508,0x1.096d96f8df4b1p-17,7.91037335700693076e-06
8,9,0x1.477536504d3c1p-19,0x1.276eb90c44d2cp-508,0x1.477536504d3c2p-19,2.43975117810788453e-06
8,10,0x1.93606b21611c2p-21,0x1.276eb90c44d2cp-508,0x1.93606b21611c3p-21,7.51347531899797123e-07
8,11,0x1.efe074d148177p-23,0x1.276eb90c44d2cp-508,0x1.efe074d148178p-23,2.30910620882030198e-07
8,12,0x1.30119f0a460fdp-24,0x1.276eb90c44d2cp-508,0x1.30119f0a460fep-24,7.07965421047573836e-08
8,13,0x1.73fab0304a678p-26,0x1.276eb90c44d2cp-508,0x1.73fab0304a679p-26,2.16520421047009066e-08
8,14,0x1.c5f1921ee6689p-28,0x1.276eb90c44d2cp-508,0x1.c5f1921ee668ap-28,6.60574930770946481e-09
8,15,0x1.14569ebcca1c9p-29,0x1.276eb90c44d2cp-508,0x1.14569ebcca1cap-29,2.01062619192382348e-09
8,16,0x1.4fb4342523caep-31,0x1.276eb90c44d2cp-508,0x1.4fb4342523cafp-31,6.10641874428868959e-10
8,17,0x1.96fbd08e94412p-33,0x1.276eb90c44d2cp-508,0x1.96fbd08e94413p-33,1.85074737181140691e-10
8,18,0x1.ec71c3515b67fp-35,0x1.276eb90c44d2cp-508,0x1.ec71c3515b68p-35,5.59844450621228123e-11
8,19,0x1.2961f06329fcdp-36,0x1.276eb90c44d2cp-508,0x1.2961f06329fcep-36,1.69042422311355766e-11
8,20,0x1.668dd47bbd74ep-38,0x1.276eb90c44d2cp-508,0x1.668dd47bbd74fp-38,5.09535913534995051e-12
8,21,0x1.af99b599076ddp-40,0x1.276eb90c44d2cp-508,0x1.af99b599076dep-40,1.53335274153242803e-12
8,22,0x1.035bb3da67587p-41,0x1.276eb90c44d2cp-508,0x1.035bb3da67588p-41,4.60712735679032894e-13
8,23,0x1.373dd1e077e3dp-43,0x1.276eb90c44d2cp-508,0x1.373dd1e077e3ep-43,1.38218984576118848e-13
8,24,0x1.74f740c886985p-45,0x1.276eb90c44d2cp-508,0x1.74f740c886986p-45,4.14075254378828245e-14
8,25,0x1.be4f4612a563fp-47,0x1.276eb90c44d2cp-508,0x1.be4f4612a564p-47,1.23875815987335987e-14
8,26,0x1.0aadb56143c9ap-48,0x1.276eb90c44d2cp-508,0x1.0aadb56143c9bp-48,3.70090831436706212e-15
8,27,0x1.3e461f2976fb8p-50,0x1.276eb90c44d2cp-508,0x1.3e461f2976fb9p-50,1.10423445732322414e-15
8,28,0x1.7b5e09c6d6a7bp-52,0x1.276eb90c44d2cp-508,0x1.7b5e09c6d6a7cp-52,3.29048712479490137e-16
8,29,0x1.c3a0007b92c38p-54,0x1.276eb90c44d2cp-508,0x1.c3a0007b92c39p-54,9.79305628269006120e-17
8,30,0x1.0c7ede25e295ap-55,0x1.276eb90c44d2cp-508,0x1.0c7ede25e295bp-55,2.91103488113072115e-17
8,31,0x1.3eddb599a4477p-57,0x1.276eb90c44d2cp-508,0x1.3eddb599a4478p-57,8.64288166449467595e-18
8,32,0x1.7a3e5463e5cfdp-59,0x1.276eb90c44d2cp-508,0x1.7a3e5463e5cfep-59,2.56307748457710223e-18
8,33,0x1.c029b2d4333ecp-61,0x1.276eb90c44d2cp-508,0x1.c029b2d4333edp-61,7.59217458599670078e-19
8,34,0x1.093440d1c714cp-62,0x1.276eb90c44d2cp-508,0x1.093440d1c714dp-62,2.24636622361478504e-19
8,35,0x1.39867cb123761p-64,0x1.276eb90c44d2cp-508,0x1.39867cb123762p-64,6.63915732261427795e-20
8,36,0x1.723f0bf86e185p-66,0x1.276eb90c44d2cp-508,0x1.723f0bf86e186p-66,1.96006746695396882e-20
8,37,0x1.b4c23f26260cep-68,0x1.276eb90c44d2cp-508,0x1.b4c23f26260cfp-68,5.78045427093977259e-21
8,38,0x1.015649dbe7dbcp-69,0x1.276eb90c44d2cp-508,0x1.015649dbe7dbdp-69,1.70291384515906347e-21
8,39,0x1.2eed8e131dd7bp-71,0x1.276eb90c44d2cp-508,0x1.2eed8e131dd7cp-71,5.01152253053951923e-22
8,40,0x1.643a8c3e2c919p-73,0x1.276eb90c44d2cp-508,0x1.643a8c3e2c91ap-73,1.47332738145128374e-22
8,41,0x1.a27b740feac89p-75,0x1.276eb90c44d2cp-508,0x1.a27b740feac8ap-75,4.32700494240897548e-23
8,42,0x1.eb1f41391b91fp-77,0x1.276eb90c44d2cp-508,0x1.eb1f41391b92p-77,1.26952084499001933e-23
8,43,0x1.1fe66a658c63bp-78,0x1.276eb90c44d2cp-508,0x1.1fe66a658c63cp-78,3.72102107498636461e-24
8,44,0x1.5135843be3034p-80,0x1.276eb90c44d2cp-508,0x1.5135843be3035p-80,1.08958120192750180e-24
8,45,0x1.8a94edfd5acf2p-82,0x1.276eb90c44d2cp-508,0x1.8a94edfd5acf3p-82,3.18740604481865259e-25
8,46,0x1.cd46706e8d974p-84,0x1.276eb90c44d2cp-508,0x1.cd46706e8d975p-84,9.31537753113088509e-26
8,47,0x1.0d5dc346cc75p-85,0x1.276eb90c44d2cp-508,0x1.0d5dc346cc751p-85,2.71990415918379227e-26
8,48,0x1.3a4e08805d2c6p-87,0x1.276eb90c44d2cp-508,0x1.3a4e08805d2c7p-87,7.93416904411516205e-27
8,49,0x1.6e66f67bb3f4fp-89,0x1.276eb90c44d2cp-508,0x1.6e66f67bb3f5p-89,2.31232296009271124e-27
8,50,0x1.aabec565101aap-91,0x1.276eb90c44d2cp-508,0x1.aabec565101abp-91,6.73285208760887672e-28
8,51,0x1.f093d1f6394c3p-93,0x1.276eb90c44d2cp-508,0x1.f093d1f6394c4p-93,1.95865257517959977e-28
8,52,0x1.20a90cd96769bp-94,0x1.276eb90c44d2cp-508,0x1.20a90cd96769cp-94,5.69282167069111217e-29
8,53,0x1.4f4cb601d1b53p-96,0x1.276eb90c44d2cp-508,0x1.4f4cb601d1b54p-96,1.65315491975703272e-29
8,54,0x1.85223302299f4p-98,0x1.276eb90c44d2cp-508,0x1.85223302299f5p-98,4.79644182362191236e-30
8,55,0x1.c33828a451fb5p-100,0x1.276eb90c44d2cp-508,0x1.c33828a451fb6p-100,1.39042703432218813e-30
8,56,0x1.0561802488241p-101,0x1.276eb90c44d2cp-508,0x1.0561802488242p-101,4.02720982522901423e-31
8,57,0x1.2e90f219f0e4bp-103,0x1.276eb90c44d2cp-508,0x1.2e90f219f0e4cp-103,1.16544258703473037e-31
8,58,0x1.5df22d31f74b9p-105,0x1.276eb90c44d2cp-508,0x1.5df22d31f74bap-105,3.36985742204329392e-32
8,59,0x1.94684831ae4bp-107,0x1.276eb90c44d2cp-508,0x1.94684831ae4b1p-107,9.73575285206577498e-33
8,60,0x1.d2f536389a86dp-109,0x1.276eb90c44d2cp-508,0x1.d2f536389a86ep-109,2.81040038325528698e-33
8,61,0x1.0d5edea5b6404p-110,0x1.276eb90c44d2cp-508,0x1.0d5edea5b6405p-110,8.10607617903224301e-34
8,62,0x1.3686f3a741a5dp-112,0x1.276eb90c44d2cp-508,0x1.3686f3a741a5ep-112,2.33614666813901147e-34
8,63,0x1.65aefd9c9b845p-114,0x1.276eb90c44d2cp-508,0x1.65aefd9c9b846p-114,6.72728001596431519e-35
8,64,0x1.9bac06dcf6c18p-116,0x1.276eb90c44d2cp-508,0x1.9bac06dcf6c19p-116,1.93567234622583604e-35
8,65,0x1.d96f1d0a5ead1p-118,0x1.276eb90c44d2cp-508,0x1.d96f1d0a5ead2p-118,5.56519035831170085e-36
8,66,0x1.1004656f7477ep-119,0x1.276eb90c44d2cp-508,0x1.1004656f7477fp-119,1.59877324965315675e-36
8,67,0x1.38567cc43f7d6p-121,0x1.276eb90c44d2cp-508,0x1.38567cc43f7d7p-121,4.58939209976321546e-37
8,68,0x1.665ba26514445p-123,0x1.276eb90c44d2cp-508,0x1.665ba26514446p-123,1.31639919348905493e-37
8,69,0x1.9ad7e71be99edp-125,0x1.276eb90c44d2cp-508,0x1.9ad7e71be99eep-125,3.77300047449865944e-38
8,70,0x1.d6a84e8cb812ap-127,0x1.276eb90c44d2cp-508,0x1.d6a84e8cb812bp-127,1.08057650775401842e-38
8,71,0x1.0d62e6757ca4ap-128,0x1.276eb90c44d2cp-508,0x1.0d62e6757ca4bp-128,3.09240339801521729e-39
8,72,0x1.34244d4e1caa3p-130,0x1.276eb90c44d2cp-508,0x1.34244d4e1caa4p-130,8.84323609714415899e-40
8,73,0x1.6035f35cf0aa4p-132,0x1.276eb90c44d2cp-508,0x1.6035f35cf0aa5p-132,2.52698816323759887e-40
8,74,0x1.9248f91f68481p-134,0x1.276eb90c44d2cp-508,0x1.9248f91f68482p-134,7.21563423516460337e-41
8,75,0x1.cb244f4d3e8f3p-136,0x1.276eb90c44d2cp-508,0x1.cb244f4d3e8f4p-136,2.05886319475419068e-41
8,76,0x1.05d39ed92517ap-137,0x1.276eb90c44d2cp-508,0x1.05d39ed92517bp-137,5.87035635470081960e-42
8,77,0x1.2a661800b9b88p-139,0x1.276eb90c44d2cp-508,0x1.2a661800b9b89p-139,1.67258314182837412e-42
8,78,0x1.53d5e7d058bb1p-141,0x1.276eb90c44d2cp-508,0x1.53d5e7d058bb2p-141,4.76211060190112936e-43
8,79,0x1.82c03908a8c96p-143,0x1.276eb90c44d2cp-508,0x1.82c03908a8c97p-143,1.35488350145397817e-43
8,80,0x1.b7d4f2243889fp-145,0x1.276eb90c44d2cp-508,0x1.b7d4f224388ap-145,3.85209783516968407e-44
8,81,0x1.f3d8ce0533b89p-147,0x1.276eb90c44d2cp-508,0x1.f3d8ce0533b8ap-147,1.09442919441889739e-44
8,82,0x1.1bd3d64a77263p-148,0x1.276eb90c44d2cp-508,0x1.1bd3d64a77264p-148,3.10724237394837759e-45
8,83,0x1.421b905a5c522p-150,0x1.276eb90c44d2cp-508,0x1.421b905a5c523p-150,8.81580049379332568e-46
8,84,0x1.6d4ca0ab92561p-152,0x1.276eb90c44d2cp-508,0x1.6d4ca0ab92562p-152,2.49947942104157463e-46
8,85,0x1.9dffe20ce3f16p-154,0x1.276eb90c44d2cp-508,0x1.9dffe20ce3f17p-154,7.08174955863770170e-47
8,86,0x1.d4dfb42118617p-156,0x1.276eb90c44d2cp-508,0x1.d4dfb42118618p-156,2.00510313471557038e-47
8,87,0x1.0954ee6575108p-157,0x1.276eb90c44d2cp-508,0x1.0954ee6575109p-157,5.67335497318723870e-48
8,88,0x1.2c18ccc933d4fp-159,0x1.276eb90c44d2cp-508,0x1.2c18ccc933d5p-159,1.60417667307165820e-48
8,89,0x1.5330f2b2c913p-161,0x1.276eb90c44d2cp-508,0x1.5330f2b2c9131p-161,4.53289139054784711e-49
8,90,0x1.7f1ffbb9140bap-163,0x1.276eb90c44d2cp-508,0x1.7f1ffbb9140bbp-163,1.28000350640372829e-49
8,91,0x1.b077001c9a908p-165,0x1.276eb90c44d2cp-508,0x1.b077001c9a909p-165,3.61211492902305824e-50
8,92,0x1.e7d715334ecbdp-167,0x1.276eb90c44d2cp-508,0x1.e7d715334ecbep-167,1.01865779935305161e-50
8,93,0x1.12f97959f40b5p-168,0x1.276eb90c44d2cp-508,0x1.12f97959f40b6p-168,2.87086781623907569e-51
8,94,0x1.35c8600d5e888p-170,0x1.276eb90c44d2cp-508,0x1.35c8600d5e889p-170,8.08570615391383374e-52
8,95,0x1.5cc606d13d90bp-172,0x1.276eb90c44d2cp-508,0x1.5cc606d13d90cp-172,2.27585354882909368e-52
8,96,0x1.886bfe47e8bb1p-174,0x1.276eb90c44d2cp-508,0x1.886bfe47e8bb2p-174,6.40168010777396477e-53
8,97,0x1.b940cd6c325eap-176,0x1.276eb90c44d2cp-508,0x1.b940cd6c325ebp-176,1.79956940629771247e-53
8,98,0x1.efd93b3dafdb3p-178,0x1.276eb90c44d2cp-508,0x1.efd93b3dafdb4p-178,5.05556691452119789e-54
8,99,0x1.166cdb4d3bb9fp-179,0x1.276eb90c44d2cp-508,0x1.166cdb4d3bbap-179,1.41938229719575263e-54
8,100,0x1.387bef638a439p-181,0x1.276eb90c44d2cp-508,0x1.387bef638a43ap-181,3.98252741098054954e-55
8,101,0x1.5e7e17aa242eap-183,0x1.276eb90c44d2cp-508,0x1.5e7e17aa242ebp-183,1.11673368815256725e-55
8,102,0x1.88e1e921ef301p-185,0x1.276eb90c44d2cp-508,0x1.88e1e921ef302p-185,3.12948937369973076e-56
8,103,0x1.b8214dc143b66p-187,0x1.276eb90c44d2cp-508,0x1.b8214dc143b67p-187,8.76459613150405287e-57
8,104,0x1.ecc298823c835p-189,0x1.276eb90c44d2cp-508,0x1.ecc298823c836p-189,2.45316310163461396e-57
8,105,0x1.13acd8c364f35p-190,0x1.276eb90c44d2cp-508,0x1.13acd8c364f36p-190,6.86212349081498409e-58
8,106,0x1.3444ae1b0e6ep-192,0x1.276eb90c44d2cp-508,0x1.3444ae1b0e6e1p-192,1.91835822633805539e-58
8,107,0x1.58824cabf875dp-194,0x1.276eb90c44d2cp-508,0x1.58824cabf875ep-194,5.35971165237232514e-59
8,108,0x1.80c813aa7f319p-196,0x1.276eb90c44d2cp-508,0x1.80c813aa7f31ap-196,1.49656341548948497e-59
8,109,0x1.ad821174412e7p-198,0x1.276eb90c44d2cp-508,0x1.ad821174412e8p-198,4.17630521330620160e-60
8,110,0x1.df26e55aafa07p-200,0x1.276eb90c44d2cp-508,0x1.df26e55aafa08p-200,1.16475383805205271e-60
8,111,0x1.0b1c5a167b866p-201,0x1.276eb90c44d2cp-508,0x1.0b1c5a167b867p-201,3.24655131999051224e-61
8,112,0x1.29a31872100b7p-203,0x1.276eb90c44d2cp-508,0x1.29a31872100b8p-203,9.04394613905354718e-62
8,113,0x1.4b75dd7555d57p-205,0x1.276eb90c44d2cp-508,0x1.4b75dd7555d58p-205,2.51792382586675241e-62
8,114,0x1.70ea49c83408bp-207,0x1.276eb90c44d2cp-508,0x1.70ea49c83408cp-207,7.00611832635281460e-63
8,115,0x1.9a5e1629eab91p-209,0x1.276eb90c44d2cp-508,0x1.9a5e1629eab92p-209,1.94833632043315843e-63
8,116,0x1.c837c7e216f94p-211,0x1.276eb90c44d2cp-508,0x1.c837c7e216f95p-211,5.41505989586724036e-64
8,117,0x1.fae7736d06d9fp-213,0x1.276eb90c44d2cp-508,0x1.fae7736d06dap-213,1.50416945928719147e-64
8,118,0x1.1973c73033f49p-214,0x1.276eb90c44d2cp-508,0x1.1973c73033f4ap-214,4.17585778780606975e-65
8,119,0x1.385ee8ca00dc7p-216,0x1.276eb90c44d2cp-508,0x1.385ee8ca00dc8p-216,1.15864746854269400e-65
8,120,0x1.5a7e1654b8ep-218,0x1.276eb90c44d2cp-508,0x1.5a7e1654b8e01p-218,3.21303054231722710e-66
8,121,0x1.8020e60edff73p-220,0x1.276eb90c44d2cp-508,0x1.8020e60edff74p-220,8.90507395912565638e-67
8,122,0x1.a99e199012d3bp-222,0x1.276eb90c44d2cp-508,0x1.a99e199012d3cp-222,2.46672396330588868e-67
8,123,0x1.d754353d419bdp-224,0x1.276eb90c44d2cp-508,0x1.d754353d419bep-224,6.82912575577565000e-68
8,124,0x1.04d5117a70f97p-225,0x1.276eb90c44d2cp-508,0x1.04d5117a70f98p-225,1.88961086688426609e-68
8,125,0x1.2087f055b531fp-227,0x1.276eb90c44d2cp-508,0x1.2087f055b532p-227,5.22568847923050914e-69
8,126,0x1.3eff9ddcf5dc5p-229,0x1.276eb90c44d2cp-508,0x1.3eff9ddcf5dc6p-229,1.44437403286021517e-69
8,127,0x1.607e4cd536f5bp-231,0x1.276eb90c44d2cp-508,0x1.607e4cd536f5cp-231,3.99008343057431177e-70
8,128,0x1.854be7abeaf8fp-233,0x1.276eb90c44d2cp-508,0x1.854be7abeaf9p-233,1.10167006397411651e-70
8,129,0x1.adb683a0c2ed6p-235,0x1.276eb90c44d2cp-508,0x1.adb683a0c2ed7p-235,3.04011135534666628e-71
8,130,0x1.da12dbfecfbc1p-237,0x1.276eb90c44d2cp-508,0x1.da12dbfecfbc2p-237,8.38488087787281433e-72
8,131,0x1.055e6aeff4377p-238,0x1.276eb90c44d2cp-508,0x1.055e6aeff4378p-238,2.31139858222175997e-72
8,132,0x1.200c067d75b52p-240,0x1.276eb90c44d2cp-508,0x1.200c067d75b53p-240,6.36831288195639892e-73
8,133,0x1.3d4835019a356p-242,0x1.276eb90c44d2cp-508,0x1.3d4835019a357p-242,1.75366485721729913e-73
8,134,0x1.5d4d6192c19c7p-244,0x1.276eb90c44d2cp-508,0x1.5d4d6192c19c8p-244,4.82661325001572315e-74
8,135,0x1.805ac39a47a2ap-246,0x1.276eb90c44d2cp-508,0x1.805ac39a47a2bp-246,1.32774026167513310e-74
8,136,0x1.a6b4ba0ecf2fdp-248,0x1.276eb90c44d2cp-508,0x1.a6b4ba0ecf2fep-248,3.65055995449855938e-75
8,137,0x1.d0a52ca1d361ep-250,0x1.276eb90c44d2cp-508,0x1.d0a52ca1d361fp-250,1.00318859289685865e-75
8,138,0x1.fe7bf332e5a88p-252,0x1.276eb90c44d2cp-508,0x1.fe7bf332e5a89p-252,2.75539213770903244e-76
8,139,0x1.1847a1ef1616cp-253,0x1.276eb90c44d2cp-508,0x1.1847a1ef1616dp-253,7.56419913138609255e-77
8,140,0x1.339e13ff734b3p-255,0x1.276eb90c44d2cp-508,0x1.339e13ff734b4p-255,2.07549727887550851e-77
8,141,0x1.51737c40fb055p-257,0x1.276eb90c44d2cp-508,0x1.51737c40fb056p-257,5.69196231594894806e-78
8,142,0x1.71fdf0f3cf6bep-259,0x1.276eb90c44d2cp-508,0x1.71fdf0f3cf6bfp-259,1.56021138299865464e-78
8,143,0x1.9577b82b79e4bp-261,0x1.276eb90c44d2cp-508,0x1.9577b82b79e4cp-261,4.27452026760851877e-79
8,144,0x1.bc1f921448c03p-263,0x1.276eb90c44d2cp-508,0x1.bc1f921448c04p-263,1.17050899488847307e-79
8,145,0x1.e63907a8c07b9p-265,0x1.276eb90c44d2cp-508,0x1.e63907a8c07bap-265,3.20366044921041161e-80
8,146,0x1.0a065f0690211p-266,0x1.276eb90c44d2cp-508,0x1.0a065f0690212p-266,8.76402194249738591e-81
8,147,0x1.22f46764439c5p-268,0x1.276eb90c44d2cp-508,0x1.22f46764439c6p-268,2.39632974035533965e-81
8,148,0x1.3e10928a675e9p-270,0x1.276eb90c44d2cp-508,0x1.3e10928a675eap-270,6.54902618362932187e-82
8,149,0x1.5b87f03fd4b28p-272,0x1.276eb90c44d2cp-508,0x1.5b87f03fd4b29p-272,1.78893588637135924e-82
8,150,0x1.7b8ade8c841bfp-274,0x1.276eb90c44d2cp-508,0x1.7b8ade8c841cp-274,4.88429165471086606e-83
8,151,0x1.9e4d40b6151cep-276,0x1.276eb90c44d2cp-508,0x1.9e4d40b6151cfp-276,1.33290138351495122e-83
8,152,0x1.c406b94106c31p-278,0x1.276eb90c44d2cp-508,0x1.c406b94106c32p-278,3.63567379248204106e-84
8,153,0x1.ecf2e7169cf2fp-280,0x1.276eb90c44d2cp-508,0x1.ecf2e7169cf3p-280,9.91204115429539279e-85
8,154,0x1.0ca8d2f802267p-281,0x1.276eb90c44d2cp-508,0x1.0ca8d2f802268p-281,2.70105486190056547e-85
8,155,0x1.24b3a913e8751p-283,0x1.276eb90c44d2cp-508,0x1.24b3a913e8752p-283,7.35693049416409380e-86
8,156,0x1.3ebe8809b8c21p-285,0x1.276eb90c44d2cp-508,0x1.3ebe8809b8c22p-285,2.00287408632744943e-86
8,157,0x1.5af08b834f6c3p-287,0x1.276eb90c44d2cp-508,0x1.5af08b834f6c4p-287,5.45010900667823140e-87
8,158,0x1.7973801197695p-289,0x1.276eb90c44d2cp-508,0x1.7973801197696p-289,1.48235446917429939e-87
8,159,0x1.9a740c8c000cdp-291,0x1.276eb90c44d2cp-508,0x1.9a740c8c000cep-291,4.02990738719023322e-88
8,160,0x1.be21dd78f69a8p-293,0x1.276eb90c44d2cp-508,0x1.be21dd78f69a9p-293,1.09505254407716246e-88
8,161,0x1.e4afd290ee63dp-295,0x1.276eb90c44d2cp-508,0x1.e4afd290ee63ep-295,2.97421604456907362e-89
8,162,0x1.072a1736c4f6ap-296,0x1.276eb90c44d2cp-508,0x1.072a1736c4f6bp-296,8.07436699001647283e-90
8,163,0x1.1da4643b39d0ap-298,0x1.276eb90c44d2cp-508,0x1.1da4643b39d0bp-298,2.19100630253592112e-90
8,164,0x1.35e5a08eb20afp-300,0x1.276eb90c44d2cp-508,0x1.35e5a08eb20bp-300,5.94262986381142047e-91
8,165,0x1.500e9c3d5a195p-302,0x1.276eb90c44d2cp-508,0x1.500e9c3d5a196p-302,1.61106989629392008e-91
8,166,0x1.6c4243add6da7p-304,0x1.276eb90c44d2cp-508,0x1.6c4243add6da8p-304,4.36567557776036916e-92
8,167,0x1.8aa5bd69c7529p-306,0x1.276eb90c44d2cp-508,0x1.8aa5bd69c752ap-306,1.18247136097136261e-92
8,168,0x1.ab60892ff3e43p-308,0x1.276eb90c44d2cp-508,0x1.ab60892ff3e44p-308,3.20134597167568159e-93
8,169,0x1.ce9ca0584f77ep-310,0x1.276eb90c44d2cp-508,0x1.ce9ca0584f77fp-310,8.66319530765336965e-94
8,170,0x1.f4869791b683dp-312,0x1.276eb90c44d2cp-508,0x1.f4869791b683ep-312,2.34329956991766210e-94
8,171,0x1.0ea6e1008ae03p-313,0x1.276eb90c44d2cp-508,0x1.0ea6e1008ae04p-313,6.33552231844854615e-95
8,172,0x1.24922ae4ab126p-315,0x1.276eb90c44d2cp-508,0x1.24922ae4ab127p-315,1.71215322283481995e-95
8,173,0x1.3c1fc9018a2ddp-317,0x1.276eb90c44d2cp-508,0x1.3c1fc9018a2dep-317,4.62497190324244956e-96
8,174,0x1.556bf3156410ap-319,0x1.276eb90c44d2cp-508,0x1.556bf3156410bp-319,1.24877015347971687e-96
8,175,0x1.70948d85c9391p-321,0x1.276eb90c44d2cp-508,0x1.70948d85c9392p-321,3.37026094253635969e-97
8,176,0x1.8db93e9637c4ap-323,0x1.276eb90c44d2cp-508,0x1.8db93e9637c4bp-323,9.09186145744813214e-98
8,177,0x1.acfb846281f6dp-325,0x1.276eb90c44d2cp-508,0x1.acfb846281f6ep-325,2.45160787879170035e-98
8,178,0x1.ce7ecb9f54376p-327,0x1.276eb90c44d2cp-508,0x1.ce7ecb9f54377p-327,6.60782862720288734e-99
8,179,0x1.f2688722dc701p-329,0x1.276eb90c44d2cp-508,0x1.f2688722dc702p-329,1.78023255107108799e-99
8,180,0x1.0c70241b9ec5fp-330,0x1.276eb90c44d2cp-508,0x1.0c70241b9ec6p-330,4.79408293110552644e-100
8,181,0x1.2107ebdc0e2b6p-332,0x1.276eb90c44d2cp-508,0x1.2107ebdc0e2b7p-332,1.29046376240496465e-100
8,182,0x1.3711a7fe164bdp-334,0x1.276eb90c44d2cp-508,0x1.3711a7fe164bep-334,3.47214755943659666e-101
8,183,0x1.4ea49bc59cc04p-336,0x1.276eb90c44d2cp-508,0x1.4ea49bc59cc05p-336,9.33820145854901652e-102
8,184,0x1.67d94e5057fddp-338,0x1.276eb90c44d2cp-508,0x1.67d94e5057fdep-338,2.51039245432682412e-102
8,185,0x1.82c998bd1aa7ep-340,0x1.276eb90c44d2cp-508,0x1.82c998bd1aa7fp-340,6.74580719884935983e-103
8,186,0x1.9f90b4b8a86a8p-342,0x1.276eb90c44d2cp-508,0x1.9f90b4b8a86a9p-342,1.81192722197961564e-103
8,187,0x1.be4b4b6f51f8dp-344,0x1.276eb90c44d2cp-508,0x1.be4b4b6f51f8ep-344,4.86477424362562690e-104
8,188,0x1.df1784e24bc65p-346,0x1.276eb90c44d2cp-508,0x1.df1784e24bc66p-346,1.30557052677692422e-104
8,189,0x1.010a8bcfb2a2dp-347,0x1.276eb90c44d2cp-508,0x1.010a8bcfb2a2ep-347,3.50230748532183042e-105
8,190,0x1.13b2ac6cba3b7p-349,0x1.276eb90c44d2cp-508,0x1.13b2ac6cba3b8p-349,9.39128617090715826e-106
8,191,0x1.2795a66fba17p-351,0x1.276eb90c44d2cp-508,0x1.2795a66fba171p-351,2.51717446416761421e-106
8,192,0x1.3cc5dbf7fbed5p-353,0x1.276eb90c44d2cp-508,0x1.3cc5dbf7fbed6p-353,6.74403117127371765e-107
8,193,0x1.535697b31da8p-355,0x1.276eb90c44d2cp-508,0x1.535697b31da81p-355,1.80611081284130251e-107
8,194,0x1.6b5c159ed8f67p-357,0x1.276eb90c44d2cp-508,0x1.6b5c159ed8f68p-357,4.83490947172677452e-108
8,195,0x1.84eb8bf449579p-359,0x1.276eb90c44d2cp-508,0x1.84eb8bf44957ap-359,1.29375483203575784e-108
8,196,0x1.a01b343aba7ddp-361,0x1.276eb90c44d2cp-508,0x1.a01b343aba7dep-361,3.46047611046560127e-109
8,197,0x1.bd02547fd1f27p-363,0x1.276eb90c44d2cp-508,0x1.bd02547fd1f28p-363,9.25210392648927584e-110
8,198,0x1.dbb948b2ae4cap-365,0x1.276eb90c44d2cp-508,0x1.dbb948b2ae4cbp-365,2.47267173898566826e-110
8,199,0x1.fc598c1f5bb19p-367,0x1.276eb90c44d2cp-508,0x1.fc598c1f5bb1ap-367,6.60563052068126466e-111
8,200,0x1.0f7ee183e070bp-368,0x1.276eb90c44d2cp-508,0x1.0f7ee183e070cp-368,1.76394269297102418e-111
8,201,0x1.21e0e22b75c55p-370,0x1.276eb90c44d2cp-508,0x1.21e0e22b75c56p-370,4.70844575183320156e-112
8,202,0x1.356151b5b0363p-372,0x1.276eb90c44d2cp-508,0x1.356151b5b0364p-372,1.25630213446214806e-112
8,203,0x1.4a0f5cfa6afb4p-374,0x1.276eb90c44d2cp-508,0x1.4a0f5cfa6afb5p-374,3.35069245803901262e-113
8,204,0x1.5ffad8f0bdf1fp-376,0x1.276eb90c44d2cp-508,0x1.5ffad8f0bdf2p-376,8.93304444939622422e-114
8,205,0x1.773447ab57d3fp-378,0x1.276eb90c44d2cp-508,0x1.773447ab57d4p-378,2.38061620972233781e-114
8,206,0x1.8fccdd585c433p-380,0x1.276eb90c44d2cp-508,0x1.8fccdd585c434p-380,6.34168617053275300e-115
8,207,0x1.a9d68542707a4p-382,0x1.276eb90c44d2cp-508,0x1.a9d68542707a5p-382,1.68867500345549854e-115
8,208,0x1.c563e6d07e2a7p-384,0x1.276eb90c44d2cp-508,0x1.c563e6d07e2a8p-384,4.49483617382677661e-116
8,209,0x1.e2886a81909abp-386,0x1.276eb90c44d2cp-508,0x1.e2886a81909acp-386,1.19593786302180433e-116
8,210,0x1.00ac1f7106147p-387,0x1.276eb90c44d2cp-508,0x1.00ac1f7106148p-387,3.18075931457862201e-117
8,211,0x1.10f42ebbae8e8p-389,0x1.276eb90c44d2cp-508,0x1.10f42ebbae8e9p-389,8.45631061214660852e-118
8,212,0x1.222747cf8ae2fp-391,0x1.276eb90c44d2cp-508,0x1.222747cf8ae3p-391,2.24729172770441345e-118
8,213,0x1.3450b9af28453p-393,0x1.276eb90c44d2cp-508,0x1.3450b9af28454p-393,5.96989733512127790e-119
8,214,0x1.477c400f037e2p-395,0x1.276eb90c44d2cp-508,0x1.477c400f037e3p-395,1.58527141019755057e-119
8,215,0x1.5bb605a8759b2p-397,0x1.276eb90c44d2cp-508,0x1.5bb605a8759b3p-397,4.20794656127200991e-120
8,216,0x1.710aa67f96f07p-399,0x1.276eb90c44d2cp-508,0x1.710aa67f96f08p-399,1.11652150645965521e-120
8,217,0x1.8787321a3c57p-401,0x1.276eb90c44d2cp-508,0x1.8787321a3c571p-401,2.96138395792515563e-121
8,218,0x1.9f392da6218b9p-403,0x1.276eb90c44d2cp-508,0x1.9f392da6218bap-403,7.85151659619608119e-122
8,219,0x1.b82e960c430e8p-405,0x1.276eb90c44d2cp-508,0x1.b82e960c430e9p-405,2.08086568039944894e-122
8,220,0x1.d275e1ef59cap-407,0x1.276eb90c44d2cp-508,0x1.d275e1ef59ca1p-407,5.51272912164484222e-123
8,221,0x1.ee1e03935b1dbp-409,0x1.276eb90c44d2cp-508,0x1.ee1e03935b1dcp-409,1.45989565779657454e-123
8,222,0x1.059b3555e855fp-410,0x1.276eb90c44d2cp-508,0x1.059b3555e856p-410,3.86464834143650162e-124
8,223,0x1.14e78307672acp-412,0x1.276eb90c44d2cp-508,0x1.14e78307672adp-412,1.02266075157846702e-124
8,224,0x1.24fc22a51e3d7p-414,0x1.276eb90c44d2cp-508,0x1.24fc22a51e3d8p-414,2.70512335064800051e-125
8,225,0x1.35e18d0c91533p-416,0x1.276eb90c44d2cp-508,0x1.35e18d0c91534p-416,7.15281296769935960e-126
8,226,0x1.47a07cdb48afp-418,0x1.276eb90c44d2cp-508,0x1.47a07cdb48af1p-418,1.89060763122205865e-126
8,227,0x1.5a41ef05dfa0fp-420,0x1.276eb90c44d2cp-508,0x1.5a41ef05dfa1p-420,4.99529466758890723e-127
8,228,0x1.6dcf235b71f12p-422,0x1.276eb90c44d2cp-508,0x1.6dcf235b71f13p-422,1.31933902561070626e-127
8,229,0x1.82519cf428ff1p-424,0x1.276eb90c44d2cp-508,0x1.82519cf428ff2p-424,3.48327463954077361e-128
8,230,0x1.97d32289a58eap-426,0x1.276eb90c44d2cp-508,0x1.97d32289a58ebp-426,9.19296180992017550e-129
8,231,0x1.ae5dbeb8004dp-428,0x1.276eb90c44d2cp-508,0x1.ae5dbeb8004d1p-428,2.42526967950215549e-129
8,232,0x1.c5fbc0261893dp-430,0x1.276eb90c44d2cp-508,0x1.c5fbc0261893ep-430,6.39590306330635737e-130
8,233,0x1.deb7b993e727dp-432,0x1.276eb90c44d2cp-508,0x1.deb7b993e727ep-432,1.68609240009655699e-130
8,234,0x1.f89c81cd89c23p-434,0x1.276eb90c44d2cp-508,0x1.f89c81cd89c24p-434,4.44323144614041052e-131
8,235,0x1.09da99c0de65cp-435,0x1.276eb90c44d2cp-508,0x1.09da99c0de65dp-435,1.17045567201221820e-131
8,236,0x1.1806967d3be7bp-437,0x1.276eb90c44d2cp-508,0x1.1806967d3be7cp-437,3.08212234073539186e-132
8,237,0x1.26d807db3205fp-439,0x1.276eb90c44d2cp-508,0x1.26d807db3206p-439,8.11304791616121953e-133
8,238,0x1.3654dff0f35b7p-441,0x1.276eb90c44d2cp-508,0x1.3654dff0f35b8p-441,2.13480330435396722e-133
8,239,0x1.468331d73dd83p-443,0x1.276eb90c44d2cp-508,0x1.468331d73dd84p-443,5.61528418110378330e-134
8,240,0x1.5769314390f05p-445,0x1.276eb90c44d2cp-508,0x1.5769314390f06p-445,1.47647483753500252e-134
8,241,0x1.690d32104ffe1p-447,0x1.276eb90c44d2cp-508,0x1.690d32104ffe2p-447,3.88079927814770359e-135
8,242,0x1.7b75a7b237441p-449,0x1.276eb90c44d2cp-508,0x1.7b75a7b237442p-449,1.01966500562184466e-135
8,243,0x1.8ea9249a8ddedp-451,0x1.276eb90c44d2cp-508,0x1.8ea9249a8ddeep-451,2.67815329083646149e-136
8,244,0x1.a2ae5985831ffp-453,0x1.276eb90c44d2cp-508,0x1.a2ae5985832p-453,7.03161861483164943e-137
8,245,0x1.b78c14b42aab3p-455,0x1.276eb90c44d2cp-508,0x1.b78c14b42aab5p-455,1.84551473249568666e-137
8,246,0x1.cd4941119006fp-457,0x1.276eb90c44d2cp-508,0x1.cd49411190072p-457,4.84197374986269924e-138
8,247,0x1.e3ece542602dbp-459,0x1.276eb90c44d2cp-508,0x1.e3ece542602e5p-459,1.26990261820053818e-138
8,248,0x1.fb7e229eae20cp-461,0x1.276eb90c44d2cp-508,0x1.fb7e229eae232p-461,3.32936834955825963e-139
8,249,0x1.0a021a0aaff36p-462,0x1.276eb90c44d2cp-508,0x1.0a021a0aaff81p-462,8.72563572984549025e-140
8,250,0x1.16c3367c6afddp-464,0x1.276eb90c44d2cp-508,0x1.16c3367c6b105p-464,2.28600131258963033e-140
8,251,0x1.24061bda355f4p-466,0x1.276eb90c44d2cp-508,0x1.24061bda35a93p-466,5.98687783412258062e-141
8,252,0x1.31ce8a35374e7p-468,0x1.276eb90c44d2cp-508,0x1.31ce8a353875fp-468,1.56736158063276658e-141
8,253,0x1.40204bbd27b27p-470,0x1.276eb90c44d2cp-508,0x1.40204bbd2c504p-470,4.10188265358362715e-142
8,254,0x1.4eff33f7518f3p-472,0x1.276eb90c44d2cp-508,0x1.4eff33f764063p-472,1.07310656606205136e-142
8,255,0x1.5e6f1ee96ce57p-474,0x1.276eb90c44d2cp-508,0x1.5e6f1ee9b6c13p-474,2.80639247360772426e-143
8,256,0x1.6e73f03831eb7p-476,0x1.276eb90c44d2cp-508,0x1.6e73f039595a4p-476,7.33669124793359723e-144
8,257,0x1.7f119239939c6p-478,0x1.276eb90c44d2cp-508,0x1.7f11923e31575p-478,1.91733810978608007e-144
8,258,0x1.904bf4fa94234p-480,0x1.276eb90c44d2cp-508,0x1.904bf50d0b0eep-480,5.00892045003507772e-145
8,259,0x1.a2270d38aacd7p-482,0x1.276eb90c44d2cp-508,0x1.a2270d82867bcp-482,1.30808773648567641e-145
8,260,0x1.b4a6d34eb480ep-484,0x1.276eb90c44d2cp-508,0x1.b4a6d476233ap-484,3.41489431960829471e-146
8,261,0x1.c7cf42155b09fp-486,0x1.276eb90c44d2cp-508,0x1.c7cf46b315ee3p-486,8.91180507824630585e-147
8,262,0x1.dba455b69bb04p-488,0x1.276eb90c44d2cp-508,0x1.dba4682d87411p-488,2.32489071597093799e-147
8,263,0x1.f02a0a7304418p-490,0x1.276eb90c44d2cp-508,0x1.f02a544eb284ap-490,6.06301426700678493e-148
8,264,0x1.02b22da995ce4p-491,0x1.276eb90c44d2cp-508,0x1.02b2c160f2547p-491,1.58061346299900394e-148
8,265,0x1.0daba058508efp-493,0x1.276eb90c44d2cp-508,0x1.0dadef35c2a79p-493,4.11926750590698281e-149
8,266,0x1.190357246ce06p-495,0x1.276eb90c44d2cp-508,0x1.190c929a35429p-495,1.07323394012605151e-149
8,267,0x1.24bb47ddc7c26p-497,0x1.276eb90c44d2cp-508,0x1.24e035b4e94b1p-497,2.79599059680363374e-150
8,268,0x1.30d55faca1a75p-499,0x1.276eb90c44d2cp-508,0x1.3169170927c9dp-499,7.28913801495154296e-151
8,269,0x1.3d537428e0817p-501,0x1.276eb90c44d2cp-508,0x1.3fa2519af90b2p-501,1.90715176929228435e-151
8,270,0x1.4a370f3c4c865p-503,0x1.276eb90c44d2cp-508,0x1.53728504aeacfp-503,5.06342787682649906e-152
8,271,0x1.5780b629b3e73p-505,0x1.276eb90c44d2cp-508,0x1.7c6e8d4b3c819p-505,1.41869515681271618e-152
8,272,0x1.652d5cda06de3p-507,0x1.276eb90c44d2cp-508,0x1.f8e4b9602947ap-507,4.70708426244769512e-153
8,273,0x1.732d88da9fc3ep-509,0x1.276eb90c44d2cp-508,0x1.e1057d7994b4cp-508,2.24226365133106044e-153
8,274,0x1.81472d56d4cc1p-511,0x1.276eb90c44d2cp-508,0x1.57979eb71f6c5p-508,1.60164261819003563e-153
8,275,0x1.8eb253ac31f2ap-513,0x1.276eb90c44d2cp-508,0x1.33e44ba9a6626p-508,1.43522612500247734e-153
8,276,0x1.98e098f41e8b1p-515,0x1.276eb90c44d2cp-508,0x1.2aa07a3e2d0fep-508,1.39203807045960910e-153
8,277,0x1.97ee89648129bp-517,0x1.276eb90c44d2cp-508,0x1.283ab050f7136p-508,1.38086168904625719e-153
8,278,0x1.75b69ae9317c8p-519,0x1.276eb90c44d2cp-508,0x1.279d6fdfa1f9p-508,1.37799831751840818e-153
8,279,0x1.fea687dc1ba9fp-522,0x1.276eb90c44d2cp-508,0x1.2776b3a664434p-508,1.37729299358995972e-153
8,280,0x0p+0,0x1.276eb90c44d2cp-508,0x1.276eb90c44d2cp-508,1.37714770682000521e-153
9,0,0x1.2658260f72914p-4,0x1.bfc57ff30fd76p-497,0x1.2658260f72915p-4,7.18614088756662356e-02
9,1,0x1.a357af521056bp-6,0x1.bfc57ff30fd76p-497,0x1.a357af521056cp-6,2.55946361651288451e-02
9,2,0x1.1c378658c24d5p-7,0x1.bfc57ff30fd76p-497,0x1.1c378658c24d6p-7,8.67361125848946021e-03
9,3,0x1.742990bf688f5p-9,0x1.bfc57ff30fd76p-497,0x1.742990bf688f6p-9,2.83937351169171858e-03
9,4,0x1.dd1c74d327b0bp-11,0x1.bfc57ff30fd76p-497,0x1.dd1c74d327b0cp-11,9.10017314158158199e-04
9,5,0x1.2e9588ebda9b2p-12,0x1.bfc57ff30fd76p-497,0x1.2e9588ebda9b3p-12,2.88566704276373143e-04
9,6,0x1.7e59f105e0c6ep-14,0x1.bfc57ff30fd76p-497,0x1.7e59f105e0c6fp-14,9.11596617623620708e-05
9,7,0x1.e2fbdd93b97e1p-16,0x1.bfc57ff30fd76p-497,0x1.e2fbdd93b97e2p-16,2.87880807964476331e-05
9,8,0x1.313b137dba789p-17,0x1.bfc57ff30fd76p-497,0x1.313b137dba78ap-17,9.09658569577303505e-06
9,9,0x1.81dc48dcddd59p-19,0x1.bfc57ff30fd76p-497,0x1.81dc48dcddd5ap-19,2.87488465605291883e-06
9,10,0x1.e779c88a22e0dp-21,0x1.bfc57ff30fd76p-497,0x1.e779c88a22e0ep-21,9.07994278224882192e-07
9,11,0x1.338209cc04eadp-22,0x1.bfc57ff30fd76p-497,0x1.338209cc04eaep-22,2.86389106874907424e-07
9,12,0x1.83438ec2a6bc2p-24,0x1.bfc57ff30fd76p-497,0x1.83438ec2a6bc3p-24,9.01669024257382853e-08
9,13,0x1.e6bac4d89bc5fp-26,0x1.bfc57ff30fd76p-497,0x1.e6bac4d89bc6p-26,2.83313895420595277e-08
9,14,0x1.313f4db702645p-27,0x1.bfc57ff30fd76p-497,0x1.313f4db702646p-27,8.88386507242000540e-09
9,15,0x1.7e1a5b8960d71p-29,0x1.bfc57ff30fd76p-497,0x1.7e1a5b8960d72p-29,2.78016493567111624e-09
9,16,0x1.dd661c7239d6dp-31,0x1.bfc57ff30fd76p-497,0x1.dd661c7239d6ep-31,8.68383488622366765e-10
9,17,0x1.29b14ec102537p-32,0x1.bfc57ff30fd76p-497,0x1.29b14ec102538p-32,2.70749849678199935e-10
9,18,0x1.72a2035f3bd71p-34,0x1.bfc57ff30fd76p-497,0x1.72a2035f3bd72p-34,8.42721565169861388e-11
9,19,0x1.ccb3dbf807b83p-36,0x1.bfc57ff30fd76p-497,0x1.ccb3dbf807b84p-36,2.61879094528327403e-11
9,20,0x1.1de52fab97c7dp-37,0x1.bfc57ff30fd76p-497,0x1.1de52fab97c7ep-37,8.12563196861956972e-12
9,21,0x1.6252782d8589dp-39,0x1.bfc57ff30fd76p-497,0x1.6252782d8589ep-39,2.51761027149646841e-12
9,22,0x1.b686fcad2d9bap-41,0x1.bfc57ff30fd76p-497,0x1.b686fcad2d9bbp-41,7.78980956250070506e-13
9,23,0x1.0f04f927816a4p-42,0x1.bfc57ff30fd76p-497,0x1.0f04f927816a5p-42,2.40713606197208876e-13
9,24,0x1.4e9377f0bb3p-44,0x1.bfc57ff30fd76p-497,0x1.4e9377f0bb301p-44,7.42908065941785770e-14
9,25,0x1.9c8bb34e5c26cp-46,0x1.bfc57ff30fd76p-497,0x1.9c8bb34e5c26dp-46,2.29008870058422631e-14
9,26,0x1.fc1a4f9d52bacp-48,0x1.bfc57ff30fd76p-497,0x1.fc1a4f9d52badp-48,7.05134252822935383e-15
9,27,0x1.388cfbe1865f4p-49,0x1.bfc57ff30fd76p-497,0x1.388cfbe1865f5p-49,2.16875627455638372e-15
9,28,0x1.801bcc377c90bp-51,0x1.bfc57ff30fd76p-497,0x1.801bcc377c90cp-51,6.66322179463917887e-16
9,29,0x1.d78ef929714b7p-53,0x1.bfc57ff30fd76p-497,0x1.d78ef929714b8p-53,2.04505895468334486e-16
9,30,0x1.212a7d6577a5fp-54,0x1.bfc57ff30fd76p-497,0x1.212a7d6577a6p-54,6.27028758551882200e-17
9,31,0x1.624a67f241403p-56,0x1.bfc57ff30fd76p-497,0x1.624a67f241404p-56,1.92061345448884819e-17
9,32,0x1.b1a9da7a59507p-58,0x1.bfc57ff30fd76p-497,0x1.b1a9da7a59508p-58,5.87723622425919233e-18
9,33,0x1.092896fc67c59p-59,0x1.bfc57ff30fd76p-497,0x1.092896fc67c5ap-59,1.79678425094538270e-18
9,34,0x1.43f4c62d4907ep-61,0x1.bfc57ff30fd76p-497,0x1.43f4c62d4907fp-61,5.48803063234666168e-19
9,35,0x1.8b6eaf04b1db9p-63,0x1.bfc57ff30fd76p-497,0x1.8b6eaf04b1dbap-63,1.67472117846992048e-19
9,36,0x1.e23f8aa1762fbp-65,0x1.bfc57ff30fd76p-497,0x1.e23f8aa1762fcp-65,5.10600152313578617e-20
9,37,0x1.25cde3af4ecc9p-66,0x1.bfc57ff30fd76p-497,0x1.25cde3af4eccap-66,1.55538677753013247e-20
9,38,0x1.65af5e43c65c5p-68,0x1.bfc57ff30fd76p-497,0x1.65af5e43c65c6p-68,4.73392198346644324e-21
9,39,0x1.b315de318a47bp-70,0x1.bfc57ff30fd76p-497,0x1.b315de318a47cp-70,1.43957690238657683e-21
9,40,0x1.086561fc01d2dp-71,0x1.bfc57ff30fd76p-497,0x1.086561fc01d2ep-71,4.37406534104162032e-22
9,41,0x1.411355d51c701p-73,0x1.bfc57ff30fd76p-497,0x1.411355d51c702p-73,1.32793726149314331e-22
9,42,0x1.8596b88b10614p-75,0x1.bfc57ff30fd76p-497,0x1.8596b88b10615p-75,4.02825329607730422e-23
9,43,0x1.d857c5441437p-77,0x1.bfc57ff30fd76p-497,0x1.d857c54414371p-77,1.22097765978891178e-23
9,44,0x1.1e1c6df2e24cep-78,0x1.bfc57ff30fd76p-497,0x1.1e1c6df2e24cfp-78,3.69789868465918277e-24
9,45,0x1.5a570c3753ad2p-80,0x1.bfc57ff30fd76p-497,0x1.5a570c3753ad3p-80,1.11908499333501394e-24
9,46,0x1.a2ecad6b38b09p-82,0x1.bfc57ff30fd76p-497,0x1.a2ecad6b38b0ap-82,3.38404533230247980e-25
9,47,0x1.fa55c7e6ac3a1p-84,0x1.bfc57ff30fd76p-497,0x1.fa55c7e6ac3a2p-84,1.02253555388369436e-25
9,48,0x1.31c30bf8f8d4bp-85,0x1.bfc57ff30fd76p-497,0x1.31c30bf8f8d4cp-85,3.08740621247165570e-26
9,49,0x1.7102059308c08p-87,0x1.bfc57ff30fd76p-497,0x1.7102059308c09p-87,9.31506893123841488e-27
9,50,0x1.bd0240e6a8d3p-89,0x1.bfc57ff30fd76p-497,0x1.bd0240e6a8d31p-89,2.80840037613364985e-27
9,51,0x1.0c22eb9ec7778p-90,0x1.bfc57ff30fd76p-497,0x1.0c22eb9ec7779p-90,8.46089317454289019e-28
9,52,0x1.42e4ffcfa228dp-92,0x1.bfc57ff30fd76p-497,0x1.42e4ffcfa228ep-92,2.54718869938604384e-28
9,53,0x1.848f094063aadp-94,0x1.bfc57ff30fd76p-497,0x1.848f094063aaep-94,7.66296988395398287e-29
9,54,0x1.d33f5f767111fp-96,0x1.bfc57ff30fd76p-497,0x1.d33f5f767112p-96,2.30370828479132687e-29
9,55,0x1.18bd8bedcf744p-97,0x1.bfc57ff30fd76p-497,0x1.18bd8bedcf745p-97,6.92078559407796823e-30
9,56,0x1.5120800fc3c1p-99,0x1.bfc57ff30fd76p-497,0x1.5120800fc3c11p-99,2.07770526685812566e-30
9,57,0x1.949001b123847p-101,0x1.bfc57ff30fd76p-497,0x1.949001b123848p-101,6.23327266278440027e-31
9,58,0x1.e528c9d1a84f1p-103,0x1.bfc57ff30fd76p-497,0x1.e528c9d1a84f2p-103,1.86876576101645710e-31
9,59,0x1.22b632ca31e4p-104,0x1.bfc57ff30fd76p-497,0x1.22b632ca31e41p-104,5.59890392270909345e-32
9,60,0x1.5c29c60a88b43p-106,0x1.bfc57ff30fd76p-497,0x1.5c29c60a88b44p-106,1.67634472567673589e-32
9,61,0x1.a0b1da2c21d68p-108,0x1.bfc57ff30fd76p-497,0x1.a0b1da2c21d69p-108,5.01578042735024635e-33
9,62,0x1.f2643d8a52415p-110,0x1.bfc57ff30fd76p-497,0x1.f2643d8a52416p-110,1.49979255811994124e-33
9,63,0x1.29dc6010a5ffep-111,0x1.bfc57ff30fd76p-497,0x1.29dc6010a5fffp-111,4.48171181739496555e-34
9,64,0x1.63cd602120f37p-113,0x1.bfc57ff30fd76p-497,0x1.63cd602120f38p-113,1.33837930436558511e-34
9,65,0x1.a8bee3cd92cc2p-115,0x1.bfc57ff30fd76p-497,0x1.a8bee3cd92cc3p-115,3.99428902382764177e-35
9,66,0x1.fabadf002d9cbp-117,0x1.bfc57ff30fd76p-497,0x1.fabadf002d9ccp-117,1.19131642301833410e-35
9,67,0x1.2e14d36097ddep-118,0x1.bfc57ff30fd76p-497,0x1.2e14d36097ddfp-118,3.55094920839178528e-36
9,68,0x1.67f14b416d2d5p-120,0x1.bfc57ff30fd76p-497,0x1.67f14b416d2d6p-120,1.05777609876132903e-36
9,69,0x1.ac9fc917e95a8p-122,0x1.bfc57ff30fd76p-497,0x1.ac9fc917e95a9p-122,3.14903300801527613e-37
9,70,0x1.fe19efe2dfe97p-124,0x1.bfc57ff30fd76p-497,0x1.fe19efe2dfe98p-124,9.36908150059033719e-38
9,71,0x1.2f59b9d3fd407p-125,0x1.bfc57ff30fd76p-497,0x1.2f59b9d3fd408p-125,2.78583429206899455e-38
9,72,0x1.6894dfd3b3c2fp-127,0x1.bfc57ff30fd76p-497,0x1.6894dfd3b3c3p-127,8.27854616536771853e-39
9,73,0x1.ac5b219f7dff9p-129,0x1.bfc57ff30fd76p-497,0x1.ac5b219f7dffap-129,2.45864275753289411e-39
9,74,0x1.fc91eac3b406bp-131,0x1.bfc57ff30fd76p-497,0x1.fc91eac3b406cp-131,7.29762144099071629e-40
9,75,0x1.2db9ec6e65c59p-132,0x1.bfc57ff30fd76p-497,0x1.2db9ec6e65c5ap-132,2.16477977730936663e-40
9,76,0x1.65cfa8cfd77a3p-134,0x1.bfc57ff30fd76p-497,0x1.65cfa8cfd77a4p-134,6.41792310399510079e-41
9,77,0x1.a813c419bf38p-136,0x1.bfc57ff30fd76p-497,0x1.a813c419bf381p-136,1.90162798252695202e-41
9,78,0x1.f6542ba0b025dp-138,0x1.bfc57ff30fd76p-497,0x1.f6542ba0b025ep-138,5.63130050401615618e-42
9,79,0x1.2957594bb8e5dp-139,0x1.bfc57ff30fd76p-497,0x1.2957594bb8e5ep-139,1.66665510305019081e-42
9,80,0x1.5fcf46a04df42p-141,0x1.bfc57ff30fd76p-497,0x1.5fcf46a04df43p-141,4.92990352295643272e-43
9,81,0x1.a00601f2888bfp-143,0x1.bfc57ff30fd76p-497,0x1.a00601f2888cp-143,1.45743261432833203e-43
9,82,0x1.ebaf5c49fff29p-145,0x1.bfc57ff30fd76p-497,0x1.ebaf5c49fff2ap-145,4.30623398869475124e-44
9,83,0x1.2264ba399df8ap-146,0x1.bfc57ff30fd76p-497,0x1.2264ba399df8bp-146,1.27164974610348492e-44
9,84,0x1.56d48957a36bep-148,0x1.bfc57ff30fd76p-497,0x1.56d48957a36bfp-148,3.75318329499903546e-45
9,85,0x1.948402b48594ep-150,0x1.bfc57ff30fd76p-497,0x1.948402b48594fp-150,1.10712340224612017e-45
9,86,0x1.dd0ae8001f994p-152,0x1.bfc57ff30fd76p-497,0x1.dd0ae8001f995p-152,3.26405794123931629e-46
9,87,0x1.1922c24c99c7cp-153,0x1.bfc57ff30fd76p-497,0x1.1922c24c99c7dp-153,9.61804523819302298e-47
9,88,0x1.4b2ff5404b9f9p-155,0x1.bfc57ff30fd76p-497,0x1.4b2ff5404b9fap-155,2.83259463696584238e-47
9,89,0x1.85f17d9be4111p-157,0x1.bfc57ff30fd76p-497,0x1.85f17d9be4112p-157,8.33781401886152769e-48
9,90,0x1.cae1c217163d5p-159,0x1.bfc57ff30fd76p-497,0x1.cae1c217163d6p-159,2.45296652488064749e-48
9,91,0x1.0ddcf04f61de1p-160,0x1.bfc57ff30fd76p-497,0x1.0ddcf04f61de2p-160,7.21280414790567409e-49
9,92,0x1.3d3de90b6f2f1p-162,0x1.bfc57ff30fd76p-497,0x1.3d3de90b6f2f2p-162,2.11978196777881331e-49
9,93,0x1.74bf13a130dp-164,0x1.bfc57ff30fd76p-497,0x1.74bf13a130d01p-164,6.22664628599236699e-50
9,94,0x1.b5bcced32832fp-166,0x1.bfc57ff30fd76p-497,0x1.b5bcced32833p-166,1.82807722634847088e-50
9,95,0x1.00e6352859367p-167,0x1.bfc57ff30fd76p-497,0x1.00e6352859368p-167,5.36430660752199633e-51
9,96,0x1.2d629d6d25cabp-169,0x1.bfc57ff30fd76p-497,0x1.2d629d6d25cacp-169,1.57330423012023853e-51
9,97,0x1.61658bd28dc19p-171,0x1.bfc57ff30fd76p-497,0x1.61658bd28dc1ap-171,4.61204167122058361e-52
9,98,0x1.9e2d3bd88f9a5p-173,0x1.bfc57ff30fd76p-497,0x1.9e2d3bd88f9a6p-173,1.35131451734135392e-52
9,99,0x1.e52b36eaa8a0cp-175,0x1.bfc57ff30fd76p-497,0x1.e52b36eaa8a0dp-175,3.95734272770892159e-53
9,100,0x1.1c0632df49b24p-176,0x1.bfc57ff30fd76p-497,0x1.1c0632df49b25p-176,1.15834029437032117e-53
9,101,0x1.4c612f26f0b0dp-178,0x1.bfc57ff30fd76p-497,0x1.4c612f26f0b0ep-178,3.38887227636627727e-54
9,102,0x1.84c70ed88be28p-180,0x1.bfc57ff30fd76p-497,0x1.84c70ed88be29p-180,9.90973443909034277e-55
9,103,0x1.c6863200f462fp-182,0x1.bfc57ff30fd76p-497,0x1.c6863200f463p-182,2.89639530889874502e-55
9,104,0x1.0990fc106a4efp-183,0x1.bfc57ff30fd76p-497,0x1.0990fc106a4fp-183,8.46143195978997781e-56
9,105,0x1.362d78ccd716ap-185,0x1.bfc57ff30fd76p-497,0x1.362d78ccd716bp-185,2.47070732313857230e-56
9,106,0x1.6a1c269312372p-187,0x1.bfc57ff30fd76p-497,0x1.6a1c269312373p-187,7.21093067439749078e-57
9,107,0x1.a68957dfb41b1p-189,0x1.bfc57ff30fd76p-497,0x1.a68957dfb41b2p-189,2.10356086151791018e-57
9,108,0x1.ecd055f8b236fp-191,0x1.bfc57ff30fd76p-497,0x1.ecd055f8b237p-191,6.13357576020011472e-58
9,109,0x1.1f41454aa00e3p-192,0x1.bfc57ff30fd76p-497,0x1.1f41454aa00e4p-192,1.78759202684081823e-58
9,110,0x1.4eb7dd0a8b89p-194,0x1.bfc57ff30fd76p-497,0x1.4eb7dd0a8b891p-194,5.20739143874813302e-59
9,111,0x1.85d7baddbdc4bp-196,0x1.bfc57ff30fd76p-497,0x1.85d7baddbdc4cp-196,1.51624815473729416e-59
9,112,0x1.c5d5f978728cdp-198,0x1.bfc57ff30fd76p-497,0x1.c5d5f978728cep-198,4.41285523858068556e-60
9,113,0x1.080b9eb7de42bp-199,0x1.bfc57ff30fd76p-497,0x1.080b9eb7de42cp-199,1.28371757792235029e-60
9,114,0x1.331b6b3b1c375p-201,0x1.bfc57ff30fd76p-497,0x1.331b6b3b1c376p-201,3.73268009009500884e-61
9,115,0x1.650775ae11739p-203,0x1.bfc57ff30fd76p-497,0x1.650775ae1173ap-203,1.08486220173347999e-61
9,116,0x1.9ee0eb6481ae4p-205,0x1.bfc57ff30fd76p-497,0x1.9ee0eb6481ae5p-205,3.15160621980810669e-62
9,117,0x1.e1e26ff33131dp-207,0x1.bfc57ff30fd76p-497,0x1.e1e26ff33131ep-207,9.15153422427789921e-63
9,118,0x1.17bb200a4e569p-208,0x1.bfc57ff30fd76p-497,0x1.17bb200a4e56ap-208,2.65620425890945223e-63
9,119,0x1.449e9b8aa4a21p-210,0x1.bfc57ff30fd76p-497,0x1.449e9b8aa4a22p-210,7.70611757974397376e-64
9,120,0x1.788b6b4a72672p-212,0x1.bfc57ff30fd76p-497,0x1.788b6b4a72673p-212,2.23469050900822976e-64
9,121,0x1.b4953a607e24dp-214,0x1.bfc57ff30fd76p-497,0x1.b4953a607e24ep-214,6.47750423843584820e-65
9,122,0x1.f9f8dd0c86564p-216,0x1.bfc57ff30fd76p-497,0x1.f9f8dd0c86565p-216,1.87675491048140068e-65
9,123,0x1.251127574601ep-217,0x1.bfc57ff30fd76p-497,0x1.251127574601fp-217,5.43522971619534169e-66
9,124,0x1.5359c4a54372bp-219,0x1.bfc57ff30fd76p-497,0x1.5359c4a54372cp-219,1.57340192941019719e-66
9,125,0x1.88c62a500d77ep-221,0x1.bfc57ff30fd76p-497,0x1.88c62a500d77fp-221,4.55275014067470159e-67
9,126,0x1.c6699772d7719p-223,0x1.bfc57ff30fd76p-497,0x1.c6699772d771ap-223,1.31680431108149851e-67
9,127,0x1.06bfdd71221a4p-224,0x1.bfc57ff30fd76p-497,0x1.06bfdd71221a5p-224,3.80699984443547504e-68
9,128,0x1.2fb93ed6548b9p-226,0x1.bfc57ff30fd76p-497,0x1.2fb93ed6548bap-226,1.10016943469400887e-68
9,129,0x1.5ef04e333055cp-228,0x1.bfc57ff30fd76p-497,0x1.5ef04e333055dp-228,3.17798818229380526e-69
9,130,0x1.955295aa164a2p-230,0x1.bfc57ff30fd76p-497,0x1.955295aa164a3p-230,9.17617838640469530e-70
9,131,0x1.d3f0129ce3d08p-232,0x1.bfc57ff30fd76p-497,0x1.d3f0129ce3d09p-232,2.64843400052999720e-70
9,132,0x1.0e000a30177eap-233,0x1.bfc57ff30fd76p-497,0x1.0e000a30177ebp-233,7.64073362196320106e-71
9,133,0x1.37736347af183p-235,0x1.bfc57ff30fd76p-497,0x1.37736347af184p-235,2.20343585369880087e-71
9,134,0x1.671dbeff237b9p-237,0x1.bfc57ff30fd76p-497,0x1.671dbeff237bap-237,6.35164261642694431e-72
9,135,0x1.9de7f12176ecdp-239,0x1.bfc57ff30fd76p-497,0x1.9de7f12176ecep-239,1.83017583696436042e-72
9,136,0x1.dcdc089857807p-241,0x1.bfc57ff30fd76p-497,0x1.dcdc089857808p-241,5.27134601243597498e-73
9,137,0x1.1294f75a57b4bp-242,0x1.bfc57ff30fd76p-497,0x1.1294f75a57b4cp-242,1.51765476133268228e-73
9,138,0x1.3c16535b83e97p-244,0x1.bfc57ff30fd76p-497,0x1.3c16535b83e98p-244,4.36765187005349169e-74
9,139,0x1.6bb82159bbbc4p-246,0x1.bfc57ff30fd76p-497,0x1.6bb82159bbbc5p-246,1.25645633059826551e-74
9,140,0x1.a25c52d028cap-248,0x1.bfc57ff30fd76p-497,0x1.a25c52d028ca1p-248,3.61303299200807229e-75
9,141,0x1.e10496b40eba9p-250,0x1.bfc57ff30fd76p-497,0x1.e10496b40ebaap-250,1.03853796861022449e-75
9,142,0x1.146b58d0374dap-251,0x1.bfc57ff30fd76p-497,0x1.146b58d0374dbp-251,2.98400484172495815e-76
9,143,0x1.3d90b517f5cf7p-253,0x1.bfc57ff30fd76p-497,0x1.3d90b517f5cf8p-253,8.57045981510523673e-77
9,144,0x1.6cb10e5bb401dp-255,0x1.bfc57ff30fd76p-497,0x1.6cb10e5bb401ep-255,2.46057683363967977e-77
9,145,0x1.a2a585ff0ee2fp-257,0x1.bfc57ff30fd76p-497,0x1.a2a585ff0ee3p-257,7.06152811375046174e-78
9,146,0x1.e06543a2da314p-259,0x1.bfc57ff30fd76p-497,0x1.e06543a2da315p-259,2.02577004772486814e-78
9,147,0x1.1384c03fba9d8p-260,0x1.bfc57ff30fd76p-497,0x1.1384c03fba9d9p-260,5.80914236118679010e-79
9,148,0x1.3be90d3bf15abp-262,0x1.bfc57ff30fd76p-497,0x1.3be90d3bf15acp-262,1.66519476416277184e-79
9,149,0x1.6a1560187a6d6p-264,0x1.bfc57ff30fd76p-497,0x1.6a1560187a6d7p-264,4.77144487897310945e-80
9,150,0x1.9ed864cdc3b34p-266,0x1.bfc57ff30fd76p-497,0x1.9ed864cdc3b35p-266,1.36668160732014777e-80
9,151,0x1.db1ce9630abc3p-268,0x1.bfc57ff30fd76p-497,0x1.db1ce9630abc4p-268,3.91307392095517226e-81
9,152,0x1.0ff6cc5e2556fp-269,0x1.bfc57ff30fd76p-497,0x1.0ff6cc5e2557p-269,1.11996051202696980e-81
9,153,0x1.373c984778912p-271,0x1.bfc57ff30fd76p-497,0x1.373c984778913p-271,3.20421765995699848e-82
9,154,0x1.640ba0f661d4cp-273,0x1.bfc57ff30fd76p-497,0x1.640ba0f661d4dp-273,9.16382164419812823e-83
9,155,0x1.9726c6da7ad15p-275,0x1.bfc57ff30fd76p-497,0x1.9726c6da7ad16p-275,2.61979456066858663e-83
9,156,0x1.d16b082a53743p-277,0x1.bfc57ff30fd76p-497,0x1.d16b082a53744p-277,7.48677012082565881e-84
9,157,0x1.09e974a6144edp-278,0x1.bfc57ff30fd76p-497,0x1.09e974a6144eep-278,2.13874532055464480e-84
9,158,0x1.2fbd25fb8da69p-280,0x1.bfc57ff30fd76p-497,0x1.2fbd25fb8da6ap-280,6.10747374306608310e-85
9,159,0x1.5ad16159a867bp-282,0x1.bfc57ff30fd76p-497,0x1.5ad16159a867cp-282,1.74342292047455121e-85
9,160,0x1.8bdc3800a1fdcp-284,0x1.bfc57ff30fd76p-497,0x1.8bdc3800a1fddp-284,4.97488605684866616e-86
9,161,0x1.c3abc12169c4bp-286,0x1.bfc57ff30fd76p-497,0x1.c3abc12169c4cp-286,1.41906863402774762e-86
9,162,0x1.019497e22afedp-287,0x1.bfc57ff30fd76p-497,0x1.019497e22afeep-287,4.04635669551691473e-87
9,163,0x1.25ae25aaa2f1cp-289,0x1.bfc57ff30fd76p-497,0x1.25ae25aaa2f1dp-289,1.15336308502270822e-87
9,164,0x1.4eb7ab65cd15cp-291,0x1.bfc57ff30fd76p-497,0x1.4eb7ab65cd15dp-291,3.28631858209054564e-88
9,165,0x1.7d59b9e63f66ep-293,0x1.bfc57ff30fd76p-497,0x1.7d59b9e63f66fp-293,9.36042606218527009e-89
9,166,0x1.b252c85b857a5p-295,0x1.bfc57ff30fd76p-497,0x1.b252c85b857a6p-295,2.66516752010468686e-89
9,167,0x1.ee79f92420fb5p-297,0x1.bfc57ff30fd76p-497,0x1.ee79f92420fb6p-297,7.58572233729797147e-90
9,168,0x1.19611add7e8b9p-298,0x1.bfc57ff30fd76p-497,0x1.19611add7e8bap-298,2.15830837864399162e-90
9,169,0x1.401ed61227e73p-300,0x1.bfc57ff30fd76p-497,0x1.401ed61227e74p-300,6.13867667444558762e-91
9,170,0x1.6c10dcb8b1e45p-302,0x1.bfc57ff30fd76p-497,0x1.6c10dcb8b1e46p-302,1.74534509106770370e-91
9,171,0x1.9de5a72452912p-304,0x1.bfc57ff30fd76p-497,0x1.9de5a72452913p-304,4.96059438171192726e-92
9,172,0x1.d661ededa37d3p-306,0x1.bfc57ff30fd76p-497,0x1.d661ededa37d4p-306,1.40939443196820136e-92
9,173,0x1.0b31b6560096dp-307,0x1.bfc57ff30fd76p-497,0x1.0b31b6560096ep-307,4.00293348575382699e-93
9,174,0x1.2f71fcefd4277p-309,0x1.bfc57ff30fd76p-497,0x1.2f71fcefd4278p-309,1.13650602052056890e-93
9,175,0x1.587e7f01868c2p-311,0x1.bfc57ff30fd76p-497,0x1.587e7f01868c3p-311,3.22562000296614243e-94
9,176,0x1.86f5aa6d66379p-313,0x1.bfc57ff30fd76p-497,0x1.86f5aa6d6637ap-313,9.15173231836324724e-95
9,177,0x1.bb89d2ae0e69dp-315,0x1.bfc57ff30fd76p-497,0x1.bb89d2ae0e69ep-315,2.59562887971274585e-95
9,178,0x1.f7039ef291707p-317,0x1.bfc57ff30fd76p-497,0x1.f7039ef291708p-317,7.35921695154374213e-96
9,179,0x1.1d2261032c6c1p-318,0x1.bfc57ff30fd76p-497,0x1.1d2261032c6c2p-318,2.08579136949181992e-96
9,180,0x1.43258240f5b4cp-320,0x1.bfc57ff30fd76p-497,0x1.43258240f5b4dp-320,5.90963834375304866e-97
9,181,0x1.6e19d559e4e37p-322,0x1.bfc57ff30fd76p-497,0x1.6e19d559e4e38p-322,1.67379490417814514e-97
9,182,0x1.9e9fa05e4cfbdp-324,0x1.bfc57ff30fd76p-497,0x1.9e9fa05e4cfbep-324,4.73909479236935559e-98
9,183,0x1.d56aec414ff23p-326,0x1.bfc57ff30fd76p-497,0x1.d56aec414ff24p-326,1.34134618790017656e-98
9,184,0x1.09a2f19a3dd61p-327,0x1.bfc57ff30fd76p-497,0x1.09a2f19a3dd62p-327,3.79523961364828026e-99
9,185,0x1.2c89bac89c58bp-329,0x1.bfc57ff30fd76p-497,0x1.2c89bac89c58cp-329,1.07347234953165351e-99
9,186,0x1.53e926a27c68fp-331,0x1.bfc57ff30fd76p-497,0x1.53e926a27c69p-331,3.03526325449383907e-100
9,187,0x1.80500c49a6891p-333,0x1.bfc57ff30fd76p-497,0x1.80500c49a6892p-333,8.57938586166069011e-101
9,188,0x1.b25e9afb5667p-335,0x1.bfc57ff30fd76p-497,0x1.b25e9afb56671p-335,2.42421348376535113e-101
9,189,0x1.eac865fc0fe4p-337,0x1.bfc57ff30fd76p-497,0x1.eac865fc0fe41p-337,6.84763866334266337e-102
9,190,0x1.152b564071634p-338,0x1.bfc57ff30fd76p-497,0x1.152b564071635p-338,1.93359984027586043e-102
9,191,0x1.38f5721ece8fdp-340,0x1.bfc57ff30fd76p-497,0x1.38f5721ece8fep-340,5.45818986601980533e-103
9,192,0x1.6140c6fb0f4f2p-342,0x1.bfc57ff30fd76p-497,0x1.6140c6fb0f4f3p-342,1.54023653531646132e-103
9,193,0x1.8e9aae1d4a6cbp-344,0x1.bfc57ff30fd76p-497,0x1.8e9aae1d4a6ccp-344,4.34493633979247074e-104
9,194,0x1.c1a15aaa65327p-346,0x1.bfc57ff30fd76p-497,0x1.c1a15aaa65328p-346,1.22528493848487649e-104
9,195,0x1.fb05cd30f3dffp-348,0x1.bfc57ff30fd76p-497,0x1.fb05cd30f3ep-348,3.45421141392786285e-105
9,196,0x1.1dc6ffa89511fp-349,0x1.bfc57ff30fd76p-497,0x1.1dc6ffa89512p-349,9.73462744548481580e-106
9,197,0x1.420ba6ccd178bp-351,0x1.bfc57ff30fd76p-497,0x1.420ba6ccd178cp-351,2.74251372982762399e-106
9,198,0x1.6acc932b6c724p-353,0x1.bfc57ff30fd76p-497,0x1.6acc932b6c725p-353,7.72392042816920625e-107
9,199,0x1.98940263eb1ffp-355,0x1.bfc57ff30fd76p-497,0x1.98940263eb2p-355,2.17463675382146940e-107
9,200,0x1.cbfc6078c6ac2p-357,0x1.bfc57ff30fd76p-497,0x1.cbfc6078c6ac3p-357,6.12062894899803559e-108
9,201,0x1.02d90f494c25ep-358,0x1.bfc57ff30fd76p-497,0x1.02d90f494c25fp-358,1.72213112213260594e-108
9,202,0x1.233adecfad25bp-360,0x1.bfc57ff30fd76p-497,0x1.233adecfad25cp-360,4.84392767112001997e-109
9,203,0x1.478f092a6109ap-362,0x1.bfc57ff30fd76p-497,0x1.478f092a6109bp-362,1.36204290325625155e-109
9,204,0x1.704d645727672p-364,0x1.bfc57ff30fd76p-497,0x1.704d645727673p-364,3.82865345423922849e-110
9,205,0x1.9dfb96cfd72d1p-366,0x1.bfc57ff30fd76p-497,0x1.9dfb96cfd72d2p-366,1.07588013240394456e-110
9,206,0x1.d12ea331f5d62p-368,0x1.bfc57ff30fd76p-497,0x1.d12ea331f5d63p-368,3.02234959528484150e-111
9,207,0x1.05464f64bd46cp-369,0x1.bfc57ff30fd76p-497,0x1.05464f64bd46dp-369,8.48767824124538759e-112
9,208,0x1.25674bbec44f6p-371,0x1.bfc57ff30fd76p-497,0x1.25674bbec44f7p-371,2.38285125334855613e-112
9,209,0x1.4961570925bb7p-373,0x1.bfc57ff30fd76p-497,0x1.4961570925bb8p-373,6.68758301631891584e-113
9,210,0x1.71a7351966642p-375,0x1.bfc57ff30fd76p-497,0x1.71a7351966643p-375,1.87631640956191600e-113
9,211,0x1.9eb8a720d780fp-377,0x1.bfc57ff30fd76p-497,0x1.9eb8a720d781p-377,5.26269269270415321e-114
9,212,0x1.d123d8c4a65c9p-379,0x1.bfc57ff30fd76p-497,0x1.d123d8c4a65cap-379,1.47562291641715035e-114
9,213,0x1.04c37a0306d0bp-380,0x1.bfc57ff30fd76p-497,0x1.04c37a0306d0cp-380,4.13626750378715230e-115
9,214,0x1.2448effbac0b4p-382,0x1.bfc57ff30fd76p-497,0x1.2448effbac0b5p-382,1.15906579094344902e-115
9,215,0x1.4784174fbb0aap-384,0x1.bfc57ff30fd76p-497,0x1.4784174fbb0abp-384,3.24693949148173892e-116
9,216,0x1.6ee19f6e49a2ap-386,0x1.bfc57ff30fd76p-497,0x1.6ee19f6e49a2bp-386,9.09300292485528141e-117
9,217,0x1.9ada4bc7a4489p-388,0x1.bfc57ff30fd76p-497,0x1.9ada4bc7a448ap-388,2.54570386728422759e-117
9,218,0x1.cbf440ee51f81p-390,0x1.bfc57ff30fd76p-497,0x1.cbf440ee51f82p-390,7.12485835969140276e-118
9,219,0x1.01623a39963d6p-391,0x1.bfc57ff30fd76p-497,0x1.01623a39963d7p-391,1.99348407856560121e-118
9,220,0x1.1ff8217dc82edp-393,0x1.bfc57ff30fd76p-497,0x1.1ff8217dc82eep-393,5.57593716008951795e-119
9,221,0x1.42179833b5f7fp-395,0x1.bfc57ff30fd76p-497,0x1.42179833b5f8p-395,1.55916439817381367e-119
9,222,0x1.68266b1de4ba1p-397,0x1.bfc57ff30fd76p-497,0x1.68266b1de4ba2p-397,4.35848205266254866e-120
9,223,0x1.929582770951ep-399,0x1.bfc57ff30fd76p-497,0x1.929582770951fp-399,1.21800283484147694e-120
9,224,0x1.c1e20e8ebf7d5p-401,0x1.bfc57ff30fd76p-497,0x1.c1e20e8ebf7d6p-401,3.40276055183943035e-121
9,225,0x1.f696d321dda65p-403,0x1.bfc57ff30fd76p-497,0x1.f696d321dda66p-403,9.50352887749438494e-122
9,226,0x1.18a6ca3b330c2p-404,0x1.bfc57ff30fd76p-497,0x1.18a6ca3b330c3p-404,2.65343950204351134e-122
9,227,0x1.395854c65cd05p-406,0x1.bfc57ff30fd76p-497,0x1.395854c65cd06p-406,7.40635670321534187e-123
9,228,0x1.5dbe5b840263cp-408,0x1.bfc57ff30fd76p-497,0x1.5dbe5b840263dp-408,2.06667202049552247e-123
9,229,0x1.86414b63bf4ffp-410,0x1.bfc57ff30fd76p-497,0x1.86414b63bf5p-410,5.76514654898060193e-124
9,230,0x1.b354b844cc004p-412,0x1.bfc57ff30fd76p-497,0x1.b354b844cc005p-412,1.60776049215043705e-124
9,231,0x1.e578842d2c0b7p-414,0x1.bfc57ff30fd76p-497,0x1.e578842d2c0b8p-414,4.48234120991028712e-125
9,232,0x1.0e9d11ffe5acdp-415,0x1.bfc57ff30fd76p-497,0x1.0e9d11ffe5acep-415,1.24928458766340673e-125
9,233,0x1.2d9b024455de5p-417,0x1.bfc57ff30fd76p-497,0x1.2d9b024455de6p-417,3.48089645418883218e-126
9,234,0x1.500c897cc79d3p-419,0x1.bfc57ff30fd76p-497,0x1.500c897cc79d4p-419,9.69604056636429650e-127
9,235,0x1.7651361d62993p-421,0x1.bfc57ff30fd76p-497,0x1.7651361d62994p-421,2.70004921805006430e-127
9,236,0x1.a0d29b61bcff6p-423,0x1.bfc57ff30fd76p-497,0x1.a0d29b61bcff7p-423,7.51663071013819248e-128
9,237,0x1.d0055581ce338p-425,0x1.bfc57ff30fd76p-497,0x1.d0055581ce339p-425,2.09194065275784566e-128
9,238,0x1.023513b1eedc8p-426,0x1.bfc57ff30fd76p-497,0x1.023513b1eedc9p-426,5.82036809866256682e-129
9,239,0x1.1f479a19719fdp-428,0x1.bfc57ff30fd76p-497,0x1.1f479a19719fep-428,1.61892534324204625e-129
9,240,0x1.3f88abbc43555p-430,0x1.bfc57ff30fd76p-497,0x1.3f88abbc43556p-430,4.50172331809592589e-130
9,241,0x1.634ecf4b3b803p-432,0x1.bfc57ff30fd76p-497,0x1.634ecf4b3b804p-432,1.25143043018044493e-130
9,242,0x1.8af9735e4a921p-434,0x1.bfc57ff30fd76p-497,0x1.8af9735e4a922p-434,3.47785028774821709e-131
9,243,0x1.b6f1d1606b746p-436,0x1.bfc57ff30fd76p-497,0x1.b6f1d1606b747p-436,9.66254738855568218e-132
9,244,0x1.e7abe645a5da9p-438,0x1.bfc57ff30fd76p-497,0x1.e7abe645a5daap-438,2.68379471881018660e-132
9,245,0x1.0ed3c18732f4ap-439,0x1.bfc57ff30fd76p-497,0x1.0ed3c18732f4bp-439,7.45219435074111933e-133
9,246,0x1.2cb8bba487633p-441,0x1.bfc57ff30fd76p-497,0x1.2cb8bba487634p-441,2.06869559331524211e-133
9,247,0x1.4dd26bfa16a9ep-443,0x1.bfc57ff30fd76p-497,0x1.4dd26bfa16a9fp-443,5.74099089898486193e-134
9,248,0x1.727632aca9742p-445,0x1.bfc57ff30fd76p-497,0x1.727632aca9745p-445,1.59277816018405432e-134
9,249,0x1.9b02095966d59p-447,0x1.bfc57ff30fd76p-497,0x1.9b02095966d61p-447,4.41776083515997135e-135
9,250,0x1.c7dd5956b9e72p-449,0x1.bfc57ff30fd76p-497,0x1.c7dd5956b9e8fp-449,1.22497688129815008e-135
9,251,0x1.f979e60dfcf97p-451,0x1.bfc57ff30fd76p-497,0x1.f979e60dfd008p-451,3.39572626258201929e-136
9,252,0x1.182a669ecd697p-452,0x1.bfc57ff30fd76p-497,0x1.182a669ecd778p-452,9.41058990466820459e-137
9,253,0x1.367bcf8dacbfep-454,0x1.bfc57ff30fd76p-497,0x1.367bcf8dacf7fp-454,2.60723824811077399e-137
9,254,0x1.57fcc83ce5b43p-456,0x1.bfc57ff30fd76p-497,0x1.57fcc83ce6942p-456,7.22145293720451232e-138
9,255,0x1.7d0064a15df9bp-458,0x1.bfc57ff30fd76p-497,0x1.7d0064a161795p-458,1.99962586895941045e-138
9,256,0x1.a5e1e8e58aa8fp-460,0x1.bfc57ff30fd76p-497,0x1.a5e1e8e598a73p-460,5.53545722277621718e-139
9,257,0x1.d30590ddc0c83p-462,0x1.bfc57ff30fd76p-497,0x1.d30590ddf8c0fp-462,1.53193076200730262e-139
9,258,0x1.026cb4e10e79ep-463,0x1.bfc57ff30fd76p-497,0x1.026cb4e17e6b5p-463,4.23843916314567621e-140
9,259,0x1.1deb1fe498adfp-465,0x1.bfc57ff30fd76p-497,0x1.1deb1fe658738p-465,1.17234177302868559e-140
9,260,0x1.3c4050b0906p-467,0x1.bfc57ff30fd76p-497,0x1.3c4050b78f761p-467,3.24178557289288718e-141
9,261,0x1.5db4fcf4df425p-469,0x1.bfc57ff30fd76p-497,0x1.5db4fd10db9a6p-469,8.96182330746758220e-142
9,262,0x1.8298e2fca1d03p-471,0x1.bfc57ff30fd76p-497,0x1.8298e36c93304p-471,2.47679922956995588e-142
9,263,0x1.ab4371adced5ep-473,0x1.bfc57ff30fd76p-497,0x1.ab43736d9455ep-473,6.84333592465249461e-143
9,264,0x1.d8147f8c43e91p-475,0x1.bfc57ff30fd76p-497,0x1.d814868b59e8fp-475,1.89028748782444573e-143
9,265,0x1.04ba88ee55c13p-476,0x1.bfc57ff30fd76p-497,0x1.04ba96ec81c0ep-476,5.22000853874174138e-144
9,266,0x1.1fec1a4eb6ff2p-478,0x1.bfc57ff30fd76p-497,0x1.1fec524766fd9p-478,1.44111508059855914e-144
9,267,0x1.3dddf125f2eddp-480,0x1.bfc57ff30fd76p-497,0x1.3dded108b2e76p-480,3.97751817788881102e-145
9,268,0x1.5ed4f9dc9dd6p-482,0x1.bfc57ff30fd76p-497,0x1.5ed879679dbc3p-482,1.09753445275549853e-145
9,269,0x1.831c7bcb4fe39p-484,0x1.bfc57ff30fd76p-497,0x1.832a79f74f7c2p-484,3.02788418194952154e-146
9,270,0x1.ab063c5f43ddep-486,0x1.bfc57ff30fd76p-497,0x1.ab3e350f423ffp-486,8.35328107499956309e-147
9,271,0x1.d6e9800777b27p-488,0x1.bfc57ff30fd76p-497,0x1.d7c962c7713a7p-488,2.30604517461967029e-147
9,272,0x1.038ef61d96963p-489,0x1.bfc57ff30fd76p-497,0x1.054ebb9d89a61p-489,6.38622349934532503e-148
9,273,0x1.1df403abf5597p-491,0x1.bfc57ff30fd76p-497,0x1.24f319abc198ep-491,1.78988483531746528e-148
9,274,0x1.3a9a8863aa35p-493,0x1.bfc57ff30fd76p-497,0x1.5696e062db328p-493,5.23294348884975329e-149
9,275,0x1.58dc21adceeb1p-495,0x1.bfc57ff30fd76p-497,0x1.c8cd81aa92e0fp-495,1.74437920232795956e-149
9,276,0x1.760f3ab21b35fp-497,0x1.bfc57ff30fd76p-497,0x1.9aea5d529586bp-496,7.84575413751720738e-150
9,277,0x1.896f4fb7ec1fp-499,0x1.bfc57ff30fd76p-497,0x1.1110a9f0856fap-496,5.21372801516646320e-150
9,278,0x1.79c633032f4f7p-501,0x1.bfc57ff30fd76p-497,0x1.d761e32342cc6p-497,4.50013484259785895e-150
9,279,0x1.0c3683ada5676p-503,0x1.bfc57ff30fd76p-497,0x1.c3f65a01c66d1p-497,4.31473780778127759e-150
9,280,0x0p+0,0x1.bfc57ff30fd76p-497,0x1.bfc57ff30fd76p-497,4.27472933687344078e-150
10,0,0x1.2925a7ca4bf88p-4,0x1.612975908f24ep-482,0x1.2925a7ca4bf89p-4,7.25456766419921989e-02
10,1,0x1.a936fbaeaed8fp-6,0x1.612975908f24ep-482,0x1.a936fbaeaed9p-6,2.59530504069807599e-02
10,2,0x1.21f80dab8385fp-7,0x1.612975908f24ep-482,0x1.21f80dab8386p-7,8.84915034751204699e-03
10,3,0x1.7ed1e4307f5b2p-9,0x1.612975908f24ep-482,0x1.7ed1e4307f5b3p-9,2.92068396106400776e-03
10,4,0x1.eff53f73fcd07p-11,0x1.612975908f24ep-482,0x1.eff53f73fcd08p-11,9.45964812216011121e-04
10,5,0x1.3e9b00ca3b209p-12,0x1.612975908f24ep-482,0x1.3e9b00ca3b20ap-12,3.03845864108948636e-04
10,6,0x1.98b0f90405d97p-14,0x1.612975908f24ep-482,0x1.98b0f90405d98p-14,9.74395989604609275e-05
10,7,0x1.0686f070c464dp-15,0x1.612975908f24ep-482,0x1.0686f070c464ep-15,3.12956698335196693e-05
10,8,0x1.51feaed216fefp-17,0x1.612975908f24ep-482,0x1.51feaed216ffp-17,1.00730316356309197e-05
10,9,0x1.b3c8be17a55e1p-19,0x1.612975908f24ep-482,0x1.b3c8be17a55e2p-19,3.24684493675329810e-06
10,10,0x1.190ba0288c311p-20,0x1.612975908f24ep-482,0x1.190ba0288c312p-20,1.04697574888570890e-06
10,11,0x1.6a536e19e69ap-22,0x1.612975908f24ep-482,0x1.6a536e19e69a1p-22,3.37442288883593084e-07
10,12,0x1.d29bd583d4ceap-24,0x1.612975908f24ep-482,0x1.d29bd583d4cebp-24,1.08640810179018149e-07
10,13,0x1.2c0786754da5ep-25,0x1.612975908f24ep-482,0x1.2c0786754da5fp-25,3.49280186253083745e-08
10,14,0x1.813c5f83af3adp-27,0x1.612975908f24ep-482,0x1.813c5f83af3aep-27,1.12118383530168885e-08
10,15,0x1.edd898aab5159p-29,0x1.612975908f24ep-482,0x1.edd898aab515ap-29,3.59320314245188730e-09
10,16,0x1.3c08ae5ad884bp-30,0x1.612975908f24ep-482,0x1.3c08ae5ad884cp-30,1.14972466851805460e-09
10,17,0x1.93dc425253c3fp-32,0x1.612975908f24ep-482,0x1.93dc425253c4p-32,3.67308882220788474e-10
10,18,0x1.01a961c15767bp-33,0x1.612975908f24ep-482,0x1.01a961c15767cp-33,1.17170951796918475e-10
10,19,0x1.484e391c1ba46p-35,0x1.612975908f24ep-482,0x1.484e391c1ba47p-35,3.73240208007635600e-11
10,20,0x1.a1c01c203bad3p-37,0x1.612975908f24ep-482,0x1.a1c01c203bad4p-37,1.18731813122206222e-11
10,21,0x1.09708c4368afp-38,0x1.612975908f24ep-482,0x1.09708c4368af1p-38,3.77212416322483869e-12
10,22,0x1.50e8e135b9d13p-40,0x1.612975908f24ep-482,0x1.50e8e135b9d14p-40,1.19694365149971282e-12
10,23,0x1.ab206eba82041p-42,0x1.612975908f24ep-482,0x1.ab206eba82042p-42,3.79364708166047871e-13
10,24,0x1.0e73a44ff9749p-43,0x1.612975908f24ep-482,0x1.0e73a44ff974ap-43,1.20104693283386726e-13
10,25,0x1.5621f85d29feap-45,0x1.612975908f24ep-482,0x1.5621f85d29febp-45,3.79843596557069182e-14
10,26,0x1.b06010182f9dbp-47,0x1.612975908f24ep-482,0x1.b06010182f9dcp-47,1.20008238230835115e-14
10,27,0x1.10f20e7b3fa53p-48,0x1.612975908f24ep-482,0x1.10f20e7b3fa54p-48,3.78788019657678730e-15
10,28,0x1.584876e96c971p-50,0x1.612975908f24ep-482,0x1.584876e96c972p-50,1.19447182856625549e-15
10,29,0x1.b1dfc3bd62cbbp-52,0x1.612975908f24ep-482,0x1.b1dfc3bd62cbcp-52,3.76325776532463396e-16
10,30,0x1.11269cc4bfa37p-53,0x1.612975908f24ep-482,0x1.11269cc4bfa38p-53,1.18460289146644690e-16
10,31,0x1.57a3bcce59ebap-55,0x1.612975908f24ep-482,0x1.57a3bcce59ebbp-55,3.72574800548780623e-17
10,32,0x1.aff652a3c8d8fp-57,0x1.612975908f24ep-482,0x1.aff652a3c8d9p-57,1.17083588506727244e-17
10,33,0x1.0f464e29bc28dp-58,0x1.612975908f24ep-482,0x1.0f464e29bc28ep-58,3.67645679217409209e-18
10,34,0x1.5474e213ba418p-60,0x1.612975908f24ep-482,0x1.5474e213ba419p-60,1.15351174339284879e-18
10,35,0x1.aaf42d2a11113p-62,0x1.612975908f24ep-482,0x1.aaf42d2a11114p-62,3.61643947543375962e-19
10,36,0x1.0b83203b06a1fp-63,0x1.612975908f24ep-482,0x1.0b83203b06a2p-63,1.13295828064114562e-19
10,37,0x1.4efa5bebb8838p-65,0x1.612975908f24ep-482,0x1.4efa5bebb8839p-65,3.54671716304724729e-20
10,38,0x1.a327b2b0ed12bp-67,0x1.612975908f24ep-482,0x1.a327b2b0ed12cp-67,1.10949423313647646e-20
10,39,0x1.060e699f890b1p-68,0x1.612975908f24ep-482,0x1.060e699f890b2p-68,3.46828624129058994e-21
10,40,0x1.477270cf8bbc9p-70,0x1.612975908f24ep-482,0x1.477270cf8bbcap-70,1.08343135217164008e-21
10,41,0x1.98df9f1292d4dp-72,0x1.612975908f24ep-482,0x1.98df9f1292d4ep-72,3.38212249561241532e-22
10,42,0x1.fe33f6e1ede93p-74,0x1.612975908f24ep-482,0x1.fe33f6e1ede94p-74,1.05507504596350152e-22
10,43,0x1.3e1c3015a64f8p-75,0x1.612975908f24ep-482,0x1.3e1c3015a64f9p-75,3.28918143229932786e-23
10,44,0x1.8c6bc12421dbap-77,0x1.612975908f24ep-482,0x1.8c6bc12421dbbp-77,1.02472405000495370e-23
10,45,0x1.edb09cfdb336fp-79,0x1.612975908f24ep-482,0x1.edb09cfdb337p-79,3.19039617316383491e-24
10,46,0x1.33376189fc45p-80,0x1.612975908f24ep-482,0x1.33376189fc451p-80,9.92669506850935473e-25
10,47,0x1.7e1c9a382a9b1p-82,0x1.612975908f24ep-482,0x1.7e1c9a382a9b2p-82,3.08667395895745899e-25
10,48,0x1.daf840462b1acp-84,0x1.612975908f24ep-482,0x1.daf840462b1adp-84,9.59193732474806983e-26
10,49,0x1.2703e26e52f0cp-85,0x1.612975908f24ep-482,0x1.2703e26e52f0dp-85,2.97889199446255268e-26
10,50,0x1.6e426bf8819dep-87,0x1.612975908f24ep-482,0x1.6e426bf8819dfp-87,9.24568861322812015e-27
10,51,0x1.c66f9108df213p-89,0x1.612975908f24ep-482,0x1.c66f9108df214p-89,2.86789313535692250e-27
10,52,0x1.19c0c04ed25dbp-90,0x1.612975908f24ep-482,0x1.19c0c04ed25dcp-90,8.89055499472535545e-28
10,53,0x1.5d2c0b194f04cp-92,0x1.612975908f24ep-482,0x1.5d2c0b194f04dp-92,2.75448174987909470e-28
10,54,0x1.b078f0d371a46p-94,0x1.612975908f24ep-482,0x1.b078f0d371a47p-94,8.52901471104402878e-29
10,55,0x1.0bab42987cfep-95,0x1.612975908f24ep-482,0x1.0bab42987cfe1p-95,2.63941997178574621e-29
10,56,0x1.4b25aa972a991p-97,0x1.612975908f24ep-482,0x1.4b25aa972a992p-97,8.16340712778870206e-30
10,57,0x1.9972f3b653d6cp-99,0x1.612975908f24ep-482,0x1.9972f3b653d6dp-99,2.52342447997149051e-30
10,58,0x1.f9fbff32afba1p-101,0x1.612975908f24ep-482,0x1.f9fbff32afba2p-101,7.79592348508575012e-31
10,59,0x1.3877bd972ca7dp-102,0x1.612975908f24ep-482,0x1.3877bd972ca7ep-102,2.40716388284474285e-31
10,60,0x1.81b706a8d2c8ep-104,0x1.612975908f24ep-482,0x1.81b706a8d2c8fp-104,7.42859963276894907e-32
10,61,0x1.dbe01ab9fc341p-106,0x1.612975908f24ep-482,0x1.dbe01ab9fc342p-106,2.29125674426663599e-32
10,62,0x1.256600faa9579p-107,0x1.612975908f24ep-482,0x1.256600faa957ap-107,7.06331081490256438e-33
10,63,0x1.69984c9e252fep-109,0x1.612975908f24ep-482,0x1.69984c9e252ffp-109,2.17627025756788894e-33
10,64,0x1.bd68aea177e7bp-111,0x1.612975908f24ep-482,0x1.bd68aea177e7cp-111,6.70176848615870572e-34
10,65,0x1.122eb589fc657p-112,0x1.612975908f24ep-482,0x1.122eb589fc658p-112,2.06271955176144293e-34
10,66,0x1.5162bae7c903fp-114,0x1.612975908f24ep-482,0x1.5162bae7c904p-114,6.34551908175491781e-35
10,67,0x1.9ef239598a01ep-116,0x1.612975908f24ep-482,0x1.9ef239598a01fp-116,1.95106759761939161e-35
10,68,0x1.fe141c4a3fe39p-118,0x1.612975908f24ep-482,0x1.fe141c4a3fe3ap-118,5.99594461843184447e-36
10,69,0x1.395a7770c4b97p-119,0x1.612975908f24ep-482,0x1.395a7770c4b98p-119,1.84172566949510493e-36
10,70,0x1.80cf307d39c83p-121,0x1.612975908f24ep-482,0x1.80cf307d39c84p-121,5.65426497290874971e-37
10,71,0x1.d853a3457708fp-123,0x1.612975908f24ep-482,0x1.d853a3457709p-123,1.73505431072921844e-37
10,72,0x1.21bb77274cf97p-124,0x1.612975908f24ep-482,0x1.21bb77274cf98p-124,5.32154166387716310e-38
10,73,0x1.63479fb07c6d1p-126,0x1.612975908f24ep-482,0x1.63479fb07c6d2p-126,1.63136474547417335e-38
10,74,0x1.b3725ad6a7dbep-128,0x1.612975908f24ep-482,0x1.b3725ad6a7dbfp-128,4.99868295186974255e-39
10,75,0x1.0ab95808ca386p-129,0x1.612975908f24ep-482,0x1.0ab95808ca387p-129,1.53092067722971405e-39
10,76,0x1.469910247bb57p-131,0x1.612975908f24ep-482,0x1.469910247bb58p-131,4.68645006659906175e-40
10,77,0x1.8fb9684864003p-133,0x1.612975908f24ep-482,0x1.8fb9684864004p-133,1.43394041381260282e-40
10,78,0x1.e8fee0cd4d557p-135,0x1.612975908f24ep-482,0x1.e8fee0cd4d558p-135,4.38546437217647238e-41
10,79,0x1.2af6b020920b3p-136,0x1.612975908f24ep-482,0x1.2af6b020920b4p-136,1.34059925947194623e-41
10,80,0x1.6d65056359228p-138,0x1.612975908f24ep-482,0x1.6d65056359229p-138,4.09621528577477809e-42
10,81,0x1.be6217cc7e0d4p-140,0x1.612975908f24ep-482,0x1.be6217cc7e0d5p-140,1.25103211705190165e-42
10,82,0x1.1089b0d9d9426p-141,0x1.612975908f24ep-482,0x1.1089b0d9d9427p-141,3.81906877375930798e-43
10,83,0x1.4ca50aa5d27bbp-143,0x1.612975908f24ep-482,0x1.4ca50aa5d27bcp-143,1.16533624619491720e-43
10,84,0x1.95d39c89b6f31p-145,0x1.612975908f24ep-482,0x1.95d39c89b6f32p-145,3.55427626020634920e-44
10,85,0x1.eee3a0ff9486bp-147,0x1.612975908f24ep-482,0x1.eee3a0ff9486cp-147,1.08357412732031929e-44
10,86,0x1.2d9dacf25b08bp-148,0x1.612975908f24ep-482,0x1.2d9dacf25b08cp-148,3.30198379533062216e-45
10,87,0x1.6f7c67c64aaf3p-150,0x1.612975908f24ep-482,0x1.6f7c67c64aaf4p-150,1.00577638529508777e-45
10,88,0x1.bf8c0d0a2a8d9p-152,0x1.612975908f24ep-482,0x1.bf8c0d0a2a8dap-152,3.06224134505626623e-46
10,89,0x1.1068624f80239p-153,0x1.612975908f24ep-482,0x1.1068624f8023ap-153,9.31944731165063824e-47
10,90,0x1.4b7850d572ec6p-155,0x1.612975908f24ep-482,0x1.4b7850d572ec7p-155,2.83501207729594017e-47
10,91,0x1.932a91577938cp-157,0x1.612975908f24ep-482,0x1.932a91577938dp-157,8.62054884895931748e-48
10,92,0x1.ea29c4265d18dp-159,0x1.612975908f24ep-482,0x1.ea29c4265d18ep-159,2.62018153505586728e-48
10,93,0x1.29d758d62b1bfp-160,0x1.612975908f24ep-482,0x1.29d758d62b1cp-160,7.96059446670824927e-49
10,94,0x1.69cec03a77bc7p-162,0x1.612975908f24ep-482,0x1.69cec03a77bc8p-162,2.41756660093935431e-49
10,95,0x1.b7546bba29bc1p-164,0x1.612975908f24ep-482,0x1.b7546bba29bc2p-164,7.33890688816135675e-50
10,96,0x1.0a9f06fa8840dp-165,0x1.612975908f24ep-482,0x1.0a9f06fa8840ep-165,2.22692417172559033e-50
10,97,0x1.437b8d87e5138p-167,0x1.612975908f24ep-482,0x1.437b8d87e5139p-167,6.75463244806983696e-51
10,98,0x1.884fa3f3c6958p-169,0x1.612975908f24ep-482,0x1.884fa3f3c6959p-169,2.04795947525495154e-51
10,99,0x1.db97951e96123p-171,0x1.612975908f24ep-482,0x1.db97951e96124p-171,6.20676675984234631e-52
10,100,0x1.20290c3fc7ba2p-172,0x1.612975908f24ep-482,0x1.20290c3fc7ba3p-172,1.88033397470277781e-52
10,101,0x1.5d0d5a2fe1809p-174,0x1.612975908f24ep-482,0x1.5d0d5a2fe180ap-174,5.69417900553427976e-53
10,102,0x1.a6a4b242bbb06p-176,0x1.612975908f24ep-482,0x1.a6a4b242bbb07p-176,1.72367281735799548e-53
10,103,0x1.ff8c477f35d69p-178,0x1.612975908f24ep-482,0x1.ff8c477f35d6ap-178,5.21563473101643484e-54
10,104,0x1.3574a11826b41p-179,0x1.612975908f24ep-482,0x1.3574a11826b42p-179,1.57757179615569269e-54
10,105,0x1.7642019b03bcdp-181,0x1.612975908f24ep-482,0x1.7642019b03bcep-181,4.76981706240036677e-55
10,106,0x1.c474665567beep-183,0x1.612975908f24ep-482,0x1.c474665567befp-183,1.44160380239292831e-55
10,107,0x1.1163b76c8ee26p-184,0x1.612975908f24ep-482,0x1.1163b76c8ee27p-184,4.35534629043457238e-56
10,108,0x1.4a41d0d2f992ep-186,0x1.612975908f24ep-482,0x1.4a41d0d2f992fp-186,1.31532475724986972e-56
10,109,0x1.8ecd377c37bc6p-188,0x1.612975908f24ep-482,0x1.8ecd377c37bc7p-188,3.97079779708621132e-57
10,110,0x1.e163d95bfae95p-190,0x1.612975908f24ep-482,0x1.e163d95bfae96p-190,1.19827901793601073e-57
10,111,0x1.226e7184119f9p-191,0x1.612975908f24ep-482,0x1.226e7184119fap-191,3.61471832287109169e-58
10,112,0x1.5e50595756754p-193,0x1.612975908f24ep-482,0x1.5e50595756755p-193,1.09000426148819428e-58
10,113,0x1.a662bb4023c13p-195,0x1.612975908f24ep-482,0x1.a662bb4023c14p-195,3.28564059474483439e-59
10,114,0x1.fd18ae53fb585p-197,0x1.612975908f24ep-482,0x1.fd18ae53fb586p-197,9.90035855485026731e-60
10,115,0x1.32b0d9a7d467dp-198,0x1.612975908f24ep-482,0x1.32b0d9a7d467ep-198,2.98209635259772884e-60
10,116,0x1.71610966367acp-200,0x1.612975908f24ep-482,0x1.71610966367adp-200,8.97910730245048586e-61
10,117,0x1.bcb7f8d6b924fp-202,0x1.612975908f24ep-482,0x1.bcb7f8d6b925p-202,2.70262782773550692e-61
10,118,0x1.0b9d808122cc7p-203,0x1.612975908f24ep-482,0x1.0b9d808122cc8p-203,8.13170771485934987e-62
10,119,0x1.41f73883f546ap-205,0x1.612975908f24ep-482,0x1.41f73883f546bp-205,2.44579773932415310e-62
10,120,0x1.83371b999259dp-207,0x1.612975908f24ep-482,0x1.83371b999259ep-207,7.35365755992755011e-63
10,121,0x1.d185a25ab2c36p-209,0x1.612975908f24ep-482,0x1.d185a25ab2c37p-209,2.21019788480615429e-63
10,122,0x1.17bba44d7b2aep-210,0x1.612975908f24ep-482,0x1.17bba44d7b2afp-210,6.64055855630858557e-64
10,123,0x1.5010b39058607p-212,0x1.612975908f24ep-482,0x1.5010b39058608p-212,1.99445640795049052e-64
10,124,0x1.939983580ee76p-214,0x1.612975908f24ep-482,0x1.939983580ee77p-214,5.98813737108482120e-65
10,125,0x1.e48935ec1b67p-216,0x1.612975908f24ep-482,0x1.e48935ec1b671p-216,1.79724383368042691e-65
10,126,0x1.22c00f9fd456ep-217,0x1.612975908f24ep-482,0x1.22c00f9fd456fp-217,5.39226286309160976e-66
10,127,0x1.5cd05690cd783p-219,0x1.612975908f24ep-482,0x1.5cd05690cd784p-219,1.61727796234747490e-66
10,128,0x1.a25421a26df7dp-221,0x1.612975908f24ep-482,0x1.a25421a26df7ep-221,4.84895986843823479e-67
10,129,0x1.f5866400136ffp-223,0x1.612975908f24ep-482,0x1.f5866400137p-223,1.45332771789461670e-67
10,130,0x1.2c87f05ccf6b5p-224,0x1.612975908f24ep-482,0x1.2c87f05ccf6b6p-224,4.35441982783166533e-68
10,131,0x1.680e02f8d383ap-226,0x1.612975908f24ep-482,0x1.680e02f8d383bp-226,1.30421604459648460e-68
10,132,0x1.af38d8af21f3dp-228,0x1.612975908f24ep-482,0x1.af38d8af21f3ep-228,3.90500855390101343e-69
10,133,0x1.022425e249277p-229,0x1.612975908f24ep-482,0x1.022425e249278p-229,1.16882194597982933e-69
10,134,0x1.34f50a48a8d06p-231,0x1.612975908f24ep-482,0x1.34f50a48a8d07p-231,3.49727143144087208e-70
10,135,0x1.71a73e704bcbep-233,0x1.612975908f24ep-482,0x1.71a73e704bcbfp-233,1.04608175732135449e-70
10,136,0x1.ba2076a87894fp-235,0x1.612975908f24ep-482,0x1.ba2076a87895p-235,3.12793633495820467e-71
10,137,0x1.0851427715ae3p-236,0x1.612975908f24ep-482,0x1.0851427715ae4p-236,9.34989739976561429e-72
10,138,0x1.3bee4ce305603p-238,0x1.612975908f24ep-482,0x1.3bee4ce305604p-238,2.79391453671088906e-72
10,139,0x1.797fdb070c0c7p-240,0x1.612975908f24ep-482,0x1.797fdb070c0c8p-240,8.34598081896735174e-73
10,140,0x1.c2eb717fac443p-242,0x1.612975908f24ep-482,0x1.c2eb717fac444p-242,2.49229986510129487e-73
10,141,0x1.0d38f8204cac7p-243,0x1.612975908f24ep-482,0x1.0d38f8204cac8p-243,7.44016384202180429e-74
10,142,0x1.416046692301fp-245,0x1.612975908f24ep-482,0x1.416046692302p-245,2.22036635834913970e-74
10,143,0x1.7f82751cde642p-247,0x1.612975908f24ep-482,0x1.7f82751cde643p-247,6.62410708754077220e-75
10,144,0x1.c9826f8e2dd8bp-249,0x1.612975908f24ep-482,0x1.c9826f8e2dd8cp-249,1.97556464225484799e-75
10,145,0x1.10cea5241f97fp-250,0x1.612975908f24ep-482,0x1.10cea5241f98p-250,5.89002256436964833e-76
10,146,0x1.453d719f7eb53p-252,0x1.612975908f24ep-482,0x1.453d719f7eb54p-252,1.75551724399984598e-76
10,147,0x1.83a0c49071018p-254,0x1.612975908f24ep-482,0x1.83a0c49071019p-254,5.23065740453984841e-77
10,148,0x1.cdd69a9999137p-256,0x1.612975908f24ep-482,0x1.cdd69a9999138p-256,1.55801303665880283e-77
10,149,0x1.130abef8f9c71p-257,0x1.612975908f24ep-482,0x1.130abef8f9c72p-257,4.63927513450574899e-78
10,150,0x1.477e5d559bb53p-259,0x1.612975908f24ep-482,0x1.477e5d559bb54p-259,1.38100099174757550e-78
10,151,0x1.85d3c05895e81p-261,0x1.612975908f24ep-482,0x1.85d3c05895e82p-261,4.10963501813721426e-79
10,152,0x1.cfe1bca98c082p-263,0x1.612975908f24ep-482,0x1.cfe1bca98c083p-263,1.22258339995370943e-79
10,153,0x1.13eadb6fa61eap-264,0x1.612975908f24ep-482,0x1.13eadb6fa61ebp-264,3.63596995118659988e-80
10,154,0x1.4821ade10bf37p-266,0x1.612975908f24ep-482,0x1.4821ade10bf38p-266,1.08100870343052367e-80
10,155,0x1.861b952f9cd92p-268,0x1.612975908f24ep-482,0x1.861b952f9cd93p-268,3.21296333479090086e-81
10,156,0x1.cfa627e5fa0d5p-270,0x1.612975908f24ep-482,0x1.cfa627e5fa0d6p-270,9.54664066853412214e-82
10,157,0x1.13719ab51152dp-271,0x1.612975908f24ep-482,0x1.13719ab51152ep-271,2.83572530551423009e-82
10,158,0x1.472bfa0368678p-273,0x1.612975908f24ep-482,0x1.472bfa0368679p-273,8.42067798994673714e-83
10,159,0x1.847f7161d4bc7p-275,0x1.612975908f24ep-482,0x1.847f7161d4bc8p-275,2.49976865189853275e-83
10,160,0x1.cd2e6c57af6a1p-277,0x1.612975908f24ep-482,0x1.cd2e6c57af6a2p-277,7.41861721973768301e-84
10,161,0x1.11a6741774968p-278,0x1.612975908f24ep-482,0x1.11a6741774969p-278,2.20098470277065307e-84
10,162,0x1.44a785c69073dp-280,0x1.612975908f24ep-482,0x1.44a785c69073ep-280,6.52803571673027147e-85
10,163,0x1.810d2911e384p-282,0x1.612975908f24ep-482,0x1.810d2911e3841p-282,1.93561943086712519e-85
10,164,0x1.c88cdfd5776d3p-284,0x1.612975908f24ep-482,0x1.c88cdfd5776d4p-284,5.73759500120870731e-86
10,165,0x1.0e95684d5f9e5p-285,0x1.612975908f24ep-482,0x1.0e95684d5f9e6p-285,1.70024997681366120e-86
10,166,0x1.40a3deca67846p-287,0x1.612975908f24ep-482,0x1.40a3deca67847p-287,5.03696738972487964e-87
10,167,0x1.7bd8b755bdb03p-289,0x1.612975908f24ep-482,0x1.7bd8b755bdb04p-289,1.49176176319661362e-87
10,168,0x1.c1dafd9bc0876p-291,0x1.612975908f24ep-482,0x1.c1dafd9bc0877p-291,4.41676472564480715e-88
10,169,0x1.0a4e9ca9fd694p-292,0x1.612975908f24ep-482,0x1.0a4e9ca9fd695p-292,1.30732633638843698e-88
10,170,0x1.3b355e40d204ep-294,0x1.612975908f24ep-482,0x1.3b355e40d204fp-294,3.86846959383315889e-89
10,171,0x1.74fba166877f3p-296,0x1.612975908f24ep-482,0x1.74fba166877f4p-296,1.14438004488947237e-89
10,172,0x1.b938a3fb24568p-298,0x1.612975908f24ep-482,0x1.b938a3fb24569p-298,3.38436932138921276e-90
10,173,0x1.04e5e32d126e4p-299,0x1.612975908f24ep-482,0x1.04e5e32d126e5p-299,1.00060363713132015e-90
10,174,0x1.34749563c8501p-301,0x1.612975908f24ep-482,0x1.34749563c8502p-301,2.95749298945589856e-91
10,175,0x1.6c9441b86505bp-303,0x1.612975908f24ep-482,0x1.6c9441b86505cp-303,8.73902838831128941e-92
10,176,0x1.aecb372fca5cep-305,0x1.612975908f24ep-482,0x1.aecb372fca5cfp-305,2.58155161333709417e-92
10,177,0x1.fce467694dc57p-307,0x1.612975908f24ep-482,0x1.fce467694dc58p-307,7.62389949937073155e-93
10,178,0x1.2c7da98c440fbp-308,0x1.612975908f24ep-482,0x1.2c7da98c440fcp-308,2.25088158901709751e-93
10,179,0x1.62c5012be065bp-310,0x1.612975908f24ep-482,0x1.62c5012be065cp-310,6.64366483799523521e-94
10,180,0x1.a2bcb0cf6ffecp-312,0x1.612975908f24ep-482,0x1.a2bcb0cf6ffedp-312,1.96039145308097806e-94
10,181,0x1.ee1a358432ba8p-314,0x1.612975908f24ep-482,0x1.ee1a358432ba9p-314,5.78306856252075971e-95
10,182,0x1.236fa53825f7ep-315,0x1.612975908f24ep-482,0x1.236fa53825f7fp-315,1.70551195943498434e-95
10,183,0x1.57b384aa6a21ep-317,0x1.612975908f24ep-482,0x1.57b384aa6a21fp-317,5.02843119608801430e-96
10,184,0x1.953aa35049079p-319,0x1.612975908f24ep-482,0x1.953aa3504907ap-319,1.48214943948209115e-96
10,185,0x1.dda4448c87cb7p-321,0x1.612975908f24ep-482,0x1.dda4448c87cb8p-321,4.36750725979353453e-97
10,186,0x1.196bc34399c0bp-322,0x1.612975908f24ep-482,0x1.196bc34399c0cp-322,1.28664238193861102e-97
10,187,0x1.4b87d5663fedcp-324,0x1.612975908f24ep-482,0x1.4b87d5663feddp-324,3.78935295586104418e-98
10,188,0x1.867538fcf043dp-326,0x1.612975908f24ep-482,0x1.867538fcf043ep-326,1.11572114365522378e-98
10,189,0x1.cbbc718791873p-328,0x1.612975908f24ep-482,0x1.cbbc718791874p-328,3.28420358742596737e-99
10,190,0x1.0e94b96459311p-329,0x1.612975908f24ep-482,0x1.0e94b96459312p-329,9.66470683062248088e-100
10,191,0x1.3e6b89a969759p-331,0x1.612975908f24ep-482,0x1.3e6b89a96975ap-331,2.84336034643150112e-100
10,192,0x1.769e354084b6p-333,0x1.612975908f24ep-482,0x1.769e354084b61p-333,8.36296192612464700e-101
10,193,0x1.b89e35a0418efp-335,0x1.612975908f24ep-482,0x1.b89e35a0418fp-335,2.45908605939730262e-101
10,194,0x1.030e0698480e5p-336,0x1.612975908f24ep-482,0x1.030e0698480e6p-336,7.22891495320373758e-102
10,195,0x1.3088f3a6b4ac4p-338,0x1.612975908f24ep-482,0x1.3088f3a6b4ac5p-338,2.12450945083803984e-102
10,196,0x1.65e7fe9ad22bfp-340,0x1.612975908f24ep-482,0x1.65e7fe9ad22cp-340,6.24210062679228561e-103
10,197,0x1.a48585325d976p-342,0x1.612975908f24ep-482,0x1.a48585325d977p-342,1.83353746428765649e-103
10,198,0x1.edf6937816fb9p-344,0x1.612975908f24ep-482,0x1.edf6937816fbap-344,5.38438506411157824e-104
10,199,0x1.220a5b2303309p-345,0x1.612975908f24ep-482,0x1.220a5b230330ap-345,1.58077516983536272e-104
10,200,0x1.5484b6c92aa2fp-347,0x1.612975908f24ep-482,0x1.5484b6c92aa3p-347,4.63972394233210925e-105
10,201,0x1.8fadc138282bep-349,0x1.612975908f24ep-482,0x1.8fadc138282bfp-349,1.36145278344136979e-105
10,202,0x1.d4ff47d1d199fp-351,0x1.612975908f24ep-482,0x1.d4ff47d1d19ap-351,3.99394239704412220e-106
10,203,0x1.13194615c7bb3p-352,0x1.612975908f24ep-482,0x1.13194615c7bb4p-352,1.17135932591232804e-106
10,204,0x1.42a565d025d0ap-354,0x1.612975908f24ep-482,0x1.42a565d025d0bp-354,3.43453517897462229e-107
10,205,0x1.7a50c06272dcdp-356,0x1.612975908f24ep-482,0x1.7a50c06272dcep-356,1.00678245715656586e-107
10,206,0x1.bb7a532627969p-358,0x1.612975908f24ep-482,0x1.bb7a53262796ap-358,2.95048561783141692e-108
10,207,0x1.03ddd3966c03ap-359,0x1.612975908f24ep-482,0x1.03ddd3966c03bp-359,8.64454033264127170e-109
10,208,0x1.30793b9fb18bep-361,0x1.612975908f24ep-482,0x1.30793b9fb18bfp-361,2.53210198540966752e-109
10,209,0x1.64a5f3fecc31fp-363,0x1.612975908f24ep-482,0x1.64a5f3fecc32p-363,7.41500949177623057e-110
10,210,0x1.a1a8c96471b2cp-365,0x1.612975908f24ep-482,0x1.a1a8c96471b2dp-365,2.17086990253181088e-110
10,211,0x1.e8fc5734d9ac9p-367,0x1.612975908f24ep-482,0x1.e8fc5734d9acap-367,6.35400847491040628e-111
10,212,0x1.1e2ceb103584ep-368,0x1.612975908f24ep-482,0x1.1e2ceb103584fp-368,1.85931949380751171e-111
10,213,0x1.4ee1aba4e8621p-370,0x1.612975908f24ep-482,0x1.4ee1aba4e8622p-370,5.43942293558185061e-112
10,214,0x1.87c7d3194d2a5p-372,0x1.612975908f24ep-482,0x1.87c7d3194d2a6p-372,1.59090605857901758e-112
10,215,0x1.ca3c0a6b456fbp-374,0x1.612975908f24ep-482,0x1.ca3c0a6b456fcp-374,4.65189038038053793e-113
10,216,0x1.0bea1ffeba3d3p-375,0x1.612975908f24ep-482,0x1.0bea1ffeba3d4p-375,1.35990309412173389e-113
10,217,0x1.3934797eb1925p-377,0x1.612975908f24ep-482,0x1.3934797eb1926p-377,3.97448009758531149e-114
10,218,0x1.6e0ffe210cbe2p-379,0x1.612975908f24ep-482,0x1.6e0ffe210cbe3p-379,1.16130657671258061e-114
10,219,0x1.abbc8885d2d05p-381,0x1.612975908f24ep-482,0x1.abbc8885d2d06p-381,3.39240703918582028e-115
10,220,0x1.f3ae22bf41c23p-383,0x1.612975908f24ep-482,0x1.f3ae22bf41c24p-383,9.90749476387761171e-116
10,221,0x1.23cab7e773a53p-384,0x1.612975908f24ep-482,0x1.23cab7e773a54p-384,2.89277652830270408e-116
10,222,0x1.54b4b607607c2p-386,0x1.612975908f24ep-482,0x1.54b4b607607c3p-386,8.44425551049701421e-117
10,223,0x1.8db95d3b1578bp-388,0x1.612975908f24ep-482,0x1.8db95d3b1578cp-388,2.46435688328483450e-117
10,224,0x1.d02c5e8592ee2p-390,0x1.612975908f24ep-482,0x1.d02c5e8592ee3p-390,7.19021534247007907e-118
10,225,0x1.0ecc301e8dfdp-391,0x1.612975908f24ep-482,0x1.0ecc301e8dfd1p-391,2.09737726423050386e-118
10,226,0x1.3be3e37ce994fp-393,0x1.612975908f24ep-482,0x1.3be3e37ce995p-393,6.11656897771855654e-119
10,227,0x1.706770d151002p-395,0x1.612975908f24ep-482,0x1.706770d151003p-395,1.78334825541526344e-119
10,228,0x1.ad8bd7fd97b0bp-397,0x1.612975908f24ep-482,0x1.ad8bd7fd97b0cp-397,5.19830434679863784e-120
10,229,0x1.f4b7c1cec2126p-399,0x1.612975908f24ep-482,0x1.f4b7c1cec2127p-399,1.51490289675883194e-120
10,230,0x1.23c5b1477d68ap-400,0x1.612975908f24ep-482,0x1.23c5b1477d68bp-400,4.41372970053873734e-121
10,231,0x1.53f4cc9a782c8p-402,0x1.612975908f24ep-482,0x1.53f4cc9a782c9p-402,1.28565606790524085e-121
10,232,0x1.8c013e1ebc99dp-404,0x1.612975908f24ep-482,0x1.8c013e1ebc99ep-404,3.74405565511035302e-122
10,233,0x1.cd2fc65eb591ap-406,0x1.612975908f24ep-482,0x1.cd2fc65eb591bp-406,1.09008030902656252e-122
10,234,0x1.0c7c743735888p-407,0x1.612975908f24ep-482,0x1.0c7c743735889p-407,3.17302638914585188e-123
10,235,0x1.3888883762314p-409,0x1.612975908f24ep-482,0x1.3888883762315p-409,9.23396332592942578e-124
10,236,0x1.6bb8ff4fa5e01p-411,0x1.612975908f24ep-482,0x1.6bb8ff4fa5e02p-411,2.68659472872715082e-124
10,237,0x1.a732d46d9dc12p-413,0x1.612975908f24ep-482,0x1.a732d46d9dc13p-413,7.81476639841616976e-125
10,238,0x1.ec4965f79a40fp-415,0x1.612975908f24ep-482,0x1.ec4965f79a41p-415,2.27263634353183403e-125
10,239,0x1.1e42dbb9ea4b5p-416,0x1.612975908f24ep-482,0x1.1e42dbb9ea4b6p-416,6.60760804478265272e-126
10,240,0x1.4cd7691deb647p-418,0x1.612975908f24ep-482,0x1.4cd7691deb648p-418,1.92069873111507992e-126
10,241,0x1.82e9b8856a11cp-420,0x1.612975908f24ep-482,0x1.82e9b8856a11dp-420,5.58181124336179022e-127
10,242,0x1.c1aa9467e4214p-422,0x1.612975908f24ep-482,0x1.c1aa9467e4215p-422,1.62178108682274875e-127
10,243,0x1.053d5230733cep-423,0x1.612975908f24ep-482,0x1.053d5230733cfp-423,4.71097469548015166e-128
10,244,0x1.2f78ed1ac4bc7p-425,0x1.612975908f24ep-482,0x1.2f78ed1ac4bc8p-425,1.36814154500633188e-128
10,245,0x1.60740117e7166p-427,0x1.612975908f24ep-482,0x1.60740117e7167p-427,3.97240273551655709e-129
10,246,0x1.993f517428c5bp-429,0x1.612975908f24ep-482,0x1.993f517428c5dp-429,1.15312863419853428e-129
10,247,0x1.db162f96f86e7p-431,0x1.612975908f24ep-482,0x1.db162f96f86ebp-431,3.34660721373210916e-130
10,248,0x1.13b28512c595bp-432,0x1.612975908f24ep-482,0x1.13b28512c5962p-432,9.71034116076908889e-131
10,249,0x1.3fe87de56c989p-434,0x1.612975908f24ep-482,0x1.3fe87de56c9ap-434,2.81687288543112803e-131
10,250,0x1.7320400ab9c17p-436,0x1.612975908f24ep-482,0x1.7320400ab9c7p-436,8.16964676859156148e-132
10,251,0x1.ae72bd485ee38p-438,0x1.612975908f24ep-482,0x1.ae72bd485ef9ap-438,2.36887874207272495e-132
10,252,0x1.f32461652706fp-440,0x1.612975908f24ep-482,0x1.f3246165275f5p-440,6.86730211871283132e-133
10,253,0x1.2155dbdd22ef5p-441,0x1.612975908f24ep-482,0x1.2155dbdd239ffp-441,1.99036854005079390e-133
10,254,0x1.4f5c88dc22a15p-443,0x1.612975908f24ep-482,0x1.4f5c88dc2563bp-443,5.76746691024967172e-134
10,255,0x1.849faa58c2686p-445,0x1.612975908f24ep-482,0x1.849faa58cd71cp-445,1.67086452626494640e-134
10,256,0x1.c23f0d7064649p-447,0x1.612975908f24ep-482,0x1.c23f0d709089dp-447,4.83951816542045180e-135
10,257,0x1.04c3568639635p-448,0x1.612975908f24ep-482,0x1.04c3568691adcp-448,1.40141903169178054e-135
10,258,0x1.2dfab27c4d5c5p-450,0x1.612975908f24ep-482,0x1.2dfab27dae85dp-450,4.05731886154707818e-136
10,259,0x1.5da252eee54b7p-452,0x1.612975908f24ep-482,0x1.5da252f469f15p-452,1.17439921046413170e-136
10,260,0x1.94b8a810c1ap-454,0x1.612975908f24ep-482,0x1.94b8a826d4377p-454,3.39858457196891810e-137
10,261,0x1.d462f09a5b2b1p-456,0x1.612975908f24ep-482,0x1.d462f0f2a5888p-456,9.83300751264261250e-138
10,262,0x1.0ef9894cb610fp-457,0x1.612975908f24ep-482,0x1.0ef989fd4acbdp-457,2.84433574696862958e-138
10,263,0x1.39772979659bep-459,0x1.612975908f24ep-482,0x1.39772c3bb8871p-459,8.22586921326710031e-139
10,264,0x1.6a8a86154fdedp-461,0x1.612975908f24ep-482,0x1.6a8a911e9b8b6p-461,2.37842517748946293e-139
10,265,0x1.a335c4ac3c48cp-463,0x1.612975908f24ep-482,0x1.a335f0d16afaep-463,6.87550191603999572e-140
10,266,0x1.e4a21700a478cp-465,0x1.612975908f24ep-482,0x1.e4a2c7955f411p-465,1.98713601725591847e-140
10,267,0x1.1812c4f8071fap-466,0x1.612975908f24ep-482,0x1.181426217cb04p-466,5.74198624527385135e-141
10,268,0x1.43a4ce4a0c34bp-468,0x1.612975908f24ep-482,0x1.43aa52efe277p-468,1.65889249721245542e-141
10,269,0x1.75e944e62312fp-470,0x1.612975908f24ep-482,0x1.75ff577d7c1bfp-470,4.79215315027558339e-142
10,270,0x1.afe3533c09386p-472,0x1.612975908f24ep-482,0x1.b03b9d996d5c4p-472,1.38458580682644689e-142
10,271,0x1.f2b9a5184862dp-474,0x1.612975908f24ep-482,0x1.f41ace8dd8f2p-474,4.00500477700783499e-143
10,272,0x1.1fd97e2909e2fp-475,0x1.612975908f24ep-482,0x1.229bd1142b015p-475,1.16364536715170268e-143
10,273,0x1.4c0e5dc10de3p-477,0x1.612975908f24ep-482,0x1.5717a96d925c3p-477,3.43449776109456123e-144
10,274,0x1.7e7293de98b4bp-479,0x1.612975908f24ep-482,0x1.aa97c290aa996p-479,1.06759282323595223e-144
10,275,0x1.b69d76f5e6d1ep-481,0x1.612975908f24ep-482,0x1.339918df17323p-480,3.84898017189354518e-145
10,276,0x1.f111a010d456bp-483,0x1.612975908f24ep-482,0x1.2cd922cc7ca83p-481,1.88225959338774283e-145
10,277,0x1.105e618cf5cbfp-484,0x1.612975908f24ep-482,0x1.a5410df3cc97fp-482,1.31779023549702867e-145
10,278,0x1.0f371feddda03p-486,0x1.612975908f24ep-482,0x1.721ce78f6cfefp-482,1.15780749542933482e-145
10,279,0x1.8cbcc975a6c9cp-489,0x1.612975908f24ep-482,0x1.6442ef237a728p-482,1.11447663978877927e-145
10,280,0x0p+0,0x1.612975908f24ep-482,0x1.612975908f24ep-482,1.10478057851036867e-145
11,0,0x1.2b6353e52b3d9p-4,0x1.72ad1fd089947p-470,0x1.2b6353e52b3dap-4,7.30927731662655289e-02
11,1,0x1.adf4a4ec7aa93p-6,0x1.72ad1fd089947p-470,0x1.adf4a4ec7aa94p-6,2.62424097617591362e-02
11,2,0x1.26aa53cd64c33p-7,0x1.72ad1fd089947p-470,0x1.26aa53cd64c34p-7,8.99247257146926909e-03
11,3,0x1.87a2342e50075p-9,0x1.72ad1fd089947p-470,0x1.87a2342e50076p-9,2.98792731260282950e-03
11,4,0x1.ffc4e69207b2dp-11,0x1.72ad1fd089947p-470,0x1.ffc4e69207b2ep-11,9.76122175646886850e-04
11,5,0x1.4c428291a358ap-12,0x1.72ad1fd089947p-470,0x1.4c428291a358bp-12,3.16867642234119104e-04
11,6,0x1.af86dd8826f59p-14,0x1.72ad1fd089947p-470,0x1.af86dd8826f5ap-14,1.02884010745927205e-04
11,7,0x1.1919bea668521p-15,0x1.72ad1fd089947p-470,0x1.1919bea668522p-15,3.35097986863353237e-05
11,8,0x1.6f7db247afb1fp-17,0x1.72ad1fd089947p-470,0x1.6f7db247afb2p-17,1.09520853038814711e-05
11,9,0x1.e1a6de1d2a58p-19,0x1.72ad1fd089947p-470,0x1.e1a6de1d2a581p-19,3.58858575440619553e-06
11,10,0x1.3c0e0dc848166p-20,0x1.72ad1fd089947p-470,0x1.3c0e0dc848167p-20,1.17739624456305422e-06
11,11,0x1.9ee74ab9d835fp-22,0x1.72ad1fd089947p-470,0x1.9ee74ab9d836p-22,3.86408980914941468e-07
11,12,0x1.1037d8eba4741p-23,0x1.72ad1fd089947p-470,0x1.1037d8eba4742p-23,1.26761455877599708e-07
11,13,0x1.64e59299be4bcp-25,0x1.72ad1fd089947p-470,0x1.64e59299be4bdp-25,4.15482521286491012e-08
11,14,0x1.d365d9a47faffp-27,0x1.72ad1fd089947p-470,0x1.d365d9a47fbp-27,1.36030678466229545e-08
11,15,0x1.31ad895ef063ep-28,0x1.72ad1fd089947p-470,0x1.31ad895ef063fp-28,4.44819855857216198e-09
11,16,0x1.8f4f640b78fadp-30,0x1.72ad1fd089947p-470,0x1.8f4f640b78faep-30,1.45268175515493636e-09
11,17,0x1.0478ca7d4b1cbp-31,0x1.72ad1fd089947p-470,0x1.0478ca7d4b1ccp-31,4.73795516415447615e-10
11,18,0x1.53609bdc7805fp-33,0x1.72ad1fd089947p-470,0x1.53609bdc7806p-33,1.54330963711468790e-10
11,19,0x1.b9a233fc16caap-35,0x1.72ad1fd089947p-470,0x1.b9a233fc16cabp-35,5.02079280663473683e-11
11,20,0x1.1f0126a987f34p-36,0x1.72ad1fd089947p-470,0x1.1f0126a987f35p-36,1.63143167917964303e-11
11,21,0x1.749a26958ed17p-38,0x1.72ad1fd089947p-470,0x1.749a26958ed18p-38,5.29499503796172543e-12
11,22,0x1.e332d0fb327fp-40,0x1.72ad1fd089947p-470,0x1.e332d0fb327f1p-40,1.71666592514671355e-12
11,23,0x1.38fbf7500d0bcp-41,0x1.72ad1fd089947p-470,0x1.38fbf7500d0bdp-41,5.55971699686899188e-13
11,24,0x1.950f0b2cfc0d3p-43,0x1.72ad1fd089947p-470,0x1.950f0b2cfc0d4p-43,1.79882226571046213e-13
11,25,0x1.05dcb72eb81bfp-44,0x1.72ad1fd089947p-470,0x1.05dcb72eb81cp-44,5.81450821142311728e-14
11,26,0x1.524583cf1d918p-46,0x1.72ad1fd089947p-470,0x1.524583cf1d919p-46,1.87778427527492482e-14
11,27,0x1.b499795454aaep-48,0x1.72ad1fd089947p-470,0x1.b499795454aafp-48,6.05903532333001932e-15
11,28,0x1.198580516f21cp-49,0x1.72ad1fd089947p-470,0x1.198580516f21dp-49,1.95344774542895991e-15
11,29,0x1.6ac39bd02c35ap-51,0x1.72ad1fd089947p-470,0x1.6ac39bd02c35bp-51,6.29295394041711229e-16
11,30,0x1.d317fbc5abceap-53,0x1.72ad1fd089947p-470,0x1.d317fbc5abcebp-53,2.02569595424214690e-16
11,31,0x1.2c7dc61d675dcp-54,0x1.72ad1fd089947p-470,0x1.2c7dc61d675ddp-54,6.51586649746170830e-17
11,32,0x1.8258f962b4e72p-56,0x1.72ad1fd089947p-470,0x1.8258f962b4e73p-56,2.09439429407207520e-17
11,33,0x1.f063860f3d5d3p-58,0x1.72ad1fd089947p-470,0x1.f063860f3d5d4p-58,6.72732220863231896e-18
11,34,0x1.3eab96776f689p-59,0x1.72ad1fd089947p-470,0x1.3eab96776f68ap-59,2.15939370800280475e-18
11,35,0x1.98e35d06dede9p-61,0x1.72ad1fd089947p-470,0x1.98e35d06dedeap-61,6.92683449639312351e-19
11,36,0x1.06279f328736fp-62,0x1.72ad1fd089947p-470,0x1.06279f328737p-62,2.22053729934040595e-19
11,37,0x1.4ff1d0183a468p-64,0x1.72ad1fd089947p-470,0x1.4ff1d0183a469p-64,7.11390322502164306e-20
11,38,0x1.ae3d3bdd67819p-66,0x1.72ad1fd089947p-470,0x1.ae3d3bdd6781ap-66,2.27766733202500596e-20
11,39,0x1.13558ebdd1bd2p-67,0x1.72ad1fd089947p-470,0x1.13558ebdd1bd3p-67,7.28803583730031129e-21
11,40,0x1.6031efbaac837p-69,0x1.72ad1fd089947p-470,0x1.6031efbaac838p-69,2.33063143172497386e-21
11,41,0x1.c2400ee2f824cp-71,0x1.72ad1fd089947p-470,0x1.c2400ee2f824dp-71,7.44876517394589047e-22
11,42,0x1.1fa362ae70f6cp-72,0x1.72ad1fd089947p-470,0x1.1fa362ae70f6dp-72,2.37928762742885768e-22
11,43,0x1.6f4dc2b27f6dbp-74,0x1.72ad1fd089947p-470,0x1.6f4dc2b27f6dcp-74,7.59566356626124689e-23
11,44,0x1.d4c650e812471p-76,0x1.72ad1fd089947p-470,0x1.d4c650e812472p-76,2.42350825227375266e-23
11,45,0x1.2af9e803c620ep-77,0x1.72ad1fd089947p-470,0x1.2af9e803c620fp-77,7.72835354285095532e-24
11,46,0x1.7d28b9d73adddp-79,0x1.72ad1fd089947p-470,0x1.7d28b9d73addep-79,2.46318285932304794e-24
11,47,0x1.e5ad011b7d1e7p-81,0x1.72ad1fd089947p-470,0x1.e5ad011b7d1e8p-81,7.84651570729725789e-25
11,48,0x1.3543c336f22e9p-82,0x1.72ad1fd089947p-470,0x1.3543c336f22eap-82,2.49822033115136319e-25
11,49,0x1.89a8e216c599ap-84,0x1.72ad1fd089947p-470,0x1.89a8e216c599bp-84,7.94989432749270669e-26
11,50,0x1.f4d4bbf98e2f5p-86,0x1.72ad1fd089947p-470,0x1.f4d4bbf98e2f6p-86,2.52855034055874279e-26
11,51,0x1.3e6e0ebaf201bp-87,0x1.72ad1fd089947p-470,0x1.3e6e0ebaf201cp-87,8.03830108286373271e-27
11,52,0x1.94b7970593c91p-89,0x1.72ad1fd089947p-470,0x1.94b7970593c92p-89,2.55412428684506539e-27
11,53,0x1.0111420942559p-90,0x1.72ad1fd089947p-470,0x1.011142094255ap-90,8.11161731271004445e-28
11,54,0x1.4668cb90ca0cap-92,0x1.72ad1fd089947p-470,0x1.4668cb90ca0cbp-92,2.57491580176370930e-28
11,55,0x1.9e4200a97f1bbp-94,0x1.72ad1fd089947p-470,0x1.9e4200a97f1bcp-94,8.16979502333285292e-29
11,56,0x1.06c026f2b775fp-95,0x1.72ad1fd089947p-470,0x1.06c026f2b776p-95,2.59092089584580515e-29
11,57,0x1.4d272e7f77ad1p-97,0x1.72ad1fd089947p-470,0x1.4d272e7f77ad2p-97,8.21285684892118961e-30
11,58,0x1.a63967f86064cp-99,0x1.72ad1fd089947p-470,0x1.a63967f86064dp-99,2.60215779929848048e-30
11,59,0x1.0b6ead9a4c514p-100,0x1.72ad1fd089947p-470,0x1.0b6ead9a4c515p-100,8.24089511839989100e-31
11,60,0x1.529fd09fd9fb5p-102,0x1.72ad1fd089947p-470,0x1.529fd09fd9fb6p-102,2.60866654069983238e-31
11,61,0x1.ac93694832449p-104,0x1.72ad1fd089947p-470,0x1.ac9369483244ap-104,8.25407015243397096e-32
11,62,0x1.0f1736dc6c709p-105,0x1.72ad1fd089947p-470,0x1.0f1736dc6c70ap-105,2.61050829959071581e-32
11,63,0x1.56ccc796358d5p-107,0x1.72ad1fd089947p-470,0x1.56ccc796358d6p-107,8.25260789665540961e-33
11,64,0x1.b14a098c1f3e5p-109,0x1.72ad1fd089947p-470,0x1.b14a098c1f3e6p-109,2.60776456442397956e-33
11,65,0x1.11b6eb5a76f9fp-110,0x1.72ad1fd089947p-470,0x1.11b6eb5a76fap-110,8.23679698518294567e-34
11,66,0x1.59aba8a480004p-112,0x1.72ad1fd089947p-470,0x1.59aba8a480005p-112,2.60053612418392258e-34
11,67,0x1.b45bb212d9f05p-114,0x1.72ad1fd089947p-470,0x1.b45bb212d9f06p-114,8.20698532008438249e-35
11,68,0x1.134db3e6c67bbp-115,0x1.72ad1fd089947p-470,0x1.134db3e6c67bcp-115,2.58894191968507418e-35
11,69,0x1.5b3d7938a677p-117,0x1.72ad1fd089947p-470,0x1.5b3d7938a6771p-117,8.16357624597745798e-36
11,70,0x1.b5cb15f971ae1p-119,0x1.72ad1fd089947p-470,0x1.b5cb15f971ae2p-119,2.57311777870824798e-36
11,71,0x1.13de24882817fp-120,0x1.72ad1fd089947p-470,0x1.13de24882818p-120,8.10702439354044971e-37
11,72,0x1.5b868f5fb552fp-122,0x1.72ad1fd089947p-470,0x1.5b868f5fb553p-122,2.55321505751309961e-37
11,73,0x1.b59f044da8397p-124,0x1.72ad1fd089947p-470,0x1.b59f044da8398p-124,8.03783126080183924e-38
11,74,0x1.136d5bee2b633p-125,0x1.72ad1fd089947p-470,0x1.136d5bee2b634p-125,2.52939920976537433e-38
11,75,0x1.5a8e646a98d77p-127,0x1.72ad1fd089947p-470,0x1.5a8e646a98d78p-127,7.95654059644493853e-39
11,76,0x1.b3e229bcda4a8p-129,0x1.72ad1fd089947p-470,0x1.b3e229bcda4a9p-129,2.50184830247883001e-39
11,77,0x1.1202d91f035c4p-130,0x1.72ad1fd089947p-470,0x1.1202d91f035c5p-130,7.86373364488450854e-40
11,78,0x1.585f5bfdb11cep-132,0x1.72ad1fd089947p-470,0x1.585f5bfdb11cfp-132,2.47075149717387966e-40
11,79,0x1.b0a2c494ddaffp-134,0x1.72ad1fd089947p-470,0x1.b0a2c494ddbp-134,7.76002430850185796e-41
11,80,0x1.0fa84918db87p-135,0x1.72ad1fd089947p-470,0x1.0fa84918db871p-135,2.43630751308817300e-41
11,81,0x1.550681b17a981p-137,0x1.72ad1fd089947p-470,0x1.550681b17a982p-137,7.64605427815086542e-42
11,82,0x1.abf24dc3a1f43p-139,0x1.72ad1fd089947p-470,0x1.abf24dc3a1f44p-139,2.39872308793726121e-42
11,83,0x1.0c694e10789cep-140,0x1.72ad1fd089947p-470,0x1.0c694e10789cfp-140,7.52248817886444986e-43
11,84,0x1.50933f5588197p-142,0x1.72ad1fd089947p-470,0x1.50933f5588198p-142,2.35821145041524884e-43
11,85,0x1.a5e51966d0117p-144,0x1.72ad1fd089947p-470,0x1.a5e51966d0118p-144,7.39000877359910684e-44
11,86,0x1.085341e4e8ecfp-145,0x1.72ad1fd089947p-470,0x1.085341e4e8edp-145,2.31499081734578380e-44
11,87,0x1.4b170dcf59cc6p-147,0x1.72ad1fd089947p-470,0x1.4b170dcf59cc7p-147,7.24931226385458369e-45
11,88,0x1.9e91f15d9e472p-149,0x1.72ad1fd089947p-470,0x1.9e91f15d9e473p-149,2.26928292714260693e-45
11,89,0x1.0374f54bbbd68p-150,0x1.72ad1fd089947p-470,0x1.0374f54bbbd69p-150,7.10110372209343604e-46
11,90,0x1.44a52274137adp-152,0x1.72ad1fd089947p-470,0x1.44a52274137aep-152,2.22131162001564426e-46
11,91,0x1.9611ac2c64101p-154,0x1.72ad1fd089947p-470,0x1.9611ac2c64102p-154,6.94609268706008224e-47
11,92,0x1.fbbcda4532795p-156,0x1.72ad1fd089947p-470,0x1.fbbcda4532796p-156,2.17130147416287857e-47
11,93,0x1.3d521a9e93d03p-157,0x1.72ad1fd089947p-470,0x1.3d521a9e93d04p-157,6.78498894936192179e-48
11,94,0x1.8c7ec25b0698p-159,0x1.72ad1fd089947p-470,0x1.8c7ec25b06981p-159,2.11947650602033054e-48
11,95,0x1.ef413e740fcb5p-161,0x1.72ad1fd089947p-470,0x1.ef413e740fcb6p-161,6.61849855102742555e-49
11,96,0x1.3533a722d9887p-162,0x1.72ad1fd089947p-470,0x1.3533a722d9888p-162,2.06605894150374838e-49
11,97,0x1.81f4e44cfaf04p-164,0x1.72ad1fd089947p-470,0x1.81f4e44cfaf05p-164,6.44732001920204325e-50
11,98,0x1.e19a5fa361f57p-166,0x1.72ad1fd089947p-470,0x1.e19a5fa361f58p-166,2.01126806406741718e-50
11,99,0x1.2c60391bf64c2p-167,0x1.72ad1fd089947p-470,0x1.2c60391bf64c3p-167,6.27214085068968382e-51
11,100,0x1.76909263627c3p-169,0x1.72ad1fd089947p-470,0x1.76909263627c4p-169,1.95531914433033708e-51
11,101,0x1.d2ec61c1101efp-171,0x1.72ad1fd089947p-470,0x1.d2ec61c1101fp-171,6.09363426070614846e-52
11,102,0x1.22eeb16b2da99p-172,0x1.72ad1fd089947p-470,0x1.22eeb16b2da9ap-172,1.89842245498222083e-52
11,103,0x1.6a6eb907f25b1p-174,0x1.72ad1fd089947p-470,0x1.6a6eb907f25b2p-174,5.91245620598764958e-53
11,104,0x1.c35bc84654f62p-176,0x1.72ad1fd089947p-470,0x1.c35bc84654f63p-176,1.84078237368350368e-53
11,105,0x1.18f61415a1c9ap-177,0x1.72ad1fd089947p-470,0x1.18f61415a1c9bp-177,5.72924268931313579e-54
11,106,0x1.5dac520a6cf31p-179,0x1.72ad1fd089947p-470,0x1.5dac520a6cf32p-179,1.78259657572021638e-54
11,107,0x1.b30d0191cdb7p-181,0x1.72ad1fd089947p-470,0x1.b30d0191cdb71p-181,5.54460734955807650e-55
11,108,0x1.0e8d4082a09eap-182,0x1.72ad1fd089947p-470,0x1.0e8d4082a09ebp-182,1.72405531727030117e-55
11,109,0x1.50660c8336276p-184,0x1.72ad1fd089947p-470,0x1.50660c8336277p-184,5.35913933861967553e-56
11,110,0x1.a223fae96784ep-186,0x1.72ad1fd089947p-470,0x1.a223fae96784fp-186,1.66534080928629441e-56
11,111,0x1.03caaf6ff88d8p-187,0x1.72ad1fd089947p-470,0x1.03caaf6ff88d9p-187,5.17340148395071015e-57
11,112,0x1.42b7fc34e9c68p-189,0x1.72ad1fd089947p-470,0x1.42b7fc34e9c69p-189,1.60662668120490561e-57
11,113,0x1.90c3be4716e59p-191,0x1.72ad1fd089947p-470,0x1.90c3be4716e5ap-191,4.98792873302079242e-58
11,114,0x1.f1886e890c329p-193,0x1.72ad1fd089947p-470,0x1.f1886e890c32ap-193,1.54807753296083460e-58
11,115,0x1.34bd512deb777p-194,0x1.72ad1fd089947p-470,0x1.34bd512deb778p-194,4.80322687380452922e-59
11,116,0x1.7f0e1acbb7931p-196,0x1.72ad1fd089947p-470,0x1.7f0e1acbb7932p-196,1.48984857311206690e-59
11,117,0x1.db1dae78a10dep-198,0x1.72ad1fd089947p-470,0x1.db1dae78a10dfp-198,4.61977152338311270e-60
11,118,0x1.26901832c99c2p-199,0x1.72ad1fd089947p-470,0x1.26901832c99c3p-199,1.43208534028076322e-60
11,119,0x1.6d23586d68dp-201,0x1.72ad1fd089947p-470,0x1.6d23586d68d01p-201,4.43800737494368009e-61
11,120,0x1.c47d137bdfca9p-203,0x1.72ad1fd089947p-470,0x1.c47d137bdfcaap-203,1.37492350457873046e-61
11,121,0x1.18490444202b1p-204,0x1.72ad1fd089947p-470,0x1.18490444202b2p-204,4.25834769187834004e-62
11,122,0x1.5b21f7339699bp-206,0x1.72ad1fd089947p-470,0x1.5b21f7339699cp-206,1.31848874522001211e-62
11,123,0x1.adcc3bfeec3afp-208,0x1.72ad1fd089947p-470,0x1.adcc3bfeec3bp-208,4.08117403632058408e-63
11,124,0x1.09ff415f796ddp-209,0x1.72ad1fd089947p-470,0x1.09ff415f796dep-209,1.26289670012669948e-63
11,125,0x1.49267a13e987p-211,0x1.72ad1fd089947p-470,0x1.49267a13e9871p-211,3.90683621830964049e-64
11,126,0x1.972e31f4e85bfp-213,0x1.72ad1fd089947p-470,0x1.972e31f4e85cp-213,1.20825298300586622e-64
11,127,0x1.f790a0d6cb72dp-215,0x1.72ad1fd089947p-470,0x1.f790a0d6cb72ep-215,3.73565245084540205e-65
11,128,0x1.374b3d49a7788p-216,0x1.72ad1fd089947p-470,0x1.374b3d49a7789p-216,1.15465326311479859e-65
11,129,0x1.80c33b173657ep-218,0x1.72ad1fd089947p-470,0x1.80c33b173657fp-218,3.56790969537533019e-66
11,130,0x1.db6fd828d98cfp-220,0x1.72ad1fd089947p-470,0x1.db6fd828d98dp-220,1.10218340273687395e-66
11,131,0x1.25a857cd8b345p-221,0x1.72ad1fd089947p-470,0x1.25a857cd8b346p-221,3.40386418173791939e-67
11,132,0x1.6aa8b6f6d34c5p-223,0x1.72ad1fd089947p-470,0x1.6aa8b6f6d34c6p-223,1.05091964725765877e-67
11,133,0x1.bfbfec765062ap-225,0x1.72ad1fd089947p-470,0x1.bfbfec765062bp-225,3.24374208626556311e-68
11,134,0x1.14538767676dep-226,0x1.72ad1fd089947p-470,0x1.14538767676dfp-226,1.00092886265799991e-68
11,135,0x1.54f90a255bba9p-228,0x1.72ad1fd089947p-470,0x1.54f90a255bbaap-228,3.08774035160661091e-69
11,136,0x1.a4a0dae857501p-230,0x1.72ad1fd089947p-470,0x1.a4a0dae857502p-230,9.52268815223986067e-70
11,137,0x1.036026ad74bc9p-231,0x1.72ad1fd089947p-470,0x1.036026ad74bcap-231,2.93602763185733131e-70
11,138,0x1.3fcb958f32f91p-233,0x1.72ad1fd089947p-470,0x1.3fcb958f32f92p-233,9.04988488307601630e-71
11,139,0x1.8a2ed4011d7a4p-235,0x1.72ad1fd089947p-470,0x1.8a2ed4011d7a5p-235,2.78874534677957257e-71
11,140,0x1.e5be584e3aca5p-237,0x1.72ad1fd089947p-470,0x1.e5be584e3aca6p-237,8.59128431054272608e-72
11,141,0x1.2b34b8fd876b9p-238,0x1.72ad1fd089947p-470,0x1.2b34b8fd876bap-238,2.64600882920628994e-72
11,142,0x1.70824323f722bp-240,0x1.72ad1fd089947p-470,0x1.70824323f722cp-240,8.14721134137164892e-73
11,143,0x1.c5be6364d318ap-242,0x1.72ad1fd089947p-470,0x1.c5be6364d318bp-242,2.50790855019344862e-73
11,144,0x1.1745df9d5fb3cp-243,0x1.72ad1fd089947p-470,0x1.1745df9d5fb3dp-243,7.71791427700182800e-74
11,145,0x1.57afe23dddadap-245,0x1.72ad1fd089947p-470,0x1.57afe23dddadbp-245,2.37451140704051020e-74
11,146,0x1.a6d9067736cd9p-247,0x1.72ad1fd089947p-470,0x1.a6d9067736cdap-247,7.30356896906522470e-75
11,147,0x1.040d95581f92ap-248,0x1.72ad1fd089947p-470,0x1.040d95581f92bp-248,2.24586205996465592e-75
11,148,0x1.3fc8d80620774p-250,0x1.72ad1fd089947p-470,0x1.3fc8d80620775p-250,6.90428310711764566e-76
11,149,0x1.8922679b570e6p-252,0x1.72ad1fd089947p-470,0x1.8922679b570e7p-252,2.12198430395649043e-76
11,150,0x1.e32f4782e09dfp-254,0x1.72ad1fd089947p-470,0x1.e32f4782e09ep-254,6.52010059726852221e-77
11,151,0x1.28dadf479d9abp-255,0x1.72ad1fd089947p-470,0x1.28dadf479d9acp-255,2.00288246315194094e-77
11,152,0x1.6caa6fff3b1a8p-257,0x1.72ad1fd089947p-470,0x1.6caa6fff3b1a9p-257,6.15100599300137454e-78
11,153,0x1.bfda6abae8a5fp-259,0x1.72ad1fd089947p-470,0x1.bfda6abae8a6p-259,1.88854279591653397e-78
11,154,0x1.12f075a47be3ap-260,0x1.72ad1fd089947p-470,0x1.12f075a47be3bp-260,5.79692894226032166e-79
11,155,0x1.517d098addbd3p-262,0x1.72ad1fd089947p-470,0x1.517d098addbd4p-262,1.77893489973361137e-79
11,156,0x1.9e29fc0f9b6c5p-264,0x1.72ad1fd089947p-470,0x1.9e29fc0f9b6c6p-264,5.45774861776219062e-80
11,157,0x1.fc22209ffd527p-266,0x1.72ad1fd089947p-470,0x1.fc22209ffd528p-266,1.67401310591084129e-80
11,158,0x1.37a26365e91fdp-267,0x1.72ad1fd089947p-470,0x1.37a26365e91fep-267,5.13329810042798599e-81
11,159,0x1.7e26ce9eb0be3p-269,0x1.72ad1fd089947p-470,0x1.7e26ce9eb0be4p-269,1.57371785505412928e-81
11,160,0x1.d482aa94f5e3fp-271,0x1.72ad1fd089947p-470,0x1.d482aa94f5e4p-271,4.82336868879496319e-82
11,161,0x1.1f1f3b9534ddap-272,0x1.72ad1fd089947p-470,0x1.1f1f3b9534ddbp-272,1.47797704519269843e-82
11,162,0x1.5fd57f552a1c9p-274,0x1.72ad1fd089947p-470,0x1.5fd57f552a1cap-274,4.52771411021710534e-83
11,163,0x1.af06af82fa7d5p-276,0x1.72ad1fd089947p-470,0x1.af06af82fa7d6p-276,1.38670734536876569e-83
11,164,0x1.07f52c01af3fdp-277,0x1.72ad1fd089947p-470,0x1.07f52c01af3fep-277,4.24605461257201011e-84
11,165,0x1.4336d6f95a862p-279,0x1.72ad1fd089947p-470,0x1.4336d6f95a863p-279,1.29981546841366252e-84
11,166,0x1.8badaca13a11bp-281,0x1.72ad1fd089947p-470,0x1.8badaca13a11cp-281,3.97808091803651414e-85
11,167,0x1.e445f2ba585e5p-283,0x1.72ad1fd089947p-470,0x1.e445f2ba585e6p-283,1.21719939751859478e-85
11,168,0x1.28482df38591dp-284,0x1.72ad1fd089947p-470,0x1.28482df38591ep-284,3.72345802323928495e-86
11,169,0x1.6a72f3fa4eb06p-286,0x1.72ad1fd089947p-470,0x1.6a72f3fa4eb07p-286,1.13874956206101969e-86
11,170,0x1.bb49c50009871p-288,0x1.72ad1fd089947p-470,0x1.bb49c50009872p-288,3.48182883274418696e-87
11,171,0x1.0f03d0240d8ep-289,0x1.72ad1fd089947p-470,0x1.0f03d0240d8e1p-289,1.06434995896232295e-87
11,172,0x1.4b4e29cd3e085p-291,0x1.72ad1fd089947p-470,0x1.4b4e29cd3e086p-291,3.25281761532664995e-88
11,173,0x1.94e9de065a9eap-293,0x1.72ad1fd089947p-470,0x1.94e9de065a9ebp-293,9.93879216626587142e-89
11,174,0x1.eec2be942e533p-295,0x1.72ad1fd089947p-470,0x1.eec2be942e534p-295,3.03603327487915189e-89
11,175,0x1.2e33bf8e2303bp-296,0x1.72ad1fd089947p-470,0x1.2e33bf8e2303cp-296,9.27211599235338806e-90
11,176,0x1.7116780870adap-298,0x1.72ad1fd089947p-470,0x1.7116780870adbp-298,2.83107243000431934e-90
11,177,0x1.c2ac6564bcad1p-300,0x1.72ad1fd089947p-470,0x1.c2ac6564bcad2p-300,8.64217949851990178e-91
11,178,0x1.13156aff1128ep-301,0x1.72ad1fd089947p-470,0x1.13156aff1128fp-301,2.63752229841235943e-91
11,179,0x1.4fbc8c552618bp-303,0x1.72ad1fd089947p-470,0x1.4fbc8c552618cp-303,8.04766571415185831e-92
11,180,0x1.99ab6634d778p-305,0x1.72ad1fd089947p-470,0x1.99ab6634d7781p-305,2.45496338414301221e-92
11,181,0x1.f3c53036ba17bp-307,0x1.72ad1fd089947p-470,0x1.f3c53036ba17cp-307,7.48724045274378276e-93
11,182,0x1.30c6605c6e949p-308,0x1.72ad1fd089947p-470,0x1.30c6605c6e94ap-308,2.28297196735914173e-93
11,183,0x1.73a363cea6718p-310,0x1.72ad1fd089947p-470,0x1.73a363cea6719p-310,6.95955987442964908e-94
11,184,0x1.c511a99d989a3p-312,0x1.72ad1fd089947p-470,0x1.c511a99d989a4p-312,2.12112239802745357e-94
11,185,0x1.141c0a8ea939ep-313,0x1.72ad1fd089947p-470,0x1.141c0a8ea939fp-313,6.46327743211487491e-95
11,186,0x1.507575ff7a691p-315,0x1.72ad1fd089947p-470,0x1.507575ff7a692p-315,1.96898919619931541e-95
11,187,0x1.99e86b5c68ebbp-317,0x1.72ad1fd089947p-470,0x1.99e86b5c68ebcp-317,5.99705021181457568e-96
11,188,0x1.f347dc4dbb559p-319,0x1.72ad1fd089947p-470,0x1.f347dc4dbb55ap-319,1.82614896284028041e-96
11,189,0x1.3000c18cf9a21p-320,0x1.72ad1fd089947p-470,0x1.3000c18cf9a22p-320,5.55954468144881718e-97
11,190,0x1.721f663ddb6d9p-322,0x1.72ad1fd089947p-470,0x1.721f663ddb6dap-322,1.69218210623830359e-97
11,191,0x1.c2865a7aaf56fp-324,0x1.72ad1fd089947p-470,0x1.c2865a7aaf57p-324,5.14944186552162962e-98
11,192,0x1.122303b9a6e23p-325,0x1.72ad1fd089947p-470,0x1.122303b9a6e24p-325,1.56667438994264194e-98
11,193,0x1.4d8afd1b3652cp-327,0x1.72ad1fd089947p-470,0x1.4d8afd1b3652dp-327,4.76544196580240881e-99
11,194,0x1.95bc217cb457ep-329,0x1.72ad1fd089947p-470,0x1.95bc217cb457fp-329,1.44921830897029915e-99
11,195,0x1.ed7221e578377p-331,0x1.72ad1fd089947p-470,0x1.ed7221e578378p-331,4.40626845037433481e-100
11,196,0x1.2bfe9f057737bp-332,0x1.72ad1fd089947p-470,0x1.2bfe9f057737cp-332,1.33941430165628384e-100
11,197,0x1.6cb0cc308dba1p-334,0x1.72ad1fd089947p-470,0x1.6cb0cc308dba2p-334,4.07067163524608910e-101
11,198,0x1.bb3e8d0922697p-336,0x1.72ad1fd089947p-470,0x1.bb3e8d0922698p-336,1.23687180503972706e-101
11,199,0x1.0d4d511806c28p-337,0x1.72ad1fd089947p-470,0x1.0d4d511806c29p-337,3.75743178414252368e-102
11,200,0x1.472ba54ac8645p-339,0x1.72ad1fd089947p-470,0x1.472ba54ac8646p-339,1.14121016206974770e-102
11,201,0x1.8d63dedabdc1cp-341,0x1.72ad1fd089947p-470,0x1.8d63dedabdc1dp-341,3.46536175316258390e-103
11,202,0x1.e29450525ab7dp-343,0x1.72ad1fd089947p-470,0x1.e29450525ab7ep-343,1.05205938919545643e-103
11,203,0x1.24f439feb2aafp-344,0x1.72ad1fd089947p-470,0x1.24f439feb2abp-344,3.19330920770679792e-104
11,204,0x1.639b39304b2a4p-346,0x1.72ad1fd089947p-470,0x1.639b39304b2a5p-346,9.69060813085530172e-105
11,205,0x1.af91658fb8c57p-348,0x1.72ad1fd089947p-470,0x1.af91658fb8c58p-348,2.94015843949968771e-105
11,206,0x1.05d2d91b52999p-349,0x1.72ad1fd089947p-470,0x1.05d2d91b5299ap-349,8.91867585305768014e-106
11,207,0x1.3d9ee1e62b2c7p-351,0x1.72ad1fd089947p-470,0x1.3d9ee1e62b2c8p-351,2.70483181166357165e-106
11,208,0x1.813aa84ead228p-353,0x1.72ad1fd089947p-470,0x1.813aa84ead229p-353,8.20145083788616665e-107
11,209,0x1.d321fef4c0f4bp-355,0x1.72ad1fd089947p-470,0x1.d321fef4c0f4cp-355,2.48629085968688710e-107
11,210,0x1.1b2ac3eccf9b5p-356,0x1.72ad1fd089947p-470,0x1.1b2ac3eccf9b6p-356,7.53571209853409579e-108
11,211,0x1.573b2180a8ca8p-358,0x1.72ad1fd089947p-470,0x1.573b2180a8ca9p-358,2.28353707579832677e-108
11,212,0x1.9ff365951c2ddp-360,0x1.72ad1fd089947p-470,0x1.9ff365951c2dep-360,6.91836589400761570e-109
11,213,0x1.f7f9b52aaa96dp-362,0x1.72ad1fd089947p-470,0x1.f7f9b52aaa96ep-362,2.09561240372119660e-109
11,214,0x1.31409b1a3f2f5p-363,0x1.72ad1fd089947p-470,0x1.31409b1a3f2f6p-363,6.34644686707513613e-110
11,215,0x1.71b397c0b965p-365,0x1.72ad1fd089947p-470,0x1.71b397c0b9651p-365,1.92159947009293853e-110
11,216,0x1.bfab1142c4a29p-367,0x1.72ad1fd089947p-470,0x1.bfab1142c4a2ap-367,5.81711839005483549e-111
11,217,0x1.0efc05b71d432p-368,0x1.72ad1fd089947p-470,0x1.0efc05b71d433p-368,1.76062157798707554e-111
11,218,0x1.480063a0e95e9p-370,0x1.72ad1fd089947p-470,0x1.480063a0e95eap-370,5.32767219742162374e-112
11,219,0x1.8cefb968f96c3p-372,0x1.72ad1fd089947p-470,0x1.8cefb968f96c4p-372,1.61184248702241958e-112
11,220,0x1.e0438ef689e87p-374,0x1.72ad1fd089947p-470,0x1.e0438ef689e88p-374,4.87552738100778009e-113
11,221,0x1.227c0e49e7557p-375,0x1.72ad1fd089947p-470,0x1.227c0e49e7558p-375,1.47446600348298343e-113
11,222,0x1.5f5389a78ce29p-377,0x1.72ad1fd089947p-470,0x1.5f5389a78ce2ap-377,4.45822882012322659e-114
11,223,0x1.a8d3eca2abd5dp-379,0x1.72ad1fd089947p-470,0x1.a8d3eca2abd5ep-379,1.34773540274408053e-114
11,224,0x1.00cd950b2213dp-380,0x1.72ad1fd089947p-470,0x1.00cd950b2213ep-380,4.07344511522383391e-115
11,225,0x1.3668654c1b183p-382,0x1.72ad1fd089947p-470,0x1.3668654c1b184p-382,1.23093270510916023e-115
11,226,0x1.7720ff509b58p-384,0x1.72ad1fd089947p-470,0x1.7720ff509b581p-384,3.71896608994554661e-116
11,227,0x1.c541b0a7b6318p-386,0x1.72ad1fd089947p-470,0x1.c541b0a7b6319p-386,1.12337782493228673e-116
11,228,0x1.11c66445a1cfcp-387,0x1.72ad1fd089947p-470,0x1.11c66445a1cfdp-387,3.39269992237474414e-117
11,229,0x1.4aaa7f97c24c1p-389,0x1.72ad1fd089947p-470,0x1.4aaa7f97c24c2p-389,1.02442761165074741e-117
11,230,0x1.8f4d659bd3603p-391,0x1.72ad1fd089947p-470,0x1.8f4d659bd3604p-391,3.09266996245505160e-118
11,231,0x1.e217d15250e7dp-393,0x1.72ad1fd089947p-470,0x1.e217d15250e7ep-393,9.33474800084987900e-119
11,232,0x1.22f815c62215cp-394,0x1.72ad1fd089947p-470,0x1.22f815c62215dp-394,2.81701128842529041e-119
11,233,0x1.5f29fe73cd602p-396,0x1.72ad1fd089947p-470,0x1.5f29fe73cd603p-396,8.49946886106879115e-120
11,234,0x1.a7bb3f0ba3b4ap-398,0x1.72ad1fd089947p-470,0x1.a7bb3f0ba3b4bp-398,2.56396705121908780e-120
11,235,0x1.ff32a629d1637p-400,0x1.72ad1fd089947p-470,0x1.ff32a629d1638p-400,7.73304942525568066e-121
11,236,0x1.344d1ef37c223p-401,0x1.72ad1fd089947p-470,0x1.344d1ef37c224p-401,2.33188465184500830e-121
11,237,0x1.73cce01085ce4p-403,0x1.72ad1fd089947p-470,0x1.73cce01085ce5p-403,7.03042388819935406e-122
11,238,0x1.c04b2b9188cb8p-405,0x1.72ad1fd089947p-470,0x1.c04b2b9188cb9p-405,2.11921179293658895e-122
11,239,0x1.0e362e24dba6ap-406,0x1.72ad1fd089947p-470,0x1.0e362e24dba6bp-406,6.38683727150262757e-123
11,240,0x1.45aeb77b434e3p-408,0x1.72ad1fd089947p-470,0x1.45aeb77b434e4p-408,1.92449244195526990e-123
11,241,0x1.8877b767ef767p-410,0x1.72ad1fd089947p-470,0x1.8877b767ef768p-410,5.79783255929657646e-124
11,242,0x1.d8dc2d14d1492p-412,0x1.72ad1fd089947p-470,0x1.d8dc2d14d1493p-412,1.74636273993371715e-124
11,243,0x1.1ccea523fe784p-413,0x1.72ad1fd089947p-470,0x1.1ccea523fe785p-413,5.25923771122650278e-125
11,244,0x1.57050c99367e7p-415,0x1.72ad1fd089947p-470,0x1.57050c99367e8p-415,1.58354688622020389e-125
11,245,0x1.9d0dead43dc75p-417,0x1.72ad1fd089947p-470,0x1.9d0dead43dc77p-417,4.76715264377061319e-126
11,246,0x1.f14bf3ba0d20fp-419,0x1.72ad1fd089947p-470,0x1.f14bf3ba0d213p-419,1.43485302639469511e-126
11,247,0x1.2b4e268579785p-420,0x1.72ad1fd089947p-470,0x1.2b4e26857978cp-420,4.31793626084395306e-127
11,248,0x1.68377981e5d87p-422,0x1.72ad1fd089947p-470,0x1.68377981e5d9fp-422,1.29916916742660612e-127
11,249,0x1.b171f88ac8749p-424,0x1.72ad1fd089947p-470,0x1.b171f88ac87a7p-424,3.90819360507389065e-128
11,250,0x1.04bb9873fb349p-425,0x1.72ad1fd089947p-470,0x1.04bb9873fb403p-425,1.17545914120166329e-128
11,251,0x1.399f9627772bap-427,0x1.72ad1fd089947p-470,0x1.399f9627775ap-427,3.53476319215170687e-129
11,252,0x1.792cc42bd4aa9p-429,0x1.72ad1fd089947p-470,0x1.792cc42bd563fp-429,1.06275863479807816e-129
11,253,0x1.c585c009f868dp-431,0x1.72ad1fd089947p-470,0x1.c585c009fb4e4p-431,3.19470458222556816e-130
11,254,0x1.109cf7f0f48c7p-432,0x1.72ad1fd089947p-470,0x1.109cf7f0fa573p-432,9.60171303316490754e-131
11,255,0x1.47ad82b8fa46p-434,0x1.72ad1fd089947p-470,0x1.47ad82b91170ep-434,2.88528623449825702e-131
11,256,0x1.89cb5d9a4a3abp-436,0x1.72ad1fd089947p-470,0x1.89cb5d9aa6e6p-436,8.66864978702373355e-132
11,257,0x1.d92acf6d210a9p-438,0x1.72ad1fd089947p-470,0x1.d92acf6e93b7cp-438,2.60397368408677106e-132
11,258,0x1.1c37f9583931dp-439,0x1.72ad1fd089947p-470,0x1.1c37f95b1e8c2p-439,7.82067985975990064e-133
11,259,0x1.55625d7b58bap-441,0x1.72ad1fd089947p-470,0x1.55625d86ee231p-441,2.34841807541757421e-133
11,260,0x1.99f9a4b5f429bp-443,0x1.72ad1fd089947p-470,0x1.99f9a4e449cdcp-443,7.05065578157939528e-134
11,261,0x1.ec42b3769571fp-445,0x1.72ad1fd089947p-470,0x1.ec42b42fec01fp-445,2.11644509935585409e-134
11,262,0x1.277a88e42f398p-446,0x1.72ad1fd089947p-470,0x1.277a8a56dc596p-446,6.35196518484353372e-135
11,263,0x1.62a8b33067681p-448,0x1.72ad1fd089947p-470,0x1.62a8b8fb1be76p-448,1.90604456803758393e-135
11,264,0x1.a99e295c8c179p-450,0x1.72ad1fd089947p-470,0x1.a99e40875e14bp-450,5.71850029901087205e-136
11,265,0x1.feaf440f75df5p-452,0x1.72ad1fd089947p-470,0x1.feafa0babdd38p-452,1.71536279440937083e-136
11,266,0x1.3252c504fbee4p-453,0x1.72ad1fd089947p-470,0x1.32537e5b8bd69p-453,5.14465275701220016e-137
11,267,0x1.6f6b41ec563a2p-455,0x1.72ad1fd089947p-470,0x1.6f6e274695db4p-455,1.54271946555635886e-137
11,268,0x1.b89f6ae9c9c1fp-457,0x1.72ad1fd089947p-470,0x1.b8ab0052c8465p-457,4.62555133091119273e-138
11,269,0x1.0828828a1ad59p-458,0x1.72ad1fd089947p-470,0x1.083fad5c17de4p-458,1.38686741425620603e-138
11,270,0x1.3cab9dc2caf3bp-460,0x1.72ad1fd089947p-470,0x1.3d08490abf162p-460,4.15973466214053686e-139
11,271,0x1.7b8831e60bef8p-462,0x1.72ad1fd089947p-470,0x1.7cfadf05dc792p-462,1.24969541410774827e-139
11,272,0x1.c6b529d0328cfp-464,0x1.72ad1fd089947p-470,0x1.cc7fde4f74b35p-464,3.77634093520976506e-140
11,273,0x1.102ff7bd8e056p-465,0x1.72ad1fd089947p-470,0x1.1bc560bc12521p-465,1.16353666380962943e-140
11,274,0x1.45467bd96bfefp-467,0x1.72ad1fd089947p-470,0x1.739c1fd37d319p-467,3.80924835823128153e-141
11,275,0x1.82d945f6e2fb2p-469,0x1.72ad1fd089947p-470,0x1.1e17eaef93e2cp-468,1.46632401156139944e-141
11,276,0x1.c610ede8b23cbp-471,0x1.72ad1fd089947p-470,0x1.2adacb6271597p-469,7.65864799383858550e-142
11,277,0x1.0117123746c3ap-472,0x1.72ad1fd089947p-470,0x1.b2f2e45e5b457p-470,5.57314325760115242e-142
11,278,0x1.07826205d0239p-474,0x1.72ad1fd089947p-470,0x1.832545f0e696cp-470,4.96062501159563590e-142
11,279,0x1.8aad8fac917e1p-477,0x1.72ad1fd089947p-470,0x1.75c27aefe2b78p-470,4.78910690398468294e-142
11,280,0x0p+0,0x1.72ad1fd089947p-470,0x1.72ad1fd089947p-470,4.74959799904113290e-142
12,0,0x1.2d1d48013e74p-4,0x1.92b48a5cdd944p-460,0x1.2d1d48013e741p-4,7.35142529191792488e-02
12,1,0x1.b1a5a054c1e4cp-6,0x1.92b48a5cdd944p-460,0x1.b1a5a054c1e4dp-6,2.64677110417593127e-02
12,2,0x1.2a5df0c079bf4p-7,0x1.92b48a5cdd944p-460,0x1.2a5df0c079bf5p-7,9.10543685399820869e-03
12,3,0x1.8ead36a53111bp-9,0x1.92b48a5cdd944p-460,0x1.8ead36a53111cp-9,3.04166118675842749e-03
12,4,0x1.064c7216fd8fp-10,0x1.92b48a5cdd944p-460,0x1.064c7216fd8f1p-10,1.00058981274525290e-03
12,5,0x1.5785be15c87f6p-12,0x1.92b48a5cdd944p-460,0x1.5785be15c87f7p-12,3.27608520239163826e-04
12,6,0x1.c2b2c162afce7p-14,0x1.92b48a5cdd944p-460,0x1.c2b2c162afce8p-14,1.07454839546317440e-04
12,7,0x1.28fcd6925b16fp-15,0x1.92b48a5cdd944p-460,0x1.28fcd6925b17p-15,3.54036866550858044e-05
12,8,0x1.8937c764221e5p-17,0x1.92b48a5cdd944p-460,0x1.8937c764221e6p-17,1.17188062136599953e-05
12,9,0x1.053cac37db459p-18,0x1.92b48a5cdd944p-460,0x1.053cac37db45ap-18,3.89273468913178812e-06
12,10,0x1.5bddb25dc7508p-20,0x1.92b48a5cdd944p-460,0x1.5bddb25dc7509p-20,1.29590184578333668e-06
12,11,0x1.cfb2e60692b01p-22,0x1.92b48a5cdd944p-460,0x1.cfb2e60692b02p-22,4.31853181136088169e-07
12,12,0x1.351da3d6f19c9p-23,0x1.92b48a5cdd944p-460,0x1.351da3d6f19cap-23,1.43943252621342337e-07
12,13,0x1.9bffa3d36e759p-25,0x1.92b48a5cdd944p-460,0x1.9bffa3d36e75ap-25,4.79629488586117031e-08
12,14,0x1.1261a438315f5p-26,0x1.92b48a5cdd944p-460,0x1.1261a438315f6p-26,1.59711001930270462e-08
12,15,0x1.6d25f4a417e58p-28,0x1.92b48a5cdd944p-460,0x1.6d25f4a417e59p-28,5.31360658606364281e-09
12,16,0x1.e576bcba40599p-30,0x1.92b48a5cdd944p-460,0x1.e576bcba4059ap-30,1.76610707877913356e-09
12,17,0x1.425f9eccd8819p-31,0x1.92b48a5cdd944p-460,0x1.425f9eccd881ap-31,5.86394011131103473e-10
12,18,0x1.abafb74a56c29p-33,0x1.92b48a5cdd944p-460,0x1.abafb74a56c2ap-33,1.94489253107959756e-10
12,19,0x1.1b65b52fb7a09p-34,0x1.92b48a5cdd944p-460,0x1.1b65b52fb7a0ap-34,6.44370847874126212e-11
12,20,0x1.772de5d9f4414p-36,0x1.92b48a5cdd944p-460,0x1.772de5d9f4415p-36,2.13264734443199192e-11
12,21,0x1.f02def0c29c47p-38,0x1.92b48a5cdd944p-460,0x1.f02def0c29c48p-38,7.05113377571203794e-12
12,22,0x1.47c7a2f6ecd0bp-39,0x1.92b48a5cdd944p-460,0x1.47c7a2f6ecd0cp-39,2.32901577413506280e-12
12,23,0x1.b0a923b1e8b6dp-41,0x1.92b48a5cdd944p-460,0x1.b0a923b1e8b6ep-41,7.68559795204421807e-13
12,24,0x1.1d4b4e76984c5p-42,0x1.92b48a5cdd944p-460,0x1.1d4b4e76984c6p-42,2.53392121511412930e-13
12,25,0x1.77ebc49e0591fp-44,0x1.92b48a5cdd944p-460,0x1.77ebc49e0592p-44,8.34712230205452297e-14
12,26,0x1.eeee99940899dp-46,0x1.92b48a5cdd944p-460,0x1.eeee99940899ep-46,2.74742468174946954e-14
12,27,0x1.458e60fed2ea3p-47,0x1.92b48a5cdd944p-460,0x1.458e60fed2ea4p-47,9.03599882508091693e-15
12,28,0x1.abf816f4fdc7bp-49,0x1.92b48a5cdd944p-460,0x1.abf816f4fdc7cp-49,2.96963218110444047e-15
12,29,0x1.1919387d9b0fdp-50,0x1.92b48a5cdd944p-460,0x1.1919387d9b0fep-50,9.75256397267834935e-16
12,30,0x1.71023d8dc0c9cp-52,0x1.92b48a5cdd944p-460,0x1.71023d8dc0c9dp-52,3.20064072238039236e-16
12,31,0x1.e4178f691c00bp-54,0x1.92b48a5cdd944p-460,0x1.e4178f691c00cp-54,1.04970726560201038e-16
12,32,0x1.3d54bcbac05f8p-55,0x1.92b48a5cdd944p-460,0x1.3d54bcbac05f9p-55,3.44050964783385033e-17
12,33,0x1.9fc6b19fcd7ffp-57,0x1.92b48a5cdd944p-460,0x1.9fc6b19fcd8p-57,1.12696350686411050e-17
12,34,0x1.1037e95097ebfp-58,0x1.92b48a5cdd944p-460,0x1.1037e95097ecp-58,3.68924731058044921e-18
12,35,0x1.643fc7b0be427p-60,0x1.92b48a5cdd944p-460,0x1.643fc7b0be428p-60,1.20701903869945120e-18
12,36,0x1.d1f4e7be7c147p-62,0x1.92b48a5cdd944p-460,0x1.d1f4e7be7c148p-62,3.94680643973143934e-19
12,37,0x1.308ea6b246143p-63,0x1.92b48a5cdd944p-460,0x1.308ea6b246144p-63,1.28985004526737665e-19
12,38,0x1.8dea1eafc8b77p-65,0x1.92b48a5cdd944p-460,0x1.8dea1eafc8b78p-65,4.21308397161306937e-20
12,39,0x1.03cf00d1bcb8fp-66,0x1.92b48a5cdd944p-460,0x1.03cf00d1bcb9p-66,1.37541530921925090e-20
12,40,0x1.53190da5e92fcp-68,0x1.92b48a5cdd944p-460,0x1.53190da5e92fdp-68,4.48792286840444036e-21
12,41,0x1.ba5cf83d6cf1bp-70,0x1.92b48a5cdd944p-460,0x1.ba5cf83d6cf1cp-70,1.46365692803864204e-21
12,42,0x1.20656c2bd622cp-71,0x1.92b48a5cdd944p-460,0x1.20656c2bd622dp-71,4.77111460658534555e-22
12,43,0x1.77daf58b43722p-73,0x1.92b48a5cdd944p-460,0x1.77daf58b43723p-73,1.55450112449364891e-22
12,44,0x1.e99afee633765p-75,0x1.92b48a5cdd944p-460,0x1.e99afee633766p-75,5.06240172070218866e-23
12,45,0x1.3ebe06dc13cc5p-76,0x1.92b48a5cdd944p-460,0x1.3ebe06dc13cc6p-76,1.64785902802524606e-23
12,46,0x1.9ed30e407ee78p-78,0x1.92b48a5cdd944p-460,0x1.9ed30e407ee79p-78,5.36148017581536663e-24
12,47,0x1.0dd0327a2924p-79,0x1.92b48a5cdd944p-460,0x1.0dd0327a29241p-79,1.74362739168887345e-24
12,48,0x1.5ed511c0c04a7p-81,0x1.92b48a5cdd944p-460,0x1.5ed511c0c04a8p-81,5.66800153488533072e-25
12,49,0x1.c7faec95f83d5p-83,0x1.92b48a5cdd944p-460,0x1.c7faec95f83d6p-83,1.84168925005580292e-25
12,50,0x1.283178935b9f5p-84,0x1.92b48a5cdd944p-460,0x1.283178935b9f6p-84,5.98157496906887509e-26
12,51,0x1.80a2c3e4fd02bp-86,0x1.92b48a5cdd944p-460,0x1.80a2c3e4fd02cp-86,1.94191453849953690e-26
12,52,0x1.f34710540468ep-88,0x1.92b48a5cdd944p-460,0x1.f34710540468fp-88,6.30176918224692338e-27
12,53,0x1.43e902533d332p-89,0x1.92b48a5cdd944p-460,0x1.43e902533d333p-89,2.04416069646128464e-27
12,54,0x1.a41b4db7b9fd6p-91,0x1.92b48a5cdd944p-460,0x1.a41b4db7b9fd7p-91,6.62811431717975675e-28
12,55,0x1.1053741d58004p-92,0x1.92b48a5cdd944p-460,0x1.1053741d58005p-92,2.14827327395676235e-28
12,56,0x1.60eb5061ceb1bp-94,0x1.92b48a5cdd944p-460,0x1.60eb5061ceb1cp-94,6.96010389651849462e-29
12,57,0x1.c92edd8be23d7p-96,0x1.92b48a5cdd944p-460,0x1.c92edd8be23d8p-96,2.25408655561217087e-29
12,58,0x1.28026ca67a4d9p-97,0x1.92b48a5cdd944p-460,0x1.28026ca67a4dap-97,7.29719683599062621e-30
12,59,0x1.7f29b96082854p-99,0x1.92b48a5cdd944p-460,0x1.7f29b96082855p-99,2.36142421170600551e-30
12,60,0x1.efc9a8f99abffp-101,0x1.92b48a5cdd944p-460,0x1.efc9a8f99acp-101,7.63881955307234777e-31
12,61,0x1.40a326b535656p-102,0x1.92b48a5cdd944p-460,0x1.40a326b535657p-102,2.47009998172820509e-31
12,62,0x1.9e927509d447fp-104,0x1.92b48a5cdd944p-460,0x1.9e927509d448p-104,7.98436818347039680e-32
12,63,0x1.0be9febe95a05p-105,0x1.92b48a5cdd944p-460,0x1.0be9febe95a06p-105,2.57991839297245527e-32
12,64,0x1.5a25e5dbf2c53p-107,0x1.92b48a5cdd944p-460,0x1.5a25e5dbf2c54p-107,8.33321090967807393e-33
12,65,0x1.bf10add8b0f23p-109,0x1.92b48a5cdd944p-460,0x1.bf10add8b0f24p-109,2.69067551453317299e-33
12,66,0x1.20992cd594ec1p-110,0x1.92b48a5cdd944p-460,0x1.20992cd594ec2p-110,8.68469040021273380e-34
12,67,0x1.74788e1935ac8p-112,0x1.92b48a5cdd944p-460,0x1.74788e1935ac9p-112,2.80215974559514146e-34
12,68,0x1.e08c99e3f1c7dp-114,0x1.92b48a5cdd944p-460,0x1.e08c99e3f1c7ep-114,9.03812635426603664e-35
12,69,0x1.35e2c7d037003p-115,0x1.92b48a5cdd944p-460,0x1.35e2c7d037004p-115,2.91415263589342221e-35
12,70,0x1.8f86bb83eb641p-117,0x1.92b48a5cdd944p-460,0x1.8f86bb83eb642p-117,9.39281814386569720e-36
12,71,0x1.0175cd992d269p-118,0x1.92b48a5cdd944p-460,0x1.0175cd992d26ap-118,3.02642973553313173e-36
12,72,0x1.4bb57872222e4p-120,0x1.92b48a5cdd944p-460,0x1.4bb57872222e5p-120,9.74804754384011114e-37
12,73,0x1.ab39dfeba16fbp-122,0x1.92b48a5cdd944p-460,0x1.ab39dfeba16fcp-122,3.13876147088090191e-37
12,74,0x1.130833c4dc685p-123,0x1.92b48a5cdd944p-460,0x1.130833c4dc686p-123,1.01030815386024486e-37
12,75,0x1.61fe41d5a4c2fp-125,0x1.92b48a5cdd944p-460,0x1.61fe41d5a4c3p-125,3.25091404289624031e-38
12,76,0x1.c7796655d2abdp-127,0x1.92b48a5cdd944p-460,0x1.c7796655d2abep-127,1.04571751938349423e-38
12,77,0x1.24ed9bc78bd8cp-128,0x1.92b48a5cdd944p-460,0x1.24ed9bc78bd8dp-128,3.36265034401296824e-39
12,78,0x1.78a8a09b43431p-130,0x1.92b48a5cdd944p-460,0x1.78a8a09b43432p-130,1.08095745804354085e-39
12,79,0x1.e42adc243182cp-132,0x1.92b48a5cdd944p-460,0x1.e42adc243182dp-132,3.47373088947926286e-40
12,80,0x1.3714fe75d3cd2p-133,0x1.92b48a5cdd944p-460,0x1.3714fe75d3cd3p-133,1.11595197375189461e-40
12,81,0x1.8f9eae70e2d07p-135,0x1.92b48a5cdd944p-460,0x1.8f9eae70e2d08p-135,3.58391475890372535e-41
12,82,0x1.00990fcbba361p-136,0x1.92b48a5cdd944p-460,0x1.00990fcbba362p-136,1.15062476608109745e-41
12,83,0x1.496c4f86410fp-138,0x1.92b48a5cdd944p-460,0x1.496c4f86410f1p-138,3.69296054362581829e-42
12,84,0x1.a6c949a803fbdp-140,0x1.92b48a5cdd944p-460,0x1.a6c949a803fbep-140,1.18489953024071612e-42
12,85,0x1.0f38c9a603f09p-141,0x1.92b48a5cdd944p-460,0x1.0f38c9a603f0ap-141,3.80062729543002708e-43
12,86,0x1.5be09efc0e9d9p-143,0x1.92b48a5cdd944p-460,0x1.5be09efc0e9dap-143,1.21870025676094997e-43
12,87,0x1.be104081aa1f4p-145,0x1.92b48a5cdd944p-460,0x1.be104081aa1f5p-145,3.90667547205317509e-44
12,88,0x1.1de52b1c9b886p-146,0x1.92b48a5cdd944p-460,0x1.1de52b1c9b887p-146,1.25195152943738379e-44
12,89,0x1.6e5e3d4d477b6p-148,0x1.92b48a5cdd944p-460,0x1.6e5e3d4d477b7p-148,4.01086787489525839e-45
12,90,0x1.d55a7fc6ac1d3p-150,0x1.92b48a5cdd944p-460,0x1.d55a7fc6ac1d4p-150,1.28457882008307694e-45
12,91,0x1.2c8e3fd3e852fp-151,0x1.92b48a5cdd944p-460,0x1.2c8e3fd3e853p-151,4.11297057433721484e-46
12,92,0x1.80d0e1e8df3afp-153,0x1.92b48a5cdd944p-460,0x1.80d0e1e8df3bp-153,1.31650877863732500e-46
12,93,0x1.ec8e443479fc7p-155,0x1.92b48a5cdd944p-460,0x1.ec8e443479fc8p-155,4.21275381809561164e-47
12,94,0x1.3b23af41b13e9p-156,0x1.92b48a5cdd944p-460,0x1.3b23af41b13eap-156,1.34766951719425351e-47
12,95,0x1.9323d3b66fc74p-158,0x1.92b48a5cdd944p-460,0x1.9323d3b66fc75p-158,4.30999291810585076e-48
12,96,0x1.01c8a71c9f4acp-159,0x1.92b48a5cdd944p-460,0x1.01c8a71c9f4adp-159,1.37799088653955487e-48
12,97,0x1.4994ddacadeafp-161,0x1.92b48a5cdd944p-460,0x1.4994ddacadebp-161,4.40446911152280565e-49
12,98,0x1.a542131fdbcb7p-163,0x1.92b48a5cdd944p-460,0x1.a542131fdbcb8p-163,1.40740474381988028e-49
12,99,0x1.0d248bb7898e6p-164,0x1.92b48a5cdd944p-460,0x1.0d248bb7898e7p-164,4.49597039155998404e-50
12,100,0x1.57d10e261bdp-166,0x1.92b48a5cdd944p-460,0x1.57d10e261bd01p-166,1.43584521001706240e-50
12,101,0x1.b716852d642c1p-168,0x1.92b48a5cdd944p-460,0x1.b716852d642c2p-168,4.58429230405600576e-51
12,102,0x1.184d849e8bbcep-169,0x1.92b48a5cdd944p-460,0x1.184d849e8bbcfp-169,1.46324891595755798e-51
12,103,0x1.65c7851b562bdp-171,0x1.92b48a5cdd944p-460,0x1.65c7851b562bep-171,4.66923870585857590e-52
12,104,0x1.c88c1f370b4f3p-173,0x1.92b48a5cdd944p-460,0x1.c88c1f370b4f4p-173,1.48955523565631962e-52
12,105,0x1.233659ff7ba22p-174,0x1.92b48a5cdd944p-460,0x1.233659ff7ba23p-174,4.75062248134921513e-53
12,106,0x1.7367ab1a0b89fp-176,0x1.92b48a5cdd944p-460,0x1.7367ab1a0b8ap-176,1.51470650587295633e-53
12,107,0x1.d98e12aa988b5p-178,0x1.92b48a5cdd944p-460,0x1.d98e12aa988b6p-178,4.82826621369545585e-54
12,108,0x1.2dd20307f1046p-179,0x1.92b48a5cdd944p-460,0x1.2dd20307f1047p-179,1.53864823084565537e-54
12,109,0x1.80a12f601109ap-181,0x1.92b48a5cdd944p-460,0x1.80a12f601109bp-181,4.90200280770698569e-55
12,110,0x1.ea07f8644cf7bp-183,0x1.92b48a5cdd944p-460,0x1.ea07f8644cf7cp-183,1.56132927126402750e-55
12,111,0x1.3813c10ab07edp-184,0x1.92b48a5cdd944p-460,0x1.3813c10ab07eep-184,4.97167606148738930e-56
12,112,0x1.8d6429d00d7f4p-186,0x1.92b48a5cdd944p-460,0x1.8d6429d00d7f5p-186,1.58270201664486902e-56
12,113,0x1.f9e5fb1968a5p-188,0x1.92b48a5cdd944p-460,0x1.f9e5fb1968a51p-188,5.03714118440772599e-57
12,114,0x1.41ef39f45fa6ep-189,0x1.92b48a5cdd944p-460,0x1.41ef39f45fa6fp-189,1.60272254038386278e-57
12,115,0x1.99a13be6428a7p-191,0x1.92b48a5cdd944p-460,0x1.99a13be6428a8p-191,5.09826525928084527e-58
12,116,0x1.048a802b79c6fp-192,0x1.92b48a5cdd944p-460,0x1.048a802b79c7p-192,1.62135073686986413e-58
12,117,0x1.4b5891c16cf79p-194,0x1.92b48a5cdd944p-460,0x1.4b5891c16cf7ap-194,5.15492764698149094e-59
12,118,0x1.a549b04c875cbp-196,0x1.92b48a5cdd944p-460,0x1.a549b04c875ccp-196,1.63855044016574697e-59
12,119,0x1.0bc167ce5eccfp-197,0x1.92b48a5cdd944p-460,0x1.0bc167ce5ecdp-197,5.20702033213291358e-60
12,120,0x1.544482aafc882p-199,0x1.92b48a5cdd944p-460,0x1.544482aafc883p-199,1.65428952388003115e-60
12,121,0x1.b04f98b1fbad7p-201,0x1.92b48a5cdd944p-460,0x1.b04f98b1fbad8p-201,5.25444820886229716e-61
12,122,0x1.128f1b9206b7dp-202,0x1.92b48a5cdd944p-460,0x1.128f1b9206b7ep-202,1.66853998197437097e-61
12,123,0x1.5ca873c5cc5f8p-204,0x1.92b48a5cdd944p-460,0x1.5ca873c5cc5f9p-204,5.29712930601113455e-62
12,124,0x1.baa5e991eb636p-206,0x1.92b48a5cdd944p-460,0x1.baa5e991eb637p-206,1.68127799037342939e-62
12,125,0x1.18eb96f564e1cp-207,0x1.92b48a5cdd944p-460,0x1.18eb96f564e1dp-207,5.33499495156954048e-63
12,126,0x1.647a8dd43c727p-209,0x1.92b48a5cdd944p-460,0x1.647a8dd43c728p-209,1.69248394936385851e-63
12,127,0x1.c440939d9d753p-211,0x1.92b48a5cdd944p-460,0x1.c440939d9d754p-211,5.36798987648003853e-64
12,128,0x1.1ecf795367ca9p-212,0x1.92b48a5cdd944p-460,0x1.1ecf795367caap-212,1.70214250688732852e-64
12,129,0x1.6bb1ce13cf981p-214,0x1.92b48a5cdd944p-460,0x1.6bb1ce13cf982p-214,5.39607225832554378e-65
12,130,0x1.cd149a8626991p-216,0x1.92b48a5cdd944p-460,0x1.cd149a8626992p-216,1.71024256294738370e-65
12,131,0x1.243413a8ae281p-217,0x1.92b48a5cdd944p-460,0x1.243413a8ae282p-217,5.41921370577407227e-66
12,132,0x1.724616d6671ffp-219,0x1.92b48a5cdd944p-460,0x1.724616d6672p-219,1.71677725546061768e-66
12,133,0x1.d51828ed992d3p-221,0x1.92b48a5cdd944p-460,0x1.d51828ed992d4p-221,5.43739918499514116e-67
12,134,0x1.29137483d665dp-222,0x1.92b48a5cdd944p-460,0x1.29137483d665ep-222,1.72174392798891435e-67
12,135,0x1.78303dbffc38cp-224,0x1.92b48a5cdd944p-460,0x1.78303dbffc38dp-224,5.45062688958830471e-68
12,136,0x1.dc42a151d49a7p-226,0x1.92b48a5cdd944p-460,0x1.dc42a151d49a8p-226,1.72514407988923520e-68
12,137,0x1.2d687205f36f5p-227,0x1.92b48a5cdd944p-460,0x1.2d687205f36f6p-227,5.45890805587225811e-69
12,138,0x1.7d6a178a81b28p-229,0x1.92b48a5cdd944p-460,0x1.7d6a178a81b29p-229,1.72698329951099776e-69
12,139,0x1.e28cabce8bd63p-231,0x1.92b48a5cdd944p-460,0x1.e28cabce8bd64p-231,5.46226672566672911e-70
12,140,0x1.312eb1dfe3d45p-232,0x1.92b48a5cdd944p-460,0x1.312eb1dfe3d46p-232,1.72727118115808509e-70
12,141,0x1.81ee813ab6ddcp-234,0x1.92b48a5cdd944p-460,0x1.81ee813ab6dddp-234,5.46073945896164464e-71
12,142,0x1.e7f0409fa1f3bp-236,0x1.92b48a5cdd944p-460,0x1.e7f0409fa1f3cp-236,1.72602122661132841e-71
12,143,0x1.3462af408e3f9p-237,0x1.92b48a5cdd944p-460,0x1.3462af408e3fap-237,5.45437499910652673e-72
12,144,0x1.85b966b9dcb8bp-239,0x1.92b48a5cdd944p-460,0x1.85b966b9dcb8cp-239,1.72325073207815363e-72
12,145,0x1.ec68af587d78bp-241,0x1.92b48a5cdd944p-460,0x1.ec68af587d78cp-241,5.44323389336419264e-73
12,146,0x1.3701beaf3d175p-242,0x1.92b48a5cdd944p-460,0x1.3701beaf3d176p-242,1.71898066149952246e-73
12,147,0x1.88c7c6d145c39p-244,0x1.92b48a5cdd944p-460,0x1.88c7c6d145c3ap-244,5.42738807185826226e-74
12,148,0x1.eff2a2d03a163p-246,0x1.92b48a5cdd944p-460,0x1.eff2a2d03a164p-246,1.71323550719832793e-74
12,149,0x1.390a0fd45abd1p-247,0x1.92b48a5cdd944p-460,0x1.390a0fd45abd2p-247,5.40692038810306822e-75
12,150,0x1.8b17b48d783ecp-249,0x1.92b48a5cdd944p-460,0x1.8b17b48d783edp-249,1.70604313889932340e-75
12,151,0x1.f28c21cd7d4c1p-251,0x1.92b48a5cdd944p-460,0x1.f28c21cd7d4c2p-251,5.38192412443640797e-76
12,152,0x1.3a7aad398b33dp-252,0x1.92b48a5cdd944p-460,0x1.3a7aad398b33ep-252,1.69743464218795441e-76
12,153,0x1.8ca85616ee35cp-254,0x1.92b48a5cdd944p-460,0x1.8ca85616ee35dp-254,5.35250246577825178e-77
12,154,0x1.f4348c86fa025p-256,0x1.92b48a5cdd944p-460,0x1.f4348c86fa026p-256,1.68744414750443674e-77
12,155,0x1.3b537a1074ea7p-257,0x1.92b48a5cdd944p-460,0x1.3b537a1074ea8p-257,5.31876794521780908e-78
12,156,0x1.8d79e11647946p-259,0x1.92b48a5cdd944p-460,0x1.8d79e11647947p-259,1.67610865078925079e-78
12,157,0x1.f4ec97173c3a9p-261,0x1.92b48a5cdd944p-460,0x1.f4ec97173c3aap-261,5.28084186498175862e-79
12,158,0x1.3b952e1563179p-262,0x1.92b48a5cdd944p-460,0x1.3b952e156317ap-262,1.66346782690858272e-79
12,159,0x1.8d8d94c0e68bap-264,0x1.92b48a5cdd944p-460,0x1.8d8d94c0e68bbp-264,5.23885369636131879e-80
12,160,0x1.f4b6410b090fdp-266,0x1.92b48a5cdd944p-460,0x1.f4b6410b090fep-266,1.64956383699253981e-80
12,161,0x1.3b414fa8357bbp-267,0x1.92b48a5cdd944p-460,0x1.3b414fa8357bcp-267,5.19294046217712589e-81
12,162,0x1.8ce5b1b1576e9p-269,0x1.92b48a5cdd944p-460,0x1.8ce5b1b1576eap-269,1.63444113081489733e-81
12,163,0x1.f394ca395fadp-271,0x1.92b48a5cdd944p-460,0x1.f394ca395fad1p-271,5.14324610533870308e-82
12,164,0x1.3a5a2c3abdb5p-272,0x1.92b48a5cdd944p-460,0x1.3a5a2c3abdb51p-272,1.61814624533263772e-82
12,165,0x1.8b856fb48322dp-274,0x1.92b48a5cdd944p-460,0x1.8b856fb48322ep-274,5.08992084700809640e-83
12,166,0x1.f18ca51ae229ep-276,0x1.92b48a5cdd944p-460,0x1.f18ca51ae229fp-276,1.60072760048589711e-83
12,167,0x1.38e2cf37ae33cp-277,0x1.92b48a5cdd944p-460,0x1.38e2cf37ae33dp-277,5.03312053781195713e-84
12,168,0x1.8970f1b97143p-279,0x1.92b48a5cdd944p-460,0x1.8970f1b971431p-279,1.58223529333427227e-84
12,169,0x1.eea366dc1425dp-281,0x1.92b48a5cdd944p-460,0x1.eea366dc1425ep-281,4.97300600546063164e-85
12,170,0x1.36def788935fbp-282,0x1.92b48a5cdd944p-460,0x1.36def788935fcp-282,1.56272089157568769e-85
12,171,0x1.86ad381546aacp-284,0x1.92b48a5cdd944p-460,0x1.86ad381546aadp-284,4.90974240202737885e-86
12,172,0x1.eadfb56a69fc1p-286,0x1.92b48a5cdd944p-460,0x1.eadfb56a69fc2p-286,1.54223722745833031e-86
12,173,0x1.34530be3f1b59p-287,0x1.92b48a5cdd944p-460,0x1.34530be3f1b5ap-287,4.84349855401998196e-87
12,174,0x1.8340115032f89p-289,0x1.92b48a5cdd944p-460,0x1.8340115032f8ap-289,1.52083819305532343e-87
12,175,0x1.e64933bf933ecp-291,0x1.92b48a5cdd944p-460,0x1.e64933bf933edp-291,4.77444631824375083e-88
12,176,0x1.31440e0e926bep-292,0x1.92b48a5cdd944p-460,0x1.31440e0e926bfp-292,1.49857853782685465e-88
12,177,0x1.7f3009b224e69p-294,0x1.92b48a5cdd944p-460,0x1.7f3009b224e6ap-294,4.70275994630248589e-89
12,178,0x1.e0e86cb0c2903p-296,0x1.92b48a5cdd944p-460,0x1.e0e86cb0c2904p-296,1.47551366934587451e-89
12,179,0x1.2db78d3c4794ep-297,0x1.92b48a5cdd944p-460,0x1.2db78d3c4794fp-297,4.62861546042627878e-90
12,180,0x1.7a8459c766caap-299,0x1.92b48a5cdd944p-460,0x1.7a8459c766cabp-299,1.45169945801058843e-90
12,181,0x1.dac6bc88f9a21p-301,0x1.92b48a5cdd944p-460,0x1.dac6bc88f9a22p-301,4.55219004314500047e-91
12,182,0x1.29b397bd0580dp-302,0x1.92b48a5cdd944p-460,0x1.29b397bd0580ep-302,1.42719204651223500e-91
12,183,0x1.7544d415bb362p-304,0x1.92b48a5cdd944p-460,0x1.7544d415bb363p-304,4.47366144314611236e-92
12,184,0x1.d3ee39b59fe35p-306,0x1.92b48a5cdd944p-460,0x1.d3ee39b59fe36p-306,1.40204766476935223e-92
12,185,0x1.253eac2321f71p-307,0x1.92b48a5cdd944p-460,0x1.253eac2321f72p-307,4.39320739947258837e-93
12,186,0x1.6f79d23a3f562p-309,0x1.92b48a5cdd944p-460,0x1.6f79d23a3f563p-309,1.37632245097999141e-93
12,187,0x1.cc699ccbf22fdp-311,0x1.92b48a5cdd944p-460,0x1.cc699ccbf22fep-311,4.31100508602780723e-94
12,188,0x1.205faa0ee4d29p-312,0x1.92b48a5cdd944p-460,0x1.205faa0ee4d2ap-312,1.35007227938325517e-94
12,189,0x1.692c21a74c80dp-314,0x1.92b48a5cdd944p-460,0x1.692c21a74c80ep-314,4.22723057815881253e-95
12,190,0x1.c444282c3dfa1p-316,0x1.92b48a5cdd944p-460,0x1.c444282c3dfa2p-316,1.32335259526050572e-95
12,191,0x1.1b1dc2ca64961p-317,0x1.92b48a5cdd944p-460,0x1.1b1dc2ca64962p-317,4.14205834289762477e-96
12,192,0x1.6264f037dae3ap-319,0x1.92b48a5cdd944p-460,0x1.6264f037dae3bp-319,1.29621825764397490e-96
12,193,0x1.bb898f856daeap-321,0x1.92b48a5cdd944p-460,0x1.bb898f856daebp-321,4.05566075424473901e-97
12,194,0x1.158069defa0bp-322,0x1.92b48a5cdd944p-460,0x1.158069defa0b1p-322,1.26872339014005909e-97
12,195,0x1.5b2db8cb968dap-324,0x1.92b48a5cdd944p-460,0x1.5b2db8cb968dbp-324,3.96820763468287340e-98
12,196,0x1.b245df7845e59p-326,0x1.92b48a5cdd944p-460,0x1.b245df7845e5ap-326,1.24092124021319871e-98
12,197,0x1.0f8f45cb767e3p-327,0x1.92b48a5cdd944p-460,0x1.0f8f45cb767e4p-327,3.87986582392030853e-99
12,198,0x1.5390301c00575p-329,0x1.92b48a5cdd944p-460,0x1.5390301c00576p-329,1.21286404721535175e-99
12,199,0x1.a8856595eae27p-331,0x1.92b48a5cdd944p-460,0x1.a8856595eae28p-331,3.79079877567382860e-100
12,200,0x1.095220ffc784fp-332,0x1.92b48a5cdd944p-460,0x1.095220ffc785p-332,1.18460291938850744e-100
12,201,0x1.4b9631f7a8cc8p-334,0x1.92b48a5cdd944p-460,0x1.4b9631f7a8cc9p-334,3.70116618311487034e-101
12,202,0x1.9e5498f0f4465p-336,0x1.92b48a5cdd944p-460,0x1.9e5498f0f4466p-336,1.15618772000959932e-101
12,203,0x1.02d0db3fe1a5bp-337,0x1.92b48a5cdd944p-460,0x1.02d0db3fe1a5cp-337,3.61112363342876831e-102
12,204,0x1.4349af0ce82a8p-339,0x1.92b48a5cdd944p-460,0x1.4349af0ce82a9p-339,1.12766696279112679e-102
12,205,0x1.93c0037392d87p-341,0x1.92b48a5cdd944p-460,0x1.93c0037392d88p-341,3.52082229176142950e-103
12,206,0x1.f826b7196f033p-343,0x1.92b48a5cdd944p-460,0x1.f826b7196f034p-343,1.09908771659913696e-103
12,207,0x1.3ab49b697efc4p-344,0x1.92b48a5cdd944p-460,0x1.3ab49b697efc5p-344,3.43040861466254399e-104
12,208,0x1.88d42c2832872p-346,0x1.92b48a5cdd944p-460,0x1.88d42c2832873p-346,1.07049551949775836e-104
12,209,0x1.ea43055d7bb0fp-348,0x1.92b48a5cdd944p-460,0x1.ea43055d7bb1p-348,3.34002409298065740e-105
12,210,0x1.31e0ddd05b143p-349,0x1.92b48a5cdd944p-460,0x1.31e0ddd05b144p-349,1.04193430208137315e-105
12,211,0x1.7d9d829ca99ccp-351,0x1.92b48a5cdd944p-460,0x1.7d9d829ca99cdp-351,3.24980502401342752e-106
12,212,0x1.dc063cf427f4bp-353,0x1.92b48a5cdd944p-460,0x1.dc063cf427f4cp-353,1.01344632001084233e-106
12,213,0x1.28d8400266c29p-354,0x1.92b48a5cdd944p-460,0x1.28d8400266c2ap-354,3.15988231257697235e-107
12,214,0x1.72284b82855c3p-356,0x1.92b48a5cdd944p-460,0x1.72284b82855c4p-356,9.85072095626124892e-108
12,215,0x1.cd7fbbc1d7879p-358,0x1.92b48a5cdd944p-460,0x1.cd7fbbc1d787ap-358,3.07038130053007853e-108
12,216,0x1.1fa46012de8cfp-359,0x1.92b48a5cdd944p-460,0x1.1fa46012de8dp-359,9.56850368468462775e-109
12,217,0x1.66808ea97135ap-361,0x1.92b48a5cdd944p-460,0x1.66808ea97135bp-361,2.98142162416511786e-109
12,218,0x1.bebe8bca90bf3p-363,0x1.92b48a5cdd944p-460,0x1.bebe8bca90bf4p-363,9.28818054509057690e-110
12,219,0x1.164ea2db3d5f3p-364,0x1.92b48a5cdd944p-460,0x1.164ea2db3d5f4p-364,2.89311709876751854e-110
12,220,0x1.5ab2066b26ac5p-366,0x1.92b48a5cdd944p-460,0x1.5ab2066b26ac6p-366,9.01010213846594116e-111
12,221,0x1.afd14eef5c2ccp-368,0x1.92b48a5cdd944p-460,0x1.afd14eef5c2cdp-368,2.80557562954650284e-111
12,222,0x1.0ce0279e6f8f2p-369,0x1.92b48a5cdd944p-460,0x1.0ce0279e6f8f3p-369,8.73460026606293494e-112
12,223,0x1.4ec8109adabe1p-371,0x1.92b48a5cdd944p-460,0x1.4ec8109adabe2p-371,2.71889914804433337e-112
12,224,0x1.a0c62c99e3908p-373,0x1.92b48a5cdd944p-460,0x1.a0c62c99e3909p-373,8.46198776746247558e-113
12,225,0x1.0361bce6b8932p-374,0x1.92b48a5cdd944p-460,0x1.0361bce6b8933p-374,2.63318357305493494e-113
12,226,0x1.42cda104cc563p-376,0x1.92b48a5cdd944p-460,0x1.42cda104cc564p-376,8.19255843451372221e-114
12,227,0x1.91aac1640fa16p-378,0x1.92b48a5cdd944p-460,0x1.91aac1640fa17p-378,2.54851879500965471e-114
12,228,0x1.f3b7ad4b35d1fp-380,0x1.92b48a5cdd944p-460,0x1.f3b7ad4b35d2p-380,7.92658699776298363e-115
12,229,0x1.36cd35857d583p-381,0x1.92b48a5cdd944p-460,0x1.36cd35857d584p-381,2.46498868272459927e-115
12,230,0x1.828c10c31193ap-383,0x1.92b48a5cdd944p-460,0x1.828c10c31193bp-383,7.66432918179276623e-116
12,231,0x1.e0ad0b3250345p-385,0x1.92b48a5cdd944p-460,0x1.e0ad0b3250346p-385,2.38267111135726671e-116
12,232,0x1.2ad0cbbb4a063p-386,0x1.92b48a5cdd944p-460,0x1.2ad0cbbb4a064p-386,7.40602182574497211e-117
12,233,0x1.737678b74de12p-388,0x1.92b48a5cdd944p-460,0x1.737678b74de13p-388,2.30163801037363900e-117
12,234,0x1.cdb2dfece3a65p-390,0x1.92b48a5cdd944p-460,0x1.cdb2dfece3a66p-390,7.15188306519299564e-118
12,235,0x1.1ee1d8508d051p-391,0x1.92b48a5cdd944p-460,0x1.1ee1d8508d052p-391,2.22195543029463172e-118
12,236,0x1.6475a77d0fdc6p-393,0x1.92b48a5cdd944p-460,0x1.6475a77d0fdc7p-393,6.90211257142423463e-119
12,237,0x1.bad796aad97e9p-395,0x1.92b48a5cdd944p-460,0x1.bad796aad97eap-395,2.14368362696890424e-119
12,238,0x1.13093fd851904p-396,0x1.92b48a5cdd944p-460,0x1.13093fd851905p-396,6.65689184413546725e-120
12,239,0x1.55949334d2966p-398,0x1.92b48a5cdd944p-460,0x1.55949334d2967p-398,2.06687716209909947e-120
12,240,0x1.a828afaef0127p-400,0x1.92b48a5cdd944p-460,0x1.a828afaef0128p-400,6.41638455351085217e-121
12,241,0x1.074f5133c944dp-401,0x1.92b48a5cdd944p-460,0x1.074f5133c944ep-401,1.99158501874264217e-121
12,242,0x1.46dd73754cbe4p-403,0x1.92b48a5cdd944p-460,0x1.46dd73754cbe5p-403,6.18073692762592886e-122
12,243,0x1.95b2b8fddc4acp-405,0x1.92b48a5cdd944p-460,0x1.95b2b8fddc4adp-405,1.91785073050855213e-122
12,244,0x1.f77782e6a8483p-407,0x1.92b48a5cdd944p-460,0x1.f77782e6a8485p-407,5.95007818114225960e-123
12,245,0x1.3859bcb550225p-408,0x1.92b48a5cdd944p-460,0x1.3859bcb550228p-408,1.84571252317388833e-123
12,246,0x1.838149574fc01p-410,0x1.92b48a5cdd944p-460,0x1.838149574fc08p-410,5.72452098128328677e-124
12,247,0x1.e0ab5245d7dabp-412,0x1.92b48a5cdd944p-460,0x1.e0ab5245d7dc5p-412,1.77520346746158023e-124
12,248,0x1.2a121d77f4f4bp-413,0x1.92b48a5cdd944p-460,0x1.2a121d77f4f7ep-413,5.50416194712605546e-125
12,249,0x1.719efd5c660a1p-415,0x1.92b48a5cdd944p-460,0x1.719efd5c6616bp-415,1.70635164173689160e-125
12,250,0x1.ca4705de60ce5p-417,0x1.92b48a5cdd944p-460,0x1.ca4705de6100bp-417,5.28908217832649383e-126
12,251,0x1.1c0e7d22774bdp-418,0x1.92b48a5cdd944p-460,0x1.1c0e7d2277b09p-418,1.63918030340432368e-126
12,252,0x1.601576c356616p-420,0x1.92b48a5cdd944p-460,0x1.601576c357f42p-420,5.07934780947119748e-127
12,253,0x1.b456571c526f5p-422,0x1.92b48a5cdd944p-460,0x1.b456571c58ba3p-422,1.57370806782159820e-127
12,254,0x1.0e55fc60a0414p-423,0x1.92b48a5cdd944p-460,0x1.0e55fc60acd6fp-423,4.87501058637373575e-128
12,255,0x1.4eed5d7544c09p-425,0x1.92b48a5cdd944p-460,0x1.4eed5d7577173p-425,1.50994909359847212e-128
12,256,0x1.9ee3c5aa1667dp-427,0x1.92b48a5cdd944p-460,0x1.9ee3c5aadfc22p-427,4.67610846096349113e-129
12,257,0x1.00eef6fa70bf1p-428,0x1.92b48a5cdd944p-460,0x1.00eef6fc0373bp-428,1.44791327339724452e-129
12,258,0x1.3e2e62704eb1p-430,0x1.92b48a5cdd944p-460,0x1.3e2e627699834p-430,4.48266620362728520e-130
12,259,0x1.89f89bc468fcdp-432,0x1.92b48a5cdd944p-460,0x1.89f89bdd94458p-432,1.38760643150269811e-130
12,260,0x1.e7be0df2b72e5p-434,0x1.92b48a5cdd944p-460,0x1.e7be0e576450fp-434,4.29469605317190997e-131
12,261,0x1.2ddf443b496c9p-435,0x1.92b48a5cdd944p-460,0x1.2ddf4504a3b1dp-435,1.32903055070667345e-131
12,262,0x1.759cf459c75e5p-437,0x1.92b48a5cdd944p-460,0x1.759cf77f30732p-437,4.11219863789227189e-132
12,263,0x1.ce561157becc9p-439,0x1.92b48a5cdd944p-460,0x1.ce561ded631f8p-439,1.27218426509215348e-132
12,264,0x1.1e05d38f8deddp-440,0x1.92b48a5cdd944p-460,0x1.1e05ecbad693bp-440,3.93516654933091488e-133
12,265,0x1.61d7be3e64b2dp-442,0x1.92b48a5cdd944p-460,0x1.61d822eb874a1p-442,1.21706601137802718e-133
12,266,0x1.b5ae2de482aeap-444,0x1.92b48a5cdd944p-460,0x1.b5afc0990d0b9p-444,3.76361459160195952e-134
12,267,0x1.0ea6d88717cbp-445,0x1.92b48a5cdd944p-460,0x1.0ea9fdf02c84dp-445,1.16370395346909021e-134
12,268,0x1.4eae47483d602p-447,0x1.92b48a5cdd944p-460,0x1.4ebadcec90472p-447,3.59787875675965921e-135
12,269,0x1.9dcb502e52233p-449,0x1.92b48a5cdd944p-460,0x1.9dfda6bf9dbefp-449,1.11245563050123625e-135
12,270,0x1.ff85860c7cd96p-451,0x1.92b48a5cdd944p-460,0x1.00277028d5a42p-450,3.44162241414312919e-136
12,271,0x1.3c181fec9f776p-452,0x1.92b48a5cdd944p-460,0x1.3daad476fc55p-452,1.06702479737801863e-136
12,272,0x1.86836e89bd7a5p-454,0x1.92b48a5cdd944p-460,0x1.8cce40b330f0bp-454,3.33211420212985603e-137
12,273,0x1.e21002b3e7a55p-456,0x1.92b48a5cdd944p-460,0x1.fb3b4b59b57eap-456,1.06484974092678912e-137
12,274,0x1.28ef6d25d9f66p-457,0x1.92b48a5cdd944p-460,0x1.5b45fe7175a8fp-457,3.64521838904960433e-138
12,275,0x1.6bdaf00823d43p-459,0x1.92b48a5cdd944p-460,0x1.1a9a9a9b494f3p-458,1.48320166631555260e-138
12,276,0x1.b78c502f21a0dp-461,0x1.92b48a5cdd944p-460,0x1.373d593a37326p-459,8.16745843661081113e-139
12,277,0x1.ff3d677daf0e3p-463,0x1.92b48a5cdd944p-460,0x1.d29c374c93761p-460,6.12232351642113127e-139
12,278,0x1.0c3ec85d458cdp-464,0x1.92b48a5cdd944p-460,0x1.a37876e2b1ed2p-460,5.50381109385491285e-139
12,279,0x1.9993acc14d21cp-467,0x1.92b48a5cdd944p-460,0x1.95e7b1b6602e9p-460,5.32582006599163205e-139
12,280,0x0p+0,0x1.92b48a5cdd944p-460,0x1.92b48a5cdd944p-460,5.28383571285806057e-139
